Date,Close,High,Low,Open,Volume
2007-04-11,31.084760665893555,31.09667651547445,31.08476066589356,31.08476066589356,1900
2007-04-12,31.105609893798828,31.105609893798828,31.08475772718258,31.105609893798828,6100
2007-04-13,31.04901695251465,31.12646656961449,31.04901695251465,31.09667808052101,3400
2007-04-16,31.03709602355957,31.06092544730539,31.02518017532883,31.06092544730539,7600
2007-04-17,31.02223014831543,31.09968209911693,31.02223014831543,31.02520968138567,28100
2007-04-18,31.031150817871094,31.060939315390083,31.02519402745397,31.037109881004902,6300
2007-04-19,31.138412475585938,31.150328337268107,30.998403941718227,31.040108321246706,47500
2007-04-20,31.120521545410156,31.14137372292997,31.114562481709125,31.14137372292997,4900
2007-04-23,31.138412475585938,31.177139594232546,31.114580752221595,31.156285131750078,1700
2007-04-24,31.35287857055664,31.370751218244237,31.105629671531485,31.156270355124448,398500
2007-04-25,31.400527954101562,31.400527954101562,31.361800871138836,31.361800871138836,16300
2007-04-26,31.4571533203125,31.4571533203125,31.364808236311426,31.40651261442276,48200
2007-04-27,31.4571533203125,31.4571533203125,31.43034433697728,31.43034433697728,8300
2007-04-30,31.460128784179688,31.46608557768868,31.37672003874664,31.44523339133042,15500
2007-05-01,31.46397590637207,31.49384725855781,31.446051271830157,31.446051271830157,8600
2007-05-02,31.452062606811523,31.481933992900366,31.425176764003094,31.469984982656694,4700
2007-05-03,31.455039978027344,31.508809366738358,31.42516632282351,31.475950169246076,17200
2007-05-04,31.493852615356445,31.496840434794642,31.428134261946912,31.4699546179278,4600
2007-05-07,31.49086570739746,31.49086570739746,31.45502098925547,31.46099434926629,4200
2007-05-08,31.514793395996094,31.529730228653122,31.499856563339062,31.52674240631358,16100
2007-05-09,31.431135177612305,31.544647294137082,31.413212811592455,31.54165947345397,9400
2007-05-10,31.544668197631836,31.607398799310012,31.5177846307873,31.574539587139405,17400
2007-05-11,31.562580108642578,31.598424849960097,31.53270645215796,31.55660446572965,12200
2007-05-14,31.55958366394043,31.574518209062052,31.529712294657788,31.571532667461362,11600
2007-05-15,31.535688400268555,31.643227162272645,31.535688400268555,31.574520955810193,39400
2007-05-16,31.619319915771484,31.62230773579861,31.610358734729026,31.613346554756152,78100
2007-05-17,31.610376358032227,31.643235559533398,31.571543792185473,31.631286551802045,14500
2007-05-18,31.619319915771484,31.649191278925983,31.619319915771484,31.649191278925983,5200
2007-05-21,31.649198532104492,31.652186352816347,31.61932716210424,31.646212990432076,14600
2007-05-22,31.652179718017578,31.69101226297404,31.583475809322387,31.688026721927443,10200
2007-05-23,31.628299713134766,31.697005939965425,31.574530316192593,31.6402487212375,22500
2007-05-24,31.637269973754883,31.67610254914929,31.61934531823067,31.67610254914929,17100
2007-05-25,31.68206214904785,31.804537745910938,31.604397032004673,31.65517859600362,7400
2007-05-29,31.556589126586914,31.58048712854217,31.53866676463992,31.574511488533904,4900
2007-05-30,31.628299713134766,31.646224364809,31.589467146081077,31.62531417038928,4300
2007-05-31,31.577491760253906,31.63126111228076,31.559569402591073,31.63126111228076,6200
2007-06-01,31.573322296142578,31.579328960139446,31.52525981718713,31.57332229614258,13500
2007-06-04,31.600343704223633,31.60635265768044,31.546274581833654,31.60034370422363,21800
2007-06-05,31.55527687072754,31.603337022692003,31.55527687072754,31.603337022692003,4500
2007-06-06,31.516239166259766,31.55829267678486,31.504223550146246,31.540270398486804,74600
2007-06-07,31.369049072265625,31.46216722413187,31.299959858731665,31.46216722413187,12100
2007-06-08,31.284934997558594,31.320979542793694,31.21584579961845,31.302957270176144,17800
2007-06-11,31.218833923339844,31.260887398582504,31.119706892378204,31.20982279175106,2900
2007-06-12,31.059654235839844,31.173799140361698,30.96052713121222,31.170794663685164,67300
2007-06-13,31.11371612548828,31.182803030781038,30.900444165909928,31.1287339218919,24600
2007-06-14,31.137733459472656,31.137733459472656,30.98754181197393,31.041608605000512,18200
2007-06-15,31.131742477416992,31.143758091160645,31.089688975186213,31.089688975186213,13500
2007-06-18,31.14972686767578,31.212809336044664,31.059613311811034,31.212809336044664,14600
2007-06-19,31.188804626464844,31.19180680999125,31.047624081456654,31.19180680999125,19600
2007-06-20,30.9124755859375,31.191830117685257,30.9124755859375,31.191830117685257,16900
2007-06-21,30.969552993774414,31.068680145531417,30.93951508796041,30.93951508796041,13900
2007-06-22,31.029603958129883,31.04762622750664,30.89142558709704,31.005572737798666,27800
2007-06-25,30.849384307861328,31.041629563116903,30.834366508017617,31.029616239939617,29000
2007-06-26,30.939483642578125,30.996557209839665,30.84936772498022,30.921461375755737,43600
2007-06-27,30.83135986328125,30.879422319587487,30.783299698719073,30.876417843132334,6800
2007-06-28,30.669126510620117,30.831333725523816,30.618061912893616,30.80430033557759,9500
2007-06-29,30.582050323486328,30.789315718756274,30.582050323486325,30.669161833212176,14600
2007-07-02,30.821672439575195,30.903258205186745,30.64036894512809,30.731019539652138,19600
2007-07-03,30.76425552368164,30.791452312937157,30.700799422617127,30.791452312937157,11700
2007-07-05,30.65245819091797,30.779370414932306,30.513458759083342,30.77634803662744,14600
2007-07-06,30.685678482055664,30.758199378783345,30.552721583556803,30.649416880992955,8200
2007-07-09,30.779367446899414,30.815629066863615,30.63734565045499,30.64943285710972,8400
2007-07-10,30.69777488708496,30.746123706630204,30.519493802158728,30.66453795539586,19700
2007-07-11,30.468128204345703,30.709865412010288,30.38654013889228,30.706845339511162,17200
2007-07-12,30.55876922607422,30.558769226074222,30.43185705887608,30.51948754729331,8300
2007-07-13,30.685678482055664,30.688698553095918,30.519482358932088,30.610135208889993,5200
2007-07-16,30.69777488708496,30.76425336126037,30.59805948122045,30.631298718308155,17100
2007-07-17,30.734027862548828,30.734027862548828,30.58596367875924,30.731005485827176,10600
2007-07-18,30.504396438598633,30.72196160290333,30.459072283868096,30.72196160290333,15600
2007-07-19,30.53762435913086,30.537624359130863,30.528559531547927,30.528559531547927,6400
2007-07-20,30.45905113220215,30.616180138751886,30.395592748847715,30.513442385507428,18600
2007-07-23,30.39259147644043,30.431873176025483,30.36841705881916,30.428850797472986,9000
2007-07-24,30.21731948852539,30.371428463428455,30.175015425673337,30.36840608596802,44900
2007-07-25,29.930267333984375,30.187114186887847,29.818462379130192,30.187114186887847,28100
2007-07-26,29.5072078704834,30.066227723867645,29.126469064850586,29.764054580914202,43200
2007-07-27,29.014678955078125,29.310809800427204,28.854527476578852,29.310809800427204,44600
2007-07-30,29.29568862915039,29.316840659354174,29.114385183775344,29.30777583289518,24600
2007-07-31,29.39539909362793,29.673397795117527,29.31079099364395,29.31079099364395,34000
2007-08-01,29.33456039428711,29.453175853191855,28.972632184993554,29.453175853191855,33500
2007-08-02,29.50183868408203,29.602206321043134,29.498796607694736,29.498796607694736,28800
2007-08-03,29.50183868408203,29.608288153393325,29.3132693952846,29.608288153393325,20100
2007-08-06,29.437965393066406,30.03408466854305,29.212900496914557,30.03408466854305,30400
2007-08-07,29.64783477783203,30.18616639686985,29.441017625570485,30.18616639686985,68800
2007-08-08,29.99762535095215,30.566373636051342,29.806016082915736,30.110159104169977,30300
2007-08-09,29.967185974121094,30.08580146568897,29.80903275883897,29.99456002932721,12800
2007-08-10,29.90635871887207,29.918524707955434,29.729955357800982,29.866818674244836,18800
2007-08-13,30.125356674194336,30.125356674194336,29.927663315258844,30.116230437581624,21300
2007-08-14,29.891157150268555,30.20746597392108,29.857701253122812,30.20746597392108,12400
2007-08-15,30.05842399597168,30.122293685366557,29.891144580586502,29.912434477051463,9100
2007-08-16,30.018892288208008,30.414278841315234,29.79991142970781,30.414278841315234,15300
2007-08-17,30.323057174682617,30.414301005871035,29.988500327703438,30.110157995812326,30000
2007-08-20,30.034120559692383,30.414299300954312,30.034120559692383,30.414299300954312,49300
2007-08-21,29.878999710083008,30.36866999526192,29.824253891851008,30.186184707964028,33700
2007-08-22,30.110139846801758,30.170967483978586,29.8364108386548,29.988482252022486,52700
2007-08-23,30.292634963989258,30.35346494144202,30.110149672483722,30.161853412998788,59400
2007-08-24,30.368650436401367,30.368650436401367,30.158793535358498,30.323028563852976,11600
2007-08-27,30.566343307495117,30.566343307495114,30.383858139893537,30.414271947756333,11800
2007-08-28,30.459909439086914,30.68801659566456,30.414287543686186,30.566358981404615,55800
2007-08-29,30.581562042236328,30.688011567111158,30.31391487063606,30.414282559986162,18300
2007-08-30,30.645444869995117,30.73060452633382,30.48120739544479,30.639360711441437,42900
2007-08-31,30.92220687866211,30.925248957262653,30.72147377912185,30.864421307808293,11300
2007-09-04,31.137319564819336,31.204643872570525,30.90780615279364,31.204643872570525,13500
2007-09-05,31.149564743041992,31.177105235512244,30.978195452832068,31.10672242048951,14400
2007-09-06,31.1312198638916,31.13427836364068,31.057773844726373,31.057773844726373,16400
2007-09-07,30.776247024536133,31.183251747811788,30.73952400391728,31.183251747811788,50700
2007-09-10,30.907821655273438,31.06083067336885,30.788474807937604,31.06083067336885,10000
2007-09-11,31.161815643310547,31.2138381465524,30.90782012550777,31.054709802891367,24100
2007-09-12,31.302593231201172,31.366856755116878,31.024115626166868,31.213847697774842,32000
2007-09-13,31.192411422729492,31.290337078632763,30.97513894665448,31.290337078632763,10900
2007-09-14,31.486209869384766,31.501511712042902,30.975160076977144,31.198552037492224,33900
2007-09-17,31.630023956298828,31.67286629397586,31.324005924472974,31.519857278062936,20100
2007-09-18,31.856481552124023,31.936046906377108,31.513742797924888,31.749375691436796,31400
2007-09-19,32.46546936035156,32.46853019604331,31.887095155489803,31.902396999214986,85900
2007-09-20,31.66979217529297,32.450138763007075,31.519844056322615,32.450138763007075,410400
2007-09-21,31.74934959411621,32.25427947629409,31.244419711938335,32.12881104638393,105100
2007-09-24,31.963603973388672,31.96360397338867,31.41277254672197,31.42195272028967,45500
2007-09-25,32.04008865356445,32.04008865356445,31.519858906476735,31.519858906476735,167500
2007-09-26,31.923826217651367,32.04011232114818,31.865681998535887,32.04011232114818,25300
2007-09-27,31.82588005065918,31.994190927127843,30.956789831485928,31.978889089364273,49200
2007-09-28,31.82588005065918,31.972769755098433,31.70347235274858,31.969708920599192,46700
2007-10-01,31.947509765625,32.17845561935241,31.8181806513703,32.16921816109175,50300
2007-10-02,32.00911331176758,32.02143071316517,31.57185613402178,31.57185613402178,72100
2007-10-03,31.83973503112793,32.169217683582865,31.81510024326336,32.02449124150686,35300
2007-10-04,31.975189208984375,32.0090614205901,31.80583050025603,31.962874176855284,17600
2007-10-05,31.993715286254883,32.02450761217504,31.87670115873284,32.01527014932938,22900
2007-10-08,32.101463317871094,32.14457300872312,31.981371700597315,32.0922258625888,18600
2007-10-09,32.12611389160156,32.129191478673995,32.02449713493681,32.12303395522603,14600
2007-10-10,32.098388671875,32.17229302491454,32.07067630146192,32.17229302491454,21200
2007-10-11,32.14456558227539,32.178437810019524,32.0244739927467,32.17535787586967,22300
2007-10-12,32.178443908691406,32.20923620812165,32.15380912942647,32.15380912942647,73700
2007-10-15,32.3324089050293,32.39399350608,32.17844505310058,32.39399350608,24600
2007-10-16,32.20925521850586,32.23389001231062,32.05529128118097,32.17846290090153,60600
2007-10-17,31.81204605102539,32.224670859109956,31.81204605102539,32.033754622616556,15200
2007-10-18,31.7966251373291,32.10147300010085,31.793545201538734,32.09531547782278,13200
2007-10-19,31.654970169067383,32.00600757763543,31.408627056355545,31.79353670165402,40200
2007-10-22,31.362436294555664,31.654969023981657,31.362436294555664,31.654969023981657,64600
2007-10-23,31.624187469482422,31.624187469482422,31.393241595023778,31.467145966348646,27000
2007-10-24,31.624187469482422,31.639584800834164,31.501018215880148,31.593395156081854,22200
2007-10-25,31.670366287231445,31.71347598111511,31.605701746405945,31.71347598111511,16600
2007-10-26,31.744279861450195,31.744279861450195,31.593395877828442,31.624188191932458,10800
2007-10-29,31.83973503112793,31.870527341307305,31.735038357354842,31.867447405498563,19900
2007-10-30,31.778148651123047,31.808943311176506,31.624184748066632,31.808943311176506,10500
2007-10-31,31.97830581665039,32.024495462659054,31.728885017227793,31.90440379261832,12000
2007-11-01,31.770620346069336,31.894603727694186,31.61564171023485,31.835711089345462,29400
2007-11-02,31.69312286376953,31.770612161724955,31.590836422919796,31.767511927666742,32300
2007-11-05,31.67763900756836,32.85547783825056,31.460669816815393,32.85547783825056,13800
2007-11-06,31.84192657470703,31.972108122648795,31.677647156832986,31.677647156832986,34900
2007-11-07,31.801652908325195,31.956631725972773,31.559886331161227,31.559886331161227,11900
2007-11-08,31.398679733276367,31.879112195158555,31.12281788770362,31.879112195158555,121000
2007-11-09,31.53816032409668,31.538160324096676,31.153813872705022,31.48236790657314,38400
2007-11-12,31.662132263183594,31.931793546171786,31.584642953858516,31.931793546171786,41400
2007-11-13,31.53816032409668,31.910108197729,31.47926767093658,31.910108197729,15300
2007-11-14,31.61564064025879,31.848108586143045,31.522652515990593,31.848108586143045,7800
2007-11-15,31.606367111206055,31.721049874402958,31.5164791511294,31.612565220789094,15500
2007-11-16,31.61564064025879,31.925597901437797,31.46996034913886,31.925597901437797,18400
2007-11-19,31.61564064025879,31.8326097771696,31.54744966443361,31.8326097771696,16700
2007-11-20,31.305696487426758,31.736537071684605,31.1228227618555,31.538164530650224,26500
2007-11-21,30.716766357421875,31.212697538638224,30.065856534276268,31.212697538638224,139600
2007-11-23,30.65787696838379,31.150707928877477,30.65787696838379,30.74776250229084,3100
2007-11-26,30.995763778686523,31.30572141647339,30.375848503112795,30.375848503112795,69500
2007-11-27,31.042247772216797,31.45449186356045,30.840774900412214,31.150732437099773,25700
2007-11-28,31.33669662475586,31.36769189571299,30.865562357759686,30.865562357759686,11700
2007-11-29,31.491670608520508,31.538164690358087,31.02673451971916,31.538164690358087,20200
2007-11-30,31.618757247924805,31.770635722408514,31.463778537083787,31.615657011567496,34900
2007-12-03,31.937496185302734,32.12776762081663,31.535119004286198,32.12776762081663,31400
2007-12-04,31.815881729125977,32.127802138235054,31.815881729125977,32.127802138235054,16300
2007-12-05,31.441553115844727,31.97181643654607,31.273115943680754,31.71604200024418,270600
2007-12-06,31.722307205200195,31.73790417881531,31.192043418983108,31.694235508409857,33200
2007-12-07,31.706714630126953,31.968726669242063,31.379197201468855,31.379197201468855,27100
2007-12-10,31.65989875793457,31.703567393426614,31.419721262728345,31.419721262728345,23500
2007-12-11,31.628725051879883,31.965599612589205,31.457167901584345,31.868902682530134,30300
2007-12-12,31.80028533935547,32.36174303794343,31.659922104590436,31.971842519413986,29400
2007-12-13,31.784696578979492,31.903225501647547,31.575710433841994,31.737908032217458,44500
2007-12-14,31.831462860107422,31.971826022447242,31.56321125139173,31.971826022447242,15600
2007-12-17,31.65989875793457,31.97181894274181,31.541369944422197,31.97181894274181,18900
2007-12-18,31.691118240356445,31.815886900231774,31.63185497123296,31.63185497123296,53200
2007-12-19,31.847089767456055,31.847089767456055,31.53828906904028,31.53828906904028,24000
2007-12-20,31.778419494628906,31.800253806825506,31.628699176641224,31.628699176641224,31300
2007-12-21,31.878267288208008,31.965607008415596,31.625612499101464,31.965607008415596,37600
2007-12-24,31.765968322753906,31.89697668258505,31.566339482718394,31.822114082749113,66800
2007-12-26,31.625585556030273,31.72228004632009,31.566319962749667,31.66925418904903,48400
2007-12-27,31.834209442138672,31.868713162134757,31.7369729911135,31.7369729911135,22900
2007-12-28,31.523666381835938,31.87497576422392,31.445249301284107,31.805968350442406,88500
2007-12-31,31.592687606811523,31.598959923033973,31.32606989499944,31.4327160224841,38800
2008-01-02,31.210002899169922,31.64913909697417,31.147270182240636,31.228822235628755,61800
2008-01-03,31.150386810302734,31.35113425805233,31.134704836849437,31.241350871485885,64800
2008-01-04,31.115896224975586,31.38251621006881,31.00297543891476,31.369969190162124,48600
2008-01-07,30.930856704711914,31.20688417431477,30.833620217496367,31.20688417431477,177200
2008-01-08,30.752033233642578,31.20685120512999,30.739486217402412,31.20685120512999,42100
2008-01-09,30.416425704956055,30.89320062899041,30.403878681547255,30.89320062899041,51600
2008-01-10,30.642253875732422,30.792813304281324,30.410137634312836,30.479145036188985,154800
2008-01-11,30.708120346069336,30.89632080637166,30.523054845051323,30.68929862487002,71700
2008-01-14,30.601472854614258,30.761444327740612,30.545012475457824,30.626566888261287,20600
2008-01-15,30.67988395690918,30.72379731071413,30.614013926201746,30.72379731071413,20000
2008-01-16,30.645383834838867,30.708118914079957,30.554422157861804,30.689297193758343,20700
2008-01-17,30.428945541381836,30.582642252893073,30.42894554138184,30.582642252893073,31600
2008-01-18,30.667346954345703,31.037475623748964,30.43523309515694,30.57324790537143,84500
2008-01-22,30.45405387878418,30.6955798081787,29.26525313628096,30.331723434113936,192400
2008-01-23,30.513648986816406,30.610885384929034,29.80475802505924,30.37563418193475,59600
2008-01-24,30.896337509155273,30.89633750915527,30.38819383784403,30.50738936184913,62700
2008-01-25,30.943370819091797,31.20998833124147,30.444637097829514,30.773989690725283,43700
2008-01-28,30.802215576171875,30.896316991252608,30.582648798448012,30.896316991252608,44800
2008-01-29,30.833602905273438,30.84928488851223,30.670494006511106,30.670494006511106,39200
2008-01-30,30.952791213989258,30.971610548188266,30.71753996410378,30.871236777294442,27400
2008-01-31,31.015531539916992,31.015531539916992,30.66108709789722,30.783417586430595,76500
2008-02-01,31.032581329345703,31.105213853248085,30.631530393553952,31.08626728582949,83100
2008-02-04,31.03890037536621,31.067320228249677,30.710479533910675,30.710479533910675,44900
2008-02-05,30.7894287109375,30.881007813652737,30.63153420472756,30.881007813652737,66300
2008-02-06,30.72626495361328,30.85573716672745,30.688369413315307,30.84626388397256,101100
2008-02-07,30.596771240234375,30.726245781840774,30.315719450570203,30.599929802274684,58100
2008-02-08,30.36626625061035,30.473633335962155,30.315738862718828,30.473633335962155,80400
2008-02-11,30.126270294189453,30.382058606532503,30.082060028087664,30.082060028087664,74500
2008-02-12,30.239948272705078,30.407316018245993,30.078895245610966,30.078895245610966,85200
2008-02-13,30.160999298095703,30.334681752046382,30.160999298095707,30.312576624842542,60700
2008-02-14,30.309423446655273,30.4957377643429,30.1420532850735,30.4957377643429,48800
2008-02-15,30.233627319335938,30.23678588279882,30.11046984634145,30.23678588279882,49700
2008-02-19,30.07891082763672,30.315752645177163,29.999963555123237,30.23680537266368,102900
2008-02-20,30.157875061035156,30.265242255582958,30.009453719752447,30.265242255582958,65800
2008-02-21,30.26203727722168,30.315720787890413,30.157826408786818,30.2841423939251,55800
2008-02-22,30.315744400024414,30.3410080985847,30.20521873042177,30.296797830743646,48200
2008-02-25,30.407310485839844,30.451520734758656,30.22415236358884,30.252574614624002,81000
2008-02-26,30.603103637695312,30.615733073605785,30.37889139719539,30.41047221480594,80200
2008-02-27,30.596771240234375,30.625193480043286,30.470455260668285,30.62203491800298,75900
2008-02-28,30.55259132385254,30.60943345059367,30.217855693754384,30.473644059449818,61300
2008-02-29,30.435712814331055,30.46097648754116,30.217820258404238,30.435712814331055,72900
2008-03-03,30.443998336791992,30.571126906289663,30.351830184525575,30.571126906289663,53500
2008-03-04,30.409048080444336,30.494858499281897,30.35501920840674,30.447187391470248,29900
2008-03-05,30.49484634399414,30.510738323447853,30.35182822801323,30.35182822801323,73300
2008-03-06,30.41539764404297,30.491676251609565,30.3518345625136,30.491676251609565,21000
2008-03-07,30.351842880249023,30.351842880249023,30.26603245419095,30.26603245419095,44200
2008-03-10,30.281936645507812,30.367749537798222,30.27240241853731,30.339144432108764,26800
2008-03-11,30.358190536499023,30.415398280983915,30.20881704929931,30.237419709153663,36200
2008-03-12,30.351842880249023,30.355021762629487,30.272387794175074,30.275566676555535,53200
2008-03-13,30.138917922973633,30.262867721219603,29.81156320325849,30.262867721219603,80100
2008-03-14,29.957725524902344,30.19291173739343,29.89098358992954,30.1388828983357,37300
2008-03-17,29.81789779663086,29.88463976272082,29.652632322233288,29.88463976272082,55100
2008-03-18,30.256498336791992,30.825397091620257,29.967283060185494,30.021311941286697,46700
2008-03-19,30.288280487060547,30.37726979757266,30.22471496185414,30.339130482448816,75800
2008-03-20,30.43126678466797,30.43126678466797,30.256464804506887,30.27553565447175,55600
2008-03-24,30.6633243560791,30.70146126602358,30.444027424785972,30.50759055787883,104900
2008-03-25,30.74274253845215,30.749097874212403,30.580653591651032,30.669642840945702,90200
2008-03-26,30.66965675354004,30.755467161492938,30.637875210771423,30.70143829630866,149700
2008-03-27,30.571121215820312,30.701426217338177,30.54569502169842,30.701426217338177,97800
2008-03-28,30.58702850341797,30.58702850341797,30.513931183903686,30.57431539898576,46400
2008-03-31,30.723676681518555,30.7332108990981,30.39314339836587,30.51709307645118,246500
2008-04-01,30.85868263244629,30.86188276471532,30.676314148882614,30.676314148882614,988000
2008-04-02,30.87468910217285,30.922681335088527,30.794702860975512,30.849092919152977,92200
2008-04-03,30.820301055908203,30.925883487017714,30.58674014233139,30.925883487017714,98300
2008-04-04,30.938674926757812,31.428192738632163,30.781902588594395,30.874686914727985,142200
2008-04-07,31.185039520263672,31.20423543913546,30.93868050347148,30.970676956239966,117300
2008-04-08,31.290632247924805,31.2906322479248,31.002681165204034,31.0826674414605,85300
2008-04-09,31.018667221069336,31.098653472223187,30.964277156121515,31.034665447694774,79400
2008-04-10,31.130645751953125,31.517778862718483,30.983468921492985,31.00586741216042,176900
2008-04-11,30.88109016418457,31.07625680844105,30.874692338252203,31.066658849049194,59600
2008-04-14,30.9898738861084,31.002671979435984,30.881091313317278,30.9674778330318,54700
2008-04-15,30.9866886138916,31.098668932980875,30.91950042243804,30.967492685187125,59400
2008-04-16,31.12108039855957,31.16907268505994,30.983503812452692,31.092286491252803,84700
2008-04-17,31.153045654296875,31.153045654296875,31.06665913699624,31.153045654296875,61900
2008-04-18,31.364194869995117,31.37059513427656,31.1402344398568,31.29700674095362,123700
2008-04-21,31.313016891479492,31.348211035480183,31.277822747478794,31.348211035480183,70500
2008-04-22,31.354612350463867,31.45699466049938,31.204237798633343,31.399404458542726,77600
2008-04-23,31.48258399963379,31.575368329323652,31.284217249160324,31.48258399963379,103800
2008-04-24,31.492202758789062,31.53059705743029,31.322632211519135,31.53059705743029,114400
2008-04-25,31.642555236816406,31.64255523681641,31.54657077786798,31.6041609650398,87600
2008-04-28,31.82813835144043,31.83453617915057,31.511390957574207,31.728953714528497,595700
2008-04-29,31.7353515625,31.824935789532418,31.64576733546758,31.824935789532418,144500
2008-04-30,31.767322540283203,31.98168499106405,31.514565831054977,31.741726367984953,113400
2008-05-01,32.44242858886719,32.44242858886719,31.921134960828677,31.921134960828677,428500
2008-05-02,32.11422348022461,32.30407592178924,32.05308339326545,32.2815510142302,133900
2008-05-05,32.062747955322266,32.0820543243599,32.02091667073017,32.02091667073017,121900
2008-05-06,31.834293365478516,31.946917989639743,31.753846854644394,31.946917989639743,121400
2008-05-07,31.856815338134766,31.93082720145784,31.73453753681017,31.927608653913587,65700
2008-05-08,31.789230346679688,31.917945201698878,31.7763586156746,31.911508108680504,59700
2008-05-09,31.856815338134766,31.856815338134762,31.692703783832254,31.814984040189298,73100
2008-05-12,31.814973831176758,31.8342802001822,31.69591216056931,31.831061653670737,91900
2008-05-13,31.80529022216797,31.86964882064213,31.76345897443189,31.850342468614635,59500
2008-05-14,31.760265350341797,31.901851923046443,31.567194313491825,31.83749572910693,153100
2008-05-15,31.84393310546875,31.937251313229588,31.615465405791507,31.90829175997535,146600
2008-05-16,31.888975143432617,31.901846871188486,31.728082229030807,31.766697412298416,79300
2008-05-19,32.01447296142578,32.04343496402847,31.921154771976713,31.969423139627082,58900
2008-05-20,31.953311920166016,32.01766805988268,31.879300149965427,32.01766805988268,49300
2008-05-21,31.895421981811523,31.96943137023565,31.863241425072207,31.96943137023565,97300
2008-05-22,31.847148895263672,31.934030002537604,31.76992097157224,31.856802078846172,51700
2008-05-23,31.657299041748047,31.795667090426964,31.43848451023329,31.760270441576647,401400
2008-05-27,31.480295181274414,31.650841207091666,31.386977034971952,31.650841207091666,65800
2008-05-28,31.634796142578125,31.644449334431954,31.406328266914482,31.406328266914482,73700
2008-05-29,31.602611541748047,31.663751684337612,31.535036757585758,31.615483279926536,76300
2008-05-30,31.60580825805664,31.60902680413628,31.557539886987374,31.60902680413628,53600
2008-06-02,31.344764709472656,31.633014573204544,31.03384359143539,31.607103862289424,374500
2008-06-03,31.36742401123047,31.51316985135557,31.189293501273728,31.51316985135557,80200
2008-06-04,31.33506965637207,31.393367559223247,31.23790566129243,31.393367559223247,46100
2008-06-05,31.4710750579834,31.480790956436525,31.377150587967698,31.416016652761495,49200
2008-06-06,31.383617401123047,31.539076658399082,31.344751351313867,31.40628864576665,43100
2008-06-09,31.484037399291992,31.535858830516343,31.289711974164362,31.503469200510203,47100
2008-06-10,31.49698829650879,31.500227753247003,31.370676664514935,31.416019174923935,52400
2008-06-11,31.490493774414062,31.733400999708593,31.416001138092508,31.57793928828886,66500
2008-06-12,31.43868637084961,31.529371379958604,31.322090653143423,31.393343866295112,41200
2008-06-13,31.577945709228516,31.577945709228516,31.205487393846628,31.448394668533,58900
2008-06-16,31.14069366455078,31.438659142412607,31.127738321472567,31.28643694996738,61200
2008-06-17,31.195783615112305,31.351245418526663,31.082427337092216,31.101859135900934,87300
2008-06-18,31.263792037963867,31.367432398864214,31.108332732103904,31.18930184127546,67200
2008-06-19,31.06621742248535,31.16338131125964,30.978771899372763,31.16338131125964,86600
2008-06-20,30.943153381347656,31.05327017778508,30.84922892327875,31.027361942199263,40500
2008-06-23,30.829784393310547,30.97552773332668,30.797394787991443,30.959332930667127,37800
2008-06-24,30.700244903564453,30.972299899263003,30.603080993111604,30.800645798979744,176700
2008-06-25,30.803897857666016,30.81361375849017,30.606332970968513,30.651675488802507,92900
2008-06-26,30.56096076965332,30.63869037173067,30.379590874479668,30.502662950350434,96000
2008-06-27,30.47675895690918,30.50914609231052,30.31158135408829,30.450848260196093,58300
2008-06-30,30.444393157958984,30.47678031605833,30.29541025391657,30.412005999859637,84900
2008-07-01,30.412097930908203,30.656699254749288,30.118575844656235,30.14466724970382,957200
2008-07-02,30.389270782470703,30.493633922033617,30.190328158895543,30.33708796858249,81800
2008-07-03,30.37619400024414,30.519694103404145,30.327273284329507,30.451206096408043,41700
2008-07-07,30.40233039855957,30.516477245908657,30.23600071344253,30.516477245908657,102500
2008-07-08,30.3207950592041,30.399066823713685,30.21969392637028,30.379499504639924,170000
2008-07-09,30.216407775878906,30.395780530150837,30.183794774030602,30.26532852275763,79000
2008-07-10,30.255544662475586,30.359907769181124,30.115306504570075,30.141397903299644,99100
2008-07-11,30.216407775878906,30.268588081193677,30.07943167518851,30.105520583739622,310000
2008-07-14,30.144676208496094,30.382755995937643,29.97182495305898,30.382755995937643,41200
2008-07-15,29.678285598754883,29.93919459930372,29.590230241791918,29.909841154840972,149100
2008-07-16,29.776145935058594,29.864201347733268,29.67830437589633,29.743530423195033,25300
2008-07-17,29.86419105529785,30.183804548623574,29.82831599518333,29.906587722608943,41900
2008-07-18,30.34360694885254,30.343606948852536,29.92941402013679,30.033777142105315,48800
2008-07-21,30.493637084960938,30.555603560827233,30.330569506966494,30.500158693266656,49500
2008-07-22,30.598003387451172,30.620832751193646,30.369709750026427,30.42841418368051,103000
2008-07-23,30.516456604003906,30.633865421349622,30.509934997801576,30.54254800523917,193500
2008-07-24,30.588214874267578,30.734974690998936,30.415363649339735,30.594736482209882,64100
2008-07-25,30.653427124023438,30.8295403178445,30.558847677996617,30.57515542284047,188000
2008-07-28,30.54906463623047,30.568634428076276,30.428396279542085,30.474054980161352,75200
2008-07-29,30.55558967590332,30.601248377936656,30.395781730574004,30.513190532434766,65900
2008-07-30,30.562105178833008,30.571888828999104,30.330549668124185,30.444696400415555,103900
2008-07-31,30.624088287353516,30.624088287353516,30.330566181502725,30.451237071745137,82000
2008-08-01,30.48712730407715,30.569240877133367,30.349177102760468,30.447711886883503,25200
2008-08-04,30.276906967163086,30.375444225330426,30.230923581593416,30.342596802003598,75800
2008-08-05,30.49039077758789,30.776144204006183,30.22434128683614,30.32616374873854,70600
2008-08-06,30.28676986694336,30.332753267202484,30.217794766554675,30.30319358385335,44200
2008-08-07,30.250625610351562,30.30317947526955,30.21778069773092,30.273617299776628,42700
2008-08-08,30.30320167541504,30.309769660388394,30.207949604899106,30.24079454158197,62300
2008-08-11,30.2177791595459,30.267047778922024,30.00756872238676,30.16851054016977,49800
2008-08-12,30.336036682128906,30.37216685242589,30.184948018117527,30.276914813089046,95000
2008-08-13,30.382015228271484,30.382015228271484,30.217788118929477,30.316325386897407,47200
2008-08-14,30.382015228271484,30.382015228271484,30.27034199675419,30.349170307584444,58400
2008-08-15,30.450973510742188,30.460826730920644,30.35572153917472,30.362292023230648,39900
2008-08-18,30.382015228271484,30.542957093772742,30.224356100704153,30.46412878294249,91100
2008-08-19,30.441118240356445,30.464109921192836,30.29988291353142,30.431265020841604,101400
2008-08-20,30.434579849243164,30.487131239711253,30.32618931739887,30.441147833336288,30700
2008-08-21,30.391862869262695,30.41485456010949,30.299896105875515,30.33931150700132,103100
2008-08-22,30.2177791595459,30.464119750520457,30.2177791595459,30.365582511768203,58300
2008-08-25,30.382015228271484,30.388583210046164,30.253918283457264,30.253918283457264,60600
2008-08-26,30.2177791595459,30.401712665583624,30.184934248597173,30.401712665583624,259900
2008-08-27,30.250625610351562,30.342592368051836,30.16194409568521,30.342592368051836,68400
2008-08-28,30.293338775634766,30.355743383640792,30.224361172937343,30.342604911979723,74100
2008-08-29,30.349172592163086,30.41157719439401,30.217790393618127,30.365593800789323,59500
2008-09-02,30.355777740478516,30.597167580565788,30.296256508719367,30.501272122574136,57200
2008-09-03,30.45499038696289,30.45499038696289,30.36570976475517,30.421923583287267,50200
2008-09-04,30.587247848510742,30.587247848510742,30.524419180758148,30.587247848510742,46700
2008-09-05,30.56079864501953,30.564106081477174,30.263192434702187,30.50789227587135,62400
2008-09-08,30.52444076538086,30.798900113200737,30.471534367889078,30.798900113200737,59300
2008-09-09,30.590557098388672,30.722826790684454,30.488046762371305,30.61039666924095,168700
2008-09-10,30.42189598083496,30.580620026433714,30.42189598083496,30.580620026433714,61200
2008-09-11,30.42189598083496,30.53432351589119,30.309468445778727,30.478109748363078,101600
2008-09-12,30.42189598083496,30.431815760653674,30.249947244033336,30.382214338726993,121100
2008-09-15,29.30426025390625,30.382253082769143,29.099241959154764,30.382253082769143,377800
2008-09-16,28.62968635559082,28.904145717973723,27.194563350998475,28.78179572535047,283800
2008-09-17,26.9101505279541,28.57012933333828,26.20581839907585,28.494073482196583,283100
2008-09-18,29.033111572265625,29.165378850411507,26.92010976386013,27.442571567344245,226400
2008-09-19,29.4034366607666,30.438444557919365,29.132284956030823,29.429891100944307,77800
2008-09-22,29.376996994018555,29.826712611860394,29.29763615640986,29.462972706415375,34600
2008-09-23,29.089311599731445,29.677909285528937,28.768558304635295,29.618388029502484,64200
2008-09-24,29.35053825378418,29.65806426635906,29.115760709987114,29.115760709987114,57700
2008-09-25,28.60321044921875,29.380291384601737,28.603210449218746,29.380291384601737,73600
2008-09-26,28.50400161743164,28.748701368253233,28.084048164418952,28.265919259916906,50900
2008-09-29,26.19590950012207,28.513927408816137,25.131142278864093,28.513927408816137,174700
2008-09-30,27.115196228027344,27.326826826028995,26.65225334883534,27.28384022803469,113200
2008-10-01,28.295713424682617,28.41243065156421,27.34529808544005,27.455346846890432,991400
2008-10-02,27.558704376220703,28.302363666220778,27.01513452175838,28.302363666220778,230900
2008-10-03,27.458646774291992,27.932188666060544,27.26189547770723,27.75544528594429,51400
2008-10-06,26.461563110351562,27.261913369497403,25.861302324174687,26.845064541217624,134200
2008-10-07,26.014705657958984,27.568716962132896,25.974687249485843,26.514924314776778,240800
2008-10-08,24.927562713623047,26.07806459040051,24.75081919778269,25.551169546266134,157800
2008-10-09,24.347309112548828,26.098074337871978,24.347309112548825,25.07762659074087,113800
2008-10-10,22.723264694213867,23.800403260404572,21.329322014331286,23.800403260404572,274300
2008-10-13,25.51112937927246,25.511129379272464,23.496917028854917,23.52693144524785,230000
2008-10-14,25.67789077758789,26.45489769355415,25.177672126076438,26.094739653847434,372300
2008-10-15,24.557403564453125,25.341079031361847,23.97047956809325,25.341079031361847,374900
2008-10-16,23.626989364624023,24.787497537862144,23.34353269079867,24.78416203508966,167400
2008-10-17,23.34353256225586,23.623653731766222,23.17679304395403,23.513607583311803,120700
2008-10-20,23.810407638549805,23.943799783979475,23.34353640166774,23.860430011116378,1460200
2008-10-21,23.673681259155273,24.307292075736548,23.49693773828782,23.75038257376907,398300
2008-10-22,23.4769229888916,23.903775717813513,23.43356908895103,23.903775717813513,113300
2008-10-23,23.873762130737305,23.973806855734317,23.376879096869718,23.47692382186673,157700
2008-10-24,23.276845932006836,23.610325085506968,23.030069526561036,23.476932915258107,155600
2008-10-27,22.092981338500977,23.470248542241706,22.092981338500977,23.35686691585414,1313600
2008-10-28,22.343101501464844,22.910014999476125,22.343101501464844,22.57320291317527,158600
2008-10-29,23.360219955444336,23.677024191006485,22.479835034135203,22.479835034135203,318700
2008-10-30,24.000497817993164,24.000497817993164,23.51028299943646,23.660347617905348,169900
2008-10-31,24.01051139831543,24.097216735198042,23.87378365383726,23.877119159475722,126500
2008-11-03,24.20578384399414,24.33036593582176,24.141808909155387,24.33036593582176,168900
2008-11-04,24.478525161743164,24.505462258258476,24.158655489428302,24.505462258258476,430300
2008-11-05,24.276508331298828,24.653620073100537,24.242838236409867,24.5054685729528,392100
2008-11-06,24.276508331298828,24.411191279718267,23.906132149793063,23.90949992994103,198100
2008-11-07,24.529001235961914,24.559306074273795,24.242802003855015,24.454925596599242,221000
2008-11-10,24.53238868713379,24.72094314302431,24.242821447666607,24.59636362132313,148600
2008-11-11,24.488601684570312,24.778166164016678,24.25964175262706,24.778166164016678,107100
2008-11-12,24.141796112060547,24.475136583232945,24.087924539327723,24.475136583232945,129400
2008-11-13,24.013866424560547,24.195687931993266,23.795007059936218,23.946526267227988,211900
2008-11-14,23.72092628479004,24.034062830418485,23.56940967868606,24.034062830418485,115200
2008-11-17,23.35391616821289,23.88591198688892,23.269739712176616,23.72092428347749,157200
2008-11-18,22.86233139038086,23.38085879069111,22.761318591658043,23.23270737092756,174700
2008-11-19,22.08116340637207,22.81854724219012,21.90607498015028,22.57275348653776,174100
2008-11-20,21.347150802612305,22.000358386391234,21.04411503237378,21.892612620179946,606400
2008-11-21,21.559276580810547,21.97679114295771,21.28317786842682,21.85894460148818,238500
2008-11-24,21.656925201416016,22.11821324789045,21.559280173963952,21.93975951694309,232500
2008-11-25,21.882511138916016,22.16871058020551,21.47173090035788,22.16871058020551,313500
2008-11-26,22.390926361083984,22.40439489572983,21.91953792392068,22.242775048840006,256400
2008-11-28,22.3067569732666,22.4010341766264,22.01382203237483,22.01382203237483,420700
2008-12-01,21.846698760986328,22.34352630589398,21.666344801089352,22.15636506663313,409700
2008-12-02,22.081493377685547,22.210803085095193,21.863707240882174,22.210803085095193,501700
2008-12-03,22.084890365600586,22.095098682030425,21.918148472745415,22.05086177876286,247800
2008-12-04,21.95558738708496,22.118928307692126,21.83648598467133,22.088303345449702,214200
2008-12-05,21.965801239013672,21.965801239013672,21.608494387815284,21.819475897578243,485500
2008-12-08,22.22100257873535,22.248223884681774,21.7105647980804,21.96578433746143,703700
2008-12-09,22.054269790649414,22.23462369448594,21.948780359246673,22.190386777236697,631800
2008-12-10,22.03725814819336,22.163164226668773,21.778636117359312,22.139343947264038,379100
2008-12-11,21.86710548400879,22.11892015576502,21.86710548400879,21.95898293309049,914500
2008-12-12,22.169971466064453,22.221015663619546,21.795651677686674,21.89773747658112,320000
2008-12-15,22.054269790649414,22.336712083480297,21.9215564426861,21.9215564426861,611300
2008-12-16,22.462631225585938,22.46943590979157,21.98281920825978,22.462631225585938,523700
2008-12-17,23.037694931030273,23.17381182232334,22.323084497008875,22.588511007112785,1671500
2008-12-18,24.375032424926758,24.657474450899908,23.170402515547107,23.384787410636353,2134800
2008-12-19,24.21169662475586,24.245725193504068,23.864598473369362,24.157248837788025,1174700
2008-12-22,25.181549072265625,25.304054113287428,24.092618258978316,24.27637322429517,1764700
2008-12-23,25.54905128479004,25.620512089905944,25.116880220622775,25.310846004855815,1220400
2008-12-24,25.147504806518555,25.69196987400969,25.004583213092303,25.412931364657094,787700
2008-12-26,25.62731170654297,25.637520020084057,24.851448722851888,25.17812773723687,1291200
2008-12-29,25.800039291381836,25.971377045251227,25.529325326539396,25.786331957343485,1020000
2008-12-30,25.878847122192383,26.098161800941956,25.635547882511453,26.098161800941956,530100
2008-12-31,26.04673957824707,26.09471389137432,25.72462409204641,25.88568183514674,707400
2009-01-02,25.964508056640625,26.19752738070668,25.89940152310814,25.89940152310814,673600
2009-01-05,27.218721389770508,28.05485064053005,25.827459373329212,25.844591583663362,1907500
2009-01-06,27.448293685913086,27.623058838002567,27.2495413650588,27.47913582541373,2267000
2009-01-07,26.9514217376709,27.53739637978822,26.643013343291802,27.39347333387995,1748100
2009-01-08,26.56078338623047,26.83492226557176,26.338043749360832,26.83492226557176,972100
2009-01-09,26.9514217376709,27.023383260625035,26.57447930649908,27.023383260625035,826600
2009-01-12,26.365455627441406,27.105633399067585,26.115301344826545,27.06793888231183,867700
2009-01-13,26.269502639770508,26.663577336565076,25.98165388707182,26.663577336565076,613500
2009-01-14,25.933673858642578,26.1118639127453,25.248323072330045,25.889126998718343,1006000
2009-01-15,25.83086395263672,25.88226577206953,25.53616297658742,25.73834276918177,1122500
2009-01-16,26.039901733398438,26.08445120659843,25.286016933339553,25.782895195050312,574800
2009-01-20,25.594440460205078,25.882286698713344,25.364845829691387,25.70409654359974,544100
2009-01-21,25.59784698486328,25.714357960557727,25.248319286590696,25.63896896706227,534200
2009-01-22,25.529315948486328,25.65610678096016,25.275736897944352,25.65610678096016,454800
2009-01-23,25.121517181396484,25.471047337024235,24.809684119983856,25.29628225921036,1556100
2009-01-26,25.18663787841797,25.440216901895056,25.039287375369373,25.28258655679279,573600
2009-01-27,25.419662475585938,25.508758815822116,25.210630262573716,25.416234989390635,637500
2009-01-28,26.32089614868164,26.341458450095814,25.621838031932576,25.68009483579933,1549400
2009-01-29,25.666385650634766,26.166691375444415,25.536167337247683,26.02619321929637,685200
2009-01-30,25.78291130065918,25.902847237259937,25.567026614777816,25.902847237259937,469800
2009-02-02,25.23356056213379,25.687002291065554,25.060490877401502,25.572775665342128,1037900
2009-02-03,25.278554916381836,25.444702957202196,25.09856362625717,25.430857067064373,642100
2009-02-04,25.257810592651367,25.465493853741005,25.212810748177386,25.434342552953733,891500
2009-02-05,25.050127029418945,25.531260924127174,24.932438177024896,25.382420771321584,836600
2009-02-06,25.55548095703125,25.558940450770734,25.12972819276707,25.233571103319772,830900
2009-02-09,25.75277328491211,25.818537978711817,25.462014799908626,25.510474107270174,831400
2009-02-10,25.58317756652832,25.811628315568186,25.448180701070395,25.804706685951697,831000
2009-02-11,25.524349212646484,25.732032573430068,25.475889849824892,25.700881257689275,592100
2009-02-12,25.44472312927246,25.444723129272457,25.21280758664779,25.299342487987193,509200
2009-02-13,25.545076370239258,25.545076370239254,25.302777323412574,25.500076579959842,299100
2009-02-17,24.894359588623047,25.558946991906115,24.7835950214092,25.538179460814643,1521100
2009-02-18,24.74551773071289,25.084735679654088,24.056700708843238,25.03281421470533,1414600
2009-02-19,24.870113372802734,25.03972092580454,24.755886746138035,24.85972961416664,385300
2009-02-20,24.50666618347168,24.634736048381146,24.06706774540339,24.295520976053098,647700
2009-02-23,23.890562057495117,24.814757107068736,23.62749777450455,24.5136146031811,884500
2009-02-24,24.229764938354492,24.402834687914165,23.883625439235143,23.990927838895004,647300
2009-02-25,24.11208152770996,24.28515129701881,23.95285501601093,24.28515129701881,567600
2009-02-26,23.634416580200195,24.184780036539077,23.409425263342616,24.143242324849076,603200
2009-02-27,23.277883529663086,23.693249911776586,23.191348646653186,23.540950313447,824700
2009-03-02,22.794719696044922,23.375520054848458,22.67226203027703,23.20757887590304,993600
2009-03-03,22.885679244995117,23.197072601047388,22.70723948577532,22.990641767954738,752700
2009-03-04,22.88216781616211,23.24954045989533,22.675737090219723,22.966138324819084,572900
2009-03-05,21.79754638671875,22.882176314759835,21.776554419101533,22.864681228828594,1117900
2009-03-06,21.69257926940918,22.30137159745831,21.64709445529309,21.93749575390452,1216800
2009-03-09,21.566633224487305,21.982991862452558,21.517650169359193,21.804552064842266,645100
2009-03-10,22.633758544921875,22.71073264170743,21.815037215645944,21.815037215645944,1111400
2009-03-11,22.9941349029541,23.074605881163247,22.72122868228833,22.903165272940516,769500
2009-03-12,23.375499725341797,23.38599570622549,22.9241538617208,23.00462749745344,762800
2009-03-13,23.427997589111328,23.480480197156478,23.267052881982174,23.448989564578856,632300
2009-03-16,23.560943603515625,23.73238691236171,23.46297752381813,23.501464579324356,514600
2009-03-17,23.427997589111328,23.581945860876747,23.239061801774582,23.546958345305423,460100
2009-03-18,23.966808319091797,24.00879492967714,23.295038565980562,23.43149171366329,611000
2009-03-19,23.75687026977539,24.008784484943778,23.529447566116456,23.952802361851003,711800
2009-03-20,23.711397171020508,23.924824461312262,23.627426609563823,23.788371297929142,394900
2009-03-23,24.201231002807617,24.211726989605143,23.66241476906735,24.00529879758428,461200
2009-03-24,24.246688842773438,24.302668263415278,24.01226717755263,24.166215255720388,425000
2009-03-25,24.37617301940918,24.50912931358326,24.27820690962383,24.27820690962383,800700
2009-03-26,24.754037857055664,24.761034290405203,24.397161029966824,24.530114618612558,660200
2009-03-27,24.502126693725586,24.70155843699868,24.11026231080352,24.70155843699868,1157900
2009-03-30,23.354509353637695,24.36916272834485,23.354509353637695,24.36916272834485,1299900
2009-03-31,23.721899032592773,24.0612808762443,23.61693381455531,23.84085712161728,632700
2009-04-01,23.759410858154297,24.053305865091655,23.692135673323328,23.961241815625545,654300
2009-04-02,24.623395919799805,24.65880434642106,23.869185896956882,24.092261416011603,1469600
2009-04-03,24.970401763916016,25.06954913848106,24.60923149750027,24.683590002306754,1355600
2009-04-06,24.888948440551758,25.101401576023417,24.591511889700882,24.828753880774286,648200
2009-04-07,24.602144241333008,24.81813639128457,24.47467178141763,24.81813639128457,459900
2009-04-08,24.89251136779785,24.998736675582933,24.361376724400944,24.361376724400944,721600
2009-04-09,25.600675582885742,25.689197970514687,25.140358086619692,25.140358086619692,1123800
2009-04-13,25.582984924316406,25.664426757021932,25.140372728393977,25.299712038329872,801800
2009-04-14,25.451967239379883,25.57943975038348,25.320955776369022,25.57943975038348,617000
2009-04-15,25.667970657348633,25.67151231201604,25.377617108913746,25.572367593256466,501700
2009-04-16,26.075157165527344,26.3194798468607,25.73168983133094,25.745853739095544,1109500
2009-04-17,26.645259857177734,26.822304773172274,26.02560265119686,26.163697469553313,683000
2009-04-20,25.671499252319336,26.53901780162946,25.62900752239993,26.42570922333398,1003100
2009-04-21,25.96186065673828,26.131824927324008,25.32803967286237,25.639640385354465,264800
2009-04-22,26.085805892944336,26.25931191301836,25.53696809292163,25.85918854171696,715200
2009-04-23,26.057464599609375,26.202642700476115,25.94415598247775,26.099956344092682,701300
2009-04-24,26.46112823486328,26.500075622034366,26.096413522715665,26.19909987450592,522500
2009-04-27,26.25221061706543,26.386763732964535,26.13536036559275,26.273455134973165,813400
2009-04-28,26.308866500854492,26.507155873730888,25.97247965587907,26.16723007673274,460200
2009-04-29,26.797510147094727,26.840001886077864,26.507156684435405,26.553187375549502,1167900
2009-04-30,27.006423950195312,27.084324127163644,26.7514816003313,27.024129518230076,919500
2009-05-01,26.96396827697754,27.153101028877323,26.624957048770924,27.038907515130955,609400
2009-05-04,26.89972686767578,27.103134093254248,26.764122958152598,27.081723666115685,1043400
2009-05-05,27.131675720214844,27.13524503129036,26.889014296225707,26.90685812901666,799800
2009-05-06,27.356496810913086,27.402886965865736,26.96038767046697,27.238734045356303,738600
2009-05-07,26.906858444213867,27.713351233770418,26.68917675003008,27.67409697923979,1546800
2009-05-08,27.38861083984375,27.513509497853416,27.19590888637746,27.274417392151122,1375800
2009-05-11,27.245866775512695,27.39574515646541,26.91399166192518,27.324375276750704,531000
2009-05-12,27.352928161621094,27.352928161621094,27.013914378868133,27.120971936071548,682300
2009-05-13,26.996061325073242,27.306523202963273,26.942532570151855,27.292251409397437,1118700
2009-05-14,26.710582733154297,26.988929057147498,26.546429842660515,26.946108221201598,966300
2009-05-15,26.33588981628418,26.72486030771774,26.07895388089229,26.710585786575244,1007100
2009-05-18,26.89616584777832,26.92114559214182,26.467938158219503,26.528602862732587,831000
2009-05-19,27.07457160949707,27.167351886794776,26.714147539730597,26.92469054119741,902800
2009-05-20,27.474252700805664,27.545625300620934,27.074577032185363,27.160221429377383,1158400
2009-05-21,27.120973587036133,27.452848767465184,27.120973587036133,27.367204350040993,1274700
2009-05-22,27.495695114135742,27.61702457911037,27.13170127403346,27.23875892643747,762300
2009-05-26,27.424291610717773,27.581308598383895,27.2565694143628,27.41001709160393,855100
2009-05-27,27.474252700805664,27.659818737739062,27.474252700805668,27.59915134724951,757300
2009-05-28,27.570606231689453,27.727620512954566,27.4742538983855,27.65268132182172,583900
2009-05-29,27.77758026123047,27.895343015338057,27.63840708731657,27.759739152254024,621200
2009-06-01,28.43486976623535,28.445676965174854,28.017082085493325,28.017082085493325,1293700
2009-06-02,28.3520565032959,28.35565890582591,28.067527155641415,28.330447583771868,782200
2009-06-03,28.189958572387695,28.43126988589895,28.096318164937866,28.42406508666386,776100
2009-06-04,28.276397705078125,28.344826806086463,28.099915857856445,28.099915857856445,638100
2009-06-05,28.3664493560791,28.44928533856253,28.204374296209803,28.44928533856253,704400
2009-06-08,28.4168643951416,28.542920909530178,28.207969172540004,28.442075698019316,593000
2009-06-09,28.470890045166016,28.535719503722778,28.312417424732594,28.312417424732594,559600
2009-06-10,28.50690460205078,28.63296111399376,28.352034387999165,28.550122407387875,636700
2009-06-11,28.571735382080078,28.798637114093516,28.49970112346994,28.49970112346994,524400
2009-06-12,28.719409942626953,28.76623291258005,28.57174447418156,28.67258972050073,566000
2009-06-15,28.29442024230957,28.708608473772358,28.26560927452622,28.68699956097806,574500
2009-06-16,28.0242977142334,28.5357315466101,27.833411657875267,28.44929040016981,1180400
2009-06-17,27.86221694946289,28.189963933519387,27.739760069609797,28.017087188560843,1240800
2009-06-18,28.128753662109375,28.16837184561403,27.750583839330368,27.750583839330368,766200
2009-06-19,28.157581329345703,28.19719953246877,27.988304051970665,27.988304051970665,667900
2009-06-22,27.77578353881836,28.121539838327283,27.552481393211284,28.121539838327283,1096700
2009-06-23,27.82257843017578,27.999057446296767,27.682115147247437,27.682115147247437,582200
2009-06-24,27.96305274963379,28.20076162860857,27.822589411267018,27.90902775460994,576400
2009-06-25,28.229591369628906,28.251203030720067,27.952266907375204,28.05311216637655,647900
2009-06-26,28.222362518310547,28.233166964684063,28.017069793739914,28.21515772217846,495900
2009-06-29,28.575319290161133,28.575319290161133,28.240370476516315,28.251174922398473,647700
2009-06-30,28.7086181640625,28.75904080948694,28.532138905076962,28.632984195925843,538900
2009-07-01,28.77948760986328,28.89943309573681,28.637734862212586,28.804930339619826,922100
2009-07-02,28.277873992919922,28.69586089808467,28.24516035865362,28.6849572776782,651200
2009-07-06,27.85626983642578,28.36512709878059,27.845366207804798,28.17612162585358,794500
2009-07-07,27.467363357543945,28.10343436548116,27.467363357543945,28.0343743401007,886300
2009-07-08,27.634540557861328,27.9471240397516,27.46007703539327,27.481884282439854,1382300
2009-07-09,28.030719757080078,28.12521966501507,27.692693603034893,27.852618017334997,544900
2009-07-10,27.8162841796875,28.314237744743448,27.670896014345384,27.968940505424847,393700
2009-07-13,27.87807273864746,28.06344271539326,27.725416415703183,28.06344271539326,521500
2009-07-14,27.987110137939453,28.13249827768123,27.801740190442484,27.841721998197677,506600
2009-07-15,28.605030059814453,28.605030059814453,28.088904368802346,28.132521678921137,1040200
2009-07-16,28.6922607421875,28.714068007728745,28.35059879244104,28.54323703285552,515600
2009-07-17,28.71768569946289,28.72131839277102,28.58683664111373,28.652261170288313,597100
2009-07-20,29.117509841918945,29.153856197332924,28.797658032007106,28.797658032007106,784700
2009-07-21,29.25925636291504,29.386469966404956,29.008461849571653,29.201099988149036,938600
2009-07-22,29.295623779296875,29.353780195887516,29.077542763183114,29.222931031609146,483000
2009-07-23,29.593650817871094,29.728135371178027,29.23018175027833,29.440994475013873,750700
2009-07-24,29.76810646057129,29.808088265439,29.342848470303334,29.731760121522797,639300
2009-07-27,29.8226375579834,29.90986935615133,29.666345750864387,29.86625207054293,512700
2009-07-28,29.855337142944336,29.957107997797475,29.731759040064894,29.855337142944332,591800
2009-07-29,29.957115173339844,30.08069607886808,29.826266107744523,29.964386106455404,627900
2009-07-30,30.204256057739258,30.498667664903298,30.040696210573426,30.113388859747836,976900
2009-07-31,30.6949520111084,30.76764746563072,30.30604034182013,30.44052485290039,740700
2009-08-03,30.753250122070312,30.859548936476063,30.67627569712705,30.70559729006184,880400
2009-08-04,30.687265396118164,30.914522376863705,30.43068123535344,30.899862981644812,615100
2009-08-05,30.588321685791016,30.78259379025423,30.35373201622616,30.621312343729844,756000
2009-08-06,30.346389770507812,30.716602575872656,30.276745029832604,30.683611931568713,619500
2009-08-07,30.55897331237793,30.83021685592066,30.346375736602308,30.50399079498396,711300
2009-08-10,30.69825553894043,30.70558523516459,30.445337673044527,30.654268972015654,527800
2009-08-11,30.62497329711914,30.80824661955186,30.511341935571153,30.69828150748064,623000
2009-08-12,30.547990798950195,30.657955892152245,30.42336630341446,30.52599889892118,491400
2009-08-13,30.159421920776367,30.55162625633872,30.08611379687759,30.547960011186085,825300
2009-08-14,30.00914764404297,30.28405737871953,29.965161079745204,30.28405737871953,585500
2009-08-17,29.276065826416016,29.92851805681068,29.188092665342435,29.8332151972447,1160800
2009-08-18,29.781898498535156,29.833214776841206,29.32371544471154,29.525317107004902,639200
2009-08-19,29.90286636352539,29.90286636352539,29.50699544293787,29.741584996650165,501700
2009-08-20,29.81121826171875,29.998154905187,29.78556012654505,29.932179240334907,601200
2009-08-21,30.218090057373047,30.21809005737305,29.880865199970867,29.946843672448743,570400
2009-08-24,30.060476303100586,30.24008328747727,29.954177492930988,30.232753588667595,874600
2009-08-25,30.056808471679688,30.19609511394491,29.983500301335347,30.19609511394491,565000
2009-08-26,30.17411231994629,30.221762365384336,30.045821584899024,30.181442020579727,476100
2009-08-27,30.020139694213867,30.291383147570357,30.012807202851597,30.25839532601836,968500
2009-08-28,30.170442581176758,30.240087313515016,30.100800645366466,30.240087313515016,595800
2009-08-31,30.17411231994629,30.240090811760354,30.064147234746756,30.203436715536604,498500
2009-09-01,29.890539169311523,30.197393871970316,29.798113257952725,30.197393871970316,742300
2009-09-02,29.73157501220703,29.90533622667271,29.613269924577427,29.89054773814204,698800
2009-09-03,29.92380714416504,29.975565417080503,29.742650368346585,29.83138125387109,486000
2009-09-04,30.153045654296875,30.282444260654206,29.942314568771494,30.01255920415215,667000
2009-09-08,30.581880569458008,30.581880569458008,30.25284460911633,30.289814402969935,974200
2009-09-09,30.29352569580078,30.611471141393352,30.223281081820925,30.49686106269742,1454000
2009-09-10,30.763023376464844,30.777811852765613,30.32307537351069,30.45247383598905,695600
2009-09-11,31.05509376525879,31.106852029218444,30.78520897122871,30.888728319761864,607200
2009-09-14,31.092065811157227,31.110552115606936,30.8739420858437,31.080975156733018,579300
2009-09-15,31.31390380859375,31.321299462503696,31.099477795669255,31.1919037252349,1289500
2009-09-16,31.716888427734375,31.727979090116627,31.443308413379903,31.54312719543624,1143900
2009-09-17,31.77232551574707,31.772325515747074,31.48395718419388,31.716869416460447,733400
2009-09-18,31.683597564697266,31.81669108707292,31.373047892897166,31.69099321628182,565700
2009-09-21,31.702064514160156,31.702064514160156,31.398907858452763,31.60963867009555,510600
2009-09-22,31.665128707885742,31.842584939304107,31.609672577836527,31.80191729864241,413400
2009-09-23,31.7612361907959,31.927601675012042,31.720568570989375,31.75753836519135,464900
2009-09-24,31.820390701293945,31.97566554592104,31.687297171437923,31.905423775607716,774000
2009-09-25,31.716888427734375,31.935012309561515,31.591187672631357,31.83149569983907,454800
2009-09-28,31.968280792236328,31.99415993954662,31.557909441590663,31.84997571587279,455200
2009-09-29,31.931303024291992,31.975665653984063,31.864756259139085,31.960877170548436,693000
2009-09-30,31.923921585083008,32.04962233994152,31.77234449846029,31.92392158508301,688000
2009-10-01,31.0833683013916,31.83631874186231,31.083368301391605,31.817680256607993,3014800
2009-10-02,31.09455680847168,31.16537965476436,30.56525670416368,30.95291395972049,1694100
2009-10-05,31.512025833129883,31.512025833129886,31.143007168355787,31.187734979944533,556200
2009-10-06,31.40393829345703,31.746864889630945,31.385299803820395,31.605222037428913,813300
2009-10-07,31.63501739501953,31.713293870514264,31.355457335181782,31.355457335181782,637400
2009-10-08,31.8363094329834,31.840034853878095,31.63502579519274,31.63502579519274,824700
2009-10-09,31.959300994873047,31.959300994873047,31.664830763072022,31.724471599613217,680100
2009-10-12,31.951873779296875,32.01151182140715,31.888507470856595,32.00778639891111,354200
2009-10-13,31.94440460205078,32.007773729241556,31.75430575197696,32.007773729241556,295500
2009-10-14,32.0711555480957,32.100975993709206,31.951876609475907,32.056245325288955,749900
2009-10-15,32.063690185546875,32.09351062294886,31.96304976410695,32.08232866988148,382100
2009-10-16,32.059959411621094,32.08977700021187,31.90713182832418,32.08232331402241,443100
2009-10-19,32.06739807128906,32.15685648280782,32.037577652838934,32.119582381660976,534700
2009-10-20,32.127079010009766,32.21653753319288,32.05998440666363,32.104712246337606,419300
2009-10-21,32.182979583740234,32.40290182648801,32.11215957661329,32.179254160725485,869100
2009-10-22,32.42897033691406,32.42897033691406,32.23141499562189,32.30596321518533,646200
2009-10-23,32.3730583190918,32.50351912753604,32.2835998852775,32.50351912753604,420200
2009-10-26,32.39170455932617,32.443888895210534,32.28733588755744,32.302246104071976,779800
2009-10-27,32.138267517089844,32.39173575427417,32.0749011687527,32.39173575427417,1527900
2009-10-28,31.60893440246582,32.235149231845156,31.605206137647237,32.197872271324975,1266000
2009-10-29,32.05250930786133,32.22397256292532,31.70212911004949,31.75058518957838,1350500
2009-10-30,31.750577926635742,32.13450674078507,31.635027309050226,32.05623024075944,1466000
2009-11-02,31.999780654907227,32.16139582457848,31.815615464933025,31.920852716346857,1437000
2009-11-03,32.07119369506836,32.16515593873081,31.79306338922742,31.79306338922742,1135400
2009-11-04,32.12002182006836,32.32298041327464,32.0598875336539,32.28539612582844,687800
2009-11-05,32.146305084228516,32.19516719910021,32.03730873162358,32.183889341248666,506800
2009-11-06,32.176414489746094,32.1914487851415,32.08621158487229,32.123795889611486,547700
2009-11-09,32.30421829223633,32.31549617019969,32.21025604837584,32.24408394726568,571400
2009-11-10,32.292938232421875,32.31549111732208,32.19521957868642,32.27414750708798,667800
2009-11-11,32.31172561645508,32.398169244879846,32.277897729354734,32.30796632511079,509500
2009-11-12,32.34931945800781,32.364353760315176,32.22904790704885,32.35683517541151,619900
2009-11-13,32.285423278808594,32.41696982925344,32.22904536647516,32.2816639866531,491100
2009-11-16,32.435760498046875,32.56730703663118,32.34179827512959,32.44703550599703,714900
2009-11-17,32.42824935913086,32.50342087522188,32.3793900242968,32.50342087522188,438400
2009-11-18,32.34556198120117,32.488386427388285,32.34556198120117,32.45831782108572,630200
2009-11-19,32.41321563720703,32.435768526188866,32.27415334806996,32.3981813337192,679700
2009-11-20,32.40568161010742,32.45078162758935,32.32299442139246,32.37561302012042,544200
2009-11-23,32.37184143066406,32.46204716635375,32.36056643057722,32.42821929859575,428600
2009-11-24,32.39064407348633,32.435746953952965,32.341784770271175,32.42071266046409,526800
2009-11-25,32.40568161010742,32.567296696914326,32.401922319484406,32.416956614477904,548900
2009-11-27,32.180171966552734,32.266615575830414,31.965938287366615,32.082450485740225,570000
2009-11-30,32.285423278808594,32.36059191692001,32.17266745414173,32.17266745414173,674100
2009-12-01,32.445167541503906,32.494386098729905,32.31266159592041,32.403522403118664,749100
2009-12-02,32.479244232177734,32.54360385438632,32.407311190642744,32.44516962203525,537400
2009-12-03,32.52091979980469,32.6572125910638,32.505775835396356,32.532277051006965,489600
2009-12-04,32.653385162353516,32.77074712965962,32.63824121682817,32.63824121682817,532000
2009-12-07,32.69504165649414,32.725329558074066,32.6193247909576,32.68746823689252,397200
2009-12-08,32.73289489746094,32.7480388458489,32.63067685635819,32.69124976149724,359000
2009-12-09,32.73289489746094,32.797254511800176,32.72153765827317,32.75560937583648,357000
2009-12-10,32.89568328857422,32.89568328857422,32.78967855581283,32.7934652643864,401000
2009-12-11,32.914634704589844,32.960063682478626,32.876773371796986,32.93734919353424,444100
2009-12-14,33.179656982421875,33.22508886279921,32.937359397239526,32.937359397239526,1132700
2009-12-15,33.145565032958984,33.202351238295044,33.035773555287115,33.164492805266576,417600
2009-12-16,33.22128677368164,33.236430726797806,33.054706177817515,33.22128677368164,621100
2009-12-17,33.20234680175781,33.2326346994988,33.1228432364974,33.16448837378803,350200
2009-12-18,33.18342208862305,33.25156842061102,33.16827813835759,33.23263776067591,281600
2009-12-21,33.281864166259766,33.29322140953266,33.183429910538194,33.244002837464954,646800
2009-12-22,33.353790283203125,33.361363703407285,33.266716169749834,33.315931847422846,432500
2009-12-23,33.43328857421875,33.486290953606485,33.36135842414285,33.372715664238356,440100
2009-12-24,33.5582389831543,33.607454675024705,33.42951968668662,33.463591422193595,188800
2009-12-28,33.45978546142578,33.61879546755545,33.41056979786938,33.59229428126928,532400
2009-12-29,33.280677795410156,33.49789954955171,33.269245530585906,33.478843836515566,494600
2009-12-30,33.42167282104492,33.452160792716946,33.31877955101811,33.34545579935788,421600
2009-12-31,33.475032806396484,33.49790024401266,33.375951237536476,33.475032806396484,346000
2010-01-04,33.737998962402344,33.737998962402344,33.5360211185918,33.5360211185918,1316800
2010-01-05,33.8980598449707,33.94760355996691,33.696081981510844,33.821842770738876,733000
2010-01-06,33.985721588134766,34.01620958933976,33.91712503917144,33.93236903977394,715700
2010-01-07,34.1229133605957,34.157210179997236,33.95904399485396,34.06193736055426,956000
2010-01-08,34.1762580871582,34.225798895234874,34.11147328255909,34.13052609759087,711400
2010-01-11,34.14578628540039,34.187706568841165,34.10005718164422,34.10767772977144,895800
2010-01-12,33.97046661376953,34.4087220401566,33.93616980411496,34.10765966737757,1133900
2010-01-13,34.046688079833984,34.07717607512596,33.95522700145332,33.95522700145332,868900
2010-01-14,34.08477020263672,34.100014187167446,33.99711801845825,34.08477020263672,394600
2010-01-15,33.94759750366211,34.1152756185571,33.913297791130404,34.1152756185571,835300
2010-01-19,33.96285629272461,33.99334138576214,33.905692018598614,33.917124291924665,796900
2010-01-20,33.913291931152344,33.99713242786004,33.86375114104961,33.97426789511939,588500
2010-01-21,33.38359451293945,33.9780988684306,33.38359451293945,33.9780988684306,1416800
2010-01-22,33.06727981567383,33.5512672337824,33.006306739865806,33.5322115121265,1394400
2010-01-25,33.1168098449707,33.32259934234262,33.05964561111844,33.24637939470837,711300
2010-01-26,33.15873718261719,33.318794745648084,33.11681692932419,33.23114251399154,576000
2010-01-27,33.17019271850586,33.31500639033256,33.12446070806231,33.13970471154349,876500
2010-01-28,33.02915573120117,33.24637748134345,32.98342667274609,33.19683669885259,833700
2010-01-29,32.86149597167969,33.25782826731191,32.857684245521156,33.25782826731191,1357000
2010-02-01,33.020111083984375,33.13532254925961,32.89337583516021,33.008587300435444,924700
2010-02-02,33.119964599609375,33.26206198101137,33.02779482979346,33.13148545458335,1238500
2010-02-03,33.2889289855957,33.3004498350437,33.11226912400667,33.1813971507174,641200
2010-02-04,32.816558837890625,33.16219902610603,32.7896758749196,33.14299858399714,1762600
2010-02-05,32.62452697753906,32.77046552958476,32.048461147941396,32.77046552958476,3261500
2010-02-08,32.48246383666992,32.69368641920112,32.40949449050952,32.56695404169246,1202400
2010-02-09,32.54774475097656,32.66295917874208,32.436371585476465,32.589989845822274,853800
2010-02-10,32.10991668701172,32.61301335199878,32.106075426890825,32.52852320947696,1463200
2010-02-11,32.2404899597168,32.42099109358195,32.02542627512323,32.22513077940836,1157700
2010-02-12,32.221309661865234,32.32500030889369,32.02160503273851,32.24435137675494,743100
2010-02-16,32.540016174316406,32.65138624214767,32.13292795768204,32.13292795768204,1061300
2010-02-17,32.789676666259766,32.824242150927105,32.69366566332855,32.70902777540034,1400200
2010-02-18,33.10074996948242,33.1775575897505,32.83191743849836,32.83191743849836,1153400
2010-02-19,33.323490142822266,33.32733140248549,33.14299195896746,33.16987491656478,1485600
2010-02-22,33.365753173828125,33.434881234872954,33.300466374514734,33.36959443555956,1596200
2010-02-23,33.123779296875,33.4502159561152,33.00856497948584,33.419491747475185,1014900
2010-02-24,33.25053024291992,33.40414842901564,33.16219883365734,33.24668898251115,1047000
2010-02-25,33.25434875488281,33.27739337357846,33.02776433619595,33.13529612337083,503400
2010-02-26,33.477108001708984,33.49631136983189,33.28124771096382,33.315810257557935,697900
2010-03-01,33.50263595581055,33.576150020880014,33.4678153682921,33.54132943336157,1468800
2010-03-02,33.71929931640625,33.73864309818022,33.54132058384134,33.614831677617794,1291800
2010-03-03,33.754146575927734,33.808313930747175,33.69610928093564,33.769623384718926,986800
2010-03-04,33.781227111816406,33.82765753387213,33.69223915941691,33.82765753387213,641100
2010-03-05,33.982398986816406,33.986265972036655,33.773466660935384,33.88953820738232,975800
2010-03-08,33.99016571044922,34.086893559910884,33.966951971186326,34.036596140874714,937900
2010-03-09,34.137176513671875,34.137176513671875,33.97080457940667,33.978541504580264,630800
2010-03-10,34.14877700805664,34.16425380741535,34.04817928817388,34.0559162119044,640200
2010-03-11,34.117828369140625,34.14491203398117,34.055921162706184,34.11395843076395,488500
2010-03-12,34.12554931640625,34.1913264304205,34.10620553737581,34.12168233173818,636700
2010-03-15,34.086875915527344,34.14491318554246,34.021101720396025,34.129436383411885,471400
2010-03-16,34.202980041503906,34.23393367254028,34.04434489636802,34.13333584762242,923300
2010-03-17,34.202980041503906,34.29583798271231,34.17976334227626,34.23006373068555,918300
2010-03-18,34.25325393676758,34.29581441221686,34.20682647402196,34.2339101445898,637200
2010-03-19,34.08301544189453,34.2803410339841,34.03658797450804,34.08301544189453,674600
2010-03-22,34.245521545410156,34.2493885332186,33.974681851965705,34.02884920027478,759000
2010-03-23,34.24165725708008,34.28034780484376,34.175883030691864,34.24939418587298,699200
2010-03-24,34.22231674194336,34.27648410906075,34.183626187130955,34.233926565097185,430800
2010-03-25,34.30353546142578,34.36156975800283,34.24549821295165,34.295795587284125,1005200
2010-03-26,34.291934967041016,34.31901863010107,34.24163757904317,34.28806798081664,1312500
2010-03-29,34.334503173828125,34.342243051818144,34.31902636974663,34.334503173828125,546200
2010-03-30,34.299686431884766,34.38480738794641,34.264862880814604,34.33837697048582,605600
2010-03-31,34.191375732421875,34.28036373845024,33.97470325081608,34.26875686391619,1255400
2010-04-01,34.108699798583984,34.303606654575894,34.108699798583984,34.24123503311804,773100
2010-04-05,34.09312057495117,34.295825451993046,34.073631665956555,34.1671861616446,930200
2010-04-06,34.31532669067383,34.33481858071579,34.08923385198448,34.11262471484381,679100
2010-04-07,34.365997314453125,34.39718016841444,34.26464486045715,34.268543832468914,859000
2010-04-08,34.424442291259766,34.44003519405942,34.30749998132555,34.342581782093184,736100
2010-04-09,34.47514724731445,34.5258219909781,34.40498061621776,34.4205735313553,679800
2010-04-12,34.4829216003418,34.560886129414094,34.47512663445591,34.518006381935,443300
2010-04-13,34.57646942138672,34.62324812984707,34.5530815541776,34.5530815541776,1162900
2010-04-14,34.6700439453125,34.701226792296964,34.615470245535214,34.65445103479848,857700
2010-04-15,34.76359176635742,34.876638115368,34.66223935447845,34.70122013626482,1251000
2010-04-16,34.4829216003418,34.82985557609611,34.342588422054355,34.751894021066505,1334100
2010-04-19,34.41667938232422,34.49464099489324,34.32312485243242,34.40498543784336,757200
2010-04-20,34.7869758605957,35.2118743658129,34.50241350783763,34.56088616118493,1299400
2010-04-21,34.7908821105957,34.85325374696221,34.728510474229196,34.825963925519375,553100
2010-04-22,34.68952178955078,34.77918025290114,34.607661265992256,34.77918025290114,250700
2010-04-23,34.91564178466797,34.927335729465064,34.64277315925256,34.69344791138829,676000
2010-04-26,34.91564178466797,34.966316536803696,34.84937411478779,34.84937411478779,440100
2010-04-27,34.47514724731445,34.97800760783333,34.44786038933488,34.91563594728317,1220700
2010-04-28,34.4985237121582,34.66224480583529,34.4985237121582,34.6154690499524,988000
2010-04-29,34.736305236816406,34.78308395981021,34.65054573168261,34.65834367253643,812200
2010-04-30,34.84935760498047,34.89613336200893,34.67783856509329,34.67783856509329,809800
2010-05-03,34.84543228149414,34.97892320394962,34.84543228149414,34.86506470914366,639000
2010-05-04,34.48814392089844,34.79831771880644,34.47636566200755,34.770834116231704,786100
2010-05-05,34.01700210571289,34.29576526962914,33.804984418617025,34.25650340064589,2567500
2010-05-06,33.172855377197266,33.96595883661163,31.00164157225105,33.87565385035597,6587300
2010-05-07,33.168914794921875,33.42019420283526,32.39544415052196,33.157133545233926,2584000
2010-05-10,33.78927993774414,34.315398581164494,33.61260002504796,34.1151591500838,1670100
2010-05-11,33.7500114440918,34.11122536988459,33.600815169217746,33.63614994662684,1524400
2010-05-12,34.16226577758789,34.17011695122681,33.93454280071731,33.962026401685286,1031200
2010-05-13,33.95024108886719,34.25648772044247,33.95024108886719,34.19366636243358,1151600
2010-05-14,33.75395584106445,33.9463411617699,33.51445446416008,33.848184957972684,1050700
2010-05-17,33.71073913574219,33.840305937069004,33.42019785028669,33.746073902201964,1120800
2010-05-18,33.64008712768555,33.94633393909517,33.5340797681549,33.89136671630313,1067400
2010-05-19,33.44377899169922,33.62831311819263,33.08256491181261,33.53408400941555,1565100
2010-05-20,32.44649124145508,32.937271908824,31.932154060608443,32.937271908824,3092800
2010-05-21,33.0982666015625,33.13752847625279,31.971432525468025,31.994989051184398,1815000
2010-05-24,33.149269104003906,33.45158849092713,32.97651345691314,33.019702368685834,1266200
2010-05-25,33.110023498535156,33.110023498535156,32.199134814266955,32.66635591391519,1507500
2010-05-26,32.71347427368164,33.39271599857024,32.662434165413345,33.231738510552276,1738300
2010-05-27,33.16498565673828,33.325960113324115,33.03541887758043,33.03541887758043,828500
2010-05-28,33.2199821472168,33.31028416716323,33.106120604054055,33.29065472588714,1253900
2010-06-01,33.062896728515625,33.37148855790937,32.98377170195231,33.07872233751355,770300
2010-06-02,33.23301315307617,33.288401266857235,33.11432261301629,33.20531909618564,1414500
2010-06-03,33.244903564453125,33.391288258102946,33.11830164669008,33.320074490709494,877200
2010-06-04,33.0589485168457,33.29237253969273,32.96795501351922,33.03916876406595,1439000
2010-06-07,32.82949447631836,33.339856319513515,32.82949447631836,33.023353014656024,992900
2010-06-08,32.88090896606445,33.04311618696616,32.65935646203227,33.04311618696616,1085200
2010-06-09,32.95212173461914,33.015421154587,32.841345485855584,32.95607889162538,1081900
2010-06-10,33.28839874267578,33.28839874267578,32.98376413997967,33.0787147537722,588200
2010-06-11,33.335872650146484,33.343783942928255,33.070797556364674,33.11036307554949,468300
2010-06-14,33.379390716552734,33.509946660997784,33.3319139068476,33.371476405722625,843100
2010-06-15,33.703826904296875,33.798777558435575,33.454577286845826,33.49018566866464,1387200
2010-06-16,33.73149490356445,33.755231794148834,33.54950503276031,33.62467285908568,1877200
2010-06-17,33.98469924926758,34.000524849497424,33.77105817380151,33.82644626539368,1097000
2010-06-18,34.13109588623047,34.15483580630225,33.99658275233614,34.01636551599164,734300
2010-06-21,34.25373458862305,34.348685188687014,34.21021493475516,34.32890243022883,1094400
2010-06-22,34.0084228515625,34.26162631945129,33.87390982980683,34.222063843548064,1011000
2010-06-23,33.98469924926758,34.059867077328605,33.74336412800542,34.03613018619613,882300
2010-06-24,33.751277923583984,33.93326781209579,33.70775827432846,33.91348807415908,613600
2010-06-25,33.90560531616211,33.9214309322934,33.72757241693352,33.87791124253927,536500
2010-06-28,33.98078918457031,34.10343398327985,33.89374977190079,33.95309510039626,682200
2010-06-29,33.640499114990234,33.85809734433897,33.44268364046396,33.85414018968956,1354400
2010-06-30,33.58912658691406,33.676166030007835,33.43483048994959,33.56934379769098,1111300
2010-07-01,33.74969482421875,33.765637416175196,33.26345641213187,33.66201208882754,2044000
2010-07-02,33.75769805908203,33.93705011580463,33.677988061033,33.701900452299405,880400
2010-07-06,34.024723052978516,34.040665656104856,33.82145866404345,33.96095264047315,1176600
2010-07-07,34.43524169921875,34.46712691148837,33.956972637398046,34.02871284463409,1173900
2010-07-08,34.59464645385742,34.61058601083494,34.323628374145564,34.5388488822173,1525200
2010-07-09,34.51495361328125,34.59466664839913,34.463142421010666,34.59466664839913,778800
2010-07-12,34.48703384399414,34.56276042113107,34.22000218036537,34.55877401161346,786500
2010-07-13,34.75406265258789,34.81384662748268,34.48304460170556,34.5747137686428,1464900
2010-07-14,34.722171783447266,34.77796933514261,34.626516231336524,34.69427300759959,640400
2010-07-15,34.77400207519531,34.79393108637689,34.64247789917337,34.658420499970596,565900
2010-07-16,34.562767028808594,34.75805856215369,34.467114467275906,34.750088782334345,1215300
2010-07-19,34.67832946777344,34.76202579302891,34.5667343674328,34.666373284271,556000
2010-07-20,34.95732498168945,35.136676896270416,34.618553197355325,34.674350759916756,2442800
2010-07-21,34.94139862060547,35.248288398015745,34.821833662739806,35.10480801598454,1376100
2010-07-22,35.25225830078125,35.25624471007601,35.052980406394155,35.052980406394155,809300
2010-07-23,35.411685943603516,35.411685943603516,35.08885668471093,35.22835062122379,985400
2010-07-26,35.427616119384766,35.45551489690456,35.260223454266,35.39174756574732,887200
2010-07-27,35.37978744506836,35.51131155322106,35.26420897022477,35.46747018383683,887100
2010-07-28,35.304073333740234,35.45153703299852,35.280157918145825,35.423638248754564,603100
2010-07-29,35.411685943603516,35.4435711407321,35.30407720421924,35.42364213234179,628800
2010-07-30,35.31999969482422,35.419638598571,35.212387975964404,35.31202687971118,1038700
2010-08-02,35.504188537597656,35.53227717082914,35.39183094324031,35.468072831196366,1021600
2010-08-03,35.504188537597656,35.56437627921411,35.34769122510063,35.379793394917016,1705900
2010-08-04,35.4841423034668,35.54834361493633,35.427965007893576,35.54433313770467,1844200
2010-08-05,35.46809768676758,35.47612476556265,35.37179417126161,35.44803305121346,708100
2010-08-06,35.460060119628906,35.468084133924336,35.259426086486926,35.44801950603718,830300
2010-08-09,35.39586639404297,35.54834720292729,35.347713109505825,35.54834720292729,1266200
2010-08-10,35.38380432128906,35.43195757246144,35.291511355233126,35.40386894130202,1271500
2010-08-11,34.922367095947266,35.19121602548542,34.87020333782934,35.147076283449834,1558600
2010-08-12,34.801971435546875,34.96648970681348,34.589296845647176,34.7698692640792,1261600
2010-08-13,34.95449447631836,35.04277402401632,34.76991135905685,34.898317138953345,776300
2010-08-16,34.998592376708984,35.098909367900454,34.902288922366026,34.906299397782924,1087600
2010-08-17,35.13101577758789,35.22330570621503,35.09891360179063,35.13101577758789,860800
2010-08-18,35.19121551513672,35.21529368590072,35.1109631097448,35.15108931244076,717000
2010-08-19,35.11897277832031,35.235340861601074,35.0226693189069,35.19120113823831,882800
2010-08-20,35.20325469970703,35.219302730986406,35.09491058925739,35.11898569760935,557700
2010-08-23,35.20325469970703,35.23535382369868,35.13905032885792,35.23134334659529,633300
2010-08-24,35.01864242553711,35.139023999963484,35.01061841590963,35.11494890965045,1000800
2010-08-25,34.97052001953125,35.038734870550165,34.82606324006,34.99058159024873,788400
2010-08-26,34.922367095947266,35.086888509249555,34.83007713455146,34.99860902517838,1012400
2010-08-27,34.91834259033203,35.08286395196284,34.87420592359159,34.990570958120564,1302000
2010-08-30,34.98255157470703,35.082868595389094,34.922360750011286,34.922360750011286,620800
2010-08-31,34.97052001953125,35.06280997998436,34.95045538738073,34.99058159024873,1154800
2010-09-01,35.348411560058594,35.348411560058594,35.11803671427002,35.126121773306274,1697900
2010-09-02,35.40496063232422,35.40900315795946,35.299876550612964,35.37262659432944,603900
2010-09-03,35.510101318359375,35.510101318359375,35.356519018384056,35.45756073552404,999600
2010-09-07,35.457542419433594,35.46158186587764,35.303957115246426,35.43733285302574,883500
2010-09-08,35.46561050415039,35.51006906599594,35.429236999119865,35.45752853088106,835500
2010-09-09,35.607078552246094,35.61920305746058,35.497954921769164,35.61920305746058,789300
2010-09-10,35.70001983642578,35.716186862896954,35.57472615216045,35.65960381202036,957600
2010-09-13,35.885955810546875,35.89808031620199,35.74853755151325,35.80108118741436,1103500
2010-09-14,35.877838134765625,35.88188066082453,35.776796568100295,35.88188066082453,658700
2010-09-15,35.845542907714844,35.86574939106336,35.756625747049824,35.756625747049824,570800
2010-09-16,35.906131744384766,35.93038381860885,35.829342246050075,35.86571573207007,751400
2010-09-17,35.97083282470703,35.99104239117339,35.93041677532124,35.99104239117339,922800
2010-09-20,36.02743911743164,36.059773211186865,35.99106557461868,36.01127207055403,631900
2010-09-21,35.96678161621094,36.06378381158729,35.918283602068925,36.06378381158729,810900
2010-09-22,35.82126998901367,36.01122870664551,35.81723054482015,36.01122870664551,832700
2010-09-23,35.72834014892578,35.77683818387016,35.66771452169782,35.76875620589526,758800
2010-09-24,35.869789123535156,35.92637220617305,35.78087196980511,35.78087196980511,917200
2010-09-27,35.93040466308594,36.00315476087488,35.90615257479238,35.94252916545978,615900
2010-09-28,35.98295974731445,36.03550339023635,35.89000313584007,36.03550339023635,1038800
2010-09-29,36.06783676147461,36.13654744647918,36.01529619863331,36.051669722858676,826600
2010-09-30,36.24968338012695,36.269889848872545,36.063767216525825,36.164808810888054,2290800
2010-10-01,36.29728317260742,36.34203461004815,36.20371113872437,36.29321401360584,837800
2010-10-04,36.171199798583984,36.32172467494267,36.16306147324143,36.32172467494267,2490600
2010-10-05,36.30136489868164,36.33797803079421,36.23220158714685,36.30950011564222,993500
2010-10-06,36.268829345703125,36.342058737053165,36.22814704025554,36.29730726990253,1990200
2010-10-07,36.34205627441406,36.41121649937457,36.26068856517164,36.350191493407934,1371700
2010-10-08,36.4640998840332,36.48444258546884,36.354257366317945,36.394939665328764,1524800
2010-10-11,36.54139709472656,36.569875013383566,36.464098556717396,36.4763060394507,644900
2010-10-12,36.50883483886719,36.59426855932441,36.48035693204811,36.52103921266693,855200
2010-10-13,36.63090133666992,36.71633509573136,36.54139841655019,36.58614987661005,880300
2010-10-14,36.45596694946289,36.66751677988741,36.43155818929947,36.663450722433936,994400
2010-10-15,36.54952621459961,36.614620362875215,36.50884392385727,36.52918662115835,524200
2010-10-18,36.50074005126953,36.655334130387814,36.50074005126953,36.59430908994079,516300
2010-10-19,36.496639251708984,36.59427736947253,36.484434874971015,36.52918632558343,601800
2010-10-20,36.61056137084961,36.622765751075974,36.46817176177426,36.54140114699311,965600
2010-10-21,36.5535888671875,36.663434446881794,36.5535888671875,36.65122696835855,521000
2010-10-22,36.72040557861328,36.72854079716226,36.61869827551797,36.643107035025466,418000
2010-10-25,36.8627815246582,36.92787256051574,36.797687384941256,36.80582570433558,1051500
2010-10-26,36.91975784301758,36.927893063069206,36.83839322705676,36.85466366716001,568100
2010-10-27,36.87904357910156,36.940068540124216,36.83022298951175,36.89938316353681,910700
2010-10-28,36.89939498901367,36.98076266440665,36.838373112293255,36.976693504672134,1078600
2010-10-29,36.91568374633789,36.98077791349396,36.88313976662059,36.94416166850349,898000
2010-11-01,36.84647750854492,37.02258061356167,36.83828492251284,36.98162705706952,921400
2010-11-02,37.02666091918945,37.030754085882066,36.88741513777243,36.94065442576894,859800
2010-11-03,37.14950180053711,37.186362153072245,36.99797035043145,37.043020156556025,1301600
2010-11-04,37.63279724121094,37.665561336400884,37.29287678386644,37.29697307690421,1495800
2010-11-05,37.591827392578125,37.632780931538655,37.48124940037447,37.58773110131565,1281500
2010-11-08,37.48124694824219,37.591824933211505,37.45257916038987,37.55496456337022,1178800
2010-11-09,37.374786376953125,37.55088947986538,37.30925818770389,37.55088947986538,705400
2010-11-10,37.067596435546875,37.370656224851594,37.055310692332974,37.370656224851594,1250800
2010-11-11,36.920188903808594,37.07581364193012,36.78094308586361,37.038956384699574,1051000
2010-11-12,36.7850341796875,36.96113722997596,36.7850341796875,36.91608739446809,1088500
2010-11-15,36.71540451049805,36.9406505123641,36.69082989017211,36.92836476447833,1071300
2010-11-16,36.309959411621094,36.735879921976085,36.24033496561965,36.686736930156734,1674100
2010-11-17,36.494285583496094,36.60076737170081,36.449235716353996,36.551621209939256,1827000
2010-11-18,36.95703887939453,36.95703887939453,36.686743005960324,36.785032130431404,1197000
2010-11-19,36.944766998291016,36.944766998291016,36.79323540090789,36.858763591524195,592000
2010-11-22,36.68674850463867,36.83827694329401,36.67036646067896,36.76046614017965,424600
2010-11-23,36.182987213134766,36.60481441522306,36.17070146931524,36.60481441522306,1975700
2010-11-24,36.40007781982422,36.45741342778335,36.273120848565604,36.273120848565604,690700
2010-11-26,36.26902770996094,36.39598781681888,36.24855249079818,36.35503112938025,365000
2010-11-29,36.363216400146484,36.457409263367296,36.23625944338977,36.24854519732675,598300
2010-11-30,36.44511795043945,36.498360375453196,36.211679287575514,36.28130063230299,1459300
2010-12-01,36.782352447509766,36.794719917337105,36.605078040862004,36.6834095435528,1710800
2010-12-02,36.802955627441406,36.82357016944075,36.69164527852248,36.79883523531154,775600
2010-12-03,36.86482620239258,36.877193679553265,36.7576393034399,36.774127176094105,1621000
2010-12-06,36.844181060791016,36.8647924554106,36.78646412331666,36.8647924554106,776300
2010-12-07,37.033843994140625,37.06682601874413,36.967879944933614,37.029720454730445,946300
2010-12-08,36.91425704956055,37.10389882165306,36.860663661361514,36.992588509136155,1216200
2010-12-09,36.8359375,36.96786239042939,36.83181396254791,36.96786239042939,457200
2010-12-10,36.85243606567383,36.94313503620398,36.81945404996502,36.897785550938906,613100
2010-12-13,36.66688919067383,36.92661528520282,36.617416205619676,36.856530915377874,1176600
2010-12-14,36.848331451416016,36.8565785322477,36.64219846538033,36.8565785322477,1366900
2010-12-15,36.70402526855469,36.85656475351691,36.65455538341775,36.85656475351691,566500
2010-12-16,36.84004592895508,36.84004592895508,36.60093118019737,36.650404173320545,498600
2010-12-17,36.89364242553711,36.91013342463632,36.786455649396935,36.835925501358105,989700
2010-12-20,36.959625244140625,36.959625244140625,36.89778475235956,36.95137816772285,587700
2010-12-21,37.03794860839844,37.05856315132766,36.96374380266357,37.02558114077596,785400
2010-12-22,37.1410026550293,37.16161719108867,37.009077802124445,37.04205980168481,803000
2010-12-23,37.1781120300293,37.20697049629051,37.1533771004731,37.1657445652512,560500
2010-12-27,37.20699691772461,37.25234641767252,37.15340348384943,37.23585540447881,590800
2010-12-28,37.23062515258789,37.30116051275558,37.15178965265,37.288713468676086,575100
2010-12-29,37.35511016845703,37.36755721633828,37.226486452915175,37.276274644440136,535700
2010-12-30,37.396583557128906,37.40073362630333,37.326048209039996,37.40073362630333,335400
2010-12-31,37.46299362182617,37.47129059938801,37.36341406319862,37.39660513902307,715700
2011-01-03,37.49203872680664,37.63725957958924,37.45469441290416,37.46299455625012,1448800
2011-01-04,37.662174224853516,37.66632429879055,37.54185057088976,37.575041665649294,1077800
2011-01-05,37.757572174072266,37.76172224418893,37.604051235515385,37.60820130563205,2537800
2011-01-06,37.80323028564453,37.80738035760958,37.628965250041134,37.77418611304397,2046600
2011-01-07,37.65799331665039,37.807364187733675,37.633096061085816,37.807364187733675,917900
2011-01-10,37.62895965576172,37.64555677557704,37.57916829631575,37.59576541613107,517400
2011-01-11,37.774173736572266,37.79491775844608,37.69533822295324,37.720235481008714,493300
2011-01-12,37.8530158996582,37.894507116270766,37.77833044352482,37.77833044352482,609600
2011-01-13,37.844722747802734,37.94430231918296,37.828125624976444,37.857169798528076,1563900
2011-01-14,37.90695571899414,37.923552839435075,37.85716435767132,37.90280564748964,912500
2011-01-18,37.90279006958008,37.96502845425958,37.86129886831898,37.96502845425958,1186800
2011-01-19,37.786651611328125,37.919425488835245,37.78250153733695,37.869634097677974,1073200
2011-01-20,37.711952209472656,37.8115317895104,37.658013929780914,37.78663768589541,766000
2011-01-21,37.86547088623047,37.898661967132576,37.74929418912915,37.74929418912915,681100
2011-01-24,37.91940689086914,37.944300991448735,37.87791566804402,37.87791566804402,697300
2011-01-25,37.97750473022461,37.97750473022461,37.89452226382895,37.93601349702678,686400
2011-01-26,38.05635070800781,38.05635070800781,37.97751512744415,38.023156446130585,985500
2011-01-27,38.10614013671875,38.11029021097902,38.04390485071049,38.07709594805518,679400
2011-01-28,37.87791061401367,38.12686108332447,37.8696104712097,38.12271101192248,2015100
2011-01-31,38.081233978271484,38.081233978271484,37.9069689014053,37.97750431362569,1183200
2011-02-01,38.15595626831055,38.189361709576964,38.0891390137336,38.130898204833166,944600
2011-02-02,38.197715759277344,38.214420073052715,38.155956567849955,38.20606632315399,550400
2011-02-03,38.197715759277344,38.235298075755374,38.11419419040048,38.20189263422671,1240800
2011-02-04,38.36478042602539,38.373130995281564,38.21861838283719,38.2937862502393,1667600
2011-02-07,38.435733795166016,38.43991066871788,38.33133425851661,38.42320636053145,2260600
2011-02-08,38.47751998901367,38.48587374198285,38.41905646232244,38.46916942206775,2632400
2011-02-09,38.26038360595703,38.477533468881184,38.26038360595703,38.477533468881184,936900
2011-02-10,38.30215072631836,38.38149549356928,38.21027850866467,38.25203773868225,801800
2011-02-11,38.39818572998047,38.39818572998047,38.264554320266406,38.364780267070046,586700
2011-02-14,38.42740249633789,38.42740249633789,38.360588410582174,38.360588410582174,660000
2011-02-15,38.352256774902344,38.44412898356572,38.323024998148064,38.44412898356572,1109100
2011-02-16,38.36478042602539,38.456649431939844,38.36478042602539,38.423243968891015,1378100
2011-02-17,38.45246124267578,38.46081180878356,38.40234828796031,38.4190526061988,658800
2011-02-18,38.56939697265625,38.57357384966251,38.4649973496653,38.49422911666183,870300
2011-02-22,38.25200271606445,38.51926536670771,38.24782584107943,38.49838736382683,1305600
2011-02-23,38.28960037231445,38.34806389657308,38.24783798125276,38.26454230047281,1062700
2011-02-24,38.31884765625,38.38148808219316,38.29796645226081,38.35643000020125,857300
2011-02-25,38.435733795166016,38.45243810335244,38.32715738496476,38.33968481959932,1907800
2011-02-28,38.62785339355469,38.64038083624296,38.410703619570796,38.47751770924928,4044100
2011-03-01,38.568599700927734,38.65264738665252,38.52657746111103,38.648444200843436,1692100
2011-03-02,38.60221862792969,38.61062179342441,38.5349804796064,38.55599320248027,1271400
2011-03-03,38.740901947021484,38.75350830060098,38.62323837215695,38.62323837215695,1615300
2011-03-04,38.66106414794922,38.74931184442539,38.63164824912383,38.7409086759435,1057200
2011-03-07,38.669437408447266,38.71986599861332,38.62741518635389,38.71566281457698,1086800
2011-03-08,38.635841369628906,38.686266779566665,38.62323501714447,38.661054074597786,971400
2011-03-09,38.52656173706055,38.665237957339244,38.51395539086977,38.64422524296123,1241700
2011-03-10,38.324859619140625,38.57699942678683,38.31225326997648,38.55178352236771,1098400
2011-03-11,38.31645965576172,38.38789777771988,38.26603104880184,38.287043769891234,1023500
2011-03-14,38.160972595214844,38.35007746050058,38.13996308091043,38.27863613481077,1643400
2011-03-15,37.96348190307617,38.026516886959044,37.610491123080024,37.778583344736866,1598300
2011-03-16,37.72814178466797,38.081135649763965,37.70292908219374,37.97187526222338,2882900
2011-03-17,38.13574981689453,38.139953001080976,37.91302914636533,37.91302914636533,1634200
2011-03-18,38.31645965576172,38.438326384679755,38.24922151314855,38.299650120108424,1300400
2011-03-21,38.55179214477539,38.56860168278411,38.41311906686367,38.44673493678956,943800
2011-03-22,38.572784423828125,38.58959395292718,38.46352408772918,38.50134632972453,2285400
2011-03-23,38.52656173706055,38.58539349001089,38.46352680001659,38.530764921154166,749400
2011-03-24,38.56020736694336,38.59802643157433,38.513981928332875,38.56020736694336,923100
2011-03-25,38.572784423828125,38.602200298229015,38.5601780785263,38.593793930634554,478500
2011-03-28,38.58540725708008,38.61902632964398,38.53077866873217,38.61902632964398,844000
2011-03-29,38.606449127197266,38.623258676170586,38.5266045710974,38.53500774253724,1010700
2011-03-30,38.66523742675781,38.68624693475745,38.55597708445361,38.640021528632204,1868800
2011-03-31,38.644229888916016,38.67364576892767,38.60641084579694,38.67364576892767,924100
2011-04-01,38.59773635864258,38.70344882817264,38.59773635864258,38.64425010332289,1322400
2011-04-04,38.83452606201172,38.84298486505193,38.627330552760185,38.6653887142649,3254100
2011-04-05,38.79224395751953,38.864130883145855,38.74995961814942,38.74995961814942,1338100
2011-04-06,38.876808166503906,38.89372254412133,38.83452060941651,38.86412318981275,835300
2011-04-07,38.914859771728516,38.931774147900796,38.8683460437766,38.872575444341514,1156700
2011-04-08,38.914859771728516,38.95291792463799,38.86411986929907,38.940229722943236,1168900
2011-04-11,38.876808166503906,38.97406180519453,38.87257876557763,38.936006875121066,1045900
2011-04-12,38.754180908203125,38.893722102396346,38.74149593165604,38.893722102396346,940100
2011-04-13,38.94024658203125,38.94024658203125,38.83030792844484,38.847222311940165,1128100
2011-04-14,38.78379821777344,38.910651268060654,38.7499694472612,38.90219568847716,1538700
2011-04-15,38.83452606201172,38.85989924504423,38.80070052811522,38.838755463531825,658300
2011-04-18,38.69919204711914,38.77530510037574,38.656907734440196,38.77530510037574,1736400
2011-04-19,38.83452606201172,38.84298486505193,38.73727240966611,38.74995738813831,1020800
2011-04-20,38.98252487182617,38.99943925129407,38.86412744163889,38.902182375875654,716400
2011-04-21,39.07554626464844,39.08400184002247,38.948690051425444,39.037488110246535,632000
2011-04-25,39.03327941894531,39.09247815623442,39.029053242059824,39.09247815623442,978700
2011-04-26,39.122047424316406,39.122047424316406,39.04170818614531,39.092448078445635,575400
2011-04-27,39.14742660522461,39.14742660522461,39.1051422797886,39.10936845407114,738800
2011-04-28,39.168575286865234,39.181263490608806,39.1347497551461,39.14743473280177,697600
2011-04-29,39.261619567871094,39.261619567871094,39.18973584631965,39.223564618610666,799000
2011-05-02,39.24160385131836,39.32244198289595,39.233092524129006,39.27563942171514,848700
2011-05-03,39.25011444091797,39.326700159915795,39.18629246739971,39.32244449604914,977700
2011-05-04,39.237335205078125,39.305409569467805,39.19478832156968,39.305409569467805,959400
2011-05-05,39.075679779052734,39.23736259381055,39.05440794550977,39.23736259381055,1300000
2011-05-06,39.27565002441406,39.33521634633898,39.19055620627021,39.19055620627021,968900
2011-05-09,39.32667541503906,39.36071421231385,39.26710914286737,39.30965601640167,620500
2011-05-10,39.41179656982422,39.41179656982422,39.28415586045753,39.28415586045753,723600
2011-05-11,39.35221481323242,39.45433123599696,39.30115984796951,39.437311832202866,595200
2011-05-12,39.39052200317383,39.39052200317383,39.254369974974644,39.34371943915657,1129800
2011-05-13,39.22883224487305,39.39902306131315,39.22883224487305,39.39902306131315,1053400
2011-05-16,39.3054313659668,39.34372585464368,39.2543763758922,39.2543763758922,540400
2011-05-17,39.37350845336914,39.394780283556905,39.19055383392577,39.30117838771315,1674000
2011-05-18,39.420291900634766,39.42454756305615,39.32668680408017,39.347961870067785,813000
2011-05-19,39.40327453613281,39.42880201974351,39.36072764807516,39.42880201974351,715900
2011-05-20,39.37350845336914,39.40329161252872,39.318197799535895,39.40329161252872,538900
2011-05-23,39.186283111572266,39.29265196000005,39.177775031990684,39.254360732703475,1204800
2011-05-24,39.122474670410156,39.301176864562755,39.11396658788897,39.275646124757664,808100
2011-05-25,39.122474670410156,39.16502482137839,39.1012028410468,39.15651349273644,1407900
2011-05-26,39.088462829589844,39.14377351486536,39.088462829589844,39.131009760272754,787900
2011-05-27,39.20757293701172,39.2543755076255,39.101204048547835,39.12247587856809,1225700
2011-05-31,39.31394577026367,39.33947326729778,39.254379446436644,39.31394577026367,1848000
2011-06-01,39.08531951904297,39.33789558268721,39.021104213770776,39.282244060051895,2091600
2011-06-02,39.05964279174805,39.12814000825056,39.04251848762242,39.11101570412494,1177000
2011-06-03,38.90552520751953,38.99114672349699,38.879840385789734,38.93977381391051,1141100
2011-06-06,38.811336517333984,38.961170049332225,38.77280602846241,38.93120334293258,1660100
2011-06-07,38.781402587890625,38.92695763005648,38.7599996440712,38.914115210539,995500
2011-06-08,38.597312927246094,38.7771132832488,38.58874913917272,38.76854949517543,1642600
2011-06-09,38.62300109863281,38.717183178814025,38.580191952949114,38.618719204225904,1480700
2011-06-10,38.37040328979492,38.678634217543504,38.28906693161959,38.64438561087657,3870000
2011-06-13,38.22484588623047,38.52451298437176,38.22484588623047,38.421770445884235,2015400
2011-06-14,38.4645881652832,38.53736401022901,38.44318523413116,38.515961079076966,1253000
2011-06-15,38.30192947387695,38.464605541856194,38.259120326106476,38.34902051626306,1319400
2011-06-16,37.621238708496094,38.40037668196376,37.51421424364544,38.27623117692917,7149900
2011-06-17,38.0364875793457,38.177760632397344,37.8010357570532,38.053611882696835,3486900
2011-06-20,38.30192947387695,38.34473862164742,38.07503805117769,38.07931667966471,1555600
2011-06-21,38.55875015258789,38.563032043042085,38.34041946518003,38.36610754177977,2212000
2011-06-22,38.280521392822266,38.545943321810675,38.27624276454472,38.486009864640465,1667400
2011-06-23,38.485992431640625,38.528801557924034,38.02792792154149,38.207728211608,2999800
2011-06-24,38.30192947387695,38.550227103525756,38.241996013772564,38.550227103525756,1416400
2011-06-27,38.293365478515625,38.35758083288997,38.25483822556817,38.319053579942526,1137600
2011-06-28,38.44749450683594,38.44749450683594,38.366158077822206,38.40040344818758,1477500
2011-06-29,38.82847213745117,38.849878335547004,38.50739876277723,38.57161409093747,1752700
2011-06-30,39.089599609375,39.21374833325424,38.82845975330594,38.82845975330594,2514300
2011-07-01,39.297298431396484,39.400700117287464,39.1378848967093,39.374850517584804,1749800
2011-07-05,39.348995208740234,39.35330128334569,39.168041462915504,39.23266545279587,2253200
2011-07-06,39.36622619628906,39.370532270547535,39.172344381031316,39.20250333623858,1969400
2011-07-07,39.52132034301758,39.52132034301758,39.34036337043878,39.456693087602204,2662100
2011-07-08,39.41360092163086,39.43083178478499,39.26711228819627,39.275731006851395,1771000
2011-07-11,39.0258674621582,39.262829794064274,39.012942662409905,39.211130595071104,1967100
2011-07-12,38.91814422607422,39.06032355293702,38.91383486514766,39.000002361203094,1407200
2011-07-13,39.219730377197266,39.2369645323424,39.00861772905765,39.03446731823585,1056800
2011-07-14,39.19818115234375,39.422218543654466,39.12493518801761,39.150788058341405,823300
2011-07-15,39.185218811035156,39.28000491616117,39.159369250391826,39.28000491616117,688800
2011-07-18,39.116336822509766,39.20681369042272,38.99570099862583,39.09910266380068,2103500
2011-07-19,39.2929573059082,39.305885382389214,39.081844742472384,39.11200368010607,894100
2011-07-20,39.32744216918945,39.38345399630267,39.29297385820887,39.38345399630267,878500
2011-07-21,39.51702880859375,39.538569045396336,39.357615278269456,39.40069903895487,936300
2011-07-22,39.5687141418457,39.577332863210955,39.43946290507864,39.465312495016235,670000
2011-07-25,39.35760498046875,39.52563390413376,39.35329561940367,39.443775766373484,1050600
2011-07-26,39.439456939697266,39.482540678769695,39.34898010152159,39.396373200624836,570200
2011-07-27,39.12926483154297,39.456707299733104,39.12926483154297,39.430854416007605,1158100
2011-07-28,39.18955993652344,39.284346118489495,39.133551414033505,39.17232578643161,689700
2011-07-29,39.22834396362305,39.24126875652039,38.95260409155115,38.98276303733781,1199100
2011-08-01,39.31547927856445,39.44985637839562,39.12042033380916,39.354493051771165,907000
2011-08-02,38.82999801635742,39.228787102593124,38.82566241776343,39.224451503999134,1286700
2011-08-03,38.80830383300781,38.99469479379275,38.496207032894326,38.84298199015178,2361600
2011-08-04,37.68996047973633,38.73028211097834,37.67262470714628,38.57856929763064,3396500
2011-08-05,37.65093994140625,38.201441518632606,36.67563929354892,37.90235156877784,4671900
2011-08-08,36.04713821411133,37.21749847006344,35.68735960174426,36.354899565756625,6491600
2011-08-09,37.14812469482422,37.14812469482422,35.99943966317156,36.51959879799197,5124100
2011-08-10,36.51961135864258,36.970417640514285,36.36356290310652,36.90973249748273,3395000
2011-08-11,37.18281555175781,37.239168403788995,36.26386721257883,36.26386721257883,2916900
2011-08-12,37.00944137573242,37.36922007210547,36.85772846373579,37.269524432976304,2273600
2011-08-15,37.611942291259766,37.66395953862469,37.13946469595606,37.26517056343575,3280700
2011-08-16,37.37355422973633,37.61629487956594,37.3302081575658,37.507928045592955,2712000
2011-08-17,37.78532791137695,37.78966350854595,37.538251786210864,37.551255270626186,1668900
2011-08-18,37.32585906982422,37.37787632188744,36.89239189057376,37.35620164008807,2342700
2011-08-19,37.000736236572266,37.52956640354462,36.88369831721143,36.96172249442195,1879400
2011-08-22,37.044090270996094,37.43421124134314,36.996408635337524,37.27816285320433,1681100
2011-08-23,37.32154846191406,37.38223364307551,36.71469334320523,36.96610526921371,2588800
2011-08-24,37.1524772644043,37.304190139112706,36.92707575156505,37.06144953957926,2550900
2011-08-25,36.85335922241211,37.47755269864913,36.84469133839345,37.3735215549731,1678800
2011-08-26,37.22616195678711,37.29985389419969,36.54128629396861,36.86638669406765,1629000
2011-08-29,37.60327911376953,37.64662517179059,37.35620294524805,37.48190882847368,2082100
2011-08-30,37.67259216308594,37.69426351364802,37.49053363725152,37.5425508313597,1774500
2011-08-31,38.158111572265625,38.30982440892167,37.95871708593313,38.05408038528602,3213700
2011-09-01,38.13326644897461,38.22051661024656,38.05473997247773,38.168164516455214,1624000
2011-09-02,37.954383850097656,38.198686864971044,37.766793084140176,37.766793084140176,1814600
2011-09-06,37.50502395629883,37.64898960016982,37.30870626146268,37.41341036339299,3004100
2011-09-07,37.688262939453125,37.84967931750642,37.56611144400895,37.77551305666221,916900
2011-09-08,37.806053161621094,37.88893977205044,37.688261845591114,37.76242477590419,1533100
2011-09-09,37.465797424316406,37.86715690233415,37.356733036151134,37.75809251416888,1978400
2011-09-12,37.142940521240234,37.28254270255193,36.99897483565609,37.21710345197926,2110000
2011-09-13,37.42649459838867,37.51810818408406,37.142926835973036,37.230176919003696,2331900
2011-09-14,37.675167083740234,37.76241718086864,37.36978841541295,37.548652113039545,1648300
2011-09-15,37.9282112121582,37.93693489378298,37.67954468111308,37.76243130587539,1534000
2011-09-16,37.90639114379883,38.01981895762558,37.77987614537257,38.01981895762558,1217200
2011-09-19,37.84969711303711,37.923860080371384,37.683917152666154,37.840970100185906,1251000
2011-09-20,37.91075134277344,37.98927777190256,37.766785667973664,37.91947502228632,1509100
2011-09-21,37.583553314208984,37.98927258794927,37.57918981085883,37.91074616953574,2524900
2011-09-22,37.0731201171875,37.308695960544334,36.98586672300287,37.15600668119207,2295700
2011-09-23,37.17348098754883,37.35234806303299,36.95098885143252,36.964079365163066,2251300
2011-09-26,37.313087463378906,37.68390551390244,37.08623512501436,37.25201170580464,2451400
2011-09-27,37.356693267822266,37.53556027162206,37.29998104456687,37.53556027162206,3481300
2011-09-28,36.937896728515625,37.34361606208082,36.868097306510194,37.33489238247202,2696800
2011-09-29,36.86809539794922,37.204011963741166,36.80265615494663,37.08186048527136,1643100
2011-09-30,36.135169982910156,36.63686622460528,36.09154494632296,36.63686622460528,2510700
2011-10-03,35.6995735168457,36.20893836425892,35.6995735168457,35.97181903265497,2560600
2011-10-04,35.58979415893555,35.64687713630963,34.206599813652524,35.39658508145929,4870500
2011-10-05,36.0245475769043,36.055285111136655,35.449315143353004,35.7566904856766,2563800
2011-10-06,36.58219909667969,36.5865911282449,35.96305665152447,36.134309031044324,2317200
2011-10-07,36.612953186035156,36.7973817437112,36.30118580658901,36.78859767660567,2686900
2011-10-10,37.398929595947266,37.403321625966456,36.82808964853319,37.05203292745216,2014300
2011-10-11,36.986202239990234,37.337487901908226,36.964245420433976,37.337487901908226,2278800
2011-10-12,37.84684371948242,37.886361961030076,37.069618134320315,37.22330576834867,4223000
2011-10-13,37.688758850097656,37.77218735411626,37.37259956080543,37.69314753179321,3361300
2011-10-14,37.95222473144531,37.96539747712996,37.76340755964156,37.89953039856795,2760400
2011-10-17,37.732666015625,37.79414105569523,37.644845486992786,37.772184248467966,1904100
2011-10-18,37.93465805053711,38.01808990253892,37.51311345908452,37.72827611146229,2890000
2011-10-19,37.81169891357422,38.299110463626526,37.78974211036408,38.00490806138243,3574500
2011-10-20,38.14540481567383,38.14979349412595,37.85119920270661,37.93902302379243,1759800
2011-10-21,38.60649490356445,38.615278967018696,38.312292430481136,38.400112964191834,2405600
2011-10-24,39.651580810546875,39.73062063784909,38.57576075281454,38.64162783392287,5630300
2011-10-25,38.94899368286133,39.44518933738822,38.931432258931935,39.2607642348867,4506500
2011-10-26,39.11585998535156,39.30028510022444,38.839218962903914,39.30028510022444,2839500
2011-10-27,39.691104888916016,40.143387108858256,39.51985246292118,39.84479253402172,5132100
2011-10-28,39.57254409790039,39.607670307135805,39.44959064008932,39.59010887758769,2820700
2011-10-31,39.20367431640625,39.3749266603178,39.16854477146598,39.37053797980361,2972600
2011-11-01,38.503997802734375,38.92362582772317,38.318479747051036,38.663014241889215,3132800
2011-11-02,38.87063980102539,38.95014806269087,38.63211501602895,38.70720521593698,1812500
2011-11-03,39.254947662353516,39.307950946919235,38.92366365383696,39.17543936550973,1409900
2011-11-04,39.21515655517578,39.25049429309701,38.901541713607216,39.038471235561786,3759500
2011-11-07,39.082664489746094,39.219594079659025,38.87947408085137,39.193092448061385,1756000
2011-11-08,39.17100524902344,39.232844635671015,39.016406782404495,39.201924942347226,1823800
2011-11-09,38.340614318847656,38.85741670331925,38.340614318847656,38.74257060566019,2151500
2011-11-10,38.38032913208008,38.742532589286085,38.37149638092556,38.680693221226,2487700
2011-11-11,38.88828659057617,38.91920626532934,38.57467178379634,38.60559145854951,1270200
2011-11-14,38.62770462036133,38.81764087370192,38.428935611746596,38.81764087370192,1603100
2011-11-15,38.52611541748047,38.60562370038953,38.38476773341933,38.56586787393769,1450000
2011-11-16,38.15064239501953,38.48192618437193,38.141806273440736,38.41566875250285,1788500
2011-11-17,37.965110778808594,38.327314157027885,37.77959271508478,38.21247156709909,2131700
2011-11-18,37.938621520996094,38.12413964515908,37.894451020480126,38.11088883200361,2226100
2011-11-21,37.510154724121094,37.951866400203514,37.46598423051138,37.89444509551016,3219000
2011-11-22,37.223045349121094,37.6073357606545,37.18771097253775,37.50132589091849,4123400
2011-11-23,36.5516357421875,37.19211622894801,36.49862913576903,37.10819331460894,4483000
2011-11-25,36.5516357421875,36.966845734151825,36.45445864874971,36.6576455850323,1476200
2011-11-28,37.36882019042969,37.510167841405554,37.112626519912865,37.33790049709103,2455000
2011-11-29,37.61176300048828,37.61176300048828,37.37765626977491,37.51016779678562,2010300
2011-11-30,38.25224304199219,38.28758079648675,38.018136315954756,38.119731517628196,2944100
2011-12-01,38.42070007324219,38.460706116208485,38.158425800546986,38.229552176699,2442000
2011-12-02,38.63853073120117,38.67409393038291,38.42071207132634,38.53629077292034,2664700
2011-12-05,38.856361389160156,38.958601370086896,38.727447307192186,38.86969674393372,2719200
2011-12-06,39.029720306396484,39.05639101083371,38.73188274370924,38.83857234444502,2355600
2011-12-07,38.90523147583008,38.976357844090046,38.75853927640473,38.93190555967352,1740600
2011-12-08,38.65185546875,38.90523725822484,38.647412613692346,38.8474496190437,1994200
2011-12-09,38.98527908325195,39.00750693953048,38.67410944432081,38.718561765383164,1355900
2011-12-12,38.776309967041016,38.84298667917461,38.69629452098975,38.84298667917461,1772000
2011-12-13,38.62961959838867,38.98968745816635,38.61628425417341,38.90078290240367,1742400
2011-12-14,38.562957763671875,38.66520110360194,38.43848997001302,38.64297325838014,1317700
2011-12-15,38.70076370239258,38.829677752703084,38.64297604873335,38.82523150503906,1562200
2011-12-16,38.8830451965332,38.90082680605242,38.67411552405139,38.7852480399251,1383900
2011-12-19,38.83412551879883,39.09639648584552,38.82967927096096,38.91414102241354,2268000
2011-12-20,39.31864929199219,39.349766234290676,39.05637840568955,39.09194159445706,1957100
2011-12-21,39.429805755615234,39.429805755615234,39.16308846021256,39.21198702671074,1792300
2011-12-22,39.580963134765625,39.63430797124019,39.323134845715494,39.39870415376599,1885800
2011-12-23,39.76321029663086,39.78988440496255,39.50538545372132,39.55872688739466,1255200
2011-12-27,39.92194747924805,39.93536648134132,39.71176421305139,39.81461934580084,2282000
2011-12-28,39.734107971191406,40.02031849777002,39.69386121521876,39.984544740871655,1899200
2011-12-29,39.97116470336914,39.997999312071755,39.73861970332539,39.84594790243005,1558600
2011-12-30,39.99349594116211,40.09188147059537,39.91747200001799,39.96666476473462,1553400
2012-01-03,40.123207092285156,40.24395086264386,40.00245991002529,40.16792688086611,3118800
2012-01-04,40.05610275268555,40.11871110320668,39.85038911355909,40.11423810334111,3010000
2012-01-05,39.8817138671875,40.060596423219685,39.79674388539449,40.04270782642637,2579700
2012-01-06,39.756465911865234,39.97559507984584,39.68938457949207,39.97559507984584,1916400
2012-01-09,39.81011962890625,39.90403552103381,39.760930301840816,39.760930301840816,2157800
2012-01-10,39.94875717163086,40.015838492686285,39.89061843449722,39.98006133320369,2318000
2012-01-11,39.90851974487305,39.948769915105004,39.8190802295335,39.9219353309841,1191100
2012-01-12,39.854881286621094,39.99798664407086,39.81910409428344,39.90854366322672,1558100
2012-01-13,39.81011962890625,39.85931236786924,39.599936503761505,39.832481205488534,1929400
2012-01-17,39.89066696166992,39.971163962481846,39.82805856236086,39.971163962481846,4144200
2012-01-18,40.002464294433594,40.006937297352295,39.778861915120046,39.89513610769552,2725800
2012-01-19,40.06056213378906,40.181305793918426,40.006896389343765,40.12317046302622,2953000
2012-01-20,40.06056213378906,40.13211304781808,40.0426735523073,40.073977716925874,2037500
2012-01-23,40.19926834106445,40.25740377892443,40.0964130731657,40.14560249787532,1680100
2012-01-24,40.302085876464844,40.32444406270659,40.123203327026616,40.199227301670085,2863800
2012-01-25,40.655357360839844,40.69560412281017,40.21262250777158,40.38256237893281,3882800
2012-01-26,40.75373458862305,40.910258853705685,40.659822076712686,40.82976192751128,6487500
2012-01-27,40.60616683959961,40.776103308237,40.60616683959961,40.7000793679439,2431100
2012-01-30,40.47648620605469,40.5748717564351,40.40493183781436,40.454124613004566,2553000
2012-01-31,40.57935333251953,40.637492126863805,40.48544075538772,40.583826334830874,2864400
2012-02-01,40.65442657470703,40.798335909635924,40.60045928745775,40.60045928745775,4284200
2012-02-02,40.68144226074219,40.75339870345154,40.65895844569954,40.73990429713951,2079600
2012-02-03,40.79832077026367,41.03217206609503,40.73536067403724,41.02317923709179,2312900
2012-02-06,40.807342529296875,40.81633879574586,40.69941134940147,40.762371490262986,2270500
2012-02-07,40.88832092285156,40.919801015725696,40.775891529576406,40.82985887353468,2467000
2012-02-08,40.92427444458008,40.96474735480913,40.83882705933558,40.94226354837212,3336000
2012-02-09,40.942264556884766,40.96474836387561,40.77586791601268,40.95125739346694,3258700
2012-02-10,40.58697509765625,40.75337168781237,40.58697509765625,40.7353825890601,2909600
2012-02-13,40.703914642333984,40.79835486559768,40.62296538938356,40.6994165085393,2193100
2012-02-14,40.703914642333984,40.76687479117645,40.64994733001011,40.68142740443134,3000100
2012-02-15,40.57347106933594,40.820813377644434,40.56447480732114,40.71288225094743,1986600
2012-02-16,40.744380950927734,40.753377217059324,40.47005316210816,40.57348963620006,2514100
2012-02-17,40.730892181396484,40.861310598782495,40.67692487490456,40.8523143321653,2402700
2012-02-21,40.8837890625,40.96473485826508,40.76686163905654,40.78035260501739,2265100
2012-02-22,41.014217376708984,41.03670461467959,40.91078431661409,40.93776625732219,3570600
2012-02-23,41.1626091003418,41.25704928761221,41.01420162131566,41.041186982728256,3212300
2012-02-24,41.288543701171875,41.306532804676465,41.14013960163268,41.17161967499805,1795500
2012-02-27,41.29753875732422,41.351502635184715,41.189604139462084,41.189604139462084,1608100
2012-02-28,41.378482818603516,41.42795198782198,41.3065264157148,41.329013649385054,2813200
2012-02-29,41.43245315551758,41.49091859975613,41.27055465482273,41.418962185638115,3085800
2012-03-01,41.50347137451172,41.54418156997171,41.390382896652014,41.45823667360513,3802800
2012-03-02,41.33160400390625,41.49445179006079,41.31803047906952,41.49445179006079,1709000
2012-03-05,41.100894927978516,41.38135572008887,41.096370420521964,41.36778219771921,2333700
2012-03-06,40.55352020263672,41.04658420438899,40.55352020263672,40.956114821868525,5792700
2012-03-07,40.66660690307617,40.71636609667282,40.548993949921766,40.68017696475061,5840700
2012-03-08,40.98324966430664,40.99229867210385,40.72993266494924,40.824926539708265,2249700
2012-03-09,41.02850341796875,41.13707085488093,40.99683877833275,41.02398236315424,2531300
2012-03-12,41.02850341796875,41.03755242997154,40.93803400506215,40.99231772351824,2153000
2012-03-13,41.32706069946289,41.32706069946289,41.05564899637695,41.15516742611878,2890700
2012-03-14,41.223018646240234,41.32253707811312,41.01493622104562,41.304442504028316,2928800
2012-03-15,41.08279037475586,41.25468365330256,41.04660122626588,41.25468365330256,1726800
2012-03-16,40.93349838256836,41.16419980937052,40.84755349900359,41.123489619974464,3570300
2012-03-19,41.08729934692383,41.10086940968024,40.86112243115459,40.93349724958411,2283900
2012-03-20,41.055641174316406,41.128016004129606,40.98778739867589,41.055641174316406,2756600
2012-03-21,40.92446517944336,41.13254759638898,40.91541616716612,41.13254759638898,3280100
2012-03-22,41.02397918701172,41.06468938431178,40.90636619838942,40.91541175850501,3500900
2012-03-23,40.93802261352539,41.05111107378375,40.892787919659234,41.01040088465998,3465200
2012-03-26,41.18681716918945,41.19133822258814,40.969685814549266,40.99230488628592,2081200
2012-03-27,41.25918960571289,41.30442429539009,41.13705559846588,41.16872022635848,4196700
2012-03-28,41.12349319458008,41.27729185835963,41.06016047581563,41.27729185835963,2803700
2012-03-29,41.118961334228516,41.141576953640346,40.98325381301502,41.082772201746835,2158600
2012-03-30,41.03752136230469,41.19584444062538,40.97871318236824,41.15060976841722,4020300
2012-04-02,41.10810089111328,41.1718129349271,41.048937227539035,41.12175297592396,5883800
2012-04-03,41.07170104980469,41.19457330917837,41.067149196628876,41.099005224766245,4099700
2012-04-04,40.92148971557617,41.003405649595784,40.862329557912446,40.944245491932065,2297600
2012-04-05,40.821380615234375,40.91240027260636,40.77132067169101,40.898748192011794,3658900
2012-04-09,40.61201477050781,40.762194505580716,40.566506706800396,40.74399058568921,2692500
2012-04-10,40.411800384521484,40.6985044652982,40.37539252510853,40.62568874647229,4471100
2012-04-11,40.65755081176758,40.6803065953015,40.53467860800162,40.61204271674482,2003700
2012-04-12,41.021636962890625,41.053492987830005,40.65756513040088,40.69397300805912,2753500
2012-04-13,40.889644622802734,41.04892468366391,40.86234046152508,41.00796844174744,2767400
2012-04-16,40.953372955322266,41.03528894382018,40.82594885589136,40.976128746811916,3804300
2012-04-17,41.13084411621094,41.180904064148,41.026175841102685,41.07623578903975,2787400
2012-04-18,41.117183685302734,41.167243623074796,41.04437143984442,41.06712374753067,3322600
2012-04-19,41.03982162475586,41.18089774435826,40.99431353508199,41.103533644708214,2597800
2012-04-20,41.1035270690918,41.1672390788517,41.007959054451945,41.1672390788517,2241500
2012-04-23,41.01705551147461,41.03071105977708,40.88963150366872,40.966995583830325,2850700
2012-04-24,41.11265563964844,41.11265563964844,41.00343547219898,41.0625991449376,2049300
2012-04-25,41.41300582885742,41.41300582885742,41.16725790509564,41.21731786023484,3351000
2012-04-26,41.44031524658203,41.47672312257694,41.39480713761147,41.41301107560893,2641100
2012-04-27,41.422088623046875,41.48125225714813,41.36748031100787,41.47670040713013,2413000
2012-04-30,41.5040168762207,41.51312057895752,41.321984486027816,41.426652763184194,3989000
2012-05-01,41.535579681396484,41.72321104416709,41.52185098308773,41.57676577632274,3624600
2012-05-02,41.6957893371582,41.7278241578091,41.4623907915396,41.48985170319293,2040700
2012-05-03,41.66828918457031,41.75981615212736,41.62252220926179,41.736932664473095,1871900
2012-05-04,41.585933685302734,41.68203809530489,41.553898881968685,41.617968488636784,2381400
2012-05-07,41.65457534790039,41.75525715148631,41.4669439342888,41.572199644196594,1906100
2012-05-08,41.64542770385742,41.67746250858373,41.51728848495219,41.5950867976401,1688900
2012-05-09,41.49897003173828,41.581345718163675,41.3891369470147,41.54015612918557,3146800
2012-05-10,41.4532356262207,41.6591732410306,41.425774717121655,41.6362932235702,3354000
2012-05-11,41.55850601196289,41.71410624650088,41.40748667067552,41.43494409790332,2765200
2012-05-14,41.25186538696289,41.44865166193042,41.1877957617672,41.41661684933258,4544000
2012-05-15,41.05048370361328,41.270153387580514,41.05048370361328,41.233541191664116,5242100
2012-05-16,40.647762298583984,41.21066349483349,40.634033597229596,41.100826900935644,6224400
2012-05-17,40.08486557006836,40.65234422719585,39.984187251737765,40.647766829057076,8867800
2012-05-18,40.08486557006836,40.40521710067873,40.03452815666894,40.27707788504729,6525600
2012-05-21,40.50133514404297,40.52879255905348,40.12606867558999,40.13064607526939,4276900
2012-05-22,40.496742248535156,40.78048156402673,40.44640134592324,40.62030755186681,3675300
2012-05-23,40.45555877685547,40.583697994929764,40.24961775506593,40.40521787096459,4320900
2012-05-24,40.46468734741211,40.569946498281915,40.38688907893826,40.38688907893826,2183000
2012-05-25,40.33657455444336,40.565395605236226,40.31369105275122,40.53336079778651,1651500
2012-05-29,40.780494689941406,40.8445643154273,40.478449177051274,40.515061389195424,4380300
2012-05-30,40.597442626953125,40.64320615257382,40.5150668842226,40.60659742699718,2543300
2012-05-31,40.167213439941406,40.63858735864696,40.15806214153818,40.63858735864696,10706100
2012-06-01,39.81817626953125,40.13591234505409,39.767522590441374,39.868829948621126,5945600
2012-06-04,39.85044479370117,39.99319427907477,39.79979107052445,39.85044479370117,3125700
2012-06-05,40.10369110107422,40.237232352932985,39.80898058429159,39.85042611711572,2970100
2012-06-06,40.53194808959961,40.541159770625285,40.20500367772686,40.28789124082326,2334800
2012-06-07,40.68391799926758,40.86350717258114,40.541168531563905,40.75299156897918,5454300
2012-06-08,40.84047317504883,40.93717473937516,40.610230351445175,40.67469806099606,3738100
2012-06-11,40.573394775390625,40.97862092130887,40.56878893474751,40.93717889520194,5266700
2012-06-12,40.85892105102539,40.90036310135376,40.642492086255224,40.71156568336493,3648400
2012-06-13,40.73917007446289,40.9463872323071,40.642468499920454,40.79903195016238,3527200
2012-06-14,41.043094635009766,41.093748349804926,40.72075600742925,40.748384028871136,3874100
2012-06-15,41.116764068603516,41.15820609071289,40.98322280865104,40.98322280865104,2683200
2012-06-18,41.13059997558594,41.13980814765971,40.98324462980567,41.024686673980476,3628200
2012-06-19,41.42066955566406,41.494348922432046,41.139773118005884,41.30094585450445,2809100
2012-06-20,41.58183288574219,41.60024921004256,41.360798348665064,41.52657337316671,3719000
2012-06-21,41.24109649658203,41.76604989225153,41.17662878225258,41.62790629578568,4843700
2012-06-22,41.521995544433594,41.572649253490404,41.37464025805756,41.383851939646334,3211700
2012-06-25,41.45753860473633,41.46675028872004,41.29176342531013,41.35623116028387,3385600
2012-06-26,41.39767074584961,41.49897817570245,41.28715514656813,41.49437233437435,2357900
2012-06-27,41.64633560180664,41.65554377170461,41.47134875469562,41.47134875469562,1918000
2012-06-28,41.64171600341797,41.66934401721237,41.48054673423965,41.53120043501377,3068700
2012-06-29,42.03773880004883,42.03773880004883,41.80289011590694,41.89498936126993,3394900
2012-07-02,42.08314514160156,42.08314514160156,41.86548112718814,42.05072732243003,3810700
2012-07-03,42.235984802246094,42.26377403791204,42.064634926485624,42.12020633126046,1987500
2012-07-05,42.240562438964844,42.33318721623206,42.01363791788961,42.14330907278974,2221300
2012-07-06,42.18498611450195,42.20351106931509,42.00437222166617,42.02289717647931,2612400
2012-07-09,42.19887924194336,42.25445056884401,42.09236164326115,42.13867226010288,1916600
2012-07-10,42.013671875,42.300800083411815,41.95809696372183,42.23596445355903,1832600
2012-07-11,42.14794921875,42.18036701364647,41.97659599814032,42.07848150589339,3188700
2012-07-12,42.05534362792969,42.124811372507935,41.8932545794313,42.11091853024754,1989100
2012-07-13,42.18498611450195,42.20351106931509,42.032161420522804,42.10162911775361,2316400
2012-07-16,42.02291488647461,42.15721821551482,41.98586849450948,41.999761333155824,2178900
2012-07-17,42.2220458984375,42.231310144647594,41.999753455240864,42.14331747202514,4036500
2012-07-18,42.3980598449707,42.3980598449707,42.18502443772333,42.20354940936558,3958600
2012-07-19,42.50453186035156,42.55547459852472,42.36560001073951,42.37949284237336,4718200
2012-07-20,42.30541229248047,42.42582277692368,42.24984094064143,42.37951213929942,2733500
2012-07-23,42.235984802246094,42.27766688910576,41.94885645549999,42.069263521364505,4561700
2012-07-24,41.97661209106445,42.21743311685632,41.944194283739705,42.19890815077417,3447700
2012-07-25,41.88861083984375,42.1109068542031,41.88398224922449,42.09238189190022,2891000
2012-07-26,42.31928634643555,42.337811299917725,42.064576185921176,42.09236184950765,4330900
2012-07-27,42.569374084472656,42.57863832919242,42.314663887064924,42.314663887064924,5556800
2012-07-30,42.569374084472656,42.58326691827819,42.44433504694873,42.560113373027,3889700
2012-07-31,42.467498779296875,42.60180209375722,42.39340247013511,42.58327713314804,3530800
2012-08-01,42.69805145263672,42.69805145263672,42.446584703135954,42.567662075749816,3598100
2012-08-02,42.525726318359375,42.651457849111544,42.44656188963238,42.59092097176304,4516600
2012-08-03,42.702674865722656,42.79581260546868,42.64213799951886,42.65610777227039,4602000
2012-08-06,42.674739837646484,42.83772645840347,42.674739837646484,42.67939761333722,2864400
2012-08-07,42.590946197509766,42.79584583118895,42.54437906790384,42.758590706366505,3680600
2012-08-08,42.61885070800781,42.707330668469695,42.60022671376025,42.646793805061805,3162100
2012-08-09,42.623512268066406,42.68405268969176,42.55365984849034,42.665425140948706,2975600
2012-08-10,42.58624267578125,42.64678307680087,42.521048053791226,42.572272907189166,1533600
2012-08-13,42.60953140258789,42.60953140258789,42.493111917881365,42.56762209345709,2007800
2012-08-14,42.674739837646484,42.744592261640015,42.59557541511336,42.60954518934369,2381000
2012-08-15,42.469844818115234,42.71665721595451,42.469844818115234,42.71665721595451,2580400
2012-08-16,42.62818145751953,42.64680901125028,42.41396991887984,42.5350436888658,2914300
2012-08-17,42.62818145751953,42.67940634206843,42.558329019239885,42.60489612714545,2222000
2012-08-20,42.679386138916016,42.7026679054266,42.567624422278804,42.63747327465149,2333200
2012-08-21,42.77251052856445,42.77716830193771,42.702658139326104,42.71663145944585,2531200
2012-08-22,42.73060607910156,42.781830933503976,42.69335099356517,42.73060607910156,1889100
2012-08-23,42.72129821777344,42.7725230813923,42.660761357515305,42.735267989152916,1141700
2012-08-24,42.91219711303711,42.916854884435544,42.697985815610664,42.73523732828239,2082100
2012-08-27,42.87966537475586,42.94486006265139,42.80515512982153,42.898292935989446,1883600
2012-08-28,42.84239959716797,42.91225204621024,42.81911426320616,42.87499693300861,1795700
2012-08-29,42.90288543701172,42.92151297144575,42.842348614730305,42.90288543701172,1617600
2012-08-30,42.884300231933594,42.9262131139904,42.84239090271921,42.879646008360275,2022400
2012-08-31,42.99605941772461,43.028656742301635,42.884294116738864,42.95880431739602,1801800
2012-09-04,42.99510192871094,43.0185160684868,42.87335483236956,43.0185160684868,3921500
2012-09-05,42.99979019165039,43.041931360877776,42.967012535863574,43.037251390405764,1541000
2012-09-06,43.25265884399414,43.25733881564765,43.013848107259584,43.013848107259584,3306000
2012-09-07,43.32754898071289,43.36032662305746,43.25263018642319,43.31350193006451,3403300
2012-09-10,43.257328033447266,43.41185279943542,43.22923392053907,43.30415631828966,2138600
2012-09-11,43.55234146118164,43.55234146118164,43.28075305978363,43.28075305978363,4400300
2012-09-12,43.68344497680664,43.692808491101204,43.585112000477835,43.608522572462675,1957400
2012-09-13,43.96438980102539,43.97375688631537,43.669390919324506,43.70216857284683,5946800
2012-09-14,43.959720611572266,44.034643028369636,43.88011822309816,43.969087699920664,3467200
2012-09-17,43.922237396240234,44.00652327980213,43.87540912676499,43.91287031334703,3075500
2012-09-18,43.940956115722656,43.97841729522754,43.83794323082628,43.936276147655576,4099400
2012-09-19,43.88479995727539,43.9878164898742,43.88479995727539,43.9878164898742,3306500
2012-09-20,43.67874526977539,43.84731704467125,43.674061728112854,43.84263350300871,2122200
2012-09-21,43.617897033691406,43.767738295216,43.561705220933135,43.767738295216,3121700
2012-09-24,43.56172561645508,43.60387038888026,43.51958441652904,43.557042070074694,1867200
2012-09-25,43.17304229736328,43.5944718551785,43.140264641338575,43.57106128515888,5726800
2012-09-26,42.9576416015625,43.173038116364765,42.83589807525876,43.16367460376303,6554200
2012-09-27,43.42593002319336,43.42593002319336,43.07942262412513,43.16370859389838,3882600
2012-09-28,43.21986770629883,43.39311948840173,43.21518416360795,43.38843951820718,3668200
2012-10-01,43.146888732910156,43.43402923286291,43.11864263792775,43.43402923286291,5386700
2012-10-02,43.25519943237305,43.29285853760986,43.137517422035465,43.23166159375755,3151900
2012-10-03,43.36344909667969,43.47171448667354,43.264596683106376,43.29283920373637,3201000
2012-10-04,43.547019958496094,43.57526247088622,43.39167895761582,43.41521677885245,1847200
2012-10-05,43.523529052734375,43.67887022106212,43.43879783286207,43.67416193346611,2513500
2012-10-08,43.46232223510742,43.49527305534434,43.39642059463358,43.4293714148705,1143300
2012-10-09,43.33990478515625,43.547026149107495,43.330491810143826,43.547026149107495,5777300
2012-10-10,43.23633575439453,43.405798002837926,43.21280152572396,43.3775554918864,5431800
2012-10-11,43.47172164916992,43.48113821851031,43.36345624133802,43.40111174459276,2811000
2012-10-12,43.547019958496094,43.66470188194467,43.452872264916856,43.514069163585184,3696800
2012-10-15,43.744747161865234,43.763576710237565,43.57999310281878,43.66472427480969,2378500
2012-10-16,43.90478515625,43.93303126948798,43.74944769459936,43.80593273833832,3536300
2012-10-17,44.0036735534668,44.041329079885465,43.91894233412531,43.966014435676996,2971500
2012-10-18,43.98008728027344,44.027159329993815,43.918893974773674,43.942428203950264,1676300
2012-10-19,43.75886154174805,43.97539592691385,43.72120245092741,43.951861688677376,2041200
2012-10-22,43.76829147338867,43.867143923447856,43.740045350964856,43.7777044532835,3021700
2012-10-23,43.60352325439453,43.68825441843697,43.542329921451746,43.63647406311277,3916900
2012-10-24,43.565860748291016,43.716493505552094,43.542322920975636,43.70236865434193,4332900
2012-10-25,43.63646697998047,43.75885721736829,43.58939491679076,43.74002767381876,2005600
2012-10-26,43.532928466796875,43.67885300240765,43.43878070884658,43.650610470707434,4591800
2012-10-31,43.584678649902344,43.622337730103595,43.514072363734435,43.53290190383507,2914100
2012-11-01,43.56116485595703,43.60352864753365,43.33521386010732,43.391702506912054,2092300
2012-11-02,43.49995040893555,43.65999611017305,43.49053384335246,43.61763233915165,2829300
2012-11-05,43.42934036254883,43.584677780386784,43.35873048642203,43.4952419559025,3361700
2012-11-06,43.495235443115234,43.55172046246486,43.43403855033055,43.50935669795264,1409000
2012-11-07,43.23633575439453,43.434040513789455,43.21280152572396,43.42462754059465,3698200
2012-11-08,43.09514236450195,43.38228668202504,43.0716045320352,43.28813894352706,5829400
2012-11-09,43.01981735229492,43.15632885794439,42.95391574148048,42.9680370021738,3953900
2012-11-12,43.0339469909668,43.10455689954837,42.986874915702124,43.06689780278898,2066000
2012-11-13,42.935081481933594,43.01510434465379,42.86917987835601,42.96803228372239,4347400
2012-11-14,42.69971466064453,43.07159002185198,42.666763861113125,43.05276048049578,5017500
2012-11-15,42.680885314941406,42.79856725543129,42.40786235107661,42.624400281981664,6989700
2012-11-16,42.80329513549805,42.83624595026655,42.61500322623397,42.723272241255884,4730200
2012-11-19,43.344642639160156,43.3634721933988,42.935107915052804,42.94452448785725,9498500
2012-11-20,43.34934997558594,43.39171737304701,43.23166794795144,43.3446452802673,4010400
2012-11-21,43.335208892822266,43.41523536446495,43.29284510610158,43.30696636834181,2984700
2012-11-23,43.481136322021484,43.514087130537774,43.35874606551722,43.4246476825498,1041100
2012-11-26,43.49055099487305,43.49055099487305,43.31167568329319,43.45289190042394,2160700
2012-11-27,43.532928466796875,43.5752922643472,43.42936772873642,43.42936772873642,4194100
2012-11-28,43.542327880859375,43.6553015638319,43.419937629340765,43.49996409650791,6528000
2012-11-29,43.73533248901367,43.75415844528753,43.58940439262381,43.65060132030533,3870500
2012-11-30,43.80123519897461,43.84830727356745,43.71650402815986,43.730625291400806,3276200
2012-12-03,44.02316665649414,44.02316665649414,43.84807951342455,43.94272101722746,5444400
2012-12-04,44.02316665649414,44.08941643122457,43.93798785893473,44.00423763366516,3121100
2012-12-05,44.09416198730469,44.14621591213468,43.938000212814714,44.13674959288761,4580900
2012-12-06,44.174583435058594,44.1935124528339,44.07994195652305,44.07994195652305,2261500
2012-12-07,44.108333587646484,44.24556625848055,44.08467502323156,44.22190408372465,2294400
2012-12-10,44.14619445800781,44.24556909975026,44.089407401151604,44.24556909975026,2140700
2012-12-11,44.18879318237305,44.34495492033825,44.174597317165684,44.259776118751965,3206300
2012-12-12,44.32128143310547,44.38753118867303,44.217173642830474,44.26922753796797,3305600
2012-12-13,44.16513442993164,44.38754594485008,44.150938564782315,44.29290082661771,4898700
2012-12-14,44.13199234008789,44.24556282735898,44.13199234008789,44.17931307558912,2741400
2012-12-17,44.302391052246094,44.340245509625824,44.160425103453946,44.160425103453946,2195600
2012-12-18,44.32602310180664,44.39227287549195,44.28343550886976,44.37334385296159,3409800
2012-12-19,44.278682708740234,44.359128311052366,44.278682708740234,44.359128311052366,2566400
2012-12-20,44.43486404418945,44.43959720240383,44.28816502227883,44.29289818049321,3191200
2012-12-21,44.30709457397461,44.33075675498722,44.21718622887893,44.21718622887893,3187900
2012-12-24,44.14619445800781,44.26923127602565,44.09887371579825,44.21244421916945,1221400
2012-12-26,44.25324249267578,44.31509390485467,44.14856807976479,44.24848357481872,2257200
2012-12-27,44.34364318847656,44.34364318847656,44.196149394724465,44.272277565687475,2332600
2012-12-28,44.22467803955078,44.362657572003194,44.18185868292221,44.253227907292704,2426100
2012-12-31,44.41502380371094,44.43881477072094,44.215192748797826,44.23422479640744,2918500
2013-01-02,44.83369827270508,44.83369827270508,44.62910840480072,44.75757012186158,3975200
2013-01-03,44.69574737548828,44.862273274727855,44.6671974856241,44.76235773518411,3950700
2013-01-04,44.72427749633789,44.762341582426245,44.64339403589343,44.71476328981133,2968000
2013-01-07,44.762367248535156,44.76712253952953,44.64341963379946,44.73381735260326,4137300
2013-01-08,44.729026794433594,44.781363994050814,44.69096271653193,44.771846159580264,2179100
2013-01-09,44.81468200683594,44.838469339853596,44.72903962199149,44.838469339853596,2183900
2013-01-10,44.89081954956055,44.905092679501216,44.819450269864845,44.88130533959755,1684300
2013-01-11,44.971702575683594,44.971702575683594,44.82420872782713,44.8670317472001,1982600
2013-01-14,44.909847259521484,44.94791135567977,44.828963777679135,44.9383935166442,2182400
2013-01-15,44.91936492919922,44.924120218707074,44.8051726411549,44.82896360866213,2136000
2013-01-16,44.84325408935547,44.914623389501664,44.805189978611715,44.85752722338603,3272700
2013-01-17,45.00499725341797,45.01451509105426,44.8717765664417,44.92411378346688,6058900
2013-01-18,45.06690216064453,45.06690216064453,44.95271339263488,44.98125967713842,2836800
2013-01-22,45.095401763916016,45.138224776337886,44.98121311411058,45.03355033485302,2295200
2013-01-23,45.04305648803711,45.10015261772508,45.033542281417986,45.06208853126643,2227900
2013-01-24,45.142974853515625,45.16676581655784,45.05257717993607,45.09063763881579,3175400
2013-01-25,45.12868118286133,45.185777290174876,45.09537602775917,45.185777290174876,2525100
2013-01-28,45.10492706298828,45.123955482776886,45.0525898335888,45.090650303158334,2331000
2013-01-29,45.028785705566406,45.08112291967193,44.98120741001355,45.06209087545253,1514300
2013-01-30,44.70523452758789,44.96692051800193,44.67192936789794,44.93837064541757,6595600
2013-01-31,44.567298889160156,44.776647887787696,44.54351154022122,44.691005445621315,5963700
2013-02-01,44.715087890625,44.849022096614725,44.70551907623522,44.74378703492754,5713000
2013-02-04,44.528499603271484,44.676786921279785,44.490235322285166,44.62416942931405,3878000
2013-02-05,44.62898635864258,44.67681948180935,44.581149586042436,44.60028356519582,2590900
2013-02-06,44.56201171875,44.6241944034054,44.51417495424134,44.56201171875,2850500
2013-02-07,44.47591781616211,44.54766567561696,44.39459749305771,44.53810051083409,4071400
2013-02-08,44.48548126220703,44.53331438313997,44.442432548197345,44.4472133056874,3220400
2013-02-11,44.4807014465332,44.523753814419905,44.418518747845276,44.43286832066298,3146100
2013-02-12,44.633766174316406,44.65768456011166,44.44243368568756,44.44721444329998,3490600
2013-02-13,44.70071029663086,44.715063510389655,44.566776163666766,44.68636073230348,3672200
2013-02-14,44.681602478027344,44.74856957823285,44.60506656383061,44.60506656383061,2731800
2013-02-15,44.68635940551758,44.80116321559079,44.609827181566736,44.70549337386311,2483000
2013-02-19,44.72945022583008,44.7677145460073,44.68161708853272,44.72466581727001,3074300
2013-02-20,44.68635940551758,44.829862343393444,44.67679424606046,44.76289527889972,3830300
2013-02-21,44.73421859741211,44.76770214919163,44.628987184271786,44.686385473360424,7185300
2013-02-22,44.844234466552734,44.844234466552734,44.72943424815964,44.786832532639615,3367000
2013-02-25,44.705501556396484,44.93032116381656,44.700717151076574,44.85856968174581,5259300
2013-02-26,44.925575256347656,44.925575256347656,44.71032427511344,44.791640988074356,4075600
2013-02-27,45.00209045410156,45.03557400572708,44.844237860966935,44.892070984798615,3681600
2013-02-28,44.98297882080078,45.02602755880452,44.93514567320711,44.99732840013536,3822000
2013-03-01,45.0723876953125,45.202236107756114,44.95696647656547,44.961773095014735,4833200
2013-03-04,45.07722854614258,45.11089324398469,45.019516063051725,45.03875355741534,2222500
2013-03-05,45.168609619140625,45.216701528511834,45.1060905038758,45.1060905038758,3733400
2013-03-06,45.13970947265625,45.235893193947156,45.130088899022894,45.221466002670894,2118000
2013-03-07,45.207054138183594,45.207054138183594,45.1589622612333,45.18300636512094,2124900
2013-03-08,45.25995635986328,45.29843132914137,45.168579225121576,45.28881075223434,2464100
2013-03-11,45.23112487792969,45.27921677929927,45.20707709265646,45.24555208142287,2782800
2013-03-12,45.21186065673828,45.25514224163211,45.1878128856808,45.2022400806454,1526200
2013-03-13,45.22151565551758,45.2888450681831,45.18304065708648,45.255180361850336,1431200
2013-03-14,45.394622802734375,45.394622802734375,45.24072656862624,45.2888184538146,2954100
2013-03-15,45.38979721069336,45.399417785992924,45.3032303788693,45.32727814794381,2024300
2013-03-18,45.39940643310547,45.42826081343983,45.20703533613827,45.20703533613827,3000600
2013-03-19,45.322471618652344,45.46194061866623,45.308044423681025,45.423465652626255,3742800
2013-03-20,45.47154998779297,45.495594083760984,45.3609354049839,45.36574569184703,2553200
2013-03-21,45.38979721069336,45.47636404251742,45.312850954168866,45.38499059221799,3532400
2013-03-22,45.35615158081055,45.428291249151535,45.32729718114453,45.38981627014621,2201500
2013-03-25,45.288818359375,45.418670485206,45.27920145002764,45.35134111224757,2131700
2013-03-26,45.370567321777344,45.399425383330865,45.327285733209585,45.39461509487611,1169400
2013-03-27,45.29362869262695,45.3465308670279,45.28881840336078,45.29843898189312,2195100
2013-03-28,45.37538146972656,45.38980866714295,45.284007996364345,45.322479299749595,1959100
2013-04-01,45.45663070678711,45.48563514047541,45.27292981300366,45.35994680232309,3823000
2013-04-02,45.422752380371094,45.52910679787586,45.40341487825646,45.41791708277958,2528700
2013-04-03,45.422752380371094,45.46626268219186,45.33573546498096,45.43725458489421,2773100
2013-04-04,45.40824890136719,45.51460331588689,45.37924449313502,45.403413603911396,3040600
2013-04-05,45.45180130004883,45.45180130004883,45.28743790349165,45.33094455966678,2243800
2013-04-08,45.500099182128906,45.51460138562996,45.41791388187103,45.47592638412639,2346800
2013-04-09,45.645145416259766,45.645145416259766,45.500119627830045,45.53879095845962,2985400
2013-04-10,45.79018783569336,45.80952535060037,45.61131858899396,45.61131858899396,2932600
2013-04-11,45.79018783569336,45.824027564717156,45.75151280587935,45.804690049810155,2676200
2013-04-12,45.8046760559082,45.83368047528057,45.707992199165155,45.75149882822371,2040900
2013-04-15,45.514617919921875,45.80467316006599,45.50494732190733,45.80467316006599,3910600
2013-04-16,45.82883071899414,45.833662328141386,45.596784391132225,45.64029469121626,4138300
2013-04-17,45.75634765625,45.76601456948142,45.63549095546131,45.737010141533354,5778600
2013-04-18,45.68376541137695,45.76594696132892,45.664427925226775,45.73694257622784,2476900
2013-04-19,45.659671783447266,45.76119468378945,45.650004867738595,45.732186560153934,2474800
2013-04-22,45.7660026550293,45.87235711415626,45.6983232152672,45.775673253996935,3641900
2013-04-23,45.944854736328125,45.94969003401052,45.814327516663724,45.814327516663724,2217400
2013-04-24,46.02704620361328,46.0512190089458,45.930362358787725,45.96903368376659,3872600
2013-04-25,46.15271759033203,46.17688669664437,45.99318599801801,46.031860994018494,2453100
2013-04-26,46.10438919067383,46.15756640368426,46.08505168701079,46.14789580772689,2679000
2013-04-29,46.191410064697266,46.21074388176261,46.1092247450355,46.114060043427834,1785300
2013-04-30,46.33644485473633,46.33644485473633,46.191419068963754,46.2300903988848,2953100
2013-05-01,46.248008728027344,46.42289645810454,46.23829439028877,46.31602021124093,4812400
2013-05-02,46.54438018798828,46.55409823919934,46.330631243902445,46.393783751372034,3368200
2013-05-03,46.61723327636719,46.69981814895876,46.568654157569156,46.62209230015175,2407400
2013-05-06,46.6463737487793,46.6658061349615,46.578362250315934,46.597794636498136,1458700
2013-05-07,46.61236572265625,46.70952764882116,46.59779236031864,46.69495428648355,2590900
2013-05-08,46.777549743652344,46.78240876764876,46.64638204019453,46.64638204019453,3801200
2013-05-09,46.641510009765625,46.77753298213018,46.636650987510315,46.73380919452842,1644900
2013-05-10,46.39860534667969,46.66093692249372,46.374313944598775,46.66093692249372,4654400
2013-05-13,46.209144592285156,46.39374664780279,46.204285570565645,46.35002657137004,2710000
2013-05-14,46.25773620605469,46.3743268144347,46.20429807172455,46.24801815998633,4473900
2013-05-15,46.2625732421875,46.31600764477361,46.19455807107994,46.257714221462635,3179800
2013-05-16,46.37432861328125,46.46177249954534,46.238305613836836,46.29174375023982,6036800
2013-05-17,46.37432861328125,46.456913476322676,46.316031453655604,46.44234011300345,4313300
2013-05-20,46.42288589477539,46.461750649581894,46.32572771410615,46.37430680444077,2086200
2013-05-21,46.51034164428711,46.5297740266641,46.413183438750124,46.422897776764636,4666500
2013-05-22,46.2237548828125,46.57838591837889,46.19946346115428,46.50066004050361,5243800
2013-05-23,46.097442626953125,46.16059512953129,46.0002843604713,46.15088078542322,3294400
2013-05-24,46.009952545166016,46.04881729530786,45.99052017009509,46.029384920236936,3420400
2013-05-28,45.839942932128906,46.165427010450486,45.81565152661614,46.165427010450486,3486700
2013-05-29,45.65534973144531,45.79137273353678,45.44645620499089,45.68449645865096,10958100
2013-05-30,45.74766159057617,45.839964527390954,45.514480295733364,45.66507670308392,5462100
2013-05-31,45.14039611816406,45.71849752416057,45.130681778873935,45.65048603008433,6809400
2013-06-03,45.10083770751953,45.17896628111885,44.82738211159229,45.11060238213704,14320900
2013-06-04,45.10083770751953,45.43777672789636,45.017824933834916,45.16920160650134,7927000
2013-06-05,44.7101936340332,45.0422485283789,44.65159812215414,45.01783497361392,10309200
2013-06-06,45.0617561340332,45.21313275488586,44.5929736762347,44.63203981243919,11849800
2013-06-07,45.091094970703125,45.39873641676682,45.02273103281235,45.13992954824385,8879800
2013-06-10,44.9983024597168,45.21315888189547,44.96412050217333,45.09107992987538,7678000
2013-06-11,44.719974517822266,45.04226109976971,44.578362448667114,44.719974517822266,9065200
2013-06-12,44.75413513183594,44.98364410939483,44.74436673142104,44.89086293321915,9193300
2013-06-13,45.26687240600586,45.325471642216534,44.7541430599893,44.7541430599893,7526400
2013-06-14,45.32058334350586,45.3840667750494,45.19362393152578,45.30593446716612,3909200
2013-06-17,45.31570053100586,45.633102770137675,45.31570053100586,45.37918023372156,3830700
2013-06-18,45.42801284790039,45.46707900136375,45.296169236903374,45.296169236903374,3609700
2013-06-19,44.749290466308594,45.54524442787884,44.73952578282005,45.388983413167,7971700
2013-06-20,44.30978775024414,44.71997508081526,44.08516286289412,44.48069758566753,11094000
2013-06-21,44.02167510986328,44.49045788398548,44.007026230289824,44.44162704355585,9245400
2013-06-24,43.47964096069336,43.94842369975762,43.10363569384073,43.6798485091486,12116100
2013-06-25,44.09979248046875,44.09979248046875,43.704257930481695,43.704257930481695,6233300
2013-06-26,44.466033935546875,44.52463317061101,44.22676024542074,44.290239955908234,5527200
2013-06-27,44.68090057373047,44.89576074134436,44.63206973351485,44.63206973351485,5578600
2013-06-28,44.37813186645508,44.59299197821145,44.177924355952996,44.58322730292859,6112000
2013-07-01,44.61869430541992,44.66778442950156,44.427240199766075,44.46160366115686,5213400
2013-07-02,44.481231689453125,44.69723268722688,44.35359439573812,44.569595393511875,3799800
2013-07-03,44.58433151245117,44.603968311445506,44.31924034403235,44.324150480115044,1679600
2013-07-05,44.10813522338867,44.397773233553416,44.000134736389455,44.37322630638623,3312600
2013-07-08,44.71685791015625,44.71685791015625,44.18176938975227,44.225949361381225,5638400
2013-07-09,44.74140167236328,44.76594859620048,44.608858021512695,44.72176488236047,6127700
2013-07-10,44.918121337890625,44.93775812452761,44.71194069620344,44.761030790128856,6529900
2013-07-11,45.48268508911133,45.49250161371413,45.163593732153984,45.25195743492163,5865400
2013-07-12,45.43848419189453,45.49248442013994,45.286303773385214,45.36485092186369,5788300
2013-07-15,45.629940032958984,45.69866691799445,45.438486032455266,45.49248626288804,6791500
2013-07-16,45.51702880859375,45.698662525012445,45.39430170492318,45.698662525012445,3292100
2013-07-17,45.85087966918945,45.909786324319754,45.654515412969566,45.669242076752134,8660500
2013-07-18,46.12577819824219,46.14541499448866,45.87050733770984,45.8999606594116,6825000
2013-07-19,46.09633255004883,46.13069601286656,46.0325120152898,46.1208757404406,2603100
2013-07-22,46.13067626953125,46.150313060642304,46.022675791087906,46.11103947842019,3888200
2013-07-23,46.01778030395508,46.13560108812255,45.983416844906934,46.09141735772571,2483700
2013-07-24,45.629940032958984,45.96866807015832,45.48757987491003,45.91957797303789,5249800
2013-07-25,45.5268440246582,45.59557090111807,45.379573751673,45.41393718990293,5995400
2013-07-26,45.546512603759766,45.546512603759766,45.3550584935012,45.39924222797282,4213600
2013-07-29,45.448326110839844,45.521963161287395,45.369778924939524,45.4581426364094,3850100
2013-07-30,45.51213455200195,45.590681723511466,45.418860722168226,45.418860722168226,4239400
2013-07-31,45.64471435546875,45.65944102424249,45.301075854283795,45.4041662810379,4076500
2013-08-01,45.212059020996094,45.67576987983447,45.192326083477205,45.591907718133946,4616600
2013-08-02,45.488304138183594,45.51297124640158,45.29097856345662,45.36497612443827,4309400
2013-08-05,45.2564697265625,45.47352834475307,45.236736782756616,45.47352834475307,2231000
2013-08-06,45.212059020996094,45.350185819955314,45.068998046738905,45.350185819955314,3398800
2013-08-07,45.06898880004883,45.15778511882921,45.034457107393806,45.113385077602906,2253300
2013-08-08,45.167633056640625,45.18243181037105,45.07883677058721,45.09856969678472,2857100
2013-08-09,45.1725959777832,45.221926442836406,44.950607003207196,45.10353257397408,1765600
2013-08-12,45.13311004638672,45.246573452900066,45.09857835982553,45.108446706655336,3840800
2013-08-13,45.13311004638672,45.1725759063628,45.03938333353297,45.128179636643374,2290500
2013-08-14,45.0443115234375,45.133107822171915,45.01964818492156,45.10351031048424,4605800
2013-08-15,44.81246566772461,44.93579368257018,44.76806938894292,44.89139740378849,6446100
2013-08-16,44.65956497192383,44.940752851612615,44.605300314117706,44.8766236031483,6922400
2013-08-19,44.36354446411133,44.7088613287027,44.29941526459338,44.679263815643885,6536300
2013-08-20,44.773014068603516,44.822344533381845,44.53622256852503,44.54609091968462,4208300
2013-08-21,44.6102180480957,44.782876548530865,44.58062052335626,44.72861191072652,3098100
2013-08-22,44.85193634033203,44.85193634033203,44.63981198152782,44.679277853787376,4049900
2013-08-23,45.03938293457031,45.068980447454415,44.81739029692494,44.84205740010938,3370400
2013-08-26,45.0443115234375,45.08377738146866,44.955515224703085,45.04924569660924,2365400
2013-08-27,44.753265380859375,44.955521344376706,44.74833120701596,44.916059244645055,3578500
2013-08-28,44.92101287841797,44.935811643927096,44.7236909867311,44.77302145965282,3860600
2013-08-29,45.10353088378906,45.138062584399606,44.802610165465886,44.847010216921205,4012900
2013-08-30,45.06404495239258,45.182438764128136,44.985116999126014,45.123243740096065,2486900
2013-09-03,44.826011657714844,45.21778719138178,44.7863373238758,45.098767973417374,9986800
2013-09-04,44.99464416503906,45.0491916670307,44.88554159394724,44.89545828970364,3507400
2013-09-05,44.7664794921875,44.954930599155205,44.7664794921875,44.91525628363032,3622300
2013-09-06,44.9152717590332,45.17810756873052,44.84088333768152,45.02437427254204,4713800
2013-09-09,45.029296875,45.12847883153978,44.98466234607272,44.99458281185617,4227400
2013-09-10,45.18803405761719,45.192990511762034,45.06405460004602,45.06901105419087,5287100
2013-09-11,45.24756622314453,45.25748670389984,45.07895588585252,45.123586698586934,3514200
2013-09-12,45.19301223754883,45.282277641255035,45.178135300856894,45.2227698944873,3594500
2013-09-13,45.15829849243164,45.28723825073781,45.11862792211443,45.24756389686597,2789300
2013-09-16,45.40621566772461,45.53019507160857,45.35166442733157,45.48060406676521,4331300
2013-09-17,45.55501937866211,45.61453088976285,45.43103990153393,45.46079376530761,5978600
2013-09-18,45.99140930175781,46.06083748139586,45.480614644327055,45.5450825872618,7476300
2013-09-19,45.85750961303711,46.115385148274214,45.822795525917655,46.115385148274214,5821100
2013-09-20,45.80298614501953,45.867454122042545,45.763311797518895,45.84266049252017,4033900
2013-09-23,45.79801559448242,45.85256686412532,45.73354763197407,45.79801559448242,6564600
2013-09-24,45.69879913330078,45.82773874481548,45.65416459012056,45.75830681280731,7947700
2013-09-25,45.61948013305664,45.75338006597775,45.59964296582563,45.69386856428473,3535700
2013-09-26,45.59467697143555,45.68889876662686,45.51036808245639,45.67898207686272,4751200
2013-09-27,45.545082092285156,45.59467689167508,45.4310231342131,45.55996280223332,6779700
2013-09-30,45.41615295410156,45.599640118313,45.37647862211705,45.42110940793522,6248900
2013-10-01,45.61299514770508,45.622964062758754,45.37877507029592,45.428612041510114,5743900
2013-10-02,45.632930755615234,45.632930755615234,45.47346232747941,45.5781131270035,2765700
2013-10-03,45.66282653808594,45.69272948005499,45.56316020359427,45.672795452751274,3169700
2013-10-04,45.74258804321289,45.782456119954766,45.618003154916316,45.647902311458196,2048300
2013-10-07,45.62296676635742,45.72761756846002,45.57811425001213,45.57811425001213,2391700
2013-10-08,45.60306167602539,45.77747979021249,45.593092754054844,45.72266212546373,2944700
2013-10-09,45.642887115478516,45.73757278347197,45.60302286761025,45.73757278347197,2973700
2013-10-10,45.852210998535156,45.89705972126365,45.75752529229317,45.75752529229317,2899500
2013-10-11,45.936893463134766,45.966792589279756,45.852176737707175,45.92692835509484,3293900
2013-10-14,46.00670623779297,46.05155877350367,45.847237736876295,45.847237736876295,1003900
2013-10-15,45.99174499511719,46.046562634844236,45.8721446002709,46.046562634844236,2310100
2013-10-16,46.23590087890625,46.240885334450695,46.00666535019431,46.011649805738756,6949700
2013-10-17,46.46019744873047,46.47016256673674,46.211027676254666,46.22099279426094,7277900
2013-10-18,46.55485153198242,46.594719584220044,46.47013477249753,46.485084341579956,2873800
2013-10-21,46.45021057128906,46.57479540936312,46.45021057128906,46.56981095127245,2471400
2013-10-22,46.58974075317383,46.649542838751714,46.524958011984836,46.53492312523422,5488400
2013-10-23,46.629615783691406,46.639580898431085,46.50503093829285,46.629615783691406,2434200
2013-10-24,46.644561767578125,46.68941428552469,46.57479456368564,46.644561767578125,2284400
2013-10-25,46.659515380859375,46.69439898582698,46.61965111948768,46.66449983929126,2026000
2013-10-28,46.6495475769043,46.69439629412257,46.63459800449821,46.66948160745494,1697900
2013-10-29,46.72431182861328,46.739261405046825,46.62962610849603,46.6395912254422,1864600
2013-10-30,46.53490447998047,46.7591593595244,46.50002089454372,46.72427577408766,3691100
2013-10-31,46.559852600097656,46.614670240974895,46.45520177715785,46.56483705891234,5846500
2013-11-01,46.479713439941406,46.70004512984311,46.4697000996856,46.56984878395325,7882000
2013-11-04,46.55986022949219,46.60993459828272,46.53482113488219,46.60993459828272,2025500
2013-11-05,46.43466567993164,46.529805820741586,46.43466567993164,46.529805820741586,2770300
2013-11-06,46.56988525390625,46.5748938381702,46.47974983930728,46.514802288294085,4936700
2013-11-07,46.599884033203125,46.63994502769482,46.529779203056,46.61991453044897,4802700
2013-11-08,46.5197868347168,46.5498306839153,46.399607617494325,46.414629542093586,4191100
2013-11-11,46.34452819824219,46.53982087371354,46.33451103413002,46.53982087371354,1607600
2013-11-12,46.279441833496094,46.364568651580676,46.254406556639964,46.34954672138103,2148900
2013-11-13,46.45468521118164,46.45969379269333,46.2293487087237,46.25438779585383,2795100
2013-11-14,46.589881896972656,46.59489047759507,46.39458927740241,46.44466362234367,4216800
2013-11-15,46.65997314453125,46.65997314453125,46.54980732551266,46.599881655859335,2990600
2013-11-18,46.52477264404297,46.6950261334056,46.484711651101215,46.68501279538344,3694600
2013-11-19,46.5047721862793,46.57487705899675,46.464711167461026,46.509776948309806,1415800
2013-11-20,46.459678649902344,46.60489690298325,46.4045957325121,46.48471772887139,2470600
2013-11-21,46.61995315551758,46.61995315551758,46.44969951851119,46.48475196262602,1895800
2013-11-22,46.654972076416016,46.66999399589576,46.56483673911038,46.59988915803884,1649200
2013-11-25,46.72510528564453,46.74012721424556,46.5999174533967,46.67002233382113,2813900
2013-11-26,46.7601432800293,46.78518236691521,46.64497264938198,46.68002507876528,2835300
2013-11-27,46.73011016845703,46.89035042822889,46.72009682365904,46.89035042822889,1845300
2013-11-29,46.7801628112793,46.79518473171554,46.72507988939484,46.735097049970584,958700
2013-12-02,46.79530334472656,46.810397989642354,46.71982628122468,46.739953754086706,5748100
2013-12-03,46.749961853027344,46.79524573202276,46.674484882450116,46.724801583195536,2710300
2013-12-04,46.62921905517578,46.72985634283018,46.56380769739042,46.66947397023754,3076100
2013-12-05,46.59397888183594,46.67448868071486,46.56378962671559,46.62920095911584,5354700
2013-12-06,46.72480773925781,46.785190091458695,46.619141502095296,46.709713110937265,2487900
2013-12-09,46.895896911621094,46.921057190991085,46.74494675216004,46.82042375135039,4313000
2013-12-10,46.895896911621094,46.91602436733316,46.84054736814281,46.89589691162109,1473200
2013-12-11,46.754974365234375,46.89586261325737,46.68956306119994,46.89586261325737,3586600
2013-12-12,46.66947937011719,46.80030593974515,46.66947937011718,46.76005102002571,4268800
2013-12-13,46.74496078491211,46.78018288325193,46.689611224817995,46.72483332315781,3523200
2013-12-16,46.785213470458984,46.81540274218594,46.72986391301251,46.72986391301251,3108500
2013-12-17,46.790252685546875,46.83554044195853,46.73490311600011,46.83554044195853,2799900
2013-12-18,46.870750427246094,46.936161793014975,46.669479666292006,46.79527341202325,4893500
2013-12-19,46.820457458496094,46.840581089775995,46.75001323224923,46.79529716101261,5775500
2013-12-20,46.850650787353516,46.850650787353516,46.76007908308837,46.82046149890605,12743900
2013-12-23,46.88582992553711,46.9613069163924,46.800291127396754,46.84054219545625,5525100
2013-12-24,46.860687255859375,46.900942177963024,46.84559261980067,46.84559261980067,1281600
2013-12-26,46.90467834472656,46.914790863443585,46.833879138905345,46.833879138905345,1577400
2013-12-27,46.899627685546875,46.91985658449584,46.854115556612676,46.91985658449584,1357300
2013-12-30,46.9400749206543,46.965362003217216,46.86421753123264,46.91478783809138,1888600
2013-12-31,46.97041320800781,47.01087099410984,46.91478471668423,46.955242502786255,2413400
2014-01-02,47.05133819580078,47.056396384642454,46.88445268843406,46.96031008798872,7412500
2014-01-03,47.03615951538086,47.0867298204236,47.00075991602426,47.026043139412145,1903300
2014-01-06,47.13731002807617,47.14742640617015,47.06145262544247,47.1069686103298,2622700
2014-01-07,47.13731002807617,47.18788034374273,47.112026799376785,47.14742640617015,3953000
2014-01-08,47.10699462890625,47.17779388159748,47.09182391165383,47.13733606341109,4540500
2014-01-09,47.177757263183594,47.18281545109831,47.1271869588372,47.157528369791656,3036600
2014-01-10,47.31935119628906,47.31935119628906,47.20809422225875,47.238439488618454,2423900
2014-01-13,47.2687873840332,47.33958658481165,47.23844597177588,47.309245172554334,4716600
2014-01-14,47.3395881652832,47.374987766854275,47.273847150441846,47.273847150441846,2636100
2014-01-15,47.43567657470703,47.43567657470704,47.33959028402772,47.38510240597011,1797400
2014-01-16,47.415462493896484,47.450862108112574,47.40029178184225,47.43063320595073,1269800
2014-01-17,47.42555236816406,47.48118085797707,47.39521095854487,47.45083944835788,2192300
2014-01-21,47.48626708984375,47.51155032670246,47.44580928094699,47.48626708984375,2056000
2014-01-22,47.415462493896484,47.50649062449051,47.40029178184225,47.5014324343829,3235400
2014-01-23,47.354766845703125,47.44073676995637,47.324425427323824,47.42556606076671,4989500
2014-01-24,47.041229248046875,47.268801482654744,47.026058537393325,47.26374329301415,7575400
2014-01-27,47.026065826416016,47.142381056569064,47.005836922986404,47.106981440134454,5482900
2014-01-28,47.23341369628906,47.27387150700569,47.05135740633343,47.086757026143175,5393600
2014-01-29,47.0917854309082,47.162584625746334,47.08166905549319,47.15752643803882,5781700
2014-01-30,47.17269515991211,47.24855253926896,47.13729556398113,47.182811534901866,3940200
2014-01-31,47.157535552978516,47.218222242398326,47.09179453314101,47.096848863558705,7756900
2014-02-03,47.016258239746094,47.27545219586492,46.90953063237736,47.27545219586492,16150600
2014-02-04,47.07215881347656,47.1636401641616,47.051829193604505,47.13822716995189,5246900
2014-02-05,47.07215881347656,47.11281417574217,47.02641619939479,47.07215881347656,3893000
2014-02-06,47.23988723754883,47.25005398963436,47.09250422962696,47.153489232220885,3426100
2014-02-07,47.47871398925781,47.47871398925781,47.29575138649764,47.29575138649764,5193300
2014-02-10,47.50924301147461,47.539735507077566,47.42284114480107,47.47874663839256,5199700
2014-02-11,47.59056854248047,47.646474048896245,47.488924282168156,47.5346630360647,3950800
2014-02-12,47.514312744140625,47.631207082393466,47.49906649947249,47.605794089627715,2432100
2014-02-13,47.65152359008789,47.66168645791097,47.48889056257813,47.48889056257813,3078400
2014-02-14,47.72776794433594,47.74809368393176,47.61595698916902,47.621036485328986,2158700
2014-02-18,47.793819427490234,47.819228531758306,47.68200851177622,47.68200851177622,3734700
2014-02-19,47.671871185302734,47.870080141174604,47.66170443616748,47.829420899590964,7273600
2014-02-20,47.81924819946289,47.81924819946289,47.70744111524005,47.71760398563187,3756900
2014-02-21,47.85993194580078,47.890428327550325,47.82435606499314,47.82435606499314,2574600
2014-02-24,47.96662902832031,47.9971253906404,47.900560685335975,47.900560685335975,3531600
2014-02-25,48.02254104614258,48.03778729064134,47.96663556466162,47.9768023126463,2979500
2014-02-26,48.1038703918457,48.1038703918457,48.02763527464409,48.063211145674295,2722100
2014-02-27,48.19534683227539,48.200426329418434,48.10386547647707,48.10386547647707,4377300
2014-02-28,48.246177673339844,48.291916420773354,48.1394500518489,48.19027217482372,3919300
2014-03-03,48.20172882080078,48.26301659381233,48.063836202127895,48.19662442874501,9488700
2014-03-04,48.375370025634766,48.39069099301337,48.2527983901239,48.319190547591866,9313600
2014-03-05,48.28853988647461,48.36514470952415,48.26300234780388,48.360040318975074,4531600
2014-03-06,48.21704864501953,48.34983296127073,48.19661938948502,48.32940370573622,4075500
2014-03-07,48.033203125,48.20173771302858,48.0127738635607,48.165987479630616,4552000
2014-03-10,48.03831100463867,48.053631977709344,47.966810532653206,48.028098321419385,1908200
2014-03-11,47.98722839355469,48.089374683894484,47.97701571276199,48.079158106619225,1618500
2014-03-12,48.06893539428711,48.07914807294852,47.99232666664043,47.99743495421201,2595000
2014-03-13,47.94127655029297,48.09959846625775,47.92084728750986,48.09959846625775,4829700
2014-03-14,47.90550994873047,48.01276061933949,47.87486411678351,47.951472851927704,4088200
2014-03-17,47.971893310546875,48.01275181466202,47.93103480643174,47.9616806327588,2943100
2014-03-18,48.11490249633789,48.12511907237358,47.97190160369503,48.02297279442718,2903500
2014-03-19,47.86975860595703,48.155760387560775,47.77272061727774,48.10468919748611,9983600
2014-03-20,48.033203125,48.04341580747805,47.8391270895683,47.956594368723444,4872300
2014-03-21,48.002532958984375,48.089358250222865,47.9872119947897,48.012749532768304,6106500
2014-03-24,48.01786804199219,48.10979775067173,47.98722610459313,48.10979775067173,5986100
2014-03-25,48.11490249633789,48.15576100751645,48.05361472957006,48.05361472957006,3468800
2014-03-26,48.125144958496094,48.18642886174596,48.08939471610562,48.18642886174596,3887200
2014-03-27,48.053619384765625,48.130228126526376,48.04340670422268,48.09447789990236,2255400
2014-03-28,48.13532257080078,48.18639375179183,48.0944640674154,48.12510989319511,2732600
2014-03-31,48.206809997558594,48.257881164770936,48.18127246571228,48.23745191858994,2641400
2014-04-01,48.296634674072266,48.296634674072266,48.219663056089715,48.26071510767229,4514900
2014-04-02,48.24531173706055,48.306889806884705,48.22478962872447,48.306889806884705,2285900
2014-04-03,48.265865325927734,48.31204988340743,48.2556042658994,48.28639136092528,2812400
2014-04-04,48.37874221801758,48.419794275841895,48.31203556025785,48.32742910320704,4555000
2014-04-07,48.27613067626953,48.38902191216338,48.27099818874502,48.37362444958984,1520900
2014-04-08,48.38901138305664,48.38901138305665,48.27612017172713,48.31203974670106,2804400
2014-04-09,48.46596145629883,48.47109394083763,48.337676747399215,48.38899376290996,4383400
2014-04-10,48.32742691040039,48.491631219307344,48.3274269104004,48.491631219307344,3226900
2014-04-11,48.12217712402344,48.34795954773817,48.11704463759172,48.34795954773817,7228500
2014-04-14,48.27613067626953,48.3069177715348,48.152974465326665,48.152974465326665,3355800
2014-04-15,48.32742691040039,48.347952938381205,48.235061741956514,48.347952938381205,3104900
2014-04-16,48.353092193603516,48.36335325156072,48.286381614591434,48.34795970715488,3450100
2014-04-17,48.296634674072266,48.36334132168962,48.28636970370707,48.32742175528964,2443800
2014-04-21,48.296634674072266,48.37873486229831,48.28636970370707,48.35820883650702,1682200
2014-04-22,48.34794998168945,48.37360457889192,48.29663687234522,48.3633435229988,2442800
2014-04-23,48.36336898803711,48.460866687584684,48.33771046238522,48.35823649991846,1591300
2014-04-24,48.37361145019531,48.44032202526419,48.31203727621155,48.36335039284464,1021700
2014-04-25,48.35822296142578,48.39927502499923,48.3171748127926,48.39414253831748,1195400
2014-04-28,48.34794998168945,48.389002035140564,48.30176544282214,48.36847600841501,1903900
2014-04-29,48.419776916503906,48.430037969811366,48.332544261106456,48.419776916503906,1775300
2014-04-30,48.409523010253906,48.450575062741095,48.33768387587092,48.41978798084531,4393100
2014-05-01,48.35955047607422,48.47810578395608,48.35955047607422,48.457487298560366,7322200
2014-05-02,48.472923278808594,48.4729232788086,48.36467923998296,48.4729232788086,2146000
2014-05-05,48.452301025390625,48.49353797008046,48.32343852266352,48.33374579255023,3541300
2014-05-06,48.46263885498047,48.529649915500336,48.44202430220786,48.529649915500336,2567800
2014-05-07,48.53477096557617,48.586315175958646,48.4780711543841,48.498685692480144,1578600
2014-05-08,48.52449035644531,48.612115962596604,48.49871626871909,48.59149747893036,4522400
2014-05-09,48.57088088989258,48.60696225165118,48.524488320446665,48.53479952813397,1736600
2014-05-12,48.62240982055664,48.64817996651352,48.56570999385034,48.64817996651352,1123000
2014-05-13,48.699710845947266,48.77187352114035,48.58115563237528,48.591462900586784,1933600
2014-05-14,48.725486755371094,48.75641249624029,48.65332407162874,48.65847967263071,1721400
2014-05-15,48.67909240722656,48.76156235068243,48.62754426842442,48.76156235068243,4240700
2014-05-16,48.77705001831055,48.7873612243417,48.648187470931184,48.71004290939951,3185000
2014-05-19,48.84920120239258,48.89043815164002,48.71518701619629,48.76157563467071,7351000
2014-05-20,48.787357330322266,48.85436443388506,48.78220172771819,48.84920883128098,4217800
2014-05-21,48.78218078613281,48.84918786093029,48.71001811094448,48.828573324508646,2925900
2014-05-22,48.818267822265625,48.82857902425092,48.75641240806776,48.792497682444996,1950900
2014-05-23,48.833744049072266,48.885288275382564,48.79251102756746,48.79251102756746,2289100
2014-05-27,48.880149841308594,48.8904571163327,48.82344999724238,48.84922015108936,4384700
2014-05-28,48.89558029174805,48.91619876069519,48.8698062224214,48.890424691368544,3904400
2014-05-29,48.941978454589844,48.96775252894951,48.885278637055855,48.916208312801785,4734800
2014-05-30,48.99351119995117,49.00381846691151,48.93165580047801,48.95742986673442,4445800
2014-06-02,48.83766174316406,49.060310274987415,48.832482767893566,49.060310274987415,5722500
2014-06-03,48.84283447265625,48.894612367538116,48.83247652343978,48.8842583687218,2978300
2014-06-04,48.84283447265625,48.87907939411357,48.806589551198925,48.83247652343978,2527200
2014-06-05,48.96192169189453,48.97745466482926,48.842832932461555,48.889431851265755,2034100
2014-06-06,49.10176467895508,49.14318860605076,48.977492897668036,48.98267187615578,3059100
2014-06-09,49.1587028503418,49.179414805993616,49.075855027734505,49.17423582948026,2906800
2014-06-10,49.13279342651367,49.189750295519445,49.06548255877964,49.06548255877964,2091000
2014-06-11,49.13798522949219,49.14833923092356,49.07584936970046,49.12762727765965,1699500
2014-06-12,49.106937408447266,49.153540311849305,49.09140442411423,49.09140442411423,1354000
2014-06-13,49.16387939453125,49.17941632455107,49.10174747605889,49.17941632455107,1276500
2014-06-16,49.13798522949219,49.18976313745137,49.132806253575914,49.14833923092356,1869500
2014-06-17,49.10176467895508,49.18978756123106,49.0758737369195,49.132830649075274,7251700
2014-06-18,49.32440185546875,49.350288841069,49.10692826409391,49.10692826409391,4284800
2014-06-19,49.31404495239258,49.350289893327506,49.26744600707721,49.32957793416436,2882500
2014-06-20,49.36063766479492,49.39688259825237,49.314034778691656,49.32439273133748,2372300
2014-06-23,49.35547637939453,49.41243328815772,49.339943395259645,49.365830385350165,1551000
2014-06-24,49.31404495239258,49.40207176643651,49.31404495239257,49.32957793416436,1839300
2014-06-25,49.38654327392578,49.39690123047857,49.31923235794452,49.345123298923525,2385000
2014-06-26,49.33478546142578,49.39174239448464,49.29336151912761,49.36585144294713,1806400
2014-06-27,49.33478546142578,49.36067641296329,49.28818648914376,49.35031845218646,1702700
2014-06-30,49.2933349609375,49.355470840907294,49.24673601376199,49.24673601376199,2647600
2014-07-01,49.30633544921875,49.42074800344882,49.29073445867801,49.3687433790802,3472700
2014-07-02,49.33757400512695,49.40517966471679,49.306368035723,49.33757400512695,2819400
2014-07-03,49.264705657958984,49.35831551480038,49.249100708738574,49.33231123379591,2776100
2014-07-07,49.228328704833984,49.30113596983991,49.22312705227688,49.24912737966565,1941300
2014-07-08,49.238731384277344,49.290736010283,49.228332046155664,49.26993336634101,2035300
2014-07-09,49.20232391357422,49.30113547267082,49.18672292375861,49.27513117784593,3945400
2014-07-10,49.051483154296875,49.16589564588042,49.03588217229845,49.16589564588042,6011600
2014-07-11,49.13471221923828,49.160712543146175,49.056703312118934,49.056703312118934,2071400
2014-07-14,49.1191291809082,49.301151367972025,49.11393149442609,49.301151367972025,2632700
2014-07-15,49.04110336303711,49.1503142482384,49.03590171106622,49.124309956081845,2888400
2014-07-16,48.96308135986328,49.09829650105997,48.95267805870369,49.09829650105997,4264900
2014-07-17,48.61985778808594,48.95789375420417,48.6146601037119,48.94229276568607,5767800
2014-07-18,48.822669982910156,48.87467855908257,48.703059780187125,48.765463723278344,1994800
2014-07-21,48.73944091796875,48.82264745960388,48.69263401454643,48.80704648102826,3111700
2014-07-22,48.80707931518555,48.88508822823832,48.76027634797276,48.76547403253098,3707100
2014-07-23,48.90068435668945,48.926688647688316,48.84867974238946,48.86428072990968,1995900
2014-07-24,48.989097595214844,49.0359045302481,48.87988670373478,48.92149198649809,3089100
2014-07-25,48.90589904785156,49.004710618755375,48.89029805617176,48.97870632082317,3072300
2014-07-28,48.76026916503906,48.90588366518126,48.74986586205888,48.89028267840853,5355100
2014-07-29,48.692665100097656,48.885086549995506,48.68226576364009,48.79147665108547,3877100
2014-07-30,48.489845275878906,48.76547332600026,48.41703801613735,48.74467465267246,5415100
2014-07-31,48.09461212158203,48.34943755781654,48.07380947834066,48.276630290320966,7460000
2014-08-01,48.08992385864258,48.25189429368006,47.71373086062728,48.100371892464025,10942000
2014-08-04,48.38250732421875,48.39818136507151,48.08468858918559,48.10036263003835,7020400
2014-08-05,48.28843307495117,48.39815528807891,48.215284932866005,48.38770726189879,3612500
2014-08-06,48.40340042114258,48.450426523222646,48.25187807087002,48.26755210947126,4167700
2014-08-07,48.434749603271484,48.565371909630116,48.41907556431267,48.42952758113617,3833900
2014-08-08,48.5862922668457,48.62286636846362,48.33027355552027,48.33027355552027,3426300
2014-08-11,48.81615447998047,48.84750254890017,48.586258011168546,48.65418414219496,6908300
2014-08-12,48.805694580078125,48.88406473331324,48.75866850186273,48.83704264137217,4231700
2014-08-13,48.946781158447266,48.957229186936665,48.83183291368566,48.93110712257535,4960200
2014-08-14,49.040828704833984,49.093076819134296,48.96245454024571,48.967680547558416,4246600
2014-08-15,49.140113830566406,49.17146190885653,49.04606560941954,49.124435805144856,6051300
2014-08-18,49.28116989135742,49.291617919001624,49.11919955208268,49.150547621290606,5112800
2014-08-19,49.26551055908203,49.31253267692676,49.23938450276172,49.30731065468391,2747200
2014-08-20,49.30207443237305,49.36477456278644,49.20280022245411,49.281174388901924,2470000
2014-08-21,49.30207443237305,49.35432254791303,49.29162241749964,49.302074432373054,1869100
2014-08-22,49.18190383911133,49.328204154296934,49.16100379408481,49.296852093619165,3065500
2014-08-25,49.28638458251953,49.31250663877026,49.155762342442635,49.24981051474898,1958000
2014-08-26,49.32297897338867,49.35955305622926,49.27595287472161,49.28640489054809,1562400
2014-08-27,49.27598571777344,49.36481196639812,49.27076369265571,49.35958595500168,3685200
2014-08-28,49.20277404785156,49.31772223265547,49.18187401549871,49.260248140253516,1815400
2014-08-29,49.23939514160156,49.26029519391824,49.176698970928896,49.239395141601555,2046000
2014-09-02,49.29710388183594,49.32859964464874,49.20787456371836,49.218370481624575,4484800
2014-09-03,49.171138763427734,49.29710981620202,49.1658888015691,49.29710981620202,3200200
2014-09-04,49.00840759277344,49.21835793374893,48.95067004764135,49.19736610328823,4754500
2014-09-05,48.950660705566406,49.050385897133715,48.94541074668014,49.013644194020436,4752700
2014-09-08,48.903438568115234,48.99791784298271,48.85620093295494,48.940180285866646,2549200
2014-09-09,48.6777458190918,48.88770024061965,48.66199993827302,48.88770024061965,4647900
2014-09-10,48.69876480102539,48.71976065360916,48.578043654355525,48.683018912724926,3290600
2014-09-11,48.69876480102539,48.73025657762633,48.59378954265599,48.646277171840694,2822400
2014-09-12,48.6410026550293,48.70924014261963,48.562269248719815,48.65674853538171,5372500
2014-09-15,48.551788330078125,48.688259342874126,48.53604244486102,48.68300937961888,3592400
2014-09-16,48.65155792236328,48.740787348895736,48.51508679648591,48.52558272714481,5132200
2014-09-17,48.808998107910156,48.86148574578838,48.68827694124525,48.74601454427632,4399300
2014-09-18,48.82472610473633,48.85622187956024,48.76699252741448,48.80373426091853,3640300
2014-09-19,48.898170471191406,48.91391634244864,48.824683064415886,48.866674724131876,6000600
2014-09-22,48.808998107910156,48.940219204880755,48.767010400337625,48.898231497308224,4355300
2014-09-23,48.56227493286133,48.77222937274566,48.520287248522756,48.7039958817161,3573100
2014-09-24,48.4152946472168,48.551765596111395,48.32081537560466,48.551765596111395,6342700
2014-09-25,48.084625244140625,48.34181729187352,48.02688768175506,48.34181729187352,7348000
2014-09-26,48.05312728881836,48.14760656012704,47.738193714758246,47.879914623994644,11842500
2014-09-29,47.95342254638672,47.958672509847986,47.70672632284115,47.78545975656508,6289400
2014-09-30,48.263084411621094,48.305076094638224,48.053134005630056,48.10037164561385,6905400
2014-10-01,48.31632995605469,48.442838962288015,48.24252867896571,48.363769325273886,9996600
2014-10-02,48.41118621826172,48.43227171311921,48.17925381812311,48.295222029015875,6197300
2014-10-03,48.57463455200195,48.72222910603495,48.4797517641736,48.54827665807464,6371600
2014-10-06,48.62733459472656,48.72748974152414,48.56935045938575,48.65369248229929,4213800
2014-10-07,48.442840576171875,48.60624821556926,48.3953971837233,48.56407720487028,4994200
2014-10-08,48.674766540527344,48.695852043038904,48.353223686758994,48.43228929411689,7589400
2014-10-09,48.158199310302734,48.61680006983099,48.11075591093453,48.57462905298136,7177500
2014-10-10,47.76810836791992,48.1318221833526,47.71012424833758,48.06329732459523,14239800
2014-10-13,47.530914306640625,47.94734401253619,47.52037356418404,47.731224608158264,7908500
2014-10-14,47.68906021118164,47.84719549986435,47.55727879312118,47.70487333788493,11695300
2014-10-15,47.69957733154297,47.69957733154296,47.02485744869725,47.55198285987643,11711300
2014-10-16,47.968421936035156,48.02113368328351,47.36222678855775,47.43602403903515,12623100
2014-10-17,48.37432098388672,48.622070692340365,48.17928705977192,48.35850785724495,13575900
2014-10-20,48.72222900390625,48.759127642337155,48.3532426195972,48.40595438569135,7331400
2014-10-21,49.1175651550293,49.12810589784405,48.82237609642443,48.82237609642443,7453700
2014-10-22,48.79602813720703,49.12811589571942,48.73277160249748,49.10703440579968,8363900
2014-10-23,48.7749137878418,50.03474320231251,48.76437304911406,48.95413851939522,9482300
2014-10-24,48.91200637817383,48.98053128846145,48.732781504239455,48.732781504239455,5764300
2014-10-27,48.711692810058594,48.89091363585176,48.67479014653022,48.88037289030818,4911400
2014-10-28,48.79076385498047,48.86983353108338,48.69588104798713,48.78022310827045,6024200
2014-10-29,48.75383758544922,48.85399271987579,48.60624308523017,48.82763483555874,5320700
2014-10-30,48.73274230957031,50.050555828181174,48.70111607205092,48.759100188601614,3341700
2014-10-31,48.7749137878418,48.92250825991653,48.75910066892633,48.92250825991653,5065400
2014-11-03,48.87763977050781,48.978234126197485,48.803518889247556,48.82469686093407,4936200
2014-11-04,48.72407913208008,48.86173386236628,48.687018709228006,48.86173386236628,5886200
2014-11-05,48.71352767944336,48.8035310520779,48.66058475667516,48.7929440832387,4399300
2014-11-06,48.84059143066406,48.85117839948782,48.74529255410596,48.75058805816088,3747700
2014-11-07,48.888214111328125,48.909392077545434,48.78232831952564,48.84056671680222,3456300
2014-11-10,48.90943145751953,48.93060944078853,48.86178402462976,48.87237099662062,2680400
2014-11-11,49.02060317993164,49.03648969371817,48.8405964165493,48.90942181914493,2730700
2014-11-12,48.861751556396484,48.97822836733442,48.845869089320324,48.96234590025826,3218900
2014-11-13,48.66057586669922,48.90940796217832,48.602337450508166,48.90940796217832,5081300
2014-11-14,48.41704177856445,48.67646897622393,48.395867840126265,48.607639538798004,7868000
2014-11-17,48.41172790527344,48.53349617171821,48.36407646762834,48.454079801832634,5213700
2014-11-18,48.316436767578125,48.47526549337129,48.31114126493285,48.39585315011721,5227200
2014-11-19,48.30585861206055,48.31644962016839,48.104673890158345,48.23173771244994,7733300
2014-11-20,48.31113815307617,48.3376116253123,48.136422930601086,48.178778870465,3274300
2014-11-21,48.57588195800781,48.713536814447714,48.45940508250381,48.50705654943128,7983000
2014-11-24,48.57054138183594,48.676431188254796,48.512302998126344,48.63937076582897,4569100
2014-11-25,48.649986267089844,48.681751208008684,48.528217967377294,48.549391901799545,4878500
2014-11-26,48.71352767944336,48.77705757105076,48.65528925261252,48.681758694353576,3055800
2014-11-28,48.24760818481445,48.52291777713624,48.19996077803861,48.49114880000061,5290500
2014-12-01,47.76200866699219,48.22473375513501,47.730093653502614,48.22473375513501,12432400
2014-12-02,48.022640228271484,48.03859571139092,47.79925534889084,47.894992305461734,6821200
2014-12-03,48.1024169921875,48.139647801772476,47.974765024021394,48.03859100810445,7627000
2014-12-04,48.07050323486328,48.13432922062415,48.02795663554338,48.05986759949681,4581600
2014-12-05,48.03327941894531,48.07583008231549,47.88967600238923,48.00668829772991,5237400
2014-12-08,47.788597106933594,47.97475110083301,47.70881566444734,47.93752030205312,6770800
2014-12-09,47.76200866699219,47.80455525522336,47.458842414885424,47.5013890031166,9702100
2014-12-10,47.21420669555664,47.602474473928865,47.02805257901739,47.5333326757444,15409400
2014-12-11,47.04398727416992,47.288651499606395,46.762096299734296,47.1344084261154,12053000
2014-12-12,46.40576171875,46.77275414145779,46.32598022800633,46.69829249885841,11563300
2014-12-15,46.379180908203125,46.59193026349618,45.985597238517656,46.50683295609282,14114000
2014-12-16,46.21427536010742,46.62381834233707,45.80473643573187,45.97493500997099,14875500
2014-12-17,47.15568923950195,47.325887813183215,46.21427520862898,46.25150601981382,16864000
2014-12-18,47.53328323364258,48.0332389040503,47.18756648660931,47.86836029488031,16638700
2014-12-19,47.990726470947266,48.033273070839854,47.61309445576328,47.666284806873634,9952800
2014-12-22,47.87370681762695,48.02794988481171,47.7088240587172,47.948168428288085,6622400
2014-12-23,48.04390335083008,48.08645400023967,47.84178979506117,47.996032855780975,5314400
2014-12-24,48.207366943359375,48.23407625598405,48.031095260681994,48.06314725088539,2285700
2014-12-26,48.05780792236328,48.34090872473023,48.020417327244424,48.26078485654147,1815500
2014-12-29,48.084503173828125,48.20201761272652,47.92960222284574,48.084503173828125,4717100
2014-12-30,47.98833465576172,48.05243452438739,47.892190965723145,47.950944084546734,3624300
2014-12-31,47.86015701293945,48.073819246868055,47.77469456452891,48.00971935410903,4185400
2015-01-02,47.86015701293945,48.036428661575655,47.80139979672738,47.90823295132576,3271900
2015-01-05,47.41683578491211,47.6678887481154,47.352739930661386,47.59310753464257,7523100
2015-01-06,47.235225677490234,47.51832656929716,47.18714971128066,47.32603085499991,9489700
2015-01-07,47.528995513916016,47.689239170308156,47.470238283991506,47.60377670195284,8353100
2015-01-08,47.886871337890625,47.98301914946925,47.528989401841294,47.7052569936783,8388600
2015-01-09,48.12724304199219,48.14860967702092,47.737313159707234,47.924266122122546,6766700
2015-01-12,48.06849670410156,48.16464454587813,47.8815436993332,48.16464454587813,8698500
2015-01-13,48.06849670410156,48.1966965433169,47.82812913729508,48.073839382886334,7738700
2015-01-14,47.956295013427734,47.98834291562342,47.726608872068276,47.81207537827986,7415500
2015-01-15,47.662532806396484,48.063148050820544,47.6518474510612,48.063148050820544,7061300
2015-01-16,47.84412384033203,47.913562320991,47.715928154781885,47.72126675503209,7685500
2015-01-20,47.758670806884766,47.98835292086404,47.678546959422974,47.98835292086404,5915300
2015-01-21,48.015079498291016,48.02576485527221,47.69993074692968,47.73197866733398,6110700
2015-01-22,48.079166412353516,48.16462886874331,47.95630929191179,48.084505014130755,6940100
2015-01-23,48.079166412353516,48.148604912874504,48.036433146524345,48.07916641235351,5134500
2015-01-26,48.29816818237305,48.3355587718643,48.03643405593427,48.11121523491678,8252300
2015-01-27,48.26076126098633,48.30349451316317,48.07915105213559,48.11654162897352,8771100
2015-01-28,48.15928649902344,48.340896751685555,48.079162650679706,48.29282488784025,5622400
2015-01-29,48.3302116394043,48.35157419368416,48.15394000208631,48.255426398353244,4923200
2015-01-30,48.19667053222656,48.330208902887954,48.175303903888626,48.276790294409274,6383000
2015-02-02,48.38172149658203,48.38172149658203,48.20473383617313,48.28518314470643,4120600
2015-02-03,48.65524673461914,48.71424262048331,48.42999194776781,48.47289469872396,11682400
2015-02-04,48.451454162597656,48.61235281989356,48.43000482732618,48.61235281989356,8333900
2015-02-05,48.735660552978516,48.741020835556135,48.48358814999254,48.5640373986632,10172500
2015-02-06,48.77322006225586,48.848304962812186,48.68740640915138,48.842940586538106,6076700
2015-02-09,48.65524673461914,48.80005221421736,48.6445179780138,48.74105632835319,4672800
2015-02-10,48.821495056152344,48.82149505615235,48.74641014347255,48.75177452061278,6846600
2015-02-11,48.805389404296875,48.821478438420364,48.71421548305079,48.7946647454877,5688000
2015-02-12,48.800048828125,48.880498129795974,48.77323512211564,48.880498129795974,3185400
2015-02-13,48.869773864746094,48.90731632692287,48.773235520317044,48.81077798249381,4676600
2015-02-17,48.837562561035156,48.955554255167144,48.821473528529715,48.93410084788687,6624200
2015-02-18,49.003849029541016,49.0145736924333,48.826861403160756,48.88585727862084,4744400
2015-02-19,48.891239166259766,48.97704877559357,48.88051040770399,48.95023097102661,2964800
2015-02-20,49.025299072265625,49.030659357432256,48.84831145806911,48.88585391333921,5470600
2015-02-23,49.06285858154297,49.06285858154297,48.95022708476177,49.04676544498697,4165700
2015-02-24,49.111083984375,49.127173015437435,49.01454570618168,49.05208814260027,3689300
2015-02-25,49.27203369140625,49.28812273919146,49.111135029908326,49.143313125478734,9048500
2015-02-26,49.261295318603516,49.325655589007724,49.202299427021856,49.25593093978096,7928200
2015-02-27,49.27203369140625,49.31493645489248,49.239851504012904,49.28812273919146,4521800
2015-03-02,49.26283264160156,49.3382401046588,49.176654444992664,49.316694528156944,6933000
2015-03-03,49.12278366088867,49.23051153289739,49.079696621483315,49.187420384093905,10032000
2015-03-04,49.031227111816406,49.10125126891081,49.00429822088685,49.04200195570734,7832800
2015-03-05,49.12278366088867,49.12278366088867,49.036605472679824,49.106625507436895,6412500
2015-03-06,48.81040573120117,48.998924457855,48.76192713897588,48.98814961096047,9271900
2015-03-09,48.70808410644531,48.875057313410046,48.68115108817285,48.869673997276855,9607500
2015-03-10,48.519535064697266,48.65957516610305,48.42258201250914,48.62725885184003,12447300
2015-03-11,48.6541862487793,48.724206291416486,48.51414205410633,48.66495698249325,9214800
2015-03-12,48.75113296508789,48.82115299864105,48.67033808982005,48.79960742460975,4469900
2015-03-13,48.58415603637695,48.691883907071535,48.46027412182578,48.670338332932616,6184500
2015-03-16,48.53569412231445,48.65957606888713,48.50337780745187,48.621872331747724,4772600
2015-03-17,48.29331588745117,48.48721789544284,48.20174614189478,48.41181041750181,13059600
2015-03-18,48.724205017089844,48.729592438505215,48.201736093557884,48.29330582002526,11633900
2015-03-19,48.33638381958008,48.67033402507793,48.30406751593109,48.56799358432584,9226000
2015-03-20,48.71343994140625,48.734985520171634,48.460284527661734,48.530304576599995,9127300
2015-03-23,48.75113296508789,48.767291118261845,48.64340509493142,48.7080418170253,5459200
2015-03-24,48.8265495300293,48.86425326426968,48.71882163977192,48.73498390535964,6767200
2015-03-25,48.69729232788086,48.92351478979717,48.69190490467337,48.858878039506855,5364600
2015-03-26,48.6919059753418,48.76192604097939,48.600340325800346,48.75115530372744,4876400
2015-03-27,48.72959518432617,48.778069651600504,48.664958451895004,48.68650402937206,3822000
2015-03-30,48.86429214477539,48.90199590901603,48.74579342590422,48.75118085205348,4197700
2015-03-31,48.80501174926758,48.928893706106926,48.77807874505059,48.84810291225495,4498400
2015-04-01,48.905635833740234,48.92727838513979,48.74873043201439,48.883993282340676,9298200
2015-04-02,48.94350814819336,49.01384334271357,48.88399216517836,48.94350814819335,4774400
2015-04-06,49.06793975830078,49.132863267209615,48.90021106186815,48.90021106186815,5020700
2015-04-07,49.32765579223633,49.3438866739854,49.06795342846184,49.11123440382782,8659800
2015-04-08,49.316856384277344,49.39801495350778,49.24110948710128,49.349318160811,7151900
2015-04-09,49.268150329589844,49.37636311085278,49.235688559158724,49.338489669384636,3415700
2015-04-10,49.381744384765625,49.38715605292384,49.26271658053799,49.26271658053799,3012700
2015-04-13,49.28978729248047,49.40881927441429,49.27896807952969,49.38176505019476,2866600
2015-04-14,49.311424255371094,49.34388601843798,49.1978039567424,49.306012585561746,2830000
2015-04-15,49.50621795654297,49.53867972935829,49.34931250810916,49.36554339451682,4438300
2015-04-16,49.40339660644531,49.47373592260003,49.38175405746649,49.47373592260003,5285400
2015-04-17,49.25191879272461,49.365539115625744,49.23568790772379,49.365539115625744,3901300
2015-04-20,49.360130310058594,49.44128473298694,49.29520264382056,49.36553785299024,3641000
2015-04-21,49.39260482788086,49.49540596065109,49.365550594658245,49.49540596065109,3730700
2015-04-22,49.3438835144043,49.473738815871315,49.33306430322924,49.46832714633659,4031100
2015-04-23,49.32765579223633,49.43045688050667,49.278963146989106,49.3763525653782,4755200
2015-04-24,49.408817291259766,49.41963650377629,49.33848209016517,49.33848209016517,4221400
2015-04-27,49.425079345703125,49.500826264775974,49.38179421254793,49.479183698198376,5049600
2015-04-28,49.34931182861328,49.40341615852581,49.32766927106911,49.387185272341625,4697400
2015-04-29,49.257320404052734,49.343886482343144,49.192392749413955,49.23567785250648,8152700
2015-04-30,49.23028564453125,49.27898243673497,49.13289618802006,49.23569731653083,11463800
2015-05-01,49.34004592895508,49.35091315306976,49.24222432707116,49.26939860667728,8053700
2015-05-04,49.32918930053711,49.43788230523129,49.26397764393478,49.427010931654785,6683700
2015-05-05,49.26397705078125,49.33462439332122,49.177022648072864,49.28571565145835,12736900
2015-05-06,49.117225646972656,49.285698707748026,49.08461983027349,49.263960114544346,13677500
2015-05-07,49.11180114746094,49.225925668478055,49.057452583555666,49.07375964045522,8676400
2015-05-08,49.49764633178711,49.49764633178711,49.3454803208918,49.37808613859428,10319600
2015-05-11,49.187896728515625,49.48679317529332,49.17159381366412,49.45962303261227,5499200
2015-05-12,49.18243408203125,49.30742993773326,49.06830959441397,49.106351090286395,6569200
2015-05-13,49.11180114746094,49.32917881822881,49.090062551141486,49.24766426479751,4349000
2015-05-14,49.35091781616211,49.3835277840133,49.23135760853883,49.23135760853883,5147100
2015-05-15,49.4595947265625,49.49763622151607,49.350901779400914,49.39981464217663,8939400
2015-05-18,49.378074645996094,49.45415763373566,49.31829456331331,49.45415763373566,2843700
2015-05-19,49.302040100097656,49.38899039457101,49.258562879753,49.38899039457101,4743200
2015-05-20,49.242225646972656,49.378088756219086,49.242225646972656,49.307441432047646,2841700
2015-05-21,49.312904357910156,49.36181726440183,49.23682130000372,49.23682130000372,3709300
2015-05-22,49.35091781616211,49.372656412658465,49.28570617288638,49.307444769382734,3716900
2015-05-26,49.24766540527344,49.34005133211058,49.24222971951437,49.27483554164198,3951500
2015-05-27,49.35633850097656,49.39981568075526,49.280255509469875,49.33459991108721,3737800
2015-05-28,49.334632873535156,49.361807165606095,49.285724123265275,49.35093579029178,5440700
2015-05-29,49.40526580810547,49.43787162936557,49.32374710874194,49.32374710874194,4764000
2015-06-01,49.48823547363281,49.548276928763734,49.379059726510846,49.48277564511948,9372600
2015-06-02,49.395450592041016,49.537377025648986,49.31356979708911,49.537377025648986,5203700
2015-06-03,49.12798309326172,49.37362134287573,49.095232437214705,49.34087068682872,9532700
2015-06-04,48.96967315673828,49.13343473895356,48.96967315673828,49.089764428412145,11381700
2015-06-05,48.822261810302734,48.92597352990731,48.76221621044494,48.84955261456603,7747600
2015-06-08,48.822261810302734,48.915058041127494,48.76767187252107,48.86592793004951,6487800
2015-06-09,48.74038314819336,48.822263893732476,48.67487771883653,48.811344239859146,11416200
2015-06-10,48.80590057373047,48.844111042423584,48.724019808065584,48.75131062020139,5187500
2015-06-11,48.90419006347656,48.90964989594949,48.78955856933659,48.83868873232911,5202100
2015-06-12,48.72401428222656,48.865936484346165,48.713094626907655,48.81135070163645,5713500
2015-06-15,48.494789123535156,48.70222110707348,48.478413791073045,48.62034028013108,12726200
2015-06-16,48.7676887512207,48.7676887512207,48.47838030520821,48.47838030520821,5249800
2015-06-17,48.72401428222656,48.800435210945814,48.54933727877851,48.69125948089811,5660400
2015-06-18,48.90419006347656,48.95878005894202,48.740432570976004,48.740432570976004,6869900
2015-06-19,48.93144989013672,48.99695533883193,48.83319379940838,48.99695533883193,12585700
2015-06-22,49.029701232910156,49.12249748610376,48.931445151696764,49.06791169979155,5035400
2015-06-23,48.996971130371094,49.01880628697355,48.93146566056372,49.002426796048994,3474800
2015-06-24,48.865943908691406,49.01333012549155,48.865943908691406,48.96419999834854,2636900
2015-06-25,48.71856689453125,48.93145441669835,48.71856689453125,48.89324394258193,5176700
2015-06-26,48.57664489746094,48.75678179090368,48.55480974389548,48.71857131332156,6683200
2015-06-29,48.24367141723633,48.47293847265772,48.23821575171523,48.39105767890938,10156900
2015-06-30,48.472923278808594,48.50567392019016,48.35283204090434,48.45108812967792,4912700
2015-07-01,48.48115158081055,48.694990304148256,48.448254602831604,48.694990304148256,13614700
2015-07-02,48.66209030151367,48.716919989149666,48.53597825503757,48.60726061387768,5586300
2015-07-06,48.50306701660156,48.662075992254685,48.47565427246289,48.56886513235879,4719100
2015-07-07,48.54145812988281,48.59628781260655,48.32213521575124,48.43179876443535,8406300
2015-07-08,48.30023193359375,48.481173761736336,48.28378343707882,48.34409737979301,5744800
2015-07-09,48.40987014770508,48.6511257919714,48.40987014770508,48.497596810832924,6291000
2015-07-10,48.689517974853516,48.72789918298694,48.55792167562068,48.57437016721531,7097900
2015-07-13,48.73336410522461,48.76626526144424,48.64563744952442,48.74981677495275,6119200
2015-07-14,48.68400192260742,48.70593462480766,48.60175533516533,48.65658499904832,6354100
2015-07-15,48.68400192260742,48.74431580784928,48.60723955652419,48.67851770124856,5983300
2015-07-16,48.76080322265625,48.81563293031904,48.73338627720558,48.73887050294343,7523600
2015-07-17,48.629207611083984,48.79369672231292,48.57985794944853,48.79369672231292,7788400
2015-07-20,48.40436553955078,48.6127241203031,48.39888131815329,48.60723989890561,6740400
2015-07-21,48.316673278808594,48.426332685342736,48.311189053510425,48.36601875677749,4904800
2015-07-22,48.004112243652344,48.21246667163074,47.9876595770545,48.17956970490675,10578500
2015-07-23,47.976715087890625,48.09185870211305,47.976715087890625,47.9876793535719,4918400
2015-07-24,47.83963394165039,48.00412719296812,47.81221700535172,47.97671025666945,4702900
2015-07-27,47.636756896972656,47.8505956021059,47.598375698185585,47.70803925417502,11061700
2015-07-28,47.89448165893555,47.94931136893415,47.66419436699819,47.686127087645374,10471000
2015-07-29,48.17412185668945,48.212503074592554,47.89448487868738,47.89448487868738,8839500
2015-07-30,48.316673278808594,48.34408603882302,48.14669576047101,48.14669576047101,6127600
2015-07-31,48.234432220458984,48.38247285475505,48.21798372589706,48.25636494095446,5936500
2015-08-03,48.14407730102539,48.24872350321118,48.122045415788264,48.243214481363786,5416900
2015-08-04,48.171630859375,48.26526325277686,48.16061701397934,48.19366275232025,3691400
2015-08-05,48.10553741455078,48.320347330204164,48.10003259267426,48.270774518236735,7778300
2015-08-06,47.90725326538086,48.10002706274907,47.89623521858632,48.04494943523724,10794800
2015-08-07,47.7585334777832,47.85767487660128,47.742010611672384,47.83564298773581,5483500
2015-08-10,47.89623260498047,47.90174162807712,47.769554488831204,47.791582176911035,3234500
2015-08-11,47.67593002319336,47.75303955753283,47.62085238468723,47.714484790363095,4598600
2015-08-12,47.60980987548828,47.631841758057845,47.38949525194452,47.510668505001185,6371900
2015-08-13,47.54927062988281,47.60985731678332,47.52172969868944,47.57130253440628,7422100
2015-08-14,47.5767707824707,47.64837546766219,47.5216931645831,47.52720218701773,3437900
2015-08-17,47.5767707824707,47.64837546766219,47.47762938941186,47.52720218701773,4153600
2015-08-18,47.51618194580078,47.58778662768247,47.46661335263902,47.51618194580078,5471300
2015-08-19,47.472137451171875,47.615338456108105,47.378500852985546,47.48315129687696,7208500
2015-08-20,47.24079513549805,47.3509545810862,47.174703670298335,47.31239982566864,11099100
2015-08-21,47.070068359375,47.22979645514365,47.020499744561214,47.10862312717057,13158600
2015-08-24,46.684486389160156,47.02597002389586,45.951942136982865,46.16123869382576,19116200
2015-08-25,46.778175354003906,47.19677317656673,46.76716150174333,47.12516842932514,18194700
2015-08-26,47.16918182373047,47.25730935624201,46.92133049230782,46.95988523724361,10654800
2015-08-27,47.521690368652344,47.61532273376772,47.29036186584285,47.29036186584285,12772100
2015-08-28,47.565757751464844,47.64286725825394,47.40052069282937,47.488648244675744,9100000
2015-08-31,47.49966812133789,47.53271805855501,47.21877096899011,47.4996681213379,5408800
2015-09-01,47.346412658691406,47.451525682529336,47.26895917969587,47.41279894303156,4739100
2015-09-02,47.54003143310547,47.55662799898076,47.4017210896158,47.54003143310547,5259700
2015-09-03,47.6064567565918,47.706040445617,47.50133946792636,47.57879297929043,8779000
2015-09-04,47.55666732788086,47.61752426701615,47.495810388745575,47.501343988912474,4671000
2015-09-08,47.8166389465332,47.82217254059936,47.71152176375404,47.77237863579508,5450300
2015-09-09,47.7558479309082,47.92182221461078,47.711587559134,47.910755011216544,4914800
2015-09-10,47.87200164794922,47.910728396513356,47.733691228663155,47.733691228663155,4744100
2015-09-11,47.85539627075195,47.883060037880476,47.63963239402389,47.66176256354706,4834900
2015-09-14,47.772430419921875,47.82222437870156,47.70051050268467,47.77796401998631,4383100
2015-09-15,47.76137161254883,47.805631975130126,47.689447468129075,47.717111249967516,4247800
2015-09-16,47.58985900878906,47.706043504183874,47.545602871529205,47.59539260878407,5026700
2015-09-17,47.62857437133789,47.805615761618654,47.49579754952639,47.58431824466677,6576800
2015-09-18,47.49579620361328,47.60644706940319,47.40727973188031,47.490262605099055,10827600
2015-09-21,47.40727233886719,47.52345256415444,47.363011999453484,47.50132239444759,7579000
2015-09-22,47.064273834228516,47.40728522658527,47.00341690621523,47.219180843389815,7366900
2015-09-23,46.98128128051758,47.08639854778286,46.94808813123336,47.05320539849864,7686000
2015-09-24,46.748905181884766,46.88721555224537,46.66591811548889,46.88721555224537,9167500
2015-09-25,46.511024475097656,46.89276255713192,46.49442790125247,46.80424186875927,8384200
2015-09-28,45.79734420776367,46.48336268833108,45.76415105865685,46.289728950376436,12416300
2015-09-29,45.79179000854492,45.968827092301,45.7143365482077,45.75859687437097,11417600
2015-09-30,46.07949447631836,46.10715402444306,45.825003840718935,45.9909737921628,14539800
2015-10-01,45.783729553222656,46.072794457281724,45.76149313888544,46.000529291557555,12179800
2015-10-02,45.828250885009766,45.844927153121695,45.39465094943207,45.52250516573479,14060200
2015-10-05,46.378543853759766,46.40078027001518,46.033885763544916,46.06724250850941,13531400
2015-10-06,46.63429260253906,46.68432563837532,46.33966727970507,46.40637658043139,13985800
2015-10-07,47.11235809326172,47.156830953589335,46.806612479966134,46.88999803278906,18000700
2015-10-08,47.30690383911133,47.32358009519751,46.95112957206013,47.04007525940483,9466900
2015-10-09,47.31248474121094,47.58487360605137,47.240219519443464,47.37919403595714,9900600
2015-10-12,47.22353744506836,47.3903085558072,47.15683239370524,47.35139586212354,3867000
2015-10-13,47.11235809326172,47.22353600291535,47.0456488027703,47.13459452342553,7772600
2015-10-14,47.07899475097656,47.223525152083596,47.051198159367445,47.11790743453067,7748100
2015-10-15,47.19017028808594,47.223522803426555,47.034519561610765,47.15125760646714,8049200
2015-10-16,47.40696334838867,47.41252351387262,47.1901635473145,47.20128387828239,5978200
2015-10-19,47.534820556640625,47.568173066409564,47.29578434058174,47.3346970157,10347000
2015-10-20,47.57929992675781,47.63489311050901,47.41253309899762,47.46256187497634,10294800
2015-10-21,47.52928924560547,47.67937987184694,47.395874884372375,47.612674811813434,14332200
2015-10-22,47.54596710205078,47.62935267104979,47.47926203978455,47.57376370543919,11805100
2015-10-23,47.712730407714844,47.857260846343614,47.57375589591875,47.75164310137113,13201700
2015-10-26,47.66271209716797,47.77389428563922,47.62935956121,47.76833411592395,9354100
2015-10-27,47.50705337524414,47.62935164164397,47.44034407325347,47.62379147285322,5585800
2015-10-28,47.63490676879883,47.64602286403769,47.41810686173272,47.50704834714066,8637000
2015-10-29,47.512577056884766,47.62931506484522,47.49034063996427,47.501456727843085,6064500
2015-10-30,47.56819152832031,47.673813505133374,47.46812971901455,47.545955099456236,8803100
2015-11-02,47.71561813354492,47.73795741673494,47.53132224281418,47.570414923201064,5476000
2015-11-03,47.76591873168945,47.793843924495356,47.670979893407335,47.670979893407335,5873700
2015-11-04,47.62623977661133,47.788196311977686,47.603900503376586,47.788196311977686,6082100
2015-11-05,47.44198226928711,47.65978503318841,47.43640064205775,47.60952482341926,8529600
2015-11-06,47.21298599243164,47.29675722336929,47.1012895975875,47.25766455036929,8207700
2015-11-09,47.017555236816406,47.15717263161794,46.984044164730406,47.11249404269311,10127900
2015-11-10,46.91146469116211,47.017575319986676,46.83886514873752,46.967310820779986,9673000
2015-11-11,46.79974365234375,46.96728193816942,46.77181847431416,46.93377513316108,3943900
2015-11-12,46.48698043823242,46.732708278349655,46.47581292767362,46.61543024396162,11570600
2015-11-13,46.35295867919922,46.55400799746563,46.34737279236314,46.50932942434349,7487900
2015-11-16,46.57075500488281,46.598680174446955,46.246841785382486,46.30269212451077,8228200
2015-11-17,46.604286193847656,46.766242888370925,46.55961186425684,46.68805748560588,9106400
2015-11-18,46.693634033203125,46.72155921179753,46.57635595251788,46.57635595251788,7479000
2015-11-19,46.27477264404297,46.62660681557984,46.26918675728687,46.53725393139819,9428300
2015-11-20,46.263587951660156,46.470223096102146,46.24683455685335,46.28592723166324,9763700
2015-11-23,46.224510192871094,46.29152805450608,46.179835879231135,46.20775679265819,5138900
2015-11-24,46.285953521728516,46.302711186835545,46.11282932934894,46.157507914732186,9529200
2015-11-25,46.33623123168945,46.34739875083313,46.263627444505886,46.263627444505886,7132500
2015-11-27,46.408817291259766,46.43674247219411,46.319464381681776,46.36413870607857,2259900
2015-11-30,46.38088607788086,46.436732166571325,46.34737501603981,46.40880699183437,5356300
2015-12-01,46.710838317871094,46.73328517449911,46.46393145756317,46.49198681737309,9849200
2015-12-02,46.61546325683594,46.82309356262125,46.59301639015897,46.67719106987205,11871300
2015-12-03,46.49201583862305,46.649139651798876,46.419066720020794,46.53129679191701,15290200
2015-12-04,46.385406494140625,46.53691754526376,46.29561899621318,46.46396841417537,14027900
2015-12-07,46.05989074707031,46.29557628976083,46.026218325757675,46.2001803721908,11989900
2015-12-08,45.487510681152344,45.80176238035458,45.43139568242693,45.69514088586632,25199100
2015-12-09,45.7232551574707,45.846706589650296,45.48195652147023,45.48756503113401,16703900
2015-12-10,45.53241729736328,45.77371571344086,45.453855420621856,45.60536638825141,14206800
2015-12-11,44.623329162597656,45.19571332153548,44.11828985698228,45.19571332153548,54233300
2015-12-14,44.23613739013672,44.61772544324318,43.88821748600118,44.55599764926267,38540500
2015-12-15,44.960025787353516,45.14520486009076,44.758008361367345,44.78045521773248,36337800
2015-12-16,45.30232620239258,45.39210933336917,44.92634676511092,45.111530091955686,30575300
2015-12-17,44.79729080200195,45.34722381696286,44.78045672948481,45.285496030199866,17345300
2015-12-18,44.62892532348633,44.77482770120392,44.52230386115824,44.645759389896305,23548900
2015-12-21,44.48867416381836,44.83659420163455,44.37083131584087,44.72435985977334,14468700
2015-12-22,45.02737808227539,45.03860365509867,44.53355991059139,44.556006774936336,12569500
2015-12-23,45.31355285644531,45.39211471084413,45.1283695076624,45.178876003375905,12824900
2015-12-24,45.406089782714844,45.524554654586154,45.281982496782746,45.327113201467306,5284300
2015-12-28,45.135292053222656,45.27067979705677,45.061953618059306,45.265037385759875,7151600
2015-12-29,45.39478302001953,45.42862887701939,45.21426460952297,45.21990702032241,7485500
2015-12-30,45.42863845825195,45.49069207843819,45.23119707761363,45.33838138591699,13145300
2015-12-31,45.456851959228516,45.626085605206896,45.34966763737898,45.40044074390239,7935200
2016-01-04,45.186058044433594,45.21990820621957,44.94348602047688,45.135289257602395,14787700
2016-01-05,45.270687103271484,45.428640213886396,45.169145203033395,45.321455901440785,11491300
2016-01-06,45.270687103271484,45.31581779313273,45.09016864772594,45.09016864772594,11320100
2016-01-07,44.977352142333984,45.12966286077308,44.915298511588425,44.94350196853638,11004700
2016-01-08,44.85887145996094,45.253758490836184,44.84759094086115,45.152216603342424,17902100
2016-01-11,44.79120635986328,45.10147031435482,44.740433233989194,45.05070149238223,16917700
2016-01-12,44.83628463745117,45.10141757086406,44.73474280835177,45.067571729129746,15217700
2016-01-13,44.339881896972656,44.91528736584447,44.277828281625716,44.87015668124688,20352700
2016-01-14,44.53731155395508,44.58808463675455,44.15935185358347,44.373720397117935,18572700
2016-01-15,43.95064163208008,44.38501263614376,43.67421941650421,43.81524957812084,27309900
2016-01-19,43.7983283996582,44.074746322394176,43.65729823239915,43.973204429811695,15975700
2016-01-20,43.50498580932617,43.67421942094395,42.77162724728552,43.45421271311155,25973500
2016-01-21,43.7983283996582,43.97884684159382,43.324469103539386,43.504987545475004,20065800
2016-01-22,44.46964645385742,44.52041526313279,44.13681292319514,44.227074322663015,17653100
2016-01-25,44.02961730957031,44.41885762130123,44.01833248668021,44.33423866522098,16448400
2016-01-26,44.42449951171875,44.44706485333542,44.10295092550417,44.20449281082976,12010900
2016-01-27,44.35678482055664,44.61064157899154,44.21575472272516,44.407557893802434,14563000
2016-01-28,44.58243942260742,44.72911194781667,44.418843972162016,44.6275700925022,14622600
2016-01-29,44.72914123535156,44.81939833034167,44.63887983646107,44.678368122500565,14218700
2016-02-01,44.46323776245117,44.66732794057696,44.39520626133345,44.65032114660437,8865500
2016-02-02,44.145782470703125,44.344202349458115,44.12310529524127,44.24782759766697,15442100
2016-02-03,44.36119079589844,44.44622908738968,44.0097012095073,44.28182287723386,15465200
2016-02-04,44.2194709777832,44.440567986653875,44.17978701017124,44.34419325462883,8989700
2016-02-05,43.87932205200195,44.21380058959149,43.811290539591226,44.21380058959149,14632300
2016-02-08,43.36907196044922,43.539148482541236,43.244349754278495,43.52213737015153,15649900
2016-02-09,43.204673767089844,43.40309352926068,43.01192437676,43.13664228067709,18685000
2016-02-10,43.142330169677734,43.49949021183002,43.05729185844014,43.31807716629629,13086000
2016-02-11,42.853187561035156,43.01192770829363,42.569729500199436,42.7171289028975,22158200
2016-02-12,43.493812561035156,43.533496522943025,42.95523956345409,43.00626427175133,17751500
2016-02-16,43.53351974487305,43.669578497530594,43.47682895836822,43.54485617208211,14106000
2016-02-17,43.89067459106445,43.98704935844656,43.714931859340645,43.754615841511495,16353000
2016-02-18,43.930335998535156,44.07773542452329,43.90199278310922,44.04938788386992,13247300
2016-02-19,44.0153923034668,44.038069480222006,43.68091367809309,43.73760445736652,12879900
2016-02-22,44.39522933959961,44.41790651842727,44.19113905538021,44.24216378904986,13826600
2016-02-23,44.30449676513672,44.37819430552162,44.07205907394098,44.25347206392652,16809700
2016-02-24,44.378231048583984,44.429255792040244,43.91335960652793,43.97005040185566,13622100
2016-02-25,44.61631774902344,44.63332887375783,44.253491608807515,44.40656145481569,10699100
2016-02-26,44.9167594909668,44.95644344052686,44.70699900030581,44.75801936750042,12060200
2016-02-29,45.39865493774414,45.4269981554819,44.933783779612575,44.94512020166212,23746800
2016-03-01,46.11616134643555,46.16745444543532,45.32970339492407,45.49497439484613,24023200
2016-03-02,45.8027229309082,45.93949729052726,45.71723732565435,45.87680813653967,14987400
2016-03-03,45.95659637451172,46.087674890377095,45.58616162756567,45.74573244828612,12018400
2016-03-04,46.087650299072266,46.29850976480937,45.87678648535873,46.03635722093592,18029900
2016-03-07,46.14464569091797,46.16174193669968,45.97367453714678,45.979374735066365,12656200
2016-03-08,45.81982421875,46.07627671472159,45.79702776497802,46.0420842080531,17813700
2016-03-09,45.93381881713867,45.990807798270524,45.79704439282613,45.90532650056303,7699600
2016-03-10,46.25294876098633,46.27004501454846,45.90531044529299,46.1959554518072,18167000
2016-03-11,46.811439514160156,46.87982886593639,46.52649040372676,46.57208330491092,18662700
2016-03-14,46.68035888671875,46.76584012961542,46.46379481010647,46.66325829016165,12512400
2016-03-15,46.24724578857422,46.43531326244357,46.22444933586471,46.38972035702456,16442600
2016-03-16,46.55501937866211,46.725986354843194,46.059206016976056,46.12189521263687,21567100
2016-03-17,46.85133361816406,46.93111902363546,46.57208469901415,46.66326615613354,18423000
2016-03-18,46.9596061706543,47.07928425463997,46.89121683067208,46.90261722799126,12922000
2016-03-21,46.908321380615234,46.99380698372804,46.811439726143966,46.953914282005854,12653600
2016-03-22,46.78295135498047,46.8741371738989,46.720266539448,46.811448010387274,8941200
2016-03-23,46.566368103027344,46.77153174428029,46.54927185758576,46.77153174428029,11354200
2016-03-24,46.3611946105957,46.440979971021015,46.20732408634006,46.23012052474387,13497800
2016-03-28,46.150352478027344,46.40680489732248,46.12755603107125,46.30992325874233,11298900
2016-03-29,46.32701110839844,46.34410735352173,45.97937296430181,46.013565454548406,11348400
2016-03-30,46.49230194091797,46.566387150794704,46.38401987819303,46.4125165309034,11796400
2016-03-31,46.55501937866211,46.67469756638329,46.43534119094094,46.441037046560005,9436700
2016-04-01,46.58875274658203,46.66891001251352,46.26239691579145,46.365456881738126,10822400
2016-04-04,46.474246978759766,46.66891777715599,46.42271917133506,46.52577915442857,9269700
2016-04-05,46.30248260498047,46.41699175426357,46.25095043003225,46.27385313353768,13254500
2016-04-06,46.69184875488281,46.731927418786064,46.36549267217157,46.38266861838056,13935000
2016-04-07,46.46281051635742,46.611675947809964,46.41127832659699,46.50288916695096,11306100
2016-04-08,46.67464828491211,46.74335640832462,46.61739369952411,46.7090045307408,7953000
2016-04-11,46.737613677978516,46.869303110818116,46.731891279165374,46.749067212091546,8126900
2016-04-12,47.01245880126953,47.029634740440144,46.7891628555616,46.81778796476431,11772800
2016-04-13,47.32163619995117,47.418969428710625,47.12696537418754,47.12696537418754,13596100
2016-04-14,47.30445861816406,47.36743996828951,47.235750499415055,47.321634555790176,10758400
2016-04-15,47.23002624511719,47.27583166005501,47.17849842949573,47.21857707550513,7857300
2016-04-18,47.499141693115234,47.5048684637431,47.02392020066236,47.04110051254597,9211400
2016-04-19,47.69950866699219,47.75676760518914,47.56782359292404,47.607902228715695,11623600
2016-04-20,47.79112243652344,47.92280751875595,47.647983818643944,47.73959026259996,10128800
2016-04-21,47.64225769042969,47.86555358785998,47.61935498707222,47.84837765240288,13349500
2016-04-22,47.75107955932617,47.77970468339323,47.64229273042856,47.68237139872022,10982300
2016-04-25,47.567848205566406,47.73388960211491,47.55067226251759,47.66518146167368,8972400
2016-04-26,47.72816467285156,47.73389144350406,47.61365546927814,47.68808601477625,8291000
2016-04-27,48.008705139160156,48.04306138757248,47.75678407085925,47.77396001094281,10505400
2016-04-28,47.92855453491211,48.117498638714636,47.89420264994649,47.99726267308915,9229000
2016-04-29,48.008705139160156,48.04306138757248,47.722427822446924,47.882742420887105,20284700
2016-05-02,48.027103424072266,48.04435796869367,47.90631722348629,47.958080857350495,11420700
2016-05-03,47.71651077270508,47.86605748041098,47.64748820263242,47.85455152461401,18449200
2016-05-04,47.53820037841797,47.65898656562475,47.51519285872587,47.630226068950705,17645200
2016-05-05,47.49794387817383,47.693501236103565,47.47493635578748,47.687752646684125,18782100
2016-05-06,47.46916961669922,47.572701243305644,47.28511387920279,47.29661983117847,16204400
2016-05-09,47.38291931152344,47.50370554612906,47.325402683840395,47.39442527000249,11622800
2016-05-10,47.785545349121094,47.7970469195715,47.41168068003927,47.41168068003927,11420700
2016-05-11,47.751041412353516,47.9466032550262,47.699277752616794,47.785554907083025,20692000
2016-05-12,47.82577896118164,47.87754257975395,47.716494359882475,47.87754257975395,11312400
2016-05-13,47.61298370361328,47.843054571140954,47.589976178036835,47.779784972864924,11332400
2016-05-16,47.877540588378906,47.90054810286571,47.66472875878662,47.69923783639949,12981700
2016-05-17,47.779788970947266,47.923582726654736,47.745279873813374,47.79704351951422,7489900
2016-05-18,47.785545349121094,47.92933911505737,47.65325315363522,47.7970469195715,16612500
2016-05-19,47.653263092041016,47.68777658706523,47.50371631557181,47.618753985255196,20290200
2016-05-20,47.82005310058594,47.83155905894946,47.65900478939551,47.65900478939551,10556700
2016-05-23,47.831546783447266,48.08462075541008,47.71650917052213,47.80853926086223,10457400
2016-05-24,48.119144439697266,48.11914443969726,47.91782967143755,47.95234315675368,10838400
2016-05-25,48.19389724731445,48.26866839190455,48.170889728617006,48.21690476601191,15119600
2016-05-26,48.055870056152344,48.280187941327206,48.05011707779904,48.280187941327206,12269000
2016-05-27,48.136417388916016,48.136417388916016,48.04438724387636,48.078896354146806,6225600
2016-05-31,48.09036636352539,48.23991304329272,48.038598348583186,48.17089048611497,11994100
2016-06-01,48.16664505004883,48.189763720369754,47.912348495389686,47.964362196535134,16488600
2016-06-02,48.17824935913086,48.20714882504576,48.03376084843515,48.085774595754685,12118900
2016-06-03,48.26491928100586,48.29381432307336,48.103092935228766,48.22446269456159,13093000
2016-06-06,48.478782653808594,48.507682119206414,48.32851778017008,48.420988132452294,16126200
2016-06-07,48.69260025024414,48.750394739573665,48.50765523872751,48.53655468811072,18423500
2016-06-08,48.877559661865234,48.894897572828434,48.75040910221757,48.7561898756847,14652800
2016-06-09,48.68682098388672,48.87754677306465,48.62902649277017,48.87754677306465,11188300
2016-06-10,48.44985580444336,48.55966400013101,48.3516047416673,48.490312383788584,15259900
2016-06-13,48.126182556152344,48.43827795291999,48.126182556152344,48.259113791778084,17257900
2016-06-14,47.96437072753906,48.108859135667096,47.83722022287659,48.045283883335856,20578800
2016-06-15,47.98748779296875,48.18977067567827,47.952811987200306,48.120419064141366,14202800
2016-06-16,48.01641082763672,48.05686742405476,47.65229705043607,47.88347949115556,19195500
2016-06-17,48.04528045654297,48.160873820462555,48.00482388153011,48.02216178375905,16113800
2016-06-20,48.32849884033203,48.53078179052448,48.27648070488963,48.39207411174075,13368400
2016-06-21,48.51342010498047,48.53653877502002,48.33425151453282,48.41516465495352,12141800
2016-06-22,48.559696197509766,48.61749512870046,48.48456376017696,48.5423582819283,10759500
2016-06-23,48.91801452636719,48.918014526367195,48.73306946690682,48.77352606086884,9920200
2016-06-24,48.114646911621094,48.66370117866963,47.91236399267884,47.96437771064817,31416700
2016-06-27,47.42111587524414,48.004846097798975,47.39799719176108,47.970170277293384,27244200
2016-06-28,48.01641082763672,48.03374873903898,47.79100916053075,47.87192235336682,13910300
2016-06-29,48.62325668334961,48.721512190781,48.28226602227685,48.30538470582318,23604300
2016-06-30,48.95268630981445,49.0104852187974,48.51344458572023,48.58279622139949,26304600
2016-07-01,49.049678802490234,49.183231737244675,48.921929435191785,48.9509649932884,16343000
2016-07-05,48.770931243896484,48.950943651244685,48.689637032914284,48.950943651244685,12078200
2016-07-06,48.98579788208008,48.99160587900077,48.631585383378884,48.70707162253352,9607000
2016-07-07,49.049678802490234,49.12516505125561,48.921929435191785,48.99741568395716,13058100
2016-07-08,49.70001983642578,49.72905538696412,49.23548203923343,49.25290159747524,21395600
2016-07-11,49.729042053222656,49.891630460155646,49.70581450506054,49.729042053222656,18313500
2016-07-12,49.868408203125,50.12390682981535,49.85679664291285,49.97292996584357,16074300
2016-07-13,49.723228454589844,49.88001327946329,49.65355024815838,49.862593727855426,13040300
2016-07-14,49.821929931640625,49.885804552927844,49.70579224284575,49.87999656093814,7764400
2016-07-15,49.723228454589844,49.90324082500755,49.705808902981985,49.85097773998263,9163800
2016-07-18,49.89162063598633,49.903236622880996,49.72322426762132,49.75225980465702,7447200
2016-07-19,49.75809860229492,49.86262039804938,49.67099636746559,49.78132616026299,7349700
2016-07-20,49.885833740234375,49.932284412729935,49.734856871567104,49.82776264676066,7247500
2016-07-21,49.816162109375,49.98455857126573,49.78712655621323,49.810354112701965,11265000
2016-07-22,50.03678512573242,50.0890482018286,49.7812910287974,49.827741681748854,10523500
2016-07-25,49.798709869384766,49.990329331811424,49.75225478689324,49.990329331811424,14768400
2016-07-26,49.60708999633789,49.79290591115984,49.57805445987786,49.76387037469981,14292600
2016-07-27,49.75809860229492,49.77551816322005,49.554858577625254,49.69422392543366,11730800
2016-07-28,49.54902648925781,49.65354822484722,49.49676340636253,49.65354822484722,17968100
2016-07-29,49.59550857543945,49.60712013895845,49.35162143950506,49.46195122885149,15202400
2016-08-01,49.31725311279297,49.5680684069799,49.276422923048905,49.56223425125734,18335300
2016-08-02,49.24726486206055,49.35225743190779,49.16560446886355,49.29975892190534,21959800
2016-08-03,49.46890640258789,49.51557074884903,49.258921294569795,49.28808762352225,13733700
2016-08-04,49.78388595581055,49.848048321817764,49.579734995859035,49.649731517909764,11832000
2016-08-05,49.89472579956055,50.03471443034261,49.877227776982586,49.94721986729445,12314900
2016-08-08,50.098880767822266,50.12221294982074,49.92972578595234,49.98805401586918,10800900
2016-08-09,50.27385330200195,50.308849338360936,50.116362238072085,50.12803055029656,13772300
2016-08-10,50.180519104003906,50.308843823462745,50.163021087742564,50.285511651728704,7250400
2016-08-11,50.30302047729492,50.37301700753815,50.22136008375666,50.26219028052579,6732600
2016-08-12,50.34383010864258,50.355498417328796,50.23300787705871,50.27383805714874,3996500
2016-08-15,50.49551010131836,50.52467643623847,50.35552148404921,50.448845745509345,9396400
2016-08-16,50.39048385620117,50.5129743707364,50.36715169388661,50.5129743707364,8104400
2016-08-17,50.46051025390625,50.48384243005109,50.34968352975765,50.425509764610204,14139600
2016-08-18,50.6588134765625,50.6588134765625,50.46632641265881,50.50132689255899,8582700
2016-08-19,50.50717544555664,50.63550020271369,50.48384771712631,50.59467000272355,7474000
2016-08-22,50.425498962402344,50.48966132051633,50.34383858846756,50.45466528887474,5364700
2016-08-23,50.59465026855469,50.64131460753027,50.50715574551455,50.553820084490134,7476400
2016-08-24,50.454681396484375,50.61800219649395,50.44884723929602,50.588840310868264,6655300
2016-08-25,50.54798889160156,50.61214679310879,50.47215823045963,50.48382653993816,7482800
2016-08-26,50.48967361450195,50.75798697278587,50.40218351409458,50.51883994807621,10544900
2016-08-29,50.7404899597168,50.7696562938699,50.5480072848428,50.56550530527154,10038500
2016-08-30,50.76967239379883,50.82800063044412,50.623849577105986,50.74050605039658,16157400
2016-08-31,50.571327209472656,50.76381430480617,50.524667312247615,50.72881826934811,16985000
2016-09-01,50.6715202331543,50.68909345572206,50.448918631823524,50.61294133483393,14952700
2016-09-02,50.905818939208984,50.98197102814904,50.741796305010965,50.823807622109975,13540100
2016-09-06,50.96442413330078,50.9702833644857,50.87655354266244,50.8882720050323,12662000
2016-09-07,50.82380676269531,50.970256179221636,50.788655863617564,50.935105280143894,8245100
2016-09-08,50.73008346557617,50.85895968365294,50.72422423676848,50.829668008896554,8430700
2016-09-09,50.243858337402344,50.706638979115034,50.22628512443418,50.58362201905688,25087600
2016-09-12,50.41958236694336,50.51331209680672,50.11496968344642,50.14425687206909,17718300
2016-09-13,50.032997131347656,50.361042501226414,49.950981319594995,50.29660437938838,21907200
2016-09-14,50.02128982543945,50.26732390771061,49.96271092051069,50.103301186196504,14257700
2016-09-15,50.31418228149414,50.3376147342776,50.050575008926124,50.08572145345962,9964800
2016-09-16,50.325904846191406,50.33761883889662,50.13259044692719,50.24974825111436,8396600
2016-09-19,50.35519027709961,50.419628407902835,50.2731789232198,50.361049507886335,9855500
2016-09-20,50.29658126831055,50.43717143804611,50.21456996352472,50.37859257309637,8705600
2016-09-21,50.7125129699707,50.74180464629905,50.308311076907536,50.325888764273934,17484300
2016-09-22,50.88237380981445,51.040537176420074,50.79450328646445,50.88237380981445,11813600
2016-09-23,50.82380676269531,50.946823736263646,50.788655863617564,50.8472392056533,13122600
2016-09-26,50.60122299194336,50.77696415659893,50.56021731609486,50.71252602751078,6590500
2016-09-27,50.74767303466797,50.75353226536363,50.45477406985434,50.530930661047336,8516500
2016-09-28,51.087425231933594,51.099143690647,50.65393611447014,50.83553200098541,11149300
2016-09-29,50.894107818603516,51.07570816345368,50.706652714032096,51.063989705446716,13425800
2016-09-30,51.1167106628418,51.134283879481906,50.952688015158124,50.96440200315755,12158000
2016-10-03,51.08494186401367,51.13790025438979,50.98491483558605,51.08494186401367,10708800
2016-10-04,50.996665954589844,51.19083918059932,50.931941545920026,51.15553659010275,11057500
2016-10-05,51.13200759887695,51.18496149245686,51.04963188277055,51.17319545693016,9424500
2016-10-06,51.16144943237305,51.18498600383744,51.032005023031886,51.173219962676235,9455200
2016-10-07,51.279109954833984,51.302646516046906,51.03786356925649,51.18496370998226,10824200
2016-10-10,51.42618942260742,51.485028557416825,51.2790893410148,51.3143919240728,4182300
2016-10-11,51.137916564941406,51.355621991646146,51.055536321509805,51.3497367265849,8855400
2016-10-12,51.12025451660156,51.208515525156166,51.03199799718833,51.11437374140159,7915300
2016-10-13,50.99077224731445,51.05549215042745,50.85543820284284,50.961350436604704,10614800
2016-10-14,51.10847854614258,51.17908823709433,51.03786885519082,51.137900372990934,6766300
2016-10-17,51.03788375854492,51.1849839574598,51.02023245293783,51.09672294028251,7790000
2016-10-18,51.24380111694336,51.26145690410461,51.084934945611145,51.22026904567479,8404600
2016-10-19,51.390899658203125,51.42032148008583,51.273221348951786,51.28499187336077,9874300
2016-10-20,51.39678192138672,51.432089003413736,51.29675491544572,51.39089665952564,12558000
2016-10-21,51.40857696533203,51.45564561525247,51.23205493842012,51.29677938234505,8332900
2016-10-24,51.43796157836914,51.520337274738,51.35558588200028,51.4732686547692,7200800
2016-10-25,51.40857696533203,51.437994310389605,51.32620121654424,51.385040395801006,6906500
2016-10-26,51.202606201171875,51.39677943092349,51.18495490558341,51.279101134240896,13813300
2016-10-27,51.01431655883789,51.26732892862759,50.92606008379193,51.24379237223563,19333100
2016-10-28,50.7672119140625,50.99080705415365,50.726024044436414,50.955499959373356,19745600
2016-10-31,50.61421585083008,50.784852557505914,50.56126195348594,50.75543522202811,21174600
2016-11-01,50.41679763793945,50.6413960428999,50.22174916266169,50.6413960428999,26184000
2016-11-02,50.192222595214844,50.38135938583352,50.13311819365466,50.33407857021144,19593600
2016-11-03,50.20402908325195,50.37543494596485,50.162655565312654,50.29859519166668,12699700
2016-11-04,50.2276725769043,50.387254860372124,50.186299058273725,50.29268424100206,10970400
2016-11-07,50.9310302734375,50.960584723907004,50.64732739018477,50.68278912324735,14416200
2016-11-08,50.8187141418457,50.90736844111128,50.676858244272125,50.69458910412524,20370600
2016-11-09,50.46406173706055,50.830515917046014,50.4167809633308,50.50543523243207,24858900
2016-11-10,49.80209732055664,50.35768374260466,49.77254288444423,50.35768374260466,33213300
2016-11-11,49.33517074584961,49.766636701704265,49.20513842730458,49.64251617292248,16442900
2016-11-14,49.70161056518555,49.76071943220349,49.19921676114714,49.205128549723625,21036000
2016-11-15,50.35769271850586,50.42270888204278,49.955776666356996,49.955776666356996,17888600
2016-11-16,50.156734466552734,50.239481487075615,50.07989923588847,50.14491088683552,11965700
2016-11-17,50.02080535888672,50.292689152062,50.02080535888672,50.150837718530504,12017600
2016-11-18,50.02080535888672,50.20403482446467,49.932151031289386,50.12719506137929,17781800
2016-11-21,50.422725677490234,50.44636833659474,50.14493006973252,50.150841861852676,11581600
2016-11-22,50.795074462890625,50.848267045560824,50.4877245095475,50.50545537043756,16648100
2016-11-23,50.60593795776367,50.64731146979008,50.40497767836783,50.41088946847863,10662900
2016-11-25,50.670963287353516,50.68869415151887,50.5941235301364,50.63549704964738,2009600
2016-11-28,50.665035247802734,50.83052927277239,50.517272081312115,50.605930883081285,16897400
2016-11-29,50.60004425048828,50.65323685237102,50.493654537346586,50.53502806415857,9164000
2016-11-30,50.62367248535156,50.712331305936665,50.4936401497434,50.65322241929664,15211300
2016-12-01,50.38679122924805,50.65395161043221,50.38679122924805,50.630203316401,18249400
2016-12-02,50.68954849243164,50.69548669559153,50.452074720298086,50.50550496017158,9360400
2016-12-05,50.8202018737793,50.86176026963774,50.68958847835978,50.713336780211094,9782100
2016-12-06,51.075477600097656,51.09328768962165,50.84987558358666,50.89737217533349,16090600
2016-12-07,51.33075714111328,51.41387389737102,51.099216958749096,51.14077533687796,20886400
2016-12-08,51.324806213378906,51.354492703050894,51.13482445623637,51.277314171235055,10782100
2016-12-09,51.34858322143555,51.425766325946725,51.271404646449284,51.30109115272665,6463400
2016-12-12,51.277347564697266,51.4613912378561,51.223912754393695,51.44358114426335,8457100
2016-12-13,51.402008056640625,51.556365176673275,51.390131644623324,51.46731473416368,10739200
2016-12-14,51.0161018371582,51.55636077014455,50.9686052521966,51.40200366330482,15672400
2016-12-15,51.03985595703125,51.14078281445507,50.909242598236105,50.932990893428325,11221700
2016-12-16,51.08735656738281,51.21203172980931,51.07548015409009,51.182345226102015,15722200
2016-12-19,51.217960357666016,51.283267035764254,51.1170335022502,51.12890991437211,5897900
2016-12-20,51.2891845703125,51.34261934427665,51.17044767409345,51.2357543258706,11072400
2016-12-21,51.37824630737305,51.42574288395595,51.25357119098507,51.26544307036937,17461400
2016-12-22,51.48906326293945,51.48906326293946,51.3282318576485,51.38779719331249,8507600
2016-12-23,51.5843620300293,51.5903199263974,51.471189266295724,51.50692755541755,4230500
2016-12-27,51.53671646118164,51.620113390480654,51.4950202688042,51.51884731366904,5840600
2016-12-28,51.465248107910156,51.608205855434825,51.44142105923191,51.608205855434825,6961200
2016-12-29,51.53671646118164,51.55459015323837,51.45332407642675,51.50693606350868,3794300
2016-12-30,51.55459976196289,51.643945516178114,51.453333666277345,51.57246891280593,7513400
2017-01-03,51.769046783447266,51.792869291945635,51.64395361882958,51.75117308525497,14050100
2017-01-04,52.04898452758789,52.05494242470698,51.822634427045806,51.822634427045806,11912400
2017-01-05,51.9715461730957,52.07280769385998,51.94176123426216,51.977504069771136,10458600
2017-01-06,51.95962905883789,51.98940944976607,51.84645175749874,51.91793287590396,6836400
2017-01-09,51.94771957397461,51.98941576197101,51.85241594907296,51.9477195739746,6648800
2017-01-10,51.953670501708984,52.078759048919,51.929843462543786,52.0072779314234,11777000
2017-01-11,51.98344039916992,52.01322532824995,51.88813680628962,51.97152915426317,11914200
2017-01-12,51.995357513427734,52.00131540830397,51.90004937357692,51.97153047846503,12512300
2017-01-13,52.013248443603516,52.060902533492815,51.882201968680015,51.97751014845861,8861000
2017-01-17,51.95962905883789,51.99536734576895,51.91197497990108,51.977498202303416,8633000
2017-01-18,52.00727462768555,52.00727462768555,51.88218608842173,51.941751410279345,12715500
2017-01-19,51.84049606323242,52.001327450339105,51.78688863055906,51.97154251360282,10703200
2017-01-20,51.9417610168457,51.95367681014669,51.804761205689516,51.858368641913174,9262000
2017-01-23,51.9417610168457,51.95367681014669,51.84645739315578,51.90006482937944,13561300
2017-01-24,51.97749328613281,52.01323156968365,51.88814303271306,51.91197006992783,7490500
2017-01-25,52.162147521972656,52.162147521972656,52.02514319313025,52.06088602148284,8953900
2017-01-26,52.1383171081543,52.1740553896498,52.066840545163274,52.12044796740654,7443900
2017-01-27,52.18598175048828,52.2336358318299,52.09067358780503,52.09663148410856,7888100
2017-01-30,52.07874298095703,52.14426618230956,52.007261885515646,52.108527906859685,7637600
2017-01-31,52.02515411376953,52.07280819854762,51.929850488757005,52.05493905289175,12249400
2017-02-01,52.21782302856445,52.24773882306601,52.020389739676695,52.16995958316571,12489400
2017-02-02,52.247745513916016,52.27167723968009,52.13407095766419,52.21184564301493,10886200
2017-02-03,52.33744812011719,52.39727510629195,52.307532344776575,52.36137526298192,12674000
2017-02-06,52.301551818847656,52.367362877448784,52.25967246923846,52.349415236831526,7004900
2017-02-07,52.223785400390625,52.36138704309917,52.21780133107494,52.36138704309917,11170100
2017-02-08,52.25967025756836,52.26565432568978,52.1220686423216,52.223774977852955,11107300
2017-02-09,52.33145523071289,52.37333457042634,52.259660120701696,52.259660120701696,7292600
2017-02-10,52.36735916137695,52.37932729727703,52.28958453605225,52.36137509342692,5471800
2017-02-13,52.44514465332031,52.48103993632103,52.40326073714349,52.409244805812605,7477200
2017-02-14,52.48105239868164,52.50498411453404,52.33148259798522,52.439173037066965,8785000
2017-02-15,52.49898147583008,52.51094504727079,52.391291074837866,52.42718635366645,10582800
2017-02-16,52.457088470458984,52.696400917520066,52.355382163922236,52.4451249021333,8917800
2017-02-17,52.510955810546875,52.52292394894718,52.35540652740212,52.403265387481134,6247300
2017-02-21,52.684471130371094,52.684471130371094,52.51096959408369,52.51096959408369,10437800
2017-02-22,52.708377838134766,52.72034597399754,52.61265557376477,52.6545349202716,10963600
2017-02-23,52.756248474121094,52.828043605606105,52.69642148013711,52.82205953685559,8150200
2017-02-24,52.7981071472168,52.86990225058222,52.68443270801453,52.714348475543105,8390200
2017-02-27,52.86395263671875,52.86395263671875,52.76224626404586,52.798141556869645,5693300
2017-02-28,52.82208251953125,52.869945961346446,52.79216672726949,52.828066590885406,5868400
2017-03-01,53.01675033569336,53.064818254273874,52.986703875190095,52.986703875190095,10612100
2017-03-02,52.848487854003906,53.028757418382824,52.848487854003906,53.028757418382824,9193000
2017-03-03,52.872535705566406,52.93262404539857,52.77038506940708,52.89056174907141,15059300
2017-03-06,52.70429611206055,52.81245697722153,52.6922802756859,52.788420720024945,17066300
2017-03-07,52.36180114746094,52.6382113007531,52.349785307947585,52.59614898578361,17023100
2017-03-08,52.013275146484375,52.31973173365206,52.0072695197668,52.235607115127266,22433500
2017-03-09,51.87504959106445,52.10939729463673,51.79693063357646,51.905091464797955,21260700
2017-03-10,51.856998443603516,52.20551243374499,51.72480142673029,52.20551243374499,20643900
2017-03-13,51.899085998535156,51.96518453917406,51.74886287607327,51.905091622632604,13512300
2017-03-14,51.74284744262695,51.80293576865492,51.67073870072614,51.74885765056337,12808500
2017-03-15,52.457908630371094,52.4579086303711,51.869032058110264,51.91710455063058,19654600
2017-03-16,52.30770492553711,52.596130818718336,52.29568450572719,52.57810477345038,15807500
2017-03-17,52.32571792602539,52.427868546709014,52.3016816768447,52.427868546709014,9984500
2017-03-20,52.223575592041016,52.31971601957333,52.223575592041016,52.31971601957333,12220600
2017-03-21,51.85100173950195,52.37978536024151,51.84499153232173,52.325707248953925,16918200
2017-03-22,51.97722244262695,52.01928475139915,51.68879190786921,51.82098904528119,14054600
2017-03-23,51.995235443115234,52.12743254735197,51.89909501195458,51.93514710058399,10618900
2017-03-24,52.17549514770508,52.193521188596876,52.03728786012499,52.03728786012499,8920800
2017-03-27,52.12141418457031,52.14545043471223,51.917112935032975,51.98921710101276,7788700
2017-03-28,52.40985870361328,52.42788474995845,52.09739195213972,52.09739195213972,16871700
2017-03-29,52.51799774169922,52.60813252041576,52.40983692412844,52.44588900183694,12266300
2017-03-30,52.7643928527832,52.77641327551649,52.560091510797655,52.638205920771895,16367900
2017-03-31,52.7463493347168,52.8184580938916,52.69227120367057,52.71630745672884,11778400
2017-04-03,52.71799087524414,52.784371497179464,52.63954314205259,52.77833563954614,20664400
2017-04-04,52.736087799072266,52.796432556457034,52.675743041687504,52.724020689199264,8473900
2017-04-05,52.693851470947266,52.929199271951816,52.66367678712192,52.820576855795075,11102300
2017-04-06,52.760215759277344,52.814524648538246,52.68176805123085,52.74211279619038,7234500
2017-04-07,52.736087799072266,52.874884884666116,52.73608779907227,52.83264309409579,5457800
2017-04-10,52.808528900146484,52.8749095454325,52.77231834561918,52.82059601564757,7996900
2017-04-11,52.7059211730957,52.84471827990105,52.645576406488814,52.84471827990105,8005800
2017-04-12,52.74211883544922,52.86280833918788,52.69384119234997,52.74211883544921,8723800
2017-04-13,52.633514404296875,52.79644575035347,52.59730846162008,52.72403386499988,10446700
2017-04-17,52.790409088134766,52.80247619978722,52.63954487042109,52.699889636704455,7158700
2017-04-18,52.77833557128906,52.83868033551302,52.639543073975,52.784371428914575,9062800
2017-04-19,52.73005294799805,52.92315893771887,52.699882870735074,52.80850527770367,8643200
2017-04-20,52.90504837036133,52.91712008274029,52.76625590606833,52.790394726816956,7766000
2017-04-21,52.862789154052734,52.92916973822078,52.79640856988469,52.88692796684182,11328200
2017-04-24,53.11022186279297,53.11625311449825,53.031769550534975,53.08004718823083,8904700
2017-04-25,53.20677947998047,53.224882445477405,53.1222959049884,53.14643472698749,12493400
2017-04-26,53.15852355957031,53.243011773098594,53.146456445644226,53.15852355957031,7269000
2017-04-27,53.19472122192383,53.200757079430275,53.11023763287474,53.15851068089543,6897900
2017-04-28,53.176612854003906,53.24902472068758,53.14643817354582,53.200751677568405,7542800
2017-05-01,53.20388412475586,53.24024479364641,53.149338497733766,53.17964213760008,10336000
2017-05-02,53.22205352783203,53.27053749218541,53.18569286640967,53.2644758407199,10792800
2017-05-03,53.270538330078125,53.300837340511556,53.20993568552585,53.264476678517276,7413400
2017-05-04,52.98570251464844,53.23417475239048,52.937218547976876,53.23417475239048,20562500
2017-05-05,53.076622009277344,53.12510598801864,52.955412062424095,52.985715705059086,14935200
2017-05-08,53.13722229003906,53.167525931316284,53.05237764288662,53.09479996646284,8199200
2017-05-09,53.10089111328125,53.240276843727926,53.09482945692169,53.2099778093082,10810000
2017-05-10,53.33115005493164,53.35539204161714,53.1675224244123,53.24024376078259,10824900
2017-05-11,53.337181091308594,53.35536141496543,53.228094525684035,53.29475879488146,8461400
2017-05-12,53.31903076171875,53.37357176337074,53.276608441427385,53.36751011084736,8929900
2017-05-15,53.440242767333984,53.48266509294183,53.39782044172615,53.40388209500919,10690200
2017-05-16,53.51904296875,53.54328496598794,53.44025994549287,53.49480097151207,12638900
2017-05-17,53.28268051147461,53.39176716925887,53.25238148767686,53.343283182757546,14055700
2017-05-18,53.34324645996094,53.42809568976969,53.10689296808779,53.12507791827241,10731800
2017-05-19,53.440242767333984,53.519025765266626,53.40993912460551,53.43418111405095,15998800
2017-05-22,53.60386657714844,53.603866577148445,53.49477994430057,53.549325572567696,7181800
2017-05-23,53.59778594970703,53.628084953238464,53.54324034545549,53.628084953238464,6998400
2017-05-24,53.68870544433594,53.70082874872898,53.573561794717264,53.63416444562486,8533600
2017-05-25,53.646297454833984,53.785687750468796,53.62811711707447,53.688719784168555,7985500
2017-05-26,53.67658996582031,53.688708647250444,53.63416764528561,53.63416764528561,2909500
2017-05-30,53.73112487792969,53.75536223595722,53.64627563009236,53.67051761180514,5371100
2017-05-31,53.72505187988281,53.75535088286072,53.652325950104164,53.73717055633712,13758400
2017-06-01,53.88145446777344,53.924057940284854,53.73538608251006,53.77798955502147,19189300
2017-06-02,53.91191482543945,53.96060585967454,53.863223791204376,53.89365684845945,9491600
2017-06-05,53.86320877075195,53.94841573518599,53.83886326042348,53.89364181952038,10384400
2017-06-06,53.778018951416016,53.86931348339582,53.74758589294515,53.85105550568642,14386500
2017-06-07,53.668460845947266,53.82670437531736,53.60151183903808,53.82670437531736,13329000
2017-06-08,53.71107864379883,53.7658525858056,53.577180594315344,53.68064558039493,14208300
2017-06-09,53.75368881225586,53.832808286110286,53.6806522370897,53.7658592530665,10414900
2017-06-12,53.8449821472168,53.88758565423743,53.7354296086732,53.77194557370973,9900000
2017-06-13,53.94233703613281,53.94842457557031,53.86321759717364,53.86930513661113,8640400
2017-06-14,53.94843292236328,54.015381936237745,53.87539636810946,54.0092943958584,8850700
2017-06-15,53.74148941040039,53.83277927586976,53.631936928405544,53.81452130277589,10860500
2017-06-16,53.65020751953125,53.790188441794236,53.638032438984126,53.790188441794236,11996100
2017-06-19,53.81452560424805,53.832783578801305,53.735406166706596,53.753664141259854,6398400
2017-06-20,53.625850677490234,53.692799676063416,53.6197631385022,53.65019619001064,18318500
2017-06-21,53.31544494628906,53.65627743818283,53.26675392695692,53.631931928516764,26728100
2017-06-22,53.4615478515625,53.48589337693508,53.333737325932084,53.37025793570804,18699400
2017-06-23,53.68063735961914,53.6928124404896,53.47979495958492,53.48587785658732,11337700
2017-06-26,53.75368881225586,53.77803433731125,53.65022381334605,53.66848179627906,9504500
2017-06-27,53.58327865600586,53.765863141976524,53.54676268749862,53.75369270028559,15293300
2017-06-28,53.8023796081543,53.826725133094655,53.62587803491228,53.68673952554613,9755500
2017-06-29,53.668460845947266,53.79627132001963,53.59542429929207,53.717151877050725,14548400
2017-06-30,53.796268463134766,53.85104703107519,53.68671597068599,53.741494538626405,8202000
2017-07-03,53.76998519897461,53.941129111781336,53.714971990817084,53.79443499556441,13882000
2017-07-05,53.727203369140625,53.85556131365641,53.690526339763096,53.806661716701186,16269100
2017-07-06,53.59275436401367,53.721112362549704,53.50718236498965,53.70888978982807,15424700
2017-07-07,53.5438117980957,53.611047552444255,53.45212625459127,53.54992541121479,15731200
2017-07-10,53.60497283935547,53.62942264625408,53.52551446442789,53.54385065377088,12286600
2017-07-11,53.56828308105469,53.617182678986985,53.49493368415625,53.60495544784275,9261400
2017-07-12,53.91669464111328,53.91669464111328,53.708878306010604,53.78222305330651,17979900
2017-07-13,53.95949172973633,53.983941538304805,53.867806113435556,53.92281934854568,11744600
2017-07-14,54.112266540527344,54.13671633418742,53.94112264822811,53.9961311864723,12626700
2017-07-17,54.13063430786133,54.14897049797613,54.081739355329844,54.12452535337241,10158100
2017-07-18,54.15507888793945,54.17952869350695,54.07562051733777,54.118406511249994,9221100
2017-07-19,54.24674987792969,54.29564947589026,54.173400480988846,54.21007751112043,8250900
2017-07-20,54.27731704711914,54.307875800466654,54.19785402910579,54.30176218446809,11827800
2017-07-21,54.23454666137695,54.27121904127117,54.18564704596865,54.265105423514136,8771700
2017-07-24,54.27731704711914,54.27731704711915,54.18563146043132,54.22230382977739,4707500
2017-07-25,54.30175018310547,54.34454082231549,54.27119143651182,54.320091027047596,7292900
2017-07-26,54.3812370300293,54.42402302467959,54.314001229389746,54.381237030029304,7279800
2017-07-27,54.33845520019531,54.399577388191396,54.283441966672015,54.375127580328154,11624500
2017-07-28,54.34456253051758,54.344562530517585,54.25898588123515,54.30788549130411,4945300
2017-07-31,54.34456253051758,54.39345747726306,54.271213115414135,54.277326732503624,9779900
2017-08-01,54.39855194091797,54.42924238086546,54.36172715914394,54.38627857456119,14946800
2017-08-02,54.41080093383789,54.453764717198894,54.373971489027625,54.398522891334075,7422700
2017-08-03,54.306495666503906,54.41697470608491,54.26966619817412,54.36173284494232,9548300
2017-08-04,54.31876754760742,54.331040914912016,54.26353037068068,54.30649418030283,6451600
2017-08-07,54.29425048828125,54.31880192113089,54.257425680360285,54.31880192113089,5204700
2017-08-08,54.060997009277344,54.31877992575373,54.00575513705805,54.26967707993772,18534700
2017-08-09,53.85227966308594,53.99958811137899,53.81545489236381,53.950485295281304,15001700
2017-08-10,53.508609771728516,53.79094415369959,53.46564594583522,53.74184130047702,24749700
2017-08-11,53.60066223144531,53.68045083473599,53.55769841694963,53.6252136515435,17434300
2017-08-14,53.88298797607422,53.97505461613614,53.76023089509037,53.76023089509037,12566000
2017-08-15,53.90142059326172,53.94438441705165,53.84618339811992,53.889147221909845,6830500
2017-08-16,53.90754699707031,53.993474624529,53.88913460300124,53.94437178520847,11716100
2017-08-17,53.606807708740234,53.88914675715979,53.576121939272404,53.840043906764606,14112300
2017-08-18,53.68655776977539,53.821588158249924,53.57607878672366,53.698831131135904,14324400
2017-08-21,53.74185562133789,53.772546083456696,53.67434035084218,53.75413367926824,7763400
2017-08-22,53.962799072265625,54.01190192513787,53.76025331619697,53.79094376991857,12982200
2017-08-23,53.96892547607422,53.993476896767696,53.83389500361243,53.87071979330031,6449500
2017-08-24,54.048728942871094,54.05486797040866,53.93824986072478,53.993491743150926,8480100
2017-08-25,54.14693832397461,54.16535072512975,54.01804683318234,54.03645923433748,6622800
2017-08-28,54.153045654296875,54.17759238633148,54.09780380046011,54.17759238633148,5161700
2017-08-29,54.085548400878906,54.10396079737297,54.005755105797796,54.01803315859725,8991600
2017-08-30,54.23283386230469,54.257385276871794,54.097803423537364,54.10394244785502,13431100
2017-08-31,54.38015365600586,54.386292682128534,54.269674599322286,54.269674599322286,12705200
2017-09-01,54.43562698364258,54.4541165937582,54.33084939142581,54.33084939142581,10535700
2017-09-05,54.31235885620117,54.39864683683256,54.21374133414115,54.39864683683256,9560500
2017-09-06,54.275386810302734,54.41098358163419,54.26306196851956,54.380169126004596,9023300
2017-09-07,54.28154373168945,54.361666947550226,54.27537896051782,54.361666947550226,8784000
2017-09-08,54.108951568603516,54.275362721707644,54.10895156860351,54.275362721707644,7688700
2017-09-11,54.28154373168945,54.355506878721215,54.1459469799692,54.20142051582867,8047600
2017-09-12,54.349334716796875,54.35549948713019,54.26921151183174,54.30619072914765,4752800
2017-09-13,54.36783218383789,54.380161726286644,54.2692193559612,54.30003380739775,11725900
2017-09-14,54.44179916381836,54.46645354810869,54.33702155734169,54.343181626657035,9554600
2017-09-15,54.491085052490234,54.50340988828891,54.38630278766692,54.41095716160529,8248000
2017-09-18,54.46644973754883,54.49726418899867,54.43563058375632,54.4726098064332,7442200
2017-09-19,54.52193832397461,54.528103097435036,54.43565030490605,54.484959087900755,7208300
2017-09-20,54.5157585144043,54.56506728379905,54.43563529089512,54.53425282968463,10087200
2017-09-21,54.44795608520508,54.54040884536288,54.43563124494397,54.534248776403686,6932300
2017-09-22,54.503448486328125,54.503448486328125,54.423325241042825,54.441814859005255,7570500
2017-09-25,54.53423309326172,54.546557929978405,54.4602699659375,54.48492434171224,4326200
2017-09-26,54.60201644897461,54.65748995958898,54.57120201182482,54.58352684621664,8816500
2017-09-27,54.626678466796875,54.645172774484166,54.54039050695405,54.60202409222162,7490100
2017-09-28,54.626678466796875,54.65133284137213,54.595864025333654,54.626678466796875,5934000
2017-09-29,54.706809997558594,54.706809997558594,54.60819249269986,54.669826082065846,8906900
2017-10-02,54.678985595703125,54.70993201555629,54.61090724943475,54.62328770608031,13097600
2017-10-03,54.77796173095703,54.784147232027706,54.678937052747784,54.678937052747784,5928800
2017-10-04,54.72228240966797,54.77798499525679,54.691340725904,54.75941904064669,5832400
2017-10-05,54.790348052978516,54.790348052978516,54.716084251713234,54.716084251713234,5967900
2017-10-06,54.709938049316406,54.76563594508194,54.67899162605027,54.740879750821286,5847400
2017-10-09,54.716094970703125,54.75322687860998,54.69752429499132,54.73466092465655,3278400
2017-10-10,54.759429931640625,54.79037162155853,54.7099175616606,54.79037162155853,8786500
2017-10-11,54.7037239074707,54.75942650064802,54.691348176630854,54.75942650064802,7948700
2017-10-12,54.64183807373047,54.70991640056832,54.64183807373047,54.70991640056832,6181100
2017-10-13,54.66658020019531,54.728468284562084,54.63563379713283,54.716092556392,3941200
2017-10-16,54.6975212097168,54.709901659493006,54.63563312611012,54.703711434604905,6060300
2017-10-17,54.77796173095703,54.80890340158002,54.69750299947288,54.69750299947288,7468100
2017-10-18,54.83369064331055,54.86463705322623,54.78417827614914,54.7965587288191,7974400
2017-10-19,54.839874267578125,54.86463044817848,54.7346640413456,54.75942022194596,7270600
2017-10-20,54.889373779296875,54.91412995410187,54.8398614296869,54.87080782863252,7107000
2017-10-23,54.827484130859375,54.92031861127139,54.827484130859375,54.89556243504433,7227200
2017-10-24,54.827484130859375,54.88937693230593,54.82129862812097,54.84605480434803,7103700
2017-10-25,54.67277908325195,54.79036977755705,54.5985152525408,54.79036977755705,16817000
2017-10-26,54.60470199584961,54.74704414347237,54.579945813271955,54.72847818697888,10649800
2017-10-27,54.75320816040039,54.76558388488572,54.60467585779261,54.64799797612641,13720000
2017-10-30,54.74086380004883,54.77800044149931,54.64803400082233,54.64803400082233,5954500
2017-10-31,54.75320816040039,54.77796433112782,54.734642212794014,54.76558388488572,7198400
2017-11-01,54.701019287109375,54.812882506157585,54.69480808815404,54.80045536687367,9505500
2017-11-02,54.66995620727539,54.738317335696955,54.62645410204111,54.69481523046267,6096800
2017-11-03,54.67615509033203,54.73830025822501,54.60779398323804,54.70100936439131,7003200
2017-11-06,54.68238830566406,54.71346327280887,54.620243112748724,54.64510213818972,12262400
2017-11-07,54.527000427246094,54.67615451827557,54.50835735121049,54.66993857913958,11805400
2017-11-08,54.28464889526367,54.52701844656601,54.25978987187704,54.52701844656601,18120000
2017-11-09,54.017417907714844,54.15414015954726,53.89312753770738,54.15414015954726,38343500
2017-11-10,54.135498046875,54.1790001512934,53.99255985157239,54.029850756340856,24521600
2017-11-13,54.098201751708984,54.16656286604544,54.08576987198987,54.091985811849426,16280500
2017-11-14,53.86827087402344,54.042279296202224,53.83098470966338,54.017420272837555,13870600
2017-11-15,53.86827087402344,53.91798892075278,53.582399217390595,53.73154861620471,25382000
2017-11-16,54.39651870727539,54.44002081811867,54.092003931372425,54.14172198415745,30075200
2017-11-17,54.35919952392578,54.384058535220454,54.27840655187519,54.29083842820833,15942100
2017-11-20,54.371639251708984,54.45864344070527,54.33435309681706,54.39028232915495,8930300
2017-11-21,54.483524322509766,54.508383349538114,54.42137912562621,54.42137912562621,10102400
2017-11-22,54.57052993774414,54.607820849924714,54.502168797016914,54.51460068153535,9473800
2017-11-24,54.6077995300293,54.63886974644555,54.582940512072575,54.6077995300293,3126500
2017-11-27,54.43999481201172,54.607791974660486,54.40270866092186,54.607791974660486,10645400
2017-11-28,54.6077995300293,54.62022666832122,54.458645422288946,54.46486136212134,10403700
2017-11-29,54.53946304321289,54.61403538938324,54.48974498484932,54.57674921629806,11806200
2017-11-30,54.5518684387207,54.65751571459325,54.5518684387207,54.55808437888177,17981500
2017-12-01,54.534393310546875,54.60928776220806,54.28475466144697,54.559358127767275,15485800
2017-12-04,54.51567077636719,54.677939707191406,54.496948353878246,54.60928765036393,14801700
2017-12-05,54.484439849853516,54.57805191337203,54.47195506701803,54.54684947938236,9347600
2017-12-06,54.43454360961914,54.553125311498405,54.42205881913056,54.478230853224275,10081700
2017-12-07,54.4594841003418,54.49068653951928,54.403312091341824,54.4594841003418,8955900
2017-12-08,54.51567077636719,54.52815556572783,54.46574114202866,54.50319074855856,9100400
2017-12-11,54.52816390991211,54.54064393963049,54.47823426793308,54.51567911864098,11847900
2017-12-12,54.50320816040039,54.578097874280786,54.496965763725846,54.578097874280786,8846700
2017-12-13,54.534393310546875,54.578080550294565,54.5031908601854,54.52815567740579,7495000
2017-12-14,54.42203903198242,54.54686308372157,54.34090696951501,54.509413487424474,19337000
2017-12-15,54.428287506103516,54.509419577635626,54.422045112431434,54.484459526049775,14223900
2017-12-18,54.484439849853516,54.540607087964624,54.44075263302836,54.446990262896584,11735200
2017-12-19,54.37215805053711,54.515699873935326,54.35343085650058,54.484497406983536,10985000
2017-12-20,54.41578674316406,54.45947395911753,54.353372353331025,54.42202437290783,11857400
2017-12-21,54.47285842895508,54.51672731467247,54.44152624278547,54.479126778728975,11195700
2017-12-22,54.522953033447266,54.566821884864005,54.46655227363126,54.50415278017526,11136900
2017-12-26,54.60444259643555,54.60444259643555,54.479104340679726,54.48537268787191,5798900
2017-12-27,54.6295166015625,54.65458521146017,54.57311581530405,54.57311581530405,5625500
2017-12-28,54.60444259643555,54.65457981127707,54.58564233620697,54.64204789824067,6116500
2017-12-29,54.685951232910156,54.71728342592293,54.573144819092015,54.61074536324774,5116800
2018-01-02,54.73605728149414,54.74859397772962,54.67965649248049,54.710993451720526,7223500
2018-01-03,54.99927520751953,55.01180712238353,54.7360571818888,54.7360571818888,20557100
2018-01-04,55.09330368041992,55.1434361415864,55.0055611153397,55.036898087250535,13610900
2018-01-05,55.13087463378906,55.1559432415937,55.07446907089163,55.13087463378907,9851600
2018-01-08,55.08701705932617,55.16848646538293,55.06194844638201,55.1246175880679,9804000
2018-01-09,54.91781997680664,55.143432773000775,54.90528805761822,55.143432773000775,13550400
2018-01-10,54.79874038696289,54.873941451588514,54.69219757649412,54.8363409192757,33182000
2018-01-11,54.980491638183594,54.98675520684305,54.81127965737567,54.84888019473293,12911500
2018-01-12,54.886470794677734,54.967940197554405,54.86767053104072,54.89273436165751,12088500
2018-01-16,54.85516357421875,54.98050670200193,54.80502632310548,54.92410109916164,18474100
2018-01-17,54.86142349243164,54.955429628480175,54.8488867909048,54.873955412607785,16340400
2018-01-18,54.80500030517578,54.873937797391534,54.77366812411809,54.836337267582635,16134900
2018-01-19,54.86142349243164,54.86769184319506,54.76741735638311,54.79875432884952,14401800
2018-01-22,54.91155242919922,54.93035269729481,54.83007822565168,54.83007822565168,16674700
2018-01-23,55.0744743347168,55.08701103049135,54.91779910697441,54.94913606506229,11600300
2018-01-24,54.993003845214844,55.07447324073714,54.930334711632426,55.02434080268026,10746300
2018-01-25,54.95539093017578,55.08699751542916,54.90525372207526,55.08699751542916,11039300
2018-01-26,54.99927520751953,55.049407648324205,54.91780102618318,54.974206596442855,7164100
2018-01-29,54.80500030517578,54.949143638358485,54.79246838902254,54.91780667595163,19590800
2018-01-30,54.61701202392578,54.81128787118523,54.610743672976845,54.80501952023629,18469300
2018-01-31,54.711002349853516,54.786203414102324,54.65459677031746,54.711002349853516,12692800
2018-02-01,54.607765197753906,54.746220602480896,54.57630111580162,54.66440822763198,17920000
2018-02-02,54.26163101196289,54.5133676727628,54.217577456433716,54.46931411723362,24787000
2018-02-05,53.95957565307617,54.444169831152365,53.85888381441779,54.20501771156356,28071300
2018-02-06,54.28681945800781,54.349752439415745,53.814814895230214,53.814814895230214,33924300
2018-02-07,54.08541488647461,54.513365754330785,54.035066595791,54.362320882279946,24298100
2018-02-08,53.61344528198242,54.12320885213931,53.60715054118975,54.06657058944649,25419300
2018-02-09,53.46238327026367,53.758173573988245,52.90856629405265,53.67006643689737,47230300
2018-02-12,53.8274040222168,53.909221226143885,53.594551491603646,53.61972084506525,23448100
2018-02-13,53.657493591308594,53.75818542669366,53.56309169461765,53.695252429393,14679900
2018-02-14,53.75185012817383,53.77072953128418,53.430885870870206,53.48752408020127,19332400
2018-02-15,54.18612289428711,54.18612289428711,53.877747924081575,53.877747924081575,21931600
2018-02-16,54.406375885009766,54.444139504766696,54.16722870011042,54.179813372377794,29195600
2018-02-20,54.21759033203125,54.36233570536806,54.19241617982515,54.24905442117993,22740600
2018-02-21,53.97214889526367,54.36233625470455,53.95955941829411,54.274229121832185,15656700
2018-02-22,54.00991439819336,54.211302841287775,53.95956608704995,53.99732972114712,14626900
2018-02-23,54.368656158447266,54.387535581161565,54.01622746383147,54.05398630926006,15919500
2018-02-26,54.46302032470703,54.551127437293175,54.36861847508544,54.406377294343066,10996300
2018-02-27,54.31828308105469,54.43785910573699,54.24905536165742,54.42527443015506,13840900
2018-02-28,54.236480712890625,54.42528449187476,54.19872187768562,54.38123091697574,8751000
2018-03-01,53.87696075439453,54.2939772056801,53.87696075439453,54.28134253468066,24974200
2018-03-02,54.18024826049805,54.2055224241589,53.88960260922889,53.90855702683608,18767600
2018-03-05,54.18024826049805,54.21815709571243,54.066516934301085,54.066516934301085,9000200
2018-03-06,54.25606155395508,54.306605052154815,54.14233024703793,54.23078739457871,14462900
2018-03-07,54.12339401245117,54.21816611625482,54.08548035037509,54.192891948388976,8195200
2018-03-08,54.18656921386719,54.211843378091174,54.091792303165725,54.18656921386719,10201800
2018-03-09,54.38245391845703,54.42036276563971,54.19921978948184,54.249768132762306,8942600
2018-03-12,54.2939567565918,54.3824138819325,54.2054996312511,54.33818531926215,10126500
2018-03-13,54.12339401245117,54.36349137634479,54.09180009748021,54.293988619852364,19020400
2018-03-14,54.06018829345703,54.19919376044359,54.03491413395466,54.167604676480394,10802500
2018-03-15,54.09810256958008,54.1802399734994,54.022280090194734,54.0538739950769,8647900
2018-03-16,54.211856842041016,54.218171769249935,54.07916624177184,54.110760160036904,11006000
2018-03-19,53.990692138671875,54.142337114163915,53.92750914249366,54.12338269736581,14298800
2018-03-20,54.09810256958008,54.11705698428815,53.97805151569155,53.97805151569155,14317800
2018-03-21,54.11707305908203,54.21816490773747,54.03493081021031,54.0728444714413,8643700
2018-03-22,53.79481506347656,54.066506243415446,53.78218039442137,53.990683767425686,15972300
2018-03-23,53.655818939208984,53.95278432949412,53.5926359418311,53.889601332116236,21847400
2018-03-26,54.00333786010742,54.01597253257917,53.78850986365445,53.92751536361446,12454200
2018-03-27,53.95279312133789,54.104433303865996,53.8390617793032,54.009661202632486,12661500
2018-03-28,53.92750549316406,53.98437356026366,53.83272859503359,53.933825238520306,14642900
2018-03-29,54.11075210571289,54.14866094554418,53.952792179009954,54.015975185580245,10299600
2018-04-02,53.900726318359375,54.097396442478704,53.856316779355765,54.00223660195434,18902700
2018-04-03,54.053016662597656,54.059362268885124,53.85634643020068,53.995920726848624,12994100
2018-04-04,54.17355728149414,54.20528047165708,53.86269034707013,53.86269034707013,9677200
2018-04-05,54.217952728271484,54.29408546067435,54.186234386645445,54.198920755240266,10152000
2018-04-06,54.0974235534668,54.243343449193304,54.03398201456451,54.18624751626499,12680800
2018-04-09,54.3004264831543,54.313117692087474,54.18623464442373,54.211607381734076,9043200
2018-04-10,54.497093200683594,54.522470774407495,54.357518965340766,54.37020533206408,11434100
2018-04-11,54.5161247253418,54.56053426892635,54.43999200479233,54.47806078520568,7675500
2018-04-12,54.712806701660156,54.72549791130155,54.54151409372753,54.579578042095164,23692600
2018-04-13,54.744544982910156,54.82067774091955,54.712821790336335,54.75089058948084,16213400
2018-04-16,54.826988220214844,54.88408896724876,54.73816913840827,54.807956251295856,10781600
2018-04-17,54.85239028930664,54.97927820589635,54.833358311887956,54.909491061841784,15577600
2018-04-18,54.79528045654297,54.90947713236466,54.776243643674455,54.89044031949615,13745600
2018-04-19,54.623992919921875,54.71281203495645,54.55420578092632,54.69378005891743,19345500
2018-04-20,54.490760803222656,54.61764386231548,54.47807443342475,54.59227112271967,17693500
2018-04-23,54.3448600769043,54.45905195598458,54.294104903793254,54.45271118955549,15971100
2018-04-24,54.237003326416016,54.414641589412774,54.16721617448448,54.36389125732774,17872600
2018-04-25,54.243343353271484,54.26872093684335,54.0783914801939,54.18624742044413,15078400
2018-04-26,54.43368148803711,54.471745449323706,54.25603837471318,54.28776156930529,17479700
2018-04-27,54.40829086303711,54.509796348905134,54.31312614234418,54.478078002193335,7014700
2018-04-30,54.37020492553711,54.46536961622088,54.363864162361494,54.37020492553711,12473000
2018-05-01,54.410369873046875,54.41036987304687,54.27020186863118,54.33391327221963,18707700
2018-05-02,54.3912239074707,54.50590630863322,54.359365794588946,54.410336830853524,12057000
2018-05-03,54.38486099243164,54.41034651509998,54.295664093525666,54.41034651509998,21626200
2018-05-04,54.42310333251953,54.4422162650941,54.25745467629463,54.289307943629616,14862100
2018-05-07,54.474063873291016,54.49317680217451,54.41035249005705,54.429465418940545,23063900
2018-05-08,54.3912239074707,54.454935272368644,54.35299319983948,54.442190082869715,13693500
2018-05-09,54.480438232421875,54.499551161923705,54.37212353046628,54.378496127255936,10476200
2018-05-10,54.63972091674805,54.658833846876256,54.50592554498335,54.51866587811306,13375800
2018-05-11,54.62061309814453,54.690692228217024,54.55689684393143,54.63972603006137,8505100
2018-05-14,54.63336181640625,54.67796028467878,54.51867934643853,54.61424888155638,14695800
2018-05-15,54.36576461791992,54.537785872222,54.327533891844425,54.51230034179431,20008800
2018-05-16,54.43583297729492,54.45494590440945,54.34026348085579,54.3912345270722,13028100
2018-05-17,54.46772384643555,54.5123223274543,54.37215428400398,54.37215428400398,13198300
2018-05-18,54.410369873046875,54.44859574302623,54.36577140444811,54.37851174081839,14241600
2018-05-21,54.48679733276367,54.51865545079563,54.40397303109346,54.40397303109346,7000400
2018-05-22,54.52503204345703,54.5568853029576,54.48043359146287,54.51228685096344,6220700
2018-05-23,54.56965637207031,54.56965637207031,54.404002817168575,54.46134648884837,13053100
2018-05-24,54.60148620605469,54.61423139912043,54.4868037727977,54.4868037727977,12468600
2018-05-25,54.51229476928711,54.563265824931996,54.4485833801647,54.52503996363203,12895700
2018-05-29,54.2829475402832,54.41037522085303,54.25746686503823,54.3912622839848,13519800
2018-05-30,54.44856262207031,54.46767554543364,54.340252815767755,54.340252815767755,15145000
2018-05-31,54.39760971069336,54.474066290486924,54.38486937782802,54.46769369362067,17391000
2018-06-01,54.52178955078125,54.54739022498854,54.464186813107524,54.49618887657397,12891000
2018-06-04,54.636993408203125,54.668990590752266,54.54739348453813,54.572989277445586,13830900
2018-06-05,54.700950622558594,54.73294778052031,54.592151496402145,54.63695142380926,10614100
2018-06-06,54.83534240722656,54.85454167576863,54.64333995615563,54.66254410752285,6920900
2018-06-07,54.85455322265625,54.89295176782327,54.752155474602134,54.8033519072161,13764400
2018-06-08,54.82255935668945,54.86735928968488,54.76495665265162,54.784155926388735,9784000
2018-06-11,54.924957275390625,54.94415654918524,54.84175879467179,54.84815529738567,10429300
2018-06-12,54.969783782958984,55.02098512638159,54.89298176782507,54.931385216806454,12432400
2018-06-13,54.98897933959961,55.072182737730124,54.931381494274056,54.9825828342269,9958900
2018-06-14,55.14897918701172,55.161781963256836,55.05937928460974,55.09138134239407,13954300
2018-06-15,55.116973876953125,55.14257454283632,55.03377049212582,55.11057248977539,16303700
2018-06-18,55.110572814941406,55.12337070654464,55.02737431245095,55.072174257303935,11512000
2018-06-19,55.03378677368164,55.059387447138704,54.956989636139646,55.00178959398221,12543200
2018-06-20,55.09139633178711,55.123393515448846,55.05939426529558,55.09139633178711,10422800
2018-06-21,54.97618865966797,55.084987859222345,54.95698937537357,55.084987859222345,8132500
2018-06-22,54.98256301879883,55.09775866793404,54.9633588611162,55.065761504116516,7385200
2018-06-25,54.85455322265625,54.918552425543346,54.8033519072161,54.89295176782327,13975400
2018-06-26,54.84817123413086,54.86737539633196,54.78417200861096,54.854572621531226,7503900
2018-06-27,54.733001708984375,54.85460372440077,54.7010045194958,54.81620514388219,13119200
2018-06-28,54.579345703125,54.66254905143274,54.502548622010906,54.624145628050094,13829300
2018-06-29,54.451377868652344,54.73297546213467,54.43857509273185,54.64977694996485,17450500
2018-07-02,54.503456115722656,54.51631648375639,54.38773732738551,54.413453158659685,22438600
2018-07-03,54.5098876953125,54.6191763024308,54.477741679198445,54.54202880663313,10098600
2018-07-05,54.71559143066406,54.728446890000924,54.574156853999575,54.58058703606391,12729400
2018-07-06,54.85702133178711,54.85702133178711,54.722016948693565,54.728442225418455,9640300
2018-07-09,54.94060516357422,54.992036816504545,54.8763180498075,54.882748232621886,11517200
2018-07-10,54.94704055786133,55.01775786114964,54.940610374437064,54.966326203341254,7531700
2018-07-11,54.86346435546875,54.93418166064894,54.83775343066957,54.89561036865719,14111200
2018-07-12,55.037017822265625,55.062733639168904,54.927729279019616,54.953445095922895,10327300
2018-07-13,55.037017822265625,55.107735092552005,55.037017822265625,55.082019275648726,9860300
2018-07-16,54.99845504760742,55.04988178456982,54.97273922673056,55.04345650794409,7963100
2018-07-17,55.01774597167969,55.06274743633888,54.93416831960419,54.959884142951125,10721000
2018-07-18,55.04347229003906,55.082043580017874,54.98561045027812,55.03704210677835,12838600
2018-07-19,55.01774597167969,55.0563172543042,54.959884142951125,55.011315789645,6907300
2018-07-20,55.04347229003906,55.088473763278586,55.01775646178895,55.04347229003906,9329000
2018-07-23,55.024166107177734,55.08845811193319,55.024166107177734,55.07559774906557,7459200
2018-07-24,55.13992691040039,55.17850312363831,55.030638266615604,55.030638266615604,11803700
2018-07-25,55.24274826049805,55.25560371860406,55.10774387882392,55.15274533938196,11342300
2018-07-26,55.249202728271484,55.294204208611184,55.223486895964015,55.249202728271484,9233600
2018-07-27,55.22989273071289,55.274894191212525,55.16560072589226,55.25560364689154,10811200
2018-07-30,55.249202728271484,55.294204208611184,55.19134087938131,55.249202728271484,8400500
2018-07-31,55.36488723754883,55.384172873638775,55.31988578507547,55.352026876961894,10709500
2018-08-01,55.414581298828125,55.44685993494621,55.31127784137833,55.36938726763883,23297900
2018-08-02,55.44690704345703,55.453364746479195,55.343608424023174,55.36943431032768,10989200
2018-08-03,55.492122650146484,55.5179485464743,55.42756037221997,55.43401807774844,6940500
2018-08-06,55.59538650512695,55.59538650512695,55.44043616367883,55.44043616367883,7521900
2018-08-07,55.6212272644043,55.672879033967234,55.440450996717885,55.440450996717885,8408200
2018-08-08,55.58895492553711,55.63414900160384,55.576044443425836,55.60832311159644,10103600
2018-08-09,55.55022048950195,55.614782753878195,55.52439459859445,55.59541456714382,6354700
2018-08-10,55.453338623046875,55.53081624546156,55.40814457475043,55.459796323026886,9473300
2018-08-13,55.414581298828125,55.49851166367111,55.37584003939447,55.49851166367111,10479000
2018-08-14,55.51145935058594,55.530827528679545,55.4339817124287,55.446892189230155,9767700
2018-08-15,55.414581298828125,55.45977533001742,55.350019100811984,55.44040716319057,14684800
2018-08-16,55.485652923583984,55.517931589795424,55.4340011467042,55.4662847387002,14931800
2018-08-17,55.55022048950195,55.56958867623632,55.459832334218206,55.459832334218206,15280900
2018-08-20,55.57603454589844,55.62122861391657,55.54375095769236,55.58248732291248,8174900
2018-08-21,55.65995788574219,55.71160964997574,55.582480239391856,55.59539564334192,9281400
2018-08-22,55.67931365966797,55.70513953603034,55.65348778330559,55.65348778330559,8297400
2018-08-23,55.672889709472656,55.73099426703485,55.64706381973897,55.679342487567475,7751800
2018-08-24,55.76973342895508,55.7891065415632,55.68580297746008,55.70517116428315,7458500
2018-08-27,55.789093017578125,55.8213716791968,55.763267132812864,55.78263531494085,5581700
2018-08-28,55.763267517089844,55.78909340203307,55.73098392946483,55.76326751708984,8175300
2018-08-29,55.730987548828125,55.77618161896787,55.70516166220767,55.743898029246246,7403700
2018-08-30,55.68580627441406,55.75036854290849,55.66643808644427,55.737458059523746,8481700
2018-08-31,55.75678253173828,55.79551887730688,55.70513078712583,55.71158848664776,9569300
2018-09-04,55.64076614379883,55.71857811150836,55.58241087829551,55.69264078893851,16029000
2018-09-05,55.58237838745117,55.65370474606459,55.562926643653974,55.6342530022674,13369200
2018-09-06,55.62779998779297,55.65373731037763,55.582410910029445,55.63428555519875,13137500
2018-09-07,55.569419860839844,55.614808922337325,55.52403079934236,55.52403079934236,12374700
2018-09-10,55.679649353027344,55.69261553491347,55.61480360248805,55.63426029587156,6997900
2018-09-11,55.69260787963867,55.75096805769484,55.60831534137479,55.60831534137479,17897800
2018-09-12,55.822296142578125,55.861204581612384,55.71206628389262,55.71206628389262,14041900
2018-09-13,55.92604064941406,55.96494413811875,55.87416603311734,55.87416603311734,10375800
2018-09-14,55.977943420410156,56.01684692868179,55.913102590944725,55.91958321096454,12945000
2018-09-17,55.938995361328125,55.977903789091485,55.91306300553212,55.9649326641588,13279900
2018-09-18,55.93251419067383,55.99735497358954,55.91954306586991,55.95196593084508,19882300
2018-09-19,55.82878112792969,55.951982114027615,55.81581494641014,55.91955923967467,14471100
2018-09-20,55.90659713745117,55.906597137451165,55.7185553359627,55.84175633105014,15360100
2018-09-21,55.919551849365234,55.94548915601251,55.893614542717955,55.9065856695593,10966700
2018-09-24,55.89363479614258,55.92605767795917,55.81582779504227,55.89363479614258,10229400
2018-09-25,55.84824752807617,55.88067041093675,55.82231021119518,55.84824752807617,13240400
2018-09-26,55.90659713745117,55.98440412631783,55.874174260732445,55.8871453902345,19504800
2018-09-27,56.010311126708984,56.023282249191354,55.93898479415721,55.964922092088194,7996600
2018-09-28,56.04920959472656,56.06866132796242,55.945460421424876,55.99084944798615,17085200
2018-10-01,56.21140670776367,56.21140670776367,56.10718850837186,56.120218267994474,22566000
2018-10-02,56.16584396362305,56.211438209059,56.13327451571164,56.18538364460988,13577600
2018-10-03,56.016048431396484,56.21796515530116,55.95742937067637,56.198425468394454,17930600
2018-10-04,55.80757522583008,55.95087278220768,55.74244132822149,55.89876367636167,24935100
2018-10-05,55.56011962890625,55.80111578643951,55.56011962890626,55.78809098173614,25063300
2018-10-08,55.436317443847656,55.59915470458756,55.41677776766267,55.5926398227263,12869500
2018-10-09,55.5210075378418,55.56660178562901,55.4428488098639,55.45587360806011,19488500
2018-10-10,55.12367248535156,55.43632223955451,55.1106476899011,55.43632223955451,25204700
2018-10-11,55.169273376464844,55.36468011758095,55.084599772327785,55.253951950001756,37665300
2018-10-12,55.46234130859375,55.50142063933689,55.325558681596675,55.4362867649663,31877600
2018-10-15,55.42329788208008,55.48843677388545,55.39073340557714,55.416787968419335,16658500
2018-10-16,55.612186431884766,55.62521619723168,55.52099795205418,55.52751283472764,18955700
2018-10-17,55.50144577026367,55.59914911075745,55.45585154061969,55.534015206894374,18739400
2018-10-18,55.26695251464844,55.488413722104696,55.26695251464844,55.46235917008645,28653800
2018-10-19,55.29953384399414,55.41026198684514,55.26696440461502,55.397237192732746,20606400
2018-10-22,55.32560348510742,55.46238622287322,55.28000923918548,55.42981677461466,15049900
2018-10-23,55.27349090576172,55.299545468862355,55.07157425348149,55.1367081765332,20873200
2018-10-24,54.99993896484375,55.31258386009175,54.98039928006588,55.28652929058758,23827800
2018-10-25,55.11067199707031,55.14975137005735,54.99342890870776,55.11067199707031,29513700
2018-10-26,54.86312484741211,55.05852655291868,54.82404053079226,54.915228987241626,27424100
2018-10-29,54.81101608276367,54.99990787785291,54.739367299474715,54.973853323075275,23379400
2018-10-30,54.9412727355957,54.94127273559571,54.70678675958974,54.824029747592725,24105300
2018-10-31,54.9412727355957,55.09759506313395,54.94127273559571,55.00640662462021,23047900
2018-11-01,55.19327926635742,55.25219309604704,54.98381730495437,55.042726140676905,33115700
2018-11-02,55.16057205200195,55.33076152797834,55.07547981099835,55.258758480217914,19675800
2018-11-05,55.20639419555664,55.27185514661629,55.134396138535976,55.16057452619654,12299600
2018-11-06,55.35040283203125,55.35040283203125,55.232580106285965,55.252221388884884,14675500
2018-11-07,55.671146392822266,55.68423558745565,55.40277046012543,55.40277046012543,26155500
2018-11-08,55.53368377685547,55.69078408021945,55.5205945818934,55.540230871321434,20677500
2018-11-09,55.21949005126953,55.42895211666676,55.16712328642784,55.42240502256915,20869300
2018-11-12,54.879112243652344,55.252221705626006,54.8594759549105,55.199854939667986,22319600
2018-11-13,54.78746795654297,54.99693000750489,54.74164828895659,54.89220147900854,22907600
2018-11-14,54.6827507019043,54.9773050551204,54.5518337718314,54.859482315039905,44747700
2018-11-15,54.669654846191406,54.669654846191406,54.32273373151643,54.45365065760045,32332600
2018-11-16,54.50602340698242,54.5256646953267,54.32929176365276,54.43402532560449,64912800
2018-11-19,54.335819244384766,54.486367442878176,54.26381619502904,54.36200262542042,36567300
2018-11-20,54.165611267089844,54.30961731662326,54.13288080348039,54.185247547668475,21901900
2018-11-21,54.44053649902344,54.55181209990099,54.37508055697595,54.44053649902344,16560400
2018-11-23,54.139461517333984,54.26383136352643,54.139461517333984,54.21801168239827,9708100
2018-11-26,54.39471435546875,54.420897729885354,54.270349569449934,54.348894698731705,19807100
2018-11-27,54.368553161621094,54.37510025638826,54.24418832486554,54.2900080002955,14370700
2018-11-28,54.8201904296875,54.83327962110069,54.36853591942075,54.40126638890647,23513100
2018-11-29,54.83327102661133,54.91182114468412,54.682722876098104,54.71544834648599,17927900
2018-11-30,54.722042083740234,54.813681469288916,54.68931658545682,54.695858688730326,15081000
2018-12-03,55.100730895996094,55.120455891283086,54.90347091006656,55.00210090303133,27052900
2018-12-04,54.75882339477539,55.0415600796452,54.70622005421109,54.9889567390809,32066500
2018-12-06,54.56819534301758,54.63394707708559,54.39066515938037,54.47614191201521,27661900
2018-12-07,54.46293258666992,54.831145898370664,54.46293258666992,54.745669241448745,28901200
2018-12-10,54.50242233276367,54.54844903029735,54.28543718016184,54.45639563522999,23434700
2018-12-11,54.60105895996094,54.7457157457321,54.55503225690051,54.693112366081785,19243900
2018-12-12,54.77857208251953,54.96267883758148,54.765423749957755,54.78514875706684,17571500
2018-12-13,54.91007995605469,54.96925497680567,54.85747659325417,54.903503281571425,15859200
2018-12-14,54.679935455322266,54.890343847435936,54.64048043293536,54.81801549234701,16397600
2018-12-17,54.32486343383789,54.67992849090586,54.278836760691924,54.63389680122875,24124900
2018-12-18,54.2264289855957,54.45765665346368,54.10751117920858,54.41141111989008,25284300
2018-12-19,53.737548828125,54.3453538285712,53.67148449166378,54.25286274944834,32062700
2018-12-20,53.26850128173828,53.63847074831754,52.858899249993534,53.55919049682471,68796100
2018-12-21,53.004234313964844,53.466689763438325,52.91834613021523,53.24206494484665,56295000
2018-12-24,52.60780334472656,53.083474372394306,52.607803344726555,53.00419922803837,18853600
2018-12-26,53.49312210083008,53.49312210083008,52.55499521075755,52.67391305882216,25010300
2018-12-27,53.460060119628906,53.4930947984923,53.10330675751841,53.17597901871042,31806100
2018-12-28,53.53936767578125,53.72434987499385,53.413841880435456,53.506332980041755,30106400
2018-12-31,53.57898712158203,53.73093961394858,53.572379176596044,53.63844854568553,14153600
2019-01-02,53.506317138671875,53.58559736074238,53.28169740338354,53.32794293949499,26977400
2019-01-03,53.53274154663086,53.61862971022762,53.36757820480347,53.453466368400235,32776600
2019-01-04,54.43122100830078,54.50389326922382,53.88948554348266,53.95554986058061,38754000
2019-01-07,54.959747314453125,54.959747314453125,54.550140471246024,54.556748415274136,38127600
2019-01-08,55.3165168762207,55.32311978179688,55.006008941018095,55.09189207698195,30795000
2019-01-09,55.3825798034668,55.50149762582516,55.35615306067763,55.39579065466848,40909400
2019-01-10,55.60057830810547,55.63360794540583,55.1975794341984,55.270251692797,50520000
2019-01-11,55.42222213745117,55.4816835739087,55.34954984866209,55.375976593711414,19793300
2019-01-14,55.24382400512695,55.34291795570166,55.19757848139741,55.276853641857166,20137700
2019-01-15,55.42881393432617,55.45524067167592,55.19758628299684,55.2438318132627,24799000
2019-01-16,55.51469421386719,55.58736647776957,55.46844868596427,55.501483366059716,26508100
2019-01-17,55.66664123535156,55.68646002531454,55.42219773157885,55.45523240843981,24574400
2019-01-18,55.82522201538086,55.93753190323388,55.75254972550271,55.77236852449015,36236400
2019-01-22,55.45524978637695,55.719507122538595,55.38257750681683,55.71290421740447,25504200
2019-01-23,55.567562103271484,55.646842331839686,55.409006686520904,55.534527414604945,18529400
2019-01-24,55.62699508666992,55.64021097272965,55.45522889096313,55.54771993184639,17875500
2019-01-25,55.76578903198242,55.81863750467553,55.71953842774475,55.73275432620935,16775200
2019-01-28,55.67985534667969,55.712890025477655,55.54111876841997,55.62039897330451,14694100
2019-01-29,55.64682388305664,55.726099044956655,55.51469021258304,55.726099044956655,18717000
2019-01-30,56.089447021484375,56.175330106613686,55.71287497071286,55.719477872380764,25993500
2019-01-31,56.228187561035156,56.314070652272214,56.076235125356796,56.076235125356796,27070400
2019-02-01,56.200992584228516,56.25408873795579,56.108076846969745,56.18772107756066,24749900
2019-02-04,56.3337287902832,56.36691515276624,56.154535598047595,56.20763175260925,15968400
2019-02-05,56.53285598754883,56.59258538401689,56.36693424598682,56.373572533437624,33188300
2019-02-06,56.47974395751953,56.552749908391746,56.42664779988005,56.48638224310654,25936800
2019-02-07,56.287269592285156,56.34700403063901,56.18772063424185,56.30054616237618,27119400
2019-02-08,56.274024963378906,56.28729647628081,56.1346512920226,56.22092878471071,16728100
2019-02-11,56.30055618286133,56.32710426424058,56.21427365249656,56.26073152902806,10051800
2019-02-12,56.57269287109375,56.59260267599991,56.45986726760462,56.466505557083764,20174000
2019-02-13,56.4930419921875,56.619139085079176,56.4465841024842,56.60586757239118,25088400
2019-02-14,56.499664306640625,56.55939876102736,56.320471070538886,56.400115321878125,19406700
2019-02-15,56.67885971069336,56.71867930256408,56.599215463422944,56.599215463422944,24052000
2019-02-19,56.69878005981445,56.73196643490292,56.58595448616152,56.612502573526314,11317700
2019-02-20,56.74522399902344,56.778410365954805,56.632398453102674,56.71867591818408,9925700
2019-02-21,56.6921272277832,56.765133183424304,56.64566935269602,56.71203702231648,15479800
2019-02-22,56.80495071411133,56.85804687329516,56.738583046895755,56.75849284070759,12330300
2019-02-25,56.851383209228516,56.96420868943396,56.82483514385211,56.88456449330474,13698200
2019-02-26,56.92443084716797,56.99080359692521,56.85806316094061,56.891249535819234,16049300
2019-02-27,56.94432830810547,56.984147894967094,56.89787043559079,56.94432830810547,14818900
2019-02-28,56.9111442565918,56.96424041691768,56.87795789050598,56.93105405083187,21340600
2019-03-01,57.07248306274414,57.105817933719344,56.999150415548456,57.03248528652366,26455300
2019-03-04,56.9858283996582,57.165823506888366,56.8924917636193,57.13915662318982,16034400
2019-03-05,56.959129333496094,56.99245910464663,56.90579559623309,56.985796202127595,14510100
2019-03-06,56.86582946777344,56.945825031980036,56.83916258430859,56.93249413334159,16806400
2019-03-07,56.82583999633789,56.89250467762243,56.71917752352046,56.88584176982639,28101100
2019-03-08,56.73247528076172,56.745811260940904,56.539144257652985,56.65247974443133,21043400
2019-03-11,56.91912841796875,56.92579640689906,56.69913564512139,56.71246653679671,17922400
2019-03-12,57.019142150878906,57.052477017672416,56.859145979880545,56.872476874886004,20180500
2019-03-13,57.172489166259766,57.1791520722715,57.03915475320817,57.05249073760723,24524800
2019-03-14,57.13248062133789,57.21914925275511,57.11914972445147,57.14581660441159,12342500
2019-03-15,57.185813903808594,57.25247856005867,57.1658150155523,57.17248300703348,21775300
2019-03-18,57.16579818725586,57.21913193103059,57.11246444348112,57.192465059143224,10498900
2019-03-19,57.199134826660156,57.3057972313394,57.165799964218316,57.2057977301998,14067200
2019-03-20,57.44579315185547,57.53246175769826,57.09913398704168,57.20579638922062,31184400
2019-03-21,57.432472229003906,57.50580486843853,57.35913958956928,57.37247048483618,16400700
2019-03-22,57.225807189941406,57.365809569124316,57.16581052988032,57.34580559625044,27030400
2019-03-25,57.205806732177734,57.27247646755264,57.09914431071395,57.18580784603994,23592100
2019-03-26,57.34580993652344,57.432478566975966,57.259146392258145,57.299144168659474,18762700
2019-03-27,57.38579559326172,57.49245799374734,57.252461234922556,57.37912760379833,16706700
2019-03-28,57.49915313720703,57.499153137207024,57.3591558094764,57.39248560016191,19706700
2019-03-29,57.64578628540039,57.68578404637548,57.5324559051808,57.545786796777406,22358900
2019-04-01,57.631736755371094,57.772350348935746,57.61834717394574,57.72547915108086,21353900
2019-04-02,57.65850830078125,57.67859522277453,57.544679003768415,57.64511361373486,15129300
2019-04-03,57.6785774230957,57.79240668498069,57.65179316584487,57.71875125468459,13746500
2019-04-04,57.76564407348633,57.77234141745232,57.67190169226894,57.685296380200924,14435700
2019-04-05,57.87279510498047,57.91966630689727,57.812529211900085,57.82592390306366,14227000
2019-04-08,57.839317321777344,57.8594093598553,57.79244611675186,57.84601466780333,11472100
2019-04-09,57.79914474487305,57.86610288088353,57.76566312257864,57.80584209104759,19118700
2019-04-10,58.05358123779297,58.05358123779296,57.8727937798471,57.8727937798471,16767000
2019-04-11,58.140655517578125,58.16074245361714,58.020128792764204,58.046913077009506,20976100
2019-04-12,58.227657318115234,58.2611389256735,58.11382802613882,58.2075703970107,17442800
2019-04-15,58.18750762939453,58.220984142272755,58.140636424502475,58.220984142272755,13940000
2019-04-16,58.15402603149414,58.23437885787515,58.133939102043435,58.22768151186552,11543800
2019-04-17,58.01340103149414,58.21428050373451,58.00670368679888,58.21428050373451,11818600
2019-04-18,58.040184020996094,58.11383948528715,57.97322590125252,58.11383948528715,15295500
2019-04-22,57.93975067138672,58.026800834364664,57.93305332610127,58.0000165618005,24591400
2019-04-23,58.140655517578125,58.17413204144985,57.97994981210632,58.01343144455791,15094100
2019-04-24,58.06025695800781,58.15399932477954,58.05355961507388,58.15399932477954,11938800
2019-04-25,58.087066650390625,58.12724050842977,57.966539967695105,58.05358502963929,14369000
2019-04-26,58.23438262939453,58.24107997583791,58.15402979780951,58.15402979780951,11937200
2019-04-29,58.20762252807617,58.254493755490245,58.20762252807618,58.221012117945634,7601200
2019-04-30,58.214256286621094,58.2812143799876,58.20086160280275,58.23434320377354,11168100
2019-05-01,58.02333068847656,58.41333691962903,58.016605027890925,58.22505433446254,24574300
2019-05-02,58.06364440917969,58.151062561124924,57.94933388913016,58.07037006629238,24936600
2019-05-03,58.21158218383789,58.23175402642321,58.14434099849564,58.17795902607997,18522700
2019-05-06,58.238468170166016,58.24519382642265,57.828290351445446,57.94932651320188,18893700
2019-05-07,57.888824462890625,58.13089686416453,57.79468576574791,58.097278832427406,30266300
2019-05-08,57.90900802612305,58.030044240529605,57.848487353832354,57.89555670775853,27527500
2019-05-09,57.821556091308594,57.8686254177559,57.61310694992363,57.82155609130859,30890400
2019-05-10,57.98295211791992,58.036741979731396,57.6601872961871,57.80139530251621,33782400
2019-05-13,57.4517707824707,57.67366627277485,57.43831946173972,57.613150720012555,34801600
2019-05-14,57.57950973510742,57.71399724993261,57.5122685427819,57.56606354871197,18128500
2019-05-15,57.633304595947266,57.666927757112454,57.45175286410799,57.48537089509905,19543700
2019-05-16,57.80813980102539,57.902278502595,57.69382925343007,57.71400109945577,29384100
2019-05-17,57.7879524230957,57.895537283041605,57.68708808990242,57.68708808990242,27089400
2019-05-20,57.734169006347656,57.88210270734213,57.680374000499825,57.77451269564647,15780000
2019-05-21,57.91575241088867,57.92920373479385,57.821613664260155,57.821613664260155,15004300
2019-05-22,57.962791442871094,57.962791442871094,57.80813721015572,57.88210406238455,14976200
2019-05-23,57.67367172241211,57.821605483377084,57.606430502930635,57.801433630550264,18333400
2019-05-24,57.592987060546875,57.8081620512656,57.58626139922478,57.74092082857408,17611600
2019-05-28,57.5391731262207,57.70727869280779,57.48537811367089,57.6602093393704,20544600
2019-05-29,57.384517669677734,57.50555389109975,57.32400212405428,57.46521019401745,25441900
2019-05-30,57.50554656982422,57.59296474260644,57.451756690621075,57.48537472385123,20311900
2019-05-31,57.088661193847656,57.384523553076605,57.075209873324376,57.317282340987106,34947400
2019-06-03,57.180511474609375,57.26832375230274,57.05892246893889,57.180511474609375,58940600
2019-06-04,57.75468063354492,57.76143700996181,57.35614203623692,57.35614203623692,34113300
2019-06-05,57.88977813720703,57.903290890250176,57.7073971999668,57.808722233369274,28368700
2019-06-06,58.01136779785156,58.065408503420294,57.80196650577942,57.87627118753508,23538600
2019-06-07,58.15996551513672,58.23427018201326,57.525005389470266,58.09241722350466,29934000
2019-06-10,58.247798919677734,58.32209845334284,58.21402218778891,58.268062897368736,17482200
2019-06-11,58.328834533691406,58.53824092204442,58.241022276384605,58.436915915241855,34293700
2019-06-12,58.19375991821289,58.32885654252212,58.180247163618446,58.31534894153354,18195500
2019-06-13,58.328834533691406,58.369367628574786,58.26128624702434,58.295062967159836,19438500
2019-06-14,58.2883415222168,58.335625866579704,58.2410571778539,58.308605504999896,8842000
2019-06-17,58.20050811767578,58.28832039577757,58.173487765889426,58.25454366764334,10554000
2019-06-18,58.60579299926758,58.6125442208482,58.457183666825784,58.47744763877617,22540400
2019-06-19,58.88273239135742,58.89624513939853,58.46392996694363,58.56524980923511,28212600
2019-06-20,59.17997360229492,59.20699395509123,58.96381593352986,59.05838459151424,48362000
2019-06-21,58.99082565307617,59.0718815432492,58.990825653076165,59.02459722278012,22467800
2019-06-24,58.98408508300781,59.017861815366956,58.95706472784165,58.9908414602008,13764100
2019-06-25,58.734169006347656,58.97734712518489,58.693641037743916,58.97734712518489,26173600
2019-06-26,58.7071533203125,58.87602672626861,58.68688418256759,58.84900636288275,19554600
2019-06-27,58.86925506591797,58.90302664617845,58.781437619307475,58.808457975679474,12995100
2019-06-28,58.88948440551758,58.936768712954056,58.869220438559516,58.90299199895529,14690800
2019-07-01,58.907161712646484,59.20570231459286,58.89359403825161,59.11749431318549,26036100
2019-07-02,59.03606414794922,59.06998591428961,58.92071564812272,58.947856167109855,20683200
2019-07-03,59.259986877441406,59.29391383319186,59.049654246063284,59.063227098974124,16237900
2019-07-05,59.022518157958984,59.090366898038546,58.92752888654219,59.08358564759953,17591400
2019-07-08,58.907161712646484,58.99536453752796,58.900375287186094,58.99536453752796,16679400
2019-07-09,58.839298248291016,58.89357928532486,58.82572540077025,58.86643876680794,19189100
2019-07-10,59.00213623046875,59.08355778608521,58.95464161715697,58.98178213569579,24497000
2019-07-11,58.88678741455078,59.0360576643241,58.80536586653149,59.0360576643241,19191200
2019-07-12,58.98179244995117,58.98857887490378,58.83930858509941,58.886803206716664,21291200
2019-07-15,59.022518157958984,59.07679922063346,58.934315313508264,58.96824227181157,10735200
2019-07-16,58.90037536621094,59.01572389308873,58.8460994920327,59.01572389308873,20147200
2019-07-17,58.82573318481445,58.947862946038974,58.81895193668135,58.947862946038974,9361300
2019-07-18,58.85287094116211,58.86644378984104,58.69681941702979,58.832516844668774,17236600
2019-07-19,58.75108337402344,58.879999527718226,58.730729281655634,58.85285901238648,14771000
2019-07-22,58.947872161865234,58.94787216186523,58.791820606002474,58.81896113235384,12852800
2019-07-23,59.04964065551758,59.069994753672596,58.92751089006202,58.99535960942056,14051800
2019-07-24,59.097145080566406,59.103931506585724,59.022509923932866,59.03608277597151,12713700
2019-07-25,59.015750885009766,59.13109428811605,58.96825623805258,59.13109428811605,14272500
2019-07-26,59.14460372924805,59.1581765730297,59.08354146180015,59.110681972840275,8512700
2019-07-29,59.056419372558594,59.13784093107724,59.002138333546156,59.13105450706949,14731800
2019-07-30,59.08355712890625,59.09033837607207,58.92071401948462,58.961427385102304,13794100
2019-07-31,58.98179244995117,59.205697884657724,58.74431934186491,59.13106273975554,23449700
2019-08-01,58.952518463134766,59.27276530451531,58.93207806023385,58.972964064510485,28839000
2019-08-02,58.86392593383789,58.932062324806154,58.720837953262524,58.932062324806154,23559600
2019-08-05,58.25067901611328,58.509604539641074,58.15528704380491,58.509604539641074,47727900
2019-08-06,58.62544250488281,58.67995369382837,58.37333215486445,58.509610127228335,28695000
2019-08-07,58.618614196777344,58.68675056848425,58.22341596301658,58.38694949327948,38028500
2019-08-08,58.85030746459961,58.884373064742455,58.632267869484174,58.632267869484174,27074700
2019-08-09,58.76852798461914,58.83666436867485,58.65269561187716,58.74808758924972,19090800
2019-08-12,58.564109802246094,58.69357256241247,58.51641381668047,58.60499578878274,17466700
2019-08-13,58.82301712036133,58.877528286560526,58.516395709344,58.55728168322887,30078600
2019-08-14,58.29834747314453,58.577713259037,58.257466703880326,58.557272874404894,29745300
2019-08-15,58.468685150146484,58.53001149643692,58.359668043419624,58.40054880863349,27296500
2019-08-16,58.66631317138672,58.68675356409496,58.55729601078538,58.55729601078538,15780200
2019-08-19,58.836639404296875,58.843454599352626,58.74806266245484,58.77531824420716,13603000
2019-08-20,58.88432312011719,58.918393889835826,58.76849082062518,58.86388273767385,16126800
2019-08-21,59.13644790649414,59.17732868147823,58.99335999557897,59.03424077056305,18334300
2019-08-22,59.24549865722656,59.30000985378414,59.10922586430645,59.23868865651224,20677200
2019-08-23,58.97295379638672,59.37496217937492,58.925257798430934,59.136482189595995,30340300
2019-08-26,59.265926361083984,59.265926361083984,59.10239282078569,59.15690400088512,14187800
2019-08-27,59.2386589050293,59.40218721409923,59.13645176243388,59.381746825274384,14722700
2019-08-28,59.38174819946289,59.40900378468382,59.204589494762516,59.225029884060376,13576000
2019-08-29,59.443050384521484,59.55888788433615,59.40898481272749,59.51118672657915,16271400
2019-08-30,59.3885498046875,59.54526288575586,59.25908710413265,59.538447691392406,14413600
2019-09-03,59.21817398071289,59.3413458003999,59.11552992752482,59.3413458003999,20561500
2019-09-04,59.34132766723633,59.361855427462515,59.25236707866711,59.32079990701015,13526700
2019-09-05,59.57401657104492,59.621916445802206,59.382417072015784,59.39610573377203,23399100
2019-09-06,59.62876510620117,59.73825352542171,59.56033745453592,59.6561372110063,25162700
2019-09-09,59.69034957885742,59.71087735088837,59.54664473325119,59.6629774759179,17484200
2019-09-10,59.72454071044922,59.74506847557798,59.60136889898359,59.697168616713185,14055800
2019-09-11,59.71772384643555,59.73825684170063,59.64929619097163,59.69035696080635,13999200
2019-09-12,59.75190734863281,59.82717929436106,59.70400749414143,59.765590783904955,23246400
2019-09-13,59.64242172241211,59.745060534413426,59.60820530461676,59.64926082941729,34407300
2019-09-16,59.85456848144531,59.86141281138258,59.6561246788173,59.73824097598223,23020800
2019-09-17,59.8887939453125,59.89563827687894,59.765622080593054,59.875110502874925,14626400
2019-09-18,59.85456848144531,59.902468349618005,59.662969008754565,59.847724151508054,15913800
2019-09-19,59.78615951538086,59.902487057173055,59.75878740777757,59.82037073436319,13327000
2019-09-20,59.86142349243164,59.881951265212116,59.76561851829775,59.8066792845537,23298400
2019-09-23,59.83406066894531,59.88196055309418,59.79984422854077,59.813532892980916,15456800
2019-09-24,59.75190734863281,59.89560691210694,59.67663540290456,59.88876258412458,21934200
2019-09-25,59.69034957885742,59.73140512291931,59.55348906415978,59.70403301997978,15142100
2019-09-26,59.64925765991211,59.71084616453272,59.56030228734022,59.69031840322321,13873100
2019-09-27,59.58085250854492,59.6903409043917,59.53295264053547,59.642441036382245,13419200
2019-09-30,59.64925765991211,59.64925765991211,59.54661363267249,59.57398572131586,21827700
2019-10-01,59.511878967285156,59.67676840815536,59.46378599529215,59.663024563734034,27665700
2019-10-02,59.16147232055664,59.48438445633839,59.11337935831722,59.4775125355214,33789500
2019-10-03,59.19581985473633,59.250779489713466,58.91412879286974,59.168337416378186,30387800
2019-10-04,59.38132095336914,59.388192873531395,59.223298240072815,59.27139119773009,17588600
2019-10-07,59.333229064941406,59.422543061703195,59.25765366701244,59.340100985227494,14542500
2019-10-08,59.11341094970703,59.30578290147215,59.11341094970703,59.27142852076728,15471500
2019-10-09,59.292022705078125,59.346982355754655,59.25766833688222,59.2714069391162,11351300
2019-10-10,59.36759948730469,59.41569245884081,59.29202406892782,59.305762671477815,11092800
2019-10-11,59.61492156982422,59.65614785441679,59.477514599155455,59.52560756306352,18661400
2019-10-14,59.65617370605469,59.68365616044578,59.55998773655697,59.61494740359694,9842600
2019-10-15,59.786705017089844,59.821059393333506,59.635559390146575,59.66303660105126,26321500
2019-10-16,59.73859786987305,59.77982415993804,59.73173118964608,59.76608031600283,11813000
2019-10-17,59.821044921875,59.84165544593851,59.772951951813276,59.77982387374798,14814300
2019-10-18,59.83477783203125,59.86226027541511,59.74546382233879,59.821039231209376,21363700
2019-10-21,59.85540008544922,59.889749212098124,59.84852816342317,59.88288253181275,10090400
2019-10-22,59.86914825439453,59.89663070514955,59.827927199132766,59.89663070514955,15464300
2019-10-23,59.9240837097168,59.93095562946412,59.83476447821833,59.87599075496337,9097500
2019-10-24,59.99279022216797,59.99279022216797,59.889732387691225,59.95156918507295,14832800
2019-10-25,60.040897369384766,60.061507892803355,59.97906579912901,59.97906579912901,11593600
2019-10-28,60.034019470214844,60.07524575468765,60.020280869883855,60.04776331228575,10646500
2019-10-29,59.9240837097168,60.047752056474025,59.91033987022214,60.02714153897098,10655700
2019-10-30,59.84855270385742,59.96534921748842,59.77297725580377,59.95847729264459,24566400
2019-10-31,59.642425537109375,59.84166938570364,59.628686931780244,59.83479746216816,24576400
2019-11-01,59.89836502075195,59.96046005075324,59.73278704679666,59.739682400640994,23894100
2019-11-04,60.02254104614258,60.05703886483873,59.98114787460968,60.00874507684098,14135800
2019-11-05,59.96046447753906,60.07774866509843,59.898369442953395,60.07084804711574,21946800
2019-11-06,59.89150619506836,59.960501890687496,59.870809591835645,59.960501890687496,8976900
2019-11-07,59.86387252807617,60.00875918977216,59.85007655553003,59.98116198105051,15077600
2019-11-08,59.919071197509766,59.93976778961233,59.77418978916204,59.85698142120205,11692800
2019-11-11,59.88459777832031,59.91218973419235,59.80180611980996,59.86389591596917,4933600
2019-11-12,59.89836502075195,59.94665881580678,59.83627525437955,59.85007122569712,14690200
2019-11-13,59.836273193359375,59.863865135044136,59.801775370810375,59.83627319335938,15333600
2019-11-14,59.80177688598633,59.88456850402438,59.78108029738402,59.84317006319093,14965100
2019-11-15,59.98115921020508,59.98805456434494,59.8569744085091,59.86386976264896,12996200
2019-11-18,59.905277252197266,59.953571056614926,59.8776800405829,59.932874463811636,13135800
2019-11-19,59.69142150878906,59.85010421636935,59.691421508789055,59.84320359509235,20175500
2019-11-20,59.56721496582031,59.73279823441732,59.56031961068451,59.65690721888449,22566100
2019-11-21,59.58100128173828,59.64309104418984,59.518906255658166,59.62929507374346,17853800
2019-11-22,59.80868148803711,59.80868148803711,59.608605678837115,59.670695448780634,20394800
2019-11-25,59.967376708984375,59.981177948833945,59.82249527234839,59.82249527234839,16885300
2019-11-26,60.036338806152344,60.03633880615234,59.95355246061728,59.98804501671413,11469400
2019-11-27,60.11223220825195,60.126033442146536,59.98804742134312,60.0156446255038,11814700
2019-11-29,59.98115921020508,60.09844339413208,59.97425859243611,60.09844339413208,11519500
2019-12-02,59.94028091430664,60.00261516109835,59.808679347495804,60.00261516109835,20966400
2019-12-03,59.8571662902832,59.891799952022446,59.73249250611874,59.80175454524236,29757200
2019-12-04,60.03725814819336,60.058036233685236,59.88487847544568,59.88487847544568,12406800
2019-12-05,60.12733840942383,60.12733840942383,59.96803612476325,60.07885441613249,18158900
2019-12-06,60.21043014526367,60.26584190924965,60.1550183812777,60.224280444081835,16094700
2019-12-09,60.21043014526367,60.258914117662236,60.1896520548581,60.1896520548581,18034300
2019-12-10,60.355873107910156,60.36280089846975,60.189643124971184,60.21042121229407,15117100
2019-12-11,60.48054504394531,60.49439534027985,60.32123757214163,60.36972682020182,14127500
2019-12-12,60.619102478027344,60.68144205670145,60.487506095241784,60.508284193346945,18958100
2019-12-13,60.681427001953125,60.709132887339194,60.60523713823076,60.63987081605268,18088100
2019-12-16,60.79914093017578,60.83377458970004,60.74372918867878,60.77143505942728,17517400
2019-12-17,60.986141204833984,60.986141204833984,60.80605572562748,60.80605572562748,18650700
2019-12-18,61.09699630737305,61.12470218894692,60.99310057256018,61.013878662651436,31575700
2019-12-19,61.06504821777344,61.12065795887439,60.97468636591199,61.10675817521755,29429300
2019-12-20,60.97468566894531,61.1623619139698,60.96078058221062,61.134557043737146,31918800
2019-12-23,61.002437591552734,61.030242437651914,60.981585282786384,60.995485054219905,9720200
2019-12-24,61.051116943359375,61.05111694335937,60.98160745445525,61.01635954729028,4854900
2019-12-26,61.1414680480957,61.16232036079412,61.09281088405503,61.12756827404114,11382700
2019-12-27,61.11362838745117,61.18313782459885,61.092776086629875,61.18313782459885,11627100
2019-12-30,61.07196807861328,61.18318219806225,61.00940582754565,61.16928242184386,12524300
2019-12-31,61.127593994140625,61.13454123247447,61.037226863447025,61.0719842680577,8310800
2020-01-02,61.38475036621094,61.391702904458135,61.20402679764645,61.238778882416774,15756600
2020-01-03,61.32220458984375,61.36390922044983,61.19708539479172,61.25269510442235,17342200
2020-01-06,61.259666442871094,61.29442385087374,61.204062014597106,61.24576666161157,17936900
2020-01-07,61.20402526855469,61.28048727766508,61.19707273048119,61.266582201518084,9640300
2020-01-08,61.259666442871094,61.32918125887639,61.18320438785398,61.21796179585663,16088100
2020-01-09,61.41952896118164,61.42648150182942,61.28745720504724,61.33611438311233,16649500
2020-01-10,61.440391540527344,61.454296624145066,61.37783457395426,61.426491760145176,16182900
2020-01-13,61.440391540527344,61.48209618490941,61.412586676527454,61.44734408233621,17762400
2020-01-14,61.433441162109375,61.50990321499281,61.36393165127963,61.42649392329142,29157100
2020-01-15,61.44732666015625,61.537688465108914,61.440374120318644,61.44732666015625,24637900
2020-01-16,61.46819305419922,61.537702558792546,61.43343565028492,61.4959979166836,22349200
2020-01-17,61.41952896118164,61.52379585795961,61.41952896118165,61.50294353925096,29626700
2020-01-21,61.287479400634766,61.46820840028624,61.287479400634766,61.40564611826833,19724900
2020-01-22,61.398651123046875,61.426455970846646,61.32914165516368,61.38474604753076,17731800
2020-01-23,61.211002349853516,61.30831671740215,61.18319748723459,61.294416937710324,28566200
2020-01-24,60.953800201416016,61.217938370158826,60.9259953463009,61.217938370158826,40838300
2020-01-27,60.54368591308594,60.73831459789395,60.44637157068194,60.64100025548994,41372700
2020-01-28,61.06504821777344,61.14151028597804,60.74530016129818,60.82176222950279,32628300
2020-01-29,61.03025436401367,61.32914988894903,61.01634928663072,61.148421005602884,17308200
2020-01-30,61.092811584472656,61.10671666191978,60.82172090981898,60.82867344854254,20103300
2020-01-31,60.84257888793945,61.03026032831862,60.74526454968125,61.03026032831862,35659700
2020-02-03,60.83282470703125,61.05619229166365,60.81886123739613,60.95846930623093,25754700
2020-02-04,61.19579315185547,61.209756621060905,61.06317214742258,61.07713029112489,25063800
2020-02-05,61.447086334228516,61.46802621389383,61.31445999567686,61.34238161039845,36687700
2020-02-06,61.495941162109375,61.530844508103506,61.335398551743346,61.42613979562402,18329900
2020-02-07,61.405181884765625,61.46102509175505,61.34235694552719,61.41914002376231,12865100
2020-02-10,61.48896408081055,61.49594581563827,61.34237960244807,61.39124109523556,14220000
2020-02-11,61.53083038330078,61.62157160635121,61.530830383300774,61.61458987365451,16821500
2020-02-12,61.6913948059082,61.747238036256334,61.60763528588956,61.64951504589888,26688200
2020-02-13,61.71236038208008,61.7472584184395,61.628595508907885,61.642553658350586,13297900
2020-02-14,61.70537185668945,61.768191510529114,61.67046849866426,61.733293478008655,11398800
2020-02-18,61.57968521118164,61.705329758645554,61.53082373858462,61.67042642443293,26635300
2020-02-19,61.60759735107422,61.684380414147924,61.600615620203804,61.64249535442572,18547500
2020-02-20,61.71236038208008,61.73330026899679,61.46804750003751,61.6495353958246,31277000
2020-02-21,61.65648651123047,61.69138453025758,61.53782366063348,61.663462919734286,23027000
2020-02-24,60.99334716796875,61.146913330174115,60.86770261030087,61.07711198158119,57828300
2020-02-25,60.567543029785156,61.293488663519966,60.51170515449843,61.258590657153356,68418000
2020-02-26,60.63038635253906,60.90261538207491,60.44889855768105,60.679247836673646,69233800
2020-02-27,59.81370544433594,60.51172976152785,59.695037263031104,60.1208325225584,72596300
2020-02-28,60.05799102783203,60.13477410081266,59.115659607752754,59.115659607752754,97472600
2020-03-02,60.513710021972656,60.57681364995531,59.756503930056056,60.04396056006026,72357700
2020-03-03,60.25429916381836,61.13069981328453,60.114071850428736,60.562788555025406,58721000
2020-03-04,61.08165740966797,61.10970288879199,60.71005882312078,60.75914242343397,52664700
2020-03-05,60.310401916503906,60.653954920308884,60.19121267802132,60.54878574259566,62455700
2020-03-06,59.630306243896484,59.791560978474166,58.957225793690505,59.26572055427446,69860600
2020-03-09,57.064208984375,58.53656127203648,55.837247853136105,55.837247853136105,73609600
2020-03-10,57.940608978271484,58.10186907829816,56.88191531929448,57.926588919155485,57598000
2020-03-11,56.678592681884766,57.274549533699926,56.22987587874537,56.96605472561925,60006600
2020-03-12,54.41399002075195,56.26494865125557,53.44644516589294,53.551609014910944,82926400
2020-03-13,56.12472915649414,56.285983965028436,54.785585694444684,56.18081476212945,69164600
2020-03-16,53.0398063659668,54.442048409486716,52.09329405641663,53.08888462352484,43080100
2020-03-17,53.53758239746094,54.47708166119444,52.32464111237194,52.96967628577507,68569400
2020-03-18,51.1748046875,52.40877876898006,50.41759830373293,51.777768991568266,54289800
2020-03-19,50.02495574951172,50.95043476472012,49.618304501387726,50.38252876762943,45706300
2020-03-20,48.903167724609375,50.578845731974134,48.66478925955392,50.067030628001504,55796500
2020-03-23,48.117923736572266,49.16259769193325,47.339679137214,49.113519444637134,48862100
2020-03-24,50.10209655761719,50.445644284991026,49.00834971586423,49.14155904330355,51304000
2020-03-25,51.5113525390625,52.983705335232905,50.53679493188111,50.655984199147234,45692600
2020-03-26,53.867103576660156,53.867103576660156,51.672592406548965,51.88994345656439,41965200
2020-03-27,54.00735092163086,54.94685586313941,52.83648011054432,52.89257107552697,66536800
2020-03-30,54.4700927734375,54.71548405618737,53.733913576059095,54.05642859754876,35016900
2020-03-31,54.035369873046875,54.484086674332914,53.97227158026894,54.24570821389242,31103400
2020-04-01,52.55210494995117,53.03830337963078,52.404131047354596,52.97488829679594,36859100
2020-04-02,52.9608039855957,53.764094050485724,52.305487840450425,52.40413712028025,31824800
2020-04-03,51.82634353637695,52.98899679217557,51.6642737539655,52.84807075389203,39986200
2020-04-06,53.087646484375,53.24266835321659,52.71418764179324,52.89034787893436,32347800
2020-04-07,53.087646484375,54.0600544340236,53.01718346471531,53.855707913821846,35120800
2020-04-08,54.468719482421875,54.70124679020242,53.334247708170466,53.52449830107837,46291400
2020-04-09,58.03421401977539,59.22505863672147,57.42117461692492,57.75940455063128,88846900
2020-04-13,57.2027587890625,57.72419164378658,56.66723010324662,57.646680700734905,40390500
2020-04-14,57.44232177734375,57.843966861143755,57.0547725215975,57.717136664559455,37632800
2020-04-15,56.90679168701172,57.01248888067357,56.34307690480356,56.547423378954456,34367500
2020-04-16,56.85041809082031,56.8997427301601,56.32193750818725,56.76585926224532,25821900
2020-04-17,57.139320373535156,57.35776267904607,56.97020808538373,57.301390124334695,38251800
2020-04-20,56.27968215942383,56.92795063012586,56.1739849275522,56.575630107876776,24676200
2020-04-21,55.250877380371094,55.7088895139683,55.13813229297496,55.63842652233655,42335600
2020-04-22,55.73709487915039,55.92735093531017,55.55388673736262,55.84984000516856,15720900
2020-04-23,55.708885192871094,56.13167386183103,55.476357876120616,55.84276862977382,23896700
2020-04-24,55.18747329711914,55.8286990759576,55.0747335522583,55.7511881493731,37915200
2020-04-27,55.412940979003906,55.61728741517757,55.32133962871154,55.4552176982186,20550700
2020-04-28,55.58205795288086,55.75117559606735,55.27201969233639,55.71594140974132,23927600
2020-04-29,56.561492919921875,56.62491336306704,55.85685239064128,55.969597455796865,34838300
2020-04-30,56.67424392700195,56.765845270059216,56.040066308963915,56.26555108693509,34636000
2020-05-01,55.69666290283203,56.30544739578061,55.64711092785995,56.16386646674594,31859400
2020-05-04,55.618797302246094,55.83116600519356,55.356876622045604,55.59048111513573,20400900
2020-05-05,56.10013961791992,56.10013961791992,55.79574747714882,55.79574747714882,26484200
2020-05-06,55.78160858154297,56.22757633327676,55.76036739271379,56.15678857279265,18823300
2020-05-07,55.92318344116211,56.42578355564339,55.901947653344,56.06475896045603,19581700
2020-05-08,56.45410919189453,56.46118958927267,56.11432032763365,56.156797311141744,21770400
2020-05-11,56.19928741455078,56.432891998167754,56.16389081675577,56.33378800525678,14285100
2020-05-12,56.12848663330078,56.631086881280794,56.12848663330078,56.56737950090478,25332700
2020-05-13,55.8311653137207,56.22050072995517,55.7391363565617,56.170948753315855,29962000
2020-05-14,55.64002990722656,55.852398598016805,55.20114253404163,55.54092595839383,30429100
2020-05-15,55.71788024902344,55.80990377186544,55.33561996830071,55.47720085047122,34133400
2020-05-18,56.701866149902344,56.74434313120604,56.39039889131806,56.60276219479455,31900200
2020-05-19,56.772640228271484,56.93545691569496,56.553196580698234,56.65938090721275,18536500
2020-05-20,57.37434768676758,57.51592318353113,57.0204035440997,57.06995550804284,36053700
2020-05-21,57.360191345214844,57.50177225371773,57.19738005138581,57.360191345214844,23307300
2020-05-22,57.50175857543945,57.57254631247249,57.20444143868765,57.30354535068554,11311900
2020-05-26,57.93358612060547,58.160115601378045,57.46638256841224,57.92651112490139,27673800
2020-05-27,58.05391311645508,58.36538025366827,57.8061533252315,58.34414447167173,24905000
2020-05-28,58.110530853271484,58.43616412810881,58.0043519601262,58.138847025029406,23282500
2020-05-29,58.344139099121094,58.48571996732469,57.96187885610824,58.08222394427077,32189000
2020-06-01,58.78548049926758,58.80679931732046,58.14588884829909,58.23116954238702,46987000
2020-06-02,59.36821365356445,59.396640549343005,58.71441131628579,58.87785918966747,35930900
2020-06-03,59.64540100097656,59.96519426118778,59.53880144027986,59.6098660067847,35991000
2020-06-04,59.46061325073242,59.68092039776345,59.35401371789514,59.58142352440518,36405800
2020-06-05,60.02200698852539,60.42708070433231,59.9793693621905,60.100179584722795,35306500
2020-06-08,60.09307861328125,60.17835929791191,59.94384148158446,60.16414856141137,20493100
2020-06-09,59.62404251098633,59.801706520004835,59.39663279631765,59.77327962793684,28412400
2020-06-10,59.53878402709961,59.85147453452364,59.169245136225356,59.54589210823487,36663100
2020-06-11,58.010868072509766,58.71442166784688,57.897165891225455,58.68599476705656,48794500
2020-06-12,58.586517333984375,58.89209981320258,58.16722722441604,58.79971100807353,36156800
2020-06-15,59.15499496459961,59.53874979711628,58.074800393788145,58.2027186712937,39432300
2020-06-16,59.39663314819336,59.92962517840642,59.20475298106649,59.87277139393362,40976300
2020-06-17,59.119483947753906,59.425066294109456,59.09105705252597,59.35399634510166,17066700
2020-06-18,59.09815216064453,59.13368170547435,58.863634392894035,58.956017715701186,22223600
2020-06-19,58.899166107177734,59.24739144370922,58.77835589093206,59.21185647569584,32037600
2020-06-22,58.856529235839844,59.00576634402999,58.76414590844831,58.89206420430772,21536000
2020-06-23,58.94182586669922,59.083954935305044,58.90629088860955,59.06263611720181,17438000
2020-06-24,58.33774185180664,58.828096171450994,57.946884349055175,58.7570316638484,43720600
2020-06-25,58.35910415649414,58.394633722537264,57.91138716495172,58.18144006064472,31159700
2020-06-26,57.80478286743164,58.28092672576267,57.72661565981645,58.28092672576267,33705800
2020-06-29,57.477848052978516,57.882921704832114,57.193590026457926,57.875819049481116,76540200
2020-06-30,58.003753662109375,58.13167197881095,57.61999871200466,57.66974442283994,40554300
2020-07-01,58.18429946899414,58.35557516857175,58.0986643415835,58.0986643415835,28799100
2020-07-02,58.61248016357422,58.883672534215414,58.49829820074262,58.69098264510138,30623300
2020-07-06,59.0335807800293,59.0478514935976,58.812349328786574,58.962216322669626,22888200
2020-07-07,58.64106369018555,59.11921150779471,58.61251682043533,58.96934452517506,22408000
2020-07-08,58.79804992675781,58.876552432248026,58.60536542358169,58.61249805516666,21155700
2020-07-09,58.66959762573242,58.848011438769475,58.3984105900288,58.7980557889094,21655600
2020-07-10,58.86940002441406,58.90508495267935,58.50543989093508,58.569666228105866,17903400
2020-07-13,58.548255920410156,59.16913772062847,58.541117845992346,59.09063523629895,20039400
2020-07-14,59.04783248901367,59.076379351721535,58.54827600351944,58.54827600351944,31929700
2020-07-15,59.38325500488281,59.454619443702285,59.169161688424396,59.40466379205289,21291300
2020-07-16,59.44035339355469,59.44749147142351,59.29048642685796,59.34758016029236,17570400
2020-07-17,59.6044807434082,59.62589497330418,59.38324937063086,59.57593932639455,22863700
2020-07-20,59.9613151550293,59.98986202004066,59.59735487683942,59.654443162104364,16701600
2020-07-21,60.23964309692383,60.36096318435552,60.13972635136872,60.161140582760375,22331600
2020-07-22,60.3609733581543,60.389520226730525,60.18969214669696,60.303879621001855,15251400
2020-07-23,60.318119049072266,60.38948890587625,59.92561206042847,60.35380397747426,28434900
2020-07-24,60.37521743774414,60.44658185532567,60.161124184999565,60.18966559622733,14977500
2020-07-27,60.517974853515625,60.53224556458516,60.311014152079466,60.468019197635044,12931500
2020-07-28,60.3609733581543,60.517978412944295,60.303879621001855,60.46088467579185,14862900
2020-07-29,60.696388244628906,60.73920582228284,60.446604522292695,60.54651583332394,18012800
2020-07-30,60.82487869262695,60.853420129700005,60.47518347373078,60.50373035556481,54812400
2020-07-31,60.93902587890625,60.94616395646744,60.589336305018286,60.803429629033054,28623100
2020-08-03,60.95408630371094,60.98274763280495,60.796451726988636,60.925424974616924,17480600
2020-08-04,60.932579040527344,60.95407366624403,60.76061656820539,60.88242309165892,17120700
2020-08-05,61.04006576538086,61.068727092349874,60.911092527314864,60.94691508608427,14566000
2020-08-06,61.176177978515625,61.19051137008003,60.975554229311335,61.04004355817681,13258600
2020-08-07,61.02570343017578,61.154676607082614,60.93972495662893,61.154676607082614,14289900
2020-08-10,61.05438995361328,61.11887930198838,60.91108879414013,61.09021797677598,13708700
2020-08-11,60.50267791748047,61.09738268304779,60.47401659063796,61.08305475292111,20535400
2020-08-12,60.516971588134766,60.91821900360002,60.51697158813476,60.76775122280055,18003400
2020-08-13,60.35219192504883,60.76776737297653,60.29486928858035,60.53132106407219,28444900
2020-08-14,60.244720458984375,60.40235499458449,60.13007517251588,60.33786565429893,14072300
2020-08-17,60.60300064086914,60.63166197282537,60.25907012398441,60.30206485521382,13756500
2020-08-18,60.69611740112305,60.739106645598845,60.48116571215651,60.631633534409346,24900300
2020-08-19,60.524169921875,60.75345506008502,60.45251934116979,60.66747108328542,18738300
2020-08-20,60.724788665771484,60.724788665771484,60.41668627452645,60.423852971975435,19912800
2020-08-21,60.71760940551758,60.767765344106046,60.63879214965179,60.724776101483734,17570600
2020-08-24,60.99706268310547,61.02572400614697,60.82510021144483,60.832266908852304,16058100
2020-08-25,61.061561584472656,61.104550842469756,60.8394431293686,61.004238929417006,24018600
2020-08-26,61.05438995361328,61.16903525446286,61.025728628400884,61.06872334951389,16243100
2020-08-27,60.96123123168945,61.154688300748234,60.83225803012107,61.13319367825144,19861800
2020-08-28,61.01136779785156,61.097346260534835,60.96837309992406,60.99703440968044,14418500
2020-08-31,60.92539596557617,61.068702542812204,60.89673465012896,60.9970465209007,21473800
2020-09-01,61.25703048706055,61.31458391649235,60.8901342351792,60.940492113782746,22774200
2020-09-02,61.3289794921875,61.42969526575545,61.11315684105731,61.293007220799794,15878600
2020-09-03,60.94767761230469,61.23543922340509,60.695888260815416,61.22104812412215,34169800
2020-09-04,60.78223419189453,61.1059681759981,60.415343360614564,61.005252400125386,36087300
2020-09-08,60.44413757324219,60.72470932824604,60.36500842376957,60.53046776621262,34967600
2020-09-09,60.918914794921875,60.96207712542145,60.609571952947505,60.70309216522907,32976800
2020-09-10,60.631195068359375,61.02686833369303,60.60961388817777,61.01247722117111,32866300
2020-09-11,60.75347900390625,60.78225573415429,60.501689474985994,60.674344367874156,20807100
2020-09-14,60.688743591308594,60.93333759821874,60.62399456744362,60.87578961862865,28958000
2020-09-15,60.85418701171875,60.94771274518145,60.74628114787622,60.82541577376033,22176900
2020-09-16,60.85418701171875,61.141948788697384,60.796639047202525,60.89735484585514,26951200
2020-09-17,60.789424896240234,60.904531767257055,60.595188912146476,60.652736859057185,25752400
2020-09-18,60.63838577270508,60.926147625504484,60.609609038565054,60.91175651413406,29891800
2020-09-21,60.14918518066406,60.45133262062358,59.983720351009936,60.37939353805229,42968900
2020-09-22,60.357810974121094,60.393777770279534,60.084434782596645,60.22112287835887,41396800
2020-09-23,59.746341705322266,60.41538582305045,59.68159266755399,60.41538582305045,39577800
2020-09-24,59.78227233886719,59.954927187435985,59.39379481313839,59.616813043163376,38755800
2020-09-25,59.674354553222656,59.825433704071656,59.53767199514692,59.71032682506253,36032200
2020-09-28,60.06283950805664,60.15636523103453,59.84702231596666,59.98370489104402,20277000
2020-09-29,60.113197326660156,60.149169602929604,59.91896130516188,60.113197326660156,20243400
2020-09-30,60.357810974121094,60.45133123045311,60.10602144661178,60.113211512683435,28797600
2020-10-01,60.56514358520508,60.60849036644833,60.46399742093578,60.55069098342229,31098000
2020-10-02,60.56514358520508,60.5940432767181,60.16777971696676,60.16777971696676,26284300
2020-10-05,61.02028274536133,61.03473534274367,60.63014529680089,60.68071836353738,27394000
2020-10-06,60.883052825927734,61.22984374678884,60.84693233154003,61.03477764334207,37848500
2020-10-07,61.099754333496094,61.143101100717516,61.02750788411013,61.06362835277773,20968200
2020-10-08,61.23704528808594,61.302065458924446,61.15034621491546,61.29483915814712,18738800
2020-10-09,61.374351501464844,61.43215092084449,61.237084770508204,61.33100469295812,21287800
2020-10-12,61.684959411621094,61.74998507626701,61.50434052723377,61.56936619187969,10503400
2020-10-13,61.41041946411133,61.59826464349342,61.35984639797586,61.52601819359287,25183100
2020-10-14,61.25871658325195,61.424882911080054,61.20814350364528,61.38153613200355,31620600
2020-10-15,61.21537399291992,61.25149447393784,60.91915628348868,61.013076148598444,32232100
2020-10-16,61.14313888549805,61.367110182668654,61.063666088446254,61.30931078262113,27456900
2020-10-19,60.92640686035156,61.309318286437176,60.90473346069462,61.26597148712328,20998100
2020-10-20,61.14313888549805,61.244285079554125,61.02754559745718,61.03477190047666,27650700
2020-10-21,61.13591003417969,61.265955911113856,61.070884339685875,61.13591003417968,26901600
2020-10-22,61.24429702758789,61.294870134482146,61.01310489434915,61.12870371699614,28977800
2020-10-23,61.31652069091797,61.3526411722492,61.17202222943496,61.33819408212725,20734700
2020-10-26,60.774681091308594,61.13591907934335,60.753002181900925,61.09256677258229,50102400
2020-10-27,60.80360412597656,60.93364456000171,60.77470441439663,60.818051225738344,30880900
2020-10-28,60.29782485961914,60.48567009620588,60.189452395740155,60.40619732349812,45794300
2020-10-29,60.471229553222656,60.500129250156796,60.16056470124757,60.25449009429694,37112600
2020-10-30,60.60124969482422,60.63014937948409,60.27613788849041,60.4206307997385,36801700
2020-11-02,60.74565887451172,60.83998243752665,60.578772762990425,60.78919197501934,25665400
2020-11-03,61.268096923828125,61.268096923828125,60.86902492821938,60.86902492821938,39777600
2020-11-04,61.841285705566406,61.971890537914554,61.4277046590881,61.449471208521956,57673400
2020-11-05,62.05896759033203,62.312919937720636,61.97915320461762,62.13878197604645,55079000
2020-11-06,61.841285705566406,62.09523800853641,61.754213972085964,62.08072328508383,25953400
2020-11-09,62.31293487548828,63.05303107757623,62.283910952293915,63.03851634810539,59347100
2020-11-10,62.225868225097656,62.44353934397726,60.49898078895085,62.24037741872405,39295700
2020-11-11,62.20407485961914,62.34918887633457,62.131512315516524,62.34193151477533,14416200
2020-11-12,61.78321838378906,62.14600885517274,61.78321838378906,62.14600885517274,43300100
2020-11-13,61.993675231933594,62.058974899347355,61.84855563365861,61.85581299750902,20277100
2020-11-16,62.341957092285156,62.370981014685086,62.1750764581695,62.32744789895877,28350400
2020-11-17,62.36371994018555,62.479815622878846,62.19683931599748,62.24037242913405,23747100
2020-11-18,62.24763107299805,62.501583464427135,62.22586451598226,62.42902642912553,22098900
2020-11-19,62.458030700683594,62.50156380101936,62.14603056487175,62.18956366520752,21704200
2020-11-20,62.341957092285156,62.4145141304114,62.29116661202206,62.341957092285156,48530200
2020-11-23,62.43624496459961,62.55233504173696,62.37093979841824,62.50154459503746,23790600
2020-11-24,62.62491226196289,62.7772836512827,62.552355248345634,62.6321696240482,26080100
2020-11-25,62.59590530395508,62.70474362173331,62.53786299878725,62.61767739610816,26510900
2020-11-27,62.69749450683594,62.76279417888082,62.68297977810572,62.71200369981912,7338500
2020-11-30,62.63217544555664,62.71198982867776,62.50882795736794,62.71198982867776,24256900
2020-12-01,62.793174743652344,62.93158375673046,62.778608006450376,62.8295999232104,26256700
2020-12-02,62.96799087524414,63.048121801126335,62.756737121345694,62.807729023479766,23705000
2020-12-03,63.004425048828125,63.15740079058754,62.96800542900072,63.02627793226493,20748400
2020-12-04,63.26667404174805,63.30309922116353,63.026281196090856,63.13555117663522,19362000
2020-12-07,63.237510681152344,63.259363557313605,63.14281303188688,63.23023009423188,17811300
2020-12-08,63.186527252197266,63.26665818066066,63.15738822751051,63.20838013128716,21408300
2020-12-09,63.09183883666992,63.266667452711786,63.00442174979825,63.266667452711786,36608500
2020-12-10,63.208396911621094,63.288527861357366,62.98257635747459,62.99714865253691,24251500
2020-12-11,63.14282989501953,63.273952744705156,63.04084607389753,63.17196892358316,17699600
2020-12-14,63.15738296508789,63.288505786402474,63.08453818829094,63.252086176854114,20705200
2020-12-15,63.35407257080078,63.37592544896491,63.142818819046845,63.26665550044384,25052800
2020-12-16,63.259368896484375,63.354072111442854,63.08454031473857,63.33221923343717,42386700
2020-12-17,63.353736877441406,63.40494045920036,63.280589700753175,63.33910409364065,23911400
2020-12-18,63.404945373535156,63.434205362632675,63.309854594547424,63.38300177690508,26741200
2020-12-21,63.17818832397461,63.30985548638209,63.06846475850632,63.185499135772766,30308300
2020-12-22,63.258663177490234,63.302550379192674,63.16356679943712,63.222086788889285,21975100
2020-12-23,63.54392623901367,63.573186226873666,63.346422716151736,63.36105550046776,15913900
2020-12-24,63.675628662109375,63.67562866210937,63.595165046120904,63.602475861556115,7327300
2020-12-28,63.756038665771484,63.807242234636696,63.668258727386636,63.77066586511707,22575500
2020-12-29,63.675628662109375,63.86581031737744,63.66831226589902,63.86581031737744,22893000
2020-12-30,63.80725860595703,63.843829404089355,63.69753505001631,63.69753505001631,21080100
2020-12-31,63.858463287353516,63.88771769405427,63.763366932874156,63.79262692034688,12059900
2021-01-04,63.72677993774414,63.93159421722704,63.543909248095765,63.93159421722704,34528300
2021-01-05,63.74872970581055,63.82187687260487,63.62437896418308,63.653633366283934,33725500
2021-01-06,63.63168716430664,63.8877050279711,63.617059963856185,63.704834328100645,37148100
2021-01-07,63.81458282470703,63.90967919752916,63.73411923882972,63.770695625418696,25868200
2021-01-08,63.90966033935547,63.916971149897584,63.74141682377297,63.89502755672844,27403600
2021-01-11,63.565860748291016,63.76335866214956,63.558544357178846,63.65363511855203,26608000
2021-01-12,63.64632034301758,63.690207525413896,63.485393233203204,63.55854039745404,41746100
2021-01-13,63.83652114868164,63.86578113938007,63.60244680386681,63.62439598247008,47710300
2021-01-14,63.82188415527344,63.91697492487969,63.79994056080828,63.83651135799296,25484800
2021-01-15,63.7194938659668,63.8365282610273,63.675606665415756,63.74143746624232,48134800
2021-01-19,63.90235137939453,63.916978582951195,63.74874062857532,63.89503498723017,24270500
2021-01-20,64.0193862915039,64.09253905222197,63.90966831197103,64.09253905222197,24534700
2021-01-21,63.9827995300293,64.05594669172712,63.91696317796177,63.9827995300293,20451400
2021-01-22,63.858463287353516,63.924294073588165,63.770683324935334,63.84383050323116,26615900
2021-01-25,63.87309646606445,63.88772367078322,63.660965722621235,63.858469261345704,28718200
2021-01-26,63.77799987792969,63.880407043956644,63.77068348585004,63.851147056410085,39103500
2021-01-27,63.5951042175293,63.799918469313646,63.50000790007957,63.65361858891782,46378600
2021-01-28,63.78533172607422,63.99746252016996,63.74144452066608,63.756077309651346,38836200
2021-01-29,63.61707305908203,63.90966735525786,63.558553083692466,63.73410742908916,46095900
2021-02-01,63.8211784362793,63.85054580725046,63.62295568379058,63.73307632336582,35620700
2021-02-02,63.9753532409668,64.06345535430448,63.93864262676278,63.982696484058266,29522300
2021-02-03,64.02674102783203,64.13686726280568,63.99737365842219,64.01939778516632,31911000
2021-02-04,64.15889739990234,64.21763214422425,64.10016265558045,64.1295300277414,21181100
2021-02-05,64.25434875488281,64.34979413194492,64.22498697867627,64.33510764258713,21653100
2021-02-08,64.4452133178711,64.4452133178711,64.28369559406646,64.30571971981205,16590100
2021-02-09,64.32775115966797,64.40851002372065,64.29104054827934,64.349775286,14404300
2021-02-10,64.31310272216797,64.37183749463605,64.2176629178495,64.32778921591309,20469400
2021-02-11,64.34239959716797,64.37176695121906,64.26898401266529,64.34239959716797,17047200
2021-02-12,64.4452133178711,64.45255656020386,64.27635795298642,64.27635795298642,17800100
2021-02-16,64.34239959716797,64.41581518167067,64.29100812789108,64.40847754409543,22264400
2021-02-17,64.32037353515625,64.32037353515625,64.18822324655117,64.21024736111038,20276700
2021-02-18,64.23231506347656,64.30573069557676,64.15889943137637,64.217634177558,26366700
2021-02-19,64.23966217041016,64.33510193775474,64.22498128360868,64.33510193775474,28124800
2021-02-22,64.04142761230469,64.21028298510643,64.04142761230469,64.14421060477174,25455400
2021-02-23,64.1955795288086,64.24697100697205,63.87988741973275,64.01203773518894,29015900
2021-02-24,64.26171112060547,64.26171112060547,64.04146412599482,64.10019329713728,21791800
2021-02-25,63.652305603027344,64.18090697958918,63.57888998989425,64.11483460814507,59413400
2021-02-26,63.46142578125,63.81382296285797,63.43940165755603,63.78445559751527,46615300
2021-03-01,64.1739273071289,64.21813819851204,63.77606301199771,63.85710975477737,48014200
2021-03-02,64.078125,64.218115801654,64.04865295642982,64.21074638545706,23988500
2021-03-03,63.871856689453125,64.0339501955613,63.84975405156932,63.98236987887214,30197000
2021-03-04,63.62868118286133,64.06338114369248,63.42238251526572,63.91602655861479,49020300
2021-03-05,63.82025909423828,63.89393640115443,63.429758687268176,63.724473536150924,46950100
2021-03-08,63.35608673095703,63.834997698184644,63.34135351681682,63.783423016865896,39868700
2021-03-09,63.444480895996094,63.694984798111,63.42237827183498,63.52552759873132,31441100
2021-03-10,63.643436431884766,63.73185258627915,63.473979162485996,63.52555384724463,23776600
2021-03-11,63.879180908203125,63.99706906549985,63.79077041144732,63.79077041144732,27728500
2021-03-12,63.70237350463867,63.805522862772406,63.63606561207489,63.776050814560136,21842000
2021-03-15,63.70973587036133,63.768679960261714,63.59184769056056,63.65816119700295,14719400
2021-03-16,63.56234359741211,63.72443695230163,63.49603574562002,63.680231717773566,22931400
2021-03-17,63.65077590942383,63.842341343225186,63.392902606931465,63.43710785272547,28345800
2021-03-18,63.16449737548828,63.48867852631399,63.1497585470049,63.40763183330355,37150300
2021-03-19,63.40763854980469,63.4739520425721,63.1055599884901,63.26028397665854,47467800
2021-03-22,63.63605880737305,63.746571949828684,63.47396537014768,63.51080121056029,32979500
2021-03-23,63.70237350463867,63.73184555285094,63.54764946743808,63.62132677735954,24705800
2021-03-24,63.73919677734375,63.95286484998232,63.73919677734375,63.761299401889666,31374500
2021-03-25,63.849727630615234,63.849727630615234,63.62869010080187,63.69499798701514,24070300
2021-03-26,64.04127502441406,64.04864443963105,63.783401703987295,63.92339248702616,25948000
2021-03-29,64.078125,64.10022762737326,63.87919011120564,63.997078285486374,17447500
2021-03-30,63.923397064208984,64.01180756827627,63.90865823271964,63.9749717319873,19622100
2021-03-31,64.23282623291016,64.2549288524448,63.98968617559796,63.99705558918136,41604700
2021-04-01,64.3688735961914,64.3688735961914,64.20623168949471,64.29494699503059,30806600
2021-04-05,64.39847564697266,64.45022485614322,64.34672643780209,64.37629822021967,20758300
2021-04-06,64.50934600830078,64.53891778044415,64.41323633877514,64.41323633877514,15367900
2021-04-07,64.48715209960938,64.55368433974024,64.44279163261808,64.52411257515851,15645400
2021-04-08,64.50934600830078,64.58327261853978,64.49455730210968,64.56109519949196,11052100
2021-04-09,64.46499633789062,64.47239069222589,64.3910697152574,64.4280358466939,17413100
2021-04-12,64.39847564697266,64.42065307372565,64.33193772647292,64.39108129130807,15464500
2021-04-13,64.44278717041016,64.46496458225148,64.25057917429397,64.32450576051075,20643500
2021-04-14,64.41325378417969,64.53154090478952,64.38368200402724,64.45761427452855,17992800
2021-04-15,64.67198181152344,64.67198181152344,64.51672861241116,64.56108908654537,20944400
2021-04-16,64.53890991210938,64.70894053090572,64.53890991210938,64.6867631145617,32509300
2021-04-19,64.43537902832031,64.53148299739655,64.4058072747041,64.46494514170125,23904900
2021-04-20,64.32450866699219,64.42061266939271,64.287542552095,64.36146914165212,22901000
2021-04-21,64.53890991210938,64.53890991210938,64.28755269965468,64.29494705184874,19527000
2021-04-22,64.42062377929688,64.56108827184579,64.40584071493087,64.55369391954369,18506500
2021-04-23,64.59065246582031,64.64979035658699,64.45758234117956,64.46497105237692,14388700
2021-04-26,64.56108856201172,64.67198128608884,64.5315167929086,64.59804904321193,12746100
2021-04-27,64.47236633300781,64.59804210802493,64.47236633300781,64.59804210802493,17660600
2021-04-28,64.5980453491211,64.64979453203267,64.44279780038639,64.49454698329797,14795000
2021-04-29,64.67198181152344,64.72373099781477,64.57587215109791,64.72373099781477,17152900
2021-04-30,64.64238739013672,64.67934785868549,64.57584952237082,64.59063822197938,23367500
2021-05-03,64.66761016845703,64.77887697467698,64.66019087223842,64.7047009902853,15782400
2021-05-04,64.63053131103516,64.64536990621932,64.5118508458913,64.61569837511688,23089700
2021-05-05,64.75665283203125,64.7714857716371,64.66021891715765,64.6750575160308,13676300
2021-05-06,64.7343978881836,64.78632166807482,64.64538892795153,64.74923648773398,23110100
2021-05-07,64.77888488769531,64.8382279461636,64.70470889424271,64.79371782267961,17872700
2021-05-10,64.63053131103516,64.81597413597596,64.63053131103516,64.80114120005769,16580800
2021-05-11,64.56378173828125,64.60086691180403,64.39317183042354,64.459934197591,28683600
2021-05-12,64.25224304199219,64.51928120844488,64.25224304199219,64.47477107452485,31630100
2021-05-13,64.48219299316406,64.53411676879126,64.35609320367904,64.36350684357785,28689600
2021-05-14,64.68985748291016,64.68985748291016,64.54891916178863,64.57117704875341,22550800
2021-05-17,64.57122039794922,64.68990091178085,64.52671025340267,64.68248161114505,13545000
2021-05-18,64.41542053222656,64.66020643296615,64.40800689348868,64.66020643296615,16447500
2021-05-19,64.24480438232422,64.41540858992599,64.21513285507497,64.23738508569562,34701000
2021-05-20,64.51927947998047,64.78631198001251,64.2967457941426,64.2967457941426,28013700
2021-05-21,64.61570739746094,64.63054033545033,64.47476901986148,64.59345516084348,36466200
2021-05-24,64.68985748291016,64.76403346166617,64.60826220849921,64.66760525520979,24277800
2021-05-25,64.69731140136719,64.74181588058451,64.63796832289913,64.72698294060122,15466600
2021-05-26,64.71953582763672,64.73436876124553,64.65277913749955,64.65277913749955,14354900
2021-05-27,64.68985748291016,64.81595721272183,64.68243818725523,64.81595721272183,12682100
2021-05-28,64.66761016845703,64.79370990784938,64.66761016845703,64.75662474528596,15464100
2021-06-01,64.86186981201172,64.86931395712548,64.7502303481814,64.79488386242593,22655300
2021-06-02,64.94375610351562,64.95119457244111,64.83956075635331,64.86188751957086,13698300
2021-06-03,64.8097915649414,64.92143106221079,64.7428055952915,64.77257650644471,16701800
2021-06-04,64.95120239257812,64.98097330652614,64.87677794681869,64.92143715685134,26829200
2021-06-07,64.9735336303711,65.01074301344934,64.94376271697581,64.96608948246698,9189800
2021-06-08,65.01819610595703,65.0777379409388,64.98098103953795,65.0777379409388,10983900
2021-06-09,65.07025146484375,65.11490497292272,65.04792471080425,65.10002236296914,13232200
2021-06-10,65.18933868408203,65.24144202190222,65.09258751002817,65.12235841240297,15290000
2021-06-11,65.21168518066406,65.26378285149868,65.15958750982945,65.23401194270458,12559600
2021-06-14,65.15214538574219,65.1893547642248,65.10004771329018,65.1893547642248,19408600
2021-06-15,65.14470672607422,65.17447763830025,65.07772643223132,65.10749734445736,16037000
2021-06-16,65.05537414550781,65.17445206947515,64.9437346880131,65.14468116892864,21267200
2021-06-17,65.10001373291016,65.12234048398987,65.03302780145354,65.09256958981109,21099000
2021-06-18,65.07025146484375,65.08513407479734,64.96605616051399,65.00326552450706,35134500
2021-06-21,65.19676971435547,65.19676971435547,65.08513027246188,65.13722792158318,21265000
2021-06-22,65.24147033691406,65.24147033691406,65.13726929426912,65.17448435794385,14604400
2021-06-23,65.1744613647461,65.30842759720247,65.1744613647461,65.21911488282505,16583100
2021-06-24,65.3753890991211,65.3753890991211,65.27119380138112,65.30096469762366,12722300
2021-06-25,65.44239044189453,65.45727305441059,65.36796602287583,65.3828486353919,16175000
2021-06-28,65.43494415283203,65.47215920023179,65.39029063852753,65.47215920023179,16019300
2021-06-29,65.51680755615234,65.51680755615234,65.44238314543156,65.4498272899692,12728000
2021-06-30,65.52427673339844,65.54660349732248,65.4647349107872,65.47217905816879,26093500
2021-07-01,65.65267944335938,65.65267944335938,65.57053846337314,65.58547629452336,31932400
2021-07-02,65.75723266601562,65.76470158286209,65.65269061862246,65.68256058889398,11464800
2021-07-06,65.71990203857422,65.77217306430897,65.66763101283948,65.7572352300336,17784300
2021-07-07,65.74230194091797,65.78710404873,65.6601609451863,65.77963513172318,11463700
2021-07-08,65.60044860839844,65.660188575363,65.54070864143388,65.57057862491615,21936400
2021-07-09,65.71244049072266,65.72737262955806,65.61536734550464,65.62283056636475,17698100
2021-07-12,65.69002532958984,65.72735851722011,65.63028539284468,65.71242638159079,17546700
2021-07-13,65.49588775634766,65.68257082680712,65.48841883833703,65.65270085187979,26938600
2021-07-14,65.60044860839844,65.62284967173095,65.51830757810137,65.57057862491615,16100200
2021-07-15,65.55562591552734,65.57802697183216,65.5033548851111,65.54068807991412,16384800
2021-07-16,65.4660415649414,65.59298473166409,65.44364049988648,65.59298473166409,17820400
2021-07-19,65.02545928955078,65.33161661354694,64.95078718836508,65.30921555290284,54224700
2021-07-20,65.35401916503906,65.36148808446286,65.02546077290378,65.08520073406156,26941300
2021-07-21,65.5108413696289,65.53324243194055,65.38389252133527,65.39883036095408,18522600
2021-07-22,65.54815673828125,65.6004277684906,65.4510835956396,65.51828676428805,17110500
2021-07-23,65.67511749267578,65.70498747469088,65.58551324374699,65.62284644842848,19441000
2021-07-26,65.57801818847656,65.6900291521132,65.54814821836584,65.65269026519623,15282700
2021-07-27,65.4884033203125,65.54067433977049,65.38386128139652,65.4884033203125,19919000
2021-07-28,65.54071044921875,65.6004504178311,65.4660383370118,65.56311721028611,15129200
2021-07-29,65.68255615234375,65.71242612059768,65.58548302835388,65.58548302835388,18675000
2021-07-30,65.59294891357422,65.69002773862373,65.59294891357422,65.66015776915573,21062100
2021-08-02,65.4303970336914,65.69260265857655,65.4303970336914,65.67761654059659,27274400
2021-08-03,65.50529479980469,65.52027519736299,65.38542875722828,65.46783523261769,16058700
2021-08-04,65.38544464111328,65.49032459608206,65.38544464111328,65.452870735324,17113300
2021-08-05,65.53529357910156,65.56525438897046,65.42292053773716,65.42292053773716,15465700
2021-08-06,65.46033477783203,65.56521469546925,65.45284743766284,65.4977943407854,12923200
2021-08-09,65.31051635742188,65.4453627996606,65.31051635742188,65.43037668634098,10788700
2021-08-10,65.16073608398438,65.32554343958543,65.15324302196971,65.31805609310243,31522900
2021-08-11,65.26558685302734,65.29555337213024,65.18318035437663,65.20565381482153,15834400
2021-08-12,65.3779525756836,65.39293869263753,65.24310610074305,65.26558527617395,14127800
2021-08-13,65.52027893066406,65.52027893066406,65.40041859678558,65.40041859678558,10016800
2021-08-16,65.54277038574219,65.54277038574219,65.43789042147291,65.5053165216628,12598100
2021-08-17,65.39295959472656,65.47536611772655,65.32553347793984,65.46787305685451,18468400
2021-08-18,65.24311065673828,65.46785670250976,65.24311065673828,65.40043631809594,12147600
2021-08-19,65.23563385009766,65.32552771050237,65.13824121395216,65.17570079947433,20026700
2021-08-20,65.39295959472656,65.4229261226839,65.24312695493984,65.25062001581188,16784100
2021-08-23,65.59522247314453,65.6176959388454,65.48285514464018,65.48285514464018,21933100
2021-08-24,65.68508911132812,65.7000695091061,65.58770223695237,65.6101756913831,20828100
2021-08-25,65.75254821777344,65.79000780758193,65.67014740815047,65.70010822136013,19085400
2021-08-26,65.71504211425781,65.75249595876765,65.61016220478801,65.74500861918152,17676100
2021-08-27,65.89485168457031,65.91732513992571,65.7225513831604,65.73753178155472,18519700
2021-08-30,65.97726440429688,65.99973786177767,65.89485791651502,65.90984403185446,11640000
2021-08-31,65.99227905273438,65.99977211429284,65.9023851761581,65.96980558359031,19163900
2021-09-01,66.04861450195312,66.11625174600987,65.99601030476566,66.01103761820744,22973500
2021-09-02,66.13127899169922,66.1463063051256,66.07867479456564,66.13127899169922,16521300
2021-09-03,66.1387939453125,66.16133778163073,66.0486128666122,66.1012170624972,6491000
2021-09-07,65.96595764160156,66.12377025157811,65.95844111728987,66.12377025157811,11728800
2021-09-08,66.04109954833984,66.06364911917976,65.91334731405178,65.97346803610297,13020900
2021-09-09,66.1012191772461,66.1162522242241,66.02607114263867,66.03358766612767,23024700
2021-09-10,66.0035171508789,66.19890086411267,65.99600062854634,66.19139007520675,16112600
2021-09-13,66.16885375976562,66.17636454952493,66.04861232248915,66.09369999475418,17136900
2021-09-14,66.1387939453125,66.22145850076427,66.10873358574572,66.1913981411975,20108000
2021-09-15,66.23649597167969,66.23649597167969,66.13880408817644,66.14631487914947,17069500
2021-09-16,66.21394348144531,66.23648731827559,66.09370204044718,66.21394348144531,13859700
2021-09-17,66.13127899169922,66.19891050225917,66.1087351548459,66.19139971225972,38948500
2021-09-20,65.89832305908203,65.9884984129169,65.79311465732276,65.83068581027798,49641000
2021-09-21,66.01103973388672,66.04110009516121,65.89080402221641,66.00352894363886,27304200
2021-09-22,66.13127899169922,66.19139971225972,66.01855407400514,66.1087351548459,24344800
2021-09-23,66.16133880615234,66.25151988624911,66.10121808608784,66.16885532951727,27590300
2021-09-24,66.06368255615234,66.14634142402454,66.02610565249455,66.10125372637961,21713200
2021-09-27,66.0035171508789,66.04860481802106,65.92836912783311,65.95091296140419,17652900
2021-09-28,65.70291900634766,65.90581924092912,65.66534212829383,65.875764618598,35515900
2021-09-29,65.82315826416016,65.913339336322,65.76304328281252,65.7780705947927,19783400
2021-09-30,65.74801635742188,65.89080163494559,65.66535180026892,65.8607412747602,41680700
2021-10-01,65.90560150146484,65.95838003709038,65.70202304088852,65.86035864776514,30062800
2021-10-04,65.67186737060547,65.88298152697804,65.6567902533343,65.8603629748566,24726400
2021-10-05,65.64169311523438,65.76233303689791,65.61907456802948,65.73971448969303,22347700
2021-10-06,65.60400390625,65.62662245567945,65.42304400595711,65.4984468406268,28905900
2021-10-07,65.6115493774414,65.82266929261691,65.56631227183284,65.69448790601012,29054000
2021-10-08,65.41552734375,65.63418297252238,65.41552734375,65.596481544226,28064300
2021-10-11,65.2119369506836,65.45321109149215,65.2119369506836,65.41551542249569,16068400
2021-10-12,65.33260345458984,65.42307769890196,65.27982489459724,65.29490201783872,32922200
2021-10-13,65.50596618652344,65.50596618652344,65.26469213206289,65.37024917136269,29370400
2021-10-14,65.87545776367188,65.88299344745627,65.62664214045813,65.6341835766729,26937000
2021-10-15,65.7623519897461,65.89052762913303,65.72465056525358,65.89052762913303,29782900
2021-10-18,65.7321548461914,65.7321548461914,65.58889641701096,65.61151495794967,20338400
2021-10-19,65.77740478515625,65.78494621775205,65.68693060371702,65.73216769443663,26103300
2021-10-20,65.80004119873047,65.81512406801788,65.73972697886833,65.78496408187223,19720100
2021-10-21,65.63418579101562,65.81513999926224,65.58894292463106,65.78498000581605,19273600
2021-10-22,65.47583770751953,65.64171477833568,65.44568346958022,65.61155478796638,20734400
2021-10-25,65.5888900756836,65.65675144436516,65.42301312160193,65.55119442857244,20230000
2021-10-26,65.60400390625,65.7472566367794,65.60400390625,65.68694242244375,19617200
2021-10-27,65.55123901367188,65.69449177401003,65.54369757814992,65.671873219874,18521300
2021-10-28,65.71709442138672,65.71709442138672,65.5813773888706,65.5813773888706,16374700
2021-10-29,65.54369354248047,65.6341735058834,65.54369354248047,65.61154920071056,26521600
2021-11-01,65.47334289550781,65.63975019410755,65.46578312434795,65.60193402585523,29987000
2021-11-02,65.6321792602539,65.68512650811154,65.47333751668101,65.47333751668101,26441600
2021-11-03,65.76078033447266,65.77590564865703,65.5716821676685,65.58680748185289,22984200
2021-11-04,65.93473052978516,66.22972313278387,65.80614519428656,65.82127050459721,28989800
2021-11-05,66.18433380126953,66.19945910983652,65.99523570469448,66.03305763233585,27595000
2021-11-08,66.10116577148438,66.26757310940854,66.0633438234765,66.25244202187777,11957900
2021-11-09,66.15408325195312,66.15408325195312,66.01793237957003,66.10113601107172,13732600
2021-11-10,65.7834701538086,66.07089728532391,65.76077929748081,66.07089728532391,30438400
2021-11-11,65.67000579833984,65.83641309493048,65.67000579833984,65.82884755304428,10086100
2021-11-12,65.69268798828125,65.84396995196293,65.68512244739296,65.74563523286562,26392400
2021-11-15,65.6170654296875,65.74565080115276,65.60194011514615,65.7380910292912,17057100
2021-11-16,65.64732360839844,65.70783640983997,65.60950166479289,65.63219252262887,14302000
2021-11-17,65.57923889160156,65.68513339842507,65.57923889160156,65.67000808494363,17919200
2021-11-18,65.52628326416016,65.66243415136474,65.52628326416016,65.66243415136474,23421300
2021-11-19,65.47334289550781,65.63218465213002,65.47334289550781,65.52629014771522,45282700
2021-11-22,65.22373962402344,65.5565484601287,65.21617408182486,65.53385760435081,26266000
2021-11-23,65.1329574584961,65.32962112076741,65.07244467459465,65.22372663434825,33967100
2021-11-24,65.1178207397461,65.13295181981988,64.86821562669066,65.04974819186266,31158800
2021-11-26,64.64887237548828,64.76233241250914,64.55053765035551,64.75476687115649,36123400
2021-11-29,65.04978942871094,65.14811842825918,64.86825674846037,64.90607293098515,31728900
2021-11-30,64.7774658203125,65.10271488931956,64.68669662518799,65.01951123649324,35465700
2021-12-01,64.78657531738281,65.21914328003399,64.74862842298685,65.09012731301767,41845200
2021-12-02,65.26467895507812,65.3102105992608,64.81693568092575,64.82452042836718,42383500
2021-12-03,65.26467895507812,65.34056695867709,65.13566876997153,65.30262585181937,47368800
2021-12-06,65.55304718017578,65.6289409638122,65.26467048795888,65.28743630709668,28211300
2021-12-07,65.90214538574219,66.07669300558395,65.75036937796257,65.8034915596738,42893500
2021-12-08,65.88697052001953,65.9249174171476,65.78072615592127,65.8566141602938,26598200
2021-12-09,65.59101867675781,65.87181072784914,65.59101867675781,65.87181072784914,24939100
2021-12-10,65.74276733398438,65.76553894206093,65.66687934337685,65.68964516157085,20247200
2021-12-13,65.74276733398438,65.8034800424234,65.68964516157085,65.74276733398438,17125800
2021-12-14,65.62892150878906,65.71239422425546,65.51508665696241,65.64409678708812,20310500
2021-12-15,65.87936401367188,65.90212983047691,65.5150993650269,65.62134370337186,31699000
2021-12-16,65.83061981201172,65.9676878522011,65.7849324018456,65.9067732418766,27374000
2021-12-17,65.76970672607422,65.87631455872676,65.64786588321923,65.762090220973,27248200
2021-12-20,65.65548706054688,65.70879098066641,65.5564899162595,65.58695012914087,27560400
2021-12-21,66.00579833984375,66.01341484866552,65.74688932714926,65.74688932714926,24390500
2021-12-22,66.18091583251953,66.1961430341758,65.97531084716445,65.98292735283839,17433300
2021-12-23,66.37129211425781,66.40936302571524,66.20376383670764,66.21899103935222,15612100
2021-12-27,66.4398422241211,66.49314616314524,66.34846155306812,66.37892177675245,13396700
2021-12-28,66.40937042236328,66.43221413372045,66.310379069918,66.41698692937987,17150700
2021-12-29,66.30277252197266,66.38653668265924,66.28754531534486,66.3636929678708,16760300
2021-12-30,66.27230834960938,66.3256122841703,66.24184812847554,66.3256122841703,12326100
2021-12-31,66.25706481933594,66.34082895439272,66.23422111153712,66.2951357291034,11505300
2022-01-03,66.22660827636719,66.22660827636719,66.06669650322057,66.18853155479759,35368400
2022-01-04,66.05909729003906,66.24946932833889,65.99817684345666,66.24946932833889,33609900
2022-01-05,65.54888153076172,66.08192075074543,65.54888153076172,66.05146053679039,44808500
2022-01-06,65.55645751953125,65.7316022046232,65.5260031313914,65.56407402141056,42823200
2022-01-07,65.38897705078125,65.564116038423,65.38136054402088,65.55649953166261,34630100
2022-01-10,65.4422607421875,65.45748794130718,65.00821294614414,65.30519271134798,52621800
2022-01-11,65.74685668945312,65.74685668945312,65.29758165679281,65.48033710993505,32513100
2022-01-12,65.85346221923828,65.88391661626808,65.74684859087243,65.84584571513564,24621400
2022-01-13,65.617431640625,65.86872412119413,65.59458792597206,65.83826389842574,31699700
2022-01-14,65.55645751953125,65.6630711167755,65.48792643168355,65.57169052328987,31046200
2022-01-18,65.23666381835938,65.37373186606492,65.19097640568798,65.36611536072257,46331500
2022-01-19,65.17573547363281,65.45748804014242,65.15289177007351,65.35088021707189,31390200
2022-01-20,65.0539321899414,65.46513648369924,65.03870498336968,65.29760816294308,38217700
2022-01-21,65.0615463256836,65.18338140289512,64.97778216835987,65.05392981782873,57098000
2022-01-24,64.9930191040039,65.03871234828023,64.55135453739557,64.87118400855333,79230800
2022-01-25,64.8026123046875,64.94729684955429,64.65031706460003,64.79499579977582,43642700
2022-01-26,64.58180236816406,65.38898368558588,64.4980382143779,65.08438729088103,63574900
2022-01-27,64.30009460449219,64.81790704752505,64.15540992182672,64.7417535452612,47351000
2022-01-28,64.48284149169922,64.49045800283294,63.926952372852824,64.15540122929836,51496700
2022-01-31,64.49803924560547,64.59703641604085,64.13252821387006,64.34574395066457,78932100
2022-02-01,64.7540283203125,64.7922368045251,64.47890157896407,64.69288774874933,42377300
2022-02-02,64.8534164428711,64.92983928801819,64.6623564146587,64.8839867470678,29261500
2022-02-03,64.27257537841797,64.60884280523217,64.26493134671188,64.55534624466516,44760800
2022-02-04,64.0203628540039,64.11971775556744,63.58474641910295,64.01272465441188,65508300
2022-02-07,63.97454071044922,64.08917789631617,63.752910372623624,63.844621287455084,37620700
2022-02-08,63.905757904052734,64.08152985813436,63.875187601019164,64.0280332854979,39549000
2022-02-09,64.24201965332031,64.2878780232704,64.15031457479841,64.15031457479841,37641800
2022-02-10,63.3936767578125,64.06621138275193,63.386038559391515,63.844581184141056,57751400
2022-02-11,63.172088623046875,63.62298747730841,63.01159307317873,63.60770524101529,58997100
2022-02-14,63.06509780883789,63.30201623221462,62.8358292506316,63.16445276501488,36550200
2022-02-15,63.172088623046875,63.28671997196817,63.095659949513795,63.233223398908514,32724800
2022-02-16,63.52366256713867,63.569515124176974,63.080401746797136,63.13389834023895,38996000
2022-02-17,63.25615310668945,63.40900463137399,63.21030056462883,63.40900463137399,30755200
2022-02-18,63.347843170166016,63.4242659920085,63.14150096812255,63.194997526481046,43848800
2022-02-22,63.2026481628418,63.47013683795251,63.118581293067926,63.3096413006106,37004300
2022-02-23,63.08800506591797,63.36313189196246,63.07271700297793,63.31727353382996,36545400
2022-02-24,63.538883209228516,63.56945349451373,62.5377311465521,62.59887171712253,56132500
2022-02-25,63.898101806640625,63.91338403992756,63.600048696697236,63.600048696697236,44118800
2022-02-28,63.94392776489258,64.10441738580901,63.60002226731244,63.60002226731244,54006400
2022-03-01,63.765235900878906,64.15643531867211,63.62716586237314,63.995354582442246,43268500
2022-03-02,63.918670654296875,63.94168135934636,63.61951978432743,63.72690697600041,41489200
2022-03-03,63.72687911987305,64.04904055406962,63.05953970432833,64.03370204146236,23594200
2022-03-04,63.312686920166016,63.61950992833969,63.26666551719671,63.61950992833969,32141100
2022-03-07,62.760372161865234,63.2129371667773,62.706678603874884,63.197592806117825,43675900
2022-03-08,62.5379524230957,62.9675010702285,62.514941724450935,62.8064203275537,57474500
2022-03-09,63.05954360961914,63.143920064585664,62.78340354830339,62.9061350654041,31143000
2022-03-10,62.53025817871094,62.798731840612376,62.45355392623596,62.714355407242095,46408900
2022-03-11,62.07773971557617,62.6300200591467,62.02404611840476,62.614675687290195,40097000
2022-03-14,61.341331481933594,62.03168150182195,61.272293553864905,62.01633713906904,61536700
2022-03-15,61.80158996582031,61.94733221505415,61.44107336118645,61.464084063241835,57385300
2022-03-16,62.6683464050293,62.69902928537719,61.78623846671189,62.10072774899594,66254800
2022-03-17,63.097896575927734,63.128579454183765,62.70669719336415,62.722035706411845,48573700
2022-03-18,63.30501174926758,63.31268393345458,62.86011870101123,62.97517805516882,59780500
2022-03-21,62.57630157470703,63.24363518097969,62.45357005731937,63.19761378803974,62364300
2022-03-22,62.898468017578125,62.952161597653024,62.514940773568505,62.63767230068902,40148600
2022-03-23,62.699039459228516,62.90614747214286,62.58398010229409,62.791088115208446,36294900
2022-03-24,62.829444885253906,62.85245558683113,62.53028820826358,62.69137482362843,18435800
2022-03-25,62.376869201660156,62.83710071275089,62.33084780619943,62.83710071275089,36497500
2022-03-28,62.768104553222656,62.78344307643688,62.330883489560726,62.34622201277495,26886100
2022-03-29,63.54280090332031,63.55814527268769,63.01353720339025,63.051886422484245,49781100
2022-03-30,63.351036071777344,63.43541254524017,63.19762749393335,63.37405262539985,43905200
2022-03-31,63.120933532714844,63.458439481788126,63.10558916112256,63.427756590766634,40717600
2022-04-01,63.11627960205078,63.17789544250911,62.885229014346976,63.023861717373244,31316100
2022-04-04,63.59382247924805,63.60152593181199,63.15481969930558,63.17022072842082,32710900
2022-04-05,62.76972579956055,63.516802003839985,62.7466213191828,63.45518613882445,51886400
2022-04-06,62.27680206298828,62.69270028060249,62.14587277485367,62.33841791952627,67118000
2022-04-07,62.17665100097656,62.41540498599276,62.16894755358643,62.33838814011741,42831400
2022-04-08,61.799285888671875,62.176678590133285,61.79158831387484,61.98413345200406,42177200
2022-04-11,61.37569046020508,61.66835695646548,61.29097012886445,61.599043526829334,42293400
2022-04-12,61.84551239013672,62.09196997841769,61.66836824417895,61.7992975525755,38031000
2022-04-13,62.21518325805664,62.292200137073536,61.90710986597785,61.953324694196965,31635500
2022-04-14,61.799285888671875,62.29990442301011,61.637548677764684,62.21518409215235,45130400
2022-04-18,61.69915008544922,61.8916951784943,61.61442977442859,61.7376614544622,20864100
2022-04-19,61.64524841308594,61.7607766642026,61.50661568694813,61.58363256235559,29920800
2022-04-20,61.83778381347656,61.95331204642241,61.73766247879551,61.83008036434417,25769700
2022-04-21,61.41419982910156,62.030346663824126,61.36028742176422,61.99183528314958,38695100
2022-04-22,61.04450225830078,61.352575604146395,60.975182964380615,61.33716870504843,28243000
2022-04-25,61.560543060302734,61.61445547380182,61.052220982157934,61.15234823295078,35914500
2022-04-26,61.19853591918945,61.53741718681073,61.19083246964979,61.53741718681073,31171600
2022-04-27,60.898197174072266,61.36030449065495,60.836581298257684,61.20627067713183,37598600
2022-04-28,61.23707580566406,61.329493739132744,60.79807299364866,61.02912370333342,30808800
2022-04-29,60.48228454589844,61.03681554527292,60.44377903961584,60.95209520503449,35697100
2022-05-02,60.486141204833984,60.54026380797532,60.17686665877434,60.43201860169265,38674400
2022-05-03,60.80317687988281,60.895961064561476,60.57895285776948,60.61761440945006,42665700
2022-05-04,61.421722412109375,61.58409030079103,60.37019198156935,60.81090650768361,55154900
2022-05-05,60.331512451171875,61.0969625265151,60.16141112355728,61.05830688773516,53807900
2022-05-06,59.99131393432617,60.308322048371096,59.852146546411255,60.02224198683711,39256900
2022-05-09,59.35728454589844,59.774804272348725,59.318628916864,59.63563103019863,38442700
2022-05-10,59.69749069213867,59.944909148682825,59.4114107053227,59.83666394262734,48419700
2022-05-11,59.341827392578125,59.91398147078905,59.33409390669219,59.53512324727708,42473500
2022-05-12,59.31862258911133,59.51965189497709,59.07120417378437,59.27223347965013,49069700
2022-05-13,59.38823318481445,59.581529093786166,59.09442552678972,59.5196788860967,49084400
2022-05-16,59.30316162109375,59.504190947302334,59.202649907449924,59.41140682007047,33300100
2022-05-17,59.24903869628906,59.434606949733904,59.10213786929635,59.426873464443474,41666500
2022-05-18,58.761940002441406,58.955235857712594,58.69235632602604,58.92430781299864,47647800
2022-05-19,59.156272888183594,59.27997918419773,58.661435906282826,58.72328610482882,53929100
2022-05-20,59.11760711669922,59.3804925626417,58.93977822287263,59.36502558992183,56691000
2022-05-23,59.34955596923828,59.42687312493813,59.21038272941019,59.25677184304593,29917100
2022-05-24,59.70520782470703,59.73613586066902,59.18717649491306,59.21037104715463,42246500
2022-05-25,60.609859466552734,60.648521004549124,59.74389174616704,59.77481979677965,56661500
2022-05-26,61.452613830566406,61.48353597280007,60.671697013451,60.834064805320814,64773400
2022-05-27,62.00156021118164,62.00156021118165,61.55311255741073,61.700019247178304,52813100
2022-05-31,61.46806716918945,61.74641360564278,61.328893950962794,61.65362949385169,68424700
2022-06-01,61.24062728881836,61.667522903775456,61.12419905863523,61.49676821086408,87646100
2022-06-02,61.49679946899414,61.50455701230652,61.07766118036308,61.25617942516835,34752500
2022-06-03,61.03885269165039,61.217376866770145,60.945708871354555,61.217376866770145,36008000
2022-06-06,60.58091354370117,61.16304914115458,60.511054192676205,61.14752220902036,35756100
2022-06-07,60.72062683105469,60.790480260873494,60.33253642951137,60.37910538272391,31499900
2022-06-08,60.200584411621094,60.59643830046444,60.122967511519825,60.573153822613044,25361600
2022-06-09,59.71935272216797,60.16177554185346,59.60292441766346,59.967730341609126,49468700
2022-06-10,58.702545166015625,59.160494865810435,58.43088310094525,59.14496793535562,59907000
2022-06-13,56.73881149291992,57.67798948736002,56.57581424645899,57.631420537453806,122714600
2022-06-14,57.111392974853516,57.61591175244149,56.70001803862945,57.01048566626167,62818600
2022-06-15,58.2213020324707,58.51624849604467,57.46840598615605,57.59259178910764,70628200
2022-06-16,57.29765701293945,57.553798056119916,56.83194979374954,57.35975288797507,61583400
2022-06-17,57.47620391845703,57.87981542233378,57.28991621962999,57.429629032854805,49281000
2022-06-21,57.43735885620117,57.95739838677833,57.383026456316806,57.82544911874307,45924600
2022-06-22,57.421871185302734,57.631437443144364,57.28991591887857,57.33649080423629,38204800
2022-06-23,57.83323669433594,57.88756911687296,57.499478692525656,57.58485905962526,30961800
2022-06-24,58.24462127685547,58.492998952846264,57.89533628381813,58.01952808270898,38198600
2022-06-27,57.88758087158203,58.291192389273405,57.88758087158203,58.291192389273405,25658200
2022-06-28,57.251102447509766,58.050567793584776,57.24333898073319,57.97295089118926,39303800
2022-06-29,57.16572570800781,57.27439056261911,56.99496495882137,57.22005813531346,36806800
2022-06-30,57.13467025756836,57.305430984329824,56.707768440664694,56.917340576886374,45139900
2022-07-01,57.67967224121094,57.87458867005632,57.26644441542176,57.305430080541775,38849300
2022-07-05,57.62507629394531,57.67965263753798,56.93896689063714,57.31320892411208,38316200
2022-07-06,57.4067497253418,57.695228006790295,57.32098607270505,57.531499019494795,44706000
2022-07-07,58.342350006103516,58.381329698190214,57.71861544898053,57.765393458834,44430400
2022-07-08,58.38914489746094,58.44372124086033,57.975923161954825,58.13185387213156,31230300
2022-07-11,58.06167984008789,58.41252686989284,58.046083201924574,58.318970834411296,28213700
2022-07-12,58.29557800292969,58.3969383095636,58.085070967045446,58.13184898649199,24036500
2022-07-13,58.23319625854492,58.412515925201994,57.63285071760974,57.69522536182676,46874900
2022-07-14,58.12404251098633,58.18641120565558,57.39115532616898,57.75759891857765,53953100
2022-07-15,58.864749908447266,58.864749908447266,58.28779905833364,58.29559143111981,48360800
2022-07-18,58.29557800292969,59.03626368495716,58.233209293125896,59.01287467523389,33302800
2022-07-19,59.06742858886719,59.207768542301004,58.5060687751319,58.5060687751319,31028200
2022-07-20,59.32474136352539,59.73796904955396,59.16101233247649,59.30135235171488,82881900
2022-07-21,60.02644348144531,60.08101982696645,59.199999978303715,59.27016701609852,52282000
2022-07-22,59.94847869873047,60.45526245393414,59.76136064777278,60.12000605726484,51055800
2022-07-25,59.932899475097656,60.10442091807887,59.761372083739715,59.995268205101404,26032000
2022-07-26,59.51186752319336,59.80813826421392,59.47288186983843,59.73797122622572,24151200
2022-07-27,60.16676712036133,60.40066907939718,59.77693448755083,59.77693448755083,35075700
2022-07-28,60.7827262878418,60.829504317918364,60.213573760656374,60.45526818055352,42335900
2022-07-29,60.962039947509766,61.086783319210184,60.61898526567738,60.782714286995116,33606800
2022-08-01,60.98082733154297,61.11388635477306,60.66774271037207,60.76949267432581,31595600
2022-08-02,60.69904327392578,60.9416809848661,60.65990546241016,60.87123411845631,40604400
2022-08-03,61.23130416870117,61.246955715184754,60.71471356084082,60.879081671089075,35660900
2022-08-04,61.39565658569336,61.40347937113884,61.13736134778566,61.317380958502945,24386400
2022-08-05,61.08259201049805,61.13738138453247,60.57383012498194,60.65992856583515,31006700
2022-08-08,61.137359619140625,61.560022913331984,61.09039902142773,61.3173792247679,19465600
2022-08-09,60.683380126953125,61.01994497132993,60.65989983086027,60.99646467523707,24675700
2022-08-10,61.591373443603516,61.65398562551878,61.356558353734954,61.458308374493576,38121800
2022-08-11,61.239112854003906,62.084439487698965,61.15301443918726,61.9905123156466,37778700
2022-08-12,61.787017822265625,61.81049812444117,61.278256045955956,61.45827567703019,16912300
2022-08-15,61.677452087402344,61.83399144926927,61.56004458020521,61.693103634951484,18441100
2022-08-16,61.387847900390625,61.622662915554486,61.25478884520825,61.622662915554486,22963200
2022-08-17,60.753841400146484,61.08257756661846,60.73035512689064,60.957341328957234,28774600
2022-08-18,60.84776306152344,60.95734178449966,60.78515091381741,60.90255242301155,19089300
2022-08-19,60.22943878173828,60.55818101074837,60.096379721107176,60.5268719426715,45428900
2022-08-22,59.54846954345703,59.7989360474336,59.49368018232442,59.76762698798747,42014200
2022-08-23,59.69718933105469,59.798945282868075,59.35280156714447,59.56413028655316,33240000
2022-08-24,59.767635345458984,59.8772140830469,59.611095997931486,59.67370815398649,16917400
2022-08-25,60.3311767578125,60.37813736012917,59.838066547117975,59.93982248092725,20080000
2022-08-26,59.33715057373047,60.36250313401712,59.282361198111644,60.36250313401712,34460600
2022-08-29,59.11014938354492,59.3058265287086,58.906649452121336,58.97709035801583,28020200
2022-08-30,58.656185150146484,59.219736304857406,58.46833078418098,59.17276972756964,66233900
2022-08-31,58.33527755737305,58.797078788491426,58.319626011115155,58.67967129098042,39161800
2022-09-01,58.48942184448242,58.528752796119974,57.89949357628315,58.166924844024365,38499700
2022-09-02,58.450138092041016,59.047934233507576,58.38721692009626,58.992874457389966,22364500
2022-09-06,58.29280090332031,58.513039912365,58.088290680180414,58.450112766619974,28820900
2022-09-07,59.134422302246094,59.14228969444317,58.35571850446973,58.37144728780194,26853200
2022-09-08,59.39398193359375,59.425445495862924,58.81978242403801,58.91417311084551,26928000
2022-09-09,59.62998580932617,59.91315204040303,59.48840269378775,59.68504557642087,29526800
2022-09-12,59.81088638305664,59.960336860418906,59.598508757219406,59.842349957294125,30276100
2022-09-13,58.450138092041016,59.12659019923766,58.42654190242854,58.97714566467016,47111300
2022-09-14,58.536659240722656,58.92208366003414,58.450135881372354,58.489466863282594,29672400
2022-09-15,58.166969299316406,58.55239371653875,58.135511715237065,58.43440677251284,46282300
2022-09-16,58.36359405517578,58.36359405517578,57.710744369917265,57.812996489038866,56479900
2022-09-19,58.5838508605957,58.591712255218575,58.08043955469574,58.13550532344343,26891900
2022-09-20,57.98603820800781,58.26133696759913,57.94670724189639,58.222006001487706,32769500
2022-09-21,57.8129997253418,58.395060899421544,57.54556832140863,58.12762949548838,37851300
2022-09-22,57.46690368652344,57.72647368481678,57.2623994464106,57.61635417058266,48278100
2022-09-23,56.73537063598633,57.20731809145639,56.538727863227535,57.07359644517391,53312000
2022-09-26,56.066810607910156,56.77472609559867,56.05108181976764,56.57021584336337,42287400
2022-09-27,55.94882583618164,56.57021801022871,55.767917760826265,56.54662182657922,45295500
2022-09-28,56.94777297973633,57.018561528233406,56.1926651237819,56.37357319287251,48935800
2022-09-29,56.412899017333984,56.60954185774518,56.09826927246342,56.5780782831518,38068800
2022-09-30,56.153324127197266,56.8533720978824,56.1454567339697,56.42076148736994,42928700
2022-10-03,56.88923645019531,57.01570653470032,56.48610137132896,56.59676495678825,48967900
2022-10-04,58.11442947387695,58.12233573703112,57.52158638226185,57.62434971113068,45901300
2022-10-05,57.885196685791016,58.01957299324058,57.39511093833169,57.64015079670574,47833500
2022-10-06,57.7113151550293,58.067018687955496,57.62436433040941,57.821978744415816,37196000
2022-10-07,57.007808685302734,57.521601340408424,56.99199615488244,57.363512220485646,33983000
2022-10-10,56.31220245361328,56.99990279429005,56.05925624164827,56.96828376395525,37759700
2022-10-11,56.486114501953125,56.928768946688685,56.351738121331906,56.4228764296439,46344600
2022-10-12,56.58095932006836,56.7943802293602,56.44658296863597,56.44658296863597,32784800
2022-10-13,56.707454681396484,56.84183712343724,55.64824386641338,55.70357568464808,48832500
2022-10-14,56.525630950927734,57.20542504498602,56.38334832587568,57.063142419933975,37152100
2022-10-17,57.221221923828125,57.387217286692135,57.02360753507869,57.03151379922818,33820000
2022-10-18,57.624359130859375,57.94844360461622,57.371412944983504,57.8061609981415,37648400
2022-10-19,57.07105255126953,57.4188559240894,56.8971568955742,57.229147734694294,33194000
2022-10-20,56.75484848022461,57.5057806607608,56.699516698824176,57.078932905366635,47281100
2022-10-21,57.30027770996094,57.37142203983289,56.56515179842391,56.58886456480999,60211200
2022-10-24,57.33980941772461,57.489998329244244,57.03943762539973,57.35561592017775,29551200
2022-10-25,57.89311599731445,57.90102226233222,57.46626814705331,57.482080677088845,37459200
2022-10-26,58.05121612548828,58.26463705357593,57.66388750565281,57.750838336169856,50552100
2022-10-27,58.47805404663086,58.60452412264861,57.9879681791194,58.193488837200036,49481500
2022-10-28,58.928611755371094,59.03927532801849,58.58871477346484,58.69147208214816,123446800
2022-10-31,58.04328918457031,58.63613225562447,58.03538292169035,58.6282259927445,60269700
2022-11-01,58.3924560546875,58.67811063908365,58.0909344617358,58.67018016170563,39586700
2022-11-02,57.860801696777344,58.94787601431047,57.82906163782047,58.36863053249277,50659500
2022-11-03,57.448219299316406,57.638653686313916,57.04354092987169,57.26571539033545,37507100
2022-11-04,57.84492492675781,58.090902774892264,57.44818333748485,57.821121400008835,39849100
2022-11-07,57.83699035644531,58.01155763023815,57.67035960976935,57.963950575129715,24913000
2022-11-08,57.78145980834961,57.97983065444444,57.59895596627134,57.88461046895171,39489200
2022-11-09,57.09112548828125,57.71797807086959,56.98797483056328,57.60689088446635,45728900
2022-11-10,58.8685302734375,58.932004339041555,58.289284778044824,58.701899500356774,67165700
2022-11-11,59.07484436035156,59.265284759753506,58.66223560257809,58.89234654483975,20934800
2022-11-14,58.63840866088867,58.94786661914993,58.614605133914154,58.916126565251815,37932800
2022-11-15,59.1541862487793,59.27320390841181,58.773311576562634,59.2255968445588,50673700
2022-11-16,59.0272102355957,59.170037442790985,58.96373013155426,59.10655733874954,31124900
2022-11-17,58.773338317871094,58.85268547832749,58.50355676155931,58.56703085764425,34338000
2022-11-18,58.9002685546875,59.082766325209505,58.733631732840855,59.082766325209505,31663800
2022-11-21,58.87648010253906,58.99550385209421,58.73365281383277,58.83680955522027,19070500
2022-11-22,59.304931640625,59.34460822145291,58.924063101380696,58.987537155390555,24572500
2022-11-23,59.638187408447266,59.74927454828372,59.2414458936613,59.2573128905829,30316300
2022-11-25,59.51919937133789,59.654090114199654,59.431915701533526,59.63028657767095,9465900
2022-11-28,58.89234924316406,59.45572182949362,58.86854570559787,59.35257114877378,31668900
2022-11-29,59.146240234375,59.19384729059282,58.78123867784638,58.892325844885676,27162300
2022-11-30,60.03494644165039,60.05874997087629,59.027219309910336,59.1938500682885,41702100
2022-12-01,60.25726318359375,60.2891376295997,59.90665035695723,60.21741860622907,42134200
2022-12-02,60.209449768066406,60.23335408322705,59.75524954172681,59.75524954172681,27535800
2022-12-05,59.635738372802734,60.00229157136332,59.51621676395772,59.98635130389681,29736500
2022-12-06,59.420589447021484,59.76323222160256,59.309031899895594,59.65964480768004,24976800
2022-12-07,59.74730682373047,59.81901979481913,59.404663998745065,59.404663998745065,24614200
2022-12-08,59.79508972167969,59.874772792830406,59.60384913503224,59.81899403508204,23839500
2022-12-09,59.79508972167969,60.01820475267316,59.61978331749093,59.61978331749093,20687300
2022-12-12,60.02617645263672,60.08195521184308,59.84289991271364,59.93852324825118,22415700
2022-12-13,60.647727966308594,61.117862470507276,60.313055328123404,61.04614951065201,45923300
2022-12-14,60.30509948730469,60.72742545169111,59.938552309168706,60.56805922795608,57177300
2022-12-15,60.07758712768555,60.16570141105214,59.78120216441535,60.005496956608255,41666500
2022-12-16,59.75717544555664,59.925391965542126,59.60498303875561,59.73314538718851,38197100
2022-12-19,59.452789306640625,59.64503590047056,59.32462083648132,59.52487948754847,24135100
2022-12-20,59.30059051513672,59.42875898473183,59.028241684360616,59.156404042546725,32917800
2022-12-21,59.80524826049805,59.91739261950632,59.54891131258288,59.596977546021584,23211500
2022-12-22,59.4367790222168,59.669079844876705,59.21249025865839,59.5729595813005,26893700
2022-12-23,59.58893966674805,59.63699976795155,59.23648262750485,59.34062099532119,13196500
2022-12-27,58.9721565246582,59.572932342960485,58.940114414313165,59.53287817717727,22108000
2022-12-28,58.179141998291016,59.140387204969585,58.14709988026082,59.06829091154936,41064800
2022-12-29,58.932106018066406,58.97216018633665,58.27525799372745,58.41143238759342,33378900
2022-12-30,58.980159759521484,59.01220186839472,58.69979894613992,58.731841055013156,15170300
2023-01-03,59.09233093261719,59.42877017293873,59.00422273244433,59.36468592607652,28787700
2023-01-04,59.773197174072266,59.8052392877543,59.26854152284067,59.48482426234229,37120100
2023-01-05,59.65304946899414,59.709121648257145,59.42074869450192,59.56493517137953,35142000
2023-01-06,60.50215530395508,60.70241399679825,59.837294976977255,59.973475532782444,60041200
2023-01-09,60.71841812133789,60.846580464623045,60.590249666644446,60.67836395139412,35806900
2023-01-10,60.64631652832031,60.774484971793,60.502130085117415,60.686370694757464,35695500
2023-01-11,61.04685592651367,61.07889804902334,60.75848293533663,60.87863936689539,31826700
2023-01-12,61.39126968383789,61.439329787299975,60.918662369375774,61.1990231585827,29404900
2023-01-13,61.39126968383789,61.49540194514136,61.05483673678959,61.08687884289993,26301500
2023-01-17,61.183021545410156,61.31920207430126,61.11093136371113,61.29516590232582,30961200
2023-01-18,61.255104064941406,61.74373555794898,61.23907995389423,61.559494949352796,52989700
2023-01-19,60.89466094970703,61.14298588589234,60.838588759873645,61.04685951271638,50070900
2023-01-20,61.014801025390625,61.014801025390625,60.66234997441969,60.878626616801654,36625400
2023-01-23,61.006797790527344,61.1750143223891,60.854599261572375,60.958731558989,26764800
2023-01-24,61.04685592651367,61.07889804902334,60.78251299936639,60.886651425375305,27774500
2023-01-25,61.03883743286133,61.10292167112443,60.78250659121828,60.84659082948138,25857700
2023-01-26,61.1910400390625,61.25512428158612,60.950727185303776,61.167009975968575,25512400
2023-01-27,61.006797790527344,61.1750143223891,60.918683496017515,61.094905973628194,35813400
2023-01-30,60.670352935791016,60.90265368035128,60.654334934383726,60.78249727986723,32002000
2023-01-31,61.14297866821289,61.16700873081765,60.81455151552228,60.83057563153186,41006600
2023-02-01,61.785274505615234,61.9623567806859,60.99645513694058,61.15744181473839,46900900
2023-02-02,62.13943099975586,62.252118600234645,62.03479426817232,62.23602300345782,56399900
2023-02-03,61.487464904785156,61.8657759899284,61.43917196319749,61.656496341356934,39682300
2023-02-06,61.09304428100586,61.254024810246825,61.00450314761927,61.22182747619592,40944200
2023-02-07,61.31038284301758,61.4633186800106,60.99646643941134,61.03671465157213,37101300
2023-02-08,61.05280685424805,61.3023347019318,60.92402363632724,61.221838282089834,34066600
2023-02-09,60.65839767456055,61.26208395226038,60.60205386761581,61.26208395226038,42581900
2023-02-10,60.19156265258789,60.56987381044494,60.11912322628307,60.392791469233885,65905000
2023-02-13,60.34449768066406,60.545726494516614,60.16741534191126,60.23181003618792,38741300
2023-02-14,60.3605842590332,60.52157097065526,59.97422843317052,60.23180103075069,54193600
2023-02-15,60.26398849487305,60.272033223374144,60.03056240704456,60.14325001620119,44897600
2023-02-16,59.78104782104492,60.03862043345451,59.74885661788227,59.998378358993456,89945400
2023-02-17,60.01446533203125,60.111057350678195,59.45907811260147,59.68445334842974,75910300
2023-02-21,59.08882522583008,59.5878686980111,58.84734821986062,59.4429837226325,98782400
2023-02-22,59.47517395019531,59.716650927273015,59.241747843290774,59.241747843290774,70093300
2023-02-23,60.062782287597656,60.15132346245511,59.66836936649939,59.748865809836296,47908100
2023-02-24,59.7005615234375,59.82130003692573,59.499332714629084,59.563727407291594,47576500
2023-02-27,60.10301971435547,60.18351001044343,59.86959355698923,59.98228119971556,40292000
2023-02-28,59.99032974243164,60.07887090699546,59.901788577867826,60.07887090699546,32999000
2023-03-01,59.82027816772461,60.00652979744194,59.674513067879815,59.9903364211569,45341400
2023-03-02,59.89312744140625,59.966013043753065,59.50442482327894,59.50442482327894,37886100
2023-03-03,60.508609771728516,60.581489231061276,60.063214703629235,60.160393494392636,50123300
2023-03-06,60.508609771728516,60.72725432804652,60.460023465506666,60.64627509157021,33430800
2023-03-07,60.079410552978516,60.54909256690496,60.071310776334464,60.51670581696741,40222100
2023-03-08,59.79597473144531,60.21707662579037,59.67450897184521,60.11989783979088,54303900
2023-03-09,59.46393585205078,60.10368205345,59.39915001887481,59.8526446727895,52669500
2023-03-10,59.47205352783203,59.885049437433835,59.253402819624995,59.50444645417082,81516000
2023-03-13,59.14814376831055,59.909362262970234,58.97808550045856,59.26961572486778,78478100
2023-03-14,59.57732391357422,59.852660689092424,59.3343800633122,59.67450268934278,66395600
2023-03-15,59.38298034667969,59.43966642875012,58.79991997205833,58.96187844131112,81454700
2023-03-16,59.77168655395508,59.885058724563386,59.131940060768265,59.221019077434775,63386700
2023-03-17,59.41537857055664,59.74739531560594,59.31009999567359,59.47206465767823,55132200
2023-03-20,59.25339889526367,59.56922218325107,59.172419673939466,59.30199137071304,38540800
2023-03-21,59.9012565612793,59.990335575390795,59.52064735158832,59.64211929613306,38203400
2023-03-22,59.95793914794922,60.56529265692967,59.69070212120116,59.90935284429298,55263500
2023-03-23,59.72307586669922,60.22515683038303,59.53681813197731,59.94982011535726,54660900
2023-03-24,59.601627349853516,59.67451298883929,59.43156909664648,59.48015540375711,44225600
2023-03-27,59.45582962036133,59.81214548580981,59.45582962036133,59.723066519447684,30905100
2023-03-28,59.42345428466797,59.496339905213006,59.22910292707832,59.342475067198805,38277200
2023-03-29,60.16849136352539,60.17658496209256,59.64211707564172,59.64211707564172,44457300
2023-03-30,60.524784088134766,60.53288386272765,60.144175000400146,60.30613960066901,37130200
2023-03-31,61.18074417114258,61.261723400998015,60.69485643537154,60.71105598833416,54218900
2023-04-03,61.133544921875,61.25556920443619,60.987117024084135,61.12540831466084,43302900
2023-04-04,60.954612731933594,61.22306507052751,60.88953224868358,61.13358095766287,46144300
2023-04-05,60.61293411254883,60.97086426669872,60.53971703588107,60.913920409919314,37633900
2023-04-06,60.881385803222656,60.97900651233015,60.43397151758148,60.515319005296654,35719600
2023-04-10,60.82441711425781,60.856957337344916,60.53156751929978,60.66985881261026,29083900
2023-04-11,60.954612731933594,61.09290410402749,60.77564450620431,60.82445176543357,28875100
2023-04-12,60.938323974609375,61.32065771286869,60.889510526377805,61.26371386194375,41457600
2023-04-13,61.353187561035156,61.515888683585224,61.04406473780986,61.04406473780986,95864000
2023-04-14,61.239322662353516,61.45896770791104,61.07662768568652,61.33694337220303,43767600
2023-04-17,61.07660675048828,61.141687201413696,60.85696178021835,61.06847014251925,26391100
2023-04-18,61.11729431152344,61.30439910817255,60.995276190246976,61.223051625183196,28030700
2023-04-19,60.873226165771484,61.00338084232844,60.83254933824041,60.873226165771484,26979400
2023-04-20,60.8162841796875,60.91389863846924,60.64545267040676,60.72680012152911,30203900
2023-04-21,61.00341033935547,61.03595057583204,60.75936787540446,60.91392624064878,33061800
2023-04-24,61.17423629760742,61.223049751038864,60.97086449315206,61.03594496011736,24661600
2023-04-25,61.07660675048828,61.255574887326475,61.01966290753189,61.141687201413696,34575300
2023-04-26,60.840702056884766,61.10101768534804,60.75121797774919,61.060340847044905,33762700
2023-04-27,61.044097900390625,61.214929517063595,60.84886265368102,60.954613785978594,39687600
2023-04-28,61.304386138916016,61.40200682170015,61.06033753516258,61.06033753516258,33821100
2023-05-01,61.02332305908203,61.27659766809592,60.89259665870206,61.21940642627414,37748300
2023-05-02,60.966156005859375,61.06419461166376,60.761900599259796,61.02334727037204,39045300
2023-05-03,60.93347930908203,61.30930853954258,60.917135384542405,61.031517922796446,33178300
2023-05-04,60.75374221801758,60.794595801821686,60.533142838886164,60.77007991151019,45207600
2023-05-05,61.080528259277344,61.162229161496526,60.85176323971192,60.933464141931104,31591500
2023-05-08,60.90895462036133,61.03150285725349,60.77005622958473,61.03150285725349,18367400
2023-05-09,60.75374221801758,60.851787079118395,60.680207013846534,60.745570254580414,21732900
2023-05-10,61.121368408203125,61.211241260092464,60.89260341553157,61.08868680448168,35392700
2023-05-11,61.02332305908203,61.08868002589416,60.957959858892046,61.06417038416738,25265500
2023-05-12,60.802734375,61.10503455333883,60.68835187149426,61.015161695815905,27553200
2023-05-15,60.786407470703125,60.85993642169364,60.70470655847588,60.8109171210333,19764500
2023-05-16,60.361534118652344,60.68834390004734,60.30434287441158,60.67200621599775,40998700
2023-05-17,60.52494812011719,60.73736920068962,60.40239366078464,60.4269033059754,38534100
2023-05-18,60.557621002197266,60.61481224386421,60.30434016049121,60.34519371884382,29129200
2023-05-19,60.623016357421875,60.753742840228476,60.51680576517786,60.614850627282806,36044900
2023-05-22,60.8925895690918,61.00697203941801,60.639314989566195,60.639314989566195,34897700
2023-05-23,60.573974609375,60.85176516576787,60.51678335267345,60.778229988077605,32415500
2023-05-24,60.149131774902344,60.475935424606256,60.026577289573346,60.4024064734369,38083200
2023-05-25,60.10826110839844,60.386051611704715,60.09192342391138,60.369707693839366,21457900
2023-05-26,60.47594451904297,60.54947971465069,60.14914082019396,60.173650474269536,23547600
2023-05-30,60.73737716674805,60.74554912734302,60.533121785530774,60.74554912734302,27482600
2023-05-31,60.549468994140625,60.66385151516212,60.41874255104183,60.57397864387668,43393600
2023-06-01,60.91316223144531,61.00346526782652,60.56837223610715,60.58479438629384,42425700
2023-06-02,61.22510528564453,61.381078094488046,60.99524534569526,61.12659119857472,49950900
2023-06-05,61.17584228515625,61.20047550319626,61.028074292982865,61.17584228515625,24080200
2023-06-06,61.27434158325195,61.29076372464959,61.01164368979625,61.11836255603357,23006600
2023-06-07,60.93776321411133,61.39748296465448,60.86387610379583,61.323595854338976,32340900
2023-06-08,61.32360076904297,61.356438791458075,60.93776809789323,60.93776809789323,33987800
2023-06-09,61.34003448486328,61.45496445339379,61.31540752920868,61.372872513473936,27016700
2023-06-12,61.27434158325195,61.405693661585715,61.142995768130014,61.397482590886895,30629500
2023-06-13,61.34823226928711,61.52062718474072,61.25792927597158,61.43032419142518,39425900
2023-06-14,61.37287139892578,61.56168223099124,61.085546482817406,61.405709426940085,32864600
2023-06-15,61.66838455200195,61.693011498089945,61.42210256469975,61.454940580554116,42412300
2023-06-16,61.512420654296875,61.66018863033823,61.487793702158754,61.64376648677106,47560800
2023-06-20,61.34823226928711,61.512416113563255,61.34823226928711,61.41390204907025,31930500
2023-06-21,61.192256927490234,61.32360275819878,61.069115905242334,61.22509495097051,39751900
2023-06-22,61.01163864135742,61.142990708822396,60.995222764529956,61.05268772824305,31504700
2023-06-23,60.90493392944336,60.962398906503005,60.74895487890458,60.921349810083505,33811100
2023-06-26,60.93776321411133,61.019855131963766,60.822827013263684,60.91313000186492,36111900
2023-06-27,61.14299392700195,61.20045889373964,60.98701490448038,61.00343078217188,31707600
2023-06-28,61.49600601196289,61.49600601196289,61.09374490823324,61.13479400476493,35679600
2023-06-29,61.331825256347656,61.340036329550635,61.10196531237403,61.27436027035425,41712000
2023-06-30,61.627349853515625,61.76690675606843,61.47958187927954,61.53704685463732,35842000
2023-07-03,61.53078079223633,61.646331045796,61.506014626173645,61.63807565710844,13046500
2023-07-05,61.340938568115234,61.52251931918459,61.24189280470942,61.50600854344233,37947100
2023-07-06,60.89524841308594,60.96127892889213,60.730178420587045,60.89524841308594,52251100
2023-07-07,60.95303726196289,61.34921414897113,60.85399776297432,60.87875763772146,42269100
2023-07-10,61.25840759277344,61.32443810603554,61.00254722515324,61.010796316548756,45752200
2023-07-11,61.58856964111328,61.588569641113274,61.316198426887645,61.4152442221564,32000700
2023-07-12,62.06727600097656,62.15806640682812,61.918710454766575,61.97648559512501,42820700
2023-07-13,62.43868637084961,62.50471689480946,62.24060109598741,62.314880712679226,33954200
2023-07-14,61.9847412109375,62.42218246052887,61.94347685168472,62.372662710618314,36081800
2023-07-17,62.10028076171875,62.19932654144371,61.90219549928578,61.951715240639786,28836600
2023-07-18,62.27361297607422,62.35615428339659,62.125047438718646,62.14981360912594,25990800
2023-07-19,62.32314682006836,62.43869710836047,62.28187616124185,62.38917105836497,26794800
2023-07-20,62.05074691772461,62.14979267493886,61.88567695271639,62.07550678277429,27028500
2023-07-21,62.207584381103516,62.306623867712794,62.06726794671169,62.06726794671169,37447800
2023-07-24,62.10028076171875,62.347892062522675,62.08377628027307,62.25710167202904,20925500
2023-07-25,62.05900573730469,62.12502994875018,61.95170458680099,62.03424587088564,30067600
2023-07-26,62.30663299560547,62.36440813693065,62.00125280446585,62.034268070511395,33068400
2023-07-27,61.811397552490234,62.47169007590348,61.6793428260173,62.42216404358697,48675800
2023-07-28,62.16630935668945,62.21582909651018,62.025999229186205,62.075518969006936,27588400
2023-07-31,62.31486129760742,62.39739627833363,62.21581554252675,62.248830794220304,30744800
2023-08-01,62.0063591003418,62.16392711078346,61.931725617721746,62.16392711078346,34529700
2023-08-02,61.74098587036133,61.79903624438721,61.58342418487177,61.74098587036133,37500500
2023-08-03,61.54197692871094,61.66637243549976,61.44245925787622,61.54197692871094,30348000
2023-08-04,61.90687942504883,62.14737575919131,61.840534299695165,61.90687942504883,37411900
2023-08-07,62.02296829223633,62.056140848527846,61.86540023160617,62.02296829223633,19412600
2023-08-08,62.155643463134766,62.1971107344313,61.91515353607017,61.981492312320434,32545600
2023-08-09,62.163944244384766,62.238584074593184,62.031260351929006,62.163944244384766,27569200
2023-08-10,62.147361755371094,62.48736937390992,61.981498979361206,62.20541214522006,43697200
2023-08-11,62.056148529052734,62.08102636759589,61.84882477183448,61.93175300931799,23329000
2023-08-14,62.04783630371094,62.1390592373148,61.840512604978,61.948318650592945,28545100
2023-08-15,61.848838806152344,62.02299004249062,61.823960961964076,61.88201137407683,32968600
2023-08-16,61.65807342529297,61.989792644647835,61.65807342529297,61.82393619847933,31759400
2023-08-17,61.400997161865234,61.7161269564374,61.25172382190617,61.691249120947255,38546600
2023-08-18,61.44246292114258,61.633203553193376,61.251728616110455,61.2766064535478,44130500
2023-08-21,61.42588806152344,61.4839384656861,61.23514740383494,61.43418278412368,30768700
2023-08-22,61.459049224853516,61.58344473270495,61.40929355252028,61.55856689653834,18135400
2023-08-23,61.956626892089844,62.04784984560304,61.69954747419913,61.69954747419913,33378000
2023-08-24,61.61661911010742,61.96492148076572,61.55027399369102,61.96492148076572,34336100
2023-08-25,61.873695373535156,61.94832888043538,61.583443412781705,61.63319908404852,31149300
2023-08-28,62.10590744018555,62.13908000231014,61.940050956581864,62.114202162471514,21461600
2023-08-29,62.49568176269531,62.49568176269531,62.01468906681156,62.0395669084918,42178200
2023-08-30,62.47079086303711,62.59518637245623,62.41274046891064,62.495668699517246,29458200
2023-08-31,62.42930221557617,62.51223041779765,62.329790903716905,62.42100749724914,30824500
2023-09-01,62.54680252075195,62.68844155025957,62.3635019617859,62.64678637745805,33213100
2023-09-05,62.1385498046875,62.45515583415162,62.08855469512991,62.45515583415162,29500600
2023-09-06,61.98859786987305,62.113576150476185,61.863619589269916,62.08024818520472,30797500
2023-09-07,62.196876525878906,62.230204482384224,61.88859769569803,61.88859769569803,28757400
2023-09-08,62.171878814697266,62.38850098538234,62.12188370429061,62.32185143260246,26389100
2023-09-11,62.28018569946289,62.28018569946289,62.13021309167282,62.255191324274044,29159400
2023-09-12,62.18018341064453,62.28850081323147,62.12186110027275,62.12186110027275,21668500
2023-09-13,62.346832275390625,62.41348817035842,62.15519816652221,62.15519816652221,27498900
2023-09-14,62.42182540893555,62.48848131460214,62.346842282553396,62.41349818822,29575900
2023-09-15,62.188533782958984,62.363500761333974,62.188533782958984,62.23852253202132,41636900
2023-09-18,62.230186462402344,62.296835999455546,62.113541826739365,62.113541826739365,19549700
2023-09-19,62.038551330566406,62.18852391060226,61.99689616517943,62.0968736474328,33937200
2023-09-20,61.98859786987305,62.288543200656804,61.980264289390334,62.1802257243597,26715100
2023-09-21,61.546974182128906,61.788597008677144,61.546974182128906,61.738601914341245,43327300
2023-09-22,61.65529251098633,61.88024821375989,61.64695893483735,61.671953306628176,36657300
2023-09-25,61.57197570800781,61.68028677112404,61.43033669701211,61.49698623611497,30197500
2023-09-26,61.30534744262695,61.56363104636471,61.2636859261154,61.521969529853166,39193000
2023-09-27,61.222049713134766,61.53032214676596,61.11373227934486,61.48033339680564,45532200
2023-09-28,61.51364517211914,61.53863954052627,61.080388264211365,61.113716207639285,45776600
2023-09-29,61.42198181152344,61.830237907261065,61.41364823828074,61.77191560786998,51698300
2023-10-02,61.04930114746094,61.342443724312226,60.973924366283,61.22518669357171,69255900
2023-10-03,60.42951583862305,60.97392715771553,60.4043902437468,60.80641254182519,77754200
2023-10-04,60.7393913269043,60.831522744825165,60.40437495994945,60.571883143426874,138971500
2023-10-05,60.79801559448242,60.873398744814835,60.63888474827339,60.69751324740875,56138500
2023-10-06,60.88175964355469,60.990639286849444,60.38759980700834,60.555114323645,52741500
2023-10-09,61.334083557128906,61.34245449648829,60.89017455991029,60.89017455991029,27277200
2023-10-10,61.31731414794922,61.50995433738437,61.09954836642003,61.17493153273066,50761600
2023-10-11,61.308921813964844,61.50993928157105,61.040904913850184,61.434556133711986,53330500
2023-10-12,60.982276916503906,61.2837967303578,60.79801409803464,61.2837967303578,60368000
2023-10-13,60.93204116821289,61.34244075594542,60.87341265567967,61.14980695334854,54191200
2023-10-16,60.91527557373047,61.06603547593104,60.865018012979085,60.90689824860077,39352900
2023-10-17,60.6305046081543,60.814767422605264,60.54675052613845,60.65563019375636,50948700
2023-10-18,60.33737564086914,60.68914669814391,60.295495395467164,60.56351235196627,58306500
2023-10-19,60.11960983276367,60.638895481323814,60.11960983276367,60.337375606679636,70971900
2023-10-20,60.2452278137207,60.37923306047869,60.15309641093797,60.18659932013411,64845500
2023-10-23,60.48813247680664,60.655640669769156,60.03585268777431,60.11122945759905,47508700
2023-10-24,60.79801559448242,60.823147571278,60.58025624913803,60.647262073871914,46427900
2023-10-25,60.47138214111328,60.697525246789915,60.40438269316134,60.64727406331885,42518300
2023-10-26,60.68076705932617,60.78965313721181,60.38762452276494,60.479755947116765,45233400
2023-10-27,60.605384826660156,60.81477324676607,60.496505148614965,60.739390092713656,35621800
2023-10-30,60.62213134765625,60.72264008683048,60.52999993425336,60.59700576036951,29094000
2023-10-31,60.7812614440918,60.97390157402963,60.62212422327474,60.64725619763522,42185900
2023-11-01,61.36061096191406,61.36061096191406,60.86379467897151,60.86379467897151,59313100
2023-11-02,62.05109405517578,62.13529835043274,61.73953109591152,61.74795345275,68930600
2023-11-03,62.65736389160156,62.699462819403735,62.312117992000054,62.438427624156084,88763600
2023-11-06,62.4047737121582,62.64054837573663,62.3458300462636,62.514238684711685,93899100
2023-11-07,62.413185119628906,62.4889670663196,62.22793179521612,62.36265739745847,50458200
2023-11-08,62.446876525878906,62.505820189358936,62.36266578572673,62.3963487969121,41143500
2023-11-09,62.059513092041016,62.472125080879266,62.0426748018977,62.35423777674727,62856100
2023-11-10,62.362648010253906,62.39633101183848,62.20266178319675,62.23634478478132,35563300
2023-11-13,62.30372619628906,62.36266986362342,62.13531755372744,62.13531755372744,37530100
2023-11-14,62.93525695800781,63.095249636818785,62.8342143603392,62.8342143603392,68210800
2023-11-15,62.733158111572266,62.90998906149855,62.67421446159683,62.82578476501594,44022800
2023-11-16,62.817378997802734,62.87632266334488,62.69106930753306,62.75843533226058,52928200
2023-11-17,62.96049499511719,62.96049499511718,62.71630452220139,62.8257694384869,44272100
2023-11-20,63.02786636352539,63.11207064665093,62.859457797274324,62.859457797274324,30846200
2023-11-21,63.11208724975586,63.12893196543736,62.98578400402805,62.98578400402805,29493900
2023-11-22,63.22154235839844,63.28890835503433,63.05312736680872,63.19628171575374,40866800
2023-11-24,63.154178619384766,63.179439262932476,63.112073263888405,63.17101690695815,8536200
2023-11-27,63.24677276611328,63.32255465782008,63.095202558327735,63.154146171112565,31007400
2023-11-28,63.524681091308594,63.54994173322656,63.19627989762539,63.23837882603038,44031100
2023-11-29,63.86991500854492,64.02990762592347,63.752027740278926,63.77728837999674,48815500
2023-11-30,63.752037048339844,63.87834668974494,63.5583678326439,63.8446636904119,55047100
2023-12-01,64.27989196777344,64.29681356941617,63.611630684287455,63.687764984279575,60321100
2023-12-04,64.1191635131836,64.161454602001,63.907688707999874,63.907688707999874,33105700
2023-12-05,64.1783676147461,64.25449543665243,64.00918392101308,64.00918392101308,32466500
2023-12-06,64.18685150146484,64.31373771674009,64.14456039884043,64.25452501010511,21297200
2023-12-07,64.29679870605469,64.40676327651181,64.22066442366238,64.27987710832369,27779300
2023-12-08,64.16992950439453,64.21222705620691,64.00920655194786,64.12763195258215,30123200
2023-12-11,64.12762451171875,64.13608531183957,63.924610484716155,64.11917016529749,30141700
2023-12-12,64.27144622802734,64.29682218018976,63.950000290767555,64.09380165548853,29203400
2023-12-13,65.2526626586914,65.26112345758273,64.3390899893865,64.37292673125319,64201300
2023-12-14,65.54084777832031,65.77886798240854,65.4133351016833,65.56634901653489,67220400
2023-12-15,65.39635467529297,65.7533850809912,65.24334071777002,65.48136098823551,36336400
2023-12-18,65.43883514404297,65.52384142330129,65.22631620311547,65.52384142330129,34793600
2023-12-19,65.6258544921875,65.70236469289043,65.48984572564169,65.51534696402126,25269400
2023-12-20,65.63434600830078,65.91487255433945,65.60034220100248,65.70235362289739,38376400
2023-12-21,65.93186950683594,65.99137454667535,65.72785315389552,65.8893696129866,22861400
2023-12-22,65.85538482666016,66.09340505476186,65.81287843497137,66.04240257318715,18048400
2023-12-26,65.98291015625,65.99140624776348,65.86390001940084,65.88089868799385,12374700
2023-12-27,66.25491333007812,66.37392342934511,65.97438674513565,66.02538922037465,22835300
2023-12-28,66.04241180419922,66.22942957686644,65.91489909687469,66.22092700022728,22648100
2023-12-29,65.78736114501953,66.18689778139185,65.78736114501953,66.02538131505499,36993900
2024-01-02,65.56633758544922,65.65984643297607,65.48983388414344,65.56633758544922,41547100
2024-01-03,65.38783264160156,65.52384789028984,65.07330872874695,65.21782006630524,39495500
2024-01-04,65.1328125,65.37083269496777,65.11580735146579,65.29432249769162,32856100
2024-01-05,65.18380737304688,65.45583134779702,65.07329986271696,65.11579975796856,31158500
2024-01-08,65.54934692382812,65.60034939758918,65.20081272495743,65.20081272495743,33479100
2024-01-09,65.6513671875,65.72787090843188,65.42184305357497,65.46434944446914,25593500
2024-01-10,65.77037811279297,65.87238307529711,65.6938679053501,65.80438192881593,35702800
2024-01-11,65.98291015625,65.99140624776348,65.60037201446396,65.75338597406517,35947100
2024-01-12,66.05091094970703,66.23792873102263,65.99140588161262,66.03391228120834,31155500
2024-01-16,65.63434600830078,65.9233751275548,65.56633839370419,65.9233751275548,43669900
2024-01-17,65.35382080078125,65.52383984075493,65.22631462775502,65.52383984075493,54160800
2024-01-18,65.48983764648438,65.49834022008338,65.32832117592028,65.44733126405275,34837600
2024-01-19,65.60035705566406,65.60035705566406,65.26882796638745,65.51535076095088,44359700
2024-01-22,65.6513671875,65.8213797799473,65.60886079660582,65.60886079660582,36758900
2024-01-23,65.57483673095703,65.66834557359616,65.48132788831789,65.61734310872488,24561500
2024-01-24,65.54084777832031,65.82137436980892,65.48134272729826,65.79587313159435,27623300
2024-01-25,66.04241180419922,66.04241180419922,65.71088265649487,65.77038772183755,48268800
2024-01-26,65.99138641357422,66.11039651465403,65.95738260104226,66.00839156262224,26232800
2024-01-29,66.13589477539062,66.16139600974981,65.94037450269826,66.01688469133899,25924900
2024-01-30,66.05091094970703,66.16142499442952,65.90639956798717,66.13592374889849,32486600
2024-01-31,65.86388397216797,66.22091429572772,65.82137758269275,66.05089522339132,55548900
2024-02-01,66.24319458007812,66.30299601611162,65.87584103933877,66.06379027197765,48019300
2024-02-02,65.9441909790039,66.0296206754216,65.81604317544335,65.82458810044552,42727400
2024-02-05,65.63663482666016,65.79041087791536,65.49140369988235,65.73914784891853,51908600
2024-02-06,65.87583923339844,65.96981384714164,65.67080667517125,65.67080667517125,32948200
2024-02-07,65.98690795898438,66.03817099531729,65.79895870079038,66.01253621821654,42954100
2024-02-08,65.95271301269531,66.03814920577062,65.88437318324804,65.9356296848001,25548400
2024-02-09,66.08942413330078,66.13214224174841,65.90147488472041,65.9954495090106,33951400
2024-02-12,65.9441909790039,66.17485181111849,65.92710112899955,66.06379385756229,36249100
2024-02-13,65.41448211669922,65.6109761814619,65.30342422140312,65.49991176830117,69904200
2024-02-14,65.6707763671875,65.77328934005617,65.55117355359772,65.60243004003205,38603100
2024-02-15,65.9014663696289,65.97835765132591,65.73060699365152,65.78186350287126,44319900
2024-02-16,65.70496368408203,65.79039335249625,65.62807242000311,65.72204701061851,50322900
2024-02-20,65.8416519165039,65.89290841558801,65.62807447983198,65.68787590138548,31994100
2024-02-21,65.72208404541016,65.88440506937218,65.62810940183947,65.83314202514389,38674100
2024-02-22,66.03813934326172,66.04667774700093,65.86727350049557,65.90999159065348,45450200
2024-02-23,66.08087921142578,66.1748538357208,66.0296226955806,66.09796906195301,24686900
2024-02-26,65.8672866821289,66.0808641399295,65.85020335336623,66.0552358878521,32795300
2024-02-27,65.95271301269531,65.95271301269531,65.82457175881518,65.91000143402408,30926600
2024-02-28,65.9441909790039,66.02107575041943,65.86729968972035,65.91001779686323,24667600
2024-02-29,66.06379699707031,66.18339988131251,65.98690570413271,66.03816873871389,43322400
2024-03-01,66.31120300292969,66.33697723376578,65.96753129679912,66.09640900597215,39342900
2024-03-04,66.29405975341797,66.35420184428307,66.18236261681402,66.25969190792415,21607300
2024-03-05,66.24249267578125,66.45728675485641,66.2081248365298,66.29404771215594,38076900
2024-03-06,66.4057388305664,66.50884234918567,66.31122891058087,66.41433242920013,34335200
2024-03-07,66.48306274414062,66.59475986339436,66.43151426140521,66.57757266581905,30393000
2024-03-08,66.500244140625,66.78377388092677,66.491650542587,66.57756685798293,38317900
2024-03-11,66.49166107177734,66.52602891437692,66.41433834217509,66.44869962977894,27177600
2024-03-12,66.55181121826172,66.59477266546357,66.37997853944736,66.59477266546357,33351700
2024-03-13,66.57756805419922,66.74081364488083,66.50024533545201,66.50024533545201,28482200
2024-03-14,66.25967407226562,66.59475228188917,66.18234480197083,66.56038444564643,46677200
2024-03-15,66.2166976928711,66.36275604769095,66.12218780328341,66.2252912887408,53985300
2024-03-18,66.3713607788086,66.43150285000063,66.31121870761656,66.3885414184374,34649300
2024-03-19,66.63771057128906,66.65489776778728,66.3455937807678,66.3541873790169,41841500
2024-03-20,66.8611068725586,66.88688111563852,66.56039644496656,66.62053853048496,36886700
2024-03-21,66.82675170898438,66.9814037518014,66.74083536408536,66.9728101508124,34693300
2024-03-22,66.75800323486328,66.92124884742721,66.72364194747732,66.8525131626639,26955700
2024-03-25,66.65489959716797,66.73222231854758,66.62053175822312,66.63771240019803,29373100
2024-03-26,66.57756805419922,66.74081364488083,66.56038741280922,66.73222004668844,28522200
2024-03-27,66.92984008789062,66.92984008789062,66.67208455661044,66.74082023895122,28891100
2024-03-28,66.7837905883789,66.94702966197065,66.77519698819103,66.84393267970141,31546700
2024-04-01,66.51175689697266,66.79673485749353,66.48585100755739,66.79673485749353,47857400
2024-04-02,66.39949035644531,66.41676534027808,66.25268593624632,66.28722931543595,45551200
2024-04-03,66.45128631591797,66.48582968688645,66.24403267858143,66.30448193065769,29542300
2024-04-04,66.39949035644531,66.6844682934028,66.30449771079282,66.5894756477503,36056400
2024-04-05,66.33901977539062,66.43401239052218,66.31311389644088,66.3476572645318,30857300
2024-04-08,66.49446868896484,66.5290120607189,66.30448343855474,66.34766430036593,31067800
2024-04-09,66.63265991210938,66.69310918165061,66.51175478455066,66.59811653116063,32219100
2024-04-10,66.0454330444336,66.28723011319508,65.8899911304475,66.19223746639935,76623900
2024-04-11,65.98497772216797,66.11450714820687,65.81226083999047,66.07133286901903,50836000
2024-04-12,65.950439453125,65.99361373565637,65.84680931579308,65.95907035654574,41441700
2024-04-15,65.57048034667969,66.01953117675325,65.49275608295949,66.01953117675325,55560400
2024-04-16,65.35457611083984,65.5531988887977,65.2768518626039,65.5531988887977,55746100
2024-04-17,65.4409408569336,65.66546955439753,65.38049158320985,65.53593351399616,48158800
2024-04-18,65.49275970458984,65.5359405855419,65.32004935773645,65.44094791822931,40291400
2024-04-19,65.61365509033203,65.70001025090919,65.54456832647973,65.55320581908038,54739500
2024-04-22,65.97635650634766,66.00226239794604,65.72592190676826,65.75182779836665,40772500
2024-04-23,66.24403381347656,66.28721467504552,65.95905593946013,66.03678017258936,43554400
2024-04-24,66.09725952148438,66.235426482162,65.95045506686519,66.20952058881478,40496500
2024-04-25,65.95903778076172,65.97631275602323,65.553168100733,65.69997244809271,46371600
2024-04-26,66.16633605957031,66.20087944151493,65.95044486377378,65.95044486377378,34500800
2024-04-29,66.36495971679688,66.36495971679688,66.20951777484258,66.25269865423768,33157800
2024-04-30,65.88134765625,66.2872240941634,65.88134765625,66.14905058828846,49937500
2024-05-01,66.2286148071289,66.5237712657443,65.91609230788677,65.93345172530961,71484700
2024-05-02,66.63661193847656,66.65397135102222,66.26332164832556,66.39354042362513,41497900
2024-05-03,66.91441345214844,67.18352741572052,66.79287768645766,66.97518133499383,44204400
2024-05-06,66.9925308227539,67.0446223026193,66.94912898326784,66.9925308227539,29547100
2024-05-07,67.00121307373047,67.08802337491137,66.87099431035838,67.07066396395577,34064000
2024-05-08,66.84494018554688,66.89702503250113,66.80153173095148,66.83625716998775,22959500
2024-05-09,66.86231994628906,66.89704539589572,66.72342477106471,66.81023508348022,24590900
2024-05-10,66.75814056396484,66.87099329146038,66.68000665785154,66.85363388076927,24633800
2024-05-13,66.74078369140625,66.89704490188112,66.71474126019415,66.89704490188112,22109800
2024-05-14,66.84494018554688,66.87098260902401,66.75812989955635,66.77548930747434,27298700
2024-05-15,67.23560333251953,67.24428634982836,67.00989786810308,67.0619827255528,56544400
2024-05-16,67.07936096191406,67.24430522106304,67.07068456537193,67.24430522106304,31749800
2024-05-17,67.08802032470703,67.11406275155713,66.98385061730666,67.03593547100685,31550300
2024-05-20,67.12275695800781,67.12275695800781,67.01858061003948,67.04462966443324,18665000
2024-05-21,67.0706787109375,67.1922144839534,67.06199569194983,67.07935510672229,20295900
2024-05-22,66.9230728149414,67.0098897310842,66.86230494756194,66.97516428926724,31110700
2024-05-23,66.6886978149414,67.03594567996127,66.6626553841253,66.99253721313298,36464700
2024-05-24,66.9230728149414,66.94043884745028,66.70604377098604,66.79286068712882,20488500
2024-05-28,66.65396881103516,67.00989967507702,66.63660939915101,66.9925336399911,27771700
2024-05-29,66.4543228149414,66.54113314303181,66.42827375563115,66.44563979517132,38800000
2024-05-30,66.72342681884766,66.74078623258261,66.52375713328196,66.52375713328196,44210200
2024-05-31,66.95780181884766,66.97516785228039,66.77549820701087,66.77549820701087,45381900
2024-06-03,67.16539764404297,67.16539764404297,67.01712460507993,67.04329513248834,36791300
2024-06-04,67.13050842285156,67.24388742216455,67.07818067764367,67.08689753245322,39230600
2024-06-05,67.34854888916016,67.34854888916016,67.12178423872774,67.26133376332848,29793700
2024-06-06,67.23516845703125,67.31366673423565,67.19156421777377,67.31366673423565,24398300
2024-06-07,67.06071472167969,67.10432559976216,66.93861224795165,66.97349961960049,32498800
2024-06-10,67.12179565429688,67.13051916458994,66.94736537296772,66.99096961625567,24875700
2024-06-11,67.20899963378906,67.21772314263345,67.02584587258258,67.08689712631808,25339600
2024-06-12,67.47936248779297,67.71484394961533,67.4619154733846,67.67123306768073,51775700
2024-06-13,67.47064971923828,67.63636311206115,67.38343459557423,67.63636311206115,38532000
2024-06-14,67.20899963378906,67.31366177765888,67.11306099876363,67.25261052392338,52953300
2024-06-17,67.25260162353516,67.32237637688087,67.01711349451509,67.10433526324059,33165000
2024-06-18,67.46192169189453,67.51425608585741,67.31365532618813,67.33109568811777,46845500
2024-06-20,67.41832733154297,67.45320806050957,67.2787777993248,67.43576769602626,26989000
2024-06-21,67.49681854248047,67.51426556094563,67.33982864673348,67.40960341241833,26857600
2024-06-24,67.42704010009766,67.60147700479803,67.42704010009766,67.47065098979463,28766200
2024-06-25,67.51425170898438,67.52296856234062,67.40086607448794,67.47064082585705,26111600
2024-06-26,67.36599731445312,67.39216118992493,67.30494605365612,67.3834443341599,29282000
2024-06-27,67.44448852539062,67.44448852539062,67.31366250765647,67.33110287144679,29404500
2024-06-28,67.27876281738281,67.61018290146691,67.27876281738281,67.48808041501032,34952000
2024-07-01,67.26560974121094,67.44096058135484,67.23930778410993,67.39712621592176,31113100
2024-07-02,67.44974517822266,67.46727759046624,67.23932278526338,67.27439429895782,30418400
2024-07-03,67.68647766113281,67.68647766113281,67.44098372500315,67.44098372500315,22067300
2024-07-05,67.88812255859375,67.90565496915687,67.72153455681433,67.75660606714719,25941500
2024-07-08,67.87059020996094,67.9319636807978,67.78290808944547,67.87059020996094,26962000
2024-07-09,67.79170989990234,67.87062250807769,67.71280398093681,67.87062250807769,19108500
2024-07-10,67.94950866699219,67.96704108081607,67.83553125411723,67.87060277097288,25361900
2024-07-11,68.19499206542969,68.24759598798639,68.13361859271126,68.17745965431307,44932500
2024-07-12,68.37035369873047,68.4054185230542,68.20376568176019,68.20376568176019,31688100
2024-07-15,68.37911224365234,68.44925526628637,68.30020636009418,68.42295330510032,23235600
2024-07-16,68.64215087890625,68.67722239310747,68.38788741785294,68.44926089540323,41375400
2024-07-17,68.56324005126953,68.60708111744292,68.41419112901205,68.44049309303307,32750400
2024-07-18,68.42294311523438,68.6245959137676,68.36156965187132,68.59829395649857,42513000
2024-07-19,68.37035369873047,68.50186351296254,68.28267157029943,68.49310065148524,36125700
2024-07-22,68.62462615966797,68.63339571235805,68.48434676267046,68.53695070039343,32378800
2024-07-23,68.63337707519531,68.7561240226899,68.5895427020655,68.61584466378478,28826900
2024-07-24,68.41419982910156,68.65969377679343,68.39666741392716,68.56324877031328,37612800
2024-07-25,68.42294311523438,68.67720651751152,68.42294311523438,68.45801462132837,35409000
2024-07-26,68.64215087890625,68.71229390730869,68.57200785050381,68.71229390730869,23683700
2024-07-29,68.58077239990234,68.7736623693383,68.5106293766153,68.73859085769477,28468400
2024-07-30,68.6158218383789,68.6947276972883,68.49307493171672,68.67719529171,33652100
2024-07-31,68.86133575439453,68.91393967569078,68.70351730129909,68.79996228314667,50714800
2024-08-01,68.71063995361328,69.01030504408637,68.69301575969136,68.91335516695317,51319800
2024-08-02,68.48146057128906,68.7194308115058,68.40214164069859,68.57841041371475,71578700
2024-08-05,68.05842590332031,68.1994396039835,67.49435765221958,67.54723694944029,104456100
2024-08-06,68.31402587890625,68.57842911051576,68.01436081401275,68.28758622816775,60113400
2024-08-07,68.44624328613281,68.7547171411393,68.40217271074944,68.72827748559955,56107800
2024-08-08,68.72826385498047,68.76351223922562,68.56080377080623,68.65775363804138,31528100
2024-08-09,68.71944427490234,68.82520286974301,68.59605476477225,68.76350811467796,29759900
2024-08-12,68.76350402832031,68.781134942562,68.63130579262553,68.781134942562,33878400
2024-08-13,69.08080291748047,69.08961837583595,68.82520841896752,68.8428393356785,37310200
2024-08-14,69.20418548583984,69.23063185824971,69.01029249106779,69.06317178743981,36086900
2024-08-15,69.2658920288086,69.29233840571966,69.1425025001236,69.23945237612253,39411300
2024-08-16,69.48623657226562,69.5214916865293,69.22183330162629,69.23064876124857,33682600
2024-08-19,69.60079193115234,69.62723157612835,69.40689223569757,69.45977152564959,29604300
2024-08-20,69.5390853881836,69.65365940505096,69.42450464709432,69.6360352194644,33189300
2024-08-21,69.6977310180664,69.72417065896033,69.5479019035195,69.609596640346,34266700
2024-08-22,69.60963439941406,69.70657756053699,69.53030870948085,69.69776882494213,29292100
2024-08-23,69.97978973388672,69.97978973388672,69.6977555912122,69.78589000000592,32590900
2024-08-26,69.8387680053711,70.00622808593089,69.82995927161213,69.97097297822229,20460100
2024-08-27,69.8828353881836,69.95334560038934,69.72419077283263,69.7594458789355,22784300
2024-08-28,69.84757995605469,69.90927471039076,69.78588520171861,69.90045925285021,22351600
2024-08-29,69.91808319091797,69.94452283667736,69.82994879697893,69.91808319091797,18353000
2024-08-30,69.92689514160156,69.99740534968718,69.83876074360631,69.99740534968718,27633300
2024-09-03,69.67893981933594,69.92690649468472,69.6523729264893,69.85605694270359,31596800
2024-09-04,69.93575286865234,70.0066024089739,69.66121934563634,69.66121934563634,32371800
2024-09-05,70.17488098144531,70.21030576137913,70.00662172249207,70.05975551409983,44675300
2024-09-06,70.08631896972656,70.29886088231096,69.95347774064172,70.20144443142112,49888900
2024-09-09,70.25457763671875,70.2988535373973,70.10402741255888,70.20143709668565,24823800
2024-09-10,70.1217269897461,70.28999295681257,70.05087745028821,70.2634193120779,38347600
2024-09-11,70.22801971435547,70.23687084167071,69.9357703548951,70.0420379353638,42342700
2024-09-12,70.325439453125,70.39628225788535,70.14831554975903,70.18374033043223,28515000
2024-09-13,70.52025604248047,70.5645387014594,70.40513058835444,70.42283959799492,31806800
2024-09-16,70.69734954833984,70.759341190326,70.5290836244136,70.54679938302807,31402400
2024-09-17,70.715087890625,70.79479532429687,70.67081198888289,70.75937054895215,27423900
2024-09-18,70.777099609375,71.09591592121257,70.66197412432858,70.7416748239945,39546900
2024-09-19,70.98961639404297,71.14016659675987,70.92761798007069,71.10474182731167,48785900
2024-09-20,71.07818603515625,71.07818603515625,70.84792837609017,70.98962747600314,43626300
2024-09-23,70.94534301757812,71.03390157448368,70.91877612616494,71.01619256573649,29049400
2024-09-24,70.95419311523438,71.00732689223096,70.84791880465713,70.95419311523438,28674500
2024-09-25,70.8744888305664,70.94533837408754,70.86563094848017,70.91877148441321,28899100
2024-09-26,70.98961639404297,71.01618328198313,70.86562632268233,71.01618328198313,32732300
2024-09-27,71.16675567626953,71.17561356053967,71.02505655429144,71.04277232283171,36712700
2024-09-30,71.11360931396484,71.17560097972627,71.01619287397048,71.14017620549335,31551500
2024-10-01,71.07803344726562,71.1937207993221,71.0157392131487,71.18481968314474,45992200
2024-10-02,71.08690643310547,71.08690643310547,70.91782601386855,70.99791566673441,41214300
2024-10-03,70.91781616210938,71.02460235109602,70.86441627805674,70.99790580384935,31147700
2024-10-04,70.83773803710938,70.93562992868448,70.7843449288179,70.90893337453873,40122800
2024-10-07,70.53515625,70.78433309980085,70.52625513691856,70.78433309980085,69202500
2024-10-08,70.7042465209961,70.7131476353188,70.5707637539598,70.63305797509703,40947200
2024-10-09,70.65975189208984,70.7309472248934,70.60635199770687,70.69534955849161,42426500
2024-10-10,70.62416076660156,70.66865955111523,70.52626887232051,70.65975843630025,30091700
2024-10-11,70.81102752685547,70.82882296292497,70.60634266947757,70.60634266947757,26970800
2024-10-14,70.84661865234375,70.86441408677148,70.65973603783664,70.85551976433717,12065800
2024-10-15,70.82881164550781,70.94450572493245,70.81991732367412,70.83771275690017,31134400
2024-10-16,70.95342254638672,71.02461108461172,70.89112833196475,70.92671920629718,31626300
2024-10-17,70.84661865234375,71.01570583242314,70.73093135466576,70.9890024964429,46599300
2024-10-18,71.01571655273438,71.01571655273438,70.88222701091837,70.92671899848362,28905600
2024-10-21,70.73094940185547,70.93562750301447,70.65975406686067,70.89113551081336,36341500
2024-10-22,70.63304901123047,70.71313866128827,70.55295257161265,70.686442111269,35466600
2024-10-23,70.41947937011719,70.57077117126123,70.36608625769082,70.53517349978979,39761500
2024-10-24,70.62416076660156,70.67755387636896,70.49957231743682,70.57076765683418,30163900
2024-10-25,70.55296325683594,70.79324582252008,70.52626670277348,70.71314937077167,35590200
2024-10-28,70.73094940185547,70.76654027979203,70.64195183833155,70.67754950582895,31854500
2024-10-29,70.74873352050781,70.76652895662869,70.50845779029729,70.52625322641816,42992200
2024-10-30,70.62416076660156,70.88223877974605,70.59746421171788,70.73984810095133,28728700
2024-10-31,70.42837524414062,70.64195446751327,70.42837524414062,70.64195446751327,43194600
2024-11-01,70.43282318115234,70.72797188738893,70.41493848241821,70.68324990512892,44045700
2024-11-04,70.62960815429688,70.7458757866651,70.558055692708,70.70116061588577,27291200
2024-11-05,70.82637786865234,70.835316809124,70.60278153172504,70.60278153172504,31611900
2024-11-06,70.95158386230469,70.9784143281552,70.72798754872647,70.85320093844084,43173100
2024-11-07,71.25569152832031,71.2825220016846,70.88005125398061,70.92477325866766,51325800
2024-11-08,71.37193298339844,71.39876344434681,71.25565855446652,71.35404146035503,30543400
2024-11-11,71.29142761230469,71.38981050830594,71.29142761230469,71.36298005005398,11008700
2024-11-12,71.00523376464844,71.28249096686085,70.95157284128265,71.20199958181217,44594900
2024-11-13,71.02314758300781,71.19307616821392,70.99631028928354,71.18413040363916,33873600
2024-11-14,70.87107849121094,71.13045100762866,70.87107849121094,71.06784431908764,32749300
2024-11-15,70.86215209960938,70.90686727156047,70.70116246862476,70.8263758678774,33709500
2024-11-18,70.99629974365234,71.00524550689832,70.82637118368704,70.89791681880072,27780900
2024-11-19,71.10363006591797,71.1662367628426,70.92475573859564,70.9426404418806,34523200
2024-11-20,71.08572387695312,71.10360857483242,71.00522567745594,71.09466281408471,19934000
2024-11-21,71.11257934570312,71.22884698184996,71.07680311374598,71.13940981376635,28040000
2024-11-22,71.09468078613281,71.18411794537043,71.0589045577142,71.10362654914194,29564900
2024-11-25,71.36300659179688,71.4166675282587,71.30039989138521,71.30039989138521,35003000
2024-11-26,71.22883605957031,71.3719409654551,71.17517513167226,71.3719409654551,41103500
2024-11-27,71.4434814453125,71.4434814453125,71.27355291134421,71.29143761148198,30239600
2024-11-29,71.58658599853516,71.613416460422,71.45242686548399,71.55975553664831,25037800
2024-12-02,71.56053161621094,71.81209296102604,71.45271667363338,71.81209296102604,32387400
2024-12-03,71.56053161621094,71.6413876822447,71.52459330201842,71.62342195241472,24868500
2024-12-04,71.73123931884766,71.73123931884766,71.5515545791755,71.6144449235141,22733500
2024-12-05,71.66835021972656,71.71327483269188,71.61444616779504,71.68632280672611,23106300
2024-12-06,71.78514099121094,71.87498334949129,71.74021638480448,71.77615469902312,29931300
2024-12-09,71.6953125,71.82109319682709,71.6773399121482,71.78515487565737,22095100
2024-12-10,71.73123931884766,71.82108854321717,71.64139694901158,71.82108854321717,27195200
2024-12-11,71.74922180175781,71.83007788940256,71.72226977254289,71.82109844935384,24730000
2024-12-12,71.55155181884766,71.86600352840966,71.54256552585069,71.70428452713018,29081600
2024-12-13,71.34490966796875,71.61443674670285,71.31795079101595,71.61443674670285,34201100
2024-12-16,71.47966003417969,71.53357092620216,71.40779026903594,71.47068059761905,22269000
2024-12-17,71.32693481445312,71.42576346320506,71.32693481445312,71.34490739851663,29039500
2024-12-18,70.59454345703125,71.47054185708627,70.57648468869284,71.47054185708627,80034500
2024-12-19,70.52228546142578,70.90158844765995,70.52228546142578,70.84739836960992,69005700
2024-12-20,70.96481323242188,71.04608802449609,70.44101938339969,70.44101938339969,63276200
2024-12-23,70.775146484375,71.0641349299844,70.775146484375,71.02801051302973,29239400
2024-12-24,71.00093078613281,71.01898955261352,70.75709265345363,70.80224990469915,11926100
2024-12-26,71.18154907226562,71.18154907226562,70.8654689700412,70.90159339458535,18384900
2024-12-27,70.93769836425781,71.12734637358095,70.91963271192556,71.1092807212487,20631800
2024-12-30,71.03704833984375,71.10929028880996,70.8925506618543,70.96479950084903,20659200
2024-12-31,71.02803802490234,71.19962045936246,70.93773039255007,71.14543725795724,18664900
2025-01-02,71.1996078491211,71.29894829412352,71.09124146550353,71.23573227367011,30415400
2025-01-03,71.30797576904297,71.37119178475018,71.28088417517259,71.33506736291335,32611000
2025-01-06,71.43441009521484,71.51569176946605,71.36216124922025,71.47956734646876,32110000
2025-01-07,71.1996078491211,71.542786437322,71.18154908186132,71.47053758822396,43790200
2025-01-08,71.28990173339844,71.3350520835019,71.1273453149655,71.20862007916823,35304900
2025-01-10,70.91964721679688,71.16348534296027,70.89255562278517,71.16348534296027,37417300
2025-01-13,70.90159606933594,70.94674643419731,70.77516402367655,70.8835304113676,39180700
2025-01-14,70.99191284179688,71.10028613348982,70.93772964096571,71.0641617029255,29581100
2025-01-15,71.61503601074219,71.62406194944863,71.3982894612559,71.48860396855663,53574900
2025-01-16,71.69631958007812,71.71438523976262,71.45248829458045,71.53376309306954,32363000
2025-01-17,71.7595443725586,71.81372757816845,71.69632833600335,71.78663597536352,29546400
2025-01-21,71.94918060302734,71.97627220135931,71.8859645769094,71.89499740636342,32962700
2025-01-22,71.8498306274414,71.9943283194362,71.81370620444271,71.97626266292227,25028500
2025-01-23,71.94015502929688,71.94918096876668,71.74147412047907,71.81371608638817,27434800
2025-01-24,72.02140808105469,72.0936569151816,71.94013331018294,71.97625083721834,23648600
2025-01-27,72.07560729980469,72.12076455368936,71.8949920643252,71.94917525696313,28540600
2025-01-28,72.04852294921875,72.07561454826225,71.94918249270575,72.0394901195275,30439900
2025-01-29,72.00335693359375,72.09366454079053,71.90401649866867,72.03044852674991,20072100
2025-01-30,72.13882446289062,72.19301454641574,72.05754967264747,72.19301454641574,34495300
2025-01-31,71.99433135986328,72.22010384561798,71.94917410670055,72.15688782520785,37101100
2025-02-03,71.90361785888672,72.00340894692339,71.70403568281338,71.82196745899986,29965100
2025-02-04,72.13040161132812,72.13040161132812,71.87639049500642,71.93989327408684,28938600
2025-02-05,72.3209228515625,72.36627803254972,72.15762897318139,72.15762897318139,31834000
2025-02-06,72.21204376220703,72.38441141141264,72.19390307763557,72.32090863348695,24224100
2025-02-07,71.9852523803711,72.19390833519883,71.9761785767827,72.17576072802206,28778200
2025-02-10,72.13040161132812,72.20297127221731,72.09411332024162,72.15761609932204,23382600
2025-02-11,72.10318756103516,72.14854273420575,72.03061097842158,72.14854273420575,24410000
2025-02-12,71.94898223876953,72.0578471454423,71.80383595115845,71.85826494385186,34362700
2025-02-13,72.27555847167969,72.30277296367143,72.01247351361819,72.05783561446097,36149900
2025-02-14,72.35719299316406,72.4751247396813,72.32090470470875,72.3844074791847,26668300
2025-02-18,72.29369354248047,72.40255149156793,72.24833144950493,72.3481225170242,23274200
2025-02-19,72.34811401367188,72.35718781545724,72.17574638616422,72.24832295788143,38958600
2025-02-20,72.39350128173828,72.41164197033599,72.28463638629631,72.33906537337468,25789000
2025-02-21,72.2574234008789,72.44793178091463,72.2574234008789,72.36628137730767,32016500
2025-02-24,72.34811401367188,72.42975746589161,72.24832295788143,72.27553744195467,21029200
2025-02-25,72.52957916259766,72.55680057945371,72.42978806464936,72.52957916259766,30604400
2025-02-26,72.62935638427734,72.6475039920475,72.54771291316489,72.57492740353571,21777500
2025-02-27,72.4932861328125,72.64750619711779,72.45699783745515,72.62029170592093,40521800
2025-02-28,72.69285583496094,72.69285583496094,72.51142129328709,72.56585027153241,44321200
2025-03-03,72.54157257080078,72.68740644189717,72.4686625889943,72.63272221710687,40729100
2025-03-04,72.53246307373047,72.58714729844881,72.28637015501455,72.46866249364518,66274600
2025-03-05,72.56890869140625,72.62359290644144,72.40484909256018,72.4139584925724,32302200
2025-03-06,72.29547882080078,72.4595384312476,72.2590203569525,72.39573785794833,50431500
2025-03-07,72.41399383544922,72.46868503091785,72.30462535199968,72.32285111465998,52828900
2025-03-10,72.14054107666016,72.35016856762822,72.1314247215663,72.2772585881019,57602100
2025-03-11,71.88533020019531,72.24079151535251,71.82152962962198,72.19521669905414,75826700
2025-03-12,71.96735382080078,72.10407131081794,71.89443689895957,72.0584964962321,53763000
2025-03-13,71.56631469726562,71.88532447848134,71.53897259115915,71.87620812519914,81223200
2025-03-14,71.89444732666016,71.97648061406488,71.73950406057963,71.84887945920545,51469800
2025-03-17,72.06761169433594,72.09495380115288,71.88532634639616,71.90355209969401,33954200
2025-03-18,71.94001007080078,72.06761120423894,71.94001007080078,72.01292699097695,40195900
2025-03-19,72.41399383544922,72.49602715178024,71.96738963596127,71.96738963596127,45212700
2025-03-20,72.31369018554688,72.45952401191933,72.24078022610023,72.35926499472316,42977600
2025-03-21,72.20433807373047,72.28636440428238,72.06762056906946,72.2499059394567,35124000
2025-03-24,72.41399383544922,72.45956867271576,72.32285111465998,72.38665171458683,36393500
2025-03-25,72.37751770019531,72.53246096822731,72.35016863488835,72.45954403489172,29075500
2025-03-26,72.08584594726562,72.38662306519713,71.97647750710225,72.36839730975026,51236100
2025-03-27,71.9491195678711,72.13140489720038,71.94000321528276,72.04937858512407,38493100
2025-03-28,71.82154083251953,72.00382621866503,71.69393967146934,71.99470986323523,58896900
2025-03-31,71.90354919433594,71.93089130004809,71.56631366515946,71.56631366515946,47853500
2025-04-01,72.07025146484375,72.09772661417004,71.83212185805566,72.06109075254294,54256000
2025-04-02,72.21678161621094,72.22594232771162,71.93286244786916,71.93286244786916,49072400
2025-04-03,71.31922912597656,71.69473445494248,71.20016083654842,71.52987658214445,116401400
2025-04-04,70.30260467529297,70.82465342587984,70.10111094917602,70.33924053345746,181273300
2025-04-07,69.69812774658203,71.07194106742494,69.26766512137245,69.48748028376195,193374800
2025-04-08,69.3775634765625,70.64146904813329,69.07532290915157,70.54072219232964,106007700
2025-04-09,71.23680114746094,71.29175144596897,68.76393988853435,68.78225432551166,152382200
2025-04-10,70.07364654541016,70.68728154169665,69.73477004611722,70.58653466319272,93884100
2025-04-11,70.28428649902344,70.67811325801415,69.60654056061237,69.85382388017595,71884000
2025-04-14,70.63233184814453,70.94372621160115,70.46747395349792,70.77886831695453,50011400
2025-04-15,70.82467651367188,70.98037372094431,70.68729374766417,70.74224405903615,39790500
2025-04-16,70.81550598144531,70.99867831900887,70.62317293073053,70.84298113332217,52028800
2025-04-17,71.2276382446289,71.24595966861887,71.00783006978075,71.09026250258374,37355500
2025-04-21,70.80633544921875,70.9895147489567,70.6597989970042,70.97119332519499,36078000
2025-04-22,71.08108520507812,71.26425747678228,70.98949906922604,71.05361006307993,33941100
2025-04-23,71.43830108642578,72.11604711457039,71.41082593478943,71.98782508188295,63723400
2025-04-24,72.07939147949219,72.11602733415086,71.60313934407908,71.69472548693835,49007800
2025-04-25,72.14350891113281,72.29921305420966,71.93286146253098,71.97865104425617,47981700
2025-04-28,72.18013763427734,72.23509490952081,71.94201506266297,72.15266249044296,42220700
2025-04-29,72.37247467041016,72.39995680335403,72.03360522742877,72.03360522742877,51198600
2025-04-30,71.98780822753906,72.08855508500253,71.85958622487195,72.01528337274272,69994200
2025-05-01,72.08079528808594,72.2556992040074,72.0071478374835,72.17285108963526,50848600
2025-05-02,72.30172729492188,72.36616705538675,72.13602405038257,72.26490357131235,41354100
2025-05-05,72.27411651611328,72.39378835899518,72.17285302467181,72.23729278982478,39815300
2025-05-06,72.21886444091797,72.28330419449439,72.1084003053049,72.1820477446512,36292600
2025-05-07,72.28331756591797,72.3753803938344,72.1360296833855,72.32014129240301,32676200
2025-05-08,72.26490783691406,72.51345920669075,72.21887642383327,72.42140340393671,32684900
2025-05-09,72.3109359741211,72.449016160293,72.30172828724055,72.34775267482878,23971200
2025-05-12,73.02897644042969,73.08420851142293,72.75280203864993,72.94612131053304,70558600
2025-05-13,73.15786743164062,73.25913092661844,73.01978020908835,73.07501228874611,52141900
2025-05-14,72.89088439941406,73.1210273778129,72.85406068006148,73.09341134415004,45406500
2025-05-15,73.02897644042969,73.02897644042969,72.78041807414655,72.78041807414655,49301300
2025-05-16,73.1118392944336,73.12104698259202,72.97375206568991,73.07501556520806,30657200
2025-05-19,73.07501983642578,73.0842275251224,72.77123634352344,72.78043700881145,26228800
2025-05-20,73.03819274902344,73.0750164787093,72.91852089510061,72.97375297792526,25933700
2025-05-21,72.55028533935547,72.92772327359853,72.5410846751601,72.79884374078573,54737300
2025-05-22,72.69758605957031,72.77123351946798,72.49505905655587,72.55029113977496,43242700
2025-05-23,72.67916107177734,72.70678413314235,72.4858417826668,72.50425715691013,29598900
2025-05-27,73.12104797363281,73.13025566191604,72.88169724212695,72.98296074301757,33524700
2025-05-28,73.07501983642578,73.13025894519689,72.95534797700417,73.11184356780365,27012900
2025-05-29,73.18547058105469,73.24991033710802,73.10262247616038,73.24070265098422,28616300
2025-05-30,73.24992370605469,73.25913139385901,73.093428130421,73.13945252262671,28930300
2025-06-02,73.2369613647461,73.24621276739641,73.05197565225522,73.19071140824707,45527200
2025-06-03,73.37570190429688,73.39419765227191,73.22770769348699,73.29245339652822,28458700
2025-06-04,73.51445770263672,73.54220485787836,73.3849592169197,73.3849592169197,41403600
2025-06-05,73.35721588134766,73.52370587822016,73.3202173201811,73.50521012601386,44563900
2025-06-06,73.34796142578125,73.43120288436927,73.30171146650811,73.42195148116404,41300100
2025-06-09,73.38496398925781,73.46821251715014,73.32946967516565,73.32946967516565,30169000
2025-06-10,73.56071472167969,73.57921753322627,73.37572894674365,73.44972607942006,24234400
2025-06-11,73.5422134399414,73.66245347893789,73.52371062978537,73.61620351030223,30114400
2025-06-12,73.62544250488281,73.62544250488281,73.5052024861543,73.54220104347536,28373200
2025-06-13,73.40345001220703,73.53294141997875,73.34795571080558,73.4589443136085,35271000
2025-06-16,73.55143737792969,73.62543448451095,73.52369022714984,73.55143737792969,26225100
2025-06-17,73.46821594238281,73.66245310751518,73.4127216257034,73.55145741740193,27747200
2025-06-18,73.57920837402344,73.7271955641997,73.46821268882567,73.5237070030475,32833500
2025-06-20,73.81044006347656,73.81968441083956,73.61619586079442,73.64395007314451,45845800
2025-06-23,73.94917297363281,73.94917297363281,73.72718868071676,73.78268298975742,32361400
2025-06-24,74.15267181396484,74.18967037738139,73.99543321201038,74.04168318046966,50893200
2025-06-25,74.13417053222656,74.19891624918861,74.06942481526451,74.16191768853118,24156100
2025-06-26,74.34689331054688,74.35614471363985,74.18040333863784,74.24514904678286,28889100
2025-06-27,74.3099136352539,74.43016073575572,74.2729221269892,74.36541501116041,47849500
2025-06-30,74.59663391113281,74.61512966109008,74.41164112779444,74.48563824112979,52885900
2025-07-01,74.5027847290039,74.5957143156427,74.43773330934945,74.53066289598824,45411000
2025-07-02,74.64216613769531,74.64216613769531,74.41913376109869,74.50276824354565,32359500
2025-07-03,74.68865203857422,74.70723512013309,74.58642736481772,74.62360061800854,19750000
2025-07-07,74.4377212524414,74.66075364226386,74.40054800579236,74.65146564815547,37027200
2025-07-08,74.33549499511719,74.45630981664159,74.28903375536076,74.42842456470171,31358900
2025-07-09,74.53994750976562,74.54924259414555,74.41913977311444,74.47489609925006,30277500
2025-07-10,74.46560668945312,74.54924827510239,74.46560668945312,74.53995319001413,28776200
2025-07-11,74.37267303466797,74.39126320382611,74.27974345909364,74.38196811924705,30482200
2025-07-14,74.42843627929688,74.43773136473983,74.31692361427268,74.35409686597168,23716200
2025-07-15,74.20539093017578,74.50276980188188,74.20539093017578,74.49348180813001,37039500
2025-07-16,74.4005355834961,74.41912574875262,74.11245183265571,74.29831094479712,39780100
2025-07-17,74.47488403320312,74.51205727462826,74.34478123325061,74.38195447467574,25703200
2025-07-18,74.57711029052734,74.64216169191313,74.51205888914156,74.58640537360274,27686400
2025-07-21,74.6793441772461,74.76297866506316,74.64217093041455,74.64217093041455,28483300
2025-07-22,74.8094482421875,74.82803132087686,74.66075525238462,74.75369191604742,26017700
2025-07-23,74.84661102294922,74.85590610603005,74.75368146235385,74.82802085678755,26025000
2025-07-24,74.7536849975586,74.81873640205882,74.72580683706869,74.7536849975586,27013700
2025-07-25,74.8001480102539,74.88378958378003,74.72580861054031,74.80944309399493,30123100
2025-07-28,74.76299285888672,74.82804428067402,74.7537048629694,74.82804428067402,22093800
2025-07-29,74.8094482421875,74.85591657401889,74.76297991035611,74.80015315780682,21371800
2025-07-30,74.6514663696289,74.8280304303285,74.57711987561228,74.76297902058192,38392400
2025-07-31,74.69792175292969,74.7908584081982,74.65146051536678,74.71651192001192,41501300
2025-08-01,74.70165252685547,74.80438642406695,74.5335315005039,74.75769049367734,68963100
2025-08-04,74.95384216308594,74.95384216308594,74.77637907269634,74.80439806046586,37539200
2025-08-05,74.9164810180664,74.94450000579127,74.81373997915055,74.9164810180664,29656300
2025-08-06,74.99120330810547,75.00054534600585,74.8511012431479,74.91648125667649,30512900
2025-08-07,74.9164810180664,75.05658308257776,74.86978508048729,75.00988001911163,29405000
2025-08-08,74.92581939697266,74.95383838332923,74.8697814242595,74.90713532214383,24679000
2025-08-11,74.92581939697266,74.99119940710021,74.87911633578726,74.92581939697266,30159800
2025-08-12,75.09395599365234,75.09395599365234,74.91649287545756,74.9725308597767,40846200
2025-08-13,75.29009246826172,75.29009246826172,75.14999038826802,75.14999038826802,35039600
2025-08-14,75.09395599365234,75.17801297013105,75.04725292279431,75.17801297013105,36559900
2025-08-15,75.14999389648438,75.15933593582348,75.06593692009682,75.15933593582348,22754000
2025-08-18,75.09395599365234,75.17801297013105,75.07527191495387,75.13131702516115,25400800
2025-08-19,75.07527160644531,75.16867774777755,75.05659465371173,75.14065162984502,21700500
2025-08-20,75.0472412109375,75.121963262294,75.00988018525925,75.10328631239838,29704900
2025-08-21,74.90713500976562,75.0005411317469,74.8978000982768,74.96318010813172,35825900
2025-08-22,75.51425170898438,75.52359374791067,75.00055358224385,75.0192305342086,59541500
2025-08-25,75.36480712890625,75.47688308118812,75.36480712890625,75.44886409311765,32714800
2025-08-26,75.5329360961914,75.56095508719719,75.41151096731586,75.45821403625074,33659900
2025-08-27,75.62632751464844,75.64500446481436,75.48622544779909,75.48622544779909,24335000
2025-08-28,75.66368865966797,75.66368865966797,75.56094761887627,75.62632763339035,24203800
2025-08-29,75.52360534667969,75.64502336781726,75.52360534667969,75.64502336781726,35070300
2025-09-02,75.44194030761719,75.47947913961589,75.26363264557337,75.32932381162108,51804000
2025-09-03,75.64842224121094,75.64842224121094,75.46073518658963,75.46073518658963,34283100
2025-09-04,75.85487365722656,75.86425299702778,75.66717946418163,75.6953389629894,37999700
2025-09-05,75.89239501953125,76.10823434207829,75.86423552720798,75.99562501198409,39147800
2025-09-08,75.89239501953125,75.98623851454299,75.87362202464907,75.9674655196608,27003400
2025-09-09,75.80792999267578,75.90177348661118,75.70470000140695,75.87362115441053,36704500
2025-09-10,75.86424255371094,75.9580932172148,75.81732438175939,75.86424255371094,38106100
2025-09-11,76.05194091796875,76.10824559133802,75.92994507240174,75.92994507240174,34221500
2025-09-12,75.97685241699219,76.04254357982613,75.95808658181096,76.04254357982613,25702800
2025-09-15,76.19271087646484,76.20209021562982,76.08009436827709,76.08948086724295,27248800
2025-09-16,76.13639068603516,76.23024134579137,76.10823835202832,76.21146834992008,33075600
2025-09-17,76.06133270263672,76.2396332339639,75.9299503491109,76.19271505616256,35955700
2025-09-18,76.23025512695312,76.26778680588059,76.08009977203767,76.14579094986283,43250000
2025-09-19,76.25841522216797,76.2865675641276,76.15518519511458,76.24902872158071,32042900
2025-09-22,76.31470489501953,76.32409139376045,76.18332255184936,76.1927090505903,26670200
2025-09-23,76.25841522216797,76.35225874863411,76.2021033784466,76.3334857474596,37088500
2025-09-24,76.1551742553711,76.24901776835655,76.12702191745556,76.24901776835655,28124300
2025-09-25,75.9393310546875,76.0237952319312,75.91117871554006,76.0144087322816,33509900
2025-09-26,76.08946228027344,76.11761461049316,75.9768457995954,76.05192345338075,31046800
2025-09-29,76.22086334228516,76.2396291804477,76.13639917105148,76.16455866799663,28558500
2025-09-30,76.19271087646484,76.21147671459569,76.1082467053738,76.17393787853311,54970300
2025-10-01,76.33507537841797,76.37279120026227,76.16535777689731,76.19364284489117,58042600
2025-10-02,76.30679321289062,76.34450903616953,76.22193081212366,76.31622396709979,33348900
2025-10-03,76.221923828125,76.31621697446131,76.203069514992,76.29735546777121,35109200
2025-10-06,76.24079132080078,76.28793789767062,76.21250625210195,76.26907638949962,29485100
2025-10-07,76.15592956542969,76.26907703473992,76.14650600482211,76.26907703473992,27672300
2025-10-08,76.04278564453125,76.2219268037381,76.03335489081803,76.20307248986904,34932200
2025-10-09,75.82592010498047,76.04278427513484,75.72220339667498,76.03335352159145,65586700
2025-10-10,75.38277435302734,75.89192718253875,75.38277435302734,75.87307286747144,83840400
2025-10-13,75.85420989990234,75.85420989990234,75.5902063326907,75.64678366392012,31926800
2025-10-14,75.93907165527344,76.03335761511175,75.5336355537668,75.59963644500938,63860100
2025-10-15,76.18421936035156,76.21250442837355,75.9956402509425,76.10878771658794,59802200
2025-10-16,75.91077423095703,76.20306281694836,75.86362766193292,76.1842085054726,75725200
2025-10-17,76.10877990722656,76.11821066011872,75.83534562180805,75.8447763747002,70044200
2025-10-20,76.2596435546875,76.28793581617205,76.15592684324989,76.15592684324989,43762300
2025-10-21,76.14651489257812,76.31623251957392,76.14651489257812,76.25965518153629,45418100
2025-10-22,76.0710678100586,76.1936388294249,75.99563617034528,76.14649944977191,50698600
2025-10-23,76.24079132080078,76.24079132080078,76.08992802966345,76.08992802966345,37962400
2025-10-24,76.4482192993164,76.45764285917244,76.3445025924429,76.40107272580767,39905600
2025-10-27,76.63680267333984,76.6839492539031,76.49537012520834,76.5330859509473,36495000
2025-10-28,76.56135559082031,76.63678722709486,76.53307052560655,76.63678722709486,31591400
2025-10-29,76.32564544677734,76.58965620253154,76.27850606413226,76.56136394067542,51827100
2025-10-30,76.18421936035156,76.31622114015917,76.14650353846974,76.17478860649175,39967300
2025-10-31,76.18421936035156,76.33507545432133,76.13707278460993,76.26907456441754,45044600
2025-11-03,75.94729614257812,76.19369568573246,75.93781729046758,76.18421683362192,54615100
2025-11-04,75.95677185058594,76.02310935212245,75.77670981916741,75.79566752260378,49705000
2025-11-05,76.0325927734375,76.07997257438518,75.9757268899561,75.99468459453185,42273700
2025-11-06,76.06102752685547,76.12736503711193,75.93782412906035,76.1084073311836,46629200
2025-11-07,76.12734985351562,76.14630032541794,75.89990080921842,76.05153350541656,47233800
2025-11-10,76.38323974609375,76.43062678285256,76.22213538950848,76.241085866064,51875200
2025-11-11,76.46852111816406,76.50642929465681,76.39270476517858,76.39270476517858,17001100
2025-11-12,76.31689453125,76.4779988715774,76.27898635171779,76.46852724937881,43962900
2025-11-13,76.004150390625,76.21264174350165,75.95677059330913,76.21264174350165,53631300
2025-11-14,76.02310943603516,76.1936926159238,75.8904344328157,75.8904344328157,40853500
2025-11-17,75.89990997314453,76.07049316184067,75.8525301725458,75.99468403483355,42954200
2025-11-18,75.91886138916016,75.99467774013314,75.80513686270069,75.83356618675427,44098700
2025-11-19,75.95677185058594,76.09892570537714,75.89990597052223,75.94729299886775,33510100
2025-11-20,75.90938568115234,76.27898136964417,75.90938568115234,76.2031722457771,65471200
2025-11-21,76.1652603149414,76.20316849012939,75.9378112638135,76.06101464073573,62331700
2025-11-24,76.37374877929688,76.38322763119456,76.19369397471401,76.21264444826384,38964900
2025-11-25,76.63909912109375,76.66752844398187,76.32636210883476,76.35479143172286,56524800
2025-11-26,76.71490478515625,76.74334133700908,76.56327932649725,76.60118749872314,27454800
2025-11-28,76.7528305053711,76.82864686715676,76.70545070193971,76.76230935815586,29430800
2025-12-01,76.61476135253906,76.68140742973992,76.52906938820789,76.5481152753382,45274800
2025-12-02,76.75759887695312,76.77663750576838,76.62430668360712,76.68142983393263,38842600
2025-12-03,76.8242416381836,76.91944930588576,76.70998807861334,76.74807259847009,35019100
2025-12-04,76.88136291503906,76.9004015425644,76.70998621179402,76.83375545040684,34777400
2025-12-05,76.88136291503906,76.93848606149433,76.8051938771792,76.86232428751373,30486800
2025-12-08,76.69094848632812,76.87184087352391,76.63381807532163,76.85280224577464,43160800
2025-12-09,76.6052474975586,76.74806261246931,76.58620887204712,76.69093947205641,30558800
2025-12-10,76.8623275756836,76.91945072458259,76.56717435731983,76.57669730342951,53052100
2025-12-11,76.8528060913086,76.89089061259214,76.79568294132312,76.87184472001051,44546400
2025-12-12,76.7099838256836,76.84327600585257,76.6718993079383,76.82423737891945,45566100
2025-12-15,76.7480697631836,76.83375448178629,76.70998524473379,76.80519290891873,28983600
2025-12-16,76.79568481445312,76.80520049709634,76.70046987698201,76.74807734571758,27908000
2025-12-17,76.70046997070312,76.80520059094542,76.65286976578928,76.78616196175585,36999700
2025-12-18,76.90991973876953,76.92896562899796,76.80518913414959,76.90991973876953,52680500
2025-12-19,76.87262725830078,76.97785418529824,76.8439303324474,76.9395891847262,34413300
2025-12-22,76.93958282470703,76.96827974818825,76.80565898292667,76.96827974818825,37203900
2025-12-23,76.99696350097656,76.99696350097656,76.8630396821045,76.88217582668666,24341800
2025-12-24,77.14044952392578,77.14044952392578,76.9778287988521,77.01609378680477,10533500
2025-12-26,77.1021957397461,77.19785457437791,77.09262766679254,77.14046073325908,10922900
2025-12-29,77.1308822631836,77.15958647817499,77.05435958477403,77.06392035813755,22012700
2025-12-30,77.20743560791016,77.24570060784656,77.11177675722038,77.14047368259706,20146700
2025-12-31,77.1308822631836,77.24567722824835,77.1308822631836,77.21698031155724,17457100
2026-01-02,77.1691665649414,77.21699963693148,77.09263656907814,77.21699963693148,28403300
2026-01-05,77.37005615234375,77.39876037593702,77.19786730229653,77.2361323021184,38563200
2026-01-06,77.38917541503906,77.4274404065115,77.31264543209419,77.38917541503906,31721500
2026-01-07,77.37005615234375,77.4848511518094,77.33179115252187,77.44658615198752,27022700
2026-01-08,77.42744445800781,77.43700523265055,77.29352062999698,77.33177832517043,33516900
2026-01-09,77.4848403930664,77.51353731437264,77.43700732535505,77.43700732535505,31849200
2026-01-12,77.52310180664062,77.53266987940121,77.38917798119674,77.39874605395732,23983600
2026-01-13,77.52310180664062,77.56136679938189,77.45613989391867,77.5517987266213,27607400
2026-01-14,77.52310180664062,77.53266987940121,77.41787490117741,77.48483681389935,42994000
2026-01-15,77.52310180664062,77.59006371936256,77.48483681389935,77.58049564660197,30412400
2026-01-16,77.57093811035156,77.5805061844118,77.47527926465554,77.56137733459343,52466300
2026-01-20,77.37005615234375,77.43701807745643,77.16917037700573,77.2457003766495,38653400
2026-01-21,77.59963989257812,77.63790488931379,77.44657990563545,77.46571605315422,42023500
2026-01-22,77.65702056884766,77.71441440506693,77.60918750646451,77.66658864098441,35231900
2026-01-23,77.61876678466797,77.67616062917337,77.52310794439174,77.6570317804388,38360500
2026-01-26,77.65702056884766,77.69528555909405,77.5996267326284,77.66658864098441,27027500
2026-01-27,77.64745330810547,77.69528637098847,77.61875638969596,77.65702138034221,22961500
2026-01-28,77.52310180664062,77.65702563208451,77.51353373388002,77.64745755932391,35559200
2026-01-29,77.51354217529297,77.55180717220138,77.38918640906704,77.53267832289814,38201600
2026-01-30,77.59963989257812,77.60920066803563,77.40831490889978,77.40831490889978,59848000
2026-02-02,77.64674377441406,77.6851979154043,77.52177331697887,77.55061208912718,42890700
2026-02-03,77.59867858886719,77.68519490195612,77.4160232598432,77.63713272836577,49372700
2026-02-04,77.50254821777344,77.59867990095677,77.42563993747585,77.57944916369372,42829400
2026-02-05,77.416015625,77.50253926393306,77.3391073535876,77.44485439318554,75554200
2026-02-06,77.6851806640625,77.6851806640625,77.50253270289083,77.5505948676725,40915900
2026-02-09,77.79094696044922,77.79094696044922,77.63713772692925,77.63713772692925,33716900
2026-02-10,77.71402740478516,77.87745931806646,77.71402740478516,77.81977444628271,37886100
2026-02-11,77.70442962646484,77.80056131295592,77.5986825710114,77.77172254044636,27272300
2026-02-12,77.66596984863281,77.83900980550995,77.62751570995155,77.78133226467658,48457000
2026-02-13,77.72364807128906,77.81017171767516,77.6948093006194,77.70442466896831,36612400
2026-02-17,77.6851806640625,77.73325016322,77.61788776586751,77.69479603076917,35682000
2026-02-18,77.78132629394531,77.84861919787765,77.68518728743359,77.71402605563652,33943100
2026-02-19,77.8101577758789,77.8101577758789,77.70441074611949,77.75247291049828,29531000
2026-02-20,77.86784362792969,77.86784362792969,77.74287318593943,77.80055072310778,37959800
2026-02-23,77.74287414550781,77.87745995681281,77.71402804219106,77.82939045232818,33666000
2026-02-24,77.6851806640625,77.74286552992666,77.531371468635,77.72363479651334,54979900
2026-02-25,77.79094696044922,77.80056232953723,77.69481527270203,77.69481527270203,29428200
2026-02-26,77.72364807128906,77.81017171767516,77.63713175928005,77.76210221030766,54533600
2026-02-27,77.59867858886719,77.67558686786435,77.53138567833895,77.62751735989683,62450000
2026-03-02,77.55422973632812,77.67982052733204,77.31271805559948,77.34169827803066,74327000
2026-03-03,77.39967346191406,77.58321734490266,77.12917416265034,77.22578474042066,118126800
2026-03-04,77.67017364501953,77.71847156868515,77.47695983929786,77.50594743792092,58694100
2026-03-05,77.36102294921875,77.5832095669702,77.30305513429754,77.54456681380657,79841000
2026-03-06,76.9842758178711,77.2837479827916,76.9456330594374,77.04223627034537,82125600
2026-03-09,77.44796752929688,77.45763006066389,76.8393607195095,76.88765863564073,88695000
2026-03-10,77.32239532470703,77.65084773533452,77.31273279193769,77.33205785747636,67499600
2026-03-11,77.14849853515625,77.32238725509174,77.10019324670385,77.27408196663934,59983500
2026-03-12,76.65580749511719,77.04222766594462,76.62682727211669,77.04222766594462,68674300
2026-03-13,76.51090240478516,76.97460810442446,76.43362426347198,76.82969961264017,68652900
2026-03-16,76.75241088867188,76.96494235168018,76.75241088867188,76.8103787051707,57535600
2026-03-17,77.10018157958984,77.1098441098886,76.86833244487762,76.90697519572151,47967800
2026-03-18,76.70411682128906,77.04223172469378,76.6944542896626,76.98427127563929,50281900
2026-03-19,76.95529174804688,76.99392713419836,76.30803478955076,76.34667754605442,103981600
2026-03-20,76.24040985107422,76.82969897451098,76.17278687151682,76.80071875046524,109084800
2026-03-23,76.74275970458984,76.99392656447684,76.48192294270825,76.60751374300388,79015800
2026-03-24,76.48192596435547,76.71378251082199,76.37566022314643,76.5495489478201,71941600
2026-03-25,76.72343444824219,76.87800547272413,76.65581146761937,76.75241467274452,49917700
2026-03-26,76.24040985107422,76.63649256730469,76.12448895489125,76.55920705628138,74979300
2026-03-27,76.04719543457031,76.16311631854448,75.90228695925137,76.16311631854448,68174300
2026-03-30,76.1341323852539,76.41428679178321,76.08583447607008,76.33700129266805,55210700
2026-03-31,76.85867309570312,76.90697837884508,76.43361755952984,76.47226031197312,101521300
2026-04-01,77.04701232910156,77.13437466644672,76.92081241147173,77.02759353895922,69789200
2026-04-02,77.23143768310547,77.29938862873831,76.76549045765101,76.76549045765101,53828200
2026-04-06,77.36734771728516,77.37705711228251,77.17320425392847,77.18291364892582,37098300
2026-04-07,77.38675689697266,77.40616827845835,76.99846261238137,77.33821733411219,47264100
2026-04-08,77.84300231933594,78.16333825427957,77.68768164267449,78.11480609739598,58556400
2026-04-09,77.93036651611328,78.03714763235695,77.65856273152856,77.80417401786971,45207500
2026-04-10,77.61973571777344,77.98861123955305,77.61002632332982,77.98861123955305,33005600
2026-04-13,77.91095733642578,77.92065932465114,77.54207441312128,77.54207441312128,38561400
2026-04-14,78.14392852783203,78.20217007976488,77.9400756899694,77.9886078478809,42038000
2026-04-15,78.1051025390625,78.13422331658785,77.99832141740417,78.09539314452137,47834900
2026-04-16,77.99832153320312,78.1730536047127,77.91095920049736,78.1730536047127,37743400
2026-04-17,78.28954315185547,78.39632427235037,78.2021734141333,78.24100358577671,61651600
2026-04-20,78.22158813476562,78.3089504618462,78.14392779551784,78.2701202922223,21104400
2026-04-21,78.01773834228516,78.22159118618971,77.95948938252823,78.19247040936018,58623500
2026-04-22,78.14392852783203,78.21187947378624,78.06626818785647,78.14392852783203,28004500
2026-04-23,78.01773834228516,78.19247040936018,77.81388549838061,78.10510067277373,49921700
2026-04-24,78.12451934814453,78.1730515074241,77.9497872813228,78.08568917706216,33626300
2026-04-27,78.15364074707031,78.18276152408944,78.06627100991501,78.0856897986597,24643700
2026-04-28,78.04686737060547,78.07598815051378,77.97891641545318,77.99832780002585,36382400
2026-04-29,77.78475189208984,77.98860472178123,77.63914801809412,77.96919334061424,56809400
2026-04-30,78.02743530273438,78.06626547137098,77.82358247196525,77.83329186564876,51626100
2026-05-01,78.12403869628906,78.28993352483155,78.09476532798905,78.12403869628906,43740400
2026-05-04,77.87033081054688,78.0850046586204,77.7629901640574,78.0850046586204,35069300
2026-05-05,77.98743438720703,78.08501477532033,77.95816101526368,77.95816101526368,26357900
2026-05-06,78.22163391113281,78.29969375234302,78.14356662501643,78.15331945210134,38323100
2026-05-07,77.92888641357422,78.29969486051581,77.92888641357422,78.28018176116363,44772900
2026-05-08,78.20211029052734,78.21187056213445,78.06549626765143,78.07525653925853,29715200
2026-05-11,78.04598236083984,78.21186975191272,78.04598236083984,78.14356274118236,34366600
2026-05-12,77.93863677978516,77.95814987665725,77.77274195429845,77.88984287024695,37418900
2026-05-13,77.97767639160156,78.01670258833518,77.86057546668302,77.90936193505298,33257100
2026-05-14,77.91912841796875,78.11429664172404,77.91912841796875,78.03622935222192,27235600
2026-05-15,77.53855895996094,77.76300055394617,77.53855895996094,77.71420663723873,54466000
2026-05-18,77.61663055419922,77.77275769549199,77.51905016027789,77.70445067525637,38596100
2026-05-19,77.43121337890625,77.52879376121415,77.31411989809916,77.48976756421574,42904700
2026-05-20,77.92888641357422,77.93864668570345,77.48001067941136,77.5775910659848,58906300
2026-05-21,77.96792602539062,78.0557461465572,77.72397131782989,77.82155171187281,37584600
2026-05-22,77.97767639160156,78.08500959997785,77.90936193505298,78.07525677324739,22429400
2026-05-26,78.24114227294922,78.25090254434936,78.1045282529702,78.2021086322544,30406100
2026-05-27,78.19234466552734,78.27041194322757,78.14355820064372,78.23137830437746,22523800
2026-05-28,78.2899398803711,78.32896607800225,78.10453193954575,78.14356558208299,32001600
2026-05-29,78.36799621582031,78.41679012803624,78.27041583629419,78.31920974851012,39142200
2026-06-01,78.30816650390625,78.34739995201623,78.11200674637142,78.25913030603009,32671000
2026-06-02,78.36702728271484,78.36702728271484,78.25913716171473,78.30817336388658,25237500
2026-06-03,78.1512451171875,78.24932500213292,78.10220143320701,78.21990178495085,28203400
2026-06-04,78.2983627319336,78.31797571422499,78.21989583673803,78.21989583673803,22697900
2026-06-05,77.90604400634766,78.19048091935471,77.8275771028252,78.1708604519662,46035600
2026-06-08,78.0139389038086,78.12182903200286,77.95509246407218,78.07278534354502,25217800
2026-06-09,78.0923843383789,78.25912086046057,77.8962171215056,78.0923843383789,34705500
2026-06-10,77.94526672363281,78.11200325839354,77.9256462589464,78.0335363656774,30345200
2026-06-11,78.40626525878906,78.43568847839322,77.99431773528228,78.0433614233,55089500
2026-06-12,78.40626525878906,78.46511169799739,78.26895191195887,78.40626525878906,29873300
2026-06-15,78.50433349609375,78.6318365897865,78.49452326334351,78.60241337455086,32019600
2026-06-16,78.49452209472656,78.57298898953007,78.42586543252722,78.49452209472656,24471900
2026-06-17,78.20028686523438,78.5337599623964,78.18066639892167,78.45529306317638,47184800
2026-06-18,78.47491455078125,78.53376098445443,78.38663741725603,78.49452753433383,41111700
2026-06-22,78.40626525878906,78.4454987126,78.33760858537396,78.40626525878906,26479500
2026-06-23,78.33759307861328,78.43567295221784,78.28854940030365,78.29835963256852,29811300
2026-06-24,78.31797790527344,78.45529123419969,78.30816767234579,78.40625503559185,38841000
2026-06-25,78.34739685058594,78.4454842084856,78.28855042225798,78.38663029714284,29322400
2026-06-26,78.2983627319336,78.41605559171194,78.2787422666272,78.2885524992804,27647500
2026-06-29,78.47491455078125,78.49452753433383,78.31798075029883,78.4160606340926,37325700
2026-06-30,78.43568420410156,78.51415110744745,78.38664051875645,78.46510742210234,38103900
2026-07-01,78.42483520507812,78.49381765409967,78.34601208193178,78.39527559418528,38152300
2026-07-02,78.54307556152344,78.62190619674813,78.50366024391109,78.56278697918118,26111800
2026-07-06,78.70073699951172,78.74015231720797,78.56278714642642,78.56278714642642,25159400
2026-07-07,78.59234619140625,78.71058462594354,78.55293087399279,78.68102501730921,28558300
2026-07-08,78.49382019042969,78.51352409242703,78.3755742253338,78.44454915888042,30771300
2026-07-09,78.5824966430664,78.69088689502486,78.50366600205959,78.56279274166656,21882200
2026-07-10,78.54307556152344,78.66132151436047,78.45439673517302,78.61205048791925,24550300
2026-07-13,78.3558578491211,78.52337483516972,78.29673862916478,78.50366341671531,32133300
2026-07-14,78.5135269165039,78.52338262670905,78.40513665735995,78.5135269165039,28248700
2026-07-15,78.64161682128906,78.67117643260015,78.54308227768416,78.54308227768416,26948800
2026-07-16,78.63176727294922,78.67117507554838,78.56279234184521,78.59235195264641,22780300
2026-07-17,78.48396301269531,78.67117639013244,78.4642515933627,78.58249755624703,42020100
2026-07-20,78.5135269165039,78.60220575523759,78.50367120629876,78.57264614232636,19767900
2026-07-21,78.48396301269531,78.57264184658072,78.43469198206756,78.55293794495189,27198800
2026-07-22,78.3558578491211,78.48395951596436,78.31645004761918,78.444544196759,24851700
2026-07-23,78.07011413574219,78.20806400152155,77.99128349309574,78.11937764911833,52554200
2026-07-24,78.07011413574219,78.14893726068479,78.0011392028525,78.08981803755188,41964600
2026-07-27,78.1095199584961,78.23762162897387,78.07996034767928,78.17849488963657,28939800
2026-07-28,78.25732421875,78.25732421875,78.08981474845957,78.15878967844407,33698300
2026-07-29,78.0799560546875,78.31644796362662,77.98142151814784,78.20805771812199,53074500
2026-07-30,78.30658721923828,78.33614682652906,78.1686373734128,78.21790087966318,30570700
2026-07-31,78.31645202636719,78.3755712478172,78.07996010515983,78.29674060741475,38659800
2026-08-03,78.52833557128906,78.54814268601645,78.3699164244744,78.46892933550868,30860100
2026-08-04,78.76597595214844,78.81547863077212,78.58774968986117,78.58774968986117,46524700
2026-08-05,78.73626708984375,78.77587376617367,78.65706129138498,78.76597776274201,25771800
2026-08-06,78.6768569946289,78.72636722616392,78.6273543172946,78.72636722616392,25818200
2026-08-07,78.82538604736328,78.90459940208045,78.7857793700047,78.88479228630051,23459400
2026-08-10,78.69667053222656,78.78577989122192,78.62736073494084,78.78577989122192,30292400
2026-08-11,78.72637176513672,78.78577800304323,78.70656464970044,78.76597844180812,17988300
2026-08-12,78.82538604736328,78.87489628261183,78.80557893158334,78.8550891668319,25243300
2026-08-13,79.00361633300781,79.07292613335704,78.89469985328735,78.95410609524336,28659200
2026-08-14,78.92440032958984,79.03331680566062,78.87489764768584,79.0135172437393,26611000
2026-08-17,78.82538604736328,78.9243989636591,78.80557893158334,78.88479228630051,22620500
2026-08-18,78.74617767333984,78.79568791171992,78.68677143064517,78.77588079468718,29462900
2026-08-19,78.92440032958984,78.95410344957253,78.8550905315631,78.90460076766853,29670000
2026-08-20,78.77587127685547,78.84518106969239,78.6966654808996,78.76597527373652,41762500
2026-08-21,78.82538604736328,78.87489628261183,78.76597980842605,78.87489628261183,37545400
2026-08-24,78.91449737548828,78.92440093362545,78.79568489464823,78.83529157299542,20714600
2026-08-25,79.13232421875,79.15213133349484,78.97390507179581,79.04321486500093,29540300
2026-08-26,79.1125259399414,79.12242949747427,78.99370591215005,79.07291926401095,28585000
2026-08-27,79.08282470703125,79.18183762211754,79.0333144723875,79.14223094524279,32490100
2026-08-28,78.9541015625,79.16203095161049,78.87489576250641,79.11252827088965,35134500
2026-08-31,79.02340698242188,79.02340698242188,78.84518072245459,78.92439407226246,36481400
2026-09-01,78.74962615966797,78.9487448198822,78.70980242762512,78.91887132414988,48867800
2026-09-02,78.75958251953125,78.87905371342683,78.7496246878066,78.78944841910513,34409100
2026-09-03,78.85913848876953,78.94874378358982,78.81931475724942,78.85913848876953,23037600
2026-09-04,78.80936431884766,78.8890041860834,78.79940648709315,78.84918045466547,25350900
2026-09-08,78.76954650878906,78.88901011642318,78.74963084378291,78.8392361451092,27470400
2026-09-09,78.63016510009766,78.75958653671901,78.63016510009766,78.7396708722539,31651700
2026-09-10,78.27175903320312,78.47087010409238,78.26180120097852,78.44100420301905,53424500
2026-09-11,78.25184631347656,78.51069679185387,78.25184631347656,78.43104932226073,38955300
2026-09-14,78.1821517944336,78.29166515938546,78.0626881931045,78.20206745838864,44071500
2026-09-15,78.0328140258789,78.16224305367237,78.0328140258789,78.16224305367237,42245600
2026-09-16,78.07263946533203,78.36135583170844,78.01290766387498,78.15228693100836,48625900
2026-09-17,78.3713150024414,78.40118090368006,78.3115831999641,78.38127283472113,45356000
2026-09-18,78.1821517944336,78.30162299136298,78.13237782574657,78.26179925905318,34871100
2026-09-21,78.33148956298828,78.40117919622757,78.27175776181184,78.32153173092541,44495800
2026-09-22,78.321533203125,78.40118066992427,78.25184356857575,78.36135693652464,30714000
2026-09-23,77.75405883789062,78.2418862831447,77.72419293653229,78.20207014506728,68957400
2026-09-24,77.54499053955078,77.8038410126827,77.50516680556122,77.65450390912196,74979500
2026-09-25,77.51512145996094,77.58481109268537,77.32596063016592,77.56490302430709,58325400
2026-09-28,77.19654083251953,77.30605419992145,77.07706963291733,77.25627263452041,98803600
2026-09-29,77.017333984375,77.2662266077486,76.81822292391615,77.2662266077486,152376600
2026-09-30,76.86800384521484,77.25627576515528,76.82818011040034,77.12685432370873,83243000
2026-10-01,76.9000015258789,76.9800033569336,76.38999938964844,76.75,115429800
2026-10-02,76.91000366210938,77.27999877929688,76.83000183105469,77.22000122070312,82489800
2026-10-05,76.9800033569336,77.0199966430664,76.80999755859375,76.88999938964844,39142800
2026-10-06,77.2699966430664,77.31999969482422,77.13999938964844,77.1500015258789,47352500
2026-10-07,77.18000030517578,77.20999908447266,76.93000030517578,77.0,59233080
