Date,Close,High,Low,Open,Volume
1993-01-29,24.053529739379883,24.070637513020976,23.95088309753331,24.070637513020976,1003200
1993-02-01,24.224611282348633,24.224611282348636,24.070641295384554,24.070641295384554,480500
1993-02-02,24.27593421936035,24.29304199541346,24.1561797869886,24.207503115147922,201300
1993-02-03,24.53255271911621,24.549660496465666,24.293043836223866,24.310151613573318,529400
1993-02-04,24.63518524169922,24.68650854428609,24.344353193706937,24.61807747417026,531500
1993-02-05,24.618078231811523,24.66940153597791,24.48121608736782,24.618078231811523,492100
1993-02-08,24.618078231811523,24.70361707208884,24.583862695700596,24.618078231811523,596100
1993-02-09,24.447011947631836,24.532550827784505,24.395688619540238,24.532550827784505,122100
1993-02-10,24.48122787475586,24.498335651048492,24.37858121700007,24.447012322170597,379600
1993-02-11,24.60099220275879,24.703638901796726,24.515453286893845,24.515453286893845,19500
1993-02-12,24.41278839111328,24.566758324904466,24.41278839111328,24.566758324904466,42500
1993-02-16,23.79690933227539,24.344358001314074,23.76269379046047,24.344358001314074,374800
1993-02-17,23.77980613708496,23.831129459682987,23.694267266088254,23.796913911284303,210900
1993-02-18,23.76270294189453,24.053535159325925,23.437655169471206,24.053535159325925,378100
1993-02-19,23.84823989868164,23.84823989868164,23.728485465904903,23.762701018126826,34900
1993-02-22,23.93376350402832,23.96797903441292,23.848224678066817,23.91665573883602,513600
1993-02-23,23.916656494140625,24.019303088536077,23.796902134012594,24.0021953228035,373700
1993-02-24,24.224611282348633,24.224611282348636,23.933779084749816,23.933779084749816,26300
1993-02-25,24.27593421936035,24.29304199541346,24.1561797869886,24.207503115147922,44500
1993-02-26,24.310134887695312,24.32724265327427,24.190380528642628,24.32724265327427,66200
1993-03-01,24.2417049407959,24.395674838091,24.20748940806365,24.395674838091,66500
1993-03-02,24.60099220275879,24.60099220275879,24.224620972953023,24.258836539299,182400
1993-03-03,24.703636169433594,24.720743950714365,24.600989481748964,24.63520504431051,280100
1993-03-04,24.566774368286133,24.737852184221275,24.566774368286136,24.737852184221275,89500
1993-03-05,24.49835777282715,24.703651273716762,24.481249981086346,24.601004523271953,40000
1993-03-08,25.04578399658203,25.045783996582028,24.549658493917494,24.549658493917494,50800
1993-03-09,24.960243225097656,25.01156654906976,24.90891990112556,24.99445877441239,169300
1993-03-10,25.011568069458008,25.011568069458008,24.857598088182275,24.960244742366097,194400
1993-03-11,24.943140029907227,25.097110030091837,24.908924474310645,25.028678918898677,70900
1993-03-12,24.6865234375,24.75495454889986,24.53255343685031,24.737846771049895,643600
1993-03-15,24.8062801361084,24.8062801361084,24.669417900874695,24.669417900874695,310800
1993-03-16,24.8062801361084,24.87471125372525,24.8062801361084,24.8062801361084,30800
1993-03-17,24.65230941772461,24.772063870135483,24.61809385989293,24.772063870135483,21800
1993-03-18,24.8062801361084,24.90892681253367,24.75495679789576,24.75495679789576,59300
1993-03-19,24.768733978271484,24.906242563855226,24.768733978271484,24.906242563855226,66900
1993-03-22,24.63121795654297,24.68278366056923,24.510897980481698,24.52808654849045,183400
1993-03-23,24.68279457092285,24.717171722135834,24.648417419709865,24.699983146529345,55200
1993-03-24,24.68279457092285,24.785926024561803,24.52809739046442,24.648417419709865,37200
1993-03-25,24.837472915649414,24.889038603363566,24.665587289935576,24.699964415078345,110100
1993-03-26,24.699987411499023,24.837496040094706,24.682798832924565,24.820307461520244,101500
1993-03-29,24.803119659423828,24.923439713211746,24.71717676386103,24.71717676386103,87100
1993-03-30,24.87184715270996,24.87184715270996,24.803092910408065,24.837470031559015,56000
1993-03-31,24.85468101501465,25.009378199755407,24.854681015014652,24.94062389542618,111600
1993-04-01,24.768733978271484,24.88905399065726,24.71716825867758,24.88905399065726,129500
1993-04-02,24.25307846069336,24.56247279966748,24.25307846069336,24.56247279966748,59400
1993-04-05,24.37339210510254,24.44214638466559,24.304637825539483,24.44214638466559,172200
1993-04-06,24.30464744567871,24.424967482538506,24.235893138901684,24.424967482538506,129700
1993-04-07,24.390579223632812,24.390579223632812,24.287447810425064,24.33901351702894,28000
1993-04-08,24.356201171875,24.493709717658344,24.25306976253749,24.493709717658344,180800
1993-04-12,24.699987411499023,24.717175990073486,24.562478782903344,24.596855940052265,348500
1993-04-13,24.75153923034668,24.837482074896492,24.665596385796864,24.682784954706825,146100
1993-04-14,24.717174530029297,24.785928840265818,24.69998595247017,24.76874026270669,119600
1993-04-15,24.717174530029297,24.76874026270669,24.614043064674515,24.69998595247017,148600
1993-04-16,24.717174530029297,24.76874026270669,24.682797374911036,24.73436310758843,47900
1993-04-19,24.614049911499023,24.785935734903347,24.596861329158592,24.71718140554162,157000
1993-04-20,24.493715286254883,24.61403529116982,24.339018137078536,24.57965814690841,279500
1993-04-21,24.476524353027344,24.54527863491787,24.40777007113682,24.54527863491787,67900
1993-04-22,24.167142868041992,24.57966877759605,24.167142868041992,24.37340582281902,97700
1993-04-23,24.064001083374023,24.18432108879089,24.029623938969202,24.115566799981252,106000
1993-04-26,23.87491798400879,24.167123603683482,23.806163720555922,24.081180774367397,62600
1993-04-27,24.132740020751953,24.132740020751953,23.84053447919014,23.84053447919014,156800
1993-04-28,24.081192016601562,24.149946312152174,24.046814868826257,24.098380590489217,85900
1993-04-29,24.18430519104004,24.184305191040043,23.995231021102985,24.132739508329934,85000
1993-04-30,24.21869468688965,24.356203244373763,24.21869468688965,24.27026039594619,88500
1993-05-03,24.37339210510254,24.37339210510254,24.149940696522613,24.253072115867194,80500
1993-05-04,24.459333419799805,24.54527626386094,24.390579144550895,24.424956282175348,149100
1993-05-05,24.52808380126953,24.614026631687434,24.459329536935208,24.459329536935208,109000
1993-05-06,24.44215202331543,24.510906318739664,24.42496344945937,24.493717744883604,54700
1993-05-07,24.390579223632812,24.459333499104645,24.356202085896896,24.459333499104645,68000
1993-05-10,24.44215202331543,24.5796606141639,24.42496344945937,24.42496344945937,113900
1993-05-11,24.545286178588867,24.545286178588867,24.373400421035726,24.44215472405698,42600
1993-05-12,24.51090431213379,24.52809288458269,24.442150022338183,24.442150022338183,31000
1993-05-13,24.21869468688965,24.407768953430306,24.201506117204133,24.407768953430306,129100
1993-05-14,24.201505661010742,24.287448507818308,24.184317091649227,24.218694230372254,63500
1993-05-17,24.287456512451172,24.287456512451175,24.16713648726564,24.27026793742467,34000
1993-05-18,24.27027130126953,24.321837033496024,24.184328414225373,24.304648456087193,105200
1993-05-19,24.768733978271484,24.768733978271484,24.11556819674871,24.270265355530423,50200
1993-05-20,24.837472915649414,24.837472915649414,24.71715297764973,24.768718665363878,98200
1993-05-21,24.614049911499023,24.889067228945944,24.596861329158592,24.85469006426508,221400
1993-05-24,24.717174530029297,24.80311741782495,24.665608797351908,24.665608797351908,30500
1993-05-25,24.768733978271484,24.820299697865387,24.768733978271484,24.820299697865387,191800
1993-05-26,25.078136444091797,25.09532502287459,24.820307762349938,24.837496341132727,102400
1993-05-27,24.992189407348633,25.112509438883322,24.957812255481578,25.112509438883322,53800
1993-05-28,24.87184715270996,24.9749785161628,24.751527228681645,24.9749785161628,79100
1993-06-01,25.112499237060547,25.19844208181435,24.923424978602185,24.957802116503707,28300
1993-06-02,25.078136444091797,25.164079338005752,24.940627813829472,25.043759286526218,20300
1993-06-03,24.992189407348633,25.026566559215684,24.94062367954805,25.026566559215684,21600
1993-06-04,24.90624237060547,24.923430943670066,24.803110932217866,24.923430943670066,32000
1993-06-07,24.820302963256836,24.95781156693139,24.820302963256836,24.95781156693139,121400
1993-06-08,24.596845626831055,24.75154276913817,24.596845626831055,24.75154276913817,104500
1993-06-09,24.68279457092285,24.785926024561803,24.648417419709865,24.68279457092285,43300
1993-06-10,24.699987411499023,24.717175990073486,24.614044518626724,24.665610254350106,17900
1993-06-11,24.803119659423828,24.837496817648947,24.69998818474847,24.78593108031127,647400
1993-06-14,24.768733978271484,24.854676844261324,24.768733978271484,24.837488271063357,64200
1993-06-15,24.717174530029297,24.82030599538408,24.717174530029297,24.80311741782495,142400
1993-06-16,24.768733978271484,24.768733978271484,24.648413965885712,24.71716825867758,330900
1993-06-17,24.85468101501465,24.854681015014652,24.76873813460312,24.82030386285004,37400
1993-06-18,24.650007247924805,24.840421629755685,24.65000724792481,24.840421629755685,58500
1993-06-21,24.701934814453125,24.719245210258627,24.667314022842117,24.719245210258627,29300
1993-06-22,24.7192325592041,24.736542946150323,24.684611785311656,24.736542946150323,137500
1993-06-23,24.494197845458984,24.719232878668148,24.49419784545898,24.719232878668148,227600
1993-06-24,24.823110580444336,24.823110580444336,24.563454612029645,24.563454612029645,243700
1993-06-25,24.805784225463867,24.875025772499352,24.78847383870499,24.805784225463864,44800
1993-06-28,25.0827579498291,25.082757949829098,24.8923436382707,24.92696442219041,439900
1993-06-29,24.96158218383789,25.048134133157717,24.92696140410996,25.048134133157717,207500
1993-06-30,24.96158218383789,25.048134133157717,24.92696140410996,24.99620296356582,437600
1993-07-01,24.89234161376953,24.996203957081505,24.857720832665542,24.996203957081505,605700
1993-07-02,24.753854751586914,24.823096303339607,24.66730281189605,24.805785915401433,285400
1993-07-06,24.494197845458984,24.78847442734789,24.45957707111911,24.719232878668148,246400
1993-07-07,24.563446044921875,24.59806682863565,24.476894085637444,24.476894085637444,343700
1993-07-08,24.84041976928711,24.892350960442414,24.546143019407054,24.58076381351059,248200
1993-07-09,24.909658432006836,24.90965843200684,24.788485666875463,24.840416851931767,378200
1993-07-12,24.89234161376953,24.90965200432153,24.840410442113548,24.875031223217537,373700
1993-07-13,24.875030517578125,24.978892857943798,24.736547397090565,24.909651297700016,389600
1993-07-14,24.96158218383789,25.03082374329375,24.875030234518064,24.89234062438203,617300
1993-07-15,24.85769271850586,24.944244573375308,24.805761605584188,24.944244573375308,443800
1993-07-16,24.788463592529297,24.892325870151627,24.753842833321855,24.875015490547906,216400
1993-07-19,24.771175384521484,24.78848577961898,24.701933804131485,24.78848577961898,188200
1993-07-20,24.84041976928711,24.840419769287113,24.632695004665894,24.753867784028273,68500
1993-07-21,24.823110580444336,24.823110580444336,24.736558590972773,24.805800182550023,142700
1993-07-22,24.650007247924805,24.823111231407424,24.65000724792481,24.7884904347109,632400
1993-07-23,24.771175384521484,24.771175384521484,24.684623409033986,24.701933804131485,286200
1993-07-26,24.909658432006836,24.96158961706314,24.840416851931767,24.840416851931767,121300
1993-07-27,24.89234161376953,24.94427278542552,24.805789661009555,24.926962394873524,92800
1993-07-28,24.84041976928711,24.892350960442414,24.805798975183574,24.840419769287113,30800
1993-07-29,24.978885650634766,25.048127190899866,24.85771295517084,24.89233372530339,331000
1993-07-30,24.84041976928711,24.978902945701257,24.805798975183574,24.978902945701257,75300
1993-08-02,24.909658432006836,24.996210407100676,24.875037641969303,24.875037641969303,41300
1993-08-03,24.926959991455078,25.03082232475281,24.840408047040306,24.96158076922099,81600
1993-08-04,24.926959991455078,24.978891158103945,24.85771843592326,24.92695999145508,434000
1993-08-05,24.875030517578125,24.92696168776096,24.840409737456234,24.92696168776096,36800
1993-08-06,24.909658432006836,24.96158961706314,24.875037641969303,24.944279222044372,402300
1993-08-09,25.048152923583984,25.117394534982974,24.926980103635756,24.978911312184998,828200
1993-08-10,25.030826568603516,25.04813696042136,24.996205784967827,25.030826568603516,604900
1993-08-11,25.030826568603516,25.100068135874896,25.01351617678567,25.01351617678567,542200
1993-08-12,24.96158218383789,25.100065302749613,24.875030234518064,25.100065302749613,303700
1993-08-13,24.99620819091797,25.013518584401982,24.97889779743395,24.97889779743395,103500
1993-08-16,25.134679794311523,25.203921336444612,25.013507095578618,25.013507095578618,241800
1993-08-17,25.221242904663086,25.221242904663086,25.117380545412587,25.117380545412587,369300
1993-08-18,25.35972023010254,25.411651397809234,25.29047867316028,25.307789062395845,414300
1993-08-19,25.35972023010254,25.377030619338104,25.32509945163141,25.377030619338104,28500
1993-08-20,25.377038955688477,25.37703895568848,25.290486981078356,25.30779737600038,80700
1993-08-23,25.325090408325195,25.342400791379415,25.27315925916253,25.27315925916253,15600
1993-08-24,25.602075576782227,25.60207557678223,25.325109241942123,25.325109241942123,273400
1993-08-25,25.619367599487305,25.723229900566306,25.567436448947802,25.60205721597414,242300
1993-08-26,25.636686325073242,25.775169438240418,25.532823990197862,25.636686325073242,120000
1993-08-27,25.619367599487305,25.619367599487305,25.567436448947802,25.567436448947802,25700
1993-08-30,25.72323989868164,25.757860679164388,25.63668794747477,25.63668794747477,183500
1993-08-31,25.792484283447266,25.792484283447266,25.671311538491473,25.705932322764557,66500
1993-09-01,25.757856369018555,25.80978753105287,25.705925206984244,25.705925206984244,136500
1993-09-02,25.671300888061523,25.809783967700426,25.653990503106662,25.7751631977907,472400
1993-09-03,25.68863296508789,25.723253764232215,25.619391366799245,25.65401216594357,630500
1993-09-07,25.515522003173828,25.72324674132721,25.480901213481598,25.68862595163498,196400
1993-09-08,25.428956985473633,25.515508915308462,25.255853125803966,25.515508915308462,269900
1993-09-09,25.480905532836914,25.498215930617377,25.325111952812776,25.325111952812776,239200
1993-09-10,25.7059326171875,25.72324300952231,25.51551830150463,25.550139086174244,106500
1993-09-13,25.72323989868164,25.792481459647135,25.72323989868164,25.792481459647135,66900
1993-09-14,25.619367599487305,25.653988366513637,25.53281568192147,25.653988366513637,184500
1993-09-15,25.68863296508789,25.705943364660055,25.428976971505467,25.515528969366276,101000
1993-09-16,25.584760665893555,25.6713126302572,25.567450273020828,25.65400223738447,54300
1993-09-17,25.535158157348633,25.587412914832978,25.500321652359073,25.569994662338196,200900
1993-09-20,25.326141357421875,25.622251675906178,25.326141357421875,25.569996913820713,57800
1993-09-21,25.23905372619629,25.395818035054653,24.97777987809902,25.360981521975017,318200
1993-09-22,25.448060989379883,25.482897486285264,25.291296753305673,25.326133250211054,439700
1993-09-23,25.587400436401367,25.604818680401642,25.48289097239973,25.517727460400273,88500
1993-09-24,25.517738342285156,25.569993096569696,25.482901839428795,25.552574845141518,53500
1993-09-27,25.796430587768555,25.796430587768555,25.709339329876023,25.709339329876023,274600
1993-09-28,25.744157791137695,25.81383074862386,25.726739551766155,25.81383074862386,158300
1993-09-29,25.657085418701172,25.81384968806187,25.622248914398796,25.74417667945712,221000
1993-09-30,25.604829788208008,25.709339297547633,25.552575033538197,25.657084542877822,99300
1993-10-01,25.726743698120117,25.76158018247776,25.535143034153077,25.56997951851072,22700
1993-10-04,25.7615909576416,25.7615909576416,25.691917959784558,25.7615909576416,1038500
1993-10-05,25.726743698120117,25.81383490901423,25.63965248722601,25.81383490901423,436500
1993-10-06,25.709333419799805,25.84867940039493,25.70933341979981,25.744169914948586,209200
1993-10-07,25.639659881591797,25.744169364804804,25.622241634389628,25.744169364804804,59400
1993-10-08,25.67449951171875,25.726754259707324,25.482898769093985,25.7093360103778,54400
1993-10-11,25.726743698120117,25.778998424656585,25.726743698120117,25.726743698120117,467100
1993-10-12,25.7615909576416,25.77900920710586,25.744172708177338,25.7615909576416,26200
1993-10-13,25.7615909576416,25.77900920710586,25.726754458713078,25.77900920710586,139100
1993-10-14,26.092538833618164,26.092538833618164,25.79642857983211,25.866101580722948,108100
1993-10-15,26.23187828063965,26.284133018250483,26.144787051288255,26.214460034769367,1502500
1993-10-18,26.162202835083008,26.214457567776247,26.127366346620846,26.214457567776247,722400
1993-10-19,25.97061538696289,26.17963442428251,25.97061538696289,26.127379664952606,880100
1993-10-20,26.00545883178711,26.057713605059288,25.95320405851493,26.057713605059288,230400
1993-10-21,25.97061538696289,26.022870146292796,25.935778880742955,26.022870146292796,56200
1993-10-22,25.848676681518555,26.1099503676525,25.848676681518555,26.005440893198923,390700
1993-10-25,25.918350219726562,25.95318671195738,25.79642249691871,25.86609548138034,114500
1993-10-26,25.900930404663086,25.918348649723384,25.813839179361597,25.900930404663086,186200
1993-10-27,25.918350219726562,25.93576846584197,25.86609548138034,25.86609548138034,118400
1993-10-28,26.109949111938477,26.179622091556723,25.953184907797418,25.953184907797418,129600
1993-10-29,26.109949111938477,26.12736735684304,26.075112622129353,26.092530867033915,80700
1993-11-01,26.17963409423828,26.197052347128658,26.07512457689601,26.07512457689601,36400
1993-11-02,26.162202835083008,26.19703932354517,26.00543863700328,26.144784590851927,262100
1993-11-03,25.831253051757812,26.144781409769706,25.70932535697541,26.144781409769706,479100
1993-11-04,25.55258560180664,25.83127774197631,25.535167343046037,25.83127774197631,130400
1993-11-05,25.67449951171875,25.674499511718754,25.37838927311684,25.482898769093985,363200
1993-11-08,25.709333419799805,25.779006410097367,25.622242181927856,25.691915172225418,367600
1993-11-09,25.726743698120117,25.900926119908338,25.709325455941297,25.883507877729517,246900
1993-11-10,25.918350219726562,25.918350219726562,25.65707652799545,25.72674951245708,46500
1993-11-11,25.848676681518555,25.98802264745666,25.83125843577629,25.918349664487607,88900
1993-11-12,25.97061538696289,26.05770665251273,25.88352412141305,25.900942374523016,108200
1993-11-15,25.95319366455078,26.022866667677093,25.88352066142447,26.022866667677093,243300
1993-11-16,26.075111389160156,26.09252963324109,25.9009289483508,26.005438412836412,492600
1993-11-17,25.935768127441406,26.092532340434673,25.866095143888845,26.092532340434673,39600
1993-11-18,25.86609649658203,25.953187730577255,25.79642350938585,25.90093299018012,240800
1993-11-19,25.813844680786133,25.848681178331052,25.76158993446875,25.77900818324121,106000
1993-11-22,25.657085418701172,25.761594931608307,25.569994157945228,25.74417667945712,165300
1993-11-23,25.796430587768555,25.813848839347063,25.6570845751405,25.796430587768555,89700
1993-11-24,25.900930404663086,25.918348649723384,25.831257424421896,25.866093914542493,77200
1993-11-26,25.918350219726562,25.970604958072787,25.900931973611154,25.970604958072787,1019800
1993-11-29,25.813844680786133,26.040281914828114,25.81384468078613,25.988027168510733,517500
1993-11-30,25.831253051757812,25.953180746540216,25.778998325422496,25.79641656753427,230000
1993-12-01,25.86609649658203,25.988024224175344,25.866096496582028,25.9706059773763,379200
1993-12-02,25.935768127441406,25.953186373329547,25.866095143888845,25.918349881553265,352000
1993-12-03,26.040283203125,26.040283203125,25.918355455685617,25.918355455685617,306000
1993-12-06,26.127365112304688,26.162201599121094,26.075110382080076,26.075110382080076,99500
1993-12-07,26.109949111938477,26.1447856017476,26.075112622129353,26.12736735684304,88800
1993-12-08,26.109949111938477,26.109949111938477,26.075112622129353,26.109949111938477,146700
1993-12-09,26.022869110107422,26.144796877022248,25.98803260527461,26.10996037218944,416500
1993-12-10,25.97061538696289,26.040288399402765,25.918360627632985,26.040288399402765,412900
1993-12-13,26.127365112304688,26.127365112304688,25.935764434814452,25.970600921630858,273200
1993-12-14,25.935768127441406,26.144787078099096,25.935768127441406,26.144787078099096,41900
1993-12-15,25.900930404663086,25.988021629964578,25.900930404663086,25.97060338490428,82600
1993-12-16,25.98802947998047,26.00544773030217,25.953192979337064,26.00544773030217,78200
1993-12-17,26.130847930908203,26.148385412741025,26.025623039911256,26.04316052174408,104700
1993-12-20,26.165924072265625,26.18346155488779,26.095774141776978,26.113311624399138,68800
1993-12-21,26.078227996826172,26.13084042721654,26.043153043232593,26.13084042721654,205700
1993-12-22,26.25360870361328,26.27114618437722,26.09577137673785,26.14838381902966,410300
1993-12-23,26.236083984375,26.288696452258105,26.20100900578626,26.236083984374996,533800
1993-12-27,26.37636375427246,26.376363754272464,26.236063947068885,26.236063947068885,447100
1993-12-28,26.428993225097656,26.44653071230741,26.341305789048892,26.358843276258646,880600
1993-12-29,26.39391326904297,26.464063204641754,26.37637578514327,26.446525720742056,266700
1993-12-30,26.288694381713867,26.37638182127929,26.236081917974612,26.37638182127929,219900
1993-12-31,26.14838981628418,26.376377118505303,26.13085233149794,26.341302148932822,312900
1994-01-03,26.078227996826172,26.18345285760691,26.043153043232593,26.14837790401333,960900
1994-01-04,26.183467864990234,26.183467864990234,26.07824294389851,26.11331791759575,164300
1994-01-05,26.236083984375,26.253621473669366,26.11332155931442,26.21854649508063,710900
1994-01-06,26.236083984375,26.288696452258105,26.20100900578626,26.271158962963735,201000
1994-01-07,26.39391326904297,26.411450752942663,26.218538430046003,26.288688365644788,775500
1994-01-10,26.7095947265625,26.709594726562504,26.358844959962862,26.42899491328279,593700
1994-01-11,26.65696907043457,26.692044029737772,26.56928167217656,26.692044029737772,295200
1994-01-12,26.56929588317871,26.67452081736952,26.48160843801971,26.67452081736952,158400
1994-01-13,26.4991397857666,26.55175224066885,26.464064815831765,26.499139785766598,244300
1994-01-14,26.604358673095703,26.65697111608798,26.586821192098274,26.586821192098274,137200
1994-01-17,26.604358673095703,26.639433635090555,26.551746230103422,26.6043586730957,17700
1994-01-18,26.639429092407227,26.67450404842093,26.58681665838667,26.639429092407223,166400
1994-01-19,26.56929588317871,26.639445839305917,26.51668341608331,26.604370861242316,200800
1994-01-20,26.639429092407227,26.656966570414074,26.58681665838667,26.60435413639352,281100
1994-01-21,26.586809158325195,26.674496523623105,26.569271685265615,26.674496523623105,85600
1994-01-24,26.481605529785156,26.69205537505497,26.481605529785156,26.569292965314247,373800
1994-01-25,26.481605529785156,26.516680503996792,26.4289930684677,26.499143016890972,310400
1994-01-26,26.551746368408203,26.569283849496983,26.446521481875543,26.481596444053096,145100
1994-01-27,26.79726791381836,26.83234287182074,26.569280686802887,26.604355644805267,344500
1994-01-28,26.867422103881836,26.955109512837062,26.867422103881836,26.902497067463926,356500
1994-01-31,27.060338973999023,27.11295142825826,26.93757658072748,26.972651550233635,313800
1994-02-01,26.9200496673584,27.02527461719823,26.88497468407845,27.02527461719823,303600
1994-02-02,27.095409393310547,27.095409393310547,26.99018450246274,27.007721984270706,307600
1994-02-03,26.97264289855957,27.04279281507078,26.884955502920562,27.04279281507078,466100
1994-02-04,26.35883331298828,27.007720094479012,26.35883331298828,26.97264513331735,1403200
1994-02-07,26.481605529785156,26.551755478208428,26.28869317162116,26.28869317162116,516400
1994-02-08,26.4991397857666,26.53421475570143,26.3939148759621,26.53421475570143,188200
1994-02-09,26.604358673095703,26.621896154093125,26.481596306113715,26.51667126810857,144600
1994-02-10,26.37636375427246,26.604350940978275,26.376363754272464,26.586813465077828,883900
1994-02-11,26.46405792236328,26.534207843960004,26.2711456379723,26.39390800076656,519400
1994-02-14,26.4991397857666,26.586827210603683,26.376377390994683,26.411452360929516,2742100
1994-02-15,26.639429092407227,26.656966570414074,26.516666746359263,26.55174170237297,374700
1994-02-16,26.621896743774414,26.67450918793207,26.569284299616754,26.67450918793207,287600
1994-02-17,26.46405792236328,26.76219508914935,26.39390800076656,26.74465760875017,342400
1994-02-18,26.30621337890625,26.499125610351562,26.2360634765625,26.481588134765627,313300
1994-02-22,26.56929588317871,26.569295883178714,26.3763835038289,26.3763835038289,154500
1994-02-23,26.4991397857666,26.621902180538516,26.411452360929516,26.6043646955711,391700
1994-02-24,26.14838981628418,26.411452088077784,26.13085233149794,26.411452088077784,770800
1994-02-25,26.27115821838379,26.27115821838379,26.130858308005237,26.183470774397193,531300
1994-02-28,26.27115821838379,26.41145812876234,26.27115821838379,26.341308173573065,333000
1994-03-01,26.165924072265625,26.323761415865082,26.025624211288328,26.271148967998595,423600
1994-03-02,26.201004028320312,26.201004028320312,25.762566879252034,25.83271682310296,581500
1994-03-03,26.130847930908203,26.16592289457385,26.060698003576903,26.16592289457385,223200
1994-03-04,26.201004028320312,26.271153972171238,26.04316665465573,26.130854084469387,595800
1994-03-07,26.341306686401367,26.37638166201575,26.288694222979792,26.288694222979792,539800
1994-03-08,26.236083984375,26.358846409435575,26.20100900578626,26.358846409435575,880300
1994-03-09,26.35883331298828,26.376370793569112,26.148383546018316,26.27114591008413,2500100
1994-03-10,26.14838981628418,26.341302148932822,26.06070239235298,26.341302148932822,207400
1994-03-11,26.288694381713867,26.323769357540034,26.04316955093068,26.183469454235357,576600
1994-03-14,26.323762893676758,26.393912828103613,26.288687926463332,26.393912828103613,345900
1994-03-15,26.30621337890625,26.428975708007812,26.288675903320314,26.37636328125,748600
1994-03-16,26.516681671142578,26.51668167114258,26.253619352976482,26.34130679236518,455500
1994-03-17,26.516681671142578,26.55175664689806,26.428994231753883,26.428994231753883,133000
1994-03-18,26.510892868041992,26.54617017059428,26.369783657832855,26.387422309109,365500
1994-03-21,26.440343856811523,26.493259821835164,26.369789236780008,26.422705201803645,324800
1994-03-22,26.510892868041992,26.56380882187042,26.387422309109,26.440338262937424,435700
1994-03-23,26.493244171142578,26.563798749494488,26.4756055265546,26.493244171142578,698500
1994-03-24,26.175743103027344,26.44032271660242,26.05227261669231,26.387406793887404,1200500
1994-03-25,25.928813934326172,26.26394826408957,25.928813934326172,26.19339366834991,100900
1994-03-28,25.964082717895508,25.999360004196998,25.734780356935836,25.964082717895508,1117200
1994-03-29,25.452566146850586,25.98172552620299,25.452566146850586,25.964086880224578,338400
1994-03-30,25.09980010986328,25.54076638024036,25.09980010986328,25.470211776980026,1123900
1994-03-31,25.170345306396484,25.223261239065852,24.570631402810303,25.09979072950399,788800
1994-04-04,24.78229522705078,24.852849804209644,24.464799629835895,24.464799629835895,2627300
1994-04-05,25.29383659362793,25.29383659362793,25.029256712941446,25.029256712941446,1179000
1994-04-06,25.29383659362793,25.34675256976523,25.11745000650361,25.329113911052797,516500
1994-04-07,25.41728973388672,25.470205673651925,25.135071388472294,25.276180561179505,666100
1994-04-08,25.2232723236084,25.364381539404807,25.099801759786537,25.364381539404807,242400
1994-04-11,25.329116821289062,25.434948785723417,25.232104187224234,25.293839499810943,203300
1994-04-12,25.29383659362793,25.399668545902525,25.240920617490634,25.355571899121443,1409200
1994-04-13,25.161523818969727,25.346729567374343,24.976318070565114,25.284994317906136,364100
1994-04-14,25.170345306396484,25.302635138069906,25.064513441057745,25.117429373727113,419900
1994-04-15,25.170345306396484,25.27617717173522,25.126248695838676,25.16152598428492,387300
1994-04-18,25.002790451049805,25.267370244182604,24.923416513109963,25.196815632680526,369100
1994-04-19,25.038061141967773,25.13507370715328,24.826397363381222,24.976325873213362,472200
1994-04-20,25.0115966796875,25.1262478633391,24.879306852397193,25.06451261060362,508000
1994-04-21,25.346731185913086,25.382008473576153,25.02923559694549,25.117428816103157,200300
1994-04-22,25.320283889770508,25.426115797355752,25.249729284713673,25.408477146091546,301800
1994-04-25,25.584867477416992,25.60250613131387,25.311468342015434,25.311468342015434,394600
1994-04-26,25.55841064453125,25.593687953909487,25.505494680463897,25.549591317186692,399000
1994-04-28,25.37318992614746,25.540757047661817,25.293816026482766,25.505479758921954,287000
1994-04-29,25.452566146850586,25.487843438807413,25.293818333044864,25.329095625001692,481900
1994-05-02,25.611328125,25.805353338068183,25.364386944731407,25.452580223398762,275000
1994-05-03,25.584867477416992,25.62896411215918,25.434938919293558,25.620144785210744,183400
1994-05-04,25.54077911376953,25.637791741618795,25.443766485920268,25.637791741618795,401900
1994-05-05,25.50548553466797,25.61131742485331,25.505485534667965,25.56722080394275,659800
1994-05-06,25.258556365966797,25.38202696272781,25.170363082566077,25.38202696272781,216300
1994-05-09,25.038061141967773,25.2585442446621,24.99396452142891,25.187989651799917,499300
1994-05-10,25.23208999633789,25.311463925022633,25.143896742243736,25.161535393062568,583400
1994-05-11,25.002790451049805,25.240912264869326,24.932235839547722,25.205634959118285,210600
1994-05-12,25.126264572143555,25.187999865932603,25.064529278354502,25.161541882880154,305200
1994-05-13,25.126264572143555,25.196819193616754,25.002793984565454,25.196819193616754,321300
1994-05-16,25.13507080078125,25.258541324013155,25.126251477693256,25.179167416221215,450400
1994-05-17,25.50548553466797,25.505485534667965,25.117435270655037,25.152712567383485,470200
1994-05-18,25.690696716308594,25.7877093026043,25.408478283448353,25.523129521797824,824800
1994-05-19,25.814159393310547,25.88471397996804,25.637772926666813,25.637772926666813,531000
1994-05-20,25.717159271240234,25.787713892011812,25.681881960854447,25.77007523681892,370400
1994-05-23,25.673044204711914,25.699502168509284,25.593670313319812,25.690682847243494,262700
1994-05-24,25.77886390686035,25.875876395049012,25.74358663842811,25.74358663842811,549600
1994-05-25,25.849451065063477,25.867089721539124,25.593690546166567,25.68188382854481,738200
1994-05-26,25.867082595825195,25.928817876483485,25.814166640975227,25.84062461840021,369600
1994-05-27,25.893526077270508,25.89352607727051,25.778874905947447,25.82297151030247,162000
1994-05-31,25.85826301574707,25.9111789700767,25.770069758531015,25.81416638713904,160000
1994-06-01,25.972909927368164,25.972909927368164,25.717149524008683,25.79652344229266,200500
1994-06-02,25.94646453857422,25.99056118122985,25.902367895918587,25.99056118122985,55100
1994-06-03,26.09638214111328,26.184575389309,25.884718345443556,25.964092268819705,550400
1994-06-06,26.087562561035156,26.228671756767596,26.0699239115686,26.1492978341681,99300
1994-06-07,26.05228614807129,26.087563448204083,25.98173154780569,26.043466823038088,120600
1994-06-08,25.840612411499023,26.114011382405668,25.84061241149902,26.114011382405668,131900
1994-06-09,25.98173713684082,25.98173713684082,25.90236319446758,25.95527915604974,80500
1994-06-10,26.02581787109375,26.078733800347074,26.008179228009308,26.008179228009308,83100
1994-06-13,26.061105728149414,26.069925053268925,25.981731802073835,25.990551127193342,109700
1994-06-14,26.263948440551758,26.27276776507847,26.140477897177774,26.140477897177774,161000
1994-06-15,26.158119201660156,26.281589757568195,26.14048055081615,26.272770432146192,142800
1994-06-16,26.211044311523438,26.22868296852985,26.1316703549946,26.158128340504213,44000
1994-06-17,26.06473159790039,26.25116189883905,26.029221064388267,26.224528998704958,403800
1994-06-20,25.84278678894043,25.92268547705464,25.81615389290236,25.878297316991187,137400
1994-06-21,25.620840072631836,25.825025561776165,25.514308513078273,25.825025561776165,139200
1994-06-22,25.7185001373291,25.80727645813452,25.665234344845853,25.69186724108748,279900
1994-06-23,25.567581176757812,25.798399617936877,25.53207064734565,25.762889088524712,922500
1994-06-24,25.034921646118164,25.44329270843073,24.99941111896055,25.44329270843073,353800
1994-06-27,25.46993637084961,25.469936370849606,25.00829932265017,25.132586220242327,371200
1994-06-28,25.34564781188965,25.478812336295373,25.14146220780087,25.478812336295373,5382300
1994-06-29,25.425548553466797,25.576468359824663,25.354527468121915,25.381160375126246,311800
1994-06-30,25.265745162963867,25.478808368835665,25.176968827183952,25.469930735257673,271900
1994-07-01,25.31900405883789,25.390025108091294,25.212472484957786,25.390025108091294,406900
1994-07-05,25.452177047729492,25.487687584245332,25.292379633408206,25.372278340568847,112000
1994-07-06,25.416650772094727,25.46103891525242,25.265731085358574,25.354507371673957,174800
1994-07-07,25.523193359375,25.523193359375,25.39002887228261,25.416661769701086,66700
1994-07-08,25.514310836791992,25.558698990648626,25.354513482908118,25.363391113679445,148400
1994-07-11,25.425548553466797,25.576468359824663,25.301261654113258,25.532080181484115,124000
1994-07-12,25.4610538482666,25.469931482104908,25.292378805338753,25.434420946751676,257300
1994-07-13,25.505435943603516,25.585334629121245,25.469925416706747,25.469925416706747,532700
1994-07-14,25.78066062927246,25.83392645701889,25.611985508075428,25.629740783990904,494200
1994-07-15,25.789533615112305,25.842799433250228,25.75402306968702,25.76290070604334,49100
1994-07-18,25.833913803100586,25.896057238365774,25.78952563505402,25.78952563505402,72300
1994-07-19,25.78066062927246,25.88719228476532,25.780660629272457,25.87831464680758,609500
1994-07-20,25.665233612060547,25.798398089466605,25.603090189271054,25.798398089466605,185300
1994-07-21,25.7185001373291,25.736255401490187,25.611968552362605,25.665234344845853,86300
1994-07-22,25.762903213500977,25.798413762382438,25.70963739017878,25.780658487941707,151600
1994-07-25,25.798397064208984,25.825029958631777,25.745131275363406,25.771764169786195,120900
1994-07-26,25.77177619934082,25.807286741813215,25.745143292486524,25.789531470577018,489600
1994-07-27,25.77177619934082,25.77177619934082,25.665244571923633,25.77177619934082,83200
1994-07-28,25.825029373168945,25.89605042335298,25.77176358553092,25.77176358553092,828200
1994-07-29,26.082481384277344,26.162380067891537,25.993705069150465,26.00258270066315,459100
1994-08-01,26.206768035888672,26.224523298785616,26.073603564161594,26.10023645850701,486300
1994-08-02,26.242284774780273,26.348816377384253,26.15350843927696,26.295550576082263,505500
1994-08-03,26.251161575317383,26.26891684185463,26.189018142437025,26.23340630878014,144100
1994-08-04,26.100250244140625,26.260047694614954,26.091372608003162,26.233414786202566,231700
1994-08-05,26.011445999145508,26.046956505628984,25.94042498617856,25.967057866041166,138400
1994-08-08,26.07361602783203,26.10024893490847,26.011472577987014,26.03810548506345,328600
1994-08-09,26.11800765991211,26.11800765991211,25.975965470055346,25.975965470055346,105900
1994-08-10,26.215652465820312,26.242285367072416,26.100243227061195,26.135753762064002,840300
1994-08-11,26.11800765991211,26.26892748663492,25.984843106921396,26.1535182073763,876200
1994-08-12,26.32217788696289,26.33105551862797,26.162380516991444,26.162380516991444,184100
1994-08-15,26.313297271728516,26.410951208971774,26.313297271728516,26.34880779436243,325900
1994-08-16,26.499717712402344,26.52635059452536,26.22451126379783,26.3310427922899,1089500
1994-08-17,26.481971740722656,26.5529927846133,26.464216479749997,26.53523752364064,133700
1994-08-18,26.393203735351562,26.455347168297227,26.366570835517706,26.393203735351562,620000
1994-08-19,26.375452041625977,26.4287178485091,26.31330860026233,26.402084945067536,103200
1994-08-22,26.34881019592285,26.38432072179337,26.295544407117077,26.38432072179337,79700
1994-08-23,26.499717712402344,26.624004495643092,26.42869669340763,26.464207202904987,268600
1994-08-24,26.7838134765625,26.7838134765625,26.51748453910911,26.526362170357555,254700
1994-08-25,26.712797164916992,26.819328758795027,26.641776102331637,26.75718532903284,147400
1994-08-26,27.094526290893555,27.147792069971327,26.77493161642692,26.77493161642692,339500
1994-08-29,27.076770782470703,27.263201007530338,27.06789315270596,27.16554708011815,350300
1994-08-30,27.14781379699707,27.192201981753442,27.032404516630503,27.0679150644356,36000
1994-08-31,27.076770782470703,27.209935228941873,27.041260263411726,27.103403671764937,356200
1994-09-01,26.98800277709961,27.005758042084544,26.890348819682472,26.98800277709961,294600
1994-09-02,26.87259864807129,27.112294770799377,26.828210477195714,27.112294770799377,99600
1994-09-06,26.881481170654297,26.908114078022848,26.774949541180106,26.854848263285753,229800
1994-09-07,26.85483741760254,26.9436137396442,26.828204520990038,26.9436137396442,27900
1994-09-08,26.98800277709961,27.02351330706948,26.89922645217494,26.908104084667407,284800
1994-09-09,26.703914642333984,26.774935691914663,26.597383067962973,26.721669904729154,488400
1994-09-12,26.62401580810547,26.739425013008894,26.579627652373382,26.703914488423223,129400
1994-09-13,26.703914642333984,26.774935691914663,26.624015961555727,26.677281748741233,389200
1994-09-14,26.730539321899414,26.76604983577773,26.6151301517949,26.6151301517949,423500
1994-09-15,27.06789207458496,27.06789207458496,26.801563192250573,26.801563192250573,779800
1994-09-16,26.875263214111328,26.946716223653667,26.777015325990618,26.866331587918538,571300
1994-09-19,26.90206527709961,27.053902962926532,26.875270391365444,26.937791791411826,167300
1994-09-20,26.392955780029297,26.785947338175248,26.392955780029297,26.759152459210753,355600
1994-09-21,26.392955780029297,26.473340416922788,26.14287024302733,26.473340416922788,397500
1994-09-22,26.330448150634766,26.45549098445732,26.303653257672792,26.45549098445732,266400
1994-09-23,26.241121292114258,26.392958957861687,26.19646315512972,26.33936919348024,176600
1994-09-26,26.375099182128906,26.392962439279014,26.285782896378386,26.339372667828698,223000
1994-09-27,26.35723114013672,26.44654740967293,26.29470975146137,26.37509439404396,479500
1994-09-28,26.562652587890625,26.598379087672587,26.4822679633812,26.500131213272184,324000
1994-09-29,26.428680419921875,26.562654805288158,26.348295788702107,26.562654805288158,195900
1994-09-30,26.392955780029297,26.544793427494778,26.392955780029297,26.41975065899379,5200
1994-10-03,26.330448150634766,26.43762772248267,26.285789995698142,26.410832829520693,72600
1994-10-04,25.937454223632812,26.464420407928383,25.91959096314822,26.464420407928383,84200
1994-10-05,25.94638442993164,25.94638442993164,25.72309368612844,25.89279465141887,461900
1994-10-06,25.865995407104492,25.98210657433252,25.821337265862944,25.964243317835898,345200
1994-10-07,25.982101440429688,26.05355445229749,25.839195416694082,25.865990296144506,188700
1994-10-10,26.258991241455078,26.3036493898249,26.08929027764976,26.098221907323722,213600
1994-10-11,26.651968002319336,26.72342099964459,26.375087637683983,26.375087637683983,461400
1994-10-12,26.687707901000977,26.72343441760205,26.6251864969491,26.68770790100098,162400
1994-10-13,26.777002334594727,27.0538826122373,26.750207469016413,26.991361259221236,1564500
1994-10-14,26.893115997314453,26.90204762003027,26.687688674850744,26.866321129167016,72800
1994-10-17,26.839536666870117,26.902058050120733,26.812741788334144,26.866331545406098,282300
1994-10-18,26.777002334594727,26.812728822032476,26.687686116000346,26.812728822032476,132100
1994-10-19,26.90206527709961,27.000313191458204,26.669842934070196,26.67877456264825,136700
1994-10-20,26.723430633544922,26.902063191255785,26.643045982575035,26.902063191255785,290300
1994-10-21,26.616247177124023,26.687700189680058,26.500136031720462,26.65197368340204,87800
1994-10-24,26.392955780029297,26.732357580246255,26.3840241537078,26.62517806438827,149600
1994-10-25,26.419761657714844,26.473351437953614,26.294718837157706,26.3036504671975,91800
1994-10-26,26.51801300048828,26.544807894055634,26.392970163840644,26.51801300048828,201000
1994-10-27,26.67876434326172,26.67876434326172,26.55372159106699,26.616242967164354,210300
1994-10-28,27.241451263427734,27.268246133522908,26.73234873161941,26.73234873161941,192100
1994-10-31,27.14320945739746,27.205730834890645,27.134277832041292,27.178935958822137,36300
1994-11-01,26.839536666870117,27.027100816621957,26.83060504069146,27.027100816621957,435200
1994-11-02,26.687707901000977,27.00031492126036,26.68770790100098,26.759160934203123,115600
1994-11-03,26.83060073852539,26.875258862257954,26.74128449106026,26.77701099004631,87000
1994-11-04,26.482275009155273,26.955651257211,26.482275009155273,26.955651257211,124400
1994-11-07,26.562652587890625,26.634105587454552,26.47333633843571,26.54478933799964,115000
1994-11-08,26.76809310913086,26.85740940245462,26.607323781148093,26.651981927809974,308300
1994-11-09,26.8127498626709,27.053903842115307,26.5805275120948,27.053903842115307,318500
1994-11-10,26.625179290771484,26.88419646602555,26.607316037305687,26.83060670562816,172100
1994-11-11,26.526920318603516,26.616236548632486,26.455467334580344,26.589441679623796,302200
1994-11-14,26.777002334594727,26.785933956454162,26.643028006703158,26.643028006703158,181400
1994-11-15,26.687707901000977,26.91993025890795,26.482280430544815,26.750229305052855,316900
1994-11-16,26.777002334594727,26.777002334594727,26.643028006703158,26.732344225297535,106900
1994-11-17,26.598388671875,26.79488449147918,26.491209133909084,26.79488449147918,104700
1994-11-18,26.562652587890625,26.651968837345535,26.44654146359924,26.607310712618077,269300
1994-11-21,26.29471778869629,26.625188086991727,26.294717788696293,26.544803419838782,283100
1994-11-22,25.723087310791016,26.294711473253034,25.723087310791012,26.196463570329875,483600
1994-11-23,25.865995407104492,25.874927035352805,25.4997986489238,25.74095261162816,601600
1994-11-25,25.99103546142578,26.026761970651105,25.883855933749796,25.883855933749796,77300
1994-11-28,26.107141494750977,26.116073120305117,25.919577358114037,25.982098736993017,79900
1994-11-29,26.09820556640625,26.151795310895793,26.008889325590353,26.098205566406254,105500
1994-11-30,26.06248664855957,26.267914062170558,26.062486648559567,26.232187555455603,218800
1994-12-01,25.803464889526367,26.08927689245639,25.749875138976986,26.08927689245639,439000
1994-12-02,26.04462242126465,26.04462242126465,25.749878751888197,25.749878751888197,318500
1994-12-05,26.071414947509766,26.187526079513063,26.008893568738756,26.09820982412591,139200
1994-12-06,26.08928680419922,26.09821843268405,25.92851749147221,25.97317563389638,249900
1994-12-07,25.9017276763916,26.008907239190464,25.874932785691886,25.928522567091317,531900
1994-12-08,25.6516170501709,26.044608397736187,25.580164077886298,26.00888191159389,261500
1994-12-09,25.749889373779297,25.767752633837414,25.54446188311092,25.65164144345964,235900
1994-12-12,25.91959571838379,25.91959571838379,25.696304921361186,25.696304921361186,151100
1994-12-13,26.01782989501953,26.026761522171956,25.901718742037982,25.901718742037982,70900
1994-12-14,26.15179443359375,26.267905542759298,25.982093581736414,25.982093581736414,203300
1994-12-15,26.232196807861328,26.3125814763226,26.187538658716175,26.187538658716175,130100
1994-12-16,26.36031150817871,26.414328539957765,26.28828879913997,26.315297315029497,266100
1994-12-19,26.396343231201172,26.414348922354787,26.279306238702667,26.36033184889394,1120200
1994-12-20,26.315298080444336,26.441337824928162,26.315298080444336,26.42333214714476,675600
1994-12-21,26.594404220581055,26.657424135795704,26.333321714691802,26.333321714691802,544500
1994-12-22,26.513385772705078,26.621419942237324,26.486377230322017,26.594411399854263,222000
1994-12-23,26.540390014648438,26.60340993666422,26.495375784637158,26.495375784637158,125800
1994-12-27,26.68442726135254,26.738444320586044,26.612404515707862,26.63041020211903,95200
1994-12-28,26.549379348754883,26.711430494322055,26.486359458812096,26.711430494322055,358200
1994-12-29,26.56737518310547,26.648400725852998,26.540366668856294,26.648400725852998,220100
1994-12-30,26.25227165222168,26.648396464532293,26.252271652221676,26.621387954602024,2209500
1995-01-03,26.378314971923828,26.41432632342134,26.32429794467757,26.333300782551948,324300
1995-01-04,26.504371643066406,26.50437164306641,26.360326145006265,26.49536879943765,351800
1995-01-05,26.504371643066406,26.56739154846772,26.477363112180132,26.522377330323927,89800
1995-01-06,26.531370162963867,26.648407085976604,26.45034460087813,26.558378683659114,448400
1995-01-09,26.558382034301758,26.558382034301758,26.504364986096398,26.522370668831517,36800
1995-01-10,26.585391998291016,26.729437467973597,26.58539199829102,26.621403365711664,229800
1995-01-11,26.603384017944336,26.675406715793258,26.3963187616287,26.675406715793258,222400
1995-01-12,26.612390518188477,26.630396195129066,26.52236213348554,26.5763791643073,40300
1995-01-13,26.927490234375,26.927490234375,26.720424946715145,26.756436301090773,170600
1995-01-16,27.089534759521484,27.098537595932093,26.918480867719918,26.918480867719918,105100
1995-01-17,27.098543167114258,27.116548843637258,26.99951194623776,27.03552329928376,89500
1995-01-18,27.071531295776367,27.125548318647887,27.008511435759594,27.08053413292162,84500
1995-01-19,26.91849708557129,27.00852550391768,26.90049140190201,26.98151697841376,139100
1995-01-20,26.819467544555664,26.891490283849535,26.765450490085257,26.8824874414378,78700
1995-01-23,26.900487899780273,26.900487899780273,26.621399839240382,26.63940552056554,53700
1995-01-24,26.936504364013672,26.936504364013672,26.87348446744011,26.891490152175415,32400
1995-01-25,27.008525848388672,27.107557109832765,26.80146048355103,26.80146048355103,15700
1995-01-26,27.035531997680664,27.07154336231294,26.93650074494191,26.99051779189032,9800
1995-01-27,27.143564224243164,27.215586948552932,27.035530137778515,27.215586948552932,91200
1995-01-30,27.026525497436523,27.107551056889196,26.990514137679778,27.089545377010825,26600
1995-01-31,27.134557723999023,27.179571920621452,27.035526491429685,27.08054068805211,127500
1995-02-01,27.125564575195312,27.269610055846865,27.080550362491707,27.170578787898926,380200
1995-02-02,27.287614822387695,27.28761482238769,27.1165608198719,27.1165608198719,131700
1995-02-03,27.674734115600586,27.719748322034548,27.413651718283596,27.45866592471756,405100
1995-02-06,27.791770935058594,27.87279650629783,27.638722633828923,27.665731157575333,405400
1995-02-07,27.82777976989746,27.836782610327706,27.737751365594978,27.836782610327706,702900
1995-02-08,27.82777976989746,27.92681101463019,27.77376272731597,27.791768408176466,521500
1995-02-09,27.82777976989746,27.827779769897457,27.72874852516473,27.782765567746218,390700
1995-02-10,27.8637752532959,27.8637752532959,27.71072705319702,27.791752570896424,148300
1995-02-13,27.872787475585938,27.926804505577383,27.845778960590216,27.845778960590216,79700
1995-02-14,27.908809661865234,27.962826712823684,27.800775559948338,27.962826712823684,170200
1995-02-15,28.06185531616211,28.09786668005837,27.8817984966808,27.908807019602996,431500
1995-02-16,28.02583885192871,28.052847369935712,27.944813297907718,28.025838851928714,99300
1995-02-17,27.91780662536621,28.016837864604852,27.908803785435424,27.998832184743282,49100
1995-02-21,27.908809661865234,27.962826712823684,27.89980682003883,27.917812503691646,168000
1995-02-22,28.115863800048828,28.115863800048828,27.91780135893417,27.935807035399137,386400
1995-02-23,28.160884857177734,28.322935984872494,28.15188201675025,28.22390474017014,402800
1995-02-24,28.232913970947266,28.241916813412487,28.12487986136456,28.19690260108636,307600
1995-02-27,28.007829666137695,28.23290062134613,27.962815475096008,28.151875077471093,280900
1995-02-28,28.24191665649414,28.241916656494144,27.980834226453233,27.980834226453233,493500
1995-03-01,28.06185531616211,28.250914976617484,28.03484679323991,28.214903612721223,242600
1995-03-02,28.09787940979004,28.09787940979004,27.971839579050833,28.052865184526034,488600
1995-03-03,28.10687828063965,28.106878280639652,27.93582424882282,28.007846999061485,290000
1995-03-06,28.124868392944336,28.124868392944336,27.881791745502117,27.917803100678743,85700
1995-03-07,27.908809661865234,28.0888664983934,27.78276987629552,28.025846605608542,180900
1995-03-08,27.980831146240234,28.016842511936808,27.854791366302212,27.9538226219678,155900
1995-03-09,27.971832275390625,27.998840803496893,27.899809533773915,27.971832275390625,63500
1995-03-10,28.38596534729004,28.457988094761756,27.96283170589371,27.998843079629566,192100
1995-03-13,28.35895538330078,28.457986656067863,28.331946854364304,28.367958226279605,261300
1995-03-14,28.56600570678711,28.60201705971089,28.439965971553885,28.439965971553885,223300
1995-03-15,28.511995315551758,28.56601235751365,28.403961231627974,28.52099815587874,278500
1995-03-16,28.683063507080078,28.70106919666393,28.48500092165768,28.48500092165768,20400
1995-03-17,28.71156883239746,28.74777509826429,28.62105316773038,28.639156300663796,89900
1995-03-20,28.71156883239746,28.74777509826429,28.65725943359721,28.74777509826429,91700
1995-03-21,28.639148712158203,28.892592506071107,28.593890891816613,28.711561224704745,104400
1995-03-22,28.666311264038086,28.693465963688265,28.575795598537493,28.693465963688265,74900
1995-03-23,28.684402465820312,28.765866530885752,28.59388683796982,28.630093089110016,220500
1995-03-24,29.091737747192383,29.091737747192383,28.774932886846482,28.774932886846482,134000
1995-03-27,29.20941162109375,29.209411621093746,29.064586524738775,29.13699907291626,132100
1995-03-28,29.20941162109375,29.209411621093746,29.100792798827516,29.13699907291626,121900
1995-03-29,29.200366973876953,29.48096566457447,29.037438701859042,29.18226383254163,246100
1995-03-30,29.146068572998047,29.263739036180954,29.028398109815132,29.263739036180954,298400
1995-03-31,29.028366088867188,29.06457234529234,28.702509781040803,28.919747319591725,541300
1995-04-03,29.100791931152344,29.100791931152347,29.00122468037702,29.019327816881624,193300
1995-04-04,29.29085922241211,29.290859222412113,29.109827954041208,29.109827954041208,66900
1995-04-05,29.29085922241211,29.318013912667748,29.209395151645204,29.227498278482297,107200
1995-04-06,29.399497985839844,29.42665269457061,29.308982290070634,29.363291707532163,352500
1995-04-07,29.37234878540039,29.462864498144306,29.236575216284518,29.462864498144306,361400
1995-04-10,29.42664909362793,29.42664909362793,29.308978703527295,29.327081840465855,285400
1995-04-11,29.327072143554688,29.508103453082803,29.308969012601878,29.4990518876064,250300
1995-04-12,29.42664909362793,29.42664909362793,29.318030271996577,29.372339682812253,150900
1995-04-13,29.589584350585938,29.59863592120404,29.462862361932462,29.480965503168672,243400
1995-04-17,29.417593002319336,29.72534628295898,29.327077331542966,29.69819158172607,178900
1995-04-18,29.318021774291992,29.444743696132093,29.245609247526218,29.444743696132093,329500
1995-04-19,29.29085922241211,29.381374856597564,29.136982644296843,29.318013912667748,223000
1995-04-20,29.33613395690918,29.417598074654375,29.218463564610563,29.3723402314626,207900
1995-04-21,29.480953216552734,29.49000478339847,29.345179713866738,29.345179713866738,145000
1995-04-24,29.824914932250977,29.82491493225098,29.462852232011212,29.462852232011212,169000
1995-04-25,29.74345588684082,29.824920008259433,29.725352748747795,29.77966216302687,293200
1995-04-26,29.770618438720703,29.78872158158402,29.616741724382532,29.689154295835788,204400
1995-04-27,29.843034744262695,29.861137889391156,29.707261155799262,29.72536430092772,502200
1995-04-28,29.888275146484375,29.93353298286609,29.643882830023117,29.83396574282632,130800
1995-05-01,29.80682373046875,29.924494155156296,29.80682373046875,29.861133157247618,518700
1995-05-02,29.87018394470215,29.91544179916382,29.770616664886475,29.833977661132813,228400
1995-05-03,30.28656005859375,30.28656005859375,29.96975503706034,29.96975503706034,724700
1995-05-04,30.26844596862793,30.521889894202562,30.196033418463745,30.322755381251064,311400
1995-05-05,30.23224639892578,30.395174672931965,30.168885403478928,30.395174672931965,314900
1995-05-08,30.449480056762695,30.54904732210883,30.177932969455064,30.205087678185826,183100
1995-05-09,30.422334671020508,30.612417690387193,30.377076809266534,30.576211400984015,180600
1995-05-10,30.458534240722656,30.512843662845786,30.313709115060973,30.50379209249193,330300
1995-05-11,30.53998565673828,30.539985656738285,30.404212157967958,30.50377939039953,351700
1995-05-12,30.558103561401367,30.630516129082416,30.413278426039277,30.42232999699941,94600
1995-05-15,30.70292854309082,30.70292854309082,30.576206550283253,30.639567546687037,147200
1995-05-16,30.721023559570312,30.793436107736653,30.63955944288318,30.693868854007935,221600
1995-05-17,30.60336685180664,30.73008886775615,30.576212134103173,30.721037295188328,189200
1995-05-18,30.159847259521484,30.56716812587156,30.15984725952148,30.549064976256002,577800
1995-05-19,30.177927017211914,30.232236423961545,30.06930820371265,30.114566042670678,363900
1995-05-22,30.512826919555664,30.558084746490632,30.25938308871984,30.277486219493827,216000
1995-05-23,30.79344940185547,30.79344940185547,30.476644366856956,30.567160091142245,136800
1995-05-24,30.77533531188965,30.947315126867853,30.58525235849268,30.84774786556468,370800
1995-05-25,30.802501678466797,30.82965639637317,30.540006072038487,30.68483123420583,379900
1995-05-26,30.449480056762695,30.693872435339568,30.331809652262724,30.684820865762646,518600
1995-05-30,30.440439224243164,30.60336753409638,30.340871923777307,30.521903379169775,61500
1995-05-31,31.074037551879883,31.074037551879883,30.38611828187031,30.38611828187031,564500
1995-06-01,30.992563247680664,31.227903973276373,30.84773818577562,30.938253849466275,810100
1995-06-02,31.019750595092773,31.236988416593277,30.757254894113,30.865873804863252,112900
1995-06-05,31.209829330444336,31.309396651394128,30.992591539281147,31.019746263176547,257200
1995-06-06,31.15552520751953,31.291298850201926,31.15552520751953,31.18267993605601,165800
1995-06-07,30.992563247680664,31.11023361047852,30.956356982204404,31.09213047774039,41900
1995-06-08,30.920169830322266,31.074046553716727,30.920169830322266,30.983530834072926,141100
1995-06-09,30.739139556884766,30.89301628611534,30.55810811073114,30.856809996884618,304900
1995-06-12,30.911113739013672,31.037835727987666,30.820598032603677,30.838701173885674,378500
1995-06-13,31.246034622192383,31.264137770872676,31.028796838028818,31.055951561049262,120000
1995-06-14,31.218870162963867,31.25507644903283,31.101199733239735,31.200767019929383,389400
1995-06-15,31.354650497436523,31.418011511721183,31.209825321928733,31.264134762744156,274500
1995-06-16,31.44771957397461,31.447719573974613,31.29293925180971,31.29293925180971,325100
1995-06-19,31.802814483642578,31.821023939401893,31.520567919373207,31.538777375132522,134600
1995-06-20,31.720876693725586,31.821028715433673,31.693562505987014,31.711771964479393,287800
1995-06-21,31.702655792236328,31.84833140759411,31.70265579223633,31.821017229714524,158200
1995-06-22,32.1214599609375,32.1396694053598,31.839213572391845,31.839213572391845,297000
1995-06-23,32.05774688720703,32.066851615093206,31.957594880459155,32.04864215932086,315400
1995-06-26,31.675334930419922,32.021314443888144,31.675334930419922,31.96668609965632,132900
1995-06-27,31.61159896850586,31.875635941457087,31.59338952209543,31.66622730773715,127700
1995-06-28,31.775503158569336,31.902969360351562,31.511466026306152,31.611618041992188,212600
1995-06-29,31.720876693725586,31.85744763241843,31.502363191817025,31.775505069202723,89200
1995-06-30,31.702655792236328,31.893855037393415,31.638922710517303,31.78459832587508,714100
1995-07-03,31.821016311645508,31.821016311645508,31.739073780370884,31.739073780370884,9500
1995-07-05,31.93937873840332,32.08505435408589,31.839226752621556,31.91206456046284,409300
1995-07-06,32.349082946777344,32.349082946777344,31.884742043235082,31.948475108427157,202500
1995-07-07,32.494781494140625,32.50388622417541,32.26716324327105,32.28537270334061,481700
1995-07-10,32.51298904418945,32.60403633918858,32.45836066718998,32.52209377368937,400400
1995-07-11,32.35820388793945,32.51298426669437,32.31268024712919,32.48567008220821,420500
1995-07-12,32.75880813598633,32.81343649863667,32.358200143217175,32.42193323297591,203400
1995-07-13,32.68595504760742,32.786106999006776,32.64953615618948,32.713269216170886,215600
1995-07-14,32.658660888671875,32.68597507397046,32.48567104844752,32.51298523374611,543700
1995-07-17,32.84074783325195,32.877166738528636,32.67686275950686,32.70417693846438,171500
1995-07-18,32.55851364135742,32.78613188549443,32.53119945206098,32.78613188549443,221200
1995-07-19,32.20342254638672,32.467459655192265,31.584301049877165,32.431040743632884,486600
1995-07-20,32.321781158447266,32.38551424805547,32.06684880001444,32.23983861466529,318900
1995-07-21,32.285369873046875,32.412836082359526,32.157903663734224,32.29447460228349,94000
1995-07-24,32.52208709716797,32.558506007691115,32.33088781692146,32.33088781692146,108400
1995-07-25,32.76791000366211,32.81343363523152,32.458349308990115,32.55850129844281,107400
1995-07-26,32.740596771240234,32.90448184962798,32.731492044663135,32.749701497817334,167800
1995-07-27,33.01373291015625,33.041047085206024,32.895371484940576,32.895371484940576,187700
1995-07-28,32.80432891845703,33.04105180268681,32.77701473950744,33.04105180268681,415600
1995-07-31,32.722408294677734,32.858979280882565,32.64957043536849,32.8316650836416,342500
1995-08-01,32.667762756347656,32.767914760338684,32.485668203636685,32.767914760338684,141000
1995-08-02,32.59492111206055,33.09568107327935,32.54029275265486,32.85895818252137,240400
1995-08-03,32.585819244384766,32.604028699117585,32.31267742339244,32.3673057875909,1193600
1995-08-04,32.62223815917969,32.676866523387076,32.58581924970809,32.64955234128338,240500
1995-08-07,32.695072174072266,32.79522416346653,32.67686272145513,32.695072174072266,193100
1995-08-08,32.695072174072266,32.813433616083664,32.594920184678,32.7132816266894,951900
1995-08-09,32.68595504760742,32.80431644471575,32.658640879043965,32.80431644471575,107100
1995-08-10,32.61313247680664,32.795227018832364,32.47656157028735,32.72238920202207,280800
1995-08-11,32.43101501464844,32.62221414864833,32.294444204648514,32.58579526598169,257200
1995-08-14,32.722408294677734,32.722408294677734,32.44016158985441,32.51299944916366,254800
1995-08-15,32.658660888671875,32.71328925926904,32.43104267785036,32.71328925926904,44400
1995-08-16,32.74970245361328,32.74970245361328,32.59492209728539,32.63134100465666,374900
1995-08-17,32.695072174072266,32.76790998454082,32.57671073206087,32.76790998454082,353800
1995-08-18,32.731502532958984,32.86807347537745,32.70418834447529,32.85896874588288,85400
1995-08-21,32.64046096801758,33.00465021173326,32.63135623692469,32.86807924533988,266700
1995-08-22,32.70417022705078,32.75879857375521,32.52207573803602,32.6859607781493,220200
1995-08-23,32.585819244384766,32.749704336980166,32.585819244384766,32.73149488224734,176500
1995-08-24,32.62223815917969,32.685971250754974,32.48566724866121,32.59492397707599,167400
1995-08-25,32.80432891845703,32.85895727635621,32.67686275002561,32.67686275002561,195000
1995-08-28,32.68595504760742,32.89536367326062,32.63132671048051,32.89536367326062,293000
1995-08-29,32.76791000366211,32.77701472997599,32.49476821424564,32.72238637209269,1133100
1995-08-30,32.84074783325195,32.877166738528636,32.75880529637941,32.7952242016561,437400
1995-08-31,32.86805725097656,32.922685600978184,32.80432417597467,32.83163835097548,491900
1995-09-01,33.01373291015625,33.06836126025579,32.83163840982444,32.85895258487422,629900
1995-09-05,33.323299407958984,33.34150886118738,33.05926233614729,33.11389069583247,272200
1995-09-06,33.38703918457031,33.42345809832496,33.341515542377,33.35062027081567,214500
1995-09-07,33.405235290527344,33.44165418972661,33.35971166652826,33.42344474012698,258800
1995-09-08,33.532718658447266,33.532718658447266,33.31420515103409,33.532718658447266,107300
1995-09-11,33.62374496459961,33.68747803114502,33.58732606943081,33.58732606943081,260700
1995-09-12,33.77853775024414,33.77853775024414,33.55091957133414,33.632862115741744,139500
1995-09-13,33.93330764770508,33.97883126944871,33.73300371203309,33.74210843638181,239800
1995-09-14,34.24285888671875,34.27017305227582,33.96061250929565,34.05165972781923,457600
1995-09-15,34.233436584472656,34.31581651208235,34.096136705123165,34.215129933892726,431200
1995-09-18,34.10527038574219,34.13273034579512,33.940510625424594,34.114423705759826,307500
1995-09-19,34.270050048828125,34.28835669949524,34.05037024082282,34.16936347015903,549600
1995-09-20,34.434814453125,34.434814453125,34.29751455498654,34.324974534614235,290800
1995-09-21,34.15105438232422,34.41650079805389,34.01375451211922,34.38904082401289,508500
1995-09-22,34.16020584106445,34.19681913778585,33.848992818932565,33.87645279147362,449900
1995-09-25,34.10527038574219,34.19680358591863,33.98627722551281,34.19680358591863,130000
1995-09-26,34.09614181518555,34.28836167508324,34.0137618752294,34.20598173512709,466600
1995-09-27,34.068668365478516,34.08697501156421,33.739148735936006,33.9496751659215,654400
1995-09-28,34.32496643066406,34.32496643066406,34.06867334798177,34.0961333211263,456200
1995-09-29,34.26089096069336,34.50803070312956,34.21512434172369,34.29750425586909,606600
1995-10-02,34.08696746826172,34.343260456744886,34.00458757910641,34.26088056758958,293100
1995-10-03,34.123592376708984,34.17851232152128,33.9496792181367,34.08697908016745,839700
1995-10-04,34.08696746826172,34.141887394365256,34.04120086317543,34.141887394365256,248800
1995-10-05,34.18766784667969,34.18766784667969,34.03206132636013,34.12359457360693,268800
1995-10-06,34.21512222290039,34.31580877839849,34.20596889967329,34.20596889967329,75300
1995-10-09,33.93135452270508,34.10526758877775,33.8672812878362,34.086960950243785,358200
1995-10-10,33.91305160522461,33.91305160522461,33.54691879437198,33.58353207545725,360800
1995-10-11,34.02289962768555,34.03205295015735,33.90390643555213,34.03205295015735,228100
1995-10-12,34.233436584472656,34.25174323505259,34.05037007867334,34.05037007867334,199800
1995-10-13,34.34326171875,34.48056153905417,34.34326171875,34.389028325518055,488100
1995-10-16,34.17850875854492,34.30665528308151,34.17850875854492,34.24258202081322,443600
1995-10-17,34.4073486328125,34.443961932767614,34.15105553312675,34.215128808048185,146000
1995-10-18,34.50804138183594,34.61788130135372,34.398201462318156,34.57211466822131,228100
1995-10-19,34.67279052734375,34.67279052734375,34.44395743252232,34.489724051486604,500600
1995-10-20,34.46227264404297,34.672799143594894,34.46227264404297,34.645339165392464,748400
1995-10-23,34.389041900634766,34.45311517540305,34.29750865096579,34.29750865096579,533000
1995-10-24,34.425655364990234,34.4714219900434,34.34327543989454,34.43480869000087,172200
1995-10-25,34.14189910888672,34.49887875104398,34.14189910888672,34.45311213025459,302700
1995-10-26,33.83067321777344,34.224266006833034,33.55607359749931,34.19680604480562,606800
1995-10-27,34.08696746826172,34.08696746826172,33.638454738416165,33.794061195709524,905800
1995-10-30,34.30664825439453,34.32495489700627,34.16934843480651,34.16934843480651,488700
1995-10-31,34.16020584106445,34.471418863196334,34.16020584106445,34.39819226975354,508200
1995-11-01,34.434814453125,34.434814453125,34.114448024135264,34.14190800376296,415700
1995-11-02,34.65449142456055,34.65449142456055,34.37989165099034,34.37989165099034,326000
1995-11-03,34.70024490356445,34.7093982258814,34.59955835807798,34.70024490356445,615000
1995-11-06,34.58124542236328,34.69108527018445,34.57209210171152,34.69108527018445,311200
1995-11-07,34.45310974121094,34.562949623488976,34.343269858932906,34.562949623488976,358200
1995-11-08,34.764312744140625,34.78261938592269,34.49886643830069,34.49886643830069,357200
1995-11-09,34.89248275756836,34.90163608462963,34.72772287046546,34.90163608462963,503700
1995-11-10,34.874168395996094,34.91993502118769,34.691101895229714,34.70025522026803,795600
1995-11-13,34.837547302246094,34.94738717813336,34.74601407234003,34.810087333274275,818500
1995-11-14,34.60871505737305,34.84670146083554,34.60871505737305,34.773474875154776,341800
1995-11-15,34.956539154052734,34.965692476690606,34.627019539089154,34.64532618436491,584700
1995-11-16,35.14875793457031,35.185371224085486,34.947384842236836,34.95653816461563,577700
1995-11-17,35.25859069824219,35.26774401877652,35.157904172364546,35.2036707750362,267000
1995-11-20,35.0755500793457,35.32268991549976,35.066396752080735,35.31353658823479,448800
1995-11-21,35.359283447265625,35.359283447265625,35.10299042719743,35.11214374934272,119200
1995-11-22,35.24943923950195,35.3684324127332,35.24943923950195,35.33181912866205,351600
1995-11-24,35.340972900390625,35.340972900390625,35.25859301017993,35.286052973583494,62400
1995-11-27,35.35012435913086,35.52403745152431,35.35012435913086,35.41419760369686,273000
1995-11-28,35.72542190551758,35.72542190551758,35.24029575614724,35.32267566830447,479000
1995-11-29,35.76203536987305,35.78949534072271,35.64304216285786,35.78949534072271,549200
1995-11-30,35.67966079711914,35.85357397186139,35.643047497173406,35.762040721997046,286200
1995-12-01,35.72542190551758,35.78034184695573,35.64304199336035,35.72542190551758,465200
1995-12-04,36.16477966308594,36.16477966308594,35.762033445628134,35.807800061248344,631700
1995-12-05,36.40277099609375,36.43938429355022,36.10071129207788,36.12817126517024,567700
1995-12-06,36.48514175415039,36.631594907202675,36.32038195696657,36.49429507621616,272800
1995-12-07,36.292938232421875,36.48515808182436,36.265478253935804,36.439391451014245,289700
1995-12-08,36.41190719604492,36.45767379634161,36.18307419456148,36.44852047628227,296900
1995-12-11,36.567527770996094,36.64075435977406,36.41192126984292,36.485147858620884,186500
1995-12-12,36.45768737792969,36.530913965683496,36.40276743711433,36.40276743711433,299400
1995-12-13,36.686527252197266,36.732293878010886,36.50346074894279,36.50346074894279,390700
1995-12-14,36.42107009887695,36.78720299758393,36.32953687420021,36.72312974031021,395000
1995-12-15,36.434417724609375,36.47125737852708,36.30547893589741,36.47125737852708,416700
1995-12-18,35.73444366455078,36.11204989915041,35.72523375638981,36.11204989915041,862300
1995-12-19,36.1120719909668,36.158121559942785,35.706835783978136,35.752885352954124,1022600
1995-12-20,35.76209259033203,36.25942789805234,35.76209259033203,36.22258824562861,1349800
1995-12-21,35.946285247802734,36.0568041878421,35.80813657275353,35.97391498281257,857600
1995-12-22,36.07522964477539,36.17653868896547,36.03838999234264,36.13969903653272,332800
1995-12-26,36.25022506713867,36.26864489694921,36.148916003180716,36.22259532242287,432200
1995-12-27,36.231788635253906,36.34230756347532,36.16731926045808,36.34230756347532,151800
1995-12-28,36.19495391845703,36.34231250947365,36.10285479907165,36.15811427070288,256200
1995-12-29,36.240997314453125,36.26862704556961,36.10284865887071,36.23178740408096,339200
1996-01-02,36.62782287597656,36.62782287597656,36.158117327403566,36.19495697827204,514400
1996-01-03,36.72913360595703,36.839652563647974,36.54493534313879,36.74755343223885,610300
1996-01-04,36.37915802001953,36.913332998541335,36.08444079049026,36.77518429719949,1129700
1996-01-05,36.305477142333984,36.39757627257836,36.05680949067416,36.1396987078941,302400
1996-01-08,36.4436149597168,36.48966451109375,36.38835549806446,36.43440504944141,179900
1996-01-09,35.817344665527344,36.581767295313604,35.734455464707146,36.554137561706874,415500
1996-01-10,35.34762191772461,35.84495687956857,35.154213877007514,35.77127762596206,787700
1996-01-11,35.55945587158203,35.55945587158203,35.23710908175935,35.40288743081101,513200
1996-01-12,35.504207611083984,35.66077610119771,35.172650808490204,35.65156619001455,390400
1996-01-15,35.43052291870117,35.63314093383281,35.2831643622418,35.51341210670957,154200
1996-01-16,35.863407135009766,35.89103687856524,35.30160234938172,35.60552952849197,454600
1996-01-17,35.75288391113281,36.02918131384636,35.633155036623606,35.78051365140416,407600
1996-01-18,35.87260055541992,35.90023028627134,35.58709333662197,35.89102037598753,425600
1996-01-19,36.1120719909668,36.204171128918766,35.8357745771109,35.87261423229168,169800
1996-01-22,36.121280670166016,36.2041698914897,36.01997162188151,36.08444101624438,288200
1996-01-23,36.204166412353516,36.204166412353516,36.029178073041706,36.102857373804575,362200
1996-01-24,36.49888229370117,36.57256159179595,36.24100475036945,36.25942457489314,1506500
1996-01-25,36.36994552612305,36.5449338687405,36.323895962276346,36.52651404320182,298400
1996-01-26,36.68307876586914,36.70149858950251,36.296262469568234,36.342312028651676,726300
1996-01-29,36.8304557800293,36.8304557800293,36.627837618698805,36.65546736797114,254800
1996-01-30,37.1435661315918,37.21724540980968,36.858058928497485,36.904108477383666,272100
1996-01-31,37.53041458129883,37.539624498987486,37.11596828530902,37.134388120686346,498000
1996-02-01,37.66854476928711,37.66854476928711,37.46592668006356,37.493556419503136,373900
1996-02-02,37.51198959350586,37.733027587673334,37.42910034569305,37.65013833986053,496200
1996-02-05,37.81590270996094,37.871162187861515,37.392246712723185,37.44750619062376,295300
1996-02-06,38.17508316040039,38.21192280639354,37.77905696597404,37.83431643496377,301600
1996-02-07,38.396114349365234,38.396114349365234,38.12902696243034,38.16586660200756,585100
1996-02-08,38.81058120727539,38.847420866703274,38.267196230714106,38.34087554956987,1526600
1996-02-09,38.80135726928711,39.123704172782254,38.617159038718455,38.79214735775868,804600
1996-02-12,39.096073150634766,39.27106146391205,38.838195636331406,38.87503528123189,626500
1996-02-13,39.01316833496094,39.3078853762071,38.902649444493626,38.930279167110456,1045900
1996-02-14,38.67243576049805,39.11451171108245,38.654015929223696,38.985572892162,431400
1996-02-15,38.43295669555664,38.84740266998752,38.3869071428421,38.58952517478608,889500
1996-02-16,38.276405334472656,38.451393713047004,38.15667644386916,38.35929456642893,606100
1996-02-20,37.8988037109375,38.092211943727214,37.650135983065006,37.98169295356166,492300
1996-02-21,38.368492126464844,38.39612186155352,37.97246592352726,37.97246592352726,434000
1996-02-22,38.976341247558594,39.0960700840941,38.55268536443296,38.58031509594115,721400
1996-02-23,38.865821838378906,39.26184798507329,38.50663533323749,39.1973786123556,1430400
1996-02-26,38.31321716308594,38.838181917483986,38.29479734714214,38.755292745736924,1408400
1996-02-27,38.19348907470703,38.41452687017193,38.018500819963975,38.40531696202756,601000
1996-02-28,38.018516540527344,38.746099584786464,38.018516540527344,38.497431962064994,865900
1996-02-29,37.65009307861328,38.285576547895154,37.65009307861328,37.79745156424386,914300
1996-03-01,38.248756408691406,38.248756408691406,37.49354378516318,38.101397848002975,1452600
1996-03-04,38.46979904174805,38.700046821504735,38.202711617230285,38.33165037389403,652600
1996-03-05,38.8289794921875,38.8289794921875,38.35927409510459,38.377693914598034,402000
1996-03-06,38.488216400146484,38.884242555974744,38.488216400146484,38.77372362876686,624700
1996-03-07,38.681610107421875,38.70002992175875,38.451362428211034,38.56188131423224,534200
1996-03-08,37.42909622192383,38.23956877791037,36.54494434266579,37.8343324999171,2289900
1996-03-11,37.861942291259766,37.91720175458926,37.171198999641064,37.281717926300054,1511400
1996-03-12,37.56724166870117,37.751439960776196,37.07911619470236,37.61329124171993,1385300
1996-03-13,37.82512283325195,37.98169139623352,37.604084861983864,37.81591291778245,1019300
1996-03-14,37.99089050292969,38.202718498461174,37.86195172304096,37.88037154873935,725600
1996-03-15,37.965370178222656,38.08563085373847,37.74335046957808,37.92836689344856,869200
1996-03-18,38.6961669921875,38.6961669921875,38.23362614838894,38.31688350027268,917600
1996-03-19,38.61290740966797,39.03844496137969,38.483395980886144,39.03844496137969,858300
1996-03-20,38.566650390625,38.797920781549834,38.270624290241216,38.797920781549834,744300
1996-03-21,38.474143981933594,38.63140785490615,38.34463255713266,38.612906222791736,650800
1996-03-22,38.57591247558594,38.6776714773201,38.44640101883337,38.49265511053071,344500
1996-03-25,38.50189208984375,38.96443284056268,38.40013312468558,38.92742958050516,802400
1996-03-26,38.68692398071289,38.78868298687928,38.40014859969852,38.43715187466812,969400
1996-03-27,38.335384368896484,38.770172753389275,38.29838110213114,38.742420303315264,809600
1996-03-28,38.48340606689453,38.501907704426685,38.187379866379956,38.19663068514603,1001300
1996-03-29,38.29838943481445,38.594415633344425,38.113373060733224,38.594415633344425,457700
1996-04-01,38.742427825927734,38.7516786444153,38.363144267937514,38.48340490827588,773400
1996-04-02,38.81643295288086,38.81643295288086,38.65916904434916,38.78868049843409,638800
1996-04-03,38.81643295288086,38.84418540732763,38.58516249915778,38.67767068064701,288000
1996-04-04,38.788665771484375,38.908926361760855,38.779414956847724,38.81641821539433,934900
1996-04-08,38.12261199951172,38.12261199951172,37.65082039262623,37.817335077409346,2217200
1996-04-09,37.97460174560547,38.27062787370763,37.900595213579926,38.27062787370763,1180900
1996-04-10,37.29930877685547,38.07637770970663,37.15129564678858,37.90986293838138,939500
1996-04-11,37.2530517578125,37.57683045449078,36.78125994265272,37.3918140563889,1276000
1996-04-12,37.72483444213867,37.78033934813495,37.401055823827036,37.512065635819596,411300
1996-04-15,38.03936767578125,38.08562177071776,37.79884638211143,37.91910702894634,484200
1996-04-16,38.15037536621094,38.27988682477713,38.030114726113766,38.113372092334885,429700
1996-04-17,38.057865142822266,38.224379866344584,37.79884223956533,38.113370050663036,525300
1996-04-18,38.11336135864258,38.233621964871304,37.94684667309511,38.15036462209757,818600
1996-04-19,38.205875396728516,38.40014255976273,38.141119675717114,38.29838356960195,885100
1996-04-22,38.50189208984375,38.649905130073805,38.242869269441144,38.55739697993002,828900
1996-04-23,38.622161865234375,38.64991431687407,38.353888166050716,38.437145520969786,225400
1996-04-24,38.48340606689453,38.81643554247342,38.4001486979998,38.81643554247342,699000
1996-04-25,38.65916061401367,38.8164244882511,38.335382049407194,38.56665245269753,475500
1996-04-26,38.742427825927734,38.96444746962933,38.62216718558937,38.760929462902865,563300
1996-04-29,38.742427825927734,38.816434373828265,38.57591309315154,38.57591309315154,219900
1996-04-30,38.71467208862305,38.81643108336017,38.55740818766568,38.74242454173317,184400
1996-05-01,38.79791259765625,38.95517643031246,38.64989957868569,38.70540446079965,561900
1996-05-02,38.131858825683594,38.705409346593925,37.94684252861575,38.4926406049659,1299600
1996-05-03,38.07637023925781,38.47415544826852,37.74334076194652,38.353894803683886,1329300
1996-05-06,38.03936767578125,38.22438405552727,37.70633819223842,38.22438405552727,647500
1996-05-07,37.882083892822266,38.03934773315876,37.75257249489808,38.03934773315876,582100
1996-05-08,38.353885650634766,38.353885650634766,37.34554664052401,37.6970776715718,1694700
1996-05-09,38.32612609863281,38.52039321137027,38.18736387524891,38.22436713481795,593400
1996-05-10,38.705421447753906,38.83493289619285,38.52040509284113,38.705421447753906,925100
1996-05-13,39.2882080078125,39.454722663838076,38.76091159706483,38.79791485395941,867500
1996-05-14,39.52872848510742,39.630487439784744,39.40846790230696,39.445471158553254,632300
1996-05-15,39.482486724853516,39.85251940268719,39.45473427401599,39.537991626528566,466100
1996-05-16,39.565757751464844,39.6305134924656,39.24197904646103,39.260480686746966,514400
1996-05-17,39.77851486206055,39.84327058392902,39.66750505314317,39.66750505314317,427700
1996-05-20,40.046783447265625,40.111539160855564,39.65824916572597,40.056034263492755,788500
1996-05-21,39.99129104614258,40.18555824761586,39.963538588789255,40.11155169467366,352700
1996-05-22,40.37053680419922,40.37053680419922,39.89874547124455,40.03750762799592,1218100
1996-05-23,40.20404052734375,40.51856822590098,39.98202097542101,40.4260600792665,967900
1996-05-24,40.36130905151367,40.45381720886301,40.22254681548967,40.24104844695954,659100
1996-05-28,39.954280853271484,40.48157745170549,39.85252186059124,40.48157745170549,456400
1996-05-29,39.685997009277344,40.07453124573181,39.55648559712586,40.0375279851171,649600
1996-05-30,39.88950729370117,40.093025188056785,39.51947475850914,39.63048451906675,895800
1996-05-31,39.593505859375,40.04679599655009,39.593505859375,39.88028125228169,923500
1996-06-03,39.70451354980469,39.73226600568759,39.49174472136911,39.60275454490071,503100
1996-06-04,39.98203659057617,40.019039863681755,39.81552186160108,39.88952840781223,627100
1996-06-05,40.333553314208984,40.379807389110596,39.91726664009444,40.00052397491735,428000
1996-06-06,40.03754425048828,40.5555901095519,39.96353769919348,40.5555901095519,523300
1996-06-07,40.03754425048828,40.04679506940013,39.18646891059805,39.18646891059805,1422800
1996-06-10,39.908023834228516,40.10229098780265,39.84326811637047,39.98203036892342,548800
1996-06-11,39.871036529541016,40.27807263332287,39.871036529541016,40.05605294035095,688700
1996-06-12,39.79698944091797,40.10226620789851,39.73223376307361,40.000507285571665,1120600
1996-06-13,39.79698944091797,39.94500241884793,39.565719162902404,39.8894975521242,1502000
1996-06-14,39.63051223754883,39.81552863454952,39.50100075964834,39.81552863454952,1468200
1996-06-17,39.602745056152344,39.79701220078659,39.50098607562965,39.64899913820812,1101000
1996-06-18,39.27897644042969,39.68601246571912,39.26972562167311,39.575002640640186,718000
1996-06-19,39.45472717285156,39.667495924311254,39.325215758919576,39.46397798813242,552100
1996-06-20,39.42697525024414,39.621242373720236,39.186454049749926,39.4917309580695,1234400
1996-06-21,39.76611328125,39.76611328125,39.50571777800514,39.61731585082437,573300
1996-06-24,39.840476989746094,40.00787395188789,39.784678002365496,39.85907665220629,416500
1996-06-25,39.793983459472656,39.97998011036994,39.74748429674834,39.952080612735344,454400
1996-06-26,39.5243034362793,39.83119802766688,39.51500360017664,39.74749950274299,838200
1996-06-27,39.80328369140625,39.905581850426216,39.37549139005001,39.524288712260876,1090500
1996-06-28,39.94280242919922,40.17529836883367,39.85910389093081,39.97070194195535,1060800
1996-07-01,40.28688049316406,40.29618032707292,39.98928580808067,40.045084811533805,471300
1996-07-02,40.13807678222656,40.25897460385977,40.072977955193295,40.24967477142645,389400
1996-07-03,40.05438995361328,40.175287810450286,39.914892426493665,40.11948879960244,308300
1996-07-05,39.03141403198242,39.54290504264696,38.910516156734445,39.35690831149621,842900
1996-07-08,38.873313903808594,39.27320684588127,38.761715873462734,39.0593106210517,942000
1996-07-09,39.03141403198242,39.170911580345475,38.910516156734445,39.0500137050975,716300
1996-07-10,39.18950653076172,39.18950653076172,38.640816239989306,39.02210949289895,1132300
1996-07-11,38.399017333984375,39.096504933899325,38.017724112697536,39.022106256575064,1587400
1996-07-12,38.42692565917969,38.6315220687881,38.138630718367835,38.46412500638122,1312000
1996-07-15,37.29234313964844,38.519921517312675,37.29234313964844,38.519921517312675,1951300
1996-07-16,37.385345458984375,37.79453829485386,35.934570859083486,37.40394513334208,4141000
1996-07-17,37.831729888916016,38.09212527654867,37.496935819102596,37.94332791218715,1340500
1996-07-18,38.3525276184082,38.417626477120336,37.69223919432795,37.94333479221762,1432500
1996-07-19,38.073543548583984,38.315339379620426,37.86894707616854,38.25954034168894,1216000
1996-07-22,37.794532775878906,37.94333014901228,37.50623786543298,37.81313244752057,519800
1996-07-23,37.31092834472656,38.05491495179987,37.24582951660765,37.85031863485471,1479800
1996-07-24,37.385345458984375,37.608541551276815,36.678557833391636,36.86455457696867,2463400
1996-07-25,37.72010803222656,37.83170598498463,37.57131076188248,37.757307349812585,1989800
1996-07-26,37.92472839355469,37.98052740541377,37.72943185204791,37.83173004045622,642300
1996-07-29,37.506229400634766,37.924721918122636,37.459730232025,37.86892291579092,1297900
1996-07-30,37.868927001953125,37.90612634085485,37.45973427403418,37.75732898524796,1868200
1996-07-31,38.14794158935547,38.250239823749155,37.80384752821306,37.896845923116416,767100
1996-08-01,38.78031539916992,38.91981293657701,38.12932689127019,38.18512590623302,1168600
1996-08-02,39.6172981262207,39.635897796702494,39.133706693694066,39.282504057548415,1098500
1996-08-05,39.384788513183594,39.63588397714013,39.263890697204516,39.62658414514174,710200
1996-08-06,39.50569534301758,39.589393850100244,39.161601480566624,39.375497665333434,640000
1996-08-07,39.60800552368164,39.72890340389011,39.35690992632559,39.6545047083772,917800
1996-08-08,39.54288864135742,39.61728730295923,39.39409131815382,39.61728730295923,925100
1996-08-09,39.4127197265625,39.73821410844775,39.319721331738144,39.68241507155314,648800
1996-08-12,39.70098114013672,39.7939794562298,39.28248871771785,39.43128602346678,764200
1996-08-13,39.384788513183594,39.65448364113691,39.2824903612013,39.62658414514174,805200
1996-08-14,39.5243034362793,39.56150278068991,39.28250769761029,39.39410573084214,533800
1996-08-15,39.44989013671875,39.654486455202445,39.403390973427,39.4219906387437,632600
1996-08-16,39.784690856933594,39.803290525403405,39.56149483529582,39.56149483529582,475100
1996-08-19,39.80328369140625,39.83118318932078,39.65448636919538,39.793983858768065,436400
1996-08-20,39.77540588378906,39.82190507233686,39.68240750669346,39.8126052346273,645700
1996-08-21,39.635887145996094,39.76608480438276,39.50568948760944,39.67308647696371,266400
1996-08-22,40.00788879394531,40.0822874713864,39.710294084180966,39.728893753541236,584800
1996-08-23,39.793983459472656,39.99857977545966,39.66378580384456,39.93348094764561,757100
1996-08-26,39.59870910644531,39.7475065103211,39.53361024224965,39.70100732160992,784700
1996-08-27,39.74750518798828,39.78470453771967,39.58010811419704,39.71030583825689,389400
1996-08-28,39.68238067626953,39.877677136124625,39.67308084484787,39.84047781043794,227600
1996-08-29,39.29179000854492,39.63588379086827,39.05929420967779,39.63588379086827,680200
1996-08-30,38.882606506347656,39.291799208160455,38.76170866263024,39.28249937402835,1500900
1996-09-03,39.133697509765625,39.18949650811605,38.31531220062604,38.371111198976465,1782000
1996-09-04,39.1708984375,39.728888443732195,38.975601935318736,39.133699103751184,930200
1996-09-05,38.69661331176758,39.14300539034601,38.69661331176758,38.984908195849485,616600
1996-09-06,39.24530792236328,39.38480546237168,38.77101628633472,38.83611513833864,804900
1996-09-09,39.710296630859375,39.719596466135926,39.32900338452092,39.39410223145675,719200
1996-09-10,39.69166946411133,39.82186706778929,39.50567288742852,39.65447014877476,669900
1996-09-11,39.9149055480957,39.95210490088982,39.524312343757394,39.617310725742705,713500
1996-09-12,40.19388961791992,40.3147874811853,39.97069356266077,40.026492576475555,713300
1996-09-13,40.80768966674805,40.84488901922457,40.54729419941237,40.658892256841945,2008800
1996-09-16,40.95646667480469,41.161063011508986,40.80766933901975,40.863468339939104,1220200
1996-09-17,40.86347198486328,41.058768505501,40.612376458329074,40.99366966528843,604700
1996-09-18,40.76117706298828,40.91927425898892,40.60307986698764,40.80767623828259,225500
1996-09-19,40.91929244995117,40.947191967530685,40.640297274156055,40.696096309315074,410000
1996-09-20,41.06441879272461,41.148548036779815,40.90550799839811,41.03637571137288,948400
1996-09-23,41.055084228515625,41.12986580270236,40.774653325315384,40.961607260782216,466800
1996-09-24,41.04572677612305,41.42898225273909,40.868120579642444,41.01768369246822,1269800
1996-09-25,41.07375717163086,41.24201562158292,40.980280254990824,41.24201562158292,1353300
1996-09-26,41.055084228515625,41.391601312355924,40.914868776915505,41.12986580270236,773200
1996-09-27,41.09246063232422,41.1111560193271,40.905506762295445,41.1111560193271,407600
1996-09-30,41.055084228515625,41.31681973816919,41.02704113819561,41.14856119624904,578200
1996-10-01,41.27942657470703,41.307469663412675,40.94290951023931,41.10182034623796,561400
1996-10-02,41.559837341308594,41.63461887498616,41.37288350711467,41.428969657372846,609000
1996-10-03,41.52246856689453,41.59725014018025,41.40094851030524,41.57855474685882,342200
1996-10-04,42.08332443237305,42.08332443237305,41.57854888387279,41.690721227983964,754100
1996-10-07,42.13005065917969,42.251570663299795,42.027226040308825,42.064616810807316,235100
1996-10-08,41.9618034362793,42.28897276581144,41.88702187524338,42.14875733886909,386200
1996-10-09,41.634639739990234,42.10202455970274,41.58790125801898,42.02724298854874,528800
1996-10-10,41.55048751831055,41.793527490296164,41.503749062159464,41.634616739382494,1562200
1996-10-11,42.064613342285156,42.064613342285156,41.709401051839194,41.709401051839194,331300
1996-10-14,42.1207275390625,42.288986104464875,42.05529365251713,42.06464135059504,201600
1996-10-15,42.064613342285156,42.55069331868489,41.84961642964681,42.55069331868489,776900
1996-10-16,42.27027130126953,42.27027130126953,41.84027738710359,42.176794363407375,590100
1996-10-17,42.3824577331543,42.49463009592401,42.204851492102264,42.401153126949254,792500
1996-10-18,42.60680389404297,42.662890077317265,42.3076775832467,42.40115455537053,695800
1996-10-21,42.55070495605469,42.84983117718688,42.43853262313011,42.64418190015849,879200
1996-10-22,42.251590728759766,42.52267394361243,42.232895334632,42.513326246548544,848900
1996-10-23,42.391807556152344,42.41050295088493,41.98985656940161,42.15811512199494,735900
1996-10-24,42.0272216796875,42.46656318746004,42.00852629637803,42.39178165422216,379300
1996-10-25,42.064613342285156,42.21417641194661,41.95244104003906,42.01787488301595,568300
1996-10-28,41.78418731689453,42.317005812881774,41.765491931070414,42.10200887590447,975400
1996-10-29,42.1207275390625,42.223552217919504,41.700081125556544,41.91507818134848,815900
1996-10-30,41.98049545288086,42.25157858985114,41.93375698098943,42.25157858985114,495400
1996-10-31,42.3824577331543,42.401153126949254,41.989854463460325,42.0365929479477,726300
1996-11-01,42.23289108276367,42.5694081431841,42.03658946418509,42.46658348583342,821300
1996-11-04,42.51332092285156,42.51332092285156,42.19549926247844,42.28897622141171,1608400
1996-11-05,42.7563591003418,42.9526607053062,42.644186754647855,42.65353445012235,764000
1996-11-06,43.5789680480957,43.59766344408373,42.79376141659848,42.83115220857454,1665000
1996-11-07,43.68178176879883,43.85004029048476,43.39200320367305,43.44808937756836,1446300
1996-11-08,43.92481994628906,43.93416764153194,43.52286905084526,43.69112756521709,1355700
1996-11-11,43.878074645996094,43.9808992776761,43.80329309568336,43.82198848326154,655900
1996-11-12,43.74721145629883,44.02764229896741,43.68177759300949,43.99959921470055,719900
1996-11-13,43.94354248046875,44.00897638758708,43.68180685199542,43.79397926419828,481900
1996-11-14,44.233280181884766,44.233280181884766,43.765895564578294,43.78459094927055,558800
1996-11-15,44.28937530517578,44.569806132350806,44.10242142039243,44.345461470610786,2250900
1996-11-18,44.29871368408203,44.420233683637434,44.11175983861217,44.37349522226997,1518200
1996-11-19,44.616519927978516,44.62586761704786,44.28935081055148,44.35478463403689,1029300
1996-11-20,44.691341400146484,44.87829534869343,44.45764896446281,44.607212123300364,730000
1996-11-21,44.625877380371094,44.775440438202246,44.495009704768826,44.747397364858905,653000
1996-11-22,44.971763610839844,45.0185020889222,44.69133274234573,44.69133274234573,965100
1996-11-25,45.541961669921875,45.56065705648589,44.91566622002763,45.01849084612967,2058800
1996-11-26,45.39241027832031,45.878490454282556,45.14937019033919,45.635450366301434,2861800
1996-11-27,45.308265686035156,45.579348769364024,45.252179530863664,45.50456722913537,872000
1996-11-29,45.47655487060547,45.59807495556289,45.38307788217668,45.46720717176259,1073400
1996-12-02,45.4952392578125,45.54197774071553,45.10263600142702,45.42045768516765,1350600
1996-12-03,44.719364166259766,45.81304426815199,44.719364166259766,45.504570393259314,1777800
1996-12-04,44.84087371826172,44.906307555248965,44.3267507133619,44.794135263270825,2365100
1996-12-05,44.719364166259766,44.953056495723914,44.588496461759846,44.775450325331164,1697700
1996-12-06,44.457664489746094,44.71940010911382,43.466808216425434,43.822020842710195,3401800
1996-12-09,45.11198043823242,45.12132813413757,44.61655255525971,44.68198642659573,1864600
1996-12-10,44.89694595336914,45.27085347744467,44.8502075128597,45.20541966073145,1331600
1996-12-11,44.485694885253906,44.64460575162275,43.85939911780024,44.04635307823417,1847900
1996-12-12,43.74721145629883,44.7941532689282,43.635039119231394,44.73806710039448,2540200
1996-12-13,43.85939407348633,44.01830492157867,43.31722765058304,43.70983092234059,1678300
1996-12-16,43.29852294921875,44.08372932394551,43.11156905047428,43.97155698469883,1831100
1996-12-17,43.64439010620117,43.84069171087674,42.99939911941002,43.167657637703364,2023200
1996-12-18,43.990257263183594,44.130472702824,43.83134643159113,43.89678030342332,1666800
1996-12-19,44.89694595336914,44.94368439387858,44.205217033829406,44.38282310776528,2269300
1996-12-20,44.995506286621094,45.521549783917706,44.93914448333931,45.16459169646644,1543200
1996-12-23,44.88278579711914,45.21156300576275,44.68551947193298,45.14580756403403,1263700
1996-12-24,45.21154022216797,45.21154022216797,44.96730584739623,44.99548673679298,633000
1996-12-26,45.559112548828125,45.58729344318822,45.314878131040594,45.352452656854055,1384300
1996-12-27,45.61546325683594,45.709399548551005,45.39001615671978,45.5591014818069,410400
1996-12-30,45.22095489501953,45.76578567688724,45.183380358339,45.76578567688724,694100
1996-12-31,44.394317626953125,45.31489382827378,44.394317626953125,45.258532020029655,1378100
1997-01-02,44.50703048706055,44.71369040067712,43.73675262721695,44.71369040067712,2031900
1997-01-03,45.145774841308594,45.1645620967565,44.53518903925178,44.71366796600685,2123200
1997-01-06,44.75124740600586,45.35243964655674,44.676098375937,45.14577981386737,1374100
1997-01-07,45.296104431152344,45.37125350528117,44.563400958396244,44.75127364371832,939000
1997-01-08,44.90155029296875,45.559104376757,44.90155029296875,45.54031711722019,1802200
1997-01-09,45.27731704711914,45.615487879836216,45.05186982530776,45.12701889924489,1415700
1997-01-10,45.76576614379883,45.840915185085855,44.63853052449343,44.63853052449343,2369500
1997-01-13,45.70002746582031,45.99123010743192,45.47458025941133,45.99123010743192,1364600
1997-01-14,46.27302551269531,46.52665354534711,45.991216587526644,46.10394015759411,2111200
1997-01-15,46.16029357910156,46.41392156579992,45.91605922154017,46.12271906255366,1583900
1997-01-16,46.34819030761719,46.47030755001666,45.99123221444948,46.31061577149427,1308400
1997-01-17,46.6300048828125,46.74272850460818,46.35758946347294,46.41395127437078,1604000
1997-01-20,46.68635940551758,46.949381148647255,46.57363580131915,46.742721207616796,1889900
1997-01-21,47.06206130981445,47.22175293501742,46.35753943391903,46.517231059122,2785800
1997-01-22,47.4002685546875,47.4002685546875,46.81786335246978,47.080885056697134,1201600
1997-01-23,46.742713928222656,47.9075243235401,46.23545778832635,47.53177903472802,2601100
1997-01-24,46.14152526855469,46.836654110141225,46.14152526855469,46.8178668441524,2176000
1997-01-27,46.010009765625,46.43272320773466,45.91607344515619,46.21666967065639,2108500
1997-01-28,46.14152526855469,46.79907957816357,45.69063088482289,46.667568716241796,4376000
1997-01-29,46.592411041259766,46.592411041259766,46.04758042827729,46.216665790927024,1122700
1997-01-30,47.193607330322266,47.21239459438688,46.536053088060605,46.81786204902989,2126300
1997-01-31,47.13726806640625,47.73846080380162,47.11848079336264,47.45665170814754,3208100
1997-02-03,47.278160095214844,47.4284582397655,47.109074682595356,47.32512826538692,755000
1997-02-04,47.569374084472656,47.616342265835684,47.15605408847803,47.34392681393013,654100
1997-02-05,46.67693328857422,47.77598766465857,46.36694359275555,47.635083257468274,2255400
1997-02-06,46.98694610595703,47.01512700126248,46.536051781069794,46.76149894351341,2483100
1997-02-07,47.625732421875,47.644519693047336,46.76151794794748,47.38149789663461,2321000
1997-02-10,47.174808502197266,47.813575323812046,47.14662761300838,47.64448998867872,1670000
1997-02-11,47.71964645385742,47.71964645385742,46.96815595852108,47.36268846857266,1664300
1997-02-12,48.395992279052734,48.48053496742841,47.653895347755146,47.71965077204734,2675400
1997-02-13,48.92202377319336,49.034747330274456,48.50870406389603,48.58385310195009,1104800
1997-02-14,48.80931854248047,48.97840394158837,48.64023314337257,48.80931854248047,1112900
1997-02-18,49.222633361816406,49.26020789110024,48.546291834707475,48.903249862903856,833100
1997-02-19,48.89385986328125,49.297786083093186,48.79052990007355,49.09112615667778,648100
1997-02-20,48.30207443237305,48.912660748612694,48.18935080475958,48.715394400289114,1193900
1997-02-21,48.32084655761719,48.555687374868434,48.17994206726644,48.339633822997286,1844400
1997-02-24,48.89385986328125,48.9220407623379,48.07661379063851,48.07661379063851,787300
1997-02-25,48.931434631347656,49.01597732892534,48.62144474022951,48.94082826441185,1653900
1997-02-26,48.45235824584961,48.95961441980771,47.8699530090829,48.8844653569991,1597800
1997-02-27,47.72905349731445,48.58387417597133,47.71965986348306,48.58387417597133,1813100
1997-02-28,47.588138580322266,48.02024564204647,47.53177678966258,47.64450037098194,2961200
1997-03-03,47.90752029418945,47.94509481991038,47.30632788265452,47.343902408375456,1210400
1997-03-04,47.64447784423828,48.17052097501063,47.550541570886075,48.03901019231754,1478700
1997-03-05,48.45235824584961,48.45235824584961,47.76662304772106,47.92631480618935,1254800
1997-03-06,48.170562744140625,48.64024451816696,48.0202645764522,48.471159079517484,1528500
1997-03-07,48.602664947509766,48.790537637681815,48.24570683618287,48.3584304502861,1859300
1997-03-10,49.10991668701172,49.10991668701171,48.42418143105306,48.65902227213479,1074900
1997-03-11,48.846885681152344,49.175662796313944,48.846885681152344,49.147481900728664,624600
1997-03-12,48.41478729248047,48.903256236836114,48.27388278930096,48.88446896974551,1055600
1997-03-13,47.663291931152344,48.37720801053105,47.531781074424686,48.24569715380339,2514100
1997-03-14,47.90752029418945,48.11418018565458,47.64449861414292,47.87933939989875,1642700
1997-03-17,48.03907012939453,48.11421924183786,47.15606805818548,47.64453728906709,3013500
1997-03-18,47.522377014160156,48.161143892389624,47.325110772353995,48.09538847845424,1352500
1997-03-19,47.36268615722656,47.7947931709577,46.930579143495414,47.400260680159704,1510000
1997-03-20,47.11845779418945,47.49420307165508,46.817861572216955,47.34390496066883,1808200
1997-03-21,47.336605072021484,47.525197124101254,47.280027456397555,47.4874787136853,2810600
1997-03-24,47.9966926574707,48.024981474361155,47.12916893949677,47.37433868588071,2145600
1997-03-25,47.525203704833984,48.260712809789744,47.39318925009833,47.88352865340217,2125800
1997-03-26,47.732666015625,48.07213183477998,47.48749625734641,47.71380680344973,1335300
1997-03-27,46.469112396240234,47.902412940929466,45.959913518521695,47.902412940929466,2898500
1997-03-31,45.4884033203125,46.54451882028659,45.41296649888578,46.41250438278983,4270700
1997-04-01,45.78072738647461,45.9787490703296,45.290387978833685,45.41297283074392,3210900
1997-04-02,44.96035385131836,45.8278774575099,44.92263543365785,45.63928536920739,2672700
1997-04-03,45.20553207397461,45.33754656063203,44.77177018924311,44.92264388828015,2284200
1997-04-04,45.771324157714844,45.78075376714165,44.752926339619826,44.96037774700955,3706700
1997-04-07,45.95045471191406,46.24277240041588,45.95045471191406,45.97874352047876,2596200
1997-04-08,46.280513763427734,46.3370914086153,45.77131495673966,45.94104789230235,1822700
1997-04-09,45.903324127197266,46.49738933262319,45.77130963710261,46.469100513317194,2453200
1997-04-10,45.73358917236328,46.19563986709438,45.67701153627376,45.92218129266169,1996500
1997-04-11,44.28142547607422,45.450696506532736,44.28142547607422,45.29982282518325,4221600
1997-04-14,44.875518798828125,44.932096464890954,44.24373486112662,44.498334358409316,3988500
1997-04-15,45.639305114746094,45.64873472324088,44.96037330312177,45.41299451087132,2760400
1997-04-16,46.167362213134766,46.23336947120093,45.41299354952145,45.48843041588278,2273300
1997-04-17,45.97877883911133,46.4691185642208,45.86562351793222,46.167371041076514,1386000
1997-04-18,46.205047607421875,46.45964684934032,46.01645557637117,46.35592123226243,1702100
1997-04-21,45.903324127197266,46.4125228747052,45.54499908265464,46.31822681035188,2809400
1997-04-22,46.91228103637695,46.91228103637696,45.865594967022616,45.93160219662154,3215000
1997-04-23,46.95943069458008,47.091445158380104,46.58224651229429,46.86513464900863,2047700
1997-04-24,46.72370147705078,47.24232984864267,46.393665240583225,47.10088574729943,2689900
1997-04-25,46.18621826171875,46.591691390598676,46.120211008180156,46.50682492176335,1606200
1997-04-28,46.63882064819336,46.95942717913525,46.0919036248219,46.16734045563176,1666500
1997-04-29,48.10983657836914,48.14755499199389,47.25174266840607,47.43090513312363,3197400
1997-04-30,48.336158752441406,48.69448376855392,47.8081008339598,47.82696004533414,3372200
1997-05-01,48.279563903808594,48.60017038285732,47.86466140151024,48.41157833635807,2149500
1997-05-02,49.14706039428711,49.28850435167665,48.317255844268445,48.44927020449869,1448300
1997-05-05,50.316368103027344,50.429523353633854,49.062230742138546,49.279111639134356,3636200
1997-05-06,50.27867126464844,50.37296734729031,49.78833163491068,50.07121988283631,1721100
1997-05-07,49.184810638427734,50.090052552018435,49.12823301882832,50.090052552018435,2327200
1997-05-08,49.52427673339844,50.22206738044176,48.996218946446746,49.07165577315413,2923700
1997-05-09,49.86375045776367,50.16549781303002,49.27911495693513,50.07120176450929,2558200
1997-05-12,50.69353103637695,50.84440464065188,50.01459981713976,50.05231821820849,2357900
1997-05-13,50.48611068725586,50.75013965610964,50.09949684000567,50.65584359580472,1195100
1997-05-14,50.580421447753906,50.99532423367881,50.354110837249415,50.835020884571456,2772000
1997-05-15,50.919883728027344,51.0518982413963,50.40125528264929,50.58041783650716,884100
1997-05-16,50.22208786010742,50.88216036296276,50.090073359536355,50.76900507675899,1934200
1997-05-19,50.37293243408203,50.63696128248231,50.12776278913891,50.27863641679622,1375800
1997-05-20,50.976436614990234,51.10845106423365,49.939180228077745,50.259786747668876,1756400
1997-05-21,50.86328125,51.287613407258064,50.486097110215056,51.108450940860216,1208000
1997-05-22,50.69353103637695,50.97641904439245,50.42950222889582,50.91984144278935,907600
1997-05-23,51.165042877197266,51.42907184891889,50.78785863188066,50.91987311774147,644400
1997-05-27,51.372493743896484,51.617663501117725,50.853865411313095,50.91987265364189,1531000
1997-05-28,51.363067626953125,51.570518974078695,51.00474257282715,51.37249723364065,716700
1997-05-29,51.06131362915039,51.44792745348929,50.995306390848626,51.35363139877249,1282700
1997-05-30,51.391380310058594,51.63655019777631,50.16553087147005,50.22210853786644,2143300
1997-06-02,51.165042877197266,51.598804759311356,51.127324452665604,51.5045086979822,1479100
1997-06-03,50.99531555175781,51.56109198169595,50.90101948010146,50.938737908764,1562100
1997-06-04,50.938720703125,51.14617199069789,50.74069901953269,51.014157534969684,1063100
1997-06-05,51.127315521240234,51.48564049169525,50.94815303601272,51.051878685354964,1180800
1997-06-06,52.12687683105469,52.16459526580943,51.05190144054452,51.05190144054452,1511100
1997-06-09,52.390892028808594,52.428610453595354,52.1080038429079,52.16458148008804,1823400
1997-06-10,52.55116271972656,52.74918432696041,52.2022675069812,52.409718714559524,1217500
1997-06-11,52.673789978027344,52.749226841583415,52.40033134763658,52.50405703502618,1673800
1997-06-12,53.69218444824219,53.7110436630115,52.84351978362297,53.03211193131613,4273300
1997-06-13,54.144805908203125,54.31453884208464,53.654466321434306,53.748762395812925,2132900
1997-06-16,54.16368103027344,54.31455479358897,53.99394804654347,54.163681030273445,800400
1997-06-17,54.088218688964844,54.45597331394212,53.67331603514434,53.975063419741076,2048100
1997-06-18,53.89963150024414,54.08822363285522,53.69218015437197,53.7864762206775,1971900
1997-06-19,54.45598220825195,54.61628553250135,53.9373538062686,54.078797915900424,2029900
1997-06-20,54.27043151855469,54.73428136059362,54.2230999020201,54.48815695461378,1396900
1997-06-23,52.95461654663086,54.46922838922309,52.91675125056606,54.166306020704646,3991500
1997-06-24,54.29883575439453,54.45029694199396,53.31433803499826,53.46579922259768,4895100
1997-06-25,53.920196533203125,54.67750266428743,53.276486321781455,54.21365265899829,4708900
1997-06-26,53.65510940551758,54.2988192572422,53.12499540997965,53.82550318979762,2569900
1997-06-27,53.8633918762207,54.35564080022131,53.730863319758996,53.9012571780669,2617900
1997-06-30,53.50366973876953,54.20417779975129,53.23861263461426,53.863390094408814,2384900
1997-07-01,54.12842559814453,54.260954097335514,53.55097999452669,53.61724424412218,1749000
1997-07-02,55.018280029296875,55.01828002929688,54.052714894577626,54.260974041281784,1961800
1997-07-03,55.775569915771484,55.83236784847594,55.415849675309964,55.66197405036259,2539100
1997-07-07,55.20759201049805,56.04062837828334,55.07506349744129,55.96489779939376,1158600
1997-07-08,55.7850456237793,55.85130988975018,55.24546517230205,55.283330467142555,3396500
1997-07-09,55.169742584228516,55.96491389120779,54.544965128744806,55.927048590875444,5390300
1997-07-10,55.415870666503906,55.64306248338059,54.81949214720262,55.20761150103361,2072200
1997-07-11,55.60517501831055,55.85129938849715,55.359050648123954,55.491579155147505,2258900
1997-07-14,55.775569915771484,55.92703106965003,55.26438852143142,55.67144037247999,3186400
1997-07-15,56.05958938598633,56.20158429324566,55.415879139744,55.92706080587761,2983100
1997-07-16,56.797943115234375,57.00620223999023,56.27729530334472,56.419290161132814,2621300
1997-07-17,56.51395034790039,56.83580534150652,56.211028000976974,56.722209461410245,1794800
1997-07-18,55.311702728271484,56.47605998234942,55.169707941188804,56.352997833544435,3961900
1997-07-21,55.321189880371094,55.49158368903753,54.942536972223444,55.302257234963704,3810300
1997-07-22,56.788482666015625,56.826347965342855,55.51052881372156,55.548394113048786,4243400
1997-07-23,56.74114227294922,57.242857411498825,56.665411685998336,56.91153609358871,3204300
1997-07-24,57.00619125366211,57.110320795972015,56.15422227112647,56.91152803338037,4152700
1997-07-25,56.968326568603516,57.44164267502262,56.72220219326558,57.29018152096851,2364800
1997-07-28,56.93045425415039,57.29017445063488,56.646464625346844,57.10084803143251,2794700
1997-07-29,57.11979675292969,57.23339263642905,56.59914895355761,56.72221116068192,2737100
1997-07-30,57.80135726928711,57.93388576613775,57.1955127122556,57.2523106394773,4839800
1997-07-31,57.74458312988281,58.180034084632744,57.574189278024136,57.80138108050237,2138700
1997-08-01,57.517364501953125,57.990680536366824,56.83578941239739,57.858152046730986,7077700
1997-08-04,57.668880462646484,57.88660604548314,57.19556397821899,57.42275589074419,2339500
1997-08-05,57.70671081542969,57.97176788610423,57.498451688471114,57.61204757590306,1466700
1997-08-06,58.18002700805664,58.48294937451577,57.59311492304207,57.82030669788642,2478200
1997-08-07,57.74458312988281,58.539754438556606,57.6309872286437,58.46402383773053,3641900
1997-08-08,56.57075881958008,57.403795428703745,55.983846663152036,57.13873832580076,7113100
1997-08-11,56.9872932434082,57.11982183234637,56.11639108752888,56.797966687782264,6355900
1997-08-12,56.07849884033203,57.28072189109539,56.021700900925886,57.08192910317389,6132500
1997-08-13,55.90812301635742,56.85475564447048,55.415874049738626,56.76009238165917,6982300
1997-08-14,56.11638259887695,56.53290095824783,55.567335670615336,56.400372389357095,3462700
1997-08-15,54.39350509643555,55.81345388941593,54.29884184357018,55.81345388941593,4907100
1997-08-18,55.60517501831055,55.605175018310554,54.12842879719096,54.753206044587714,5638900
1997-08-19,56.248924255371094,56.28678956957869,55.45375265701176,55.870271113295225,3802800
1997-08-20,57.10084533691406,57.138710618967714,56.106881683005575,56.30567441378727,3564600
1997-08-21,56.097434997558594,57.100865323198356,55.79451263510131,57.025134732584036,5392600
1997-08-22,56.07849884033203,56.18262839590996,54.8668094663343,55.13186651689631,8087800
1997-08-25,55.87024688720703,56.58968754519207,55.64305510047491,56.211034567305205,3888000
1997-08-26,55.04668426513672,56.07851377242819,54.952021007587035,55.73772604524935,4290000
1997-08-27,55.378021240234375,55.71880906325121,54.7721762215378,55.1318967013889,5484300
1997-08-28,54.53549575805664,55.699853678251216,54.52602943350221,55.2454700996387,4287900
1997-08-29,54.75322723388672,55.19814453679002,54.35564155895186,54.60176602438773,2652300
1997-09-02,56.53289794921875,56.5612969267552,54.885757252104874,54.94255520717777,7294000
1997-09-03,56.22993087768555,56.94937107073338,56.192065604367244,56.52338674590243,2812500
1997-09-04,56.589691162109375,56.77901766315357,56.19210550991657,56.381432010960765,2473700
1997-09-05,56.42875671386719,57.21446159681484,56.09743537768444,56.93047188008677,3663300
1997-09-08,56.67490005493164,56.94942353941352,56.53290514916515,56.77902965249374,803500
1997-09-09,56.703285217285156,57.119803506026486,56.286766928543834,56.476093423426256,1885200
1997-09-10,55.52946853637695,56.646495008810035,55.529468536376946,56.41930318390839,3623700
1997-09-11,55.24546813964844,55.68091905370324,54.67748868653348,55.605188459954576,7055900
1997-09-12,56.135337829589844,56.32466443272505,55.09404151234619,55.7377519630059,6708000
1997-09-15,56.04062271118164,56.53287142418526,55.85129628310332,56.1352859252208,2060500
1997-09-16,57.44164276123047,57.72563242550814,56.362482036975315,56.532875835541915,6979000
1997-09-17,57.44164276123047,57.85816093550439,57.25231631837868,57.78243035836367,2220000
1997-09-18,57.68778991699219,58.388298032164066,57.53632870290097,57.55526135466237,5045400
1997-09-19,57.785362243652344,57.984884211280864,57.40532040055038,57.557337137791166,1566400
1997-09-22,58.1083869934082,58.49792981007429,57.89936401861178,58.07038281617249,3259000
1997-09-23,57.842376708984375,58.19391546362176,57.6143515708412,58.10840603681807,1872800
1997-09-24,57.36730194091797,58.4409198805211,57.329297766064755,57.9943708259959,2793100
1997-09-25,56.96828842163086,57.61435973795356,56.930284226553056,57.31032617733111,6327800
1997-09-26,57.443328857421875,57.652351886674815,57.272310015305834,57.42432676385343,3995800
1997-09-29,57.99441909790039,58.10843171735891,57.25333707142001,57.46236020709397,2065000
1997-09-30,57.38634490966797,58.18443315013355,57.38634490966797,57.766386928937294,4137600
1997-10-01,58.14639663696289,58.260409179388304,57.63334019604851,57.91837155211205,3567500
1997-10-02,58.46945571899414,58.48845781705036,57.95639907147615,58.0894137578697,2577500
1997-10-03,58.763973236083984,59.43854754485714,57.975386368081566,59.26752870601324,6499900
1997-10-06,59.15349578857422,59.35301769855817,58.925470748592566,59.17249787523936,2272100
1997-10-07,59.70460510253906,59.894626124507674,59.106038883337916,59.30556095640497,1832800
1997-10-08,59.28657913208008,59.818638175573106,58.82102746902368,59.80913712122502,4439400
1997-10-09,59.0775260925293,59.35305652943559,58.507463119619715,58.84950090336546,3607600
1997-10-10,58.9064826965332,58.97299001570671,58.52644087268461,58.56444505506947,2858100
1997-10-13,58.963497161865234,59.315035897764204,58.81148041120622,59.19152228785376,1760300
1997-10-14,58.98251724243164,59.28655083646479,58.488462652127765,59.26754873683772,2235700
1997-10-15,58.8494873046875,59.0205061570421,58.54545378939044,58.56445588409651,2601700
1997-10-16,57.91838073730469,59.286531463382744,57.76636398996268,59.17251890287624,9488100
1997-10-17,57.32932662963867,57.99440002441407,56.55024065290179,57.775875908987864,8151300
1997-10-20,58.14639663696289,58.22240499857983,57.25329838796378,57.67134437685698,3636400
1997-10-21,59.27705764770508,59.2865586987786,58.39345989786751,58.50747251074977,5225400
1997-10-22,58.88751220703125,59.220048981352974,58.69749119313311,59.19154582926826,4485200
1997-10-23,57.72835159301758,58.22240595161483,57.32930768799672,57.72835159301758,8054100
1997-10-24,57.15828323364258,58.46942736366962,56.95876130081238,58.46942736366962,6778700
1997-10-27,53.01582717895508,57.12027831539031,52.80680420441439,56.55971670184939,10840700
1997-10-28,56.07518768310547,56.47423171609267,51.30566138406804,51.30566138406804,19548000
1997-10-29,55.92314910888672,57.0062682047775,55.50510314205169,56.2461846287138,10134400
1997-10-30,54.68803024291992,56.2842062472303,54.57401767118347,55.10607633928693,9772900
1997-10-31,55.980159759521484,56.24618903197,54.99205103328418,55.82814303240806,7072700
1997-11-03,57.15828323364258,57.38630829973424,56.4742080353676,56.664228923777316,5548500
1997-11-04,57.15828323364258,57.42431247741618,56.721235190300234,57.08227487827869,3455700
1997-11-05,57.34833908081055,57.93740419396666,57.06330757444469,57.27233067911298,4774900
1997-11-06,57.12980270385742,57.3673289083471,56.85427230664939,57.177307944755356,3679800
1997-11-07,56.51222229003906,56.7022432123324,55.600121863031035,56.17018462991105,10606800
1997-11-10,56.1701774597168,57.06327568049037,55.94215238207248,56.93026105186452,4347900
1997-11-11,56.189186096191406,56.58823002856205,55.961160991979604,56.360204924350256,3212400
1997-11-12,55.030094146728516,56.379243554331325,54.954085729398784,55.71416990269614,6775300
1997-11-13,55.82814025878906,56.03716324818548,54.783025311806966,55.61911726939264,8589600
1997-11-14,56.588218688964844,56.787740615168374,55.704621587206326,56.13216857192818,5827900
1997-11-17,57.633338928222656,57.956374457988495,57.17728876855324,57.386311758401725,5149900
1997-11-18,57.272315979003906,57.823376749870235,57.09179607130632,57.6523578899462,3433600
1997-11-19,57.55734634399414,57.804373581522015,56.398218537132585,56.96828139296614,4387900
1997-11-20,58.43143844604492,58.69746775929521,57.93738400715153,57.95638610095512,4822700
1997-11-21,58.83051681518555,58.86852102501448,58.16544314317925,58.75450839552769,5436500
1997-11-24,57.766326904296875,58.58341639669319,57.53830192967465,58.37439350328948,4337200
1997-11-25,57.91838073730469,58.2604184188242,57.55734096236742,58.14640585831769,4525000
1997-11-26,58.08939743041992,58.36492777479058,57.9563827814134,58.29842045028732,2681100
1997-11-28,58.14639663696289,58.52643844504761,58.12739454655865,58.22240499857983,1564700
1997-12-01,59.647579193115234,59.64757919311523,58.393440860287704,58.507453435999295,4850900
1997-12-02,59.28657913208008,59.581111816870866,59.13456226251065,59.40059178425716,1974900
1997-12-03,59.45753479003906,59.91358491306909,58.90647422471112,59.36252434774114,3302500
1997-12-04,59.40054702758789,60.02761614208258,59.21052608380162,59.89460148143219,2872500
1997-12-05,60.16060256958008,60.198606740502115,59.058481612841085,59.210498296529224,3458800
1997-12-08,59.989627838134766,60.19865093164743,59.742600545801615,60.17964883223719,2289200
1997-12-09,59.62858200073242,59.951617658480174,59.36255263552839,59.723592488305286,1703000
1997-12-10,59.11552810668945,59.49557007458846,58.65947774521066,59.324551189033905,3558400
1997-12-11,58.1083869934082,58.7354559177975,57.95637028446535,58.56443712023679,5072800
1997-12-12,58.2224235534668,58.678473868507005,57.70936694904656,58.64046967558699,4478400
1997-12-15,58.81144332885742,59.04896935199498,58.29838711888031,58.52641210109236,4674700
1997-12-16,59.17252731323242,59.47656085112958,58.90649796757242,59.11552102487671,2885800
1997-12-17,58.868499755859375,59.51457108952601,58.80199241268781,59.495568991476986,2236300
1997-12-18,58.29841995239258,58.944491099192234,57.899376008781026,58.944491099192234,4658300
1997-12-19,57.862667083740234,58.530386618171796,56.393684107990815,57.71004547587017,8556000
1997-12-22,58.23468780517578,58.54946990141997,57.7291286809048,58.263304359379795,5136800
1997-12-23,57.19498062133789,58.3777987662755,57.09959206126228,58.263332494184766,4436500
1997-12-24,57.023277282714844,57.65284173581942,56.927888729214146,57.65284173581942,2019200
1997-12-26,57.25218200683594,57.46203672262241,57.02324958961434,57.46203672262241,941800
1997-12-29,58.37778091430664,58.435014032850084,57.6528280794231,57.74821661032883,2080000
1997-12-30,59.29352951049805,59.36984035928891,58.51134331039174,58.568576446984885,3616000
1997-12-31,59.25537109375,59.598769895967486,59.02643855893835,59.140904826344176,4359500
1998-01-02,59.56061935424805,59.61785249264098,58.931054831925756,59.407997651866886,2360900
1998-01-05,59.69412612915039,60.094757848137974,59.08363970021693,59.73228153095873,4191800
1998-01-06,58.74028015136719,59.388922413512844,58.721202437774664,59.36984469992032,3154900
1998-01-07,58.89287567138672,59.04549731225847,58.12976746702797,58.66394321007909,4424200
1998-01-08,58.37778091430664,58.79749045029185,58.22515926485748,58.79749045029185,3831000
1998-01-09,56.35553741455078,58.30146321559485,56.10752726343732,58.14884158414041,10258800
1998-01-12,57.38573455810547,57.50020078395276,55.497041831625275,55.63058576178044,12097900
1998-01-13,58.187015533447266,58.225170953469195,57.51929568306344,57.767305913206,5224900
1998-01-14,58.4541015625,58.58764552821067,57.82453715272111,58.41594614372552,3770400
1998-01-15,57.96760940551758,58.45409090620565,57.881759728925566,58.301469258930965,2875400
1998-01-16,58.79750061035156,59.02643312408427,58.396868711319314,58.75934519139611,4374800
1998-01-20,59.751380920410156,59.837230605640634,58.91196177593441,59.02642802290838,5091700
1998-01-21,59.17906951904297,59.63693466038953,58.702126663473635,59.350768947047925,4699400
1998-01-22,58.65444564819336,59.14092747093817,58.53044047768978,58.70213994454089,4543400
1998-01-23,58.568572998046875,59.083671197052496,57.9962416658184,58.911971797383956,6350300
1998-01-26,58.5303955078125,59.055032364548104,58.24422994959308,58.83563876991322,4362900
1998-01-27,59.1218376159668,59.522469623044984,58.3968844603015,58.49227303341536,7044200
1998-01-28,59.65599060058594,59.894461941330206,59.331669577173734,59.46521352799053,4268600
1998-01-29,59.980289459228516,60.78155286803501,59.56058005461559,59.7322793565027,8007700
1998-01-30,60.018463134765625,60.419094961157896,59.827686074578835,60.304628725045816,3649100
1998-02-02,61.010536193847656,61.353935084244554,60.8960698970487,60.9914584777145,5756300
1998-02-03,61.468360900878906,61.54467171515685,60.87695209022489,61.048651422350254,2759600
1998-02-04,61.392066955566406,61.75454342298585,61.010512779335414,61.220367576262454,3374000
1998-02-05,61.353919982910156,62.021639883221674,61.067754311348075,61.849940480284424,5076200
1998-02-06,62.040714263916016,62.040714263916016,61.468382951518265,61.65916005565085,5701200
1998-02-09,61.83088684082031,62.11705262379233,61.4874879012539,62.09797490492753,2322200
1998-02-10,62.42230224609375,62.55584629124126,61.77365974109155,61.92628150697442,3660400
1998-02-11,62.36503601074219,62.47950227445111,62.08840920677897,62.32688058950588,4073200
1998-02-12,62.63212966918945,62.84198450512033,61.58285548953504,62.097953723183565,5024700
1998-02-13,62.26968002319336,62.58446241301649,62.193369140811996,62.384146346765405,2101300
1998-02-17,62.57488250732422,62.93735896087274,62.365027718427704,62.765659588139236,3055500
1998-02-18,63.14720153808594,63.17581809467419,62.44132647557561,62.46040417996778,3007400
1998-02-19,62.8133659362793,63.12814818015131,62.72751623340511,63.032759621402214,3387800
1998-02-20,63.280731201171875,63.31888660135346,62.498545497449214,62.97548799971913,3707000
1998-02-23,63.52878189086914,63.643248164546385,63.089994508439716,63.643248164546385,3227800
1998-02-24,63.03275680541992,63.54785499965307,62.841979696444675,63.43338873426793,3386800
1998-02-25,63.8149299621582,64.02478473931329,63.261676458749356,63.33798728680575,3481800
1998-02-26,64.17743682861328,64.23466997679576,63.60510534678855,63.75772707527514,3187600
1998-02-27,64.17743682861328,64.42544713740399,63.81496022345762,64.08204824830915,3442900
1998-03-02,64.04386138916016,64.55895947003812,63.87216202886751,64.25371616285118,4252300
1998-03-03,64.40634155273438,64.482652383958,63.81493261075133,63.81493261075133,3349200
1998-03-04,63.98662185668945,64.34909824764863,63.75768939924154,64.15832119977537,4404100
1998-03-05,63.39524459838867,63.7577211699714,62.975534883924475,63.18538974115658,7268000
1998-03-06,64.67345428466797,64.67345428466797,63.75772395851338,63.834034819026265,6896300
1998-03-09,64.44451904296875,64.84515104412398,64.2537418995615,64.42544132862803,3362800
1998-03-10,65.05496215820312,65.22666147181715,64.67340812794973,64.84510744156375,5481900
1998-03-11,65.36024475097656,65.51286645500686,65.18854533394247,65.3030116119652,3439600
1998-03-12,65.6273193359375,65.68455246326535,65.0168326444404,65.3793091175168,3191300
1998-03-13,65.37931060791016,65.93256418469142,65.24576664110089,65.83717563697051,2879400
1998-03-16,66.08524322509766,66.16155412951463,65.64645552470006,65.8372327857425,3223600
1998-03-17,66.27594757080078,66.27594757080078,65.72269412245501,66.12332592987781,4581900
1998-03-18,66.52395629882812,66.52395629882812,65.95162515774271,66.08516909066265,1944100
1998-03-19,66.69569396972656,66.77200483239216,66.33321737206501,66.52399452872898,2554800
1998-03-20,67.2699203491211,67.4612454923211,66.65767989088108,67.07859520592109,3123300
1998-03-23,67.11688995361328,67.53780545503275,66.98296229407073,67.17428752198866,4453100
1998-03-24,67.69084167480469,67.84390180295574,67.30819135442704,67.38472141850256,3333600
1998-03-25,67.44214630126953,68.28397734729957,66.84903806429382,68.20744725220592,4597600
1998-03-26,67.40390014648438,67.8056832583425,67.11691220944286,67.26997244253167,3333500
1998-03-27,67.11688995361328,67.82479329690966,66.73423949777741,67.80566077411787,2611300
1998-03-30,67.07862854003906,67.40388144511056,66.7151105873121,67.11689358769453,3108700
1998-03-31,67.3082046508789,68.07350544281614,67.19340953208832,67.44213228946792,5926500
1998-04-01,67.85350799560547,68.00656821383889,66.98297800440285,67.53782129549903,2929000
1998-04-02,68.59010314941406,68.72403082641432,67.80566961269831,67.92046476441281,3920900
1998-04-03,68.93447875976562,69.06840641763917,68.47529821848492,68.78141857933872,3787600
1998-04-06,68.379638671875,69.41279493608351,68.379638671875,69.33626484243844,4550500
1998-04-07,67.92047882080078,68.53271975665025,67.44216558966838,68.41792458117847,5583700
1998-04-08,67.53782653808594,68.13093492978017,67.193441020328,68.0926698722515,4854800
1998-04-09,68.07352447509766,68.1309220505404,67.67174144699842,67.69087397214601,4481200
1998-04-13,67.8821792602539,68.18829957258876,67.34646871366792,68.18829957258876,4350200
1998-04-14,68.45616149902344,68.45616149902344,67.90131837899223,68.03524602865494,3279100
1998-04-15,68.64752960205078,68.64752960205078,68.05442106869972,68.55186693538126,3867200
1998-04-16,67.84388732910156,68.26480259171866,67.65256220973015,68.15000752009581,7177900
1998-04-17,68.74314880371094,68.83881140989479,67.61433005074157,67.78652274187249,5688800
1998-04-20,68.72400665283203,68.91533183839114,68.49441643016111,68.57094650438475,3688300
1998-04-21,69.04928588867188,69.27887619919115,68.51357516412689,68.8388281040292,4573200
1998-04-22,69.24060821533203,69.45106599106252,69.06841548973435,69.10668053986717,2386100
1998-04-23,68.57095336914062,69.18319402422225,68.41789320537022,68.95360377856663,5062000
1998-04-24,67.84388732910156,68.85791046177003,67.55689965004444,68.41786268721579,11039700
1998-04-27,66.56202697753906,67.15513500752002,65.89238887917348,66.96380983655841,14510200
1998-04-28,66.46636962890625,67.23167037305025,66.19851436845585,67.21253785444665,6511400
1998-04-29,66.925537109375,67.32731992221002,66.38982669226165,66.75334447530285,7703100
1998-04-30,68.169189453125,68.52314118056896,67.59521367889155,67.69087630793047,8684500
1998-05-01,68.93447875976562,68.93447875976562,68.15004533507776,68.41790065082483,4008800
1998-05-04,68.76228332519531,69.37452402258158,68.6666207162287,69.01100610850848,4537200
1998-05-05,68.28401184082031,68.66666250958366,68.03528890612414,68.57099984239282,5146400
1998-05-06,67.48040008544922,68.64748384082557,67.46126756486927,68.64748384082557,5526100
1998-05-07,66.94470977783203,67.6908783063646,66.94470977783203,67.65261325361934,6940400
1998-05-08,68.03526306152344,68.18832327088569,67.34649211939328,67.34649211939328,7951000
1998-05-11,67.8056640625,68.70489267732435,67.576073777864,68.30310967921135,6336300
1998-05-12,68.53270721435547,68.55183974009928,67.55694840142077,67.84393628757803,6045200
1998-05-13,68.70487976074219,68.91533748209228,68.32222935828749,68.60921716012852,4441500
1998-05-14,68.36053466796875,68.99190820394494,68.16920935403657,68.28400454239588,4187500
1998-05-15,67.97783660888672,68.70487229454326,67.84390898258157,68.57094466823811,6716100
1998-05-18,67.70999145507812,68.32223212378751,67.24124469309751,67.7865215386668,4847200
1998-05-19,68.169189453125,68.37964723701059,67.82480398858493,67.9587316692394,5918700
1998-05-20,68.81968688964844,68.8770844600318,67.88219324005355,68.62836165503724,5716600
1998-05-21,68.379638671875,69.04927699126941,68.15004839093977,68.80055418692291,6301500
1998-05-22,68.11174011230469,68.60918540525972,67.92041499962967,68.4178602925847,4862200
1998-05-26,67.0212173461914,68.6283490210644,66.84902466674073,68.6283490210644,6899300
1998-05-27,67.11688995361328,67.28908265873943,65.86370971075078,66.44725165590049,10202600
1998-05-28,67.42302703857422,67.57608725886611,66.77252110233373,67.26996681828234,4907600
1998-05-29,66.75338745117188,67.8439415023948,66.75338745117188,67.72914633910818,4772600
1998-06-01,67.05946350097656,67.4803788210968,66.46635554989803,66.71507823905999,6092200
1998-06-02,67.11688995361328,67.55693797782455,66.82990211173637,67.34648022711481,6701100
1998-06-03,66.04547882080078,67.4612857248388,66.04547882080078,67.26996046753638,6445100
1998-06-04,67.2699203491211,67.38471543504109,66.16023451856107,66.27502960448108,6566300
1998-06-05,68.57095336914062,68.57095336914062,67.2699419770922,67.57606230463301,8463200
1998-06-08,68.4944839477539,68.8580021586498,68.36055618584489,68.53274902258505,4159900
1998-06-09,68.70487976074219,68.82924114153997,68.20743423755107,68.39875943877843,2725300
1998-06-10,68.26484680175781,69.22147301815016,68.11178660713504,68.3413768990692,6186900
1998-06-11,66.98294067382812,68.49440948651947,66.96380815721177,68.22655425389063,8056600
1998-06-12,67.61430358886719,67.61430358886719,66.27502762643915,67.26991834138569,9779000
1998-06-15,65.83504486083984,67.28911734250907,65.8159123281863,66.6194786996351,10234200
1998-06-16,66.84902954101562,66.86816206234964,65.96893355965138,66.37071650766549,7471500
1998-06-17,68.24569702148438,68.43702221638621,67.3082035664654,67.44213120289668,12057700
1998-06-18,67.9395751953125,68.22656298126849,67.80564756186638,68.07350282875862,3844600
1998-06-19,67.59917449951172,68.3189272092595,67.33046682120589,68.2133634784965,3549100
1998-06-22,67.92547607421875,68.21337721609873,67.59918811342143,67.71434857017343,5438300
1998-06-23,68.73158264160156,68.82754966567529,68.17497390197396,68.2325541164182,5004600
1998-06-24,69.65283203125,69.82557259015914,68.54921179377497,68.88509621387607,8291900
1998-06-25,69.53768920898438,70.28623181984564,69.28817500536395,69.95994401511125,5854800
1998-06-26,69.82559967041016,69.9215666848005,69.48011841860493,69.59527883587334,4833100
1998-06-29,70.07516479492188,70.43983971442435,69.89282733517065,70.17113187900148,5953400
1998-06-30,69.59529876708984,70.13271420158475,69.4417515000913,69.95997352621139,4284800
1998-07-01,70.40142059326172,70.59335467339602,69.78723153683195,70.05593924901997,3489500
1998-07-02,70.53579711914062,70.5549905333227,70.17112224968112,70.4590234624123,3503900
1998-07-06,71.24591064453125,71.24591064453125,70.36301412253545,70.49736794110002,3144400
1998-07-07,71.11157989501953,71.32270739268355,70.80448535296277,71.2363370527301,4920700
1998-07-08,71.62976837158203,71.82170237043407,71.09235317479632,71.16912677433713,6875000
1998-07-09,71.14994049072266,71.68735574125954,71.01558667808844,71.41864811599109,6942500
1998-07-10,71.53380584716797,71.82170686345654,70.67010279830224,71.2650982319653,7849700
1998-07-13,71.55301666259766,71.76414412592614,71.28430898199777,71.59140347411193,6555100
1998-07-14,72.35914611816406,72.57027360020646,71.82173070932889,71.82173070932889,6983600
1998-07-15,72.22480010986328,72.64705511980668,72.18641329077752,72.51270125300651,4977500
1998-07-16,72.72383880615234,72.83899927932123,71.89852208177531,72.28239032567161,6315600
1998-07-17,72.81979370117188,73.08850142700646,72.66624642926641,72.85818051914825,3539500
1998-07-20,72.81979370117188,73.23245199441784,72.4359255214082,72.93495415510098,2338400
1998-07-21,71.55301666259766,73.08848912316842,71.4186628222977,73.08848912316842,5518600
1998-07-22,71.55301666259766,71.85051445183323,70.95802108412649,71.45704963381198,10417300
1998-07-23,70.1327133178711,71.61060574410976,69.95997264467437,71.43786507091303,15110900
1998-07-24,70.07516479492188,70.6893541330313,69.32662153910103,70.61258046576762,11540500
1998-07-27,70.57415771484375,70.63173793598722,69.30739284968746,69.78722802588302,9600000
1998-07-28,69.38414764404297,70.42059134329008,68.71237857971614,70.28623753042471,13693000
1998-07-29,69.11547088623047,70.09433481713792,68.94273019254092,69.84482048180857,7462400
1998-07-30,70.15189361572266,70.38221447027496,69.652865097526,69.78721892934817,6821600
1998-07-31,68.65480041503906,70.32462642457453,68.36689937891225,70.22865941253227,7680500
1998-08-03,68.36690521240234,69.04827105604083,68.19416457598696,68.65480627309466,10486500
1998-08-04,65.71822357177734,68.92352244341484,65.71822357177734,68.92352244341484,15091600
1998-08-05,66.62030029296875,66.86981452627575,64.85450725725768,66.29401244941344,21718400
1998-08-06,66.908203125,67.25368438037866,66.06369338962995,66.4091746450086,13084400
1998-08-07,67.02340698242188,67.92549751168127,66.62034525658257,67.3688884617127,12083800
1998-08-10,66.63951110839844,67.34966718875867,66.4475770326254,66.79305836901686,6273000
1998-08-11,65.64142608642578,65.98690727635434,64.79691651104487,65.58384588810435,14287100
1998-08-12,66.75467681884766,66.86983727339427,66.02532727338584,66.17887454611464,11158400
1998-08-13,65.94852447509766,67.34964271918443,65.94852447509766,66.83142090287836,9073900
1998-08-14,65.18081665039062,66.77386958972585,64.96968915240645,66.54354868283401,8628500
1998-08-17,66.56272888183594,66.90821017361017,64.79693561276763,65.10403009434472,11290000
1998-08-18,67.79109191894531,67.92544572512668,66.81222847390957,66.94658228009095,7603900
1998-08-19,67.61835479736328,68.23254365728823,67.33045376927346,68.23254365728823,6258600
1998-08-20,67.21527862548828,67.81027395312681,67.04253804649645,67.36882580681434,7402800
1998-08-21,66.67786407470703,66.77383106387616,64.79691108699221,66.44754330070114,16685400
1998-08-24,67.10014343261719,67.52239833980185,66.52434128645628,67.10014343261719,7201700
1998-08-25,67.25369262695312,68.32852333103685,66.72587397762629,67.79110797899499,9688300
1998-08-26,66.86984252929688,67.33048438368927,66.17887974770827,66.50516772790289,9339700
1998-08-27,63.72211837768555,66.06371429397399,63.549377695336396,65.71823292927569,24887800
1998-08-28,63.4918098449707,64.93131581183069,62.74326674220352,64.4706739024355,23735900
1998-08-31,58.96215057373047,63.88525982573628,58.347961505254105,63.72211585442225,22563100
1998-09-01,61.4572639465332,61.76435833227478,57.5034237301104,59.00050886060058,24748500
1998-09-02,61.0158576965332,62.493750443508056,60.67037627516246,61.303758881008825,13843200
1998-09-03,60.53602981567383,61.035058596652746,59.42281176579777,59.96022737608276,17311300
1998-09-04,60.036949157714844,61.30371343022417,58.808571681342166,61.0733926534043,17783800
1998-09-08,63.26145935058594,63.261459350585945,61.30373214980931,61.95630788340152,14746500
1998-09-09,61.72597122192383,63.33821673891437,61.68758442390024,63.107895950772864,12109700
1998-09-10,60.49761962890625,61.01584162445843,59.461175637801894,60.45923281442091,19889300
1998-09-11,62.45536422729492,62.455364227294915,59.576352354493984,60.305702028936885,20379800
1998-09-14,63.53016662597656,64.15395224994764,62.70485026195331,63.184685357315665,10686800
1998-09-15,63.91404724121094,64.06759450185048,62.82002300915418,63.1846977531731,8337900
1998-09-16,64.48985290527344,64.64340017409552,63.3574417977106,64.33630563645136,11024900
1998-09-17,62.647300720214844,63.280683356172894,62.512946827738894,62.800848025901644,12945200
1998-09-18,62.92631912231445,63.11893105718532,62.309960930727655,63.09966986369823,7019200
1998-09-21,62.887813568115234,63.735306308389994,60.98095490249705,61.40470127263442,8834600
1998-09-22,63.4078483581543,63.889378190764816,62.9648409121526,63.793072224242714,7270100
1998-09-23,65.95033264160156,65.95033264160156,63.966429527674876,64.0242131135174,13688500
1998-09-24,64.33240509033203,65.8347786223817,63.639001921693726,65.52659943632024,11129500
1998-09-25,64.25537872314453,64.97767389764032,63.25379608117705,63.56197535562858,10247400
1998-09-28,64.83323669433594,65.52664029534488,64.25540036016181,64.91028153889249,8847800
1998-09-29,64.67910766601562,65.29546604758575,63.716047694812296,64.94876445795255,10618100
1998-09-30,62.714454650878906,64.29387273483839,62.483320297128735,63.79308163504635,7908400
1998-10-01,60.90390396118164,62.58925867231491,60.460896437112325,61.65509063242961,13335600
1998-10-02,62.07884216308594,62.17514815465138,59.92158795201996,60.94243146261368,14351800
1998-10-05,60.82683563232422,61.61654439132526,59.38224643902963,61.38541012039813,12807200
1998-10-06,60.76908493041992,62.425548101264965,60.114204141946296,62.098107707028156,12621000
1998-10-07,59.863834381103516,61.65512672262302,59.01634123027708,60.78837236382326,14348500
1998-10-08,59.536346435546875,59.6326523987231,56.83977946661236,58.28436891425585,20625000
1998-10-09,60.73054122924805,60.8846307724875,57.97619064384289,59.78674277690642,12708500
1998-10-12,61.61656951904297,62.5218457826863,61.443218745153814,62.02105465811765,9508500
1998-10-13,61.40469741821289,61.886227354052075,60.865383890073,61.366175023345754,6256800
1998-10-14,61.98251724243164,62.7529649396651,60.923151658735634,60.980935236028145,8176900
1998-10-15,65.31472778320312,66.10443696607288,61.59731626384064,61.712883461333774,20541100
1998-10-16,65.33401489257812,65.79628386587467,64.71765626151607,65.41105972146089,16573900
1998-10-19,65.56510925292969,65.83476598898757,65.02579578081394,65.14136295341017,7915900
1998-10-20,65.95033264160156,67.05785137024995,65.39175797845715,66.29703415665671,14611600
1998-10-21,65.71917724609375,66.33553529763977,65.25690870743423,65.87326675898025,9178400
1998-10-22,66.70152282714844,66.85561239764142,65.43028387058136,65.8155077968138,8277500
1998-10-23,65.85404968261719,66.56671415710004,65.81552727859109,66.54745295508698,6237200
1998-10-26,66.33556365966797,66.85561598801031,65.81551133132562,66.393347251706,5838600
1998-10-27,65.95033264160156,67.16378794429458,65.50732515014221,66.83634762452027,10089700
1998-10-28,65.83474731445312,66.27775468374288,65.35321756522512,65.68065779470017,5650600
1998-10-29,67.43346405029297,67.45272525110711,65.71921717783479,66.00813519004684,9625600
1998-10-30,67.79940032958984,68.35797493457794,67.49122123718261,67.87644510269165,9872800
1998-11-02,68.95508575439453,68.95508575439453,67.91498110893718,68.30020505169915,6501400
1998-11-03,68.45429992675781,68.91656869384903,68.2616879404698,68.78174030344742,6866000
1998-11-04,69.18624114990234,69.70629363070617,68.47357663917116,69.32106957085148,8233600
1998-11-05,70.1300277709961,70.22633376903372,68.49282580435653,68.74322139925434,6841500
1998-11-06,70.34186553955078,70.61152219824567,69.84107460197457,69.93738055150845,5224800
1998-11-09,69.84110260009766,70.41893852894567,69.34031146176271,70.22632655266301,6188700
1998-11-10,69.64849853515625,70.2263345296404,69.18622973956893,69.64849853515625,14015200
1998-11-11,69.18624114990234,70.26486851749547,68.96473731548589,70.14930129953906,10922400
1998-11-12,69.10917663574219,69.7255349557934,68.83951987071978,69.2247438207518,5457400
1998-11-13,69.7833251953125,69.7833251953125,69.109183218543,69.1669668165518,5524600
1998-11-16,70.30335235595703,70.48633368400678,69.58105763997116,70.39965831808848,6023700
1998-11-17,70.30335235595703,71.26641197727152,69.64847181346319,70.05295685441527,9058900
1998-11-18,70.72712707519531,70.88121667666633,69.95667906784024,70.45747027262104,4567700
1998-11-19,71.34347534179688,71.43978132902932,70.65007223372325,71.05455738009952,5249300
1998-11-20,71.88278198242188,71.95982676482534,71.4012520924003,71.71906181981454,5562000
1998-11-23,73.57775115966797,73.7318406908924,72.2102065700511,72.40281848408165,7151300
1998-11-24,73.11551666259766,73.75113627531255,73.0095800604785,73.34665106722125,5323700
1998-11-25,73.11551666259766,73.46221826953304,72.86512105758875,73.30812866645064,4393500
1998-11-27,73.65479278564453,73.78962111971867,73.35624433162322,73.6355315950625,4557900
1998-11-30,71.57455444335938,73.5777174310099,71.57455444335938,73.35621383141394,8705400
1998-12-01,72.49913024902344,72.7495257573224,71.01601839217572,71.57459298761188,8950600
1998-12-02,72.2872543334961,72.67247817753284,71.49754545322075,72.24873194909242,7495500
1998-12-03,71.09307098388672,72.92288451503525,70.93898142336894,72.26800388283472,12145300
1998-12-04,72.96144104003906,73.03848585634323,71.80576879547667,71.88281361178083,10339500
1998-12-07,73.30809020996094,73.63553044474007,72.7302545015272,72.76877688208944,4290000
1998-12-08,72.98069763183594,73.80892935476255,72.42212274893194,73.05774244327098,10102600
1998-12-09,73.11551666259766,73.32738986683594,72.65324785335046,73.15403906336824,5327900
1998-12-10,72.04650115966797,73.25032586825753,71.94056458531209,73.25032586825753,5966600
1998-12-11,72.19097900390625,72.32580740652827,71.22791898517751,71.7672325956656,8198200
1998-12-14,70.11075592041016,71.74795763833181,70.11075592041016,71.59386806488037,9521400
1998-12-15,71.92131805419922,71.95984045272853,70.59229530493845,70.68860130126168,9631500
1998-12-16,71.82501983642578,72.19098266208738,71.34348980266053,72.19098266208738,7260000
1998-12-17,72.97105407714844,73.09625187350622,72.13319190152326,72.24875909816122,6914700
1998-12-18,73.28106689453125,73.66757041190748,72.89456337715504,73.16511583931839,4802400
1998-12-21,74.30531311035156,75.03966991092202,73.5902814887435,73.74488292044255,8580700
1998-12-22,74.63387298583984,74.96240116832541,73.70626399999823,74.45994630099453,5461100
1998-12-23,76.19924926757812,76.19924926757812,74.71120914746565,74.94311150384681,7791000
1998-12-24,75.87067413330078,76.218527453321,75.75472302662737,76.1605518999843,1507100
1998-12-28,75.67745208740234,76.25720784905252,75.44554978274228,76.2185574649425,4203600
1998-12-29,76.87556457519531,76.98185306317006,75.52280200097115,75.88998041397485,3935800
1998-12-30,76.25716400146484,77.14612232484735,76.08323737297697,76.64366762032681,6810700
1998-12-31,76.25716400146484,76.64366762032681,75.7353841160012,76.25716400146484,6790500
1999-01-04,76.08326721191406,77.43603040846828,75.27160929398153,76.29584428565829,9450400
1999-01-05,76.95286560058594,77.22341811650965,76.0252569745618,76.0252569745618,8031000
1999-01-06,78.80810546875,79.0013573212972,77.7645454649951,77.80319583550454,7737700
1999-01-07,78.421630859375,78.67285836089592,77.78389950936037,78.1510781654294,5504900
1999-01-08,79.0013427734375,79.46514713414261,77.89980741676287,79.27189531718216,6224400
1999-01-11,78.2477035522461,78.96273566670229,77.4360454763769,78.96273566670229,7578300
1999-01-12,76.83695220947266,78.05443912828471,76.52774918247276,78.05443912828471,7768800
1999-01-13,76.29582214355469,77.37803238672568,74.440604583833,74.45992976674677,10810600
1999-01-14,74.9623794555664,76.62434507381305,74.76912763949122,76.45041843934537,11400700
1999-01-15,76.91425323486328,77.16548069517816,75.48418922999396,75.67744112254387,7817700
1999-01-19,77.41669464111328,77.68724724345367,76.37313460351464,77.48433279169838,6535100
1999-01-20,78.03511810302734,79.11732875527339,77.3200860649362,77.9771425323713,6534400
1999-01-21,75.9673080444336,77.82252594630732,75.81270655261078,77.65826186124558,6937500
1999-01-22,75.79336547851562,76.58569795802076,75.31023591784177,75.52281292453826,7522300
1999-01-25,76.5663833618164,76.68233447240976,75.3875470707839,76.23785521513521,5700300
1999-01-26,77.95782470703125,77.95782470703125,76.45045972756957,76.75966280027966,6047000
1999-01-27,77.04948425292969,78.30562081586935,76.77893176245037,78.1510193927383,7399400
1999-01-28,78.34429168701172,78.51821833357883,77.4166829053204,77.4553332712242,5961700
1999-01-29,78.94338989257812,79.33955623108433,77.55197641099535,78.75013802013606,6456800
1999-02-01,78.47956085205078,79.58109618043466,78.47956085205078,79.58109618043466,9426800
1999-02-02,77.99642944335938,78.67281076905749,77.1557840814203,78.58584745575345,9194500
1999-02-03,78.7887954711914,79.11732368385029,77.70658488831509,77.72591007729503,10290700
1999-02-04,77.60992431640625,78.84673585929718,77.16544516817983,78.76943513786651,7761100
1999-02-05,76.72099304199219,77.7065775873679,76.19921298855797,77.7065775873679,7516100
1999-02-08,76.87556457519531,77.35869406598965,76.27648400661033,77.35869406598965,8528400
1999-02-09,75.1556396484375,76.99153210577913,75.14597705655676,76.91423137073316,8985700
1999-02-10,75.63878631591797,76.063940454638,75.03004289002338,75.52283518717614,6936700
1999-02-11,77.37803649902344,77.9771172011887,75.75472104799496,76.10257435892964,9181800
1999-02-12,76.45040893554688,77.60991968785548,75.8320032009823,77.18476574534232,10676600
1999-02-16,75.98661804199219,77.68723411210799,75.98661804199219,77.14612899888932,6915500
1999-02-17,75.90933990478516,77.52299313341284,75.60013689091637,76.17989254192034,7858100
1999-02-18,76.5083999633789,76.91422880885274,75.58079117372439,76.17987185037626,9048900
1999-02-19,76.83695220947266,77.76456129047232,76.29584691222284,76.6823506959727,5312200
1999-02-22,78.8853988647461,78.98202478202285,76.85625460193415,76.95288051921091,10695800
1999-02-23,78.84675598144531,79.46516191071154,78.28632560804778,78.90473153731402,7770700
1999-02-24,77.455322265625,79.67771798931433,77.30072082397704,79.05931222272253,7271000
1999-02-25,76.72099304199219,77.47467534139714,75.87068480676608,77.01087084945563,11633000
1999-02-26,76.41177368164062,77.20410618567382,75.94796928903583,77.14613063659823,9621300
1999-03-01,76.62437438964844,76.87560184666367,75.67744012859099,76.46977287763906,7607200
1999-03-02,75.94796752929688,77.49398213549121,75.638764608058,76.99152738847805,9651500
1999-03-03,76.35383605957031,76.41181163744393,75.31027565784497,76.12193374807579,7881400
1999-03-04,77.32006072998047,77.60027589633506,76.2281878403919,76.72098002949824,8256400
1999-03-05,78.87571716308594,79.23323297039136,78.26697403172805,78.84672939492604,10703100
1999-03-08,79.38784790039062,79.64873785819375,78.69214134624893,79.32987235421214,4802200
1999-03-09,79.19456481933594,80.35407528521202,79.00131307502326,79.23321516819848,7893400
1999-03-10,79.89032745361328,79.92897782973985,79.02069399076554,79.44584812815776,3950000
1999-03-11,80.77925872802734,81.12711199527722,79.69704856324994,80.19950328261088,6583700
1999-03-12,80.00629425048828,81.03052941842931,79.90966829124856,81.01120422658137,5286500
1999-03-15,81.14643859863281,81.1657637804853,80.0835535967455,80.35410614268045,5394400
1999-03-16,80.83724212646484,81.41699762820855,80.68264065933319,81.08846951055378,4547500
1999-03-17,80.4893798828125,80.97250941392181,80.16085180165815,80.81790796396683,4524100
1999-03-18,81.78416442871094,81.86146515123335,80.23814997826271,80.25747515889331,3506300
1999-03-19,80.39403533935547,82.21500866993365,80.39403533935547,82.02128810285086,5526700
1999-03-22,80.54903411865234,80.95584742228189,80.22939509437197,80.62652236696273,4603800
1999-03-23,78.22437286376953,80.2971831402488,77.9241059545599,80.16157872963801,9713800
1999-03-24,78.669921875,78.83458435614689,77.87566755417384,78.63117776178896,6280900
1999-03-25,80.27780151367188,80.27780151367188,79.1929663580817,79.38668692157995,6639600
1999-03-26,79.6966552734375,80.04535235533392,79.17360965059287,79.73539939364822,6159700
1999-03-29,81.30453491210938,81.4788834501625,80.06472308595379,80.06472308595379,5863900
1999-03-30,80.87835693359375,81.34328641057728,80.3165671489053,80.54903188739708,5401400
1999-03-31,79.58040618896484,81.58541398851641,79.54166207689622,81.30451917601884,7413600
1999-04-01,80.18099212646484,80.39408488157262,79.42548144926452,80.39408488157262,7683600
1999-04-05,82.07940673828125,82.19563908202204,80.74273478526229,81.16892004564514,5791100
1999-04-06,81.88570404052734,82.43780779381692,81.30454219495937,81.94382022508414,5381300
1999-04-07,82.54436492919922,82.67996937756918,81.44015727818669,82.25378396840645,6248600
1999-04-08,83.5904312133789,83.64854738803479,82.00192243945142,82.56371212779163,5909100
1999-04-09,83.60980224609375,83.9972434057142,82.81554786887182,83.33859343435942,4365800
1999-04-12,84.50092315673828,84.55903933497538,82.5830892749141,82.73806575021302,8213200
1999-04-13,83.95848083496094,84.59775860781598,83.37731922327454,84.46215423175582,10071400
1999-04-14,82.54436492919922,84.34596688611438,82.25378396840645,84.34596688611438,11551700
1999-04-15,82.2343978881836,82.79618764996388,81.20767866837824,82.7186994069597,11150000
1999-04-16,81.53697967529297,82.38935009717771,81.32388706982178,82.38935009717771,6476200
1999-04-19,80.27780151367188,83.39670258599358,79.5804074850782,82.25375126135395,12487200
1999-04-20,81.28514862060547,81.32389273338936,79.96784878595314,80.47152225214374,9049600
1999-04-21,83.60980224609375,84.07473163763828,80.8395979548075,81.24641117240898,5772200
1999-04-22,84.40406036376953,84.53966477564614,83.3095390393369,83.76478242206552,6897400
1999-04-23,84.19100189208984,84.77216389318572,83.68732815780675,84.22974602549623,4593100
1999-04-26,84.67524719238281,84.810851569035,83.97785325531446,84.61713103096045,3606500
1999-04-27,85.08210754394531,85.2370840604188,84.21036463878194,85.00461928570857,5147200
1999-04-28,83.91976165771484,85.08208522638125,83.68729694398156,84.57841167995915,5544300
1999-04-29,83.28050994873047,84.34597355589031,82.95118483379015,84.03602050653473,9824300
1999-04-30,82.6024169921875,84.07469271718897,81.51758224744958,83.74536788396495,10991900
1999-05-03,84.11348724365234,84.21034754678875,82.50560621158806,82.71869887848814,10709700
1999-05-04,82.91240692138672,84.19096272905297,82.52496576754847,83.76477745983088,10509300
1999-05-05,83.57107543945312,83.72605193540019,81.73072955008176,83.02865770363842,10032300
1999-05-06,83.0577163696289,83.7647966372654,82.06005517008701,83.3386112704708,13507200
1999-05-07,83.68729400634766,83.76478224153871,82.71869106645937,83.3773410655834,8680700
1999-05-10,83.27081298828125,84.13286979367349,82.77682538069695,83.59045202848287,5580100
1999-05-11,84.11348724365234,84.84962554748901,83.51295336420665,83.88102251612497,7000600
1999-05-12,84.77214813232422,85.06272907884727,81.51764153126608,84.15224211307505,13865800
1999-05-13,85.14022827148438,85.54704164889078,84.81090315644109,85.08211207471203,4485700
1999-05-14,82.93180847167969,84.22973679861323,82.7574598904498,83.41611008620713,8370100
1999-05-17,83.18363952636719,83.36767412708924,82.06005985880098,82.83494238815699,6268100
1999-05-18,83.02864074707031,83.67760469131362,82.21501430951152,83.39670984977548,8218600
1999-05-19,83.62920379638672,83.68731999082479,82.6024843613141,83.35799488900903,5052400
1999-05-20,83.12553405761719,84.05539321277114,83.10616199188482,83.76481222678554,4670400
1999-05-21,82.66058349609375,83.49358211112353,82.19565403654225,83.1448850164599,6418200
1999-05-24,81.28514862060547,82.97051752670477,80.82990529539474,82.97051752670477,7952000
1999-05-25,79.96786499023438,82.04067544419635,79.61916790452113,81.4401415743569,15406400
1999-05-26,80.85899353027344,81.20769067534889,79.40608875912574,80.16159924012254,12575900
1999-05-27,79.6966552734375,80.76211857923212,79.34795819154108,80.49090973775712,14515400
1999-05-28,80.71370697021484,81.05271809993494,79.71604564561001,79.96788248483064,8748000
1999-06-01,80.4327621459961,80.68459882901583,79.58039183423698,80.66522677647585,6705300
1999-06-02,80.51029205322266,80.70401267895227,79.35765433013152,80.43280380293082,6981900
1999-06-03,80.95581817626953,81.13016667198296,80.45214474420851,81.01393434150734,6076600
1999-06-04,82.58309936523438,82.6702736432413,81.16893885534412,81.49826390559254,9787200
1999-06-07,82.79621124267578,83.18365256809776,82.3893978509827,82.71872297759138,5299100
1999-06-08,81.9825668334961,82.94148390775368,81.57575352926561,82.67996106931979,4895700
1999-06-09,81.90506744384766,82.50560128745204,81.71134684913658,82.07941597908764,7409700
1999-06-10,81.14952087402344,81.49821778873635,80.33589473969329,81.47884573791897,7040700
1999-06-11,80.47151947021484,81.96316776082789,80.02596218860316,81.34326197771597,12824800
1999-06-14,80.54903411865234,81.05270773266989,80.30688334268237,81.01396360851469,6823500
1999-06-15,81.09146118164062,81.6145069178815,80.63621767046801,80.87836847428323,5700900
1999-06-16,82.64122772216797,82.98992488555264,82.06006578319351,82.06006578319351,7865800
1999-06-17,83.41607666015625,84.03598247834599,82.21500913741363,82.36998559196107,8162800
1999-06-18,83.5124740600586,83.74564057674559,82.92955776834111,83.3570297156006,2875100
1999-06-21,83.70674133300781,84.09535201700507,83.10439477281209,83.6095886620085,4646400
1999-06-22,83.12387084960938,84.05653700219966,83.00728758053559,83.31817629806568,5862400
1999-06-23,82.71576690673828,83.08494697984798,82.15228153199189,82.69633637657462,9629200
1999-06-24,82.09400939941406,82.65749490771773,81.239065869574,82.61863383817955,9176900
1999-06-25,81.8899917602539,82.70607425021255,81.60824899586343,82.44376202129727,4087000
1999-06-28,82.89069366455078,83.08499908804949,82.38549956345412,82.50208281755336,5028900
1999-06-29,83.66790008544922,84.05651086150796,82.56035937368176,82.69637314530233,6956200
1999-06-30,85.18347930908203,85.49436791969913,83.22099495456168,83.70675840865087,16856100
1999-07-01,85.82471466064453,86.11617282680021,84.60059036279064,85.18350669510203,9939500
1999-07-02,86.67964172363281,86.7379333455048,85.74697577368116,85.8829895580491,3772800
1999-07-06,86.66022491455078,87.5151688374746,86.17446132198043,86.58250273973952,11221100
1999-07-07,86.77677154541016,86.87392422291285,86.12584860614207,86.46588297740152,3230700
1999-07-08,86.84477996826172,87.43741131159587,86.27157916077458,86.4658845192448,7101500
1999-07-09,87.35969543457031,87.41798704629267,86.77677931734677,87.04880683871775,2976800
1999-07-12,86.97109985351562,87.63173823488728,86.73793336597268,87.63173823488728,4436300
1999-07-13,86.66022491455078,87.00025942935002,86.21332240938605,86.66022491455078,6477600
1999-07-14,87.14594268798828,87.18480375496175,86.27156868108538,87.04879002055463,4382500
1999-07-15,87.69973754882812,87.90375820779848,87.24311988351351,87.53457796775687,3348600
1999-07-16,88.17581176757812,88.38954775908174,87.51517324838517,87.8260619632995,2281500
1999-07-19,87.5928726196289,88.44781636303256,87.3985672234008,88.40895528378694,4287000
1999-07-20,85.79551696777344,87.30138324905585,85.51377424417866,87.12650845510046,7060100
1999-07-21,85.69839477539062,86.36874839057053,85.3777908724785,85.8635543617393,4793700
1999-07-22,84.5714111328125,85.80525021539344,84.23137673997523,85.4555005541894,7804100
1999-07-23,84.40623474121094,85.18345605558672,84.01762408402304,84.96972019413337,4603000
1999-07-26,83.78449249267578,84.63943629362144,83.70677032895344,83.86221465639811,4333400
1999-07-27,84.48394775390625,85.30974531129839,84.17305926171157,84.56166987695492,5908500
1999-07-28,84.7560043334961,85.37778153172441,84.3091019722695,84.71714325860682,3955500
1999-07-29,83.57073211669922,84.0953565684897,82.89066338289673,83.9010512159747,7760600
1999-07-30,82.54090881347656,84.15364314293008,82.42432560893775,83.82332406340346,5994300
1999-08-02,82.7352294921875,83.78447852755107,82.38547981373297,82.54092411526831,6065500
1999-08-03,82.3466567993164,83.22103139959229,81.68601821244128,83.1433092129011,5445400
1999-08-04,81.21961975097656,83.24039497923052,81.10303656473114,82.52146533071709,6497900
1999-08-05,81.95800018310547,82.03572232647494,80.11209927808058,81.37508410783445,10322000
1999-08-06,81.06417846679688,82.07456611786913,80.52012357775797,81.5888028240844,7537700
1999-08-09,80.88936614990234,81.94833094816553,80.67563013557398,81.20025489801631,5565900
1999-08-10,79.9955062866211,80.92817189307186,78.9656880128317,80.75329709186235,9793300
1999-08-11,80.96707153320312,81.16137696044864,79.97611385425104,80.63675230688577,8003400
1999-08-12,80.91849517822266,81.95802921400964,80.77276610778522,81.25852967590998,7036800
1999-08-13,82.79354858398438,82.8518402164068,81.53056321483183,81.84145192108477,5857700
1999-08-16,83.16270446777344,83.29871823676278,82.23003862327505,82.77409369923244,3927000
1999-08-17,83.70674133300781,83.84275507240686,82.77407569141441,83.59015812780865,4808000
1999-08-18,83.10440826416016,83.55131062330808,82.8518112785548,83.44444266785966,4355500
1999-08-19,82.42436981201172,82.84212651897973,81.88031456572782,82.30778654495089,6448100
1999-08-20,83.2598648071289,83.39587858861078,82.50207373887265,82.73524022141304,3663700
1999-08-23,84.85316467285156,84.9017410208438,83.7261933994315,83.82334609541599,5637800
1999-08-24,85.16405487060547,85.78583213637306,84.17309735328837,84.60056922350358,9279500
1999-08-25,86.03840637207031,86.29100331941379,84.65883842888671,85.30004606445091,6005300
1999-08-26,85.00859832763672,86.06756258108958,84.87258457031251,85.98012516566686,4322300
1999-08-27,83.97880554199219,85.22236027468249,83.97880554199219,85.10577701849277,6247400
1999-08-30,82.42436981201172,84.25084099596484,82.07462001082921,84.15368827341413,4652000
1999-08-31,82.11348724365234,83.16273672570564,81.37512649702225,82.65754253064294,11453700
1999-09-01,83.12387084960938,83.15301666687782,82.26892687640161,82.65753777331423,6863900
1999-09-02,82.14258575439453,82.49233538031508,81.23906588743313,82.15230102178121,10896300
1999-09-03,84.54225158691406,84.87257065769724,83.74559971031938,83.86218291177227,9160800
1999-09-07,84.23138427734375,84.95031420081818,84.07593996956548,84.6005645083171,4560800
1999-09-08,83.82337188720703,84.60059369422795,83.33760825781894,83.84280243238256,6159600
1999-09-09,83.78449249267578,84.0953811475651,83.12385410103595,83.78449249267578,6177800
1999-09-10,84.48394775390625,84.78512098071985,83.90103183104121,84.71711412305227,2934500
1999-09-13,83.9107894897461,84.23139340929706,83.62904665135284,84.01765746292975,2320500
1999-09-14,83.35699462890625,83.66788318696278,82.92952286157853,83.35699462890625,3736000
1999-09-15,82.03572082519531,84.21194079971494,81.99685975422175,84.21194079971494,6984500
1999-09-16,82.35633087158203,82.57978204653146,81.02533909036146,82.38547667701022,15377600
1999-09-17,83.39691925048828,83.51383081953102,82.40317091362499,82.69544983623184,8542300
1999-09-20,83.2800521850586,83.55284599193526,82.98777310626218,83.51387544809573,2803900
1999-09-21,81.52637481689453,82.59806473442063,81.15615466356734,82.4616678358264,9335200
1999-09-22,81.43864440917969,82.20831218144015,80.90279975760595,81.83809224035284,13009100
1999-09-23,79.7337417602539,82.18888630125879,79.57785956717423,82.18888630125879,12204100
1999-09-24,79.65576171875,80.0454670109161,78.75943954676798,79.65576171875,13792900
1999-09-27,80.18184661865234,80.9028012541056,79.98699401447578,80.27927292074062,6970300
1999-09-28,80.0260009765625,80.31828001592176,78.29181200969762,79.77269247578448,11063400
1999-09-29,79.0711898803711,80.51309920790867,79.03221935800522,80.08442346188399,7580300
1999-09-30,80.2792739868164,80.70794972169747,79.16861412826094,79.46089303840712,7498900
1999-10-01,80.1038818359375,80.16233759986545,78.9542518120211,79.77263250701243,11127100
1999-10-04,81.52637481689453,81.60431590180552,80.27931745831872,80.55211125550717,6341600
1999-10-05,81.44837188720703,82.28623791379792,80.24028598840157,81.50682765650407,11976000
1999-10-06,82.69544982910156,82.81236139813423,81.48736361576408,81.52633413877497,10308200
1999-10-07,82.22782897949219,82.92929861059686,81.99400576912397,82.84161490670878,6535600
1999-10-08,83.47488403320312,83.47488403320312,81.82837896765558,82.14988587394593,9674300
1999-10-11,83.33845520019531,83.63073409381302,83.12411734487566,83.29948468104628,4282000
1999-10-12,82.05240631103516,83.1240953034614,81.7990980037344,83.0071837770149,8686100
1999-10-13,79.92855834960938,81.87708488177928,79.92855834960938,81.4873795753453,10469300
1999-10-14,79.90901947021484,80.55203279440823,79.03218311904205,80.11361461882183,10562200
1999-10-15,77.86312103271484,79.03223696413698,77.62929784643042,78.56459059156813,14238700
1999-10-18,78.42820739746094,78.52563374205407,76.96681222856415,77.9021051366581,9758800
1999-10-19,79.18812561035156,79.96753629549282,78.52562652798149,79.30503721312274,14392900
1999-10-20,79.96753692626953,80.72746235027648,79.26606730410927,79.65577264975386,9759400
1999-10-21,80.4351806640625,80.4351806640625,78.95430039989856,79.32452046593954,9105400
1999-10-22,81.11717987060547,81.81864959804764,80.7859302770911,80.90284189833146,8309600
1999-10-25,80.70796203613281,81.35097573656554,80.27928623584432,80.6300209815349,8114300
1999-10-26,79.6947021484375,81.48734581534612,79.6947021484375,81.17558169936201,6256300
1999-10-27,81.13662719726562,81.2535387638323,79.96751153159897,80.04545257597675,5433300
1999-10-28,83.90353393554688,84.08864391520032,82.4226540983194,82.5785361864486,10509700
1999-10-29,85.42338562011719,85.85206136912326,84.62448990606045,84.70243095133426,10988600
1999-11-01,84.52705383300781,85.42337575009365,84.52705383300781,85.11161160502031,4006500
1999-11-02,83.92304992675781,85.57929771960073,83.92304992675781,84.78040172540591,6516900
1999-11-03,84.48811340332031,85.03370085149675,84.25429021124471,84.79987765942113,7222300
1999-11-04,85.1310806274414,85.64743989423637,84.65369187134795,85.26747741489667,7907500
1999-11-05,85.9690170288086,86.73868524563495,85.28703253288649,86.43666354029803,7431500
1999-11-08,86.04693603515625,86.28075923090395,85.26752538266389,85.42340751316236,4649200
1999-11-09,85.23827362060547,86.47558768504906,84.97522259903086,86.35867611990479,4533700
1999-11-10,85.87155151367188,86.29048465584205,84.8485752362796,84.95574417962546,6405600
1999-11-11,86.3586654663086,86.3586654663086,85.71565193734014,86.1638128817727,4794100
1999-11-12,87.13814544677734,87.28428500197656,85.5013824285463,86.82638106235238,11802900
1999-11-15,87.34273529052734,87.44990429088382,86.92380192549749,87.19659574458669,2187500
1999-11-16,88.07341766357422,89.1645927496716,87.35246269597417,87.64474173689311,7544800
1999-11-17,88.3072280883789,89.12560928425532,88.11237542269404,88.69693341974863,9459000
1999-11-18,88.93073272705078,89.1645558630553,88.30720436437207,88.81382115904853,4491000
1999-11-19,88.85281372070312,89.14509271320543,88.541049462034,88.79435792220266,4832100
1999-11-22,88.83332824707031,89.16457777113266,88.22928499730958,88.813842980949,4155400
1999-11-23,88.05390930175781,89.06714304455299,87.5278071660757,89.06714304455299,5918000
1999-11-24,88.52151489257812,88.81379372229168,87.2939438077812,87.76158993532289,4459700
1999-11-26,88.19029235839844,89.08661437529777,88.0733807909768,88.83330597921753,1693900
1999-11-29,87.8785400390625,88.49232585086527,87.56677581719443,87.83956951132899,7348600
1999-11-30,86.8458251953125,88.73589588051449,86.67045781214942,87.76163264071965,7682000
1999-12-01,87.54730224609375,87.60575804550133,86.67046525497996,86.86531791967191,6980200
1999-12-02,88.07341766357422,88.1513587411526,87.52783012052554,87.6837122756823,6698300
1999-12-03,89.6906967163086,90.6259896649036,89.1840797024863,89.1840797024863,10045400
1999-12-06,89.02818298339844,89.61274098066303,88.69693345161517,89.49582938121011,3138900
1999-12-07,88.3072280883789,89.35943248307716,88.15134595583102,89.33994721650868,10714200
1999-12-08,87.74217224121094,88.58003886487785,87.6057753489861,88.13187764756765,4611400
1999-12-09,88.17081451416016,88.67743134893766,86.90427242721643,88.42412293154891,6474700
1999-12-10,88.4631118774414,89.04766988544213,87.83958333557398,88.71642034757505,5127300
1999-12-13,88.61898040771484,88.98920042261075,88.09287828128383,88.19030460099327,4210800
1999-12-14,87.7615966796875,88.84302843273426,87.68365565244088,88.3071838704138,5739000
1999-12-15,88.22926330566406,88.66768168560607,87.31345602311852,87.52779389775684,6879100
1999-12-16,88.61898040771484,88.95022989472697,88.01493722551626,88.65795093559863,5854900
1999-12-17,89.18814086914062,89.57880289660072,88.79747884168052,89.38347188287067,4775400
1999-12-20,88.54350280761719,89.5006242807196,88.19190716443671,89.10996245496352,4608700
1999-12-21,89.89129638671875,90.04756113489209,88.34818199850693,88.50444674668027,7981300
1999-12-22,90.12567138671875,90.12567138671876,89.36388092636288,89.77407578963142,5377500
1999-12-23,91.5613784790039,91.5613784790039,90.63355651041667,90.64332305745442,5721700
1999-12-27,91.43443298339844,91.7469625556553,90.67264215102233,91.57116467126082,2691000
1999-12-28,91.37580871582031,91.57113964509739,90.93631412494686,91.18047778654322,4084500
1999-12-29,91.7664794921875,91.7664794921875,90.82889094054318,91.45394997497273,3001000
1999-12-30,91.65904998779297,92.23527630098206,91.375820105039,91.96181296590927,3641300
1999-12-31,91.80555725097656,92.19621919672541,91.41489530522773,91.78602415368913,3172700
2000-01-03,90.90699768066406,92.66497571918143,89.9303432148211,92.66497571918143,8164300
2000-01-04,87.35198211669922,90.04754864892296,87.28361629885298,89.7154861050983,8089800
2000-01-05,87.50826263427734,88.46538425683974,85.7893503325326,87.46919644560131,12177900
2000-01-06,86.10185241699219,88.44582299095748,86.10185241699219,87.27383770397483,6227200
2000-01-07,91.10234832763672,91.10234832763672,87.54732530112946,87.70359004954736,8066500
2000-01-10,91.41487884521484,91.8250738143921,90.6530881881714,91.41487884521484,5741700
2000-01-11,90.32099151611328,91.317178922541,89.69593275129589,91.14138114493612,7503700
2000-01-12,89.42253112792969,90.37965302073628,89.30533252881052,90.37965302073628,6907700
2000-01-13,90.63355255126953,91.10234678860368,89.55923242404543,90.30148996649118,5158300
2000-01-14,91.8641586303711,92.17668819407211,91.23909950296903,91.59069526213268,7437300
2000-01-18,91.14134979248047,91.64920986419168,90.75068819885647,90.84835359726246,6488500
2000-01-19,91.88365936279297,91.88365936279297,90.6335415483332,90.82887245684253,6157900
2000-01-20,90.47725677490234,91.86410591804095,89.89126417920997,91.86410591804095,5800100
2000-01-21,90.28192138671875,90.94604629523204,90.04752436018465,90.94604629523204,6244800
2000-01-24,87.72311401367188,91.1609381210881,87.13712126808956,91.04373957197163,7896900
2000-01-25,88.71932983398438,88.71932983398438,86.88321864851662,87.83057388782711,9942500
2000-01-26,88.01609802246094,88.4751256086855,87.56683698062415,88.13329655511401,5158100
2000-01-27,87.66453552246094,88.89512057992864,86.33628498424183,88.66072342612527,10922700
2000-01-28,84.92984771728516,87.5472809266035,84.71498379711723,87.15661925357092,11916200
2000-01-31,87.23478698730469,87.30315280782764,84.3829556169181,84.89081599794585,10768700
2000-02-01,88.09422302246094,88.563017113933,86.59017531232135,87.35196571096348,8419900
2000-02-02,88.17236328125,88.91462065933761,87.74263532551507,88.3090949035293,6205900
2000-02-03,89.50064086914062,89.53970705895694,87.5082651885094,88.05519184593757,7997500
2000-02-04,89.12950134277344,90.00849050788955,88.83650495440139,89.50063010137801,4925400
2000-02-07,88.99276733398438,89.24669753050365,88.40677457278606,89.10996588622405,5845800
2000-02-08,90.20381164550781,90.36007636901671,89.77408365585836,89.98894765068309,4936400
2000-02-09,88.3091049194336,90.30148021290456,88.29933837387736,90.30148021290456,8511500
2000-02-10,88.48491668701172,89.1099757011363,88.05518861480107,88.52398287539451,6690600
2000-02-11,86.68787384033203,88.71931567886168,86.27767885370585,88.66071639505793,9849800
2000-02-14,87.19572448730469,87.37152231893232,86.45346697598804,87.37152231893232,8528800
2000-02-15,88.18214416503906,88.27004307936903,86.13116949733963,87.03945827874938,11078300
2000-02-16,86.8832015991211,88.09425341997215,86.75623648887057,87.74265773004764,8845400
2000-02-17,86.43387603759766,87.78165851140426,86.39480987893658,87.78165851140426,7584200
2000-02-18,84.57827758789062,86.80504979228311,84.14854961862189,86.80504979228311,9409200
2000-02-22,84.3634262084961,85.22288227544999,83.46490395668067,84.50015785551149,16415400
2000-02-23,85.359619140625,85.92607885574586,84.07043496138444,84.7736263318793,12119000
2000-02-24,83.64069366455078,85.65260198950378,83.19143258227973,85.43773799363501,17375000
2000-02-25,83.33793640136719,85.4572768676858,83.21097130430663,84.50015536676771,10559900
2000-02-28,85.08617401123047,85.43776977160745,82.95706635116983,83.36726140494298,13397800
2000-02-29,85.9065170288086,85.9065170288086,84.85173032586279,85.04706119677867,8242500
2000-03-01,86.5316162109375,86.8832119427201,85.76982545874189,86.02375570947376,6868000
2000-03-02,86.5901870727539,86.96131577890829,85.84792966044517,86.6878525217419,7600200
2000-03-03,88.21142578125,88.58255445482035,87.33243681753072,87.78169784343169,12770300
2000-03-06,87.35198211669922,88.3481697481732,86.72692321067633,88.01610720434854,11967100
2000-03-07,85.66236877441406,87.60591128793686,84.51968297500619,87.50824583499602,20062000
2000-03-08,85.55493927001953,86.16046509590323,84.40248689172475,85.30100908497153,11808500
2000-03-09,88.05513763427734,88.05513763427734,85.08610903613845,85.78930001990818,5500900
2000-03-10,87.58641052246094,88.75839639029047,87.21528166431492,87.62547671805525,7924600
2000-03-13,86.62923431396484,87.80121944560811,84.81265735991778,85.43771609679419,10540500
2000-03-14,85.3986587524414,87.56683147008115,85.10566243924684,87.05897119387726,8263900
2000-03-15,87.39105224609375,87.78171408000567,85.04708124262231,85.55494162670779,10300800
2000-03-16,91.47346496582031,91.78599442118079,88.05517404781507,88.52396823085579,25601400
2000-03-17,92.07801818847656,92.74383116559443,91.13804692666311,91.37303974211648,10272900
2000-03-20,91.6080551147461,92.3326164741402,90.72683183980733,92.03887538249394,12502300
2000-03-21,93.48800659179688,93.84049593378522,90.5505954085607,91.19682586887265,13612600
2000-03-22,94.05587005615234,94.5258556654273,93.17464703876178,93.72296358291591,8260000
2000-03-23,95.66172790527344,96.17087937416538,93.4684600392774,93.4684600392774,11654500
2000-03-24,96.22953796386719,97.60032910295362,95.07415686092291,95.79871789158288,11462900
2000-03-27,95.21122741699219,96.36660841608773,95.13289650179927,96.11203294171075,8798600
2000-03-28,94.6629867553711,95.86732554011569,94.36924558836022,94.78048322217545,6334400
2000-03-29,94.76081085205078,95.55391125285838,93.78167455475742,94.97622083745532,6747500
2000-03-30,93.17467498779297,95.20148853576198,92.1955380080978,94.09506374870644,9491900
2000-03-31,94.23210144042969,95.44623076073448,93.0179721201249,93.7621158970859,9249100
2000-04-03,94.78044128417969,94.78044128417969,93.17465694837334,94.07546279528908,8508200
2000-04-04,94.07551574707031,95.87712845496591,88.60213800949617,95.09381858196782,19585500
2000-04-05,93.48800659179688,94.50630913531874,92.50886953071814,92.66553146049074,8387200
2000-04-06,94.30068969726562,95.0546252290577,93.37050949570398,94.15381913912432,6378500
2000-04-07,94.89796447753906,95.32878478676437,94.31048223768636,94.97629544285275,6023600
2000-04-10,94.52586364746094,95.94561196203334,94.19295714611293,95.0937629732899,9624200
2000-04-11,94.25172424316406,95.01545107580137,92.97884618876853,93.99714863228495,9006400
2000-04-12,91.66680145263672,94.72170874308989,91.58847049647125,94.23214026705573,10779200
2000-04-13,90.3938980102539,92.84173970247265,90.10015700718765,92.41091956464214,12225800
2000-04-14,85.22411346435547,89.49315223623725,83.65749373155482,89.3756557562772,29604000
2000-04-17,88.20063018798828,88.20063018798828,84.40157995342574,84.7149036841113,23918200
2000-04-18,90.5309829711914,90.5309829711914,87.59357275149019,88.08314112144039,11069200
2000-04-19,89.68896484375,90.94226042235262,89.31689271885234,90.55060555403931,6553700
2000-04-20,90.11975860595703,90.19808955650545,89.21895267465021,89.96309670486019,8537600
2000-04-24,89.14060974121094,89.80642273136937,88.04397658095,88.67062410109911,12893100
2000-04-25,92.84175872802734,92.84175872802734,90.51141295949006,90.62890938479445,14102000
2000-04-26,91.7940673828125,93.21381562500001,91.49053500000001,92.72424726562501,7711100
2000-04-27,91.49052429199219,92.33258177156318,89.61058201201975,89.61058201201975,15595300
2000-04-28,90.92267608642578,92.65574884835743,90.9030933433531,92.1172234138589,8743400
2000-05-01,92.15633392333984,93.04734820160418,91.39260739911326,91.84301022109304,7328300
2000-05-02,90.31555938720703,92.19550164678462,90.31555938720703,91.17719958951342,9411900
2000-05-03,88.20063018798828,90.2372344374445,87.593565459785,90.2372344374445,12630700
2000-05-04,88.86651611328125,89.20921422522098,88.20070263865553,88.98401260880344,5963600
2000-05-05,89.94347381591797,90.23721474934683,88.31810731761159,88.39643823319263,7862400
2000-05-08,89.26791381835938,89.84560460647863,88.88605041604326,89.45394983487236,5064100
2000-05-09,88.55314636230469,89.86518988425834,87.89712460132786,89.64977975378834,5620300
2000-05-10,86.55569458007812,88.33772358613855,86.3207017441141,88.04398254118354,10293900
2000-05-11,88.53355407714844,88.67063323630349,87.18234522261996,87.80899280732882,7091100
2000-05-12,89.49312591552734,89.90436347443895,88.74898176130633,88.86647820670964,5960800
2000-05-15,91.04014587402344,91.24576461604909,88.98395845376693,89.45394414982556,4441300
2000-05-16,91.92132568359375,92.56755571076856,91.05968564736065,91.84299477120892,8192200
2000-05-17,90.9618148803711,91.60804521213693,90.53099465919388,91.29472141491713,5907200
2000-05-18,89.84562683105469,91.6864047129464,89.84562683105469,91.25558435761003,4325600
2000-05-19,88.43563842773438,89.75747314736947,87.98523548622909,89.33644431074495,6518400
2000-05-22,87.76984405517578,88.65106738906309,85.85073546137676,88.51398820379174,10839400
2000-05-23,86.47737121582031,88.23981764005579,86.20321288316147,88.00482478349106,7979200
2000-05-24,87.88733673095703,88.16149508974344,85.53740794135925,86.47737945719835,11081500
2000-05-25,86.37946319580078,88.86647109103241,86.30113223847066,88.16149247506124,8278900
2000-05-26,86.47737121582031,87.5348390703616,86.05634234780851,86.9865224050439,4814000
2000-05-30,89.29729461669922,89.57145297736453,87.39776883208961,87.73067541289748,5362700
2000-05-31,89.49312591552734,90.23727006974836,89.04272287481463,89.33646398832292,6056500
2000-06-01,91.0597152709961,91.13804620886361,89.6105929204469,90.04141307871828,8961600
2000-06-02,92.64591217041016,93.42922151025721,92.42071073520412,93.33130784277633,8962200
2000-06-05,92.19552612304688,92.88092192047819,92.03886422649114,92.41093623081099,6998100
2000-06-06,91.78426361083984,92.6067383434311,91.4317744397293,91.88217726948166,4858900
2000-06-07,92.42076873779297,92.74388404326464,91.49058831295025,91.8822432286735,4919500
2000-06-08,92.05838775634766,92.58712131716905,91.52965419552626,92.43045952137012,5723100
2000-06-09,91.86264038085938,92.72428100690026,91.25557539433056,92.43053988438632,3085300
2000-06-12,90.78551483154297,92.09755743156742,90.78551483154297,92.09755743156742,3678900
2000-06-13,92.48927307128906,92.58718676287417,90.6289129311721,90.74640936107421,6558700
2000-06-14,92.64591217041016,93.29214237578397,92.23467476699045,92.90048770586044,6420500
2000-06-15,92.84175872802734,93.21383074149128,92.01928375089653,92.82217599047661,5881200
2000-06-16,92.07893371582031,93.15852044666023,91.62747017383269,93.15852044666023,5567900
2000-06-19,93.2566146850586,93.68844914581871,91.86296710715096,92.00036898102918,5106900
2000-06-20,92.92292022705078,93.51178537424376,92.33405507985782,93.07995093296891,6480000
2000-06-21,92.88362121582031,93.23694014690332,92.26531308642507,92.29475633068198,3115000
2000-06-22,91.47039794921875,92.76590143948665,91.07782113398605,92.6873860764401,7490500
2000-06-23,90.68526458740234,91.7844799157345,90.37120306502173,91.5881914642466,4863300
2000-06-26,91.85313415527344,91.86294857285601,90.99927982558984,91.31334118823209,5201300
2000-06-27,91.17597961425781,92.15742180601517,91.08764981699966,91.69614397588921,4159500
2000-06-28,91.4311294555664,92.32424160460639,91.27409874804289,91.47038713244727,5347700
2000-06-29,90.5675048828125,91.54894728509699,90.14548464983017,90.92082414763492,6345700
2000-06-30,91.2544937133789,91.45078214898523,90.38101017493078,90.41045344027172,7420200
2000-07-03,92.51073455810547,92.60887877045228,91.19560211265818,91.35263285241308,1436600
2000-07-05,90.8423080444336,92.1181831574172,90.68527726129714,91.9415235263887,2748200
2000-07-06,91.54893493652344,92.00039838067869,90.5871215120188,91.03858495617405,5963200
2000-07-07,93.02108001708984,93.45291453077965,91.86297836673992,92.13778214817889,3034800
2000-07-10,92.86405181884766,93.53143244912472,92.66776339817793,92.88368066091464,2816100
2000-07-11,93.06036376953125,93.66885802746322,92.4322406645692,92.62852913486985,5431600
2000-07-12,93.6688461303711,94.29696915555381,93.39404230685366,93.7669903530559,5883000
2000-07-13,94.08101654052734,94.45396444669676,93.70806863435793,94.20860398211163,5356000
2000-07-14,95.00364685058594,95.00364685058594,94.0123897915044,94.49329668155386,5341900
2000-07-17,94.84660339355469,95.46491216981647,94.65031489315412,94.83678896853465,4208300
2000-07-18,94.07121276855469,94.61100585173367,93.80622343681229,94.61100585173367,4262100
2000-07-19,93.31552124023438,94.15956150387132,93.11923280683042,93.8847576971058,8506800
2000-07-20,94.61100769042969,94.61100769042967,93.47253498378136,93.59030802240015,4538900
2000-07-21,92.76589965820312,94.06140312359487,92.76589965820312,94.06140312359487,5656900
2000-07-24,92.23590087890625,93.50196080797403,92.05924135392006,93.04068315939895,5628500
2000-07-25,92.5303726196289,92.86406297485455,92.19668226440326,92.80517644157943,4757100
2000-07-26,91.62742614746094,92.43220859648534,91.48020984581012,92.31443555516469,12062500
2000-07-27,91.31336975097656,92.09852340317755,90.881535242266,91.666688894467,7652600
2000-07-28,89.25236511230469,91.64708438736542,88.8892314517422,91.52931130826408,6229500
2000-07-31,89.82156372070312,90.52820189682754,89.23269857393278,89.78230604425177,5265500
2000-08-01,90.3712158203125,90.90119471413276,89.90012347025007,90.21418503695836,3946600
2000-08-02,90.8226547241211,91.33300463179931,90.21416060342783,90.3711913442519,7439800
2000-08-03,91.4508056640625,91.58820760431759,89.58606504631493,89.74309583517788,4607100
2000-08-04,91.94153594970703,92.15745330569482,91.33304158283238,91.90227824861834,3686600
2000-08-07,93.04071807861328,93.23700651337829,91.94150284392924,92.15742012217075,4159800
2000-08-08,93.39404296875,93.47255834745428,92.64814687105927,92.64814687105927,3658700
2000-08-09,92.60887908935547,93.72772311396193,92.56962140428156,93.67865100761954,5383800
2000-08-10,92.1574478149414,92.8739008171236,91.88264392369345,92.66779789868762,4193400
2000-08-11,92.58924102783203,92.96218899890026,91.43113943346229,92.09852001326858,5089400
2000-08-14,93.76697540283203,93.94363497549804,92.37332766291136,92.82479101528003,2966700
2000-08-15,93.68846130371094,94.10066697883727,93.31551331192999,93.80623435374703,5564600
2000-08-16,93.35481262207031,94.17922433992712,92.86409136144127,93.78664733142388,5191600
2000-08-17,94.33618927001953,94.49321996376905,93.17808790361688,93.39400510752246,5652200
2000-08-18,94.02212524414062,94.45395963983395,93.72769270162243,94.45395963983395,4626400
2000-08-21,94.532470703125,94.66987255007722,93.84546146836391,94.23803817394167,2380600
2000-08-22,94.37545013427734,95.0428306052768,94.27730594736565,94.57173850810071,3075300
2000-08-23,94.7484130859375,95.02321685291557,93.76697106101584,94.1006613494892,5483200
2000-08-24,95.0428237915039,95.1605968073546,94.53247405615093,94.94467961162833,4529000
2000-08-25,95.00364685058594,95.23919308244689,94.80735832403514,94.9447602926207,2822200
2000-08-28,95.3275375366211,96.0439907683902,95.00366141815012,95.00366141815012,5518700
2000-08-29,95.34709167480469,95.39616377551226,94.78766972673841,95.12136001154988,3561900
2000-08-30,94.43436431884766,95.16063151481468,94.43436431884766,95.04285845600921,3964800
2000-08-31,95.6906509399414,96.16174337533805,94.78772377209786,94.88586802947215,4863100
2000-09-01,95.78873443603516,96.47574380186738,95.47467301165472,96.25982657260583,3191200
2000-09-05,95.023193359375,95.60224401091428,94.72876082469404,95.39614123663759,3470800
2000-09-06,93.94361114501953,95.44521713177132,93.9239823085914,94.96431063928219,4322200
2000-09-07,94.7484130859375,94.89562938967575,94.11047576973843,94.37546511646727,4265500
2000-09-08,94.10066223144531,94.53249672645819,93.79641520086804,94.39509484168137,3518200
2000-09-11,93.9632568359375,94.9643276733373,93.39402047741605,94.06140103568258,3937500
2000-09-12,93.27622985839844,94.37544468837956,93.2369721858991,94.06138330838496,4769100
2000-09-13,93.5215835571289,93.8062016621931,92.74624458126436,92.96216176441652,7691600
2000-09-14,93.99272155761719,94.17919557971123,93.06035144714693,94.13993789084934,3397100
2000-09-15,91.93630981445312,93.35313650679915,91.93630981445312,93.31378020978954,4085700
2000-09-18,91.09019470214844,92.54637841525256,90.80486140701316,92.17249340783393,5109300
2000-09-19,91.91668701171875,92.13314677560848,91.1197215173975,91.38537668217124,6588200
2000-09-20,91.23774719238281,91.95599970451956,90.14560981091464,91.73954004332766,6508100
2000-09-21,89.85042572021484,91.66081537554987,89.81106942335973,90.97208018058545,5972300
2000-09-22,91.48370361328125,91.50338175989627,89.68315319800587,89.81106115100357,7791300
2000-09-25,90.83439636230469,91.97572976547056,90.49986760620433,91.89701711697636,9726300
2000-09-26,89.67337799072266,91.30666532300924,89.67337799072264,90.91310211041007,5302400
2000-09-27,90.1456298828125,90.65726192318645,89.49625075464554,90.40144590299947,7186200
2000-09-28,91.30664825439453,92.1429699248281,89.9783726601765,90.1653151512146,7036400
2000-09-29,90.44084167480469,91.91670397367551,90.44084167480469,91.6018533499164,9333600
2000-10-02,90.57853698730469,91.24759417991133,90.13577855102089,90.85403112543683,5517800
2000-10-03,89.73240661621094,91.77893518815961,89.59465950079131,91.01148697367886,9347200
2000-10-04,90.48015594482422,90.83436273190705,89.26011034487226,89.9685239190379,6148900
2000-10-05,90.79501342773438,91.20825471121562,90.2440250497594,90.30305951882815,4566900
2000-10-06,88.82720184326172,91.08035084881189,88.00071923860577,90.59823599609591,10014900
2000-10-09,88.1581802368164,88.98466317653656,87.76461693218775,88.98466317653656,4508000
2000-10-10,86.701904296875,88.94521276029845,86.701904296875,88.21712141690664,6104700
2000-10-11,85.97386169433594,87.29229811766405,85.08834469359319,86.66259713935808,10346000
2000-10-12,83.82894134521484,86.64291754530069,83.61248163751593,86.44613599284713,12336900
2000-10-13,86.62323760986328,86.68227207438613,83.67151438372073,83.71087069340263,11778800
2000-10-16,87.01681518554688,87.04633242271973,86.07226359601584,86.52486123266613,5659000
2000-10-17,84.85221099853516,87.25294609636013,84.63575127660012,87.17423347020194,7831700
2000-10-18,84.53733825683594,85.71802733863532,81.95950042824062,83.51407438594315,10897300
2000-10-19,87.72520446777344,87.81375615465208,85.91481442492123,86.1706304092373,8767300
2000-10-20,88.09910583496094,88.9059102439923,87.13487617538686,87.13487617538686,7373500
2000-10-23,88.4926528930664,88.80750333698214,87.48906710308499,88.11876799091647,5290000
2000-10-24,87.90231323242188,89.37817477091116,87.52842830933793,88.76815200166892,5750700
2000-10-25,85.83610534667969,87.88263330542675,85.71803642598273,87.37100131573997,9137600
2000-10-26,86.07228088378906,86.68230390788541,84.39963710804098,86.34777515273579,9345800
2000-10-27,87.7055435180664,87.7055435180664,86.03290021561281,86.82002647559098,9762900
2000-10-30,88.4926528930664,88.8468596424716,86.99711328446665,87.17421665916926,10154100
2000-10-31,90.01773834228516,90.48017507876864,88.19750863485017,88.79769248432873,7752400
2000-11-01,89.71271514892578,90.20466905959108,88.92558889186128,89.57496805393949,6753600
2000-11-02,89.86029815673828,90.61790715247558,89.74222922233766,90.14563141487311,11395100
2000-11-03,89.90948486328125,90.51950763210633,89.65366886345139,90.34240424760873,5187100
2000-11-06,90.53923034667969,90.86392004472798,90.0669544222458,90.1456670763181,4042500
2000-11-07,90.51950073242188,90.67692595108696,89.77173094376273,90.13577676192574,5231300
2000-11-08,88.5123519897461,90.71630561865929,88.5123519897461,90.71630561865929,6123300
2000-11-09,88.17781829833984,88.92558823704479,86.4264623892677,88.15814014205813,10635300
2000-11-10,86.03291320800781,87.82362571988537,85.97387872959426,87.52845332781764,8569500
2000-11-13,85.36383819580078,86.2591942672413,83.76006852937438,85.40319450663334,17285300
2000-11-14,87.60717010498047,87.92202067139549,86.26905519771661,86.5642276037307,7668900
2000-11-15,87.88265991210938,88.22702770173363,86.74132666649757,87.56780936159578,8837700
2000-11-16,86.50520324707031,88.07945626339553,86.46584692166219,87.26281251117683,6684100
2000-11-17,86.04273223876953,87.52843293265795,85.48190482452026,86.46581256881723,6551100
2000-11-20,84.81285095214844,85.87547135850947,84.57671308406822,85.48190824504242,5458500
2000-11-21,85.24575805664062,85.75739003020311,84.07490796329573,84.93090761137141,7684300
2000-11-22,83.20906829833984,84.93090665144491,83.1992292220364,84.59637805712735,5736900
2000-11-24,84.9112548828125,84.98996751769806,84.14380669267815,84.14380669267815,3411600
2000-11-27,85.65901947021484,86.0722607771008,85.20642184838738,85.93451367480547,5992000
2000-11-28,84.18315124511719,86.01321975044581,84.15363401116026,85.08834641979587,5336100
2000-11-29,84.0257797241211,85.58035503986011,83.91754979707598,84.61612478073086,6914100
2000-11-30,83.29763793945312,84.06508605654234,81.70370723472935,83.43538503739221,11201600
2000-12-01,83.25829315185547,84.41930456664144,82.49084492852236,83.86831609860742,7587200
2000-12-04,83.96668243408203,84.30121104935726,82.8056713575386,83.04180920361523,6996600
2000-12-05,86.72164916992188,87.05617788239945,84.63576425682642,84.93093665018898,8883400
2000-12-06,85.33433532714844,87.11520869209873,85.02932386685309,86.76100183498154,12888000
2000-12-07,84.1634750366211,85.56062414291057,84.1634750366211,84.93092313725897,6529100
2000-12-08,84.36026000976562,87.82361568079868,84.30122553810028,86.30839757472172,10276300
2000-12-11,87.29230499267578,87.88264970633229,86.09193740824088,86.50517870780044,6405600
2000-12-12,86.91842651367188,87.41038047854435,86.50518518317898,87.01681730664636,5022900
2000-12-13,85.7278823852539,87.78424958581836,85.65900884265128,87.68585881067173,6070500
2000-12-14,84.63575744628906,85.95419403054886,84.39961955060075,85.56063087106833,7678400
2000-12-15,82.72411346435547,84.0860709515997,82.46751277835294,84.0860709515997,9065300
2000-12-18,83.82947540283203,84.30319977525208,83.22745067954821,83.41496657696449,7235400
2000-12-19,82.12210083007812,85.25065580702017,82.12210083007812,83.67157443064563,9616600
2000-12-20,79.74356842041016,81.44108002539909,79.64487588523639,81.24369495505154,9994300
2000-12-21,80.29627990722656,81.39176750183105,79.28961563110352,79.585693359375,14331500
2000-12-22,82.70439910888672,82.81296096929218,81.38191826394748,81.48061086431608,10182900
2000-12-26,83.59263610839844,83.59263610839844,82.28989372748833,82.64518710410017,4665300
2000-12-27,84.20451354980469,84.47098352939268,82.90177142737451,83.2175876994788,4854100
2000-12-28,84.46111297607422,84.55980555959381,83.75052637473308,83.88869599166053,8358700
2000-12-29,82.86225891113281,84.8163712580128,82.86225891113281,84.6782016981324,8774600
2001-01-02,81.36216735839844,83.47418868478093,80.57262667563863,83.37549609943595,8737500
2001-01-03,85.2704086303711,85.90204128689236,80.63185630904303,81.04636523988512,19431600
2001-01-04,84.35252380371094,85.56644218768852,84.0070998733108,85.23088751244268,9219000
2001-01-05,81.59902954101562,84.40189896405003,81.59902954101562,84.30320637873191,12911400
2001-01-08,82.23065948486328,82.23065948486328,80.65157816974349,82.03327432047331,6625300
2001-01-09,82.01353454589844,83.05967590111688,81.74706457805978,82.77346741714202,5702400
2001-01-10,83.45442199707031,83.45442199707031,81.36213989402172,81.48057095645844,8746100
2001-01-11,83.53341674804688,84.31308828905534,82.80309150710222,82.80309150710222,7245100
2001-01-12,83.37549591064453,84.46111434698105,82.92151001908563,83.80974328517914,7244000
2001-01-16,83.90843200683594,84.12555568410603,83.06954507192873,83.37549207171841,8542200
2001-01-17,84.2933120727539,85.29997614387214,83.78011078159558,85.17167582108256,7851400
2001-01-18,85.13218688964844,85.71447288854587,83.96761489185357,84.28343102684879,8107000
2001-01-19,84.64862060546875,86.02044738221588,84.55979728898872,86.02044738221588,7782500
2001-01-22,85.211181640625,85.76386014095799,84.36242537225648,84.79667276537526,7050900
2001-01-23,85.88226318359375,86.31651043480935,84.73742952129808,84.934814635487,8463100
2001-01-24,86.13887023925781,86.7310256258705,85.80331552017729,86.05991618770946,6199900
2001-01-25,85.92176055908203,86.69156268676505,85.6848983659488,86.05993017174309,10818300
2001-01-26,85.82305908203125,85.98096719441769,84.92495669283336,85.36907325892022,7136800
2001-01-29,86.28103637695312,86.47051848911471,85.50412116528757,85.5862365058581,6705900
2001-01-30,87.0389633178711,87.11475613624486,85.76937578242608,86.09151453640939,7069100
2001-01-31,86.5462417602539,87.60737916895302,86.28095740807913,86.78625542863568,9706900
2001-02-01,87.12106323242188,87.13369858063135,86.05992529354889,86.5968167560635,8239100
2001-02-02,85.14407348632812,87.1589829532691,85.11248992982202,86.78631240721435,8276600
2001-02-05,85.7693862915039,85.86413696402805,85.1124926299,85.14407618740806,4352900
2001-02-06,85.5167236328125,86.34416066422507,85.40934726456287,85.45987902102394,7106700
2001-02-07,85.0746078491211,85.5230616580315,84.43665266925012,85.09355605862717,5748700
2001-02-08,84.08289337158203,85.523014324698,84.07026766419904,85.14404070637224,5943300
2001-02-09,83.27442169189453,84.22819288026187,82.90807370643546,84.22819288026187,9913000
2001-02-12,84.22817993164062,84.32292093144176,83.18598074410298,83.18598074410298,5804400
2001-02-13,83.53968048095703,84.74610042861421,83.37545956057316,84.44923249096153,6587600
2001-02-14,83.4133529663086,83.78601367879622,82.5290716760086,83.78601367879622,8400100
2001-02-15,84.22183227539062,84.33553107912543,83.3691346181194,83.90601618648822,5929800
2001-02-16,82.36485290527344,82.92700529979247,81.67006311720816,82.74383616272328,6434900
2001-02-20,81.09529876708984,82.832288195158,80.9121295771904,82.7691210880493,5760000
2001-02-21,79.34568786621094,81.37954076257321,79.26989022041249,80.78580940356184,10910800
2001-02-22,79.46571350097656,79.92680752166295,77.70345757757508,79.80679575895512,21281600
2001-02-23,78.92880249023438,79.29515052402671,76.93284614769735,79.00460013070055,20173000
2001-02-26,80.60890197753906,80.60890197753906,78.63820780612227,79.45933158228873,11503700
2001-02-27,79.8636245727539,80.74790632531706,79.27620608342318,80.09101268597703,11415000
2001-02-28,78.29084014892578,80.11625754155337,77.86132989072087,80.0594129342338,14825800
2001-03-01,78.70140075683594,78.70140075683594,76.90124927356958,78.35400580755889,14672000
2001-03-02,78.07609558105469,79.36462649020197,77.2486585283026,77.37498310373965,12564300
2001-03-05,78.78983306884766,78.81509894595985,78.20241467816594,78.41717222413287,5293200
2001-03-06,79.6362075805664,80.69103244501638,79.2635419894361,79.80674619415322,6917000
2001-03-07,80.2046890258789,80.24258543005365,79.43409668117219,80.15415727433056,6371700
2001-03-08,80.2931137084961,80.36890651356711,79.67411182623651,79.96466215661212,6055000
2001-03-09,77.91820526123047,79.64887739894293,77.76029709635588,79.64887739894293,10020300
2001-03-12,74.5831527709961,77.3749667409318,74.37471292852831,77.27390324677555,13972900
2001-03-13,75.80851745605469,76.07380672272397,74.23575415159898,75.41690845773287,12888000
2001-03-14,74.31156921386719,75.34744619282118,73.11146642537938,73.93259065407469,19883400
2001-03-15,74.33052062988281,75.07584725122612,74.12839840133077,74.81687558581385,10370300
2001-03-16,72.83963775634766,74.3533034075636,72.71296824313946,74.1823007727195,58514600
2001-03-19,74.32160949707031,74.53694518017724,72.7192781485579,73.31461257791365,10067800
2001-03-20,72.32662200927734,75.02462176846734,72.2696243622828,74.66995685753143,15083900
2001-03-21,71.09799194335938,72.99799169190062,70.86999158697849,72.31399062275796,19004600
2001-03-22,70.37599182128906,71.31332231663083,68.42532426986546,70.94598787539861,28624800
2001-03-23,72.50397491455078,72.61797506504332,70.61664016349616,71.72497308086045,12861700
2001-03-26,73.42865753173828,73.63765382905515,72.68765396724498,73.27665407484525,9943800
2001-03-27,74.92962646484375,75.14496219970101,73.01062822795167,73.22596396280895,12880700
2001-03-28,72.858642578125,74.0683063226115,72.76997632803482,74.03664256583542,10953300
2001-03-29,73.13729858398438,73.78329613221817,71.02196380457679,72.64329477422038,12060300
2001-03-30,73.90364837646484,73.90364837646484,72.51664720252488,73.18164895681218,9183600
2001-04-02,72.32662200927734,74.34062101285066,72.07329269115,73.656625089181,10561000
2001-04-03,69.91365051269531,72.29498466191947,69.70464940016274,72.18731917920225,12836000
2001-04-04,70.2049560546875,70.99662223670235,69.22329288815723,70.02762360302768,14884300
2001-04-05,72.86497497558594,73.14363825343217,71.24997364029339,71.75664205229249,21522800
2001-04-06,71.75666046142578,72.45332608269267,70.97132373815465,72.19365712613948,14937800
2001-04-09,72.55462646484375,72.8269598463615,71.42729450524146,72.19996153335916,9034300
2001-04-10,73.8782958984375,74.5749612365937,72.94096092626467,73.11829339431016,17873600
2001-04-11,73.92900085449219,75.36033068420299,73.55533168163863,75.22733126632455,12722300
2001-04-12,75.27166748046875,75.32866999443081,73.44133449040362,73.65667034144363,9233200
2001-04-16,74.47997283935547,75.29697313185432,74.04297627877101,74.9169742318881,7350000
2001-04-17,75.5313491821289,75.78468353047172,74.1126787641895,74.29634604593926,10924700
2001-04-18,78.53326416015625,79.79992971112651,76.43693421952305,76.67126425400737,32481600
2001-04-19,79.57831573486328,79.69864575439887,78.26731623398493,78.69164830865768,13809900
2001-04-20,78.84999084472656,79.41999174493372,78.31799322583275,79.10332511503522,7626700
2001-04-23,77.41864013671875,78.46364076326832,77.20964387696748,78.31164216564513,8451800
2001-04-24,77.00062561035156,78.31162469831168,76.69662365096424,77.59595533156646,10044700
2001-04-25,78.00764465332031,78.32431123533293,76.60164425607253,76.89931161627615,8249000
2001-04-26,78.35597229003906,79.30597194470599,78.2166382342429,78.36230697401565,10590400
2001-04-27,79.66063690185547,79.69863534180236,78.65996943970383,79.11597004685892,7938700
2001-04-30,80.21797943115234,80.60430820886259,78.95764297842042,80.08497521698587,10766900
2001-05-01,80.46499633789062,80.52832870043035,78.91332687994466,79.2109942990259,10578000
2001-05-02,80.31930541992188,80.87030696925987,79.79997245910089,80.69297447024024,9572900
2001-05-03,79.2995834350586,79.89491769411536,78.67258544150732,79.8822483347617,9926200
2001-05-04,80.64864349365234,80.65497817829366,78.17864799788997,78.31164738366573,12145300
2001-05-07,79.95198822021484,80.67398773950018,79.94565836671092,80.34465657517411,7185200
2001-05-08,79.9139633178711,80.49662855600542,79.52129509289485,80.34462997908942,6952600
2001-05-09,79.57831573486328,80.14831656827752,79.20464664275612,79.32498149424043,9507400
2001-05-10,79.8126220703125,80.74995703092435,79.65428882123226,80.59795846475255,6872400
2001-05-11,79.2616195678711,80.11028340056201,78.78661985591654,79.79995160836351,7734400
2001-05-14,79.41997528076172,79.44530918573567,78.82464059374473,79.10330871650984,7914000
2001-05-15,79.78729248046875,80.1166235103438,79.07162310686292,79.51495910055492,9782200
2001-05-16,81.6683120727539,81.82664536861573,78.92598306070799,79.06531230222947,14909000
2001-05-17,81.79499816894531,82.38400320882364,81.42133381232036,81.70000203214235,11824600
2001-05-18,82.16865539550781,82.16865539550781,81.12998930184894,81.75698300440095,6683100
2001-05-21,83.37831115722656,83.49864601035736,81.79497817160588,82.2319796218608,11531500
2001-05-22,83.27066040039062,83.65699410376158,83.01100108938996,83.49233092313928,8342700
2001-05-23,81.8582992553711,82.99830071356352,81.8582992553711,82.99830071356352,12330800
2001-05-24,82.09899139404297,82.33332160153833,81.4149903318393,81.99765575581316,7902800
2001-05-25,81.12996673583984,82.14329380707682,81.00329722797447,82.11162522212356,7425000
2001-05-29,80.48397064208984,81.28830637633041,80.36997049203795,81.20596998176913,9003900
2001-05-30,79.35665130615234,80.490313473657,79.16664941477735,80.17364687599789,10041800
2001-05-31,79.76832580566406,80.28132905540832,79.33132912204059,79.43899462148771,9874200
2001-06-01,80.26231384277344,80.49664402054798,79.24264706417216,79.92664320767325,8848300
2001-06-04,80.64864349365234,80.7056459915269,79.8506471789977,80.30664783419957,5623500
2001-06-05,81.57331085205078,81.84563946520706,80.60430708322588,80.74364114796991,9115400
2001-06-06,80.89566040039062,81.59232602839334,80.66132535186588,81.59232602839334,12064900
2001-06-07,81.18698120117188,81.28831682844694,80.43331317714669,80.46498176865731,7355300
2001-06-08,80.43328094482422,80.98428232544312,79.88861424635864,80.8766120566233,8170600
2001-06-11,79.86333465576172,80.42700095202662,79.42633792896366,80.24966838672306,7012200
2001-06-12,79.72399139404297,80.26865840035462,78.558660480413,79.0779935757393,9364400
2001-06-13,79.03996276855469,80.16729477018413,78.94496184923757,79.9076259128472,7629400
2001-06-14,77.26664733886719,78.72331557393677,77.10831404513999,78.6473138534462,12603000
2001-06-15,77.39111328125,77.74043908360248,76.47017048696091,76.79409033589775,16821100
2001-06-18,77.0163803100586,77.76583891692307,76.79408429227882,77.2640822792546,11368300
2001-06-19,77.35302734375,78.05167428854959,76.7814053541171,77.7277543534757,7732300
2001-06-20,77.75947570800781,78.03258359170793,76.91474610892497,76.9719107033078,8787200
2001-06-21,78.64234924316406,78.95356377414406,77.58167584984041,77.62613506855185,12259100
2001-06-22,78.02626037597656,78.49625847702099,77.58802093333269,78.43274600591081,12212000
2001-06-25,77.30860900878906,78.40104164543416,77.16887857679575,78.29941775100485,8406800
2001-06-26,77.20059967041016,77.73411031934441,76.57816573429521,76.78776128024438,8005800
2001-06-27,77.15611267089844,77.6388112235681,76.79408633355125,77.23232568148319,10105100
2001-06-28,77.58164978027344,78.7185406718007,77.44191946965034,77.48637867342227,10269300
2001-06-29,77.86747741699219,78.76301925780513,77.65153404429999,77.99450720595021,9824200
2001-07-02,78.83924865722656,78.95992577037372,77.88019899131507,77.99452340227238,8522200
2001-07-03,78.82019805908203,78.82019805908203,78.15330967737862,78.74398501299716,3303100
2001-07-05,77.28315734863281,78.53437294638724,77.27045679218418,78.16599381539221,5517900
2001-07-06,75.6127700805664,77.16249508677416,75.6127700805664,77.0481706739997,11665900
2001-07-09,76.02560424804688,76.5591197936757,75.70803697074393,75.89222657306269,8339300
2001-07-10,75.11100769042969,76.62262606329891,75.07924902699926,76.40032995636103,8630700
2001-07-11,75.18717956542969,75.51109934144915,74.36785592355045,75.009342777243,15328600
2001-07-12,76.97193908691406,77.14977594268002,75.77788331987249,75.89856040586692,12002800
2001-07-13,77.6388168334961,77.68962874135067,76.60990235073695,76.74962782880172,10433800
2001-07-16,76.66704559326172,77.66420605302001,76.40029040303855,77.3402862673552,6915300
2001-07-17,77.384765625,77.45463079002394,76.10814909106907,76.3431456955219,7469800
2001-07-18,76.85765075683594,77.25778387001822,76.25426988949904,76.57183723682589,7709300
2001-07-19,77.53080749511719,78.10878176335048,76.69878350242186,77.60067262305061,10082900
2001-07-20,77.06719970703125,77.44828419360327,76.80044444298326,76.9465274755946,6705800
2001-07-23,75.54923248291016,77.41017640817181,75.54923248291016,77.35936934055046,8065200
2001-07-24,74.81884765625,75.70803209892546,74.15195447855163,75.58100713445519,12269000
2001-07-25,75.6445083618164,75.8858625423682,74.60288830192538,74.8950495532908,12088500
2001-07-26,76.43842315673828,76.75599035294051,75.3015320128514,75.61909920905363,12898200
2001-07-27,76.73062896728516,77.07360231989388,76.15901155863095,76.74333437610049,8478800
2001-07-30,76.75598907470703,77.07355626562074,76.4066680721164,76.97193728428756,8547700
2001-07-31,77.07354736328125,77.91827715650746,76.72422640103876,76.851251324456,11918100
2001-08-01,77.55628204345703,77.9310091105059,77.20060823802866,77.46736359209994,11940800
2001-08-02,77.87384796142578,78.2803336878493,77.4165503077763,78.26763312888886,11070100
2001-08-03,77.44827270507812,77.71502792955616,76.78773249754454,77.71502792955616,10816300
2001-08-06,76.40666198730469,77.17517394663085,76.27963221364102,77.07355012769993,8550100
2001-08-07,76.7051773071289,76.97828528566193,76.15896619575365,76.38761011561101,8865100
2001-08-08,75.28248596191406,76.95289267505983,75.2189734857328,76.29235226225389,15183800
2001-08-09,75.50479125976562,75.56195588728434,74.85695617060242,75.39046685042013,14118500
2001-08-10,75.76520538330078,76.11452649836001,74.5266900325662,75.45399079279905,11173300
2001-08-13,75.78425598144531,76.1208765250492,75.46033599701666,75.96209288405173,7431600
2001-08-14,75.75248718261719,76.4384335829429,75.45397804785075,76.30505592382816,13178100
2001-08-15,75.09825134277344,75.96838676616584,74.99663241097585,75.72703756316919,8520600
2001-08-16,75.35868835449219,75.42220081762159,74.31071575294085,74.81882514935675,10734700
2001-08-17,74.15194702148438,74.8632993497796,73.68194888537946,74.72356899549918,11604600
2001-08-20,74.83787536621094,74.88233457316605,74.0249042414946,74.18368781571857,10417400
2001-08-21,73.5612564086914,75.28882252641984,73.54855585445382,74.8188244885847,14480800
2001-08-22,74.32345581054688,74.58386334718266,73.5358901886288,74.15197158438379,11752300
2001-08-23,74.05665588378906,74.6409782568843,73.98679072551789,74.28530461164198,8744100
2001-08-24,75.59370422363281,75.66356940459289,74.14559837408142,74.44411235714873,11687700
2001-08-27,75.1427230834961,75.70799211452378,75.11096928199487,75.56191396710182,7425100
2001-08-28,74.04400634765625,75.25711113534776,74.04400634765625,75.12373342648283,12046600
2001-08-29,73.38341522216797,74.42503505271186,73.14841379434539,74.39327640046638,16180000
2001-08-30,71.97344970703125,73.51047421261504,71.16047822790237,72.94520482960536,17692600
2001-08-31,72.50062561035156,72.89440601570064,71.85278551494969,72.02427459431206,15985400
2001-09-04,72.03695678710938,73.78357673387984,72.00520296821958,72.31006482715934,24473400
2001-09-05,72.21482849121094,72.52604804792476,71.10334253473245,72.21482849121094,21477100
2001-09-06,70.35382080078125,71.96071457072021,70.35382080078125,71.54787632699187,21653000
2001-09-07,69.05178833007812,70.65867701865272,68.99462373452937,69.87745985074774,33133900
2001-09-10,69.89653015136719,70.0870675298589,68.4039607018868,68.4039607018868,23408700
2001-09-17,66.2445068359375,67.57828784460477,63.513427514536446,64.1485617896818,32388700
2001-09-18,66.08570861816406,66.87962628611082,65.647464514837,66.26354540047392,22029200
2001-09-19,64.75196075439453,66.37155567811811,62.59885517316163,66.11750090734104,42771800
2001-09-20,62.69410705566406,64.66302244429276,62.59883594018247,63.76748558842229,36210900
2001-09-21,62.0177116394043,63.10786615683055,59.799153104812625,60.10515883047264,49782100
2001-09-24,64.19802856445312,64.4912909780743,63.15249995618068,63.573263960518425,25549600
2001-09-25,64.86739349365234,65.02677283884559,63.68798731199663,64.22987611287935,25466200
2001-09-26,64.63790893554688,65.28180307204333,64.02589262453102,65.24992524656273,18587500
2001-09-27,65.19891357421875,65.21166664818088,63.75175096736354,64.54864785445558,20536800
2001-09-28,66.58234405517578,69.8846856337163,65.34555827384587,65.65156888196437,21687200
2001-10-01,66.47394561767578,66.5058234372814,65.55592375227691,66.23806726253476,20457400
2001-10-02,67.30912780761719,67.30912780761719,66.07871830812041,66.30184855644892,19833100
2001-10-03,68.4375228881836,68.77540648487114,66.52496982267007,66.68434924479621,32045800
2001-10-04,68.49491882324219,69.47032034787219,68.05502995375213,69.03680801871717,32674100
2001-10-05,68.36097717285156,68.60960851238848,67.27081839011812,68.37372537780728,29796100
2001-10-08,67.91475677490234,68.40564810578617,67.49399764087578,67.7490008184076,12970300
2001-10-09,67.55137634277344,68.05501592013299,67.32186957678998,67.96576382934767,15976300
2001-10-10,69.05593872070312,69.20256997778132,67.27088665548226,67.44939575310481,19987400
2001-10-11,70.126953125,70.31821039725435,69.45755753598431,69.45755753598431,23006300
2001-10-12,69.8082046508789,70.05683622353915,68.40566732490448,69.58507437591142,31360500
2001-10-15,69.68067932128906,69.77630307526213,68.89015395337222,69.25353881009057,16873000
2001-10-16,70.12055969238281,70.5158223566752,69.45754080254075,69.9994346554189,15877100
2001-10-17,68.62876892089844,70.86008046589085,68.62876892089844,70.8090778918186,28542300
2001-10-18,68.48211669921875,68.95388306865418,68.05498121629114,68.73712462737029,16510000
2001-10-19,68.4375228881836,68.79453610118041,67.58325152024706,68.2143926699818,21912500
2001-10-22,69.78904724121094,69.85279802367796,68.34825621086611,68.40563531979748,17540600
2001-10-23,69.43206024169922,70.30545644323189,69.09417174973922,70.10145095850808,22062500
2001-10-24,69.24715423583984,69.77629007678901,68.9921462570449,69.47666093036804,16065200
2001-10-25,70.49031829833984,70.50944304743122,68.04862481096157,68.50126170699251,27467900
2001-10-26,70.33092498779297,71.26807641882299,69.91653767193908,70.09504177996915,18623300
2001-10-29,68.50122833251953,70.47753574955388,68.50122833251953,70.22890440475524,18727500
2001-10-30,67.67886352539062,68.66063624436991,67.2963491151285,68.43750608096552,26178600
2001-10-31,67.4493637084961,68.7626484018834,67.4493637084961,68.15063209242504,28124200
2001-11-01,69.17704010009766,69.49579891835502,67.38561223405725,67.95937907969521,29806800
2001-11-02,69.6488037109375,69.73167925497658,68.76903109926756,69.13241596755229,17575900
2001-11-05,70.56041717529297,70.8217967472916,70.09502739156896,70.20340903251586,15929500
2001-11-06,71.656982421875,71.7079849994887,70.03131052352127,70.35006933779663,23245800
2001-11-07,71.56135559082031,72.11599769249646,71.17246943858882,71.25534498137432,19716000
2001-11-08,71.78446197509766,72.72798991593713,71.33820171759574,71.95659440575697,22563500
2001-11-09,71.8609619140625,72.01396472776928,71.04494042246404,71.56132795864424,15895800
2001-11-12,71.42106628417969,71.81632878299703,70.12690687194413,70.76442420714362,26068800
2001-11-13,73.02764129638672,73.02764129638672,72.15424045407288,72.3199963880326,15296200
2001-11-14,73.0978012084961,73.56956306976326,72.49215631450244,73.42293181975943,17571300
2001-11-15,73.23163604736328,73.429264913418,72.63236804852323,72.91287730140537,19470200
2001-11-16,72.90650177001953,73.37826335865877,72.29448555300503,73.36551514874854,18134900
2001-11-19,73.80541229248047,73.85641486910963,72.96388923359314,73.26352329144763,13625400
2001-11-20,73.18700408935547,73.82452152963253,73.08499896425255,73.55038883575851,16209700
2001-11-21,72.70252227783203,73.10415669543887,72.36463866024422,72.99577984901907,11470200
2001-11-23,73.74803924560547,73.79266528491614,72.67700943827595,72.70251072700682,6717100
2001-11-26,73.90740966796875,74.16878933390794,73.35914418658655,73.79265631456613,13726000
2001-11-27,73.58866882324219,74.52582062705478,72.73439257001795,73.70979874353402,19261400
2001-11-28,72.2562255859375,73.42288368898846,72.19885134998688,73.14875099041156,20195500
2001-11-29,73.23163604736328,73.26350900363559,72.03947658648663,72.46024046580985,16354700
2001-11-30,72.7088623046875,73.25712766450185,72.68973269680129,72.93199242464175,13680300
2001-12-03,72.27540588378906,72.7280430079328,72.04589905128302,72.45391011709921,15220400
2001-12-04,73.49943542480469,73.50581196535585,72.2626492071467,72.62603419655775,17239900
2001-12-05,74.8445816040039,75.22709126477879,73.67154646523683,73.70342429691567,25204000
2001-12-06,74.80632781982422,75.18884234747289,74.54494808073017,74.80632781982422,17972900
2001-12-07,74.3090591430664,74.64694273487694,73.7607935497563,74.5258176832437,18857800
2001-12-10,72.91924285888672,74.20065427205486,72.90011811395276,73.85639427162735,13862700
2001-12-11,72.77267456054688,73.77357754192526,72.61329507393326,73.25081302038768,20833300
2001-12-12,72.85551452636719,73.17427334376563,72.1096200609845,73.02764701153154,16171500
2001-12-13,71.44020080566406,72.48572898940678,71.4274525973183,72.32634963378904,19026700
2001-12-14,72.12236022949219,72.35186694153118,71.4019671335144,71.61234909686232,16721900
2001-12-17,72.86824035644531,72.9064898437916,71.97571502868185,72.03308925970128,13925900
2001-12-18,73.3017807006836,73.41015753261726,72.89376493457554,73.07864563463077,13663700
2001-12-19,73.81816101074219,73.90103654496697,72.67700396136821,72.73437820878388,20143400
2001-12-20,73.09139251708984,73.82453871686808,73.0276417309946,73.63328149470917,14867900
2001-12-21,73.53467559814453,73.61144256878455,73.0548930129963,73.58585357857122,14037700
2001-12-24,73.39399719238281,73.5923059109339,73.31723016555445,73.45796727443758,5728800
2001-12-26,73.79698181152344,74.34073459934119,73.34278807672968,73.34278807672968,10304800
2001-12-27,74.2447738647461,74.2575708035401,73.72661009743747,73.75859756382039,9407300
2001-12-28,74.2064208984375,74.6862037921774,74.15524288509361,74.39193753635607,10593800
2001-12-31,73.118896484375,74.45588880110965,73.07411695416386,74.30235968047184,14619500
2002-01-02,73.90574645996094,74.04648353786247,72.8054437206616,73.63706924611435,18651900
2002-01-03,74.74376678466797,74.81413532475685,73.91214612636821,73.9825146664571,15743000
2002-01-04,75.24272918701172,75.4730252914099,74.55823934355111,74.9548566162128,20140700
2002-01-07,74.71177673339844,75.47942724607095,74.56464119682468,75.29391064804446,13106500
2002-01-08,74.5390625,74.88450674263802,74.18722466663795,74.71178706162081,12683700
2002-01-09,73.93134307861328,75.34510271302545,73.7842075145777,74.64142213163802,16610300
2002-01-10,74.2575912475586,74.43031092401257,73.75861787046543,74.00810455901201,12823400
2002-01-11,73.52826690673828,74.38547594009202,73.37473299699745,74.34069643656757,13708400
2002-01-14,73.0677261352539,73.46434347848363,72.9014000567945,73.34280181552771,12301100
2002-01-15,73.66262817382812,73.81615725039869,72.8629904491461,73.27880304210102,20219900
2002-01-16,72.17212677001953,73.18287036828399,72.08896617545462,73.11890030472613,17067000
2002-01-17,72.71587371826172,73.0805084195545,72.54315407263991,72.77345018720405,17283400
2002-01-18,72.38320922851562,72.83100441084576,72.07614618877393,72.28725172355875,17028000
2002-01-22,71.8842544555664,72.88220104906176,71.66035192650035,72.76705298976594,11689300
2002-01-23,72.43441772460938,72.639124877126,71.66036377103356,72.05058754311266,12438900
2002-01-24,72.65830993652344,73.08691474222279,72.49198386244491,72.69669099954035,12142800
2002-01-25,72.63909912109375,73.04211481204169,72.31284553474441,72.36402352487798,12810700
2002-01-28,72.8374252319336,73.04853083150323,72.23609590489389,72.86301423314836,10589200
2002-01-29,70.54727935791016,73.0101640231967,70.40014866312028,72.83104584835465,27720800
2002-01-30,71.56440734863281,72.53676505188032,69.34461138222717,70.61763376757848,34711800
2002-01-31,72.40241241455078,72.47917940806097,71.40446590192975,71.74351158221242,19909200
2002-02-01,72.06333923339844,72.4791517485086,71.7562762571416,72.34480834098342,15838500
2002-02-04,70.27218627929688,71.79470015088366,70.00990755389937,71.79470015088366,24243400
2002-02-05,69.83716583251953,70.68158315534163,69.42775166876348,69.98430133540147,33614000
2002-02-06,69.5364990234375,70.20179823849982,69.12708487272249,70.14422666133754,29486000
2002-02-07,69.10152435302734,70.2785941818217,69.08873229080947,69.54932462031145,23445400
2002-02-08,70.42572784423828,70.84793912437361,69.28065032397664,69.49175108344045,19277800
2002-02-11,71.28932189941406,71.41726201525923,70.25298939089906,70.4001249166633,18792400
2002-02-12,71.06542205810547,71.46204424115984,70.38733063344733,70.98226146772753,13942500
2002-02-13,71.8202896118164,71.9930141653427,71.23175717294887,71.31492265449982,16781100
2002-02-14,71.6859130859375,72.26805162646127,71.385248554511,71.97378556267812,20453800
2002-02-15,70.93748474121094,71.80109279140237,70.82233667581188,71.74352119900432,18366800
2002-02-19,69.5749282836914,70.55368474978984,69.4789707147278,70.46412565358506,15988100
2002-02-20,70.74557495117188,70.74557495117188,68.97357918649341,69.76042517220327,29242800
2002-02-21,69.28065490722656,70.77117678785763,69.25506589941001,70.32338135257862,26288600
2002-02-22,70.13785552978516,70.32977062299767,69.00557014552132,69.31262843793706,26572900
2002-02-25,71.29571533203125,71.52601144452825,70.1762222387385,70.2018112379718,17458700
2002-02-26,71.14860534667969,71.6731677817733,70.73279252945335,71.3916935890778,22346500
2002-02-27,71.42366027832031,72.19770920232702,70.78394993974261,71.62196892148657,28597900
2002-02-28,71.10379028320312,72.12732563538991,71.02702330156355,71.5387934179577,23755400
2002-03-01,72.76065826416016,72.83102679738472,71.33410683010486,71.46844542609642,26273600
2002-03-04,74.04647827148438,74.2000073998197,72.7030874171936,72.8630150160521,27184600
2002-03-05,73.80976104736328,74.46226818386698,73.54748240353057,73.77777846575522,22718900
2002-03-06,74.6861801147461,74.94206521973938,73.61146657825627,73.63065710702534,20143200
2002-03-07,74.52626037597656,75.16597076546992,73.93132951852361,75.07641170138908,19330800
2002-03-08,74.83975219726562,75.42189126739515,74.51350325965976,75.08923897571964,19930100
2002-03-11,74.9996566772461,75.42186794444046,74.48149274078365,74.77575898128107,15621800
2002-03-12,74.9548568725586,75.00603486940042,74.16801591367579,74.27036702675703,17153600
2002-03-13,74.23199462890625,74.68618842250567,73.97610949544945,74.60942141828772,17175300
2002-03-14,74.129638671875,74.48148134068411,73.96971107343504,74.23199467756601,11168100
2002-03-15,74.83596801757812,75.02842791933318,74.35481092131583,74.39971872118366,21220100
2002-03-18,74.84879302978516,75.4197656976339,74.48311385043728,75.12465661382534,17548900
2002-03-19,75.34920501708984,75.5352530290693,74.94503478770352,75.25297750622414,17912000
2002-03-20,73.93141174316406,74.79108188269275,73.89933753087205,74.73975726952412,17114500
2002-03-21,73.9634780883789,74.35481963074469,73.21287410498891,73.96989488756395,25846800
2002-03-22,73.80308532714844,74.38047483410593,73.58495822692753,74.09819443190821,15235400
2002-03-25,72.88568115234375,74.00838110244814,72.68680444173478,73.83516179775107,17499600
2002-03-26,73.30908966064453,73.79024673477332,72.79585838499023,72.82793258651576,19947600
2002-03-27,73.50152587890625,73.7838061522758,72.98187800709502,73.15509233283845,19020300
2002-03-28,73.46952056884766,74.27144951927625,73.45669185925858,73.75821792775348,17532900
2002-04-01,73.50152587890625,73.84154262932995,72.81507558241475,73.28340377281594,17711000
2002-04-02,73.09741973876953,73.74537472225309,72.98835369582591,73.12308204919243,15669500
2002-04-03,72.58413696289062,73.27058742089264,71.95542789010932,73.14228084530768,25658500
2002-04-04,72.28264617919922,72.75097470690308,72.00037059710826,72.23773836650854,23549000
2002-04-05,72.29544830322266,72.89849511185527,71.96826015631004,72.6162196526634,19404900
2002-04-08,72.44945526123047,72.5136085859223,71.35883405771439,71.41657058156157,16470100
2002-04-09,71.94259643554688,72.60980141651363,71.80787305880104,72.60980141651363,15122700
2002-04-10,72.75737762451172,72.8407764337143,71.91053635606907,71.91695315511036,17199300
2002-04-11,70.9482192993164,72.52641897010743,70.89048279395212,72.4237697677931,25453700
2002-04-12,71.480712890625,71.6282699198032,70.59538539930833,71.22409473681918,14950600
2002-04-15,70.93539428710938,71.76298516914089,70.69802166534443,71.6090162522417,17394900
2002-04-16,72.62263488769531,72.69962177714314,71.64107529650292,71.66032079521923,15040900
2002-04-17,72.46866607666016,72.92416082687618,72.23771030266575,72.74452964589888,12920100
2002-04-18,72.15434265136719,72.78946885667747,71.30750607942524,72.43020633966717,25204800
2002-04-19,72.41732788085938,72.64828361147133,72.2120344419356,72.62262131978315,10499200
2002-04-22,71.21128845214844,72.12869533700008,71.10863920047392,72.09661622220537,13922900
2002-04-23,70.90333557128906,71.5192212051246,70.67879648321623,71.26901491317483,16967000
2002-04-24,70.19125366210938,71.73095364142661,70.18483685872927,70.92902452945435,18902700
2002-04-25,70.22969055175781,70.40290495279119,69.74853345550798,70.0628880545746,25451500
2002-04-26,68.89527130126953,70.57611496512786,68.83111800912462,70.43497478565959,19769800
2002-04-29,68.55523681640625,69.45339735918901,68.40767987729818,69.24168714443528,17724400
2002-04-30,69.19678497314453,69.6971874161716,68.41410222088923,68.6578866459435,19473500
2002-05-01,70.043701171875,70.08860900932403,68.51682980402074,69.26743432763479,24575600
2002-05-02,69.77423858642578,70.51201423248472,69.1455241077654,69.99236092122287,15666800
2002-05-03,69.01715850830078,69.77417902062662,68.773369172136,69.67152984864526,18185500
2002-05-06,67.66350555419922,69.28019091383888,67.56085637856135,69.05565196035866,23630400
2002-05-07,67.4261703491211,68.20885361579612,67.29786370309577,68.06771336841737,21910000
2002-05-08,69.9345932006836,70.15913223773387,68.5103671734162,68.67716969861809,27917400
2002-05-09,69.12623596191406,69.99231775374997,69.0171748617785,69.7036254546657,18085600
2002-05-10,67.82394409179688,69.31874083885073,67.74695715005393,69.26741621102211,18958900
2002-05-13,69.20321655273438,69.25453625162653,67.86880648988563,68.14467006158434,14677700
2002-05-14,70.71086120605469,70.8070936226728,69.9281780629506,70.32593643416625,34201200
2002-05-15,70.43499755859375,71.15352738884505,70.11422609957543,70.24894952501305,29535300
2002-05-16,70.80065155029297,70.87763843502333,70.13986336374973,70.37723102614936,28092000
2002-05-17,71.1470947265625,71.37163371889638,70.63385854872827,70.9931258310454,27823700
2002-05-20,70.37725830078125,71.012389333141,70.24253487122789,70.98031022842557,13833800
2002-05-21,69.73568725585938,70.8776373360331,69.49190279986662,70.64026478273176,16877200
2002-05-22,69.88967895507812,70.00515686272107,69.28662711576678,69.42776732450632,15844200
2002-05-23,70.63386535644531,70.80066786450536,69.59456909330852,70.09497172290526,13879800
2002-05-24,69.72929382324219,70.69802000112048,69.67796922062277,70.55688468579231,11877000
2002-05-28,69.35077667236328,70.01156498248453,68.93377286760638,69.96024527764897,24236900
2002-05-29,68.8375473022461,69.29945402628516,68.72848130176118,69.04284081112456,14773300
2002-05-30,68.64507293701172,68.97226110373668,67.93937690442625,68.35638066286668,18217900
2002-05-31,68.78620147705078,69.6458662506682,68.54882894222806,68.9016793460751,19826300
2002-06-03,66.95785522460938,69.03003670021779,66.80388135624213,68.7028483481692,26056300
2002-06-04,67.12461853027344,67.4902977148459,66.43175605579816,66.81668074041397,25856200
2002-06-05,67.75337219238281,67.79186321496158,66.94502645612823,67.32995136567325,19695900
2002-06-06,66.3740463256836,67.74694812234307,66.17516953758165,67.70845710389372,22998500
2002-06-07,66.29701232910156,66.66910822524042,65.25771641209673,65.29620740322083,24011600
2002-06-10,66.55368041992188,67.01559223919486,66.09176860064889,66.23290886704736,18759900
2002-06-11,65.41170501708984,67.06688665922269,65.26415291018455,66.8038517549206,19990700
2002-06-12,65.80945587158203,65.95700796177465,64.6546769742443,65.251311922105,31266000
2002-06-13,65.14868927001953,66.07892460024755,65.0139609417557,65.52078046536015,21043900
2002-06-14,65.05244445800781,65.15508876644037,63.191969257302524,64.35316022256596,39267500
2002-06-17,66.79745483398438,66.93859017389565,65.34114957214419,65.38605738361241,17647200
2002-06-18,67.3427505493164,67.38124155222162,66.48308062596138,66.55365072767647,21628500
2002-06-19,65.77098846435547,66.99633798582337,65.59135720132213,66.399702779557,21540700
2002-06-20,64.9305419921875,66.11098321286062,64.77015630258288,65.60416384636007,25691000
2002-06-21,63.915283203125,64.97753457408423,63.52901131687988,64.68139263090586,31190700
2002-06-24,64.25008392333984,64.82305520318016,62.60842154788637,63.48397415989947,37169700
2002-06-25,62.808013916015625,64.95183112162415,62.795140305238476,64.57199820723343,33355000
2002-06-26,62.911006927490234,63.18783615221199,61.282222965735976,61.28865731367845,37913600
2002-06-27,64.01184844970703,64.05047416243224,62.170614163535916,63.413125343900155,31616400
2002-06-28,63.70927810668945,64.70071249957115,63.65777387315205,63.8895380123563,28184200
2002-07-01,62.466766357421875,64.25006236766359,62.37663640510432,63.850911927604386,20270200
2002-07-02,61.14057540893555,62.57622056202294,61.011814802386624,62.35733489846214,34213900
2002-07-03,61.488189697265625,61.70063599207081,60.33580865454263,60.91521880335759,30565800
2002-07-05,63.934600830078125,64.0762350116668,62.22856612925247,62.30581756523619,19013500
2002-07-08,63.1363525390625,64.18572626751914,62.80801895316547,63.72220256660979,19118600
2002-07-09,61.546173095703125,63.31015202349637,61.16634027857733,62.91744559889002,28620400
2002-07-10,59.30576705932617,61.8487283262937,59.254262827721874,61.8036633515684,50522500
2002-07-11,59.78861618041992,60.09763178797174,58.146954188264345,59.07401083434886,59476500
2002-07-12,59.1319694519043,60.445298508222216,58.91951807991547,60.084778540034776,39018600
2002-07-15,59.447383880615234,59.48601450208629,56.582529133581104,58.99673422772655,77317200
2002-07-16,58.30146408081055,59.4731585341615,57.857253515075726,58.66198885149024,53282400
2002-07-17,58.417362213134766,60.065463974815835,57.78001302689298,59.52467912609853,48880600
2002-07-18,56.524635314941406,58.64913453255648,56.49244392351767,58.39161813631676,32656700
2002-07-19,54.535343170166016,56.36370573225366,54.27139234282373,55.8551120420322,77572600
2002-07-22,52.91938400268555,55.307842363180384,52.43654288984457,54.14258247089211,78134000
2002-07-23,51.47087478637695,53.58893897191782,51.34211908564447,53.144728366190144,74484100
2002-07-24,54.54175567626953,54.79927202636716,50.00948461438511,50.299187438422535,107022800
2002-07-25,54.078216552734375,55.26922391113615,52.533123668884706,54.25203723049933,87176600
2002-07-26,55.108280181884766,55.32073151004449,53.94946413246983,54.49668323178093,41206800
2002-07-29,57.792869567871094,58.15982867724571,56.202716701724135,56.331472388211346,53492900
2002-07-30,58.54609298706055,58.8422349317548,57.11688258009563,57.50315446831799,47532200
2002-07-31,58.68777847290039,58.93885566536179,57.45813973550206,58.25643632405325,44669900
2002-08-01,57.15552520751953,58.81006096287592,56.86582243355913,58.507479672193064,66571900
2002-08-02,55.874385833740234,57.23921876589338,55.1211547192476,56.975263211471365,51772900
2002-08-05,53.93014907836914,55.96452266575136,53.7885197641636,55.681254213909426,47191300
2002-08-06,55.7456169128418,56.58898278016975,54.79281314393884,54.87006949481506,64730000
2002-08-07,56.71776580810547,56.975282190178376,55.217737425868485,56.56969720382215,43289400
2002-08-08,58.55253219604492,58.64910140405137,56.52460338647929,56.923748909058816,48339800
2002-08-09,58.771453857421875,59.18991737261885,57.52250257223244,58.00534395629435,41879200
2002-08-12,58.340091705322266,58.758550129284615,57.65123848937965,57.93450197320908,25841700
2002-08-13,57.27782440185547,59.00961585251778,57.07181241941971,58.03749450803353,49690500
2002-08-14,59.370140075683594,59.634090645739434,56.66622707641956,57.31001518409479,57423600
2002-08-15,60.194210052490234,60.50966496518558,59.35728324215453,59.76930738861404,45551500
2002-08-16,60.013954162597656,60.567612567806755,59.22853154536077,59.75643782570949,36517300
2002-08-19,61.41740417480469,61.64272909515942,59.93668913524806,60.16845331381718,33669900
2002-08-20,60.76717758178711,61.417405143681044,60.27146274918666,61.04400674879423,30508300
2002-08-21,61.64271545410156,61.66202831275606,60.23925708854746,61.19850005819304,39628900
2002-08-22,62.2414665222168,62.54404787463151,61.204966741769645,61.4753567075256,38399800
2002-08-23,60.90238952636719,61.9002636399808,60.61268667362328,61.810133645273076,33716400
2002-08-26,61.3272819519043,61.5719197660835,60.19421303710204,61.10195700309247,33830100
2002-08-27,60.619117736816406,61.96463312709553,60.19421503774994,61.61054754454015,35335700
2002-08-28,59.29289245605469,60.18775766441367,59.09975894237181,60.0525627313214,38970600
2002-08-29,59.318634033203125,59.904483550883995,58.462394697383395,58.75853662844692,42965700
2002-08-30,59.0869026184082,60.123402406430415,58.842264777848165,59.022524756336196,30366700
2002-09-03,56.833648681640625,58.58475420869834,56.74995794384615,58.41093347275088,76586400
2002-09-04,57.644798278808594,58.10188732933448,56.69198954427572,57.046075032852144,51099500
2002-09-05,57.15552520751953,57.57398859012955,56.331476959021956,56.968826008763834,67250900
2002-09-06,57.94092559814453,58.30788459713092,57.516023119469175,57.779978582594126,38622200
2002-09-09,58.36585235595703,58.81006296369478,57.168405669208866,57.36153922118154,33998400
2002-09-10,59.0353889465332,59.08689319266109,58.30147063021426,58.674869047068526,41416600
2002-09-11,58.66844177246094,60.084779359998684,58.64912890414679,59.53112088031735,27711200
2002-09-12,57.58685302734375,58.481718240207854,57.29071104216776,58.42377965932556,43601700
2002-09-13,57.7285041809082,57.87657767286198,56.81432583913557,57.097594304586785,41131000
2002-09-16,57.87010955810547,57.87010955810546,56.94949241614811,57.496711296508614,28167600
2002-09-17,56.54392623901367,58.707055269116736,56.49242199741246,58.51391681896957,47609700
2002-09-18,55.97739028930664,56.975264111309315,55.546053310439376,56.01602092697536,54719400
2002-09-19,54.52885437011719,55.88081341522713,54.52885437011718,55.35934167347674,48510500
2002-09-20,54.546974182128906,55.096646329864114,54.35297485961051,54.915578322020345,46325600
2002-09-23,54.10077667236328,54.359442456689685,53.473501784531216,54.094308547635045,46893800
2002-09-24,53.22776794433594,54.09431420032835,52.93029831428902,53.31183877338739,69507000
2002-09-25,54.546974182128906,54.81857619389456,53.05315818368461,53.9132361546757,59294400
2002-09-26,55.43938446044922,55.594584895748504,54.611637293476285,54.98024141089515,53638000
2002-09-27,53.5123176574707,55.37473853816611,53.5123176574707,54.967335358127,64648300
2002-09-30,52.89148712158203,53.544629490859876,52.31594743789351,53.027288121063634,73096400
2002-10-01,55.43291091918945,55.465241667611814,52.68454568293634,53.305352297195036,67198100
2002-10-02,53.77098083496094,55.31006423065958,53.415307918394184,54.76686006761339,56749100
2002-10-03,53.22776794433594,54.70865290290049,52.994964767128074,53.76450887699485,55547000
2002-10-04,52.251285552978516,53.62223191504891,51.46234211547508,53.544634156431115,68483700
2002-10-07,51.17132568359375,52.50994102828485,50.79625841178912,51.772732863598875,53188000
2002-10-08,51.97321319580078,52.58108365863599,50.5699262710901,51.61107224729488,79531000
2002-10-09,50.505252838134766,51.5399305469044,50.29831729638084,51.14545889954028,79956400
2002-10-10,52.14133071899414,52.425868900763156,49.83917251008288,50.401780751199304,76749000
2002-10-11,54.42411804199219,54.79272224024722,52.910897431337744,53.09196546785124,82308300
2002-10-14,54.72801971435547,54.87028878601536,53.69981040619179,53.80327568229733,40631900
2002-10-15,57.36000061035156,57.37293685747724,56.16365430532682,56.254188300275764,82320300
2002-10-16,55.96965408325195,56.77799683469272,55.56224617893693,56.52579429094181,62977800
2002-10-17,57.08191680908203,57.74799523175933,56.810314889387314,57.46992519005336,68534100
2002-10-18,57.321189880371094,57.62512748643426,56.215377799016714,56.680983924583124,47448700
2002-10-21,58.310630798339844,58.52403453931977,56.629278306608995,56.98495120824221,45859100
2002-10-22,57.890289306640625,58.207163310492675,57.24361491569465,57.58635648723263,40966800
2002-10-23,58.32999038696289,58.375257367720444,56.700374145960275,57.40524640828937,54905800
2002-10-24,57.14015197753906,58.7827055915475,56.97201524738887,58.68570344208646,54987400
2002-10-25,58.32999038696289,58.45286002061805,56.86851076037297,57.04311056222898,43672100
2002-10-28,57.94849395751953,59.034907157720575,57.457020027164866,58.944373135515,39416100
2002-10-29,57.27592086791992,57.870859814568945,56.26064279867245,57.60572601749489,59508200
2002-10-30,57.83208084106445,58.17481741878297,57.05607368146528,57.34707513288167,41688600
2002-10-31,57.24356460571289,58.3946481542739,57.030165993889476,57.980777302508265,41620600
2002-11-01,58.37528991699219,58.73096277392764,56.93967704088982,57.13367638070892,51878900
2002-11-04,58.93144607543945,60.10193028861874,58.78271370164866,59.36472174497883,49080600
2002-11-05,59.39706039428711,59.5393295941783,58.743917673757366,58.743917673757366,37270800
2002-11-06,60.16655349731445,60.185952929189554,58.71153690190549,59.80441761236227,65013100
2002-11-07,58.69214630126953,59.63628995319417,58.3429416737798,59.50695216501345,51572000
2002-11-08,57.9743766784668,59.21599067929055,57.89030582606378,58.54344852874381,37905400
2002-11-11,57.07548141479492,57.91615513757468,56.77801179592819,57.883824379237325,33505100
2002-11-12,57.52813720703125,58.15541198097329,57.14660179080908,57.33413790400957,37724500
2002-11-13,57.58635330200195,58.03255525213508,56.551670386731786,57.11427885187991,63891500
2002-11-14,58.67277145385742,58.847371373903975,58.039028360526174,58.24596397460152,31896800
2002-11-15,59.106040954589844,59.20304310102131,58.16836011739782,58.20069581078634,39152100
2002-11-18,58.511085510253906,59.59103027196725,58.42701470418878,59.59103027196725,28934800
2002-11-19,58.4334831237793,58.91202066685293,58.04547957713223,58.21361132264853,32806600
2002-11-20,59.733306884765625,59.765637639535136,58.168351328666596,58.187755702008346,36688400
2002-11-21,60.84560012817383,60.910271523877114,59.772123045039464,59.882056523759374,55128200
2002-11-22,60.41230773925781,60.96197986945458,60.31530561422708,60.45111154950992,32513800
2002-11-25,60.45112609863281,60.95553134971112,59.991982925231575,60.41879040459581,33846400
2002-11-26,59.300052642822266,60.43173307443136,59.24832242987313,60.18599852828375,42284700
2002-11-27,60.968448638916016,61.207719892027214,59.77210224082619,59.83030055622095,37764000
2002-11-29,60.77446365356445,61.40173369137538,60.63865768481542,61.30473647617499,19385700
2002-12-02,60.871456146240234,62.11307467555478,60.282985040164185,61.73800236009795,49911900
2002-12-03,60.056644439697266,60.39938103171139,59.72037103844059,60.30237889928222,34407700
2002-12-04,59.785011291503906,60.231217944963646,59.125405960665866,59.345272759701466,64040800
2002-12-05,59.125457763671875,60.01140372515914,58.91205396558774,59.96613670135968,36724900
2002-12-06,59.51345443725586,59.60398847406561,58.18777465040743,58.27830868721717,49824100
2002-12-09,57.87736129760742,59.14484258425551,57.864429979892414,58.89263995207083,36789600
2002-12-10,58.653358459472656,58.91202917249484,58.04548795766404,58.21361972745499,33319900
2002-12-11,58.705101013183594,59.248310072602486,58.30416604434029,58.472297835394656,39201000
2002-12-12,58.69865417480469,59.16426069923457,58.33004983192035,58.97672446390943,34465600
2002-12-13,57.77387237548828,58.51108552441491,57.728605377493324,58.14248141681797,36862200
2002-12-16,59.2677001953125,59.35823420202354,57.9808197281485,58.08428504993253,37098400
2002-12-17,58.750389099121094,59.32592912463602,58.67925449518232,59.086662669329115,32353900
2002-12-18,58.07136154174805,58.459365184633235,57.767423792472215,58.407630049919476,35612600
2002-12-19,57.65744400024414,58.65331740770216,57.29530328198392,57.78030867929258,39264200
2002-12-20,58.48020935058594,58.4997041270632,57.90184117785494,57.9668254187724,31176900
2002-12-23,58.49968719482422,58.792123631279196,58.038292772483274,58.22025057757792,22599300
2002-12-24,58.064292907714844,58.39571891697463,57.99930867950164,58.220256047022296,10937000
2002-12-26,58.09027099609375,58.883091244556766,57.732850406056365,58.29172353339989,17485600
2002-12-27,56.7840576171875,58.02527713432379,56.78405761718749,57.81082481597408,22205700
2002-12-30,57.258445739746094,57.49239279764305,56.68007800160531,57.050493350279474,29968000
2002-12-31,57.33647537231445,57.466443859916524,56.60863895099487,57.18050723761598,34036600
2003-01-02,59.18203353881836,59.331501710880495,57.53790843602639,57.739361010651685,44516300
2003-01-03,59.364009857177734,59.38350463396623,58.81163636359081,59.078078200979945,32222600
2003-01-06,60.41025161743164,60.754672442835925,59.2470157442882,59.29250519371937,40984500
2003-01-07,60.26079559326172,60.67670059707118,59.91636976881379,60.371269275340765,38640400
2003-01-08,59.389976501464844,60.04632843863261,59.16902919155387,59.91635505811659,38702200
2003-01-09,60.31277084350586,60.55321790150714,59.40298188453448,59.66941866309668,34804900
2003-01-10,60.47523498535156,60.85215039417565,59.656424907120275,59.753898755973,37768900
2003-01-13,60.45573043823242,60.99510878521621,60.07232014014481,60.787156344665235,31649900
2003-01-14,60.65070343017578,60.97562951096578,60.052840631437036,60.234798443402866,30733000
2003-01-15,60.04632568359375,60.806651332311645,59.72789959240012,60.78715656562307,33511800
2003-01-16,59.79938888549805,60.390756684486185,59.42897338170682,60.111320079311874,44812100
2003-01-17,58.91562271118164,59.98138028215202,58.584196589117525,59.13007024147677,35618300
2003-01-21,57.99931335449219,59.08456542286291,57.80435569615935,59.05207578512691,36826200
2003-01-22,57.29747009277344,58.3567324038043,57.186996403273,57.68738044029085,42286500
2003-01-23,57.64836120605469,58.08376078726735,57.15447237594584,57.67435587690005,55919800
2003-01-24,56.134246826171875,57.628909284073416,55.99777842126473,57.57041999169595,68633900
2003-01-27,55.367393493652344,56.40716075537433,54.912499035132285,55.711819249934955,57884400
2003-01-28,55.77680587768555,56.14722136935862,55.32190644150486,55.64683248535765,46929100
2003-01-29,56.19921112060547,56.654105601999916,55.08795967981133,55.51036453137931,53712200
2003-01-30,54.86701583862305,56.45915158276495,54.84752106789142,56.40066727057006,49845900
2003-01-31,55.92628860473633,56.02376744351671,54.68507326207048,54.68507326207048,55317000
2003-02-03,56.036746978759766,56.41365741668525,55.83528946275463,55.97825771347508,39696000
2003-02-04,55.484375,55.72482208131641,54.782538443307686,55.43888554764051,43633400
2003-02-05,55.13996505737305,56.238216998938334,54.899522886483204,55.72483310193383,55270600
2003-02-06,54.8800163269043,55.16595288156222,54.36013754150122,54.828031918949165,53638000
2003-02-07,54.21063995361328,55.2309071563412,53.91820860529346,55.17892277657902,43165000
2003-02-10,54.594051361083984,54.6720304043435,53.71025251232025,54.2366308862252,45455900
2003-02-11,54.2171630859375,55.15944668571451,53.82725280182212,54.828025671104484,46861000
2003-02-12,53.35286331176758,54.34064140785942,53.34636340169391,54.04170999819388,35873600
2003-02-13,53.515323638916016,53.71678117713503,52.638024226732824,53.38535519191793,57934100
2003-02-14,54.68506622314453,54.71755585990287,53.17090933519618,53.52833004539139,59580900
2003-02-18,55.646827697753906,55.757306311222024,54.841012566561524,54.93199145437466,39492700
2003-02-19,55.35438537597656,55.542843023076514,54.76951767083474,55.44536424589012,31432000
2003-02-20,54.8020133972168,55.51034960752151,54.62005565357803,55.37388129979244,29280100
2003-02-21,55.35438537597656,55.71830085563078,54.23663930792254,54.834501869633485,60955800
2003-02-24,54.45760726928711,55.23742779615934,54.32113396700537,55.191938348058095,30628600
2003-02-25,54.89300537109375,54.90600023103674,53.4308382076027,53.90522744417886,56770600
2003-02-26,54.09369659423828,54.93200654043781,53.98972281874489,54.600580524968485,37787200
2003-02-27,54.808528900146484,55.07497066608941,54.041708109528756,54.39262391358362,51126000
2003-02-28,55.17243576049805,55.38688811029173,54.69154666900274,54.89299920233646,43666800
2003-03-03,54.64604568481445,55.74429701841477,54.40560364702743,55.406376200832895,42923100
2003-03-04,53.7752571105957,54.59407208141979,53.71027289722375,54.55507758701448,31440500
2003-03-05,54.230140686035156,54.288629936923954,53.521804473779405,53.68426745361531,43974700
2003-03-06,53.7752571105957,54.275641007335174,53.593299329963166,53.85324114142865,41217700
2003-03-07,54.14567947387695,54.58107921267521,52.91745934026497,53.03443292241746,63538000
2003-03-10,52.84599304199219,53.84676625856906,52.70302473134121,53.67780325889245,41014100
2003-03-11,52.326087951660156,53.28787122354667,52.30009823115709,52.94995031924912,48102700
2003-03-12,52.677005767822266,52.7030004448691,51.58525412174409,52.235106173981634,62459800
2003-03-13,54.4965934753418,54.529088061131674,52.98243700432318,53.40484182970309,72117800
2003-03-14,54.67206573486328,55.08797076093542,54.16518179421155,54.71755519215308,63951800
2003-03-17,56.39418411254883,56.504657818162485,54.080711416263696,54.23667458642297,88217500
2003-03-18,56.72560119628906,56.76459074315404,56.0692490621809,56.63462228161811,50792300
2003-03-19,57.161006927490234,57.29098036049179,56.32919678819837,56.71910717124399,49630800
2003-03-20,57.28448486328125,57.5704165219575,56.11474866603333,56.751606141863846,67321600
2003-03-21,58.5072021484375,58.64422076265761,57.37190150349259,57.93955431494986,71165300
2003-03-24,56.56281661987305,57.50889931883517,56.34097348329478,57.430600862754396,65398900
2003-03-25,57.10440444946289,57.58723779723831,56.39973776687382,56.595476576159726,61040100
2003-03-26,56.81730651855469,57.31970815345865,56.63461501495324,57.130490531022836,45740800
2003-03-27,56.862972259521484,57.1957345867391,56.10610186474724,56.37361794571832,53120200
2003-03-28,56.57586669921875,56.94777567273349,56.27573006953739,56.41927475720414,32583000
2003-03-31,55.290504455566406,56.49757728368499,55.06866625036325,55.68851297946043,61119500
2003-04-01,56.138702392578125,56.36706664138644,55.401410681292084,55.623248815000935,53574000
2003-04-02,57.49587631225586,57.919979438800944,57.091341585523544,57.11744108189046,50431200
2003-04-03,57.22184371948242,58.06353395157968,57.18922307701136,57.98524042727253,48755500
2003-04-04,57.56110763549805,57.80251920283365,57.16962524746659,57.69812622241063,36250100
2003-04-07,57.45015335083008,59.27707170200646,57.39795440360531,58.94430963590558,69776200
2003-04-08,57.541500091552734,57.84163657673861,57.22831138033469,57.613272400832585,39712700
2003-04-09,56.784671783447266,58.13528944300296,56.61502756678717,57.65246126416814,55647300
2003-04-10,57.09784698486328,57.17614046758354,55.92339496437814,56.82380486143799,41812400
2003-04-11,56.862972259521484,57.874301521266325,56.673754660827925,57.52197079594121,47730100
2003-04-14,58.03739929199219,58.07002489266955,56.765080513059004,57.07174323874232,36711700
2003-04-15,58.578948974609375,58.578948974609375,57.69158645018937,57.96562355915122,49709800
2003-04-16,57.5806999206543,58.76167358953253,57.437155169702635,58.66380669385664,51788000
2003-04-17,58.435420989990234,58.539818953480406,57.541537072957894,57.61330942836516,37403100
2003-04-21,58.49415588378906,58.8269182256739,58.109194551418426,58.631174500337,32052700
2003-04-22,59.59682083129883,59.74036554181544,57.99826559793226,58.13528419125206,59763600
2003-04-23,60.14491653442383,60.25583566708136,59.531590778366535,59.77953351956598,44227100
2003-04-24,59.60988998413086,60.07967099625675,59.348899979841995,59.72080911811328,49692400
2003-04-25,58.87258529663086,59.681649657557784,58.73556171561532,59.57073054718256,43917200
2003-04-28,59.89044952392578,60.15143951146474,58.918266922762406,59.00961267170554,46432900
2003-04-29,60.09922409057617,60.54943157156992,59.63596935385836,60.11879746314657,52017100
2003-04-30,59.96872329711914,60.399352367797654,59.64248719164806,59.96872329711914,48709100
2003-05-01,59.96222686767578,60.503780265585924,59.048764324520064,59.97527412804826,50240400
2003-05-02,60.81695556640625,60.98659979472524,59.69470217255237,59.740375044257135,50201500
2003-05-05,60.69951629638672,61.188870674755485,60.35370666548135,60.986605791313515,35437800
2003-05-06,61.27366256713867,61.58032029900478,60.67991051567914,60.70600999927854,44401000
2003-05-07,60.934391021728516,61.423745273414724,60.66035383549677,60.953964395320945,41413100
2003-05-08,60.321067810058594,60.89524667389386,60.2101487033519,60.36674067623012,40570700
2003-05-09,61.15626525878906,61.201938146353164,60.42549407979202,60.56903886298531,33608100
2003-05-12,61.90657424926758,62.063171196073014,60.86261949374271,61.006164205996555,35662300
2003-05-13,61.7956657409668,62.10232859191363,61.502055126809495,61.678220499709916,39253600
2003-05-14,61.66516876220703,62.14147083306616,61.273686312440375,62.04359897613213,32195100
2003-05-15,62.056640625,62.20018532695166,61.4955140508082,61.913095923048346,43879200
2003-05-16,61.900062561035156,62.27849279533907,61.50205397191459,61.9131098196099,38905000
2003-05-19,60.451576232910156,61.60645033154077,60.24278523854875,61.43028495234863,41606000
2003-05-20,60.32757568359375,60.69948461793969,59.759923108868854,60.56246606086145,55404600
2003-05-21,60.451576232910156,60.60164211556088,59.96874799181877,60.099240496555915,49333800
2003-05-22,61.05185317993164,61.365042178210594,60.47115303838776,60.647318427565125,38421800
2003-05-23,61.17582702636719,61.319371782304465,60.77129225763217,61.02575615116809,26155900
2003-05-27,62.24585723876953,62.532941660323246,60.72559561379923,60.87566643026816,43719200
2003-05-28,62.42204284667969,62.9440228375867,62.265450840595626,62.53948809573526,37727100
2003-05-29,62.25892639160156,63.172388911203576,62.037088125196775,62.55906315213346,50844200
2003-05-30,63.2572021484375,63.34854789336183,62.350265839567506,62.572109061504996,52529500
2003-06-02,63.51816940307617,64.23588784701556,63.07448809588251,63.6356146013912,50305500
2003-06-03,63.77915954589844,63.83787965631146,63.19193355192829,63.387677209241,38254500
2003-06-04,64.69917297363281,64.82313935879277,63.66173915042842,63.720464261689386,49360700
2003-06-05,65.01885223388672,65.01885223388672,64.11843746034226,64.32070721649791,46262400
2003-06-06,64.76438903808594,66.16067908472769,64.6795644700211,65.50820691422341,60356800
2003-06-09,64.1054458618164,64.6600466879273,63.792256760428145,64.44472949184612,37808500
2003-06-10,64.75785064697266,64.76437676127154,64.06623187029186,64.24239713262816,29965900
2003-06-11,65.44300079345703,65.50172093535917,64.4055668181166,64.6991824615393,37610200
2003-06-12,65.645263671875,65.83448130878374,64.99931724102828,65.7366094306626,36442000
2003-06-13,64.96014404296875,65.73658771413035,64.56213552060598,65.64524198551943,48628300
2003-06-16,66.330322265625,66.35641677144922,65.11672364812995,65.22111660532943,36326300
2003-06-17,66.330322265625,66.66960559898271,66.04975903732308,66.59783326304728,36801800
2003-06-18,66.27162170410156,66.64353077430282,65.89971263390031,66.08893022792822,35521000
2003-06-19,65.26026153564453,66.37599328049674,65.14281635081626,66.3172681990989,43551700
2003-06-20,65.1162109375,65.81032822354187,65.10311155703704,65.73829661884508,41545000
2003-06-23,64.44829559326172,65.26028748563631,64.12088095806415,65.12276894241658,34237500
2003-06-24,64.51378631591797,64.88703885108862,64.18637163608577,64.31734050558957,36213600
2003-06-25,63.86551284790039,65.11623944431943,63.86551284790039,64.52034227112661,47743400
2003-06-26,64.6971206665039,64.81499011087897,63.492232457786635,64.02919214972862,33477300
2003-06-27,63.95066452026367,64.95255306196142,63.898276950460925,64.66442642399996,54208800
2003-06-30,63.931007385253906,64.61203071908302,63.826237254793355,64.31735941896265,33349000
2003-07-01,64.52033233642578,64.72987751975478,63.1451917585823,63.6821516031098,51322800
2003-07-02,65.33232116699219,65.3454205515477,64.54652795600867,64.67749182585545,34662100
2003-07-03,64.65785217285156,65.3847131909661,64.10779788668474,64.87394706925355,30792800
2003-07-07,65.94129180908203,66.07226063347906,65.25372421580947,65.25372421580947,31391100
2003-07-08,66.23599243164062,66.32766814467377,65.59425744445697,65.81035233772866,30952500
2003-07-09,65.86271667480469,66.39967637445105,65.50255864628278,66.08535618629104,36528500
2003-07-10,65.02452087402344,65.50909292901456,64.58578165266452,65.37812413310566,49777700
2003-07-11,65.64006042480469,65.77757392129011,65.08345674971156,65.08345674971156,39976300
2003-07-14,65.96094512939453,66.72709406666627,65.77758876342553,66.26871064566897,42114900
2003-07-15,65.8169174194336,66.43900347417691,65.45020948560705,66.38661591277986,42573600
2003-07-16,65.43050384521484,66.05259431067834,64.97867529209401,66.01330117861922,39894200
2003-07-17,64.50067901611328,65.40434155302528,64.27803947644895,64.92631901388688,52253500
2003-07-18,65.16207122802734,65.35197234256974,64.47449839937218,64.84120124348077,35698100
2003-07-21,64.35661315917969,65.14895589391294,64.07503640254305,65.1227621263246,34786000
2003-07-22,64.93944549560547,65.0966081852268,64.12090855531815,64.62513010826882,49968300
2003-07-23,64.9852294921875,65.12274298464382,64.3565942426948,64.96558542125786,37275400
2003-07-24,64.4941177368164,65.70555059285049,64.41554144091235,65.47636140321426,40896200
2003-07-25,65.6335220336914,65.67281018047423,64.1994447247243,64.60544055996165,43241100
2003-07-28,65.39122772216797,66.12463803864665,65.26680860702852,65.72519192830859,34382800
2003-07-29,65.09001159667969,65.65316500554921,64.61853385939827,65.57458371735251,53472100
2003-07-30,64.93287658691406,65.3192234806226,64.78226364783798,65.22099808522091,28363300
2003-07-31,65.08348846435547,66.07883187053308,64.93942520851782,65.46984037737025,54937200
2003-08-01,64.50723266601562,65.17515632194903,64.33042596571356,64.9525167686215,49321000
2003-08-04,64.50723266601562,64.82809760884976,63.51843907129723,64.37626381468986,55214100
2003-08-05,63.13861083984375,64.67091329431209,63.08622332093314,64.44172414401413,61415600
2003-08-06,63.505374908447266,64.21258705838864,63.13866694615755,63.315473730607806,50096900
2003-08-07,64.17327880859375,64.21911666504754,63.361291781718826,63.629769227819104,43427400
2003-08-08,64.35661315917969,64.53341984141333,64.01610417243207,64.38280692676803,27357300
2003-08-11,64.5988998413086,64.85428282276209,64.06848480633195,64.3435168598551,34631400
2003-08-12,65.18827056884766,65.21445934913335,64.44831012900114,64.63821125976034,43285600
2003-08-13,64.85427856445312,65.38468856865306,64.52031430449954,65.3650444938234,36152000
2003-08-14,65.03108978271484,65.31921624505638,64.46793624047491,64.89357624276565,35525100
2003-08-15,65.23411560058594,65.3454354148714,64.90670085554457,65.06385853429772,12567000
2003-08-18,65.79724884033203,65.8758251572253,65.31267157171902,65.43709073473465,22873800
2003-08-19,66.04606628417969,66.09845381347495,65.48291283413019,65.93474653138962,37437700
2003-08-20,65.77760314941406,66.06572964871606,65.58770704318454,65.6728330561823,21295300
2003-08-21,65.9871597290039,66.47828180348458,65.74487603633612,66.17051616674311,46494200
2003-08-22,65.33232116699219,66.67472331470302,65.30613238978394,66.62888546066151,52040300
2003-08-25,65.43709564208984,66.0264430427414,65.01145557517754,65.2930323890471,23473000
2003-08-26,65.55496215820312,65.73831356434877,64.71678144670808,65.15551588226391,45065800
2003-08-27,65.57460021972656,65.71866345303381,65.2013477497717,65.51566798571032,18919500
2003-08-28,65.98059844970703,66.13775607517786,65.26028725401903,65.74485951352538,27402400
2003-08-29,66.42591094970703,66.45210473114213,65.79727518312357,65.88240122582292,28706600
2003-09-02,67.31645202636719,67.36883457187872,66.17050078561839,66.5568476630144,49419100
2003-09-03,67.68314361572266,67.90578313614044,67.30334149694515,67.46704878994062,44912400
2003-09-04,67.71589660644531,67.80757230375382,67.29025658554107,67.51289613730437,28381000
2003-09-05,67.33609008789062,67.8075679270169,67.0545133226319,67.40812170197661,31637300
2003-09-08,67.8926773071289,68.02364112107037,67.40155551092454,67.47358710737713,32632800
2003-09-09,67.4474105834961,67.74863142930639,67.237865430065,67.6896991967557,35053200
2003-09-10,66.76640319824219,67.31646247709152,66.49792574948074,67.13965574619463,45904900
2003-09-11,66.96285247802734,67.29026716157497,66.68782034692413,66.85807738123533,38396300
2003-09-12,67.08728790283203,67.21170712068034,66.36697637014043,66.7336843290741,42524800
2003-09-15,66.85149383544922,67.20510211412946,66.7598181701561,67.13307052054928,21312800
2003-09-16,67.8271713256836,67.8664594567313,66.9038602784824,66.94315340547759,37892600
2003-09-17,67.69622802734375,67.96471034635721,67.48013822934806,67.76171493165393,31885800
2003-09-18,68.49515533447266,68.56063727632784,67.55874907768296,67.70936204030662,30243600
2003-09-19,68.146728515625,68.75805753497139,67.96924816200146,68.54113320210996,34331600
2003-09-22,67.41055297851562,67.680061105886,67.068731676569,67.6077529464408,36677400
2003-09-23,67.66690063476562,67.8969697178138,67.28564043135442,67.43682653658756,32489200
2003-09-24,66.4639663696289,67.85096081884015,66.43767204178482,67.78522750679507,41694700
2003-09-25,65.9183578491211,66.97010568776324,65.86576920340667,66.66115867823187,52673100
2003-09-26,65.70137023925781,66.16808775205877,65.6356370029177,66.02347162303587,42914700
2003-09-29,66.34564971923828,66.38508870660016,65.59627886857871,65.93152530654662,36771600
2003-09-30,65.70137023925781,66.23382098839886,65.24123256975267,66.0497659205968,70764500
2003-10-01,67.10157775878906,67.16731105881487,65.86576965173465,65.89206397477085,65797600
2003-10-02,67.34480285644531,67.41711100323772,66.80578168089389,67.00298662944229,44591500
2003-10-03,67.96269226074219,68.54772712860178,67.75891753590746,68.14674749802893,48806900
2003-10-06,68.27168273925781,68.35713557182252,67.8378337082403,68.02189406436197,20226500
2003-10-07,68.53457641601562,68.56744055398035,67.64716444890993,67.87723347517753,42602900
2003-10-08,68.36370086669922,68.62006434373885,67.9758707401992,68.58062535192697,30920800
2003-10-09,68.54776763916016,69.16567202819004,68.25196512086784,68.94217266859394,40066500
2003-10-10,68.73835754394531,68.75807703159195,68.30451377033206,68.54115263722078,22682800
2003-10-13,68.9552993774414,69.21166281194138,68.69893594294143,68.83040257058693,23825600
2003-10-14,69.198486328125,69.30366360159321,68.60030688444195,68.8895393713511,38484400
2003-10-15,69.0144271850586,69.60603677681044,68.78435818135736,69.58631729294007,39021700
2003-10-16,69.29054260253906,69.50089220615061,68.79096041328782,68.81067990501232,32772200
2003-10-17,68.53457641601562,69.43513303528148,68.35052119500155,69.32996077261429,32790300
2003-10-20,69.04731750488281,69.04731750488281,68.32424112221403,68.65948248105185,27657000
2003-10-21,68.92899322509766,69.20507610487333,68.57402737318772,68.9026989010529,26729100
2003-10-22,68.061279296875,68.48855315243863,67.8312103023801,68.38337588916785,33914500
2003-10-23,67.93639373779297,68.3307985097502,67.60114742482138,67.63401657878813,45830500
2003-10-24,68.08758544921875,68.08758544921875,67.16730429612711,67.59457822596917,51723600
2003-10-27,68.12043762207031,68.4819781949953,67.88379379526994,68.19274573665531,32460200
2003-10-28,69.04731750488281,69.11962564466266,68.24535814741883,68.35053544714576,34956200
2003-10-29,69.13934326171875,69.30367902674325,68.27822545783175,68.86983019981636,30955400
2003-10-30,69.28394317626953,69.65862843144001,68.88953843637351,69.54030650795836,39123100
2003-10-31,69.21826171875,69.50748940317608,69.16567304335176,69.28399505543175,25761600
2003-11-03,69.67176818847656,70.07932256631138,69.48771299046342,69.51400730662644,37589300
2003-11-04,69.5206298828125,69.85587136008043,69.40230788638516,69.6718160356671,31421600
2003-11-05,69.57319641113281,69.65865423009801,68.95529726199874,69.34312731224618,33558800
2003-11-06,69.94129943847656,69.96759376150843,69.08675149289395,69.41542300809814,28392300
2003-11-07,69.42201232910156,70.15166364632334,69.3957180005828,70.09907498928582,31723200
2003-11-10,69.13934326171875,69.5731870735161,69.02759614513317,69.50745377053221,25530800
2003-11-11,69.11962890625,69.23795086646129,68.88955982115303,69.0801849094263,26558600
2003-11-12,69.89529418945312,69.98732182377375,69.12620395328922,69.17221777044954,28000000
2003-11-13,69.91499328613281,70.03331521219194,69.53373318937247,69.68492426744243,29714800
2003-11-14,69.32341003417969,70.30284995222303,69.21166289902737,69.94131421817782,49158500
2003-11-17,68.97498321533203,69.11302460754217,68.38994849900574,68.9618385654144,44382100
2003-11-18,68.25851440429688,69.31683734081751,68.1664867589586,69.17879587281011,41155000
2003-11-19,68.83696746826172,69.02759756141698,68.3110910033417,68.38339914264645,29827000
2003-11-20,68.21907806396484,69.17879855624169,68.1993585699318,68.36369437371476,53578700
2003-11-21,68.50170135498047,68.58058430652407,68.1138714605962,68.52142083908433,30016000
2003-11-24,69.40884399414062,69.53374076723901,68.81066448035531,68.81723931449972,28906400
2003-11-25,69.67176818847656,69.95442581831902,69.31680244296778,69.50086265610894,37580000
2003-11-26,69.92157745361328,69.9741610826703,69.27737910015564,69.95444159488278,33053600
2003-11-28,69.97418975830078,70.11223625964361,69.80985393922057,69.86244260495774,10507500
2003-12-01,70.73011016845703,70.78269881533826,70.20423874503294,70.23710288798667,38699000
2003-12-02,70.55265808105469,70.84188572476762,70.38174741763473,70.58552223720338,35352000
2003-12-03,70.44088745117188,71.04564188621558,70.38172396560795,70.76298415883845,39078600
2003-12-04,70.73011016845703,70.80899313877887,70.29626636951039,70.44745246038218,36089500
2003-12-05,70.23710632324219,70.86158525145854,70.08592022497598,70.4145917613647,28824400
2003-12-08,70.7104263305664,70.75644016600447,70.1253911306545,70.16483012813515,32482900
2003-12-09,70.16476440429688,70.94700388914653,70.03329785908576,70.92728440887758,43596100
2003-12-10,70.15821838378906,70.32255412860573,69.65206148128152,70.18450768964627,36915400
2003-12-11,70.94705200195312,71.05879914267672,70.11879816308578,70.12537299934324,45304000
2003-12-12,71.08502197265625,71.12446092027058,70.59201506697472,70.9732749443319,34142200
2003-12-15,70.73011016845703,71.80158253436213,70.65123221326459,71.7621385416365,38693400
2003-12-16,71.09823608398438,71.32173034323527,70.6775318625101,70.7827091716612,32894200
2003-12-17,71.32172393798828,71.32172393798828,70.86158578960152,71.03249137892821,23198800
2003-12-18,72.12367248535156,72.13024731938013,71.24940511932272,71.35458240326405,29353100
2003-12-19,71.9228744506836,72.23328618911012,71.71153103881386,72.18705497522687,41465100
2003-12-22,72.42487335205078,72.42487335205078,71.8436747376201,71.85028064155544,27611300
2003-12-23,72.47107696533203,72.61637152470377,72.2399157652024,72.30596470171167,24741200
2003-12-24,72.39844512939453,72.57015829820935,72.27295816548337,72.3323961764975,8055800
2003-12-26,72.45126342773438,72.70223730771966,72.40503219281499,72.45786932953048,8308400
2003-12-29,73.41552734375,73.48817211196733,72.50410432404058,72.71544784303478,22483700
2003-12-30,73.42870330810547,73.48814128594005,73.21075397839569,73.36926029144605,19559500
2003-12-31,73.49478149414062,73.65328788118495,73.2041822522034,73.45515615708635,31501800
2004-01-02,73.46172332763672,74.09575358035556,73.13149892275244,73.798548592665,38072300
2004-01-05,74.26089477539062,74.31372687129192,73.69950903685412,73.76555797467714,27959800
2004-01-06,74.33352661132812,74.45240761632178,73.97027769639607,74.07595194031276,20472800
2004-01-07,74.5844955444336,74.67035208868347,73.8976280739586,74.2278525286778,30170400
2004-01-08,74.88169860839844,74.9015163091074,74.47882435401661,74.79584206062832,36438400
2004-01-09,74.22785949707031,74.96095825847512,74.1486038065202,74.5184586569283,54084300
2004-01-12,74.77606201171875,74.79587468224334,74.20807527548467,74.33356224057732,31564100
2004-01-13,74.34014129638672,74.78264597654233,73.8117850950285,74.69017847650777,54239700
2004-01-14,74.9609603881836,75.06663464525272,74.41278651699584,74.4722295463037,30112800
2004-01-15,75.14590454101562,75.33082949941237,74.35336756536464,75.00721082221807,38408700
2004-01-16,75.44310760498047,75.49593970675993,75.04683408925858,75.31762065574674,31922700
2004-01-20,75.42325592041016,75.7204609233125,75.17228717382966,75.64120524810691,29863000
2004-01-21,76.01768493652344,76.14977777032195,75.10626705803249,75.37704854937324,30725000
2004-01-22,75.81954193115234,76.20259849494678,75.6742423550671,76.04409215686545,29888500
2004-01-23,75.5751724243164,76.19599604049306,75.2581547159553,75.95162811865585,44245300
2004-01-26,76.52623748779297,76.56586282056934,75.54216472068195,75.54877062242024,30460600
2004-01-27,75.74032592773438,76.94234345221587,75.72051325494633,76.4470064772016,35322800
2004-01-28,74.87513732910156,76.13659284451897,74.5911439347152,75.93846108211827,52621300
2004-01-29,74.9477767944336,75.1921397715017,74.34015970610236,75.00060890047448,60117100
2004-01-30,74.9477767944336,75.10628319021122,74.69019697290719,74.9741903280403,30984400
2004-02-02,75.2713851928711,75.74030345207542,74.71000446220826,75.09306111303914,38832400
2004-02-03,75.14590454101562,75.38366664147637,74.9213542454845,75.11948596998364,25093500
2004-02-04,74.53168487548828,75.11288334692391,74.49205953928205,74.7562402045867,39332600
2004-02-05,74.74960327148438,74.98736526767374,74.48542271584897,74.74299737191662,37226800
2004-02-06,75.58839416503906,75.75350643279916,74.76283282623861,74.90813242807972,37216000
2004-02-09,75.60819244384766,75.86576711226887,75.48270554016672,75.73367430870336,24851300
2004-02-10,75.85256958007812,76.04410040215541,75.46290707362259,75.47611383705066,27908100
2004-02-11,76.65828704833984,76.86963044909552,75.40343340186736,75.85253875832623,42965700
2004-02-12,76.38092803955078,76.79040319567669,76.33469681099379,76.59227151850072,27814700
2004-02-13,76.03748321533203,76.74416336626194,75.7865144368386,76.49319458776853,44739900
2004-02-17,76.72435760498047,76.89607575245942,76.46017700243421,76.51301413070864,23984300
2004-02-18,76.38751983642578,77.00833835687519,76.18277725734002,76.74415779725891,28618000
2004-02-19,76.10352325439453,76.8696413007272,75.99124312031121,76.83001598212417,51146200
2004-02-20,75.87239074707031,76.32149633634546,75.50254086372374,76.26866423788648,46728800
2004-02-23,75.6808853149414,76.123390189756,75.40349780929293,76.09697161224256,36357000
2004-02-24,75.54878234863281,75.94505085438287,74.65057104822472,75.46952663195184,43953000
2004-02-25,75.86577606201172,75.99125794167028,75.5025271078863,75.59498956187716,31213600
2004-02-26,75.91204071044922,76.14319694719647,75.51576711736473,75.69409124201836,29683000
2004-02-27,75.96482849121094,76.44035249434499,75.70725382931752,76.07710863110239,39312000
2004-03-01,76.7177505493164,76.83662652009768,76.11673960107515,76.2356206106819,33130800
2004-03-02,76.2686767578125,77.25274466687223,76.10356445581057,76.57248278883672,38556400
2004-03-03,76.40735626220703,76.52623729906965,75.8988076449733,76.11675705235919,31346200
2004-03-04,76.60547637939453,76.67812617086967,76.29506455015087,76.42715737048108,21060000
2004-03-05,76.86307525634766,77.23953109475062,76.13658215191727,76.22904463581781,55905600
2004-03-08,75.92523193359375,77.02157991602247,75.89221250014924,76.83664992565977,39281600
2004-03-09,75.62141418457031,76.09033239275871,75.44969602533226,76.01768259611285,39746100
2004-03-10,74.35333251953125,75.79971207029654,74.34012072082892,75.76669265119038,67671800
2004-03-11,73.38909149169922,74.80905274867948,73.37587969053315,74.2344653685998,89134800
2004-03-12,74.35333251953125,74.43918905579706,73.69288367151017,73.7919520064783,54012200
2004-03-15,73.44197082519531,74.20148863841828,73.24383902967782,74.14865147741534,57677200
2004-03-16,73.83155059814453,74.0098695054764,73.20412139635702,73.82494470118468,59832600
2004-03-17,74.65713500976562,74.80243455597335,74.03631150826885,74.08914862303978,41607300
2004-03-18,74.67696380615234,74.80905158279984,73.92405239384507,74.4325958766462,60014300
2004-03-19,73.60661315917969,74.60738882597558,73.59336009594335,74.50134915061153,48636200
2004-03-22,72.67212677001953,73.28186888248088,72.30760428078082,73.26198675697545,62752100
2004-03-23,72.54618072509766,73.16918079422487,72.47990530543295,73.0697651364826,54080200
2004-03-24,72.60585021972656,72.99687883264988,72.14191205358154,72.62573234492719,51584300
2004-03-25,73.56684112548828,73.76567244842367,72.76489688756588,72.95709915133928,49873600
2004-03-26,73.58674621582031,74.0904486830557,73.43431320294798,73.54035290018628,37409500
2004-03-29,74.62066650390625,74.7200822086914,73.9512778751048,73.98441307237131,44113600
2004-03-30,74.87250518798828,74.93878062564005,74.37543182086239,74.4284541935805,39059900
2004-03-31,74.9586181640625,75.15744941523985,74.48142720642784,74.88571370906338,48517600
2004-04-01,75.4093246459961,75.4689760650614,74.92550951681014,74.93876257855213,45103800
2004-04-02,75.97930145263672,76.11185229441101,75.4888572702833,76.09197017379391,50987700
2004-04-05,76.3968276977539,76.46973216483477,75.84673725044773,75.85999030969442,30251800
2004-04-06,76.15157318115234,76.33714626426024,75.96600009804445,76.10517991037537,28420900
2004-04-07,75.97265625,76.20462775854858,75.62802110072488,76.18474058566686,45890500
2004-04-08,75.80039978027344,76.48967566796837,75.38285478740913,76.48967566796837,46929700
2004-04-12,76.09862518310547,76.27094538136707,75.93293404614029,75.93956310743673,23085200
2004-04-13,75.03157043457031,76.41675090580128,74.90564355814242,76.39023971831689,56210300
2004-04-14,75.15084075927734,75.31653182807486,74.594121195233,74.63388543366756,62322300
2004-04-15,74.86583709716797,75.40930349297176,74.46817962207798,75.19059011190107,61602500
2004-04-16,75.44247436523438,75.58828334517139,74.87912562533411,75.14422734541104,47059200
2004-04-19,75.44247436523438,75.5485140419669,75.07132285544253,75.25690113858404,28277600
2004-04-20,74.17658996582031,75.76722552706946,74.08380335492579,75.60816348789186,53299400
2004-04-21,74.67365264892578,74.85922584433834,74.14344424153138,74.36215261813027,50177300
2004-04-22,75.72081756591797,75.99917734472521,74.52121585975574,74.54772703723597,62071500
2004-04-23,75.79370880126953,75.93288866636314,75.41593343701854,75.83347303229937,29395700
2004-04-26,75.68769836425781,76.17814769920727,75.29004070452184,75.88652972237153,35515200
2004-04-27,75.75397491455078,76.29744153443814,75.52863238330951,75.70758160760276,43485500
2004-04-28,74.7730712890625,75.56176245752657,74.56098690634407,75.4822289178232,50165800
2004-04-29,74.11693572998047,75.1044531591016,73.6728848454786,74.70679557512246,69687600
2004-04-30,73.54034423828125,74.48146856257462,73.50057998856201,74.34228863206573,48681400
2004-05-03,74.32901000976562,74.42179659820039,73.79879659886141,73.81205471520343,33758000
2004-05-04,74.26936340332031,75.06468357112192,74.00426173720993,74.39529023426586,51185100
2004-05-05,74.74656677246094,74.86586456440554,74.33565608858919,74.50134718537386,34405000
2004-05-06,74.10370635986328,74.62066192523459,73.56686866605345,74.24288631542537,54997000
2004-05-07,72.87757110595703,74.38204909026486,72.87757110595703,73.71265564616562,60950000
2004-05-10,72.12864685058594,72.73838885108736,71.81714679088671,72.53293351660099,75279400
2004-05-11,72.73837280273438,72.93720409039467,72.46001304520172,72.54617057306001,48300600
2004-05-12,73.20230865478516,73.2619600660609,71.61830251771141,72.61907794097851,90830500
2004-05-13,72.89742279052734,73.44088915658493,72.65882730723486,72.74498987738923,57393700
2004-05-14,72.93059539794922,73.39452845672155,72.42026397680856,72.87094397239785,54123100
2004-05-17,72.3075942993164,72.57270106794043,71.8502903063433,72.16841438349928,55020400
2004-05-18,72.67212677001953,72.8643290773916,72.46004233714203,72.56608202533492,30193100
2004-05-19,72.42024993896484,73.68613212843846,72.3407214623002,73.23545222020833,54804100
2004-05-20,72.65221405029297,72.81790510172053,72.26780959742352,72.53954029239013,38082900
2004-05-21,72.77816009521484,73.26860941176359,72.5528226171989,72.88420483062797,47480400
2004-05-24,73.08301544189453,73.40777358203886,72.69198694107493,73.25533557171701,40961500
2004-05-25,74.13015747070312,74.21632003276235,72.63893836847244,72.83776960469855,48668000
2004-05-26,74.38865661621094,74.42179685068857,73.90484155437251,74.00425720131557,35977000
2004-05-27,74.80622863769531,74.91226832506258,74.26938597076975,74.58751514585497,45306900
2004-05-28,74.79959106445312,74.81284412768137,74.46820886234461,74.71343351224172,23367200
2004-06-01,74.7001953125,74.79961101094153,74.14347549161536,74.5345041672616,41044700
2004-06-02,74.97853088378906,75.21050245701535,74.53447997225393,74.9122554585062,39774200
2004-06-03,74.28926849365234,75.01831347035474,74.2760154288449,74.76645973058783,38688300
2004-06-04,74.87911224365234,75.27676980919335,74.7001630524402,74.87911224365234,32739500
2004-06-07,76.0190658569336,76.09197033701297,75.17072833218133,75.17735739123141,31643800
2004-06-08,76.12509155273438,76.1648557841171,75.66778266587609,75.80033853130057,32846500
2004-06-09,75.41596221923828,76.01907519815306,75.36956891316791,75.89315339967128,36737600
2004-06-10,75.78710174560547,75.78710174560547,75.50874193460791,75.5816464169869,21711000
2004-06-14,75.0382080078125,75.45574788095007,74.80624141162497,75.43586575220436,34633000
2004-06-15,75.56840515136719,75.85339408518077,75.23039890112851,75.48887664848364,37445000
2004-06-16,75.5551528930664,75.68770377028206,75.35632152075107,75.5551528930664,26633400
2004-06-17,75.44247436523438,75.60153640857877,75.11109215864701,75.45572742864174,28402400
2004-06-18,75.58482360839844,75.97728463870232,75.28549296702433,75.34535706531955,31799800
2004-06-21,75.29878997802734,75.92406425649438,75.25222732377652,75.66464302924713,25284000
2004-06-22,75.67791748046875,75.7510880646176,74.94621671392706,75.25220048630096,37334000
2004-06-23,76.32982635498047,76.3896904494796,75.44513085331415,75.5715173749661,35580000
2004-06-24,76.09034729003906,76.44954702269622,76.00387525391612,76.20342727764933,35272100
2004-06-25,75.72450256347656,76.4562086218488,75.61807582086229,76.1036621073322,32837900
2004-06-28,75.46507263183594,76.23668799515954,75.43846975546764,76.17681883596136,40824500
2004-06-29,75.77774047851562,75.9440364355392,75.44514856446847,75.51831919155484,28418100
2004-06-30,76.1834945678711,76.35644376497464,75.59813469106973,75.87751064988748,52230600
2004-07-01,75.12583923339844,76.0970067040022,74.88637272558401,75.99722814658814,57734700
2004-07-02,75.0859603881836,75.35868823617459,74.89970969928761,75.27221615203021,34615100
2004-07-06,74.42740631103516,74.79990757168402,74.25445712218429,74.74669673084064,38698200
2004-07-07,74.64690399169922,74.87971723542371,74.33426688943429,74.37417628123046,29839800
2004-07-08,74.12806701660156,74.7134267971713,73.96841928785197,74.37418171726402,45291100
2004-07-09,74.32098388671875,74.46067186760476,74.0881655102927,74.3143306281196,27412900
2004-07-12,74.35421752929688,74.5271666758927,73.8353751644572,74.18126838270105,35691300
2004-07-13,74.40745544433594,74.51388220645414,74.23450624657588,74.4473648457616,26752000
2004-07-14,74.1812744140625,74.75998598533121,73.91520502837173,74.00833032835314,54089400
2004-07-15,73.70235443115234,74.44070872853183,73.63583200260021,74.32762364496247,38403500
2004-07-16,73.6424560546875,74.28103153093582,73.46285876368978,74.21451420371247,40871200
2004-07-19,73.32984924316406,73.80878231638762,73.16355331912526,73.6690943491889,39592800
2004-07-20,74.26109313964844,74.43404228834675,73.33648838594841,73.52273897303218,46679800
2004-07-21,72.89082336425781,74.54047592402748,72.80434624442543,74.38083327387682,56241100
2004-07-22,73.09037780761719,73.42962289090389,72.35202354837773,72.74448454177772,72477100
2004-07-23,72.47843933105469,72.97732727117067,72.29884190559117,72.917463154333,49610500
2004-07-26,72.33869171142578,72.79101660742381,71.9794920815203,72.63137401911462,49679100
2004-07-27,73.01722717285156,73.24339231522336,72.48508315100304,72.53829907567287,51295100
2004-07-28,73.2366943359375,73.41629670329145,72.23226593965812,72.87084649586463,65862300
2004-07-29,73.54937744140625,73.7489346246224,73.17022285325557,73.52942273807463,52200500
2004-07-30,73.72896575927734,73.76888023597112,73.23673119628187,73.38307243594387,41581700
2004-08-02,73.8819580078125,74.07486190195213,73.20347282407073,73.29659814193825,38263100
2004-08-03,73.30989074707031,73.87529584452642,73.27663460895442,73.78882379548679,40948800
2004-08-04,73.3032455444336,73.66909862855051,72.9307442769321,73.09704021063085,40763200
2004-08-05,72.10590362548828,73.42296431828474,72.01942650907715,73.36310022995224,50772000
2004-08-06,71.07491302490234,71.81326770871111,70.9219235390401,71.59375575948117,74729000
2004-08-09,71.17466735839844,71.49395781877847,71.08819529045891,71.18796880156232,37476300
2004-08-10,72.09257507324219,72.11253483819961,71.34757291312303,71.38082903815888,55870600
2004-08-11,71.94625091552734,72.0593308942996,71.24115294359113,71.62696059758204,52933200
2004-08-12,71.16133117675781,71.80655489169958,70.92851289797106,71.62695758443687,50015900
2004-08-13,71.3010482788086,71.40747504056984,70.90193396609335,71.24117910192159,41634700
2004-08-16,72.03941345214844,72.26557352663906,71.24118978200202,71.26779774516858,45731900
2004-08-17,72.44512939453125,72.69124401429707,72.19235644457052,72.33869761034846,40701600
2004-08-18,73.19014739990234,73.2832726937126,72.1657640930415,72.18571878815115,43165400
2004-08-19,72.97728729248047,73.18349257078007,72.62474081992393,73.04380463306605,39881600
2004-08-20,73.48949432373047,73.58926781458266,72.84426534982676,72.91078270204443,44870900
2004-08-23,73.3032455444336,73.6824000702688,73.20347204417365,73.53606391157118,33745100
2004-08-24,73.40299224853516,73.65576520597233,73.07040052554683,73.59589605686202,30453100
2004-08-25,73.90191650390625,74.01499652784649,73.10369800262883,73.3897272293273,38551400
2004-08-26,73.90191650390625,74.04160448788232,73.73562055989434,73.80879118125554,26629500
2004-08-27,74.13472747802734,74.25446075694673,73.8686580359392,73.9684315392476,24902900
2004-08-30,73.52276611328125,74.06156337837244,73.46955019019947,73.98174456869953,26726500
2004-08-31,73.9085464477539,73.94180765604362,73.2367096248949,73.60921587293788,44125300
2004-09-01,74.04824829101562,74.26110686917187,73.48949642646132,73.80212849832452,52778300
2004-09-02,74.88636016845703,74.96617894104547,73.99501163328942,73.99501163328942,42736600
2004-09-03,74.58037567138672,75.04600209031149,74.5072050805632,74.72006359706414,30480500
2004-09-07,75.07263946533203,75.25223684732882,74.71343962638913,74.85978086539727,37338800
2004-09-08,74.88636016845703,75.20564540870558,74.70675778023825,74.91296811763564,32963100
2004-09-09,74.81983947753906,75.08590880749799,74.52050386891453,74.87970355429567,34314800
2004-09-10,75.2056655883789,75.34535355283806,74.55378842090288,74.84646579050592,27900600
2004-09-13,75.45177459716797,75.65797988548464,75.17239870816834,75.37195073961892,44398100
2004-09-14,75.60474395751953,75.6246986465456,75.29210696292098,75.3652775393141,28048900
2004-09-15,75.03270721435547,75.40520838206766,74.95288336058238,75.36529899265501,38295000
2004-09-16,75.25884246826172,75.41183686900432,75.03268256927699,75.06593869121502,23911700
2004-09-17,75.57884216308594,75.71911160582317,75.27158456050809,75.4452485775689,33683000
2004-09-20,75.1246566772461,75.47198991152807,74.99774400699127,75.25824520672168,37149400
2004-09-21,75.451904296875,75.79256145592196,75.17136550522339,75.3116349010492,40920800
2004-09-22,74.51007843017578,75.1579878572301,74.45664102503581,75.14463105398082,49042100
2004-09-23,74.10932922363281,74.61029360800907,74.10932922363281,74.54349937597355,44068700
2004-09-24,74.449951171875,74.63030111863644,74.22952572408694,74.25624442346164,34981100
2004-09-27,73.97571563720703,74.2762921273269,73.86216497170145,74.20949791797487,39355100
2004-09-28,74.32975006103516,74.48338137143784,73.74863467350606,74.08261090857259,41662900
2004-09-29,74.70379638671875,74.71047733783516,74.14271879868139,74.28298819569072,33325700
2004-09-30,74.65036010742188,74.7973104477551,74.3163839143272,74.51009071785079,43536700
2004-10-01,75.91281127929688,75.91281127929688,74.95095793914265,74.98435760637113,62824300
2004-10-04,76.03971099853516,76.4404865798455,76.0129973827828,76.21338007736476,33082400
2004-10-05,76.07980346679688,76.25347257268241,75.83934011897813,76.04640379779327,36910600
2004-10-06,76.6008071899414,76.6008071899414,75.93285456536782,75.99296785546387,42297800
2004-10-07,75.7791976928711,76.41375553010671,75.71908442302447,76.40039362831477,39388800
2004-10-08,75.15131378173828,75.99293000028426,75.04443896892965,75.57880284082971,51872600
2004-10-11,75.4586181640625,75.49201274178488,75.23819254758092,75.33170551892316,20229100
2004-10-12,75.16470336914062,75.36509118252219,74.77061379118369,74.94427779363566,41754700
2004-10-13,74.5034408569336,75.52540761889242,74.35649045527883,75.47865113619085,54212600
2004-10-14,73.90229034423828,74.76394998568395,73.86221481080008,74.59696180159158,64082200
2004-10-15,74.31639862060547,74.63701297562142,73.85550975218759,74.1560863470242,63482200
2004-10-18,74.59693145751953,74.74388181511728,73.94233579987673,74.06924839890621,43535100
2004-10-19,73.96905517578125,74.96430802626129,73.86886128596524,74.82403352287511,55851900
2004-10-20,73.82211303710938,74.02250083905501,73.30779181969004,73.72860008848768,57118500
2004-10-21,74.30302429199219,74.35646170758383,73.61503412848514,74.00244774741593,53218300
2004-10-22,73.46808624267578,74.3097077301604,73.38125426148734,74.26963221516152,48752400
2004-10-25,73.38127136230469,73.55494046122611,73.04061411720946,73.30779617030231,43990900
2004-10-26,74.5034408569336,74.5435163860851,73.39463698704728,73.56162515327779,54337400
2004-10-27,75.39848327636719,75.54543365520823,74.22289043778613,74.39655443453134,73896000
2004-10-28,75.62560272216797,75.85270418568224,75.13799502686604,75.33170191425587,54413300
2004-10-29,75.61222076416016,75.90612149413623,75.4118380723272,75.55878843731524,48820200
2004-11-01,75.81929779052734,76.03971826602685,75.6122290281069,75.85269236144609,36720900
2004-11-02,75.84598541259766,76.52729451371366,75.62555993138568,75.92613642680448,56210000
2004-11-03,76.80118560791016,77.05500573956951,76.30689705710068,76.83458017740368,76960200
2004-11-04,77.84989166259766,77.93004272762113,76.60081823987521,76.66761249275305,55350300
2004-11-05,78.33746337890625,78.57792667122663,77.80978032609615,78.18383716752385,63287200
2004-11-08,78.22392272949219,78.30407886924999,77.96342164537118,78.13709073347634,33863800
2004-11-09,78.07027435302734,78.48440667389266,77.99012332684671,78.20386789011569,44658100
2004-11-10,78.13040161132812,78.51781526887015,77.99013220347454,78.19051488780553,45265400
2004-11-11,78.7248764038086,78.89854546823648,78.21723111336628,78.27066853258606,37863200
2004-11-12,79.3460922241211,79.48636166258501,78.60466440933038,78.79837128037313,55583700
2004-11-15,79.54103088378906,79.56782366672086,79.20606487420903,79.38694427046495,35297900
2004-11-16,78.97156524658203,79.3266334232049,78.87107955724714,79.29313478597697,40028700
2004-11-17,79.44055938720703,79.81571977363997,79.09889254317592,79.29987424229468,54494000
2004-11-18,79.5477294921875,79.58792889043657,79.20606782971356,79.40704437625543,31854300
2004-11-19,78.66344451904297,79.5343584990398,78.47586430456427,79.52095699161846,54276500
2004-11-22,79.03857421875,79.13236428345978,78.40213579544765,78.49592586015744,37560200
2004-11-23,79.1591796875,79.22617187551705,78.62993271316556,79.00509305500209,41968800
2004-11-24,79.34671783447266,79.44720350769043,79.08544486175924,79.23282555286984,29724800
2004-11-26,79.28646087646484,79.70852135924565,79.25296733907307,79.39365246294129,15487700
2004-11-29,78.9246826171875,79.72860403635268,78.70360895475417,79.5812181872803,61460800
2004-11-30,78.97823333740234,79.212708367515,78.81075044286867,79.05192621989094,53685200
2004-12-01,79.8759994506836,80.05687885273055,79.11897297364331,79.1591723716794,49898300
2004-12-02,79.94297790527344,80.30474175842369,79.72859989353717,79.78889131347472,60163500
2004-12-03,79.88939666748047,80.48563578088456,79.78220508651187,79.92959095475574,49067900
2004-12-06,79.86260986328125,80.1506808881708,79.61473313124903,79.86260986328125,33030500
2004-12-07,79.11898803710938,80.13728779496707,79.07879374259653,80.05019334195349,52047200
2004-12-08,79.58122253417969,79.6013196763009,79.0586763943261,79.19266074925119,43895100
2004-12-09,79.86260986328125,80.03009289842223,78.87111315750558,79.14578267732495,60922800
2004-12-10,79.94297790527344,80.09705938589717,79.62140833208154,79.66830336242464,47828600
2004-12-13,80.63970184326172,80.65979898177599,79.95636846672876,80.23104298955612,38541000
2004-12-14,80.92110443115234,81.03499166915267,80.51244541369074,80.51244541369074,41500700
2004-12-15,80.9813461303711,81.13543267803985,80.59948524660557,80.86075821385705,46699200
2004-12-16,80.9344711303711,81.22254205155807,80.4186258167536,80.8741797127894,51641800
2004-12-17,80.39466094970703,80.75140133227889,80.20619472007054,80.40812062240123,70761900
2004-12-20,80.41488647460938,80.9668257204012,80.21295535296676,80.60335278263754,47187400
2004-12-21,81.03410339355469,81.09468476100874,80.40812331823516,80.50235643621274,33094200
2004-12-22,81.22930145263672,81.4985411314979,80.97352658214446,81.0273704096609,31500700
2004-12-23,81.28990936279297,81.63319021549957,81.21587342919129,81.35722316023006,25646100
2004-12-27,81.12158966064453,81.68699340313908,81.03408896248226,81.5792954958758,29944100
2004-12-28,81.56588745117188,81.66685301930632,81.17548999322386,81.20241448708119,23422900
2004-12-29,81.68700408935547,81.71392856969352,81.41103201738002,81.4985378623086,22650600
2004-12-30,81.53219604492188,81.8283602166912,81.47161981087085,81.71393501771485,21076900
2004-12-31,81.35720825195312,81.88895531527162,81.31009168357406,81.6466400678019,28648800
2005-01-03,80.9735336303711,81.95625417873212,80.70429392807432,81.82163175992365,55748000
2005-01-04,79.98407745361328,81.13507212760582,79.72157016666691,81.08122316225273,69167600
2005-01-05,79.43213653564453,80.26677493777883,79.42540413130315,79.9234942108472,65667300
2005-01-06,79.83599853515625,80.19947136273552,79.60041572153641,79.7215733307295,47814700
2005-01-07,79.72154998779297,80.25329683159072,79.51288658369596,80.07829030615027,55847700
2005-01-10,80.09850311279297,80.40812696236873,79.65425684906252,79.65425684906252,56563300
2005-01-11,79.54657745361328,79.92351000610509,79.41868742245175,79.85620135534882,63099700
2005-01-12,79.80907440185547,79.99080824878301,79.10232082257235,79.69464919692626,72720500
2005-01-13,79.16963958740234,79.91677737188844,79.08886613072366,79.8561959955493,55537500
2005-01-14,79.58695220947266,79.7821508683171,79.26386866990413,79.40521836038039,42032500
2005-01-18,80.41488647460938,80.51585203543068,79.39177632342536,79.45909012085407,57391700
2005-01-19,79.57347869873047,80.44850117362245,79.56674629502503,80.3879249462315,54378900
2005-01-20,79.08885955810547,79.56002517794062,78.94750987215492,79.35136685134506,72049300
2005-01-21,78.6042251586914,79.42540388491544,78.51672444380453,79.2840542061044,63160400
2005-01-24,78.44943237304688,78.98117431429861,78.32827474629208,78.81290011799034,58441900
2005-01-25,78.6715087890625,79.06863835262003,78.56381603076572,78.69170599560397,68245000
2005-01-26,78.9071044921875,79.15614690912425,78.77921451463486,78.96768071187955,57195100
2005-01-27,79.041748046875,79.2571387918945,78.73885657695772,78.88020627194048,55878800
2005-01-28,79.041748046875,79.12252150200248,78.489808941805,79.08213220677852,60738900
2005-01-31,79.53311920166016,79.59369544782918,79.23022256485216,79.39176435662384,52532700
2005-02-01,80.03791809082031,80.15234327879944,79.49270636016082,79.59367187586217,49841200
2005-02-02,80.28023529052734,80.4956260133951,80.0311928163077,80.13888561008162,52468900
2005-02-03,80.07161712646484,80.20623960534277,79.80910971180599,80.13892579824257,48837100
2005-02-04,80.92639923095703,81.06101648477487,80.08502855629787,80.09848822755202,50024600
2005-02-07,80.81871795654297,81.1216094076442,80.74467691110576,80.93987556404748,45412000
2005-02-08,80.9129409790039,81.20910512377779,80.81870786663394,80.88601649899543,39263500
2005-02-09,80.30715942382812,81.10141367382406,80.26677526825338,81.05429711388022,55279400
2005-02-10,80.5965576171875,80.78502377846151,80.27347423652283,80.54271381062188,45858600
2005-02-11,81.28990936279297,81.47164839935836,80.40815407784173,80.56969589398295,53133000
2005-02-14,81.22930145263672,81.35045905135827,81.09468418086601,81.23603385682118,32432100
2005-02-15,81.53219604492188,81.73412709573185,81.22930460402684,81.31007805141482,43852700
2005-02-16,81.58602905273438,81.75430318372392,81.22255631355868,81.39756284767711,55523000
2005-02-17,80.92639923095703,81.66680439759328,80.91966682767041,81.59949577068436,58124000
2005-02-18,81.03410339355469,81.09468476100874,80.70428748063316,80.93313787134448,47723300
2005-02-22,79.82925415039062,81.08794661615318,79.81579447819804,80.70428176717178,80697600
2005-02-23,80.40138244628906,80.48215588261428,79.84271620149379,80.05137449285156,68292600
2005-02-24,80.93314361572266,80.9869925827661,80.08504549372908,80.26004693364006,68563600
2005-02-25,81.734130859375,81.89567262626959,80.89276000112372,80.95333623796412,60899900
2005-02-28,81.19566345214844,81.64664220164391,80.79853881333469,81.54567665667267,69381300
2005-03-01,81.59951782226562,81.7947113524552,81.29662121634165,81.32354570144514,47294400
2005-03-02,81.55912017822266,82.0706750721833,81.20911217834637,81.28315322097173,64226500
2005-03-03,81.5927734375,82.05047934641696,81.24276031786482,81.88893759483442,61230800
2005-03-04,82.60913848876953,82.67644711397432,81.97642611414281,82.15143264793042,56168500
2005-03-07,82.64954376220703,82.95916762554467,82.38703646208772,82.56204304060734,43442400
2005-03-08,82.33990478515625,82.79087825537148,82.19182271784514,82.56875515440483,44362000
2005-03-09,81.42450714111328,82.31299456355606,81.41777473634593,82.09760382888267,73263600
2005-03-10,81.60624694824219,81.78125353773534,81.04084815416975,81.57932246252628,65149000
2005-03-11,81.03410339355469,81.92932314966153,80.87929404344285,81.65335106464161,57976500
2005-03-14,81.53893280029297,81.55239760990275,80.96006923475741,81.18219237543691,36336400
2005-03-15,80.8658676147461,81.7543553883057,80.82548344082318,81.72743089391635,62438500
2005-03-16,80.17926025390625,80.87928125917574,80.031178196114,80.56965233725433,74874200
2005-03-17,80.34080505371094,80.59657989538056,80.08503021204132,80.30714817190109,62584200
2005-03-18,80.10225677490234,80.77123823666885,79.83871846707041,80.4874285444636,60232000
2005-03-21,79.8049545288086,80.26445828947986,79.57520522621849,80.21715665921184,61244300
2005-03-22,78.99407196044922,80.36582446308628,78.99407196044922,79.98741140180469,92472400
2005-03-23,79.06168365478516,79.54821791753977,78.89274843330058,79.02789454829072,70817300
2005-03-24,79.15625762939453,79.73063613846654,79.10219714123691,79.37249442653312,51932500
2005-03-28,79.27113342285156,79.69685332875757,79.27113342285156,79.3454653062481,46765500
2005-03-29,78.74404907226562,79.66981552413279,78.55484253448057,79.15625123907942,71160300
2005-03-30,79.8590316772461,79.87254422207565,78.90623486876197,78.91299371892279,62002100
2005-03-31,79.7103271484375,80.04819730682634,79.64951299456246,79.86574968971173,64575400
2005-04-01,79.35222625732422,80.40638004178051,79.00084338100282,80.16311299067642,95255300
2005-04-04,79.48735046386719,79.6427730420133,78.88594185169825,79.30490280346937,71581200
2005-04-05,79.86577606201172,79.99416325886108,79.51438809418217,79.58871996601184,46853900
2005-04-06,80.1427993774414,80.37930745378863,79.85898968582475,80.04143730029563,53268200
2005-04-07,80.57528686523438,80.58880456081428,79.95360691130692,80.01442623043586,46734600
2005-04-08,79.73738098144531,80.5550263881046,79.73738098144531,80.527996148774,63772900
2005-04-11,79.79816436767578,80.02115988950464,79.62247561304305,79.93331551218827,44945000
2005-04-12,80.21038818359375,80.45365515448694,79.108933122126,79.66304007682928,86144800
2005-04-13,79.26435852050781,80.27796921690566,79.14947872340987,80.11578779352877,65949000
2005-04-14,78.23047637939453,79.39950972719824,78.23047637939453,79.33193670746476,96119800
2005-04-15,77.13578796386719,78.52105305464744,77.10199887279072,78.2102130076115,128677300
2005-04-18,77.37227630615234,77.68311627352698,77.00737586910644,77.115496808449,100035200
2005-04-19,77.98719024658203,78.06827578280783,77.59525963652628,77.77770724852364,64930100
2005-04-20,76.89925384521484,78.13585476678715,76.73031875781805,77.96691967939036,107735900
2005-04-21,78.3926773071289,78.5278233802024,77.2912167051602,77.56827285710077,86952200
2005-04-22,78.0953369140625,78.7237758459191,77.21687211710461,78.21021157282874,88845800
2005-04-25,78.60889434814453,78.72376899691663,78.19669222679437,78.29129548525268,52284100
2005-04-26,77.8453369140625,78.9062497477102,77.81155296787212,78.35890135779117,72626000
2005-04-27,78.1493911743164,78.43320095178588,77.33174577418333,77.6155555516528,84131900
2005-04-28,77.16957092285156,78.16966923345579,77.16957092285156,77.89261312551109,72481500
2005-04-29,78.21696472167969,78.29805543957093,77.01414742816006,77.7574609646113,103993800
2005-05-02,78.65620422363281,78.66296307294299,78.06154921613349,78.43320859582056,56026400
2005-05-03,78.79133605957031,78.96027117340108,78.17641492608142,78.43319444312759,86000300
2005-05-04,79.39952850341797,79.56846367044652,78.57512406343992,78.82514996661934,81055700
2005-05-05,79.3724594116211,79.73735981247252,78.88592554381918,79.51436426381504,96906700
2005-05-06,79.1224594116211,79.73062694453533,79.10218801977251,79.69008416083815,67415400
2005-05-09,79.61575317382812,79.79144716429164,79.09543520711756,79.20355101667799,43750500
2005-05-10,78.79133605957031,79.39950350045918,78.64943118261134,79.30490024915319,74613500
2005-05-11,79.22381591796875,79.33193687416225,78.28453702187431,79.01433800970754,91647400
2005-05-12,78.35213470458984,79.46034907695018,78.35213470458984,79.27790135030841,95086800
2005-05-13,78.1966781616211,78.80484553909888,77.57499824486159,78.58860882216122,85267000
2005-05-16,78.9264907836914,78.9535158662847,78.15614704251333,78.18317212510662,49207000
2005-05-17,79.45355987548828,79.5346454264302,78.4940097157469,78.66294482086293,61071800
2005-05-18,80.27123260498047,80.46719801256143,79.74415572172441,79.79821105566685,77944900
2005-05-19,80.60908508300781,80.69017579920519,80.21039550606767,80.42663226043645,61768100
2005-05-20,80.49420166015625,80.6766493073477,80.23741699793602,80.64286022374283,46345500
2005-05-23,80.94022369384766,81.11591772692366,80.54153913837852,80.55505168454162,51047900
2005-05-24,80.7509994506836,80.97399507979004,80.54827521413381,80.71045666557023,50654100
2005-05-25,80.69017791748047,81.00101793782757,80.29824717880722,80.64962998057187,47608800
2005-05-26,81.12266540527344,81.23078122616602,80.83209672560501,80.9469713963946,43256200
2005-05-27,81.25778198242188,81.25778198242188,80.9537008688001,81.12938965843088,24596100
2005-05-31,80.73746490478516,81.20372227299812,80.68340443570565,81.14290811190125,43377200
2005-06-01,81.42671203613281,81.71052174533125,80.71718260764696,80.7644842258467,69611000
2005-06-02,81.60244750976562,81.65650284701789,81.15645617786107,81.24430576744416,39704500
2005-06-03,81.19025421142578,81.69030093562344,80.90644432651573,81.46055154940852,60999400
2005-06-06,81.11590576171875,81.22402158155349,80.78479429689176,81.05508642422456,36046400
2005-06-07,81.17672729492188,81.93355872426969,81.09564171157584,81.35242131799218,66501300
2005-06-08,81.02801513671875,81.48751355339232,80.86583376619863,81.37939779520117,46881200
2005-06-09,81.4132308959961,81.48080392584362,80.71046004350008,80.91317913304266,56653300
2005-06-10,81.22399139404297,81.5280776575142,80.81854819823793,81.46725834262398,36465300
2005-06-13,81.48081970214844,81.81869007229618,80.960496445045,81.04834604079873,49383200
2005-06-14,81.66999816894531,81.89974746691608,81.34564045684965,81.39294208616663,33857100
2005-06-15,81.8254165649414,81.92677867338651,81.24428446453754,81.87272335030798,53195600
2005-06-16,82.03489685058594,82.1970731253078,81.71053914565141,81.80514240219674,46564500
2005-06-17,82.3388442993164,82.70521749543933,82.24385923102135,82.46096869802405,51529400
2005-06-20,82.3659896850586,82.66451198894762,82.05389512681647,82.14888020209459,41019400
2005-06-21,82.41345977783203,82.53558415225801,82.11493237894696,82.43381297752019,39879800
2005-06-22,82.4813232421875,82.73235817036007,82.14208937096417,82.55595510796049,46310100
2005-06-23,81.32113647460938,82.50166878751268,81.30078327243308,82.3116986654705,62185600
2005-06-24,80.72410583496094,81.42292688155655,80.62911557521991,81.33472274957535,58572500
2005-06-27,80.83943176269531,81.01583482338174,80.56804363309266,80.71730736318901,48183800
2005-06-28,81.51793670654297,81.57899634601712,80.9887324592321,81.00908567239014,41174200
2005-06-29,81.30081939697266,81.6875459390499,81.25332684535967,81.66719272783003,42316500
2005-06-30,80.85977935791016,81.63323210903522,80.70372951191581,81.56538637541503,62288800
2005-07-01,81.09725952148438,81.28044873573431,80.88015002125029,81.04298085235115,49737500
2005-07-05,81.74858093261719,81.8571382614691,80.86657592903795,80.90728233920825,51549000
2005-07-06,81.06332397460938,81.85712995012126,81.01583144213339,81.68072689679713,52363600
2005-07-07,81.38219451904297,81.38219451904297,80.23558768264049,80.25594088442611,103268800
2005-07-08,82.31171417236328,82.31171417236328,81.22616671597228,81.3957836677927,64491200
2005-07-11,82.73235321044922,82.84090535105783,82.3049152455025,82.31848749826469,49688300
2005-07-12,82.949462890625,83.20049262812377,82.52881105093023,82.76627371192816,51871100
2005-07-13,83.0647964477539,83.12585605299195,82.76626901868569,82.95623913671183,41182300
2005-07-14,83.39046478271484,83.75005182382615,83.10550442398538,83.43795731312017,63638800
2005-07-15,83.34300994873047,83.47870665990521,83.01734819451161,83.30908965316198,56075900
2005-07-18,83.0105209350586,83.2004910602771,82.8069837335949,83.11229212393927,56598400
2005-07-19,83.46511840820312,83.52618321060643,83.05125775324414,83.25479501655687,59165700
2005-07-20,83.75006866455078,83.94682495187932,82.97661577025161,83.17336688128152,69477000
2005-07-21,83.26158142089844,83.86541743710329,83.0919644460926,83.82471101956565,101110900
2005-07-22,83.81791687011719,83.83148394923165,83.20050865628416,83.37012561485822,52607100
2005-07-25,83.58045196533203,84.09608377890173,83.34977021606252,83.7297157131596,57301600
2005-07-26,83.68225860595703,83.81116921005632,83.4176564432383,83.60763187212714,42758800
2005-07-27,83.987548828125,84.05539458841153,83.48548399044508,83.79079249988429,43181600
2005-07-28,84.5167465209961,84.56423906718297,83.88577116377085,84.10288068581076,47880700
2005-07-29,83.95362854003906,84.55746464355724,83.79079767004428,84.40820603223705,62358100
2005-08-01,83.89251708984375,84.15711903127003,83.75682046840923,84.01464146098641,40418200
2005-08-02,84.39459228515625,84.53706987339717,83.95358726843105,84.04179137755459,45147400
2005-08-03,84.61852264404297,84.63208972532551,84.21144291367187,84.2996418827574,36837200
2005-08-04,83.9400634765625,84.3403571199899,83.83829223925548,84.28608361288629,50855600
2005-08-05,83.37010955810547,84.11642817313238,83.22763196149972,83.75683594212042,53595500
2005-08-08,83.21407318115234,83.72971013667876,83.03088398418322,83.55330706678582,47616000
2005-08-09,83.71613311767578,83.85182459368673,83.36333217426849,83.4922375235895,47170000
2005-08-10,83.67542266845703,84.46922863500465,83.32940269215509,84.00787039203465,72863700
2005-08-11,84.00789642333984,84.15037406330798,83.4583390725628,83.63473700225705,58570200
2005-08-12,83.49223327636719,83.91967123902428,83.28190994635989,83.8382532517806,54776900
2005-08-15,84.00789642333984,84.04182188936531,83.33621464169019,83.60081671253094,36208500
2005-08-16,82.91555786132812,83.80434911557485,82.8341398533723,83.75007561990336,71942100
2005-08-17,82.90880584716797,83.36338344158936,82.79346750399738,82.90202489260584,62275100
2005-08-18,82.90196990966797,83.1529996458079,82.66450207365769,82.80698484578296,53388600
2005-08-19,83.09196472167969,83.32942745193559,82.9087754895542,83.20051689423983,39842100
2005-08-22,83.09196472167969,83.60760177616342,82.69166596813463,83.16659660494572,69912000
2005-08-23,82.9359130859375,83.18694806768123,82.19638557347768,83.11231618598173,55168600
2005-08-24,82.19638061523438,83.26836105470963,82.15566902457277,82.732370834972,79104600
2005-08-25,82.49492645263672,82.54920513811832,82.23711046104967,82.33209557249229,35631100
2005-08-26,81.93179321289062,82.42707193048747,81.87751453317323,82.42029097774764,61956800
2005-08-29,82.5627212524414,82.62378084986052,81.67392520506515,81.69428358050169,56179200
2005-08-30,82.12852478027344,82.29814172102056,81.6807335720779,82.26421626235184,74160200
2005-08-31,83.16659545898438,83.22087413266618,81.91821184579892,82.22352550303467,102945200
2005-09-01,83.10551452636719,83.55330573287769,82.18958408503906,83.12586773097254,74578700
2005-09-02,82.95626068115234,83.37012647846409,82.8002159763751,83.34977327143217,47653400
2005-09-06,83.92642974853516,83.99428064124487,83.21404196175027,83.2208280862805,57251300
2005-09-07,84.06896209716797,84.21822069084676,83.7636484286763,83.87898673227787,41749700
2005-09-08,83.790771484375,84.13000537702429,83.66186094875277,83.89932881464601,39068700
2005-09-09,84.53710174560547,84.63208684024406,83.99433051571344,84.01468372509322,43093900
2005-09-12,84.36747741699219,84.58458692529784,84.31319874584102,84.43532316778165,33017600
2005-09-13,83.89933776855469,84.41496961347605,83.80434750628079,84.21821331358541,58427500
2005-09-14,83.59402465820312,84.07573621908072,83.46511410800385,83.95361179686535,57694600
2005-09-15,83.55330657958984,83.89254046324527,83.38368963776215,83.8518288773238,73156900
2005-09-16,84.14742279052734,84.31094669102482,83.71817060234733,84.01115373983463,75424100
2005-09-19,83.86809539794922,84.18152368708822,83.56148732168961,84.12701396738291,53355300
2005-09-20,83.15950775146484,84.22242152305344,83.03686345487122,83.94306304812694,84480300
2005-09-21,82.38276672363281,83.03686794136189,82.2941871056584,82.98235820696753,94469100
2005-09-22,82.67569732666016,82.89373613890596,82.06248136137873,82.40996902214984,84597200
2005-09-23,82.74386596679688,83.05047405657177,82.37593314006706,82.60759166152664,59368100
2005-09-26,82.8392333984375,83.28892549066235,82.49855552316674,83.13902639381013,70415400
2005-09-27,82.81884002685547,83.1186331904404,82.4577169098455,82.79839497626888,66150800
2005-09-28,82.90058135986328,83.20719467178988,82.58034321551786,83.07773537130974,58620500
2005-09-29,83.57511138916016,83.71138048037001,82.49856789427142,82.81880597678045,66607700
2005-09-30,83.83399963378906,83.83399963378906,82.94823521121066,83.5478315089552,47824200
2005-10-03,83.53423309326172,84.0384350085145,83.43202866762498,83.77952163545669,50994800
2005-10-04,82.5939712524414,83.8272238907523,82.55309155783816,83.66369991400578,60776300
2005-10-05,81.51061248779297,82.65529072066525,81.46973279322616,82.61441102609842,106052100
2005-10-06,81.2176284790039,81.93986933259411,80.51583267084558,81.61281618401866,140941800
2005-10-07,81.49698638916016,81.79678467354691,81.16993324270793,81.5583059300574,75661400
2005-10-10,80.80877685546875,81.56508202229305,80.60437328501924,81.5446421850812,52677000
2005-10-11,80.6929702758789,81.34707124175416,80.6180207195287,81.07452787305637,75629800
2005-10-12,80.05934143066406,81.16994999783371,79.99802187710921,80.6657479413785,100510400
2005-10-13,80.01165008544922,80.45453260702355,79.63690213680908,80.03208993749601,99052900
2005-10-14,80.85651397705078,80.9519033996559,80.10020841330035,80.48177130205453,88651000
2005-10-17,81.1562728881836,81.2652870903958,80.70657565843904,80.9450542975448,68109300
2005-10-18,80.27733612060547,81.05408127777011,80.2637112925552,81.04045644971983,74996900
2005-10-19,81.61280822753906,81.62643825649819,79.80040425094549,80.05931761950659,116563800
2005-10-20,80.17512512207031,81.6332259251304,79.92302683638434,81.41519230593444,131966700
2005-10-21,80.48857116699219,80.93145354480282,80.0661338329264,80.59759060696595,96579500
2005-10-24,81.7354507446289,81.82402513763303,80.67935224958171,80.69979209424937,71308400
2005-10-25,81.57194519042969,81.92624804070468,81.0404883158502,81.57194519042969,76594500
2005-10-26,81.33345031738281,82.13063542047244,81.21080605549729,81.42883972125682,80855800
2005-10-27,80.46810913085938,81.33343380243791,80.35227990657928,81.21759937982624,66623100
2005-10-28,81.62642669677734,81.72862590783292,80.46811872093616,80.69296738192284,72322000
2005-10-31,81.8512954711914,82.64848595227416,81.8512954711914,81.96031492780689,77698900
2005-11-01,82.09654235839844,82.37590067535615,81.91257861670107,82.157867071185,66365100
2005-11-02,82.95509338378906,82.95509338378906,81.85129478728223,81.87854965120836,74012300
2005-11-03,83.30937194824219,83.5751054945244,82.95506921708632,83.22761257861589,84897600
2005-11-04,83.20039367675781,83.43886727177531,82.81883592472981,83.39798756929645,59156000
2005-11-07,83.28213500976562,83.54786339829869,83.02321643751996,83.37752442111939,46765400
2005-11-08,83.28213500976562,83.41158909755542,82.9823367464635,83.07772615781727,42152800
2005-11-09,83.39116668701172,83.77272441220083,83.03004881162428,83.17994797461547,57666800
2005-11-10,84.03846740722656,84.16111172560618,82.95511359348575,83.35711123808089,79048100
2005-11-11,84.3246078491211,84.3791123705235,83.41840325226882,84.04524943422692,34867000
2005-11-14,84.27690124511719,84.50174471019795,84.06567741054786,84.34503578600021,45092200
2005-11-15,83.97026824951172,84.54941950820066,83.7113549757639,84.18149203436518,69592500
2005-11-16,84.140625,84.18150988224079,83.7931372901121,84.05886563218267,51133000
2005-11-17,84.92417907714844,84.93099409008609,83.9021454664334,84.27007819009062,55717500
2005-11-18,85.25804138183594,85.36024578191133,84.71295991198666,85.21034668824497,72437200
2005-11-21,85.68731689453125,85.78952131616226,85.15586014004934,85.27168939200918,50021200
2005-11-22,86.05523681640625,86.20513072092496,85.45564040500324,85.5510297980297,66438800
2005-11-23,86.55264282226562,86.81156140219832,85.9939311684633,86.02118602942113,50854700
2005-11-25,86.62079620361328,86.68212095368139,86.40276246689155,86.51859695072366,15270000
2005-11-28,86.00756072998047,86.71616631769415,85.87810144071875,86.702541486456,54498500
2005-11-29,85.91215515136719,86.51856662988706,85.91215515136719,86.29371795566051,51738900
2005-11-30,85.4488525390625,86.20515286423225,85.3670879533234,85.95986950368173,56007200
2005-12-01,86.32098388671875,86.55264240624696,85.83722180329237,85.86447146578601,65468200
2005-12-02,86.43000793457031,86.58672210251572,86.19153437320448,86.37549820673418,46699400
2005-12-05,86.24603271484375,86.34823714146002,85.97348930997808,86.3277920974703,59273400
2005-12-06,86.40957641601562,87.03642275155713,86.28011709950852,86.56629059906813,57935200
2005-12-07,85.90538024902344,86.44365220381285,85.63283676328601,86.37551243362752,66816500
2005-12-08,85.85083770751953,86.40954930053992,85.49653495027866,86.0007368273135,62608600
2005-12-09,86.0757064819336,86.38231460884917,85.72821345931779,85.95987720717294,50744500
2005-12-12,86.15743255615234,86.43679090900721,85.82356969399932,86.33458650678392,48389900
2005-12-13,86.743408203125,87.00913655835235,86.04842755060707,86.13700193623873,88630900
2005-12-14,87.08409118652344,87.27486999643011,86.62758400591349,86.66165387839655,64375000
2005-12-15,86.83199310302734,87.21355072397829,86.65483912258611,87.10453129037361,55900300
2005-12-16,86.55253601074219,87.23750384544202,86.55253601074219,87.18270516445247,46238300
2005-12-19,86.1072769165039,86.90184184598331,86.09357986380753,86.8059467994445,48733000
2005-12-20,86.18948364257812,86.71005531199074,85.94974600194223,86.21003183664854,46603200
2005-12-21,86.32649230957031,86.82652111055957,86.1689526396747,86.45663786583252,51806900
2005-12-22,86.77857208251953,86.77857208251953,86.36074130727539,86.5182809744654,32247900
2005-12-23,86.82649993896484,86.89499565812585,86.59360822275136,86.84019699244169,27977300
2005-12-27,85.94290161132812,87.02515187506404,85.8812517983867,86.9635020621226,44499500
2005-12-28,86.13468933105469,86.29908011782133,85.96344740395517,86.12783819072182,30764300
2005-12-29,85.75113677978516,86.27855978619068,85.66208760436628,86.11416894633437,32788900
2005-12-30,85.28535461425781,85.66208382337909,85.1826083841737,85.483995932183,44645600
2006-01-03,86.7854232788086,86.99091572126201,85.20314923994285,85.75112560255872,73256700
2006-01-04,87.1964111328125,87.32655147330047,86.78542623391134,86.89502360052234,51899600
2006-01-05,87.25120544433594,87.3950480700034,86.90872150915908,87.09366576065305,47307500
2006-01-06,87.977294921875,88.07319002743296,87.23752819966391,87.68960960520111,62885900
2006-01-09,88.20331573486328,88.4019518188044,87.9361786830637,87.96357279913892,43527400
2006-01-10,88.29235076904297,88.34714945068852,87.85397176765844,87.94302093180492,44960800
2006-01-11,88.57318115234375,88.66223030750149,88.17589858935075,88.37454509673664,49598900
2006-01-12,88.22386932373047,88.55265099561707,87.9772804568703,88.41565950331272,40509200
2006-01-13,88.14165496826172,88.29234872635564,87.8128733377748,88.06631854099435,44856700
2006-01-17,87.90191650390625,87.96356109570898,87.54573033163679,87.81286734789417,52066600
2006-01-18,87.55259704589844,88.29235840856168,87.10052094793149,87.38820621262776,75067600
2006-01-19,87.88824462890625,88.20333451565367,87.54576062025068,87.76495540264584,81530400
2006-01-20,86.28538513183594,87.8882070994902,86.28538513183594,87.86765890388781,114957800
2006-01-23,86.59362030029297,86.86760844103955,86.39497902889893,86.44977770222607,67017400
2006-01-24,86.6827163696289,87.09369619025505,86.59366717080042,86.73750984672496,53008800
2006-01-25,86.7580337524414,87.11421474885651,86.1963550768146,87.01831966421051,87747700
2006-01-26,87.23747253417969,87.44981081443945,86.82649302604646,87.162125681335,71294000
2006-01-27,88.0457534790039,88.12795671947424,87.29914111031252,87.44298894230148,65771200
2006-01-30,87.977294921875,88.23072974689617,87.91565030796973,87.977294921875,33709600
2006-01-31,87.33341217041016,88.0457742277615,87.32656102777486,87.89509089691016,72937000
2006-02-01,87.9429931640625,87.97038727034575,87.48406610843824,87.5525618259229,63561000
2006-02-02,86.92239379882812,87.77175220173012,86.85389808060654,87.74435809515215,83626900
2006-02-03,86.49085998535156,87.94299323630509,86.40181607513719,86.70320350338315,86040400
2006-02-06,86.71690368652344,86.85390035243834,86.42236738716696,86.60731157967997,45511900
2006-02-07,85.94976043701172,86.75802263682185,85.89496175969488,86.56622726621292,71208100
2006-02-08,86.73062133789062,87.74437594178143,86.03195128261589,86.20319322594351,59422200
2006-02-09,86.58676147460938,87.40186940878125,86.55936214203132,86.9360912067309,62023300
2006-02-10,86.74432373046875,87.07995649678995,85.929210357799,86.6004811163311,64508700
2006-02-13,86.58676147460938,86.84704729526845,86.27167176290584,86.71690177199474,52308700
2006-02-14,87.504638671875,87.6964288246025,86.44978760598399,86.62102956033208,90964400
2006-02-15,87.81285858154297,87.89506181418581,87.15529020517832,87.45667767072045,85471300
2006-02-16,88.47042846679688,88.5046789413109,87.79915261200955,87.90874994974348,61017900
2006-02-17,88.230712890625,88.47045583460888,88.07317320125937,88.39510894808086,40342600
2006-02-21,88.01150512695312,88.63481780187206,87.8745032230539,88.43618176406274,46456300
2006-02-22,88.5457763671875,88.80605698263264,88.12108929143832,88.20329252159034,42326700
2006-02-23,88.4156265258789,88.79920674197491,87.8676503092659,88.5457720531494,43423200
2006-02-24,88.64167785644531,88.6896201633826,88.19644255380264,88.43618544382394,36777400
2006-02-27,88.67594909667969,89.07322128184693,88.55264943952582,88.63484224310791,35858600
2006-02-28,87.83341979980469,88.98417116142565,87.76492928952138,88.49783941505109,74394800
2006-03-01,88.61426544189453,88.69646867072619,88.01834690469607,88.08684785342624,48641600
2006-03-02,88.60745239257812,88.6485487963481,88.09372644189105,88.29236254403965,60642300
2006-03-03,88.1964340209961,89.09375045423677,88.12108715871717,88.13478943870714,73402500
2006-03-06,87.79230499267578,88.48411857660194,87.5731155473538,88.45672446858921,57478400
2006-03-07,87.65532684326172,87.71697143447254,87.2648954212583,87.57997997007777,61780800
2006-03-08,87.84027862548828,87.9772701016683,87.11420916924268,87.47039014284461,66692400
2006-03-09,87.25120544433594,88.1416605402617,87.25120544433594,87.8676775728323,56313600
2006-03-10,88.08000183105469,88.25124377121233,87.292293087041,87.47723208301996,60490800
2006-03-13,88.24437713623047,88.47041769837705,88.03888476593575,88.25122304958906,45479100
2006-03-14,89.16910552978516,89.20335601104081,88.09371149045771,88.16221245296903,69877300
2006-03-15,89.56637573242188,89.63487668546028,88.94306304759553,89.14854500315477,53398900
2006-03-16,89.75132751464844,90.05271501059441,89.62118196396459,89.73762523252937,65526400
2006-03-17,89.8262710571289,90.01882386056624,89.66123179323449,89.86753087310251,47286800
2006-03-20,89.68186950683594,90.01883169550898,89.54433327717297,89.84003564628128,45538500
2006-03-21,89.11796569824219,90.08074038303785,89.02168927909689,89.65436438967208,87102700
2006-03-22,89.66123962402344,89.75063240199333,89.02168094055276,89.06294076012989,51605700
2006-03-23,89.47554779052734,89.66810058463035,89.16608869238611,89.578697325461,46704200
2006-03-24,89.54431915283203,89.79188852451152,89.2211032927688,89.39302617606455,43209200
2006-03-27,89.41368103027344,89.59247710118524,89.22112818672443,89.42055416992055,32523000
2006-03-28,88.86348724365234,89.7643613361892,88.74658095999031,89.35174228169153,82079900
2006-03-29,89.42053985595703,89.7437557544634,88.91164428327139,88.99417441254067,61505700
2006-03-30,89.26239776611328,90.0738690535576,89.09047481606042,89.47558054524377,70571700
2006-03-31,89.28302001953125,89.56497615182667,88.96667720150704,89.41368312929465,62925600
2006-04-03,89.2142333984375,89.99820144724383,89.04919412079931,89.44805653066102,61624700
2006-04-04,89.7850112915039,89.90191760127493,88.95978349154672,89.21422601908714,54809300
2006-04-05,90.09447479248047,90.28015446684932,89.66123621007489,89.81940234354546,50607200
2006-04-06,89.99822998046875,90.23205318682406,89.5306045544481,89.9844836985352,57906200
2006-04-07,89.08357238769531,90.36267928595967,88.95291978762894,90.12886664161955,80180900
2006-04-10,89.22115325927734,89.45496599310007,88.89105358327899,89.22115325927734,41496500
2006-04-11,88.46466827392578,89.4411893215109,88.19646890517595,89.2967799270614,72799400
2006-04-12,88.62968444824219,88.8016073243486,88.44400480391218,88.55403796302178,43033700
2006-04-13,88.51280212402344,88.88415101991798,88.23771915174743,88.4302719856694,51051800
2006-04-17,88.47843933105469,88.92543485335145,88.03831694991723,88.59534569083468,64167700
2006-04-18,89.88127899169922,90.04632873304818,88.66406207093247,88.66406207093247,92531800
2006-04-19,90.05322265625,90.13575279264359,89.56496744373972,89.91568642005029,87269000
2006-04-20,90.17701721191406,90.67902922164244,89.81254144539777,90.08761393182196,86005500
2006-04-21,90.19076538085938,90.63088766436657,89.82628960670543,90.56212478799094,72342600
2006-04-24,90.0257339477539,90.13576715157922,89.66125814175845,90.01197717393977,52546400
2006-04-25,89.65437316894531,90.17014199916018,89.34491396948513,90.11512539806934,84359800
2006-04-26,89.67493438720703,90.1838296874502,89.60617155852704,89.74370770922269,67262400
2006-04-27,90.10823822021484,90.52085741744338,89.11796054154003,89.33114327921601,124478600
2006-04-28,90.41083526611328,90.60338811676112,89.88819331340387,89.94319941929467,55854400
2006-05-01,89.67493438720703,90.63770842874798,89.6199283215973,90.41076905809909,64990300
2006-05-02,90.34891510009766,90.40393168080384,89.90879294778813,90.09446210266414,49063500
2006-05-03,90.011962890625,90.3076757673131,89.7093768747924,90.19075894846144,60821300
2006-05-04,90.33515930175781,90.51395532096821,90.06696002627224,90.14260651388817,42921400
2006-05-05,91.13290405273438,91.32545688299298,90.67215188794827,90.80968812479838,62588200
2006-05-08,91.02289581298828,91.30485199648052,91.0228958129883,91.126045395561,30016700
2006-05-09,91.20166778564453,91.30482783426287,90.98848504251258,91.06413154749575,29864000
2006-05-10,91.15353393554688,91.29107017235467,90.69965491007314,91.0572575204472,64378200
2006-05-11,90.05322265625,91.15353353253205,89.75752027308775,91.12601998928679,80626900
2006-05-12,88.87728881835938,89.89506970767839,88.84290213092524,89.6475002488339,91726500
2006-05-15,89.05608367919922,89.22113348060992,88.44403842731529,88.56781790836563,84029300
2006-05-16,88.92539978027344,89.3999086667469,88.71909020006656,89.23485890391318,62137600
2006-05-17,87.23368835449219,88.78099987754179,87.17867176101988,88.48528699929592,144789500
2006-05-18,86.7935562133789,87.85260190706452,86.72478810270748,87.5775242177083,87906300
2006-05-19,87.40560150146484,87.67380080631666,86.51160556751564,87.24743537125508,124309400
2006-05-22,86.7385482788086,87.4537482438116,86.30530441635675,86.84170307844124,110852800
2006-05-23,86.07836151123047,87.77008231979615,86.07836151123047,87.46062317977555,92006500
2006-05-24,86.76603698730469,87.26117571642459,85.79639468166978,86.42906961480304,168405000
2006-05-25,87.8388442993164,87.8388442993164,86.94484318250056,87.28181057411939,78977900
2006-05-26,88.285888671875,88.285888671875,87.68759483554838,88.03143553572872,62989700
2006-05-30,86.7179183959961,88.02453361619571,86.6835369605549,88.00390370559678,72419900
2006-05-31,87.68756103515625,87.68756103515625,86.78668143392022,87.07551590541287,86926200
2006-06-01,88.52656555175781,88.67098545184716,87.52253611847301,87.59818263883515,73721700
2006-06-02,88.71221160888672,89.0079139441129,88.24458638294564,88.88413449960161,91702600
2006-06-05,87.41934204101562,88.6159237363979,87.17864582784237,88.60905059926178,86105100
2006-06-06,87.20616912841797,87.59815312610726,86.48409610460637,87.48124681463355,130498600
2006-06-07,86.55287170410156,87.78384039026507,86.50473349834863,87.27495003706667,108599400
2006-06-08,86.47720336914062,86.99297197770409,85.1843452791426,86.36029707706695,204957200
2006-06-09,86.2021484375,87.3093324286242,86.16088861687979,86.89671848240913,94972200
2006-06-12,85.26689910888672,86.60102279057375,85.14999276990862,86.56663610420527,95815900
2006-06-13,84.276611328125,85.85142054324939,84.276611328125,85.09496079982628,185688800
2006-06-14,84.9299545288086,85.01935259214186,84.13222936058024,84.4760753303325,163566400
2006-06-15,86.73165893554688,86.89670343612102,85.177474585686,85.23936430590003,134057000
2006-06-16,86.09961700439453,86.72817945070946,85.96837643291663,86.54168440637797,94253500
2006-06-19,85.42269897460938,86.67292563107608,85.33981462977476,86.6176658879469,95804400
2006-06-20,85.71281433105469,86.21014153525749,85.4572472126825,85.65755985158974,65494700
2006-06-21,86.34831237792969,86.82491334224142,85.62304247982858,85.65067236136073,75008200
2006-06-22,85.96841430664062,86.38285201984988,85.6783084343803,86.30687115761101,74566100
2006-06-23,85.95457458496094,86.54860371671366,85.67137232151289,85.87859374695584,54107000
2006-06-26,86.33448791503906,86.38283888639795,85.82334832212221,86.02366099485491,37899600
2006-06-27,85.5885009765625,86.54170808479483,85.49179376542592,86.34830420224282,69780200
2006-06-28,86.168701171875,86.18251347456702,85.40889804717713,85.78189345818005,62368100
2006-06-29,87.90937805175781,87.96463782543992,86.45884324670575,86.47956434437103,110634800
2006-06-30,87.91631317138672,88.17879454005745,87.6952792803219,88.09590485470927,54227800
2006-07-03,88.27547454833984,88.42052223930594,87.93701236987782,88.01990203457792,23914000
2006-07-05,87.77120971679688,88.03368566471265,87.39130546467874,87.92317141764413,69653400
2006-07-06,88.02680969238281,88.31000682087482,87.77814597134177,87.86103036511393,50100300
2006-07-07,87.45348358154297,88.10967615807805,87.23244979335483,87.8541089694656,81626500
2006-07-10,87.6192855834961,88.01991109934502,87.31536732135454,87.68145415588921,60964100
2006-07-11,88.00604248046875,88.00604248046875,86.99066702989874,87.4534555521753,73640800
2006-07-12,87.06665802001953,87.99914395915582,86.83871549027107,87.82646118265427,82561300
2006-07-13,85.65068054199219,86.8111093278717,85.65068054199219,86.65223881135312,102405700
2006-07-14,85.31912994384766,85.8302749126487,84.84252891869767,85.74047646874115,103242500
2006-07-17,85.1948013305664,85.71975862689698,85.06356595888022,85.31913318312202,81159000
2006-07-18,85.62995910644531,85.68521887456822,84.53860240039465,85.4503674949766,122771000
2006-07-19,86.81800079345703,87.21171734207901,85.4572595712437,85.77499527102106,133565300
2006-07-20,86.22399139404297,87.23936727118732,86.1065683351538,87.11503542358064,112259800
2006-07-21,85.61613464355469,86.47264517098789,85.52634147997298,86.44501528914864,101560000
2006-07-24,87.17719268798828,87.25317354904507,85.95460066256233,85.95460066256233,92884000
2006-07-25,87.48800659179688,87.93007408904471,86.83871764965028,87.01830921723854,95480700
2006-07-26,87.60543823242188,88.03368819819514,87.15646190423246,87.43965895225728,84525800
2006-07-27,87.52257537841797,88.19949447160762,87.1703008875814,87.98536415332615,87257100
2006-07-28,88.39978790283203,88.5103021627656,87.62616700385213,87.75049883994066,82137000
2006-07-31,88.30996704101562,88.38594788098884,88.03367355655483,88.17873172003816,49593100
2006-08-01,87.87481689453125,87.98533113713275,87.44656168853196,87.95770125901727,65225600
2006-08-02,88.46885681152344,88.73133805047254,88.10277010442185,88.12349119805235,64770900
2006-08-03,88.70368957519531,88.79348799392048,87.8264633674835,87.95769869738447,63693800
2006-08-04,88.55175018310547,89.40134672744314,88.05442807586131,89.1595970972843,96294200
2006-08-07,88.34452819824219,88.46886003441558,87.99916257218953,88.34452819824219,45377300
2006-08-08,88.00604248046875,88.73131216512147,87.68830157129133,88.47573451870082,90901300
2006-08-09,87.70905303955078,88.8280395182704,87.45348058982009,88.53792312957474,78910600
2006-08-10,87.97840881347656,88.06820194576211,87.22550928788793,87.43273069452755,69322300
2006-08-11,87.72980499267578,87.86104038773964,87.3015495865053,87.84031928693285,47482200
2006-08-14,87.7988510131836,88.52412094522673,87.66761038722917,88.1580289501887,57839000
2006-08-15,88.84876251220703,89.01453126389649,88.34452638975336,88.58628126906903,68143000
2006-08-16,89.58783721923828,89.7190778375303,89.13195208403083,89.32536652237623,71737600
2006-08-17,89.81580352783203,90.05064967541985,89.4428132075293,89.50497650429229,70992800
2006-08-18,90.27166748046875,90.27166748046875,89.51185890025567,89.9263018603214,58288400
2006-08-21,89.88484191894531,89.9884473686373,89.65689938990272,89.9193700423625,42133600
2006-08-22,89.8779525756836,90.15425141703481,89.57402912005881,89.78816467450217,60839900
2006-08-23,89.62931823730469,90.09902115154367,89.23560675157829,89.91942421092587,66592100
2006-08-24,89.55331420898438,89.86415174443636,89.38063137361053,89.78817087528292,57983000
2006-08-25,89.66383361816406,89.96775709432028,89.48424726394623,89.5464105550535,41756000
2006-08-28,90.09210205078125,90.36149744663682,89.54642881801011,89.55333233852207,52681500
2006-08-29,90.1957015991211,90.36838443786813,89.66383550465747,90.13353830670593,61817800
2006-08-30,90.2509536743164,90.51342439981208,90.17497281015955,90.3960013442466,50052200
2006-08-31,90.23714447021484,90.47890466216184,90.19570227496087,90.38220269332786,37510300
2006-09-01,90.77588653564453,90.88640604925962,90.37526120358051,90.58248265667858,48794500
2006-09-05,90.94859313964844,91.07293025995536,90.6239485707162,90.838073597092,52348300
2006-09-06,90.14733123779297,90.5963128721073,90.02300467241886,90.56177420181814,53795600
2006-09-07,89.73290252685547,90.18878769820431,89.34609469894356,89.83650800228801,86269400
2006-09-08,89.98844909667969,90.11278617841792,89.6776222019147,89.85030498119751,45096300
2006-09-11,90.07828521728516,90.27168916785436,89.4358995288251,89.69838083590822,68496600
2006-09-12,90.96240234375,91.06600781803184,90.05063201117896,90.18187263841776,69875600
2006-09-13,91.32849884033203,91.48736409779615,90.84498900909962,90.92787339738979,62898400
2006-09-14,91.33540344238281,91.34231750130486,91.00385534556722,91.14891356651877,57805400
2006-09-15,91.5497817993164,91.8480974528495,91.35551669789747,91.7925946504551,76703100
2006-09-18,91.67465209960938,91.84809438151314,91.33470141609037,91.4318286705134,64154100
2006-09-19,91.44569396972656,91.66770514020375,90.93231166362978,91.66076067482929,92089100
2006-09-20,91.93132019042969,92.1117068933744,91.61912627866076,91.7509440735591,75204100
2006-09-21,91.4873046875,92.09782472861178,91.17511078868554,92.00069750262342,88932500
2006-09-22,91.20979309082031,91.35547862357058,90.88372087894896,91.34854474594005,65966800
2006-09-25,91.91053771972656,92.1672395140701,90.91845287669389,91.39021083632628,92299100
2006-09-26,92.6736831665039,92.68756151343166,91.85503007499821,91.92441122356,73962700
2006-09-27,92.7846908569336,92.94425479892264,92.45861850629689,92.61124856770459,82432200
2006-09-28,92.7499771118164,92.95810992411258,92.4655292878808,92.78466767821153,58597500
2006-09-29,92.6736831665039,92.92344048081856,92.60430201794213,92.82631322447824,47966600
2006-10-02,92.3267822265625,92.8471089902924,92.23658886663861,92.64591004678145,51687400
2006-10-03,92.52106475830078,92.8748832539321,92.02848394807367,92.19499237394164,73108100
2006-10-04,93.60334014892578,93.65884295582156,92.32680734855701,92.43086849518784,80890500
2006-10-05,93.78369140625,93.94326590344339,93.48537580780832,93.60331527133702,60505900
2006-10-06,93.66575622558594,93.72820348590079,93.24255667894974,93.62413177609314,64983600
2006-10-09,93.72122955322266,93.86692566671455,93.40903569410841,93.5547318076003,41176800
2006-10-10,93.84615325927734,93.97102662146703,93.54782702836286,93.72821377740594,56403700
2006-10-11,93.73515319824219,93.95715382839373,93.17320186301905,93.54783255780866,104071800
2006-10-12,94.54684448242188,94.62315950071537,93.93632433607385,93.97101490549372,59158600
2006-10-13,94.78970336914062,94.84520618377614,94.38037143446354,94.46363094945656,53944000
2006-10-16,94.93538665771484,95.08108286580644,94.64400482761087,94.7133859907172,42273000
2006-10-17,94.63703918457031,94.83822755233102,94.1236462736894,94.67866363403283,90500600
2006-10-18,94.76190948486328,95.30304848262112,94.42196943447007,95.07410343186584,86848600
2006-10-19,94.91448974609375,94.96305863415229,94.51210264844924,94.62310817595181,64063200
2006-10-20,94.93538665771484,95.01170170270012,94.5815681324627,94.93538665771484,48094500
2006-10-23,95.37240600585938,95.60135099992755,94.62313436692884,94.74107380276892,66219900
2006-10-24,95.65684509277344,95.69152506375694,95.19895514621652,95.2405795802541,53234900
2006-10-25,95.98296356201172,96.02458801612272,95.40018944622709,95.55976396842173,78105400
2006-10-26,96.28131103515625,96.43394114140317,95.72629342935657,96.19806209941441,66843700
2006-10-27,95.67770385742188,96.26046738960862,95.48344934669296,96.16334013424417,80238000
2006-10-30,95.60832214355469,95.87889168090224,95.32387425950097,95.50426100845056,49717800
2006-10-31,95.59445190429688,95.92052427004673,95.21982120007242,95.78871701642841,71274100
2006-11-01,94.94923400878906,95.95519702893144,94.85210676379756,95.89276035416744,83005600
2006-11-02,94.89373779296875,95.0533017237874,94.60235603779172,94.70641716961335,60693100
2006-11-03,94.72721099853516,95.31691886053154,94.08894481314492,95.23366997124243,71346400
2006-11-06,95.79560852050781,95.93436017972742,95.01164629611115,95.0185907600196,63303300
2006-11-07,96.1633529663086,96.42004419272256,95.74015331444653,95.87890504261412,63318900
2006-11-08,96.37145233154297,96.46857956608518,94.9492237938305,95.74012001398127,87517800
2006-11-09,95.86500549316406,96.53102846158532,95.67075099947368,96.44083509448767,95916300
2006-11-10,95.9066162109375,95.97598674905045,95.54585342010105,95.83723508675128,48991500
2006-11-13,96.14248657226562,96.46161430865519,95.78866827685833,95.86497268619608,59398200
2006-11-14,96.86402893066406,96.94728841309576,95.82337538190806,96.4130832939666,96704000
2006-11-15,97.14152526855469,97.43984081708459,96.80157469332613,96.8293313777919,76509600
2006-11-16,97.39127349853516,97.59939568242902,96.77381965214772,97.43289793531393,76728800
2006-11-17,97.4190444946289,97.42597837384018,96.94034217717207,97.07909386392366,56353800
2006-11-20,97.47459411621094,97.6411025719535,97.08608497222522,97.33584236279893,69174200
2006-11-21,97.57169342041016,97.59250564814937,97.32886998201633,97.46763228171405,51367900
2006-11-22,97.76593017578125,97.93243855352301,97.47454845428963,97.64799071132573,45505300
2006-11-24,97.37055206298828,97.71049233767111,97.26648028793824,97.29423699571782,30998000
2006-11-27,96.03150939941406,97.3704891535058,96.00376329564307,97.32192023931223,84545100
2006-11-28,96.44783020019531,96.54495749803715,95.81649747118269,95.90669088563635,106652900
2006-11-29,97.45378112792969,97.49540559502299,96.48944215797466,96.76001178016118,90034900
2006-11-30,97.4953842163086,97.85614716214283,96.96117897156452,97.43294752935972,83994300
2006-12-01,97.2802734375,97.58553343921541,96.41306233538711,97.4953400970523,126080000
2006-12-04,98.02265930175781,98.20304609404377,97.28726554081177,97.30114389085209,87813200
2006-12-05,98.44583892822266,98.48747396985632,98.00182709215835,98.20995995601788,73374400
2006-12-06,98.36257934570312,98.56377830716747,98.16832485012958,98.42501602226403,53253200
2006-12-07,97.93245697021484,98.72335338758852,97.89776639506884,98.53603275066186,62857400
2006-12-08,98.11280059814453,98.4458067197239,97.66878890734746,97.91161226675197,79625500
2006-12-11,98.39729309082031,98.57766928316933,98.0573423504656,98.11284516028343,39779400
2006-12-12,98.3209457397461,98.4250068576582,97.7451161864572,98.30013351616367,77451600
2006-12-13,98.42505645751953,98.75112890606368,98.20998964807134,98.67481385244525,55520200
2006-12-14,99.29225158691406,99.37551109537581,98.40422779456539,98.41810614365545,64755200
2006-12-15,99.30130004882812,99.68500118326348,99.23154298033167,99.51059254443454,70857400
2006-12-18,99.02923583984375,99.67804159585282,98.88971103969918,99.44083772604117,48954600
2006-12-19,99.21758270263672,99.45477588561882,98.49901999562398,98.75016884968092,65023600
2006-12-20,99.16178894042969,99.52456193983387,99.07109302931363,99.25945736583927,41469600
2006-12-21,98.79898834228516,99.36407054895069,98.58970652134015,99.25245712613237,48698400
2006-12-22,98.19207763671875,98.81994456784604,98.13626558694254,98.81297205352153,62069100
2006-12-26,98.77114868164062,98.79207687666732,98.21303864244719,98.23396683747389,32696900
2006-12-27,99.41989135742188,99.48268655430454,98.94550499466912,98.97340569157188,39727100
2006-12-28,99.21060180664062,99.55243588115502,99.05712137296011,99.35012657042552,37288800
2006-12-29,98.79898834228516,99.44081076498287,98.66643609231531,99.10594920641385,45461200
2007-01-03,98.6246109008789,99.6640904020394,98.06651167521511,99.23853282318153,94807600
2007-01-04,98.83393096923828,99.09903562683188,98.09443970864912,98.52696992256429,69620600
2007-01-05,98.04559326171875,98.6455596348186,97.93397978037612,98.59673073268044,76645300
2007-01-08,98.49899291992188,98.65247332438184,97.84321494542111,98.2408716238097,71655000
2007-01-09,98.41529846191406,98.78504387441039,97.94787400568347,98.58272391961378,75680100
2007-01-10,98.74317169189453,98.7641105180671,97.87811181894652,98.07344860606746,72428000
2007-01-11,99.17569732666016,99.49660315211378,98.7152561213868,98.77106814430373,54476800
2007-01-12,99.92916870117188,99.92916870117188,99.14083831694059,99.16873901286084,55370600
2007-01-16,99.73382568359375,100.06868723907105,99.57336209560809,99.81056589891739,44871300
2007-01-17,99.77568817138672,100.08264905152181,99.57336820718061,99.65709158498136,50241400
2007-01-18,99.44078826904297,99.943085815793,99.28033536093116,99.8803012837129,68177300
2007-01-19,99.63613891601562,99.83147567445036,99.38499013444883,99.44079151252593,56973000
2007-01-22,99.32920837402344,99.83150609019248,99.01526431762414,99.81057790577361,60253600
2007-01-23,99.62220764160156,99.81754444786478,99.10595428501587,99.24547905448138,54064400
2007-01-24,100.42447662353516,100.44540480536288,99.69894148170788,99.74079784536333,55834700
2007-01-25,99.24547576904297,100.40355154287889,99.07106715172034,100.36169517793061,73583800
2007-01-26,99.15482330322266,99.517585682727,98.77112208926545,99.46178427438842,67255600
2007-01-29,99.09896850585938,99.62219430510356,98.88270354538076,99.19663689591604,66114600
2007-01-30,99.61522674560547,99.66406627080896,99.1059565352175,99.30827650383507,70407600
2007-01-31,100.28499603271484,100.55010064603842,99.34318485542646,99.50364851352313,91868600
2007-02-01,100.88492584228516,100.91980969642515,100.3965838194985,100.5640092872781,69312400
2007-02-02,101.0244369506836,101.1221053420317,100.72445926477732,100.96862492061948,49607000
2007-02-05,101.05230712890625,101.11509164525967,100.6965069127996,100.94765562326525,45705300
2007-02-06,101.08029174804688,101.17796018071871,100.68961801735946,101.13610380172518,57081300
2007-02-07,101.30347442626953,101.40811530605781,100.8569889307497,101.24067925334266,55669700
2007-02-08,101.17098236083984,101.24073944048432,100.64775636073526,101.0035462085847,70641000
2007-02-09,100.41754150390625,101.3872533215592,100.03384028575705,101.19888896991125,79084400
2007-02-12,100.07565307617188,100.48725481951843,99.89427196344023,100.41749776618605,65657000
2007-02-13,100.9197998046875,101.08722525605674,100.29192242688282,100.29890558406099,64081800
2007-02-14,101.58258056640625,101.78488992859857,101.00354253660088,101.0174982100465,66039400
2007-02-15,101.715087890625,101.81972878256346,101.4569559487516,101.62439202090826,38715200
2007-02-16,101.66625213623047,101.68718031539187,101.31743495679986,101.46394285598515,39841800
2007-02-20,101.88253784179688,101.99416191677027,101.15700264458523,101.5476762619344,56911800
2007-02-21,101.84069061279297,101.90348581376098,101.40118807636883,101.58256923068207,63971600
2007-02-22,101.76390075683594,102.14760170870115,101.27555892948632,101.88948045247066,79067400
2007-02-23,101.36624908447266,101.70808302186715,101.1778848741402,101.67320982870247,71966200
2007-02-26,101.27564239501953,101.81979668610583,100.9826370571317,101.7360839167271,69192800
2007-02-27,97.32002258300781,100.59890293528737,96.97120529776406,100.37566540816191,274466500
2007-02-28,98.31761932373047,99.05013763563429,97.52929962268507,97.94090139921092,177536300
2007-03-01,98.02457427978516,98.54082740246662,96.30840016731509,97.20834357091972,212828600
2007-03-02,96.74101257324219,98.12930960199428,96.73404005774319,97.70375196519522,162574000
2007-03-05,95.82009887695312,97.37582076710677,95.80614320691316,96.22471750259712,143750400
2007-03-06,97.45954895019531,97.7525541971495,96.07823545882304,96.81772641233488,143333300
2007-03-07,97.36186981201172,97.98974725352974,97.25024573640081,97.38279799555654,115144900
2007-03-08,98.18505859375,98.4780637324287,97.71764487406817,98.04552321290349,117891600
2007-03-09,98.21298217773438,98.6594678233824,97.72464016609707,98.58272760404958,107765100
2007-03-12,98.35951232910156,98.60367806756325,97.78047429694291,97.96185547223386,80366900
2007-03-13,96.4479751586914,98.20601718017502,96.30146722146016,97.79440471131497,190605200
2007-03-14,97.16654968261719,97.22236173000378,95.40153493362186,96.5735559935617,231853800
2007-03-15,97.29911804199219,97.66189108741901,96.83170404358711,96.9503006719829,132435900
2007-03-16,97.02660369873047,97.79704950261758,96.73943656389282,97.57291592793149,121531600
2007-03-19,98.19628143310547,98.28733704179459,97.46085777104867,97.53790235825991,96161200
2007-03-20,98.73561096191406,98.79164437043259,98.02820921801752,98.11225398715536,82147400
2007-03-21,100.36054229736328,100.61268730521542,98.63056014774055,98.82667174414995,152368700
2007-03-22,100.28352355957031,100.63372445595762,100.01036728787956,100.49364623485934,118942200
2007-03-23,100.43058776855469,100.72475516620055,100.26248753249395,100.35354316293693,74416800
2007-03-26,100.29753112792969,100.61270978634897,99.5200847372779,100.50765379597016,113787500
2007-03-27,100.05935668945312,100.26947927265005,99.73016713614295,100.2414572283419,99864600
2007-03-28,99.33097839355469,99.78623524275247,98.93874444777299,99.55510138957625,152907900
2007-03-29,99.4360580444336,99.8843148304468,98.88974542045764,99.83528156782303,139432700
2007-03-30,99.45701599121094,100.04535070395845,98.44843609091288,99.62511620368697,128194100
2007-04-02,99.56908416748047,99.77920676414256,99.09280556922778,99.56908416748047,79416400
2007-04-03,100.64067840576172,100.84379010841079,100.09436617129631,100.13638854513563,82417800
2007-04-04,100.75276184082031,100.82279557969794,100.2694830872653,100.6406950338814,63995200
2007-04-05,101.02594757080078,101.16602577683213,100.58469106888404,100.62671346196524,46822800
2007-04-09,101.166015625,101.41816064546695,100.96289316244776,101.31309398602514,50967400
2007-04-10,101.28507995605469,101.45318019436749,101.04694596723876,101.08896835499678,56620000
2007-04-11,100.87183380126953,101.46016853586016,100.53563336383536,101.43215717638037,106365700
2007-04-12,101.320068359375,101.50216887464396,100.3955333881392,100.67570035848814,115534400
2007-04-13,101.78233337402344,101.78233337402344,101.10994334878673,101.48815539047952,84287000
2007-04-16,102.7489013671875,102.86096817590233,102.13255529381414,102.13955546162914,83064600
2007-04-17,103.02208709716797,103.23920992180922,102.71390862840663,102.93804231015385,108424100
2007-04-18,103.14811706542969,103.44928453723003,102.65783822338425,102.67884941038068,88345300
2007-04-19,103.12012481689453,103.23919180669955,102.51077884339817,102.64385685767445,102947700
2007-04-20,104.09367370605469,104.09367370605469,102.98703798771079,103.81351736429039,124114100
2007-04-23,103.70142364501953,104.17069127371639,103.63839008756993,103.91854635664141,77270800
2007-04-24,103.74349975585938,103.93961138325069,103.18318692747397,103.82054437285468,114471000
2007-04-25,104.69601440429688,104.82209223309889,103.67343418767965,104.17071327339274,108418800
2007-04-26,104.81507873535156,104.92014537125057,104.42986646555771,104.70302261924934,88741600
2007-04-27,104.73103332519531,104.87812233962781,104.2477545899895,104.42285496145372,108191100
2007-04-30,103.862548828125,104.87813970055538,103.80652610478786,104.80809526546352,100874100
2007-05-01,104.12867736816406,104.68900063914016,103.42827595126329,103.95357701393887,134342700
2007-05-02,104.738037109375,105.02520429343943,104.18472461884403,104.28978057043886,87129800
2007-05-03,105.30538177490234,105.34039330406075,104.87112552817057,105.03922575470673,86569700
2007-05-04,105.7046127319336,105.84469092049706,105.21433372832105,105.5855457372906,96409000
2007-05-07,105.72561645507812,105.90071685022973,105.62756066128443,105.67659390182126,63461400
2007-05-08,105.58551788330078,105.70458484653331,105.15127240712593,105.46645092006825,80584000
2007-05-09,105.8727035522461,107.03537271972642,105.31938032881446,105.5084917445564,102070100
2007-05-10,104.76607513427734,105.77465517253877,104.54895234301172,105.57153271876862,153617800
2007-05-11,105.66260528564453,105.7116278492976,104.86414774191552,104.88515893880715,113408900
2007-05-14,105.43147277832031,105.97078510908159,104.91317164471886,105.66260663436087,108027500
2007-05-15,105.45951080322266,106.22294624839553,105.19335468251562,105.55055577560874,180673300
2007-05-16,106.18087768554688,106.20188887675397,105.32638695219399,105.62055431637262,114166500
2007-05-17,105.9707260131836,106.43299346747547,105.83764804719564,106.02675940345623,101132800
2007-05-18,106.89530944824219,106.89530944824219,106.32798575247273,106.46806396211123,99182000
2007-05-21,106.83924865722656,107.32252744086472,106.81123729738765,106.86727070434507,174664600
2007-05-22,106.7552261352539,107.27352724214997,106.7272147695782,106.95133775682932,82148800
2007-05-23,106.76919555664062,107.51161936148516,106.7131621598421,107.12639643804384,133786600
2007-05-24,105.80268096923828,107.30855106332525,105.57855797864832,106.83227234148835,187593000
2007-05-25,106.243896484375,106.47503024278977,105.88668490897132,106.11081850038366,83309200
2007-05-29,106.6291732788086,106.81127389836088,106.07584987504666,106.4190506025355,82020000
2007-05-30,107.49761962890625,107.53964200909854,105.99876084080138,106.08281628846476,129013600
2007-05-31,107.38550567626953,107.78472876036574,107.24541690137103,107.63063965779583,114866700
2007-06-01,107.91787719726562,108.1420001464528,107.51864316503847,107.77779901811365,107771700
2007-06-04,107.931884765625,108.13499651580018,107.49762853069376,107.5396509143659,78008800
2007-06-05,107.5046157836914,107.79177223816612,107.06335947745183,107.67971613540206,126917900
2007-06-06,106.34898376464844,107.12643002213079,106.28595018121823,107.06339643870058,164096800
2007-06-07,104.42985534667969,106.81121588494116,104.40183330517874,106.15283684427614,232414600
2007-06-08,105.78865051269531,105.89371716263128,104.42286956176783,104.76607018524398,175886000
2007-06-11,105.9707260131836,106.42598261414363,105.55048092977707,105.71157024726313,102015600
2007-06-12,104.81507873535156,106.13883712436157,104.7450449986975,105.52949124780606,233898000
2007-06-13,106.38397216796875,106.5100499820335,104.8641023560175,105.41041461331693,193208200
2007-06-14,107.06338500976562,107.24548557155192,106.48205042097719,106.503061613211,146396500
2007-06-15,107.67253112792969,108.08754645436353,107.57404199961651,107.7217649587462,154030800
2007-06-18,107.54596710205078,107.89767737587964,107.38418338142633,107.89064703440754,88537500
2007-06-19,107.81321716308594,107.89059381449403,107.17310220446824,107.30675375993133,110851700
2007-06-20,106.3149185180664,108.03126536065979,106.18830804607481,108.03126536065979,177119700
2007-06-21,106.90579223632812,106.99724029121936,105.68887837254839,106.27271838966207,205262000
2007-06-22,105.89990234375,106.75807575798301,105.40751040115877,106.58222072610475,204964700
2007-06-25,105.39344787597656,106.39230325322919,104.82367924200445,105.68185272856549,232014400
2007-06-26,104.31018829345703,105.83661974193339,104.30315795468059,105.66076467244771,198445700
2007-06-27,105.79444122314453,105.91403215610674,104.14843979310638,104.19768438119026,213638000
2007-06-28,105.7803726196289,106.50489483757066,105.28093936842083,105.7803726196289,157705000
2007-06-29,105.81555938720703,106.67373340772974,104.91518184655156,106.14616793937628,199701800
2007-07-02,106.77217102050781,106.86361910137695,106.05468998602672,106.12502558155906,103357000
2007-07-03,107.15904235839844,107.27159217865344,106.91285170159993,107.04649253814343,54048400
2007-07-05,107.04650115966797,107.31380432096678,106.65962856306281,107.20125449164702,89279000
2007-07-06,107.60919189453125,107.7428434159637,106.8705987252146,107.18714632159156,81109000
2007-07-09,107.69367218017578,107.87655762806338,107.35602264559934,107.73587568866185,72348100
2007-07-10,106.16020965576172,107.34899189585688,106.05470088494899,107.12389220699781,180362600
2007-07-11,106.91285705566406,106.95506055703778,105.87882833863928,106.04061200501927,175607600
2007-07-12,108.60108947753906,108.85432128433561,107.1590753203183,107.18017707643926,133882500
2007-07-13,108.92461395263672,109.35370067123199,108.60103596265517,108.7276571703313,111794300
2007-07-16,108.9105224609375,109.40291432590244,108.73466745678304,109.02307223959738,98378700
2007-07-17,108.85429382324219,109.36778764821956,108.8050492491531,108.98090432802748,126201300
2007-07-18,108.6573257446289,108.88945571271249,107.83432534870043,108.48850102238418,237887400
2007-07-19,109.07937622070312,109.40294350397454,108.85427660334865,109.17081354858043,145212700
2007-07-20,107.97501373291016,109.02311382142156,107.50372343002485,108.95276749959436,245502500
2007-07-23,108.3056411743164,108.8332064807835,107.83435078854039,108.45335344945477,121183900
2007-07-24,106.42744445800781,108.52363298002172,106.04759166050415,107.70766323230137,256732400
2007-07-25,106.64553833007812,107.19420523450421,105.68888641637663,106.93394319180841,265214500
2007-07-26,104.12026977539062,106.07577723736075,102.97369131818938,105.64669044990163,467592500
2007-07-27,102.07330322265625,104.7181592477234,102.03109972899489,104.25391008410824,422987600
2007-07-30,103.67007446289062,103.97254000258296,102.19991805986722,102.65010656701114,283017500
2007-07-31,102.50238037109375,105.13317547429759,102.02404910990252,104.33830730692907,316976700
2007-08-01,103.00181579589844,103.40980080410544,101.25733668724898,102.12254053683351,467670000
2007-08-02,103.82484436035156,103.93738345511653,102.17883264097333,103.23396312945926,294758400
2007-08-03,101.15186309814453,103.81079154682455,100.72980653379928,103.59976326465191,359398200
2007-08-06,102.84709930419922,103.28321650861388,100.2585067037784,101.44025853295882,324980000
2007-08-07,103.94441223144531,104.80961612431726,102.15771880496379,102.65715189976989,232568700
2007-08-08,105.39344787597656,105.92804335394071,103.64192774684653,104.39459249872394,274930600
2007-08-09,102.27030181884766,104.7744769775255,102.19995547843081,103.70527485658798,357622100
2007-08-10,101.79196166992188,103.05107935023354,100.6735151769715,101.56686201012172,411018400
2007-08-13,102.15772247314453,103.32540269353318,102.01001022759819,103.05106921846273,181917200
2007-08-14,100.59613037109375,102.74156437159779,100.3921432125797,102.48833264148351,264134500
2007-08-15,99.21038055419922,101.6160870900585,98.91494535739942,100.39213207473891,323834000
2007-08-16,99.9560546875,100.54692531579774,96.36860593948072,98.33114435966414,546743700
2007-08-17,101.79196166992188,102.56571760046418,99.45660099953675,102.34765901337188,388218100
2007-08-20,101.74268341064453,102.32652338495039,100.79306197693303,102.11549520708795,187320400
2007-08-21,101.9466781616211,102.67824113528158,101.39098096048075,101.71455895524207,157066400
2007-08-22,103.15660858154297,103.26212809302083,102.2280991339368,102.70641990593353,173156700
2007-08-23,103.06517028808594,103.86002812065314,102.42505508426927,103.64196949224944,203915300
2007-08-24,104.33830261230469,104.33830261230469,102.89628928978024,103.03697116026926,128901900
2007-08-27,103.36760711669922,104.33833052947978,103.2128537977533,104.00069180329847,113024300
2007-08-28,101.0956039428711,102.87525710454182,100.91271846091202,102.81195183001898,219790700
2007-08-29,103.07923126220703,103.21992394330728,101.2644158894734,101.55281012570185,207654200
2007-08-30,102.80488586425781,103.53644908166221,102.21401531174581,102.31249373716449,191817300
2007-08-31,103.81780242919922,104.45791749625586,103.28320685012395,103.86000593105486,185477500
2007-09-04,104.86587524414062,105.4989490736954,103.68412383340836,103.71929698690352,120062000
2007-09-05,103.95844268798828,104.35939726162984,103.40274558066567,104.24684747955452,166261800
2007-09-06,104.1976318359375,104.53527050772789,103.48717060431495,104.07101062567868,127878400
2007-09-07,102.74859619140625,103.32539518768469,102.17881679995051,103.03699032287511,235447600
2007-09-10,102.55162811279297,103.20581449210653,101.52464061266207,103.06513259619908,192305900
2007-09-11,103.74748229980469,103.89519457831456,102.79083009290846,102.86820676895684,162081900
2007-09-12,104.01472473144531,104.41567933265792,103.38868128394218,103.60673979337132,149554600
2007-09-13,104.74629211425781,105.1261342544632,104.2468591089201,104.49306044300785,154079000
2007-09-14,104.73929595947266,104.87294755624374,103.92333643183568,104.07808978248183,121911000
2007-09-17,104.1765365600586,104.56340908578791,103.84592820533896,104.32424879230493,109870800
2007-09-18,107.24346923828125,107.27160132907389,104.19765789287102,104.69004998181138,263759500
2007-09-19,107.87653350830078,108.60105553090196,107.41931462413788,107.91170666862291,193779900
2007-09-20,107.11680603027344,107.92573480708705,106.9972259079042,107.86242957759833,175186800
2007-09-21,107.40595245361328,108.21871937323951,107.24340122654104,107.92895695565814,141457500
2007-09-24,107.20800018310547,108.00663926105173,106.97476901562756,107.7239299136881,139450200
2007-09-25,106.99598693847656,107.18681442857522,106.34577151827209,106.58606641142711,142289900
2007-09-26,107.56139373779297,107.97131426028415,106.99598574869272,107.60379744972992,135547000
2007-09-27,108.19744873046875,108.2045232038434,107.56137161372706,108.07023762082369,102713300
2007-09-28,107.83702850341797,108.26815088129301,107.41296981610269,108.02785599113588,133372100
2007-10-01,109.05268096923828,109.37071967736019,107.78051535248743,107.85119541396485,148162300
2007-10-02,108.90422821044922,109.30001056730423,108.70633703202172,109.27174502078333,112978800
2007-10-03,108.68516540527344,109.13042607270833,108.1409591211045,108.70636726712621,119055900
2007-10-04,108.85472106933594,109.02433585506235,108.55080993781533,108.91832661398334,76864400
2007-10-05,110.1480712890625,110.32476052065596,109.28582697614605,109.56852543299364,134579700
2007-10-08,109.5615463256836,109.89372320025448,109.384856957689,109.82304313935137,71280400
2007-10-09,110.59337615966797,110.60751432486146,109.56858026047497,109.9714370865376,94054300
2007-10-10,110.4096450805664,110.56513257579954,109.83717329550916,110.28242313707457,101711100
2007-10-11,109.87956237792969,111.32841705363526,109.22227245668293,110.91142203509767,233529100
2007-10-12,110.48736572265625,110.50150388770147,109.73820473916162,109.87249034644087,124546700
2007-10-15,109.55447387695312,110.50860079549066,108.79824897575493,110.4449952100584,161151900
2007-10-16,108.68516540527344,109.2081698275896,108.4660723099526,109.13042607270833,166525700
2007-10-17,109.017333984375,109.6110076395677,107.75930661702078,109.53326389060705,216687300
2007-10-18,108.62151336669922,108.97489195880416,108.19039105296085,108.45188776015569,148367500
2007-10-19,105.78031158447266,110.59332469632163,105.77324789729305,108.19741906329418,297169900
2007-10-22,106.39521026611328,106.55069769257423,105.06651423670732,105.20786350141974,261989800
2007-10-23,107.25747680664062,107.39176241015926,106.1902772372059,107.0454582582005,180085100
2007-10-24,107.05957794189453,107.24334171634467,105.19373935994086,106.86876126201656,326694200
2007-10-25,107.31401824951172,107.63205685515304,105.92878007872645,107.17973264653298,237374500
2007-10-26,108.57206726074219,108.57206726074219,107.35644368205192,108.17628484614758,176484000
2007-10-29,108.93252563476562,109.15161871157375,108.52260503314355,108.79116552200715,106841000
2007-10-30,108.17627716064453,108.6639414526455,108.04199154003426,108.45191209295884,132981600
2007-10-31,109.30000305175781,109.73819987465404,108.0207741705049,108.82647699420484,220954400
2007-11-01,106.74153137207031,108.42361683798924,106.43055650096682,108.33879864679668,333040800
2007-11-02,106.8616714477539,107.42707928505305,105.45523171956519,107.09490258504945,331228200
2007-11-05,106.04891204833984,106.83341291276284,105.28561303558303,105.75913902989122,226841000
2007-11-06,107.47661590576172,107.50488146008198,105.94294267336878,106.62143460395227,177800500
2007-11-07,104.53652954101562,106.81229010078883,104.28209634848614,106.32462558308511,306639700
2007-11-08,104.00640106201172,104.88277316326214,102.52928097552481,104.59301088244287,374509900
2007-11-09,102.57877349853516,104.27498702575457,102.40208414010553,102.96749224393287,277745100
2007-11-12,101.5610580444336,103.6177251085495,101.5610580444336,102.62826884966096,243087800
2007-11-13,104.65663146972656,104.81918264340989,102.63530498283032,102.7413142734365,191117400
2007-11-14,104.36685180664062,105.58953894662164,103.7378382252822,105.46232780588574,230558800
2007-11-15,102.86145782470703,104.23964325581987,102.14057310743756,103.58942780151702,263111100
2007-11-16,103.03811645507812,103.51871690764223,102.17588268454391,103.40563317947917,308770600
2007-11-19,101.60340881347656,102.73422462073388,101.20056282671258,102.67768275194513,267746000
2007-11-20,102.22534942626953,102.85436283182744,100.43725477504563,101.7871634627427,414767500
2007-11-21,100.13336944580078,101.70944599510709,100.12630575510931,101.12283613989712,259012400
2007-11-23,101.86491394042969,102.01332690632913,100.85424558370845,101.1157530688193,77688400
2007-11-26,99.617431640625,102.3949932244889,99.41247678441324,102.07694383646484,214232000
2007-11-27,100.7623519897461,101.2288034198374,99.61739830141545,100.17574237793148,293897900
2007-11-28,103.9852066040039,104.22550150148807,101.87199836207246,101.90733838446972,258596900
2007-11-29,104.02056121826172,104.40221629844079,103.2572726264303,103.6247787530859,199409900
2007-11-30,105.06655883789062,105.9217292621916,104.12657019135041,105.33511931957196,222908000
2007-12-03,104.37393951416016,104.91814579358437,104.09830452821394,104.73439273104132,146430400
2007-12-04,103.44100189208984,104.27497035409536,103.40566186920162,103.6530312451583,136533900
2007-12-05,105.17255401611328,105.4481889367973,104.47993486900538,104.55060412974493,171130000
2007-12-06,106.67792510986328,106.86875255845905,105.00291412846215,105.04531783164828,154457400
2007-12-07,106.65676879882812,107.0737531038809,106.40233568681474,107.01721121407094,148980100
2007-12-10,107.48371124267578,107.60385875637058,106.62146599449754,106.91830293143761,123914300
2007-12-11,104.53652954101562,108.0561797174518,104.47998763331283,107.52611146503753,250346400
2007-12-12,105.56832122802734,107.26454500613845,104.0346593732236,106.76274264091253,322435600
2007-12-13,105.3492431640625,105.58247437105149,104.10535417771531,104.82624965529392,237551300
2007-12-14,104.01346588134766,105.37751301697858,103.96399848038202,104.55059752292073,159152900
2007-12-17,102.52930450439453,103.80145923805378,102.38088070052765,103.61770619045603,177269400
2007-12-18,103.10176849365234,103.52581644471324,101.7447956385866,103.25725597765316,245569300
2007-12-19,103.10176849365234,103.8155895543749,102.43741484096918,103.14417221033227,198917200
2007-12-20,103.75198364257812,103.7943873591204,102.6070293746285,103.78024919218578,214813800
2007-12-21,105.24761199951172,105.45365466376138,104.50867719762127,104.70761868086153,146084400
2007-12-24,106.0291519165039,106.206778993754,105.49627068475365,105.73785174935104,45601400
2007-12-26,106.25650024414062,106.34885893511304,105.51046448854896,105.61703637870731,67093100
2007-12-27,104.9207534790039,105.88704514650118,104.67208209284018,105.87994396683789,122981700
2007-12-28,104.6578598022461,105.58862380759655,104.37365001796312,105.5388830297865,116398100
2007-12-31,103.88341522216797,104.87812242809544,103.77683248057153,104.51576712625659,108126800
2008-01-02,102.97398376464844,104.43764026870063,102.2279585703457,104.11080161363111,204935600
2008-01-03,102.92424011230469,103.3718638425084,102.36294328553087,102.9597676981378,125133300
2008-01-04,100.40189361572266,101.9152792737787,100.11769472438016,101.8442241301967,232330900
2008-01-07,100.3166732788086,101.0555971749282,99.54222179773683,100.7571849760243,234991000
2008-01-08,98.69668579101562,101.53160625814932,98.3627461064846,100.94899523591006,326365700
2008-01-09,99.73406219482422,100.03247442650047,97.83700603820508,98.82461229595432,301824900
2008-01-10,100.38768005371094,101.46055417383745,99.02350586553996,99.24376163175349,335701200
2008-01-11,99.5777587890625,100.82114862473792,98.76067837650398,100.02538259918532,267076600
2008-01-14,100.380615234375,100.79271136363165,99.75536443943432,100.29535770470005,170365500
2008-01-15,98.17094421386719,100.52983730306724,97.97910391046892,99.32196435126122,239940100
2008-01-16,97.3254623413086,98.84595027023164,96.8281085031563,97.59545907123437,378802600
2008-01-17,94.80313110351562,97.96490217323706,94.4478769016591,97.91516138105818,397892600
2008-01-18,93.82975769042969,95.93286777568449,93.14767555140119,95.73392624834283,348561500
2008-01-22,92.8776626586914,94.09262600042092,89.52406200820697,90.38377655636732,435923700
2008-01-23,95.10865020751953,95.34311926903538,90.12087844776691,90.2985055390822,511913000
2008-01-24,95.91155242919922,96.24549231279703,94.71789243556235,95.54918613255052,259949300
2008-01-25,94.52603149414062,97.16912357390457,94.2134169092042,96.99149647629407,269603900
2008-01-28,96.08911895751953,96.28806035739383,93.82969757109976,94.68230511934577,217934600
2008-01-29,96.56519317626953,96.9488629178946,95.83337043758871,96.70019149842373,168968300
2008-01-30,95.85470581054688,98.43384433297676,95.63444990680074,96.33074521188517,334939200
2008-01-31,97.6025161743164,98.43380953725922,94.63969803208563,94.78179751573903,343680800
2008-02-01,99.17276763916016,99.19408202467126,97.70912201274061,98.00753425139426,206843600
2008-02-04,97.92229461669922,98.97384424637384,97.79439743874543,98.90990107814704,124694300
2008-02-05,95.30046081542969,96.8067346112962,94.97362229896176,96.58647882131503,286882500
2008-02-06,94.5331039428711,96.09621957918773,94.07837919700638,95.62018045785226,250792900
2008-02-07,95.15835571289062,95.76939318372247,93.59523987912145,93.64498065583187,297368100
2008-02-08,94.54734802246094,95.36442825970555,93.85815407981254,94.56155038308498,221643500
2008-02-11,95.03050994873047,95.37155098619776,93.8155356680983,94.56868376969143,188576300
2008-02-12,95.91155242919922,96.84941807137817,95.19393185991454,95.85471044459746,256654400
2008-02-13,96.89202117919922,97.38227368019096,96.01809893566885,96.63623773700775,181967800
2008-02-14,96.03939819335938,97.3396295829283,95.7694015909311,97.30410200237267,215207200
2008-02-15,96.01813507080078,96.07497706173473,95.1442124983814,95.56340998483041,154110300
2008-02-19,96.28810119628906,97.26149423291383,95.64153595172179,97.14070910615365,145190000
2008-02-20,96.57229614257812,97.01991988399854,95.03759546470584,95.2010201953339,220085700
2008-02-21,95.76940155029297,97.34673072113381,95.25784558819163,97.0980593403408,201051200
2008-02-22,96.359130859375,96.5225555720181,94.3981318811229,95.89730480728723,205491000
2008-02-25,97.57412719726562,97.80148426475306,95.76232847296555,96.30231099455948,190107000
2008-02-26,98.30593872070312,98.72513605795562,96.98439271596848,97.16201980885488,212420700
2008-02-27,98.20649719238281,98.86016378764828,97.63098697489369,97.73755892572478,168395800
2008-02-28,97.2472915649414,98.02175404271617,97.01993449037832,97.51018707307551,170831100
2008-02-29,95.08023071289062,96.40176580981147,94.34129597232547,96.34493468345737,252715200
2008-03-03,94.85282135009766,95.07307710323818,93.9575851414159,94.59703802740401,189483500
2008-03-04,94.49052429199219,94.78182452195846,93.06950736757604,93.95053092215485,282513100
2008-03-05,95.0873031616211,95.75518253019119,94.02864215809045,94.79599222996927,270681400
2008-03-06,93.11921691894531,94.65391746300534,92.75686158555463,94.48339156649988,247911700
2008-03-07,92.16002655029297,93.60235737839754,91.35714878750254,92.20265530911456,326434600
2008-03-10,90.94503784179688,92.31631328658841,90.65372691550147,92.2523701588143,235683600
2008-03-11,94.21342468261719,94.29868222722544,91.62006233863083,92.87766532909546,341440600
2008-03-12,93.33235168457031,95.04467894026439,93.19025222185374,94.31285640785464,229161100
2008-03-13,93.53839111328125,94.24179806593702,91.37134998683982,92.08895929624069,351504200
2008-03-14,92.08898162841797,94.36260603077858,90.7887501323423,94.33419046890371,484687800
2008-03-17,91.15824890136719,91.84033103639173,89.57381245376844,89.92906672786457,405311100
2008-03-18,94.94522857666016,94.98785734046002,92.3518667500386,92.80659163306454,334416600
2008-03-19,92.59346008300781,95.66995192083883,92.39450775641924,95.30759653903023,345971600
2008-03-20,94.30850982666016,94.90115242777317,92.29495224973402,92.85903861851838,245320700
2008-03-24,96.19355773925781,96.97184325524954,95.13680259391266,95.18677873499189,208977300
2008-03-25,96.2863998413086,96.78621580716332,95.51525053891665,96.29353617825976,192947200
2008-03-26,95.10823822021484,96.4577466008839,95.04397851046144,96.00791773744055,196934300
2008-03-27,94.80835723876953,95.99364283646356,94.50846767101028,95.82227269981378,225153200
2008-03-28,93.90153503417969,95.22248720662989,93.58022558268823,94.95830113020776,180896100
2008-03-31,94.22999572753906,94.77265147103897,93.60164947020323,93.74445246636948,166692100
2008-04-01,97.54308319091797,97.70730610494084,95.32959843946072,95.40100539086428,254547300
2008-04-02,97.60733795166016,98.29994394344038,97.09323843414965,97.857251373706,210910800
2008-04-03,97.85009765625,98.13571453325302,96.9004528638282,97.07895932626641,175884800
2008-04-04,97.74299621582031,98.50700908972146,97.19319327166889,97.90721910738827,204446800
2008-04-07,97.7929916381836,98.94257376805683,97.6359050692441,98.44274692406543,154245500
2008-04-08,97.6930160522461,97.76441209577796,97.07180619202083,97.24317630780179,148937300
2008-04-09,96.98617553710938,97.6787817904711,96.31498919713619,97.5431150755606,195610600
2008-04-10,97.12178802490234,97.58590041608697,96.322071755938,96.69336820598686,192967800
2008-04-11,95.2367935180664,96.47919181322479,94.97259648338056,96.0293628317792,222973300
2008-04-14,94.91548919677734,95.35104557631516,94.64416667333562,95.1011429653774,160522000
2008-04-15,95.13683319091797,95.45814272886703,94.4870668817319,95.37959942890858,172389200
2008-04-16,97.71443939208984,97.75727919874976,96.05075789738949,96.06503056949641,189268900
2008-04-17,97.85723876953125,98.00004175151967,96.86474333623337,97.1217930618802,179665700
2008-04-18,98.87826538085938,99.6494143623552,98.72117887193431,99.20672196183897,218530600
2008-04-21,98.92826080322266,99.23528661799129,98.42844500292063,98.69976735441755,118587400
2008-04-22,98.49271392822266,98.75689996988571,97.75012104519433,98.6712203661395,162166000
2008-04-23,98.33563232421875,99.09249791572714,97.90721249365944,98.59981837913462,193309000
2008-04-24,98.76403045654297,99.77794554459831,97.85006762580079,98.5926603829351,229381300
2008-04-25,99.67803955078125,99.88510230852334,98.47133379984814,99.53522562663058,190788100
2008-04-28,99.69944763183594,100.14214023769746,99.52094114299868,99.87795412067318,105610200
2008-04-29,99.30673217773438,99.77084469531792,98.971139103726,99.52807848289488,125514100
2008-04-30,98.72120666503906,100.38488814509364,98.72120666503906,99.45665239334537,208395900
2008-05-01,100.7633285522461,100.76332855224608,98.72836133431497,98.80690461680727,187279500
2008-05-02,101.04180145263672,101.6558641640595,100.36347902488579,101.63444425861677,181585500
2008-05-05,100.5562515258789,101.11319076056661,100.25636200682928,100.71333806850043,118504500
2008-05-06,101.42737579345703,101.53447531460172,99.74227432470381,99.97790416639215,179339800
2008-05-07,99.62086486816406,101.42020171816884,99.34239529172281,101.3131022253711,199267300
2008-05-08,99.36385345458984,100.19212616841133,99.23532311856933,99.77798981150059,178321200
2008-05-09,99.17816162109375,99.52803812312202,98.85685224727892,98.96396263532861,152588200
2008-05-12,100.29206085205078,100.36345688938968,99.05678846972071,99.4280849074549,147865900
2008-05-13,100.30633544921875,100.59908862488595,99.7708161306332,100.5348289214961,159132200
2008-05-14,100.51341247558594,101.5344641151076,100.29206622618858,100.72762238941746,181910800
2008-05-15,101.7701187133789,101.84152566710102,100.55627676630299,100.70621611587941,166927000
2008-05-16,101.86294555664062,102.01288490619122,101.11321612337326,102.00574856888882,204236800
2008-05-19,102.14144897460938,103.0339817148713,101.60592933045223,101.97007876621606,165664400
2008-05-20,101.31314849853516,101.63445801884849,100.67766579563202,101.58448186443944,178552100
2008-05-21,99.59944915771484,101.47732934645767,99.24957264125153,101.2559831219234,252724800
2008-05-22,99.61370086669922,100.08496034599816,99.2495517573311,99.5565775151025,170820400
2008-05-23,98.27850341796875,99.7208384780944,98.1928238147506,99.28528233645504,181376400
2008-05-27,99.00680541992188,99.24957154122569,98.19995289863674,98.39274288680976,168322900
2008-05-28,99.46379089355469,99.96360674826231,98.53555522328712,99.37096405797739,181288100
2008-05-29,99.96361541748047,100.62765420450098,99.30671296644309,99.34241643669749,173927200
2008-05-30,100.21353149414062,100.49200113730119,99.92077828346241,100.29921110890704,117362000
2008-06-02,99.17816162109375,99.86363106104356,98.5355428734641,99.84221116246704,181069900
2008-06-03,98.59982299804688,99.69228163246359,97.98576035623617,99.46379903525253,271965700
2008-06-04,98.54984283447266,99.3638318013145,98.14999013429336,98.32134935141652,246637700
2008-06-05,100.52057647705078,100.59911977056723,98.76407866956936,98.94972150189376,237867100
2008-06-06,97.3145980834961,99.82083629934094,97.26462192932588,99.64232980055641,384276300
2008-06-09,97.55022430419922,98.17857064276785,96.68625898383897,97.72159445885565,228263900
2008-06-10,97.06466674804688,97.8929392717118,96.64339415064049,96.87187673586288,260234900
2008-06-11,95.6366195678711,97.29315379601583,95.62947233680052,97.08609110318622,283890100
2008-06-12,96.00078582763672,97.01470135896271,95.33674693053422,96.10789625615635,252791800
2008-06-13,97.214599609375,97.4787965404393,95.97933813660175,96.51485743866257,244726900
2008-06-16,97.27173614501953,97.77155204891132,96.72194409832336,96.78620380843026,185832500
2008-06-17,96.80050659179688,97.90723813612476,96.65769268076075,97.87154555353746,191707700
2008-06-18,95.85795593261719,96.76477167625814,95.47238682553318,96.17212900255063,265893000
2008-06-19,95.97935485839844,96.56486129367423,95.32245237417656,95.78656482542104,304204900
2008-06-20,94.42145538330078,95.50502337974527,94.16311991366068,95.32562405220814,289275700
2008-06-23,94.32817840576172,94.88790351582591,94.23489818719611,94.78744031529305,165096400
2008-06-24,94.1416015625,95.03859828300607,93.42400418609513,94.04113836779,267300600
2008-06-25,94.58647155761719,95.72744831337316,94.17744690635075,94.52189044683765,287853900
2008-06-26,92.01750183105469,94.30663904756734,91.90986661227386,93.69668789169899,297775000
2008-06-27,91.51518249511719,92.4695882149702,91.16356135221504,92.05338046836519,303423400
2008-06-30,91.83811950683594,92.50548532124307,91.35015304603466,91.77353289262426,258842600
2008-07-01,92.12511444091797,92.18969554866139,90.36699835187758,90.7903779910785,388622000
2008-07-02,90.54643249511719,92.68487497523456,90.38138269814566,92.41935651391086,288064600
2008-07-03,90.63969421386719,91.21377412347887,89.69246619539017,91.21377412347887,239352500
2008-07-07,89.71401977539062,91.37884543599748,88.924663772271,90.98417017185436,372427300
2008-07-08,91.30708312988281,91.41472382481349,89.12558658029813,89.6924891304221,375973700
2008-07-09,89.54893493652344,91.66584400650495,89.26189502665368,91.49362225051547,336729400
2008-07-10,89.91493225097656,90.26655334954717,88.68066417863473,89.29062070978071,436475700
2008-07-11,88.86724090576172,90.34549496520617,87.89848571220699,88.96053205225289,481124600
2008-07-14,88.06352996826172,90.05844932433357,87.83389908140809,89.8862275279014,322720800
2008-07-15,86.82210540771484,88.61609885636076,86.12603507366686,87.40336300796291,502502500
2008-07-16,88.95333862304688,89.39107330563502,86.90101041528884,87.15216831312674,371642900
2008-07-17,89.84320831298828,90.60386541553316,89.04667461894525,89.80015421325665,375490600
2008-07-18,90.40292358398438,90.71866271962281,89.80731642326053,90.53926336818795,267030100
2008-07-21,90.45313262939453,90.9913305495024,89.83599857635093,90.78322669674748,222863000
2008-07-22,91.47930908203125,91.70894000623994,89.59202461994647,89.80730600663159,296904200
2008-07-23,91.97444915771484,92.67769148045022,91.52954231369173,91.77352277979044,311698400
2008-07-24,90.06564331054688,92.14667668306129,89.81448533753361,92.09643961362544,248634500
2008-07-25,90.0440902709961,90.76885943033417,89.8216314378361,90.3383022473499,219131000
2008-07-28,88.72372436523438,90.4603084121917,88.56585209281415,90.06563320597371,205201300
2008-07-29,90.61817932128906,90.68993795090068,88.72372303041303,88.96770894089157,261505600
2008-07-30,92.23277282714844,92.28300989003048,90.6181790293423,91.21378605538169,354710000
2008-07-31,91.01286315917969,92.2614863521093,90.86934042013638,91.42189338449589,277402100
2008-08-01,90.53208923339844,91.33579480526694,90.02976777614701,91.2209820699287,248690900
2008-08-04,89.69245910644531,90.51769685822659,89.52741484098786,90.44593824390459,188239600
2008-08-05,92.11080169677734,92.25431898527765,89.6781469753117,90.4316209521888,251577600
2008-08-06,92.51980590820312,92.78532432993653,91.47929758609295,91.86680074852994,209555400
2008-08-07,91.14202117919922,92.16818538602128,90.80474962191174,91.82373632383793,246312500
2008-08-08,92.83556365966797,93.23741641503831,90.68994916248253,90.83347191428135,260811700
2008-08-11,93.79715728759766,94.37122642531493,92.73510529355347,92.90733260466881,249425800
2008-08-12,92.82120513916016,93.78995482003819,92.37628741529957,93.48856530045404,213200800
2008-08-13,92.2614974975586,93.03649300785062,91.61565330609297,92.41935884249459,256393200
2008-08-14,92.95752716064453,93.48855297734255,91.67303311913624,91.73761423274914,239555300
2008-08-15,93.40961456298828,93.64642292342086,92.78530858072429,93.2373873145838,181000800
2008-08-18,92.13232421875,93.63210006682174,91.60848121409497,93.5962180090417,172275100
2008-08-19,91.1276626586914,91.62998396023872,90.79756861901673,91.43622965933999,194673700
2008-08-20,91.55106353759766,91.81657103090441,90.66123895645394,91.41471830060263,225498200
2008-08-21,91.70889282226562,92.16815443439418,90.84777319340189,90.95541383136364,180609800
2008-08-22,93.0364990234375,93.0364990234375,91.7089503961989,92.33325663361558,167715300
2008-08-25,91.14917755126953,93.03645587709707,90.95542875102147,92.42650493653258,171936900
2008-08-26,91.41470336914062,91.75915242087555,90.8334514113469,91.1491904443693,159117200
2008-08-27,92.30453491210938,92.44805216773068,91.35012928521384,91.52952859215665,171032800
2008-08-28,93.42403411865234,93.53166937973202,92.64902738986707,92.77101766898089,167537100
2008-08-29,92.41932678222656,93.38808725852861,92.21840046782751,93.09386981613609,189195800
2008-09-02,91.8453140258789,93.79718582180075,91.50804228255119,93.30921376669394,252364900
2008-09-03,91.76634216308594,92.21125446686204,91.08462690754429,91.76634216308594,251947000
2008-09-04,89.00355529785156,91.29986898955669,88.9533237266959,91.11329223605105,340042500
2008-09-05,89.28346252441406,89.66378825054922,87.54687822119946,88.47257947576429,289503400
2008-09-08,91.1276626586914,92.02466459182361,89.28343815941926,91.88113639876453,364075300
2008-09-09,88.42234802246094,91.39320066990243,88.12095844369635,91.20662382240528,377326800
2008-09-10,88.78113555908203,89.6279005608596,87.94154806299309,88.903125781625,298916600
2008-09-11,90.06564331054688,90.23068763216993,87.25983509462287,87.63298877581389,375369400
2008-09-12,90.48184967041016,90.56796332566934,88.86008355761321,89.19017769052321,297851200
2008-09-15,86.17623901367188,90.16608288583924,86.0327217737743,87.28133928034484,483607000
2008-09-16,87.61861419677734,87.7764864516545,83.9588696898773,84.10238693531181,581744300
2008-09-17,83.67900085449219,87.43920824172191,83.24126617198058,85.85331925870105,624095600
2008-09-18,86.16191101074219,87.3961792916888,81.66257817014397,84.7123668161536,776114700
2008-09-19,89.58372497558594,92.38411652541448,89.01354109562295,91.44583813934426,501087800
2008-09-22,87.55563354492188,90.0384593566026,86.86997212918479,89.82193180083064,249966500
2008-09-23,85.56355285644531,88.0680233112612,85.36867707202133,87.22357626281372,327470400
2008-09-24,85.83786010742188,86.6101335782335,85.01506427895058,86.14099425337994,311818400
2008-09-25,87.18026733398438,87.98863009681027,85.4841542976776,86.17703430587659,328253000
2008-09-26,87.22360229492188,87.69274151958223,85.53470769397198,85.76566778059392,285917400
2008-09-29,80.38863372802734,86.13377169405892,80.09271864707374,85.98942367991431,459562300
2008-09-30,83.71587371826172,84.30049561047356,79.77511501254652,81.92593481859615,328154400
2008-10-01,83.76641082763672,84.22111743583258,82.24351593110666,83.19622693450968,332783000
2008-10-02,80.72783660888672,83.08074607145704,80.15765274031637,82.96526328497691,365337800
2008-10-03,79.63799285888672,83.32614045379776,79.1616401211244,81.45680823785455,461798000
2008-10-06,75.58174896240234,77.67482750293458,72.63700420909583,77.33560372656794,610637500
2008-10-07,72.19674682617188,77.4655309768233,71.92248344684116,77.11186904575146,540012100
2008-10-08,70.3779525756836,73.74852895207816,69.87272349263168,70.38516612211686,725414800
2008-10-09,65.46278381347656,72.6225546718563,65.13799821335893,71.92967468682355,534485200
2008-10-10,63.87496566772461,67.80129300305977,60.32395194877941,62.61912042693147,871026300
2008-10-13,73.14945220947266,73.14945220947266,64.92149089363579,67.7507585909583,455584000
2008-10-14,72.06682586669922,76.16637117637684,70.0892299534195,75.56731661111151,546268300
2008-10-15,64.97203826904297,70.5872670289724,64.74829716716175,70.34186876638783,484627500
2008-10-16,67.67861938476562,68.40037071043095,62.46036038385972,65.88867918076998,708811200
2008-10-17,67.2743911743164,71.1574084825258,66.14846169230124,66.39385432032132,476649000
2008-10-20,71.31620025634766,71.52550866518561,67.90953533798998,68.81894295757374,321294200
2008-10-21,69.18704986572266,71.1935167230689,68.7251296758238,69.9881938996304,356502000
2008-10-22,65.41950988769531,69.18705097078329,63.17486384787122,67.26719067680206,516168000
2008-10-23,66.17733001708984,66.72585663886845,61.93343195545931,65.1668778354387,634666400
2008-10-24,62.82121276855469,64.89985383388984,60.62708889077248,60.67039219217834,545812600
2008-10-27,60.59096908569336,64.6039067236708,60.41053141062397,62.048908583905714,397288600
2008-10-28,67.67135620117188,68.01779349973488,61.00959392862489,63.03771190408877,639939500
2008-10-29,67.18059539794922,70.13255482800642,66.47327687930236,67.67859992502882,531270100
2008-10-30,69.50460052490234,69.67781916581106,67.05064683485665,69.12928704532524,414582100
2008-10-31,69.88713836669922,71.14298334411842,68.19102491614922,68.62407433872251,411394000
2008-11-03,70.08924102783203,70.5078579352347,69.25200721302672,69.85106187294537,205419400
2008-11-04,72.47100830078125,72.79579399326192,69.80052674835376,71.49664021029481,346793400
2008-11-05,69.42522430419922,72.68753611243795,68.56633892816964,71.59769065712176,387844100
2008-11-06,65.57830810546875,68.88392960208908,65.00090499891944,68.17661107189238,477721900
2008-11-07,67.74352264404297,67.84456730376094,65.31843979776984,66.1484542224711,380391000
2008-11-10,66.85575866699219,68.94883658879807,65.6215657543063,68.71787660817593,301773000
2008-11-11,64.79159545898438,66.5021475914945,63.983237730762774,65.50613303071115,418498200
2008-11-12,61.94065856933594,64.19973677821892,61.435435170072026,63.68008078462835,454330600
2008-11-13,65.80201721191406,66.20620139266266,59.24851881582889,62.16439262430539,753141900
2008-11-14,62.51805877685547,66.44437954133453,62.44587928875356,64.53174425011414,540352300
2008-11-17,61.68805694580078,63.91826482378944,61.46431590479845,62.344847472123696,415254900
2008-11-18,62.85005569458008,62.95110035755198,59.84035643351455,61.45707654758613,523811800
2008-11-19,58.82271957397461,62.69852528776195,58.404102579366985,62.00564483454468,558327600
2008-11-20,54.45611572265625,59.5516819926374,54.16741970149867,57.83391093152215,814180400
2008-11-21,57.39363098144531,58.38965077948738,53.65496097956528,55.90682584196198,718536500
2008-11-24,61.370479583740234,62.78511072009944,57.99990412333997,59.12583379163102,523305300
2008-11-25,61.825164794921875,63.16040242792566,60.49714070389519,63.0088354485975,454112400
2008-11-26,64.21416473388672,64.37295077900369,60.80028128343564,60.84359007261739,370134200
2008-11-28,65.02253723144531,65.05140792880236,63.86052332532847,63.96878155726429,118308100
2008-12-01,59.262977600097656,63.18930497110113,59.082539842334974,63.1604342690763,369927100
2008-12-02,61.54368591308594,61.702471963988756,59.21243400289325,60.24453782724013,469508400
2008-12-03,63.02328109741211,63.39137555577522,60.0063624631811,60.19401921735939,519863500
2008-12-04,61.56533432006836,63.550148661487064,60.439399531047734,62.11386086427469,444173800
2008-12-05,63.463531494140625,63.81718775197608,59.35676875231601,60.374439757735814,471905300
2008-12-08,65.6793212890625,66.67533538780165,63.57181032311048,65.20296312889063,412859300
2008-12-09,64.59669494628906,66.49489751934625,64.22138696276666,65.22462010856161,370790000
2008-12-10,65.03697967529297,65.939168378472,64.23583566634814,65.1885467166443,396187400
2008-12-11,63.47077178955078,65.67932763815328,63.05937402350675,64.62557205331281,365061000
2008-12-12,64.22859191894531,64.28633329531264,61.49315616190119,61.745773306878085,415060400
2008-12-15,63.333641052246094,64.34409340680577,62.279885406062625,64.25026226625778,256694200
2008-12-16,66.31446075439453,66.41550542470371,63.64398502790055,66.31446075439453,377699500
2008-12-17,65.67212677001953,66.71145004841719,65.00089807047497,65.56386301076586,281819800
2008-12-18,64.44513702392578,66.16290214365281,63.66564474847765,65.9680318280519,374673300
2008-12-19,64.16791534423828,65.93600752648527,64.09514991724375,64.83003743035155,301451300
2008-12-22,63.345733642578125,64.51718634976524,62.203386005589856,64.45170410523623,243759500
2008-12-23,62.69090270996094,63.97877042852084,62.42896257207999,63.68772521407248,221625200
2008-12-24,63.05467224121094,63.20746964350515,62.57444707580973,62.90186928769411,62061600
2008-12-26,63.4184684753418,63.52033339624526,62.93824337574959,63.476673036413885,74767700
2008-12-29,63.2365608215332,63.54215555903546,62.28338835281702,63.47666780030133,127795900
2008-12-30,64.7354507446289,64.79366086627287,63.21474323621106,63.67314100512887,168256300
2008-12-31,65.6595230102539,66.19068073794472,64.66270089090162,64.81549832048357,193987200
2009-01-02,67.63862609863281,67.98788134718566,65.37575851556691,65.80505130959595,227566300
2009-01-05,67.55858612060547,68.14795398436581,66.86008119987437,67.39851103541682,240349700
2009-01-06,68.00969696044922,68.72275154033623,67.43488448412722,68.13338930882635,328260900
2009-01-07,65.97237396240234,67.12927633859944,65.63039649553136,66.94009625137302,280899200
2009-01-08,66.24160766601562,66.27798483121752,65.24478007893492,65.60131293598621,263834400
2009-01-09,64.82278442382812,66.44535747145368,62.108801722212164,66.32894273620094,330953600
2009-01-12,63.26565170288086,64.69177138599761,62.87274740890246,64.64083338546713,277858500
2009-01-13,63.3820915222168,63.94234863805517,62.71996392500364,63.10560179054911,356432300
2009-01-14,61.38847732543945,62.392577448027744,60.508069610104144,62.2397799653225,435491600
2009-01-15,61.41025924682617,62.02872637610908,59.460265046032774,61.20652942082441,532647300
2009-01-16,61.89051055908203,62.56718814383957,60.42801832043209,62.47260083351459,399237200
2009-01-20,58.623538970947266,61.89050639980618,58.24518420384996,61.28659430335609,419855200
2009-01-21,61.15563201904297,61.29387416523017,58.55078649068934,59.620374241513154,364360700
2009-01-22,60.2097053527832,61.14832257367411,59.060080643361324,59.96959280881122,427940300
2009-01-23,60.47164535522461,61.11193992184064,58.62351596721225,58.86362851140141,386800600
2009-01-26,60.88638687133789,62.108771528984356,60.25336436160633,60.820899104223955,317978800
2009-01-27,61.5048713684082,61.95599155919575,60.60991419227596,61.21382626310087,273789700
2009-01-28,63.585845947265625,63.99330582528692,62.62540084105508,62.865513505413844,330007000
2009-01-29,61.51942443847656,63.658593949521396,61.46121430928832,62.65449420152988,294392500
2009-01-30,60.267921447753906,62.137878423540755,59.816801370458585,61.83228363789985,383383600
2009-02-02,60.086036682128906,60.52260158314474,59.16196884960857,59.35114900883086,288233300
2009-02-03,60.93003845214844,61.38115849219355,59.82407408300863,60.464368659750434,278385800
2009-02-04,60.6317253112793,62.11604995339057,60.420717805412174,61.33750769785017,322989300
2009-02-05,61.53396987915039,62.05784990265249,56.55712075832652,60.1733373487337,417679400
2009-02-06,63.28750991821289,63.549444368356696,61.61400497072844,61.744974971411764,366101700
2009-02-09,63.374820709228516,63.84049059767331,62.80728587963787,63.27295576808265,240075200
2009-02-10,60.47164535522461,63.323874176362,59.99142026684629,62.77088922492623,536212800
2009-02-11,60.82817077636719,61.155598477303165,59.955041342981,60.71902820938852,324442500
2009-02-12,60.87186813354492,60.98828287151988,58.972805187965,59.78772500746448,469302200
2009-02-13,60.217018127441406,61.29387805075381,60.20246281562032,60.79183081742537,293998400
2009-02-17,57.641258239746094,60.36251776208626,57.60487552357928,58.3252133348759,478910100
2009-02-18,57.50300216674805,58.165129755793785,56.95729481142465,58.055987174484656,362964800
2009-02-19,56.88452911376953,58.317921175112744,56.76810889197314,58.09235838318766,316867500
2009-02-20,56.33157730102539,57.000977316479435,55.131019425797476,55.82953006504734,477176600
2009-02-23,54.31608200073242,56.95002637592769,54.272421630409305,56.95002637592769,379641400
2009-02-24,56.37520217895508,56.717174076023454,54.3524425434556,54.781735154464634,426260900
2009-02-25,55.931400299072266,57.05919282323456,55.02915961827183,56.12785261835391,461985800
2009-02-26,55.0218620300293,57.96867876181783,54.9563742531151,56.62260157189791,363353900
2009-02-27,53.79220199584961,55.07279701863373,53.70488680637916,53.85041212216325,470510900
2009-03-02,51.36924743652344,53.78491159372767,51.201900302066655,52.76625682958139,426452600
2009-03-03,50.98360824584961,52.169609983711915,50.6707358725064,52.104127779422484,443761000
2009-03-04,52.19147491455078,53.02094998443712,50.983639483985876,51.82766986455767,462753100
2009-03-05,50.0595703125,52.191467838467425,49.60117245887425,51.005459983504316,485549400
2009-03-06,50.14687728881836,51.260119643372185,48.8226273789691,50.49613251339577,490470000
2009-03-09,49.557518005371094,50.932700474073165,49.28102820123812,49.44109773970007,379905300
2009-03-10,52.511600494384766,52.65712579221451,50.47429628577091,50.57616121864048,406227900
2009-03-11,52.85358810424805,53.66123562005111,52.26422580128716,53.11552813916923,356648300
2009-03-12,54.934547424316406,55.11644989923136,52.366085366712916,52.839032911736396,409702700
2009-03-13,55.363826751708984,56.01140457772556,54.374282535582495,55.30562218691722,337474700
2009-03-16,55.19649887084961,56.73175652138632,55.16011614783771,55.9968688160942,360644900
2009-03-17,56.88452911376953,57.015499087679615,54.8981521013369,55.34927213396534,356814300
2009-03-18,58.157840728759766,58.86362299180202,56.07687664336101,56.61530624096411,473273200
2009-03-19,57.43754196166992,58.93641696234516,57.255639440181206,58.88548447837729,428520400
2009-03-20,56.21445083618164,57.82665329537796,56.08254341307427,57.716729510962494,371078200
2009-03-23,60.252288818359375,60.30358584787929,57.386968136863985,57.702080058474,419933300
2009-03-24,59.06511306762695,60.354873950303585,58.99916214983768,59.53411600842644,330271000
2009-03-25,59.68797302246094,60.6039947422099,57.936539941577166,59.52675789618554,441775100
2009-03-26,60.904483795166016,61.04372095710423,59.592739348619965,60.2742600813851,422025200
2009-03-27,59.805267333984375,60.47945843837179,59.58541973470484,60.12770898867257,322332300
2009-03-30,57.73873519897461,58.5301800398565,57.130494871762146,58.478882999667384,324108500
2009-03-31,58.273681640625,59.41688145853494,57.92926189629345,58.302995029900366,364238300
2009-04-01,59.40221405029297,59.66602892764825,57.40162441979812,57.54818575568146,377018300
2009-04-02,61.138999938964844,62.00372531739259,59.45351646867033,60.88251478243057,476230700
2009-04-03,61.747230529785156,61.76188442603414,60.58204729904543,61.18295768246558,284646300
2009-04-06,61.26356506347656,61.76188137567382,60.303575564329066,61.073030875912806,264866600
2009-04-07,59.83457565307617,60.56739346734298,59.73198160635532,60.27426522344501,258947800
2009-04-08,60.479469299316406,60.779927366224456,59.753981036940985,60.135043941039456,230402800
2009-04-09,62.88309097290039,62.890420716058514,61.798523805644685,62.04767916346217,269653500
2009-04-13,62.89776611328125,63.418066187883454,61.98174367399063,62.23089909381819,224847500
2009-04-14,61.81318283081055,62.84645865457739,61.615324476768144,62.31149917875611,276598800
2009-04-15,62.47272491455078,62.59730261360647,61.270904026227754,61.43944900943092,250726100
2009-04-16,63.38874816894531,63.86508092077616,62.120970745545385,62.971042190776664,335202900
2009-04-17,63.81376266479492,64.2314685040195,63.12491228079281,63.63055825125862,262649000
2009-04-20,61.138999938964844,63.79180285030081,61.07304341816626,62.68524621387342,293690100
2009-04-21,62.333473205566406,62.38477022210721,60.64066606876465,60.69196308530545,114090900
2009-04-22,61.95237731933594,63.27144514961373,61.607952282072894,61.76917298810687,340395200
2009-04-23,62.5606803894043,62.597317938177575,61.28557292739824,62.07701778154859,324903700
2009-04-24,63.506011962890625,63.98233920061945,62.79517759267555,63.04433303450554,287703000
2009-04-27,62.90507888793945,63.76247998514135,62.68523689685291,62.78783094421788,289581600
2009-04-28,62.70720291137695,63.45467441650491,62.11362243404139,62.267513461833765,247926300
2009-04-29,64.04096984863281,64.75180426174695,63.242200846487215,63.40341612336425,311505700
2009-04-30,64.06293487548828,65.23544231309324,63.69652595180195,64.89102262123153,301419800
2009-05-01,64.40734100341797,64.64184242119771,63.5499457188128,64.07757530655593,236110300
2009-05-04,66.59847259521484,66.64244546040612,64.76642828931809,64.89101155124526,287120000
2009-05-05,66.37129974365234,66.63511456641983,65.83634035555288,66.37129974365234,243036300
2009-05-06,67.52185821533203,67.56582551152769,66.40064743467599,67.18476256559585,291941000
2009-05-07,66.5838394165039,68.26199319373102,66.15880366346845,68.15939912795794,317728000
2009-05-08,68.1374282836914,68.31330305934677,67.00888775723273,67.44124774550181,299081700
2009-05-11,66.8622817993164,67.49983517689321,66.71572050355292,67.19937725233649,247923600
2009-05-12,66.66441345214844,67.2946369927471,65.84365578298514,67.14807012809962,282431300
2009-05-13,64.98628234863281,65.96093135877804,64.85437492176386,65.76306742299658,269619100
2009-05-14,65.54325866699219,66.04157524435328,64.85440780068036,65.01562869202644,260098700
2009-05-15,65.00825500488281,65.95359047257095,64.59787889771468,65.4919173520068,271502700
2009-05-18,66.85496520996094,66.93557001807929,64.90566732828795,65.62383117705055,241447400
2009-05-19,66.77437591552734,67.39727007627972,66.54719854135557,66.81834320493465,206102200
2009-05-20,66.32733917236328,68.00549256805748,66.25405851217982,67.38259297910817,285722200
2009-05-21,65.3746337890625,65.80699892403844,64.67845955714425,65.55783812282546,258988400
2009-05-22,65.2354507446289,65.95361478789604,64.98629532797852,65.55789242825381,166811900
2009-05-26,66.90623474121094,67.09676325078753,64.72243630239197,64.75174967100838,236318500
2009-05-27,65.71178436279297,67.23604704359467,65.60919029686951,67.00887526775806,246015800
2009-05-28,66.62779235839844,66.93557448944729,65.29406419956402,66.29069684473217,289095000
2009-05-29,67.80763244628906,68.66502795962852,66.45192058835843,66.99420421333943,258641500
2009-06-01,69.44915008544922,69.74227836432635,68.46717678081129,68.6430515117548,276246800
2009-06-02,69.50775909423828,69.88882743667006,69.05341568951138,69.17799335913293,230874500
2009-06-03,68.62837982177734,68.98012919247306,67.97617250561339,68.91417828207591,235310500
2009-06-04,69.27328491210938,69.37587898522769,68.37192189957592,68.88489226516751,210102300
2009-06-05,69.28788757324219,70.1086394850088,68.7382745219186,69.976732129053,284257900
2009-06-08,69.00213623046875,69.69098125544475,68.18137816873929,68.76762913486871,238565100
2009-06-09,69.35386657714844,69.72027542660123,68.89951759108304,69.39050969847585,225125500
2009-06-10,69.17802429199219,69.97679327421629,68.29131513197177,69.96946911928507,296100400
2009-06-11,69.48578643798828,70.4311221098891,69.29525223666285,69.30991172420283,275414200
2009-06-12,69.67630004882812,69.72026731654235,68.88485568424386,69.17798384789967,184361800
2009-06-15,68.0787582397461,68.89951039863023,67.7123494285429,68.85554313039135,224190500
2009-06-16,67.1554183959961,68.36456880588737,67.11145111994921,68.32060152984049,227319000
2009-06-17,67.0894775390625,67.6610745771811,66.56184778358177,67.12611507760852,223445200
2009-06-18,67.5804443359375,67.91021004087652,66.86961032342609,67.19205187737889,211725100
2009-06-19,67.82953643798828,68.315925230955,67.44631557319092,68.22749397179932,215655600
2009-06-22,65.7955551147461,67.20314643349536,65.77344729257327,67.1662963148482,251913600
2009-06-23,65.84712982177734,66.23771626857905,65.47865119309081,65.93556671677568,188309800
2009-06-24,66.41459655761719,67.12207491922156,66.03137559766176,66.44407552550132,211577700
2009-06-25,67.8590316772461,67.92535513752318,66.00926722149676,66.08296182931736,279411000
2009-06-26,67.68215942382812,67.97694348441003,67.26209396482386,67.63057263491667,167579000
2009-06-29,68.31597900390625,68.40441595520934,67.50532662918887,67.88117664405048,168481300
2009-06-30,67.76322174072266,68.58124479660084,67.26209054993727,68.33068201247715,228888200
2009-07-01,68.04326629638672,68.7065289659206,67.95482939960294,68.05063182088203,173041100
2009-07-02,66.18614959716797,68.06539342352222,66.14930509662614,67.15893324759456,212309900
2009-07-06,66.17880249023438,66.27460496535525,65.33867117750994,65.54501843010317,174499600
2009-07-07,64.8964614868164,66.19350797804071,64.85224584567933,66.11244222093055,197088900
2009-07-08,64.85221862792969,65.44178650083434,64.11526159806685,65.28702057673152,248050500
2009-07-09,64.9775161743164,65.5154974141659,64.78591134700548,65.30177914751542,163777600
2009-07-10,64.82276153564453,65.21334799360424,64.37321714600165,64.63115106894318,173520300
2009-07-13,66.39984893798828,66.45143572201435,64.55008461498886,65.08069474927856,217413500
2009-07-14,66.77572631835938,66.83468427376705,66.12720567649511,66.6062236021973,181487400
2009-07-15,68.72864532470703,68.91288466566348,66.82729397662717,67.66005377363649,220877900
2009-07-16,68.61811065673828,69.64985224188098,68.40439231518778,68.53704488502812,231174500
2009-07-17,69.36979675292969,69.5098204555484,68.93499459380226,69.3182099607868,138561700
2009-07-20,70.10675048828125,70.22466636277487,69.41401440451544,69.77512193071004,164179400
2009-07-21,70.4310302734375,70.67422760552414,69.58352799717598,70.65211977943258,217718300
2009-07-22,70.41626739501953,70.84369832633557,69.92987291183348,69.98145969436494,196068100
2009-07-23,71.97122955322266,72.28075017062588,70.40150740882486,70.46046532334057,258795500
2009-07-24,72.26603698730469,72.32499492556688,71.25640900162234,71.63225320733228,154003100
2009-07-27,72.4797592163086,72.51660933534993,71.73543066747588,72.13338833845954,159259400
2009-07-28,72.14078521728516,72.4945273696197,71.52910900727997,71.97128810333336,186685200
2009-07-29,71.96385955810547,72.28811684805046,71.47009966685354,71.80909924693111,194399300
2009-07-30,72.71560668945312,73.57048022363364,72.6640198811864,72.83352260694302,225575400
2009-07-31,72.81878662109375,73.30518138911086,72.50189459353315,72.70087631591866,207358000
2009-08-03,74.01997375488281,74.0862971958105,73.18720862410272,73.58516613727846,175776900
2009-08-04,74.21158599853516,74.3147595542402,73.53358674031996,73.68834707387754,176714600
2009-08-05,73.99787139892578,74.32949987309642,73.38619560453046,74.26317080474013,184726400
2009-08-06,73.61465454101562,74.44741415610159,73.26828375607896,74.3368750737067,193203800
2009-08-07,74.58007049560547,75.19174635467886,73.98313692996429,74.38846566128703,220640900
2009-08-10,74.42533111572266,74.59483380271747,73.89472085343866,74.24109175368177,130898700
2009-08-11,73.49677276611328,74.14529333156223,73.29779109569341,74.09370653229401,157301000
2009-08-12,74.2853012084961,74.84538473178846,73.33462557686957,73.371470069894,219052400
2009-08-13,74.85276794433594,74.88224691702989,73.88735548440008,74.62431293413167,176449500
2009-08-14,74.27792358398438,74.87485717078795,73.47463723957704,74.815899240044,199616100
2009-08-17,72.45026397705078,72.92191615767,72.30287477905884,72.84822155867403,237667500
2009-08-18,73.02509307861328,73.28303262076601,72.47974627392195,72.61239880722933,173461500
2009-08-19,73.666259765625,73.9168282010469,72.37658433774808,72.45027895197617,192812800
2009-08-20,74.42533111572266,74.59483380271747,73.59994237220455,73.76206828786766,174131300
2009-08-21,75.88446807861328,76.0023782824913,74.8895771890226,75.03696634950416,224605000
2009-08-24,75.87712097167969,76.6067071055074,75.60444475361538,76.19401282738875,191279000
2009-08-25,76.0245132446289,76.83516510190105,75.86238174866693,76.17927359371869,215310600
2009-08-26,76.03187561035156,76.37824640596499,75.5307444720776,75.78867837651183,194620700
2009-08-27,76.20138549804688,76.43721160776367,75.12542852105543,75.98766720759448,196230100
2009-08-28,76.18666076660156,76.90151040781159,75.66342164075097,76.81307911036821,147024400
2009-08-31,75.50863647460938,75.5970733655774,75.01487648408042,75.44231302328642,176051600
2009-09-01,73.8431396484375,76.0834911352007,73.68837924730926,75.13281528037905,321276800
2009-09-02,73.56307220458984,74.01998772205425,73.37883289275482,73.53359323999173,171805000
2009-09-03,74.17473602294922,74.2631672798443,73.39355764431033,73.99049674103554,143572300
2009-09-04,75.21390533447266,75.23601316712168,74.10110319250192,74.32218714153349,142687900
2009-09-08,75.86236572265625,75.943431453512,75.45703706837749,75.9065813494734,132909100
2009-09-09,76.44457244873047,76.70250634293684,75.75920203124653,75.99502810916911,154612500
2009-09-10,77.22574615478516,77.27733293421238,76.06872356831413,76.49616009644667,162902400
2009-09-11,77.21100616455078,77.60159821761859,76.84989869779179,77.37313765402469,152360100
2009-09-14,77.58684539794922,77.71949790565425,76.01712874222017,76.55510429608078,149593800
2009-09-15,77.9111328125,78.19854573240964,77.20365442329638,77.71215117715428,196795900
2009-09-16,79.09024047851562,79.10497714748118,77.91848131823495,78.1911518631236,206406300
2009-09-17,78.9723892211914,79.63564664803854,78.53758125782656,78.97975474990498,229170900
2009-09-18,79.02269744873047,79.34850497689983,78.75612868010445,79.34109871962715,153799100
2009-09-21,78.82276153564453,79.23002091221043,78.23779719376782,78.40810155173641,151892000
2009-09-22,79.28190612792969,79.50404878091697,78.93388527460004,79.28931238951522,143126700
2009-09-23,78.62284851074219,79.99271241503563,78.48215786161411,79.46698110687196,225947400
2009-09-24,77.75650787353516,78.96346808390454,77.4158934396147,78.79316369160418,228636800
2009-09-25,77.34185791015625,78.01568630641232,77.07528905551878,77.58621363512741,204059000
2009-09-28,78.72647857666016,78.89678853155263,77.62318394500083,77.63799080444863,118285800
2009-09-29,78.48954010009766,79.24481432102148,78.32663637713115,78.86718003521838,133733900
2009-09-30,78.18596649169922,78.83017529888846,77.46771770812575,78.75612967318511,254383000
2009-10-01,76.2459487915039,78.2896409256083,76.23113627605683,76.26816191535514,281840600
2009-10-02,75.8905258178711,76.3422115241225,75.52029200286631,75.54250512787544,224748800
2009-10-05,77.02338409423828,77.24552648061305,75.9719221839376,76.19406457031235,149875000
2009-10-06,78.12672424316406,78.57100359474111,77.53434800818236,77.57877424854452,202491100
2009-10-07,78.34144592285156,78.422897781252,77.80090228522297,77.94899349177791,159200300
2009-10-08,78.94124603271484,79.35590605332811,78.37848911236891,78.89681978745459,183305800
2009-10-09,79.42253875732422,79.42253875732422,78.75611693514318,78.96344691330657,135008300
2009-10-12,79.73353576660156,80.03712448545359,79.43734765478905,79.79277451882773,118031000
2009-10-13,79.57064056396484,79.75575744755382,79.05231554964331,79.5188080625327,157692700
2009-10-14,80.94049072265625,81.02194258964467,79.54100777068139,80.50361766273473,191421600
2009-10-15,81.2366714477539,81.2366714477539,80.51101661590039,80.54803659342578,173873600
2009-10-16,80.6295166015625,80.91089225611985,80.14081092266609,80.56287722916186,192069400
2009-10-19,81.29595947265625,81.54771580998677,80.51106542177766,80.76282175910818,159530400
2009-10-20,80.866455078125,81.44401882481284,80.47400820662268,81.4143994468649,180921100
2009-10-21,80.14083099365234,81.6809996956091,80.08159221491377,80.74060809274799,225379300
2009-10-22,80.955322265625,81.21448479000449,79.60026523188739,80.11118967232076,238444000
2009-10-23,80.02971649169922,81.27370192703768,79.69650277817128,81.2218694359535,240033200
2009-10-26,79.16338348388672,80.94050097222627,78.94124097318492,80.1185815916758,242028200
2009-10-27,78.8005599975586,79.51881446762893,78.60804249062878,79.25224568184366,253266300
2009-10-28,77.3122329711914,78.84500083866943,77.26780106897404,78.60064514909409,248821400
2009-10-29,78.97086334228516,79.12636084593845,77.70466454169203,77.88978142451533,198110600
2009-10-30,76.68283081054688,78.94866574335612,76.59397830488537,78.71171631272534,325608100
2009-11-02,77.24560546875,78.05271835853712,76.32742692151994,77.10491477022717,254222900
2009-11-03,77.48993682861328,77.60100810042475,76.66801732625575,76.81610858912468,228362600
2009-11-04,77.68986511230469,78.73392721894658,77.48994133088384,78.12674396699451,247996700
2009-11-05,79.11898803710938,79.14120116854795,78.07493131424704,78.23783514389169,180015300
2009-11-06,79.32632446289062,79.52625396044243,78.52662342064869,78.68212100245466,170954100
2009-11-09,81.13304138183594,81.1774676337092,79.87424861798743,79.93348173737847,159495700
2009-11-10,81.14783477783203,81.39959667839817,80.6887485198357,80.94050477108284,171899800
2009-11-11,81.56249237060547,82.0586042161426,81.17004551818599,81.68096422731774,169466200
2009-11-12,80.73316192626953,81.87348243137697,80.52583195248964,81.45141622780562,157144500
2009-11-13,81.17005157470703,81.51806656367299,80.52584279856373,80.9405028019743,150963000
2009-11-16,82.347412109375,82.70283909051605,81.68839630935864,81.73282256350619,210922200
2009-11-17,82.44364929199219,82.48067492696832,81.82165929948808,82.13265429574012,147134100
2009-11-18,82.39181518554688,82.51029269570458,81.87349020190348,82.38441457815098,156486800
2009-11-19,81.31813049316406,82.42142534890296,80.8072061740346,81.82905481229352,208734600
2009-11-20,81.02938079833984,81.27373649566333,80.71838571955736,80.8960963861016,134196000
2009-11-23,82.05863189697266,82.73986083849285,81.89572809588732,81.98458625538487,148010200
2009-11-24,82.18451690673828,82.34001446183713,81.45886164961033,82.19192316631083,138420100
2009-11-25,82.47325134277344,82.56210945845613,82.05859143488927,82.31775387731687,109564800
2009-11-27,81.13304138183594,81.68839212753144,80.18524367974013,80.26669557438773,126001800
2009-11-30,81.40696716308594,81.59948457085893,80.05931706209249,81.0663529231993,160874800
2009-12-01,82.4140396118164,82.68060837864739,81.99197333922052,82.13265833053981,159613700
2009-12-02,82.37698364257812,82.93974034859684,82.13262808807194,82.39919675674834,132315100
2009-12-03,81.73283386230469,83.06567816418664,81.6661944718711,82.59918548318845,167324900
2009-12-04,82.19928741455078,83.21372413400988,81.48103313476801,82.81387106126532,274907800
2009-12-07,82.07341766357422,82.58434206301017,81.81425515999035,82.12525581360987,127973800
2009-12-08,81.16267395019531,82.02161363875018,80.91091196693762,81.48107532208775,169863700
2009-12-09,81.46623992919922,81.5847174526011,80.72577235589529,81.14043803848259,155063400
2009-12-10,81.92532348632812,82.28075037089286,81.7846328539956,81.96974972840421,138014600
2009-12-11,82.27336120605469,82.45847811892057,81.90312738032294,82.27336120605469,124854000
2009-12-14,82.83611297607422,82.93237173093547,82.28816288105621,82.83611297607422,107141500
2009-12-15,82.45105743408203,82.87312369559423,82.1918949312796,82.53250931343692,120408800
2009-12-16,82.57693481445312,83.02862045069824,82.39181793564181,82.7842704641496,155358200
2009-12-17,81.58470916748047,82.14005979106126,81.51066354753344,81.98456229437689,183390100
2009-12-18,82.0462646484375,82.11326845372406,81.35392228571689,82.03881851902064,174591200
2009-12-21,82.88004302978516,83.15548730113122,82.45570459039767,82.45570459039767,118039600
2009-12-22,83.1778564453125,83.35652383330167,82.95451795052566,83.05874106683049,91707500
2009-12-23,83.34162139892578,83.46073676286926,83.00661937736778,83.37884637009141,111783100
2009-12-24,83.73617553710938,83.82550636833743,83.37883517299998,83.52028322875427,39677500
2009-12-28,83.91487121582031,84.1158713336899,83.61708842512873,84.0488731876448,87508500
2009-12-29,83.79576873779297,84.1456631447826,83.78832828468673,84.13077655883494,80572500
2009-12-30,83.76592254638672,83.86270515631577,83.50536490375202,83.55003598515414,73138400
2009-12-31,82.96197509765625,83.97443323025641,82.92475011700427,83.95209483402445,90637900
2010-01-04,84.36898040771484,84.41364583402492,83.01407423888254,83.65430518808466,118944600
2010-01-05,84.59231567382812,84.6295406499893,84.0116423960111,84.31687129727766,111579900
2010-01-06,84.65186309814453,84.86030930800756,84.4434168882815,84.51041502156609,116074400
2010-01-07,85.0091781616211,85.11340123546898,84.25727826051994,84.49550324070535,131091100
2010-01-08,85.29210662841797,85.32933160558157,84.61465634596625,84.78587760955702,126402800
2010-01-11,85.41119384765625,85.70897084783832,85.04640736688846,85.67175156268166,106375700
2010-01-12,84.61465454101562,85.02410088241076,84.28709292411234,84.84543349125168,163333500
2010-01-13,85.32933044433594,85.56755552763238,84.3987628252508,84.83054188390845,161822000
2010-01-14,85.56012725830078,85.7164619693762,85.18045400012609,85.23256557048457,115718800
2010-01-15,84.59976196289062,85.49310459508649,84.27220034720965,85.41121987090018,212283100
2010-01-19,85.65689849853516,85.70901006538473,84.56254991495929,84.58488831195322,139172700
2010-01-20,84.78588104248047,85.20277354086892,84.10843073259925,85.07621770096304,216490200
2010-01-21,83.15550231933594,85.06874870628681,83.05127922274973,84.80819096482128,344859600
2010-01-22,81.30182647705078,83.1852943230897,81.21248994595315,82.78328845275091,345942400
2010-01-25,81.71871185302734,82.19516763122282,81.45071364240884,82.04627342562011,186937500
2010-01-26,81.37625122070312,82.23982044157104,81.17525117362929,81.39858392818552,211168800
2010-01-27,81.76336669921875,81.94948015942107,80.64668593800484,81.27202443801323,271863600
2010-01-28,80.82537841796875,82.07606148686267,80.33404168361783,82.0313960600309,316104000
2010-01-29,79.9468765258789,81.74101253758043,79.82032076929505,81.17522617674656,310677600
2010-02-01,81.19013977050781,81.1975858997645,80.02879351469271,80.51268968119315,187865000
2010-02-02,82.17284393310547,82.3291786171411,81.05616275022166,81.33905895158212,216327900
2010-02-03,81.76336669921875,82.24726283169119,81.52514169734906,81.80058598341998,172730700
2010-02-04,79.23969268798828,81.16782599473491,79.22480042600131,81.13060669923505,356715700
2010-02-05,79.40345764160156,79.56723273263037,77.85499212860742,79.32900770599534,493585800
2010-02-08,78.83024597167969,79.90226171736087,78.77068827920091,79.46303083499765,224166900
2010-02-09,79.82035827636719,80.51270071911217,79.11312357306717,79.753354463336,337820500
2010-02-10,79.6640625,80.10328784527805,78.99405244134739,79.69384135591079,240511500
2010-02-11,80.49783325195312,80.58716980359935,79.09826135457212,79.55982501847515,223591600
2010-02-12,80.43084716796875,80.47551261062715,79.29183294229301,79.64916784303183,304622100
2010-02-16,81.6964111328125,81.77830155802737,80.26706027772023,81.04129341082906,159317500
2010-02-17,82.08351135253906,82.19518060443302,81.69639203660454,82.09095180419366,168845100
2010-02-18,82.56739807128906,82.73861931521101,81.91972102928844,81.9494998716517,193708600
2010-02-19,82.73863983154297,83.05875536665881,82.15796646080604,82.35152614429663,222684900
2010-02-22,82.75350952148438,83.06617883893483,82.50783833788762,83.04384612765027,132346900
2010-02-23,81.74849700927734,82.78328767928842,81.53260465427547,82.53017602981055,207497000
2010-02-24,82.50037384033203,82.6343757579396,81.78569883966904,81.99414500489591,176350700
2010-02-25,82.38871002197266,82.44826769585939,81.1008079826333,81.32414074010995,259634700
2010-02-26,82.44084167480469,82.72373785490157,81.97183765794996,82.46317438802627,173589300
2010-03-01,83.29693603515625,83.37882640832869,82.76092838520276,82.7832610906622,147709700
2010-03-02,83.5277328491211,83.92973867298271,83.37884432757221,83.65429434014398,160992400
2010-03-03,83.60221099853516,84.10099396172868,83.393759046405,83.74365343781193,150785000
2010-03-04,83.85530090332031,83.97441627356638,83.40118349379074,83.71385282108648,135770400
2010-03-05,85.05390930175781,85.12090746683825,84.19778566518025,84.39879151989341,176118800
2010-03-08,85.06877136230469,85.25488489573732,84.91988280745231,85.06133091037609,114631200
2010-03-09,85.21022033691406,85.60478012307003,84.7709951197923,84.81566055075808,154556700
2010-03-10,85.58987426757812,85.82065318191736,85.17298185980837,85.24742612123397,186088800
2010-03-11,85.94723510742188,85.96957350439632,85.12833662347063,85.38889445749128,160791100
2010-03-12,85.95463562011719,86.33430865088778,85.7164106297719,86.31941639414207,162074800
2010-03-15,85.97698974609375,86.03654742845141,85.31442614913105,85.80576850898197,146816800
2010-03-16,86.66192626953125,86.74381101573856,85.97702400894298,86.21524915357593,168673000
2010-03-17,87.17555236816406,87.45844849107989,86.66932347844022,86.92244076316845,177468100
2010-03-18,87.13091278076172,87.30213405143324,86.78101842799687,87.18302434310536,196509100
2010-03-19,86.68988037109375,87.67660637290192,86.35349300719669,86.68988037109375,226641100
2010-03-22,87.1533432006836,87.31032739986884,86.14419246707783,86.19651863243149,184477800
2010-03-23,87.76627349853516,87.84102431324773,86.99632356794311,87.28038464822109,182941600
2010-03-24,87.34019470214844,87.78123426901647,86.39832403285777,87.43737590835318,196072600
2010-03-25,87.19818115234375,88.33440867827014,87.09352884218434,87.93074732345963,223396300
2010-03-26,87.14582824707031,87.77374191528304,86.80196994736504,87.3626095953213,205808500
2010-03-29,87.69903564453125,87.85601414131264,87.22810015418709,87.58690651736616,134513500
2010-03-30,87.75883483886719,88.08026861460922,87.39255169543411,87.80368420655824,145772500
2010-03-31,87.45977020263672,87.84847778305323,87.16823809154424,87.42239195121647,161078700
2010-04-01,88.05781555175781,88.39419710728082,87.53454838379486,88.05781555175781,161215200
2010-04-05,88.77546691894531,88.83526417791676,88.14754722318811,88.39423016449003,105847600
2010-04-06,88.9847412109375,89.14171965551591,88.4241014646764,88.52127696757091,110384200
2010-04-07,88.47640991210938,89.22392942424067,88.06527189918866,88.80532032244597,184576300
2010-04-08,88.78292083740234,88.93242821372066,87.90832407265249,88.16995485230544,158704000
2010-04-09,89.36599731445312,89.40336988380987,88.80535744598886,88.96980701678116,133006500
2010-04-12,89.50800323486328,89.739738209511,89.37344946682094,89.47810176384026,110279000
2010-04-13,89.5752944946289,89.73227296035373,88.95485172310475,89.4183160289041,125043600
2010-04-14,90.5919189453125,90.5919189453125,89.76217157922235,89.90419645143173,161609000
2010-04-15,90.66668701171875,90.87599166580853,90.41252728666396,90.44242876626595,144615300
2010-04-16,89.22396087646484,90.66667427157213,88.76797335707548,90.34524053992264,366786700
2010-04-19,89.56034088134766,89.65004530593316,88.55866713753049,88.9623284934805,217947800
2010-04-20,90.36017608642578,90.43493261627947,89.60518532238159,90.12097001901249,157708000
2010-04-21,90.19574737548828,90.62183345967605,89.69490474418518,90.4125231121265,192910100
2010-04-22,90.46481323242188,90.57694230529928,89.0445306530466,89.56031526328817,115360300
2010-04-23,91.05538940429688,91.09276767734889,90.17331576963248,90.40505079693224,177335500
2010-04-26,90.7115249633789,91.28711839281058,90.62182623898576,91.08528485667928,143457300
2010-04-27,88.56613159179688,90.70403256686663,88.39419956107801,90.1882478809548,355853300
2010-04-28,89.23889923095703,89.4631574209448,88.40915191237409,88.99222206571771,300674100
2010-04-29,90.34524536132812,90.53212531521088,89.7547040226838,89.77712870464995,193775000
2010-04-30,88.81282806396484,90.45737509122343,88.79040338184575,90.3601938645425,270000900
2010-05-03,89.96400451660156,90.2106874131192,89.1043556276943,89.23890941641999,182747900
2010-05-04,87.8485107421875,88.97726706174612,87.40000007247389,88.96231917744211,360353400
2010-05-05,87.32526397705078,88.05783590023333,86.68987327916838,87.130907229574,328973200
2010-05-06,84.42484283447266,87.45976977252056,78.48953697533896,86.90660701356809,647356600
2010-05-07,83.16903686523438,85.04530705813774,81.7861266698309,84.20061191682308,637558800
2010-05-10,86.83187103271484,87.19815400423492,85.89747162354627,86.57023463565052,396159600
2010-05-11,86.58519744873047,87.7289015349564,85.89748077903045,86.01708095052862,317849800
2010-05-12,87.79620361328125,87.92328632144905,86.77957616668174,86.9290835577251,235607100
2010-05-13,86.70482635498047,87.96813673449891,86.63007551013077,87.55699853313969,234452500
2010-05-14,85.1350326538086,86.2114630298529,84.37256493952633,86.05448455053372,345601400
2010-05-17,85.17987823486328,85.60596428926739,83.55028485601323,85.36675818334093,325739800
2010-05-18,84.0212173461914,86.12922272037697,83.74463299772857,85.87506305092843,360556800
2010-05-19,83.54280090332031,84.29779167269403,82.49627221232872,83.5502719938604,394742700
2010-05-20,80.38827514648438,82.14494543031537,80.33594899175317,81.76370875834627,530418300
2010-05-21,81.56188201904297,81.76370984622777,78.75868290016776,79.16982105218541,500909400
2010-05-24,80.5153579711914,81.77119147887582,80.44060713088996,81.12084719169376,269823000
2010-05-25,80.59756469726562,80.63494295928119,78.02609539551509,78.57178722408315,396505200
2010-05-26,80.11170959472656,81.8310077163794,79.87250344505634,81.09096458195033,349719300
2010-05-27,82.79527282714844,82.82517429564379,81.31518150379912,81.62166727853504,300870500
2010-05-28,81.7562255859375,82.76537596555899,81.36751217698318,82.7055730252395,297933500
2010-06-01,80.38080596923828,82.1898025792276,80.26120576271455,80.993771998372,277909400
2010-06-02,82.47382354736328,82.48129463573045,80.36581889428,80.79190475916532,240243700
2010-06-03,82.75791931152344,83.01955011018661,81.91322396066128,82.7130699469308,226618300
2010-06-04,79.85006713867188,81.72634348831433,79.58095954656683,81.18812830410424,398475600
2010-06-07,78.85585021972656,80.4405940099935,78.79605297911323,80.13410820068873,264609100
2010-06-08,79.7005615234375,79.85753999390012,78.22794663460577,78.91566346800106,357774300
2010-06-09,79.27447509765625,80.94144101640683,78.93808777415676,80.16401975938646,268023300
2010-06-10,81.59173583984375,81.68891129941778,79.26695027214593,80.62743522178184,317890600
2010-06-11,81.98796844482422,82.04029460049915,80.82183943085528,80.87416558653021,214128200
2010-06-14,81.86088562011719,83.06439281801089,81.77865799518362,82.61587642632858,207196100
2010-06-15,83.72223663330078,83.79698748966985,82.29447075321514,82.4365013725037,238268700
2010-06-16,83.69234466552734,84.03620320641984,83.12422782690584,83.28868315149039,216374000
2010-06-17,83.82684326171875,83.96887380355747,83.01204967629414,83.93149554419307,263185800
2010-06-18,83.91775512695312,84.21818105417896,83.64736720824408,83.99286160875958,174006600
2010-06-21,83.67741394042969,85.02183548455415,83.21174456815955,84.96175373511402,213140700
2010-06-22,82.2954330444336,84.04544226424767,82.17526381166611,83.67741646793414,239355400
2010-06-23,82.04006958007812,82.64092720250225,81.4767623357856,82.34800789389075,254639900
2010-06-24,80.68061065673828,81.73963093626115,80.47031022030293,81.63448071804348,268523600
2010-06-25,81.01858520507812,81.43167364351848,80.19239686768503,80.9209416396101,238726500
2010-06-28,80.76324462890625,81.35659567440146,80.47032529040659,81.13878283008614,169218600
2010-06-29,78.26966094970703,80.74821504493077,77.77395356881675,79.62910722622118,373649500
2010-06-30,77.52606964111328,78.77285288577778,77.27070080819064,78.0518205761666,284101700
2010-07-01,77.18058013916016,77.72886247255171,75.95632245261056,77.47349935404185,382924800
2010-07-02,76.76002502441406,77.67633937888918,76.32440495824132,77.44350747022274,233385200
2010-07-06,77.26322937011719,78.38984394152611,76.5196596272015,77.8415556621269,256935300
2010-07-07,79.69672393798828,79.79436181527369,77.37589468785642,77.4585135571974,253769400
2010-07-08,80.48533630371094,80.57546178926142,79.54649096084528,80.36516134930068,210842100
2010-07-09,81.08617401123047,81.09368637660417,80.3125665551571,80.46277948109639,144999900
2010-07-12,81.13874053955078,81.29646581420694,80.4777957128599,80.81577762565809,131283600
2010-07-13,82.36299896240234,82.68595614940314,81.81471094743078,81.97994858838811,213025900
2010-07-14,82.35551452636719,82.67847755314733,81.76216358273587,82.10014561367122,184426800
2010-07-15,82.37802124023438,82.66342807581239,81.2438948023689,82.32544614604222,232337900
2010-07-16,80.10978698730469,82.0250277813259,79.95205594908815,81.93489657809594,282693400
2010-07-19,80.5829849243164,80.83834814117512,79.77933343264637,80.40272819887154,186709000
2010-07-20,81.47673797607422,81.53681970917322,79.47887279644311,79.5164288936039,258162400
2010-07-21,80.417724609375,81.9198769366111,80.08724926370101,81.89734556854359,264527000
2010-07-22,82.21280670166016,82.57332582764037,81.36409259106561,81.37159922787772,274781300
2010-07-23,82.92631530761719,83.04648450440014,81.81472015353128,82.04755191184921,222020800
2010-07-26,83.7900619506836,83.87268079397579,82.83619766484222,83.06902946125282,184445700
2010-07-27,83.7825698852539,84.33836478476138,83.45209445461052,84.24823355906103,204855600
2010-07-28,83.24176788330078,83.8651624391241,82.9638676555798,83.60979357819693,163056200
2010-07-29,82.83619689941406,83.98534259789646,82.1752518894407,83.76001744004404,220149100
2010-07-30,82.8211898803711,83.26432792419337,81.85230639304284,81.99500700863135,220070600
2010-08-02,84.69136810302734,84.8265620708838,83.77505406869555,84.11303612320788,188263200
2010-08-03,84.28577423095703,84.69886271334086,84.00787396697544,84.48105565241049,146657300
2010-08-04,84.84906005859375,84.95421024441379,84.24069030774133,84.51858477158486,158171700
2010-08-05,84.75895690917969,84.80402538247871,84.18063069586702,84.3083122879902,140473800
2010-08-06,84.41343688964844,84.54863080800051,83.30935417814912,83.9252363105851,239728300
2010-08-09,84.86409759521484,85.00680390582359,84.36087792026144,84.81152249082055,120800400
2010-08-10,84.40592956542969,84.85657980701997,83.64734683461482,84.14305407800593,242916300
2010-08-11,82.09264373779297,83.13663935997172,81.95744977152664,83.1065956196617,273406900
2010-08-12,81.58939361572266,81.88231283248088,80.8157861596558,80.85334225626822,239542600
2010-08-13,81.34906005859375,81.837260726665,81.25142221708212,81.33404105615217,158698500
2010-08-16,81.31153106689453,81.57440665566509,80.50036719560991,80.79328652741968,147895300
2010-08-17,82.31043243408203,82.91129564549911,81.7771690558211,82.01000655862975,172270300
2010-08-18,82.46066284179688,82.90379508235607,81.7997177993459,82.27289377777883,182922100
2010-08-19,81.02610778808594,82.23534106871709,80.68812575099957,82.03255299251673,265847600
2010-08-20,80.76324462890625,81.0711887043977,80.17740595190693,80.78577600413573,209714200
2010-08-23,80.45526885986328,81.5443268446058,80.41771276511125,81.14625745335861,163490300
2010-08-24,79.26107788085938,79.90700393168044,78.84047700321113,79.57652853909556,280677800
2010-08-25,79.56902313232422,79.86944906085633,78.32974612122878,78.82545348751259,272234800
2010-08-26,79.03575897216797,80.04971079778481,78.77287769160374,79.94456057766202,224439500
2010-08-27,80.26000213623047,80.34262097556584,78.34475555928398,79.53145731495862,272649000
2010-08-30,79.09584045410156,80.29756707477542,79.08833381715883,80.04971052949215,167238600
2010-08-31,79.09584045410156,79.59906591186805,78.47995813962196,78.80292116613305,273933100
2010-09-01,81.46173095703125,81.57439354275353,80.10979711913545,80.16237222843823,256828100
2010-09-02,82.22032928466797,82.23534829041543,81.48427193737051,81.65702201988428,156112200
2010-09-03,83.28684997558594,83.36195645910792,82.58083642391308,83.02397441813032,212197300
2010-09-07,82.34796905517578,83.00140721325934,82.2803749682645,82.89625703567187,141973700
2010-09-08,82.92631530761719,83.25678489646225,82.47566506147733,82.51322115874096,149924400
2010-09-09,83.30935668945312,83.88017610973056,83.08403730557792,83.8576447443686,147017900
2010-09-10,83.72996520996094,83.82760303897344,83.27180833568045,83.4595773585739,127819000
2010-09-13,84.66133117675781,84.8340755366545,84.2181931291266,84.55618094110119,178503500
2010-09-14,84.60874938964844,85.08943778054785,84.18063611243308,84.49608679453752,209823600
2010-09-15,84.93172454833984,85.02936242188561,84.10554161683241,84.36090485391755,168608400
2010-09-16,84.9091796875,84.96175480033018,84.38342282894054,84.66883549595376,199962900
2010-09-17,84.94088745117188,85.43925439796911,84.70680914879216,85.35619324016957,195836900
2010-09-20,86.2396240234375,86.42839826543633,84.96350830402689,85.23534367337983,214555200
2010-09-21,86.06600189208984,86.71538033871478,85.71110520180247,86.30763282320996,268389100
2010-09-22,85.64311981201172,86.41332215309282,85.40148894756032,85.93006042419003,191322400
2010-09-23,84.94843292236328,85.83189524213162,84.70680205471037,84.94088033748635,202354300
2010-09-24,86.70027923583984,86.76068840767624,85.81681670124141,85.89232528556906,209671800
2010-09-27,86.28495025634766,86.82862113530054,86.20189486850101,86.73046057807511,128761800
2010-09-28,86.58697509765625,86.8663630728541,85.4618821353655,86.39820084004684,209207500
2010-09-29,86.43595123291016,86.76819574380542,86.09615413924018,86.36798950980308,179665800
2010-09-30,86.17920684814453,87.4326704633933,85.77145383213345,86.87390037223683,287106700
2010-10-01,86.54169464111328,86.92679584436715,86.0282282904197,86.82862951673171,174638700
2010-10-04,85.89229583740234,86.72290150210476,85.46189071726985,86.36045811722147,166153200
2010-10-05,87.62147521972656,87.832901502975,86.586990035622,86.68515635351173,229634100
2010-10-06,87.61390686035156,87.84043827215073,87.25901033696832,87.60635427704275,148626600
2010-10-07,87.5082015991211,87.99146327750256,86.9796359386831,87.96881128647432,164860000
2010-10-08,87.9990005493164,88.24063134646242,87.29676014496503,87.62900465139056,177760100
2010-10-11,88.08209228515625,88.32372316627094,87.78005224352921,88.13494886037087,103098300
2010-10-12,88.3539047241211,88.61063494800028,87.3269723067381,87.79512877638442,182210000
2010-10-13,89.04106140136719,89.51677632949414,88.6333082176589,88.84474027512337,194347200
2010-10-14,88.69371795654297,89.10902372810835,88.13494763192874,88.95800082893251,217764300
2010-10-15,88.87493133544922,89.36574563008195,88.16514393919333,89.31288906056359,243705000
2010-10-18,89.31287384033203,89.60736121473987,88.58042881544428,88.90512076170587,141204800
2010-10-19,88.14248657226562,88.98819163299316,87.60636256435399,88.48983054519782,280604700
2010-10-20,89.00331115722656,89.43371634103772,88.24821393924667,88.30107051406787,200051800
2010-10-21,89.19963073730469,89.92452336266732,88.50494269144896,89.40351020874277,221585500
2010-10-22,89.36576843261719,89.50168618333568,89.10148551759109,89.33556384790914,108212400
2010-10-25,89.63002014160156,90.43042695535253,89.56206417036995,89.9622646967787,151145700
2010-10-26,89.64514923095703,89.73575721677791,89.00331770067413,89.17698684745415,158982900
2010-10-27,89.38839721679688,89.48656353183817,88.54269210834251,89.01840123184809,190024000
2010-10-28,89.40349578857422,89.93961402624728,88.97309068165733,89.90185686771999,168576000
2010-10-29,89.4714584350586,89.64513331193274,89.15431901913257,89.31288872709558,144305500
2010-11-01,89.50165557861328,90.4228749339275,88.98818933602504,89.90940869133927,174074800
2010-11-02,90.21144104003906,90.42286728187162,89.93205307137005,90.17368388502625,158345900
2010-11-03,90.57389831542969,90.62675488402014,89.44125262197653,90.37002462541903,226702800
2010-11-04,92.31819152832031,92.36349551988508,90.5890181320683,91.57819368746486,215039400
2010-11-05,92.66551208496094,92.81652919252242,92.2577589814249,92.3785715152874,180654100
2010-11-08,92.4918441772461,92.64286705709041,92.07654421977529,92.3785784575963,156107100
2010-11-09,91.82736206054688,92.83918944531555,91.457366081438,92.74102889275758,186621600
2010-11-10,92.19738006591797,92.24268982179036,91.11004386087998,91.80473200094721,221387400
2010-11-11,91.84999084472656,91.98590852365949,91.1250984773951,91.4044864176829,158017600
2010-11-12,90.76266479492188,91.63102757077071,90.3473648662522,91.23082704857141,239068800
2010-11-15,90.63430786132812,91.40451016233857,90.59655646127636,91.04961358843512,163940800
2010-11-16,89.2222671508789,90.22654181482507,88.7918563165594,90.07552471434788,299566200
2010-11-17,89.26754760742188,89.63754343875267,88.99571228944329,89.25999502610814,172308900
2010-11-18,90.58146667480469,90.90615872724467,90.1208568850425,90.12840947070899,197723700
2010-11-19,90.83065032958984,90.86840173612569,90.04534848586424,90.53616285830961,156852900
2010-11-22,90.75516510009766,90.79291651634412,89.6829223340302,90.37761637201463,181361000
2010-11-23,89.44123840332031,89.87164346797277,89.09389447052472,89.68286921574041,222309000
2010-11-24,90.76266479492188,90.78532254602757,89.99246832439746,90.00756773086785,140046100
2010-11-26,89.70555877685547,90.46820287845367,89.70555877685547,89.97739425734385,76007800
2010-11-29,89.97737884521484,90.21900970193416,88.90513651764722,89.47901196270585,223642300
2010-11-30,89.4714584350586,89.98492472029147,88.9579921498257,89.08636304183442,233930700
2010-12-01,91.37429809570312,91.54796719576011,90.75511872845625,90.76266555128763,221037200
2010-12-02,92.54471588134766,92.61267762862671,91.46492659782173,91.51778317417889,191213600
2010-12-03,92.79389953613281,92.89961268905559,92.20492460958174,92.2275766050745,151288900
2010-12-06,92.69573974609375,92.90716605371244,92.4994128486186,92.59757341688878,103050500
2010-12-07,92.74858093261719,93.63959576754036,92.69572436448335,93.58673919940651,206581000
2010-12-08,93.08837890625,93.1638874716394,92.43144805033457,92.86185321008182,138019200
2010-12-09,93.4508285522461,93.64714967105236,92.99021881185533,93.60939826863621,123705100
2010-12-10,93.9944839477539,94.08509190736287,93.42816115646448,93.73774795335069,117571700
2010-12-13,94.05489349365234,94.53815517966089,94.0246889181601,94.4248952227321,133812700
2010-12-14,94.13794708251953,94.56080534454772,93.851012279767,94.19835622865688,147249600
2010-12-15,93.7075424194336,94.33427435132788,93.54897273080972,93.96427841120553,160823100
2010-12-16,94.251220703125,94.31918243846782,93.44326702874812,93.76795901532577,185035200
2010-12-17,94.35220336914062,94.47365130032597,93.98784799312016,94.18520739643259,141075300
2010-12-20,94.5799331665039,94.80765603113053,94.10931440675061,94.61029660120299,119085500
2010-12-21,95.17953491210938,95.24026174127411,94.7848221049969,94.87590655751484,94965500
2010-12-22,95.47562408447266,95.50598751594815,95.19477247798099,95.24790703525503,78878100
2010-12-23,95.3389663696289,95.47559887958242,95.1036570768543,95.36932979308868,70053700
2010-12-27,95.37693786621094,95.46802236041911,94.91390571654662,94.98221908720276,58126000
2010-12-28,95.51358032226562,95.60466482593715,95.26308635470409,95.56671487981816,55309100
2010-12-29,95.58186340332031,95.79440156616195,95.56668458793045,95.62741143195109,58033100
2010-12-30,95.4300537109375,95.74126865719384,95.28582890173807,95.49078055599311,76616900
2010-12-31,95.45284271240234,95.54393299705086,95.1340354029802,95.28584675282929,91218900
2011-01-03,96.43962097167969,96.85710502358691,95.41487422783693,96.18153476194941,138725200
2011-01-04,96.3864974975586,96.68253367806439,95.78683283182768,96.6521702504187,137409700
2011-01-05,96.88746643066406,96.94819327771646,95.99176570594936,96.08285597652795,133975300
2011-01-06,96.69773864746094,97.03173065065741,96.40929469366695,96.92546152077367,122519000
2011-01-07,96.5079345703125,96.98614547171422,95.75645864204378,96.82674183791364,156034600
2011-01-10,96.3864974975586,96.52313002634831,95.79441934531535,96.08286901233348,122401700
2011-01-11,96.72807312011719,96.96338243851083,96.36371779016206,96.73566542461644,110287000
2011-01-12,97.60096740722656,97.70723646673446,96.75080913993405,97.32011594619689,107929200
2011-01-13,97.44158172607422,97.68448911114764,97.19868592346242,97.63894687206178,129048400
2011-01-14,98.14752960205078,98.17030072354787,97.23664999477943,97.30496335927069,117677900
2011-01-18,98.31452941894531,98.40561390851994,97.94258178241049,98.05643739437876,114401300
2011-01-19,97.35052490234375,98.32971806823481,97.09244441923633,98.23104704967311,151958400
2011-01-20,97.22147369384766,97.46436953805953,96.5003553011764,97.13038340884435,175745700
2011-01-21,97.44158172607422,98.04883860629614,97.33531264072,97.82871392322728,151462900
2011-01-24,97.99574279785156,98.1095984338408,97.35811648891529,97.38088761611313,113715500
2011-01-25,98.04884338378906,98.13234135366883,97.24423290083602,97.73762262492242,167552200
2011-01-26,98.42839813232422,98.71684783098901,98.09440618281018,98.29177137977645,141281500
2011-01-27,98.6712875366211,98.83828348084042,98.27656879733338,98.45115125448541,123302700
2011-01-28,96.94817352294922,98.94452622658339,96.78876992534093,98.78511683774539,295637300
2011-01-31,97.67688751220703,97.75279896293458,96.97095966677782,97.21386704313703,149249200
2011-02-01,99.24058532714844,99.41516777830883,98.20825206306864,98.26897891183359,167194300
2011-02-02,99.05081939697266,99.31648633307698,98.92936569805867,98.98249445229465,118323600
2011-02-03,99.27098846435547,99.42279986462442,98.35252196412452,98.87626955768228,145886700
2011-02-04,99.55182647705078,99.58978221752795,98.85348486564105,99.3089305864354,134634800
2011-02-07,100.17424774169922,100.50064156175223,99.7643443601635,99.77194245618745,112439100
2011-02-08,100.62970733642578,100.68283610365016,99.99208105247794,100.26534615060842,99072800
2011-02-09,100.4019546508789,100.67521966779348,99.90096685612524,100.3564124118034,146436700
2011-02-10,100.43990325927734,100.55375884889698,99.66565050248147,99.89337326418153,162708500
2011-02-11,101.03959655761719,101.1686367974715,100.02244766761392,100.04521879332559,137710300
2011-02-14,101.2824935913086,101.36599158070025,100.86501522681516,100.97887085668339,101690700
2011-02-15,100.96366119384766,101.12307061857499,100.43991384394246,100.97125928893021,119575400
2011-02-16,101.60128784179688,101.72272995667079,101.10030002713249,101.30525169357921,130183500
2011-02-17,101.90489196777344,102.04151866557962,101.2141372200823,101.3052332677464,109810500
2011-02-18,102.1174545288086,102.23890823309877,101.76069151149545,101.99600082451843,130002400
2011-02-22,100.06795501708984,102.14020781133864,99.79469002139523,101.04714782856016,233116400
2011-02-23,99.4531478881836,100.25017204773373,98.83830431959103,100.00726459312362,227584000
2011-02-24,99.38480377197266,99.77193600533302,98.45115303600613,99.34685962416005,260431400
2011-02-25,100.44754028320312,100.50826715569161,99.74160052518275,99.80232739767123,141686900
2011-02-28,101.06990051269531,101.19895226646629,100.4854264865967,100.81941826291511,141585500
2011-03-01,99.38480377197266,101.47983962555755,99.35444613723003,101.38875513886697,258565500
2011-03-02,99.59736633300781,100.06039850390795,98.94456706882835,99.24818978508961,200277400
2011-03-03,101.31285095214844,101.426706568686,100.49305576568732,100.50064227930199,176480100
2011-03-04,100.55375671386719,101.43427852976578,99.89337114317352,101.23691340200129,277202300
2011-03-07,99.76435852050781,101.07755524806315,99.24061103137126,100.84983240182785,216790400
2011-03-08,100.63729095458984,100.95609829615562,99.49110182783207,99.92376479764822,174615000
2011-03-09,100.4930648803711,100.80428570375278,99.89340594144515,100.43993611532264,153806000
2011-03-10,98.63331604003906,99.5745531215823,98.53463347537637,99.43792641585918,301291800
2011-03-11,99.31645965576172,99.67322256145285,98.29172475039162,98.31449586501368,225621800
2011-03-14,98.7168197631836,99.04321352311064,97.96533809044313,98.6712775252832,234974100
2011-03-15,97.5857925415039,98.1702782183506,96.02211411737115,96.0904274662018,359585400
2011-03-16,95.77925109863281,97.5934299055021,95.0960883792809,97.27461098441736,468670300
2011-03-17,97.04689025878906,97.45678787485697,96.47758897945566,97.16075167290217,254303700
2011-03-18,97.39986419677734,98.25371605646022,97.2092727312009,98.22321490761125,230435400
2011-03-21,98.90937042236328,99.11520086966233,98.49768626220087,98.6120481434825,153992600
2011-03-22,98.5662841796875,99.02370838248551,98.47480399224018,98.8941075726749,129538600
2011-03-23,98.84835815429688,99.10755974946683,97.82679071490024,98.2918227124101,148603100
2011-03-24,99.79367065429688,99.9385220060563,98.85596405182527,99.41248778452068,159129800
2011-03-25,100.09864044189453,100.53318293607626,99.78606764524983,100.05290035122066,155642800
2011-03-28,99.85464477539062,100.57127031315498,99.82415526927933,100.31206879649267,109762400
2011-03-29,100.52555847167969,100.55604798635441,99.44300039264701,99.77081211471256,129798800
2011-03-30,101.21931457519531,101.51663678378657,100.90674179281544,101.05159316185876,135835000
2011-03-31,101.08208465576172,101.36416792886672,100.97535390271052,101.08971575919513,132537100
2011-04-01,101.50897979736328,101.98165440205075,101.26502884284598,101.70720230773352,153850100
2011-04-04,101.5928726196289,101.9054454211843,101.30318149654984,101.72247342283428,100768900
2011-04-05,101.57760620117188,102.02739915523672,101.34889417329546,101.39463425231536,120791500
2011-04-06,101.89781951904297,102.15702110909453,101.48613545693345,102.06554093208324,120411600
2011-04-07,101.63862609863281,102.1417787454173,101.13546181906803,101.71485570800971,170731500
2011-04-08,101.28790283203125,102.14937975694642,100.86859938925055,102.08838910774405,147945400
2011-04-11,100.98297882080078,101.73771351658442,100.73901618146701,101.39465123370286,121385400
2011-04-12,100.22823333740234,100.61703571024279,99.86230100809492,100.4188247886969,161187400
2011-04-13,100.22058868408203,100.76948122372991,99.83940587727517,100.6932516420342,162059000
2011-04-14,100.29684448242188,100.44931531844384,99.31339770221798,99.64120941802624,161220400
2011-04-15,100.66278076171875,100.91436288576838,100.18249819105999,100.47982040443145,170006700
2011-04-18,99.53450775146484,100.65518675447319,98.73402108748994,99.55737780191133,210759300
2011-04-19,100.10624694824219,100.13674809326126,99.44299245380756,99.68694345006806,124258800
2011-04-20,101.47087097167969,101.69195188806184,101.23452785259859,101.30314960086159,156133800
2011-04-21,101.98929595947266,102.03503604630251,101.47089279836229,101.99691542968465,135935400
2011-04-25,101.88253021240234,102.05025156167966,101.54708751384771,101.91301971555505,65757100
2011-04-26,102.75927734375,102.96511935947674,102.08840337432493,102.19513411715018,146600000
2011-04-27,103.43013763427734,103.58260842488919,102.53817129478368,102.95747469354797,143031000
2011-04-28,103.7656478881836,103.90286819921009,103.23199395733072,103.24723290336705,124791100
2011-04-29,104.00955200195312,104.11629437268903,103.6664897465725,103.80372162839154,115094100
2011-05-02,103.84947204589844,104.58133671250428,103.64363001907468,104.49748764048701,126278700
2011-05-03,103.47590637207031,103.82659975712127,102.94987211088329,103.65125888098524,138375000
2011-05-04,102.789794921875,103.47591957361598,102.33237073219411,103.43017948120396,182678500
2011-05-05,101.85971069335938,102.88127823085047,101.40991759394205,102.21802360517474,226900000
2011-05-06,102.30950164794922,103.39969093606767,101.91306812201702,102.87365660282273,222787200
2011-05-09,102.70592498779297,103.0032471945594,102.14177008887077,102.30187203072009,114104500
2011-05-10,103.58261108398438,103.76558301708108,102.91935672976972,103.04895748675557,114806900
2011-05-11,102.49248504638672,103.44544252914056,102.01982185743098,103.4301919522376,193564200
2011-05-12,102.98038482666016,103.19384634318465,101.69198462370724,102.21801894399266,171550700
2011-05-13,102.18750762939453,103.17858550483248,101.8215752992931,103.03373414028967,157444900
2011-05-16,101.53952026367188,102.62207849031829,101.37179882814262,101.82159193579793,141675400
2011-05-17,101.52429962158203,101.66153157874098,100.72381283104383,101.15836712379875,192686200
2011-05-18,102.43148040771484,102.53821116592206,101.35654172184053,101.57763434205705,135217900
2011-05-19,102.67543029785156,102.94226300678892,102.11128699622869,102.7669221129964,119489500
2011-05-20,101.85971069335938,102.67543617596532,101.66911921400146,102.40861508453266,182594900
2011-05-23,100.67803955078125,101.18120383993721,100.3197266448169,100.61704888244896,168700000
2011-05-24,100.59416198730469,101.18880636297122,100.40357054298134,100.96772540597873,147199600
2011-05-25,100.92963409423828,101.34893772004501,100.15964862341643,100.19013814493785,151050100
2011-05-26,101.39463806152344,101.57761001725387,100.46455097725419,100.65514240218187,164850000
2011-05-27,101.78348541259766,102.05793765123038,101.3641933984715,101.67675463272839,120921900
2011-05-31,102.84314727783203,102.85839785182735,102.03504134777357,102.74404762881136,164731200
2011-06-01,100.5331802368164,102.85839839014024,100.44931952857262,102.54582560188793,233094300
2011-06-02,100.42646026611328,100.81527433370655,99.83944687816175,100.60181280485493,200466800
2011-06-03,99.427734375,100.19010008402418,99.1685328257984,99.22189237638577,234690200
2011-06-06,98.37567901611328,99.38200746917138,98.24607822433077,99.17616544326785,179951200
2011-06-07,98.31468963623047,99.16091606164369,98.23082894063897,98.87883283132071,161660500
2011-06-08,97.90301513671875,98.49004006287477,97.72004315599014,98.1622167181667,198696400
2011-06-09,98.650146484375,99.05419949581488,97.93353228319658,98.1698638597617,160964400
2011-06-10,97.27787017822266,98.29181222237656,97.01866861071557,98.23083319819237,238629400
2011-06-13,97.3541259765625,97.76581008906919,96.85859278005049,97.49897736308223,207599800
2011-06-14,98.58912658691406,98.93218878596534,98.20794378068462,98.24605275508671,160570400
2011-06-15,96.83570861816406,98.57390765827276,96.57650701859437,97.76580171092031,300958000
2011-06-16,97.0491714477539,97.55995515245829,96.30205038313184,96.86619946270996,308032800
2011-06-17,97.3387451171875,98.02061384337831,97.00930246389792,98.01295075509985,233284900
2011-06-20,97.83676147460938,98.04362399797022,96.97868240059488,97.00932891684187,159479000
2011-06-21,99.17753601074219,99.3690723922579,97.87509095452599,98.34244019304242,193157300
2011-06-22,98.57990264892578,99.45330771965423,98.51860962934595,98.87104156931798,176703000
2011-06-23,98.29644775390625,98.55693435927681,96.67988064694785,97.42304254908441,334286500
2011-06-24,97.1548843383789,98.35006914471327,97.00932070505921,98.27346162841853,226129300
2011-06-27,98.02064514160156,98.39604890875812,97.02465377543201,97.21619012698572,168904700
2011-06-28,99.30008697509766,99.31541315352439,98.27345513903373,98.41135567352791,165556300
2011-06-29,100.15055084228516,100.31143486693216,99.31545496838358,99.75215186859347,244295500
2011-06-30,101.10823059082031,101.26911461192928,100.14289139280605,100.47232837252197,223322700
2011-07-01,102.6021957397461,102.74010799773606,100.96264496867566,101.20014818418164,202385700
2011-07-05,102.51789855957031,102.72476105953173,102.19611894321328,102.49491513629118,165936000
2011-07-06,102.64049530029297,102.77073860925543,101.98160981995606,102.27274879907833,143331600
2011-07-07,103.70541381835938,103.96590037833785,103.33766739895167,103.55218711781015,170464200
2011-07-08,102.96992492675781,103.7054295677195,102.19612237267857,102.53322817935062,194100500
2011-07-11,101.10823059082031,102.0352601727051,100.87072733745238,101.70582319298917,195918600
2011-07-12,100.67149353027344,101.72877784598846,100.64085286031003,100.89368222669626,214675700
2011-07-13,101.00863647460938,102.06592117889554,100.76347595345077,101.20017288101168,204062600
2011-07-14,100.31140899658203,101.72878262582731,100.11987265157326,101.26143347638785,226111800
2011-07-15,100.89369201660156,101.03159258049287,100.18883963454846,100.87070858928635,220012800
2011-07-18,100.06622314453125,100.57953901595614,99.31540413607594,100.4263123169476,196872100
2011-07-19,101.69046783447266,101.81305389473692,100.60254285314018,100.62552627813346,166554900
2011-07-20,101.62914276123047,102.012215310938,101.45293266169001,101.95093399057768,137145400
2011-07-21,103.03890228271484,103.29173167548997,101.64451199961286,102.20379488580859,245246300
2011-07-22,103.10785675048828,103.21511664658449,102.47961186588769,103.06188989365447,126019400
2011-07-25,102.53324127197266,103.03890004654905,102.01992525188494,102.12718514129952,136653800
2011-07-26,102.15019989013672,102.63287538572851,101.92035385935706,102.46432240918708,131278200
2011-07-27,100.05858612060547,101.61386022619781,99.92833112515672,101.58320786593336,249020100
2011-07-28,99.76744842529297,100.95497605603845,99.60655275797379,100.05858739927517,207939900
2011-07-29,99.08557891845703,100.02027717503408,98.04362078114738,98.76379927625922,307038400
2011-08-01,98.6641845703125,100.33438729791004,97.70650300576881,100.24244191820868,325790900
2011-08-02,96.1435775756836,98.44967669763759,96.1435775756836,97.92103453983972,346653800
2011-08-03,96.66456604003906,96.77182593100075,94.6419426030107,96.27383608520394,370830800
2011-08-04,92.13663482666016,95.47702878096023,91.98340226050321,95.32379621480328,520721800
2011-08-05,91.99874114990234,93.5233688611458,89.53175202358118,93.28586565732095,655619200
2011-08-08,86.0074691772461,92.02937143418335,85.82359010488844,89.57004583233866,702263900
2011-08-09,90.00677490234375,90.12935514145117,84.48286076550329,87.39421597093876,717828700
2011-08-10,86.03047180175781,89.08739045799973,85.76997931372216,88.30592468434439,662607400
2011-08-11,89.89183807373047,91.11000641186186,86.0534481159126,86.77362663745966,487979700
2011-08-12,90.49711608886719,91.33221194759449,89.85355077583884,90.71163591146771,313731600
2011-08-15,92.41246032714844,92.50439403427858,91.17130267386173,91.31687217045183,258810600
2011-08-16,91.62333679199219,92.46610151129944,90.6426714952269,91.53140307368683,294095200
2011-08-17,91.68460083007812,92.8568021294573,90.9567651793546,92.12896647873377,238201100
2011-08-18,87.7313232421875,91.71527752228513,86.87323817398858,89.2559511574846,512956300
2011-08-19,86.29859924316406,88.78090818056849,86.19133937733466,86.54376548580618,428281300
2011-08-22,86.36759948730469,88.28296356331384,86.12243311938461,88.23699085073507,275090600
2011-08-23,89.20995330810547,89.3095500846809,86.25263222429665,86.68933477578011,331136600
2011-08-24,90.46646881103516,90.58904906068824,88.81159160151815,89.01845417532114,246869700
2011-08-25,89.08738708496094,91.47776286161069,88.77327050727595,90.96444684123185,312365400
2011-08-26,90.38215637207031,90.79587550984455,87.22563582751016,88.63534613161764,314495900
2011-08-29,92.9793930053711,93.0330229419448,90.45111120638317,91.60032914315501,190977200
2011-08-30,93.22457885742188,93.79918794657135,91.37050826595375,92.57335639209764,241315700
2011-08-31,93.6382827758789,94.6266109488689,92.93343047808332,93.82215601764624,301828400
2011-09-01,92.65763092041016,94.54234799195187,92.53504484491519,93.69192609018934,254585900
2011-09-02,90.29024505615234,92.60400771513959,89.96846535239159,90.72694775274942,255517200
2011-09-06,89.63134765625,89.76159681509108,87.63170771812591,87.63937080869901,285130500
2011-09-07,92.1596450805664,92.19794884933842,90.68098399671379,90.98744337302199,209803200
2011-09-08,91.20195770263672,92.65763526871064,90.9950951518376,91.60801386762434,250568200
2011-09-09,88.81159210205078,91.21728869797131,88.32125941022156,90.16000992719455,380195100
2011-09-12,89.38617706298828,89.45513318437668,87.37887997612312,87.70065962200187,305793500
2011-09-13,90.20598602294922,90.54309197504445,89.04144722197162,89.67734950606858,272514700
2011-09-14,91.45475769042969,92.55034559692186,89.4244716734055,90.6656231980192,319389500
2011-09-15,93.03303527832031,93.06368179545831,91.47776106622575,92.4354428071929,326777200
2011-09-16,93.58367156982422,93.93022425055024,92.65954283882252,93.40654973619137,284528300
2011-09-19,92.65182495117188,93.12929471354624,91.4273542890434,92.0511407866963,241517000
2011-09-20,92.54402160644531,93.94562012228072,92.42080718908556,93.04459376398658,218932200
2011-09-21,89.81781768798828,92.87515160087024,89.67150096168456,92.59021500853899,316251300
2011-09-22,86.91448974609375,87.95413557191061,85.71312175852445,87.21483174298608,513911300
2011-09-23,87.43820190429688,87.91567173783326,86.26763259480995,86.33694548013855,307242500
2011-09-26,89.51747131347656,89.64069157755222,87.00692012532366,88.26219571940011,260673700
2011-09-27,90.51863861083984,92.07425665324776,89.97955863044602,91.28104509508395,311753900
2011-09-28,88.67036437988281,91.25022877928349,88.53944723845326,90.70345200437208,286696800
2011-09-29,89.37117004394531,90.58793804697622,87.73853651550057,90.14127920115133,298108900
2011-09-30,87.1378402709961,88.90908756251359,87.0762301368218,88.1389785117323,288392300
2011-10-03,84.65809631347656,87.7539324095722,84.56568110334447,86.62957379256368,365136800
2011-10-04,86.51403045654297,86.6988608217041,82.73279883678971,83.4412976101803,459177500
2011-10-05,88.11588287353516,88.3469179565052,85.92877582340797,86.72969000211357,284108000
2011-10-06,89.70999908447266,89.84092208467099,87.41507746981266,88.0696689689419,257800800
2011-10-07,89.10930633544922,90.29527482930787,88.60873434040695,90.23366470289481,312657900
2011-10-10,92.08965301513672,92.12815494712602,90.61874172722926,90.62644446381373,230666300
2011-10-11,92.18204498291016,92.44388509824617,91.45044378283364,91.54285897803437,209088000
2011-10-12,92.99069213867188,94.06114352845024,92.6672476630843,92.87517457582851,281544900
2011-10-13,92.80583190917969,93.08307160330666,91.73538093064808,92.44387975987698,212538800
2011-10-14,94.39228820800781,94.41539054486292,93.36034465869908,93.8840191707942,211397600
2011-10-17,92.59024047851562,94.37689375686696,92.35920534642734,93.94562856866665,202311600
2011-10-18,94.39999389648438,95.1084930010358,91.79702085405167,92.52092543396618,318857900
2011-10-19,93.28330993652344,94.78502615478409,92.95986553583934,94.24594627817797,226601300
2011-10-20,93.69145965576172,94.03030360560108,92.2744561025962,93.5143320083166,262075600
2011-10-21,95.47044372558594,95.58596128704565,94.50780717253367,94.7927438319381,278999400
2011-10-24,96.6409912109375,96.87972903194091,95.53973494130112,95.62444741400132,203215600
2011-10-25,94.76190948486328,96.22511180241798,94.55397677626588,96.17890714515859,268596800
2011-10-26,95.72455596923828,96.0865022824469,94.1150250212864,95.76305789593758,289053800
2011-10-27,99.05914306640625,99.66752412045213,97.50351930348438,98.28902804605825,393220200
2011-10-28,99.03604888916016,99.22857619123789,98.41995917232461,98.5739786638,225906500
2011-10-31,96.64867401123047,99.05141019447896,96.51005416408421,97.92705769885323,228146700
2011-11-01,93.95328521728516,95.11615129420295,93.58363036237338,93.97638754406752,416565800
2011-11-02,95.48580169677734,95.80154916874797,94.56167335892152,95.36258732694675,244717600
2011-11-03,97.22628021240234,97.41880749995165,95.18548978928632,96.47157066000376,291174800
2011-11-04,96.6332778930664,96.80269693414776,95.5012167465642,96.44075064707529,249401600
2011-11-07,97.23395538330078,97.33406742927679,95.64752698832815,96.5639584974047,196617200
2011-11-08,98.4815444946289,98.5893651684761,96.8104092442523,97.74224050195723,224426300
2011-11-09,94.8466567993164,96.87974472246515,94.61562167717655,96.17894249398354,337982000
2011-11-10,95.73995208740234,96.21742178976346,94.73880802213293,96.10190426292999,231866500
2011-11-11,97.5420150756836,97.7961465967839,96.8720180871364,96.90282315418675,189924400
2011-11-14,96.61790466308594,98.15042040742269,96.20204496792309,97.1800869941766,159258300
2011-11-15,97.09536743164062,97.61133917535493,96.0480184702543,96.39456525323452,184709400
2011-11-16,95.55513763427734,97.29557995347926,95.41651776256987,96.1173139816988,235782500
2011-11-17,94.03802490234375,95.61675094498976,93.36033099343145,95.37801312300807,331219600
2011-11-18,93.93791961669922,94.53090109539164,93.545162292883,94.33837380191834,215580400
2011-11-21,92.15128326416016,92.68265469510243,91.37347121247414,92.56713712299575,229611600
2011-11-22,91.789306640625,92.49010287502124,91.27332907191033,91.9510288485626,216494900
2011-11-23,89.7639389038086,91.78933014061626,89.7639389038086,90.92680560199186,224329100
2011-11-25,89.59447479248047,90.64182346221922,89.48666000666606,89.62527985635104,99557000
2011-11-28,92.18973541259766,92.55168753448886,91.50433896387523,92.05881831013711,210686000
2011-11-29,92.45159149169922,93.18319272072527,92.11274163802031,92.45159149169922,199241500
2011-11-30,96.25593566894531,96.43306334881592,92.41309286894233,95.10077200808352,324439500
2011-12-01,96.24053955078125,96.75651126117161,95.82467991278311,96.14812433940396,176954800
2011-12-02,96.15583038330078,97.41880893823344,96.09422024026344,97.12616957200594,221109700
2011-12-05,97.20317840576172,97.94248248890933,96.60249420542094,97.68064232117794,225263900
2011-12-06,97.23395538330078,97.88854680029908,96.84890091736473,97.19544758652123,178842100
2011-12-07,97.59593200683594,98.00408890305474,96.2405383015612,96.910529480084,237802500
2011-12-08,95.45502471923828,97.17237067164655,95.22399550453567,96.9567410544042,240862800
2011-12-09,97.07225036621094,97.31868503293865,95.80156922898811,95.8862816965007,209111400
2011-12-12,95.65526580810547,96.24055046225327,94.84665464987538,96.22514498754389,215826100
2011-12-13,94.76190948486328,96.70258147080361,94.2998394104091,96.1558048165289,245159800
2011-12-14,93.75306701660156,94.7465083210794,93.5451401740203,94.38455615485894,238618800
2011-12-15,94.09191131591797,94.87741985612276,93.94558873593802,94.74650274533279,199109200
2011-12-16,94.23143005371094,95.2854213872678,94.00668720576866,94.72743119249901,220481400
2011-12-19,93.22396087646484,94.79719660129736,93.02246092807954,94.59569665291205,183903000
2011-12-20,96.04490661621094,96.2076544771647,93.28593274203114,94.68866852886745,225418100
2011-12-21,96.23091125488281,96.37816186571312,95.13042224954394,96.04491452885932,194230900
2011-12-22,97.08338928222656,97.1841421758555,96.27740160956606,96.58739413933002,119465400
2011-12-23,97.95140838623047,97.98240882955322,97.1919182193779,97.39341223188083,92187200
2011-12-27,98.0289077758789,98.28465700197322,97.6956603968642,97.78091013889563,86075700
2011-12-28,96.74241638183594,98.05990264477198,96.66491823332142,98.04440538016097,119107100
2011-12-29,97.74214172363281,97.84288870817574,96.76564866393174,97.06014394294628,123507200
2011-12-30,97.26165008544922,97.90489588355538,97.26165008544922,97.66464396229013,95599000
2012-01-03,98.8116226196289,99.49362034813008,98.75737333783705,99.013122486025,193697900
2012-01-04,98.96662139892578,99.05187111715973,98.19937984754864,98.57912482976361,127186500
2012-01-05,99.2301254272461,99.37737602925208,97.98239179857951,98.43188927953433,173895000
2012-01-06,98.97438049316406,99.36962867925334,98.64888476943354,99.35412550418302,148050000
2012-01-09,99.21465301513672,99.33864296508304,98.74190659367709,99.19914983684586,99530200
2012-01-10,100.07489776611328,100.47788580464034,99.93539281011516,100.2763917853768,115282000
2012-01-11,100.12911224365234,100.26085965960901,99.60212257982566,99.76486451846633,111540700
2012-01-12,100.369384765625,100.51663539458634,99.61764026810873,100.41589430013391,118983700
2012-01-13,99.85015869140625,100.01291252796261,98.98216976433825,99.69516235806728,179836200
2012-01-17,100.23761749267578,100.99711934181416,99.89661859313736,100.81111671694109,132209200
2012-01-18,101.34587097167969,101.40011435013288,100.03613048247905,100.21437561948039,163395200
2012-01-19,101.88060760498047,101.96585732692769,101.3691092732972,101.69460498651637,126328900
2012-01-20,102.26034545898438,102.26034545898438,101.46210344739458,101.71010693569214,138230200
2012-01-23,101.99687194824219,102.49286720308751,101.50862236947926,101.91936788557962,129295800
2012-01-24,101.88060760498047,101.91160212866248,101.21411300397244,101.3691092732972,103083300
2012-01-25,102.73311614990234,102.97336219531375,101.3303800844022,101.72562243406676,198613200
2012-01-26,102.20610809326172,103.38408925553088,101.80310831382337,103.1903409534587,184880500
2012-01-27,102.15961456298828,102.33785969704243,101.6403586858359,101.71011706477742,135259100
2012-01-30,101.81084442138672,101.86509961708825,100.79560530600567,101.14434985187184,147311800
2012-01-31,101.77213287353516,102.43861580520624,101.27612577477697,102.3146258559768,157212000
2012-02-01,102.6633529663086,103.18259700549763,102.39985810919025,102.52384803724365,166234500
2012-02-02,102.82608032226562,103.08958696743196,102.4618444394057,102.86483234291859,113090400
2012-02-03,104.267578125,104.32957899898472,103.67084188563007,103.84908700742514,160598500
2012-02-06,104.19783020019531,104.24432789870536,103.71733821498148,103.83358246125664,107694500
2012-02-07,104.46135711669922,104.63961411633109,103.57011942038399,103.98086498395129,135528100
2012-02-08,104.7713394165039,104.79458826797985,104.0893415719866,104.51559022480991,139361400
2012-02-09,104.90306091308594,105.0813060054839,104.2830641009495,104.9418129311174,148602900
2012-02-10,104.12809753417969,104.21334726796559,103.72509771760457,103.97310124333048,167907500
2012-02-13,104.90306091308594,105.02706264060434,104.42256900077162,104.87206639393413,115841900
2012-02-14,104.7713394165039,104.83334029559262,104.04284386903468,104.62408880685052,165329500
2012-02-15,104.28306579589844,105.26731030770772,104.07381435549203,105.11231405851831,195195100
2012-02-16,105.4378433227539,105.53083873680544,104.10485386920388,104.29085652276652,186567800
2012-02-17,105.71684265136719,105.88734212946845,105.3680980190545,105.80209239041783,129869400
2012-02-21,105.76333618164062,106.21283371293029,105.43784041597416,105.9648301816839,134042300
2012-02-22,105.4223403930664,105.82534023066965,105.23633773906654,105.6005855455707,124455300
2012-02-23,105.88735961914062,105.96485186942097,105.01161323019495,105.36811542296185,137704300
2012-02-24,106.11982727050781,106.32907877338123,105.88733874004771,106.11982727050781,105539100
2012-02-27,106.29813385009766,106.58487772178468,105.24414199346649,105.41464154567629,145728900
2012-02-28,106.60808563232422,106.73208740910803,106.11983602715067,106.32908754729081,129355900
2012-02-29,106.1895751953125,107.0963158511699,105.81756993230061,106.7630626145707,185934700
2012-03-01,106.73980712890625,106.94131292354336,106.11981022121672,106.41431141309717,145023500
2012-03-02,106.41434478759766,106.80959900075939,106.17409871906625,106.67009403568433,120638300
2012-03-05,105.9803466796875,106.32909134206051,105.61609883829816,106.25159909790025,140765000
2012-03-06,104.43034362792969,104.95733337780955,104.12809672421415,104.89534432231923,202129900
2012-03-07,105.15884399414062,105.32934346816363,104.56984151098499,104.6705944253057,143692200
2012-03-08,106.20508575439453,106.42209477646342,105.58510052149018,105.80209771809876,116968900
2012-03-09,106.61583709716797,106.89482334094347,106.2748381430517,106.40658558887668,122836800
2012-03-12,106.62358093261719,106.76307405209691,106.24382995382332,106.60033207937057,104003500
2012-03-13,108.54551696777344,108.59977215363175,107.01877982186633,107.19703672501106,184090500
2012-03-14,108.4292984008789,108.84778951390875,108.09604518501256,108.57654899681118,145163600
2012-03-15,109.05703735351562,109.10353505058724,108.31303872399859,108.59203673188534,165118500
2012-03-16,109.2081069946289,109.34821147764676,108.97458764564503,109.2548084889682,152893500
2012-03-19,109.63617706298828,109.97087888119832,109.06016449812908,109.13800820702009,125291100
2012-03-20,109.31703186035156,109.44935666046362,108.69431783602025,109.01346040661633,121729700
2012-03-21,109.13800048828125,109.48048190224557,108.91226087483211,109.37929934058225,122388400
2012-03-22,108.35179901123047,108.62424004436447,107.99374654872905,108.3362278980367,135216700
2012-03-23,108.70207977294922,108.82662493301181,107.84585852139935,108.44522171158039,120521000
2012-03-26,110.22771453857422,110.22771453857422,109.44154558366142,109.48045554870644,120164000
2012-03-27,109.88526153564453,110.39900153682082,109.81520932019768,110.32894932137398,119868500
2012-03-28,109.34039306640625,110.00202900760068,108.69432824356363,109.83078233758056,148562100
2012-03-29,109.15357208251953,109.35596098331827,108.26620839897646,108.69432506149349,164963700
2012-03-30,109.60503387451172,109.79185164785461,109.01346207484931,109.69065720263359,135486800
2012-04-02,110.40682220458984,110.69483454842114,109.25480846112708,109.47275668617984,151741100
2012-04-03,109.95531463623047,110.43792428240974,109.30924981935941,110.25110649576456,155806700
2012-04-04,108.86554718017578,109.23917078445609,108.4607813471253,109.14576785270607,146896000
2012-04-05,108.81108856201172,109.13023118259412,108.39854298019894,108.49195781871329,137439400
2012-04-09,107.5890121459961,108.84999950528021,107.29322029538564,107.44111622069087,127555900
2012-04-10,105.78315734863281,107.68243015056488,105.67418326379824,107.37885863729112,235360300
2012-04-11,106.63937377929688,107.05969893169271,106.4447763818894,106.86510153428523,154133000
2012-04-12,108.03263092041016,108.1182542067708,106.66267021591639,106.74051388616299,154321500
2012-04-13,106.74835968017578,108.05606051190406,106.64716522157572,107.78361937441954,169246700
2012-04-16,106.67829132080078,107.44888938191517,106.31244727828468,107.29321384574028,147825300
2012-04-17,108.25843811035156,108.47638627055008,107.1842565513132,107.29323063141246,147877600
2012-04-18,107.89254760742188,108.25839154982837,107.71352138367364,107.77579395655972,123884200
2012-04-19,107.1998062133789,108.31289753178979,106.69385777360696,107.90814353088486,198666700
2012-04-20,107.3788070678711,108.06379348773858,107.31653449540325,107.67459881777364,143199600
2012-04-23,106.47590637207031,106.56932119905571,105.81428234953738,106.2813089753343,171844900
2012-04-24,106.88070678710938,107.1531479814047,106.48373224543474,106.56935560273158,137484200
2012-04-25,108.34407043457031,108.39077191887354,107.83033035266497,107.92373332127143,150252200
2012-04-26,109.09910583496094,109.22365104051427,108.04827496369214,108.1105475664688,136291600
2012-04-27,109.27812957763672,109.58948070692169,108.8188825048919,109.42602552109658,130725000
2012-04-30,108.87334442138672,109.13800589965129,108.57756446387549,109.06016219240604,115092200
2012-05-01,109.5505142211914,110.26663095102491,108.68650162417786,108.81103488529116,138832200
2012-05-02,109.22367095947266,109.33264506488413,108.55425520414884,108.91230788880652,121081000
2012-05-03,108.39073944091797,109.32480447895614,108.18836244381545,109.2391811576279,143759700
2012-05-04,106.63937377929688,108.42967221090217,106.57710118685259,107.82252928117344,193927300
2012-05-07,106.7171859741211,107.07523842833481,106.21901725896532,106.25792722513013,127765900
2012-05-08,106.28910827636719,106.46035494825034,105.02032935576477,106.07893974682271,213377700
2012-05-09,105.65863800048828,106.33583334032298,104.6856507295598,105.16046899286434,220752500
2012-05-10,105.87659454345703,106.52265956754626,105.63529558161501,106.3903228362584,150600000
2012-05-11,105.55742645263672,106.53819318729823,105.16823160720665,105.2149330882928,153032400
2012-05-14,104.38983917236328,105.55742367796248,104.23416361374015,104.54551473098641,163910000
2012-05-15,103.79047393798828,104.93470768312483,103.62701876141652,104.31978508054895,207629300
2012-05-16,103.39349365234375,104.73232473600947,103.37014291415167,104.25750659729916,207265500
2012-05-17,101.86006164550781,103.54138600093181,101.80556867342085,103.41684081668949,247992900
2012-05-18,100.98827362060547,102.43607878955603,100.84037769237284,102.25704062523073,319615900
2012-05-21,102.72409057617188,102.76301243697617,101.15174004249636,101.31520710696064,177861100
2012-05-22,102.90311431884766,103.70485474684294,102.23369871246203,102.98873765956968,197531200
2012-05-23,102.95756530761719,103.1054611882992,101.18283849399131,102.16360482448586,204958400
2012-05-24,103.15998077392578,103.4012796683576,102.29596777552831,103.23782449090285,167357600
2012-05-25,102.82525634765625,103.40904846497311,102.5761660098395,103.12103627721235,135465600
2012-05-29,104.07068634033203,104.24971262130944,102.1013616177327,103.65036118558452,152883500
2012-05-30,102.56061553955078,104.06291373337379,102.35045888665516,103.18332963216214,162370400
2012-05-31,102.33489227294922,103.0977108344042,101.45530813301758,102.52171007214152,196186000
2012-06-01,99.7584228515625,102.35824149604709,99.7584228515625,100.73140993802683,253240900
2012-06-04,99.71171569824219,100.20988458307507,98.96445643235133,99.93744346345328,202545800
2012-06-05,100.46674346923828,100.61462750468657,99.46261431295619,99.51710134312397,164149400
2012-06-06,102.72409057617188,102.7707920582233,101.13616892271777,101.16731116227494,184202800
2012-06-07,102.78636169433594,103.93837511835136,102.5761931508539,103.89167363697405,184772700
2012-06-08,103.60366821289062,103.62701895244392,102.19477295523478,102.5217070635481,143915400
2012-06-11,102.28819274902344,104.49881663397231,102.18699828786482,104.43654403305041,169756100
2012-06-12,103.46351623535156,103.53356842986508,102.09355518554248,102.58393242441669,181931800
2012-06-13,102.80193328857422,103.80605077467521,102.45164842205868,103.15998589897627,172223900
2012-06-14,103.89167785644531,104.30422346174556,102.7318728869064,103.01209366383532,230615500
2012-06-15,104.95417785644531,105.04806475765677,104.14046352202647,104.35954091740165,169444500
2012-06-18,105.15756225585938,105.41576307185352,104.28125301768623,104.51598211757346,131360900
2012-06-19,106.17477416992188,106.6051091082154,105.1341503878029,105.68967584247723,137382600
2012-06-20,106.00265502929688,106.48776536345574,105.05592997138508,106.18262089883913,206451800
2012-06-21,103.62407684326172,106.23736611231708,103.53800985828927,106.1278273986089,205272200
2012-06-22,104.4221420288086,104.61774770986608,103.76489786694974,104.16394109715392,130029200
2012-06-25,102.74777221679688,103.35806107176708,102.38003252997831,103.31893754233053,146375700
2012-06-26,103.26416778564453,103.5771440992006,102.44262137844508,103.04509033556809,141634000
2012-06-27,104.19523620605469,104.39866182311957,103.25633129362828,103.60841914343521,108088000
2012-06-28,103.89791870117188,104.05441281274696,102.7164645672568,103.50670729988317,169242100
2012-06-29,106.48774719238281,106.62075763489555,105.50971869847343,105.78355951347342,212250900
2012-07-02,106.80854034423828,106.91807906710947,106.03394935351525,106.78506861353911,129524500
2012-07-03,107.51268768310547,107.59092277643019,106.67548980666666,106.785028488378,80450000
2012-07-05,107.02762603759766,107.81788082811816,106.63641457736416,107.11369303640208,126177500
2012-07-06,106.01045989990234,106.22953730901921,105.50970983066044,105.99480810244445,151192100
2012-07-09,105.8774642944336,106.0730700041657,105.39235401589691,105.9244077545573,103780500
2012-07-10,104.95417785644531,106.5894383929324,104.59425817043031,106.41730444816295,167884800
2012-07-11,104.96983337402344,105.31410127576636,104.35954461686936,105.00895689718932,141733400
2012-07-12,104.46127319335938,105.02461861549982,103.74927745436499,104.3595663385462,143583200
2012-07-13,106.2138900756836,106.32342878494903,104.7194597330579,104.73511153118837,129642600
2012-07-16,105.96351623535156,106.27649252503194,105.54883309799669,105.97134810435901,97525200
2012-07-17,106.69119262695312,106.91027009515172,105.27500901508841,106.38604815776033,138860300
2012-07-18,107.48139190673828,107.69264935782948,106.37818508175481,106.44076838543495,113349700
2012-07-19,107.76309204101562,108.11517992350949,107.35624076911483,107.70049678253285,129847300
2012-07-20,106.77723693847656,107.31711056282724,106.65987829788905,107.15279652718066,142904500
2012-07-23,105.69746398925781,106.70679580818592,104.71943575942423,105.21236580768313,145210900
2012-07-24,104.78987884521484,105.8226826617172,104.08570310765367,105.7757392043897,173301200
2012-07-25,104.81332397460938,105.28277031410119,104.25779874323443,105.00892960076928,129122300
2012-07-26,106.54248809814453,106.76939734659267,105.83048063950254,106.32341071684267,156526500
2012-07-27,108.50639343261719,108.81154980067946,106.51904467737411,107.10586180581686,236768900
2012-07-30,108.50639343261719,109.02279537096481,108.18560914257552,108.38121485205643,106782000
2012-07-31,107.74747467041016,108.65507626079,107.74747467041016,108.35776364447044,120575900
2012-08-01,107.65359497070312,108.54555685620733,107.50493266664752,108.52208511754901,138293800
2012-08-02,106.91024780273438,107.63790719374396,106.08088156908569,106.83983261810174,199556600
2012-08-03,109.03059387207031,109.25749117254468,106.94151502799744,108.41247333354048,157825000
2012-08-06,109.24182891845703,109.67216369417685,109.19488547725491,109.32007594634072,86326200
2012-08-07,109.78956604003906,110.25901252687056,109.56265675673701,109.68001539373897,109545100
2012-08-08,109.92259216308594,110.04777074747895,109.39053840882032,109.42184200903763,89754700
2012-08-09,110.01648712158203,110.23556458380278,109.65656732574722,109.7661060568576,90291700
2012-08-10,110.1964340209961,110.235557552217,109.39053942091253,109.57049333793809,99792700
2012-08-13,110.1416015625,110.19636492080872,109.57042463025543,110.00859119081535,79426900
2012-08-14,110.15727996826172,110.61891840664047,109.82866388694238,110.54849129442603,102379400
2012-08-15,110.2824935913086,110.47027936523425,109.9695292402572,110.03994442842006,71085900
2012-08-16,111.09619140625,111.2292018181467,110.16510658415146,110.43894733611938,112014200
2012-08-17,111.24483489990234,111.33873372638655,110.99446588652661,111.28395841603569,90813700
2012-08-20,111.25267791748047,111.27614964174892,110.78321955446755,111.08836390877931,78255700
2012-08-21,110.91624450683594,111.95686819478824,110.67369536506203,111.52653329543598,105581100
2012-08-22,110.96321868896484,111.14317260868296,110.37640152834754,110.63459057285255,133243500
2012-08-23,110.05557250976562,110.69715287280268,109.88343857213619,110.68933294430029,111466400
2012-08-24,110.72064971923828,110.97103075399059,109.71132952760206,109.78174471656682,99481200
2012-08-27,110.74411010742188,111.16662507558979,110.58762794613969,111.01796284378344,68785900
2012-08-28,110.63460540771484,110.9788734316516,110.29816925448493,110.46247139574648,75689600
2012-08-29,110.72064971923828,111.01797421330043,110.41550529489943,110.72848158833982,65421300
2012-08-30,109.92259216308594,110.27468006316553,109.68786291675772,110.24337646294822,96589900
2012-08-31,110.4468002319336,110.9632021214931,109.82085963296669,110.54850707285368,151970400
2012-09-04,110.34504699707031,110.68149488872442,109.6408715048755,110.35286692429197,120226200
2012-09-05,110.25118255615234,110.68933734615268,110.03210516115217,110.39201290772849,100660300
2012-09-06,112.48890686035156,112.49672678881488,110.90840977674748,110.91622970521081,158272500
2012-09-07,112.92707061767578,112.97401406983576,112.57498278765297,112.67668962105857,107272100
2012-09-10,112.28551483154297,113.0131743934397,112.24640323455574,112.81756865319595,86458500
2012-09-11,112.59843444824219,112.95834214321366,112.32458177434663,112.35588536275687,88760000
2012-09-12,112.97401428222656,113.09920478077053,112.59062285749431,112.97401428222656,87640900
2012-09-13,114.6953353881836,115.04742319902799,112.66104362618128,112.95835611994067,225470200
2012-09-14,115.20391845703125,115.88462236085675,114.82834697873494,114.92224581772027,169777000
2012-09-17,114.81272888183594,115.16481676300063,114.52322432009294,114.9692110580397,119427800
2012-09-18,114.71883392333984,114.86749617437383,114.4293412905843,114.61712707170489,98326600
2012-09-19,114.78137969970703,115.14911923409765,114.5544824251439,114.85179486021077,128318300
2012-09-20,114.78921508789062,114.8517983843787,113.94419731945688,114.25716155717883,154009800
2012-09-21,114.74124908447266,115.3705309964679,114.69405504151999,115.34693397499157,108737500
2012-09-24,114.56822967529297,114.82780898979956,114.08840342773063,114.1749298658995,95682000
2012-09-25,113.34898376464844,115.03230608109142,113.31751306571218,114.81205919875718,133165200
2012-09-26,112.71186065673828,113.35687814292302,112.44441965139463,113.32541943746544,146502200
2012-09-27,113.77378845214844,114.03336781244761,112.8849268852961,113.1838386339848,111830300
2012-09-28,113.24671173095703,113.71080247647973,112.84555037504732,113.3410998140996,150696100
2012-10-01,113.54563903808594,114.59967945416584,113.27818609459476,113.6793595085538,135911200
2012-10-02,113.66363525390625,114.1749201616382,113.13661499441984,113.99400562541011,113422200
2012-10-03,114.1277084350586,114.39514936068521,113.37257970357697,113.97039094954616,121283100
2012-10-04,114.94576263427734,115.1109417702802,114.40300718230458,114.56032464601549,124311600
2012-10-05,114.95367431640625,115.75600933370148,114.60756854413937,115.55935941787332,124842100
2012-10-08,114.56037902832031,114.9379435209686,114.300799688825,114.52892032166581,78415400
2012-10-09,113.42762756347656,114.56819425761057,113.3882951941849,114.47380617335378,148872900
2012-10-10,112.70394897460938,113.52201898423147,112.55449318424266,113.4118835576008,124247500
2012-10-11,112.7668685913086,113.6557295817183,112.74327157408992,113.49053845863565,123601500
2012-10-12,112.39723205566406,113.23102582766074,112.1533880660302,112.84559965148816,124181900
2012-10-15,113.33323669433594,113.45122179675774,112.30279345800675,112.66462244046936,107689100
2012-10-16,114.48165893554688,114.56032366800731,113.7894597006176,113.86811243052503,108815500
2012-10-17,115.0008316040039,115.09523169515644,114.3872850230077,114.5603378538071,128834100
2012-10-18,114.7019271850586,115.25254434974244,114.3164891685029,114.7019271850586,148108500
2012-10-19,112.79049682617188,114.49741622521675,112.5230558886379,114.48955455148528,185645200
2012-10-22,112.80624389648438,113.01075545774884,111.91738256770913,112.60172033266335,125578600
2012-10-23,111.24090576171875,111.74432898837152,110.77681491266752,111.58701148052188,192056300
2012-10-24,110.92626190185547,111.77579077957832,110.75320905625144,111.64205830588432,120179400
2012-10-25,111.2487564086914,111.91737075397168,110.57229239224802,111.71285921429498,134457400
2012-10-26,111.18583679199219,111.57126283993301,110.43069604067814,111.14650441907546,146023500
2012-10-31,111.18583679199219,111.72071865548355,110.65880459950709,111.57913651604939,103438500
2012-11-01,112.34998321533203,112.49156533283998,111.31954001829124,111.4217897689737,100995600
2012-11-02,111.3510513305664,113.05010955889252,111.23306617688773,113.01863884953896,137702200
2012-11-05,111.57913970947266,111.83084529874452,110.855457634247,111.18583997415912,98378500
2012-11-06,112.45226287841797,112.89275665089167,111.79938389330334,111.91736901001768,107068100
2012-11-07,109.90367126464844,111.44539939718804,109.38451276994336,111.42967605072151,264304500
2012-11-08,108.58220672607422,110.44645599515239,108.49568028740345,109.88796498144866,181517300
2012-11-09,108.67657470703125,109.68342096699061,108.19674859856983,108.25180431459435,201055300
2012-11-12,108.76310729980469,109.18786571382127,108.51926339522527,109.01481287781881,97677500
2012-11-13,108.38553619384766,109.53397670650888,108.04730418140247,108.18888632543381,123018300
2012-11-14,106.92250061035156,108.88900002864739,106.67865660289247,108.71595912219249,191505000
2012-11-15,106.74154663085938,107.36296693913484,106.33251154209437,106.96179352422004,178128400
2012-11-16,107.2685546875,107.48093988294893,105.95493515000867,106.8988520149813,239483900
2012-11-19,109.43960571289062,109.45532906298094,107.30005384999045,108.47207956725687,151495800
2012-11-20,109.48676300048828,109.66767748623084,108.61363726139564,109.26651614761386,119807400
2012-11-21,109.6913070678711,109.78570717752088,109.360936690489,109.58118360874373,81710800
2012-11-23,111.18583679199219,111.22515716235387,110.15538143281609,110.22618450508823,65409200
2012-11-26,110.94985961914062,111.19370353877267,110.27338358279577,110.63521262400604,100124400
2012-11-27,110.38353729248047,111.21733105370224,110.31274620012593,110.83976655858574,128646200
2012-11-28,111.27237701416016,111.33529441556544,109.33733685064261,109.9351481844452,177086500
2012-11-29,111.79151916503906,112.09829249560586,111.20156952913706,111.68926938988751,151085900
2012-11-30,111.8150863647461,112.02747153773495,111.42966038706776,111.80722469261794,136568300
2012-12-03,111.26448059082031,112.42078264679881,111.1779541783813,112.32639456143048,124656300
2012-12-04,111.107177734375,111.59486557635586,110.8082660879709,111.25663355757705,127512200
2012-12-05,111.3038101196289,111.82296858101182,110.41494899658427,111.20154836138731,147300500
2012-12-06,111.68138885498047,111.72858290254557,111.03638353399856,111.2015627004764,103220600
2012-12-07,112.0196304321289,112.2398773176827,111.43754251884815,112.11401852520765,108726400
2012-12-10,112.06681823730469,112.3342591545032,111.81510066637358,111.86230671283896,98840700
2012-12-11,112.82980346679688,113.35682354793563,112.47583618872488,112.53089189739926,152570400
2012-12-12,112.88491821289062,113.70298861932926,112.72760067397823,113.27035638540102,145880100
2012-12-13,112.19266510009766,113.13658188567086,111.90948886417038,112.81407328314614,135715000
2012-12-14,111.77576446533203,112.15332876569305,111.60271166046807,111.94881727019597,137701700
2012-12-17,113.08939361572266,113.15232300497811,112.03534134888572,112.06681204479032,143238200
2012-12-18,114.34796905517578,114.45023083419615,113.10514036594786,113.27033154724566,177762800
2012-12-19,113.49845886230469,114.51317913800317,113.45913848162776,114.47384675476805,150895400
2012-12-20,114.15135955810547,114.16709491488069,113.25463626288558,113.56928338558758,168487000
2012-12-21,113.1151351928711,114.14496941000745,112.44179088420317,112.62398851035076,245883800
2012-12-24,112.76659393310547,112.93294461894244,112.6398424949652,112.8695688998723,53874600
2012-12-26,112.29129791259766,113.05179456095712,111.97443136026364,112.99633626607239,106947700
2012-12-27,112.1407699584961,112.55270610218909,110.84159789394081,112.32296760202685,167920600
2012-12-28,110.92871856689453,112.02984584281124,110.80196714678078,111.41194777935759,148806700
2012-12-31,112.81412506103516,112.93294698197639,110.54056490967034,110.63563453410603,243935200
2013-01-02,115.70553588867188,115.77682901942435,114.65193752383989,114.95296908170018,192059000
2013-01-03,115.44412994384766,115.9511235269717,115.13518091800144,115.65010401953212,144761800
2013-01-04,115.9511489868164,116.14127615511507,115.3966265222159,115.63428246066844,116817700
2013-01-07,115.63432312011719,115.74522765203363,115.20653986294842,115.5392655463852,110002500
2013-01-08,115.3015365600586,115.58672118847343,114.84998919520187,115.42828796994958,121265100
2013-01-09,115.59468841552734,115.91156707676235,115.37287939650531,115.55507707191235,90745600
2013-01-10,116.5135726928711,116.52149012341407,115.63425439539184,116.23630548402403,130735400
2013-01-11,116.50567626953125,116.56903990066064,116.14126890828408,116.48189979825473,113917300
2013-01-14,116.42646026611328,116.50568294108521,115.99867716155785,116.36308454367237,89567200
2013-01-15,116.50567626953125,116.61658075553129,115.81647288225457,115.88776603303693,93172600
2013-01-16,116.4898452758789,116.67204293762059,116.1412848185059,116.26803627349318,104849500
2013-01-17,117.24239349365234,117.57510694358545,116.56903707432542,117.00473757579095,133833500
2013-01-18,117.50381469726562,117.63056613278977,116.79084693820401,117.21863001117742,169906000
2013-01-22,118.1375503540039,118.1375503540039,117.22653808256035,117.50380531466952,111797300
2013-01-23,118.3276596069336,118.4306466459879,117.92365305689692,118.13754456582487,104596100
2013-01-24,118.35938262939453,118.93766950119608,118.04250400344027,118.15340850060336,146426400
2013-01-25,119.02482604980469,119.02482604980469,118.32770506411592,118.7317238570425,147211600
2013-01-28,118.88216400146484,119.08812593984453,118.43853414639864,119.05643204921529,113357700
2013-01-29,119.34961700439453,119.50013285505516,118.5653559293293,118.64457861526166,105694400
2013-01-30,118.88216400146484,119.57135502668089,118.7712474719401,119.33369919767196,137447700
2013-01-31,118.58910369873047,119.12779129467344,118.5098931115833,118.73961952829812,108975800
2013-02-01,119.80908203125,119.95166836075575,119.13572546364679,119.34168752438336,131173000
2013-02-04,118.46232604980469,119.83280307757884,118.37518596184033,119.08023618389409,159073600
2013-02-05,119.6585693359375,119.9992003016402,119.05650591721074,119.10404678265107,113912400
2013-02-06,119.74569702148438,119.82490761362165,119.15156318587754,119.23870329860722,138762800
2013-02-07,119.58722686767578,119.89617588340113,118.71582600912727,119.78527141846588,162490000
2013-02-08,120.25267028808594,120.32396343518691,119.79320541618786,119.79320541618786,103133700
2013-02-11,120.2289047241211,120.33187968413877,119.9278731001887,120.20514034198766,73775000
2013-02-12,120.42695617675781,120.64876514778965,120.10216015214606,120.23682902115236,65392700
2013-02-13,120.52996063232422,120.89436808113909,120.18932966049938,120.67255905583797,82322600
2013-02-14,120.640869140625,120.78346756886165,120.03090034468727,120.16556925110284,80834300
2013-02-15,120.49820709228516,120.87844918253782,120.05458930571069,120.75169778989422,215226500
2013-02-19,121.40130615234375,121.42507053074256,120.5378348367079,120.70418548549952,95105400
2013-02-20,119.88825988769531,121.35379456391476,119.82488417377259,121.31418323175288,160574800
2013-02-21,119.1594467163086,119.95162493839894,118.77920455425573,119.5872297253384,183257000
2013-02-22,120.32400512695312,120.32400512695311,119.2149599399415,119.73778862085499,106356600
2013-02-25,118.03456115722656,121.09236973514248,118.03456115722655,120.91017211924913,245824800
2013-02-26,118.84255981445312,118.98514606780937,117.82064331468686,118.60490397118109,186596200
2013-02-27,120.33979797363281,120.67251138013496,118.63660752435497,118.73959456244391,150781900
2013-02-28,120.10211181640625,121.10025178434273,119.94367862767184,120.33183812691952,126866000
2013-03-01,120.49820709228516,120.6804046644115,119.1515067865618,119.6901820737799,170634800
2013-03-04,121.13993835449219,121.13993835449219,120.03089325674497,120.22100836625307,99010200
2013-03-05,122.22515106201172,122.54994697696364,121.71024014332461,121.72608708952863,121431900
2013-03-06,122.39156341552734,122.72427689467864,122.12222565921674,122.66090117183793,94469900
2013-03-07,122.6133804321289,122.77181370576558,122.40741838516963,122.55000470513745,86101400
2013-03-08,123.13617706298828,123.30252771010669,122.51827905547493,123.152024010988,123477800
2013-03-11,123.60359191894531,123.6115093511958,122.8906362105501,123.04115203708933,83746800
2013-03-12,123.32633972167969,123.6590653197873,122.95402695748176,123.51646690807199,105755800
2013-03-13,123.50059509277344,123.67487528996199,122.96983706958355,123.38969061162454,92550900
2013-03-14,124.15809631347656,124.21355459421378,123.50851642059574,123.82538289209647,126329900
2013-03-15,123.99418640136719,124.16127694438009,123.5804181543583,124.01010383356382,138601100
2013-03-18,123.30982208251953,123.84294045612398,122.69712872837343,122.80852641626932,126704300
2013-03-19,123.02348327636719,123.73961019982549,122.21186385938543,123.57251958369459,167567300
2013-03-20,123.88276672363281,124.08964473978483,123.54060876992776,123.74749892752097,113759300
2013-03-21,122.82449340820312,123.84299043469066,122.61761537331863,123.14276917593963,128605000
2013-03-22,123.81121063232422,123.81121063232422,123.11894177829421,123.21443425487043,111163600
2013-03-25,123.29397583007812,124.34430790063709,122.81656209555128,124.1374176883755,151322300
2013-03-26,124.28060913085938,124.31243184603984,123.66791562603207,123.80318341306972,86856600
2013-03-27,124.28060913085938,124.32039663091524,123.33372248015546,123.54060048242945,99950600
2013-03-28,124.6625747680664,124.80580737714591,123.93053071455877,124.20106635883351,102932800
2013-04-01,124.16924285888672,124.85354675223631,123.86687235162144,124.59891640055115,99194100
2013-04-02,124.78189849853516,125.09222155669565,124.42382315790097,124.61479586347656,101504300
2013-04-03,123.51681518554688,124.94908118050076,123.19058660064104,124.85360082798672,154167400
2013-04-04,124.0180435180664,124.26470905484057,123.40534992768274,123.67588553953556,131885000
2013-04-05,123.4610595703125,123.6122448125354,122.35503486421749,122.49825532014917,159666000
2013-04-08,124.29651641845703,124.30446906124325,123.13478707538326,123.5485551876144,86571200
2013-04-09,124.72626495361328,125.17982083588446,124.11357112967467,124.52733949116733,101922200
2013-04-10,126.25399780273438,126.4131357277064,125.02862242485975,125.06044515327599,135711100
2013-04-11,126.66777038574219,127.08153871775745,126.15055693536165,126.27787213620417,110142500
2013-04-12,126.357421875,126.54838249658714,125.65720055199816,126.26192942276305,116359900
2013-04-15,123.4292221069336,125.82429157315356,123.41331681757137,125.72084648508785,217259000
2013-04-16,125.2514419555664,125.31509956604582,124.05788907733485,124.36024755030239,147507800
2013-04-17,123.4212875366211,124.38409190749205,122.76085368810439,124.36020968706679,226834800
2013-04-18,122.64945983886719,123.66000439983237,122.17999874871711,123.62816953254914,167583200
2013-04-19,123.71571350097656,123.77141845533734,122.63355855825162,122.93592913004781,149687600
2013-04-22,124.26472473144531,124.55913045551752,123.13482984989287,123.95440157483192,106553500
2013-04-23,125.5457763671875,125.66512673054257,124.2646965209329,124.88534269326088,166141300
2013-04-24,125.62538146972656,125.95957470863294,125.35483367889819,125.585593958595,96781200
2013-04-25,126.13462829589844,126.73140453026774,125.80043506162487,125.99139568609915,131060600
2013-04-26,125.91182708740234,126.19828015254649,125.50601149593969,125.98343731832762,95918800
2013-04-29,126.75528717041016,127.0337754891826,126.05506576742613,126.25399119859706,88572800
2013-04-30,127.05765533447266,127.08949020511571,126.2062607371794,126.73142682977844,116010700
2013-05-01,125.94364166259766,126.84278830863957,125.80042121001163,126.77913072700949,138874200
2013-05-02,127.11331176757812,127.22470948941631,126.14255498808477,126.26190535382531,96407600
2013-05-03,128.4024200439453,128.80823580978665,127.13725685485365,128.2194119946835,144202300
2013-05-06,128.7286376953125,128.911645711787,128.44218455839996,128.49788951292692,66882100
2013-05-07,129.381103515625,129.42087888815783,128.64109460826745,129.0071227388374,90359200
2013-05-08,129.9698944091797,130.00968191684962,129.16624017659498,129.23785040553523,97419200
2013-05-09,129.6038818359375,130.25635084114668,129.2776412626114,129.91420497749468,106738600
2013-05-10,130.025634765625,130.1370325325786,129.30949585682674,129.6914414647642,103203000
2013-05-13,130.12904357910156,130.3438864259894,129.5561495564735,129.85850792980202,81843200
2013-05-14,131.4738006591797,131.56929312819963,130.23250783493023,130.23250783493023,119000900
2013-05-15,132.1819305419922,132.44451349644285,131.21913851711454,131.25892602077826,120718500
2013-05-16,131.56134033203125,132.37295961473112,131.3624148704884,131.91145108697813,109913600
2013-05-17,132.83445739746094,132.91402029077423,131.8716528992386,132.04670826255176,129801000
2013-05-20,132.8264617919922,133.34367511503513,132.57184359443983,132.70711140898996,85071200
2013-05-21,133.01747131347656,133.51876734353436,132.48435255296968,132.9458610638815,95804200
2013-05-22,132.03076171875,134.52927641856863,131.42603286882064,133.1527038976922,244031800
2013-05-23,131.64886474609375,132.0148929284644,130.44735935918234,130.6224147323014,211064400
2013-05-24,131.5373992919922,131.59310421906935,130.479114950487,130.86901301570683,151573900
2013-05-28,132.32521057128906,133.50284582503144,131.9353123218955,132.91402212743733,143679800
2013-05-29,131.46583557128906,131.92734401330043,130.76561419148638,131.62497348266848,160363400
2013-05-30,131.9512481689453,132.5559772449343,131.46586952195167,131.56931465471266,107793800
2013-05-31,130.05746459960938,132.33317237006253,129.80284632185587,131.58521069047038,176850100
2013-06-03,130.77357482910156,130.86110249879934,129.42883705894656,130.35980655948987,168390700
2013-06-04,130.14495849609375,131.37034582278827,129.48452467690396,130.8451798256335,157631500
2013-06-05,128.3227996826172,130.03355325605483,128.21140194492511,129.7709702726143,211737800
2013-06-06,129.48452758789062,129.49249237500578,127.51119087289409,128.2671050207629,200225500
2013-06-07,131.13169860839844,131.25104905780776,129.81083030817032,130.3757840987569,188337800
2013-06-10,131.13169860839844,131.60911254748538,130.78954041767568,131.5375022778398,105667100
2013-06-11,129.77896118164062,130.9247615107732,129.49250806399615,129.93809910445526,159505400
2013-06-12,128.70469665527344,130.8053477873588,128.5853463062956,130.67008001137083,177361500
2013-06-13,130.6621856689453,130.89293382707345,128.34669073410626,128.63314384090535,163587800
2013-06-14,129.8426513671875,131.02825176225855,129.6278205610309,130.51900294895307,141197500
2013-06-17,130.84524536132812,131.46589198102762,129.87448790150077,130.72588277049385,136295600
2013-06-18,131.87957763671875,132.07850302175828,130.90882078641056,130.91677343089302,114695600
2013-06-19,130.05746459960938,131.99897905094733,130.0017717838135,131.768230857313,206149500
2013-06-20,126.83489227294922,130.0734051981921,126.50069889432457,128.7923245094065,321255900
2013-06-21,127.24203491210938,127.79396405737268,125.96217055610813,127.69797850266447,271956800
2013-06-24,125.63423156738281,126.73010757957177,124.57034667864512,125.91420577177993,222329000
2013-06-25,126.84212493896484,128.0659900291848,125.9222182843861,126.77012354106708,162262200
2013-06-26,128.0979461669922,128.38591506283746,127.38602475860975,127.88196644368519,134848000
2013-06-27,128.84983825683594,129.441777585241,128.7458457814661,128.86583991589814,129483700
2013-06-28,128.32188415527344,129.10579451344145,127.87393537917742,128.4898710491538,160402900
2013-07-01,129.07382202148438,129.96971970290468,128.8498476011293,128.99382592606165,131954800
2013-07-02,128.9538116455078,129.82571274715667,128.38586878691353,128.88181029322982,154863700
2013-07-03,129.00978088378906,129.40174208036282,128.16187628429395,128.36984896913873,75216400
2013-07-05,130.40167236328125,130.44966513578333,129.02582259166851,129.96171827252894,122416900
2013-07-08,131.14556884765625,131.4975320775842,130.44964931937312,131.07357969763146,108092500
2013-07-09,132.08946228027344,132.24944222679954,131.40153752509244,131.96946816611322,119298000
2013-07-10,132.137451171875,132.58539989129764,131.68950245245236,131.96146957414652,121410100
2013-07-11,133.93731689453125,134.073300520269,132.12950729258637,133.67334437197223,135592200
2013-07-12,133.9932861328125,134.32924778687635,133.68932780143547,133.89730057613463,104212700
2013-07-15,134.50518798828125,134.6971712481565,134.12922839958026,134.36120969764048,69450600
2013-07-16,134.00128173828125,134.6732049896067,133.64132372547763,134.59320889534354,88702100
2013-07-17,134.34527587890625,134.7692284452291,134.1692941865805,134.5132628418331,92873900
2013-07-18,135.0811004638672,135.4010725042078,134.54516102769261,134.6331518130756,103620100
2013-07-19,135.32110595703125,135.3690987221285,134.6331811773651,134.8011680608935,103831700
2013-07-22,135.58511352539062,135.7770968412453,135.19315216598818,135.5131243590793,79428600
2013-07-23,135.29710388183594,135.8490450686075,135.22511473721897,135.82504868706852,80829700
2013-07-24,134.80117797851562,135.87305716350846,134.52919861347436,135.81705746298297,112914000
2013-07-25,135.12908935546875,135.24908344429812,134.3371845153457,134.56115883433858,111088600
2013-07-26,135.27313232421875,135.3131303693529,134.0012750465047,134.56121106131374,107814600
2013-07-29,134.85716247558594,135.23312209573476,134.47320812940643,134.929151626928,79695000
2013-07-30,134.85716247558594,135.40910371391882,134.53720255471777,135.26512541123475,85209600
2013-07-31,134.953125,135.86502396276913,134.77714342773882,135.13710129620563,142388700
2013-08-01,136.51300048828125,136.632982419751,135.90505948699496,135.97706085156668,110438400
2013-08-02,136.7449493408203,136.7609509978727,136.02503344740813,136.20900978360226,91116700
2013-08-05,136.5449981689453,136.75298313441627,136.26503624682044,136.4410178919003,54072700
2013-08-06,135.76904296875,136.57696179700545,135.4650847475141,136.28098609501177,87495000
2013-08-07,135.3291473388672,135.5291253995091,134.82521092592023,135.33715427293586,84854700
2013-08-08,135.8250274658203,136.12898565305295,135.12909589285945,135.9690057325591,102181300
2013-08-09,135.43310546875,136.06504281520583,134.9611602947619,135.64908513703014,91757700
2013-08-12,135.27313232421875,135.43311229906567,134.68919992346716,134.75319435454387,68593300
2013-08-13,135.67312622070312,135.90509541810346,134.71323389809567,135.5131462012174,80806000
2013-08-14,134.97714233398438,135.82504701978684,134.94513902186694,135.6090673828997,79829200
2013-08-15,133.08935546875,133.92925326004223,132.8573741657607,133.91326380897857,152931800
2013-08-16,132.64944458007812,133.289376795638,132.38547208344625,132.8334209726306,130868200
2013-08-19,131.80152893066406,132.95340438444745,131.7935219974881,132.49744859828704,96437600
2013-08-20,132.4494171142578,132.94535859859815,131.87347955568123,132.01745784248175,89294400
2013-08-21,131.633544921875,132.8094167898345,131.33758132439235,132.08149378477555,159530500
2013-08-22,132.8333740234375,133.0253572819576,131.89747852381598,131.9054732491215,101471400
2013-08-23,133.28138732910156,133.44937428740724,132.60146917808666,133.22539981346193,90888900
2013-08-26,132.7854461669922,133.82533463233023,132.69745532287067,133.41737153426976,89702100
2013-08-27,130.6495819091797,132.785344724096,130.55359640917396,131.47348999938652,158619400
2013-08-28,131.11358642578125,131.5775368772733,130.4256615778019,130.59363627232278,108113000
2013-08-29,131.32154846191406,132.01746797959473,130.70561281892404,130.82560693949227,119200500
2013-08-30,130.9055633544922,131.609489655963,130.52160910172884,131.59348800210623,134928900
2013-09-03,131.49754333496094,132.4494406412966,130.94560205947627,132.16946653742514,142375100
2013-09-04,132.58543395996094,132.80940837722392,131.28958023069805,131.52954410227244,97389400
2013-09-05,132.75343322753906,133.10538434049153,132.5694446346261,132.66544239787808,63090500
2013-09-06,132.81735229492188,133.56927135338142,131.56949181734458,133.19331182415166,159756500
2013-09-09,134.08924865722656,134.16923253154167,133.1453461770786,133.1453461770786,87559300
2013-09-10,135.0811004638672,135.10509684118207,134.59315378232236,134.89712416922464,105847200
2013-09-11,135.50506591796875,135.50506591796875,134.66516821888007,134.8971372907161,94545900
2013-09-12,135.14511108398438,135.63305782406343,134.96113476727197,135.4570762321866,83209000
2013-09-13,135.4490966796875,135.55308914263256,134.97715154210144,135.28911672524845,72727800
2013-09-16,136.23304748535156,136.97697219281613,136.01706776954677,136.9129777508854,106299200
2013-09-17,136.84097290039062,136.87296401484429,136.3530260165623,136.3530260165623,82523300
2013-09-18,138.42477416992188,138.80073378672674,136.4489905516286,136.79294685321815,203460600
2013-09-19,138.19276428222656,138.86469950024775,138.05678073489818,138.8007050887369,146616900
2013-09-20,137.22666931152344,138.52080602525533,137.1141362175114,138.52080602525533,132867100
2013-09-23,136.5916290283203,137.1703740637883,136.157576384312,137.0417735954951,104616500
2013-09-24,136.27008056640625,137.07389158243657,136.01286741917156,136.567486717479,106333100
2013-09-25,135.87623596191406,136.63182043071544,135.75566919143944,136.35852757418286,117306500
2013-09-26,136.39869689941406,136.78452276311643,135.8842583260832,136.10129074043337,77146900
2013-09-27,135.77169799804688,135.95657106526167,135.41801925020602,135.71542534944464,99141800
2013-09-30,135.0482940673828,135.4743129551992,134.35701605344204,134.62227517956643,143937000
2013-10-01,136.1173858642578,136.24599860009124,135.01616844349994,135.15281487587836,127160000
2013-10-02,135.98878479003906,136.11739753690156,134.90364693450158,135.3216322292114,113350000
2013-10-03,134.73483276367188,135.7958694612991,134.10786099332336,135.67529041919465,176698000
2013-10-04,135.7556915283203,135.89233797907005,134.66250765713528,134.83934712638487,96878000
2013-10-07,134.58206176757812,135.4019523726345,134.43738168354676,134.57402807352585,96295000
2013-10-08,133.01461791992188,134.7347726728361,132.91816454140456,134.5579333021008,178015000
2013-10-09,133.11109924316406,133.59337845774007,132.25101563280498,133.27185898135605,168973000
2013-10-10,135.980712890625,136.0530529409671,134.42131750227415,134.46954420250222,195955000
2013-10-11,136.85687255859375,136.9051115270269,135.65920187729213,135.77173493993493,105040000
2013-10-14,137.40342712402344,137.51596015115712,135.90833846914478,136.01283780333318,112106000
2013-10-15,136.40672302246094,137.5722465089617,136.2218499283716,137.05780796418705,155485000
2013-10-16,138.31178283691406,138.3841228927786,137.16232657793526,137.22663293820955,161676000
2013-10-17,139.23614501953125,139.3165310271159,137.72497638625552,137.74908973549438,129389000
2013-10-18,140.17657470703125,140.27302808490717,139.46921722879364,139.75055593450548,138316000
2013-10-21,140.1846160888672,140.4659548100097,139.8711303283963,140.2248090869134,104104000
2013-10-22,140.99649047851562,141.41446336765796,140.20874686744526,140.59458497844471,126663000
2013-10-23,140.32130432128906,140.57851748569115,139.83097907817705,140.51421112829473,105484000
2013-10-24,140.7875213623047,140.96436080072215,140.27308270468623,140.60264822766283,70350000
2013-10-25,141.43060302734375,141.47079604744022,140.80363116243942,141.0769240747951,93625000
2013-10-28,141.6556396484375,141.84855874551255,141.22962070776714,141.38234679313672,84979000
2013-10-29,142.41122436523438,142.46749703475837,141.77621893383392,141.97717172753073,87401000
2013-10-30,141.70388793945312,142.684538701541,141.19749516342787,142.5800515734145,140002000
2013-10-31,141.30198669433594,142.18618405333837,141.09300016638417,141.59135926044698,133795000
2013-11-01,141.63951110839844,141.96103053286782,140.8437339748439,141.48678508896253,142805000
2013-11-04,142.13790893554688,142.1941693309506,141.4546646394144,142.0253758795562,85677000
2013-11-05,141.68780517578125,142.07363112166163,141.125139782792,141.58330579380265,85825000
2013-11-06,142.41122436523438,142.6764835247364,141.90481940025916,142.29869129137157,87348000
2013-11-07,140.61061096191406,142.7889435275251,140.4739646039501,142.67641051125014,157000000
2013-11-08,142.50765991210938,142.52373956784072,140.54637119431285,140.56243858486056,136713000
2013-11-11,142.53173828125,142.700531682334,142.20217290651325,142.37096630759726,62614000
2013-11-12,142.2423858642578,142.56390532633083,141.7681280997054,142.22630621159976,83990000
2013-11-13,143.3837890625,143.42396979445726,141.54305527413558,141.54305527413558,103844000
2013-11-14,144.0991973876953,144.2197641282617,143.27930675629747,143.51240654311985,103435000
2013-11-15,144.72622680664062,144.78248721966116,144.147481690271,144.3323548547486,102818000
2013-11-18,144.21978759765625,145.08790506655245,143.89826806036913,144.96733830636583,104796000
2013-11-19,143.9062957763672,144.58149413572468,143.657116305546,144.14744155190448,93891000
2013-11-20,143.45616149902344,144.6297187833531,143.0622896624013,144.19566620569856,124909000
2013-11-21,144.6136932373047,144.72622632816078,143.76968892329043,143.85810865647645,92841000
2013-11-22,145.3370819091797,145.35316156530737,144.50112376829924,144.66991722949612,81296000
2013-11-25,145.19239807128906,145.62645065411928,144.98339934254773,145.59430360787331,79486000
2013-11-26,145.23257446289062,145.66663929790363,145.01555431056735,145.26473377335697,86994000
2013-11-27,145.58624267578125,145.6827083349661,145.20845052902834,145.3852899281545,58800000
2013-11-29,145.4898223876953,146.0926807677548,145.3290626060498,145.74704785047624,55870900
2013-12-02,145.11203002929688,145.83545517866767,144.88696388215106,145.5621623235885,99726000
2013-12-03,144.48501586914062,144.99945437801182,144.0188040540415,144.63774190953984,116563000
2013-12-04,144.46900939941406,145.0718679073162,143.3597580852018,143.96261659310395,123033000
2013-12-05,143.833984375,144.4770358161341,143.69733793685174,144.2117766367218,106934000
2013-12-06,145.44154357910156,145.5781899578095,144.80652611108022,145.22451120577446,127728000
2013-12-09,145.81134033203125,146.02837278069478,145.61843350227255,145.8676130008342,70124000
2013-12-10,145.288818359375,145.77914349285481,145.20039867087272,145.47369142981404,80976000
2013-12-11,143.65711975097656,145.3692413066523,143.48028032902022,145.3451279550386,130591000
2013-12-12,143.18289184570312,143.7696705827992,142.8854733637349,143.59283113898633,115565000
2013-12-13,143.16680908203125,143.60890768197348,142.89351622577067,143.48029495013844,107808000
2013-12-16,144.05899047851562,144.5332359658699,143.80176510323,143.841958101266,96195000
2013-12-17,143.60079956054688,144.21170363973096,143.27928013531937,144.18759029609788,89886000
2013-12-18,146.05242919921875,146.07654254353855,142.5317460115453,143.81783601426218,234906000
2013-12-19,145.88368225097656,146.0524757149736,145.2567105686192,145.63449050500734,136531200
2013-12-20,146.7322998046875,147.07982158273447,145.93221418105145,146.02919126712226,197087000
2013-12-23,147.51622009277344,147.60511985914326,147.14446640197247,147.4515645961613,85598000
2013-12-24,147.83946228027344,147.9041177668427,147.5161971792003,147.52427449060653,45368800
2013-12-26,148.59109497070312,148.67191742461267,148.15468578220677,148.17084040756862,63365000
2013-12-27,148.58294677734375,148.8496336181186,148.4293915872333,148.7849904839587,61814000
2013-12-30,148.55874633789062,148.7203788845038,148.36477988289113,148.5991452257143,56857000
2013-12-31,149.2618408203125,149.2618408203125,148.6476199358085,148.760776272867,86119900
2014-01-02,147.83135986328125,148.76076845163186,147.47576091342683,148.68802333423724,119636900
2014-01-03,147.8070831298828,148.38089264231962,147.59696212920775,148.08185959194287,81390600
2014-01-06,147.37879943847656,148.34860701124387,147.15251141588993,148.29204117148336,108028200
2014-01-07,148.283935546875,148.53446780689566,147.85560381230331,147.96874781140204,86144200
2014-01-08,148.31622314453125,148.566755326333,147.80706914166495,148.2596449967607,96582300
2014-01-09,148.4132080078125,148.809218067841,147.73434418927891,148.79305112022797,90683400
2014-01-10,148.81736755371094,148.88202304375383,147.90412571304407,148.66381230633078,102026400
2014-01-13,146.83737182617188,148.8497204252995,146.5545055392394,148.43755546287278,149892000
2014-01-14,148.43748474121094,148.51830716519208,147.04742290477458,147.32219941547768,105016100
2014-01-15,149.23765563964844,149.4639437398084,148.469891561836,148.78507943932854,98525800
2014-01-16,149.0436553955078,149.2376218653665,148.56683503035075,148.9305113710337,72290600
2014-01-17,148.4132080078125,149.06782757081044,148.15459850484305,148.78497381230537,107848700
2014-01-21,148.84962463378906,149.3264571247641,147.93639552061362,149.26987897107765,88621200
2014-01-22,148.94664001464844,149.16485069563993,148.6314522895588,149.1001952223176,61270900
2014-01-23,147.72630310058594,148.21929034477975,146.94238469434842,148.1950460812761,132496900
2014-01-24,144.57447814941406,146.81312717132164,144.52598960475797,146.76463862666557,208677100
2014-01-27,143.86326599121094,145.0836184616622,143.14399054108955,144.71185243572552,180843100
2014-01-28,144.71990966796875,144.9057864734195,143.9521335180739,143.968300471696,110463200
2014-01-29,143.32989501953125,144.29970291745104,142.95005164031474,143.51577188645322,216597300
2014-01-30,144.84925842285156,145.3180015859094,144.06532737984858,144.5259932291866,118938100
2014-01-31,144.00057983398438,144.8976543545651,142.98228402620444,143.05501679852398,194677900
2014-02-03,140.75978088378906,144.15411203359878,140.48500445543797,143.8308470980995,254837100
2014-02-04,141.74583435058594,142.1095106896348,140.7113711795354,141.39023532332973,165012400
2014-02-05,141.56800842285156,141.88319616878854,140.38807986904493,141.25282067691455,164230500
2014-02-06,143.43490600585938,143.43490600585938,141.60843481211757,141.89937832660297,132877600
2014-02-07,145.212890625,145.3664458613484,143.63695170521652,144.1056947255216,170787200
2014-02-10,145.47958374023438,145.5280846010663,144.83305357707755,145.22905145224524,92218800
2014-02-11,147.07168579101562,147.44345172393125,145.5038242886806,145.60081367609496,117814100
2014-02-12,147.14437866210938,147.7585870160194,146.85343526672725,147.28984419391662,94717700
2014-02-13,147.90411376953125,148.05766900451155,146.1422980522839,146.15037536347182,100542200
2014-02-14,148.72039794921875,148.99517454686247,147.62935653911504,147.7667448379369,96498400
2014-02-18,148.898193359375,149.10023714590335,148.4213606510198,148.84969249191798,80460900
2014-02-19,147.91221618652344,149.47198827282276,147.79098251759766,148.51025789217135,126524300
2014-02-20,148.78501892089844,149.12445093307412,147.57275644951176,148.11423220691856,104998100
2014-02-21,148.61526489257812,149.4234397002667,148.5425321195107,149.0678408118007,118116400
2014-02-24,149.4396514892578,150.44178065915222,148.8658417776468,148.93049726147427,114063900
2014-02-25,149.38311767578125,149.98924914341032,148.89013025550523,149.56091722616122,117085000
2014-02-26,149.3911590576172,149.99729032942503,148.97090458960082,149.6012801257392,98677200
2014-02-27,150.1750946044922,150.21549349181464,149.00323090959603,149.17295309708663,93880800
2014-02-28,150.554931640625,151.24996270922085,149.5528024243518,150.15084409683143,150842000
2014-03-03,149.49618530273438,149.87602848148674,148.50213365686565,149.22948611349742,167748500
2014-03-04,151.59744262695312,151.92070764018217,150.92665600932153,150.95897757793654,167545900
2014-03-05,151.73489379882812,151.99351578207808,151.49243877247503,151.72681648626715,88376900
2014-03-06,152.08242797851562,152.4299497836214,151.75916277859218,152.10668458369796,82516500
2014-03-07,152.14700317382812,152.71273547273688,151.47621652287464,152.71273547273688,114513500
2014-03-10,152.06619262695312,152.12275845761235,151.19336225236648,151.9126374223818,74939200
2014-03-11,151.31460571289062,152.51071362271978,150.9670963731481,152.2925029141767,99009100
2014-03-12,151.3550567626953,151.41163494829974,150.23977099415453,150.5792154442303,104824400
2014-03-13,149.65782165527344,151.92880347677726,149.23757958729226,151.80756984304514,155014300
2014-03-14,149.23765563964844,150.1589749993787,149.05985608498327,149.39121092156626,153919600
2014-03-17,150.5872039794922,150.9428028457209,149.92449475938085,149.98915021976498,98359500
2014-03-18,151.662109375,151.86415310623653,150.73270081224965,150.8943456626554,101804600
2014-03-19,150.85389709472656,151.88835975595615,149.89216719910667,151.67822643517135,176267300
2014-03-20,151.73489379882812,151.84803783355625,150.25593170302656,150.52263099883749,117241000
2014-03-21,151.1463623046875,153.43548075642798,151.00836764703087,152.3721006873912,163128000
2014-03-24,150.5213165283203,151.85258532926431,149.86380747520056,151.66587574696592,121411000
2014-03-25,151.23562622070312,151.74702756374853,150.3914201235818,151.28432875124116,103852000
2014-03-26,150.1479034423828,152.07172782290922,150.1073138692758,151.82820277046568,119843000
2014-03-27,149.8313446044922,150.44826408505153,149.2793535861388,149.96933926253044,142383000
2014-03-28,150.57000732421875,151.32492133498477,150.17224933990872,150.26154144307228,101642000
2014-03-31,151.80381774902344,152.03922978897927,150.59433048828444,151.52782853118194,99745000
2014-04-01,152.81039428710938,152.89968638081265,151.79571703420692,152.2989929880635,89193000
2014-04-02,153.3218231201172,153.5247586071414,152.72112961949384,153.00524425580738,78774000
2014-04-03,153.11892700195312,153.59785190178027,152.6481150646612,153.55726231669948,77435000
2014-04-04,151.30870056152344,153.98745158062394,151.0651878757686,153.95498735125653,169381000
2014-04-07,149.63648986816406,151.1950327360269,149.32803638734177,150.94339474396224,140803000
2014-04-08,150.25347900390625,150.49699174332264,149.0277404132325,149.57160617493312,112660000
2014-04-09,151.86875915527344,151.91746167787932,150.22092441406286,150.65927188990767,100254000
2014-04-10,148.6786651611328,151.9337460666765,148.49195558624794,151.86069226060837,172959000
2014-04-11,147.33932495117188,148.8897555541482,147.17697898545046,147.85072651008736,167251000
2014-04-14,148.50001525878906,148.84905821310483,147.28240281801342,148.4918899153529,132382000
2014-04-15,149.52284240722656,149.6283728085675,147.33925490567813,148.80851802040357,157093000
2014-04-16,151.08950805664062,151.09762101576325,149.8881212518451,150.55375548581534,105197000
2014-04-17,151.30056762695312,151.72267687020337,150.6268203841761,150.8865837296218,105255000
2014-04-21,151.8281707763672,151.87688568554935,151.1544360267981,151.34113316031016,68329000
2014-04-22,152.51820373535156,152.93218769591462,151.90128427498706,151.98245104318767,85790000
2014-04-23,152.1609649658203,152.54248452005666,152.03920867667858,152.46131778936027,73869000
2014-04-24,152.46949768066406,152.9240712079432,151.73892246650863,152.9078329001976,88170000
2014-04-25,151.2194061279297,152.06362471292636,150.87847598690394,151.9743326007863,100380000
2014-04-28,151.69837951660156,152.35588868740948,150.13983604863404,151.83637419808696,135121000
2014-04-29,152.40457153320312,152.63997128031673,151.86070584017443,152.18539770920023,84098000
2014-04-30,152.8590850830078,153.0133179954046,151.9418129531927,152.15287373276558,101508000
2014-05-01,152.87535095214844,153.28933485518132,152.38830086582885,152.78605884919645,93019000
2014-05-02,152.65618896484375,153.53287175620926,152.42890220999334,152.85912445211727,98122000
2014-05-05,152.94842529296875,153.05395571595886,151.48728722395103,151.90939652971167,75883000
2014-05-06,151.61715698242188,152.71301354448244,151.58469275508773,152.6074831297984,85454000
2014-05-07,152.5101318359375,152.58318566284694,150.99216546611203,152.12861200269504,106500000
2014-05-08,152.34771728515625,153.4598121358715,151.86067956588272,152.3720809380087,93618000
2014-05-09,152.57501220703125,152.63994065885026,151.65773990105828,152.37207673305127,83679000
2014-05-12,154.0605010986328,154.13356728852543,152.6074884405363,153.25688448560823,86940000
2014-05-13,154.19847106933594,154.5718653448207,154.0442381522545,154.26339951065788,66454000
2014-05-14,153.4679412841797,154.13357567279115,153.24876747497834,154.06050947892402,72367000
2014-05-15,152.1204376220703,153.191942949522,151.3736365087855,153.15946633500567,154956000
2014-05-16,152.64805603027344,152.7129968640473,151.56843789290323,152.20970849884918,97458000
2014-05-19,153.2081298828125,153.32988618092304,152.21780403752985,152.35579863745346,63839000
2014-05-20,152.2421875,153.15133441471846,151.8525548774346,153.13509610947057,111644000
2014-05-21,153.5247344970703,153.5977882882386,152.65616480363437,152.68051606735713,89093000
2014-05-22,153.89810180664062,154.21468056571013,153.30553384965307,153.5652847458715,61549000
2014-05-23,154.5150909423828,154.62060897723188,153.89815911003612,154.03615376037692,61092800
2014-05-27,155.4647979736328,155.51350050139808,155.00209918746793,155.09139128377007,72010000
2014-05-28,155.3511962890625,155.7083647700876,155.09143288969858,155.46483967973407,66723000
2014-05-29,156.1548309326172,156.17918220583127,155.3106245600579,155.7083826662245,64377000
2014-05-30,156.40646362304688,156.50388109874788,155.87883620665625,156.00871791678986,76316000
2014-06-02,156.58505249023438,156.65811869571277,155.8301382519743,156.62564207412194,64656000
2014-06-03,156.50384521484375,156.58501197541577,156.05738468000192,156.20349228075082,65047000
2014-06-04,156.82041931152344,156.90971141578277,156.0736182514448,156.23596415386217,55529000
2014-06-05,157.8431854248047,158.00553130231162,156.42263732077498,156.99897943005064,92103000
2014-06-06,158.59817504882812,158.63875224476135,158.1111248356151,158.18417865173663,78696000
2014-06-09,158.76048278808594,159.14200247318274,158.42766563535068,158.57378561863382,65119000
2014-06-10,158.7767333984375,158.80919762712816,158.22474242110107,158.5656725602503,57129000
2014-06-11,158.22474670410156,158.3870926243482,157.86757824783905,158.20850839621696,68772000
2014-06-12,157.1045379638672,158.12734078977107,156.75549485649978,158.03804867617947,106350000
2014-06-13,157.58349609375,157.73772907283646,156.9097486718573,157.4130248047067,82017000
2014-06-16,157.71337890625,158.04619616472803,157.20198976777652,157.38868699654614,87424000
2014-06-17,158.15170288085938,158.2653462708255,157.32372253327753,157.49419381132694,84834000
2014-06-18,159.3124542236328,159.4017463243752,157.80261385684202,158.15166930017966,105267000
2014-06-19,159.49102783203125,159.58844527213316,158.93904934497448,159.45043826417188,85929000
2014-06-20,159.8148651123047,159.9453691612935,159.61910903882145,159.88826897277923,100587000
2014-06-23,159.76597595214844,159.9046318776875,159.47234797878485,159.85569595638603,70611000
2014-06-24,158.8034210205078,160.27155993651655,158.62398112824303,159.4803965330437,96237000
2014-06-25,159.5211944580078,159.6843182527356,158.43640317702372,158.46902295775018,82782000
2014-06-26,159.40707397460938,159.56204600108427,158.33859835487578,159.54572988104664,84312000
2014-06-27,159.71701049804688,159.76594641029976,158.95846652146997,159.03187038984927,71445100
2014-06-30,159.63540649414062,160.00243819915661,159.4804345097773,159.61909037853667,70201200
2014-07-01,160.70388793945312,161.19327186179873,159.96982450148485,160.02691223994677,90470000
2014-07-02,160.86705017089844,161.07095811296563,160.6468385542641,160.72024242647555,52475000
2014-07-03,161.65814208984375,161.73154592941134,161.20139049402633,161.32373022663901,52938800
2014-07-07,161.0954132080078,161.47876110413068,160.85888549013833,161.3482694902469,61696000
2014-07-08,160.05955505371094,160.85887056387025,159.66804291173207,160.8017703760834,108143000
2014-07-09,160.7772979736328,160.9241181341996,160.1166383649588,160.45920214554715,72992000
2014-07-10,160.14109802246094,160.56522991978946,159.09709061792145,159.22759465487638,99040000
2014-07-11,160.36131286621094,160.4755007806344,159.68433721443282,160.0432170727778,64243000
2014-07-14,161.16885375976562,161.38091355407875,161.03834968070188,161.17700559762437,58658000
2014-07-15,160.86705017089844,161.5766582722684,160.15745451508158,161.26671421774927,111307000
2014-07-16,161.4624786376953,161.70715822433422,161.02203049063777,161.58481843101475,79986400
2014-07-17,159.62725830078125,161.57661723401097,159.39887001376465,160.96489356317883,145398000
2014-07-18,161.25856018066406,161.42168404298195,160.0595805020205,160.1493004931283,124330000
2014-07-21,160.956787109375,161.08729119297072,160.21455913517306,160.7528791458396,67592000
2014-07-22,161.65814208984375,161.95176989366172,161.3889822325483,161.50317013150263,67678000
2014-07-23,162.0170440673828,162.18833216202444,161.57660852416748,161.90285615280482,65612000
2014-07-24,162.02520751953125,162.35961945246922,161.86208369351644,162.1720276748297,56888000
2014-07-25,161.2666778564453,161.7071134359607,160.94858203636468,161.56845756008457,76837000
2014-07-28,161.3319091796875,161.56843683276776,160.36945756192088,161.29927695099104,69259000
2014-07-29,160.63865661621094,161.8621041341494,160.6141886614963,161.63372825977837,80466000
2014-07-30,160.6630859375,161.4216296879075,159.99427459353782,161.20955753730712,104222000
2014-07-31,157.4903564453125,159.68440818994293,157.39248460246216,159.54575226405333,183479000
2014-08-01,157.00912475585938,158.03681636477108,156.25059313999563,157.05806067358557,189261000
2014-08-04,158.14279174804688,158.47720365148186,156.64203276823255,157.31084412955346,91340000
2014-08-05,156.6094512939453,157.90631526369117,156.0385115454535,157.49849937968943,152690000
2014-08-06,156.65838623046875,157.32719775123454,155.85090636893796,155.87537432423719,94818000
2014-08-07,155.81007385253906,157.52290486426713,155.41857424391912,157.3679328985191,135733000
2014-08-08,157.6126708984375,157.718694554249,155.74486737491634,156.16084749838663,117014000
2014-08-11,158.06942749023438,158.7708712568953,157.9960236234512,158.20808338711998,74544000
2014-08-12,157.8491973876953,158.35488504464584,157.36797768540038,157.91444941529406,73632000
2014-08-13,158.917724609375,159.0971646322787,158.199976963316,158.46912455211577,69047000
2014-08-14,159.66802978515625,159.66802978515625,159.03183816368167,159.17865831624115,57371000
2014-08-15,159.63540649414062,160.39393785480368,158.48536303228084,160.24713015101713,139951000
2014-08-18,160.97305297851562,161.04645683554003,160.42658130030523,160.51630127407412,75424000
2014-08-19,161.8131866455078,161.9355264330081,161.03833895171528,161.36458668208482,59135000
2014-08-20,162.245361328125,162.44111730197167,161.56023408797887,161.59285386084758,72763000
2014-08-21,162.71847534179688,162.9305350397898,162.25355943838568,162.38406345817285,67791000
2014-08-22,162.46563720703125,162.87345294882488,162.09860552852675,162.58797695134984,76107000
2014-08-25,163.2895050048828,163.60760095023073,162.43308901492915,163.24056908183778,63855000
2014-08-26,163.39549255371094,163.79515654900752,163.3547084814478,163.39549255371094,47298000
2014-08-27,163.33021545410156,163.5912235200768,163.07737166865655,163.47702315705044,47874000
2014-08-28,163.2405242919922,163.3465603931991,162.6288005306633,162.79192437790732,58330000
2014-08-29,163.70541381835938,163.72171748855774,162.97950223693934,163.49334165028287,65907000
2014-09-02,163.62387084960938,163.94196670509572,163.01214709324708,163.91749875048535,72426000
2014-09-03,163.53411865234375,164.27634631744831,163.30574282393454,164.25187836765798,57462000
2014-09-04,163.29759216308594,164.41500336337438,162.8489923377897,163.81143155792589,85236000
2014-09-05,164.0316619873047,164.09691400495723,162.6450908374503,163.26496633682467,102177000
2014-09-08,163.6075439453125,164.11324401354153,163.1263242756316,163.87670387383338,64146000
2014-09-09,162.57167053222656,163.57489375531358,162.23725864268138,163.46070584736503,88591000
2014-09-10,163.1834259033203,163.28944955206072,162.12310229705966,162.66140971330194,67251000
2014-09-11,163.37098693847656,163.3954548870837,162.40853532625084,162.53088751483514,66774400
2014-09-12,162.4167022705078,163.22416947888667,161.95178634824822,163.20786580991356,117409300
2014-09-15,162.29441833496094,162.57174261627125,161.80504670343,162.44123853630805,76401000
2014-09-16,163.51779174804688,163.81141957170584,161.90284494069675,161.9925648991911,116201000
2014-09-17,163.7380828857422,164.49661448140947,162.92245109054548,163.75439900640112,151266000
2014-09-18,164.61077880859375,164.63524676144363,164.02352304909573,164.23558278897806,94990000
2014-09-19,164.46246337890625,165.44579400748606,164.1264882254922,165.1344136857343,121649000
2014-09-22,163.19229125976562,164.2002165285854,162.8481262303119,164.17563420531906,125553000
2014-09-23,162.25816345214844,163.28246884047158,162.20899879410538,162.60232856217766,111393000
2014-09-24,163.5283203125,163.63485208429213,161.8566592601284,162.28276133983877,107276000
2014-09-25,160.88967895507812,163.1103783453839,160.83232436026083,163.10217590060518,150300000
2014-09-26,162.16796875,162.56950082657158,160.95519508503855,161.18463841344413,103547000
2014-09-29,161.87298583984375,162.15979628311524,160.65202210435788,160.77493372077427,95112000
2014-09-30,161.4468994140625,162.49578698735422,161.11092429194022,161.99592552635377,131302000
2014-10-01,159.25900268554688,161.24205636593524,158.8984451975258,161.1846892638739,177798000
2014-10-02,159.2835693359375,159.84078539623152,157.62009859207708,159.11967049116743,157285000
2014-10-03,161.0371856689453,161.3813507495612,159.857183961847,160.34884300398676,121569000
2014-10-06,160.8486785888672,161.92216087435153,160.26688027379856,161.70909740371388,104778000
2014-10-07,158.3657684326172,160.381606498768,158.33299616897966,160.02104908012922,147913000
2014-10-08,161.13552856445312,161.36497197087832,157.6283079191223,158.45594217060395,186461000
2014-10-09,157.93966674804688,161.102721602623,157.80855268582943,160.88146818559673,210705000
2014-10-10,156.13682556152344,158.68529643328154,156.09586337203052,157.89863733994883,221909000
2014-10-13,153.57203674316406,156.63674997335028,153.48189738323353,156.0713439923961,230939000
2014-10-14,153.80967712402344,155.54690736765764,153.268840939579,154.39967796092162,215847000
2014-10-15,152.76893615722656,153.8014435809489,149.0732482853589,151.72825129871546,380715000
2014-10-16,152.63790893554688,153.71137907817888,149.86818291594687,150.00748696080387,270391000
2014-10-17,154.44065856933594,155.48954620748617,153.74412595637554,154.39968385615117,214625000
2014-10-20,155.94021606445312,156.06312767901449,154.11285920686723,154.16202385269176,130011000
2014-10-21,159.0295867919922,159.13610606553019,156.90721621198634,157.07110259750846,154949000
2014-10-22,157.8987274169922,159.71789480072704,157.83317037119576,159.30817264229537,151822000
2014-10-23,159.73426818847656,160.77496592961484,159.1852420189527,159.48024246117586,154944000
2014-10-24,160.9634552001953,161.01263236662825,159.37374358994458,159.9965168237419,117927000
2014-10-27,160.74217224121094,160.97980555013282,159.81619632300422,160.38980474430343,82954000
2014-10-28,162.5859375,162.59412744120144,161.2092646508088,161.2830241365299,106736000
2014-10-29,162.34011840820312,163.1677526887858,161.26664832531296,162.70067591775702,142557000
2014-10-30,163.38075256347656,163.84782915252495,161.75824440263878,161.90575082804378,113330000
2014-10-31,165.24913024902344,165.38024432975376,164.51982536758553,165.3474595577077,146903000
2014-11-03,165.33929443359375,165.89651060474407,164.9623445208465,165.46220608789784,93600000
2014-11-04,164.76564025878906,165.19994465539864,163.93799366984507,164.89674181917516,93343000
2014-11-05,165.80638122558594,166.01124233093645,165.07707619068734,165.97026760912044,91709000
2014-11-06,166.46998596191406,166.56012527085423,165.23263045166172,165.84721323887584,107089000
2014-11-07,166.6258087158203,166.83887224612195,166.02761785002446,166.48650467878446,89540000
2014-11-10,167.15023803710938,167.19940269251993,166.45371791258117,166.65857897927663,66319000
2014-11-11,167.3140869140625,167.42061864607547,166.8797825502435,167.21575762526558,54499400
2014-11-12,167.13388061523438,167.3633240404695,166.60123426800862,166.634019045173,90120300
2014-11-13,167.32232666015625,167.8467704902002,166.51927478059176,167.2977443324766,85357900
2014-11-14,167.3633270263672,167.56818812424837,166.93721244173014,167.24860531170287,80417500
2014-11-17,167.46981811523438,167.6419069101387,166.87981725231535,167.043716106025,80441000
2014-11-18,168.43673706054688,168.73992737600364,167.527153610452,167.527153610452,76068100
2014-11-19,168.16635131835938,168.43676942345024,167.4124641028305,168.2400983005495,82373000
2014-11-20,168.46131896972656,168.5678507035335,167.31408973163718,167.37964675984725,72840300
2014-11-21,169.36270141601562,170.31325957756687,168.78909304395012,170.14937325750884,142327300
2014-11-24,169.83798217773438,169.94451391350262,169.55118424072546,169.76423520853706,65880800
2014-11-25,169.71505737304688,170.27227332420023,169.46103171862558,170.06741231208963,79108300
2014-11-26,170.14939880371094,170.24772810976395,169.64953732506373,169.86258832275414,62167800
2014-11-28,169.78884887695312,170.3378750329878,169.55121554220537,170.02649471542804,57890100
2014-12-01,168.60887145996094,169.24803707732306,168.29749109748255,169.13331536404598,103968400
2014-12-02,169.6986541748047,169.90351517385787,168.6251845403617,168.64976685995023,74507200
2014-12-03,170.354248046875,170.56729902979092,169.7068926540406,169.8707789873394,68952000
2014-12-04,170.165771484375,170.66563290513906,169.37909961586632,170.06742968598317,91316600
2014-12-05,170.44439697265625,170.8295367545753,170.07564957610492,170.3378652233559,91025500
2014-12-08,169.30538940429688,170.54274581116482,168.74816077150885,170.05108672735784,108588200
2014-12-09,169.19065856933594,169.29719032508848,167.0928832493688,167.46982060957035,125180100
2014-12-10,166.47837829589844,168.78920570974728,166.28989702348306,168.73185108611924,159856400
2014-12-11,167.32232666015625,168.96121519200952,166.92899691355507,167.06830093831533,159012800
2014-12-12,164.61814880371094,167.01912686949117,164.58537653656094,166.05217618825847,202330200
2014-12-15,163.48728942871094,165.96201413505062,162.88909873112254,165.5113173750629,189965800
2014-12-16,162.17617797851562,165.85547382964904,162.13520327450223,162.72520400186747,259543800
2014-12-17,165.355712890625,165.80640990108813,162.48765691970013,162.61058110640738,253910100
2014-12-18,169.4446563720703,174.5170175424843,167.10104565775663,167.77299584682268,257633900
2014-12-19,170.16567993164062,170.83309123538643,169.41586689319604,170.09151334131593,245084600
2014-12-22,170.9484405517578,170.9484405517578,170.11623837846253,170.35518328492228,148318900
2014-12-23,171.17918395996094,171.57468469134196,170.89079041396425,171.52524867151203,122167900
2014-12-24,171.1956329345703,171.66528760272422,171.1544320686209,171.4016246915783,42963400
2014-12-26,171.74766540527344,172.08549485715466,171.5911096801218,171.64054568327762,57326700
2014-12-29,171.97837829589844,172.18437002799178,171.5004759687134,171.5663948317118,79643900
2014-12-30,171.0555419921875,171.68998748442894,170.98137541221183,171.55816232914077,73540800
2014-12-31,169.35816955566406,171.54168962233103,169.23457953628642,171.37689873891466,130333800
2015-01-02,169.2675323486328,170.46229453969679,168.23757361339727,170.05031104560257,121465900
2015-01-05,166.21063232421875,168.39413995124917,165.90576854267772,168.2293490577875,169632600
2015-01-06,164.64508056640625,167.03457967173875,163.8540667692118,166.51547647443184,209151400
2015-01-07,166.69671630859375,167.03454570394203,165.518449854762,165.9633863814453,125346700
2015-01-08,169.65478515625,169.869024603716,168.0810178817393,168.09748816790014,147217800
2015-01-09,168.2952423095703,170.0832490055506,167.68550226657175,170.06676614689192,158567300
2015-01-12,166.9769287109375,168.58367462303084,166.37543624497255,168.42711886152512,144396100
2015-01-13,166.50729370117188,169.30877715908184,165.2136591590204,168.18818126136952,214553300
2015-01-14,165.50193786621094,165.6996943836683,163.61505981481227,164.50493271153792,192991100
2015-01-15,163.98585510253906,166.44950747318708,163.87050026818832,166.1364086786545,176613900
2015-01-16,166.13644409179688,166.29299980880108,163.59862462239275,163.77989833968851,211879600
2015-01-20,166.49073791503906,167.0345590476675,164.93344108813844,166.77088362357995,130991100
2015-01-21,167.3312225341797,167.80912491052092,165.56793362900146,166.02935314471333,122942700
2015-01-22,169.81959533691406,169.95142049511813,166.71323638005796,168.08102454992158,174356000
2015-01-23,168.88848876953125,169.81957534719535,168.75665105410798,169.56413505878655,117516800
2015-01-26,169.2840118408203,169.37464871062735,167.96567222959058,168.67428432824417,92009700
2015-01-27,167.05105590820312,168.1881216948727,166.2270889979633,167.24056477719182,134044600
2015-01-28,164.90872192382812,168.32817926143179,164.71921307206398,168.22930726446546,168514300
2015-01-29,166.43307495117188,166.68850267284625,163.70573401180317,165.10648776880188,173585400
2015-01-30,164.34022521972656,166.5814165962513,164.07656230217393,165.26307686300927,197729700
2015-02-02,166.37539672851562,166.46603359139985,163.0300930901773,164.83458263222118,163107000
2015-02-03,168.78140258789062,168.78965030470357,166.8945236303613,167.26530627751242,124212900
2015-02-04,168.13870239257812,169.2263448570406,167.6855180323854,168.0233475165962,134306700
2015-02-05,169.83604431152344,169.9843648834055,168.72369659972196,168.79785059929478,97953200
2015-02-06,169.36642456054688,170.75893084490582,168.84732131134493,170.1986267298921,125672000
2015-02-09,168.60833740234375,169.44053937917812,168.20458912716913,168.72369225628847,87219000
2015-02-10,170.40463256835938,170.66006035566588,168.64957863620293,169.63834920643984,96164200
2015-02-11,170.50347900390625,170.93194534851392,169.59712288088554,170.23981611142796,91087800
2015-02-12,172.1431884765625,172.2008722029331,170.53645530055257,171.2945034509588,97545900
2015-02-13,172.85182189941406,172.90125791511048,172.01137191435353,172.26681228335252,93670400
2015-02-17,173.1236572265625,173.29669577894558,172.2914553213974,172.53863529232316,76968200
2015-02-18,173.14010620117188,173.21426017793874,172.48916554448704,172.75284089219042,80652900
2015-02-19,173.01658630371094,173.37913379359748,172.40685877320954,172.54693165380414,91462500
2015-02-20,174.05477905273438,174.1289330590768,171.98661400910962,172.60458920743812,140896400
2015-02-23,174.03004455566406,174.03004455566406,173.42853970059855,173.80756998498592,74411100
2015-02-24,174.52442932128906,174.72218590601705,173.65926155061786,173.9558901413412,72472300
2015-02-25,174.37611389160156,174.87873418858408,174.0382844551776,174.4008318920485,73061700
2015-02-26,174.1701202392578,174.4420308138925,173.56861537442805,174.28547509764192,72697900
2015-02-27,173.576904296875,174.33495248517968,173.52746828479377,174.07127699042695,108076000
2015-03-02,174.67282104492188,174.73049221432876,173.6263791218992,173.6758151450315,87491400
2015-03-03,173.95591735839844,174.72221324296856,173.0989971693117,174.24431085132318,110325800
2015-03-04,173.22254943847656,173.43678886860448,172.25850972111044,173.36262229593285,114497200
2015-03-05,173.41212463378906,173.6922704355588,172.90950419050083,173.54394981696635,76873000
2015-03-06,170.97314453125,172.98362592918326,170.64356277570667,172.5551595887865,188128000
2015-03-09,171.68173217773438,172.03603188586268,171.01432104550287,171.17087675755448,89818900
2015-03-10,168.89675903320312,170.40462021347557,168.85555816697376,170.322231053756,157121300
2015-03-11,168.501220703125,169.32518755252903,168.41881898909006,169.15214898215018,110145700
2015-03-12,170.6435546875,170.70946097729438,169.07800999102813,169.12744599474263,93993500
2015-03-13,169.59707641601562,171.32739903467038,168.56711798607776,170.37160716696647,162410900
2015-03-16,171.8629608154297,171.9535976474393,169.6217705809495,170.32214724399944,136099200
2015-03-17,171.35218811035156,171.73120590124896,170.54469137319978,171.12971349315757,94510400
2015-03-18,173.41212463378906,174.0795359856042,170.24808135546706,170.882539554673,228808500
2015-03-19,172.62110900878906,173.42035810882558,172.2338434624728,173.00013941021743,117917300
2015-03-20,174.14479064941406,174.64965461375428,173.38335875102342,173.56544166464516,177715100
2015-03-23,173.80543518066406,174.72412155748765,173.80543518066406,174.15304453556226,71784500
2015-03-24,172.82876586914062,174.13643333296994,172.76255278014776,173.68123886803394,77805300
2015-03-25,170.29623413085938,173.26748933946288,170.25486198310298,173.03574974503988,159521700
2015-03-26,169.8906707763672,170.8010725816422,168.93887157179836,169.6341028800728,153067200
2015-03-27,170.2796630859375,170.45346143952418,169.5844317850146,169.77479920123068,118939000
2015-03-30,172.35708618164062,172.6550389126073,171.289429595846,171.3059734044997,96180400
2015-03-31,170.85072326660156,172.23290130330517,170.79279469310998,171.5376700193974,126768700
2015-04-01,170.24652099609375,170.84242622096593,169.26162173196178,170.81759788900095,137303600
2015-04-02,170.85902404785156,171.30594676035847,169.99826623499885,170.18034913276153,86900900
2015-04-06,172.0094757080078,172.5226116080673,169.84104967473803,169.97346328746013,114368200
2015-04-07,171.5542449951172,172.77915599053023,171.52114475366702,172.03428058373333,81236300
2015-04-08,172.13357543945312,172.57222620747424,171.3887001127006,171.77769420945268,89351900
2015-04-09,172.8949737548828,173.12671326188308,171.47970838204938,171.9680157268817,85548900
2015-04-10,173.83853149414062,173.87991626544922,172.94468610394253,173.1433128000492,72722900
2015-04-13,173.0523223876953,174.32690299826146,173.00266569902493,173.69788459813583,74436600
2015-04-14,173.3833465576172,173.56542945843373,172.2329205727453,172.85365429038538,75099900
2015-04-15,174.16131591796875,174.66617982856766,173.76404988910943,173.846819433349,99529300
2015-04-16,174.11167907714844,174.61654304525962,173.63164344936558,173.8302828008532,68934900
2015-04-17,172.10879516601562,173.16817987845485,171.33080675525449,172.92816835734396,191113200
2015-04-20,173.6812744140625,174.0123272979256,172.94467101293785,173.02742791947463,92189500
2015-04-21,173.47438049316406,174.51720854723484,173.17642781644966,174.35995399162735,72559800
2015-04-22,174.32681274414062,174.50889559423757,172.8949782748459,173.81366442620546,78264600
2015-04-23,174.76553344726562,175.41109558208242,173.81373405341733,173.92960385636235,102585900
2015-04-24,175.17105102539062,175.43590347488626,174.72412830294158,175.1793355574748,61327400
2015-04-27,174.4426727294922,175.8579380600504,174.25230536032728,175.7337964095999,79358100
2015-04-28,174.99728393554688,175.0469406214882,173.25095224972412,174.41793488479428,86863500
2015-04-29,174.27719116210938,174.87308386645512,173.47437460567704,174.1116520804401,125684900
2015-04-30,172.53085327148438,174.09510155353598,171.8356219903494,173.7061074585782,161304900
2015-05-01,174.4013214111328,174.44270617883703,173.20951082285615,173.30882416225984,103399700
2015-05-04,174.89791870117188,175.4772675801301,174.71583582080524,174.8234210654885,70927200
2015-05-05,172.8949737548828,175.0137548070876,172.75427567055092,174.6578610170726,113326200
2015-05-06,172.1832275390625,173.747475786797,171.12384315058932,173.4412512361962,135060200
2015-05-07,172.87020874023438,173.29231577668872,171.75289555700596,172.0839485085861,88244900
2015-05-08,175.14620971679688,175.3448490392088,174.4509910316435,174.53376057319656,155877300
2015-05-11,174.3103485107422,175.36973331044763,174.23586347690267,175.10489342495276,75708100
2015-05-12,173.7888946533203,174.32687148400893,172.66329694111005,173.4826700426361,119727600
2015-05-13,173.82200622558594,174.81517769861114,173.59026663617541,174.19444394936284,94667900
2015-05-14,175.63453674316406,175.72557819092486,174.55859580477068,174.8317201480531,95934000
2015-05-15,175.8248748779297,175.96557298770557,175.3448393469459,175.8248748779297,76510100
2015-05-18,176.37112426757812,176.61940762185802,175.59313608054563,175.6593491846397,74549700
2015-05-19,176.31321716308594,176.76015254493973,176.03182088791033,176.48702817355368,72114600
2015-05-20,176.18907165527344,176.9339471037886,175.87456251401304,176.4125267125117,76857500
2015-05-21,176.70220947265625,176.90912072496616,175.8828363671192,176.04837547205562,64764600
2015-05-22,176.2801055908203,176.7353002183509,176.21389247817623,176.3214777359704,57433500
2015-05-26,174.3848114013672,176.21391253841256,173.97098887187707,175.79180547586134,124308600
2015-05-27,176.04002380371094,176.27176330761148,174.43439107750305,174.8399415237569,93214000
2015-05-28,175.8414306640625,175.94901590710802,175.15448392201986,175.73383279215875,74974600
2015-05-29,174.74896240234375,175.81661888102775,174.48412257297713,175.77524673468258,124919600
2015-06-01,175.1048583984375,175.74213595451732,174.31858554675645,175.41108300665405,93338800
2015-06-02,174.9310302734375,175.61797707044715,174.02890034426045,174.6496340324049,91531000
2015-06-03,175.39454650878906,176.0152803282407,174.90623893508064,175.46075963166066,87820900
2015-06-04,173.9129638671875,175.34478548933842,173.59845487790355,174.69095181192927,151882800
2015-06-05,173.6150665283203,174.28545684704468,172.96122001408557,173.76403654187754,121704700
2015-06-08,172.54739379882812,173.65644748937723,172.4729087936828,173.50746485022844,89063300
2015-06-09,172.5225830078125,173.06055978923862,171.89357740785732,172.5225830078125,105034700
2015-06-10,174.59165954589844,174.9723816920857,173.22605074383483,173.2839793100126,134551300
2015-06-11,175.1544952392578,175.53520482329432,174.79860136319687,175.0303409262258,73876400
2015-06-12,173.81369018554688,175.03032912383966,173.5405658699242,174.33511048163183,135382400
2015-06-15,173.06887817382812,173.35027449447367,171.9763805117509,172.67988394222755,124384200
2015-06-16,174.0123748779297,174.09514443595603,172.74607893906744,172.91987733051675,85308200
2015-06-17,174.2937774658203,174.8979674777453,173.27577753539802,174.2937774658203,126708600
2015-06-18,176.1063232421875,176.56980247723928,174.32689133000042,174.88968393574558,165867900
2015-06-19,175.3245086669922,175.9399495901097,174.95025936778484,175.86510226832593,130478700
2015-06-22,176.22274780273438,176.80491489900174,176.01483007618953,176.2393847741394,70696000
2015-06-23,176.34747314453125,176.6801490830367,175.95659953850776,176.43064530172998,68476800
2015-06-24,175.06668090820312,176.45556944293014,175.04173180263163,176.0813201690699,92307300
2015-06-25,174.53443908691406,175.69046102105045,174.45959175865744,175.5657154739561,97107400
2015-06-26,174.5011749267578,175.1332401719745,173.9522691481202,174.89204853122945,104174800
2015-06-29,170.8418426513672,174.50951453555447,170.7669953125776,173.02914128035582,202621300
2015-06-30,171.19943237304688,172.42198941511714,170.7253739447675,172.3720785092808,182925100
2015-07-01,172.5716552734375,173.01243969096117,171.78988285283728,172.7629359645567,135979900
2015-07-02,172.4136505126953,173.21205996715375,171.99781516335582,173.0457283654755,104373700
2015-07-06,171.9229736328125,172.69642131727892,170.93328343762698,171.13288898053196,117975400
2015-07-07,173.00418090820312,173.12892646473392,169.75234470486708,172.12261180127717,173820200
2015-07-08,170.10162353515625,171.95624582037016,169.86875673209303,171.67348080097753,164020100
2015-07-09,170.4093017578125,172.4469048907303,170.30119320864006,172.18907634353732,144113100
2015-07-10,172.5550537109375,172.97088911016687,170.45092760606005,172.39703422878407,129456900
2015-07-13,174.4595947265625,174.56770330578686,173.7693064102214,173.81089249005686,106069400
2015-07-14,175.2163848876953,175.52411168997082,174.359765043281,174.41798808624523,81709600
2015-07-15,175.15818786621094,175.71540577991894,174.68412941841035,175.25798430141555,97914100
2015-07-16,176.56370544433594,176.56370544433594,175.96490148001948,176.20608041745504,106683300
2015-07-17,176.71336364746094,176.77158668017654,176.1478337368381,176.55534420470275,89030000
2015-07-20,176.80487060546875,177.2955532715179,176.48884436968999,176.93794096279018,70446800
2015-07-21,176.10626220703125,176.92962072871038,175.80686026190133,176.67179216433937,77965000
2015-07-22,175.79025268554688,176.12292861924817,175.3910542553946,175.42431550362008,88667900
2015-07-23,174.80052185058594,176.0230786564389,174.44290958139894,175.92328224462605,90509100
2015-07-24,172.98753356933594,174.95858938613225,172.65487031166467,174.9003790266702,117755000
2015-07-27,171.98121643066406,172.61329442396672,171.54043187759277,172.1059746773746,132361100
2015-07-28,174.09364318847656,174.23502569603966,171.98951716307448,172.8128631006647,123544800
2015-07-29,175.29122924804688,175.51577119011958,174.07698449596467,174.21836698588396,105791300
2015-07-30,175.33290100097656,175.49923267685358,174.16855388925052,174.7839950493183,91304400
2015-07-31,175.06668090820312,175.85676552863868,174.78391591820096,175.83181642306718,103266900
2015-08-03,174.47618103027344,175.09162188312953,173.5280769917199,175.03341153626167,113965700
2015-08-04,174.1351776123047,174.85872690412018,173.652807187666,174.40130557986927,81820800
2015-08-05,174.7091064453125,175.7403702064177,174.42632870377005,175.02513274776874,85786800
2015-08-06,173.27862548828125,175.00017753705393,172.69644574503167,174.89205626640072,116030800
2015-08-07,172.94589233398438,173.27024334837387,172.04768659637824,173.1205487372491,117858000
2015-08-10,175.12490844726562,175.20806790454458,174.0520461189769,174.0520461189769,80270700
2015-08-11,173.54470825195312,174.21004729175883,172.78788493554558,173.79421197816612,126081400
2015-08-12,173.7526397705078,173.93560833830855,170.79189413196906,172.2473178456554,172123700
2015-08-13,173.53643798828125,174.2766245174708,172.99584433599424,173.59464834728124,89383300
2015-08-14,174.16847229003906,174.2433196055732,173.20373125552976,173.34511374830117,72786500
2015-08-17,175.1415557861328,175.1415557861328,173.12060177508673,173.5780232663594,79072600
2015-08-18,174.63418579101562,175.21635266214506,174.40131904256387,174.8670525394674,71692700
2015-08-19,173.25369262695312,174.6592058258124,172.44697081708915,173.89407010012215,172946000
2015-08-20,169.6359100341797,173.22872162889385,169.57768698136883,171.74834848098652,194327900
2015-08-21,164.52947998046875,169.6109904379169,164.27166399382077,167.77299189360897,346588500
2015-08-24,157.6016082763672,164.23833735657138,151.69674083211345,155.9299546251587,507244300
2015-08-25,155.7469940185547,162.55005506026404,155.45590416290756,162.53341809100982,369833100
2015-08-26,161.7266387939453,162.00107887075853,156.66175618702252,159.74725909261264,339257000
2015-08-27,165.72706604003906,165.85181160061163,162.35048417077047,163.85580648970432,274143900
2015-08-28,165.73533630371094,166.20106986589136,164.604263642578,165.08663417206137,160414400
2015-08-31,164.39637756347656,165.61062260420843,163.84747174957215,164.76231477274618,163298800
2015-09-01,159.489501953125,161.9845141823555,158.62455727376357,160.61224984210565,256000400
2015-09-02,162.51675415039062,162.55834021823262,160.03005450076014,161.85972727323147,160269300
2015-09-03,162.63323974609375,164.71241690293388,162.14255698274914,163.2237189520738,152087800
2015-09-04,160.17152404785156,161.2277498318246,159.35648997430124,160.38776664206407,207081000
2015-09-08,164.19674682617188,164.34645415715417,162.31717553693585,162.95756555502172,116025700
2015-09-09,162.001220703125,165.8934483556359,161.63529605024507,165.76870275696035,149347700
2015-09-10,162.8827362060547,164.02212117578753,161.55205780950018,161.8098737348888,158611100
2015-09-11,163.62290954589844,163.6894447293928,161.7849115864469,162.4918368070718,119691200
2015-09-14,163.01577758789062,163.84744832997723,162.5334070346458,163.7975501158982,79452000
2015-09-15,165.05340576171875,165.49419030577366,162.97422859531255,163.51480958246202,113806200
2015-09-16,166.48385620117188,166.67514962395944,165.01180800848826,165.35279608532932,99581600
2015-09-17,166.109619140625,168.73770213278615,165.73536978756877,166.35081079923904,276046600
2015-09-18,163.39512634277344,166.0953850699589,162.98549719208262,163.61249308192924,223657500
2015-09-21,164.23948669433594,165.25938825858097,163.19449355908208,164.222763232418,105726200
2015-09-22,162.107666015625,162.56746545525212,160.97906855074584,162.08258720585093,153890900
2015-09-23,161.8485565185547,162.7430640899207,161.27171821475747,162.27490916401717,92790600
2015-09-24,161.2633819580078,161.7231816211498,159.30715730711387,160.63638589634175,159378800
2015-09-25,161.22154235839844,163.01892540782544,160.3521009460491,162.71796688143738,155054800
2015-09-28,157.17530822753906,160.43569415903292,156.86599437037327,160.32701080110434,178515900
2015-09-29,157.2672882080078,158.62160803211773,156.2724526680415,157.39269504230808,159045600
2015-09-30,160.20162963867188,160.36882598691992,158.3707996481362,159.14826840780825,163452000
2015-10-01,160.61959838867188,160.92055686462473,158.68845348308335,160.5777961199609,131079000
2015-10-02,163.01895141601562,163.04403023419374,158.10329895285076,158.64670311133017,211003300
2015-10-05,165.91981506347656,166.1455371306783,164.13078749869322,164.23947085628345,126320800
2015-10-06,165.35133361816406,166.3461690364086,164.6909036275402,165.78605429593955,110274500
2015-10-07,166.70567321777344,167.05678939157835,165.09219713262496,166.27930784108844,124307300
2015-10-08,168.2104034423828,168.49463841707194,166.0200899010043,166.32104833192793,153055200
2015-10-09,168.31077575683594,168.78728599294183,167.68377987609506,168.35257803347145,107069200
2015-10-12,168.46958923339844,168.67021971845202,167.95963215678432,168.38598469378493,56395600
2015-10-13,167.4078369140625,169.00458888196098,167.2406406269482,167.74222948829112,88038700
2015-10-14,166.60531616210938,167.9261888274099,166.31272577973232,167.34935065802895,99106200
2015-10-15,169.1634521484375,169.17180749920544,166.89790197677755,167.26574151073802,134142200
2015-10-16,169.93258666992188,169.94929737355176,168.80398911805145,169.56474708986744,114580100
2015-10-19,170.01622009277344,170.01622009277344,168.97959493831587,169.28890886262784,76523900
2015-10-20,169.79881286621094,170.40908516969702,169.33065807141278,169.58145892755792,78448500
2015-10-21,168.7454833984375,170.3673019023697,168.57827430485062,170.21682902565695,102038000
2015-10-22,171.5962371826172,171.80523582065535,168.74550545453735,169.69017062421008,174911700
2015-10-23,173.47720336914062,173.84504296738336,172.465657230236,173.25984940484398,144442300
2015-10-26,173.0508575439453,173.3601714198698,172.68301793135217,173.3016584394646,69033000
2015-10-27,172.7165069580078,173.05089972937438,172.0393405481507,172.3821014303747,77905800
2015-10-28,174.68101501464844,174.70609382437954,172.39039868413275,173.0508286008205,135906700
2015-10-29,174.5807647705078,174.94860445852228,174.0624521680871,174.17949090915843,90525500
2015-10-30,173.82830810546875,175.0906678035745,173.66947988597488,174.7729858520625,131076900
2015-11-02,175.8849334716797,176.07720869081714,174.0290241216955,174.1544309869075,86270800
2015-11-03,176.39486694335938,176.94662646070492,175.30807137302392,175.5337934948954,95246100
2015-11-04,175.85983276367188,176.81286614184535,175.32479670498265,176.68747204850644,96224500
2015-11-05,175.68423461914062,176.37811156730345,174.79808251260556,175.91831205270597,78408700
2015-11-06,175.59226989746094,175.82636008086558,174.27140988270324,175.34148176571142,110471500
2015-11-09,173.9537353515625,175.1324906462806,173.00905749400297,174.98200500452802,131008700
2015-11-10,174.35499572753906,174.38844264814023,173.20968744407082,173.4771990275669,75874600
2015-11-11,173.6695098876953,174.67270078187678,173.60262879391465,174.62254315060736,67846000
2015-11-12,171.24514770507812,173.10105692076502,171.2284369959397,172.63290193955868,121315200
2015-11-13,169.3223114013672,171.10298367355642,169.23871960957644,170.8354720810577,153577100
2015-11-16,171.89715576171875,171.9556814897679,169.0213331300039,169.13838458610218,117645200
2015-11-17,171.7718048095703,173.08430964732463,171.27857107623493,172.2065255564367,121123700
2015-11-18,174.49717712402344,174.6392946979438,172.20655971860782,172.24834925026235,121342500
2015-11-19,174.3466339111328,174.76463110931041,174.05403076990362,174.38006807423167,88220500
2015-11-20,174.98202514648438,175.65917872165826,174.60583013319498,175.09906387853584,94011500
2015-11-23,174.78135681152344,175.5421020272082,174.32155733637617,175.0405130367167,64931200
2015-11-24,175.01547241210938,175.41674624331006,173.39364086749754,173.7781912351542,98874400
2015-11-25,174.99038696289062,175.34150314641727,174.73121793470858,175.14085986028863,51980100
2015-11-27,175.1909637451172,175.39160696968958,174.60577028544031,175.08228040394124,37317800
2015-11-30,174.4636688232422,175.466859525805,174.35498547207507,175.34982082311038,112822700
2015-12-01,176.12728881835938,176.2443402768816,174.81478428274357,175.0906639572706,97858400
2015-12-02,174.3298797607422,176.39478657671447,174.07907893473657,176.07710468002338,108441300
2015-12-03,171.88888549804688,174.84830137673785,171.16992948422384,174.58078968308652,166224200
2015-12-04,175.2411651611328,175.53376834223343,171.8888317671986,171.8888317671986,192913900
2015-12-07,174.17945861816406,175.33312235019997,173.21805729249317,174.9151251015423,102027100
2015-12-08,173.00900268554688,174.12923188796006,172.03089097093897,172.62445248472304,103372400
2015-12-09,171.6630859375,174.45530415415365,170.6933293781942,172.37368627546385,162401500
2015-12-10,172.106201171875,173.41035068377516,171.49592869643763,171.73000615979072,116128900
2015-12-11,168.77056884765625,170.65991177061034,168.46124221736738,169.99948174751887,211173300
2015-12-14,169.62326049804688,169.74866731316496,167.1570795425392,168.9293963640286,182385200
2015-12-15,171.4039764404297,172.30685216353294,169.59822499422316,171.1280966842371,154069600
2015-12-16,173.9119415283203,174.21290007018928,171.21168276083145,172.5241875432432,197017000
2015-12-17,171.2618408203125,174.2881369527101,171.2451173578712,174.22125585920915,173092500
2015-12-18,168.21078491210938,170.65799730563018,168.05099859513368,170.52345188854935,251393500
2015-12-21,169.59837341308594,169.77498271244173,168.2696396253656,169.3797258906182,99094300
2015-12-22,171.13735961914062,171.43170419116151,169.49747102460722,170.48140418132726,111026200
2015-12-23,173.25657653808594,173.29862758839346,172.0455781494315,172.13808532723647,110987200
2015-12-24,172.97071838378906,173.51735663032437,172.7520707844859,173.00436437271875,48539600
2015-12-28,172.57545471191406,172.61749294503812,171.50741924758302,172.2811100869447,65899900
2015-12-29,174.4171600341797,174.745137796761,173.63506415117155,173.66869730253606,92640700
2015-12-30,173.18089294433594,174.25734602053262,173.03792962794714,174.17324391339574,63317700
2015-12-31,171.44851684570312,173.1472795122561,171.44851684570312,172.5081470546671,114877900
2016-01-04,169.05177307128906,169.0601781507124,167.008209539375,168.60606005038835,222353500
2016-01-05,169.33767700195312,169.79179504125196,168.23600863297176,169.3713101473091,110845800
2016-01-06,167.20167541503906,168.24447008885522,166.17569090344355,166.79800054241517,152112600
2016-01-07,163.19021606445312,166.0411035890853,162.8033642538553,164.26665653892186,213436100
2016-01-08,161.39892578125,164.70394383566386,161.11299912311821,164.14890067657436,209817200
2016-01-11,161.5587158203125,162.65197917431388,159.63290054068452,162.31558354036966,187941300
2016-01-12,162.86224365234375,163.61070639481204,160.74299578460875,162.99680192411364,172330500
2016-01-13,158.8003387451172,163.87138592776626,158.42190487802935,163.52658520860956,221168900
2016-01-14,161.40736389160156,162.52585551726517,157.81643127635823,159.40586404289417,240795600
2016-01-15,157.94253540039062,158.74145414049227,156.0167202128959,157.06793245834035,324846400
2016-01-19,158.15280151367188,159.8767924205954,156.58859694511347,159.75065206514014,195244400
2016-01-20,156.12603759765625,157.68183685415622,152.2323561654872,155.6046404300897,286547800
2016-01-21,157.00062561035156,158.8339332832199,155.27663526582242,156.5969637723933,195772900
2016-01-22,160.22158813476562,160.42341269715334,158.8423980189931,159.59926579231154,168319600
2016-01-25,157.7996063232422,159.91043635063804,157.6061868211118,159.71701684850765,130371700
2016-01-26,159.95248413085938,160.23000575805105,158.11917577400814,158.45555862577692,141036800
2016-01-27,158.21160888671875,161.09612834464914,157.31176528978338,159.43101219351783,185681700
2016-01-28,159.03578186035156,159.952435761583,157.39589349755695,159.75061124442632,143798800
2016-01-29,162.9126739501953,163.0472322006176,159.68335293314658,159.80108819422082,210529300
2016-02-01,162.85379028320312,163.63589883942228,161.33163705774058,161.91190825024958,136061600
2016-02-02,159.9188232421875,161.44097655554074,159.39741323054122,161.43257147696843,182564900
2016-02-03,160.8775177001953,161.28117959209968,157.34544727362672,160.97002488710882,205054900
2016-02-04,161.1298370361328,162.09694728263753,159.75064692143812,160.38137434277135,139531800
2016-02-05,158.06033325195312,161.18874315984968,157.42960565491248,160.61688963131533,180788300
2016-02-08,155.93260192871094,156.52127815867243,153.7292653970639,156.2269464597814,191526700
2016-02-09,155.9410400390625,157.21091278145332,154.06568078343693,154.20023904512558,184513100
2016-02-10,155.80645751953125,158.38822778615378,155.68030436716083,156.76516244952273,148214100
2016-02-11,153.77975463867188,154.82256192212859,152.29123433997384,153.34244670274717,219058900
2016-02-12,156.9501953125,156.9670054690548,154.70480752309757,155.5457773093388,127632400
2016-02-16,159.59921264648438,159.624440708382,157.7911331055381,158.7498379541821,120250700
2016-02-17,162.206298828125,162.57632768383354,160.63367619136366,160.75982939154645,136009500
2016-02-18,161.54185485839844,162.53420570504434,161.230700198299,162.47533167087508,102343000
2016-02-19,161.46620178222656,161.61757018695062,160.1626960243193,160.76819530757712,114793000
2016-02-22,163.8040771484375,163.94704045758385,162.97151252580716,163.0387916416724,103640300
2016-02-23,161.73533630371094,163.41727609306477,161.61758819956123,163.14815956732068,111455300
2016-02-24,162.47537231445312,162.7528939045773,159.2124180251303,160.31408647453802,150812200
2016-02-25,164.44322204589844,164.4516399561358,162.164201170932,162.92106882584167,110728300
2016-02-26,164.06480407714844,165.40194305175584,163.90501775335608,165.30944868764604,129833700
2016-02-29,162.7781219482422,165.02350990560976,162.5847024759486,164.08162778086034,125918100
2016-03-01,166.6045684814453,166.68867061495902,163.52661517829247,163.99755632872777,141799700
2016-03-02,167.35299682617188,167.4034529630207,165.8812996179015,166.2933794558025,102415000
2016-03-03,168.00894165039062,168.02576463900402,166.6045236574135,167.1763769484641,95172200
2016-03-04,168.5556182861328,169.32932201217227,167.37826536769782,168.20241241060234,129293600
2016-03-07,168.6901092529297,169.09378394860045,167.56321293325217,167.63889712662322,100219000
2016-03-08,166.848388671875,168.12666624967974,166.6886152028066,167.62209211288447,123974900
2016-03-09,167.67257690429688,168.01736479878008,166.87364526149202,167.65575391387418,94801200
2016-03-10,167.80711364746094,169.0938092884853,165.99062857344666,168.16033226714995,156838700
2016-03-11,170.5150604248047,170.55711148824372,167.7903260316421,169.25360551473076,137964500
2016-03-14,170.2964324951172,170.75055066894302,169.6825279611094,170.01050576225705,73612000
2016-03-15,170.01882934570312,170.32157892719425,169.07694746203214,169.33764599539262,93169100
2016-03-16,171.00277709960938,171.40645179803926,169.49744697060842,169.53949802238395,129303200
2016-03-17,172.08763122558594,172.5922053386793,170.52342709385636,170.91868387347796,134278500
2016-03-18,172.763916015625,173.10203378785332,172.2736362170376,172.5863958012671,138372400
2016-03-21,173.00900268554688,173.23723921418915,172.2735896356984,172.50182616434068,72926700
2016-03-22,172.91604614257812,173.4824004429276,172.07920023384244,172.23979777406544,97471900
2016-03-23,171.77496337890625,172.7217037651232,171.60589153990716,172.53573506092053,81052500
2016-03-24,171.69883728027344,171.73265679981606,170.5323218234029,170.75209710695995,84360900
2016-03-28,171.80030822753906,172.32439477228166,171.3522962654134,172.11306788832167,62408200
2016-03-29,173.38941955566406,173.4993136259978,171.0901827963273,171.39449392325025,92922900
2016-03-30,174.1501922607422,174.86869563885705,173.78670345904297,174.38687724392875,86365300
2016-03-31,173.72755432128906,174.4798772781633,173.566943875715,174.05722364175384,94584100
2016-04-01,174.9109649658203,175.09693358242268,172.42575972428358,172.73853216040445,114423500
2016-04-04,174.34463500976562,175.03779320441413,174.04032385817757,174.83491480390006,63497000
2016-04-05,172.60330200195312,174.35308142963854,172.34970722882548,173.00904589993777,99662200
2016-04-06,174.48838806152344,174.5475657829835,172.42583551504632,172.60335578105656,91839800
2016-04-07,172.40042114257812,173.7613664106227,171.67345634911894,173.4063388926588,113859000
2016-04-08,172.86534118652344,174.0065111898883,172.33279346517108,173.57539621608282,95040600
2016-04-11,172.4595489501953,174.19243099239216,172.36656465822293,173.49927301616862,83757500
2016-04-12,174.065673828125,174.3446267787749,172.18909063165515,172.62865402950032,115350600
2016-04-13,175.8239288330078,175.9084647273703,174.84336921121576,174.97862148284912,96336400
2016-04-14,175.8323974609375,176.33113865758003,175.485831210321,175.8831267424022,65212900
2016-04-15,175.63796997070312,175.96763933969962,175.31674903226698,175.83238706052995,75761600
2016-04-18,176.8721160888672,176.90592270787863,174.97862296506034,175.63796167189994,82531000
2016-04-19,177.43002319335938,177.68361800031167,176.61853528915324,177.29478380823682,88316100
2016-04-20,177.5990447998047,178.29218998463625,176.99887102293133,177.47224098298489,81100300
2016-04-21,176.6438751220703,177.72586748080948,176.37337058320233,177.6159733995986,85695000
2016-04-22,176.6438751220703,176.91436676257194,175.74785140921125,176.28884758858086,99251700
2016-04-25,176.33956909179688,176.38183703951964,175.4350840243229,176.0437063561041,66166500
2016-04-26,176.6016387939453,177.1088284459457,176.12826866454157,176.7030715649979,75864200
2016-04-27,176.965087890625,177.35392202438942,175.866185824204,176.22121334134943,77329400
2016-04-28,175.35897827148438,177.31163586436776,174.94478599321482,176.21274680920294,97216200
2016-04-29,174.41221618652344,175.0884644488935,173.31331437246743,174.74188544090396,142424100
2016-05-02,175.79856872558594,175.97607604409657,174.47989133746998,174.91099343793363,62188000
2016-05-03,174.26853942871094,174.80953553313523,173.52466494824083,174.57285054359738,106422100
2016-05-04,173.2964324951172,174.00650037892598,172.79770431951002,173.27953563715295,92243800
2016-05-05,173.26260375976562,174.1163593190927,172.8399501940538,173.7613318716984,67619200
2016-05-06,173.8966064453125,173.93887438698562,172.3412442193143,172.49339333129973,89315000
2016-05-09,174.04029846191406,174.47140048943743,173.59228667889047,173.769806865732,74374900
2016-05-10,176.20425415039062,176.22116390313903,174.67425043489416,174.74187654752566,77472200
2016-05-11,174.55593872070312,176.2803597523973,174.55593872070312,175.7478249814253,81727000
2016-05-12,174.60667419433594,175.39281669215237,173.6007564414654,175.2237449131014,89586300
2016-05-13,173.0851287841797,174.86027938305523,172.76392076124944,174.31083476350005,96474600
2016-05-16,174.79263305664062,175.26600305543033,173.1950028615428,173.25418056057407,77486800
2016-05-17,173.1612091064453,174.8095557954899,172.63710979883587,174.52215440321876,114924900
2016-05-18,173.2119140625,174.3868906401381,172.12992179956848,172.81461861769614,120062100
2016-05-19,172.61175537109375,172.89915676962522,171.41142050219796,172.49341286002985,115430500
2016-05-20,173.70216369628906,174.21780155234842,173.16961608638888,173.22033244954835,104990400
2016-05-23,173.4655303955078,173.99806526563853,173.27956174296477,173.71911228682396,58682600
2016-05-24,175.71401977539062,176.02679223918366,174.25164179578482,174.2769999822592,93537800
2016-05-25,176.90586853027344,177.32007365192106,175.71398242586181,176.39023068428872,76621400
2016-05-26,176.9566192626953,177.26939172075558,176.64385970300023,177.04115514830409,55280700
2016-05-27,177.7174072265625,177.72585565595264,177.0665170092885,177.11723338236027,64211200
2016-05-31,177.37925720214844,178.09777347116378,176.8213513625622,177.9878794092672,109879400
2016-06-01,177.7427978515625,177.92030518970924,176.57626946455548,176.77068656293406,69936200
2016-06-02,178.28378295898438,178.30067981979306,176.87212117943628,177.34549124942043,63044700
2016-06-03,177.751220703125,178.09779979697967,176.5508858667569,177.72586251561034,101757100
2016-06-06,178.65567016601562,179.010697618935,177.94560236181349,178.10621278302153,64887000
2016-06-07,178.9346160888672,179.49252191834097,178.78246698902734,178.80782517233396,60974800
2016-06-08,179.51788330078125,179.64468711793805,178.94308060443555,179.06987152322824,66170900
2016-06-09,179.2727813720703,179.39112388317923,178.52045835894236,178.79094999932,73786900
2016-06-10,177.57374572753906,178.24153295097503,177.0327365663972,177.90341512362969,113829200
2016-06-13,176.20425415039062,177.82724215846014,176.11973118337286,176.97348667091651,117751200
2016-06-14,175.8577423095703,176.44946779644985,174.9110021679503,175.8239356895269,125059300
2016-06-15,175.61257934570312,176.97352451986433,175.4266107207843,175.85771277035158,109124500
2016-06-16,176.1366729736328,176.3057447475261,173.78671977820883,175.61258658998682,149533100
2016-06-17,175.48068237304688,176.05847423962723,174.82640737611564,176.03298418465693,117055700
2016-06-20,176.61083984375,178.10631301596572,176.5258643257671,177.4350530994981,82789600
2016-06-21,177.11212158203125,177.51997545201309,176.55131440740573,176.99316366305985,72461700
2016-06-22,176.8232421875,178.01282148859787,176.6787812330277,177.29056857800433,95560500
2016-06-23,179.1259307861328,179.17691090402317,177.81739355365994,178.27622758011506,102731400
2016-06-24,172.6937255859375,179.1599690497868,172.25187618274555,173.02510939697018,333444400
2016-06-27,169.60073852539062,171.30014467107415,168.793510233839,171.29163934246415,230775800
2016-06-28,172.6596221923828,172.6851122414843,170.89223865053737,171.19813220519208,159382400
2016-06-29,175.59971618652344,175.82912678041743,173.9512894369087,174.05324970086158,137328600
2016-06-30,177.99588012695312,178.04686026092855,175.51474753839548,176.06706257583684,165021900
2016-07-01,178.36968994140625,178.85402697728696,177.83437278921002,177.99581846783693,106055300
2016-07-05,177.08663940429688,177.6559389679489,176.49184978297694,177.54547340776043,109803700
2016-07-06,178.1488037109375,178.2677616588078,175.93956986140972,176.59384505741852,96021500
2016-07-07,178.03831481933594,178.989978277703,177.27358710678274,178.32721080270562,85593800
2016-07-08,180.68939208984375,180.93581329457842,179.10045115105365,179.32987466035493,133971000
2016-07-11,181.3267059326172,181.8960186376617,180.94434198398434,181.14827547379636,73633900
2016-07-12,182.64364624023438,182.9410474584713,181.35209412781518,182.2867725576129,101275600
2016-07-13,182.6182098388672,183.06855149677048,182.1338857578233,183.06005913234583,87324100
2016-07-14,183.63783264160156,184.10517194686253,183.24697647024917,183.87574847601795,91230900
2016-07-15,183.3914337158203,184.39407721649118,182.9495844443756,184.19864912093422,107155400
2016-07-18,183.88424682617188,184.04569248599302,183.25546187882645,183.51037539615245,58725900
2016-07-19,183.69735717773438,183.73133960469437,183.2215254076342,183.46793365806346,54345700
2016-07-20,184.46206665039062,184.6999825118304,183.69733894796877,183.69733894796877,58159500
2016-07-21,183.7653045654297,184.57251996784868,183.3234552954601,184.35160181558447,67777300
2016-07-22,184.5895538330078,184.6405339577171,183.6208925672,183.8842985218272,62787500
2016-07-25,184.08819580078125,184.43657722961012,183.5104038396971,184.38559711133118,55873100
2016-07-26,184.173095703125,184.52996935001912,183.33188520052235,183.98616003587995,70080500
2016-07-27,183.97772216796875,184.6149995044884,183.21298158488082,184.54702169940677,84083900
2016-07-28,184.19021606445312,184.4791121188098,183.32351493593765,183.782349083125,65035700
2016-07-29,184.4875946044922,184.84446846995627,183.64639655212855,183.92680022473132,79519400
2016-08-01,184.33462524414062,184.93790729136802,183.88428355859588,184.54705105677277,73311400
2016-08-02,183.15353393554688,184.24115303340008,182.32082839994354,184.08819970987324,92295500
2016-08-03,183.6888427734375,183.74832822448334,182.79666473129126,183.09405309019246,53993600
2016-08-04,183.88424682617188,184.19863281712455,182.04888505995285,183.79927133191651,46585500
2016-08-05,185.38827514648438,185.43076290809694,183.8843095158664,183.8843095158664,71892200
2016-08-08,185.2777862548828,185.67714779806195,185.01438033607144,185.57517459706514,39906500
2016-08-09,185.38827514648438,185.88110465721232,185.0653966822067,185.3458003503163,51251700
2016-08-10,184.9293975830078,185.57516732528734,184.58101617125746,185.49869715161768,57941100
2016-08-11,185.78758239746094,186.0340035634325,185.19279280528247,185.45619869857288,72504300
2016-08-12,185.6261749267578,185.8386007360844,185.22681336798837,185.48171396682633,61313500
2016-08-15,186.16148376464844,186.50986521228654,185.9830533410386,185.99154570606294,49813500
2016-08-16,185.2012939453125,185.81306825097215,185.2012939453125,185.7451034123525,53213600
2016-08-17,185.54974365234375,185.68569932002558,184.40265174057447,185.2353575155949,75134300
2016-08-18,185.966064453125,186.00004688027445,185.4137624952037,185.52421510752194,52989300
2016-08-19,185.69415283203125,185.87259622920638,185.0144005667477,185.4987247040344,75443000
2016-08-22,185.68568420410156,185.91510775395741,185.0908944132207,185.45626065424574,61368800
2016-08-23,186.0595245361328,186.5948417407639,186.00003908431032,186.2974404125371,53399200
2016-08-24,185.10780334472656,186.00848644835168,184.69144420804906,185.91501859993178,71728900
2016-08-25,184.98040771484375,185.3967670036753,184.57255375698327,184.7254941291396,69224800
2016-08-26,184.6320037841797,186.18696220581037,183.74831815541748,185.1673209524872,122506300
2016-08-29,185.5412139892578,185.80461993903992,184.72549311258223,184.75948850539226,70502200
2016-08-30,185.2352752685547,185.73659698441068,184.6829734413154,185.45619340636233,58114500
2016-08-31,184.70848083496094,185.0228668616284,183.93524783189295,184.90390893542113,85269500
2016-09-01,184.71701049804688,185.00590652496516,183.56141342492953,184.70001280074456,97844200
2016-09-02,185.54974365234375,185.97459538976486,184.98044388005303,185.5667413521655,79293900
2016-09-06,186.1105499267578,186.18702012732197,185.11639842308583,185.8301462259099,56702100
2016-09-07,186.09349060058594,186.2719339749219,185.49020859754495,185.94904261442906,76554900
2016-09-08,185.6686248779297,186.0340039631219,185.36273123480345,185.76209274014715,74102900
2016-09-09,181.22476196289062,184.41115009703577,181.1992718950532,184.3601699613609,221589100
2016-09-12,183.82479858398438,184.22416015000306,180.40049551271633,180.4684733287879,168110900
2016-09-13,181.18218994140625,182.81361835158876,180.56191030339323,182.55021246279313,182828800
2016-09-14,181.11424255371094,182.43128518431683,180.56194062738072,181.23320049009482,134185500
2016-09-15,182.9241180419922,183.30648191855082,180.77436981654438,180.95281320717464,134427900
2016-09-16,182.2169647216797,182.4902494601258,181.53377893743152,182.31090472165383,155236400
2016-09-19,182.2511444091797,183.5065185723338,181.92662201760845,182.86602208219125,80250500
2016-09-20,182.25967407226562,183.25884700248145,182.2255199941184,183.1051341044178,69665300
2016-09-21,184.3092498779297,184.48858157217842,182.2767371368936,182.9599359014457,110284400
2016-09-22,185.47071838378906,185.76962199207247,185.06935252631513,185.31700546359937,76678700
2016-09-23,184.45445251464844,185.21450782267598,184.3605125088952,185.0778654450468,73630900
2016-09-26,182.95999145507812,183.80543861796872,182.7635631176334,183.62610686926803,89827300
2016-09-27,184.0957794189453,184.18970639548482,182.43047810181935,182.79770286955798,78494800
2016-09-28,185.0095672607422,185.1632932124232,183.36136235505222,184.31783305551744,87411000
2016-09-29,183.3357696533203,185.2060221073729,182.78921298906678,184.80464313180275,128070600
2016-09-30,184.71920776367188,185.41947721610654,183.9164500021247,184.16410293469733,117202900
2016-10-03,184.27517700195312,184.49721117582357,183.64321554117518,184.30934412466502,83512100
2016-10-04,183.3357696533203,184.60822779192975,182.7465236337013,184.38619362646193,119948100
2016-10-05,184.1470489501953,184.57404668886872,183.8908477008039,183.95916890270405,72816000
2016-10-06,184.27517700195312,184.49721117582357,183.38702727553206,183.92503566432185,62927400
2016-10-07,183.64312744140625,184.71916976465073,182.91723931875157,184.5483733258457,89788300
2016-10-10,184.59967041015625,185.0608222465507,184.45449273886658,184.59967041015625,51855000
2016-10-11,182.26821899414062,184.24095917371605,181.5423307743674,184.17263798286655,130367400
2016-10-12,182.5073699951172,183.0283077312698,181.90956276636723,182.40488168196612,73866100
2016-10-13,181.90957641601562,182.40489536878093,180.37239494370476,181.18368806096598,101357000
2016-10-14,182.0034637451172,183.34424254419653,181.92660729994196,182.88307781127833,93346200
2016-10-17,181.37155151367188,182.234082196945,181.19220674181636,181.9778809646954,58275700
2016-10-18,182.5073699951172,183.01975943712776,182.13160991908106,182.95998653281447,76869700
2016-10-19,182.994140625,183.30157950259496,182.41342998450736,182.77210650321214,66519200
2016-10-20,182.6525115966797,183.2076033070078,181.99493159343336,182.64396330422522,73639800
2016-10-21,182.73793029785156,182.82333504941005,181.69605487732855,182.65253857722863,89089100
2016-10-24,183.51510620117188,183.8823310697286,183.16496489255547,183.60904623443633,60146600
2016-10-25,182.90016174316406,183.59189581303832,182.73790056016966,183.33569463099104,66542300
2016-10-26,182.53297424316406,183.11368483726895,181.84122705063066,182.08035774160138,75705500
2016-10-27,182.04617309570312,183.28446365110642,181.96931664758029,183.25030957336313,77220200
2016-10-28,181.50819396972656,182.69524716820135,180.79938918705093,182.02059647118577,140623200
2016-10-31,181.51673889160156,182.06329546856531,181.35447766812322,181.84124830762158,61272500
2016-11-01,180.20155334472656,181.89247351279658,178.9974298098665,181.84122284602958,122781800
2016-11-02,179.1169891357422,180.2784233312652,178.68144316808676,179.89411499958456,103330800
2016-11-03,178.2971649169922,179.54400397899198,178.02389315535012,179.3305051213913,88939300
2016-11-04,178.10072326660156,179.24507384660942,177.95554562862452,178.4081620972983,109122100
2016-11-07,182.0290985107422,182.06326562110294,178.10072783000038,178.10072783000038,109794900
2016-11-08,182.84896850585938,183.41260863701984,181.37156000836592,181.6362965160798,106772100
2016-11-09,184.7875213623047,185.40239906795784,181.33737278825802,181.36299160674898,258429000
2016-11-10,185.2486572265625,186.4357101615232,183.79686783596034,185.57317960750834,172113300
2016-11-11,184.8217315673828,185.06084929986707,183.8823441986059,184.53137618235755,100552700
2016-11-14,184.9668731689453,185.5475968566235,184.2239012901916,185.34263325551296,94580000
2016-11-15,186.41014099121094,186.41014099121094,185.14623127076104,185.35118185568197,91652600
2016-11-16,186.05996704101562,186.29054943951428,185.67567173080798,185.7952305613378,65617700
2016-11-17,187.01644897460938,187.07622187385005,186.10266768262042,186.21369124955535,69797200
2016-11-18,186.59800720214844,187.2555873521638,186.4186624227128,187.08479086709053,86265800
2016-11-21,188.0071258544922,188.03274467997986,187.02503612829443,187.17021381637088,72402600
2016-11-22,188.37428283691406,188.55361455068618,187.64838162725047,188.31449691170067,67429000
2016-11-23,188.47679138183594,188.52802902338945,187.6654983183874,187.86191362132126,56620200
2016-11-25,189.17706298828125,189.21121707036835,188.74151699832356,188.81838648715674,37872300
2016-11-28,188.28890991210938,189.1429053473451,188.18643462978068,188.8696335841565,76572500
2016-11-29,188.65614318847656,189.108759746981,188.02418184691524,188.32308547503106,69886700
2016-11-30,188.20352172851562,189.4332772633448,188.14373579207478,189.27101604264698,113291800
2016-12-01,187.5117950439453,188.5024199038132,187.15310547273833,188.5024199038132,79040500
2016-12-02,187.60568237304688,188.09246595181148,187.24700590861025,187.59714711113205,74840300
2016-12-05,188.73300170898438,189.07459468974804,188.23768276522122,188.43409807761347,67837800
2016-12-06,189.3307647705078,189.36493188152127,188.44261534817971,188.92085065488982,59877400
2016-12-07,191.80735778808594,191.8671306855542,189.05749176211253,189.17705058798379,110738100
2016-12-08,192.2770538330078,192.74675389633438,191.51699846905584,191.78174798179285,99714400
2016-12-09,193.43844604492188,193.455529597405,192.4648920483052,192.4990591532714,88005800
2016-12-12,193.2163848876953,193.82272712194683,192.79792261161012,193.34447893602206,102016100
2016-12-13,194.50599670410156,195.00131562296514,193.85696486090256,193.87404841836303,110477500
2016-12-14,192.90052795410156,194.9074097711541,192.46498186359278,194.20714016375072,142501800
2016-12-15,193.69467163085938,194.54866692963725,192.90899751969582,193.1395798990274,124972600
2016-12-16,193.3158721923828,194.20926965482172,192.99803567034257,194.14913133565642,156420200
2016-12-19,193.73681640625,194.15774535043042,193.35025596366214,193.49628932607342,90341100
2016-12-20,194.48411560058594,194.63016203178975,194.03743006095544,194.26935840000766,89838800
2016-12-21,193.94297790527344,194.52711132423568,193.94297790527344,194.35530814852572,67909000
2016-12-22,193.6079559326172,193.91720689008744,193.21279683394997,193.7969433570569,56219100
2016-12-23,193.89146423339844,193.90004980562415,193.4619496827228,193.65092402589573,36697800
2016-12-27,194.37249755859375,194.7676435624427,194.14055605596963,194.15774030631945,42672500
2016-12-28,192.76611328125,194.64738899510348,192.65444841818655,194.63021785170486,64095000
2016-12-29,192.72312927246094,193.1869990877424,192.28501616652497,192.8347941105853,48696100
2016-12-30,192.0187530517578,193.13549338336978,191.3315272240164,193.0495852394987,108998300
2017-01-03,193.48770141601562,193.9945253925662,192.3194214231025,193.31588512561513,91366500
2017-01-04,194.63876342773438,194.78479676307333,193.80550437311655,193.81408994305164,78744400
2017-01-05,194.48411560058594,194.63874760102672,193.69381067538663,194.37245076954795,78379000
2017-01-06,195.17996215820312,195.64383199684897,194.0546232885752,194.59581569011266,71559900
2017-01-09,194.5357208251953,195.0597290602939,194.50135232349612,194.92228126898283,46939700
2017-01-10,194.5357208251953,195.38615117997924,194.149147273665,194.55289196830208,63771900
2017-01-11,195.08547973632812,195.08547973632812,193.78833763321774,194.44979359470986,74650000
2017-01-12,194.59580993652344,194.78479733757604,193.24714141927393,194.57004011890174,72113200
2017-01-13,195.04251098632812,195.34316323147314,194.73326006337803,194.76761545137668,62717900
2017-01-17,194.355224609375,194.81050872779682,193.9686643532462,194.40676422916064,61240800
2017-01-18,194.78482055664062,194.82777462704385,194.0546406830118,194.6044187040439,54793300
2017-01-19,194.06320190429688,194.99954016274512,193.63368749865208,194.86209240708132,66608800
2017-01-20,194.77622985839844,195.26586954642843,194.1147738932784,194.74186135988379,129168600
2017-01-23,194.26934814453125,194.8363102699854,193.51341175166434,194.77618507302194,75061600
2017-01-24,195.51499938964844,195.92732962629242,194.37248928326196,194.48415413642564,95555300
2017-01-25,197.2072296142578,197.2072296142578,196.29664816022475,196.45986571432255,84437700
2017-01-26,197.00111389160156,197.32754909240646,196.72621833139917,197.06123910305723,59970700
2017-01-27,196.6918487548828,197.22444247968724,196.5114469180428,197.07840913926478,59711100
2017-01-30,195.4720458984375,196.0304094891354,194.49275339116883,196.00463966850268,79737300
2017-01-31,195.45480346679688,195.51494176886615,194.41538605670758,194.98233504960265,75880800
2017-02-01,195.53219604492188,196.36545530561506,194.9480625591026,195.45488657316525,79117700
2017-02-02,195.66099548339844,195.94447656327876,194.84492073644927,195.53213329741317,69657600
2017-02-03,197.0096893310547,197.1900911716279,196.25375279485633,196.56300373030965,80563200
2017-02-06,196.657470703125,197.00109011190023,196.32244997190676,196.60593106874376,57790100
2017-02-07,196.6660614013672,197.284563204328,196.47707401114363,197.0440361818143,57931200
2017-02-08,196.923828125,197.05267724200968,196.12492427630997,196.6661167832373,51566200
2017-02-09,198.09202575683594,198.39267794067462,196.92374618699873,196.92374618699873,65955200
2017-02-10,198.873779296875,199.09713520362143,198.10924408720365,198.43567926922321,66015900
2017-02-13,199.95614624023438,200.21385751311638,199.33764442841354,199.36341424492775,55182100
2017-02-14,200.75511169433594,200.76371037487647,199.43221255782208,199.77581897808042,71109000
2017-02-15,201.80311584472656,201.99210329651262,200.48880236223332,200.54034201131242,86785800
2017-02-16,201.63128662109375,202.00926147588143,200.88393559041765,201.82885961964467,84722400
2017-02-17,201.9490966796875,201.9490966796875,200.95262003092606,200.96980427872967,77204100
2017-02-21,203.1517791748047,203.3235823585384,202.30992129134683,202.31851997056626,88946100
2017-02-22,202.97134399414062,203.1946867855585,202.58478361725787,202.74800120272272,62115200
2017-02-23,203.1088104248047,203.50395640806377,202.3528607417118,203.48678526635115,74615900
2017-02-24,203.36654663085938,203.40948759813938,202.2240363955028,202.2669904705262,82381600
2017-02-27,203.6843719482422,203.85617513110842,203.0315146102534,203.28062725924806,56515400
2017-02-28,203.1345977783203,203.54692804662338,202.74803733255226,203.30640096446803,96961900
2017-03-01,205.9779815673828,206.44186458797842,204.76674747862452,204.78393172954287,149158200
2017-03-02,204.68077087402344,205.79751079932308,204.62923124954983,205.78891212341904,70246000
2017-03-03,204.80972290039062,204.97294053177086,204.2169907054811,204.59496561862596,81974300
2017-03-06,204.19972229003906,204.55191410248102,203.5983917013463,204.01932049188363,55391500
2017-03-07,203.5898895263672,204.25134558022862,203.38371783084403,203.8991405157803,65103700
2017-03-08,203.21188354492188,204.1396363712053,203.07443576893735,203.88192506816966,78168800
2017-03-09,203.46958923339844,203.79602441541863,202.50748104353806,203.33214146120667,90683900
2017-03-10,204.18260192871094,204.46608306722703,203.23766480032393,204.42312899634726,81991700
2017-03-13,204.28565979003906,204.32861385641445,203.7960201350338,204.12244220245708,57256800
2017-03-14,203.50390625,203.79598598776838,202.8940031759811,203.74443325211146,59880800
2017-03-15,205.26495361328125,205.68588249425696,203.83896248939536,204.07090396321794,96081800
2017-03-16,204.8612060546875,205.47970790422042,204.53478398969114,205.40239844996398,78344000
2017-03-17,204.5014190673828,205.3124211944738,204.5014190673828,205.12261162580296,89002100
2017-03-20,204.27713012695312,204.78615895879375,203.8888880207148,204.50144457028145,52537000
2017-03-21,201.65432739257812,205.00186424803397,201.52491773672975,204.88107751431994,131809300
2017-03-22,202.1288604736328,202.41357489403939,201.06766175376634,201.68885445924116,97569200
2017-03-23,201.91317749023438,203.04339913250152,201.54219433458178,202.12886904531643,100410300
2017-03-24,201.76646423339844,202.78452182936317,200.9899800725699,202.2151062549792,112504900
2017-03-27,201.55938720703125,201.8182196380576,199.82523229925408,200.10131057152168,87454500
2017-03-28,203.026123046875,203.44887000641816,201.14528612102265,201.2574499256847,93483900
2017-03-29,203.21591186523438,203.44886238743723,202.51707346339117,202.74140106431437,61950400
2017-03-30,203.86297607421875,204.0614217364768,202.98296421676207,203.1555147869635,56737900
2017-03-31,203.38851928710938,204.05283981696786,203.33674225401649,203.52655188105265,73733100
2017-04-03,203.03475952148438,203.63869319312118,201.80963316908782,203.44026066489053,85546500
2017-04-04,203.1641387939453,203.25042066188962,202.3703956349636,202.75001479029498,56466200
2017-04-05,202.56027221679688,204.81209280146177,202.3532035640939,203.8371626632093,108800600
2017-04-06,203.1296844482422,203.6473362903138,202.25828212555444,202.69830133079853,69135800
2017-04-07,202.92257690429688,203.61279239281885,202.43943001176115,202.87943596787073,74412300
2017-04-10,203.0433349609375,203.83707805300594,202.51704720627907,203.06059396602433,67615300
2017-04-11,202.80177307128906,202.90530077816507,201.31781450383258,202.66372735227813,88045300
2017-04-12,201.91317749023438,202.71555692081887,201.68886301226544,202.52574729916523,81864400
2017-04-13,200.6017608642578,202.31004738858752,200.6017608642578,201.57669086568936,92880400
2017-04-17,202.3790283203125,202.3790283203125,200.9209516639989,201.11938415921915,68405400
2017-04-18,201.77508544921875,202.3100093351554,201.09350608400823,201.64567581176254,83225800
2017-04-19,201.4041290283203,202.70690115523192,201.17980140736037,202.33591803559278,68699900
2017-04-20,203.0433349609375,203.48335401968885,201.69742218896215,202.01664137686913,92572200
2017-04-21,202.3962860107422,203.01747862452962,201.99942099706792,202.9657147675082,110389800
2017-04-24,204.6221923828125,204.829260943652,202.37037279714053,204.63081530272794,119209900
2017-04-25,205.81288146972656,206.15798268688266,205.17442973674346,205.26071162341628,76698300
2017-04-26,205.68345642089844,206.6583864377603,205.64032864279483,205.7783612293077,84702500
2017-04-27,205.8560028076172,206.1579630526786,205.32107885777282,206.00267146917838,57410300
2017-04-28,205.40736389160156,206.14070721067284,205.2779410719303,206.11482527969187,63532800
2017-05-01,205.92501831054688,206.3477784632554,205.51089424478687,205.92501831054688,66882500
2017-05-02,206.0026397705078,206.1838132567133,205.5971387007431,206.06302654432156,57375700
2017-05-03,205.7524871826172,206.09760157404546,205.07953057529195,206.00269676199866,73137700
2017-05-04,205.9940185546875,206.13206428303263,205.1485115069127,206.05441849762545,61462700
2017-05-05,206.80502319335938,206.8222822007975,205.9249981207301,206.36501723942743,62001300
2017-05-08,206.7705535888672,206.99486806473746,206.3477934055453,206.84819938842602,48385700
2017-05-09,206.5806427001953,207.22771704218235,206.23552848561218,207.02928459677278,51363200
2017-05-10,206.95172119140625,206.95172119140625,206.33052848319932,206.53759710752405,54293800
2017-05-11,206.52899169921875,206.69291939511479,205.4505338733431,206.5031097645792,62358300
2017-05-12,206.183837890625,206.57208000078649,205.91638250728633,206.27874268775477,53912700
2017-05-15,207.32264709472656,207.44343379337386,206.58929081844894,206.60654982247365,61918900
2017-05-16,207.13290405273438,207.64193293442258,206.7446619084767,207.61605100245654,51241800
2017-05-17,203.45753479003906,207.13291412029378,203.3971348360046,207.13291412029378,172174100
2017-05-18,204.27713012695312,205.1226372061691,203.12101356502765,203.37984602410845,107047700
2017-05-19,205.60580444335938,206.27013808225857,204.7085334165387,204.76029728052126,115011400
2017-05-22,206.64967346191406,206.81360107452758,206.04574001920236,206.11474970000225,61010600
2017-05-23,207.10702514648438,207.27095282784222,206.64112403475502,207.02074326215902,48341700
2017-05-24,207.59019470214844,207.69372244279543,207.00350678735535,207.33999827399535,46927700
2017-05-25,208.5823211669922,208.85841262956913,207.89211884008088,208.09917427224806,64071700
2017-05-26,208.53919982910156,208.7031143297026,208.31487221764533,208.3925180071036,46629900
2017-05-30,208.35800170898438,208.608198071749,208.06466441063546,208.2199559810207,35201900
2017-05-31,208.3062744140625,208.6858936502107,207.6160588178628,208.65137562977858,91796000
2017-06-01,209.9627227783203,209.97998178350838,208.47876428647643,208.76347863064268,68962000
2017-06-02,210.66156005859375,210.81686477499576,209.72114833430274,210.01448559723988,88666100
2017-06-05,210.5063018798828,210.77375725994833,210.3078562016436,210.48904287204337,44698800
2017-06-06,209.8333282470703,210.49764859982017,209.75566930051903,209.94547887695174,50375400
2017-06-07,210.2216033935547,210.44591785337207,209.50550590885683,210.16983953088658,54144300
2017-06-08,210.3251190185547,210.7996430069901,209.79883117042922,210.31649609686164,65950700
2017-06-09,210.00587463378906,211.38629233108014,208.74623048480618,210.5925491930658,132256400
2017-06-12,209.9627227783203,210.0144866291208,209.11721583079745,209.76429029533065,86108100
2017-06-13,210.98944091796875,211.04120477479216,210.15255679328286,210.4976579486158,60067000
2017-06-14,210.72198486328125,211.26551852292656,209.9023465836892,211.25689560173907,78602300
2017-06-15,210.31651306152344,210.43729979879853,209.10000960161716,209.3760879304886,66464900
2017-06-16,210.36241149902344,210.52713855089232,209.48677318467617,210.475122266926,84553100
2017-06-19,212.1136932373047,212.1743744899548,211.0906578522619,211.18602544553738,65123800
2017-06-20,210.68316650390625,211.76688307558194,210.66583656361212,211.75821810543488,56906400
2017-06-21,210.63119506835938,211.18605754202875,210.1630352304678,211.07335999027543,55977600
2017-06-22,210.535888671875,211.13410263735827,210.36249657887217,210.6399345108517,44148100
2017-06-23,210.7872772216797,211.11671816525634,210.215071520621,210.59654198799345,66986800
2017-06-26,210.9259796142578,211.87099079501016,210.7179144382114,211.45483398498556,56700500
2017-06-27,209.22671508789062,211.0040133980266,209.2093719138842,210.7092323557802,82247700
2017-06-28,211.0993194580078,211.29871959955943,210.00692470654707,210.24101118599748,70042600
2017-06-29,209.24404907226562,211.29877193143605,208.0389564965759,211.24675564066692,106949700
2017-06-30,209.63418579101562,210.4231348165138,209.44345057102782,210.05032934873213,86820700
2017-07-03,209.98968505859375,211.00404260041984,209.98968505859375,210.57055579302573,39153800
2017-07-05,210.47518920898438,210.68325441102513,209.5475210866607,210.3538134314714,54427600
2017-07-06,208.55047607421875,209.83359313782432,208.36840582021688,209.71221737814497,65400800
2017-07-07,209.9029083251953,210.05029220021748,208.5590970507469,209.12263763885127,57972300
2017-07-10,210.12831115722656,210.50111654937825,209.5994569234503,209.90290286522583,36663300
2017-07-11,209.97225952148438,210.28437042954266,208.81051850830823,210.12830836103237,50354600
2017-07-12,211.5502166748047,211.71494377022336,210.93467284651766,210.93467284651766,59610400
2017-07-13,211.90565490722656,212.01836569210465,211.3334492394899,211.55887080924606,39471600
2017-07-14,212.89402770996094,213.24949004857524,211.810310747576,211.90567836942455,60262700
2017-07-17,212.86795043945312,213.19740452230835,212.69455842756813,212.81593415878388,33531900
2017-07-18,212.9806671142578,213.03268339637143,212.1223587724942,212.46047783519572,42742500
2017-07-19,214.1337890625,214.14245403505353,213.2841455094894,213.29282371100865,51034300
2017-07-20,214.2291259765625,214.5065505771419,213.68292851775163,214.3851748339577,47135200
2017-07-21,214.03842163085938,214.0644297775078,213.43152959848751,213.6569511747282,82340800
2017-07-24,213.9864044189453,214.12511012415288,213.518231323352,213.96038304344285,46622300
2017-07-25,214.50657653808594,214.83603069330022,214.2811681960246,214.73198488014728,54915600
2017-07-26,214.51524353027344,214.82735451474008,214.25516206735588,214.79268139600626,47575400
2017-07-27,214.3158721923828,215.0094537211477,212.9980686106262,214.97478059774477,70766600
2017-07-28,214.06439208984375,214.1944328001912,213.38815393811012,213.83897055329027,50088400
2017-07-31,213.94305419921875,214.55859797571054,213.73497579688825,214.46323036159643,65838700
2017-08-01,214.41986083984375,214.57590969699348,213.89967152475035,214.54123658283703,55050400
2017-08-02,214.5238800048828,214.66259891076717,213.59621220436458,214.54988814611576,47211200
2017-08-03,214.10777282714844,214.4372137482906,213.83033496832851,214.41120560264687,40856000
2017-08-04,214.49789428710938,214.8273351868205,214.11642387053024,214.59326189125417,60191800
2017-08-07,214.89666748046875,214.89666748046875,214.46318083078597,214.5672266224045,31995000
2017-08-08,214.3678741455078,215.79838843328037,213.99508187076393,214.58461753193095,61719400
2017-08-09,214.35922241210938,214.411238711429,213.3275217123789,213.6829840630195,62632600
2017-08-10,211.3334197998047,213.65691526529,211.28140351525025,213.52686132494037,120479500
2017-08-11,211.64556884765625,212.23511771301636,211.32479288249857,211.55887943410963,74869900
2017-08-14,213.74362182617188,213.96036518186153,212.88532660417815,212.91999972034407,73291900
2017-08-15,213.71759033203125,214.14241202519622,213.4141576045961,214.1250688545258,55242700
2017-08-16,214.0904083251953,214.63660578722943,213.66558660706167,214.23779221214846,56715500
2017-08-17,210.75257873535156,213.79566409729918,210.75257873535156,213.4835531173293,128490400
2017-08-18,210.42312622070312,211.7062431881432,209.98096130653698,210.58784005945023,136748000
2017-08-21,210.58786010742188,210.84795480599274,209.66020533157703,210.36245175744227,65469700
2017-08-22,212.78997802734375,212.94602690749204,211.1513986409579,211.16874181507407,63140100
2017-08-23,212.02703857421875,212.4518603547137,211.68025446330125,211.8276383718895,50203800
2017-08-24,211.53285217285156,212.56453944331724,211.3247737870032,212.40849057565453,50741700
2017-08-25,212.02703857421875,212.93736340158452,211.8796546656305,212.32180639139523,64445900
2017-08-28,212.03570556640625,212.58188985077862,211.61954878054664,212.55588170528304,40565600
2017-08-29,212.27845764160156,212.53853909724913,210.6138569516661,210.72656773509016,51135700
2017-08-30,213.2841339111328,213.55290679326467,212.0790413434407,212.26111158888938,62030800
2017-08-31,214.56729125976562,214.81004279839868,213.31884721595745,213.89971791404133,103803900
2017-09-01,214.87074279785156,215.29556464197248,214.72335886718946,214.94010227621627,62007000
2017-09-05,213.32749938964844,214.59328653283174,212.36515826603326,214.36786495407853,91398800
2017-09-06,214.05575561523438,214.38520978428556,213.4748849475156,214.003739320956,57916900
2017-09-07,214.0297393798828,214.37653671024327,213.6222607848127,214.35919353648387,58034700
2017-09-08,213.7782745361328,214.23776931958236,213.53552307427128,213.74358819645974,63832800
2017-09-11,216.05838012695312,216.13640453391176,215.02667998285514,215.0440099206503,71364800
2017-09-12,216.7867431640625,216.8214162860115,216.24054558335658,216.42261585324746,56896000
2017-09-13,216.89080810546875,216.92549446155758,216.38796177393084,216.5006725877664,59228000
2017-09-14,216.82138061523438,217.0207940277763,216.3965721036551,216.56996414280775,95446300
2017-09-15,217.11328125,217.20040087831916,216.57309435272185,216.67764322455182,95432400
2017-09-18,217.57505798339844,217.92356308829662,217.1916943912399,217.4792170853588,46235200
2017-09-19,217.79283142089844,217.87996432619778,217.4704636015975,217.81896863356528,47108100
2017-09-20,217.87124633789062,217.98451645756154,216.87799235775753,217.87996760532067,59574100
2017-09-21,217.2874755859375,217.8015251275348,217.11322308136718,217.7144055225566,48211400
2017-09-22,217.3311004638672,217.49664504082952,216.96516611750616,216.99130333548783,51214000
2017-09-25,216.88671875,217.42691888655668,216.1461421593744,217.0784005251304,57064400
2017-09-26,217.01744079589844,217.55762769427997,216.78219253918303,217.3136714631001,54082000
2017-09-27,217.8625946044922,218.24595822115745,216.83448187847011,217.71447926071124,81001400
2017-09-28,218.1239776611328,218.20238931967907,217.49665780352635,217.58377743703832,44778800
2017-09-29,218.8906707763672,218.96909572207406,217.93227513116253,218.1152356503722,85578000
2017-10-02,219.84039306640625,219.84039306640625,218.94296644773243,219.1172323043251,59023000
2017-10-03,220.3108367919922,220.33697400686873,219.7619286903532,219.8403536295987,66810200
2017-10-04,220.57225036621094,220.81620659924897,220.04947941277652,220.16274955476476,55953600
2017-10-05,221.879150390625,221.8965663385826,220.60708157503166,220.90331222571203,63522800
2017-10-06,221.62648010253906,221.91400278857896,221.1734261378252,221.4347983118458,80646000
2017-10-09,221.26051330566406,221.9139702340887,220.99912787537113,221.852987833969,35803100
2017-10-10,221.84432983398438,222.21898549299556,221.2867136278205,221.8269138830492,43057400
2017-10-11,222.1928253173828,222.1928253173828,221.58293473218265,221.74846601668025,47674300
2017-10-12,221.86170959472656,222.22764390203182,221.62646136338174,221.8791388363933,47065100
2017-10-13,222.1318359375,222.41065066702748,221.86174247740652,222.29738052132967,54800400
2017-10-16,222.42807006835938,222.61975187422956,222.01858253176565,222.35837967951406,38221700
2017-10-17,222.5849151611328,222.62848162678486,222.15798506913274,222.37580410277423,31561000
2017-10-18,222.80271911621094,223.00310889110614,222.61103731600934,222.95954242840253,40888300
2017-10-19,222.8636932373047,222.89855172401792,221.60906690259324,222.02727568083037,61903800
2017-10-20,224.01370239257812,224.03986619156095,222.8462093360362,223.65650272231875,89176400
2017-10-23,223.14251708984375,224.3623249443181,223.06410542878254,224.33618772396434,63915300
2017-10-24,223.53456115722656,223.76979609744606,223.1773348181456,223.56941964107733,66935900
2017-10-25,222.42807006835938,223.31677541424685,221.3041297472279,223.2035052667913,103715300
2017-10-26,222.71554565429688,223.30800689645486,222.59356755769872,223.03792678393265,69798000
2017-10-27,224.53652954101562,224.6933794281526,222.72428716813948,223.45615581425676,85562500
2017-10-30,223.70013427734375,224.44072426563199,223.40390359987563,223.45617803770907,54285700
2017-10-31,224.04861450195312,224.3012919829008,223.75238385739476,224.07475171796614,60304800
2017-11-01,224.34490966796875,225.16391145756455,223.97898853854804,224.82412755167388,54202700
2017-11-02,224.43199157714844,224.5713989340232,223.2122104410375,224.27516827162728,56449500
2017-11-03,225.18130493164062,225.22485809828677,224.1793162064306,224.58881701199687,59589700
2017-11-06,225.5298309326172,225.66051703390133,224.9809227179865,225.0506131089256,49652600
2017-11-07,225.3729705810547,225.96543186902304,224.86761562013888,225.6343427406781,57502200
2017-11-08,225.75628662109375,225.8521407968905,224.9198691986144,225.19868386918432,50469600
2017-11-09,224.93734741210938,225.1290292048759,223.36031331434606,224.5539838265763,95085500
2017-11-10,224.86764526367188,225.04191111921565,224.24032540864536,224.55399863077685,59984700
2017-11-13,225.0767364501953,225.30327673794346,224.15318593908685,224.18804442702557,50228600
2017-11-14,224.553955078125,224.65850393547925,223.49969205826346,224.27514039902618,61315200
2017-11-15,223.43003845214844,224.10963272602055,222.72430695963646,223.5868617639876,80811500
2017-11-16,225.32937622070312,225.69532380968525,224.32741422145776,224.37096738216056,67777000
2017-11-17,224.6671905517578,225.30323153014632,224.58877891155598,224.9808637017954,75756800
2017-11-20,225.05056762695312,225.24224939984404,224.66720408117126,224.91118687324328,48075500
2017-11-21,226.5230255126953,226.70601260626515,225.0157351377626,225.81729412101691,69176800
2017-11-22,226.3226776123047,226.66246144893927,226.15713303394276,226.53177535792597,45033400
2017-11-24,226.8454132080078,226.94998866601145,226.67117395647008,226.81058131124078,27856500
2017-11-27,226.7321319580078,227.18518584375184,226.53172893336713,226.888955235085,52274900
2017-11-28,229.0323028564453,229.05844007116312,227.098069199633,227.1939233797527,98971700
2017-11-29,228.89295959472656,229.69454538586697,228.4486268201305,229.1630530855019,77512100
2017-11-30,230.89683532714844,231.8029431210986,229.72932880902655,229.80774044950894,127894400
2017-12-01,230.4176483154297,231.1582382487055,227.19394300180855,230.6790470744156,164390900
2017-12-04,230.1388397216797,232.45641032524014,230.08653870314865,232.029493622884,94040600
2017-12-05,229.31114196777344,231.01883555279514,229.1804558802626,229.3111419677734,77994500
2017-12-06,229.35472106933594,229.78166445579606,228.8929457817571,229.40699551025148,75898600
2017-12-07,230.07785034179688,230.3914969262056,229.09330424757107,230.07785034179688,77218600
2017-12-08,231.33250427246094,231.34119895197028,230.04300619244404,231.0275523480179,76563900
2017-12-11,232.0294952392578,232.09049093694262,231.30634790275653,232.0294952392578,83077500
2017-12-12,232.4390106201172,232.9095071059197,232.06436832088255,232.81365291935185,85195800
2017-12-13,232.41285705566406,233.11858844010973,232.32572414379501,232.68295046999603,102905400
2017-12-14,231.46319580078125,232.82238429500705,231.41092136555983,232.7091141556158,100666700
2017-12-15,233.39068603515625,233.85482161793107,232.40987323571846,232.4624148696066,144610300
2017-12-18,234.87066650390625,235.22095296471468,234.67800494169003,234.78308820741816,83653600
2017-12-19,233.9686279296875,235.1596070467942,233.89855461389328,235.11583126827747,82382900
2017-12-20,233.8460693359375,234.9845071030803,233.5483244849178,234.93196546614422,76751500
2017-12-21,234.32766723632812,235.03703265605478,234.08246406690523,234.4677871510185,67032300
2017-12-22,234.26644897460938,234.38029810598405,233.73223998703938,234.34526143668072,78720900
2017-12-26,233.98623657226562,234.2051690121345,233.72352833448352,233.8636215778664,45244400
2017-12-27,234.1000213623047,234.45907367200337,233.8285473495083,234.15256299541727,57751000
2017-12-28,234.5816192626953,234.6254217657556,234.21382789776843,234.59915095397508,45116100
2017-12-29,233.69717407226562,235.17715914463068,233.50453922807466,235.15965417474374,96007400
2018-01-02,235.3697509765625,235.40478763110028,234.1700061287286,234.55532915323337,86655700
2018-01-03,236.85848999023438,237.00737572096045,235.53613027809536,235.53613027809536,90070400
2018-01-04,237.85691833496094,238.338585679426,236.91990791692345,237.49789269519266,80636400
2018-01-05,239.44203186035156,239.56462012410364,238.15470810262897,238.64511460793756,83524000
2018-01-08,239.87979125976562,240.03741612607018,239.05660354665721,239.3455824682156,57319200
2018-01-09,240.4227752685547,241.04453570686587,240.01992047177401,240.30016031514953,57254000
2018-01-10,240.05494689941406,240.317681763306,239.00408761927,239.66962381248553,69574300
2018-01-11,241.80638122558594,241.80638122558594,240.44024559240148,240.60663630510948,62361500
2018-01-12,243.38275146484375,243.54911548070612,241.77138568614413,242.06915723068042,90816100
2018-01-16,242.5507354736328,245.28300650303194,241.85890187159384,244.63497539930265,106555100
2018-01-17,244.8627471923828,245.24807036472453,242.5508348834796,243.47910614635362,113258800
2018-01-18,244.45114135742188,245.16921922426718,243.9607082585169,244.74888617541,100728000
2018-01-19,245.5633544921875,245.5633544921875,244.45118745715803,245.02914550833063,140920100
2018-01-22,247.5599822998047,247.5599822998047,245.30058515247438,245.35315351126408,91322400
2018-01-23,248.08541870117188,248.37439767846362,247.27973579833136,247.60375143882754,97084700
2018-01-24,247.98902893066406,249.32015463608036,246.8155548180893,248.7246383717495,134816100
2018-01-25,248.09408569335938,248.94354413438,247.30593471383634,248.84722674500017,84587300
2018-01-26,250.966552734375,251.01035524522612,248.67214568032333,248.92611472279938,107743100
2018-01-29,249.30270385742188,250.83523070502287,249.1450789385611,250.3973658914226,90118300
2018-01-30,246.74559020996094,249.3552474149969,246.272688724594,247.48119989544978,131796400
2018-01-31,246.86817932128906,248.09419546803977,245.79978809516038,247.59504988607,108364800
2018-02-01,246.5879364013672,247.88402586927523,245.79978508276858,246.1413324650781,90102500
2018-02-02,241.2197265625,245.40571293902062,241.18468989581447,245.2743321202365,173174800
2018-02-05,231.13124084472656,241.56994645187018,230.58829292395254,239.4682013576867,294681800
2018-02-06,235.6850128173828,236.18418489436098,226.55116332874223,227.63705902591414,355026800
2018-02-07,234.40655517578125,238.51370243690877,234.32771599318662,235.13339898901052,167376100
2018-02-08,225.61419677734375,234.8443932483276,225.57916011408363,234.70427332043076,246449500
2018-02-09,229.00328063964844,230.851057188824,221.48951938838374,228.39025925571744,283565300
2018-02-12,232.36602783203125,233.82850763901305,229.14335016441967,231.04366793126815,143736000
2018-02-13,232.94407653808594,233.48702462091063,230.58836174636198,231.16634649666958,81223600
2018-02-14,236.08790588378906,236.44695817544297,231.45528947945988,231.46405532625278,120735700
2018-02-15,239.10049438476562,239.10926023438037,235.36987706945652,237.8219364231224,111200300
2018-02-16,239.1704559326172,241.10583724846651,238.43484640572123,238.478648913063,160420100
2018-02-20,237.67300415039062,239.66092741349146,236.8848528685006,238.22471806525743,86369700
2018-02-21,236.49081420898438,240.58048400278005,236.39449676214926,238.11091963201227,98883700
2018-02-22,236.79721069335938,239.11788812385572,236.13167456102045,237.41023192789297,110511300
2018-02-23,240.57168579101562,240.57168579101562,237.5416686709184,238.01457016716648,92766400
2018-02-26,243.365234375,243.46157852169455,241.05332228121208,241.64004610826674,86491400
2018-02-27,240.32640075683594,244.2584437384325,240.26509328788163,243.5490783729334,99099200
2018-02-28,237.89193725585938,241.86775706876602,237.5766874322221,241.42112642680044,121907800
2018-03-01,234.43280029296875,239.2230417770956,232.94404943733431,237.6817492889229,176855100
2018-03-02,235.6412811279297,236.2017608336842,231.91069164643153,232.76888944879605,139083200
2018-03-05,238.36473083496094,238.97775195922546,234.35387617076313,234.4589861228833,97307400
2018-03-06,238.96905517578125,239.4156857446797,237.48030442954752,239.33684657652208,79213200
2018-03-07,238.88150024414062,239.23178671128736,236.62212981467155,236.81479138037392,87063500
2018-03-08,240.03746032714844,240.16004855957954,238.5662411871151,239.55579306900455,66901200
2018-03-09,244.21473693847656,244.21473693847656,241.1234121693243,241.43868875811225,113625300
2018-03-12,243.90821838378906,245.12549545473968,243.52289519047727,244.50373487127465,71924800
2018-03-13,242.3319549560547,245.56340010448616,241.72769924698846,245.06422769697005,91968900
2018-03-14,241.08831787109375,243.47030315254528,240.536630741596,243.28640744271272,105895100
2018-03-15,240.8256072998047,242.23551893629133,240.326435081549,241.59625351918692,83433000
2018-03-16,241.08682250976562,242.13311680081358,241.03407043056882,241.35058290574966,100343700
2018-03-19,237.82469177246094,241.26250998881937,236.1805236759788,240.33932232109362,109208400
2018-03-20,238.22923278808594,238.8622843868566,237.55220324796042,238.22043183337917,59757300
2018-03-21,237.77203369140625,240.26906332282726,237.56102541703248,238.1852761168424,78709600
2018-03-22,231.82838439941406,236.4003997693107,231.55579629929971,235.55633993415995,148785900
2018-03-23,226.88710021972656,232.59336667364272,226.69366700379408,232.2680532723436,183534800
2018-03-26,233.09449768066406,233.37585994770197,228.08286310594158,230.47438871139857,141956100
2018-03-27,229.12918090820312,234.55405848806072,227.58171511179825,234.02653772309125,129941400
2018-03-28,228.45208740234375,230.92276751178565,227.35304139529825,229.2609970696875,146452300
2018-03-29,231.37118530273438,233.22638911794968,228.46091330484768,229.5863354656723,111601600
2018-04-02,226.3771209716797,231.35360494123992,223.91525502005953,230.84363252390713,186286300
2018-04-03,229.27859497070312,229.75339040602205,225.82320042029326,227.60805024012828,119956900
2018-04-04,231.73170471191406,232.43508358856684,225.61222262204552,225.7441028073949,123715300
2018-04-05,233.56051635742188,234.43975330772295,232.3999171433007,233.48136141957434,82652600
2018-04-06,228.35540771484375,233.0944806318079,226.84311918035417,231.6085949630932,179521200
2018-04-09,229.4808349609375,232.85710149682288,228.5488459770193,229.80614832654538,105442900
2018-04-10,233.129638671875,233.91217232519995,231.22170978854876,232.35590597309297,103529000
2018-04-11,231.90756225585938,233.56053212718132,231.58224885543234,231.6525760100446,91140200
2018-04-12,233.81549072265625,234.75628075943132,233.05055882007272,233.22641695426427,68890500
2018-04-13,233.129638671875,235.23102756207518,232.12732264458262,235.11672248173076,85079200
2018-04-16,235.0463409423828,235.81129942908237,233.93852091921943,234.75620463045738,63405300
2018-04-17,237.56100463867188,238.15887925189176,236.29490143880682,236.8048470013346,64682000
2018-04-18,237.73683166503906,238.53691347487367,237.2796113940758,238.00059195045975,57303900
2018-04-19,236.41799926757812,237.28843512519592,235.38928039133862,237.08620099884374,77655900
2018-04-20,234.41336059570312,236.56750195013655,233.53412360731127,236.3476927030386,99953100
2018-04-23,234.3782196044922,235.53881891429748,233.30554936340266,234.9848952967911,65558000
2018-04-24,231.2217559814453,235.61794098262143,229.7270423481719,235.3981317325626,112885500
2018-04-25,231.79322814941406,232.23284659924198,229.3489506416581,231.16017650837463,103840900
2018-04-26,234.1495819091797,234.9760667601679,232.37353299119516,232.81315145098966,67731900
2018-04-27,234.3694305419922,235.05523438128384,233.43744139711342,234.75629699822707,57053600
2018-04-30,232.56695556640625,235.53878051205507,232.49660159003034,234.9848569848604,82182300
2018-05-01,232.9801483154297,233.08565242532617,230.45671647025824,232.0041816345384,74203400
2018-05-02,231.41514587402344,233.59563605382283,231.02827951976636,232.7867531910517,86368900
2018-05-03,230.90524291992188,231.55586978765328,227.7663600330465,230.5887304433564,136311500
2018-05-04,233.89459228515625,234.57162187598172,229.61271284222937,229.93802620459337,91222100
2018-05-07,234.68592834472656,235.65306748213024,233.97372176043777,234.65955231065522,55304900
2018-05-08,234.68592834472656,235.046391866308,233.12966183797334,234.3166370355465,67499200
2018-05-09,236.9543914794922,237.2797049037725,234.83542691096352,235.35417356484106,59666100
2018-05-10,239.1699981689453,239.49533834232832,237.58738257253478,237.69288670133824,72063900
2018-05-11,239.89981079101562,240.16357114711954,238.78316267508274,239.29313513979392,59871500
2018-05-14,240.01409912109375,240.9812382473619,239.46894970292735,240.3306115263057,54790600
2018-05-15,238.3611297607422,238.80952233537226,237.42033983484427,238.79194725689806,87036100
2018-05-16,239.3634796142578,239.82070004083886,238.36993748072248,238.39634035042647,53942600
2018-05-17,239.1611785888672,240.2338484147851,238.3874460151331,239.0996255813715,56536400
2018-05-18,238.5633544921875,239.1788311020696,238.2116650717618,238.81834072567383,64368000
2018-05-21,240.35694885253906,240.89329722901473,239.65357017722093,240.04043649829885,58025900
2018-05-22,239.688720703125,241.13068187161053,239.36340739447743,240.87569569773413,52966400
2018-05-23,240.34815979003906,240.3745626530419,238.26437285833137,238.42265587545916,64694200
2018-05-24,239.8558349609375,240.22512629492573,238.07978593906626,239.95256498048465,76043800
2018-05-25,239.28436279296875,239.90861359850592,238.78319122426797,239.28436279296875,56374800
2018-05-29,236.53231811523438,238.42269905133912,235.4244977877922,237.6665413104607,115908600
2018-05-30,239.688720703125,240.12833908393011,237.76321688080097,237.8335440155721,69678400
2018-05-31,238.220458984375,239.58326551029967,237.62258430411012,239.28432817016724,93519900
2018-06-01,240.55923461914062,240.85817196194657,239.44258652128468,239.5129405032286,71258400
2018-06-04,241.70220947265625,241.95719567720292,241.13951183027507,241.37689612487935,45385200
2018-06-05,241.8780975341797,242.2561629942454,241.06918770986454,241.83411958605708,51135000
2018-06-06,243.90032958984375,244.0058337328688,241.8692943400629,242.48477095061952,62732200
2018-06-07,243.8739776611328,244.67408660107438,242.96836456773707,244.38395017907538,72969400
2018-06-08,244.5948944091797,244.64764647208725,243.2496631406796,243.4167202839464,72139700
2018-06-11,244.92025756835938,245.63243739467774,244.70044831746642,244.81475342108018,58892500
2018-06-12,245.2366943359375,245.59715774441,244.59484193203173,245.33339748646117,72329000
2018-06-13,244.45425415039062,245.72915849213456,244.2520199873287,245.47417225734918,79070600
2018-06-14,245.06964111328125,245.597161637541,244.480540751627,245.31582630199352,77097600
2018-06-15,244.7570343017578,245.09264887433613,243.1849662665204,244.28894738544173,120041600
2018-06-18,244.253662109375,244.3773209571177,242.8317470763512,243.30864761077996,52917600
2018-06-19,243.31747436523438,243.53827062146416,241.57759878803688,241.9926968278556,97531500
2018-06-20,243.73251342773438,244.39490203614187,243.39689888704874,243.99745809003278,53785500
2018-06-21,242.2046661376953,243.741426494707,241.7100846523284,243.72374554351353,71061400
2018-06-22,242.646240234375,243.57360066346325,242.4254439825922,243.4587823001094,54898500
2018-06-25,239.3431396484375,241.65708008095126,237.66509350638052,241.498113246504,137854200
2018-06-26,239.87306213378906,240.7209122250151,239.15768440796265,239.90839708211846,68547400
2018-06-27,237.8858642578125,241.8778504044173,237.73571096182008,240.4559356165198,105110700
2018-06-28,239.24600219726562,240.0055283746205,237.1263365942884,237.83290077950338,76650500
2018-06-29,239.59039306640625,241.69237739233853,239.4755747196289,240.33226513097114,97592500
2018-07-02,240.1026611328125,240.2616549168198,237.78872074552748,238.02719794520482,63554800
2018-07-03,239.25479125976562,241.09183100084982,238.83087974464235,240.99466664352408,42187100
2018-07-05,241.2066650390625,241.26849446350255,239.3078225014754,240.3764958576425,56925900
2018-07-06,243.24684143066406,243.61776406289744,240.853390508735,241.23318056910415,66493700
2018-07-09,245.4371337890625,245.49012273882505,244.20068004015275,244.24482851406478,50550400
2018-07-10,246.32025146484375,246.41741581459235,245.59603341276468,245.88749950934758,51966800
2018-07-11,244.51861572265625,245.5607946326727,244.2183360206754,244.77474695036685,77054700
2018-07-12,246.7353973388672,246.7883862844151,245.1721695398669,245.7727288911889,60124700
2018-07-13,246.92979431152344,247.23007410293823,246.10843838624075,246.55887154970222,48216000
2018-07-16,246.7089080810547,247.11516565639909,246.26731555704208,246.9738797670635,48201000
2018-07-17,247.70693969726562,248.09554331884976,245.88758044742715,245.94056940012754,52315500
2018-07-18,248.22796630859375,248.33394419290724,247.34478133575945,247.7863738221766,44593500
2018-07-19,247.2918243408203,247.94537268029526,246.81489684712972,247.56560956155548,61412100
2018-07-20,247.0092010498047,247.71576529783255,246.85023420124972,247.08868447408216,82337700
2018-07-23,247.46841430664062,247.6715295794587,246.46157060555356,246.80602564624027,47047600
2018-07-24,248.7137908935547,249.55282768094315,247.8482865788544,248.8727847261536,68026900
2018-07-25,250.83338928222656,251.1513229561097,248.4222844446066,248.46643291508985,78882900
2018-07-26,250.24159240722656,250.92163503942712,250.02079619451254,250.1179605434913,57919500
2018-07-27,248.54595947265625,250.66559829458888,247.62743943383978,250.56843391946245,76768700
2018-07-30,247.2476806640625,248.78441412028107,246.7265777343142,248.62544727019025,63742500
2018-07-31,248.46641540527344,249.075815189939,247.62740585654043,248.0071689244722,68570500
2018-08-01,248.0513458251953,249.173008113814,247.40663797379779,248.66958615526875,53853300
2018-08-02,249.40261840820312,249.57039875725604,246.549921231639,246.75306347915898,63426400
2018-08-03,250.4713897705078,250.52437873933854,249.34972704067076,249.5263749052265,53935400
2018-08-06,251.38978576660156,251.69887894761843,250.1179972385704,250.50660078617253,39400900
2018-08-07,252.21994018554688,252.5997301890738,251.91966054398182,252.05215984547485,43196600
2018-08-08,252.11402893066406,252.51147303484242,251.65478234914397,252.05222645332233,42114600
2018-08-09,251.76953125,252.5643922863209,251.637058902724,252.17578876586805,35717000
2018-08-10,250.08270263671875,250.877563856801,249.3761383667904,250.3388338691097,77076000
2018-08-13,249.14646911621094,250.9658278790864,248.85500300169974,250.35642813346976,65732900
2018-08-14,250.73614501953125,250.97462215162406,249.4820377685955,249.87064121463013,43842000
2018-08-15,248.86386108398438,249.5350902895857,247.43310573744802,249.39377745931876,102925400
2018-08-16,250.87754821777344,251.7430792872292,250.25930788920945,250.29464283867094,69967900
2018-08-17,251.7607421875,252.20233473703993,250.26815721384136,250.67441481267045,65618500
2018-08-20,252.2994842529297,252.56442898598036,251.7607273588351,252.21116035768992,39807500
2018-08-21,252.89120483398438,253.747895413475,252.33479393818433,252.81172141353707,67272000
2018-08-22,252.74110412597656,253.26218012580844,252.2200011734731,252.48497288786544,44993300
2018-08-23,252.4054718017578,253.4211292541969,252.08751115726497,252.5644386476694,49204900
2018-08-24,253.92453002929688,254.06584286476027,252.92652665879552,252.97951560301087,57487400
2018-08-27,255.92938232421875,256.03536022591345,254.95787330423272,255.11684015677477,57072400
2018-08-28,256.0528564453125,256.4944486855618,255.59358326575637,256.3884439076748,46943500
2018-08-29,257.4307556152344,257.66036537146607,256.02649479713034,256.26494502760124,61485500
2018-08-30,256.388671875,257.3248461005133,255.7969528404253,256.95392338238366,61229500
2018-08-31,256.39739990234375,256.8389923415614,255.4965610292986,255.9823019313726,66140800
2018-09-04,255.9558563232422,256.30912495152,254.9578529076725,255.9823507965463,57594400
2018-09-05,255.26695251464844,255.8057093653517,254.26013565747596,255.6025671179281,72452400
2018-09-06,254.49859619140625,255.6732203977271,253.47409834357205,255.37294072808618,65909900
2018-09-07,254.00405883789062,254.97556790989967,253.21801110377848,253.4564883480325,73524800
2018-09-10,254.44557189941406,255.27576785124796,254.25127014573667,255.01079621296216,50210900
2018-09-11,255.28468322753906,255.72627584820782,253.4565102620031,253.80093849073393,50530500
2018-09-12,255.3463897705078,255.94694897693955,254.56036929940245,255.29340083774392,59810800
2018-09-13,256.8565673828125,257.04205555618574,256.12353601820456,256.4061615610688,51034200
2018-09-14,256.90087890625,257.2453070700821,256.12367172789,257.0598457510956,55079900
2018-09-17,255.5407257080078,256.8831571054573,255.26694053453235,256.8478491139971,68244000
2018-09-18,256.9273681640625,257.519087058753,255.7262224711646,255.7527169447676,61930400
2018-09-19,257.2011413574219,257.6162393929191,256.8566862640088,256.9803451034907,49080600
2018-09-20,259.28546142578125,259.603422066902,257.21881159283953,258.4552922550464,100360600
2018-09-21,259.04864501953125,260.1398902334911,258.88895852227444,260.0245520716881,105479700
2018-09-24,258.1879577636719,258.61381530247604,257.61129429371255,258.4718627895413,53409600
2018-09-25,257.94854736328125,258.74700692728453,257.70901761648605,258.64054926204227,44370000
2018-09-26,257.1766052246094,259.2703440505764,256.75962814321076,258.09040260622646,79739700
2018-09-27,257.8951721191406,258.97753622577073,257.37173751240476,257.64676201637326,59249500
2018-09-28,257.92181396484375,258.4186342232433,257.23869287821276,257.2741607004745,70091400
2018-10-01,258.81781005859375,259.8824130177635,258.15242305611275,259.1549167304643,62078900
2018-10-02,258.66705322265625,259.37678873765856,258.2944515534161,258.66705322265625,47258200
2018-10-03,258.8089904785156,260.1308843039914,258.45412274194115,259.7139072679814,64694600
2018-10-04,256.7861633300781,258.38308136317204,255.20697920413687,258.3298525670467,111545900
2018-10-05,255.3490753173828,257.522657914237,253.92957678135974,257.0081035707035,105951700
2018-10-08,255.3490753173828,255.70394318271795,253.29080379388347,254.66592692506302,87742200
2018-10-09,254.97630310058594,256.2715822643995,254.41737366646527,254.96744968434115,74339000
2018-10-10,246.9029998779297,254.5416590239331,246.5303982072024,254.4706692273449,214731000
2018-10-11,241.46463012695312,247.43535491100366,239.85880384790093,245.8206752119577,274840500
2018-10-12,244.81814575195312,245.82952023558337,241.64201563082707,245.5456151938126,183186500
2018-10-15,243.44305419921875,245.78523074237404,243.35433046809652,244.4633094204205,102263700
2018-10-16,248.76611328125,249.13874206234044,244.9246227192346,245.39482863663616,118255800
2018-10-17,248.8104705810547,249.4314824048031,246.24649884503972,248.80159008760788,110626000
2018-10-18,245.2174072265625,248.47338116689744,243.94874187181802,247.87895656782334,134557500
2018-10-19,245.0843048095703,247.79020214139808,244.39230314956563,245.86503018489384,139901600
2018-10-22,243.98422241210938,246.0690809469352,243.45190716026255,245.74970804063415,82415800
2018-10-23,242.74215698242188,243.86001636147097,238.30624144610618,240.38227374282013,146352700
2018-10-24,235.3873748779297,242.87520076291182,234.8373258087181,242.4936915369687,177806700
2018-10-25,239.6103973388672,241.14523383340236,236.1947640977696,237.2150192376304,138061500
2018-10-26,235.3962860107422,240.42662622883205,232.6992688117605,235.91974787880403,201574600
2018-10-29,234.09210205078125,239.76121462650954,230.53451649985132,238.47478839901248,160749100
2018-10-30,237.56105041503906,237.87156996918745,233.43565369473689,233.92362072973702,157116000
2018-10-31,240.0983123779297,242.4049933311253,239.64584043537533,240.11604628903387,128296300
2018-11-01,242.6534881591797,242.84866954814837,239.87660038304108,240.95896498101592,99495000
2018-11-02,241.2161865234375,244.17937434285767,239.1756494830406,243.75351677776416,122634100
2018-11-05,242.5469512939453,243.0970003719423,240.73709055773415,241.70411669077308,65622500
2018-11-06,244.08175659179688,244.24144301684072,242.42272889071398,242.48483819201113,60085900
2018-11-07,249.30723571777344,249.38707891710627,245.82058689889206,246.2464443700029,102752100
2018-11-08,248.85491943359375,249.4936925022931,247.7193258753156,248.50890494548383,65584900
2018-11-09,246.4239501953125,247.73696366197035,245.02218594212164,247.55066281934268,98812600
2018-11-12,241.81942749023438,246.1577373966291,241.3048462933614,245.91820778236334,99673600
2018-11-13,241.36700439453125,244.26808305260565,240.64838833175432,242.280801799956,98176600
2018-11-14,239.71685791015625,243.62931112227972,238.1642876570456,243.2300950162858,125335900
2018-11-15,242.21864318847656,242.6799955815593,236.8866928638433,238.45699670459484,135101400
2018-11-16,242.8485565185547,243.75347322367756,240.6128385446377,241.12741972818094,126668000
2018-11-19,238.7408905029297,242.53803170227891,237.82709332638234,242.24524622430246,103061700
2018-11-20,234.32278442382812,236.8778759571118,233.46221577650243,235.42288274939483,136021300
2018-11-21,235.1212158203125,237.01091983703193,235.11236240158553,235.8664462498529,75563700
2018-11-23,233.55091857910156,234.94380235022106,233.3912321412432,233.48880927282028,42807900
2018-11-26,237.32142639160156,237.5432221172012,235.40510807345996,235.79547071648918,79981400
2018-11-27,238.1199188232422,238.1199188232422,235.68904599528867,236.29232395519756,75502400
2018-11-28,243.60263061523438,243.60263061523438,238.05773835869508,239.18447779301218,127629600
2018-11-29,243.0703582763672,244.46321472418583,241.69520866336,242.83080158766472,82346400
2018-11-30,244.552001953125,245.11093160574055,242.60021549084044,242.91958839251905,98204200
2018-12-03,247.79017639160156,248.766083009342,246.20213847352844,248.65962539189283,103176300
2018-12-04,239.76123046875,247.39101047029547,239.45071097180096,246.96515283950714,177986000
2018-12-06,239.39743041992188,239.51276852883728,232.83228237669715,235.91968861471403,204185400
2018-12-07,233.83485412597656,240.62179936686118,233.00089985327392,239.06034846057895,161018900
2018-12-10,234.27842712402344,235.24545336906925,229.44326882411715,233.65738817873518,151445900
2018-12-11,234.33160400390625,237.6496591069941,232.86775775693638,237.4633582945688,121504400
2018-12-12,235.5115966796875,238.6522321483486,235.43175345692626,237.29484321205325,97976700
2018-12-13,235.4316864013672,237.3125095342979,234.32270794330245,236.45194116785288,96662700
2018-12-14,231.08457946777344,234.24294908760876,230.53453028646314,233.29365668777106,116961100
2018-12-17,226.55101013183594,231.24420139005775,224.92746391325193,230.1352228421727,165492300
2018-12-18,226.30264282226562,228.8488672551829,224.70571070380527,228.18348000060263,134515100
2018-12-19,222.91360473632812,230.13527410736953,221.21909542606414,226.38249365580683,214992800
2018-12-20,219.2850341796875,223.23299606876677,217.04932908961484,221.6715587646981,252053400
2018-12-21,214.7919921875,222.83219979748833,214.14948907768272,220.18187787359022,255345600
2018-12-24,209.1165313720703,214.91689612055552,209.05407298607153,213.31063854385062,147311600
2018-12-26,219.68209838867188,219.68209838867188,208.59894240153716,210.57107225286427,218485400
2018-12-27,221.36875915527344,221.5650667216164,213.23932201464567,216.46075681961528,186267300
2018-12-28,221.08314514160156,224.34026776675762,219.92306940648027,222.7161726307013,153100200
2018-12-31,223.01959228515625,223.2605343594227,220.83330337470466,222.69834072493202,144299400
2019-01-02,223.25157165527344,224.1707189074987,219.47687654809107,219.5036463731044,126925200
2019-01-03,217.9241943359375,221.81490149040854,217.44231020403743,221.5114874154967,144140700
2019-01-04,225.2236785888672,225.8661815561297,220.56553888440885,220.94033001258038,142628800
2019-01-07,226.99949645996094,228.40050047544105,224.5990357792695,225.49139953468548,103139100
2019-01-08,229.1322479248047,229.6141320120839,226.66040995079652,229.1768824554094,102512600
2019-01-09,230.20309448242188,231.04191864728134,228.61468798077402,229.83722205027829,95006600
2019-01-10,231.0150909423828,231.26495165871086,227.99889764563866,228.6771026897186,96823900
2019-01-11,231.1044158935547,231.1311857216218,229.36429537083583,229.94432646748032,73858100
2019-01-14,229.6944580078125,230.4975800558513,228.8110264782483,229.21257388587543,70908200
2019-01-15,232.32691955566406,232.63925233057913,230.0603078903963,230.06924024283958,85208300
2019-01-16,232.8891143798828,233.77254582759014,232.55001177856187,232.7552380236273,77636700
2019-01-17,234.65602111816406,235.51271013402146,231.97892921738054,232.02356375539918,96118400
2019-01-18,237.77931213378906,238.24335885900862,234.69174021094764,236.45863079656797,127900300
2019-01-22,234.5666961669922,236.52990709177476,232.9604524887355,236.31574853008118,115531200
2019-01-23,235.05758666992188,236.28905325371463,232.60358585615072,235.59301047584734,86030300
2019-01-24,235.1824951171875,235.76255343882323,233.8707190939541,234.87909465890846,59204100
2019-01-25,237.1724853515625,237.99347215348422,235.2806781682309,237.02077150031676,96883400
2019-01-28,235.3699493408203,235.43239412708138,233.61199108198392,235.0397790012523,85613700
2019-01-29,235.05758666992188,236.07486739167285,234.22769474876972,235.51270098987644,66136300
2019-01-30,238.77865600585938,239.6174800243388,235.80709700240453,236.56561155946923,92473700
2019-01-31,240.8757781982422,241.3576623238347,238.50208698383028,238.7162728356407,104012100
2019-02-01,240.99183654785156,242.00914465087337,240.20655181557999,241.07214604554434,85782500
2019-02-04,242.68727111816406,242.74974312510167,240.36711960331522,241.0363925076302,60744800
2019-02-05,243.7045440673828,244.00794447257655,242.6158592097911,243.11558072808432,79552800
2019-02-06,243.3833465576172,243.91877039958163,242.65162878081327,243.42798109690716,58347800
2019-02-07,241.0631866455078,242.32139572551998,239.41230805498316,241.77706684167765,95482000
2019-02-08,241.3575439453125,241.45569085329964,239.0016913603651,239.8226777186026,75788900
2019-02-11,241.4915008544922,242.26785304714784,240.96500945065426,242.0090871381183,68021400
2019-02-12,244.59695434570312,244.9717319393332,243.0263851421111,243.0977895056119,72270200
2019-02-13,245.39111328125,246.22993743403887,245.0074033821267,245.42681545852113,65277200
2019-02-14,244.84681701660156,245.9712042716236,243.49933878131554,244.31139321741082,83234400
2019-02-15,247.5149383544922,247.55064053102285,246.40841597707413,246.61364221836726,97088700
2019-02-19,247.94329833984375,248.59470651392925,246.71183188365032,246.7207642365391,59120800
2019-02-20,248.44297790527344,248.89809210112116,247.40783275817145,247.90755424535467,76610800
2019-02-21,247.55947875976562,248.16627936617073,246.6046433382695,247.80933943491897,64214700
2019-02-22,249.0944366455078,249.290730532081,247.54170516233032,248.17527581592702,78114600
2019-02-25,249.43357849121094,251.03091769569934,249.35326899817477,250.51335855187014,69030700
2019-02-26,249.25509643554688,250.12959564734055,248.88029160707416,249.08554511228368,56844100
2019-02-27,249.14797973632812,249.4959874515312,247.61311293637814,248.5411516654407,56921600
2019-02-28,248.6839599609375,249.3710975786756,248.36272203533355,248.9338207584465,69268300
2019-03-01,250.23660278320312,250.64708239776786,248.80881563319886,250.25444025069731,78880500
2019-03-04,249.3264617919922,251.53060165753556,247.04201244545143,251.2896732145433,106494600
2019-03-05,248.9873809814453,249.64774882660245,248.44305204049925,249.45142766714278,59114600
2019-03-06,247.47923278808594,249.1122737404231,247.15799490205438,249.1033413882174,75039800
2019-03-07,245.4090118408203,247.17587498414431,244.57018757231435,247.03309348814483,94885100
2019-03-08,244.91819763183594,245.08774895787133,243.09779481459196,243.56181425633898,85795800
2019-03-11,248.46978759765625,248.63040655157224,245.60530732168948,245.63207714734213,65098900
2019-03-12,249.40670776367188,249.924293930902,248.8356091888543,249.02299793013128,79667500
2019-03-13,251.05767822265625,251.98574438466127,250.12961206065125,250.29025827355855,80639200
2019-03-14,250.8970489501953,251.50384989428085,250.45979933354343,251.08443775264809,67518400
2019-03-15,252.13668823242188,252.94334808261686,251.25830948062264,251.44655108277388,81309000
2019-03-18,253.05076599121094,253.34655843745105,252.12758392601302,252.35165750836913,62199800
2019-03-19,253.11358642578125,254.87031616119532,252.22626353567875,254.1084876428496,90268100
2019-03-20,252.35171508789062,254.09950037015642,251.24929031690502,252.8984689770141,84609200
2019-03-21,255.20191955566406,255.60523563223617,251.4912475347911,251.53607866734464,79550400
2019-03-22,250.29029846191406,254.36842846263104,250.22755126738147,253.84858956459607,122659300
2019-03-25,250.1019744873047,251.13270748383408,248.84716791097622,249.94959241783928,85575200
2019-03-26,251.96632385253906,252.91639390365796,250.56810651871353,251.84980118259705,68125900
2019-03-27,250.6487274169922,252.53992285404814,249.1070999307263,251.95730960273139,72224700
2019-03-28,251.59881591796875,252.04696315813962,250.12890719363142,251.2761630343594,56238500
2019-03-29,253.18521118164062,253.5078639843625,251.98418016140363,253.10454798096015,82186800
2019-04-01,256.1878356933594,256.48362818526266,254.90614116907568,255.1750459210547,77617900
2019-04-02,256.3133544921875,256.5463998289137,255.5246109088733,256.37610167557364,40070400
2019-04-03,256.71661376953125,257.91764479459835,256.1160845806326,257.52327313231007,68243200
2019-04-04,257.3978576660156,257.6488190413837,256.3492083789462,257.03934532302384,48997500
2019-04-05,258.6436767578125,258.6974522325927,257.77427011188774,258.06109087920464,58621700
2019-04-08,258.8409729003906,258.94852389577517,257.568222298601,258.22252732418417,53566300
2019-04-09,257.5143737792969,258.20451070581373,256.9676472568753,257.88185781115266,66142300
2019-04-10,258.39276123046875,258.4823961552368,257.51438273212386,257.9266705627704,52601500
2019-04-11,258.3209228515625,258.8855925283751,257.7562531747499,258.87662083422697,55093100
2019-04-12,260.0688171386719,260.34666624730795,258.36586304784964,259.9254067353859,69727800
2019-04-15,259.8985900878906,260.2391864697705,259.10087463004083,260.14057982371554,49596700
2019-04-16,260.0688171386719,260.8306729393059,259.47725948239383,260.77689745716583,52153200
2019-04-17,259.43243408203125,261.2070795502625,259.020118949662,261.1801918114328,58268300
2019-04-18,259.9432678222656,260.21217252885253,258.72432068114665,260.0149866851149,68708500
2019-04-22,260.1673583984375,260.31974047739857,259.09182156001907,259.1814564680707,40160100
2019-04-23,262.5067138671875,262.73975916905067,260.30183725475945,260.5348552038877,52246600
2019-04-24,261.9241638183594,262.7577111776434,261.7807534093311,262.4260865735888,50392900
2019-04-25,261.7628173828125,262.41712226378763,260.5797293423119,261.82556456716753,57770900
2019-04-26,262.9817810058594,263.0534725329662,261.0368098429491,261.807637361224,50916400
2019-04-29,263.3940124511719,263.91387848418856,262.98172471489596,263.071359619147,57197700
2019-04-30,263.5285339355469,263.8153547781804,261.6463371185243,263.05349888175925,81111700
2019-05-01,261.5476379394531,264.36201517554906,261.53866624356385,264.15585763921524,71671900
2019-05-02,260.9830322265625,262.3454174051037,259.4951800384251,261.4311794873483,65030200
2019-05-03,263.5373840332031,263.8152330485677,261.0904910062815,262.45287570378883,56543700
2019-05-06,262.45294189453125,262.89211741292036,258.9394556892126,259.2531642106628,107198100
2019-05-07,258.0700378417969,260.6513700683735,256.1698981063263,260.0598124870552,144729900
2019-05-08,257.7115478515625,259.41450187392644,257.11999021906496,257.7115478515625,91568300
2019-05-09,256.93170166015625,257.5322034636537,253.92013888950547,255.65000750381657,103471100
2019-05-10,258.222412109375,258.97529609388704,253.02388837907756,255.9995922364823,112429300
2019-05-13,251.73326110839844,254.0905200288982,250.8997137848511,253.131505698292,127290500
2019-05-14,254.00985717773438,255.5335687769172,252.62061163645527,252.74607864369779,77003200
2019-05-15,255.4976348876953,256.1339961418753,252.18133524534448,252.38749276835136,73956400
2019-05-16,257.864013671875,259.2174001610713,256.12519964737555,256.1968911930451,76749600
2019-05-17,256.1968078613281,258.67058934984783,255.55147474922455,255.56941814436465,100353000
2019-05-20,254.50277709960938,256.304310040441,253.75883751403418,254.6013563431719,62877600
2019-05-21,256.7972412109375,257.1736694298751,255.9367791479133,256.1877404114471,46847100
2019-05-22,256.008544921875,256.9586146903073,255.53351003765886,255.8472185127596,49482500
2019-05-23,252.88052368164062,253.83953793393536,251.4733348614828,253.79473415351669,98733800
2019-05-24,253.4541778564453,254.7269281832901,252.83573241383797,254.31461298639218,55268100
2019-05-28,251.09683227539062,254.68200932691212,251.0789162371159,253.73193959647733,70029400
2019-05-29,249.41175842285156,250.38871574502406,248.0135417642628,249.985399797004,104972900
2019-05-30,250.093017578125,250.99828364691183,248.9995373499436,250.16470909269745,62523800
2019-05-31,246.72286987304688,248.38101944749744,246.69598214384933,247.5564441836221,86862800
2019-06-03,246.09556579589844,247.87021124414102,244.7690402055251,246.75881491471756,96428000
2019-06-04,251.4375,251.57193870713078,247.93298515285497,248.3811324117829,77231900
2019-06-05,253.6155242919922,253.64241203714784,251.2493206600673,253.0508542909812,71169700
2019-06-06,255.2647247314453,255.93694576990882,253.26600501617003,253.91133830720477,69430400
2019-06-07,257.81915283203125,258.89471736243144,256.10722675339446,256.2775249265868,74272200
2019-06-10,259.0022277832031,260.6603781109152,258.9125928609169,259.36074011961,60799100
2019-06-11,258.9394226074219,261.18015839902773,258.29408960533016,260.81267444687654,58641300
2019-06-12,258.48236083984375,259.26213260858515,257.97146645593216,258.70643444478026,47096300
2019-06-13,259.5489196777344,259.90745931903905,258.68848471461854,259.3875932507878,48945200
2019-06-14,259.26202392578125,259.86252561774876,258.50016851782044,259.26202392578125,52324700
2019-06-17,259.3607482910156,260.1226041253445,259.1904501391278,259.4951870023116,39205700
2019-06-18,262.0765075683594,263.12518417352123,260.81272903505663,261.1712687189415,85434800
2019-06-19,262.6680603027344,263.19687076799914,261.2429553500235,262.210941361261,78674400
2019-06-20,265.1776123046875,265.5809556714044,262.7307464283125,265.33896606301266,116570000
2019-06-21,264.7921447753906,266.16112828207497,264.5759967179576,264.9092341350886,83309500
2019-06-24,264.4679870605469,265.3145763201404,264.3148638254183,264.99936948825126,47582700
2019-06-25,261.8741455078125,264.5490887796047,261.7660714339262,264.52207026113314,82028700
2019-06-26,261.6128845214844,263.27008405135524,261.5048104738926,262.7657201720802,51584900
2019-06-27,262.54058837890625,263.04495231895413,261.99120274219365,262.36946195434285,40355200
2019-06-28,263.8915100097656,264.3868585052382,262.9998717236081,263.51322339656014,59350900
2019-07-01,266.2873840332031,267.4222169500288,265.08949873526916,267.20604128419774,78705600
2019-07-02,266.9808044433594,267.034841473531,265.404660263216,266.24226171664947,61504500
2019-07-03,269.1153259277344,269.1333565933882,267.51216337347967,267.6562712698563,40898900
2019-07-05,268.8090515136719,268.97119004226147,266.60246680207615,267.8903947852347,51677300
2019-07-08,267.3320617675781,268.6290054105684,266.79166400203684,267.5031881847624,45841800
2019-07-09,267.6653137207031,267.962517390623,266.12520336866174,266.1792403995563,41101300
2019-07-10,268.9441833496094,269.8898862091427,268.1966528857291,268.7280352609248,58448500
2019-07-11,269.57464599609375,269.8178125905179,268.57493362213694,269.5836613281804,50826100
2019-07-12,270.7815856933594,270.8536533963706,269.75485455454003,270.0610735778993,40326000
2019-07-15,270.87164306640625,271.21389592419735,270.3672791135901,271.21389592419735,33900000
2019-07-16,269.99798583984375,270.9887104831493,269.6917668565987,270.78155022134894,36650100
2019-07-17,268.1606140136719,270.1330477432379,268.1606140136719,269.97093667976446,36036300
2019-07-18,269.142333984375,269.5206206333886,267.22396468495583,267.66527620399694,51392600
2019-07-19,267.6473083496094,270.25919893598274,267.4761819245853,270.2321804207565,58678600
2019-07-22,268.30474853515625,268.84514628615204,267.5301994978204,268.04355124978355,43638100
2019-07-23,270.22320556640625,270.22320556640625,268.5930241034174,269.4216378374374,44564500
2019-07-24,271.4930419921875,271.4930419921875,269.37650038995713,269.4665712532843,47213200
2019-07-25,270.1961364746094,271.09679026285806,269.39454140989733,271.04275323442494,55394100
2019-07-26,272.0064392089844,272.20458412713305,270.7545173430064,270.8806220571784,45084100
2019-07-29,271.51104736328125,272.0064233726971,270.961661818355,271.88933399800305,38126500
2019-07-30,270.8445129394531,271.2498179957694,269.73669927508126,270.11498582669395,45849000
2019-07-31,267.88153076171875,271.277014162526,265.8730897966253,271.08785701995737,104245200
2019-08-01,265.5487365722656,270.9796773444244,264.75615690970017,268.03454960744455,142646600
2019-08-02,263.5491638183594,264.90014376615557,262.0000390454561,264.65697727042493,116749700
2019-08-05,255.62355041503906,259.57740603070056,253.73217206883004,259.4693319799065,178745400
2019-08-06,259.2081604003906,259.4243360091834,256.0378688244235,257.5059389600673,120711700
2019-08-07,259.3612365722656,260.1267976833788,254.0203669444034,256.1458963970514,140572300
2019-08-08,264.44989013671875,264.44989013671875,260.2978904772064,260.8472759478428,87713900
2019-08-09,262.6486511230469,264.10770585001865,260.874362075684,263.51327105647977,93730000
2019-08-12,259.4513854980469,262.6396806362952,258.5056823753921,261.1536071415826,65527600
2019-08-13,263.4862365722656,264.92728803115796,258.8118415350156,259.1540943486517,94299800
2019-08-14,255.695556640625,260.0547168532412,255.56947942671005,259.4512943212401,135622100
2019-08-15,256.3710632324219,257.2627290614845,254.33560461612663,256.57822347266244,99556600
2019-08-16,260.1538391113281,260.5861353169893,256.42511942287445,258.019294138563,83018300
2019-08-19,263.2880554199219,263.96354562152703,262.48648800661573,263.1619782082209,53571800
2019-08-20,261.2706298828125,263.3151038974845,261.1445526567622,262.78372151003504,51596400
2019-08-21,263.39617919921875,263.7654230198255,262.73869211921766,263.4231977101356,49524700
2019-08-22,263.3150939941406,264.7291268538394,261.54982049544003,264.09868577575924,51666400
2019-08-23,256.5511779785156,263.67535110067126,255.30827163933517,262.01815181035266,149161500
2019-08-26,259.3883056640625,259.3883056640625,257.20871127967257,258.7308184666326,72423800
2019-08-27,258.3705749511719,261.1446043021233,257.614028987942,260.77533291189644,66668900
2019-08-28,260.1899108886719,260.35202198942807,256.91151759369086,257.71311273483263,59696700
2019-08-29,263.5132751464844,264.035669739417,261.7389860715827,262.73872607625174,57899400
2019-08-30,263.39617919921875,265.00832949353685,262.46850701004956,264.99032631484863,62901200
2019-09-03,261.8560791015625,262.61262500129374,260.53211690558965,261.7029833463762,69101400
2019-09-04,264.8282470703125,264.8462502511639,263.2701061248375,264.0176641596419,46887300
2019-09-05,268.23272705078125,269.1423687179154,264.79222286459446,267.30505471636684,83258100
2019-09-06,268.4398193359375,269.07930324088835,267.8724306034567,268.5479208659887,49584300
2019-09-09,268.574951171875,269.511611253967,267.63826360401265,269.42156787029035,51260300
2019-09-10,268.5118408203125,268.5748931638841,266.56642590067173,267.8183200125535,57947100
2019-09-11,270.42138671875,270.50244228741605,268.16975152542153,268.81822356053135,68821100
2019-09-12,271.35797119140625,272.41172066807127,270.56539150782567,271.3219373460333,72908700
2019-09-13,271.1778869628906,272.15060859386426,270.8086155553707,271.79934036996366,62104800
2019-09-16,270.3401794433594,271.2228298387087,269.70072310331636,270.0519637037638,58191200
2019-09-17,271.02471923828125,271.1147626182504,269.9709423321039,270.142068731276,41475500
2019-09-18,271.1869201660156,271.29499424640557,268.61103547834966,270.63750694299574,73375800
2019-09-19,271.1688537597656,272.56488374290353,270.83561622721925,271.5741589935935,76560500
2019-09-20,269.8876647949219,272.0501814736541,269.1004817738623,271.76966399396616,89565000
2019-09-23,269.82427978515625,270.5390897940951,268.97375334735597,269.22709988546444,43476800
2019-09-24,267.7070617675781,271.2991710708117,266.74796203940343,270.91010804409495,94869400
2019-09-25,269.2904357910156,269.73378531696477,266.3135933430836,267.7884429245481,71854000
2019-09-26,268.7295227050781,269.507648809653,267.32707327813137,269.2995594440009,56179700
2019-09-27,267.2817687988281,269.5890586383506,265.7345462186397,269.4804578779437,84746600
2019-09-30,268.5213623046875,269.22711538810705,267.75229329262123,267.7975229006122,51662400
2019-10-01,265.327392578125,270.0505182065115,265.11024626366753,269.3990516504339,88242400
2019-10-02,260.6403503417969,263.7619652759954,259.355531740397,263.75290831271883,122539500
2019-10-03,262.7758483886719,262.8029916787892,257.7088892026817,260.4142716976358,85278800
2019-10-04,266.3316650390625,266.5850115298141,263.37290937944215,263.42722355353567,65091200
2019-10-07,265.1825256347656,267.1550385419711,264.90203587328466,265.53541588400043,59610500
2019-10-08,261.0656433105469,264.0696285167988,261.0294430659895,263.3367323375145,95708100
2019-10-09,263.54486083984375,264.47681708385716,262.45004489012706,263.0743680413565,62359400
2019-10-10,265.327392578125,266.2050624159976,263.30062000930803,263.4634797451511,55296300
2019-10-11,268.0779113769531,270.30374293493736,267.951251954848,268.06885441369815,98720400
2019-10-14,267.77935791015625,268.4308242275137,267.4355246297877,267.76124398211886,40394800
2019-10-15,270.43035888671875,271.17231174858773,268.70216373354447,268.81979377416826,46754500
2019-10-16,269.9962158203125,270.68388259277367,269.5619232168243,269.9690725325945,48928200
2019-10-17,270.79241943359375,271.66103213680316,270.1047527533405,271.154339092206,45736600
2019-10-18,269.6071472167969,270.901023258945,268.7566207357212,270.2586137211803,64304000
2019-10-21,271.4347839355469,271.6338438567144,270.4847415374763,270.9190616234861,39048600
2019-10-22,270.54803466796875,272.258116188512,270.457547881984,271.968569518437,48594700
2019-10-23,271.3352966308594,271.38958319579564,270.0866504119283,270.29476731931624,34352200
2019-10-24,271.7786865234375,272.41206669212943,270.9553033492189,272.26729329320835,35453100
2019-10-25,272.8916320800781,273.4345254538607,271.15437880651467,271.2086653826225,45205400
2019-10-28,274.4298095703125,274.9274733563282,274.07694681042267,274.10409009964496,42147000
2019-10-29,274.3483581542969,275.2712851407752,274.0316680631073,274.15835514466437,44284900
2019-10-30,275.1897888183594,275.56073778143866,273.2444191334657,274.54735182453754,49643900
2019-10-31,274.4568786621094,275.18074553352045,273.0092001446827,275.18074553352045,69053800
2019-11-01,276.99945068359375,277.04468028616344,275.7326904592425,275.8955777764334,71141500
2019-11-04,278.11236572265625,278.6824023272669,277.74138908135876,278.5466859006218,60606900
2019-11-05,277.8047180175781,278.6100147945176,277.5151712474853,278.31141105889066,42933200
2019-11-06,277.86810302734375,278.13953590688425,276.92708969043014,277.80475948454966,46487100
2019-11-07,278.8453369140625,280.17541347773573,278.37484397112354,279.19822733079826,54272300
2019-11-08,279.532958984375,279.5872455609045,277.80476266430895,278.50145880490663,49032100
2019-11-11,278.9991149902344,279.1710316821398,278.0219014138559,278.15764546419433,35797300
2019-11-12,279.5871276855469,280.4828834333322,278.81803135869535,279.3609245078078,46484600
2019-11-13,279.6777038574219,280.07582378648766,278.37477092824327,278.6009741782715,53917700
2019-11-14,280.0848083496094,280.16626580577037,278.76378931225406,279.3971693561255,51219900
2019-11-15,282.11163330078125,282.1568629025422,280.7272706119639,281.4149096673068,62023600
2019-11-18,282.3197021484375,282.554962331027,281.42394624195816,281.8763526775857,49228000
2019-11-19,282.2383728027344,282.9260396658152,281.5959631669499,282.9169826978145,67804700
2019-11-20,281.1886901855469,282.16590356395267,279.64146788455196,281.6501535927217,79406200
2019-11-21,280.736328125,281.4059085420427,279.94011585540426,281.29733539676613,54664700
2019-11-22,281.3605651855469,281.6139116511986,280.35623628650774,281.47819526115194,44850200
2019-11-25,283.5412292480469,283.5412292480469,282.2835536082596,282.2835536082596,48647200
2019-11-26,284.1836242675781,284.3645978931575,283.2607250475997,283.57741508601435,37569000
2019-11-27,285.4504089355469,285.4504089355469,284.4460521689153,284.6631984481001,44444600
2019-11-29,284.3917541503906,285.13370739133796,284.1655509144457,284.8893902243896,36592700
2019-12-02,281.9758605957031,284.70838517885187,281.5505974957822,284.6450416588715,75767800
2019-12-03,280.0848083496094,280.16626580577037,277.8951767026078,279.27048230227246,73941700
2019-12-04,281.8130798339844,282.41025979232126,280.78160726064203,281.125440655991,49080000
2019-12-05,282.3197021484375,282.52781904939724,281.0167694048144,282.5097327325432,40709000
2019-12-06,284.8984680175781,285.296587950962,284.2108012939693,284.21985826013315,48927000
2019-12-09,284.002685546875,285.17893130524726,283.9302850497049,284.5093785762691,34838500
2019-12-10,283.68597412109375,284.6088732952171,283.03450775915456,283.94837758133656,52649800
2019-12-11,284.49127197265625,284.7446184692884,283.60454542809504,284.1383817026879,53429100
2019-12-12,286.94329833984375,287.72142412265157,284.26506008392175,284.5002926440261,96389600
2019-12-13,287.1152648925781,288.33676795280417,285.93899143681557,286.7080880016024,81503900
2019-12-16,289.0877685546875,289.6758915127746,287.0519391986686,288.83442200600217,82749700
2019-12-17,289.151123046875,289.7663893151713,289.0696931830743,289.4678131479023,61097700
2019-12-18,289.1692199707031,289.76639993984145,289.11493339284556,289.54019666119984,48133000
2019-12-19,290.3544616699219,290.4268621669237,289.1058154172824,289.3591619313905,85310500
2019-12-20,291.62738037109375,292.75485547897176,290.4089735855106,291.38186206644457,147142100
2019-12-23,292.07293701171875,292.46391273935615,291.92745186338635,292.4093592772884,52990000
2019-12-24,292.08203125,292.345697060627,291.7819594676257,292.300245092851,20270000
2019-12-26,293.636962890625,293.6460643867393,292.45493383124426,292.4640075788948,30911200
2019-12-27,293.5641784667969,294.4188865662466,293.0368189631918,294.3643330916827,42528800
2019-12-30,291.9456787109375,293.7824047534291,291.4637712118447,293.6460210741499,49729100
2019-12-31,292.6548156738281,292.90033397291086,291.09998668959423,291.44551040796875,57077300
2020-01-02,295.39178466796875,295.4099876573277,293.2641160474281,294.1824790593536,59151200
2020-01-03,293.15496826171875,294.2733697615571,291.96383805995566,292.0183915235131,77709700
2020-01-06,294.2734069824219,294.3552371881082,291.29100260562666,291.4092110411044,55653900
2020-01-07,293.44598388671875,294.182483506946,293.0004268675797,293.70964975181556,40496400
2020-01-08,295.00982666015625,296.2191319256283,293.39134272864516,293.63683327919773,68296000
2020-01-09,297.01025390625,297.08301036305517,295.98278400442655,296.56472466503584,48473300
2020-01-10,296.1555480957031,297.74675568148257,295.69184361108466,297.59219676942917,53029300
2020-01-13,298.1922912597656,298.20136500493834,296.34649170275594,296.77384567647033,47086800
2020-01-14,297.7377014160156,298.80152187526085,297.183037449198,297.7558766573116,62832800
2020-01-15,298.41058349609375,299.1652584571871,297.56497682019716,297.64680703898097,72056600
2020-01-16,300.892822265625,300.892822265625,299.5562067752238,299.7835221460508,54050300
2020-01-17,301.829345703125,302.0384580750324,300.8291525707732,301.6020303434294,95846000
2020-01-21,301.2383728027344,302.0385274925153,300.80194497082726,300.874673693324,77742400
2020-01-22,301.27471923828125,302.7386447658529,301.1201603136158,302.09304908519476,48914900
2020-01-23,301.6202697753906,302.02944860930927,299.51987762466234,300.6291779260028,51963000
2020-01-24,298.93792724609375,302.3567597530786,297.6558650559744,302.27492953861935,87578400
2020-01-27,294.1461486816406,295.61914813945754,293.3823722127157,293.7187945890734,84062500
2020-01-28,297.2284240722656,298.10130710487397,294.2369467827464,295.56446044148737,63834000
2020-01-29,296.98297119140625,298.8105955905337,296.78293256190744,298.5832802273967,53888900
2020-01-30,297.9468078613281,298.155948000126,294.1824796021824,294.92805295887075,75491800
2020-01-31,292.5365905761719,297.4829732964418,291.62732945477586,297.3283866964877,113845600
2020-02-03,294.7098083496094,296.5647094244046,293.8914786175827,294.0096870424728,69083000
2020-02-04,299.20159912109375,300.06540868055777,297.9831919914277,298.3014390790439,62573200
2020-02-05,302.65673828125,302.8658783940737,300.6654813306938,302.12027738152585,65951100
2020-02-06,303.67510986328125,303.8660469735678,302.6021604019457,303.6114549103678,50359700
2020-02-07,302.0566101074219,303.6841678293923,301.5110477864947,302.6203476646141,64139400
2020-02-10,304.3116149902344,304.3752699512729,301.13830141378867,301.1746796413046,42070000
2020-02-11,304.83892822265625,306.4392091152202,304.31154117120803,305.6572577782839,54864500
2020-02-12,306.8028869628906,307.01199925306213,305.9026996214025,306.2663985050647,43992700
2020-02-13,306.47564697265625,307.43946184215287,305.1117548650529,305.3845221871912,54501900
2020-02-14,306.9667053222656,307.084913763709,305.69374469991504,306.88487511244955,64582200
2020-02-18,306.1756591796875,307.0303672773859,304.79356383100367,305.97562052387593,57226200
2020-02-19,307.6395263671875,308.31237098409207,306.8575748122398,307.13944365167055,48814700
2020-02-20,306.37567138671875,307.91232553087383,303.4023685434506,307.0939679878166,74163400
2020-02-21,303.2204895019531,305.3390562696756,302.40213207600556,305.0299107358874,113788200
2020-02-24,293.1640930175781,303.29325128301434,292.0911434027477,293.81876238067053,161088400
2020-02-25,284.28057861328125,295.15533747281677,283.40769541596455,294.5461478579809,218913200
2020-02-26,283.23492431640625,289.24512881329986,282.5075263003692,285.6717381934317,194773800
2020-02-27,270.514404296875,283.28951758192875,270.514404296875,277.7430167478903,284353500
2020-02-28,269.3778381347656,270.8599389145115,259.6305531200936,262.50382297406543,384975800
2020-03-02,281.04364013671875,281.1072951028056,267.7411396475447,271.15087035057456,238703600
2020-03-03,272.9966735839844,285.3626359732163,270.5689608318298,281.41644425276655,300139100
2020-03-04,284.4715270996094,284.6897687189938,275.8062664944297,278.3431137377837,176613400
2020-03-05,275.0152893066406,280.4799610686068,272.7876147640359,277.30664657710474,186366800
2020-03-06,270.4688720703125,271.66910370603455,263.89493030117706,266.54995789097586,228667200
2020-03-09,249.34677124023438,258.40300728811127,248.6375484367583,250.31965987878343,309417300
2020-03-10,262.2492370605469,262.3401410197597,248.68304208033334,258.81222939877176,276444100
2020-03-11,249.4649200439453,256.3571363225931,246.30070843969554,255.22966117610898,255316300
2020-03-12,225.59686279296875,242.46366575529143,225.2058731481479,232.7709352018375,392220700
2020-03-13,244.88230895996094,246.84631709064,225.96966736197948,239.21759993839407,329566100
2020-03-16,218.0863494873047,233.5892450551575,215.82228363619473,219.29565492416742,297240000
2020-03-17,229.86131286621094,232.92553359423098,215.55863317608555,222.8054346579501,262070500
2020-03-18,218.22279357910156,225.83330906541863,207.3298430177296,214.8130624294281,327597100
2020-03-19,218.6864471435547,224.9330821910598,211.1486764895506,217.54078281186924,289322000
2020-03-20,209.2623291015625,223.59423587653282,208.98794388953863,221.81989398869834,347158800
2020-03-23,203.911865234375,210.06717360219906,199.622351177988,208.70441651751094,326025200
2020-03-24,222.38699340820312,223.25588242208778,213.8354145287145,214.40246718551117,235494500
2020-03-25,225.7161102294922,234.45977474421133,219.27727582041112,223.96006448156098,299430300
2020-03-26,238.89572143554688,240.35907252290764,227.7832211792417,228.21308823685297,257632800
2020-03-27,231.77999877929688,238.53895253940948,229.6123819008434,231.64281313729845,224341200
2020-03-30,239.30728149414062,240.0206749273395,231.88066577631795,233.86536432312172,171369500
2020-03-31,235.74026489257812,240.8437663965274,234.34091545507368,238.31031171628476,194881100
2020-04-01,225.1308135986328,235.6579634150699,223.0729450503608,226.80454835925843,189554600
2020-04-02,230.32579040527344,231.1031990211072,223.70402184860143,224.25279236456615,177660400
2020-04-03,226.9966278076172,231.688572678805,224.28024014069945,229.34716379458789,135561200
2020-04-06,242.2430877685547,244.20036249851938,226.97829031503124,235.82254896003673,188061200
2020-04-07,242.49005126953125,251.54466592390668,242.27055425611888,250.79468057924873,201427200
2020-04-08,250.63009643554688,252.43187579591768,242.5998371553158,245.0784176857371,153774500
2020-04-09,254.4439697265625,257.1877938663387,251.94707971118206,253.8768892919125,189999200
2020-04-13,252.12088012695312,253.8129107475081,248.23379557966797,253.47451020572214,114839100
2020-04-14,259.5566711425781,260.5718728557948,251.98371629741587,256.98662431123626,134143400
2020-04-15,254.04165649414062,259.6939301162573,251.9380402749764,253.86787865263815,121775000
2020-04-16,255.26722717285156,256.11780634320706,252.21243826100684,255.31294643126998,131798300
2020-04-17,262.1633605957031,262.7669775669255,258.28540206750915,261.01094510010387,146684800
2020-04-20,257.5445251464844,262.3004990519238,257.3250281055535,258.47741548206835,100109300
2020-04-21,249.72462463378906,254.29766552191046,248.7917064291713,253.09953104215276,126385700
2020-04-22,255.26722717285156,257.00497766727835,253.2642324093466,254.58127082676452,92951600
2020-04-23,255.24888610839844,259.69389720469235,254.94707763393185,256.53848723165555,104709700
2020-04-24,258.806640625,259.47431454865233,254.71834153135325,256.7579275278854,85063200
2020-04-27,262.5382385253906,263.6540615008413,260.3157475870202,260.77305162758813,77896600
2020-04-28,261.3309631347656,266.51677504774557,261.029126853578,266.16921952958876,105270000
2020-04-29,268.1722412109375,269.6996490647606,265.6113496189512,266.6357062557457,118745600
2020-04-30,265.6753845214844,268.2728683089117,263.94676172651174,266.8003346785692,122901700
2020-05-01,258.6420593261719,265.8400213562658,257.4804890548701,260.9468619298038,125180000
2020-05-04,259.35546875,259.6572771920801,255.2946058776954,256.7671117660128,80873200
2020-05-05,261.751708984375,264.5504076936841,259.4834707215646,262.16329381700166,79569900
2020-05-06,259.9773864746094,263.82787926465915,259.54751949484415,263.44375944285997,73632600
2020-05-07,263.1145324707031,265.0352156540306,262.6115090255703,263.178561756195,75250400
2020-05-08,267.46807861328125,267.93453782182627,265.1083733470764,266.23335170995387,76452400
2020-05-11,267.5228576660156,268.8947697566106,265.12658901363613,265.54730090616414,79514200
2020-05-12,262.190673828125,269.1142348105391,262.05346030605693,268.7026779791938,95870800
2020-05-13,257.5537414550781,262.666399268781,255.13916178368657,261.6328872690551,144721100
2020-05-14,260.63592529296875,260.7639559394108,249.67890794003233,255.12999344010436,121977900
2020-05-15,261.8340759277344,261.8797951803383,257.31590846985506,258.25795394887507,111146300
2020-05-18,269.8094177246094,271.40998206704353,267.70583003920393,268.0259205783891,119703800
2020-05-19,267.03814697265625,270.9160766593907,267.0198648575471,269.2149188705736,95189300
2020-05-20,271.5746765136719,272.43441067742714,270.33082243687204,270.55947454613386,85861700
2020-05-21,269.69970703125,272.25147207031785,268.611320892823,271.4466122793838,78293900
2020-05-22,270.2118835449219,270.38566135817075,268.18145196368334,269.4161787745879,63958200
2020-05-26,273.5410461425781,276.3854925534355,270.2301684648863,276.147685456707,88951400
2020-05-27,277.611083984375,277.647676135296,271.5197887469561,276.32148280283,104817400
2020-05-28,277.098876953125,280.6384065978622,276.4312028479003,278.6354121938182,90405200
2020-05-29,278.33355712890625,278.918891827122,273.8977020474156,276.63237146672736,119090800
2020-06-01,279.4585876464844,280.0622325446133,277.181221644351,277.69340011943615,55758300
2020-06-02,281.7724304199219,281.818177568528,279.0469163460415,280.37308124642124,74267200
2020-06-03,285.5224304199219,286.47363092722657,283.4737166303105,283.7480879729792,92567600
2020-06-04,284.7724304199219,286.2724014480952,282.68712458654153,284.54377834208793,75794400
2020-06-05,292.0710144042969,293.83620174403694,290.0771749870268,290.1412042675265,150524700
2020-06-08,295.60137939453125,295.7934392999696,292.3362214439441,292.87583692887944,73641200
2020-06-09,293.3972473144531,295.6746133830512,292.0893360411857,292.9490702019485,77479200
2020-06-10,291.76007080078125,294.8606065808559,291.04667738676187,293.97343534314683,95000800
2020-06-11,274.94036865234375,285.49495551971415,274.3916260395954,284.86387360342525,209243600
2020-06-12,278.2330322265625,282.6871709677081,273.1020921557058,281.9189032095302,194678900
2020-06-15,280.83050537109375,281.9554837805879,271.4008947543793,272.5715924204111,135782700
2020-06-16,286.2357482910156,288.68691925578287,281.3974914516678,288.5405786077651,137627500
2020-06-17,285.04681396484375,287.5437045654918,284.3151106090864,287.25102322318884,83398900
2020-06-18,285.1565856933594,285.6321719795781,283.0804348201973,283.5377389878954,80828700
2020-06-19,283.5269470214844,288.79989229703216,281.5886165097205,288.6069871864401,135549600
2020-06-22,285.34576416015625,285.740769602764,281.7906591077808,282.92975500160884,74649400
2020-06-23,286.6593933105469,288.910055192761,286.2551925803986,287.98222696658627,68471200
2020-06-24,279.34710693359375,285.2447431567849,277.5190362259304,284.6292467086996,132813500
2020-06-25,282.3419189453125,282.6083304223183,276.7658087065028,278.77761765240314,89468000
2020-06-26,275.6358337402344,281.45999191166675,275.05711847124337,281.24869621906464,127961000
2020-06-29,279.68695068359375,279.82474000470745,274.6069121259045,276.8851316946332,79773300
2020-06-30,283.2696228027344,284.95993198050036,279.0990496919848,279.2552015830545,113394800
2020-07-01,285.2538757324219,286.5124263442875,283.921874858754,284.3811913050776,72396500
2020-07-02,286.82476806640625,290.01242543532555,286.1633512394865,288.6712011809494,69344200
2020-07-06,291.2525939941406,291.83133729460695,289.8838397361495,290.6279302554761,61713800
2020-07-07,288.2486572265625,291.6843356231875,287.87201433816693,289.71847561105767,82910000
2020-07-08,290.4533386230469,290.5635700836482,287.2565141278047,289.01107826646074,54638600
2020-07-09,288.79986572265625,291.29854876580123,285.40091218882344,291.0596951993123,83354200
2020-07-10,291.74871826171875,292.01512974268957,287.31173218555597,288.7356024495262,57550400
2020-07-13,289.2223815917969,296.4520180972743,288.57016007630955,294.0819575281441,102997500
2020-07-14,292.9704284667969,293.74207676938335,286.6134762105575,287.80768781432056,93657000
2020-07-15,295.6619567871094,296.75513200455663,293.29186858806787,296.17638888538494,87196500
2020-07-16,294.68829345703125,295.13841466446394,293.12660611390436,293.76966043976955,54622500
2020-07-17,295.5426025390625,296.32344617655446,293.7236991518469,295.6895871795454,62774900
2020-07-20,297.93109130859375,298.6751818708139,294.5321376523244,295.27622821454463,56308800
2020-07-21,298.56488037109375,300.3286397959149,297.58193646428316,299.88771395693493,57292200
2020-07-22,300.2643127441406,300.57667257601804,298.09635272630305,298.20658418016615,57792900
2020-07-23,296.6817626953125,300.60434429920406,295.3222035367767,299.90617411436045,75738000
2020-07-24,294.77099609375,295.79066538679007,293.2736196426377,294.8353071395609,73766600
2020-07-27,296.9205322265625,297.0950747233561,294.6698703686147,295.45990925427805,48293000
2020-07-28,295.0373229980469,297.30634724530006,294.7433537595441,296.19478131867083,57495000
2020-07-29,298.6659851074219,299.2263658690615,295.8733326700447,295.9100858432154,48454200
2020-07-30,297.6002502441406,298.0136461848674,293.63177817161494,295.7078690701992,61861700
2020-07-31,299.9520568847656,300.053121099359,295.18434905701736,299.38250887264957,84986800
2020-08-03,302.037353515625,302.7998065744939,301.063604773236,301.6055948819654,53077900
2020-08-04,303.2039794921875,303.2039794921875,301.182975853342,301.182975853342,41917900
2020-08-05,305.087158203125,305.344402327558,304.23283633651965,304.499247726503,42697700
2020-08-06,307.1265563964844,307.2459831711578,304.1869476378153,304.50847479244663,43679400
2020-08-07,307.3470764160156,307.631850428163,305.2617613816024,306.16203189273534,57308300
2020-08-10,308.26568603515625,308.4493958165676,305.8680393000417,307.7971742288162,44282100
2020-08-11,305.7210998535156,310.07544003010565,304.99539985279966,309.44158091644624,69601100
2020-08-12,309.9835205078125,310.755168860554,308.11869664674026,308.1462545152505,53774400
2020-08-13,309.42315673828125,310.7276279995597,308.5045236917194,309.2210563466594,41816100
2020-08-14,309.4324035644531,309.9652265194765,308.3116699396521,309.03739801692717,47260400
2020-08-17,310.41522216796875,310.81022755560656,309.4414736133761,310.4427800314214,35481000
2020-08-18,311.0859375,311.5085008913745,309.22108532762326,310.81033073952744,38733900
2020-08-19,309.79058837890625,311.9769111702149,309.23020772218825,311.4624789799715,68054200
2020-08-20,310.75518798828125,311.23286708334615,307.9441730893931,308.0727671388715,42207800
2020-08-21,311.85760498046875,312.0780679747212,310.08462162015525,310.42453944890786,55106600
2020-08-24,315.017578125,315.09105641524553,311.8299211267681,314.282655050301,48588700
2020-08-25,316.1199645996094,316.2026382005386,314.4204880441908,315.57797452610504,38463400
2020-08-26,319.2893371582031,319.5557205923027,316.16598999166297,316.70798019703517,50790200
2020-08-27,319.9873962402344,321.4296566689116,318.3338681796613,320.1527714738535,58034100
2020-08-28,322.0543212890625,322.18294335620885,319.8220499903276,321.0070943234452,48588900
2020-08-31,320.88763427734375,322.71570465324675,320.65797606793086,321.8430202781473,66099200
2020-09-01,323.90997314453125,324.0110093091774,320.82335195593424,321.71442700956277,54908700
2020-09-02,328.59503173828125,329.55958516400403,324.6724509289128,325.8115748999467,69540000
2020-09-03,317.2867126464844,327.3824818511358,314.714523042197,326.91396998023686,148011100
2020-09-04,314.69610595703125,319.52809635719643,307.62262081365446,317.96643711549046,139156300
2020-09-08,306.09765625,314.76038567556583,305.7945197326243,309.31287135263426,114465300
2020-09-09,312.1423034667969,314.5950377875089,309.2210293277964,310.0845465588693,91462300
2020-09-10,306.7223205566406,314.65929340975237,305.76693459029764,314.00707196819104,90569500
2020-09-11,306.8785400390625,309.5517654532482,304.0675252807341,308.49534310221514,84680200
2020-09-14,310.9205017089844,312.6842893155275,307.02550695570335,310.0294266223759,65605700
2020-09-15,312.4914245605469,314.19087331685137,310.92973712374885,313.3641091586168,52920900
2020-09-16,311.2511901855469,315.1461845137935,310.9755835087965,313.722314804491,82096000
2020-09-17,308.5137023925781,310.2223743451593,305.89559274386187,306.419220280496,91523300
2020-09-18,304.9618835449219,309.42586185068205,302.4900987895025,309.3151891223313,105877900
2020-09-21,301.5677490234375,301.71532202413385,296.73485287398734,300.39642527291704,99450800
2020-09-22,304.63909912109375,305.1924909636533,300.5440388915025,303.04352022017224,63612100
2020-09-23,297.5742492675781,305.4692242600831,297.076193756614,305.1925142443561,93112200
2020-09-24,298.3673400878906,301.41095239116913,294.95478119915913,296.26447402550286,76681300
2020-09-25,303.1910705566406,303.97501178267646,296.6518940041928,297.5188397783968,71069400
2020-09-28,308.22686767578125,308.9370364423363,306.3453468665424,307.3322255987747,64584600
2020-09-29,306.5482177734375,308.7617564876497,305.8564851660792,308.0239196318029,51304000
2020-09-30,308.8724365234375,312.008285169371,307.0185842537715,307.2122614897057,104081100
2020-10-01,310.85546875,312.4233793586627,308.9831799827863,311.4549648105674,88698700
2020-10-02,307.90399169921875,310.8277270180738,305.4598756326697,305.9302627773023,89431100
2020-10-05,313.3641662597656,313.54861143748366,309.9055025274307,309.95160678519085,45713100
2020-10-06,308.9095153808594,315.58706397531506,308.40225575554473,313.502632790524,90128900
2020-10-07,314.2864685058594,315.08887396765715,311.8238876072292,311.8515557905092,56999600
2020-10-08,317.07183837890625,317.13640685603946,315.30099019284074,316.2140965427438,45242500
2020-10-09,319.90338134765625,320.36453656708585,318.0956607685628,318.7135930004572,59528600
2020-10-12,325.0498352050781,326.51630530793193,321.9416537782736,322.43047714589153,80388500
2020-10-13,322.92852783203125,325.08673067665825,321.9693171855265,324.9114894581619,73255500
2020-10-14,320.8993835449219,324.588624372676,320.1707787470456,323.50030508369025,57727900
2020-10-15,320.50274658203125,320.9823376815257,316.47225611409266,317.00718356557996,60357700
2020-10-16,320.3091125488281,323.50029791303143,320.1338713616603,321.84935479813737,89501900
2020-10-19,315.43939208984375,322.19068289440474,314.5447498669606,321.5635185712875,68425600
2020-10-20,316.7029113769531,319.9309973867883,316.02041077038155,316.7766838154975,60051900
2020-10-21,316.1033020019531,318.814895529896,315.7989239537149,316.6566654593568,63575000
2020-10-22,317.8373718261719,318.418431878702,314.18503054171345,316.31556530320415,55399300
2020-10-23,318.91650390625,319.11018121824065,316.4723868612409,319.05484484338615,49143900
2020-10-26,313.0229187011719,316.33400943251553,309.5457907177374,315.55004001693953,91473000
2020-10-27,311.9438171386719,313.69620122734307,311.7316756189508,313.36418300170556,65994100
2020-10-28,301.2818298339844,311.97140084146156,300.79300659194,306.29919918276926,127094300
2020-10-29,304.3439025878906,307.49818742638644,299.8337926046557,301.51240377305834,90597700
2020-10-30,301.1712341308594,304.07650614801975,297.5373290450951,302.77604515722487,120287300
2020-11-02,304.546875,306.5390404964642,301.8168162223565,304.546875,86068300
2020-11-03,309.9239196777344,311.9714496081248,304.62986772162367,307.76571701813515,93294200
2020-11-04,316.85052490234375,320.9086850612525,313.2073875383157,314.3787116216634,126959700
2020-11-05,323.02996826171875,324.8284847044749,321.75717547412864,322.107657910906,82039700
2020-11-06,322.9561462402344,324.20127065202445,320.6411386081411,322.74400475930975,74973000
2020-11-09,327.01434326171875,336.0714373165098,326.55318810389855,335.69328670949596,172304200
2020-11-10,326.5346984863281,327.5861174374779,323.2789447318522,326.02741100790297,85552000
2020-11-11,328.9604797363281,329.78132139843365,327.4755452793895,328.71143790159545,58649000
2020-11-12,325.7691955566406,329.00651354142656,323.97070745695135,327.9550663459089,67546200
2020-11-13,330.2792663574219,331.01710320984637,327.1526214762621,327.6691129022936,62892200
2020-11-16,334.40203857421875,334.59571584824243,331.65354385962263,332.9355686346887,74541100
2020-11-17,332.6034851074219,333.802505202386,330.5006190703116,332.00398913327604,66111000
2020-11-18,328.6006774902344,333.4151378683076,328.5637772011029,332.8709782269809,70591300
2020-11-19,329.98419189453125,330.35311040072077,326.6362008611728,327.9735621111223,59940900
2020-11-20,327.7245178222656,329.92885302572876,327.6507453802579,329.7259436268605,70417300
2020-11-23,329.6889953613281,330.94335186636596,327.3002153270848,329.5229862809576,63230600
2020-11-24,335.0015869140625,335.54574667619727,331.3769137723778,332.22542358406326,62415900
2020-11-25,334.4850158691406,334.9461709627428,333.396696603441,334.9185027829936,45330900
2020-11-27,335.41650390625,335.8868628858985,334.41116119575486,335.5732808505766,28514100
2020-11-30,333.93157958984375,334.90922600615437,331.2661181405952,334.64174820647105,83872700
2020-12-01,337.5840148925781,339.11505340908474,336.5787000163199,337.16899213449574,74231400
2020-12-02,338.2941589355469,338.4509359040713,335.90537894601357,336.4772067543695,45927000
2020-12-03,338.2019348144531,339.5854001362347,337.1043834074392,338.1927027053722,62882000
2020-12-04,341.11651611328125,341.11651611328125,338.69083519350096,338.78307186528235,50749900
2020-12-07,340.4154357910156,340.90425902440904,339.1518754413008,340.35086732798777,48944300
2020-12-08,341.4115295410156,341.9741251709159,339.10575437584504,339.15185862048065,42458900
2020-12-09,338.34954833984375,342.22323481665705,337.51947467671783,342.0664578235537,74098300
2020-12-10,338.2388916015625,339.28107867484596,336.11756086582494,336.984534864023,57735400
2020-12-11,337.84228515625,338.24810398025454,335.03848183162887,336.5510562374535,57698600
2020-12-14,336.3296203613281,341.0702798634242,336.1543791823007,340.00042486586045,69216200
2020-12-15,340.8766174316406,340.8766174316406,337.49175481944405,338.8567558775116,63865300
2020-12-16,341.4115295410156,342.32460749948893,340.2125095671252,341.08871538855783,58420500
2020-12-17,343.3207702636719,343.52367965151916,342.2232187766809,343.04408843782375,64119500
2020-12-18,341.9499206542969,343.77461802271546,339.949235092986,343.6079012926033,136542300
2020-12-21,340.72723388671875,350.54540085962697,335.32725759827747,338.05041026334163,96386700
2020-12-22,340.1529541015625,341.16255404751814,339.03220968693654,341.0514095788478,47949000
2020-12-23,340.45867919921875,342.35746343749054,340.13448894065533,341.116302912313,46201400
2020-12-24,341.783203125,341.8109892466204,340.3475397301883,340.9310482842166,26457900
2020-12-28,344.7193908691406,345.1083965593925,343.70051933120067,344.32108544977285,39000400
2020-12-29,344.061767578125,346.41442964061537,343.47823072745575,346.2384414390911,53680500
2020-12-30,344.5527038574219,345.5808470308338,344.16369810171034,344.87689416495385,49455300
2020-12-31,346.30328369140625,347.02575115427703,343.8487486102848,344.3581702862446,78520700
2021-01-04,341.5886535644531,347.757426120549,337.9114732173505,347.62773872628424,110210800
2021-01-05,343.9413757324219,345.0250911405823,340.90330357734024,340.9496326301057,66426200
2021-01-06,345.99755859375,349.1745889500728,341.89431484994884,342.4407940338875,107997700
2021-01-07,351.13824462890625,351.879226704414,348.18353125617296,348.35951944577056,68766800
2021-01-08,353.1390075683594,353.35202512177233,349.2858377443825,352.51841303741696,71677200
2021-01-11,350.758544921875,352.50912740198214,349.86008915448537,349.9805051233097,51034700
2021-01-12,350.8325500488281,351.8421500854146,348.600304213812,350.9437227941285,52547700
2021-01-13,351.7773742675781,352.768431491567,349.98046294933357,350.75850265414215,45303600
2021-01-14,350.5454406738281,353.01851855461456,350.2120072157381,352.51834010082484,49989100
2021-01-15,347.9890441894531,349.73035497253096,346.1365606500185,348.9338006185688,107160000
2021-01-19,350.7214050292969,351.25864103080227,348.96155149790013,350.43427237101565,51233300
2021-01-20,355.574951171875,356.40856307524916,352.61096633026204,352.999972027398,61836100
2021-01-21,355.8991394042969,356.55679143284385,354.98216906964274,356.13069985378786,47840100
2021-01-22,354.639404296875,355.79720634900036,353.6761050748442,354.0558675399395,52860500
2021-01-25,356.0380859375,356.3900340645269,350.5454507834374,355.3711907354322,70402000
2021-01-26,355.4822692871094,357.39032470947745,355.2507088886021,356.9827761467726,42665300
2021-01-27,346.7940979003906,352.2681887861643,344.57112386081644,352.1755589789636,123351100
2021-01-28,349.77667236328125,353.7595005336595,348.1650207830178,348.6003272642872,94198100
2021-01-29,342.7743225097656,348.8875242713741,341.1070702475137,347.9242248487391,126765100
2021-02-01,348.47991943359375,349.508034136275,343.061399921302,346.1550437581806,75817600
2021-02-02,353.4075622558594,354.9543985638464,348.5633355300297,351.64770841562836,64450700
2021-02-03,353.6854248046875,355.3989777290151,352.41647810504685,354.2319040558715,52427100
2021-02-04,357.705322265625,357.7516230488669,353.79658074701985,354.7135510817987,47142600
2021-02-05,359.1131286621094,359.8170813348869,357.6589508091123,359.5670062748137,48669800
2021-02-08,361.7066650390625,361.7529658186462,359.7059795212632,360.558106078852,38365200
2021-02-09,361.4658203125,362.0586285633891,360.46549172244113,360.8730120616109,35551100
2021-02-10,361.3083801269531,363.346123344099,358.918688778351,363.1979212677015,59154400
2021-02-11,361.8918762207031,362.7996032364326,359.4743990216484,362.3827831768322,42913300
2021-02-12,363.6795654296875,363.92036905749677,361.0212279279476,361.09534309546916,50593300
2021-02-16,363.3646545410156,365.09675048774824,362.6514585158837,364.90221935362916,50972400
2021-02-17,363.4480285644531,363.69810367108147,360.6137026893847,361.62333111241526,52290600
2021-02-18,361.9012756347656,362.6422579286413,359.1410642967528,360.8546176513358,59712800
2021-02-19,361.2619934082031,363.4386667208575,360.81738728477296,363.15153409947,83241000
2021-02-22,358.4833984375,360.8823615464996,358.2147803740749,358.51118456360194,67414200
2021-02-23,358.9186096191406,360.26167120695595,352.15705744136244,356.2880869432202,107284100
2021-02-24,362.87371826171875,363.2998098164091,356.85314691923423,357.83496090759934,72433900
2021-02-25,354.1299743652344,362.97559950131625,352.69431104645696,361.61402308071797,146670500
2021-02-26,352.30523681640625,357.14021903605783,350.33236597810503,356.0009599735621,152701600
2021-03-01,360.84527587890625,362.0864647926419,352.49985630016823,357.14958006161066,105348800
2021-03-02,358.0295104980469,361.29914289591414,357.52933201527884,361.0675824477177,79595300
2021-03-03,353.28717041015625,358.29811382408514,353.18526911043256,357.33484267513,119940200
2021-03-04,348.9151916503906,355.6767434350753,344.45070074306943,353.1017931419144,183433000
2021-03-05,355.3341369628906,356.3807946921803,345.1547488924629,352.39793809635813,152039600
2021-03-08,353.5650329589844,359.08542635862597,353.28717171626954,356.2881862042194,123149200
2021-03-09,358.613037109375,361.15093050380403,356.89021272533046,357.39039119381505,113633600
2021-03-10,360.84527587890625,362.53104277568065,359.53929978707265,360.9471771777907,109899400
2021-03-11,364.5040588378906,366.46768760146233,362.8460775353154,363.29995539356196,86245000
2021-03-12,364.99481201171875,365.13374261718343,362.3457742453451,363.15160002369436,64653600
2021-03-15,367.17144775390625,367.4307942795085,363.1145048939015,365.24484933515953,73427200
2021-03-16,366.7082824707031,368.486650354424,365.93948618209583,367.78272602266475,73722500
2021-03-17,367.95880126953125,368.75535559488856,364.2908636411773,365.43015115301284,97959300
2021-03-18,362.6051330566406,367.458630815987,361.92896639831395,365.3838583264933,115349100
2021-03-19,361.9342041015625,363.8763863440196,359.7689764719853,362.30590860111545,113624500
2021-03-22,364.8242492675781,366.1995871570597,362.3895521009953,362.4453063598302,73778600
2021-03-23,361.9527893066406,365.6327121636265,361.17220132844585,364.1923465537259,90686600
2021-03-24,360.11285400390625,364.972975381263,360.06640156970496,363.34674315486654,97588600
2021-03-25,362.13861083984375,362.9284721903629,356.7487968597733,358.681705445465,116128600
2021-03-26,367.97442626953125,368.3740078236016,362.6868477914323,363.28156920877854,114409100
2021-03-29,367.7886657714844,368.6900641641759,365.0287163307063,366.5062610108265,108107600
2021-03-30,366.8128662109375,367.48194559201005,365.2237849563697,366.5247931234567,76262200
2021-03-31,368.2996826171875,369.8515849113352,367.3518319807586,367.3797091065585,112734200
2021-04-01,372.2771301269531,372.33291276029087,370.01899694843166,370.2234387398561,99682900
2021-04-05,377.620361328125,378.15935697469143,374.85113861446,374.92546817300206,91684800
2021-04-06,377.3973083496094,378.43809222549146,376.72822894950895,377.062782829176,62021000
2021-04-07,377.8341064453125,378.17793382855064,376.7747471661256,377.2300830672533,55836300
2021-04-08,379.6274719238281,379.683226163775,378.1499278467833,379.079202991533,57863100
2021-04-09,382.38751220703125,382.55480332633414,379.38597091748704,379.5067812528372,61104600
2021-04-12,382.5269470214844,382.796416474297,381.1887881496238,381.79281150001924,56704900
2021-04-13,383.66064453125,384.2832715540899,382.04371434066746,382.42472067416116,56551000
2021-04-14,382.3503723144531,384.68283426978144,381.81137670460754,383.6327485367833,61659900
2021-04-15,386.4577941894531,386.7272920226282,384.43198042379737,384.4784328546867,60229800
2021-04-16,387.74945068359375,388.3534740033724,386.32766049921406,387.74014885492164,82037300
2021-04-19,385.84442138671875,387.26621157931834,384.52486623240225,386.82017754821817,78498500
2021-04-20,383.01947021484375,385.73293861586444,381.55119913988244,384.63640040393466,81851800
2021-04-21,386.6435852050781,386.8480269077358,382.26667807443886,382.4060920583846,66793000
2021-04-22,383.11236572265625,387.303406925715,382.05300649472724,386.47636655189376,97582800
2021-04-23,387.26629638671875,388.66951158839044,383.5956748588698,383.6700044272526,73209200
2021-04-26,388.07464599609375,388.6415186781956,387.33123709676823,387.9166850756221,52182400
2021-04-27,387.9910888671875,388.567263487537,386.85737164526927,388.3720952177508,51303100
2021-04-28,387.8796081542969,389.37575653373204,387.4149703801879,388.2606145321749,51238900
2021-04-29,390.3514099121094,390.96473505982385,386.9874376079578,390.5930305834243,78544300
2021-04-30,387.7866516113281,388.93897250611576,386.89455507926465,388.0933284049745,85527000
2021-05-03,388.62298583984375,390.1469827577325,388.1304710094045,389.76597643845156,68128300
2021-05-04,386.22540283203125,387.136102852293,382.5547823442994,386.64358806850186,101591200
2021-05-05,386.34625244140625,388.0932947530025,385.7886815225001,387.8609759000612,60162200
2021-05-06,389.4314880371094,389.5615718594526,384.42267951252586,386.4206161525747,74321400
2021-05-07,392.26568603515625,392.9161900904021,389.5150390811732,390.1934202611164,67733800
2021-05-10,388.38134765625,392.8418580569698,388.2605373215281,392.61884104470386,81852400
2021-05-11,384.9151306152344,385.9001602068303,381.05864362633724,383.88364860033465,116888000
2021-05-12,376.737548828125,383.4097394915113,375.42726709184967,382.14593854145664,134811000
2021-05-13,381.2631530761719,383.18676017783554,378.2337058547637,378.28018664555873,106394000
2021-05-14,387.1175537109375,387.9631977718594,383.95802285908553,383.9858999881605,82201600
2021-05-17,386.1324462890625,386.9409395879858,384.12520832194707,386.0116643268711,65129200
2021-05-18,382.8056945800781,386.6343045309309,382.6477052906037,386.3926838620524,59810200
2021-05-19,381.8021545410156,381.9787191715062,376.6632616728331,378.14083481414684,106467100
2021-05-20,385.9095153808594,387.16404293504047,382.5548445523857,382.6756265415183,78022200
2021-05-21,385.5935363769531,388.6229832530187,385.1382005063425,387.3870310910262,76578700
2021-05-24,389.5244140625,390.59307518890176,387.5822033599882,387.82382405889604,51376700
2021-05-25,388.6602478027344,390.9555598458835,388.08410142383946,390.6024305532078,57451400
2021-05-26,389.4314880371094,389.93327638516723,388.2141394088324,389.2456215946333,43088600
2021-05-27,389.6358642578125,390.9647211844155,389.3570646409822,390.453631092409,56707700
2021-05-28,390.3328552246094,391.457270541841,390.10053636968837,391.19707455869894,58520200
2021-06-01,389.989013671875,392.8232922551266,389.55225310614026,392.68390661909086,54216600
2021-06-02,390.60235595703125,391.43872658911135,389.6359298618181,390.63953491738175,49097100
2021-06-03,389.1526794433594,390.2863966542775,386.83879259158886,388.2977618897576,58138800
2021-06-04,392.7117919921875,393.0091669281305,389.21770739294345,390.99262682035794,55938800
2021-06-07,392.330810546875,392.87907966771104,391.4015350825624,392.7025150607527,51555000
2021-06-08,392.4144287109375,393.27864805740666,390.59305680285246,393.18571484226,47134300
2021-06-09,391.82891845703125,393.325066413478,391.6059014634664,393.250708509469,48436300
2021-06-10,393.6503601074219,394.5982392171646,391.7360549474813,393.0463367362392,51020100
2021-06-11,394.3008728027344,394.4123813217684,392.91626142600035,394.1986661133654,45570800
2021-06-14,395.1837158203125,395.285922514848,393.17647729852365,394.41240125927584,42358500
2021-06-15,394.4588317871094,395.3695035287047,393.585310642845,395.3323529313738,51508500
2021-06-16,392.2564392089844,394.82124847769757,390.22135210226025,394.59823144884797,80386100
2021-06-17,392.1263122558594,393.1020400089684,389.6637383024435,391.84754100046604,90949700
2021-06-18,386.83636474609375,389.54937784816065,386.63125419537954,388.85947347394546,118676300
2021-06-21,392.374267578125,392.56074204937937,387.7779592270013,388.5890691181396,72822000
2021-06-22,394.4720458984375,395.3018204521082,391.64713072526837,392.3650319575485,57700300
2021-06-23,393.99658203125,395.34842259301394,393.91267704068656,394.54664482628675,49445400
2021-06-24,396.327392578125,396.7469175537267,395.87987081880055,396.13161425617756,45110300
2021-06-25,397.7352294921875,398.1827513185898,396.7469770210668,397.0732932412339,58129500
2021-06-28,398.5369567871094,398.7047667692016,397.0639106353862,398.25727348362227,53159600
2021-06-29,398.7514343261719,399.5532121672935,398.2200075512794,398.91924432286936,35970500
2021-06-30,399.0870056152344,399.75827397212026,398.26656335103905,398.29453168040874,64827900
2021-07-01,401.2966003417969,401.45510651405067,399.77692134836326,399.84219026940974,53441000
2021-07-02,404.3639831542969,404.71826768717443,401.38056141092403,402.45274727158574,57697700
2021-07-06,403.62738037109375,404.63429713848,400.9050347893744,404.4198543106815,68710400
2021-07-07,405.05389404296875,405.3336058400532,402.3035796430938,404.3080528214478,63549500
2021-07-08,401.7535095214844,402.5086829915684,398.5836132571109,399.75834018924974,97595200
2021-07-09,406.0421142578125,406.3404621035636,401.55767811817753,403.25449948236826,76238600
2021-07-12,407.49652099609375,407.74826443657537,405.529348587086,405.95820582921755,52889600
2021-07-13,406.1073913574219,408.2051016773012,405.8463441001398,406.7133908705391,52911300
2021-07-14,406.71337890625,408.2796908558834,405.47341158364054,407.7948684980379,64130400
2021-07-15,405.32421875,406.05142380082106,403.43161916568266,405.3801554114466,55126400
2021-07-16,402.14508056640625,406.5456121361388,401.7535238763816,406.49900772847565,75874700
2021-07-19,396.2062072753906,402.21032270665535,393.40926015344803,397.3436335763946,147987000
2021-07-20,401.88397216796875,403.1519362165868,396.07563556513816,396.8681095390226,99608200
2021-07-21,405.13775634765625,405.2776264574665,401.8373794156442,403.07734671744265,64724400
2021-07-22,405.9861145019531,406.22852564545667,404.33592624936387,405.3148461793383,47878500
2021-07-23,410.16290283203125,410.4985227710104,407.2261145579136,407.90668669595885,63766600
2021-07-26,411.1698303222656,411.1791625832427,409.5289741551596,409.57557855601476,43719200
2021-07-27,409.2958679199219,410.1629145724487,406.48025668627827,410.1349462433999,67397100
2021-07-28,409.1280212402344,410.49852624000596,407.7109118436593,409.9204951499821,52472400
2021-07-29,410.8248291015625,411.8969862615193,410.04168747728073,410.051019737145,47435300
2021-07-30,408.82977294921875,410.27485092545965,408.13983997332065,408.27037783028055,68951200
2021-08-02,407.9720153808594,411.08594634074757,407.6177308698033,410.535883503272,58783300
2021-08-03,411.2910461425781,411.4122517302362,406.5828634584257,408.7644786802241,58053900
2021-08-04,409.2679138183594,411.2630544145641,409.03483491751217,410.0137549202648,46732200
2021-08-05,411.8597412109375,411.9436461991985,410.10698336189347,410.4239672459952,38969700
2021-08-06,412.5403747558594,412.95992821159984,411.8970746314669,412.17678641929984,46930000
2021-08-09,412.2046813964844,412.8293168859831,411.4401758119517,412.51233301113086,41222600
2021-08-10,412.7174072265625,413.4259760914882,411.97156622812196,412.6521383148961,43339300
2021-08-11,413.7430114746094,413.8362487240308,412.6615219757521,413.78031206478073,44034300
2021-08-12,414.98297119140625,415.1228412890176,412.69881510793675,413.59383009177725,38909400
2021-08-13,415.7381591796875,415.75679524781077,414.94568527825686,415.43047911757316,39470300
2021-08-16,416.7170715332031,416.84758091171517,412.89457218859576,414.4422193750275,73740000
2021-08-17,413.9853515625,414.84306582509663,411.0112630642173,414.17179757732106,92673900
2021-08-18,409.4543151855469,414.5354460503362,409.21193250248587,412.97846664369814,89351900
2021-08-19,410.08831787109375,411.28170912890874,406.60146670220803,406.741308348979,92812200
2021-08-20,413.3514404296875,413.67775658772473,409.94849410047595,410.4333164331078,72008700
2021-08-23,416.9874572753906,417.89180448672965,413.4260050862399,415.02958895216034,54973000
2021-08-24,417.6494140625,418.18084077483024,417.1366518711725,417.6494140625,38744700
2021-08-25,418.5258483886719,419.03861064787276,417.4629948233235,417.8359438685796,40529700
2021-08-26,416.0551452636719,418.4791429251638,415.9619080185347,418.24606403832706,57829600
2021-08-27,419.7751159667969,420.1480365315559,416.80102680571815,416.85696346783124,77235100
2021-08-30,421.6210632324219,422.40420486497374,420.203925414651,420.44633655758804,48357400
2021-08-31,420.9964904785156,421.86353728246513,420.3998232039332,421.5279172752659,59300200
2021-09-01,421.2201843261719,422.44151550812524,420.9871054219515,421.92875329964636,48721400
2021-09-02,422.51611328125,423.3178910483312,421.322750439352,422.6373188627889,42501000
2021-09-03,422.4136047363281,422.92639546669517,420.98716278621146,421.3880801796311,47170500
2021-09-07,420.9031677246094,422.16179940000075,420.2318993945348,422.06856215515467,51671500
2021-09-08,420.39044189453125,421.09901087419547,418.47917779201987,420.3718058247561,56181900
2021-09-09,418.591064453125,421.9380740118784,418.34865329472603,420.1946484083509,57970400
2021-09-10,415.2906799316406,420.93117815889764,415.16947434641764,420.51165319314345,89948200
2021-09-13,416.353515625,418.5351593108477,414.0506948028417,418.2741120636888,83738600
2021-09-14,414.106689453125,417.99443010602226,413.2209781306569,417.7893195077674,78197100
2021-09-15,417.5654602050781,418.0595862695876,413.4259772128812,414.52610264676866,78792200
2021-09-16,416.9034729003906,418.01290200520714,413.9666567487953,417.04331451427447,77786700
2021-09-17,412.842529296875,416.5556814670835,412.48710977006306,416.13481245625456,118425000
2021-09-20,405.9586181640625,408.31556968382773,401.11373055869257,406.7442686706509,166445500
2021-09-21,405.5751953125,409.5782885516768,405.05142823770416,408.2875666376567,92526100
2021-09-22,409.5314636230469,411.5610822337272,405.687384755819,407.838568692879,102350100
2021-09-23,414.5073547363281,416.1067425610066,411.15898434825647,411.39280997305156,76396000
2021-09-24,415.1900939941406,415.9009329556939,412.6647660835853,412.8798959122565,62094800
2021-09-27,414.0024108886719,415.3211626097241,413.31026746449555,414.1613963673581,61371100
2021-09-28,405.6593933105469,411.57051184242243,404.9298585168966,411.2431502653508,130436300
2021-09-29,406.3421630859375,408.7645930197675,405.7809759041746,407.03427776898445,82329200
2021-09-30,401.3757019042969,408.5120355292715,401.0389781842043,407.81055870084094,140506000
2021-10-01,406.1456604003906,407.81985950445574,399.5892107063991,403.0965943208825,129240100
2021-10-04,400.9080810546875,405.8838687084721,398.77556393327893,404.98598629215144,128570000
2021-10-05,405.0795593261719,407.31491768424513,401.609594693182,402.40457906385245,90682500
2021-10-06,406.76300048828125,406.96876815418193,399.8791886529931,401.49724350728303,113032200
2021-10-07,410.27984619140625,413.104449797126,409.849614983037,410.02732476233155,72437500
2021-10-08,409.5314636230469,411.4301547502559,408.90482704747944,411.04667737060987,74557400
2021-10-11,406.5666198730469,411.7762613135145,406.5011418518959,408.8768180412666,65233300
2021-10-12,405.5657958984375,407.8853559760008,404.7801453584149,407.4831828203635,71181200
2021-10-13,407.02490234375,407.83861088635894,403.62041636017756,406.5853090624002,72974000
2021-10-14,413.871337890625,414.0209897091665,410.20493969427326,410.6725909235282,70236800
2021-10-15,417.0233154296875,417.38809710044063,415.35847814408345,415.97578121085803,66260200
2021-10-18,418.2579345703125,418.59462977547827,414.5915361472241,415.2462593259366,62213200
2021-10-19,421.4847412109375,421.55019069451413,419.26805026281613,419.87601973520236,46996800
2021-10-20,423.1402282714844,423.4395319365722,421.8308104156858,421.94304215430157,49571600
2021-10-21,424.2437744140625,424.4682378362627,422.11128627367634,422.5415173472805,41305400
2021-10-22,423.80426025390625,425.25399624119467,421.86817724672443,423.81362241263184,58845100
2021-10-25,426.0769958496094,426.40435739743305,423.1214653908989,424.8891720800844,45214500
2021-10-26,426.46044921875,428.8267630097883,426.086333989396,427.62024353585866,56075100
2021-10-27,424.57110595703125,427.5827803459465,424.49626579280755,426.9187237400485,72438000
2021-10-28,428.6678466796875,428.74265832035,425.98353308393456,425.992866699538,51437900
2021-10-29,429.5376281738281,429.8275696350324,426.08636002655044,426.3763014877547,70162400
2021-11-01,430.27655029296875,430.8938533397437,428.5555971973382,430.5197095224262,48433600
2021-11-02,432.01617431640625,432.32484009362486,430.31391709227427,430.4448731294371,48908400
2021-11-03,434.6536865234375,435.0558596625653,431.01534687131965,431.4549400945778,52509800
2021-11-04,436.7021179199219,436.78629172441015,434.90632446133264,435.2523818386185,52847100
2021-11-05,438.21722412109375,440.2000606050428,436.71140098602126,438.9187009079529,66390600
2021-11-08,438.5912780761719,439.80718812937977,437.9085256999956,439.3114790776635,50405200
2021-11-09,437.1416320800781,439.189946581114,435.73867850639124,438.9561209854995,51149100
2021-11-10,433.6249084472656,437.14165472126496,432.1471431654352,435.45809321974474,69429700
2021-11-11,433.7652282714844,435.1869063329562,433.7465324971055,435.1120661491066,34848500
2021-11-12,437.0387878417969,437.59061289028136,434.08322852376944,435.02789318029676,53466700
2021-11-15,437.1883850097656,438.47910686218404,436.06603927869656,438.32012144161854,46980500
2021-11-16,438.91876220703125,440.0504702557984,436.8517516451615,436.926563287216,48857500
2021-11-17,437.8524475097656,438.83450354133987,437.23514454531596,438.65679381476366,47858300
2021-11-18,439.339599609375,439.601483135465,436.1689108233059,438.88128203134477,50625600
2021-11-19,438.553955078125,440.4713135766684,438.1891734422036,439.2273454032156,57315600
2021-11-22,437.3194274902344,442.903184949133,437.1136597840557,440.4246388586872,72762000
2021-11-23,437.8992919921875,438.7504207161458,434.4012696782756,436.9920474001148,73206500
2021-11-24,439.068359375,439.189953253473,435.0933241891635,435.9070327073579,61858800
2021-11-26,429.2757568359375,433.88679095900204,428.1533825042478,432.4277214537044,112669600
2021-11-29,434.5415954589844,436.3747805704496,431.857281552832,434.0458862206688,86268800
2021-11-30,426.0863342285156,434.00834623655254,425.84314648487594,432.10968361693193,148559600
2021-12-01,421.35369873046875,434.6069452761653,421.1572932336897,431.77298036427726,131939200
2021-12-02,427.8073425292969,429.369310207567,421.1760514660489,421.56889106102784,127637800
2021-12-03,424.08489990234375,430.51975754780614,419.87603837650664,429.4628896298023,137331600
2021-12-06,429.1074523925781,430.9780574380259,424.21580992319184,426.61954425695245,98977500
2021-12-07,437.98345947265625,438.5446466888678,428.9764917091224,434.3638433156849,95484700
2021-12-08,439.1432189941406,439.59217446913857,436.62725298872556,438.37629263787375,72238800
2021-12-09,436.1783142089844,439.24610518022257,435.9819086816433,437.8618472439546,61272600
2021-12-10,440.2842712402344,440.4339230591345,436.3279600988827,438.8719839338528,77159800
2021-12-13,436.38409423828125,440.11594207915067,436.1034863624048,439.76988472108684,87724700
2021-12-14,433.3817138671875,435.60773818463684,430.47293705354144,433.1291924903542,97264100
2021-12-15,440.1533203125,440.39647953000116,430.9312236978613,433.4378558520737,116899300
2021-12-16,436.2718200683594,442.2764455495963,434.72854825907325,441.9958662441794,116568600
2021-12-17,431.62860107421875,436.19952155606984,429.9297585264146,433.20542255890297,135511600
2021-12-20,427.0389099121094,427.4331009530433,423.43473432064894,426.56961576775086,107134800
2021-12-21,434.62274169921875,434.76352423036354,428.2872700067012,430.4460118667737,69806300
2021-12-22,438.9683837890625,439.08100980710736,434.1721824687357,434.3693066437573,58890200
2021-12-23,441.69970703125,443.19205915092374,439.860081786321,439.96331276152887,56439700
2021-12-27,447.9507141113281,447.9976320744908,443.02312495455095,443.07004291771364,56808600
2021-12-28,447.58465576171875,449.4055195900255,446.8244014321464,448.3824616482978,47274600
2021-12-29,448.1571350097656,449.1707977326842,446.6929396080829,447.6878408773432,54503000
2021-12-30,446.9182434082031,449.5838309519996,446.45834427104364,448.5795345178264,55329000
2021-12-31,445.7919616699219,447.57527399414477,445.5197916430219,446.43022358419387,65237400
2022-01-03,448.3730163574219,448.5044324704969,444.750079206989,447.04960339482227,72668200
2022-01-04,448.2229309082031,450.5037227535474,446.3739104001781,449.79038632097485,71178700
2022-01-05,439.6160583496094,448.62651310720656,439.522193776869,447.85686371156027,104538900
2022-01-06,439.2031555175781,441.9062952915616,436.84728894560135,439.15623754455873,86858900
2022-01-07,437.4666442871094,440.385668974707,436.1150747602866,439.21243352735695,85111600
2022-01-10,436.9222412109375,437.1380981844354,428.5594161640464,434.2848104246131,119362000
2022-01-11,440.9018859863281,440.9957505518421,433.674744093411,436.6594768734693,74303100
2022-01-12,442.0938415527344,444.1399857731622,440.1415905324824,442.628843747025,67605400
2022-01-13,436.0024719238281,443.8396908575435,434.9794139965531,443.1920625646944,91173100
2022-01-14,436.1807556152344,436.52802870303964,431.6567531379873,432.8675400643002,95890900
2022-01-18,428.4563293457031,431.71323315006526,427.34880159846716,431.5067424985931,109709100
2022-01-19,424.00732421875,431.3846155465078,423.73512555326494,429.99552299874756,109357600
2022-01-20,419.31439208984375,430.56805849452223,417.2025680670074,425.88451127200136,122379700
2022-01-21,411.0828857421875,420.5438425539786,411.0547292408569,418.1973719649646,202271200
2022-01-24,412.8286437988281,413.3354894633789,394.92039296691144,405.49827201128943,251783900
2022-01-25,407.78851318359375,412.7161024030997,400.9180390545414,406.4651000702844,167997300
2022-01-26,406.7654113769531,416.7707663219055,402.52297383173703,413.6546462199283,186391100
2022-01-27,404.7568054199219,414.47119995985975,403.0767530024136,411.3457135541372,149878300
2022-01-28,414.8091125488281,414.856030506667,401.54685522592445,406.10838063603705,164457400
2022-01-31,422.2802429199219,422.6275159894099,412.8004958679128,414.1426701907494,152251400
2022-02-01,425.1336669921875,425.7719002894428,419.4927410147947,423.0030527931463,123155400
2022-02-02,429.2634582519531,429.98616108876035,425.22751049662656,427.52706378997823,117361000
2022-02-03,419.173583984375,425.15238749253155,418.33822656188164,423.2564492415284,118024400
2022-02-04,421.1446533203125,424.9740816327315,416.5737034611267,418.9389647113515,118454400
2022-02-07,419.79302978515625,423.2939459588078,418.46961678958075,421.90485354850045,84472900
2022-02-08,423.2470703125,424.16689728857614,417.87834332944396,419.295621029324,81012000
2022-02-09,429.4417724609375,429.7608891004601,427.06714480037397,427.2642403570165,92589900
2022-02-10,421.72650146484375,429.6012424004276,419.73669885351933,423.6224395175612,140103700
2022-02-11,413.4106140136719,423.87586832148435,411.98397004230856,421.8109911505724,153214600
2022-02-14,412.0589904785156,414.48056412906124,408.6049926996046,412.90374279218094,123006300
2022-02-15,418.7042541503906,418.8731931731084,415.96356366027453,416.4798044209463,88482700
2022-02-16,419.173583984375,420.5439150243388,414.79975861551924,416.66754036033973,84863600
2022-02-17,410.219482421875,419.14546811188006,409.6188006839309,416.0011909472556,102259100
2022-02-18,407.563232421875,411.72117196742954,405.3012310451236,410.4728334127503,132642900
2022-02-22,403.189453125,408.75527583891903,399.70726930226397,405.36698523466555,124391800
2022-02-23,396.0373840332031,406.6528164705641,395.47422526850164,406.08965770586263,132578000
2022-02-24,401.99737548828125,402.4291467489523,385.42193057202616,385.7785700815535,213942900
2022-02-25,410.8670959472656,410.95156547095496,401.5844423836347,403.22697217896933,121804500
2022-02-28,409.81585693359375,411.2894475933548,404.2500346060891,405.4983445727152,145615000
2022-03-01,403.57421875,410.32267110583143,400.88044619372215,408.32347338837735,137785900
2022-03-02,410.9984436035156,412.7160475859228,405.06655868510256,405.8174178662053,117726500
2022-03-03,408.95233154296875,414.02070302306777,407.1596243152398,413.42002135958006,105501700
2022-03-04,405.6297607421875,406.7560496342077,401.6032084928617,405.23554101174136,113978200
2022-03-07,393.67205810546875,405.751684155261,393.6063500543305,405.04774297619673,137896600
2022-03-08,390.6873779296875,400.97429762630316,389.62676857301784,393.85041590198745,164772700
2022-03-09,401.1621398925781,403.13318159739464,396.8540218391154,399.03155417288315,116990800
2022-03-10,399.3505554199219,400.2421971081939,394.62006242432875,396.57231346186796,93972700
2022-03-11,394.2727966308594,402.4384977081336,393.7659509253849,401.82842103783685,95636300
2022-03-14,391.3913269042969,398.4776572170098,390.2556430646185,395.04244919429476,95729200
2022-03-15,399.9981994628906,400.627037600933,392.7241399369661,393.9912112622118,106219100
2022-03-16,408.8678283691406,408.92414137534934,398.7122961456911,403.48973577211655,144954800
2022-03-17,413.9832458496094,413.9832458496094,406.5871637208612,406.96259340058754,102676900
2022-03-18,418.5174560546875,418.8375640496455,411.6444865688326,412.3788587296018,106345500
2022-03-21,418.39501953125,420.34391117574114,414.90201864341753,418.3479270869368,88349800
2022-03-22,423.2908630371094,424.22294298577435,419.77904208379323,419.77904208379323,74650400
2022-03-23,417.83953857421875,422.2551954239961,417.75480664692736,420.7676314797247,79426100
2022-03-24,424.13818359375,424.1476078293655,418.7433833523975,419.8543513228499,64736900
2022-03-25,426.2095031738281,426.48254741421493,422.1986864207948,424.76900301684685,77101300
2022-03-28,429.2412109375,429.2412109375,423.73340526599765,425.6164137873708,68529800
2022-03-29,434.55120849609375,435.0408090198134,430.43684015134215,433.11070836365906,86581500
2022-03-30,431.8679504394531,434.22171073456144,429.7683859125433,433.41200225218296,79666900
2022-03-31,425.2209777832031,431.9244832020018,424.7690454159792,431.1053791315065,121699900
2022-04-01,426.4261169433594,426.9345085502842,422.86723203273846,426.7932886594718,89048800
2022-04-04,430.0791320800781,430.1827124889648,425.8047234508301,426.6238275552801,59601000
2022-04-05,424.6466979980469,431.04891596697667,423.5074858006422,428.5916034503726,74214500
2022-04-06,420.4004821777344,422.66951094806757,417.52890560703577,420.7488628977492,106898000
2022-04-07,422.51885986328125,424.32656069949695,417.5853866950133,419.5248831878406,78097200
2022-04-08,421.38909912109375,424.27010006715244,419.8544424687462,421.7656951059346,79272700
2022-04-11,414.18658447265625,418.96941367640034,413.68758834274337,418.13146105748064,89770500
2022-04-12,412.6518859863281,419.6754993093874,411.1078052988178,417.1616704401845,84363600
2022-04-13,417.3782958984375,418.13148789412384,412.22826589543115,412.4071540225824,74070400
2022-04-14,412.1811218261719,418.7151631152427,412.0775414258065,417.6041663493815,97869500
2022-04-18,412.3506164550781,414.02649286644555,410.1286514899628,411.2584680800119,66002500
2022-04-19,419.00701904296875,419.72254266588925,412.0775334906012,412.24699734346973,77821000
2022-04-20,418.69635009765625,421.3890672136186,417.53831825026737,420.77709519303664,65224400
2022-04-21,412.4353942871094,423.68638279053573,411.5315581539449,422.3023702432998,85417300
2022-04-22,401.11846923828125,412.4541594531157,400.55356095514185,411.35261559680123,132471800
2022-04-25,403.4440612792969,403.61352517620196,394.339701051996,398.8871834126549,119647700
2022-04-26,391.7598571777344,401.1184101209489,391.7316132043615,400.9206735749141,103996300
2022-04-27,392.8614807128906,398.18100288274366,390.7337005773798,392.8332367337777,122030000
2022-04-28,402.7849426269531,404.5079115448034,393.1721919995158,397.58784935923745,105449100
2022-04-29,387.8996887207031,400.9583459743796,387.15589243754323,398.811717778329,145491100
2022-05-02,390.23468017578125,391.5904485536996,381.328029550651,387.96565155346553,158312500
2022-05-03,392.0235595703125,394.42438400889665,389.1801982351646,390.73370329446914,100028200
2022-05-04,403.9618225097656,404.52673082205837,389.5097261213919,392.6825909354839,144247900
2022-05-05,389.60382080078125,400.1392542887666,385.48945235975316,399.7155659383141,172929100
2022-05-06,387.2783508300781,390.53594745704976,381.996525832566,387.0523990067409,151770800
2022-05-09,374.8787841796875,382.6367705084989,373.30645933793636,381.40340215959606,155586100
2022-05-10,375.7449035644531,382.32600865511546,371.72469101869683,380.829020441603,132497200
2022-05-11,369.7758483886719,380.4054409743214,369.0320518770671,374.7846586286386,142361000
2022-05-12,369.3897705078125,372.6473671369606,362.62035271566276,366.5935017624292,125090800
2022-05-13,378.2210693359375,379.59565742635624,372.46846371843355,373.50412408755506,104174400
2022-05-16,376.6864318847656,380.33947297147097,374.3420954969533,376.5828802088455,78622400
2022-05-17,384.4349365234375,384.6703125334466,379.03068379558096,382.7496362466939,83029700
2022-05-18,368.93780517578125,380.17936710911766,367.70443702868755,379.89692735498426,117674500
2022-05-19,366.67816162109375,371.0844224400129,364.46562134290997,365.8873016619092,98510700
2022-05-20,366.8382873535156,373.80541271191623,358.2800175928373,370.2465279725012,131432200
2022-05-23,373.701904296875,374.46452049127714,367.5444580490805,369.85112637485844,76414900
2022-05-24,370.8491516113281,372.03542752036105,364.3245048157043,369.59693477146396,91448800
2022-05-25,374.12554931640625,376.0838942993882,368.96612427599865,369.3615399815034,91472900
2022-05-26,381.60107421875,383.2298868677585,375.14236904234315,375.34950112064234,82168300
2022-05-27,390.96905517578125,391.08203108602834,383.85128550592344,384.0489933488559,84768700
2022-05-31,388.7753601074219,392.0988691063854,386.04500340916127,389.359088170834,95937000
2022-06-01,385.6307067871094,391.89170405110434,383.1263021350257,390.8843163808003,86585800
2022-06-02,392.9744873046875,393.0215510259649,383.2299122085265,385.47069700399817,79609600
2022-06-03,386.525146484375,389.8204112199368,385.5553982972068,388.276330523708,71874300
2022-06-06,387.7020263671875,392.2400548190691,386.5345416096812,390.517114758432,57508900
2022-06-07,391.4209289550781,391.8728612940174,383.7664955630781,384.22785213796186,59272400
2022-06-08,387.1653137207031,391.49623828881266,386.37445373160176,389.7167817640161,64350000
2022-06-09,377.9574279785156,387.6549092229484,377.9574279785156,385.3953050112038,86289800
2022-06-10,366.9983825683594,372.6285889009698,366.95131884403355,371.78124073607813,132893900
2022-06-13,353.0640563964844,359.4756973620504,351.4634878478497,357.63035727236417,170004900
2022-06-14,352.00018310546875,355.8321122307695,348.91205036955256,354.8058760643675,104011800
2022-06-15,357.0184326171875,361.4434854707774,350.352566259201,355.2860394664343,125666800
2022-06-16,345.2024841308594,349.24154490080923,342.78281161668144,348.8367050199727,134473300
2022-06-17,345.94659423828125,349.2750226459903,342.45746377582697,345.6156674715694,111113900
2022-06-21,354.6554870605469,356.03601328363504,351.57291493088456,351.6485768057813,76811900
2022-06-22,354.0124206542969,358.1067313139649,350.0315450667165,350.44759870939254,90059400
2022-06-23,357.4826965332031,358.2107760726569,352.5941088918545,356.1400013974263,79292100
2022-06-24,368.848388671875,368.85785361765244,360.6124718749588,360.64083785574906,98050300
2022-06-27,367.4394836425781,370.058705296432,366.35208260935923,369.76558055330014,66009600
2022-06-28,359.93170166015625,371.76080759717377,359.81823772369825,368.99029067465796,86548900
2022-06-29,359.63861083984375,361.4635566555144,357.8231299719536,360.480183208969,65676000
2022-06-30,356.71673583984375,359.9411371004125,352.2820045953657,355.7616996920369,112508300
2022-07-01,360.48956298828125,360.9245465265662,353.45451079691634,356.0642966004514,74839700
2022-07-05,361.1703796386719,361.1893095314971,352.60350658660883,355.421319245886,81438000
2022-07-06,362.39019775390625,364.8675899225477,358.93886830851153,361.31223262960197,70426200
2022-07-07,367.8177795410156,368.61205598920736,362.4091104215268,364.15842313963157,64525900
2022-07-08,367.5152282714844,369.37800498002616,364.66904928186506,366.1914052999561,72397800
2022-07-11,363.3168029785156,365.81309573783363,362.6265256703713,364.8486235807286,58366900
2022-07-12,360.1018981933594,365.14180928001315,358.36205049936086,362.76841613095786,62219200
2022-07-13,358.2107849121094,361.1326258025633,354.26776850827935,354.6838222143904,84224600
2022-07-14,357.3408203125,358.4187564891479,350.84475070087467,353.2748467855768,89704800
2022-07-15,364.16790771484375,364.2813716626228,359.82773857300543,361.72831741140106,79060400
2022-07-18,361.160888671875,367.9122512360592,359.94109388829537,367.2409038432845,63203600
2022-07-19,370.9192199707031,371.48656848607965,364.413714078224,365.0661316858812,78506000
2022-07-20,373.2831115722656,374.6920322047229,369.74668471412105,371.1083094752707,71843800
2022-07-21,377.0843811035156,377.1316481251823,370.3140872351293,372.70638143368456,64903900
2022-07-22,373.585693359375,378.3986469363147,371.37306038346526,377.20724693792687,72197300
2022-07-25,374.0396423339844,374.8906507241828,371.8080790828495,374.20983824071493,53631500
2022-07-26,369.61431884765625,372.61176321867686,368.7254796625264,372.40373641244344,52946400
2022-07-27,379.2118835449219,380.9517310966384,372.60232120977315,372.8954459743451,82342100
2022-07-28,383.9681396484375,384.6583882201372,376.4792023544064,380.0156585921788,73966600
2022-07-29,389.5658874511719,390.5492896244354,384.630004404881,385.3959148037413,87003700
2022-08-01,388.41229248046875,390.90861443486426,386.17129323209457,386.880471670519,69997500
2022-08-02,385.8497619628906,390.520885762128,384.67726296854556,386.85206507545166,63435400
2022-08-03,391.89202880859375,393.05506301560587,387.6842250670768,387.96788490865407,67820600
2022-08-04,391.6272277832031,392.49713710795265,389.9913792556796,391.8163247050197,45656600
2022-08-05,390.9653015136719,391.608282965117,387.3059458085889,387.36267776862576,56814900
2022-08-08,390.51141357421875,394.88941254367694,389.4145475954948,392.648413572124,53886100
2022-08-09,388.9607238769531,390.28451780261275,387.8922237902104,389.7833662144508,44931800
2022-08-10,397.13043212890625,397.27229089166696,394.0384247471789,395.9862990766892,68665700
2022-08-11,397.13043212890625,401.82048597583395,396.392887760029,399.9671456794408,59489700
2022-08-12,403.8534240722656,403.9574230425104,398.11380054850633,399.0593716519972,61694500
2022-08-15,405.5176696777344,406.03775117563913,401.593554788117,401.6502867542093,54048300
2022-08-16,406.3119812011719,408.2314897011034,403.6454633274114,404.44920466821014,59289000
2022-08-17,403.4280090332031,406.12289314083716,401.4328673441197,402.7282954712,63563400
2022-08-18,404.6004943847656,405.28127797974213,402.3405652552225,403.62652829890396,49023200
2022-08-19,399.1634826660156,402.11366050668937,398.2935443726278,401.84890169679676,68016900
2022-08-22,390.8518371582031,394.52065780471906,389.9535330310516,394.3504330682569,77695600
2022-08-23,389.9062805175781,392.8091909558706,389.3578330753806,390.4263331221916,49105200
2022-08-24,391.1545104980469,392.51610668513507,388.9986089883818,389.67939265365226,49177800
2022-08-25,396.6766052246094,396.7238722445992,391.551596341063,392.6389975097295,50942300
2022-08-26,383.2494812011719,397.102094248587,383.1927492346699,396.5631405668187,103087000
2022-08-29,380.71527099609375,383.75054594305385,379.3631113396346,380.308682376018,65370800
2022-08-30,376.53594970703125,382.1053786692072,374.4462451560691,381.86898583766924,85652400
2022-08-31,373.6708679199219,379.40102781992005,373.53850294031076,378.16233169722864,76029700
2022-09-01,374.8434143066406,375.1838061478932,368.8106643632465,371.50554853268886,78740100
2022-09-02,370.8908386230469,379.70356914138836,369.08479416646423,378.4932391584454,99632100
2022-09-06,369.4913635253906,372.66846849505936,367.2787306665415,371.7323623623068,76637400
2022-09-07,376.1293640136719,376.89527448554435,368.96194600017765,369.1794089387667,70964200
2022-09-08,378.5878601074219,379.0417158852862,372.66857424769665,373.86946832524006,80821700
2022-09-09,384.46923828125,385.32971149707004,380.5545598393792,380.8193186091283,76706900
2022-09-12,388.6014709472656,389.32011442970696,386.2280775508701,386.5306673178505,69256300
2022-09-13,371.7041015625,381.1598150143237,370.5883343007562,379.95892093775177,122947100
2022-09-14,373.12249755859375,374.63541764024257,369.8318985452489,372.9995686538307,85023700
2022-09-15,368.88623046875,374.4083627921359,367.6191685285438,371.5716492033494,87633800
2022-09-16,366.072021484375,366.72714802798475,362.7963887663263,364.7238110432356,103084800
2022-09-19,368.910888671875,368.910888671875,362.8628623346067,362.9388349935968,73278500
2022-09-20,364.67633056640625,366.60372391938756,361.9324194562877,365.5973034872937,77274900
2022-09-21,358.3149719238281,369.63246357967904,358.30546809821095,366.5941948401459,106746600
2022-09-22,355.30523681640625,359.1790024904426,354.5646626886457,357.5459378785754,89472600
2022-09-23,349.35211181640625,351.887141405295,344.92764635528243,351.8491550778172,122346900
2022-09-26,345.8961486816406,351.49793062480813,344.6808467381226,347.8900111292315,92581200
2022-09-27,345.0131530761719,351.6783204261148,342.6300104380139,349.41861164213634,108294100
2022-09-28,351.8016662597656,353.482191686378,344.2724927894435,345.9625220409481,110802200
2022-09-29,344.4530029296875,348.55462907314757,341.51918862235004,348.26980398508965,112952300
2022-09-30,339.12646484375,347.4152207218765,338.9935561579165,343.51294405259347,153711200
2022-10-03,348.0798034667969,349.9217491188833,341.0538398431555,342.8293166683443,89756500
2022-10-04,358.86572265625,358.8942051643231,348.04193496218414,353.5772481816866,103602800
2022-10-05,358.03021240234375,360.28041756142954,352.20057002554404,354.51724403133267,88065700
2022-10-06,354.3368225097656,359.5778067097025,353.843087080186,356.63448871251217,82333500
2022-10-07,344.4530029296875,354.4222866629077,342.6965042864364,350.32063154436236,107789500
2022-10-10,341.8229675292969,345.8011884953058,339.5917702265936,345.56382461416007,76042800
2022-10-11,339.6582336425781,344.68086182889056,337.73083995304165,340.13296143778496,92482800
2022-10-12,338.5378112792969,341.63304512033494,338.29094360606194,340.066449523059,76991800
2022-10-13,347.4723205566406,348.93449051864894,330.5150258643738,331.559432980094,147254500
2022-10-14,339.5537414550781,351.5453678678568,338.91759358407694,349.9217782616768,123737000
2022-10-17,348.279296875,349.380668806043,339.22148268311986,345.6113290586685,93168200
2022-10-18,352.37139892578125,356.4730533438476,348.94384975105197,356.1692206517508,97162900
2022-10-19,349.8743896484375,353.05507171298586,347.0734840300101,350.3396136218043,79746900
2022-10-20,346.94049072265625,353.83354599069514,346.18090904052775,349.4280591595853,88283100
2022-10-21,355.3717041015625,355.8559066992739,345.1650575657833,346.6651844936338,131038400
2022-10-24,359.7201843261719,360.85003863790973,354.2513116223034,356.8908256086108,85436900
2022-10-25,365.4643859863281,365.777693519867,359.5302897254607,359.64421973765667,78846300
2022-10-26,362.71099853515625,367.9899690715865,362.0748795431326,362.3312221104294,104087300
2022-10-27,360.7740478515625,365.54030319202553,360.1568787050726,363.7078613534191,81971800
2022-10-28,369.3572082519531,369.83193605345815,360.48929639684917,360.66969527942797,100302000
2022-10-31,366.6892395019531,368.7685495858821,365.7872740661706,366.90762472118575,96631300
2022-11-01,365.08465576171875,370.6579844557042,363.91684392135363,370.4206205564319,85407600
2022-11-02,355.9223937988281,368.98691130694584,355.81796759742275,364.49597616975944,126990400
2022-11-03,352.2574462890625,355.28621123903116,350.1496542075025,352.69418764648026,87100100
2022-11-04,357.3276062011719,359.72022378402096,351.29855759340336,357.94474652084614,103505200
2022-11-07,360.74560546875,361.33426320464076,356.5489996813044,358.61880558333354,68286900
2022-11-08,362.6919860839844,365.65428248614427,358.62831787010947,361.8469568156974,84641100
2022-11-09,355.21978759765625,361.87547986372505,354.7260521981255,360.7266178571878,78495500
2022-11-10,374.7406311035156,375.07294635677823,366.1480695589153,368.4362320447595,141455800
2022-11-11,378.36749267578125,379.16503175995996,373.71513788878525,375.59507007118657,93839900
2022-11-14,375.1488952636719,379.9531383229995,374.8735450242789,376.61106501327595,71903500
2022-11-15,378.3486022949219,381.9755301156796,374.5507793978158,380.8741579985081,93194500
2022-11-16,375.462158203125,377.6743765872507,374.8355141476234,376.72492116529327,68508500
2022-11-17,374.3133544921875,374.98748880867356,370.420609836842,370.7244135980539,74496300
2022-11-18,376.01287841796875,377.7029081294727,373.1740156097614,377.6364392872866,92922500
2022-11-21,374.6456298828125,375.81347054023524,372.81318778240984,374.693120041292,51243200
2022-11-22,379.68719482421875,379.8486149853694,375.17728183861897,376.5824862104235,60429000
2022-11-23,382.0799560546875,382.5641587339301,379.127133911253,379.35499399560246,68261600
2022-11-25,381.994384765625,382.5450851329431,381.24433584905154,381.51965705763075,30545400
2022-11-28,375.8989562988281,380.5512827733344,375.13937446161043,378.9182180421719,67881600
2022-11-29,375.2533264160156,377.218677377997,373.4208551885378,376.031857943791,52310000
2022-11-30,387.0740661621094,387.0740661621094,373.59181353575764,375.50019965825663,144566700
2022-12-01,386.7891540527344,389.2767226198042,384.2920816594287,388.10888202091604,76398200
2022-12-02,386.3428649902344,387.24483015277275,381.8139735770751,381.9183997534954,85342700
2022-12-05,379.3929138183594,384.4630026318405,378.04470325554814,383.5325548004845,77289800
2022-12-06,373.924072265625,379.7727220207001,371.84479123618274,379.2315543699302,77972200
2022-12-07,373.2879333496094,375.64259345528575,372.15807896997796,373.0790519775326,65927900
2022-12-08,376.2122497558594,377.27563531293924,373.3923656741001,375.16787185342383,60737900
2022-12-09,373.40179443359375,377.5224271264173,373.2783606035541,374.9778937727972,81447700
2022-12-12,378.7852478027344,378.7852478027344,373.52525671285184,374.18985811549396,75405800
2022-12-13,381.6526184082031,389.74196862339903,378.89920332598314,389.48562607620295,123782500
2022-12-14,379.2125549316406,385.0042397963437,376.27874065040004,381.3108436618965,108111300
2022-12-15,369.9363098144531,375.2722444929256,368.28426670085497,374.37025027855924,117705900
2022-12-16,365.56878662109375,368.72591299649264,363.44179709016913,367.39057737229774,119858000
2022-12-19,362.4688720703125,366.09338759762835,360.8092427984308,365.7595464281459,79878100
2022-12-20,362.9648742675781,364.5768244170576,360.3991088395016,361.71537858126663,74427200
2022-12-21,368.39215087890625,369.5176461213456,365.01563604345074,365.5497703655622,78167400
2022-12-22,363.1366882324219,368.3731267324931,357.46147358418676,365.3590658452756,100120900
2022-12-23,365.2254638671875,365.36853035773834,360.57083998702353,362.1160163012456,59857300
2022-12-27,363.7852478027344,365.4544250283312,362.1160705771375,365.11106539954454,51638200
2022-12-28,359.2641296386719,365.6833180737436,359.03522324607314,363.71843147410067,70911500
2022-12-29,365.73095703125,366.5989324853657,361.57230700428545,362.0969229072174,66970900
2022-12-30,364.76763916015625,364.9107056574417,360.952377322475,363.0603304456531,84022200
2023-01-03,363.23199462890625,368.5828851543406,360.38006673429567,366.61802772104494,74850700
2023-01-04,366.0361633300781,368.05824707832414,362.4498085414863,365.48293416385536,85934100
2023-01-05,361.8585205078125,364.2048984321615,361.26715956907026,364.0904452321647,76970500
2023-01-06,370.1566467285156,371.27262349109685,361.88708397790117,364.9392756207187,104189600
2023-01-09,369.9468078613281,375.5171151232303,369.76560972422254,372.3408937056104,73978100
2023-01-10,372.54119873046875,372.60797279309605,368.43025676671084,369.3650063190875,65358100
2023-01-11,377.2530822753906,377.3294038131555,373.3043013861297,374.1150503530879,68881100
2023-01-12,378.6265563964844,380.08589280712,374.2962553998828,378.3499708858858,90157700
2023-01-13,380.095458984375,380.6677540792538,375.1737677414377,375.44083490462947,63903900
2023-01-17,379.3991394042969,381.7455462351786,378.7219386237428,380.0763692929868,62677300
2023-01-18,373.4091796875,381.6406112039505,373.20888660482075,380.5818900873673,99632300
2023-01-19,370.6907958984375,373.0180784744015,369.37452611387545,371.3775149775483,86958900
2023-01-20,377.596435546875,377.749049499946,370.44282022993093,372.08338384027553,91806400
2023-01-23,382.12701416015625,384.05371051595347,377.4437777174287,378.3975929821439,84178800
2023-01-24,381.7169189453125,382.6230260729778,379.27515395089165,380.45787568340137,59524900
2023-01-25,381.8599853515625,382.19382654932406,375.383570904274,377.66320358749766,84800300
2023-01-26,386.0567932128906,386.2189546426973,381.55478324321655,384.5116168819161,72287400
2023-01-27,386.9438171386719,389.3092897646847,384.80727999784443,385.01712054618537,68346200
2023-01-30,382.08892822265625,386.41925852273624,381.79324776134285,384.1968522201886,74202000
2023-01-31,387.70684814453125,387.75452726560434,382.2605419006332,382.6039305400102,86811800
2023-02-01,391.82733154296875,394.5648060301805,383.7676093537023,386.49550726473996,101459200
2023-02-02,397.53118896484375,398.990525390848,393.811314654258,395.6998505537126,101654500
2023-02-03,393.3056945800781,397.7123160463716,392.1038781408602,392.58078572999375,94736800
2023-02-06,390.9021301269531,392.2947214888418,389.25204820891577,390.86399847100074,60295300
2023-02-07,396.0146179199219,397.25456629561944,388.74654923536696,389.98649761106446,90990700
2023-02-08,391.6842956542969,395.38510413414,390.99754738888123,394.04976837031427,76227500
2023-02-09,388.2886962890625,395.42324575045114,387.067813777245,395.2706317979571,78694900
2023-02-10,389.1948547363281,389.57637508525863,386.304795158678,387.115514984604,70769700
2023-02-13,393.76361083984375,393.89715897184107,389.3856015126722,389.84344339763004,64913500
2023-02-14,393.5824279785156,395.88109763709383,389.6431654454688,392.2470630392104,88389300
2023-02-15,394.86053466796875,394.9368270971994,390.5588176281302,391.39817989035606,61555700
2023-02-16,389.42376708984375,393.8399372390062,389.2902480643342,389.91022227936105,76431500
2023-02-17,388.45086669921875,388.6893205477336,385.3890983264304,387.30627658309317,89257800
2023-02-21,380.6581726074219,385.4940235203808,380.40065293639157,384.4448207915137,82655900
2023-02-22,380.1336364746094,382.6040151198372,378.68381828938857,381.06835703282917,83742300
2023-02-23,382.1556701660156,383.62455398812614,377.94934088551855,383.01409817857655,96242400
2023-02-24,378.0733642578125,378.90317902341906,375.45991929796907,377.1577095966057,108194400
2023-02-27,379.36102294921875,382.7566035647617,378.4262733452024,381.4021728412389,80444700
2023-02-28,377.9588623046875,380.8393740486185,377.85392748484423,378.8840643154278,96438600
2023-03-01,376.5090637207031,378.36901530523187,375.21188881048784,377.1481328157973,99706800
2023-03-02,379.43731689453125,380.27667913690243,374.2103978176706,374.54423904245056,85127800
2023-03-03,385.522705078125,385.7707064328963,380.60101340338394,381.24960098401937,90120000
2023-03-06,385.7897033691406,388.63208364699216,385.35095644978605,386.34290347544555,72795900
2023-03-07,379.87603759765625,385.9804792628776,379.2656108960152,385.74202541995913,108310600
2023-03-08,380.4960632324219,381.24955646245974,378.2736569852848,379.99054222005736,74746600
2023-03-09,373.4759216308594,382.9377823434292,372.4934930227915,381.27812390527305,111945300
2023-03-10,368.0868835449219,375.00204480111273,366.57032063826443,372.9322526934048,189253000
2023-03-13,367.56231689453125,372.3600366700291,363.0698541646436,364.1762836068756,157790000
2023-03-14,373.63812255859375,375.27868623479475,369.17424429944623,372.4649191205908,149752400
2023-03-15,371.30120849609375,371.50150155324764,365.9884504368566,368.06778985522413,172996900
2023-03-16,377.8158264160156,378.1592151165088,368.4493807575096,368.9549017850136,143254200
2023-03-17,373.39813232421875,377.62051539098667,372.019393803673,376.49072469808146,140553400
2023-03-20,376.98858642578125,377.4003145707897,373.47474047713115,374.17366441642594,93055800
2023-03-21,381.9386291503906,382.41735696574256,378.75028553737957,380.3396653906553,91524200
2023-03-22,375.4279479980469,385.3663430375663,375.3896708071276,381.7663294027596,111746600
2023-03-23,376.44281005859375,382.3024333278602,373.7427784049594,378.2811083450335,119351300
2023-03-24,378.9130554199219,378.9992229180059,372.8332064884797,375.169400500622,107682400
2023-03-27,379.62164306640625,381.9482828809631,378.73121617968684,381.1823007048343,74010400
2023-03-28,378.76947021484375,379.62159057011246,376.9407263724681,378.9322213165427,62871700
2023-03-29,384.2748718261719,384.51423576412026,381.7184521124217,382.9152718021636,77497900
2023-03-30,386.5248718261719,387.14721217774354,384.6674054592339,386.8982643494234,69840000
2023-03-31,391.9727783203125,392.26958723104974,387.3386673117375,387.4440026260915,112062600
2023-04-03,393.4664001464844,393.86851514556844,391.06317718146,391.4557374933837,67391100
2023-04-04,391.28338623046875,394.3951168773612,389.9142025392246,394.1078626707281,66601500
2023-04-05,390.2589416503906,391.3121487439596,388.612116709327,390.555750574138,65200200
2023-04-06,391.78131103515625,392.05898137720516,388.4206320852357,389.4642553207361,63743300
2023-04-10,392.18341064453125,392.26002346239954,388.69828713147245,389.31104357827485,63681000
2023-04-11,392.2887268066406,393.6866038625685,391.5227739807362,392.80576103470116,59297900
2023-04-12,390.68975830078125,394.63450004221784,390.1057243914606,394.3472458215589,86420400
2023-04-13,395.8791809082031,396.2334348165877,390.6323135315357,391.7716880699347,85814800
2023-04-14,394.9121398925781,397.4302528676945,392.6142522306835,395.2472552060106,78161500
2023-04-17,396.3291931152344,396.348331709265,393.600438675659,394.82598073584927,66436400
2023-04-18,396.587646484375,398.03341368331184,395.21849209052334,397.89935588402477,63560000
2023-04-19,396.52069091796875,397.42067233366515,394.62491824072464,394.68236324131743,55227300
2023-04-20,394.3568115234375,396.0993877029547,392.81529283564134,393.7153034242172,75840400
2023-04-21,394.6632080078125,395.1227679931791,392.71957431843055,394.6536241017087,73457400
2023-04-24,395.074951171875,395.49623401848584,393.13131726469595,394.4621654970849,64332100
2023-04-25,388.8035583496094,393.6674491748633,388.7461133509764,393.1121085624426,97766700
2023-04-26,387.15673828125,390.48869433886614,386.6014268812606,389.4163487256269,80447000
2023-04-27,394.8642883300781,395.1323747434497,389.4355019352683,389.6844497545518,92968400
2023-04-28,398.23455810546875,398.2441420130027,393.9260072843417,393.983452291085,89433100
2023-05-01,397.83233642578125,399.85255346630396,397.60252724117447,397.79403002514306,62122300
2023-05-02,393.361083984375,397.1717680701673,390.4695783796922,397.12387775512695,103998500
2023-05-03,390.6610412597656,396.2621626197753,390.42167734881843,393.85893960371277,91531800
2023-05-04,387.8940124511719,389.94295234971383,386.56313507144216,389.6174209347764,94901900
2023-05-05,395.074951171875,396.1185743812244,391.25471226930256,391.5132147900382,87891800
2023-05-08,395.18023681640625,395.6589646428425,393.7823597445963,395.4004621354889,50046800
2023-05-09,393.4471740722656,394.55782593731584,393.2173941068147,393.6386768562897,49220100
2023-05-10,395.28558349609375,396.9036859335044,391.4748993691881,396.2717616781344,96142900
2023-05-11,394.5962219238281,394.88344694585095,392.5281141075764,394.42388691061444,70157100
2023-05-12,394.0791320800781,396.04193351781123,391.6663545777214,395.83129212496243,70481500
2023-05-15,395.4387512207031,395.8408662145273,392.7770257910844,394.68235310668433,54289400
2023-05-16,392.79620361328125,395.25687179173696,392.7866197060623,394.33769327560117,57705500
2023-05-17,397.5643005371094,398.1674730228259,393.1695828258179,394.80682372550075,87287000
2023-05-18,401.3941345214844,401.81541733647197,397.02813918363745,397.24833527836256,97177200
2023-05-19,400.8101501464844,402.8208132095877,399.5941917756672,402.29422419699927,103793300
2023-05-22,400.9729309082031,402.5048660635493,399.59419219031486,400.8293183790966,60745400
2023-05-23,396.4728088378906,400.9058331974647,396.0802485128697,399.33559189738094,86383500
2023-05-24,393.6004333496094,395.2568421165078,392.44192021304394,394.8738657064858,89213700
2023-05-25,397.009033203125,398.4548007806056,394.8643416067815,397.095200716989,90961600
2023-05-26,402.1505126953125,402.8686044347789,397.5834597512282,397.6600433469777,93830000
2023-05-30,402.3036804199219,404.60156797851874,400.9249420409186,404.074979094816,72216000
2023-05-31,400.0728759765625,401.38458562978974,398.5122184875182,400.4845749210063,110811800
2023-06-01,403.87396240234375,404.9271694953685,399.0579614953215,400.3026421930234,88865000
2023-06-02,409.7144775390625,410.49956904772046,405.9133770414703,406.4399660164613,91426200
2023-06-05,408.9292907714844,411.34206835375164,408.23033766769487,410.05908136180767,65460200
2023-06-06,409.8197326660156,410.34632157550055,407.8665149969257,408.51760703277364,64022200
2023-06-07,408.4026794433594,411.3420751836078,407.9813966367141,410.21228457452565,85373300
2023-06-08,410.8729248046875,411.32293010381545,407.7037491177831,408.46970190729934,61952800
2023-06-09,411.6101989746094,413.6112778783288,410.6240207738437,411.66764397898567,85742800
2023-06-12,415.3442687988281,415.4208816171955,411.86872917016797,412.5868209414102,76104300
2023-06-13,418.0826110839844,418.724090042695,416.13897717424237,416.79962394733377,95899700
2023-06-14,418.5804443359375,420.38046559122165,415.1431821385499,418.41769324198367,100612100
2023-06-15,423.7698669433594,425.0145475724995,417.6708792659641,417.7666014534157,110303100
2023-06-16,422.326416015625,426.31461080665895,421.8555294193706,425.74761712421093,114165800
2023-06-20,420.13531494140625,421.27892182844886,418.0691445357275,420.39480701035416,76160400
2023-06-21,417.98260498046875,419.95266805370534,417.3963723492286,419.1550409151872,76982300
2023-06-22,419.4914855957031,419.59718287065334,416.69493630245177,417.0312964707104,70637200
2023-06-23,416.3200988769531,418.0979773634387,415.60895921346514,416.051016626355,92074500
2023-06-26,414.61907958984375,417.6654716468784,414.37882655509753,415.75306687518275,72823600
2023-06-27,419.1646728515625,419.77970536315974,415.04192260990584,415.49359948325997,72813700
2023-06-28,419.3760681152344,420.3851190499561,417.4732536731115,418.08828614279844,75636000
2023-06-29,421.0290222167969,421.1924071877769,418.55924326128763,418.962851943863,67882300
2023-06-30,425.99749755859375,426.97771946925525,423.91208812792,424.22923858544607,104964000
2023-07-03,426.48760986328125,426.7662822836005,425.37283219871017,425.65153394679413,32793400
2023-07-05,425.85333251953125,426.58371116207974,424.67127697873804,424.68089648543395,58418400
2023-07-06,422.51861572265625,422.9414634252197,420.0199782059898,422.2879821858995,80658300
2023-07-07,421.4518737792969,425.38243934770526,421.21162073773354,421.5287711761449,86134200
2023-07-10,422.51861572265625,422.6915908752238,420.52931348483696,421.0963071478734,62443500
2023-07-11,425.20947265625,425.6995982894802,422.3072262142427,423.27785797330125,64463800
2023-07-12,428.6306457519531,430.03374466313784,427.56393630005715,428.9862448970164,91924500
2023-07-13,432.0326232910156,432.82066029903234,430.0049017154937,430.43733958982216,72425200
2023-07-14,431.76361083984375,433.7625035467968,431.00440290074886,432.9168373466267,69815800
2023-07-17,433.26275634765625,434.3102561737573,431.57136541418197,431.6194336230175,52680200
2023-07-18,436.4822082519531,437.12607011272536,432.5036029849238,432.93607028012957,80668200
2023-07-19,437.4527282714844,438.6347544080096,436.40519925341147,437.27013362266524,65891700
2023-07-20,434.55047607421875,437.35664451536627,433.8393364531686,436.4629102357604,70591600
2023-07-21,434.55047607421875,436.4629102357604,434.54088589539646,436.2610765640321,71275600
2023-07-24,436.49176025390625,437.29900699604326,434.6658135812287,435.6941036910491,54023400
2023-07-25,437.6834411621094,438.9327454121648,436.1746448231181,436.22271303443887,55191200
2023-07-26,437.7506103515625,439.17288942252526,435.7036499829358,436.75114960306075,71052900
2023-07-27,434.84844970703125,441.5274969763578,433.9450957916118,441.12385890292364,92194400
2023-07-28,439.1057434082031,439.9321998907834,434.8484367232918,438.1062824263063,80011800
2023-07-31,439.9417724609375,440.29734227377537,438.2695913310648,439.5765831414508,62040400
2023-08-01,438.68280029296875,439.42276902891086,437.731378400745,438.480966642271,55291500
2023-08-02,432.5803527832031,435.83816833726377,431.8307645676685,435.5787056453417,93933400
2023-08-03,431.3406982421875,433.2146837020939,429.92800918121173,430.5719002384005,64276100
2023-08-04,429.3898620605469,435.2424228845315,428.87090725675444,433.14742331097347,100128900
2023-08-07,433.1378173828125,433.2915828601554,430.523862923515,431.2157929076751,58357500
2023-08-08,431.2542724609375,433.128258189368,427.9099390769486,430.61038131148536,71361300
2023-08-09,428.3711853027344,431.6866891018031,427.61197745800644,431.5233041246725,78789600
2023-08-10,428.52496337890625,434.08923235537964,427.3621468022029,430.71607007168745,93005500
2023-08-11,428.27508544921875,429.28416586620887,426.06476909769503,426.6605919753528,68690900
2023-08-14,430.6391296386719,430.6391296386719,427.0545731790082,427.36210409794415,47867400
2023-08-15,425.6226501464844,429.22644541226,425.0556272162394,428.8708463107176,75707500
2023-08-16,422.4994201660156,426.8623944636419,422.3936935729571,425.20945229682616,80107200
2023-08-17,419.2800598144531,424.21964772988474,418.76110496657503,423.9601849698295,95711300
2023-08-18,419.4818420410156,420.510132174717,416.1279187140494,416.4738690425287,98852000
2023-08-21,422.21112060546875,422.95108948384575,418.34786189824484,420.4909004571907,68719000
2023-08-22,421.0675354003906,423.9794015102556,420.51016116793335,423.9794015102556,64994200
2023-08-23,425.75726318359375,426.3723251113796,421.98049201554073,422.1246379899384,68441000
2023-08-24,419.856689453125,427.86190922962817,419.8278309286685,427.3525738696318,88517300
2023-08-25,422.81646728515625,424.09460039073576,418.04023628597395,421.5767535450871,102325100
2023-08-28,425.497802734375,426.11283533772524,422.81657028498825,424.9980575834004,61595400
2023-08-29,431.64825439453125,431.92695615148733,425.2094607575032,425.3920554264297,83081900
2023-08-30,433.42620849609375,434.06048019443205,431.2831403029707,431.98468990744425,69053900
2023-08-31,432.7918395996094,435.17513102782067,432.6092449398333,434.0411436980902,66084600
2023-09-01,433.59918212890625,435.98250341156745,432.14804403666386,435.5019972170788,58944100
2023-09-05,431.72509765625,433.4741468434639,431.65784909348326,433.1570257317341,55166200
2023-09-06,428.8228454589844,431.0235715081806,426.50680264350075,430.91784492057485,70758500
2023-09-07,427.50628662109375,428.17897757007677,425.4881551186145,425.83410543618885,70355400
2023-09-08,428.1501770019531,429.67818299559536,427.1987842372508,427.5543540855631,61659700
2023-09-11,430.9659118652344,431.2734134651807,429.0630972437641,430.7640781970579,60180100
2023-09-12,428.601806640625,431.042785754672,428.02522280308654,429.5243994362143,67565400
2023-09-13,429.1015930175781,430.2547901313596,427.72732319853264,428.8228912507801,60199300
2023-09-14,432.8014831542969,433.4934131798962,430.26442594561126,431.56179840958094,83430800
2023-09-15,427.5869445800781,431.5506524245771,427.15298130374185,431.22275924982887,111848900
2023-09-18,427.8376770019531,429.12997218957395,426.80575976702727,427.2783073434339,55752200
2023-09-19,426.9504089355469,427.5097785871883,424.27902594225344,426.92147805226983,66514600
2023-09-20,423.025390625,428.61891155287816,422.82284497468135,428.2042256747919,82562600
2023-09-21,416.0334167480469,420.45036521142913,415.8791088874586,420.1899872517448,104095800
2023-09-22,415.0979309082031,418.64692328267273,414.6832156713709,417.05566583396023,100829700
2023-09-25,416.8435363769531,416.88209127104136,413.45847553843805,413.89246826227424,70874500
2023-09-26,410.7195739746094,414.51932063009883,409.8901728584851,413.8152964968598,96168400
2023-09-27,410.88348388671875,412.44583993852024,407.257352172029,411.8864702649676,104705800
2023-09-28,413.2655944824219,414.9340207800413,409.7455325572833,410.3338331669803,92258300
2023-09-29,412.26263427734375,416.47706688820205,410.74851586552904,416.30348156781014,115111300
2023-10-02,412.09857177734375,413.342658463778,409.3500204878213,411.4331321146843,83798600
2023-10-03,406.5822448730469,412.15648738227026,405.2224344904491,409.92872106622235,103760600
2023-10-04,409.5429382324219,410.28551714342467,405.588884325945,407.0451406977265,87453000
2023-10-05,409.3887023925781,410.22772753300984,406.1772562634744,409.25367196798504,70142700
2023-10-06,414.249267578125,415.7826633161712,405.62751083875975,406.9487369471333,113273300
2023-10-09,416.9013671875,417.47036086082164,411.80932558041656,412.3590123769111,80374400
2023-10-10,419.07122802734375,421.65581816785743,417.1327707063527,417.52817903423306,78607300
2023-10-11,420.7879333496094,421.0386578835823,417.7596966141307,420.13214698196236,62451700
2023-10-12,418.2225646972656,421.7715569076046,415.879074957657,421.39545544096734,81154200
2023-10-13,416.13946533203125,420.9132670312688,414.57713879227015,419.71738853134207,95143100
2023-10-16,420.5179138183594,421.57876204965237,418.13583937540864,418.3769399083744,75433200
2023-10-17,420.49859619140625,422.543153380918,417.0557030363835,417.4028736679959,75324700
2023-10-18,414.8953552246094,419.6884340997793,413.8152297481562,418.733685585988,93559800
2023-10-19,411.2499694824219,417.4125128642148,410.5749056891377,415.60908569425885,121323000
2023-10-20,406.196533203125,411.3560904558305,406.0904336651891,410.81602762056735,123919900
2023-10-23,405.49249267578125,409.3404770106009,402.92717959630676,404.67274501676764,92035100
2023-10-24,408.5496826171875,409.6973235164309,405.7625463101056,407.60455792627596,78564200
2023-10-25,402.68603515625,406.9004965329498,402.1749032838704,406.8715656507854,94223200
2023-10-26,397.864013671875,402.47385382688697,396.9478494758642,401.6252048310319,115156800
2023-10-27,396.0606384277344,399.8411075241665,394.6429661954743,399.4456991403426,107367700
2023-10-30,400.79583740234375,401.84703208667196,397.5458072598068,398.8381024524088,86562700
2023-10-31,403.31292724609375,403.6311669556289,399.4649432617073,401.3648163745919,79665200
2023-11-01,407.6141357421875,408.4242298564383,403.7468744665271,404.27731320299,98068100
2023-11-02,415.4258117675781,415.5801196181461,411.37531162600504,411.39458907062107,94938900
2023-11-03,419.21588134765625,420.75893033677426,417.59569315312746,417.72107011423,100167800
2023-11-06,420.1802978515625,420.62391451827705,418.24184046839486,419.96812824031423,67831700
2023-11-07,421.3761291503906,422.01263795735434,419.04229295606825,420.1802801725134,64256100
2023-11-08,421.684814453125,422.4949086781329,419.38953276666115,421.97412330805065,61746000
2023-11-09,418.3962097167969,422.86139621479384,417.9718704320272,422.8228118894829,83174400
2023-11-10,424.9251708984375,425.23378661631307,418.38652621092507,420.4600141525394,89462200
2023-11-13,424.5201721191406,425.61957523316283,422.81319095971963,423.5943543234561,52236100
2023-11-14,432.75616455078125,434.03880639292726,430.21012888201807,430.43195196006246,97176900
2023-11-15,433.6723327636719,435.31182811938703,432.82365419982955,434.0870186065259,77327600
2023-11-16,434.2027587890625,434.52099852551896,432.16785509736394,433.22870327091186,66665800
2023-11-17,434.7428283691406,435.3504063975986,433.2962252275612,434.2123895584984,83133200
2023-11-20,438.0892333984375,438.92825837478466,434.4823501401847,434.4920035775441,69936200
2023-11-21,437.134521484375,437.9639225798321,435.8711571103787,437.0477288286672,49244600
2023-11-22,438.8221740722656,440.1337760565273,437.7324245676935,438.7836191839142,59394900
2023-11-24,439.0921936035156,439.28508576492015,438.542506862815,438.87039999223333,29737400
2023-11-27,438.3014831542969,439.275509275739,437.9156987639097,438.46541503211625,50506000
2023-11-28,438.7354431152344,440.0277384058116,437.35635516684414,437.91569543871145,62115000
2023-11-29,438.4267883300781,442.0047410159344,438.0314094012158,440.8763777024274,63146000
2023-11-30,440.153076171875,440.5002762034089,437.2020083442997,439.2658427946925,79752700
2023-12-01,442.7569885253906,443.28739788218263,438.95724208115644,439.5455132066452,89183400
2023-12-04,440.4327697753906,442.7762596678929,438.1664190963143,439.3815750840775,72430900
2023-12-05,440.34600830078125,441.3007569694989,438.6775820590756,439.05371300809566,69793500
2023-12-06,438.57147216796875,442.50621946104377,438.1374794863498,442.47728857768345,69124700
2023-12-07,441.91796875,442.5641016519375,440.0470263897846,440.6449509609681,66995400
2023-12-08,443.81781005859375,444.3482193835821,440.9342280791031,441.17532857795476,83194400
2023-12-11,445.5440979003906,445.7177126387657,443.11381530650647,443.32598493677364,65002200
2023-12-12,447.5790100097656,447.67545610374924,444.20360273884916,445.1969357013274,68327600
2023-12-13,453.7511901855469,454.0019441507163,447.5983000495941,447.9551241192789,93278000
2023-12-14,455.2073974609375,456.86617007826965,452.545638522815,455.6799450229731,119026000
2023-12-15,454.4579162597656,455.7845286924067,452.6181291338484,454.61284974570634,141553700
2023-12-18,457.0143127441406,457.9923175277246,455.0002363592381,456.0556931170115,70375300
2023-12-19,459.7933349609375,459.8708164807692,457.4790843028072,457.5565362720974,55761800
2023-12-20,453.42181396484375,460.81970272542947,452.9957542950649,458.9411749679152,102921000
2023-12-21,457.72119140625,457.99231764179564,453.98349092636033,456.3945788621247,86667500
2023-12-22,458.6409912109375,460.31618167604864,456.7528004658334,458.8443284649097,67160400
2023-12-26,460.57763671875,461.4781598644946,458.97023511368405,459.0477166286851,55387000
2023-12-27,461.4104309082031,461.5556718202345,459.84176995718065,460.374329818143,68000300
2023-12-28,461.5846862792969,462.4174204811319,461.16831917837936,461.76866793794215,77158100
2023-12-29,460.2484130859375,461.9139110481109,458.3020963459827,461.39101424995863,122283100
2024-01-02,457.67266845703125,458.66036562570554,455.5811109563851,457.19820502535833,123623700
2024-01-03,453.93499755859375,456.258940483322,453.33464883768056,455.5230138961187,103585900
2024-01-04,452.4728698730469,456.03625125353045,452.2501474553143,453.4605375615008,84232200
2024-01-05,453.0926513671875,455.53278743928377,451.6498461147491,452.6762546685268,86118900
2024-01-08,459.5609130859375,459.70615398593577,453.46052933115607,453.58641462800097,74879100
2024-01-09,458.8637390136719,459.88045489034096,456.4139106022468,456.91742225203353,65931400
2024-01-10,461.45880126953125,462.32061320272817,458.854039417125,459.134858193739,67310600
2024-01-11,461.2554931640625,462.96939501130794,457.29510006298005,462.45619075983615,77940700
2024-01-12,461.5749816894531,463.4341538308624,460.1709469448806,462.6982272154343,58026400
2024-01-16,459.88043212890625,461.5071892712775,458.0696933340662,460.1999916518418,85014900
2024-01-17,457.3240966796875,457.80825269443005,454.98076856609674,456.868988843808,68843900
2024-01-18,461.39105224609375,461.9429972701223,457.4500442083185,458.9896569986018,91856200
2024-01-19,467.1427917480469,467.4236105266518,461.43944893766223,462.51426116700225,110834500
2024-01-22,468.1304626464844,469.84436430110793,467.4816805842547,468.6727150191519,75844900
2024-01-23,469.4958190917969,469.7378971314764,467.5882725076425,468.6727773973201,49945300
2024-01-24,470.0090026855469,473.2818726098636,469.5151540811933,472.35230131096756,81765000
2024-01-25,472.5653381347656,472.8364643322263,470.0090096373567,472.12958588323926,72525000
2024-01-26,471.96502685546875,473.6208323517754,471.12260001612924,472.1393159497028,76641600
2024-01-29,475.7026672363281,475.8479376894722,471.73261132928997,472.27486373270614,61322800
2024-01-30,475.3346862792969,476.04153511864797,474.5793745596558,475.01512677475074,58618400
2024-01-31,467.5785827636719,473.5821004537836,467.5591976080332,473.1366851322255,126011100
2024-02-01,473.6983337402344,473.7273819238251,468.4694242895628,469.27313995314404,91891600
2024-02-02,478.6851501464844,480.33126318424115,473.79515572273505,474.1340709086256,99228200
2024-02-05,476.9421691894531,478.7141970893923,474.6957073113676,478.05575187599726,75757100
2024-02-06,478.3268127441406,478.6560353058455,476.4579479680973,477.8813679101815,55918600
2024-02-07,482.3162841796875,482.73265130891053,479.66308881437243,480.5636415654776,70556500
2024-02-08,482.5293273925781,482.9069537723974,481.50291885696174,482.31629753326854,52343600
2024-02-09,485.3180236816406,485.7537463849515,482.69387668269746,483.03279181896556,63979400
2024-02-12,485.10504150390625,487.54517753380475,484.3884704038274,485.28902318022654,56502300
2024-02-13,478.4236145019531,481.33824328857344,475.17010013129357,478.8593667536311,113099200
2024-02-14,482.7713623046875,483.2555183461787,478.73348791641325,481.0477679790003,68387800
2024-02-15,486.1023864746094,486.28636814510776,482.9940832312684,483.4685762738627,61683000
2024-02-16,483.68157958984375,486.9350940149201,482.94565294822615,485.8021854224716,75532900
2024-02-20,481.0187683105469,482.61647749849317,478.7819695373135,481.94833972980865,71736700
2024-02-21,481.4544677734375,481.6094012609107,477.92013439516916,479.7212103303219,59293400
2024-02-22,491.41839599609375,492.3770155291545,487.0803471035888,488.0389961871901,76402500
2024-02-23,491.7572937011719,493.9650440524054,491.03105964418,493.1322803007743,61321800
2024-02-26,489.9562683105469,492.6288193715667,489.8303829996231,492.1930670722987,50386700
2024-02-27,490.8664245605469,491.089146972122,488.755511365846,490.64373169951057,48854500
2024-02-28,490.21771240234375,490.798676044666,488.9588888927158,489.3171596556616,56506600
2024-02-29,491.9800109863281,493.5874126583201,489.3365378000111,491.9703479594554,83924800
2024-03-01,496.59881591796875,497.02487558805785,492.4447784604082,492.8514825275074,76844800
2024-03-04,496.0662536621094,497.9060702059494,495.77577186599717,495.80484959614716,49799300
2024-03-05,491.1085205078125,494.5169979894073,488.9104626936786,494.0715531499916,72855600
2024-03-06,493.59710693359375,495.84359816125266,492.3092648064121,494.37174481528393,68382400
2024-03-07,498.4967346191406,499.54252820351775,493.65517426694095,496.8796700098079,58652100
2024-03-08,495.5047302246094,501.79873010183235,494.93342956107733,499.1262380204942,86532500
2024-03-11,495.07861328125,495.6596064560232,492.38670680365675,494.3039754152461,62557200
2024-03-12,500.4044189453125,500.98538263864816,494.67196803265733,497.17992269457994,73114400
2024-03-13,499.6199951171875,500.89817425614416,498.1869120376378,500.7238851600706,55104100
2024-03-14,498.6322937011719,500.74320684304695,495.60147230683197,500.5882438210127,110171800
2024-03-15,495.2084045410156,497.0247990949515,493.5474544938414,495.57751113868864,107646300
2024-03-18,498.15155029296875,500.696405939081,497.74361217385916,499.25887018669476,88893300
2024-03-19,500.9198913574219,501.20155305830843,496.4615026199407,497.46199154104403,60755300
2024-03-20,505.5529479980469,505.688947116047,500.30785211015336,500.9780657234889,69594600
2024-03-21,507.22369384765625,509.0788903449226,506.9419728955261,508.37956788041765,60256100
2024-03-22,506.26202392578125,507.62183717523607,506.0288571860112,507.13617688228,79070800
2024-03-25,504.8633728027344,506.00952410002293,504.70792829326916,504.8924815953154,48512100
2024-03-26,503.930908203125,506.6214856104456,503.53269278700975,506.2814877823347,65463700
2024-03-27,508.1658630371094,508.20475380954497,504.5914097711624,506.74777267634687,82999800
2024-03-28,508.0686950683594,509.5645075137889,507.7870334248163,508.2046941865004,96294900
2024-04-01,507.184814453125,509.3411773364756,506.0289403944362,508.8069627833215,62477500
2024-04-02,503.9600524902344,504.0959923303483,501.6676906072498,503.3772245058647,74230300
2024-04-03,504.51373291015625,506.00960495039743,502.8236441291165,502.8721983143161,59155800
2024-04-04,498.35546875,508.84571940239897,498.05436173454603,508.50578090533,96858100
2024-04-05,503.5618591308594,505.51422351708095,499.2686375908069,499.7057438284971,74546500
2024-04-08,503.8434753417969,505.2616249915614,503.0373217973172,504.26119543845846,48401800
2024-04-09,504.42626953125,505.81525100842816,499.5987748577626,505.57242083511636,68049200
2024-04-10,499.37542724609375,501.3569002653356,497.4036769200619,498.75376772780487,82652800
2024-04-11,503.1440734863281,504.5816090108978,497.3938721033446,500.8906025681321,70099000
2024-04-12,496.19921875,501.0266841379513,494.4799620247676,499.61825717169796,92561100
2024-04-15,489.98272705078125,500.5215326754904,489.13765316276323,500.3564247602264,92101400
2024-04-16,489.089111328125,491.97393499543114,487.80696088879887,490.45867707344763,73484000
2024-04-17,486.194580078125,491.7019816659058,484.8055985468662,491.5368440989878,75910300
2024-04-18,485.1941223144531,489.6719263116465,484.26166270979206,487.5835926622845,74548100
2024-04-19,480.9591369628906,486.1071245547147,479.6964023315547,485.1163881622374,102212600
2024-04-22,485.388427734375,487.9721446001498,481.22145323365453,483.552617207762,67961000
2024-04-23,491.1483154296875,491.5756989172583,485.2038373746558,487.3893089914972,64633600
2024-04-24,490.9151611328125,492.8189412598712,488.70055129127593,492.032173924217,55928100
2024-04-25,489.0502624511719,489.8078914311426,483.222338099903,484.8638724968989,69122400
2024-04-26,493.6834411621094,495.25697586630093,491.19686267902955,491.8282151706386,64306100
2024-04-29,495.43182373046875,496.1020373711397,492.70241499072074,495.4609621651781,46415400
2024-04-30,487.58355712890625,494.94615471248864,487.58355712890625,493.9748340493992,77483600
2024-05-01,486.00030517578125,493.6154557030375,485.5340605810027,487.00076428433056,80242800
2024-05-02,490.54608154296875,491.3814327412964,485.22323354848663,489.69131460230034,62550200
2024-05-03,496.62652587890625,497.8503696978336,493.9748099269168,496.5002494560944,72756700
2024-05-06,501.7552185058594,501.79404999735306,498.5789803558365,499.0160865951996,47264700
2024-05-07,502.3088073730469,503.6977888774315,501.63859371019026,502.7167454724822,52561300
2024-05-08,502.35736083984375,502.8915753738944,500.3661652394486,500.48271898197925,42047200
2024-05-09,505.2518615722656,505.290752341684,501.89112996130467,502.5418982172586,43643700
2024-05-10,505.9027404785156,507.65110602328485,504.68858950510435,506.8448931772194,52233200
2024-05-13,505.970703125,507.68023725667433,504.83427436338025,507.5734061946242,36716400
2024-05-14,508.2921142578125,508.80694268932734,505.6307050054446,506.16491953750125,57535900
2024-05-15,514.5862426757812,514.8776269913382,510.1181324599974,510.7495145476232,59504900
2024-05-16,513.5275268554688,516.2763809484062,513.381805041238,514.6834008229457,50244800
2024-05-17,514.265625,514.3336245457812,512.1967076951415,513.6439656825966,59187600
2024-05-20,514.8583374023438,516.3153187057068,513.993847600682,514.3823996621339,37764200
2024-05-21,516.1209106445312,516.2763551432357,513.8966077662355,514.1006064390205,33437000
2024-05-22,514.6349487304688,516.1404842090901,512.4688628953678,515.4314389511925,48390000
2024-05-23,510.8758544921875,517.7819304108156,509.67136703027006,517.6750993626108,57211200
2024-05-24,514.256103515625,515.0623164056714,511.7695245578183,512.7116773079188,41291100
2024-05-28,514.615478515625,515.2954149429256,511.9929004587325,515.0623074329295,36269600
2024-05-29,511.01177978515625,512.1870991360792,510.3027346685339,510.6038417042634,45190300
2024-05-30,507.6218566894531,510.13760318894674,506.3785971197376,509.47711227930006,46377600
2024-05-31,512.2454833984375,512.3717598545443,503.49387285830494,508.5739213312315,90785800
2024-06-03,512.6630249023438,514.1297285627861,507.61214568816797,513.8480669180504,46835700
2024-06-04,513.2361450195312,513.974358217118,509.90452222280885,511.36150323340104,34632700
2024-06-05,519.3358764648438,519.3553218444994,513.5662307530713,515.5477623677309,47610400
2024-06-06,519.3263549804688,520.0645682770622,517.4031587596616,519.6371847519142,30808500
2024-06-07,518.6949462890625,521.4923544849469,517.2670741151577,518.3549484930342,43224500
2024-06-10,520.297607421875,520.6181598447974,517.2962597313128,517.8887511155715,35686100
2024-06-11,521.5506591796875,521.608936050015,516.791164059003,518.7532508345464,36383400
2024-06-12,525.8341674804688,528.5150221365492,524.8045698950608,526.0964430443454,63251300
2024-06-13,526.892822265625,527.7475890568103,524.1148598366225,527.572758479254,44760900
2024-06-14,527.2135009765625,527.2426097707814,524.3674790309985,525.3679678522572,40089900
2024-06-17,531.4094848632812,532.7985255135613,526.0769441713737,526.5334956885656,55839500
2024-06-18,532.7595825195312,532.8858589299049,531.0500489188105,531.4677096282388,41376400
2024-06-20,531.3123779296875,534.3428935144076,529.5445672911499,533.6824026084769,70328200
2024-06-21,530.6000366210938,531.7109286219036,529.1481094595256,530.4928609392509,64338600
2024-06-24,528.8753051757812,532.9777790963483,528.7583754205319,530.4247136467889,45528700
2024-06-25,530.911865234375,531.2724085077483,528.582905567804,530.0932975881465,37936200
2024-06-26,531.5745849609375,532.2859175813455,529.1579572826417,529.8010709636176,38550600
2024-06-27,532.4126586914062,532.9876129707899,530.6976093896263,531.4382042677565,35041500
2024-06-28,530.3175048828125,536.2227551968151,529.0799883321372,533.1824029810238,76144500
2024-07-01,531.408935546875,531.9351194589271,528.6609672764391,531.6915058832783,40297800
2024-07-02,534.985107421875,534.985107421875,529.7620472078919,529.8107580224772,40434800
2024-07-03,537.3724975585938,537.7330408297021,534.6342838240903,534.673240578062,32789900
2024-07-05,540.4713745117188,540.8708746254604,537.041276170241,537.6746952876072,41488400
2024-07-08,541.094970703125,542.0401627530802,540.0327894282602,541.2508572097279,36110500
2024-07-09,541.6211547851562,542.9463982576794,541.3288304126829,542.0499170234392,27289700
2024-07-10,546.9805908203125,547.3216259700862,542.5468364934588,542.8391608326876,38701200
2024-07-11,542.2642822265625,547.9648752769439,541.6309226493873,547.0975967198616,53054200
2024-07-12,545.6846313476562,549.270615886068,542.9172145567801,543.3849335691044,53084400
2024-07-15,547.1853637695312,550.4108051950651,545.3338767680585,547.6725909303428,40584300
2024-07-16,550.4302368164062,550.722561208659,547.7407334557406,548.4910822924977,36475300
2024-07-17,542.7125854492188,546.1913944708481,542.3909988738491,544.5250561904461,57119000
2024-07-18,538.5419311523438,545.2267333968008,536.3689169185834,544.2425249574461,56270400
2024-07-19,534.965576171875,539.9255739822243,533.9131490329083,538.3079467810027,65509100
2024-07-22,540.4810791015625,541.0852359846874,536.9438053796708,538.8732057821688,43346700
2024-07-23,539.6333618164062,542.517708645555,539.1461346384042,540.3738971671513,34439600
2024-07-24,527.40380859375,535.1409770414671,526.4878192997799,534.8388986294111,74515300
2024-07-25,524.6558837890625,533.4747422855404,523.7204457786454,527.520781647899,61158300
2024-07-26,530.5318603515625,533.2116094688655,527.6572084941715,528.427065396124,53763800
2024-07-29,530.8436889648438,533.0751677112492,528.8557642968128,532.0715107948711,39515800
2024-07-30,528.1543579101562,533.3579712959,524.7632751610556,532.3055437449435,46853600
2024-07-31,536.7391357421875,539.3604200179711,533.5916675899294,534.9558678357408,65663400
2024-08-01,529.1384887695312,540.6955035812163,525.6499253938641,538.4542703754322,76428700
2024-08-02,519.2867431640625,523.272228120303,515.096541908473,522.0639142511643,82789100
2024-08-05,504.1632080078125,510.2048370125756,497.23482195550594,498.5698494257554,146267400
2024-08-06,508.8113098144531,516.2171383151375,504.64061708101707,505.9561065265441,84826300
2024-08-07,505.410400390625,518.0101458143887,504.8159975896984,514.9697939251986,70698300
2024-08-08,517.09423828125,517.7178438799879,508.50929760994603,510.52636582888704,63276600
2024-08-09,519.3743896484375,520.8555792219031,515.05756422153,516.2756321007693,45619600
2024-08-12,519.647216796875,522.0443360943832,517.3864758873478,520.563206135425,42542100
2024-08-13,528.1932373046875,528.4271563186212,522.5804299657759,522.8240435638112,52333100
2024-08-14,529.8594360351562,531.0385469501389,526.3221627661688,528.9824035230587,42446900
2024-08-15,538.9414672851562,539.2240376315274,534.8585012342127,535.4626581650564,60846800
2024-08-16,540.1497192382812,540.8416031495808,537.1776457463574,537.3335322529779,44430700
2024-08-19,545.3143310546875,545.3143310546875,539.7112190916396,540.5589895349276,39121800
2024-08-20,544.4276733398438,546.5130199847447,543.0926755989435,544.8661897055061,33732300
2024-08-21,546.2984008789062,547.7503278338022,540.5588525010035,545.4701387629846,41514600
2024-08-22,542.0108642578125,548.7930866218962,540.8025506157201,548.18892980085,56121500
2024-08-23,547.7700805664062,548.705578242637,543.053694894881,545.236522806086,50639400
2024-08-26,546.4641723632812,549.504464836925,544.7686315002069,548.7931322733509,35788600
2024-08-27,547.214599609375,547.7018267996916,544.0573769322793,545.1974719043471,32693900
2024-08-28,544.0377807617188,547.3022380940843,540.8610504788411,546.8734758569603,41066000
2024-08-29,544.0865478515625,549.2804060501943,542.9464529460971,545.9964997373786,38715200
2024-08-30,549.2803955078125,549.7871307787254,542.9074857644326,546.4447596496766,62700100
2024-09-03,537.9767456054688,546.4837125964749,535.4723909219692,546.1523719656589,60600100
2024-09-04,536.8756103515625,540.2666922950722,535.4236829556569,536.1447696240151,47224900
2024-09-05,535.5697631835938,539.652728695669,533.1238736044508,536.8170931187602,44264300
2024-09-06,526.55615234375,537.5090100138885,525.6596709710985,535.8914419191495,68493800
2024-09-09,532.4515991210938,533.7184374137535,528.8169032647078,530.7366093479087,40445800
2024-09-10,534.770751953125,535.1216007015946,529.4989803786028,534.3517437427556,36394600
2024-09-11,540.2570190429688,541.1730086042064,526.1664457729258,534.6831681423164,75248600
2024-09-12,544.8076782226562,545.1097566752126,538.619857760852,540.831888043875,51819600
2024-09-13,547.6530151367188,548.646977454259,545.1584147606665,545.4117823691347,39310500
2024-09-16,548.4619750976562,548.7250373585072,545.59707660276,547.3900395047746,36656100
2024-09-17,548.6859130859375,552.1062567166426,546.4641290442629,550.6640241107275,49321000
2024-09-18,547.0587158203125,554.1624668793891,546.5032696834501,549.3389057758787,59044900
2024-09-19,556.3938598632812,558.2453466994866,553.5679782684008,556.4231220387844,75315500
2024-09-20,555.4320678710938,556.46815521981,552.4215262762143,555.0313424308147,77503100
2024-09-23,556.820068359375,557.4652143001452,555.2854753286341,556.4975550473902,44116900
2024-09-24,558.413330078125,558.4719742881841,554.796778035406,557.6118194350487,46805700
2024-09-25,557.1817016601562,558.9900073797687,556.0771860686909,558.2569249779147,38428600
2024-09-26,559.3907470703125,561.7464186568862,557.0449191197562,561.4238456875147,48336000
2024-09-27,558.5794067382812,561.2673753932927,557.5531033653197,560.4561405350975,42100900
2024-09-30,560.8178100585938,561.4238200592039,555.2659399397932,557.5531235786384,63557400
2024-10-01,555.7937622070312,561.1110557410046,553.2328657284514,560.4659694617594,72668800
2024-10-02,556.0283203125,557.0448994143397,552.519332659213,554.9042964358707,38097800
2024-10-03,555.0118408203125,556.9471593905891,552.7343813129046,554.5621954422553,40846500
2024-10-04,560.0552978515625,560.4267309820088,555.28537101062,559.4395039594219,42939100
2024-10-07,554.9923095703125,559.0585072225006,553.8487175811873,558.4133612174717,49964700
2024-10-08,560.2410888671875,560.8373745453375,556.683241044493,557.553120131347,37398700
2024-10-09,564.1215209960938,564.6786707180951,559.6350309496581,560.2312569183572,37912200
2024-10-10,563.1344604492188,564.551765284813,561.5314389847066,562.782595149714,44138100
2024-10-11,566.506591796875,567.2396742554129,562.9193320123793,563.0561883893231,42268000
2024-10-14,571.1395874023438,572.0681703246292,567.6305402513053,568.1094778484854,36217200
2024-10-15,566.7020263671875,571.7065305951428,565.4899467305453,571.4035256005812,54203600
2024-10-16,569.1651611328125,569.6832346627543,565.9005342666823,566.7020448464575,30725400
2024-10-17,569.2140502929688,572.8990304200946,569.0283336899422,572.6937458614649,34393700
2024-10-18,571.403564453125,572.1855071059618,569.4388940141822,570.8952748825009,37416800
2024-10-21,570.4652099609375,571.6576620923939,567.5035282712228,570.6802188403536,36439000
2024-10-22,570.1622314453125,571.3156073773309,567.2885457643838,567.9434160693424,34183800
2024-10-23,564.952392578125,568.5885123492586,561.4629131521561,568.1486509721636,49314600
2024-10-24,566.1742553710938,566.975766047179,563.5644984283806,566.8975538777448,34979900
2024-10-25,565.978759765625,571.2765455255891,565.0404523577657,568.3930757936422,47268200
2024-10-28,567.7284545898438,569.5660529152336,567.4254495286576,569.4389805032773,30174700
2024-10-29,568.6470947265625,569.7613345267463,565.3824085036434,566.7703610094676,42899700
2024-10-30,566.9269409179688,570.1622760996802,566.2231506662927,568.1780374143577,41435800
2024-10-31,555.8133544921875,562.6456733933426,555.617853906816,562.5772452055423,60182500
2024-11-01,558.1590576171875,562.5673353166255,557.7485482406672,558.4327703071272,45667500
2024-11-04,556.9569091796875,559.5862337823984,555.0802349340614,558.2960015952809,38217000
2024-11-05,563.6914672851562,563.7305435334926,557.6508758763042,557.8658847297456,39478300
2024-11-06,577.7080688476562,578.5780077061257,572.1855499757824,575.9096065772254,68182000
2024-11-07,582.1749267578125,583.1915058614667,579.6238143381844,579.7020264980958,47233200
2024-11-08,584.6967163085938,586.1140207981344,582.7222620683345,582.7222620683345,46444900
2024-11-11,585.25390625,586.6320749270757,583.5335966542183,586.2802096893201,37586800
2024-11-12,583.4358520507812,585.7718958867575,580.9628921945897,585.175669871058,43006100
2024-11-13,583.7193603515625,585.7133231848053,581.5396809070076,583.8952929846365,47388600
2024-11-14,579.9659423828125,584.3253608590082,579.2817798181851,583.8464232004079,38904100
2024-11-15,572.5374145507812,576.8870491794336,570.6900323906797,576.4178358264271,75988800
2024-11-18,574.8831787109375,576.1929190461736,572.1365660073782,572.9966610430482,37001700
2024-11-19,576.9848022460938,577.7081007856062,570.8562729596783,571.5209272840522,49412000
2024-11-20,577.18017578125,577.4636128156191,571.4425893061045,577.0628873767942,50032600
2024-11-21,580.278564453125,581.6958687234387,574.1988976778956,580.0146954129433,46750300
2024-11-22,582.0772705078125,582.7028485393122,579.7705186323628,580.2689646034843,38226400
2024-11-25,584.0516967773438,587.3065398623395,581.7742372889147,585.9967993093868,42441400
2024-11-26,587.1012573242188,587.7659115133398,584.5794372696156,585.2929516850081,45621300
2024-11-27,585.3223266601562,587.2967213513849,583.807301635719,586.9155638447446,34000200
2024-11-29,588.9584350585938,589.7403777490892,585.8599565725738,586.1336096679657,30177400
2024-12-02,590.0140380859375,590.6884762739834,588.8801705758093,589.3688921712513,31746000
2024-12-03,590.2877197265625,590.5320805361104,588.7531863419945,589.7794898104154,26906600
2024-12-04,593.9531860351562,594.1975468669885,591.3043527994741,591.9690071030493,42787600
2024-12-05,592.9756469726562,594.7546007001943,592.6237817496434,593.9530901421784,28762200
2024-12-06,594.0997314453125,595.3313193862531,593.3275728171593,593.7380822446739,31241500
2024-12-09,591.040283203125,594.1485450845221,590.4538412098018,593.9823964628125,34742700
2024-12-10,589.2026977539062,592.135027098725,588.5478275712469,591.7147337183083,37234500
2024-12-11,593.7576904296875,594.7057817338718,591.841880207483,592.1155929499696,28677700
2024-12-12,590.6982421875,593.4643633790662,590.6982421875,592.8974892997352,31543800
2024-12-13,590.5809936523438,593.4351111707817,589.2125492712078,592.7215967057723,35904700
2024-12-16,593.102783203125,594.0705021581772,591.5584657830842,592.3306244931046,43695200
2024-12-17,590.6591186523438,591.5192734247074,589.2907339933267,590.5613981975558,55773500
2024-12-18,573.055419921875,592.7312963771194,572.674202761188,590.3561165933274,108248700
2024-12-19,572.8795166015625,579.6238994978684,572.6351557670356,578.0208781053541,85919500
2024-12-20,579.7603759765625,584.2717241370053,569.7176190978377,570.561095027684,125716700
2024-12-23,583.2320556640625,583.8302883719545,576.3374745859168,579.5052825841503,57635800
2024-12-24,589.7146606445312,589.7539282690682,583.9969712723625,584.5756300016285,33160100
2024-12-26,589.7539672851562,590.8719573339298,586.5567683514358,587.9493923534018,41219100
2024-12-27,583.5458984375,586.2625477535164,579.3777835694219,586.0271215733671,64969300
2024-12-30,576.8867797851562,580.3389793589591,573.1501891693375,576.5631809695095,56578800
2024-12-31,574.7879638671875,579.2601035674252,573.1599137063401,578.5441278348751,57052700
2025-01-02,573.3756713867188,579.7406180456738,569.3154229960469,578.0341524534392,50204000
2025-01-03,580.5448608398438,581.1823013188991,575.1311959956543,576.2100381173573,37888500
2025-01-06,583.88916015625,588.145567536734,582.1630605707853,584.7816606701658,47679400
2025-01-07,577.288818359375,586.2330977215739,575.4744864171694,585.9094391002772,60393100
2025-01-08,578.13232421875,579.2013495963691,573.9250009242365,577.357566647636,47304700
2025-01-10,569.3056640625,574.6604875516765,567.4030397334539,574.5918290616524,73105000
2025-01-13,570.1883544921875,570.5414039943755,564.2646890570356,564.6766400021115,47910100
2025-01-14,570.9729614257812,573.7288188278344,567.2069202769688,573.1011353265001,48420600
2025-01-15,581.3588256835938,582.4964494087538,577.8477854521145,578.9560183196553,56900200
2025-01-16,580.2408447265625,582.8985926554029,579.5445027973688,582.7220679112103,43319700
2025-01-17,586.06640625,587.8120797540519,584.1343312340456,585.4583566167607,58070600
2025-01-21,591.430908203125,591.440725108679,587.1352937130949,589.0967593301249,42532900
2025-01-22,594.7557373046875,596.1091536661693,593.6965288784859,594.2457369774064,48196000
2025-01-23,598.0018310546875,598.0018310546875,593.8533504222348,594.1279244823332,41152100
2025-01-24,596.2561645507812,599.0120815203885,595.1087237951253,598.0607394613536,34604700
2025-01-27,587.8218994140625,588.1357411390088,583.1830517473746,583.3497595871564,70361100
2025-01-28,592.8726806640625,593.7062796977629,585.7427332202798,589.0477983536082,44433300
2025-01-29,590.2149047851562,592.4902124528912,587.6747800612517,592.0880784150642,37177400
2025-01-30,593.382568359375,594.9125091757996,589.1457953617726,592.3234200043604,39281300
2025-01-31,590.2246704101562,598.2078504382997,589.4694869358445,595.7952259985301,66566900
2025-02-03,586.252685546875,588.7240915852041,579.1129217803689,581.2509121761593,65857200
2025-02-04,590.185546875,590.6954873423298,585.7722482747779,586.3116394651887,33457800
2025-02-05,592.5784301757812,592.7255640609287,587.0471418694162,589.0674493379312,30653100
2025-02-06,594.6380004882812,594.7655005585997,591.0190935628144,594.3143418590737,35771500
2025-02-07,589.1949462890625,596.4131263461926,588.4887874469584,595.1970270806008,50788500
2025-02-10,593.1962280273438,593.8337283102429,591.1268961231351,592.3920797831685,26048700
2025-02-11,593.6473999023438,594.1867909987916,590.8228845015021,590.9405676549386,30056700
2025-02-12,591.7350463867188,592.9021210468912,586.9785152974936,587.6552234594287,45076100
2025-02-13,597.9822387695312,598.1882142232939,591.5780842005947,592.8333911581238,40921300
2025-02-14,597.9529418945312,599.2180659571623,597.335075295313,598.1883082448632,26910400
2025-02-18,599.7084350585938,599.7084350585938,596.6583696805393,599.110202272389,26749000
2025-02-19,601.1206665039062,601.4148744301086,597.8156011046507,598.3256014161959,31011100
2025-02-20,598.6198120117188,599.8947529370754,595.3245635051746,599.7574359511714,36554000
2025-02-21,588.3809204101562,598.5412992676794,587.9199448031515,598.4039822903428,76519800
2025-02-24,585.7035522460938,591.4114252530362,584.997393388531,590.420875386549,50737200
2025-02-25,582.7907104492188,586.3704094872951,578.200887648266,585.6446767168586,58266500
2025-02-26,583.0850219726562,588.0279549899641,580.4566645097497,584.448255315712,43321600
2025-02-27,573.7777099609375,586.4978454436941,573.3854527582961,585.350344974499,74196700
2025-02-28,582.7318725585938,583.2614467800305,571.2180777869312,574.2779596736045,88744100
2025-03-03,572.5224609375,585.8310134980443,568.727029424783,584.6933298193593,74249200
2025-03-04,565.7455444335938,574.1112244792533,561.2243803057662,568.5406690059347,109648200
2025-03-05,571.826171875,573.611113090913,562.0384758390375,565.5789075488999,71230500
2025-03-06,561.675537109375,568.991765926103,559.1354126670572,564.3921264239905,80094900
2025-03-07,564.8236694335938,566.2653779091431,554.7319495414885,559.9004310284239,81158800
2025-03-10,549.779296875,558.5666258451241,544.8854490052353,556.6542444695278,99326600
2025-03-11,545.2090454101562,553.1530182295099,541.3842228164132,548.6220367842027,88102100
2025-03-12,548.1021728515625,552.2604706321457,543.0219837811946,551.3385793423611,69588200
2025-03-13,540.7957153320312,548.3375536768395,539.0892496749408,547.7295040716507,74079400
2025-03-14,551.9662475585938,552.966614210826,540.8643446212099,545.3953255555126,62660300
2025-03-17,556.2227172851562,558.7333912461695,551.5151512314662,551.9466761244148,49008700
2025-03-18,550.2108154296875,554.1337472059147,548.2885573100283,553.9179548314441,66041400
2025-03-19,556.203125,559.9495323368723,550.8090933649922,551.9859849662871,66556000
2025-03-20,554.5946655273438,559.5768056668136,551.7603329396793,552.4763086964069,62958200
2025-03-21,554.7776489257812,555.6728342872004,548.9247817378139,550.1543857754978,83763000
2025-03-24,564.7127685546875,565.7653165975482,560.8960736094673,561.486259409554,58766800
2025-03-25,566.0703125,567.0047634369732,564.329174156886,565.9128895780813,38355700
2025-03-26,559.3124389648438,566.926137079624,557.9352585138073,565.8047238585734,51848300
2025-03-27,557.8270263671875,561.5847029950913,555.7219301343026,557.9253706609946,42164200
2025-03-28,546.5934448242188,557.0303704343938,546.013105289902,556.3024543870055,71662700
2025-03-31,550.2626342773438,551.5611034821372,537.9468997306712,540.8586240116566,95328200
2025-04-01,551.8167114257812,553.7545984642982,544.6456828297712,548.3541875419536,54609600
2025-04-02,555.308837890625,558.1614830372098,545.7572527723408,545.9933271249679,76014500
2025-04-03,527.9428100585938,539.02887941269,527.9428100585938,536.2155597389653,125986000
2025-04-04,497.03546142578125,517.2894955361414,496.81904991432106,515.1253804215398,217965100
2025-04-07,496.150146484375,514.6335325434056,473.93856260259804,481.20799599577117,256611400
2025-04-08,488.3790588378906,516.4140007584771,481.17849041906084,513.3449138965836,165816600
2025-04-09,539.6683349609375,539.6683349609375,485.0050459934576,485.38869689536773,241867300
2025-04-10,516.0205688476562,524.7950065034121,501.0095530572283,523.4866909882965,162331200
2025-04-11,525.2278442382812,527.6772059586904,511.5841621734685,514.4761933704091,97866300
2025-04-14,530.3232421875,535.3990807406135,525.149059337469,535.172792794898,68034000
2025-04-15,528.8378295898438,534.3661235223595,528.0508951584542,530.8642142693149,56892900
2025-04-16,517.0828857421875,529.1133721339063,511.80051174858437,523.0046778330362,83484800
2025-04-17,517.8206787109375,522.5030206369137,515.3614705598376,519.0306499479765,79868100
2025-04-21,505.4951171875,513.1875268574667,500.16354114488826,512.6562995153043,69368100
2025-04-22,518.64697265625,520.6635112296127,510.71848838241135,511.6529994400941,75948100
2025-04-23,526.68359375,536.5302712837308,525.1687433752924,531.6118557355538,90590700
2025-04-24,537.769775390625,538.4976913582739,526.7131857388315,527.9624225863133,64150400
2025-04-25,541.6553344726562,542.0586181694788,534.8187241892716,537.7304480905381,61119600
2025-04-28,541.8618774414062,544.5178341418862,536.127047500035,542.3931048050576,47613800
2025-04-29,545.2753295898438,546.3868965128709,539.5994577828174,539.9535693584907,47775100
2025-04-30,545.4916381835938,547.4393716679848,532.6841242611865,538.6353953740775,93101500
2025-05-01,549.3575439453125,554.8662060499098,548.7575115851928,551.2265660956555,63186100
2025-05-02,557.5123291015625,559.1058911654948,553.2037916578166,555.5154232826195,60717300
2025-05-05,554.3153076171875,557.4040871519024,552.5348434974896,553.390643044351,38659200
2025-05-06,549.6821899414062,554.1579367361115,547.8722463773032,548.8263903141681,48264700
2025-05-07,551.9938354492188,554.6202527049248,546.9671688153295,551.0101522781708,55588000
2025-05-08,555.8399658203125,561.0043020556944,552.5348050390884,556.0170215722441,65130800
2025-05-09,555.1317749023438,558.2401872369107,553.577538715433,557.2368112120467,37603400
2025-05-12,573.4775390625,573.4873855021532,567.6246111991788,571.9823211776136,78993600
2025-05-13,577.2646484375,579.4680890959,573.3299158219985,573.890562385163,67947200
2025-05-14,578.0023193359375,579.3695930736238,575.985721158209,578.218700776706,66283500
2025-05-15,580.8255615234375,581.3271894858746,575.5529743261593,576.0054901792878,71268100
2025-05-16,584.5045776367188,584.7996705930015,579.664873035907,581.6027001482121,76052100
2025-05-19,585.1439819335938,585.8227258062999,578.5041197159628,578.5041197159628,68168500
2025-05-20,583.176513671875,584.3569454237166,579.9795435318993,583.4126480536456,60614500
2025-05-21,573.349609375,582.9110418636186,572.3266004007668,578.8385787658873,95197700
2025-05-22,573.5758666992188,577.0482371941405,571.9232260794693,573.1528300863163,70860400
2025-05-23,569.6607055664062,572.3166619439528,566.207968279521,566.5817726606184,76029000
2025-05-27,581.50439453125,581.6617574386509,568.9919119990551,576.507266661779,72588500
2025-05-28,578.14013671875,583.0979387188073,577.4122207207761,581.9076603733905,68445500
2025-05-29,580.4222412109375,583.5208672055215,576.5072014152614,583.3831371525944,69973300
2025-05-30,579.7730712890625,581.4846704969287,573.7233954302501,579.320555390729,90601200
2025-06-02,583.0389404296875,583.1175918640782,575.5137392971141,578.1696961697437,61630500
2025-06-03,586.3637084960938,587.3375451970118,582.1928415555221,582.6748967264019,63606200
2025-06-04,586.2063598632812,588.1934192676081,585.7735368258813,587.2195824432733,57314200
2025-06-05,583.373291015625,589.2262178754949,581.405924678812,587.8785767379185,92278700
2025-06-06,589.3639526367188,591.0263796061765,587.1211261759919,588.8917438854173,66588700
2025-06-09,589.8950805664062,591.4394702547755,588.7244952632093,589.9344062766999,53016400
2025-06-10,593.23974609375,593.6233369539606,589.3148593018128,590.4263662035312,66247000
2025-06-11,591.5477294921875,595.1873694307895,589.491865174911,594.3315698285918,73658200
2025-06-12,593.898681640625,593.898681640625,589.7377212700143,590.2197163908625,64129000
2025-06-13,587.2589111328125,592.0297509680191,585.7636933525403,588.7344360351562,89506000
2025-06-16,592.8461303710938,594.5872686908244,590.42624830293,590.6033640975234,79984100
2025-06-17,587.7802734375,591.9313878788944,587.0228181324287,590.4165373080118,82209400
2025-06-18,587.691650390625,591.4099413940326,586.7374465360585,588.6753335186196,76605000
2025-06-20,586.3114624023438,591.421997724495,584.9104595060545,590.3564623402502,94051400
2025-06-23,592.1027221679688,592.4874469643536,583.9534693671619,587.0611954614843,87426000
2025-06-24,598.6438598632812,599.699459496435,595.3189919942236,596.2266992885851,67735300
2025-06-25,598.9793090820312,600.4493204937829,597.4204779573378,599.7586945360007,62114800
2025-06-26,603.66552734375,604.0996298621668,600.2124582889446,600.8241399898848,78548400
2025-06-27,606.664794921875,608.1249909093486,602.6395460052738,604.6620460106875,86258400
2025-06-30,609.5654296875,610.9170549934429,606.793110456443,609.1017606660369,92502500
2025-07-01,609.3681030273438,610.5322734636828,607.2666588703396,608.0953617899536,70030100
2025-07-02,612.1304931640625,612.1699351321698,608.3419566396777,608.9635138836529,66510400
2025-07-03,616.9549560546875,617.882354174148,614.0839419945853,614.1036930875782,51065800
2025-07-07,612.357421875,615.6625385416997,609.5851029977032,615.0014790783108,74814500
2025-07-08,612.0220947265625,613.7683204406269,611.2130826065427,613.0185013919862,59024600
2025-07-09,615.692138671875,616.3432624074327,612.5843521193799,614.4194576258184,66113300
2025-07-10,617.4285888671875,618.4644977127873,614.6562696587606,615.8303157415752,57529000
2025-07-11,615.2579956054688,616.48135905139,613.1960537313187,614.38979053738,63670200
2025-07-14,616.4320068359375,616.7772896477138,613.4623578743809,614.804107370719,51898500
2025-07-15,613.7978515625,619.4411242116038,613.7189074073614,619.1057169315715,74317300
2025-07-16,615.8499755859375,616.3531467698953,609.7627242916457,615.3764310442137,88987500
2025-07-17,619.6187133789062,619.9739319743786,615.8104858123922,616.0275671883336,68885700
2025-07-18,619.1649780273438,621.0295897988693,618.0600006009754,620.861886140426,65621600
2025-07-21,620.3390502929688,623.071867331699,619.9148232467652,620.3390502929688,63375000
2025-07-22,620.4277954101562,621.2861250306559,617.7936134788556,620.6645676893623,60046300
2025-07-23,625.7060546875,625.7060546875,621.2860849659141,623.0816882564411,70511000
2025-07-24,625.9132690429688,627.6201130303268,625.4890419873703,626.0908482604223,71307100
2025-07-25,628.5572509765625,629.0308557161836,626.3276053702117,626.5742531786653,56865400
2025-07-28,628.3994140625,629.4846403177779,627.0181622678288,628.9321516432593,54917100
2025-07-29,626.741943359375,630.1061928990167,625.8342963044605,629.7904764849706,60556300
2025-07-30,625.9526977539062,629.129492632239,623.0718079865017,627.3930824208583,80418900
2025-07-31,623.6046142578125,631.2703873241156,622.3121821287813,630.8856625012866,103385200
2025-08-01,613.3834228515625,617.9415293786636,610.9860135753424,617.9020271938194,140103600
2025-08-04,622.7067260742188,622.7560435889075,617.1917152069655,617.280474690056,73218000
2025-08-05,619.5496215820312,624.1274190145356,618.6320990296246,623.3184070376644,68051400
2025-08-06,624.2952270507812,624.9463507668227,619.7075537473198,620.615200817688,64357500
2025-08-07,623.772216796875,628.4387733842979,620.67430632154,627.7087056122075,74205800
2025-08-08,628.6361694335938,629.0998986072367,625.2422933193634,625.5580097272857,64051600
2025-08-11,627.39306640625,630.382466681372,626.1499518449814,628.9124554108,58742300
2025-08-12,634.0723266601562,634.2301547632397,628.2514142554742,629.7313011159781,64730800
2025-08-13,636.2427978515625,637.5253543368295,634.0624096748859,636.262488727692,60092800
2025-08-14,636.3020629882812,636.9630622902898,633.7270741796365,634.1709920856589,59327500
2025-08-15,634.8123168945312,637.4268079608856,633.9046697471923,637.328112699525,68592500
2025-08-18,634.6741333007812,635.3647592128409,633.5691559281859,634.2400307460651,43804900
2025-08-19,631.23095703125,635.4732874420525,629.9187737835771,634.4965717210093,69750700
2025-08-20,629.5537719726562,631.0829764734092,624.4629872631401,630.8265133126017,88890300
2025-08-21,627.0280151367188,629.4155489420286,625.3113561107211,627.7482676486437,54805800
2025-08-22,636.6572265625,637.831272612948,628.7053031285401,629.2084743239826,84083200
2025-08-25,633.855224609375,636.6374190424261,633.7368384817344,635.4041800322128,51274300
2025-08-26,636.5091552734375,636.85449832521,632.9673265691392,633.5888838455812,51581600
2025-08-27,637.9595336914062,638.6896016147832,635.7791452521487,635.9271580330511,48341100
2025-08-28,640.2186889648438,640.771177580125,636.6867361320689,638.5612231189998,61519500
2025-08-29,636.4006958007812,639.1533240222955,634.5163329434167,638.7882298477452,74522200
2025-09-02,631.6846923828125,631.9017135171746,626.4063939553669,628.9518158118103,81983500
2025-09-03,635.108154296875,635.5718834333111,631.8721667546157,634.0524945785448,70820900
2025-09-04,640.4160766601562,640.4457033002755,634.8813144651941,635.7790859642552,65219200
2025-09-05,638.561279296875,643.4646688785257,634.7037341963564,642.7444163544111,85178900
2025-09-08,640.1299438476562,641.1264105300318,638.5513618994769,639.9227380309984,63133100
2025-09-09,641.60986328125,642.1327252974712,638.5415189260096,640.2680535026645,66133900
2025-09-10,643.4647216796875,645.7733115580726,641.9058905935132,644.855788891868,78034500
2025-09-11,648.81201171875,649.502637640468,644.8262047273438,645.4082598463015,69934400
2025-09-12,648.594970703125,650.272187984056,648.0918597139254,648.7824254618777,72780100
2025-09-15,652.0480346679688,652.1762963553084,650.4991393056443,650.7951046545995,63772400
2025-09-16,651.1502075195312,652.9063688014267,650.3708221309846,652.6004677140577,61169000
2025-09-17,650.3412475585938,652.8471677889224,645.5266771850337,651.1601352003632,101952200
2025-09-18,653.3799438476562,655.9746837040749,651.4166368558095,653.0149098952402,90459200
2025-09-19,656.6160278320312,657.4569312262267,653.3215535907623,655.2606553211801,97945600
2025-09-22,659.7225341796875,660.1676828141602,655.1023357778903,655.1320445581616,69452200
2025-09-23,656.1312866210938,660.2172101260659,654.914373896894,659.6037721086419,81708900
2025-09-24,654.043701171875,657.5162467217733,652.6289715744526,657.4173382288552,68082200
2025-09-25,651.0263061523438,652.3717757310584,647.4251431178142,650.91749472694,89622100
2025-09-26,654.756103515625,655.3002210405111,650.8581544995363,652.4707616041429,69179200
2025-09-29,656.5962524414062,658.1792111877495,654.7956708332731,657.2689872647139,73499000
2025-09-30,659.0694580078125,659.5344728182262,654.5482290856307,655.8541471878013,86288000
2025-10-01,661.3153686523438,662.2255322042525,655.9828838603935,656.0916952927918,72545400
2025-10-02,662.0769653320312,663.4125921637317,659.6630669539827,663.2938778298502,56896000
2025-10-03,662.0671997070312,665.5001336306916,661.0283585893458,662.838842966907,70494400
2025-10-06,664.4415893554688,665.3320074034157,662.314573504463,664.4514922823549,54623300
2025-10-07,661.9780883789062,665.8067767881695,660.5435529952065,665.3615678230638,72020100
2025-10-08,665.925537109375,666.0245059882836,662.2749199573431,663.0960778489103,60702200
2025-10-09,663.9963989257812,666.7467557943302,662.0672604073742,666.3411584665431,66501900
2025-10-10,646.0499877929688,666.7565834688588,645.8719162752307,664.9560020556908,159422600
2025-10-13,655.9630126953125,658.030731623523,652.7279561413051,653.5985682812151,79560500
2025-10-14,655.1616821289062,658.7232938317348,646.1983862715207,650.1556923521978,88779600
2025-10-15,658.0703125,663.076302337462,651.8969246006144,659.70272543157,81702600
2025-10-16,653.5886840820312,661.5725563129243,650.0963324960569,659.7027147054259,110563300
2025-10-17,657.2986450195312,658.6540174880462,651.1153544209424,652.4608239631079,96500900
2025-10-20,664.1348266601562,665.035147534835,660.1478725090891,660.1973267543179,60493400
2025-10-21,664.1249389648438,665.8068060270512,662.8289237149189,664.2733620876278,56249000
2025-10-22,660.6721801757812,664.8273632729761,656.2202112252926,664.8273632729761,80564000
2025-10-23,664.5900268554688,665.5298991744598,660.6722718970066,660.9888636457038,65604500
2025-10-24,670.0213623046875,671.2283116328227,668.4384640813665,669.2398161192735,74356500
2025-10-27,677.926025390625,678.2228112394536,674.8393317954225,675.442806418656,63339800
2025-10-28,679.7266845703125,681.5569145007897,677.5205057270293,679.716781643602,61738100
2025-10-29,680.0531005859375,682.338442194909,675.5813258562629,681.3688612448931,85657100
2025-10-30,672.5738525390625,678.6186229721906,672.5738525390625,676.600418646911,76335800
2025-10-31,674.780029296875,677.7678146457715,671.9901213244605,677.7282029402567,87164100
2025-11-03,676.04638671875,678.4800912258883,672.6826525168186,678.3514739521635,57315000
2025-11-04,668.0328369140625,672.7024895383894,667.3799079726423,668.8935461650569,78427000
2025-11-05,670.3478393554688,673.5927987432043,666.9742023136038,667.7755543304748,74402400
2025-11-06,663.1553955078125,670.1499405995044,661.5823399185376,669.2496197351962,85035300
2025-11-07,663.8084106445312,663.9172824573612,654.1526341751978,660.7810737969259,100592400
2025-11-10,674.1666259765625,674.8987178962867,667.8250699305912,670.011442763763,75842900
2025-11-11,675.7099609375,676.2738842563608,671.485517700804,672.6925273614432,58953400
2025-11-12,676.0859375,677.6490902522322,673.6818813898049,677.4808612736824,62312500
2025-11-13,664.866943359375,673.5928101259233,663.3632081763918,673.2366670865612,103457800
2025-11-14,664.7581787109375,668.448347404196,656.1906373926532,658.2781019123212,96846700
2025-11-17,658.5650024414062,666.5192267278557,655.1023594385355,662.5520175117457,90456100
2025-11-18,653.03466796875,658.0208519047019,648.8596786437042,655.0330664835586,114467500
2025-11-19,655.5574340820312,660.2171837101976,651.7188423695233,653.7272041810384,94703000
2025-11-20,645.5652465820312,668.3494043558474,644.9320631333248,665.7276649913678,165293500
2025-11-21,651.9959106445312,657.4569521849606,643.9031662606766,648.0583498819193,123956200
2025-11-24,661.59228515625,662.9081062970187,654.5285399004904,655.6167748873626,80437900
2025-11-25,667.815185546875,668.9924864834618,657.3876457131933,661.4933747936815,81077100
2025-11-26,672.4254150390625,674.4238738525114,669.4969869185696,670.3973078307199,71879600
2025-11-28,676.0958251953125,676.3728052050843,673.2366572287348,673.5928002628821,49212000
2025-12-01,673.0090942382812,675.7000330812516,671.4953958513415,671.5646559458772,61201200
2025-12-02,674.2556762695312,676.5212120744054,672.0791460292079,674.6414676887413,62953800
2025-12-03,676.5905151367188,677.5995871066391,672.4353317565424,673.3059439079583,57238500
2025-12-04,677.085205078125,678.0547257643626,674.0677712084201,677.9854656605314,61970300
2025-12-05,678.3712158203125,681.0424091541689,677.2730780178052,678.1535326146577,79241000
2025-12-08,676.3333129882812,679.3111955598065,674.2953027143022,679.2617413091358,55231500
2025-12-09,675.74951171875,678.0744650894321,675.3043631264671,675.8583835190601,58310100
2025-12-10,680.2312622070312,681.616283144729,674.0380683519487,675.2747265375898,85671300
2025-12-11,681.8140869140625,681.8932499368323,674.8888018222121,677.8271327535609,86173700
2025-12-12,674.4832153320312,681.5272148787925,671.9208332382598,680.8247713558317,113160300
2025-12-15,673.4642333984375,678.4405748577324,672.0000494482242,678.4207690042323,90811000
2025-12-16,671.6240844726562,673.8105178026394,667.7755898483048,671.9802275249427,122030600
2025-12-17,664.2338256835938,673.1773153631458,664.035948310003,672.6331978735437,110625200
2025-12-18,669.2495727539062,673.4740156275043,667.6963835086992,670.3675163697123,108650100
2025-12-19,675.3153686523438,675.8114935895343,671.2272434527378,671.3463691548195,103599500
2025-12-22,679.5225219726562,680.0483829319917,675.3153920494597,678.6394050189502,69556700
2025-12-23,682.6282348632812,682.8663651395233,678.5699062922599,678.6195066727895,64840000
2025-12-24,685.0294799804688,685.4760045408373,682.4694583215327,682.6183200290311,39445600
2025-12-26,684.9600219726562,686.2995351048382,683.9281038851597,685.2874813951044,41613300
2025-12-29,682.51904296875,683.8586166189733,680.7528697076866,682.2114479341877,62559500
2025-12-30,681.685546875,683.2235219572843,681.2588867271484,682.1221392108215,47160700
2025-12-31,676.635009765625,682.0328514439952,676.4266760541103,681.8145855439083,74144800
2026-01-02,677.8753051757812,681.5466416904673,674.5512924418268,680.3956585252009,89377200
2026-01-05,682.3900756835938,684.0868448237256,681.0604947255163,681.2192280630002,71927200
2026-01-06,686.4484252929688,686.9544824498945,682.4496895461597,682.5984906991714,69273800
2026-01-07,684.2356567382812,688.5817158514149,683.9776620917838,686.8254142672773,75588300
2026-01-08,684.1661987304688,685.2675815209567,682.1618346683338,683.4815439165204,64019200
2026-01-09,688.69091796875,689.9212981952004,683.8388012635544,685.2775757782119,80125500
2026-01-12,689.7723999023438,690.6952455853734,685.2775394384523,685.3271398200249,63976000
2026-01-13,688.3931884765625,690.6952153647912,685.9919002674054,690.0998291255927,78309700
2026-01-14,685.009521484375,686.3589666067269,680.7229953056234,685.6445758579941,94676700
2026-01-15,686.875,690.0601436981007,685.8926823763012,689.1869590187856,77862000
2026-01-16,686.299560546875,688.8695145151978,684.7516530771834,688.28406040864,79289200
2026-01-20,672.3286743164062,679.4629532027941,671.3264922720098,676.2083446056304,111623300
2026-01-21,680.088134765625,683.4022156585446,672.8744583042852,674.3826975966588,127844500
2026-01-22,683.6402587890625,685.7736201181282,681.5962265907631,684.5035112839386,77112200
2026-01-23,683.8883056640625,685.6049389887335,681.8343413244536,682.8167194920136,63059600
2026-01-26,687.3612060546875,688.7503800429489,684.5729864520383,685.138576123168,60473800
2026-01-27,690.099853515625,691.1318321418594,688.1947507195304,688.8000086063018,55506100
2026-01-28,690.0303955078125,692.4316838253299,688.5618850633444,691.6477676593287,61172200
2026-01-29,688.6610717773438,691.657685737667,679.5224893166136,690.9928952881424,97486200
2026-01-30,686.6071166992188,688.8298072906449,681.7947290319643,686.4285189892349,101835100
2026-02-02,690.0203857421875,691.5286247721026,684.0768193112581,684.2356131892069,79286500
2026-02-03,684.18603515625,691.5584439188771,678.7286612443456,690.8142565672537,107904600
2026-02-04,680.8719482421875,686.0911923060062,676.4762885369656,684.9996810996682,105204600
2026-02-05,672.3682861328125,678.3912495205631,670.5524520913757,675.6625626456348,113610800
2026-02-06,685.2676391601562,686.944543957853,675.5733380016845,676.1786564838608,89127600
2026-02-09,688.5718383789062,690.4769412520913,683.0053309088385,684.0769172088077,73885200
2026-02-10,686.7559814453125,691.1417089533321,686.2995246985826,689.5640655604284,65185700
2026-02-11,686.5972290039062,691.7370759669038,683.8387453470867,690.9928885783248,76353900
2026-02-12,675.9900512695312,689.9608850687785,675.0970022106213,688.859502308346,118829000
2026-02-13,676.4663696289062,680.961290747747,672.2691719299015,676.4068370573647,96267500
2026-02-17,677.5578002929688,679.6316291710169,670.5426469985775,674.8688419019007,81354700
2026-02-18,680.9711303710938,683.8090109802145,677.53798463666,678.7187643851827,73570300
2026-02-19,679.1751098632812,680.86194660128,676.2678252760687,678.5401160314528,58649400
2026-02-20,684.0867919921875,684.7119142291095,676.4464562003476,677.0319102464942,100034000
2026-02-23,677.1013793945312,684.6523861034582,675.0970153480879,682.4992209190492,90558100
2026-02-24,682.02294921875,683.0151991255567,674.7299366285719,676.6152356763558,73798700
2026-02-25,687.7779541015625,688.3038149887374,684.7515438454409,684.8309407846423,56369500
2026-02-26,683.957763671875,687.926762805978,679.0461151309984,687.9069589925494,71671000
2026-02-27,680.6734619140625,681.5367144347911,676.35719931042,677.795973699009,83308900
2026-03-02,681.0604858398438,683.2831159083878,672.765291276125,673.4400139353526,87477200
2026-03-03,675.057373046875,677.3196712649806,664.4700232973693,669.8281968363514,105003100
2026-03-04,679.8201904296875,681.7650220692323,674.3528836974749,676.3473157204403,79182200
2026-03-05,676.0297241210938,680.2170498641997,670.3738880206191,676.7937758642711,106606500
2026-03-06,667.1690063476562,670.8700791710008,664.5693164010845,668.1909922733983,100687000
2026-03-09,673.0133056640625,674.650481531912,657.2563736570586,661.2253729422058,102667700
2026-03-10,671.9317016601562,678.0637980596332,669.5304741395607,672.4674947413112,81505300
2026-03-11,671.08837890625,674.8093159596237,668.1215614523004,672.3286912573745,68441700
2026-03-12,660.89794921875,666.4446526664856,660.7094193200438,665.9583993556241,108882200
2026-03-13,657.1571655273438,667.1293254881115,656.2343803863124,664.0831110227487,97200200
2026-03-16,663.8449096679688,666.8613272435379,661.9496786440191,663.199923076128,82023100
2026-03-17,665.5912475585938,669.2129836950214,664.5097291491037,667.1788836379297,87128000
2026-03-18,656.3038330078125,664.5295627375546,656.0657027257738,663.1801174312507,82062600
2026-03-19,654.6864624023438,657.8418097710767,650.0923405870744,651.8783782687178,111272500
2026-03-20,645.3009643554688,653.3800315656541,641.4703334037762,653.2009461223761,163617500
2026-03-23,652.07666015625,659.2801583045331,650.6439158314106,654.7531040433624,134802700
2026-03-24,649.8877563476562,653.7183875512989,646.604401549905,648.0371459178807,96457500
2026-03-25,653.5094604492188,657.5589538580906,650.9424473291369,655.3501116680137,90653800
2026-03-26,641.838623046875,651.5493793651953,641.5699644768796,648.7734634761676,96494400
2026-03-27,630.89404296875,639.420794428861,629.9189411370072,639.2616275919053,103649400
2026-03-30,628.78466796875,637.1423539459004,626.108284608157,636.8836547011163,99275900
2026-03-31,647.0621337890625,648.2560368761451,634.7643854444117,635.7195686416,152534100
2026-04-01,651.9373779296875,655.2008748639518,649.7086779392242,650.6041659517412,97841500
2026-04-02,652.5244750976562,654.8825248659317,641.858474913505,643.1618697673937,68358700
2026-04-06,655.6087646484375,656.3947609217337,652.2159789115307,652.554231190157,39105800
2026-04-07,655.8972778320312,656.285326673986,647.7784337275787,653.3402849463747,69980400
2026-04-08,672.6027221679688,673.6673363432215,668.0756676404139,672.980811715349,93606100
2026-04-09,676.4830322265625,677.7267318686964,670.3740257373166,671.4386399182858,57134400
2026-04-10,676.0353393554688,678.5923930707559,675.0304203424645,677.885949822129,42253500
2026-04-13,682.6417846679688,682.840788741459,673.1698101905051,673.9955829678383,54185800
2026-04-14,690.959716796875,691.0791070995066,684.193942434314,684.2238203737314,63480500
2026-04-15,696.412109375,696.7504224001667,690.7010502942645,691.7557051691649,58240400
2026-04-16,698.1234130859375,699.2378238459212,695.0092450197437,697.5264615426626,49972400
2026-04-17,706.5607299804688,708.7993894133457,702.2028014262665,702.5808909886877,70661900
2026-04-20,705.1477661132812,706.3317705126415,702.5808139687996,705.20752199003,43546800
2026-04-21,700.53125,707.6949720613851,699.098505587723,706.7000123508461,58941400
2026-04-22,707.6253051757812,707.8640857857167,704.6503246823615,705.5756906371417,42518500
2026-04-23,704.8792114257812,708.7694771316526,698.7403270820959,705.9239069650033,56174000
2026-04-24,710.3414916992188,710.8687887329964,705.4363479344694,707.1675680011435,45182000
2026-04-27,711.5653686523438,712.0230720129201,708.7098389427747,709.5754490929214,33135900
2026-04-28,708.1029052734375,709.2869098023077,705.6752010599358,708.2322548988411,43117400
2026-04-29,707.993408203125,708.6102783309316,704.7995658491443,707.4163145996059,41859200
2026-04-30,715.0377197265625,716.1620290590424,706.8691393587039,711.0280636665188,67240900
2026-05-01,717.0177001953125,721.216400793299,716.8385540170647,717.6146516977453,43049800
2026-05-04,714.3909912109375,718.4802608161392,711.3861936216806,716.4406056700121,51950600
2026-05-05,720.1220092773438,721.3855668152729,717.8534719876392,718.1320898558575,36933200
2026-05-06,730.1312866210938,730.8874657022126,724.1515691652952,724.489821452625,53288900
2026-05-07,727.8926391601562,732.4196936796947,726.0718458933673,731.3451201928577,51724600
2026-05-08,733.9021606445312,734.359863963193,730.8675457398152,731.2257166531052,47227100
2026-05-11,735.5736694335938,737.0561496205491,732.7380586745534,732.7380586745534,44024000
2026-05-12,734.4593505859375,735.1160580011854,728.1413807257971,733.1758744234386,54185300
2026-05-13,738.5685424804688,740.1604537310201,731.7629913201908,734.7478704606156,44200200
2026-05-14,744.3989868164062,745.7521781705404,739.8122371427646,739.9018102364839,45307600
2026-05-15,735.4443969726562,739.712813256131,734.2405345152865,738.0511867146383,60410800
2026-05-18,734.927001953125,737.682999009625,729.6935042484962,736.1010471042457,47843900
2026-05-19,730.03173828125,733.9320239063612,727.8428755921286,731.0764945153984,54255900
2026-05-20,737.5138549804688,738.1307251173267,730.1909663879147,732.0018002736176,45768000
2026-05-21,738.9764404296875,741.1156280791548,733.3151780259534,734.9170485709385,43332200
2026-05-22,741.8817749023438,745.1651298094138,740.7275876279662,742.4787264390759,41762000
2026-05-26,746.8068237304688,748.3390397979183,744.5979816306177,746.2297301040182,41123600
2026-05-27,746.6774291992188,747.5927750592914,744.4486686067338,747.0952952420212,42106300
2026-05-28,750.7965698242188,751.3438462445121,745.4536410614309,746.4685193943138,41562600
2026-05-29,752.6671142578125,754.2590862562773,750.8861582097875,752.0900813404212,55075700
2026-06-01,754.7166748046875,756.4479556154175,750.886104424133,751.5527103892452,43634900
2026-06-02,755.7415771484375,756.5674107365072,752.9357833937803,753.2144012702464,31581900
2026-06-03,750.4384155273438,754.9754294579049,749.7718095132926,754.3287420712209,51402500
2026-06-04,753.2740478515625,754.4878695071194,747.6823186029123,748.3091480570178,49923000
2026-06-05,733.83251953125,749.0255736853693,731.82274221843,748.5181345185488,93989400
2026-06-08,735.4940795898438,741.5832888174093,734.4693026781229,739.6132273185567,49319100
2026-06-09,733.3350830078125,743.1354731343894,718.9480036644643,739.881935268434,87683500
2026-06-10,721.7736206054688,734.6583610930755,721.6741489247238,729.69352181897,60341300
2026-06-11,734.04150390625,736.2702039965386,720.7587550057447,725.0868662900759,86330500
2026-06-12,738.0113525390625,740.6877965432628,731.3252525489901,736.9766163198905,57079500
2026-06-15,751.0254516601562,752.8661028247,747.9709180763429,748.0604304424444,60176400
2026-06-16,746.5481567382812,751.6323864215939,746.100412710964,750.7468576807364,67093100
2026-06-17,737.225341796875,748.3589429763433,735.4940609532621,747.5032315039188,85945200
2026-06-18,744.8902587890625,746.3765582049119,742.0173878962117,745.907751654771,80875700
2026-06-22,742.546142578125,748.321778689857,741.2892538871644,745.8479411927095,46628100
2026-06-23,731.7628784179688,737.7978798883457,730.4860198600484,731.9922892059834,66846800
2026-06-24,731.4237060546875,738.1171068570358,729.0296875445486,733.3489180103626,57439500
2026-06-25,732.4810791015625,737.5385276888334,727.7927091295785,737.0796452204372,53934400
2026-06-26,727.1842651367188,734.7056273477464,714.8050317832251,727.144386135875,71034000
2026-06-29,739.1644897460938,739.7231001504891,730.27658724538,734.7055914816465,58035200
2026-06-30,744.9202270507812,746.1671307285668,739.0547872797607,739.4537599262709,55626000
2026-07-01,743.9127197265625,747.5835968507926,740.541087308444,743.1545925484338,47100900
2026-07-02,742.9351806640625,749.4489739445169,738.1969465958291,745.5486859530862,57447800
2026-07-06,749.4190673828125,750.5462122974698,745.5585975722108,746.885320136641,50673300
2026-07-07,745.85791015625,749.0998597580657,743.364102770238,748.3616416292718,43721500
2026-07-08,743.5536499023438,744.3017921335774,737.6782249675691,741.3191472958572,43767400
2026-07-09,749.8480224609375,750.1073272936331,743.7431866839036,745.4987759890873,41441700
2026-07-10,753.0799560546875,753.5487626123848,746.2468873823584,750.187115173852,42191300
2026-07-13,747.3142700195312,752.0425191788765,746.1471851864706,750.6060836597362,44013600
2026-07-14,749.9677124023438,751.4739818301254,746.8055207475287,749.0499474324819,35143100
2026-07-15,752.9403076171875,753.7084197839658,748.3417413555546,752.3717122204262,43844800
2026-07-16,748.8604125976562,752.7009125511715,746.0274814662645,750.8953984161742,46409800
2026-07-17,741.4487915039062,745.438883195828,738.9649691671198,740.241827732839,62651000
2026-07-20,740.2518310546875,746.8753371556621,739.6732506975046,745.2094908804986,50422300
2026-07-21,746.426513671875,747.1845799829406,742.3366329839115,744.4413918284653,34324300
2026-07-22,745.55859375,748.1621748950539,744.5211918106933,744.7705725456777,32836200
2026-07-23,736.3515014648438,740.7206569606348,733.3888874570794,737.5385562389782,55437300
2026-07-24,737.099609375,741.8777222786117,735.4636571620507,736.6806667930385,44782000
2026-07-27,737.25927734375,743.6833276942111,734.0472217265344,743.0648074406847,41461200
2026-07-28,739.0248413085938,740.9500533043114,734.156924420905,737.3589950224286,47322200
2026-07-29,727.6531372070312,740.8403618199718,727.2939826612791,738.1370526174048,70697200
2026-07-30,739.852783203125,740.6109103701467,732.7703947650456,734.2267392747757,66811300
2026-07-31,745.1796264648438,747.0449895804718,735.8527500027326,742.835410914187,62445900
2026-08-03,755.793212890625,756.7009928898597,746.9451890027125,747.5836183167282,59927500
2026-08-04,769.4193725585938,771.494176400126,758.6361522059436,758.7458651152236,69154800
2026-08-05,767.8831787109375,774.9256883846499,767.6039039413469,773.928165423025,44689100
2026-08-06,766.65625,769.9081846177485,765.5589990885744,768.3021872511085,38416900
2026-08-07,771.3446044921875,772.0029428489042,767.703621378493,769.1101628301597,43586300
2026-08-10,771.1151733398438,773.1301282404592,769.7086319253093,770.6861849056471,39249500
2026-08-11,768.6513061523438,772.6912620504304,767.2946895097219,772.6115040483734,36740600
2026-08-12,770.5764770507812,772.9805414027246,769.369513273419,772.7910096110111,33179100
2026-08-13,775.9531860351562,777.4394855444215,772.1925048911166,772.9506321027081,35634500
2026-08-14,774.4169921875,776.8708596736758,773.509212209858,776.6114939657781,31367900
2026-08-17,770.7560424804688,774.8559080861019,770.5964655970525,774.2573577843602,34356600
2026-08-18,765.5490112304688,767.5939211307613,765.0202948350139,766.7959149360092,43920900
2026-08-19,767.1549682617188,770.5564946026684,766.1973243479778,768.4517358705159,40306000
2026-08-20,760.7109985351562,766.2472997692572,760.1523881029335,764.0627220124634,45520300
2026-08-21,763.8232421875,765.9479709365374,762.2770937955632,764.1524418077088,39188700
2026-08-24,761.5787963867188,763.3244615010249,760.1922857963137,762.8856098637509,32430900
2026-08-25,764.0127563476562,764.8806573052586,761.159855395616,764.262137078792,27422300
2026-08-26,764.182373046875,765.449185749943,762.0376744224566,762.8356805789958,28751600
2026-08-27,769.18994140625,770.4468300957561,765.2596984507333,766.5964060257239,34557100
2026-08-28,767.4442749023438,773.3795487683207,766.4068729286823,769.8483393622295,36744300
2026-08-31,765.1499633789062,766.097622354185,762.8257178677422,765.4292990280279,38810800
2026-09-01,759.89306640625,762.7758614763637,757.5987149009983,760.1224772031874,41126300
2026-09-02,763.2646484375,764.5315220914426,759.8431519587122,760.5614001563074,29566200
2026-09-03,771.2548217773438,772.112737807933,765.5490195828438,765.99791709853,43531600
2026-09-04,768.2822265625,770.9555808433835,767.0951717806925,770.0977256925568,34054200
2026-09-08,764.0626831054688,767.7934091111229,763.2447069992287,767.1649647963771,44746100
2026-09-09,760.5115356445312,762.5763546117217,759.055130192088,762.1873669257697,32812400
2026-09-10,755.9528198242188,758.2271404471661,754.7657651010062,756.1523365872063,42740400
2026-09-11,762.3967895507812,764.4816392943262,761.7084962835214,762.8257171109622,45512700
2026-09-14,758.9952392578125,761.6287143614769,756.0525344863368,757.119891309806,43992400
2026-09-15,755.513916015625,758.4665449596201,754.2769973083872,758.2371341657202,46195000
2026-09-16,752.1821899414062,759.7833101686804,747.7432005092232,757.6187023523285,59217700
2026-09-17,760.7109985351562,761.6786274833105,758.0775841455181,761.2596848801362,49652800
2026-09-18,761.6900024414062,762.0,757.969970703125,761.3099975585938,65395100
2026-09-21,773.5,774.8900146484375,766.030029296875,766.25,50484700
2026-09-22,773.3800048828125,775.1400146484375,772.5700073242188,774.030029296875,34802300
2026-09-23,767.8099975585938,773.0499877929688,766.5,772.7899780273438,54931700
2026-09-24,767.1799926757812,768.9500122070312,763.25,764.0700073242188,43983700
2026-09-25,771.3499755859375,772.280029296875,766.2899780273438,768.780029296875,36666700
2026-09-28,765.6099853515625,769.5399780273438,763.719970703125,768.3499755859375,42694500
2026-09-29,764.2000122070312,766.97998046875,762.3499755859375,766.8300170898438,36910500
2026-09-30,762.6300048828125,769.4099731445312,762.1799926757812,766.4500122070312,62110000
2026-10-01,763.989990234375,765.6500244140625,758.7899780273438,764.3599853515625,47708100
2026-10-02,769.6400146484375,772.6500244140625,767.1500244140625,770.5800170898438,46335300
2026-10-05,774.8300170898438,776.6099853515625,769.6300048828125,769.6900024414062,44840200
2026-10-06,779.0900268554688,781.6199951171875,777.9600219726562,778.1500244140625,36054300
2026-10-07,777.219970703125,779.1021118164062,773.6099853515625,775.77001953125,30746070
