Date,Close,High,Low,Open,Volume
2011-01-27,22.25237464904785,22.345129277959522,22.25237464904785,22.323045083206658,31600
2011-01-28,22.25237464904785,22.25237464904785,22.25237464904785,22.25237464904785,0
2011-01-31,21.952028274536133,21.952028274536133,21.797435517547235,21.797435517547235,400
2011-02-01,22.19937515258789,22.19937515258789,22.106620504486138,22.106620504486138,800
2011-02-02,22.141956329345703,22.141956329345703,22.141956329345703,22.141956329345703,200
2011-02-03,22.2656192779541,22.2656192779541,22.049190179534648,22.049190179534648,4400
2011-02-04,22.358381271362305,22.384883318165013,22.278876815870372,22.362799121620853,22200
2011-02-07,22.44230079650879,22.44230079650879,22.44230079650879,22.44230079650879,400
2011-02-08,22.44230079650879,22.44230079650879,22.44230079650879,22.44230079650879,0
2011-02-09,22.618976593017578,23.029749010716145,22.517387951048132,22.59689239866179,91000
2011-02-10,22.671979904174805,22.69406409777355,22.530637358327727,22.58805760961723,40000
2011-02-11,22.87958335876465,22.87958335876465,22.557149273350483,22.561567124953207,36400
2011-02-14,22.906082153320312,22.919332336409134,22.888414119257572,22.919332336409134,12200
2011-02-15,22.941415786743164,22.967917836971115,22.919331587344743,22.950249803485814,8600
2011-02-16,23.135757446289062,23.144591461756786,23.01208291465711,23.01208291465711,44000
2011-02-17,23.281517028808594,23.285934879482447,23.078339705636502,23.277100863051093,6800
2011-02-18,23.330101013183594,23.42285564933902,23.330101013183594,23.42285564933902,2000
2011-02-22,22.76032066345215,22.932579762563858,22.755904497925606,22.83540895673351,4000
2011-02-23,22.60573387145996,22.60573387145996,22.60573387145996,22.60573387145996,400
2011-02-24,22.33629608154297,22.353964111959094,22.21703940360831,22.305377870772812,55000
2011-02-25,22.694067001342773,22.698483166661156,22.680815135555257,22.698483166661156,27800
2011-02-28,22.663150787353516,22.879578290274427,22.64989892039771,22.879578290274427,13200
2011-03-01,22.588056564331055,22.79123383190279,22.53947032971262,22.7028970615957,6200
2011-03-02,22.671979904174805,22.773568542661792,22.57038958077185,22.773568542661792,5200
2011-03-03,23.237350463867188,23.237350463867188,23.19318037822754,23.19318037822754,3200
2011-03-04,23.135757446289062,23.135757446289062,23.047418976528004,23.118089415353616,9800
2011-03-07,23.034170150756836,23.255015495692508,22.85307703530624,23.255015495692508,6400
2011-03-08,23.263843536376953,23.32568163688424,23.228509163860174,23.228509163860174,5000
2011-03-09,23.277097702026367,23.34776813896382,23.082752736761282,23.082752736761282,5800
2011-03-10,22.822154998779297,23.277097512468163,22.791236788178203,23.277097512468163,9600
2011-03-11,22.76915740966797,22.76915740966797,22.588064272872057,22.702904809327883,16200
2011-03-14,22.473224639892578,22.473224639892578,22.459972772352184,22.459972772352184,2600
2011-03-15,22.305377960205078,22.305377960205078,21.969693805533403,22.084532633866413,3400
2011-03-16,22.0226993560791,22.353967392879532,22.0226993560791,22.353967392879532,9400
2011-03-17,22.150794982910156,22.433476834115577,22.141960964445392,22.433476834115577,9400
2011-03-18,22.236061096191406,22.386273277132606,22.236061096191406,22.386273277132606,6800
2011-03-21,22.7220458984375,22.81482460362326,22.71320959051218,22.81482460362326,5800
2011-03-22,22.73529815673828,22.84133216014165,22.72204453832035,22.80156961953455,21200
2011-03-23,22.638097763061523,22.638097763061523,22.509973858650252,22.509973858650252,5200
2011-03-24,22.69553565979004,22.792733355983994,22.6292658822196,22.792733355983994,7800
2011-03-25,22.867839813232422,23.018053670998718,22.81040634214041,22.973873818565888,19600
2011-03-28,22.83249855041504,23.062237513805005,22.83249855041504,23.062237513805005,19400
2011-03-29,23.009212493896484,23.009212493896484,22.78389092876031,22.95177735381334,6000
2011-03-30,23.101999282836914,23.331738238507192,23.075490358406455,23.331738238507192,7000
2011-03-31,23.194774627685547,23.22570085902754,23.12408585813911,23.22570085902754,30600
2011-04-01,23.358243942260742,23.49962149255695,23.31848140090535,23.49962149255695,12400
2011-04-04,23.459854125976562,23.570305419762427,23.437764204289987,23.570305419762427,2400
2011-04-05,23.375917434692383,23.570311152307,23.35382750763331,23.570311152307,11600
2011-04-06,23.570308685302734,23.64983376267457,23.521711525000594,23.64983376267457,12600
2011-04-07,23.627742767333984,23.724940454240613,23.57914392388067,23.59239922641085,8200
2011-04-08,23.49077796936035,23.853059726735246,23.49077796936035,23.853059726735246,2200
2011-04-11,23.702852249145508,23.747032099841114,23.680760638444433,23.680760638444433,2200
2011-04-12,23.610071182250977,23.610071182250977,23.57030864363535,23.579144950589182,2400
2011-04-13,23.66750717163086,23.857483564472513,23.66750717163086,23.857483564472513,3000
2011-04-14,23.74261474609375,23.747032057014035,23.74261474609375,23.747032057014035,1400
2011-04-15,23.74261474609375,23.74261474609375,23.74261474609375,23.74261474609375,0
2011-04-18,23.751445770263672,23.839807143464554,23.751445770263672,23.839807143464554,1800
2011-04-19,23.711688995361328,23.711688995361328,23.711688995361328,23.711688995361328,400
2011-04-20,24.056297302246094,24.096059843982832,23.985608526420044,24.096059843982832,1400
2011-04-21,24.277198791503906,24.32137864230242,24.277198791503906,24.32137864230242,1400
2011-04-25,24.184419631958008,24.184419631958008,24.184419631958008,24.184419631958008,400
2011-04-26,24.39206886291504,24.431831405135657,24.224184071630983,24.224184071630983,259600
2011-04-27,24.39206886291504,24.427414093934868,24.369978936204333,24.369978936204333,61600
2011-04-28,24.833873748779297,24.833873748779297,24.776440277303546,24.776440277303546,2200
2011-04-29,24.966413497924805,24.988505108319846,24.966413497924805,24.988505108319846,2600
2011-05-02,25.05919647216797,25.13430256215082,25.05919647216797,25.12546625414929,2400
2011-05-03,24.81178092956543,24.895723314103005,24.81178092956543,24.895723314103005,3400
2011-05-04,24.57320785522461,24.97966956693651,24.559954236863923,24.97966956693651,17800
2011-05-05,24.458337783813477,24.696913012316397,24.458337783813477,24.60855162931311,1000
2011-05-06,24.701326370239258,24.78526874371528,24.652727533096794,24.696909060204913,15400
2011-05-09,24.895719528198242,24.895719528198242,24.895719528198242,24.895719528198242,1200
2011-05-10,25.05035400390625,25.156386303142792,24.860377641975024,25.156386303142792,5000
2011-05-11,24.78527069091797,25.098953659294178,24.78527069091797,25.098953659294178,800
2011-05-12,25.010597229003906,25.081286006555246,24.719005810935453,24.719005810935453,92000
2011-05-13,24.789690017700195,25.11662492158652,24.741091176090666,25.11662492158652,10000
2011-05-16,24.789690017700195,25.085698692444655,24.626222565757033,25.085698692444655,4200
2011-05-17,24.493680953979492,24.559952411564232,24.467173719228136,24.467173719228136,1400
2011-05-18,24.979665756225586,24.979665756225586,24.63505656323897,24.63505656323897,5200
2011-05-19,25.063608169555664,25.121043316024124,24.913394337882576,25.121043316024124,22600
2011-05-20,25.001754760742188,25.015008376594455,24.84270462910306,24.84270462910306,7600
2011-05-23,24.480426788330078,24.74109193145056,24.414155332229583,24.74109193145056,8800
2011-05-24,24.39206886291504,24.48926656286619,24.39206886291504,24.48926656286619,600
2011-05-25,24.590879440307617,24.608552054284107,24.445084588384645,24.445084588384645,4200
2011-05-26,24.816198348999023,24.816198348999023,24.776437497217263,24.776437497217263,1600
2011-05-27,24.917814254760742,24.935485182105584,24.900141642062792,24.935485182105584,3600
2011-05-31,25.01943016052246,25.072446315193147,25.01943016052246,25.072446315193147,1200
2011-06-01,24.67040252685547,25.121044034768154,24.67040252685547,25.121044034768154,3600
2011-06-02,24.46275520324707,24.564370204278724,24.46275520324707,24.564370204278724,1400
2011-06-03,24.193248748779297,24.330208949041822,24.069543848769833,24.069543848769833,10000
2011-06-06,23.79562759399414,24.577622975666095,23.79562759399414,24.577622975666095,6000
2011-06-07,23.990018844604492,24.012108764607284,23.990018844604492,24.012108764607284,400
2011-06-08,23.79562759399414,24.1313987938888,23.773537671758827,24.1313987938888,4000
2011-06-09,23.998851776123047,24.05628690833886,23.795621844101095,24.016524383782162,4800
2011-06-10,23.791213989257812,23.79563298591801,23.769124062017077,23.769124062017077,5600
2011-06-13,23.694015502929688,23.87957289483712,23.676342888837578,23.87957289483712,1600
2011-06-14,23.923748016357422,24.043033916116745,23.923748016357422,24.043033916116745,3800
2011-06-15,23.561473846435547,23.93700761973184,23.561473846435547,23.86631884998125,11800
2011-06-16,23.552637100219727,23.769120716200813,23.40242325663251,23.769120716200813,7400
2011-06-17,23.539823532104492,23.707744651094085,23.539823532104492,23.67681203518826,3600
2011-06-20,23.690065383911133,23.734254347970996,23.690065383911133,23.70774164381545,4000
2011-06-21,24.140806198120117,24.140806198120117,24.025912164455153,24.025912164455153,14200
2011-06-22,24.039169311523438,24.246859511928612,24.039169311523438,24.246859511928612,199000
2011-06-23,23.80937957763672,23.880082937396917,23.424928478595888,23.570755106308145,200000
2011-06-24,23.659130096435547,23.80053678827724,23.65471018910883,23.80053678827724,4600
2011-06-27,23.866823196411133,23.866823196411133,23.685645744590346,23.685645744590346,3800
2011-06-28,24.114286422729492,24.114286422729492,24.114286422729492,24.114286422729492,400
2011-06-29,24.149639129638672,24.21150435642697,24.105448477860598,24.21150435642697,4000
2011-06-30,24.370580673217773,24.370580673217773,24.251268474565382,24.251268474565382,6000
2011-07-01,24.73736572265625,24.73736572265625,24.370592506371715,24.39268699410188,5800
2011-07-05,24.878767013549805,24.887605143844826,24.83457804777569,24.852254308365733,8600
2011-07-06,25.10855484008789,25.126231101731086,25.10855484008789,25.126231101731086,3800
2011-07-07,25.32508659362793,25.32508659362793,25.320666685058953,25.320666685058953,600
2011-07-08,25.130651473999023,25.130651473999023,25.051109975501653,25.051109975501653,3600
2011-07-11,24.64014434814453,24.878768826395017,24.64014434814453,24.878768826395017,10400
2011-07-12,24.834579467773438,24.975986189177185,24.591536770717067,24.591536770717067,8800
2011-07-13,25.090877532958984,25.18367705986845,25.090877532958984,25.12623005477231,2200
2011-07-14,25.090877532958984,25.090877532958984,25.090877532958984,25.090877532958984,0
2011-07-15,24.763872146606445,24.763872146606445,24.710843370285072,24.759452239062586,5600
2011-07-18,24.520832061767578,24.520832061767578,24.507574023445457,24.507574023445457,800
2011-07-19,24.989248275756836,24.989248275756836,24.989248275756836,24.989248275756836,1400
2011-07-20,24.945053100585938,24.98924206804767,24.931795061786573,24.98924206804767,1400
2011-07-21,24.98040199279785,24.98040199279785,24.98040199279785,24.98040199279785,400
2011-07-22,24.95830535888672,24.998076097357693,24.922954527857396,24.922954527857396,5400
2011-07-25,24.609201431274414,24.741771654164747,24.609201431274414,24.67106832195009,2000
2011-07-26,24.145219802856445,24.304302781685095,24.145219802856445,24.277788389979975,5400
2011-07-27,23.614948272705078,23.614948272705078,23.58843556164427,23.58843556164427,1000
2011-07-28,23.50005340576172,23.50447162856446,23.393997515782843,23.393997515782843,600
2011-07-29,23.486793518066406,23.553076964342328,23.14653309960703,23.14653309960703,5200
2011-08-01,22.965356826782227,23.96846187363634,22.912328044201548,23.96846187363634,2400
2011-08-02,22.527881622314453,22.642775647405532,22.527881622314453,22.642775647405532,45000
2011-08-03,22.48810386657715,22.527874603532904,22.028531280799687,22.527874603532904,124600
2011-08-04,21.683860778808594,22.13901362721939,21.66176629129667,22.13901362721939,16800
2011-08-05,21.675018310546875,21.675018310546875,21.051944447429783,21.454070108225906,17600
2011-08-08,19.942790985107422,20.86635480552467,19.867667698012426,20.857516672589874,31400
2011-08-09,20.41119384765625,20.645400082932465,19.867661484903657,20.49073533349331,4000
2011-08-10,20.20792579650879,20.640984143947293,20.20792579650879,20.640984143947293,1200
2011-08-11,21.03426170349121,21.03426170349121,20.101861993070003,20.1681454219158,5600
2011-08-12,21.175674438476562,21.272892184797257,20.945889796501955,20.945889796501955,9200
2011-08-15,21.277313232421875,21.50267966422643,21.277313232421875,21.50267966422643,3600
2011-08-16,21.299406051635742,21.299406051635742,21.299406051635742,21.299406051635742,200
2011-08-17,21.272897720336914,21.277317629429422,21.211032478653067,21.211032478653067,39600
2011-08-18,20.384679794311523,20.751452900784617,20.384679794311523,20.751452900784617,11000
2011-08-19,20.26095199584961,20.322818916174906,20.123965172239494,20.322818916174906,2200
2011-08-22,20.16814613342285,20.928208281378843,20.16814613342285,20.928208281378843,1000
2011-08-23,20.63214111328125,20.63214111328125,20.3404895736138,20.3404895736138,1400
2011-08-24,21.171255111694336,21.171255111694336,20.950306925729794,21.034266629544003,2400
2011-08-25,20.822154998779297,20.9193727326766,20.742613522990734,20.769127910153838,50000
2011-08-26,21.2596378326416,21.2596378326416,20.994498959284577,20.994498959284577,1400
2011-08-29,22.006441116333008,22.02853559992922,21.73688403363653,21.75456029479392,8200
2011-08-30,22.112497329711914,22.112497329711914,21.931319864379986,21.931319864379986,1600
2011-08-31,22.125747680664062,22.373210216349744,22.099233295722545,22.23180353472953,20800
2011-09-01,21.90038299560547,22.253899726887486,21.90038299560547,22.253899726887486,9400
2011-09-02,21.418716430664062,21.639664603670457,21.418716430664062,21.63524469621789,3000
2011-09-06,21.00774574279785,21.14031426559615,20.80005398947037,20.901689913139077,34600
2011-09-07,21.820850372314453,21.85178299349362,21.69711820189635,21.75014699737615,51000
2011-09-08,21.46290397644043,21.90038207186879,21.401038761788083,21.78106986402469,52800
2011-09-09,20.67633056640625,21.34359331143386,20.614465347281932,21.34359331143386,15800
2011-09-12,20.380260467529297,20.508410821630523,20.313977022294832,20.380260467529297,13600
2011-09-13,20.901697158813477,20.91937341750087,20.808899329255873,20.84425016092985,6800
2011-09-14,20.901697158813477,21.074036466763545,20.901697158813477,21.074036466763545,1600
2011-09-15,21.586637496948242,21.586637496948242,21.294985953465105,21.392203696526455,10000
2011-09-16,21.6679744720459,21.72101677658427,21.659133806925425,21.70775662199579,3400
2011-09-19,21.349712371826172,21.4027546641892,21.332031045643806,21.367393698008538,17800
2011-09-20,21.809423446655273,21.911088574212144,21.809423446655273,21.906669084398626,32800
2011-09-21,21.16849136352539,21.362982656061334,21.16849136352539,21.345301322888115,1600
2011-09-22,20.37726593017578,20.37726593017578,20.13415354219451,20.32422362589619,6000
2011-09-23,20.620376586914062,20.620376586914062,20.377262553039774,20.377262553039774,600
2011-09-26,20.80160903930664,20.80160903930664,20.80160903930664,20.80160903930664,4000
2011-09-27,21.40275764465332,21.796159619166257,21.40275764465332,21.500003266014307,5800
2011-09-28,21.32319450378418,21.557466200809433,21.32319450378418,21.43811976472555,5600
2011-09-29,20.88558578491211,21.009351679614237,20.88558578491211,21.009351679614237,9600
2011-09-30,20.726457595825195,20.88558614097442,20.726457595825195,20.730878769959272,141000
2011-10-03,19.740753173828125,20.554075811001137,19.740753173828125,20.554075811001137,2600
2011-10-04,20.355165481567383,20.355165481567383,20.355165481567383,20.355165481567383,400
2011-10-05,20.66016387939453,20.66016387939453,20.562918241607413,20.562918241607413,4400
2011-10-06,20.792762756347656,20.903268508641787,20.69993832910474,20.75298061807441,24000
2011-10-07,20.69994354248047,20.97841689434401,20.615958070427066,20.89001193300672,14600
2011-10-10,20.996091842651367,21.141960237452786,20.960729194390222,20.960729194390222,49800
2011-10-11,21.137540817260742,21.19942377066874,21.08891801495902,21.19942377066874,2000
2011-10-12,21.12869644165039,21.32760710421139,21.12869644165039,21.32760710421139,9200
2011-10-13,21.049142837524414,21.049142837524414,20.788349100343787,20.841393094681408,25800
2011-10-14,21.195005416870117,21.23920704704639,21.195005416870117,21.23920704704639,1200
2011-10-17,20.708778381347656,20.845806128337728,20.708778381347656,20.8281248023679,3000
2011-10-18,21.04029083251953,21.04029083251953,20.677832164142494,20.677832164142494,58400
2011-10-19,21.05356216430664,21.26573306446806,21.027040169467305,21.027040169467305,48000
2011-10-20,20.70435905456543,20.845806291060068,20.465666210661702,20.845806291060068,41800
2011-10-21,21.29224967956543,21.29224967956543,21.0844999910077,21.128701621887863,77800
2011-10-24,21.791744232177734,21.880149212698317,21.698919761414267,21.76964340859378,83200
2011-10-25,21.274564743041992,21.681225041698696,21.274564743041992,21.681225041698696,35200
2011-10-26,21.3320369720459,21.35855896868771,21.186170205977295,21.3320369720459,42000
2011-10-27,22.01275062561035,22.123256403536292,21.729856103909444,21.74753743306184,14000
2011-10-28,22.3177433013916,22.406146557552205,22.18955621930109,22.20723754500682,34200
2011-10-31,21.782896041870117,22.030429564594705,21.782896041870117,21.93318395099144,13800
2011-11-01,20.912107467651367,21.217102712111796,20.912107467651367,21.128697780241232,16400
2011-11-02,21.009347915649414,21.11985364074529,20.898842190553538,20.912104024169857,36400
2011-11-03,21.3939208984375,21.39834038796756,20.920956268050418,20.965157908088948,15400
2011-11-04,21.32319450378418,21.4337002757673,21.208267556658544,21.21268873180106,3400
2011-11-07,21.407180786132812,21.433702781535725,21.01819995114571,21.376239301254977,14600
2011-11-08,21.791744232177734,21.818266232189337,21.35856168243012,21.681238428073197,7400
2011-11-09,20.95189666748047,21.336456311676177,20.92537467312117,21.27015216887012,9200
2011-11-10,21.031461715698242,21.15964714421982,21.031461715698242,21.15964714421982,3000
2011-11-11,21.50884437561035,21.526525704620987,21.50442488644986,21.50442488644986,12800
2011-11-14,21.287830352783203,21.407176780487887,21.287830352783203,21.407176780487887,2400
2011-11-15,21.26131248474121,21.26131248474121,21.172909205168146,21.172909205168146,2200
2011-11-16,21.164060592651367,21.460215177617886,21.164060592651367,21.292245974371173,12200
2011-11-17,20.792762756347656,21.16406215150329,20.792762756347656,21.03587507415795,28600
2011-11-18,20.61153793334961,20.788346164282952,20.598276093545962,20.748564017240692,23800
2011-11-21,20.25349235534668,20.293274490103542,20.173928085832955,20.2490728675665,25800
2011-11-22,20.25349235534668,20.333056624860404,20.120885801551744,20.151827274564436,5600
2011-11-23,19.899877548217773,20.0811069279452,19.877776733360104,20.0811069279452,23800
2011-11-25,19.754005432128906,19.98827874702101,19.740745282936743,19.784946904366468,15200
2011-11-28,20.394947052001953,20.536394319425646,20.134153336529934,20.134153336529934,87600
2011-11-29,20.42146873474121,20.53639400544672,20.372845921148123,20.509873697075513,36000
2011-11-30,21.429271697998047,21.429271697998047,21.24362287456624,21.261302510476163,4800
2011-12-01,21.53093910217285,21.553039914091137,21.37181055846702,21.37181055846702,800
2011-12-02,21.734277725219727,21.734277725219727,21.734277725219727,21.734277725219727,600
2011-12-05,21.389493942260742,21.597245303903353,21.389493942260742,21.41601593082704,7400
2011-12-06,21.3939208984375,21.420441207986826,21.323197262665165,21.40275987749762,13200
2011-12-07,21.32319450378418,21.32319450378418,21.14196510517923,21.14196510517923,3000
2011-12-08,20.708778381347656,21.155222588073467,20.708778381347656,21.155222588073467,4000
2011-12-09,21.349712371826172,21.349712371826172,20.925370660553817,20.96073162673448,2400
2011-12-12,20.9342098236084,20.9342098236084,20.9342098236084,20.9342098236084,400
2011-12-13,20.90768814086914,20.90768814086914,20.90768814086914,20.90768814086914,400
2011-12-14,20.51871681213379,20.536398145401932,20.505456655275058,20.505456655275058,2200
2011-12-15,20.960731506347656,20.960731506347656,20.752981826542307,20.757401314970476,52800
2011-12-16,20.958072662353516,21.117821106633986,20.935885754592906,21.046821986148505,3000
2011-12-19,20.731760025024414,21.10006737191599,20.731760025024414,21.10006737191599,23400
2011-12-20,21.384065628051758,21.384065628051758,21.353003621188883,21.353003621188883,800
2011-12-21,21.486127853393555,21.486127853393555,21.22431998002849,21.22431998002849,53200
2011-12-22,21.7213134765625,21.7213134765625,21.370754594734397,21.370754594734397,3200
2011-12-23,21.743494033813477,21.747930736764605,21.72130713355386,21.747930736764605,2200
2011-12-27,21.912128448486328,21.912128448486328,21.78787869812594,21.78787869812594,15400
2011-12-28,21.565996170043945,22.036366257993805,21.565996170043945,22.036366257993805,2000
2011-12-29,21.876628875732422,21.876628875732422,21.566007027039895,21.566007027039895,1200
2011-12-30,21.903249740600586,21.93874845432349,21.903249740600586,21.93874845432349,1800
2012-01-03,22.125120162963867,22.196119276616383,22.125120162963867,22.196119276616383,1400
2012-01-04,22.125120162963867,22.125120162963867,22.125120162963867,22.125120162963867,0
2012-01-05,21.787874221801758,21.920999047891133,21.672501290977113,21.920999047891133,3800
2012-01-06,21.876628875732422,21.93875290692035,21.77900612361692,21.77900612361692,40800
2012-01-09,21.712434768676758,21.943182284484184,21.63256056348372,21.938743888222238,42400
2012-01-10,21.84555435180664,21.858866152938297,21.84555435180664,21.858866152938297,1600
2012-01-11,22.125120162963867,22.187244175815767,21.983121935658836,21.983121935658836,15800
2012-01-12,22.23162078857422,22.23162078857422,21.956499400095474,22.11624784913236,8400
2012-01-13,22.173934936523438,22.196121844715808,22.036373397326596,22.049685203691503,6200
2012-01-17,22.24049949645996,22.378061059379203,22.24049949645996,22.378061059379203,1000
2012-01-18,22.502302169799805,22.502302169799805,22.39580434790767,22.39580434790767,600
2012-01-19,22.80405044555664,22.901674866544834,22.80405044555664,22.879487959798194,2400
2012-01-20,22.675357818603516,22.675357818603516,22.675357818603516,22.675357818603516,200
2012-01-23,22.697551727294922,22.81292465351124,22.666489720515436,22.79073774763338,2200
2012-01-24,22.772985458374023,22.80404746230625,22.772985458374023,22.79517236221815,1600
2012-01-25,23.216732025146484,23.256669132123612,22.812924251378835,22.812924251378835,5000
2012-01-26,23.296606063842773,23.39866718251599,23.230043655130846,23.39866718251599,4000
2012-01-27,23.522920608520508,23.522920608520508,23.3720472478443,23.3720472478443,800
2012-01-30,23.376483917236328,23.38535901929672,23.2034236589403,23.23448566977535,6000
2012-01-31,23.45191764831543,23.465231146591705,23.45191764831543,23.456356045325016,6000
2012-02-01,23.713729858398438,23.806917585725717,23.67823114212116,23.67823114212116,1400
2012-02-02,23.851285934448242,23.851285934448242,23.851285934448242,23.851285934448242,400
2012-02-03,24.13973045349121,24.13973045349121,24.13529205522301,24.13529205522301,1200
2012-02-06,24.059843063354492,24.059843063354492,23.917844865928185,23.92228156901874,2600
2012-02-07,23.97997283935547,23.98440954318122,23.962222638547843,23.962222638547843,5800
2012-02-08,24.01546859741211,24.02434369672543,23.979969892910933,23.979969892910933,11600
2012-02-09,23.78916358947754,23.793600293522786,23.78916358947754,23.793600293522786,1000
2012-02-10,23.753662109375,23.753662109375,23.571726782223653,23.571726782223653,2000
2012-02-13,24.01546859741211,24.01546859741211,24.011031894131506,24.011031894131506,2600
2012-02-14,23.97997283935547,23.97997283935547,23.971097738951656,23.971097738951656,600
2012-02-15,24.01546859741211,24.121968096419856,24.01546859741211,24.10865629382593,3000
2012-02-16,24.383779525756836,24.383779525756836,24.059845992642142,24.059845992642142,1400
2012-02-17,24.33496856689453,24.33496856689453,24.33496856689453,24.33496856689453,400
2012-02-21,24.33496856689453,24.33496856689453,24.33496856689453,24.33496856689453,0
2012-02-22,23.935604095458984,23.98885471291697,23.935604095458984,23.98885471291697,17200
2012-02-23,23.94890785217285,23.988844952640843,23.94890785217285,23.988844952640843,600
2012-02-24,24.28172492980957,24.28172492980957,24.28172492980957,24.28172492980957,1800
2012-02-27,24.36603546142578,24.36603546142578,24.126412778972583,24.126412778972583,23800
2012-02-28,24.321653366088867,24.490275173170254,24.321653366088867,24.490275173170254,600
2012-02-29,24.148595809936523,24.250658623027306,24.1352840050779,24.250658623027306,2600
2012-03-01,24.011035919189453,24.033222824815976,24.011035919189453,24.033222824815976,800
2012-03-02,23.851285934448242,24.03322125712185,23.83797413049114,24.03322125712185,1800
2012-03-05,23.722599029541016,23.80247323713561,23.71372392950248,23.80247323713561,2200
2012-03-06,23.323232650756836,23.376481565008444,23.2966073472548,23.376481565008444,2800
2012-03-07,23.478544235229492,23.478544235229492,23.425295317471754,23.425295317471754,1200
2012-03-08,23.478544235229492,23.478544235229492,23.478544235229492,23.478544235229492,0
2012-03-09,24.08203887939453,24.25509914077712,24.08203887939453,24.206286924950717,4400
2012-03-12,24.117536544799805,24.117536544799805,24.117536544799805,24.117536544799805,400
2012-03-13,24.15303611755371,24.23734704291579,24.15303611755371,24.23734704291579,600
2012-03-14,24.44147300720215,24.44147300720215,24.44147300720215,24.44147300720215,1000
2012-03-15,24.689966201782227,24.71215310844437,24.689966201782227,24.689966201782227,1600
2012-03-16,24.836898803710938,24.836898803710938,24.836898803710938,24.836898803710938,400
2012-03-19,24.836898803710938,24.836898803710938,24.836898803710938,24.836898803710938,0
2012-03-20,24.810260772705078,24.810260772705078,24.810260772705078,24.810260772705078,400
2012-03-21,24.823591232299805,24.823591232299805,24.725931613957965,24.81027439647868,10400
2012-03-22,24.539480209350586,24.610506135106196,24.4728943564875,24.4728943564875,10000
2012-03-23,24.566112518310547,24.59274787218579,24.566112518310547,24.59274787218579,1600
2012-03-26,25.147632598876953,25.1565093547375,24.921236376438948,24.921236376438948,1400
2012-03-27,25.214221954345703,25.231978855332162,25.165391323328578,25.165391323328578,1400
2012-03-28,24.93456268310547,25.18759434949444,24.921245850860885,25.18759434949444,1000
2012-03-29,24.788068771362305,24.788068771362305,24.788068771362305,24.788068771362305,400
2012-03-30,24.788068771362305,24.788068771362305,24.788068771362305,24.788068771362305,0
2012-04-02,25.09880828857422,25.09880828857422,25.09880828857422,25.09880828857422,400
2012-04-03,24.983394622802734,24.983394622802734,24.983394622802734,24.983394622802734,600
2012-04-04,24.983394622802734,24.983394622802734,24.983394622802734,24.983394622802734,0
2012-04-05,24.55280113220215,24.55280113220215,24.55280113220215,24.55280113220215,600
2012-04-09,24.2420597076416,24.259816612452738,24.2420597076416,24.259816612452738,1000
2012-04-10,23.71380043029785,24.1976650310737,23.71380043029785,24.1976650310737,14000
2012-04-11,23.918001174926758,24.011222374807595,23.918001174926758,23.966831811071422,1200
2012-04-12,24.273130416870117,24.273130416870117,24.273130416870117,24.273130416870117,1800
2012-04-13,24.273130416870117,24.273130416870117,24.273130416870117,24.273130416870117,0
2012-04-16,23.807024002075195,24.126639798920746,23.807024002075195,24.126639798920746,2000
2012-04-17,24.206544876098633,24.206544876098633,24.0422977470087,24.0422977470087,600
2012-04-18,24.21098518371582,24.21098518371582,24.21098518371582,24.21098518371582,600
2012-04-19,24.171031951904297,24.277569985922298,24.171031951904297,24.277569985922298,2400
2012-04-20,24.308637619018555,24.41961569774441,24.308637619018555,24.41961569774441,11200
2012-04-23,24.068933486938477,24.082250318501185,23.96239375426202,23.96683382704399,1800
2012-04-24,24.255374908447266,24.255374908447266,24.215422722004703,24.215422722004703,800
2012-04-25,24.255374908447266,24.255374908447266,24.255374908447266,24.255374908447266,0
2012-04-26,24.912363052368164,24.912363052368164,24.814703477291385,24.814703477291385,600
2012-04-27,25.2763729095459,25.294129812987727,25.2763729095459,25.294129812987727,2000
2012-04-30,25.24530029296875,25.347399952192518,25.231983461493527,25.347399952192518,800
2012-05-01,25.356285095214844,25.356285095214844,25.356285095214844,25.356285095214844,400
2012-05-02,25.405107498168945,25.405107498168945,25.378472143447844,25.378472143447844,800
2012-05-03,25.2275447845459,25.35183972589271,25.081052866480096,25.081052866480096,96000
2012-05-04,24.947877883911133,24.947877883911133,24.925682601997583,24.925682601997583,800
2012-05-07,25.054410934448242,25.054410934448242,24.916799197902098,24.947872925082912,1000
2012-05-08,24.623821258544922,24.65933336982081,24.623821258544922,24.65933336982081,2200
2012-05-09,24.668212890625,24.76587416430335,24.668212890625,24.73036035809614,187200
2012-05-10,24.70372772216797,24.872413228479118,24.588309540595546,24.845779566109755,12000
2012-05-11,24.739240646362305,24.739240646362305,24.73036219415134,24.73036219415134,600
2012-05-14,24.557239532470703,24.557239532470703,24.45957823991744,24.49509205298838,2000
2012-05-15,24.397428512573242,24.397428512573242,24.397428512573242,24.397428512573242,600
2012-05-16,24.188785552978516,24.357471032709018,24.188785552978516,24.357471032709018,1600
2012-05-17,23.833656311035156,23.833656311035156,23.833656311035156,23.833656311035156,1400
2012-05-18,23.505168914794922,23.656099243453728,23.505168914794922,23.63834233575459,1200
2012-05-21,23.84697914123535,23.855857594107047,23.84697914123535,23.855857594107047,1000
2012-05-22,23.909122467041016,24.082248034503106,23.909122467041016,24.073369583172816,2600
2012-05-23,23.580631256103516,23.620583448382163,23.349796555537097,23.349796555537097,9600
2012-05-24,23.767078399658203,23.767078399658203,23.616148064501846,23.616148064501846,3200
2012-05-25,23.98903465270996,24.011229941572548,23.940204001177076,24.011229941572548,13000
2012-05-29,24.1577091217041,24.268687208503678,24.1577091217041,24.268687208503678,800
2012-05-30,23.851411819458008,23.855851891528356,23.851411819458008,23.855851891528356,2200
2012-05-31,23.69161033630371,23.69161033630371,23.47853253334589,23.47853253334589,1600
2012-06-01,23.20330047607422,23.20330047607422,23.20330047607422,23.20330047607422,600
2012-06-04,23.01241683959961,23.18554238927867,22.581821307963093,23.18554238927867,45600
2012-06-05,23.44745635986328,23.48297017003371,22.83929675452396,22.83929675452396,9000
2012-06-06,23.762632369995117,23.807024630027595,23.74931553868116,23.807024630027595,7000
2012-06-07,23.86917495727539,24.082252750757103,23.86917495727539,24.082252750757103,800
2012-06-08,23.86917495727539,23.86917495727539,23.86917495727539,23.86917495727539,0
2012-06-11,23.820341110229492,24.33527946527504,23.820341110229492,24.33527946527504,158600
2012-06-12,24.00678253173828,24.00678253173828,23.74487415752783,23.749312536274186,14000
2012-06-13,23.86029052734375,23.86029052734375,23.86029052734375,23.86029052734375,600
2012-06-14,24.184345245361328,24.21098059666563,24.135514614665745,24.135514614665745,2000
2012-06-15,24.44729995727539,24.44729995727539,24.44729995727539,24.44729995727539,400
2012-06-18,24.900352478027344,24.900352478027344,24.2918339184468,24.336252259138693,2600
2012-06-19,25.113554000854492,25.135762322743233,25.091345678965755,25.104670333221726,2800
2012-06-20,24.709360122680664,24.93144676341635,24.709360122680664,24.93144676341635,600
2012-06-21,24.673831939697266,24.691599282284326,24.629415277616665,24.647182620203726,1000
2012-06-22,24.722684860229492,24.722684860229492,24.660500871720846,24.660500871720846,800
2012-06-25,24.48727035522461,24.491711341942157,24.42064369375666,24.465062032864086,7000
2012-06-26,24.522804260253906,24.56277991977038,24.50947960521056,24.527246941525984,2000
2012-06-27,24.887025833129883,24.887025833129883,24.887025833129883,24.887025833129883,400
2012-06-28,24.669387817382812,24.669387817382812,24.402882795593385,24.549460811735596,4000
2012-06-29,25.411155700683594,25.411155700683594,25.411155700683594,25.411155700683594,200
2012-07-02,25.411155700683594,25.411155700683594,25.411155700683594,25.411155700683594,0
2012-07-03,25.793142318725586,25.793142318725586,25.677658011076563,25.677658011076563,600
2012-07-05,25.708757400512695,25.708757400512695,25.708757400512695,25.708757400512695,200
2012-07-06,25.308996200561523,25.326763540456817,25.26902053299051,25.326763540456817,2600
2012-07-09,25.388946533203125,25.388946533203125,25.313437883209833,25.32676254041177,2200
2012-07-10,25.13576889038086,25.149093548118383,25.13576889038086,25.149093548118383,1400
2012-07-11,24.913681030273438,25.0291653453646,24.913681030273438,25.002516031167175,1400
2012-07-12,24.8692684173584,24.8692684173584,24.864825734679247,24.864825734679247,600
2012-07-13,25.0869140625,25.091356745468996,24.944778706459882,25.091356745468996,3800
2012-07-16,24.95366096496582,25.508877697553373,24.93589362287014,25.508877697553373,7200
2012-07-17,25.109119415283203,25.118003085780156,25.05137809863336,25.05137809863336,58200
2012-07-18,25.233489990234375,25.255698320059903,25.233489990234375,25.251255637462624,3600
2012-07-19,25.104677200317383,25.220161522360037,25.046934192102647,25.220161522360037,3200
2012-07-20,24.74934196472168,24.93145298781541,24.74934196472168,24.93145298781541,1600
2012-07-23,24.331815719604492,24.407326070647468,24.322932049223738,24.407326070647468,2200
2012-07-24,23.93206214904785,24.11417316676966,23.93206214904785,24.11417316676966,1600
2012-07-25,24.18524169921875,24.18524169921875,24.180799016411534,24.180799016411534,600
2012-07-26,24.020889282226562,24.083073263817948,23.82989465626078,24.020889282226562,2800
2012-07-27,24.48282814025879,24.48282814025879,24.48282814025879,24.48282814025879,600
2012-07-30,24.340694427490234,24.496156085878148,24.322927090351065,24.496156085878148,23000
2012-07-31,24.340694427490234,24.340694427490234,24.340694427490234,24.340694427490234,0
2012-08-01,24.340694427490234,24.340694427490234,24.340694427490234,24.340694427490234,0
2012-08-02,23.652233123779297,23.678884137278377,23.652233123779297,23.678884137278377,35800
2012-08-03,24.322925567626953,24.322925567626953,24.322925567626953,24.322925567626953,400
2012-08-06,24.322925567626953,24.322925567626953,24.322925567626953,24.322925567626953,0
2012-08-07,24.736003875732422,24.736003875732422,24.62051959403512,24.62051959403512,600
2012-08-08,24.567228317260742,24.58055297540442,24.51836897821813,24.567228317260742,182600
2012-08-09,24.59831428527832,24.731565917207373,24.57166328113794,24.731565917207373,39200
2012-08-10,24.81596565246582,24.81596565246582,24.664946639225086,24.664946639225086,2000
2012-08-13,24.673831939697266,24.691599282284326,24.61608892348285,24.673831939697266,3800
2012-08-14,24.616085052490234,24.616085052490234,24.598319407083952,24.61164406473536,600
2012-08-15,24.887025833129883,24.944768828150504,24.887025833129883,24.935885160117607,1600
2012-08-16,24.913681030273438,24.984748692111086,24.913681030273438,24.984748692111086,1400
2012-08-17,25.175745010375977,25.175745010375977,24.958099328560237,25.024726007218703,1800
2012-08-20,25.131328582763672,25.131328582763672,25.07358557369362,25.11356124237491,800
2012-08-21,25.12688446044922,25.286787126010353,25.12688446044922,25.286787126010353,43200
2012-08-22,24.904796600341797,24.904796600341797,24.887029261828186,24.887029261828186,1000
2012-08-23,24.744895935058594,24.77154694497506,24.744895935058594,24.77154694497506,1200
2012-08-24,24.913681030273438,24.913681030273438,24.851497037963835,24.851497037963835,400
2012-08-27,24.90924072265625,24.913681710348143,24.90924072265625,24.913681710348143,1000
2012-08-28,25.095796585083008,25.095796585083008,25.095796585083008,25.095796585083008,200
2012-08-29,25.197952270507812,25.197952270507812,25.002516619452546,25.002516619452546,1400
2012-08-30,25.197952270507812,25.197952270507812,25.197952270507812,25.197952270507812,0
2012-08-31,25.113554000854492,25.166854312264736,24.975859694126157,25.166854312264736,1200
2012-09-04,25.491107940673828,25.491107940673828,25.202396283710286,25.202396283710286,600
2012-09-05,25.411155700683594,25.411155700683594,25.317879708410697,25.317879708410697,600
2012-09-06,25.90863037109375,25.90863037109375,25.722076697036975,25.722076697036975,2800
2012-09-07,25.966365814208984,26.04187614204915,25.917506489321763,26.04187614204915,1400
2012-09-10,25.842002868652344,25.92195419863364,25.842002868652344,25.88641952113676,5800
2012-09-11,25.802026748657227,25.930837410731883,25.802026748657227,25.930837410731883,3000
2012-09-12,25.895305633544922,26.019675322130688,25.895305633544922,26.019675322130688,5200
2012-09-13,26.197343826293945,26.223994837117182,26.006349151361228,26.006349151361228,600
2012-09-14,26.32615089416504,26.45051887218124,26.32615089416504,26.37056754506036,3400
2012-09-17,26.375019073486328,26.406111078419254,26.343927068553402,26.343927068553402,4800
2012-09-18,26.339479446411133,26.339479446411133,26.339479446411133,26.339479446411133,200
2012-09-19,26.5926570892334,26.5926570892334,26.58821610141406,26.58821610141406,800
2012-09-20,26.557125091552734,26.58821709060528,26.521590410128756,26.58821709060528,1800
2012-09-21,26.842931747436523,26.842931747436523,26.82515162065746,26.82515162065746,1000
2012-09-24,26.816265106201172,26.816265106201172,26.696251785557457,26.811819226396032,4000
2012-09-25,26.722915649414062,26.722915649414062,26.722915649414062,26.722915649414062,200
2012-09-26,26.482891082763672,26.88293372505068,26.482891082763672,26.88293372505068,6000
2012-09-27,26.825151443481445,26.842931570143076,26.50956182546548,26.669579574207717,4400
2012-09-28,26.749584197998047,26.749584197998047,26.64735102934812,26.722914012243567,4000
2012-10-01,26.678466796875,26.77625578749539,26.678466796875,26.731805475574294,2000
2012-10-02,26.727365493774414,26.86515724337587,26.63846655156317,26.807374372203906,5400
2012-10-03,26.94071388244629,27.234079117102812,26.94071388244629,27.234079117102812,6600
2012-10-04,26.776254653930664,26.847373454387608,26.736250222698263,26.78069883713162,3400
2012-10-05,26.802921295166016,26.8251456008494,26.802921295166016,26.8251456008494,1000
2012-10-08,26.625133514404297,26.634021882983937,26.625133514404297,26.634021882983937,1400
2012-10-09,25.909496307373047,26.34954340966793,25.909496307373047,26.34954340966793,1200
2012-10-10,25.74947738647461,26.131741604529918,25.50056071770215,26.131741604529918,6400
2012-10-11,25.936168670654297,25.998399121679117,25.909500172964357,25.998399121679117,6800
2012-10-12,25.505008697509766,25.962835942810898,25.469448443782262,25.962835942810898,22800
2012-10-15,25.607240676879883,25.607240676879883,25.58501636715058,25.58501636715058,2400
2012-10-16,25.860605239868164,25.891719617064194,25.860605239868164,25.891719617064194,1000
2012-10-17,25.96727752685547,25.96727752685547,25.931718972294345,25.931718972294345,4000
2012-10-18,25.478342056274414,26.11841145207327,25.478342056274414,26.11841145207327,4000
2012-10-19,25.00273323059082,25.087186296862527,25.00273323059082,25.047181855869326,1400
2012-10-22,25.0960750579834,25.0960750579834,25.04273637129741,25.04273637129741,1800
2012-10-23,25.0960750579834,25.0960750579834,25.0960750579834,25.0960750579834,0
2012-10-24,24.869386672973633,24.953839742688146,24.838272294889,24.856050728361335,3200
2012-10-25,24.94050407409668,25.198309148639158,24.94050407409668,25.198309148639158,1000
2012-10-26,24.98940086364746,25.073853936277864,24.91828204048331,25.00273511311371,3000
2012-10-31,25.03829002380371,25.03829002380371,24.869382219018608,24.900496591530846,1600
2012-11-01,25.17608070373535,25.224975200089762,25.17608070373535,25.18941494979344,2200
2012-11-02,25.26053237915039,25.278310806530946,25.26053237915039,25.278310806530946,600
2012-11-05,25.26053237915039,25.26053237915039,25.26053237915039,25.26053237915039,0
2012-11-06,25.20720863342285,25.20720863342285,25.12275553695245,25.12275553695245,1600
2012-11-07,24.87382698059082,24.927167359513476,24.673804798646295,24.749369487650302,6600
2012-11-08,24.504894256591797,24.669356156196802,24.504894256591797,24.669356156196802,3000
2012-11-09,24.61602210998535,24.71380941417335,24.024845623020408,24.024845623020408,1000
2012-11-12,24.7182559967041,24.73159024410763,24.7182559967041,24.73159024410763,600
2012-11-13,24.589353561401367,24.691586751824516,24.589353561401367,24.691586751824516,1800
2012-11-14,24.238204956054688,24.238204956054688,24.238204956054688,24.238204956054688,200
2012-11-15,24.13596534729004,24.13596534729004,23.998173626533315,23.998173626533315,6400
2012-11-16,24.500452041625977,24.500452041625977,24.500452041625977,24.500452041625977,400
2012-11-19,24.79826545715332,24.79826545715332,24.722700763670083,24.722700763670083,6800
2012-11-20,24.82493019104004,24.82493019104004,24.798261699644954,24.816041824312354,1000
2012-11-21,24.82493019104004,24.82493019104004,24.82493019104004,24.82493019104004,0
2012-11-23,25.05162811279297,25.06496236145593,25.05162811279297,25.06496236145593,1000
2012-11-26,25.162750244140625,25.162750244140625,25.153860180228776,25.153860180228776,600
2012-11-27,25.216089248657227,25.216089248657227,25.216089248657227,25.216089248657227,600
2012-11-28,24.949390411376953,24.949390411376953,24.727143930559144,24.922720223260626,1400
2012-11-29,25.184968948364258,25.256087748217222,25.184968948364258,25.256087748217222,400
2012-11-30,25.291650772094727,25.291650772094727,25.11829708879433,25.11829708879433,600
2012-12-03,25.171640396118164,25.278317772220927,25.171640396118164,25.278317772220927,3200
2012-12-04,25.127185821533203,25.2249748127404,25.109407392264103,25.2249748127404,5600
2012-12-05,25.127185821533203,25.127185821533203,25.127185821533203,25.127185821533203,0
2012-12-06,25.078290939331055,25.078290939331055,25.04717656908224,25.04717656908224,1600
2012-12-07,25.02939796447754,25.02939796447754,24.993837715524954,25.02939796447754,1800
2012-12-10,25.344989776611328,25.344989776611328,25.273870968046552,25.273870968046552,1600
2012-12-11,25.580570220947266,25.580570220947266,25.580570220947266,25.580570220947266,200
2012-12-12,25.656137466430664,25.700586089857996,25.264983136966233,25.264983136966233,2000
2012-12-13,25.193864822387695,25.487230151409737,25.193864822387695,25.429445583321755,7800
2012-12-14,25.1494140625,25.322766056437324,25.136078119854385,25.167192493350512,8000
2012-12-17,25.26943016052246,25.318324669150442,25.25609591111719,25.25609591111719,3400
2012-12-18,25.598350524902344,25.616130650866452,25.256090730320906,25.256090730320906,20400
2012-12-19,25.48723030090332,25.642802182506923,25.48723030090332,25.540568989509364,10000
2012-12-20,25.549455642700195,25.633908696352503,25.509451207684656,25.509451207684656,3600
2012-12-21,25.433706283569336,25.433706283569336,25.312099905125113,25.312099905125113,800
2012-12-24,25.27156639099121,25.27156639099121,25.27156639099121,25.27156639099121,400
2012-12-26,25.27156639099121,25.27156639099121,25.27156639099121,25.27156639099121,0
2012-12-27,25.113929748535156,25.113929748535156,24.875221848414384,24.92476538650302,1000
2012-12-28,25.010334014892578,25.010334014892578,24.888727643898726,24.888727643898726,800
2012-12-31,24.72658920288086,24.72658920288086,24.72658920288086,24.72658920288086,400
2013-01-02,25.663406372070312,25.78501275192116,25.663406372070312,25.762493433751857,3400
2013-01-03,25.70394515991211,25.816543483450577,25.690433910883996,25.816543483450577,38400
2013-01-04,25.821044921875,25.879594805234806,25.821044921875,25.830051274612018,3800
2013-01-07,25.7760066986084,26.167848363389368,25.68592770076655,26.167848363389368,16400
2013-01-08,25.866085052490234,25.866085052490234,25.866085052490234,25.866085052490234,400
2013-01-09,26.194868087768555,26.235403543942972,26.17234877169692,26.235403543942972,800
2013-01-10,26.325489044189453,26.325489044189453,26.221898790121397,26.221898790121397,30000
2013-01-11,26.289451599121094,26.39304183287282,26.284948422920486,26.384035480471603,1600
2013-01-14,26.131813049316406,26.16334043511826,26.09578076947791,26.09578076947791,12800
2013-01-15,26.095783233642578,26.095783233642578,26.04624142135702,26.055247774053427,1600
2013-01-16,26.167850494384766,26.172355389606405,26.11830867374556,26.12281185085308,3400
2013-01-17,26.36151695251465,26.36151695251465,26.28495092302528,26.28495092302528,800
2013-01-18,26.433574676513672,26.433574676513672,26.26242650799893,26.26242650799893,2400
2013-01-22,26.600231170654297,26.600231170654297,26.37052960604524,26.37052960604524,2000
2013-01-23,26.600231170654297,26.618245598414152,26.600231170654297,26.618245598414152,2600
2013-01-24,26.780380249023438,26.847939918764837,26.708317403085708,26.72183036790225,6200
2013-01-25,27.041606903076172,27.09565360353146,26.920000538466546,27.023590763553198,2600
2013-01-28,27.15870475769043,27.167712826252533,26.99656295979937,27.167712826252533,1600
2013-01-29,27.15870475769043,27.15870475769043,27.15870475769043,27.15870475769043,0
2013-01-30,26.915498733520508,26.915498733520508,26.915498733520508,26.915498733520508,400
2013-01-31,26.86595344543457,26.86595344543457,26.735339012972055,26.735339012972055,600
2013-02-01,27.077640533447266,27.077640533447266,27.077640533447266,27.077640533447266,800
2013-02-04,26.89748764038086,27.04611653162152,26.83893603201864,27.04611653162152,5800
2013-02-05,27.091154098510742,27.091154098510742,26.992067035821897,27.02359442520219,5800
2013-02-06,27.064128875732422,27.0686320519985,27.064128875732422,27.0686320519985,400
2013-02-07,27.064128875732422,27.064128875732422,27.064128875732422,27.064128875732422,0
2013-02-08,27.15870475769043,27.176720894814636,27.15870475769043,27.176720894814636,10800
2013-02-11,27.13169288635254,27.13169288635254,27.06413320475835,27.13169288635254,5800
2013-02-12,27.167715072631836,27.172219966342077,27.163211897035136,27.172219966342077,2000
2013-02-13,27.154207229614258,27.203750757952488,27.154207229614258,27.199245863677874,1600
2013-02-14,27.149703979492188,27.149703979492188,27.08214602430554,27.08214602430554,3200
2013-02-15,27.14069938659668,27.14069938659668,27.086652671898495,27.086652671898495,600
2013-02-19,27.181230545043945,27.181230545043945,27.181230545043945,27.181230545043945,600
2013-02-20,27.181230545043945,27.181230545043945,27.181230545043945,27.181230545043945,0
2013-02-21,26.54167366027832,26.825421881370264,26.42907535074655,26.825421881370264,6000
2013-02-22,26.748855590820312,26.748855590820312,26.550683173798042,26.604729884237944,3600
2013-02-25,26.469608306884766,26.807403203524775,26.469608306884766,26.807403203524775,3800
2013-02-26,26.595720291137695,26.595720291137695,26.577704149317206,26.577704149317206,800
2013-02-27,26.906490325927734,26.906490325927734,26.838930659179518,26.838930659179518,2400
2013-02-28,27.005577087402344,27.073136757719283,26.78938854774745,26.78938854774745,1800
2013-03-01,27.005577087402344,27.005577087402344,27.005577087402344,27.005577087402344,0
2013-03-04,27.028100967407227,27.028100967407227,26.93351878748816,26.93351878748816,800
2013-03-05,27.365890502929688,27.365890502929688,27.190237427087744,27.190237427087744,1200
2013-03-06,27.374902725219727,27.41994308362188,27.365894653539296,27.41994308362188,800
2013-03-07,27.28932762145996,27.28932762145996,27.28932762145996,27.28932762145996,1000
2013-03-08,27.28932762145996,27.28932762145996,27.28932762145996,27.28932762145996,0
2013-03-11,27.645139694213867,27.685675157679107,27.523533303818155,27.61361230242024,2200
2013-03-12,27.645139694213867,27.645139694213867,27.645139694213867,27.645139694213867,0
2013-03-13,27.726205825805664,27.726205825805664,27.726205825805664,27.726205825805664,200
2013-03-14,27.811786651611328,27.84781894079402,27.80728347452055,27.829802796202674,6000
2013-03-15,27.812686920166016,27.812686920166016,27.812686920166016,27.812686920166016,0
2013-03-18,27.344261169433594,27.45235981341425,27.344261169433594,27.366781219130083,7400
2013-03-19,27.27669906616211,27.27669906616211,27.27669906616211,27.27669906616211,400
2013-03-20,27.47487449645996,27.533427988769333,27.47487449645996,27.533427988769333,800
2013-03-21,27.42533302307129,27.465869797280384,27.42533302307129,27.42983806363316,2200
2013-03-22,27.4793758392334,27.49288923997424,27.461360835194274,27.48838420033756,2600
2013-03-25,27.48839569091797,27.492900732437825,27.38480207217015,27.40732212525969,11600
2013-03-26,27.686569213867188,27.686569213867188,27.515413761373516,27.564958896424535,8400
2013-03-27,27.808176040649414,27.808176040649414,27.700077421546464,27.700077421546464,1400
2013-03-28,27.84421157836914,27.84421157836914,27.84421157836914,27.84421157836914,200
2013-04-01,27.70008087158203,27.70908923414337,27.70008087158203,27.70008087158203,6400
2013-04-02,27.70008087158203,27.70008087158203,27.70008087158203,27.70008087158203,0
2013-04-03,27.632522583007812,27.740621229546345,27.582979159771085,27.740621229546345,2600
2013-04-04,27.637020111083984,27.637020111083984,27.637020111083984,27.637020111083984,200
2013-04-05,27.47487449645996,27.479377818251763,27.42983440586464,27.479377818251763,4000
2013-04-08,27.48839569091797,27.48839569091797,27.37129038395041,27.42083553164935,33200
2013-04-09,27.48839569091797,27.48839569091797,27.48839569091797,27.48839569091797,0
2013-04-10,27.848722457885742,27.848722457885742,27.848722457885742,27.848722457885742,200
2013-04-11,28.096437454223633,28.096437454223633,28.096437454223633,28.096437454223633,400
2013-04-12,27.835205078125,27.898261902878808,27.808181706470293,27.808181706470293,1600
2013-04-15,27.33975601196289,27.33975601196289,27.33975601196289,27.33975601196289,1800
2013-04-16,27.411823272705078,27.411823272705078,27.411823272705078,27.411823272705078,600
2013-04-17,27.051494598388672,27.051494598388672,27.051494598388672,27.051494598388672,200
2013-04-18,26.85331153869629,27.04248370098549,26.85331153869629,27.001946931792755,15000
2013-04-19,26.85331153869629,26.85331153869629,26.85331153869629,26.85331153869629,0
2013-04-22,27.087528228759766,27.141576690479724,27.001951354522365,27.001951354522365,10200
2013-04-23,27.27219009399414,27.28570349543148,27.27219009399414,27.28570349543148,800
2013-04-24,27.033477783203125,27.033477783203125,27.033477783203125,27.033477783203125,400
2013-04-25,27.159584045410156,27.159584045410156,27.141567324997155,27.141567324997155,1400
2013-04-26,27.159584045410156,27.159584045410156,27.159584045410156,27.159584045410156,0
2013-04-29,27.155088424682617,27.155088424682617,27.074014878003346,27.074014878003346,600
2013-04-30,27.155088424682617,27.155088424682617,27.155088424682617,27.155088424682617,0
2013-05-01,27.110048294067383,27.20913857242085,27.110048294067383,27.132570061452896,5200
2013-05-02,27.416322708129883,27.416322708129883,27.019965075382544,27.12806198679748,1400
2013-05-03,27.542430877685547,27.6370160800427,27.5379258386196,27.5379258386196,7400
2013-05-06,27.542430877685547,27.542430877685547,27.542430877685547,27.542430877685547,0
2013-05-07,27.727102279663086,27.731605601261393,27.727102279663086,27.731605601261393,400
2013-05-08,27.91177749633789,27.947809234093782,27.91177749633789,27.947809234093782,800
2013-05-09,28.191028594970703,28.28561383511855,28.168508545150218,28.168508545150218,2000
2013-05-10,28.4927978515625,28.4927978515625,28.384700937262323,28.384700937262323,1600
2013-05-13,28.60540008544922,28.727010403851093,28.600896763213367,28.727010403851093,4600
2013-05-14,28.79907989501953,28.79907989501953,28.79907989501953,28.79907989501953,2400
2013-05-15,28.68647575378418,28.713500843707557,28.68647575378418,28.713500843707557,2400
2013-05-16,28.645936965942383,28.772052325223726,28.474783229624737,28.772052325223726,7800
2013-05-17,28.785568237304688,28.785568237304688,28.63242948567928,28.63242948567928,800
2013-05-20,28.826099395751953,28.916179581828146,28.812587711474407,28.916179581828146,4000
2013-05-21,28.884647369384766,28.884647369384766,28.821592278336507,28.83060063939174,1400
2013-05-22,28.276601791381836,29.082832184480647,28.22255333521309,29.082832184480647,2800
2013-05-23,28.339662551879883,28.34867091552261,28.12797201986968,28.12797201986968,5800
2013-05-24,28.443252563476562,28.443252563476562,28.272097122563974,28.272097122563974,2200
2013-05-28,28.91617774963379,28.91617774963379,28.91617774963379,28.91617774963379,400
2013-05-29,28.465768814086914,28.465768814086914,28.465768814086914,28.465768814086914,400
2013-05-30,28.573871612548828,28.62341674788186,28.573871612548828,28.62341674788186,1000
2013-05-31,28.573871612548828,28.803580563971153,28.573871612548828,28.803580563971153,1600
2013-06-03,28.42072868347168,28.474778851211035,28.33064850691122,28.474778851211035,4400
2013-06-04,28.4927978515625,28.4927978515625,28.42073266930589,28.42073266930589,1800
2013-06-05,28.348676681518555,28.348676681518555,28.344173357866076,28.344173357866076,110800
2013-06-06,28.15949058532715,28.209035708949912,28.082920380227677,28.136970543181096,1600
2013-06-07,28.519824981689453,28.519824981689453,28.519824981689453,28.519824981689453,400
2013-06-10,28.695478439331055,28.722503523907175,28.53333136821287,28.58287649751779,2600
2013-06-11,28.740522384643555,28.740522384643555,28.488293397680415,28.488293397680415,600
2013-06-12,28.740522384643555,28.740522384643555,28.740522384643555,28.740522384643555,0
2013-06-13,28.812593460083008,28.83061018816066,28.812593460083008,28.83061018816066,800
2013-06-14,28.826099395751953,28.826099395751953,28.826099395751953,28.826099395751953,200
2013-06-17,29.10085105895996,29.15039619667851,29.10085105895996,29.13688451118057,2200
2013-06-18,29.03328514099121,29.03328514099121,29.03328514099121,29.03328514099121,400
2013-06-19,28.83060646057129,28.947710023426108,28.83060646057129,28.929696734016957,2000
2013-06-20,28.24958038330078,28.375694029171726,28.24958038330078,28.375694029171726,1200
2013-06-21,28.41092872619629,28.41092872619629,28.20812194610537,28.20812194610537,1000
2013-06-24,28.383880615234375,28.41542813818507,27.98277492125177,27.98277492125177,5200
2013-06-25,28.320785522460938,28.320785522460938,28.235156777338066,28.235156777338066,4600
2013-06-26,28.442468643188477,28.474016165067983,28.442468643188477,28.474016165067983,600
2013-06-27,28.582176208496094,28.582176208496094,28.577670156838856,28.577670156838856,1400
2013-06-28,28.726394653320312,28.726394653320312,28.41091775271933,28.41091775271933,6000
2013-07-01,28.947237014770508,28.947237014770508,28.947237014770508,28.947237014770508,400
2013-07-02,28.6497859954834,28.88864633334115,28.6497859954834,28.88864633334115,1600
2013-07-03,28.6497859954834,28.6497859954834,28.6497859954834,28.6497859954834,0
2013-07-05,28.96074676513672,28.96074676513672,28.8796240903383,28.8796240903383,1800
2013-07-08,29.29876136779785,29.312281242387343,29.2401706600143,29.2401706600143,6400
2013-07-09,28.983291625976562,29.136524941353944,28.974279519623952,29.136524941353944,5600
2013-07-10,29.064401626586914,29.064401626586914,28.97426684878646,28.978774619202895,2400
2013-07-11,29.424949645996094,29.424949645996094,29.17707383230057,29.17707383230057,3400
2013-07-12,29.623258590698242,29.623258590698242,29.492560710377816,29.492560710377816,2400
2013-07-15,29.780988693237305,29.780988693237305,29.632263200999674,29.699866010055114,3800
2013-07-16,29.64578628540039,29.64578628540039,29.64578628540039,29.64578628540039,200
2013-07-17,29.947742462158203,29.95225023362033,29.947742462158203,29.95225023362033,400
2013-07-18,29.947742462158203,29.961265776544575,29.947742462158203,29.961265776544575,1200
2013-07-19,30.109987258911133,30.109987258911133,30.109987258911133,30.109987258911133,400
2013-07-22,30.24970245361328,30.24970245361328,30.24970245361328,30.24970245361328,800
2013-07-23,30.402942657470703,30.402942657470703,30.362383014164973,30.366887348916627,2600
2013-07-24,30.064918518066406,30.344341877574514,30.064918518066406,30.344341877574514,1800
2013-07-25,30.294767379760742,30.33082267309225,30.294767379760742,30.33082267309225,600
2013-07-26,30.24970245361328,30.24970245361328,30.064921639009814,30.064921639009814,800
2013-07-29,30.191116333007812,30.191116333007812,30.078446093808804,30.078446093808804,400
2013-07-30,30.069419860839844,30.21363756172358,30.06941986083984,30.177582276897343,1600
2013-07-31,30.38039207458496,30.438979336310286,30.123500737181217,30.155051691673357,46400
2013-08-01,30.804046630859375,30.80404663085938,30.659828843861792,30.691376377316786,1000
2013-08-02,30.502084732055664,30.533632258845245,30.502084732055664,30.533632258845245,4200
2013-08-05,30.587709426879883,30.610241405516042,30.54714636385977,30.54714636385977,800
2013-08-06,30.605735778808594,30.605735778808594,30.547145072303678,30.547145072303678,1200
2013-08-07,30.466020584106445,30.664321231140804,30.466020584106445,30.664321231140804,5400
2013-08-08,30.466020584106445,30.466020584106445,30.466020584106445,30.466020584106445,0
2013-08-09,30.700382232666016,30.700382232666016,30.700382232666016,30.700382232666016,200
2013-08-12,30.713903427124023,30.713903427124023,30.641792834079542,30.641792834079542,1400
2013-08-13,30.63728141784668,30.641785750053863,30.63728141784668,30.641785750053863,400
2013-08-14,30.551654815673828,30.587710108401296,30.551654815673828,30.587710108401296,400
2013-08-15,30.046890258789062,30.182095883823376,30.046890258789062,30.182095883823376,1400
2013-08-16,29.808029174804688,29.943234796241793,29.799017071305713,29.943234796241793,8600
2013-08-19,29.87563133239746,29.90267108072504,29.87563133239746,29.90267108072504,400
2013-08-20,30.08295249938965,30.087460271511198,29.965774493187983,29.965774493187983,10200
2013-08-21,29.938732147216797,30.010839302810076,29.8485973431196,30.010839302810076,1000
2013-08-22,29.992813110351562,30.186606020931915,29.992813110351562,30.186606020931915,1000
2013-08-23,30.204627990722656,30.204627990722656,30.204627990722656,30.204627990722656,2200
2013-08-26,30.36236572265625,30.36236572265625,30.36236572265625,30.36236572265625,200
2013-08-27,29.907176971435547,30.20913227018308,29.907176971435547,30.20913227018308,1600
2013-08-28,29.907176971435547,29.907176971435547,29.907176971435547,29.907176971435547,0
2013-08-29,29.85309600830078,29.970273982116762,29.85309600830078,29.970273982116762,1600
2013-08-30,29.85309600830078,29.85309600830078,29.85309600830078,29.85309600830078,0
2013-09-03,29.84859275817871,29.84859275817871,29.84859275817871,29.84859275817871,200
2013-09-04,29.920705795288086,29.920705795288086,29.64579016092944,29.64579016092944,1200
2013-09-05,30.096466064453125,30.10998593955925,30.05139866795872,30.05139866795872,1400
2013-09-06,30.21364402770996,30.21364402770996,30.21364402770996,30.21364402770996,200
2013-09-09,30.502084732055664,30.502084732055664,30.177593920264243,30.177593920264243,1000
2013-09-10,30.731929779052734,30.731929779052734,30.67333906506998,30.686858941089945,2400
2013-09-11,30.79952621459961,30.822061631426532,30.79952621459961,30.822061631426532,600
2013-09-12,30.709392547607422,30.758967715702823,30.61474998263128,30.758967715702823,1200
2013-09-13,30.587709426879883,30.59221375955398,30.587709426879883,30.59221375955398,600
2013-09-16,30.88516616821289,30.948261228620897,30.88516616821289,30.948261228620897,3600
2013-09-17,31.01585578918457,31.01585578918457,30.93022532785964,30.93473309909306,2600
2013-09-18,31.119518280029297,31.119518280029297,30.79953180740638,30.948257333258304,1600
2013-09-19,31.03839683532715,31.074448696466014,31.02938129122547,31.065436590786952,2400
2013-09-20,30.826004028320312,30.96128628694268,30.821493702267368,30.952265634836788,7800
2013-09-23,30.830509185791016,30.830509185791012,30.78541281356324,30.78541281356324,600
2013-09-24,30.79894256591797,30.830507961001324,30.749339310734126,30.830507961001324,1400
2013-09-25,31.13714599609375,31.13714599609375,30.753847473675176,30.753847473675176,2800
2013-09-26,31.015396118164062,31.03343398181903,31.015396118164062,31.03343398181903,400
2013-09-27,31.001863479614258,31.001863479614258,30.983825618927156,30.997353154349945,800
2013-09-30,31.037940979003906,31.037940979003903,30.893641525611006,30.893641525611006,3800
2013-10-01,31.416728973388672,31.434766836957472,31.416728973388672,31.434766836957472,400
2013-10-02,31.42124366760254,31.421243667602543,31.353602529908642,31.367130069373186,1200
2013-10-03,31.263410568237305,31.26341056823731,31.159693718533333,31.159693718533333,800
2013-10-04,31.38967514038086,31.39418546654422,31.34007187369642,31.34007187369642,600
2013-10-07,31.2589054107666,31.2589054107666,31.2589054107666,31.2589054107666,600
2013-10-08,31.069509506225586,31.340070578541734,31.04696131671145,31.340070578541734,600
2013-10-09,31.13714599609375,31.13714599609375,31.046956691842837,31.046956691842837,1000
2013-10-10,31.326541900634766,31.39418302634421,31.326541900634766,31.39418302634421,800
2013-10-11,31.741405487060547,31.741405487060547,31.741405487060547,31.741405487060547,200
2013-10-14,32.12470245361328,32.12470245361328,31.754934809056984,31.754934809056984,1800
2013-10-15,31.930797576904297,32.09313491644714,31.930797576904297,32.09313491644714,400
2013-10-16,32.30507278442383,32.30507278442383,32.14724578446223,32.14724578446223,1400
2013-10-17,32.444862365722656,32.444862365722656,32.250959637294706,32.250959637294706,3000
2013-10-18,32.83267593383789,32.87326199605078,32.77405544438758,32.82816904721427,2600
2013-10-21,32.80561447143555,32.88227281358358,32.80561447143555,32.87776592783662,2600
2013-10-22,32.81013107299805,33.08520253248991,32.81013107299805,33.08520253248991,800
2013-10-23,33.04912567138672,33.06265321149568,32.828167822073894,32.83267470852932,1200
2013-10-24,32.909332275390625,33.581226390667545,32.80561541392704,33.031083561101795,2000
2013-10-25,32.83717346191406,32.96343504559201,32.83717346191406,32.87775950830776,1200
2013-10-28,32.90481948852539,32.90481948852539,32.81914049808736,32.823650823997426,1000
2013-10-29,32.963436126708984,33.013039384833625,32.963436126708984,33.013039384833625,1600
2013-10-30,32.91382598876953,33.206935150865185,32.87324338989774,33.206935150865185,5200
2013-10-31,32.96794509887695,33.07165849588396,32.90932463275865,33.07165849588396,2800
2013-11-01,32.64778137207031,32.91383207709537,32.616215975874624,32.91383207709537,2800
2013-11-04,33.08969497680664,33.08969497680664,33.08969497680664,33.08969497680664,600
2013-11-05,32.95441818237305,33.202431027102456,32.89579427478397,33.202431027102456,2400
2013-11-06,32.80110168457031,33.27007579488232,32.80110168457031,33.27007579488232,4400
2013-11-07,32.95441818237305,33.70297048221603,32.95441818237305,33.70297048221603,800
2013-11-08,33.13480758666992,33.13480758666992,32.87777398093208,32.98599775167127,3600
2013-11-11,33.13480758666992,33.13480758666992,33.13480758666992,33.13480758666992,0
2013-11-12,33.112247467041016,33.112247467041016,33.06715453216885,33.103230256214744,2800
2013-11-13,33.55867004394531,33.55867004394531,33.54063218371061,33.54063218371061,800
2013-11-14,33.48652648925781,33.63082594992343,33.48652648925781,33.63082594992343,1800
2013-11-15,33.63533401489258,33.63533401489258,33.58573419138509,33.63533401489258,800
2013-11-18,33.328697204589844,33.775123092831016,33.328697204589844,33.775123092831016,3000
2013-11-19,33.45496368408203,33.54063923775297,33.3692846900403,33.3692846900403,2000
2013-11-20,33.48652648925781,33.63082594992343,33.472998952378305,33.491033374637304,2600
2013-11-21,33.91040802001953,33.928445884670516,33.87433573108848,33.87433573108848,1800
2013-11-22,33.9915657043457,33.9915657043457,33.8923626413851,33.8923626413851,1200
2013-11-25,33.94647216796875,34.22154348940238,33.94647216796875,34.22154348940238,5800
2013-11-26,34.0005989074707,34.01412644648855,33.91491990652961,33.91491990652961,600
2013-11-27,34.13587188720703,34.18096826336517,34.00961029085337,34.18096826336517,2400
2013-11-29,34.2080192565918,34.88442353383993,34.2080192565918,34.88442353383993,4000
2013-12-02,34.09529113769531,34.28919386849702,34.090780811759274,34.28919386849702,1800
2013-12-03,34.036678314208984,34.06373339516647,33.941978650114905,33.98256471192257,4000
2013-12-04,33.78414535522461,34.00961349578063,33.54514967669456,33.96452055574358,10400
2013-12-05,33.80217742919922,33.82021529019842,33.76159482222868,33.82021529019842,3200
2013-12-06,34.063716888427734,34.12684767365065,33.89686927584159,33.89686927584159,7400
2013-12-09,34.12685775756836,34.12685775756836,34.02765122565568,34.04568908967351,5000
2013-12-10,33.88335418701172,33.928447130108985,33.87433697454068,33.87433697454068,1800
2013-12-11,33.234004974365234,33.67141374951928,33.234004974365234,33.67141374951928,5600
2013-12-12,33.28360366821289,33.28360366821289,33.197928119761684,33.26105891982913,6600
2013-12-13,33.346736907958984,33.346736907958984,33.00853469412422,33.197930548553515,2600
2013-12-16,33.50907516479492,33.51358549107358,33.391834204517274,33.391834204517274,5000
2013-12-17,33.436920166015625,33.63082287106826,33.09420768817069,33.63082287106826,3800
2013-12-18,33.436920166015625,33.50456128459123,33.436920166015625,33.45946491196069,2000
2013-12-19,33.725528717041016,33.725528717041016,33.64887036621301,33.64887036621301,800
2013-12-20,33.9990348815918,34.35558961450873,33.68309860821003,34.35558961450873,8200
2013-12-23,34.23823547363281,34.23823547363281,34.08929426209216,34.08929426209216,1200
2013-12-24,34.3239860534668,34.34655070975967,34.3239860534668,34.34655070975967,600
2013-12-26,34.3239860534668,34.3239860534668,34.3239860534668,34.3239860534668,0
2013-12-27,34.37363815307617,34.37363815307617,34.20664314368671,34.20664314368671,2200
2013-12-30,34.44585418701172,34.44585418701172,34.37364244650552,34.37364244650552,1200
2013-12-31,34.481956481933594,34.572222004552344,34.481956481933594,34.54062872729489,2400
2014-01-02,34.04868698120117,34.49550731901502,34.04868698120117,34.49550731901502,4800
2014-01-03,34.269832611083984,34.41425952973469,34.269832611083984,34.30142589193228,4400
2014-01-06,34.310455322265625,34.4278032842856,34.310455322265625,34.4278032842856,6200
2014-01-07,34.82044982910156,34.901690159258834,34.45938092986743,34.45938092986743,3000
2014-01-08,35.21763610839844,35.21763610839844,34.92426794786502,34.973915026266496,2800
2014-01-09,35.51100158691406,35.51100158691406,35.226662067606696,35.271794832724005,6200
2014-01-10,35.700557708740234,35.700557708740234,35.39816442483887,35.56967029255705,9000
2014-01-13,35.077720642089844,35.6238350167125,35.077720642089844,35.6238350167125,6200
2014-01-14,35.6870231628418,35.6870231628418,35.3710903513804,35.3710903513804,1800
2014-01-15,36.034549713134766,36.034549713134766,35.790832080288666,35.98490607933977,1800
2014-01-16,36.206058502197266,36.24216609296481,36.16995091142972,36.233137473568235,3200
2014-01-17,35.98941421508789,36.38207649316442,35.971360420800664,36.38207649316442,4000
2014-01-21,36.13384246826172,36.242165238009,35.98490468582548,36.242165238009,8400
2014-01-22,36.084190368652344,36.23764588272268,36.02100381680245,36.23764588272268,6200
2014-01-23,35.62834930419922,35.77277621770099,35.58321309595991,35.641888789307316,6600
2014-01-24,34.99648666381836,35.74570033850202,34.89267818666437,35.74570033850202,8600
2014-01-27,34.69409942626953,35.2763215990829,34.35108409211528,34.62639853298231,12200
2014-01-28,34.84752655029297,34.84752655029297,34.51805438608291,34.51805438608291,18000
2014-01-29,34.549652099609375,34.76629069836372,34.52708400067693,34.75275121636763,15400
2014-01-30,35.10931396484375,35.186040009537216,34.70762650332003,34.70762650332003,4800
2014-01-31,34.987457275390625,34.987457275390625,34.775332902226225,34.775332902226225,4600
2014-02-03,33.850093841552734,34.215673753150426,33.850093841552734,34.215673753150426,4600
2014-02-04,33.97645568847656,34.111857396230846,33.899729661006425,34.0351313687607,5000
2014-02-05,34.18406677246094,34.18406677246094,33.31750554376535,33.85008027787355,14600
2014-02-06,34.09831237792969,34.215656832628966,34.06671911037097,34.06671911037097,3000
2014-02-07,34.3239860534668,34.37814398329653,34.19760951591079,34.20663813315478,5000
2014-02-10,34.72117233276367,34.72117233276367,34.46391173800084,34.46391173800084,4400
2014-02-11,35.068695068359375,35.068695068359375,34.78435552599446,34.82497742828061,16000
2014-02-12,35.16798782348633,35.23117438593692,35.10480126103574,35.22666351962573,19400
2014-02-13,35.569671630859375,35.63737249604052,35.163473326590605,35.163473326590605,6600
2014-02-14,35.664451599121094,35.664451599121094,35.43878434327307,35.56967176487401,2400
2014-02-18,35.99392318725586,35.99392318725586,35.872064398148034,35.872064398148034,5800
2014-02-19,35.7186164855957,36.10225016950554,35.7186164855957,35.9803913544883,4600
2014-02-20,35.76825714111328,35.76825714111328,35.55161507802939,35.55161507802939,2000
2014-02-21,35.91720962524414,36.06615087518114,35.91720962524414,36.00296086090283,5600
2014-02-24,35.98941421508789,35.98941421508789,35.97587473022477,35.97587473022477,1400
2014-02-25,35.76825714111328,35.8269293832318,35.76825714111328,35.8269293832318,2200
2014-02-26,35.8810920715332,36.07065173153071,35.72312568820194,35.90366017347005,5200
2014-02-27,35.84047317504883,35.86303783329656,35.82241938240533,35.86303783329656,1400
2014-02-28,35.691532135009766,36.0435724846802,35.691532135009766,35.953306964449936,4800
2014-03-03,35.3394889831543,35.53356293532857,35.330460365801855,35.53356293532857,5800
2014-03-04,36.445255279541016,36.458794761516856,36.106754456511226,36.106754456511226,2600
2014-03-05,36.43624496459961,36.44978445209681,36.350490285904236,36.350490285904236,2200
2014-03-06,36.400123596191406,36.51747151578228,36.33242274091173,36.51747151578228,1200
2014-03-07,36.28730010986328,36.44075221079789,36.11127990306912,36.4091589286402,5400
2014-03-10,36.359500885009766,36.4046370831165,36.246667276559855,36.246667276559855,3200
2014-03-11,36.28730010986328,36.28730010986328,36.28730010986328,36.28730010986328,1200
2014-03-12,36.10676956176758,36.16995613302788,36.10676956176758,36.16995613302788,1000
2014-03-13,35.62382888793945,36.16994316860785,35.61480371388426,36.16994316860785,3800
2014-03-14,35.62382888793945,35.86754990833346,35.62382888793945,35.70055491933887,2800
2014-03-17,35.94429016113281,36.02101622288898,35.94429016113281,36.02101622288898,1000
2014-03-18,36.16994094848633,36.16994094848633,36.16994094848633,36.16994094848633,800
2014-03-19,36.27376174926758,36.607748377213596,36.2647331292798,36.2647331292798,8800
2014-03-20,36.18349075317383,36.368539575121396,36.18349075317383,36.28278490705697,4400
2014-03-21,36.12974548339844,36.12974548339844,36.12974548339844,36.12974548339844,1200
2014-03-24,35.28071212768555,35.511036868466064,35.22199906208851,35.511036868466064,1600
2014-03-25,35.33940505981445,35.619411809969854,35.33940505981445,35.619411809969854,4800
2014-03-26,35.13166046142578,35.470376813604275,35.13166046142578,35.470376813604275,1600
2014-03-27,34.851661682128906,34.87424415568452,34.76133867910984,34.76133867910984,2000
2014-03-28,34.77939224243164,35.2355277331671,34.639387155674726,35.2355277331671,3200
2014-03-31,35.41617965698242,35.54715038848995,35.07746331723561,35.113593887086125,6400
2014-04-01,35.867801666259766,35.867801666259766,35.867801666259766,35.867801666259766,400
2014-04-02,36.1342658996582,36.1342658996582,36.09361814063967,36.09361814063967,1600
2014-04-03,35.8994255065918,36.197497628100464,35.82716779100297,36.197497628100464,2400
2014-04-04,35.16779327392578,35.35295643320509,35.027788163093874,35.35295643320509,3800
2014-04-07,34.481327056884766,34.78391286503966,34.196806535939274,34.78391286503966,5400
2014-04-08,34.22390365600586,34.34584348651873,34.11551537546211,34.12003255878515,1400
2014-04-09,34.634891510009766,34.634891510009766,34.31424031063466,34.31424031063466,2200
2014-04-10,33.745182037353516,34.932946151706055,33.745182037353516,34.932946151706055,2000
2014-04-11,33.32518005371094,33.79486723809855,33.3071147644343,33.69099268615831,8400
2014-04-14,33.564537048339844,33.821961374941424,33.564537048339844,33.79486516548907,1800
2014-04-15,33.564537048339844,33.564537048339844,33.564537048339844,33.564537048339844,0
2014-04-16,33.704532623291016,33.75872847798634,33.66388831647011,33.71356698854063,2200
2014-04-17,34.02067947387695,34.02067947387695,33.79035133388033,33.79035133388033,2600
2014-04-21,34.083892822265625,34.083892822265625,34.01614887303364,34.01614887303364,1400
2014-04-22,34.214866638183594,34.38196448974629,34.214866638183594,34.241962842090906,17200
2014-04-23,34.05680465698242,34.05680465698242,34.02970500353486,34.02970500353486,800
2014-04-24,33.939388275146484,33.939388275146484,33.916805800707465,33.939388275146484,1600
2014-04-25,33.320655822753906,33.67292027514113,33.239363761002934,33.67292027514113,3800
2014-04-28,33.0767707824707,33.284516341196,32.999995924037435,33.284516341196,3400
2014-04-29,33.35227584838867,33.46969850441984,33.29808342683704,33.29808342683704,4200
2014-04-30,33.0767707824707,33.0903188815354,33.04064366683149,33.063222683406,42000
2014-05-01,33.43808364868164,33.54195474918399,33.43808364868164,33.54195474918399,1800
2014-05-02,33.64582443237305,33.73163367781301,33.64582443237305,33.66388971802361,7600
2014-05-05,33.78582000732422,33.78582000732422,33.569043509741554,33.6458183757354,5000
2014-05-06,33.63227844238281,33.63227844238281,33.62324407618951,33.62324407618951,2000
2014-05-07,33.21226501464844,33.2890398877614,33.00451941620127,33.17161726408235,11600
2014-05-08,33.30259323120117,33.79034564116209,33.298079493672745,33.65485771208367,3400
2014-05-09,33.46517562866211,33.654855963033235,33.30710868335284,33.30710868335284,9600
2014-05-12,34.427120208740234,34.494860700376655,34.27356705463153,34.27356705463153,1200
2014-05-13,34.260032653808594,34.273580757552544,34.16970966511481,34.273580757552544,1600
2014-05-14,33.86711883544922,33.970993368636606,33.858087915242095,33.970993368636606,2000
2014-05-15,33.41548538208008,34.097435047804105,33.39290636662684,34.097435047804105,5600
2014-05-16,33.67292404174805,33.67292404174805,33.465178404168746,33.465178404168746,800
2014-05-19,34.01164245605469,34.01164245605469,34.01164245605469,34.01164245605469,1400
2014-05-20,33.605186462402344,33.73615377827012,33.55099059522833,33.55099059522833,4200
2014-05-21,33.67292404174805,33.87615594165915,33.67292404174805,33.87615594165915,4400
2014-05-22,33.95292282104492,33.95292282104492,33.95292282104492,33.95292282104492,600
2014-05-23,33.95744323730469,33.95744323730469,33.858085892955806,33.858085892955806,7000
2014-05-27,34.390995025634766,34.390995025634766,33.96646950181714,33.96646950181714,2400
2014-05-28,34.32777404785156,34.33228778502748,34.32777404785156,34.33228778502748,2200
2014-05-29,34.51744842529297,34.51744842529297,34.4451872957278,34.4451872957278,1400
2014-05-30,34.3729362487793,34.49938980433476,34.336805677020315,34.44068020942714,3200
2014-06-02,34.17421340942383,34.1967958727943,34.124534746488905,34.1967958727943,3600
2014-06-03,34.10197448730469,34.10197448730469,33.96648652375384,33.96648652375384,3200
2014-06-04,34.210350036621094,34.210350036621094,34.210350036621094,34.210350036621094,800
2014-06-05,34.6258430480957,34.72971757956717,34.21486899624114,34.27809577344953,3400
2014-06-06,34.91939926147461,34.91939926147461,34.860689664825436,34.860689664825436,600
2014-06-09,35.01423645019531,35.01423645019531,35.01423645019531,35.01423645019531,1000
2014-06-10,34.869712829589844,34.869712829589844,34.716163097612935,34.77487268120405,4000
2014-06-11,34.725215911865234,34.77489460838255,34.64844099746665,34.77489460838255,2600
2014-06-12,34.52648162841797,34.675517633808106,34.51745070942487,34.675517633808106,5400
2014-06-13,34.50844192504883,34.50844192504883,34.467794149506005,34.467794149506005,2200
2014-06-16,34.77939224243164,34.84713619465589,34.63487341896684,34.84713619465589,2000
2014-06-17,35.08198165893555,35.172304640945214,35.00068959688648,35.00068959688648,12200
2014-06-18,35.33940505981445,35.33940505981445,34.951010044850854,34.951010044850854,1400
2014-06-19,35.33489227294922,35.33489227294922,35.33489227294922,35.33489227294922,600
2014-06-20,35.5333251953125,35.5333251953125,35.375118739362286,35.375118739362286,1000
2014-06-23,35.55592727661133,35.93110159774416,35.55592727661133,35.93110159774416,1600
2014-06-24,35.5062141418457,35.5062141418457,35.47005167163809,35.47005167163809,800
2014-06-25,35.42031478881836,35.42031478881836,35.40223356103909,35.4067547301443,1400
2014-06-26,35.50168991088867,35.845226450964425,35.411283743162066,35.845226450964425,2600
2014-06-27,35.74578094482422,35.74578094482422,35.51524953080081,35.51524953080081,2800
2014-06-30,35.61921310424805,35.61921310424805,35.5378492846975,35.5378492846975,2000
2014-07-01,36.21135711669922,36.21135711669922,36.09835200859534,36.10739089984107,3000
2014-07-02,36.093833923339844,36.139035280715994,36.093833923339844,36.139035280715994,1800
2014-07-03,36.2836799621582,36.2836799621582,36.193277251719636,36.193277251719636,1400
2014-07-07,35.74126434326172,36.16164358791698,35.646340442680604,36.16164358791698,9800
2014-07-08,35.13103485107422,35.6779792584175,35.10391472383759,35.6779792584175,6600
2014-07-09,35.248565673828125,35.248565673828125,35.121997016980615,35.121997016980615,29800
2014-07-10,35.262115478515625,35.316355724166876,34.56600358730566,35.25759430849727,5600
2014-07-11,35.40675735473633,35.40675735473633,35.32087237857881,35.338953607698386,4400
2014-07-14,35.39319610595703,35.67796769557877,35.39319610595703,35.67796769557877,2600
2014-07-15,35.04966735839844,35.81810077138089,34.941183412144525,35.81810077138089,3800
2014-07-16,34.90502166748047,35.094869439503135,34.81009778146913,35.094869439503135,17600
2014-07-17,34.47107696533203,34.669963597961655,34.47107696533203,34.669963597961655,1000
2014-07-18,34.47107696533203,34.47107696533203,34.47107696533203,34.47107696533203,0
2014-07-21,34.728736877441406,34.728736877441406,34.715176813820214,34.715176813820214,1600
2014-07-22,35.0767822265625,35.0767822265625,34.96377712696105,35.06322216639304,2400
2014-07-23,35.0767822265625,35.0767822265625,35.0767822265625,35.0767822265625,0
2014-07-24,35.29826736450195,35.29826736450195,35.29826736450195,35.29826736450195,600
2014-07-25,35.05418395996094,35.29375422400887,35.05418395996094,35.29375422400887,3400
2014-07-28,35.10843276977539,35.10843276977539,34.90502491633885,34.90502491633885,3000
2014-07-29,35.25759506225586,35.25759506225586,35.25759506225586,35.25759506225586,800
2014-07-30,35.885902404785156,35.885902404785156,35.70057581794212,35.818098649152915,5800
2014-07-31,35.08583450317383,35.50621373070143,35.08583450317383,35.50621373070143,1600
2014-08-01,34.98637771606445,35.049660292675526,34.98637771606445,35.049660292675526,1400
2014-08-04,34.90502166748047,34.93214179244298,34.389718601337485,34.68805032185274,12200
2014-08-05,34.98186111450195,34.98186111450195,34.98186111450195,34.98186111450195,400
2014-08-06,34.77845001220703,34.77845001220703,34.69708620382263,34.69708620382263,2400
2014-08-07,34.16370391845703,34.33094926548843,34.16370391845703,34.33094926548843,600
2014-08-08,34.339996337890625,34.339996337890625,34.10042603582801,34.10042603582801,2400
2014-08-11,34.4530029296875,34.69709441258876,34.43944286652233,34.69709441258876,4200
2014-08-12,34.27219772338867,34.42588650260834,34.240556423055665,34.42588650260834,44800
2014-08-13,34.80556869506836,34.80556869506836,34.78296629697849,34.792008635671145,27800
2014-08-14,34.82817840576172,34.83721729771044,34.82817840576172,34.83721729771044,1200
2014-08-15,34.43040084838867,34.9411862233545,34.43040084838867,34.9411862233545,55200
2014-08-18,34.466556549072266,34.466556549072266,34.466556549072266,34.466556549072266,400
2014-08-19,35.16719436645508,35.16719436645508,35.02706567400065,35.08130937256132,1200
2014-08-20,34.466556549072266,34.466556549072266,34.466556549072266,34.466556549072266,600
2014-08-21,34.76490020751953,34.819140463348155,34.67449403340029,34.819140463348155,12800
2014-08-22,34.86885452270508,34.981859626408074,34.75132824923418,34.76940947966371,28400
2014-08-25,34.86885452270508,35.04062103882248,34.86885452270508,35.04062103882248,3600
2014-08-26,35.099388122558594,35.203350893309256,35.099388122558594,35.14458947717377,1800
2014-08-27,35.0813102722168,35.32540174903569,35.0813102722168,35.32540174903569,1200
2014-08-28,34.86433792114258,35.07678809572387,34.85982019942481,35.07678809572387,9000
2014-08-29,34.86433792114258,34.86433792114258,34.86433792114258,34.86433792114258,0
2014-09-02,35.221431732177734,35.2530730249198,35.140067915320685,35.2123928408124,4400
2014-09-03,35.28923416137695,35.55140683346771,35.28923416137695,35.55140683346771,3600
2014-09-04,34.886940002441406,35.34348164262908,34.886940002441406,35.33896047231049,5200
2014-09-05,34.968292236328125,34.968292236328125,34.81912470303186,34.89596732976944,2000
2014-09-08,35.15816116333008,35.16720350642824,34.805585652657534,34.805585652657534,5800
2014-09-09,35.04966735839844,35.29827654559042,35.04966735839844,35.29827654559042,2000
2014-09-10,35.21691131591797,35.21691131591797,35.0813038153192,35.0813038153192,2200
2014-09-11,35.53785705566406,35.53785705566406,35.29376554363759,35.29376554363759,4200
2014-09-12,35.26664352416992,35.26664352416992,35.26664352416992,35.26664352416992,800
2014-09-15,35.05418395996094,35.05418395996094,35.05418395996094,35.05418395996094,800
2014-09-16,35.06322479248047,35.06774596242289,34.71517057704266,34.80557328403783,1600
2014-09-17,34.94569396972656,35.03157894425203,34.94117624901389,35.02705777489759,16600
2014-09-18,35.34800338745117,35.370605792974125,35.34800338745117,35.34800338745117,1200
2014-09-19,35.29324722290039,35.29324722290039,35.29324722290039,35.29324722290039,1000
2014-09-22,34.732181549072266,35.379224655278115,34.5828631125332,34.98556790043787,24200
2014-09-23,34.429012298583984,34.533083645485064,34.343043918583405,34.44711181335502,18400
2014-09-24,34.37924575805664,34.40639330636732,34.37924575805664,34.40639330636732,1800
2014-09-25,34.225406646728516,34.275179460729696,34.193733351648696,34.252554199045434,8600
2014-09-26,34.324947357177734,34.32947309929226,34.22087600132221,34.32947309929226,2200
2014-09-29,34.134910583496094,34.33852411867623,33.83627371629316,34.021791185700444,2800
2014-09-30,34.134910583496094,34.134910583496094,34.134910583496094,34.134910583496094,0
2014-10-01,33.87245559692383,33.88602936544387,33.664316424650416,33.75481051620292,6200
2014-10-02,34.13038635253906,34.15301161395223,33.7186300693048,33.7186300693048,38200
2014-10-03,34.74122619628906,34.84529755310302,34.74122619628906,34.84529755310302,1400
2014-10-06,35.071533203125,35.071533203125,34.97651333909811,35.03985991511604,19800
2014-10-07,34.564762115478516,34.700506770548266,34.564762115478516,34.700506770548266,5200
2014-10-08,34.52857208251953,34.52857208251953,34.50595026886345,34.52857208251953,1600
2014-10-09,34.442604064941406,34.442604064941406,34.442604064941406,34.442604064941406,600
2014-10-10,34.442604064941406,34.442604064941406,34.442604064941406,34.442604064941406,0
2014-10-13,34.11681365966797,34.52404421312212,33.99916851041892,33.99916851041892,3200
2014-10-14,34.35661315917969,34.46973252247843,34.293266591902714,34.3249398755412,6600
2014-10-15,33.478816986083984,33.75482860096416,33.36117529446272,33.36117529446272,5200
2014-10-16,34.04894256591797,34.04894256591797,33.899624115522904,33.899624115522904,2400
2014-10-17,33.958457946777344,34.19374486773667,33.958457946777344,34.19374486773667,1200
2014-10-20,34.311378479003906,34.31590076963398,34.00821930453706,34.00821930453706,1200
2014-10-21,35.06248474121094,35.07153622549609,34.768373640279435,34.768373640279435,3600
2014-10-22,34.87696838378906,35.07153385722413,34.87696838378906,35.07153385722413,2600
2014-10-23,35.20728302001953,35.23443402506335,35.2027607292875,35.2027607292875,2400
2014-10-24,35.70048141479492,35.78644980673351,35.65975663787248,35.65975663787248,2200
2014-10-27,35.79550552368164,35.79550552368164,35.59189197138525,35.650712820416786,3200
2014-10-28,36.238929748535156,36.238929748535156,36.238929748535156,36.238929748535156,1000
2014-10-29,36.55113983154297,36.64163742246423,36.51041850472599,36.64163742246423,3000
2014-10-30,36.55113983154297,36.55113983154297,36.55113983154297,36.55113983154297,0
2014-10-31,37.35655212402344,37.43799823571775,37.35655212402344,37.43799823571775,1200
2014-11-03,37.143882751464844,37.64613313962721,37.11220945906406,37.64613313962721,2200
2014-11-04,37.03982162475586,37.03982162475586,37.03982162475586,37.03982162475586,1200
2014-11-05,37.220802307128906,37.31582217346553,37.220802307128906,37.29772265814481,1000
2014-11-06,37.460628509521484,37.514927075291745,37.24796344208483,37.27963674241811,25200
2014-11-07,37.14840316772461,37.46513949845059,37.14840316772461,37.46061375671936,5000
2014-11-10,37.57374954223633,37.57374954223633,37.2434392942112,37.28868982702386,5000
2014-11-11,38.0352668762207,38.0352668762207,37.96287225356795,37.994545548252944,3000
2014-11-12,38.0352668762207,38.0352668762207,38.0352668762207,38.0352668762207,0
2014-11-13,38.31127166748047,38.3157974093804,38.27959837844011,38.27959837844011,9400
2014-11-14,38.14385986328125,38.14385986328125,38.14385986328125,38.14385986328125,1800
2014-11-17,38.09861373901367,38.23888414687979,38.09861373901367,38.23435840414082,2000
2014-11-18,38.32484817504883,38.47869234145512,38.270553076894714,38.47869234145512,2400
2014-11-19,37.89046859741211,38.67325626807756,37.89046859741211,38.67325626807756,6200
2014-11-20,38.09861373901367,38.09861373901367,37.827127860889604,37.827127860889604,6000
2014-11-21,38.23435592651367,38.45154668621687,38.23435592651367,38.45154668621687,1400
2014-11-24,38.686824798583984,38.686824798583984,38.2795943734362,38.2795943734362,2000
2014-11-25,38.75471115112305,38.904029603125664,38.61896647618785,38.904029603125664,5400
2014-11-26,38.93117141723633,38.93117141723633,38.93117141723633,38.93117141723633,800
2014-11-28,38.93117141723633,38.93117141723633,38.93117141723633,38.93117141723633,0
2014-12-01,38.62799835205078,38.83161180895468,38.62799835205078,38.83161180895468,2400
2014-12-02,38.8452033996582,38.8452033996582,38.8452033996582,38.8452033996582,800
2014-12-03,38.99452590942383,38.99452590942383,38.99452590942383,38.99452590942383,1000
2014-12-04,39.094058990478516,39.094058990478516,39.094058990478516,39.094058990478516,1800
2014-12-05,39.207183837890625,39.21170958038403,39.207183837890625,39.21170958038403,1000
2014-12-08,39.234336853027344,39.61894216741257,39.234336853027344,39.456049936263206,5000
2014-12-09,39.69585418701172,39.69585418701172,39.69585418701172,39.69585418701172,1200
2014-12-10,38.99452590942383,39.54202347826538,38.99452590942383,39.54202347826538,2600
2014-12-11,39.16645431518555,39.31577273020955,39.16645431518555,39.31577273020955,1800
2014-12-12,38.989990234375,39.01261549306311,38.79995048906217,38.79995048906217,2000
2014-12-15,38.34294891357422,38.759230908089336,38.306753331028084,38.7004066137082,2800
2014-12-16,38.30675506591797,38.587288967037985,38.30675506591797,38.587288967037985,2000
2014-12-17,39.56917190551758,39.56917190551758,38.64612047221832,38.64612047221832,1200
2014-12-18,40.00807189941406,40.00807189941406,39.80445834328855,39.80445834328855,3200
2014-12-19,40.22736358642578,40.650324738894454,40.12162154453474,40.650324738894454,5200
2014-12-22,40.33309555053711,40.37447057340782,40.33309555053711,40.36067889911759,8200
2014-12-23,40.245758056640625,40.71009780060117,40.245758056640625,40.71009780060117,1000
2014-12-24,40.23654556274414,40.84800215925219,40.19517054116154,40.84800215925219,8800
2014-12-26,40.26874923706055,40.33771115147247,40.26874923706055,40.33771115147247,1000
2014-12-29,40.26874923706055,40.29173771104741,40.144620597158024,40.264154348302114,12400
2014-12-30,40.29173278808594,40.29173278808594,40.25955103296559,40.25955103296559,1000
2014-12-31,39.992897033691406,40.79744435554057,39.96991207188164,40.52619865636873,11200
2015-01-02,39.67108154296875,39.67108154296875,39.67108154296875,39.67108154296875,1000
2015-01-05,39.87796401977539,40.00209614944518,39.66648341807489,39.66648341807489,14200
2015-01-06,39.55614471435547,39.87336735655791,39.45040266443865,39.87336735655791,2000
2015-01-07,40.05265426635742,40.05265426635742,39.79060192488617,39.79060192488617,1400
2015-01-08,40.939971923828125,41.00433543741755,40.79744970869575,40.79744970869575,10600
2015-01-09,40.930763244628906,40.930763244628906,40.687100941441415,40.91697156822922,4600
2015-01-12,40.815818786621094,41.14683297624077,40.802027113311375,41.14683297624077,6200
2015-01-13,40.434242248535156,41.27097119800959,40.36068547116081,41.27097119800959,5000
2015-01-14,40.595157623291016,40.687104478981496,40.22736318543368,40.22736318543368,8000
2015-01-15,40.01127624511719,40.39286228455285,39.974496107149335,40.25953691507965,5200
2015-01-16,40.66411209106445,40.66411209106445,39.55153910974771,39.55153910974771,7400
2015-01-20,40.42505645751953,40.42505645751953,40.09864052467545,40.365291345606586,3600
2015-01-21,40.1124267578125,40.73307678550695,40.03427158187232,40.73307678550695,16800
2015-01-22,40.53998565673828,40.53998565673828,39.86416542316549,39.86416542316549,3000
2015-01-23,40.857215881347656,40.935371070650824,40.857215881347656,40.91238259965662,2800
2015-01-26,40.935367584228516,41.091677949522065,40.935367584228516,40.953757657947975,1400
2015-01-27,41.01351547241211,41.206605950802455,41.01351547241211,41.11925750060527,2800
2015-01-28,41.16983413696289,41.53762506635002,41.11466391915836,41.53762506635002,4400
2015-01-29,41.1468505859375,41.1468505859375,40.682510843021824,40.92617319589845,4000
2015-01-30,40.8480110168457,41.146843542968945,40.69170066913209,41.146843542968945,1400
2015-02-02,40.10783386230469,40.3101211760491,40.075652108531536,40.075652108531536,1200
2015-02-03,40.8480110168457,41.36752089523539,40.5583752803218,41.36752089523539,5600
2015-02-04,41.07329177856445,41.07329177856445,40.77905758619092,40.77905758619092,4600
2015-02-05,41.1192741394043,41.137664217294486,40.96296023111206,40.96296023111206,2000
2015-02-06,41.427284240722656,41.827260390192606,41.234193757894694,41.629571512759966,7200
2015-02-09,40.98134231567383,41.54682570096738,40.94916056253017,41.34913678664258,3000
2015-02-10,41.19282150268555,41.32154851086599,40.990537707351095,40.990537707351095,1800
2015-02-11,41.36752700805664,41.65256439190045,41.36752700805664,41.65256439190045,1800
2015-02-12,41.827266693115234,41.827266693115234,41.6387710689403,41.6387710689403,2600
2015-02-13,42.17666244506836,42.17666244506836,41.92380685518928,41.960583490457935,2800
2015-02-17,42.18125534057617,42.254815616618274,42.066320039920654,42.11689185281284,5200
2015-02-18,42.35137176513672,42.35596665291351,42.2134479657788,42.277811470133045,3400
2015-02-19,42.5766487121582,42.5766487121582,42.328387950543636,42.328387950543636,2000
2015-02-20,42.31459045410156,42.31459045410156,42.31459045410156,42.31459045410156,1200
2015-02-23,42.65019607543945,42.916846853856235,42.64100279336018,42.6823778240382,4600
2015-02-24,42.90306091308594,42.92604938267896,42.71456879110553,42.751345431887174,10800
2015-02-25,42.857078552246094,43.02718056462121,42.857078552246094,43.02718056462121,4800
2015-02-26,43.05477523803711,43.11454034680677,42.939839908254605,43.10994195150206,12200
2015-02-27,42.82950210571289,42.9536307160411,42.75594181252,42.75594181252,4200
2015-03-02,43.10075378417969,43.16051890004302,42.98581844075521,43.146727220039814,10400
2015-03-03,42.65019607543945,42.98580874586713,42.65019607543945,42.98580874586713,6400
2015-03-04,42.751346588134766,42.82490688678355,42.241033415790135,42.73755490902514,3800
2015-03-05,42.893863677978516,43.206487894882486,42.80651171063033,43.206487894882486,3800
2015-03-06,42.41574478149414,42.985823165424634,42.41574478149414,42.985823165424634,3800
2015-03-09,42.65019607543945,42.65019607543945,42.342170266344645,42.3789504097568,2800
2015-03-10,42.30078887939453,42.44330752926682,42.066319884808664,42.2961904852721,5400
2015-03-11,42.3973503112793,42.3973503112793,42.185869698949006,42.185869698949006,1600
2015-03-12,43.036376953125,43.036376953125,42.663987678096014,42.663987678096014,5200
2015-03-13,42.78351974487305,43.146715754486635,42.51227409009368,43.146715754486635,7400
2015-03-16,43.44095993041992,43.6202587794159,43.44095993041992,43.49613015609107,6000
2015-03-17,43.36278533935547,43.36278533935547,43.07774456224738,43.20647503121488,6200
2015-03-18,43.445556640625,44.01563492025096,43.07776216551582,44.01563492025096,5800
2015-03-19,43.836334228515625,43.8731143759842,43.565088532917706,43.565088532917706,7400
2015-03-20,43.70571517944336,43.99086369886532,43.70571517944336,43.99086369886532,3200
2015-03-23,43.78849411010742,43.802290994711804,43.5723335609802,43.72410630937233,5200
2015-03-24,43.935665130615234,44.08743787349159,43.908071362409295,44.04144709019108,7800
2015-03-25,43.24579620361328,43.829890074267,43.24579620361328,43.829890074267,11000
2015-03-26,42.951454162597656,42.951454162597656,42.67550591195769,42.73069696563464,2000
2015-03-27,43.186012268066406,43.186012268066406,43.103227441002964,43.103227441002964,1600
2015-03-30,44.12884521484375,44.12884521484375,43.64593654424986,43.64593654424986,6200
2015-03-31,43.921878814697266,43.921878814697266,43.921878814697266,43.921878814697266,1000
2015-04-01,43.3101921081543,43.438967739004795,43.27339806823336,43.438967739004795,2200
2015-04-02,43.471153259277344,43.68731381601528,43.471153259277344,43.53094443983079,2600
2015-04-06,43.59532928466797,43.63671993712985,43.59532928466797,43.63671993712985,800
2015-04-07,43.549346923828125,43.73331009328935,43.549346923828125,43.73331009328935,2400
2015-04-08,43.88507843017578,43.88507843017578,43.59533330957652,43.59533330957652,4800
2015-04-09,43.85289001464844,43.85289001464844,43.85289001464844,43.85289001464844,1000
2015-04-10,44.18863296508789,44.40939019473834,44.050657064901685,44.050657064901685,4200
2015-04-13,44.2346076965332,44.487562252045855,44.19321353796221,44.487562252045855,3000
2015-04-14,43.97245788574219,44.41397570859381,43.71950332161648,44.41397570859381,3400
2015-04-15,44.050655364990234,44.105846424709476,43.949473509941335,43.96787052984775,3800
2015-04-16,43.986263275146484,44.03225406600673,43.958669502404824,43.958669502404824,2800
2015-04-17,43.19981002807617,43.319388893779966,43.14461897262692,43.19520989623727,5400
2015-04-20,43.673526763916016,43.834496307663166,43.47576317906297,43.79310564307371,5600
2015-04-21,43.995460510253906,44.01845414966507,43.95406634511832,44.00925739567504,5600
2015-04-22,44.00465774536133,44.00465774536133,43.70111222728887,43.96326357977317,3800
2015-04-23,44.25762176513672,44.28521554215473,43.92188227296804,43.92188227296804,13200
2015-04-24,44.19782638549805,44.3679961817025,44.0966445341804,44.3679961817025,2400
2015-04-27,43.28719711303711,44.23922093580561,43.28719711303711,44.23922093580561,2400
2015-04-28,43.167606353759766,43.3193790902434,42.85026399727066,42.85026399727066,2400
2015-04-29,42.85947799682617,42.95605972130856,42.54213553861772,42.95605972130856,4400
2015-04-30,41.79247283935547,42.51913579482352,41.714284630981965,42.440951095322625,5000
2015-05-01,41.66830062866211,41.95804934054597,41.64990360656844,41.797076274444635,2800
2015-05-04,42.229393005371094,42.229393005371094,41.9810384969758,41.9810384969758,2800
2015-05-05,41.7648811340332,42.16040832522549,41.75568437769358,42.16040832522549,6400
2015-05-06,41.55330276489258,42.657099020845095,41.55330276489258,41.866044978931264,2600
2015-05-07,41.879852294921875,41.879852294921875,41.68208873517715,41.68208873517715,1400
2015-05-08,42.10521697998047,42.11901386768472,41.92125028988726,42.11901386768472,2600
2015-05-11,42.1879997253418,42.362766142393454,42.1879997253418,42.29837833038113,4800
2015-05-12,41.93044662475586,41.93044662475586,41.93044662475586,41.93044662475586,1200
2015-05-13,41.93044662475586,41.93044662475586,41.93044662475586,41.93044662475586,0
2015-05-14,41.98102951049805,41.98102951049805,41.98102951049805,41.98102951049805,1000
2015-05-15,42.3029670715332,42.34435772145058,42.261572912744185,42.26617304347,2800
2015-05-18,42.661705017089844,42.661705017089844,42.394953546024894,42.48233849558425,1400
2015-05-19,43.034236907958984,43.034236907958984,42.716894505186815,42.94225533181712,1800
2015-05-20,42.960655212402344,43.85288778884203,42.960655212402344,43.11702460404089,2000
2015-05-21,42.68470001220703,42.91465745825296,42.68470001220703,42.91465745825296,2400
2015-05-22,42.486934661865234,42.670901312654834,42.42714699162922,42.57891974169604,4400
2015-05-26,42.063819885253906,43.07563485602571,42.0592197533812,43.07563485602571,8200
2015-05-27,42.6709098815918,42.6709098815918,42.26618597567787,42.26618597567787,3600
2015-05-28,42.64789581298828,43.42514934537238,41.705069182958425,43.42055272431328,3000
2015-05-29,42.85947799682617,42.86407462022569,42.56513269110664,42.56513269110664,2800
2015-06-01,43.08483123779297,43.23200387659242,43.08483123779297,43.23200387659242,4400
2015-06-02,43.04804229736328,43.17681793294958,43.025048653221674,43.17681793294958,8200
2015-06-03,43.59532928466797,43.86667736335415,43.333177959127134,43.33777809013574,12000
2015-06-04,43.04344177246094,43.75631140293515,43.04344177246094,43.75631140293515,3000
2015-06-05,43.209007263183594,43.209007263183594,43.0388409808504,43.10782892371069,2200
2015-06-08,43.186012268066406,43.30099099960606,43.140021477225034,43.30099099960606,4800
2015-06-09,42.89167022705078,43.24120307087337,42.82728241324806,43.025045986748616,2800
2015-06-10,43.471153259277344,43.50794729209914,43.22739893235911,43.22739893235911,8400
2015-06-11,43.62293243408203,43.66892322744283,43.62293243408203,43.66892322744283,1200
2015-06-12,43.47575759887695,43.558542426303184,43.448163826025684,43.49415461706861,7000
2015-06-15,43.42057800292969,43.42057800292969,42.96066299055101,42.96066299055101,4600
2015-06-16,43.604530334472656,43.65972138539872,42.24778278960819,43.383773148512816,6200
2015-06-17,43.64133071899414,43.889685220993,43.64133071899414,43.885085088861715,2000
2015-06-18,44.31280517578125,44.32200543984231,43.71491784009993,43.71491784009993,9600
2015-06-19,44.45088195800781,44.51992006107213,44.22996073048675,44.51992006107213,3400
2015-06-22,44.510711669921875,44.671798230918625,44.45088052195842,44.478494357722525,8000
2015-06-23,44.46468734741211,44.58435315451395,44.372638887440644,44.51991853024919,4000
2015-06-24,44.013633728027344,44.42325527230439,44.013633728027344,44.42325527230439,7000
2015-06-25,44.2253532409668,44.88811335196842,44.09188403495669,44.88350987580217,10800
2015-06-26,43.9630126953125,44.174730468683464,43.9630126953125,44.174730468683464,1400
2015-06-29,43.613216400146484,43.90317214017818,43.613216400146484,43.70066136283506,7200
2015-06-30,43.43373107910156,43.46134491559113,43.2588340842043,43.39691028949964,4400
2015-07-01,43.23582458496094,43.81573623132854,43.06553106322984,43.81573623132854,6400
2015-07-02,42.996490478515625,43.24042205541902,42.89523506664849,43.24042205541902,4200
2015-07-06,42.996490478515625,42.996490478515625,42.79398316620499,42.79398316620499,1000
2015-07-07,43.37849807739258,43.38770151869561,42.59147216759799,43.148373419157075,7200
2015-07-08,42.73875427246094,42.94126510703925,42.53164347267772,42.53164347267772,9000
2015-07-09,42.816993713378906,43.12535991529367,42.816993713378906,43.10234955612872,8200
2015-07-10,43.613216400146484,43.613216400146484,43.249619100563535,43.37388484302774,3400
2015-07-13,44.10569763183594,44.142518423895524,44.0642733629129,44.0642733629129,10600
2015-07-14,44.51992416381836,44.51992416381836,44.07808166805812,44.07808166805812,2000
2015-07-15,44.18394088745117,44.506114051852514,44.18394088745117,44.42326902223158,5000
2015-07-16,44.506107330322266,44.58435238250919,44.40945539559871,44.524517724282504,13000
2015-07-17,44.561336517333984,44.561336517333984,44.35422573954429,44.46928806307711,3200
2015-07-20,44.607364654541016,44.62117157274746,44.492302320922356,44.50610923912879,5800
2015-07-21,45.11363220214844,45.12283915400705,44.52911717036473,44.94334221842022,8400
2015-07-22,45.73957061767578,45.73957061767578,45.40819409700677,45.43120445336565,4400
2015-07-23,45.32074737548828,45.84543127622946,45.32074737548828,45.62911355178956,4000
2015-07-24,44.51992416381836,45.3023467068549,44.51071720980196,45.3023467068549,7600
2015-07-27,44.147117614746094,44.58435661207808,43.999837960515855,44.58435661207808,3200
2015-07-28,44.506107330322266,44.506107330322266,43.9768234275157,43.9768234275157,1600
2015-07-29,44.607364654541016,44.676402756996964,44.57514734158474,44.676402756996964,1200
2015-07-30,44.94795608520508,44.96176300476153,44.8236867863488,44.8236867863488,2800
2015-07-31,45.41279602050781,45.57848604370171,45.41279602050781,45.44501332993866,6200
2015-08-03,44.90192413330078,45.3713804228028,44.90192413330078,45.233304217320146,7600
2015-08-04,45.0814094543457,45.33915140394063,45.0814094543457,45.33915140394063,4200
2015-08-05,45.578495025634766,45.578495025634766,45.52786731349171,45.564688106218306,1000
2015-08-06,45.72576141357422,45.72576141357422,45.72576141357422,45.72576141357422,600
2015-08-07,44.625770568847656,44.67639827147073,44.441670151256794,44.644180961749086,4200
2015-08-10,45.04460525512695,45.265522977251976,44.94795331276927,45.08142253453187,6600
2015-08-11,45.27472686767578,45.29313726184465,44.88811561297679,44.92953987771266,12600
2015-08-12,45.159671783447266,45.343768731826586,44.60737040403667,44.975571323643734,11000
2015-08-13,45.22410583496094,45.39439586116008,44.92954650764031,44.96636378998726,7600
2015-08-14,45.228694915771484,45.228694915771484,44.800662947609844,44.87430451742933,3400
2015-08-17,45.518653869628906,45.518653869628906,45.352963850188814,45.352963850188814,2000
2015-08-18,45.56468200683594,46.45296332176958,45.54627161293709,46.45296332176958,5400
2015-08-19,45.3161506652832,45.721168829936154,45.03539828033863,45.62451688762433,9200
2015-08-20,44.35881042480469,45.33914333093825,44.35881042480469,45.33914333093825,15000
2015-08-21,43.8249397277832,43.8249397277832,43.47975274632483,43.604018514623476,6800
2015-08-24,42.034576416015625,43.11616174895684,42.034576416015625,43.11616174895684,23000
2015-08-25,42.60527420043945,42.895229972459376,42.38895648467179,42.70652960028161,10400
2015-08-26,42.71113204956055,42.71113204956055,41.85506815873631,42.71113204956055,4800
2015-08-27,43.212806701660156,43.650042134170796,43.212806701660156,43.461341746213314,4800
2015-08-28,43.59480285644531,43.81112053269934,43.42450939586983,43.42450939586983,6400
2015-08-31,43.263431549072266,44.174726652259814,43.263431549072266,44.174726652259814,3600
2015-09-01,42.12663269042969,43.792737006800564,42.12663269042969,43.792737006800564,9000
2015-09-02,42.36134338378906,42.36134338378906,42.23707411404725,42.23707411404725,800
2015-09-03,42.61448669433594,43.08854648626076,42.61448669433594,43.07473605582011,9400
2015-09-04,42.28770446777344,42.42578066249919,42.00235214876135,42.375152958527984,16400
2015-09-08,43.143768310546875,43.143768310546875,42.863015957207296,42.863015957207296,2000
2015-09-09,42.729549407958984,43.33247846453826,42.729549407958984,43.33247846453826,4200
2015-09-10,43.222015380859375,43.222015380859375,43.00109416195606,43.00109416195606,3200
2015-09-11,43.419921875,43.438332270320615,43.02411066559035,43.02411066559035,2400
2015-09-14,43.18979263305664,43.419917283091486,43.13456496435931,43.419917283091486,900
2015-09-15,43.64084243774414,43.66845627458939,43.40151432509645,43.40151432509645,1200
2015-09-16,43.511966705322266,43.61322210724381,43.438325136134495,43.438325136134495,2400
2015-09-17,44.25758361816406,44.368042490038526,43.861768856571,43.861768856571,4000
2015-09-18,43.902992248535156,44.28059636623754,43.902992248535156,43.96746390060025,3700
2015-09-21,43.53461456298828,44.14245968019725,43.47935463842347,43.84774710902023,1900
2015-09-22,42.945186614990234,43.157011042106866,42.79783033902863,42.825458542880575,3100
2015-09-23,42.90833282470703,43.27672515238659,42.86228466205949,42.97280095506351,3500
2015-09-24,42.503108978271484,42.5583653745234,42.38338093097565,42.401800900809626,4200
2015-09-25,41.425575256347656,42.78862178903383,41.16770263248165,42.576797346108044,5300
2015-09-28,39.61124038696289,40.965078424507006,39.417835956813825,40.965078424507006,19800
2015-09-29,39.10470962524414,39.9427991344142,39.10470962524414,39.224437701768686,10700
2015-09-30,39.80464172363281,39.850689887941904,39.39940944591344,39.39940944591344,18500
2015-10-01,39.80464172363281,39.86910985631549,39.482297546969704,39.65728548989388,6800
2015-10-02,40.79009246826172,40.79009246826172,39.80464686901382,39.80464686901382,35100
2015-10-05,41.084808349609375,41.61897349238386,40.95587205698279,41.46240899798029,12500
2015-10-06,40.20988464355469,41.07560238238121,39.85991214775206,41.07560238238121,7700
2015-10-07,40.63352966308594,40.651949636193144,40.03489634672949,40.03489634672949,9900
2015-10-08,40.32038879394531,40.67036118398033,39.804643706788355,40.67036118398033,12400
2015-10-09,40.4493293762207,40.4493293762207,40.200668547414274,40.24671671892471,5800
2015-10-12,40.523014068603516,40.67957857296278,40.025685325490485,40.67957857296278,33200
2015-10-13,39.96120834350586,40.45853697670746,39.90595194865008,40.21908088816598,3200
2015-10-14,39.67571258544922,40.21908594045548,39.64808087130033,39.75859718814479,5400
2015-10-15,40.799312591552734,40.799312591552734,39.97964297688194,40.007271184443496,6900
2015-10-16,41.58213424682617,41.58213424682617,41.01112568491067,41.17690191085384,73500
2015-10-19,41.683441162109375,41.9044773135495,41.27821231659466,41.61897301653318,6900
2015-10-20,41.14006805419922,41.67423675308532,40.85456724426078,41.67423675308532,56000
2015-10-21,41.011131286621094,41.011131286621094,40.66116232916122,40.937454905721914,6200
2015-10-22,39.92436981201172,40.16382590899348,39.91516158362783,40.16382590899348,2000
2015-10-23,40.651947021484375,40.72562690917417,40.265138150864196,40.265138150864196,18200
2015-10-26,40.679569244384766,41.020333404995,40.550632973126795,40.77166909046181,26100
2015-10-27,40.744049072265625,40.81772545066723,40.48617296473347,40.81772545066723,1400
2015-10-28,41.52687454223633,41.554502742282146,40.96507771963634,41.08480577525198,5700
2015-10-29,41.36109924316406,42.33733665459898,41.30583932858273,42.33733665459898,7000
2015-10-30,41.55449676513672,41.7202729680671,41.480820404528636,41.701852999602636,3400
2015-11-02,42.53074645996094,42.58600638152494,41.867641454196026,41.867641454196026,5000
2015-11-03,42.7794075012207,42.797827473638996,42.57679131786998,42.595211290288276,2600
2015-11-04,43.14779281616211,43.221472699698666,42.92676019205286,42.93596842086982,28200
2015-11-05,43.249107360839844,43.43330358395004,42.80703853332581,43.43330358395004,1100
2015-11-06,43.75564956665039,43.75564956665039,42.95439994063943,43.34121240670583,4100
2015-11-09,43.4425048828125,44.170077915724285,43.34120031385342,44.170077915724285,6400
2015-11-10,43.67274856567383,44.17007722699174,43.51618408706456,44.17007722699174,3900
2015-11-11,43.20305633544922,43.50698061053411,43.20305633544922,43.47934889527607,2200
2015-11-12,42.309715270996094,43.847749893157285,42.180778952075634,43.847749893157285,2500
2015-11-13,42.180755615234375,42.401791691987455,42.05181936764893,42.05181936764893,8600
2015-11-16,42.38337707519531,42.49389337089506,42.171552711250094,42.318908943266315,3900
2015-11-17,42.558372497558594,43.101749402231356,42.39259625455669,43.101749402231356,3200
2015-11-18,42.8254508972168,42.935967206144745,42.34654220752888,42.34654220752888,55500
2015-11-19,42.346553802490234,43.49777591602004,42.23603746330168,43.02807883953036,4200
2015-11-20,42.88992691040039,43.00965498311404,42.53995443575707,42.53995443575707,1400
2015-11-23,43.028072357177734,43.14779690940707,42.945184236960976,43.14779690940707,2400
2015-11-24,43.36882400512695,43.36882400512695,42.75176734729035,43.08331975887422,1500
2015-11-25,43.55303192138672,43.68196822437442,43.405675644650664,43.51619197389002,6100
2015-11-27,44.03194808959961,44.39112885485198,43.71881550982166,44.39112885485198,1900
2015-11-30,43.866153717041016,44.15165445716769,43.67274579662468,44.15165445716769,3000
2015-12-01,44.262184143066406,44.30823231981525,43.84774352582548,44.022728002771345,3400
2015-12-02,44.252967834472656,44.38190412136816,44.08719160467835,44.08719160467835,4100
2015-12-03,43.20305633544922,44.20692199631216,43.20305633544922,44.20692199631216,4400
2015-12-04,43.80168914794922,43.80168914794922,43.35962038989403,43.41487678886956,2800
2015-12-07,43.45172119140625,43.74643372703359,43.25831674863528,43.74643372703359,6100
2015-12-08,43.41487503051758,43.58986298885338,43.129374278706614,43.129374278706614,3700
2015-12-09,43.03727722167969,43.91220653038808,43.03727722167969,43.77405850307876,2000
2015-12-10,43.19385528564453,43.313579856411735,42.85309100907331,42.85309100907331,1100
2015-12-11,42.38337707519531,42.760977639315,42.318908943266315,42.567573243528024,3200
2015-12-14,42.457054138183594,42.60441037264183,42.272861480048114,42.60441037264183,3200
2015-12-15,42.899139404296875,42.93597583917939,42.84387948209686,42.84387948209686,900
2015-12-16,43.49776840209961,43.53460834654899,43.00965143452194,43.35962388029014,2800
2015-12-17,43.23989486694336,44.20692055135415,43.23989486694336,44.20692055135415,3600
2015-12-18,42.974395751953125,44.0107550033053,42.895433182446176,44.0107550033053,8100
2015-12-21,42.984256744384766,43.003997383341826,42.81646696096263,42.974388307477184,17400
2015-12-22,43.49750900268555,43.49750900268555,42.85595131220529,43.04348552965098,6100
2015-12-23,43.8133430480957,44.37593805845894,43.59619979316893,44.37593805845894,5100
2015-12-24,44.12918472290039,44.12918472290039,43.9416543121013,43.9416543121013,600
2015-12-28,44.0107421875,44.129182242128465,43.704767967473224,43.84294865873001,9700
2015-12-29,44.41542434692383,44.52399598663906,44.10945006819384,44.10945006819384,4700
2015-12-30,44.39568328857422,44.47464584949365,44.277243212337204,44.47464584949365,3200
2015-12-31,43.99101257324219,44.119324860905415,43.99101257324219,44.119324860905415,1600
2016-01-04,42.44139862060547,43.132305862806426,42.194646303043804,43.132305862806426,25300
2016-01-05,42.65855026245117,42.80659942304744,42.55984705691135,42.55984705691135,10900
2016-01-06,42.47101593017578,42.73750893663975,42.28348548791253,42.28348548791253,8300
2016-01-07,41.503746032714844,41.9084197508881,41.30634339247716,41.62218611080058,12200
2016-01-08,41.178043365478516,41.829469576953755,41.178043365478516,41.829469576953755,2900
2016-01-11,40.11205291748047,41.45438601958487,39.90478189101645,41.45438601958487,9300
2016-01-12,40.319332122802734,40.52660695645414,39.95413970231354,40.19102361285427,7200
2016-01-13,39.44089126586914,40.48712249368436,39.32245120248269,40.41803214294712,17100
2016-01-14,40.013362884521484,40.171284241487136,38.92765026088326,39.539598813624536,6900
2016-01-15,39.2928466796875,39.431027397169125,38.74012004461883,39.20401568057186,12300
2016-01-19,39.23362731933594,39.7468727071544,38.91778458300802,39.7468727071544,5000
2016-01-20,39.431026458740234,39.440894896121705,37.65441028385172,38.56245712862995,6900
2016-01-21,39.194149017333984,39.598822789357264,39.03622763715765,39.18428057832289,11900
2016-01-22,39.37181091308594,39.480382567569585,39.32246118790501,39.39155155618685,10700
2016-01-25,39.569210052490234,39.569210052490234,39.21388603862624,39.21388603862624,900
2016-01-26,39.529727935791016,39.529727935791016,39.2336258521991,39.2336258521991,3300
2016-01-27,39.04609680175781,39.80609456130129,38.91778451374595,39.401417055637545,5700
2016-01-28,38.21700668334961,38.828951481296585,38.1676531992853,38.56245848094656,2100
2016-01-29,38.710514068603516,38.710514068603516,38.38479912403171,38.56246113649952,5600
2016-02-01,39.73699188232422,39.87517634398648,38.71050509453859,38.799336080179245,7000
2016-02-02,39.302711486816406,39.500114107187954,39.282970848265066,39.500114107187954,900
2016-02-03,39.194149017333984,39.480382695510684,38.77960680629962,39.480382695510684,3100
2016-02-04,39.381683349609375,39.519864086988484,39.164540039360666,39.519864086988484,1900
2016-02-05,38.06896209716797,39.28298352116119,38.06896209716797,39.28298352116119,3500
2016-02-08,36.746368408203125,37.57545665556998,36.29234487789682,37.57545665556998,7400
2016-02-09,36.924015045166016,37.062195734574665,36.50947297694006,36.50947297694006,18300
2016-02-10,37.239864349365234,37.76297812847489,37.01285263833384,37.01285263833384,2800
2016-02-11,36.81544876098633,36.81544876098633,36.400906632707915,36.6970086907842,3900
2016-02-12,36.5588264465332,36.627916798345694,36.2725928375147,36.627916798345694,14500
2016-02-16,37.63467788696289,37.64454632650582,37.131300871986966,37.210263448901976,5800
2016-02-17,38.177520751953125,38.34531052887914,37.55570382687664,37.55570382687664,107700
2016-02-18,38.10844039916992,38.473632888695725,38.10844039916992,38.473632888695725,9100
2016-02-19,38.41440200805664,38.55258647946402,37.98999145244476,37.98999145244476,37300
2016-02-22,38.621673583984375,38.73024520552974,38.5624516726483,38.60193294687235,21000
2016-02-23,38.48349380493164,38.59206166391848,38.4341403284066,38.582193227698454,4600
2016-02-24,38.92764663696289,38.95725947717241,38.00972765844564,38.00972765844564,11900
2016-02-25,39.4902458190918,39.4902458190918,39.13492558537856,39.13492558537856,4700
2016-02-26,39.993629455566406,40.0232385387294,39.79622678247985,39.79622678247985,700
2016-02-29,39.4902458190918,40.02323181737495,39.4902458190918,40.02323181737495,3200
2016-03-01,39.697509765625,39.70737820059909,39.22374581890454,39.52971624993627,3300
2016-03-02,39.96401596069336,40.09232448366398,39.84557211083099,39.84557211083099,2000
2016-03-03,40.131797790527344,40.17127906596767,39.89491390302704,39.94426737989828,2800
2016-03-04,40.54634094238281,40.773352613279485,40.29958863508538,40.29958863508538,1800
2016-03-07,40.91154479980469,41.079334608650946,40.91154479980469,40.96089452210403,1000
2016-03-08,40.52659225463867,40.733863247956435,40.42788909224403,40.733863247956435,2400
2016-03-09,40.35881042480469,40.43777297754052,39.66790314893312,39.66790314893312,7800
2016-03-10,40.269989013671875,40.64505369809187,40.161417360407455,40.43778259557397,3400
2016-03-11,41.237239837646484,41.237239837646484,40.61542680281392,40.61542680281392,2800
2016-03-14,41.35569381713867,41.405043532261935,40.95102012890083,40.95102012890083,2400
2016-03-15,41.000370025634766,41.000370025634766,41.000370025634766,41.000370025634766,200
2016-03-16,40.29960250854492,40.30947094757189,40.052850116301,40.121940484917886,3500
2016-03-17,40.06271743774414,40.15154844707964,39.43103193364396,39.92453670436505,9600
2016-03-18,40.675811767578125,40.725174862663955,40.083443328059914,40.083443328059914,67300
2016-03-21,40.69556427001953,40.80416535628187,40.488233211626266,40.488233211626266,4300
2016-03-22,40.794288635253906,40.82390574247512,40.37963406950425,40.37963406950425,2200
2016-03-23,40.59683609008789,40.685691185846665,40.59683609008789,40.685691185846665,900
2016-03-24,40.59683609008789,40.59683609008789,40.59683609008789,40.59683609008789,0
2016-03-28,40.389495849609375,40.389495849609375,40.043950458003174,40.05382156940808,1200
2016-03-29,41.56435775756836,41.67295882378963,40.221664279836546,40.29077336449323,9600
2016-03-30,41.890167236328125,41.9099132300707,41.72232817259787,41.85067524884298,7200
2016-03-31,41.99876022338867,42.206087468477634,41.99876022338867,42.06786930508499,1200
2016-04-01,41.811180114746094,41.821054993955826,41.63346995060021,41.801309001699295,1700
2016-04-04,42.640499114990234,43.04528259928307,42.60101089093892,42.68986598584045,5800
2016-04-05,42.05799102783203,42.32455622118605,42.05799102783203,42.32455622118605,600
2016-04-06,42.52201843261719,42.52201843261719,42.215961218718455,42.215961218718455,1700
2016-04-07,42.29494857788086,42.610876929639055,42.29494857788086,42.610876929639055,400
2016-04-08,42.51214599609375,42.58125507995678,42.51214599609375,42.58125507995678,2500
2016-04-11,42.27519226074219,42.393664422177665,42.196212075172575,42.393664422177665,1100
2016-04-12,42.581260681152344,42.581260681152344,42.09749326431308,42.09749326431308,2900
2016-04-13,43.371070861816406,43.371070861816406,42.71946831339744,42.7688314010033,4700
2016-04-14,43.519168853759766,43.53891107812379,43.45005600383527,43.45005600383527,2700
2016-04-15,43.6771354675293,43.6771354675293,43.410570229676274,43.51917130059745,9000
2016-04-18,44.03255844116211,44.07205043019614,43.80548515346148,43.96344934343424,3000
2016-04-19,43.8350944519043,44.0522928019048,43.76598537242745,44.0522928019048,2400
2016-04-20,44.21025848388672,44.21025848388672,43.82522109454032,43.874584186427356,3500
2016-04-21,44.11153030395508,44.26949445054282,43.765984910220105,44.03254634758004,2900
2016-04-22,44.289249420166016,44.46695959188181,44.04243015568998,44.37810450602391,4100
2016-04-25,44.31885528564453,44.378093249912304,44.200383123271116,44.378093249912304,1500
2016-04-26,43.94369888305664,44.08192083062868,43.94369888305664,44.08192083062868,1200
2016-04-27,44.64466094970703,44.773004230259204,44.48669680227468,44.55580588139119,2600
2016-04-28,44.170772552490234,44.89148427653699,44.170772552490234,44.733520114638566,8100
2016-04-29,43.27235412597656,43.479681398844555,43.27235412597656,43.41057230788856,1400
2016-05-02,43.627769470214844,43.627769470214844,42.75896841794831,43.17362295205331,3500
2016-05-03,43.173614501953125,43.45005080391798,43.173614501953125,43.45005080391798,1200
2016-05-04,42.640499114990234,42.768846200106545,42.640499114990234,42.768846200106545,1900
2016-05-05,42.995914459228516,42.995914459228516,42.81820429023759,42.81820429023759,2700
2016-05-06,42.76884078979492,42.89718785867517,42.55163863725343,42.89718785867517,2300
2016-05-09,43.43031692504883,43.43031692504883,43.301969860411106,43.301969860411106,1100
2016-05-10,43.400691986083984,43.44018396629598,43.2427278313985,43.44018396629598,2100
2016-05-11,43.09465789794922,43.40071146655853,43.02554878463975,43.36121946862049,2000
2016-05-12,42.215972900390625,42.95643082644598,42.215972900390625,42.95643082644598,800
2016-05-13,42.285072326660156,42.51214556651022,42.215959477332895,42.51214556651022,800
2016-05-16,43.07489776611328,43.07489776611328,42.15672982920767,42.15672982920767,5200
2016-05-17,42.45289993286133,42.77870306568518,42.45289993286133,42.77870306568518,500
2016-05-18,42.393672943115234,42.62074620074147,42.057998613110605,42.057998613110605,2400
2016-05-19,42.16659164428711,42.16659164428711,42.1468456561509,42.1468456561509,500
2016-05-20,42.16659164428711,42.16659164428711,42.16659164428711,42.16659164428711,100
2016-05-23,42.976158142089844,43.282215307640605,42.77870579390187,42.77870579390187,2600
2016-05-24,43.65739059448242,43.66726170747235,43.19336919453472,43.203240307524645,12800
2016-05-25,43.75612258911133,44.03255898342715,43.75612258911133,44.03255898342715,2000
2016-05-26,43.529048919677734,43.74625109398558,43.48955693050115,43.74625109398558,1500
2016-05-27,43.99306106567383,43.99306106567383,43.74624183480615,43.74624183480615,500
2016-05-31,43.99306106567383,43.99306106567383,43.874585123220285,43.93382309444706,1200
2016-06-01,44.41758728027344,44.48669635870086,44.06216701055392,44.06216701055392,1100
2016-06-02,45.00995635986328,45.00995635986328,44.51631788421932,44.51631788421932,4700
2016-06-03,44.70390319824219,44.94085134512467,44.674286092193014,44.94085134512467,4100
2016-06-06,45.14818572998047,45.22716971343447,44.77301934090119,44.792765336764695,13000
2016-06-07,45.76028060913086,45.888627654487536,45.671425541755056,45.671425541755056,13400
2016-06-08,46.3526611328125,46.3526611328125,45.96762366195803,45.96762366195803,2000
2016-06-09,46.55010986328125,46.55010986328125,46.3329077283425,46.40201681379343,1400
2016-06-10,45.868892669677734,46.500749404308074,45.69118249229255,46.500749404308074,1800
2016-06-13,45.71092987060547,45.8886400533735,45.671437881954056,45.671437881954056,5000
2016-06-14,45.523338317871094,45.523338317871094,45.23702711389597,45.49372121613659,3700
2016-06-15,45.276519775390625,45.50359301315337,45.24690267321017,45.2863908873966,1800
2016-06-16,45.23703384399414,45.23703384399414,44.76314131492676,45.0988156604532,6200
2016-06-17,44.825042724609375,44.825042724609375,44.825042724609375,44.825042724609375,300
2016-06-20,45.55615234375,45.63518946741377,45.170837414805824,45.170837414805824,5000
2016-06-21,45.17083740234375,45.17083740234375,44.99299916305285,44.99299916305285,1200
2016-06-22,45.10167694091797,45.38819074416563,45.08191671847381,45.160953839373384,2600
2016-06-23,46.040260314941406,46.040260314941406,45.43759052561082,45.43759052561082,2900
2016-06-24,44.77565002441406,45.170847033517994,44.252017190897654,44.62745020378059,6400
2016-06-27,44.469364166259766,44.54840506143431,44.31128614478801,44.31128614478801,1200
2016-06-28,45.06216049194336,45.20047829244083,44.75588267021511,44.75588267021511,1300
2016-06-29,46.237857818603516,46.237857818603516,45.72410338220077,45.72410338220077,6600
2016-06-30,46.59353256225586,46.60341078790116,46.28725480297865,46.28725480297865,4800
2016-07-01,47.26536178588867,47.32464244239378,47.08752358524971,47.12704402291979,7200
2016-07-05,46.99862289428711,47.12706248258644,46.810906395140286,47.12706248258644,2800
2016-07-06,47.40369415283203,47.42345437775473,47.304896797096056,47.304896797096056,1900
2016-07-07,47.73960494995117,47.82852406744118,47.53212826543352,47.53212826543352,2000
2016-07-08,48.520118713378906,48.520118713378906,47.917445089643444,47.917445089643444,3900
2016-07-11,48.55963134765625,49.191943320376936,48.441070026113636,48.668306905755344,6600
2016-07-12,48.806636810302734,48.90543415963998,48.7177176883483,48.7177176883483,8300
2016-07-13,48.609031677246094,48.9054274534919,48.59914968234106,48.88566723255861,3700
2016-07-14,48.81652069091797,48.81652069091797,48.65844265234566,48.70784133273493,17500
2016-07-15,48.569515228271484,48.85603280204359,48.529994783155935,48.85603280204359,1200
2016-07-18,48.47072219848633,48.70783735252985,48.31264417283151,48.70783735252985,2800
2016-07-19,48.381797790527344,48.70783203395575,48.35215557285058,48.64855513635623,3600
2016-07-20,49.122798919677734,49.280876959473346,48.30276649713454,48.30276649713454,3200
2016-07-21,48.98448181152344,49.2413572165621,48.70784241123817,48.91531913479376,5000
2016-07-22,48.83627700805664,48.87579745675598,48.628800305701226,48.628800305701226,2900
2016-07-25,48.64854431152344,48.875781162471945,48.53986499827064,48.875781162471945,3200
2016-07-26,49.1326789855957,49.1326789855957,49.063520076153786,49.063520076153786,700
2016-07-27,48.94496154785156,49.29075608844663,48.80664373161354,49.29075608844663,7100
2016-07-28,49.083274841308594,49.300633543298574,49.083274841308594,49.300633543298574,2600
2016-07-29,49.51799011230469,49.64642969216717,49.182073820348855,49.182073820348855,20700
2016-08-01,49.65630340576172,49.82426342090801,49.6365469511584,49.82426342090801,1400
2016-08-02,49.48834228515625,49.587139623950875,49.27098361715581,49.587139623950875,5400
2016-08-03,49.75511169433594,49.75511169433594,49.25123534515097,49.25123534515097,13100
2016-08-04,50.229331970214844,50.258970417096855,49.89341575300391,49.89341575300391,12100
2016-08-05,50.43681716918945,50.47633761763617,50.2886211408304,50.36765826884641,9800
2016-08-08,50.140419006347656,50.436814818126976,50.011979439321635,50.436814818126976,3300
2016-08-09,51.09877014160156,51.09877014160156,50.34789671643193,50.407177387538155,20700
2016-08-10,50.664058685302734,51.09877611985312,50.60478177613877,51.09877611985312,11800
2016-08-11,51.08889389038086,51.098775887781805,50.723339132978225,50.7529775874256,26000
2016-08-12,51.00984573364258,51.04936240807463,50.74308839462243,51.04936240807463,21800
2016-08-15,51.217315673828125,51.72118806870088,51.217315673828125,51.72118806870088,6200
2016-08-16,50.950565338134766,51.05924467337072,50.920926889934755,51.039484451611735,4900
2016-08-17,50.56525421142578,50.80236935248369,50.4565748680754,50.80236935248369,4500
2016-08-18,50.802364349365234,50.8418847919419,50.60476967423557,50.60476967423557,6600
2016-08-19,50.84188461303711,50.84188461303711,50.71344882843014,50.77272572320972,3700
2016-08-22,50.970333099365234,51.1481713526248,50.53561946299602,50.53561946299602,9200
2016-08-23,51.12840270996094,51.40503827220611,51.05924381939964,51.17780137909374,8200
2016-08-24,50.43681716918945,51.23708929028702,50.43681716918945,51.207450838390685,3600
2016-08-25,50.24910354614258,50.535621160337094,49.35991224997946,50.24910354614258,4700
2016-08-26,50.72332763671875,50.72332763671875,50.387411409897695,50.62453029836774,1800
2016-08-29,51.31612777709961,51.33588800184619,50.940694813547005,50.940694813547005,3500
2016-08-30,51.197566986083984,51.32600655444154,51.14816831175485,51.26672588392022,5700
2016-08-31,51.11852264404297,51.27660064090518,50.91104221094898,51.27660064090518,7000
2016-09-01,51.05925369262695,51.33588930836462,50.60477981852148,51.33588930836462,4500
2016-09-02,51.5828857421875,51.5828857421875,51.197570777458054,51.27661167733976,81600
2016-09-06,51.71132278442383,51.908921255561424,51.36552828659105,51.800241907991875,51200
2016-09-07,51.958316802978516,52.07687437097238,51.770600339581804,52.07687437097238,2400
2016-09-08,51.78047180175781,51.98794846086084,51.78047180175781,51.98794846086084,4800
2016-09-09,49.98234558105469,51.434690091751385,49.98234558105469,51.434690091751385,9600
2016-09-12,50.802364349365234,50.802364349365234,49.03386788614293,49.79461944579804,6900
2016-09-13,50.04161834716797,50.535612590402096,49.80449945210972,50.535612590402096,18900
2016-09-14,50.11078643798828,50.24910424846298,50.01198530987945,50.10090444073856,6400
2016-09-15,50.94068908691406,51.019726208137726,49.94281857821606,50.45657305723968,5400
2016-09-16,50.96440124511719,51.46841430814858,50.905104481848674,51.46841430814858,5200
2016-09-19,51.122528076171875,51.913132828142764,51.08299689609812,51.913132828142764,173700
2016-09-20,51.250999450683594,51.61665341966937,51.092878509778885,51.61665341966937,112100
2016-09-21,51.63642120361328,51.92301659928033,50.77663878651289,51.92301659928033,29500
2016-09-22,51.942779541015625,51.96254512969892,51.616652982592136,51.75500833347462,34900
2016-09-23,51.616661071777344,51.82419413062493,51.47830569921228,51.70560434984076,13300
2016-09-26,50.90510559082031,52.17995775461319,50.90510559082031,52.17995775461319,164200
2016-09-27,51.28064727783203,51.49806499092262,50.87546212064547,51.19170401064958,171300
2016-09-28,51.2905387878418,51.44865975390087,51.19171082786662,51.42889416190584,33500
2016-09-29,50.51968765258789,51.863717532827884,50.30227371542007,51.863717532827884,13900
2016-09-30,51.27077102661133,51.31029843902782,50.52957832271235,50.55922482449997,31800
2016-10-03,50.94464111328125,50.94464111328125,50.62839921511534,50.62839921511534,5000
2016-10-04,50.5987434387207,51.122518279675184,50.58885876064603,51.122518279675184,16300
2016-10-05,51.13240432739258,51.35970292049714,50.94463313794518,51.08298847549577,25000
2016-10-06,51.22135543823242,51.369591706955696,50.8952288612198,51.11264657922821,43200
2016-10-07,51.300411224365234,51.35970799055487,50.86557958200968,51.330057722509764,32400
2016-10-10,51.93289566040039,52.120666870829126,51.91313007141312,51.97242683837492,6900
2016-10-11,50.36155700683594,51.8933540307798,50.114492849106284,51.8933540307798,18000
2016-10-12,50.36155700683594,50.687683504591014,50.35167609928269,50.45050025441461,13300
2016-10-13,50.193565368652344,50.44062957648792,49.83779230618501,49.946501160816766,8700
2016-10-14,49.90697479248047,50.420868846692144,49.87732829105127,50.28251348015458,8000
2016-10-17,49.77848815917969,49.90696258377926,49.70931049283379,49.89708167568702,18600
2016-10-18,50.3319206237793,50.410979209784294,50.05520991791085,50.05520991791085,54300
2016-10-19,50.03544616699219,50.68769554757157,50.00579589748806,50.68769554757157,10000
2016-10-20,50.242977142333984,50.3813324946734,49.91685058047627,50.3813324946734,13800
2016-10-21,49.79826354980469,50.292391989504914,49.56108400989304,50.292391989504914,10100
2016-10-24,50.15403747558594,50.32203933836553,50.06509420414355,50.13427188527642,15700
2016-10-25,49.244842529296875,50.608634320150834,49.195426668985526,50.608634320150834,10300
2016-10-26,47.56481170654297,49.38320478478107,47.4363372376187,49.38320478478107,32900
2016-10-27,46.833492279052734,47.78221796568713,46.81372668934359,47.78221796568713,21300
2016-10-28,47.25844192504883,47.683392669080355,47.04102421324646,47.04102421324646,24800
2016-10-31,47.32761001586914,47.367141186353244,46.79395052403347,47.32761001586914,332500
2016-11-01,46.71489334106445,47.21890258506336,46.3591203359358,47.12007842581652,292700
2016-11-02,45.953948974609375,46.40854627474321,45.904536880229806,46.34925326944819,9000
2016-11-03,45.76616287231445,46.497470619110885,45.76616287231445,46.04287350408612,4700
2016-11-04,46.52713394165039,46.81372556077202,46.35912831812327,46.35912831812327,3800
2016-11-07,47.535160064697266,47.584575930485904,47.060797158356195,47.060797158356195,8800
2016-11-08,47.69327163696289,47.94033583762451,47.69327163696289,47.85139257459031,3600
2016-11-09,47.55491638183594,47.65374432423637,46.280067969024834,46.67536842892498,22700
2016-11-10,48.23682403564453,48.276351449297344,47.51539690033977,47.51539690033977,19600
2016-11-11,48.11821746826172,48.5530528299234,48.09845188183163,48.1577486411219,7300
2016-11-14,47.762447357177734,48.51352077841747,47.624088254672984,48.424577526043024,11000
2016-11-15,48.70130157470703,48.77047926001988,47.9403432663646,47.979874449372254,68700
2016-11-16,48.69142532348633,48.879192805889666,48.42459546750171,48.879192805889666,32400
2016-11-17,49.35354995727539,49.462258823266694,48.8693061704609,48.89895267213089,9100
2016-11-18,49.373313903808594,49.49190744634041,49.15589994896874,49.49190744634041,54400
2016-11-21,49.53144073486328,49.91686036907471,49.23496438315459,49.91686036907471,13400
2016-11-22,48.65188217163086,49.44248686350115,48.305993797031526,49.412840365649934,19900
2016-11-23,49.19541931152344,49.24483516444436,48.651878858495856,48.651878858495856,7000
2016-11-25,49.570960998535156,49.60060749620367,49.40295915187954,49.40295915187954,27300
2016-11-28,49.12624740600586,49.42272370881981,48.99777672905694,49.42272370881981,25600
2016-11-29,49.146018981933594,49.29425903634788,48.99778269742049,48.99778269742049,4700
2016-11-30,48.54316329956055,49.20529718413356,48.27633356427588,49.20529718413356,70600
2016-12-01,47.59445571899414,48.81989602556087,47.51539712141951,48.81989602556087,16700
2016-12-02,47.91069412231445,48.108346256553304,47.8711629414865,48.01940298464087,5900
2016-12-05,48.56294631958008,48.57283100030605,47.91069687800688,48.34552858242198,40300
2016-12-06,48.908836364746094,49.25472477691294,48.266467862263724,49.25472477691294,29700
2016-12-07,48.978004455566406,48.978004455566406,48.28622399680667,48.918707695135495,31100
2016-12-08,49.590736389160156,49.679679669646944,48.760600361250575,48.968133425752654,10200
2016-12-09,49.818031311035156,49.95638667699713,49.49190848696779,49.49190848696779,93900
2016-12-12,49.99591827392578,50.22321691559419,49.758734951806005,49.91685590991885,13400
2016-12-13,50.045326232910156,50.29239044517365,49.9959141444376,50.29239044517365,11000
2016-12-14,49.85756301879883,50.51969335428952,49.51167083034312,50.51969335428952,17200
2016-12-15,49.897090911865234,50.015680680424,49.08671681199484,49.82790946281345,7500
2016-12-16,49.747772216796875,50.21251726267711,49.639000895824836,50.13341324783092,5700
2016-12-19,49.58956527709961,50.113641214548245,49.50057089413029,49.9356524486096,24300
2016-12-20,49.35224533081055,49.7873268823423,49.28302789697748,49.58956494114338,8400
2016-12-21,49.263248443603516,49.51045462959995,49.263248443603516,49.49067768207219,9900
2016-12-22,49.30280303955078,49.39179741865733,49.174254764826415,49.174254764826415,13400
2016-12-23,49.64889144897461,49.71810888201901,49.2830273354446,49.2830273354446,6900
2016-12-27,49.550010681152344,49.93565174455978,49.52034714460322,49.8466573628452,8900
2016-12-28,49.05560302734375,49.6587868092363,48.99627217644581,49.6587868092363,13200
2016-12-29,49.36213302612305,49.67856043768598,49.045709386627436,49.045709386627436,11000
2016-12-30,49.174251556396484,49.42145772977797,49.12481107613356,49.39179419603358,12400
2017-01-03,49.24348068237305,49.66867570337177,49.04571494226959,49.66867570337177,10900
2017-01-04,49.86643600463867,49.86643600463867,49.37202359433852,49.37202359433852,9300
2017-01-05,49.60932922363281,49.994973992793554,49.51044827076076,49.994973992793554,22300
2017-01-06,49.797218322753906,49.89609929549811,49.52034858141627,49.52034858141627,19800
2017-01-09,50.232303619384766,50.29163447068398,49.747781536011104,49.985097397072764,23100
2017-01-10,50.98381042480469,51.003587374375535,50.15319740316631,50.88492567695045,37000
2017-01-11,50.865150451660156,50.9936987421946,50.49928630236563,50.96403520286649,13500
2017-01-12,50.736595153808594,50.81569916589983,50.222405872981874,50.538829465480354,9100
2017-01-13,51.52765655517578,51.755085787211655,50.855255446518875,50.855255446518875,5800
2017-01-17,51.05302429199219,51.48810583592206,50.7069333568066,51.48810583592206,17900
2017-01-18,50.914581298828125,51.25078182021575,50.79591962864433,51.25078182021575,13800
2017-01-19,50.57838439941406,51.1024602780225,50.38061870701208,51.1024602780225,6300
2017-01-20,50.3410758972168,50.805824810870604,50.28174504481386,50.805824810870604,5700
2017-01-23,50.12352752685547,50.30151629181406,50.06420045324743,50.30151629181406,4700
2017-01-24,50.53883743286133,50.58827791972092,49.93565368579912,50.19274648070943,32800
2017-01-25,51.12224578857422,51.12224578857422,50.53883897289162,50.67727384914385,20200
2017-01-26,50.360836029052734,51.062900573715055,50.360836029052734,51.062900573715055,6000
2017-01-27,50.84537887573242,50.84537887573242,50.55862249709306,50.64761689655161,8000
2017-01-30,50.38062286376953,50.509171140246984,50.182857155050485,50.509171140246984,6100
2017-01-31,51.260684967041016,51.260684967041016,50.271860028457716,50.55862016594315,52300
2017-02-01,51.27056884765625,51.36945359953033,51.072806888043274,51.34967664915552,15800
2017-02-02,51.250789642333984,51.51776901082866,51.023356625803174,51.11235100599045,18900
2017-02-03,51.774864196777344,51.8045277320344,51.34966925511328,51.34966925511328,15200
2017-02-06,51.47822189331055,51.77486858723764,51.32989666031332,51.77486858723764,32700
2017-02-07,51.67598342895508,51.7847547626763,51.468331122069465,51.695760378001424,58100
2017-02-08,51.616661071777344,51.81442680824975,51.32990094249575,51.81442680824975,125900
2017-02-09,52.32860565185547,52.3582729603206,51.81442008464435,51.81442008464435,18100
2017-02-10,52.407718658447266,52.65492487853428,52.22972987821921,52.32861085742699,14600
2017-02-13,52.56592559814453,52.9021261770684,52.48682157655097,52.9021261770684,15400
2017-02-14,53.24821090698242,53.30754174951242,52.84279291319506,52.84279291319506,38800
2017-02-15,53.55474090576172,53.693175748093886,53.169099910103085,53.25809427618328,30000
2017-02-16,53.52508544921875,53.841509071446964,53.149330983297574,53.841509071446964,16700
2017-02-17,54.088714599609375,54.088714599609375,53.4954174861476,53.4954174861476,14900
2017-02-21,54.13815689086914,54.43480357147416,54.06893945779687,54.26670516888929,16700
2017-02-22,54.13815689086914,54.32603224176997,53.96016812809269,54.2073743239414,21500
2017-02-23,54.15792465209961,54.35569032964402,53.81183377338025,54.35569032964402,13900
2017-02-24,54.52381134033203,54.52381134033203,54.00962187406745,54.0590623709631,5900
2017-02-27,54.662235260009766,54.88966451769863,54.454582951520024,54.54357733688239,10200
2017-02-28,54.15792465209961,54.909429700288506,54.15792465209961,54.59300612504407,25700
2017-03-01,55.126983642578125,55.186314489644424,54.65234818224975,54.77100610431501,15500
2017-03-02,55.028099060058594,55.39396316280085,54.948991269159144,55.07753954333721,64400
2017-03-03,54.92921447753906,55.037985804301385,54.74133913171956,55.037985804301385,7200
2017-03-06,54.20737838745117,55.07754531824718,54.20737838745117,54.780898615404844,12000
2017-03-07,53.92061233520508,54.14804157473971,53.89094879980793,54.0491606087045,55700
2017-03-08,53.92061233520508,54.70178479191124,53.91072574742839,53.91072574742839,14900
2017-03-09,54.35569381713867,54.35569381713867,53.89094501090072,53.89094501090072,15700
2017-03-10,54.4545783996582,54.533686189842065,54.12826819531738,54.533686189842065,9600
2017-03-13,54.75123977661133,54.80068027272399,54.36559862603732,54.49414693358468,40300
2017-03-14,54.434810638427734,54.672130276961894,54.15794087019429,54.672130276961894,16800
2017-03-15,55.028099060058594,55.196197457619306,54.622681061866615,54.622681061866615,20600
2017-03-16,54.701786041259766,55.31485634322767,54.3556988801651,55.31485634322767,46400
2017-03-17,55.344520568847656,55.453291891152645,54.85010821078274,54.85010821078274,22600
2017-03-20,55.09731674194336,55.64116960461869,54.8896606759203,55.64116960461869,30100
2017-03-21,54.3260383605957,55.48296544894913,54.3260383605957,55.48296544894913,10600
2017-03-22,54.474361419677734,54.56335580752162,53.95028545352347,54.474361419677734,47900
2017-03-23,54.494136810302734,54.790783503939195,54.35570193807688,54.642458271087285,20700
2017-03-24,55.11709213256836,55.26541357888914,54.26670226088804,54.55345856593501,11900
2017-03-27,55.225868225097656,55.23575858628879,54.52380346323028,54.75123273374784,9600
2017-03-28,55.31485366821289,55.33463061532863,54.8797721478676,55.225859292225564,73600
2017-03-29,55.36430358886719,55.58184248527262,55.09732043357805,55.09732043357805,13200
2017-03-30,55.57194900512695,55.6411664324995,55.19619456219963,55.19619456219963,9100
2017-03-31,55.63129425048828,55.79939646622488,55.41375530998014,55.41375530998014,10000
2017-04-03,55.651058197021484,55.81916037346969,55.275307491205005,55.66094855731874,20100
2017-04-04,55.06764602661133,55.58183532177989,54.879770692095974,55.58183532177989,12500
2017-04-05,54.78089141845703,55.49284265733115,54.78089141845703,55.255526835062106,12400
2017-04-06,55.008323669433594,55.008323669433594,54.474357381948764,54.958883184755486,11700
2017-04-07,55.008323669433594,55.09731805068107,54.840221495047395,54.988546721148914,27800
2017-04-10,54.78089141845703,55.16653245869447,54.73144716442291,55.16653245869447,16200
2017-04-11,54.88965606689453,55.00831774382013,54.52379199320756,54.80066169523372,18700
2017-04-12,54.533687591552734,55.13686753290686,54.46447015939624,55.13686753290686,12700
2017-04-13,54.177711486816406,54.58312950235867,54.1084940528507,54.58312950235867,14200
2017-04-17,54.92921447753906,54.94899142532013,54.37547502793755,54.37547502793755,6300
2017-04-18,54.662235260009766,54.86989134056687,54.33592502839266,54.86989134056687,35100
2017-04-19,55.265411376953125,55.403846230163666,54.889656938191045,54.978651311264514,17300
2017-04-20,55.90815734863281,56.02681527323215,55.11709823119151,55.502739315189935,13700
2017-04-21,55.73017883300781,56.11581998798465,55.45330903396149,55.997162041545955,12300
2017-04-24,56.36301803588867,56.58056071607127,56.1751426670467,56.25424669579738,12200
2017-04-25,56.758548736572266,57.11452251928971,56.53111569829604,56.53111569829604,34000
2017-04-26,57.223289489746094,57.28262033503702,56.85742537395339,56.877202322383695,22600
2017-04-27,57.470497131347656,57.71770333483839,57.2727314141416,57.2727314141416,30800
2017-04-28,57.69791793823242,57.88579703950067,57.45071177093568,57.74736218934518,18300
2017-05-01,58.11322784423828,58.22199916434334,57.678146335884925,57.80669083049375,20000
2017-05-02,58.26155090332031,58.33077210427321,57.95501765313033,58.18244688690795,78800
2017-05-03,57.440834045410156,58.123121814462365,57.38150319816187,58.123121814462365,44200
2017-05-04,57.351837158203125,57.39139105464284,57.035413530819795,57.39139105464284,26100
2017-05-05,57.60893630981445,57.60893630981445,57.1639681279099,57.44083788946253,52300
2017-05-08,57.0156364440918,57.678151005612385,57.00574985603947,57.678151005612385,21600
2017-05-09,56.778316497802734,57.05518999848152,56.669548941610415,56.93653208222898,26400
2017-05-10,57.32217025756836,57.32217025756836,56.718986574499795,56.87719837890573,22800
2017-05-11,56.97608184814453,57.252955347083024,56.80798344884895,57.252955347083024,15800
2017-05-12,56.630001068115234,56.83765338665783,56.60033752891417,56.69921850762943,9300
2017-05-15,57.08485412597656,57.1837388672675,56.610218683981635,56.74865354972176,36400
2017-05-16,56.96619415283203,57.25295423412704,56.56077615833694,57.25295423412704,25200
2017-05-17,56.05647659301758,57.57926769137213,56.05647659301758,56.62010642764395,37900
2017-05-18,55.789485931396484,56.02680551131283,55.24563311866886,55.86859371539085,79400
2017-05-19,56.086151123046875,56.24436296064367,55.7895006269936,55.809277578201666,18200
2017-05-22,56.6695556640625,56.6695556640625,56.264137611045214,56.37290518014014,16200
2017-05-23,56.55088806152344,57.332060546490474,56.39267624690316,57.332060546490474,10400
2017-05-24,56.689327239990234,56.75854467379189,56.43223068124075,56.45200762976512,13600
2017-05-25,57.30240249633789,57.30240249633789,56.85743054634429,56.9760884756534,20100
2017-05-26,57.20351028442383,57.26284112737394,57.06507542294064,57.26284112737394,11000
2017-05-30,57.104637145996094,57.22329507609456,56.92664836481459,57.22329507609456,9200
2017-05-31,57.14418411254883,57.371613356001625,57.055189732757114,57.371613356001625,10700
2017-06-01,58.15279006958008,58.16267665824852,57.09474779488823,57.50016582750784,12400
2017-06-02,59.00318145751953,59.062512310957246,58.20223568248299,58.20223568248299,30100
2017-06-05,58.45932388305664,59.46792567937896,58.41977375595832,59.46792567937896,12800
2017-06-06,58.17256164550781,58.6373067113438,58.17256164550781,58.42965441988089,11700
2017-06-07,58.617530822753906,58.71641556242774,58.2417801281947,58.30110719993188,14000
2017-06-08,58.953739166259766,58.953739166259766,58.28133793609351,58.498880619990715,11200
2017-06-09,58.390098571777344,59.18115758808289,58.053898018339126,58.933951409733226,61700
2017-06-12,57.935237884521484,58.30110195825312,57.28261374961816,58.30110195825312,16900
2017-06-13,58.904296875,58.904296875,58.17256858764644,58.20223212651908,6300
2017-06-14,58.864742279052734,59.102061903430105,58.676866914968436,59.082284953726365,9000
2017-06-15,58.7955207824707,58.82518809101211,58.18245047224496,58.4692105650529,5800
2017-06-16,58.950782775878906,58.97056205165432,58.49587075057788,58.61454263271921,8700
2017-06-19,59.8408203125,59.8803788592659,59.10900605988403,59.158452357086084,16600
2017-06-20,59.56391906738281,60.01883104558042,59.48480574498401,59.969384747517324,16600
2017-06-21,59.732051849365234,59.91006157271026,59.445257987030296,59.583709155740564,28200
2017-06-22,59.95950698852539,60.0188410470842,59.70238015973269,59.87050212817582,17100
2017-06-23,60.31552505493164,60.31552505493164,59.91005931647382,60.068289756542455,8500
2017-06-26,60.30563735961914,60.661656815507556,60.12762763167493,60.661656815507556,13800
2017-06-27,59.82105255126953,60.305631608059365,59.741935447501554,60.27596458040195,11000
2017-06-28,61.09678649902344,61.09678649902344,60.295746536576615,60.295746536576615,16300
2017-06-29,60.34518814086914,61.0868939875772,59.9001638783421,61.0868939875772,18400
2017-06-30,60.681434631347656,60.97811624660294,60.453978600568234,60.97811624660294,15100
2017-07-03,60.33530044555664,60.89900039553454,60.32541269354462,60.89900039553454,7500
2017-07-05,60.94845199584961,60.97811902697442,60.493536141036905,60.53309469754437,24100
2017-07-06,59.93973159790039,61.294580095502255,59.791388896862344,60.879226568614285,13600
2017-07-07,60.85943603515625,60.85943603515625,59.83093638852933,59.96938753855393,9200
2017-07-10,60.32541275024414,60.928667481348384,60.19684933889948,60.928667481348384,15300
2017-07-11,60.503421783447266,60.503421783447266,60.12762307818979,60.20674018351188,17800
2017-07-12,60.91878128051758,61.047344703097416,60.592432620136876,60.6616582078695,11800
2017-07-13,60.5330924987793,60.94844978199737,60.364974298496556,60.94844978199737,7700
2017-07-14,61.1363410949707,61.2451252241895,60.74076312917707,60.74076312917707,10700
2017-07-17,61.23523712158203,61.48247242088915,61.136344510863694,61.20557009286878,12300
2017-07-18,61.1759033203125,61.304466732793685,60.988002077645085,61.29457520817366,20300
2017-07-19,61.66048812866211,61.7198259643647,61.15612972898087,61.15612972898087,25500
2017-07-20,61.79894256591797,62.29341320846888,61.482477883974695,61.83849735021321,14200
2017-07-21,61.156124114990234,61.789045881003844,60.99789367348683,61.789045881003844,25000
2017-07-24,61.57147979736328,61.57147979736328,61.0077835936929,61.14623853587616,14400
2017-07-25,61.858272552490234,61.967056690285006,61.59125797040617,61.66048355400078,24400
2017-07-26,61.12645721435547,62.03628131178093,61.11656568970315,62.03628131178093,18400
2017-07-27,60.681434631347656,61.38358200103781,60.404532293444255,61.38358200103781,22800
2017-07-28,60.37485885620117,60.76054531645153,59.71227007013235,60.226519941303245,14400
2017-07-31,59.890281677246094,60.622096067878914,59.85072312301963,60.622096067878914,27600
2017-08-01,59.593597412109375,60.22652297408386,59.58370965962277,60.05840100172006,16500
2017-08-02,59.039798736572266,59.70238762338781,58.75300484264681,59.70238762338781,42100
2017-08-03,59.26724624633789,59.37603038162498,59.05956950034142,59.207908416405495,5000
2017-08-04,59.46504211425781,59.54415545746834,59.11891039174057,59.54415545746834,7100
2017-08-07,60.00895690917969,60.1276288059563,59.63315816812358,59.72216303383394,16500
2017-08-08,60.24629211425781,60.7012079033217,59.99905683058634,60.088061683608515,12300
2017-08-09,59.732051849365234,60.05840049382352,59.34636160044339,60.01884193918875,13200
2017-08-10,58.772762298583984,59.66281068285494,58.772762298583984,59.66281068285494,11200
2017-08-11,59.47492218017578,59.47492218017578,58.79255412157203,58.79255412157203,8500
2017-08-14,59.811161041259766,59.939724448657714,59.67270988214405,59.67270988214405,7200
2017-08-15,59.91006088256836,60.07817907906234,59.702380359383945,59.880390080678374,11400
2017-08-16,60.137516021728516,60.28585493894108,59.929835501612835,60.28585493894108,7900
2017-08-17,59.49470520019531,60.23641113459229,59.49470520019531,60.078180686154724,7800
2017-08-18,59.53425216674805,59.59358621554276,59.079340187605226,59.34635095220286,12800
2017-08-21,59.50459671020508,59.56393454680789,59.35625777746561,59.51448823589473,7300
2017-08-22,60.127628326416016,60.345196612530934,59.484818765867075,59.484818765867075,6400
2017-08-23,59.643043518066406,60.05839700003477,59.61337271756067,60.05839700003477,3600
2017-08-24,59.77159881591797,59.801269614270076,59.52436354054561,59.68259396588348,3800
2017-08-25,59.42546844482422,59.73204153152048,59.3562428724268,59.73204153152048,6100
2017-08-28,59.83094024658203,59.83094024658203,59.44525379735461,59.554037928677445,8000
2017-08-29,59.791385650634766,59.791385650634766,59.5639296212341,59.7617186210425,4800
2017-08-30,59.77159881591797,59.99905481655923,59.554034338897715,59.6232599142011,9900
2017-08-31,60.651763916015625,60.83966138067355,59.80127390412294,60.127622529319446,8500
2017-09-01,61.11656951904297,61.11656951904297,60.62209888576186,60.81988789357661,7600
2017-09-05,61.11656951904297,61.383584113716154,60.72099527592501,61.07701096297771,11800
2017-09-06,61.05723190307617,61.17590379185205,60.81988435301309,61.17590379185205,6300
2017-09-07,61.39347457885742,61.48247566970009,61.23524035732874,61.284690437812195,7200
2017-09-08,61.887939453125,62.22417582509675,61.23523466750136,61.334131046767574,21500
2017-09-11,62.323081970214844,62.491200182544375,62.184630790058364,62.42197459246613,9600
2017-09-12,62.382408142089844,62.629643423998864,62.243953215311535,62.629643423998864,7700
2017-09-13,62.14506530761719,62.52086402081966,62.14506530761719,62.52086402081966,9200
2017-09-14,62.04616928100586,62.08572405981461,61.80882174559788,62.08572405981461,7700
2017-09-15,61.8493766784668,61.958162560860444,61.79003789555066,61.80981748985604,5700
2017-09-18,62.007591247558594,62.254830444101835,61.829578724241806,61.829578724241806,5900
2017-09-19,61.651588439941406,62.33396751042367,61.58236174174344,62.33396751042367,11400
2017-09-20,61.69113540649414,61.82958877545445,61.55268203753383,61.562569947071836,7000
2017-09-21,61.384559631347656,61.70102556409339,61.15709997797237,61.70102556409339,6400
2017-09-22,61.80980682373047,61.80980682373047,61.08786873273784,61.08786873273784,6700
2017-09-25,61.43401336669922,61.67136472820079,61.068100299765696,61.67136472820079,10900
2017-09-26,61.44389724731445,61.67135689639131,61.44389724731445,61.641689394685635,5900
2017-09-27,62.15594482421875,62.2548427859848,61.42411877000751,61.651578423212165,9300
2017-09-28,61.58234405517578,61.94825703664155,61.41421942742922,61.94825703664155,14600
2017-09-29,62.096595764160156,62.096595764160156,61.424104866655426,61.424104866655426,8500
2017-10-02,62.83832550048828,62.83832550048828,62.14605488106136,62.14605488106136,26900
2017-10-03,62.77899169921875,63.02623095627581,62.40318697217196,62.986671769729476,16200
2017-10-04,63.263580322265625,63.263580322265625,62.76910182363312,62.83832851163595,9400
2017-10-05,63.58993911743164,63.62949075832728,63.24380189844884,63.44159405607164,8700
2017-10-06,63.6987190246582,63.767945707454416,63.4613639306633,63.53059061345951,15200
2017-10-09,62.61086654663086,63.97562820886046,62.353735624181816,63.97562820886046,30600
2017-10-10,62.482295989990234,62.907547750262516,62.29439554088641,62.907547750262516,11900
2017-10-11,62.492183685302734,62.689975815172005,61.77024561796533,62.482295776466266,64700
2017-10-12,62.67019271850586,62.798758161613264,62.383398107441344,62.40317392400782,5700
2017-10-13,62.27462387084961,62.56141853541589,62.27462387084961,62.56141853541589,6800
2017-10-16,61.977928161621094,62.52185748388825,61.96804025238499,62.44273911971439,22800
2017-10-17,62.146053314208984,62.17572081473441,61.80980780882612,62.1262737230016,27300
2017-10-18,62.531742095947266,62.66030754466515,62.07682284364833,62.15593743107938,22500
2017-10-19,62.52185821533203,62.69987076423454,62.31417439323159,62.4822990327823,8300
2017-10-20,63.25367736816406,63.39213071949803,62.79875813590366,62.79875813590366,6700
2017-10-23,63.29323959350586,63.6492646698307,63.16467414426165,63.38224209001601,6600
2017-10-24,63.006446838378906,63.2932452613867,62.80865469242279,63.2932452613867,11600
2017-10-25,62.83832550048828,62.96688718772067,62.40318202809751,62.96688718772067,10800
2017-10-26,62.531742095947266,63.00644093824672,62.531742095947266,62.650415863379365,9700
2017-10-27,63.53058624267578,63.540477923864,62.798760282729404,62.798760282729404,7400
2017-10-30,62.72954177856445,63.42180864910462,62.39329625320001,63.026228119163314,10000
2017-10-31,63.45148849487305,63.45148849487305,62.788885303942344,62.788885303942344,6700
2017-11-01,62.749324798583984,63.68883473894334,62.71965352210327,63.68883473894334,7100
2017-11-02,62.62074661254883,63.105337122575335,62.62074661254883,62.778979555554656,3500
2017-11-03,63.36246871948242,63.4218037194473,62.52185685769625,62.600971448506485,54700
2017-11-06,63.38225555419922,63.56026813017654,63.34270391077646,63.45148979304836,9800
2017-11-07,62.89765930175781,63.293243583181216,62.531746293612514,63.293243583181216,13400
2017-11-08,63.629486083984375,63.629486083984375,62.81854546519022,62.81854546519022,23200
2017-11-09,63.955841064453125,64.01518360929123,63.313017568894004,63.382244250253144,11100
2017-11-10,63.42179870605469,63.98550379658824,63.293237034579256,63.975619660803694,12000
2017-11-13,63.847049713134766,64.03495392287505,62.79875790119792,63.243789223515854,14200
2017-11-14,63.797611236572266,64.0448504596537,63.42180278859742,64.0448504596537,13800
2017-11-15,63.47124481201172,63.57013897844343,62.96687475452634,63.510803987612654,42200
2017-11-16,64.54922485351562,64.71735329028346,63.73828035522683,63.73828035522683,9900
2017-11-17,64.4404525756836,64.52945509897839,64.17342991551041,64.48000422260725,7500
2017-11-20,64.82614135742188,64.82614135742188,64.48000033398746,64.62834540901022,8700
2017-11-21,65.6469497680664,65.6469497680664,65.1228038704881,65.1228038704881,14300
2017-11-22,65.44916534423828,65.87441709615345,65.35027116719472,65.87441709615345,16600
2017-11-24,65.53816986083984,65.70629826665424,65.32060568269246,65.68651490355029,35100
2017-11-27,65.50850677490234,65.7063026935567,65.37994508663412,65.55795764085163,30000
2017-11-28,66.03263854980469,66.08208940511567,65.51838436221995,65.62717020779115,8900
2017-11-29,65.86454010009766,66.30957531373205,65.85464841664523,66.17112192597303,18300
2017-11-30,66.05242919921875,66.36889509076562,65.91397584323838,66.36889509076562,22200
2017-12-01,65.40962219238281,66.00299494518646,64.06463992861781,65.9535516171201,19500
2017-12-04,64.3316421508789,66.12165152475657,64.31185878981708,65.88430400800532,13400
2017-12-05,63.975616455078125,64.70744235898,63.975616455078125,64.05472726309944,10500
2017-12-06,64.07453155517578,64.1437582505221,63.71850639478215,63.88662729131695,22900
2017-12-07,64.3712158203125,64.4997850758057,64.03497401856373,64.03497401856373,11700
2017-12-08,64.23274993896484,64.5492158565009,64.23274993896484,64.43054585313902,8200
2017-12-11,64.23274993896484,64.27230912179968,63.79761401806692,64.26242498494794,11800
2017-12-12,64.28219604492188,64.38109022211641,64.20307768510942,64.30197186230396,213500
2017-12-13,64.63822937011719,64.75690692498529,64.12396751083185,64.12396751083185,13500
2017-12-14,63.787723541259766,64.64811880760257,63.787723541259766,64.62833544324006,12700
2017-12-15,64.44744110107422,64.83609833635295,64.15843820248313,64.2780279683914,34600
2017-12-18,64.596923828125,65.14503406272706,64.596923828125,64.84606346146444,17300
2017-12-19,64.75639343261719,65.194874129493,64.72649028231959,64.89591105477861,8000
2017-12-20,65.17491912841797,65.17491912841797,64.77629425850745,65.01546613919896,34200
2017-12-21,64.3577651977539,65.16497534344428,64.23817541192801,65.0752887064297,19900
2017-12-22,64.38763427734375,64.56701508077948,64.28797996502092,64.29794007405754,8800
2017-12-26,64.41753387451172,64.59691468926371,64.27801630783097,64.27801630783097,4700
2017-12-27,64.82613372802734,64.92578805780217,64.55705867418354,64.69657625649589,29900
2017-12-28,64.98558044433594,65.0154759835569,64.57699540308582,64.87595839843362,11500
2017-12-29,64.17837524414062,65.14503830088829,64.17837524414062,64.95568973422756,23000
2018-01-02,65.11514282226562,65.17494151533148,64.33782824066598,64.37769150166336,27300
2018-01-03,65.20484924316406,65.37426243170131,64.87598298084514,65.11515498837662,31300
2018-01-04,65.0852279663086,65.61340271231826,64.83608836135028,65.27457649908088,22400
2018-01-05,65.77286529541016,65.77286529541016,65.15499624792949,65.15499624792949,25200
2018-01-08,66.1714859008789,66.33093130719958,65.76289326649463,65.77286098037028,11400
2018-01-09,66.34089660644531,66.75944933633309,66.29106564201871,66.48041418307457,16600
2018-01-10,66.20137786865234,66.4505174801401,65.60344432170925,66.4505174801401,28600
2018-01-11,66.74950408935547,66.88902169705172,66.27115257501166,66.4704612708236,37100
2018-01-12,66.98867797851562,67.00860580741626,66.54022199528545,66.54022199528545,21100
2018-01-16,66.79932403564453,67.77595484256685,66.57011980753046,67.31753878319971,30400
2018-01-17,67.1082534790039,67.33746530581591,66.79932274138406,66.90894479727605,20300
2018-01-18,67.16805267333984,67.37732907167637,66.9189130177289,67.23781147278535,24600
2018-01-19,68.13471984863281,68.13471984863281,67.29760660183577,67.29760660183577,16800
2018-01-22,68.14468383789062,68.24434579430567,67.74606642478959,67.96530296073924,15000
2018-01-23,68.71269989013672,68.78245867528167,68.06494300084957,68.33401042836944,13500
2018-01-24,69.09141540527344,69.37045062036707,68.7824770430146,69.02165660150003,8800
2018-01-25,69.87869262695312,70.00824250941352,69.49999548829548,69.5199309182979,23500
2018-01-26,70.59619140625,70.59619140625,69.85874034002306,69.97833008176404,10300
2018-01-29,70.6260986328125,70.82540727744912,70.45667792142021,70.59619549329332,27700
2018-01-30,70.00822448730469,70.34705067873399,69.35049232304281,69.85873921332363,40700
2018-01-31,69.30069732666016,70.17766630141601,69.1512119915061,70.17766630141601,26700
2018-02-01,69.37042999267578,69.60960187690272,68.81235972843389,68.94190958173658,11300
2018-02-02,68.26427459716797,69.18110682539825,68.26427459716797,69.00172594568886,45400
2018-02-05,65.97218322753906,68.25430357428952,65.69314800665072,67.93540509282576,63000
2018-02-06,65.85259246826172,66.33093632655869,63.281469519715316,64.77630738238575,49200
2018-02-07,65.67321014404297,66.19141724606992,65.56358809499409,66.01203640245706,20500
2018-02-08,63.4708137512207,65.46393468639917,63.4708137512207,65.46393468639917,23500
2018-02-09,64.10861206054688,64.10861206054688,62.205181618714,63.58043345457252,27300
2018-02-12,64.70654296875,65.13506342297237,63.77974327022897,64.2381592626072,23400
2018-02-13,64.49726104736328,64.77629618365245,64.03884509444005,64.2879846951464,13400
2018-02-14,65.52371978759766,65.7728594065619,64.03884978744931,64.03884978744931,28400
2018-02-15,66.8591079711914,66.93883447815736,65.68317620756547,65.91238041116985,20800
2018-02-16,67.14811706542969,67.51684649188807,66.80929078420215,66.80929078420215,18000
2018-02-20,66.84915161132812,67.34743090311834,66.65980304744349,66.93883823434383,24400
2018-02-21,67.54673767089844,68.27422876174705,66.84914972334913,66.84914972334913,8600
2018-02-22,66.71961975097656,67.63645977833879,66.71961975097656,67.50690224671223,46300
2018-02-23,67.57665252685547,67.58662024413769,66.6697879358274,67.09830854127644,7200
2018-02-26,68.22439575195312,68.40377659069127,67.4570490326022,67.71614877500538,15900
2018-02-27,67.91546630859375,68.2443324529365,67.90549859427291,68.17457365896729,11200
2018-02-28,67.22784423828125,68.40378372529706,67.22784423828125,68.05498972557605,28000
2018-03-01,66.081787109375,67.09828096648691,65.69312992963734,67.09828096648691,10000
2018-03-02,67.2178726196289,67.2178726196289,65.51375837440564,65.633348140139,14700
2018-03-05,67.845703125,67.88556637656586,66.7694181421349,66.85910475580475,10000
2018-03-06,68.56324005126953,68.62303113891322,67.67630343657137,68.00516202175096,7900
2018-03-07,69.47010040283203,69.48006811789872,68.16461104523364,68.16461104523364,23700
2018-03-08,69.65945434570312,69.90859401961255,69.42028238762913,69.71924543443676,19400
2018-03-09,70.63607025146484,70.86528207296574,70.04810433179433,70.33710723580039,27800
2018-03-12,71.13435363769531,71.26391112809111,70.87525386318194,70.97490820746701,17400
2018-03-13,70.91511535644531,71.7522209513713,70.74569461192455,71.7522209513713,27200
2018-03-14,70.80549621582031,71.19415348706362,70.56631666187118,71.07456371008905,13200
2018-03-15,70.63607025146484,71.09448629132795,70.57627916895969,70.91511304381248,9200
2018-03-16,71.154296875,71.23402340043076,70.78556739723771,71.03470708685387,11700
2018-03-19,69.98831176757812,70.79552177686314,69.27078838015211,70.67593201124596,18300
2018-03-20,70.32713317871094,70.45668304683518,69.93847597120023,69.98830693755309,16100
2018-03-21,70.70582580566406,70.84534339386921,70.38692737503253,70.4068628037123,12700
2018-03-22,69.38041687011719,70.67593857041238,69.38041687011719,70.5364209658135,15600
2018-03-23,68.11476135253906,69.40032252982235,68.11476135253906,69.40032252982235,16200
2018-03-26,69.67938232421875,69.67938232421875,68.55327373285441,68.84227666758815,44500
2018-03-27,68.55325317382812,70.1278172688688,68.26425032576594,70.1278172688688,16100
2018-03-28,68.36389923095703,68.81235503683627,68.27421263166315,68.47352125440729,8100
2018-03-29,69.49999237060547,70.08796587907969,68.44364272202886,68.73264561898894,54700
2018-04-02,67.99519348144531,69.62954890167359,67.36735672644772,69.1511974503963,22900
2018-04-03,68.47355651855469,68.66290512987251,67.76600065934137,68.12476244755382,31600
2018-04-04,69.30069732666016,69.43024722878569,67.30757979964596,67.55671949052274,30100
2018-04-05,69.7989730834961,70.19759808882486,69.47010688386439,70.19759808882486,20800
2018-04-06,68.01512145996094,69.65944459830196,67.6962230261057,69.65944459830196,11000
2018-04-09,68.6429443359375,69.31064428590977,68.44363568418136,68.45360339771047,31300
2018-04-10,69.86873626708984,70.13780379074097,69.24090697647718,69.24090697647718,22600
2018-04-11,69.66941833496094,69.88865484963725,69.34055215823788,69.66941833496094,31200
2018-04-12,70.28727722167969,70.42679481818323,69.97834648701308,69.97834648701308,13000
2018-04-13,69.89862823486328,70.32714878995179,69.69931953148523,70.28728552864824,24000
2018-04-16,70.87523651123047,70.99481865384035,70.32712634714436,70.32712634714436,35800
2018-04-17,71.62267303466797,71.71235966381401,70.63607449522674,71.13435382107576,19200
2018-04-18,72.02129364013672,72.26047320152215,71.65257178849492,71.85188048650997,97000
2018-04-19,71.49311065673828,71.8917356107957,71.13434895840047,71.78211355835145,17600
2018-04-20,71.13435363769531,71.63263296225979,71.06459483638186,71.63263296225979,12400
2018-04-23,71.09447479248047,71.61268943417117,70.8054795383553,71.4034130761129,22500
2018-04-24,70.2374496459961,71.42334914523963,69.64947615040386,71.42334914523963,19000
2018-04-25,70.2374496459961,70.54638036215742,69.38040868844695,69.98831000957223,54300
2018-04-26,71.30377197265625,71.57283945343138,70.29724564223,70.69587060901515,52000
2018-04-27,71.58280181884766,71.62266507286094,70.83538291315963,71.62266507286094,21300
2018-04-30,71.0147705078125,71.68246296896828,70.80549410669526,71.6724952537325,260300
2018-05-01,71.67249298095703,71.67249298095703,70.70582991849349,70.93504174281384,369100
2018-05-02,71.48314666748047,71.9614905038902,71.03469076731588,71.47317895330663,27000
2018-05-03,71.68244934082031,71.81199920169955,70.33709695904913,71.34361551547356,47800
2018-05-04,72.61923217773438,73.09757607602818,71.1343543023969,71.57284254511553,23100
2018-05-07,73.30683898925781,73.61577728664682,72.99790829500658,72.99790829500658,51800
2018-05-08,72.74876403808594,72.9979036409561,72.50959214820902,72.94807267912715,42100
2018-05-09,73.18727111816406,73.44637089796346,72.64912852427882,73.02781808154359,27300
2018-05-10,74.16388702392578,74.35323558540698,73.34670929988796,73.48622689156721,70500
2018-05-11,74.16388702392578,74.36320329999506,73.75530196347613,74.11406365726234,43600
2018-05-14,74.4529037475586,74.74190669917219,74.19379634212228,74.49276701017494,58800
2018-05-15,73.98450469970703,74.2735075918828,73.65564615625176,74.2735075918828,40800
2018-05-16,75.01094818115234,75.23019224787136,74.24360155077308,74.24360155077308,40700
2018-05-17,75.19035339355469,75.2900153494062,74.751872720995,74.99104468813117,51700
2018-05-18,75.41956329345703,75.76835732048063,75.18039133251793,75.32986905614266,28100
2018-05-21,75.92778778076172,76.43602709620436,75.67864817796688,76.43602709620436,106400
2018-05-22,75.28003692626953,76.10718238209947,75.21027812897897,76.00752044042267,30900
2018-05-23,75.7982406616211,75.8779671701446,74.55254247770995,75.1205805454479,41600
2018-05-24,76.06732177734375,76.29652600365638,75.4195571495604,75.98759526247895,29500
2018-05-25,76.02745056152344,76.35631669856153,75.81817418426414,76.08724163984377,61100
2018-05-29,76.17693328857422,76.17693328857422,75.24016587644613,75.90785823894097,94500
2018-05-30,77.08380889892578,77.52229713134336,76.44601198075785,76.56560175409146,74100
2018-05-31,76.66527557373047,77.7315932799841,76.66527557373047,77.12369174992781,453200
2018-06-01,77.69170379638672,78.2298463268076,77.21335994921596,77.21335994921596,301800
2018-06-04,78.20993041992188,78.20993041992188,77.36284943917683,77.98071857266555,177200
2018-06-05,78.55870819091797,78.72812131075763,78.05046122826103,78.3394641049429,52200
2018-06-06,78.95732879638672,79.03704769345443,78.37932307460501,79.03704769345443,125800
2018-06-07,77.65184020996094,79.41575309710039,77.00407563334554,79.24633236561077,60600
2018-06-08,78.5387954711914,78.58862645173448,77.83123964569258,77.83123964569258,93600
2018-06-11,78.9473648071289,79.296158758058,78.30956798167631,78.71815300901099,56500
2018-06-12,79.50544738769531,79.684828247709,79.01713578110099,79.01713578110099,47600
2018-06-13,79.8243408203125,80.10337600650026,79.60509671598253,79.72468648283667,84600
2018-06-14,80.47209167480469,80.6116092440704,79.92398150759135,80.33257410553898,61300
2018-06-15,80.41231536865234,80.87073140943468,80.09341692275426,80.61162404616164,91100
2018-06-18,80.71128845214844,80.71128845214844,79.86421506236923,80.17314583198362,141000
2018-06-19,80.3724594116211,80.47211375942594,79.59514485434813,80.21300637262183,85400
2018-06-20,80.41231536865234,80.78103718235842,80.30269331508062,80.75114164104589,42900
2018-06-21,79.5552749633789,80.92055538109699,79.30613531306378,80.92055538109699,61800
2018-06-22,80.0236587524414,80.50200262346789,79.81437475533623,80.12331309197702,60200
2018-06-25,78.51885223388672,79.75458275685043,78.02057293878893,79.69479167444305,61900
2018-06-26,79.5552749633789,79.80441461369404,78.60853973029819,78.77796047089792,46800
2018-06-27,77.80133056640625,79.74461681934231,77.80133056640625,79.57520367998661,49600
2018-06-28,78.37934112548828,78.61851307804815,76.91439866017296,77.75150429570213,94800
2018-06-29,77.95081329345703,78.58861017599156,77.95081329345703,78.5088836648901,46800
2018-07-02,78.42916870117188,78.42916870117188,77.26319681641282,77.69171737275244,61500
2018-07-03,78.75802612304688,78.95734240792031,78.52882189936598,78.61850852520489,27200
2018-07-05,79.47555541992188,79.54531422400187,78.32951140734528,79.12676139952188,91800
2018-07-06,80.27277374267578,80.55180884891011,79.60507390631629,79.68480039470793,97700
2018-07-09,80.59170532226562,80.8209095669754,80.12332151376363,80.51197880100156,105300
2018-07-10,80.0435791015625,80.90062002715533,79.83430272714631,80.74116701628316,65200
2018-07-11,79.7745132446289,80.12330720896293,79.72468227695055,79.72468227695055,39000
2018-07-12,80.66146087646484,80.7212519634332,79.99376079171482,80.37245795088572,66800
2018-07-13,80.34255981445312,80.72124935826308,80.17313906827854,80.72124935826308,100900
2018-07-16,79.96387481689453,80.50201747342287,79.46559542416165,80.38243528517667,69600
2018-07-17,80.9305191040039,80.99031018412587,79.9738238063605,80.10337368100423,112200
2018-07-18,80.69135284423828,81.11987335584719,80.29272787478878,80.9803557570107,73600
2018-07-19,81.0401382446289,81.34906895169006,80.40234140242246,80.70131199857965,58300
2018-07-20,81.02022552490234,81.42881063914551,80.99032237720108,81.03018563766325,50300
2018-07-23,81.76763153076172,81.81745489605089,80.52193335145785,81.0202126231794,164700
2018-07-24,80.48207092285156,82.39546152113485,80.22296357001996,82.39546152113485,110700
2018-07-25,81.6181640625,81.6181640625,80.49204779634006,80.5618066054981,138400
2018-07-26,81.45868682861328,81.78755294693096,80.74116351706117,81.61813983257495,86400
2018-07-27,79.56523132324219,81.52845289165208,78.88757880535287,81.52845289165208,73700
2018-07-30,78.69823455810547,79.69479316696457,78.37933610739611,79.69479316696457,58800
2018-07-31,80.47209167480469,80.67140031571647,78.99718188139072,79.11677162782016,55700
2018-08-01,81.30919647216797,81.35902743358567,80.4421955273429,80.47209106293863,119200
2018-08-02,82.57485961914062,82.61472288199334,81.13981256900234,81.13981256900234,217100
2018-08-03,81.84735107421875,82.4153891442862,81.40887048181791,82.00680409191968,141400
2018-08-06,82.0765609741211,82.43532265245123,81.65800821711532,81.92707567429385,128600
2018-08-07,81.66796875,82.22604669869534,81.55834670310296,82.22604669869534,87700
2018-08-08,81.00027465820312,81.62811138692143,80.68137623841248,81.62811138692143,62300
2018-08-09,81.44873809814453,81.7676365474863,81.23945410041948,81.23945410041948,98900
2018-08-10,81.0401382446289,81.78755713188377,81.0102427056408,81.23944690664163,58900
2018-08-13,80.75115966796875,81.43878768421797,80.55185094596568,81.0202348061273,87300
2018-08-14,81.45868682861328,81.57827658158453,80.67140472861236,80.88068869709647,82600
2018-08-15,80.85079956054688,81.18963345108548,80.22297035576226,81.18963345108548,52500
2018-08-16,81.32915496826172,81.52846366419506,80.71128584584534,81.10991084085141,154300
2018-08-17,81.73771667480469,81.76761981345904,80.93050680329324,81.26934061314091,93800
2018-08-20,82.13636779785156,82.28585312633427,81.51850625806118,82.10647225278295,250000
2018-08-21,82.69442749023438,82.90370386238926,82.32569810893027,82.60473327180345,153200
2018-08-22,83.7906494140625,83.88033603909248,82.54495115660964,82.59477452502449,167500
2018-08-23,84.04976654052734,84.34873722533352,83.77073128971644,83.88035336726934,127800
2018-08-24,84.26900482177734,84.34873134592047,83.86041969103847,84.18928590077402,116000
2018-08-27,85.10610961914062,85.26555504836267,84.31882737892056,84.77724344225014,100900
2018-08-28,85.19580078125,85.55456252001521,84.85697447416034,85.30542284604712,108900
2018-08-29,86.5411376953125,86.73048624595275,85.77379098501027,85.77379098501027,210800
2018-08-30,87.37825012207031,87.55763095730019,86.45145040723895,86.52120919854289,129100
2018-08-31,87.9164047241211,88.00609135250694,87.25867237006857,87.33839888628204,117700
2018-09-04,87.88650512695312,88.3648489958889,87.28856388607534,88.3648489958889,161200
2018-09-05,86.89990997314453,87.98616283945681,85.70404265181664,87.98616283945681,104900
2018-09-06,86.86006164550781,87.13909687047955,86.36178228573269,87.08926589324618,56900
2018-09-07,86.71056365966797,87.70712223374899,86.45145630152813,86.69062823042877,71600
2018-09-10,87.009521484375,87.35832304702615,86.75042174481563,87.04938473733908,90300
2018-09-11,87.6373519897461,87.74697402682632,86.56106704557892,86.73048015628926,108600
2018-09-12,87.76692199707031,88.0160616652354,86.72053234952125,88.0160616652354,159200
2018-09-13,88.50435638427734,88.76346371856629,87.86655956382597,88.32497555332928,149200
2018-09-14,88.23528289794922,88.67377103316292,87.97617558140136,88.41466371661507,79800
2018-09-17,85.6940689086914,88.61398580939888,85.47482480780425,88.61398580939888,150800
2018-09-18,86.81021118164062,86.94972876280842,85.22567921960929,85.59440860020301,91900
2018-09-19,86.14252471923828,86.93976700868546,85.81365856831133,86.85008038741726,93800
2018-09-20,86.70060729980469,86.83015719427186,86.31195001326363,86.69063958387966,87400
2018-09-21,86.571044921875,87.17894625227059,86.48135069776268,86.7105625121489,176200
2018-09-24,87.13921356201172,87.13921356201172,86.27201278527411,86.69066196058812,84600
2018-09-25,87.78713989257812,87.89678720724446,87.06945114381335,87.20900088886309,178700
2018-09-26,87.41830444335938,88.08615818219879,87.26879232746666,87.91669844270552,111400
2018-09-27,87.2987060546875,87.50803064893101,86.90995929325098,87.4781282218805,81200
2018-09-28,87.5279769897461,87.99646870110737,87.0694552906177,87.0694552906177,67000
2018-10-01,86.70064544677734,88.01640563433642,86.48135081470235,87.97653319169636,108700
2018-10-02,85.72377014160156,86.8601078815991,85.50447555934079,86.6906557425391,130000
2018-10-03,85.3749008178711,86.07264943391674,85.11573378695863,86.07264943391674,96600
2018-10-04,83.40126037597656,85.35496418329242,83.15206334537675,85.10576715269261,391200
2018-10-05,82.73341369628906,83.74017182364919,81.61700826768724,83.54080963735076,238500
2018-10-08,81.43757629394531,82.73340373169856,80.45075830651442,82.63372645299958,269200
2018-10-09,80.95913696289062,82.09547487642212,80.88936209468747,81.24820644684377,151200
2018-10-10,78.65654754638672,80.91925304124436,78.58676508319503,80.84947818294185,180200
2018-10-11,78.24785614013672,79.74303810459793,77.93885430104581,78.3375634076578,194600
2018-10-12,79.44400787353516,80.5305108481265,78.48709221800557,79.53372275633866,109900
2018-10-15,79.45398712158203,79.99225366631606,78.41732647300802,79.50382957392222,100700
2018-10-16,82.51410675048828,82.60382162212456,79.83274468377633,80.01216682216018,180500
2018-10-17,82.6736068725586,82.68356927796873,81.63694634318195,82.43437225470194,115200
2018-10-18,81.228271484375,82.64371656377925,80.66010249221729,82.4543243647631,77900
2018-10-19,79.32440948486328,81.52731056936001,78.94562508882292,81.51734055765087,71700
2018-10-22,79.23467254638672,79.78290896451105,78.59672886250854,79.43403470065401,55300
2018-10-23,78.87584686279297,79.3244061119429,76.80253320400149,78.5469125392848,166200
2018-10-24,76.57327270507812,79.58356985994162,76.513467843921,78.79611383840373,103400
2018-10-25,76.93211364746094,77.55012506976185,75.45686376401926,76.77262388497408,335000
2018-10-26,75.57649230957031,76.63308552584135,74.22085954667197,76.17456379793333,163600
2018-10-29,75.34720611572266,77.11152524793529,74.33048563648187,76.53338634557808,112900
2018-10-30,76.71281433105469,76.7825891966493,75.17775968308317,75.17775968308317,84300
2018-10-31,76.97199249267578,77.82923102514461,76.95205246826055,77.52022148583724,84600
2018-11-01,78.93566131591797,78.97553375717378,77.21121435483404,77.35076409678412,84300
2018-11-02,78.65654754638672,80.04208230760014,78.18805595283169,79.56362070431926,722200
2018-11-05,78.40735626220703,78.8559078690604,77.74947246027303,78.8559078690604,56100
2018-11-06,78.31764221191406,78.3475446387041,77.53017868525414,77.98870030744413,65600
2018-11-07,80.13177490234375,80.19157973996568,78.10829677733214,78.62662311479369,197300
2018-11-08,80.64014434814453,80.84946889901535,79.61345400606409,80.15172039611262,69800
2018-11-09,78.74626159667969,80.33115105948093,78.15816025535541,80.02214917538782,62700
2018-11-12,75.82566833496094,78.80606254095508,75.64624617780035,78.80606254095508,105000
2018-11-13,75.10797882080078,76.6330633362404,74.93852667572735,76.01505960599862,63600
2018-11-14,74.36038970947266,75.85557183877125,73.93177052821147,75.55653997584528,82800
2018-11-15,76.1346664428711,76.20444130027077,73.72244125289487,74.12115798298832,80900
2018-11-16,76.94207763671875,77.34078680194875,75.40702301493573,75.73596492065136,72700
2018-11-19,73.91184997558594,76.94208715657483,73.8121726719456,76.90221471414053,73200
2018-11-20,73.20410919189453,73.93176013377763,72.26712608903786,72.75555005323636,288800
2018-11-21,74.0812759399414,74.68931716336103,73.43336228819564,73.59285200150023,56400
2018-11-23,74.28064727783203,74.95846350291207,73.49319135616639,73.49319135616639,16800
2018-11-26,74.99834442138672,75.38709122334627,74.6494700612808,75.0083144330728,78800
2018-11-27,74.92855834960938,75.09801049849086,74.33048702098147,74.72920377502992,60100
2018-11-28,77.09159088134766,77.09159088134766,75.05814977374577,75.39705409004942,53900
2018-11-29,77.12149810791016,77.58998212724718,76.37390703220106,76.88226348816268,64400
2018-11-30,77.6796875,77.88901206298269,77.06167621532103,77.12148866537949,248300
2018-12-03,78.66651916503906,78.84594133667306,77.8591231951311,78.53693944298287,252800
2018-12-04,75.86553955078125,78.74625642423884,75.74592224630072,78.42728455051345,63600
2018-12-06,75.74591064453125,75.74591064453125,73.85201210723028,74.83883760704455,159200
2018-12-07,73.22406005859375,75.70606054041745,72.99480303196114,75.52663836071392,290900
2018-12-10,73.89189147949219,74.04141120001924,72.26712978215005,73.10442804927933,118500
2018-12-11,74.04143524169922,75.27745062994565,73.35364886687991,74.6395067131158,54000
2018-12-12,74.83885192871094,75.88547486456132,74.83885192871094,74.91859680141087,41900
2018-12-13,73.9317626953125,75.3970422435645,73.69253570933935,75.2275901120372,38300
2018-12-14,72.41665649414062,73.7224464627073,72.16745947083311,73.33369971473876,48500
2018-12-17,70.34333801269531,72.31698185576403,69.9844936775919,72.04784480199152,183100
2018-12-18,70.04430389404297,71.22051428139541,69.58578223183989,71.0111896707086,126300
2018-12-19,68.84815216064453,70.98127803661356,68.16036595408525,70.1240396821711,94700
2018-12-20,66.7648696899414,68.87805557600457,66.02724102698576,68.54911368075865,398100
2018-12-21,65.62854766845703,67.34302501325233,65.24977079654109,67.13370035207045,144300
2018-12-24,64.2769546508789,65.31432412871229,63.87796521939062,65.22454789183446,168500
2018-12-26,67.66835021972656,67.68830387815596,64.46647294999305,64.64601782540291,481900
2018-12-27,68.19702911376953,68.19702911376953,65.7931226737134,66.8005695410886,196400
2018-12-28,68.81544494628906,69.71316936103673,67.89777448236532,68.3865325931369,121400
2018-12-31,69.8927230834961,70.06229115825768,69.21444317435754,69.21444317435754,133200
2019-01-02,68.55609893798828,69.13462560655219,68.01746436235412,68.81543559248271,171700
2019-01-03,66.58110046386719,68.06732814114937,66.33173304639952,68.06732814114937,69600
2019-01-04,68.9850082397461,69.70318003267501,67.08981428402198,67.20950577779853,98200
2019-01-07,69.5236587524414,70.12214686458836,69.21444547523329,69.21444547523329,38000
2019-01-08,70.55104064941406,70.7206086850193,69.43387175995694,70.28171954807355,241200
2019-01-09,71.90758514404297,72.31655136321592,70.98991487040713,70.98991487040713,70700
2019-01-10,72.64572143554688,72.66566748148023,71.31908488332358,71.48865290907213,66200
2019-01-11,72.1968765258789,72.3065988356977,71.65824180770271,72.20685335679669,40800
2019-01-14,71.13954162597656,71.81782135428172,71.09964192312447,71.64825332472797,32100
2019-01-15,72.65569305419922,72.8053150389583,71.30911041154803,71.30911041154803,28500
2019-01-16,73.11453247070312,73.56339079422514,72.90505713563027,72.90505713563027,54800
2019-01-17,73.92247772216797,74.19179118415367,72.58586440947806,72.84520865404589,38600
2019-01-18,74.62071228027344,74.8102339749055,73.52349703732627,74.46112107170738,50800
2019-01-22,74.0222396850586,74.46112887225169,73.41378244284684,74.30153003687553,89200
2019-01-23,74.04219055175781,74.65064016092836,73.22426557653434,74.24168147836215,57800
2019-01-24,74.74041748046875,74.74041748046875,73.96239220138868,74.01226112871186,42400
2019-01-25,75.348876953125,75.5383986688359,74.81024229538725,75.07955581921044,42700
2019-01-28,74.01226806640625,75.00973802746343,73.76290057614196,74.83019313006946,46600
2019-01-29,73.83272552490234,74.28159158775583,73.52351226233749,74.25166870558402,42400
2019-01-30,75.10948944091797,75.39874902630946,73.90254411800505,74.37135620688844,31600
2019-01-31,76.41617584228516,76.96478737579348,75.10949260259154,75.11946182313386,56100
2019-02-01,75.92739868164062,76.67550098007081,75.70795412315334,76.67550098007081,119500
2019-02-04,76.40618896484375,76.48598837924143,75.55834111461871,75.94735374719362,46500
2019-02-05,76.65554809570312,77.0146378113728,76.45605719148229,76.55580264359271,31900
2019-02-06,76.65554809570312,76.86501582816207,76.08699064757452,76.5358565972067,35700
2019-02-07,75.5882568359375,76.39620490246865,75.26906681865812,76.08699171356716,98200
2019-02-08,75.97728729248047,76.0072101745581,75.05961672833686,75.15936220529298,32000
2019-02-11,77.37374114990234,77.44356373968202,76.33637152311036,76.34634835310503,27700
2019-02-12,78.4310531616211,78.49090652870076,77.46351377991205,77.92234900703656,45400
2019-02-13,78.5407943725586,78.79016190019189,77.90241411062478,78.65051669352468,54800
2019-02-14,78.42107391357422,78.82005572259665,78.06198419738188,78.30137480481336,36300
2019-02-15,79.58812713623047,79.58812713623047,78.89987044490533,78.94974698576054,179800
2019-02-19,79.79759979248047,79.97714469641723,79.29886479377747,79.4983557492218,85700
2019-02-20,80.50579833984375,80.51577517011846,79.72777300043472,80.15668538114633,99700
2019-02-21,80.0369644165039,80.33620836238671,79.6579286804634,80.33620836238671,52900
2019-02-22,80.4459457397461,80.49581466669684,80.00705656606932,80.37612315394216,82600
2019-02-25,80.92472839355469,81.66286158191144,80.77511400005515,81.66286158191144,68300
2019-02-26,79.58812713623047,80.4658979406037,79.38862858290132,80.4658979406037,52900
2019-02-27,79.76766967773438,80.1167826231544,79.19911213516707,79.51830220099272,39500
2019-02-28,80.09683227539062,80.346199738751,79.49834427525288,79.58812051930995,66400
2019-03-01,81.78255462646484,81.97207634189758,80.63546272426747,80.63546272426747,169400
2019-03-04,80.62548828125,82.22143848913069,79.94720849163934,82.22143848913069,146100
2019-03-05,80.65541076660156,80.95465475853968,80.17662190151873,80.7352101791305,29100
2019-03-06,78.91981506347656,80.62548754604136,78.65049394986113,80.61551071699502,65600
2019-03-07,78.66048431396484,79.27891844970753,78.34129422037651,78.76022979131892,63900
2019-03-08,78.35126495361328,78.50087935295491,77.63308539640735,78.1816892842069,48000
2019-03-11,79.31878662109375,79.36866314976847,78.42106998566736,78.6205608801866,38400
2019-03-12,79.69783020019531,79.86739822202519,78.99959684722371,79.40856307526148,201200
2019-03-13,79.98712158203125,80.51577946340397,79.63800099462618,80.0070676335525,51400
2019-03-14,79.63798522949219,80.02700545302146,79.32877202652575,79.94720604254927,63300
2019-03-15,80.4559097290039,80.81499182005221,79.69783062547998,79.76765320014074,98800
2019-03-18,80.1306381225586,80.77918797478979,79.46213628654044,80.65945323500148,82400
2019-03-19,80.54971313476562,80.80912700905542,79.98098639135156,80.46988996774283,62000
2019-03-20,80.9787368774414,81.61730686065421,80.37009867276129,80.77917899996575,96900
2019-03-21,82.27584838867188,82.38560334429194,80.62953166672743,80.62953166672743,93100
2019-03-22,79.60182189941406,82.16608187834545,79.60182189941406,81.91664021653362,127200
2019-03-25,79.79139709472656,80.09072251059503,78.97322877825123,79.52199584685431,105600
2019-03-26,79.7714614868164,80.63952143980579,79.52201975907482,80.23044096473545,80200
2019-03-27,78.86348724365234,79.93109739428564,77.69610193744103,79.86125402414538,246200
2019-03-28,79.21269226074219,79.64173221675402,78.49429906813118,79.04307376036328,69400
2019-03-29,80.17056274414062,80.30027730310132,79.44219722592005,79.73155051821205,340900
2019-04-01,79.62177276611328,80.84902134476165,79.1927328503396,80.71931443528759,170500
2019-04-02,79.46214294433594,79.62178927742977,78.92334798867847,79.5120343265168,57100
2019-04-03,79.51203155517578,80.06079867825757,79.2725620638816,80.06079867825757,53400
2019-04-04,79.2226791381836,79.66169131884594,78.72379577788314,79.52200458695029,32900
2019-04-05,79.43221282958984,79.701606506903,79.0929681708128,79.39230124547747,70200
2019-04-08,79.2226791381836,79.29252250413143,78.39453093311941,79.29252250413143,43500
2019-04-09,79.003173828125,79.27256750889,78.83355530274125,78.96326224350122,45900
2019-04-10,79.62177276611328,80.11067623820506,78.96324319719595,79.10292990350789,43800
2019-04-11,79.16280364990234,79.82133330358761,78.87345801554972,79.82133330358761,76200
2019-04-12,78.84353637695312,79.60184134556903,78.76372081106508,79.60184134556903,61900
2019-04-15,78.57415771484375,79.25263963516151,78.4344709323394,78.96328626787142,305100
2019-04-16,77.38677978515625,79.11291945798773,77.04754277437341,78.89340957460801,220500
2019-04-17,73.91455078125,77.62624371237392,73.40568768911722,77.62624371237392,198600
2019-04-18,74.0343017578125,74.61300839320953,72.6873179503147,73.89461499924872,118000
2019-04-22,74.2338638305664,74.83252248799883,73.53542238659705,73.72500054618783,87100
2019-04-23,75.65066528320312,75.99988207985228,74.26377028197129,74.28372226505614,126300
2019-04-24,75.74047088623047,76.17948304064431,75.12185281599687,75.60077655033116,79800
2019-04-25,76.06974792480469,76.32916945572214,75.18173597411233,75.49104889602228,120500
2019-04-26,77.26705169677734,77.36682683915753,76.00986358819182,76.23935326678613,33300
2019-04-29,77.14732360839844,77.45662886014492,76.70830380925679,77.3369017239107,38900
2019-04-30,77.4765853881836,77.53644895392894,76.82803551397112,77.11738876899994,28500
2019-05-01,76.66838836669922,77.62625108248795,76.57859301904409,77.62625108248795,82300
2019-05-02,77.86571502685547,77.93555839211952,76.3391331772586,76.43890832587067,120900
2019-05-03,79.4920883178711,79.55195950919433,78.3247028538935,78.3247028538935,58600
2019-05-06,80.27032470703125,80.36012766480573,78.08522089925869,78.21492782453795,77200
2019-05-07,78.82356262207031,79.8313090351537,78.19497239477255,79.55193560079914,33600
2019-05-08,78.2947769165039,78.9433269824194,78.00542357594598,78.43446368610319,24800
2019-05-09,78.27478790283203,78.4344342151646,77.15729416592471,77.6861092539048,36300
2019-05-10,77.67613983154297,77.88566993520014,75.8502248552153,77.7260312138997,59900
2019-05-13,75.64069366455078,76.52870544877493,75.381279794621,76.02982208180154,54400
2019-05-14,76.44889068603516,76.99765782796725,75.8602043484936,75.8602043484936,37700
2019-05-15,77.00762176513672,77.26704319667071,76.10963035779176,76.10963035779176,35000
2019-05-16,77.52648162841797,78.32469815777118,77.02759820066147,77.14733296377155,63800
2019-05-17,76.19944763183594,77.58634277247465,76.12960426548564,76.92781307915244,21800
2019-05-20,75.81031799316406,76.14955502071346,75.12185652714737,75.83026997793219,29300
2019-05-21,76.29922485351562,76.86795159848204,76.18946990164875,76.18946990164875,21300
2019-05-22,76.28923034667969,76.4887882263085,75.84023843913567,76.02980890933961,29800
2019-05-23,75.08195495605469,75.75045691407982,74.65291490895439,75.75045691407982,24700
2019-05-24,75.83026885986328,75.9599757898334,75.31143352762707,75.40122887629352,16700
2019-05-28,75.4012451171875,76.59856236476827,75.4012451171875,75.93006036174164,19300
2019-05-29,74.78260803222656,75.13183245269147,74.36354786249527,75.00211791513976,48400
2019-05-30,75.42118835449219,75.76043302310232,74.54315631563888,74.90235297070535,12300
2019-05-31,74.53317260742188,74.94226062570984,73.67509260002598,74.66288715583325,25500
2019-06-03,74.42341613769531,74.91232731235614,74.12409068851836,74.52319889977693,92900
2019-06-04,76.46885681152344,76.46885681152344,74.83251965733824,75.03206999814813,15600
2019-06-05,77.1373519897461,77.20719536407472,76.68835995654158,76.81806690533564,28800
2019-06-06,77.3768081665039,77.7559567599849,76.87792483238681,77.33689658629187,22300
2019-06-07,78.0453109741211,78.23488907938795,77.71604614255938,77.78588950570679,62000
2019-06-10,78.99319458007812,79.34241143252746,78.26482908959188,78.26482908959188,87000
2019-06-11,78.47435760498047,79.66169487915906,77.77591630193088,79.53198794013211,21200
2019-06-12,79.28255462646484,79.40228939138854,78.36461093245457,78.36461093245457,32000
2019-06-13,79.68165588378906,79.68165588378906,79.0829973365774,79.61181251348698,36700
2019-06-14,79.1229019165039,79.65171704659669,79.1229019165039,79.62178526373948,14900
2019-06-17,79.5718994140625,79.74151793694514,78.99319286408563,79.31247792401143,20800
2019-06-18,80.47986602783203,80.87896661969246,79.68164961939948,79.99095486179807,37600
2019-06-19,81.49758911132812,81.6272960494412,80.32022403220037,80.52975413793206,27000
2019-06-20,81.6971435546875,82.47540805984146,81.14837637732468,82.25589814395367,79400
2019-06-21,81.01866912841797,81.57742376808551,80.59960885793531,81.57742376808551,47200
2019-06-24,80.55958557128906,81.28813057116544,80.52964640886024,81.08853107881829,24900
2019-06-25,80.3499984741211,81.11846484418497,80.3499984741211,80.70928362782766,19200
2019-06-26,79.40187072753906,80.58950801911146,79.232210432809,80.50966519303933,30800
2019-06-27,80.55958557128906,80.56956783017618,79.68132953080348,79.68132953080348,26500
2019-06-28,81.66737365722656,81.73723423531752,80.64939653163616,80.65937878971542,29500
2019-07-01,81.84700012207031,82.69530915027376,81.43781137790992,82.49570971336605,55500
2019-07-02,81.09850311279297,81.82704802081429,80.66935740554406,81.82704802081429,31700
2019-07-03,81.4577865600586,81.58752544961969,81.09850143517863,81.41786514460178,21100
2019-07-05,81.52764892578125,81.56757034211567,80.7691572438905,80.92883529499657,14700
2019-07-08,80.86894989013672,81.19829583535761,80.60946451382048,81.19829583535761,16700
2019-07-09,81.07852935791016,81.07852935791016,80.4398019986398,80.4398019986398,22900
2019-07-10,81.66737365722656,81.83703397341431,81.16836735251061,81.39790598871006,50500
2019-07-11,81.97676086425781,81.97676086425781,81.23823361359969,81.83703969830175,24700
2019-07-12,81.4178695678711,81.89691135091545,80.8689595933079,81.84701528955725,25900
2019-07-15,81.61747741699219,81.83704142934815,81.10848880782451,81.44781708534718,21900
2019-07-16,80.97872924804688,81.6773349144575,80.96874699160367,81.57753519271752,17500
2019-07-17,81.09850311279297,81.44780598747658,80.86895687272568,80.86895687272568,55300
2019-07-18,81.8270492553711,82.10649155933405,81.11846123768456,81.11846123768456,24900
2019-07-19,81.29810333251953,82.2262553305456,81.29810333251953,81.94681302821202,73300
2019-07-22,81.33802032470703,81.93682631345371,81.27814201010175,81.4478023109709,19400
2019-07-23,81.98672485351562,81.9967071100688,81.16835494346344,81.5076755239635,54600
2019-07-24,83.42387390136719,83.4338561598693,81.95680169931282,81.95680169931282,40400
2019-07-25,81.9967041015625,83.12445539530815,81.96675733300174,83.12445539530815,18800
2019-07-26,82.26618194580078,82.42586000826827,81.9268536899301,82.26618194580078,25300
2019-07-29,82.44581604003906,82.44581604003906,81.6873243822404,82.33603405216434,18100
2019-07-30,83.71329498291016,83.71329498291016,81.70729511912344,81.93683375544597,66200
2019-07-31,83.08454895019531,84.08256155019767,82.38594317588642,83.64343356964243,28900
2019-08-01,83.02467346191406,84.19234641631913,82.42585979010744,82.8749700439624,81300
2019-08-02,81.93681335449219,82.8050868501008,81.34798971605063,82.8050868501008,38400
2019-08-05,79.29210662841797,81.32805346704957,78.7232396892586,80.63942987600362,73000
2019-08-06,80.78911590576172,80.7990981636208,79.84100699340772,79.90088531209861,25000
2019-08-07,79.2521743774414,80.000683734474,78.0545548376507,80.000683734474,38900
2019-08-08,80.17035675048828,80.3100779101687,78.65337328219773,78.96276237654622,33000
2019-08-09,79.71126556396484,80.4398104656478,79.04259136483758,79.04259136483758,16200
2019-08-12,79.24220275878906,79.74120906380129,78.98271734819775,79.40188081699236,20400
2019-08-13,80.38992309570312,80.89890407187303,78.93281790637648,78.93281790637648,21300
2019-08-14,78.31404876708984,79.35198276924885,78.1942845157605,79.35198276924885,37200
2019-08-15,78.17432403564453,78.66334804794714,77.83499581286111,78.52362690157497,19500
2019-08-16,79.37194061279297,79.57154770071111,78.6334134230755,78.6334134230755,76100
2019-08-19,79.96078491210938,80.34002701902558,79.76117779196946,80.12046299398823,30200
2019-08-20,79.74120330810547,80.53960876995721,79.74120330810547,79.93082051264588,15300
2019-08-21,80.2701416015625,80.50966245740929,80.03062074571572,80.29009850028693,20500
2019-08-22,79.96078491210938,80.54960878449768,79.52165686203465,80.39990534795102,19100
2019-08-23,77.60545349121094,80.13042387708575,77.45575009460079,79.69129594415759,26200
2019-08-26,78.52362823486328,78.52362823486328,77.85496164955266,78.27412509578635,19100
2019-08-27,78.2142562866211,79.20228670548508,78.05457060336946,79.01266186018188,40300
2019-08-28,78.8230209350586,79.02262036489145,77.58548010455826,77.8250085574339,17400
2019-08-29,79.71126556396484,79.87094361347461,79.03261672152739,79.54159764268182,24600
2019-08-30,79.48171997070312,79.97074399497296,78.9328100149287,79.97074399497296,30800
2019-09-03,78.1843032836914,79.15237672216722,77.40585467541696,78.89289892889697,27700
2019-09-04,77.87490844726562,78.57352171458493,77.56552703150211,78.54357494582636,93100
2019-09-05,78.70327758789062,78.98271990948223,78.104471525304,78.51365274928251,32500
2019-09-06,78.8429946899414,79.52164355639879,78.74319495368657,78.8429946899414,28200
2019-09-09,77.41583251953125,78.97272964731388,77.29606827345896,78.97272964731388,38200
2019-09-10,78.0844955444336,78.13439921491924,75.7691068585978,77.07650840585708,27900
2019-09-11,79.78112030029297,79.85098086950984,78.0944767680458,78.28410157630486,69800
2019-09-12,80.22023010253906,80.42981178272508,79.75117069311129,80.05056983013561,34900
2019-09-13,80.00069427490234,80.47973606254966,79.82105170097662,80.3300326485729,15300
2019-09-16,80.14041900634766,80.31007932978261,79.03262435341921,79.52164842094501,26200
2019-09-17,80.53961181640625,80.78911496034088,80.07055230176375,80.07055230176375,14000
2019-09-18,80.12043762207031,80.51964412169944,79.51164942333779,80.50966186529529,14300
2019-09-19,80.17035675048828,80.77914506662391,79.77115017387328,80.15039223382986,95700
2019-09-20,80.58951568603516,80.65937626193676,79.73122425968312,79.73122425968312,19000
2019-09-23,80.21026611328125,80.65936868557407,80.06056271777332,80.21026611328125,31200
2019-09-24,79.2521743774414,80.61944659651314,79.0226281576898,80.34998657824302,25300
2019-09-25,79.63141632080078,79.76115520147138,78.77312498287299,79.23220980782003,19000
2019-09-26,78.50366973876953,79.84100288221558,78.13440235931598,79.70128173631021,30100
2019-09-27,77.1164321899414,78.78311906064725,76.8270152291914,78.78311906064725,22300
2019-09-30,77.91484069824219,78.40386472344163,77.16633127398052,77.16633127398052,29100
2019-10-01,75.95872497558594,78.57352022544745,75.95872497558594,78.03459261146544,83700
2019-10-02,74.53157806396484,75.38986947215372,74.08247545899158,75.2900697392965,61000
2019-10-03,75.70923614501953,75.7491575625691,73.61341121617397,74.41181672446989,46500
2019-10-04,76.35794067382812,76.62740070621302,75.76910932271842,75.99865555449404,80800
2019-10-07,75.93876647949219,76.50764090673268,75.84894901049486,76.12839128857235,45000
2019-10-08,73.99264526367188,75.38986426995393,73.98266300680551,75.38986426995393,24600
2019-10-09,74.66133117675781,74.93079888245525,74.4317925088868,74.50165309661706,184700
2019-10-10,74.66133117675781,74.91083436354204,74.09246421545909,74.09246421545909,28900
2019-10-11,75.97869110107422,76.6773044399997,75.37988510644618,75.55952766625772,21200
2019-10-14,75.80903625488281,76.03858250336464,75.58947226439547,75.75914019337415,23200
2019-10-15,76.8968734741211,77.07651604575223,75.85893946183357,76.04855667716568,49500
2019-10-16,76.9068603515625,77.1364066351402,76.26813279843284,76.85696428242511,21900
2019-10-17,77.9647445678711,78.12442261938052,76.85695000804529,77.18628836873087,19800
2019-10-18,78.05455780029297,78.26413951450928,77.43578730053682,78.01463638602826,67000
2019-10-21,77.65533447265625,78.53359016802386,77.65533447265625,78.41382595113839,19800
2019-10-22,76.5276107788086,77.66534459769079,76.5276107788086,77.66534459769079,26400
2019-10-23,77.08648681640625,77.44577194161702,76.3579419227849,76.59746280151494,34800
2019-10-24,77.09646606445312,77.55555090336219,76.86691983788302,77.31603003398162,27800
2019-10-25,77.33601379394531,77.894906168921,77.0166499857737,77.09649284137505,27000
2019-10-28,78.62342834472656,78.79308865269701,77.22620923634832,77.48569463421767,26300
2019-10-29,79.16234588623047,79.37192758346667,77.79506611180696,78.27411542994012,21300
2019-10-30,78.75318145751953,79.09250210192661,78.17433229610863,79.09250210192661,26300
2019-10-31,78.77312469482422,78.9028635750204,77.81503363571241,78.52362157690247,32900
2019-11-01,79.81105041503906,80.4996813866154,79.16234085195426,79.16234085195426,49100
2019-11-04,80.79908752441406,81.11845120576626,80.29009903986717,80.60946272121936,22900
2019-11-05,80.31006622314453,80.92882909333254,80.05058084397126,80.78910795398485,22100
2019-11-06,80.09049224853516,80.83900152188595,80.06055309587794,80.31005618699487,17800
2019-11-07,80.88892364501953,81.37794768322179,80.53961314635752,80.75917713492274,84300
2019-11-08,81.21826171875,81.26816539387247,80.74920219806498,80.74920219806498,17600
2019-11-11,80.95877838134766,81.19829925421564,80.48971127856738,80.70927525129272,12000
2019-11-12,81.73722076416016,81.9068810523861,81.00866832908596,81.00866832908596,23900
2019-11-13,81.60748291015625,81.8070899888099,80.97873774441811,81.52764769292628,15200
2019-11-14,81.7072982788086,81.97675834365786,81.2182665987665,81.57755176138703,19300
2019-11-15,83.05460357666016,83.05460357666016,82.03662653684887,82.03662653684887,41900
2019-11-18,82.2462158203125,83.03463901434945,82.17634763391725,82.78513588315941,33800
2019-11-19,83.16438293457031,83.35400013071246,82.23623101078046,82.35598763692686,64200
2019-11-20,83.274169921875,83.73325478289453,82.57555656570756,83.00470226839148,16300
2019-11-21,83.17436218261719,83.34403010277084,82.54561701784189,83.18434444009246,76700
2019-11-22,83.37397003173828,83.51369118075782,82.95480658467967,83.40390919020939,16700
2019-11-25,84.99073791503906,85.13045903906679,83.3739551187079,83.57355454896746,33200
2019-11-26,85.12049865722656,85.38995871874482,84.87099549817064,84.94085607813702,63400
2019-11-27,85.68933868408203,85.749216986924,85.30011448714974,85.3200713833538,18200
2019-11-29,85.16041564941406,85.5097185310878,85.10052971667588,85.5097185310878,8800
2019-12-02,84.4318618774414,85.11051072943616,84.12248041737509,85.11051072943616,24100
2019-12-03,84.58155059814453,84.58155059814453,83.37395651216184,83.97276242717875,40200
2019-12-04,84.89095306396484,85.16042074182084,84.65143216138456,84.7412572587473,32400
2019-12-05,84.66140747070312,85.06061401839106,84.2522186654093,85.05063176078518,33300
2019-12-06,85.28016662597656,85.62947709869665,84.89094235305595,84.89094235305595,82400
2019-12-09,83.93285369873047,85.40991561888451,83.93285369873047,85.33007278769101,31700
2019-12-10,83.75320434570312,83.99273281986483,83.49372658670755,83.84302942707147,17000
2019-12-11,83.8829574584961,83.942835774646,83.41389034403801,83.81309688491073,11000
2019-12-12,84.3021240234375,84.98077288379592,83.80311773241607,84.09254229491631,20900
2019-12-13,84.36198425292969,84.58154819217735,83.73323920218148,84.29212369173544,13200
2019-12-16,84.83106994628906,85.30013708073974,84.3719850696993,84.92088742434211,22600
2019-12-17,85.0705795288086,85.0705795288086,84.37197385602889,84.98076206269296,21300
2019-12-18,85.17037963867188,85.479768678793,84.83105905727356,85.0805621721479,25900
2019-12-19,85.0705795288086,85.14044009608656,84.63145922630311,85.14044009608656,72000
2019-12-20,85.24024963378906,85.43984908424224,84.98076425681518,85.23026737699712,29300
2019-12-23,86.021728515625,86.29119802800584,84.8939298093109,85.51272208723987,21200
2019-12-24,86.181396484375,86.31114752720711,85.85203899572122,86.12151607352806,15300
2019-12-26,85.81212615966797,86.32112489486998,85.5825718876078,86.32112489486998,8300
2019-12-27,85.60254669189453,85.90196404354352,85.38298259711812,85.84208361901354,8200
2019-12-30,85.07357025146484,85.66242226011572,84.93384420490331,85.66242226011572,15100
2019-12-31,85.48277282714844,85.62249887277659,84.73423717649827,84.73423717649827,16900
2020-01-02,85.58258056640625,86.05166415051278,84.64441339819321,86.05166415051278,22300
2020-01-03,85.2232894897461,85.47280140595089,84.33502767721701,84.80411129800191,92600
2020-01-06,86.0117416381836,86.18140790105792,84.45478983392717,84.64441369822838,35200
2020-01-07,85.60254669189453,86.03170750152498,85.32309455808858,85.862041222357,55500
2020-01-08,86.08160400390625,86.4309191349354,85.6823834479449,85.6823834479449,21700
2020-01-09,86.6405029296875,87.11956909052451,86.30117042723911,86.47083667846331,19300
2020-01-10,87.04969787597656,87.25928692208674,86.61055457108041,86.8201436171906,18300
2020-01-13,86.68043518066406,86.72035799962148,86.07162551693679,86.35107763513965,97400
2020-01-14,87.37906646728516,87.55871533172652,86.4708395374709,86.4708395374709,39700
2020-01-15,87.41898345947266,87.97789527946081,87.14951396453988,87.41898345947266,23600
2020-01-16,88.47692108154297,88.47692108154297,87.88806903921055,87.97789728256585,27500
2020-01-17,88.09764862060547,88.72642341278896,88.0078280014353,88.72642341278896,17100
2020-01-21,88.30724334716797,88.58669541997739,87.84813481098348,87.85811741772606,24900
2020-01-22,88.69650268554688,89.0757580739415,88.49688857494463,88.73642550766732,27900
2020-01-23,88.1775131225586,88.48691308864807,87.79825773627113,88.48691308864807,23700
2020-01-24,87.03972625732422,88.26732809893633,86.83013718475601,88.26732809893633,17200
2020-01-27,86.73033905029297,87.03973137353236,85.33307086987475,85.77221425602022,29300
2020-01-28,87.1495132446289,87.32916211126631,86.64050685340648,87.08963282724932,31400
2020-01-29,87.1894302368164,87.72837680072713,86.92993575467462,87.33913888476351,26600
2020-01-30,86.8101806640625,86.97984692284778,85.68238204090453,86.48082313971555,24500
2020-01-31,85.13346862792969,86.70040315293875,84.8041110719375,86.65049772403106,39700
2020-02-03,85.66242980957031,86.25127425561776,85.05362014682684,85.52270375069467,30100
2020-02-04,86.95989227294922,87.41899329547138,86.77026839017893,86.80020860248479,19600
2020-02-05,87.69844055175781,87.90802962254301,87.349117819284,87.60861231313646,38600
2020-02-06,88.06771850585938,88.5168444966696,87.38904583008964,87.83817182089989,37000
2020-02-07,86.52074432373047,87.78826135859286,86.42093347738823,87.78826135859286,17500
2020-02-10,87.099609375,87.12955719872294,86.07162158097718,86.44090192857225,20600
2020-02-11,88.09764862060547,88.24735726705383,87.35909560982445,87.52876185570017,92400
2020-02-12,88.0577392578125,88.59667823754809,87.73836434432174,88.41702937280337,23200
2020-02-13,88.66654968261719,88.89610399278574,87.68846724850599,87.78827049073172,38100
2020-02-14,89.37516021728516,89.4051004251535,88.62662456258259,89.01586249386806,12900
2020-02-18,89.01585388183594,89.25538313610741,88.52680515230547,89.25538313610741,21100
2020-02-19,89.97398376464844,90.21351303289977,89.34520896555374,89.40509699349019,34700
2020-02-20,89.3052978515625,89.82427922559773,88.60665999999765,89.65461297009568,39700
2020-02-21,88.21742248535156,89.14560701300987,87.93797038919612,89.14560701300987,17200
2020-02-24,86.09159851074219,86.5107767259129,85.1434486074753,85.93190722048678,37100
2020-02-25,83.53656768798828,86.29118075463848,83.2670982295486,86.29118075463848,44000
2020-02-26,82.82795715332031,84.873957506446,82.65829091141175,83.58647536029102,50100
2020-02-27,81.28099822998047,83.77611720693716,80.85183746136397,81.40075906759515,47000
2020-02-28,79.82383728027344,79.89370029621232,78.04730644804624,79.04535388402893,81300
2020-03-02,81.88980102539062,81.88980102539062,79.23499100083109,80.11327006609608,68000
2020-03-03,80.22305297851562,83.56651809799541,78.9954588532929,82.14928490214366,48200
2020-03-04,82.90779876708984,82.91778137333618,81.02148975490071,81.50055586625713,38000
2020-03-05,80.71211242675781,81.81994587567223,79.65417678931315,81.32092207398101,26600
2020-03-06,80.0633773803711,80.0633773803711,78.23694849758657,78.82580052413674,33400
2020-03-09,75.4424057006836,76.98938234750472,73.85551385523952,74.39446041062563,67000
2020-03-10,77.80779266357422,77.80779266357422,74.67392370073868,77.4285373037244,66300
2020-03-11,74.34456634521484,75.95142364988307,73.27665567824583,75.8915432283051,25500
2020-03-12,68.18660736083984,72.09895187481874,64.76330400748371,69.7036362653118,81200
2020-03-13,70.5918960571289,71.43025221941419,66.07073493224225,71.37037181196449,88200
2020-03-16,64.55371856689453,65.99090953627585,62.0486169784587,63.875045899631,171400
2020-03-17,65.27230834960938,65.53180283296771,60.751150563050096,63.40595677404833,125200
2020-03-18,61.300079345703125,63.984829720406196,59.25408260788524,61.37992497803226,76900
2020-03-19,62.87699890136719,64.06467798392156,60.43178151597524,61.379927498953684,48800
2020-03-20,60.501644134521484,64.50381331472947,60.17229040798664,63.59559396294421,59600
2020-03-23,59.2341194152832,60.61142607347291,58.11630724709621,60.17228653064032,51900
2020-03-24,64.77328491210938,64.8231827189029,61.669356547318664,61.669356547318664,381800
2020-03-25,66.49992370605469,68.3163704393561,64.36410197396953,65.09268023514839,86200
2020-03-26,70.56198120117188,70.72167251496565,66.55981473410253,66.55981473410253,99600
2020-03-27,68.82535552978516,70.24258116967515,67.82730801755307,68.83533813696698,61800
2020-03-30,72.09896087646484,72.14886630529928,69.03495486271466,69.41421784705793,33800
2020-03-31,71.53007507324219,72.70777163487327,70.86138495815915,72.11892716130747,58300
2020-04-01,67.71753692626953,69.89328128124289,67.46802499388498,69.3443595986968,37200
2020-04-02,69.60383605957031,69.66372409219713,67.48798006439158,67.51792027345563,24500
2020-04-03,68.11673736572266,70.21263545407614,67.6376712470573,69.50402268972555,40100
2020-04-06,72.25862884521484,72.64786669815044,70.39227758061571,70.39227758061571,27300
2020-04-07,71.78955841064453,74.6339923194463,71.52008893065207,74.23477178858855,45400
2020-04-08,74.53419494628906,74.85356987316796,71.85942707824124,72.5081595400418,19100
2020-04-09,76.86962127685547,77.17902120457755,74.93341414912081,75.50230096525657,52100
2020-04-13,75.7118911743164,76.6101355328165,74.30464041024977,76.6101355328165,36000
2020-04-14,77.84770202636719,78.11717149069479,76.82969696563221,76.83967195781253,57600
2020-04-15,76.53030395507812,76.82972133440913,75.6819648663073,76.45045830532315,13500
2020-04-16,77.2788314819336,77.43851514977831,76.21092077838017,76.46043269616835,38500
2020-04-17,80.14323425292969,80.26299510499051,78.56631704179763,79.2948876068335,28500
2020-04-20,79.9036865234375,80.85183628963952,79.28490189939907,79.9036865234375,27500
2020-04-21,78.01737976074219,79.58431420214545,77.20896363416759,78.84576110361434,20100
2020-04-22,79.28490447998047,79.67414243825388,78.21699384314081,79.4545707459973,50100
2020-04-23,80.69215393066406,81.46065491338919,80.16318987513874,80.16318987513874,24500
2020-04-24,81.75008392333984,82.10937405994454,80.75203630682928,80.96162539255661,39200
2020-04-27,83.4767074584961,83.94579108704795,82.37885653191702,82.37885653191702,56200
2020-04-28,81.85985565185547,84.71427221744537,81.69018939800883,84.71427221744537,30400
2020-04-29,84.59452056884766,85.24325306135478,82.76809155001199,83.83600222617014,38200
2020-04-30,83.3070297241211,84.93384447978023,83.3070297241211,83.91583933518032,20200
2020-05-01,81.42072296142578,81.88980653979651,80.56240143813015,81.88980653979651,24700
2020-05-04,81.28099822998047,81.53051012767614,80.5923429557008,81.06142654168848,17100
2020-05-05,83.11738586425781,84.14537346312189,82.05945806185359,82.05945806185359,23400
2020-05-06,83.027587890625,84.07553337273295,82.83795639717239,83.33698023089029,97200
2020-05-07,85.01370239257812,85.15342845977786,83.84598842476619,84.41487530250787,41300
2020-05-08,85.8221206665039,86.71038252147606,84.84403817236593,85.83210327568892,25100
2020-05-11,88.21742248535156,88.72642886877671,85.81213184530067,85.81213184530067,46100
2020-05-12,85.37298583984375,88.24735995842305,85.37298583984375,88.24735995842305,38400
2020-05-13,82.95772552490234,85.3530338543908,81.89978981106215,85.3530338543908,48700
2020-05-14,83.35692596435547,83.37689117898094,81.16122445445058,81.9995883352586,57200
2020-05-15,84.41485595703125,84.57453959102192,82.78803372467047,82.78803372467047,34600
2020-05-18,86.28121185302734,87.66849740591913,86.28121185302734,86.35107488034927,26800
2020-05-19,85.03365325927734,86.38102362331612,85.03365325927734,86.26125516899074,32400
2020-05-20,85.9418716430664,86.8301333172671,85.51271090944711,85.83208580787323,21200
2020-05-21,85.23326110839844,85.86202831494089,84.53462326440841,85.68237945385755,20700
2020-05-22,86.19139099121094,86.19139099121094,85.02367713148595,85.62250416612706,83900
2020-05-26,85.8221206665039,88.11763345107224,85.67241198672775,87.64854980787351,102100
2020-05-27,86.42093658447266,86.42093658447266,83.67630573035049,86.3510735582204,114500
2020-05-28,87.26927947998047,88.8262312083411,86.67044486338165,86.67044486338165,40300
2020-05-29,87.85813903808594,87.85813903808594,85.83210339714765,87.11958586184484,17300
2020-06-01,88.0477523803711,88.69648478351709,87.58865144039808,87.8481383100579,49700
2020-06-02,87.69844055175781,88.34716536464121,86.84011905359074,88.34716536464121,29300
2020-06-03,88.12760925292969,88.76635913043525,87.96791797630371,88.02779839778887,25900
2020-06-04,86.67045593261719,87.89805791603148,86.21135491855559,87.8880753072803,26000
2020-06-05,89.43505096435547,89.87419436914932,87.16947852362281,87.9779023019478,27400
2020-06-08,89.67456817626953,89.86419964176643,88.95597274333208,89.49491931803517,29100
2020-06-09,87.90802764892578,89.47496195537754,87.7982418122414,89.39511632606192,19800
2020-06-10,87.57868194580078,88.22741444607695,86.91996683688977,88.13758619736211,44200
2020-06-11,82.03950500488281,85.5426540135591,82.03950500488281,85.5426540135591,42100
2020-06-12,83.45674133300781,84.89392466952532,81.83990151311454,84.45478891243604,25000
2020-06-15,86.00175476074219,86.34109488414346,81.9097613664815,81.9097613664815,23400
2020-06-16,86.77027130126953,88.3172407001355,86.38103329923553,88.3172407001355,31700
2020-06-17,87.0596923828125,87.72838242340265,86.89001850986537,87.37906729880321,17900
2020-06-18,86.5307388305664,87.64855507699444,86.38103775629051,86.85011381318867,15500
2020-06-19,87.61859893798828,88.37711723929763,87.04971211563098,87.66849674884489,38300
2020-06-22,87.85813903808594,88.02780532197245,86.80021089797033,87.36909779032491,43000
2020-06-23,88.81624603271484,89.6346446886374,88.57671676170045,88.57671676170045,143900
2020-06-24,85.62250518798828,88.14756441743448,84.73424342619492,88.01782096963846,30500
2020-06-25,86.6504898071289,86.68043001593826,84.6843348739961,85.51271618538178,25500
2020-06-26,85.32307434082031,86.63052167775555,85.23325372530832,86.63052167775555,20700
2020-06-29,86.71037292480469,86.71037292480469,84.9039092017355,85.74227314699617,22900
2020-06-30,89.22545623779297,89.35519968351898,86.54070577897143,86.54070577897143,21700
2020-07-01,89.72447204589844,90.0338643352004,89.0358168321637,89.0358168321637,97000
2020-07-02,90.74247741699219,91.22154357024586,90.41311991253643,90.6825970032723,26200
2020-07-06,91.4211654663086,92.3094272875023,90.98202966736417,91.82038605903035,117600
2020-07-07,90.18356323242188,91.66066911308455,89.83424816702849,90.7025445275067,104900
2020-07-08,90.52290344238281,90.69257730109909,89.54482117553786,90.14364814098346,127600
2020-07-09,90.36324310302734,90.82234414872045,88.69650520821763,90.77243871602556,27300
2020-07-10,90.17359161376953,90.34325786413426,89.57476462663043,89.94404494904038,39000
2020-07-13,89.24541473388672,92.66871831296329,89.2054919160711,90.56283726380693,27300
2020-07-14,90.65267181396484,90.67262941701159,88.04776678264562,89.27536115425616,17500
2020-07-15,94.28556060791016,94.4352692749662,92.15971428761233,92.15971428761233,32200
2020-07-16,92.7485580444336,93.98613485994122,92.2395516678101,93.98613485994122,23300
2020-07-17,95.31354522705078,95.46325388905063,93.31745003904972,93.34739024854991,22300
2020-07-20,94.90433502197266,95.81256192013309,94.37537105469164,95.62293045469337,54400
2020-07-21,95.61295318603516,96.1319345337032,95.45326193167692,95.45326193167692,17700
2020-07-22,95.75270080566406,96.57109963244325,95.51316387014344,95.89242687746784,29400
2020-07-23,95.57303619384766,97.30963681103108,95.35346451297993,96.04211976397445,20100
2020-07-24,94.60492706298828,95.71276043958846,93.78652838621593,95.71276043958846,19400
2020-07-27,95.90238952636719,95.90238952636719,94.83447890677168,94.83447890677168,15200
2020-07-28,94.44523620605469,95.41334354060456,94.3953383976285,95.41334354060456,13900
2020-07-29,96.35151672363281,96.81061770830345,95.36345172650468,95.36345172650468,15200
2020-07-30,96.52119445800781,96.6808857487808,94.66482508252118,96.00221299199535,14300
2020-07-31,95.07402038574219,96.60103205770295,93.90629885909641,96.60103205770295,22500
2020-08-03,96.9104232788086,97.0701145544507,95.82255501786845,95.82255501786845,25000
2020-08-04,96.96034240722656,97.15994891548583,96.0720805008225,97.07012827111922,53900
2020-08-05,98.93644714355469,98.94642975073623,97.13996619028657,97.59906713216058,41300
2020-08-06,96.51119232177734,98.47734715823694,95.57303282905168,98.47734715823694,38600
2020-08-07,96.70082092285156,97.45933914908306,95.99220811703587,96.83056435563536,30500
2020-08-10,95.22372436523438,97.04017067728476,95.10395591302817,97.04017067728476,30800
2020-08-11,94.4552230834961,95.92235425562195,94.32547963832465,94.94426426937179,26200
2020-08-12,95.53311157226562,95.95228971081877,95.0141225882964,95.26363447283973,23900
2020-08-13,95.82254791259766,96.11198261736297,94.87439816640128,95.30355891974312,13800
2020-08-14,94.73467254638672,95.52313103234899,94.46520305562677,95.52313103234899,13900
2020-08-17,95.57303619384766,95.84250568386807,94.91432115124444,94.91432115124444,19100
2020-08-18,95.48320770263672,95.95229127152777,95.034089348953,95.7626597995509,27600
2020-08-19,95.31354522705078,95.99221789555111,95.09397353805085,95.86247444955062,44100
2020-08-20,95.0440673828125,95.58300633549854,94.87439351970953,94.94425654057609,18800
2020-08-21,94.64485931396484,94.88438861496167,94.09593006741048,94.81452558490012,22600
2020-08-24,94.21568298339844,95.57302815597224,93.9062830888793,95.3135336809072,32900
2020-08-25,95.40336608886719,95.55307475123317,94.62489018196277,94.62489018196277,34400
2020-08-26,95.71277618408203,95.84251964417552,94.73468608533972,95.50318708031575,24500
2020-08-27,95.91236877441406,96.45131536932506,93.81647042609256,95.60297646815904,69400
2020-08-28,96.10199737548828,96.17186039786154,95.21373568481478,95.96227133074179,21100
2020-08-31,96.58106231689453,97.0202056948755,95.84250922942562,96.40141344540221,17300
2020-09-01,95.88241577148438,96.57107093105984,95.70276693048632,96.57107093105984,23200
2020-09-02,98.18792724609375,98.29771309919155,96.17187429870594,96.21179711933236,42100
2020-09-03,95.253662109375,97.90846467466257,94.36540038504019,97.90846467466257,32900
2020-09-04,93.60687255859375,95.62292508541488,91.58083742507363,95.62292508541488,43900
2020-09-08,92.83837890625,93.72664822300978,92.20961169668814,92.56890942058018,44500
2020-09-09,95.08399963378906,95.58302347646865,94.02607152394819,94.02607152394819,26300
2020-09-10,94.41529083251953,96.05208810351705,94.27556479337325,95.55306435956663,17500
2020-09-11,93.78652954101562,95.42332691471434,93.30746336638498,95.02410637160521,20200
2020-09-14,95.7426986694336,95.80257908385107,94.83447177344433,94.83447177344433,16000
2020-09-15,95.89241790771484,96.5611079908695,95.59300057357142,96.35151890276875,19300
2020-09-16,95.87246704101562,96.96034307770175,95.87246704101562,96.5711050537545,18200
2020-09-17,95.28361511230469,95.28361511230469,94.31550762523891,94.89437711856685,9300
2020-09-18,95.55307006835938,96.87049252651762,94.4452366814424,95.7427015390294,19500
2020-09-21,94.06597900390625,94.06597900390625,92.27947302473417,94.05599639662084,26200
2020-09-22,94.5450439453125,94.61490696641235,93.10785309468908,94.37537008164297,19500
2020-09-23,92.69865417480469,94.72469710780011,92.69865417480469,94.64485147591388,39500
2020-09-24,92.03993225097656,93.0479622548964,91.50098574238072,92.21958108717517,28000
2020-09-25,94.19572448730469,94.19572448730469,91.86029688866418,92.00002293570257,17600
2020-09-28,95.43330383300781,96.06207101113411,95.31353539286553,95.31353539286553,14600
2020-09-29,96.01217651367188,96.95034369860575,95.26364081024565,95.26364081024565,19400
2020-09-30,97.169921875,98.058183693188,96.07207095960464,96.07207095960464,16600
2020-10-01,96.6209716796875,98.16794828070103,96.2916218065634,97.68888215193302,64500
2020-10-02,95.99221801757812,96.22177231486957,94.85444436813107,94.91432478720759,16400
2020-10-05,98.14799499511719,98.25778083766643,96.67088884636162,96.67088884636162,32000
2020-10-06,98.30768585205078,100.28382339519224,98.26776303542687,98.69692379601068,27600
2020-10-07,101.22199249267578,101.37170116552659,99.0761884871459,99.0761884871459,32100
2020-10-08,101.57130432128906,101.99049011442123,101.07228050448809,101.99049011442123,44500
2020-10-09,102.5394058227539,102.61925145631093,101.65114408930349,102.61925145631093,24800
2020-10-12,103.21807098388672,103.46758285976026,102.32980931493677,103.03842212867784,13300
2020-10-13,102.50946044921875,102.87874077494106,102.24996596048149,102.77893754527238,17800
2020-10-14,101.63117980957031,103.457608581047,101.44154834595851,102.5493816916412,24800
2020-10-15,101.85074615478516,102.01042978855779,100.16404351379322,100.26384673671333,15800
2020-10-16,102.04037475585938,102.97854184698474,102.04037475585938,102.23998882551274,16700
2020-10-19,101.0722885131836,103.44764694265264,101.04234830012301,102.49949704690248,14400
2020-10-20,100.70301055908203,101.74098104068746,100.67307034755966,101.2020343897866,11900
2020-10-21,100.09420013427734,100.93255650868501,99.81474800947478,100.74293263228289,11200
2020-10-22,102.69908905029297,102.75896946352377,100.6431060268907,100.6431060268907,11600
2020-10-23,103.17814636230469,103.33783761502505,102.50945637415875,103.33783761502505,12300
2020-10-26,102.04037475585938,102.61924413610686,101.14213047866467,102.40965507384446,20300
2020-10-27,101.85074615478516,102.7390077834205,101.67109730772982,102.13019822476062,18100
2020-10-28,98.23782348632812,100.30378166987394,98.15797785254405,100.30378166987394,50000
2020-10-29,99.31571197509766,99.78479553314435,97.8086580707239,98.44740788161774,21500
2020-10-30,97.1998519897461,99.32569056730335,96.40141088994596,98.74682876517184,24700
2020-11-02,97.45933532714844,98.55718600276064,96.73075733593888,98.20787091704283,28100
2020-11-03,100.00436401367188,100.29379872429043,98.43742962480502,98.43742962480502,15700
2020-11-04,101.19204711914062,102.26994037128321,100.5932200727833,101.22198732928364,53500
2020-11-05,101.70105743408203,102.91867678990577,101.3018368497055,102.52943881412597,44900
2020-11-06,102.35975646972656,103.15819757251798,101.77091205765439,101.94057831728549,21800
2020-11-09,104.54547882080078,106.59147930414325,104.54547882080078,105.33393728364257,25500
2020-11-10,105.22415924072266,105.48365374993683,102.98853473883604,104.76505825641998,22800
2020-11-11,104.91476440429688,105.77308593269429,104.22610913710625,105.77308593269429,27200
2020-11-12,104.30596160888672,105.24412121820757,103.66721172464729,104.91477128206795,20400
2020-11-13,105.50360870361328,106.17229875432511,104.83491865290145,105.1542935737264,21100
2020-11-16,105.69324493408203,106.59148931883325,105.23414394065342,106.59148931883325,38500
2020-11-17,105.43374633789062,105.56348978280431,104.0764010122598,104.95468776090256,19600
2020-11-18,104.43569946289062,105.76310458830449,104.3957766454535,105.7431393723365,100300
2020-11-19,104.91476440429688,104.96466221462306,104.01652005893926,104.59538948311403,19600
2020-11-20,104.81494903564453,105.26407499620905,104.32590787433948,104.93471748136142,15600
2020-11-23,105.47366333007812,105.78305562790027,104.79499070474365,105.26407426240844,31000
2020-11-24,105.3938217163086,106.33198886738809,105.25409566587105,106.33198886738809,35900
2020-11-25,104.30596160888672,105.53355594926907,104.04646708888343,105.41379510503621,27300
2020-11-27,105.95272827148438,105.95272827148438,104.5554602219915,104.5554602219915,7400
2020-11-30,105.77307891845703,106.07248860405534,105.09440630413665,105.95272777561532,25600
2020-12-01,105.59344482421875,107.04061087651645,105.3738731220496,106.63140768347407,39600
2020-12-02,105.72317504882812,105.75311525637761,104.45565803741003,105.40380014413628,23700
2020-12-03,105.79304504394531,106.21222320626235,105.48365272621115,105.65331898983963,17900
2020-12-04,107.819091796875,107.89893744034322,105.66331272473084,106.21223439095057,24300
2020-12-07,107.9388427734375,108.70733602743094,107.68933088890088,108.13844923526742,23000
2020-12-08,109.28620910644531,109.29619171422243,107.60948888132812,108.13845287603496,26900
2020-12-09,108.36801147460938,109.73533182896465,107.56957033968008,109.73533182896465,19500
2020-12-10,109.6854248046875,109.83513345672519,107.40987766010937,107.78913297937294,42600
2020-12-11,107.9887466430664,109.66546690584687,107.48972284598293,109.66546690584687,20800
2020-12-14,107.69931030273438,109.67544010554704,107.69931030273438,108.54764916210337,36300
2020-12-15,109.84512329101562,109.84512329101562,107.91889099793505,108.31811158580915,26500
2020-12-16,109.87506103515625,110.35412725274688,109.03670467249667,110.21440119230361,55500
2020-12-17,111.84121704101562,111.84121704101562,110.00481302295292,110.54375966681896,30500
2020-12-18,112.37017822265625,112.62967273670533,111.33221539545806,112.32028041020389,18700
2020-12-21,112.65960693359375,112.669589541351,110.21439343347461,111.04277474385732,43800
2020-12-22,114.03691864013672,114.0967990583062,112.77937655708655,112.85922219097834,48400
2020-12-23,114.11676025390625,114.87527857077214,114.03692223199852,114.69562969610651,20300
2020-12-24,114.07683563232422,114.81538867186597,113.69757269795271,114.35628772217794,7700
2020-12-28,113.3981704711914,115.27449720834136,113.37820525517449,114.97507988407858,53400
2020-12-29,112.52986907958984,114.09680353735983,111.66156490955207,114.09680353735983,23800
2020-12-30,113.23847198486328,114.16665649353013,112.81929384920687,112.81929384920687,38100
2020-12-31,113.61772918701172,113.69757481831566,112.51987840732738,113.48798574701671,29000
2021-01-04,112.99894714355469,114.37625004954259,111.13259544561207,114.37625004954259,57800
2021-01-05,114.95512390136719,115.26451622349644,112.49992769713435,113.09875473959376,25400
2021-01-06,116.7216567993164,117.59994350811232,114.43613463265037,114.43613463265037,45800
2021-01-07,117.6797866821289,117.97919636928738,116.90130322072099,117.32048896594011,39200
2021-01-08,118.55805969238281,119.54612455410113,116.98114286473279,118.26862501278897,27900
2021-01-11,118.39838409423828,118.4882123378137,117.36041367608236,117.97920592954999,27800
2021-01-12,118.79759979248047,119.23674315531301,118.2985760127157,118.65787374330621,39300
2021-01-13,119.4563217163086,120.17491721887409,118.47823170126134,119.17686960186624,18000
2021-01-14,120.37451934814453,121.06317461564309,119.88547816553623,120.09506724379692,46000
2021-01-15,118.96725463867188,120.40444542317728,118.76764819171184,120.40444542317728,24400
2021-01-19,120.4543685913086,120.80368373220973,119.60602203047858,120.80368373220973,74800
2021-01-20,121.64202880859375,122.1710003895557,120.91345838423754,121.14300504936413,37600
2021-01-21,121.41248321533203,122.2907622981105,120.09506078391516,121.53224404532553,31500
2021-01-22,122.2009506225586,122.38059949520017,120.50426513327723,120.8635628785604,36100
2021-01-25,122.69995880126953,123.68802366775398,120.97333332212185,122.6101305691357,46600
2021-01-26,122.34066772460938,123.52833910424425,122.0013276057863,123.52833910424425,18600
2021-01-27,119.53616333007812,122.16103351495157,119.26669381576944,120.97335437838909,55500
2021-01-28,119.80562591552734,121.8117035745245,119.7956433082094,120.31463228576509,27800
2021-01-29,118.30856323242188,120.50426490318297,116.61187774638022,120.03518131359792,33100
2021-02-01,119.21678161621094,119.9154194981242,118.5580741661486,119.15690119743222,28100
2021-02-02,121.02323913574219,121.86159536106598,120.27470352834682,120.44436977187692,51900
2021-02-03,120.54418182373047,121.23283706960177,119.51619406595061,121.23283706960177,24400
2021-02-04,122.68000793457031,123.49840665378537,120.95338986800022,121.22285936691908,37100
2021-02-05,124.90565490722656,125.07532116664528,123.6181726281988,124.15711922973358,27700
2021-02-08,126.09333038330078,126.74206284750869,125.5144685611527,125.68413482601508,42300
2021-02-09,126.68218231201172,126.98159963814082,126.14323569367866,126.58237907480165,20700
2021-02-10,126.46260833740234,128.04950795402732,125.80390089211373,127.8698514699955,28400
2021-02-11,127.65027618408203,128.0295314911133,126.56240045456109,127.21113284946829,24700
2021-02-12,128.70822143554688,128.77807684642664,127.3009707057112,127.68022604140869,19000
2021-02-16,127.31095123291016,129.78610505204944,126.02346889683005,129.3070464613446,88700
2021-02-17,126.31291198730469,127.25107924346499,124.77591764583977,127.25107924346499,27000
2021-02-18,124.6960678100586,125.52444151927722,123.53832895553806,125.26495462940092,38200
2021-02-19,124.52638244628906,125.75398421399532,124.03734130640521,125.19508005412807,111800
2021-02-22,122.65006256103516,124.03734804355541,122.41053328158162,124.03734804355541,127200
2021-02-23,121.38256072998047,121.86161934889485,119.17687628641765,121.58216721877822,129800
2021-02-24,122.89956665039062,123.35866757958892,121.2627693847278,121.59212688214116,23500
2021-02-25,120.13500213623047,123.36867449149996,119.6259956867206,123.11916257118133,89100
2021-02-26,120.1649169921875,121.5821425730667,118.4382915175404,120.51423208402421,61900
2021-03-01,122.7498779296875,123.07923548056253,121.532258582452,121.532258582452,82000
2021-03-02,121.03321075439453,122.55024714054886,120.95337274551622,122.4404613120312,34300
2021-03-03,118.48821258544922,121.10309243068305,118.3484865302611,120.70387948128781,21900
2021-03-04,114.42615509033203,118.30855951717137,113.17859563146338,117.93927917612673,55500
2021-03-05,115.97312927246094,116.07294012509134,111.28230854979388,115.19465335473738,128000
2021-03-08,114.23651885986328,117.02107236986687,113.94708416371614,115.91323900735475,35200
2021-03-09,117.11088562011719,118.50815359081892,115.67370245166492,115.67370245166492,29300
2021-03-10,117.84945678710938,119.84555189143916,117.49015905917014,117.8294915719469,61400
2021-03-11,119.90544891357422,119.98529455628484,118.74771755226855,118.95730665350925,40700
2021-03-12,119.87548828125,119.93536869583298,118.44828002253561,119.67588182297457,35900
2021-03-15,121.15299224853516,121.7118964434164,120.41443918894227,120.76375431074305,70600
2021-03-16,120.26472473144531,121.73185578673784,119.63595754253346,121.22284942552452,44300
2021-03-17,120.76375579833984,121.42247084856288,118.73772045243955,119.93537448893767,28300
2021-03-18,118.10894775390625,120.55416890999543,117.89935867444126,120.02520490736967,102100
2021-03-19,119.37646484375,119.9054288126582,117.60991646379428,117.9692141812599,23800
2021-03-22,120.2048568725586,120.82364151895932,119.13694623188421,119.76571348646853,24900
2021-03-23,118.21874237060547,120.20486269794705,117.76962396906556,120.20486269794705,23200
2021-03-24,115.74356842041016,118.91735973734369,115.65374018693663,118.91735973734369,32600
2021-03-25,116.64183807373047,116.72167610314435,113.46804606591283,114.85533176728755,36700
2021-03-26,117.27059173583984,117.3703949718642,115.27449655735747,117.35043737045886,22600
2021-03-29,115.58389282226562,117.49016743780292,115.04494619192259,116.98116101784022,18100
2021-03-30,117.02108764648438,117.37040280312625,115.06491515479053,115.18468361471031,87000
2021-03-31,119.38644409179688,119.87548523228199,117.83946742876476,117.83946742876476,33800
2021-04-01,119.64593505859375,120.43439352039705,119.37646557609057,119.80562631822404,26600
2021-04-05,119.90544891357422,120.69390750271754,119.23675878849684,120.69390750271754,28200
2021-04-06,120.65396118164062,121.60210325703636,119.89544295262517,120.05513420694342,53900
2021-04-07,118.91736602783203,120.43439493970615,118.66785414259297,120.43439493970615,42500
2021-04-08,120.73380279541016,120.79368320653992,119.66589231477484,119.8156009570971,18800
2021-04-09,121.36259460449219,121.40251742485296,120.35456433025583,120.62404146406624,16700
2021-04-12,120.01521301269531,120.86355187283759,119.30660019471773,120.86355187283759,46500
2021-04-13,121.97140502929688,122.10114848538167,120.38451288645423,120.38451288645423,92800
2021-04-14,122.02128601074219,123.14907691243894,121.73185133023638,122.06120882334622,16900
2021-04-15,123.56827545166016,123.59821566243849,122.68001366423995,122.7399017002958,18900
2021-04-16,123.29878997802734,124.00740279454209,122.3406652846624,124.00740279454209,17100
2021-04-19,121.32266235351562,122.7299131074724,120.81366356610465,122.7299131074724,26100
2021-04-20,120.57412719726562,121.75182366083911,119.73577087463646,121.08313360143266,59200
2021-04-21,124.0772705078125,124.13715092388166,120.57412149229494,120.57412149229494,44300
2021-04-22,124.67610931396484,125.72406238136648,124.28687134367262,124.28687134367262,18300
2021-04-23,126.01350402832031,126.53248547903391,124.65615855476217,124.72602158879091,26600
2021-04-26,126.87181091308594,127.20116082695358,125.65419164906383,126.19313825516372,22100
2021-04-27,126.1931381225586,127.02151182477803,126.05341207088308,127.02151182477803,21400
2021-04-28,127.04147338867188,127.41075372291299,125.71406832141174,125.79391395278795,22400
2021-04-29,126.22309112548828,127.76007784970729,125.65420425329047,127.76007784970729,23600
2021-04-30,125.5743408203125,126.10330479668511,124.9256083982618,125.21504309777669,14600
2021-05-03,125.7440185546875,126.22308476664057,125.30488277610458,126.22308476664057,32700
2021-05-04,122.6101303100586,124.93558274535896,121.51227961467364,124.93558274535896,39200
2021-05-05,121.59214782714844,123.1490997347546,121.28274787575285,123.1490997347546,26700
2021-05-06,121.22284698486328,121.42246105117219,119.4662812738351,121.42246105117219,26900
2021-05-07,122.43048858642578,123.75789362781666,121.7717811766556,121.7717811766556,23700
2021-05-10,117.9991683959961,122.47041727747744,117.87939994551938,122.30075101684282,49300
2021-05-11,117.9193344116211,118.957304908131,115.07490005866103,116.7715780616198,46800
2021-05-12,114.74553680419922,117.10092981122533,114.66569116662227,116.69172662951782,24900
2021-05-13,114.84532928466797,116.32244298346203,113.75746112897038,115.2545324280394,27400
2021-05-14,116.77156829833984,117.1608062501744,115.33437732879757,115.90326415182491,28900
2021-05-17,116.16276550292969,116.85142081883178,115.61383624902233,116.16276550292969,12700
2021-05-18,117.23066711425781,118.62793524059018,116.30248256596904,116.30248256596904,18100
2021-05-19,117.19073486328125,117.19073486328125,115.25452790368402,115.83338966291518,16200
2021-05-20,118.94731903076172,119.11698530349544,117.36041931040124,117.36041931040124,16400
2021-05-21,119.37646484375,120.64398184767164,119.37646484375,119.78566036867022,18300
2021-05-24,119.65592956542969,120.42443050345389,119.63597196324035,119.69585238430749,52400
2021-05-25,119.32656860351562,120.33459881144147,119.32656860351562,120.0551467017984,12700
2021-05-26,119.4563217163086,119.71580861429133,118.09897634801801,119.4064162896586,16500
2021-05-27,120.68390655517578,120.76375218575342,119.50621015490006,120.23478820854879,16400
2021-05-28,120.8336181640625,121.87158854346177,120.70387472207457,121.25279631309914,20000
2021-06-01,120.06513214111328,121.20290582263215,119.40641705470811,121.20290582263215,24100
2021-06-02,118.3385009765625,119.76570931717208,118.07900647431565,119.76570931717208,29300
2021-06-03,118.43830871582031,118.6478978013565,116.79152862717984,117.6797980104033,100700
2021-06-04,119.66590118408203,119.89544785342473,119.2068002308982,119.2068002308982,15700
2021-06-07,120.97335815429688,121.63207327683278,119.93538765528544,120.06513872672406,29400
2021-06-08,122.04124450683594,122.14104773183064,120.08507236184732,121.40249472947222,13300
2021-06-09,122.22091674804688,123.06925574460247,121.95144722754077,122.51035148607161,21400
2021-06-10,123.82776641845703,123.97747508255499,121.78176577628261,122.49038627871299,20100
2021-06-11,124.71601867675781,124.71601867675781,123.70798853744473,124.18705470315243,12500
2021-06-14,125.39469146728516,125.65418595798747,124.75594165517055,124.92560790834197,14000
2021-06-15,125.08531188964844,125.54441288788968,124.25693052533308,125.54441288788968,16800
2021-06-16,125.2948989868164,125.43462504429843,124.21700573095586,125.15517292933438,10500
2021-06-17,126.75202178955078,127.21112268701732,124.96551600176937,124.96551600176937,15900
2021-06-18,125.47453308105469,126.47258058234911,125.18509839193953,125.86377099739966,18600
2021-06-21,126.89176177978516,127.25105949811618,124.0872506698387,125.71406539514423,15100
2021-06-22,127.90977478027344,127.90977478027344,126.39273827434353,126.93168485293718,13800
2021-06-23,128.60842895507812,128.94776152266684,127.92974859090117,127.97965402236999,92600
2021-06-24,129.10743713378906,129.85597282792537,128.97768607352617,129.38688924128013,31400
2021-06-25,130.51467895507812,130.95382230220181,129.2471543356978,129.2471543356978,21900
2021-06-28,129.92581176757812,131.19333631306444,129.21720659520872,130.93384945443555,27400
2021-06-29,129.6663360595703,130.3350260915759,129.28707311673247,130.3350260915759,17800
2021-06-30,128.9676971435547,130.42483794243998,128.358887568953,129.39685025189885,18100
2021-07-01,129.57650756835938,129.57650756835938,128.78804152232678,129.06750883044947,50500
2021-07-02,128.63836669921875,129.74620024896603,128.02955699658287,129.74620024896603,30200
2021-07-06,128.4886474609375,128.63834850229483,127.22112280445626,128.58844307884337,18100
2021-07-07,128.06947326660156,129.02759041883687,126.9915724340899,128.90782958205685,31000
2021-07-08,127.29100036621094,127.51057207127651,125.35478545554106,126.54246461594158,17400
2021-07-09,127.76005554199219,128.02953263227002,127.18119377652138,127.69020013576983,16800
2021-07-12,128.43875122070312,128.54853706854706,127.25107211102716,127.61036986497116,55300
2021-07-13,126.05341339111328,128.25909003202065,126.05341339111328,128.25909003202065,23600
2021-07-14,122.97942352294922,126.35282158833289,122.92951809835382,126.35282158833289,22100
2021-07-15,121.5821533203125,122.75984974439149,120.34457647933921,122.75984974439149,24000
2021-07-16,122.34066772460938,123.12912618492065,121.8117037534571,122.20094167994644,24500
2021-07-19,121.48235321044922,122.63010945558811,120.7438001299376,120.8336207575882,18700
2021-07-20,124.02738189697266,124.65615680892486,121.54224530475548,121.70193658858446,35000
2021-07-21,125.62425231933594,125.62425231933594,123.75790059336165,124.79587099594906,27600
2021-07-22,125.49449157714844,125.87375450362833,124.65613532503158,125.75398606139812,15000
2021-07-23,126.45262145996094,126.50252688322908,124.82580669569982,125.67414558976853,105700
2021-07-26,125.0753173828125,126.41270504568001,124.78588268253148,126.41270504568001,32400
2021-07-27,125.64421844482422,125.74402168723852,124.53638494067721,124.75595664268822,19200
2021-07-28,127.87983703613281,128.26907497019866,125.25496711494691,125.75399088831324,14400
2021-07-29,128.9776611328125,129.40682943354014,127.96963874207177,127.96963874207177,24500
2021-07-30,129.5166473388672,130.03562115012195,128.49863447540844,128.49863447540844,16400
2021-08-02,129.72621154785156,130.40489177614762,129.3369736267247,130.30508093319344,53300
2021-08-03,128.6583251953125,129.97574016377706,127.92973945171623,129.97574016377706,82400
2021-08-04,128.35890197753906,129.3868897834742,127.61036628026604,128.6483290797256,18100
2021-08-05,128.35890197753906,128.5285682414412,126.8917707925641,128.19921070716134,24600
2021-08-06,128.35890197753906,128.55850845101233,126.64225889347308,128.3988171806346,30700
2021-08-09,127.89978790283203,128.72816919980352,127.84989770834947,128.5185877417849,16400
2021-08-10,124.42658233642578,127.96965407382582,124.4066247364298,127.96965407382582,21800
2021-08-11,123.09917449951172,124.68607397766277,122.15103242412766,124.68607397766277,41000
2021-08-12,124.15711212158203,124.43656420686064,123.17902220860869,123.3087732585582,100200
2021-08-13,123.13911437988281,124.3667163204631,122.99938832023942,124.3667163204631,89800
2021-08-16,123.6680679321289,124.01738303013971,122.2807749180322,122.76982366974538,50200
2021-08-17,124.04734802246094,124.04734802246094,122.41055042373368,123.12914597722362,21800
2021-08-18,123.26885223388672,124.82580393989845,123.20896420438741,124.37668559839456,43700
2021-08-19,122.58020782470703,123.58823804836894,122.3606361309887,122.75985670006759,36300
2021-08-20,124.62620544433594,124.66612826172059,122.49038420849969,122.49038420849969,15600
2021-08-23,125.8338394165039,126.0035056758749,125.115243947993,125.115243947993,16900
2021-08-24,126.86182403564453,127.13129352237597,125.76397325920402,125.81387106774767,14100
2021-08-25,126.7719955444336,127.1712160844796,126.7520379439556,127.03149003763826,10900
2021-08-26,126.46260833740234,127.39079289423991,126.12327581411704,126.97161473682908,11500
2021-08-27,128.528564453125,128.9677078192213,126.85184423607396,126.85184423607396,14300
2021-08-30,129.4368133544922,130.16538393785493,129.02761012765836,129.0375851225812,35400
2021-08-31,130.71429443359375,130.7442346430548,129.35694909836855,129.50665014567372,21600
2021-09-01,131.82212829589844,131.82212829589844,130.345022118064,131.0236871733671,19900
2021-09-02,133.07965087890625,133.60861483909974,132.27123483517647,132.27123483517647,32100
2021-09-03,132.7104034423828,132.97988058459916,132.2113795940559,132.57067737401124,60900
2021-09-07,132.5906219482422,133.08964571887313,132.0816079556406,133.08964571887313,22300
2021-09-08,132.5806427001953,133.3890588388919,132.19140473604517,132.31118080662856,13600
2021-09-09,131.46279907226562,133.24929714040107,131.34303826271295,132.57063224761035,17100
2021-09-10,130.24520874023438,131.91194636559908,130.18532832228075,131.91194636559908,22900
2021-09-13,129.00762939453125,130.8739887926446,128.28903389250866,130.8739887926446,17200
2021-09-14,129.58648681640625,130.13541600021583,129.03755763259667,129.4567509940488,14000
2021-09-15,129.9557647705078,130.25516682140196,128.45869360005528,129.50663123617568,13100
2021-09-16,130.6045379638672,130.72429882864708,129.22722710289392,130.49475209481858,14100
2021-09-17,131.53269958496094,131.62253545193397,130.23524975911997,130.80412902861957,18500
2021-09-20,127.9996109008789,129.95579099240413,126.62230788737574,129.25714545536036,33300
2021-09-21,128.5984344482422,129.74618305288033,128.34892255775588,128.68825507385793,14300
2021-09-22,129.62644958496094,130.26519955029642,128.36889964486264,129.25716155336045,22200
2021-09-23,131.103515625,131.45283832938412,130.06555296205173,130.37494523959413,14500
2021-09-24,129.6663360595703,130.50469234784626,129.4866948102242,130.50469234784626,13300
2021-09-27,128.66827392578125,129.34695410294304,127.76004710191555,129.17727263690608,13200
2021-09-28,125.15516662597656,127.95968547161593,125.11524380949251,127.95968547161593,14700
2021-09-29,124.95555877685547,126.43267260245493,124.95555877685547,125.65419667842916,20500
2021-09-30,124.87571716308594,126.73208628906706,124.7559487111037,125.76397890874908,19800
2021-10-01,125.75399780273438,125.97356949340818,123.17903316310341,125.40468266507101,28500
2021-10-04,122.21092224121094,125.38471382723387,121.64203542930582,125.38471382723387,35100
2021-10-05,123.76788330078125,124.88569172408268,122.35064994131167,122.35064994131167,40100
2021-10-06,123.8776626586914,123.90760286639103,122.2308827047264,122.47041198082181,23600
2021-10-07,125.15516662597656,126.41270869447858,124.41661355726843,124.7559460756348,13800
2021-10-08,123.039306640625,125.52444302713096,122.99938382297243,125.52444302713096,21500
2021-10-11,121.50231170654297,123.22893739091936,121.50231170654297,122.69997338552913,15600
2021-10-12,122.63011169433594,123.23892134118935,121.80173035655193,121.80173035655193,14800
2021-10-13,122.73989868164062,123.36866593601941,122.38060093213875,123.23892248767113,102000
2021-10-14,123.64810180664062,124.53636345553278,123.51835837533545,123.75788763870577,12600
2021-10-15,123.01934814453125,124.51641953037182,122.99938292860071,124.45653149707898,9200
2021-10-18,121.8716049194336,122.5203374455411,121.35261585274772,122.5203374455411,28000
2021-10-19,124.57628631591797,125.12521547645257,122.35063708215709,123.05925749466468,17700
2021-10-20,125.36476135253906,125.80390473915953,124.89567775583066,125.27493310777623,13700
2021-10-21,125.92365264892578,125.99351567012337,125.31484305799049,125.65418317130604,13200
2021-10-22,125.22503662109375,125.85380388309196,124.70604759241347,125.61427458535441,14200
2021-10-25,125.33480834960938,126.02345595483919,124.86572480078001,125.31484313525591,12900
2021-10-26,125.37474060058594,125.91368721122166,125.15516891316041,125.70409051722544,15200
2021-10-27,124.16710662841797,125.3447954965287,123.66808282416807,125.3447954965287,29300
2021-10-28,125.22503662109375,125.47454852713258,124.26691181564449,124.62620956950035,21400
2021-10-29,125.59429931640625,125.64420473941931,124.01738998347311,124.91563429621887,166800
2021-11-01,127.36084747314453,127.6902049895601,125.72405011304703,125.72405011304703,23000
2021-11-02,127.77005767822266,127.90978373269323,126.75204486479548,127.90978373269323,48400
2021-11-03,131.61253356933594,131.74228463202562,128.27905820406085,128.27905820406085,22000
2021-11-04,131.203369140625,132.29123757648676,130.65443981046516,131.68242781558234,29000
2021-11-05,130.90391540527344,132.06165417482822,130.12543956377883,131.24324790459232,14400
2021-11-08,130.3749542236328,131.6724038344755,130.28511837154633,131.5925734332825,21500
2021-11-09,127.51056671142578,129.1373815990756,127.47064389268296,129.1373815990756,26700
2021-11-10,125.99352264404297,127.89978953623336,125.56436188593226,126.90174958438138,15600
2021-11-11,125.2948989868164,126.56241611240311,124.8357979958756,126.56241611240311,19900
2021-11-12,125.66417694091797,126.07337249728073,125.08530750557662,126.07337249728073,56100
2021-11-15,123.98745727539062,126.56241430835476,123.49840846667549,126.2330643858412,18900
2021-11-16,125.55438232421875,125.80389420672753,123.51836444920728,123.78783393193748,33800
2021-11-17,124.34675598144531,124.97553088900489,124.30684077526644,124.94559067712099,21400
2021-11-18,121.93145751953125,124.656130461605,121.50229680307268,124.656130461605,26100
2021-11-19,121.66200256347656,122.42052086281136,121.55221671957948,121.55221671957948,37100
2021-11-22,119.62598419189453,121.76180541543154,119.4862581391023,121.76180541543154,49800
2021-11-23,118.30856323242188,119.22676519550387,116.8314494363561,119.22676519550387,36700
2021-11-24,119.26668548583984,119.28664308700615,117.01109582911076,117.60992285258344,42600
2021-11-26,115.76355743408203,118.57805180987552,115.49408788953271,117.77961817137744,22400
2021-11-29,114.49601745605469,117.96921870542324,114.256488173391,116.033011614269,798100
2021-11-30,112.65960693359375,114.77547052271018,112.50990588972827,114.1467032949792,307100
2021-12-01,111.142578125,115.17469122591652,111.142578125,113.78740571127058,42900
2021-12-02,113.00892639160156,113.40813931631023,110.82319984067895,111.06272911840384,39200
2021-12-03,110.33416748046875,113.56783963848886,109.46586330950542,113.3183277333901,78300
2021-12-06,112.65960693359375,113.18857854174686,109.37602951533464,110.63357158529526,58700
2021-12-07,116.46217346191406,117.55004165902042,114.32635226977061,114.32635226977061,307300
2021-12-08,117.58995819091797,118.12890476403281,116.1627499365115,116.78154213849483,27200
2021-12-09,114.42615509033203,117.63986947469745,114.40618987487089,116.97117181772488,29300
2021-12-10,112.97898864746094,115.93321633242556,112.87918540738085,115.2345784228667,15000
2021-12-13,113.03887176513672,113.54787055174994,112.00090136156463,112.78935986854243,33100
2021-12-14,111.0128402709961,112.61968993599942,110.5936544830179,112.11069113156007,23300
2021-12-15,113.08876037597656,113.20852881781822,110.09461786041882,111.15255339377465,36300
2021-12-16,111.24237823486328,113.93711116980343,110.95294353363832,113.71753949201218,41200
2021-12-17,114.2265396118164,114.87527204539721,110.75333838490455,110.79326120084015,21200
2021-12-20,112.60167694091797,112.98093884557626,111.21436739788801,112.53181270546432,42700
2021-12-21,115.81546020507812,116.10489996056505,113.53987328842936,113.97901669793416,35200
2021-12-22,117.8415298461914,117.97127555008038,115.95518767578228,116.04500986740587,34700
2021-12-23,118.9693374633789,119.26875999037878,117.4522821093365,118.29065300152624,41300
2021-12-27,119.1689682006836,119.24881523199947,118.17090315313119,118.92943472136798,47600
2021-12-28,117.70181274414062,119.26877458260718,117.48223721276038,119.15898681691705,49200
2021-12-29,117.50218963623047,118.01119727699295,117.09297935267459,117.45228334299591,42400
2021-12-30,118.07109069824219,119.16896065813607,117.3025763960744,117.3025763960744,48000
2021-12-31,117.07303619384766,118.57013380443583,117.05307062817911,117.80161943347319,38600
2022-01-03,119.29872131347656,119.33864483161021,116.19473821393574,117.35249739591414,89000
2022-01-04,117.40238952636719,119.57817164803522,116.60394205218029,119.28873186870415,69300
2022-01-05,113.23048400878906,117.94135255985755,113.06081476711365,117.33253223183871,67500
2022-01-06,111.86312866210938,113.74947093050298,110.80517456870052,113.38018413383939,77700
2022-01-07,109.39788818359375,112.14256650518543,109.3779226225164,111.4738648870726,59000
2022-01-10,110.86506652832031,110.9249479940692,107.54150811588163,108.46970890814923,374300
2022-01-11,113.18057250976562,113.37019968179405,111.01477328752905,111.47388227371988,224800
2022-01-12,112.20245361328125,113.96903274075687,111.99286089918989,113.96903274075687,39900
2022-01-13,110.16639709472656,112.35216158649828,109.96678716751124,112.35216158649828,47100
2022-01-14,109.85702514648438,110.28619344365585,107.86089494840915,109.10847632220617,41300
2022-01-18,106.22406768798828,108.60944264065489,106.12426270205127,108.60944264065489,48000
2022-01-19,105.23596954345703,107.56145506285085,105.16610530235303,106.65321992849886,88800
2022-01-20,104.83673858642578,108.90884522833642,104.76687434762673,105.80486276309203,63100
2022-01-21,103.45942687988281,105.10622812293522,102.80070029095621,104.2578743521984,63400
2022-01-24,104.65708923339844,104.78683493311111,99.13779138544167,101.47325966805649,68000
2022-01-25,101.51319885253906,103.19993128238863,100.80457355614776,102.96039779415423,92200
2022-01-26,99.79651641845703,103.48936145765352,98.71861201421191,102.81067695850503,26900
2022-01-27,96.85222625732422,100.70475767673973,96.58274444940879,100.21570797023031,38500
2022-01-28,99.30745697021484,99.47712617471285,95.56471361706603,96.64262553028429,83600
2022-01-31,103.3496322631836,103.3496322631836,99.10785607608888,99.10785607608888,18600
2022-02-01,104.37763977050781,104.55729177551132,102.2717220064346,104.0183357605008,53700
2022-02-02,103.55923461914062,104.55729969708052,102.6410089603154,104.55729969708052,31900
2022-02-03,101.41338348388672,103.45941974392265,101.16386723825461,102.12200870772614,24200
2022-02-04,102.9304428100586,103.57918659622904,100.7846091079567,100.9542783339089,96400
2022-02-07,103.20989227294922,104.39758429503257,102.57112374814392,102.71085983596089,38500
2022-02-08,105.95458221435547,106.12425143389633,102.91048097138564,102.91048097138564,72500
2022-02-09,107.9706802368164,108.23017928869878,106.43365910587033,106.43365910587033,46100
2022-02-10,106.7131118774414,109.2981042816425,105.80487665381482,105.80487665381482,30000
2022-02-11,104.36766052246094,107.25206786767657,103.80874653891607,106.3637905947005,32300
2022-02-14,102.96039581298828,105.08627166125603,102.49130401385764,104.08820659574648,37600
2022-02-15,105.82482147216797,106.02443902348077,104.1480721142954,104.1480721142954,18300
2022-02-16,105.40564727783203,105.75496851159568,103.37957650737108,104.8267677392341,34400
2022-02-17,102.0521469116211,104.4574872322385,101.90243563772415,104.4574872322385,14900
2022-02-18,100.2556381225586,102.76078370246769,99.90631685395753,101.69285433009729,15900
2022-02-22,100.3354721069336,101.60301890691856,99.23760214216666,99.23760214216666,44200
2022-02-23,99.74662017822266,102.00224163280886,99.72665461370036,100.80456665895126,42400
2022-02-24,105.40564727783203,105.60525723580217,96.69253631052618,96.79234890414304,41700
2022-02-25,108.5096206665039,108.66930709607624,105.15612188454251,105.69507786178251,211700
2022-02-28,109.15836334228516,109.50768454232096,107.85089311553531,107.85089311553531,34500
2022-03-01,108.68928527832031,109.84703677469197,107.8309487276471,108.46970974936222,40300
2022-03-02,109.69733428955078,110.1364777375603,108.06050058733167,108.89887919649912,62400
2022-03-03,108.6693115234375,110.33608581553588,108.06049128071197,110.33608581553588,15700
2022-03-04,108.42977905273438,108.53956680994254,107.02251138749662,107.44169685249241,18900
2022-03-07,105.95458221435547,108.33995691374565,105.92463386858515,108.29005061875998,46600
2022-03-08,103.25981903076172,105.92465114150485,103.17997199161675,105.64519411913021,41300
2022-03-09,106.0843276977539,106.49353038017618,105.27589750018028,105.71504091367841,132600
2022-03-10,104.3976058959961,104.3976058959961,102.97037252631463,103.83869188760579,13400
2022-03-11,101.15388488769531,105.20603391199035,101.04409712997848,105.18606834806099,134800
2022-03-14,98.35929870605469,101.4233576371551,97.8303179140275,101.03411293625477,19900
2022-03-15,100.71472930908203,100.8444750004285,98.54892276218365,98.88826877631918,28200
2022-03-16,105.12619018554688,105.12619018554688,102.05214810224156,102.06213088451962,21000
2022-03-17,108.40982055664062,108.659336800922,104.22792586580265,104.22792586580265,56100
2022-03-18,110.15644836425781,110.36604112252175,107.7910313244807,107.7910313244807,16700
2022-03-21,108.22196197509766,110.12847689101751,107.48331576566194,110.12847689101751,19600
2022-03-22,109.51959228515625,110.29816635862605,107.65300518982963,108.19201976733773,18400
2022-03-23,106.68477630615234,108.56134727856517,106.06591363691757,108.56134727856517,20500
2022-03-24,107.56318664550781,107.62307462310024,105.47699991233809,106.74468461808458,29700
2022-03-25,107.57315826416016,108.54138780931565,106.93432781249338,108.00237318782312,12300
2022-03-28,108.85082244873047,108.97059839398645,106.91436343552542,107.44339416829767,24800
2022-03-29,112.414306640625,112.5939781821625,109.99872088985195,109.99872088985195,24300
2022-03-30,111.86531066894531,113.06311589587882,111.34626376806342,111.83536668059095,14100
2022-03-31,111.83535766601562,112.97327482451774,111.67564625371953,111.67564625371953,7500
2022-04-01,114.25093841552734,114.25093841552734,111.94516005699234,111.94516005699234,89200
2022-04-04,113.19288635253906,114.77997870134062,112.38436056810157,114.26093178661121,26800
2022-04-05,112.0549545288086,113.61210268636113,111.81538741575503,112.84351247449354,11600
2022-04-06,110.9270248413086,111.50596733308868,108.79093403483989,110.69744918745573,99200
2022-04-07,111.72557067871094,112.27456920158356,110.6575252377716,111.53591525890764,93400
2022-04-08,111.04680633544922,112.22465141737844,110.54771956540226,111.85532446597819,34400
2022-04-11,108.18205261230469,110.07858398566758,108.14212475423324,110.07858398566758,57900
2022-04-12,108.10218811035156,110.76730940472197,107.97242068744258,109.21016125348696,25500
2022-04-13,109.53955841064453,109.79908565452024,108.23195355479683,108.27188140888997,17200
2022-04-14,107.57315826416016,109.27005783896104,107.57315826416016,109.27005783896104,15600
2022-04-18,105.3771743774414,107.3435773589504,104.89804775442761,107.20383368045873,25000
2022-04-19,109.05046081542969,109.60943556893234,105.04778273005861,105.04778273005861,34700
2022-04-20,110.11849975585938,110.87711374502234,108.88076675335306,109.79908454181067,32700
2022-04-21,106.82453918457031,111.3861923969268,106.67481923152377,111.28637655640894,16900
2022-04-22,101.55416870117188,106.06591713889205,101.48429686151715,106.06591713889205,30100
2022-04-25,103.27102661132812,103.27102661132812,101.1049920024479,101.1049920024479,30400
2022-04-26,99.82733917236328,102.31278918711668,99.63768376033757,102.31278918711668,11400
2022-04-27,97.94078826904297,100.5559980107419,97.68126102218979,99.6177200828966,204500
2022-04-28,97.29197692871094,97.7012241232958,94.40725598462274,96.82283414274161,102700
2022-04-29,94.97621154785156,98.34005142207558,94.77657227542342,96.8427911484325,56100
2022-05-02,96.87273406982422,97.2420533636662,94.79653151538382,95.18581854240902,28200
2022-05-03,97.21212768554688,97.78108634106839,96.5134092017346,96.83282445368597,22700
2022-05-04,99.18850708007812,99.5877704023768,95.15588507809183,97.16220840365973,70400
2022-05-05,93.87822723388672,98.04060918993731,92.96988563045095,98.04060918993731,33700
2022-05-06,90.99349975585938,93.87822055656413,90.43451741832716,93.87822055656413,51000
2022-05-09,84.53531646728516,89.97535901639412,83.9463901400494,89.78570361373963,243500
2022-05-10,85.07433319091797,86.61151372331298,83.0480345309325,86.03257886449107,72900
2022-05-11,82.70864868164062,86.611502722605,82.53896103104623,84.56525181820861,49400
2022-05-12,84.41552734375,85.15417355551268,81.86020577951652,81.88016589747379,53000
2022-05-13,88.43817138671875,88.74761035306464,85.33385116405636,85.33385116405636,27800
2022-05-16,87.98900604248047,89.216755329256,87.90915032524586,87.92911044682434,19200
2022-05-17,91.0633773803711,91.07335363285648,89.62600501464415,89.62600501464415,17600
2022-05-18,88.00894927978516,90.23487937403398,87.58971826792234,89.76573664460987,15700
2022-05-19,88.50804901123047,89.20677508256195,87.19046019768712,87.30025990010407,22300
2022-05-20,88.677734375,89.29660471650769,86.68138727841242,89.29660471650769,18700
2022-05-23,90.01528930664062,90.01528930664062,87.86921469246033,89.55613039635595,18000
2022-05-24,87.78936767578125,88.95723661014516,87.20044888974735,88.81749291124015,21400
2022-05-25,88.4082260131836,88.91729662718862,87.28029270711302,87.370124666106,46800
2022-05-26,89.69586181640625,89.99531688086425,88.6278165891787,88.6278165891787,9100
2022-05-27,92.33106231689453,92.36100630782092,90.20495519105509,90.20495519105509,14300
2022-05-31,90.75395202636719,91.80203746967855,90.20496105429162,91.80203746967855,13900
2022-06-01,88.937255859375,91.42270570103452,87.6695788860948,91.1631860784476,22100
2022-06-02,92.40092468261719,92.46081265832247,88.63781377175935,89.15686066394466,11200
2022-06-03,90.28478240966797,91.61235488034417,89.98533495421405,91.58241089634465,28700
2022-06-06,90.04524230957031,91.26301535747065,89.67591532465384,91.26301535747065,23000
2022-06-07,91.75211334228516,91.8419529242271,89.28662338936977,89.28662338936977,45000
2022-06-08,91.24305725097656,92.1314311926646,91.20312939101231,91.32290535544448,20100
2022-06-09,88.49806213378906,90.52435302800552,88.4681105331676,90.52435302800552,28600
2022-06-10,87.08065032958984,87.67955288120173,86.5316594970536,86.91096266946732,29000
2022-06-13,82.98815155029297,84.82479491342984,82.72862428491774,84.62515562642577,29200
2022-06-14,80.9818115234375,83.17779774417376,80.24316528209296,83.17779774417376,33700
2022-06-15,82.47907257080078,83.57706949995396,81.28126743140012,81.83026589597671,24000
2022-06-16,79.05534362792969,80.64244356286585,78.38656916433129,80.64244356286585,30100
2022-06-17,80.57256317138672,81.85022398586331,79.36477419471872,79.36477419471872,15800
2022-06-21,81.43402862548828,82.38232571964,81.38411504548323,81.72351063488291,22000
2022-06-22,82.69176483154297,83.58017929762934,80.59552403427976,80.59552403427976,21200
2022-06-23,85.57659912109375,85.65645018209256,82.96128457588229,82.96128457588229,18500
2022-06-24,87.41329956054688,87.48317399601724,86.28532435488454,86.52489275996263,13700
2022-06-27,87.45323181152344,87.91240777645001,86.56482498133512,87.91240777645001,20200
2022-06-28,85.51671600341797,88.30172500355725,85.51671600341797,87.82258809224479,29000
2022-06-29,86.10565948486328,86.12562034848577,84.37875157539516,85.38694654255848,15500
2022-06-30,84.70816040039062,85.6864026191392,84.42866262360532,85.17732064674163,10800
2022-07-01,86.51492309570312,86.6247268864739,84.408697822909,84.77803853875102,26000
2022-07-05,87.87248229980469,87.87248229980469,84.59835258636738,85.30708123396874,13400
2022-07-06,87.5331039428711,88.25181690827343,87.28355125298106,87.80261749702511,7800
2022-07-07,89.24002838134766,89.24002838134766,87.72274401782427,87.80260269290285,30100
2022-07-08,89.75910949707031,90.53771266949195,88.35163628901819,88.63113408263173,8500
2022-07-11,87.12383270263672,88.78086619674909,86.95413870357517,88.78086619674909,29500
2022-07-12,86.55484771728516,87.66286218862054,86.2154597394132,86.89424331090026,12300
2022-07-13,86.24540710449219,86.64469291273967,84.74809103537164,85.06751815882096,32100
2022-07-14,85.7363052368164,85.84610900876142,84.27891871869627,84.98764730941441,31000
2022-07-15,87.5031509399414,87.66286068686776,86.44504245161434,86.8942418223147,8100
2022-07-18,86.26536560058594,88.54128474467603,86.04575803128897,88.26178697129559,7400
2022-07-19,89.14020538330078,89.2699700134568,87.30349400654055,87.30349400654055,9900
2022-07-20,90.6275405883789,91.07673230861481,88.94056225036228,88.94056225036228,20700
2022-07-21,92.6539077758789,92.6539077758789,90.3280752453687,90.3280752453687,8500
2022-07-22,90.53770446777344,92.96335669367319,89.83896004703813,92.74375674411567,13200
2022-07-25,90.15839385986328,90.49778947213063,89.73914717624795,90.49778947213063,6000
2022-07-26,90.48779296875,90.51773806841507,89.14021017362424,89.78904097501412,6900
2022-07-27,92.84357452392578,93.21290758969404,91.196525431204,91.38618789140469,54500
2022-07-28,93.56228637695312,93.81183903625652,91.30632820444251,92.91344793961575,12100
2022-07-29,93.2129135131836,93.29277219789483,92.43431037660739,93.16300754704658,11000
2022-08-01,93.99152374267578,94.15123349546653,92.25463163071286,92.73377612057172,12700
2022-08-02,94.98973083496094,95.608616575127,93.48243059367415,93.48243059367415,11900
2022-08-03,96.90628814697266,97.31555053815516,95.14943533551876,95.77830528010084,18100
2022-08-04,96.63677215576172,97.09594814831495,96.01788641680619,97.05602642352163,12000
2022-08-05,98.45350646972656,98.58327871881413,95.51877255199518,95.74835671989388,11600
2022-08-08,98.88274383544922,100.50983205723463,98.49344229402956,99.28202961570453,10100
2022-08-09,95.85816192626953,98.54335085564784,95.64853861584949,98.54335085564784,53000
2022-08-10,100.03068542480469,100.06063052491834,97.74478218863626,97.74478218863626,29000
2022-08-11,101.1386947631836,103.58430761617747,100.72943238920254,100.93905569525268,34800
2022-08-12,102.60607147216797,102.69590677322441,100.95902241111534,101.43816686397787,17400
2022-08-15,103.86381530761719,104.10338371766694,101.98717451762388,101.98717451762388,33500
2022-08-16,102.51622772216797,103.52442258170493,101.05884112951415,103.52442258170493,22400
2022-08-17,99.94084930419922,101.64778853835175,99.65136731257205,101.31837720831987,20400
2022-08-18,99.6413803100586,100.17043070169593,98.16402529303558,99.93086229365575,25600
2022-08-19,97.16582489013672,98.81287405146487,96.94622493560372,98.81287405146487,19500
2022-08-22,94.64034271240234,96.34728189138893,94.42073516614518,95.76832554258827,28200
2022-08-23,94.2210922241211,94.54051929216523,93.22288168451541,94.4606606212187,19600
2022-08-24,95.92803955078125,96.23749002327315,94.19115519548225,94.19115519548225,8600
2022-08-25,98.37366485595703,98.44353929842703,96.34729079284135,96.866364607541,10000
2022-08-26,94.34089660644531,98.25388077314607,93.99152438008691,98.25388077314607,18900
2022-08-29,92.96334838867188,93.5822416887071,92.94338752803824,93.36263414302549,12200
2022-08-30,92.03501892089844,93.61219357631413,91.64571737650053,93.45248383243587,14600
2022-08-31,92.4642562866211,93.31274149153414,92.14482916073099,92.7836834125112,10700
2022-09-01,91.985107421875,91.99509166018616,89.63931405775266,91.64571186097741,69600
2022-09-02,90.49777221679688,92.87351058670872,90.29812553713488,92.87351058670872,16700
2022-09-06,89.49957275390625,90.59760297298588,89.38976897042397,90.5277285303829,57000
2022-09-07,93.43251037597656,93.5522983893094,90.30811394836755,90.30811394836755,9400
2022-09-08,95.40898895263672,95.40898895263672,93.92164939505922,93.92164939505922,5200
2022-09-09,97.30557250976562,97.59504688152799,96.18757389758233,96.21751899702379,12500
2022-09-12,98.65316009521484,98.85279917836714,97.80468256820333,97.99433741247515,11100
2022-09-13,95.12947082519531,96.20753245802037,94.99969857639562,95.81823094310587,13900
2022-09-14,95.52875518798828,95.52875518798828,94.40077990661763,95.20932808786385,11600
2022-09-15,95.08954620361328,97.17580275285229,94.53054307529798,95.11949130382358,32000
2022-09-16,92.58404541015625,93.86175392883405,91.77549715412434,93.86175392883405,49600
2022-09-19,91.69949340820312,91.82928526549813,89.4232306264269,91.649579908153,16800
2022-09-20,90.43157196044922,90.84089614886229,89.35333988572923,90.84089614886229,21000
2022-09-21,88.2152099609375,91.06053830007617,88.2152099609375,90.82093370754151,15100
2022-09-22,85.57953643798828,87.66610801062814,85.16022649758592,87.66610801062814,38700
2022-09-23,84.52127838134766,84.66104836568313,82.9338798208335,84.66104836568313,21000
2022-09-26,84.11193084716797,85.37984621592449,83.40309531132564,84.0520316127533,12500
2022-09-27,83.89229583740234,85.50964382797673,83.2533452374724,85.08034817956518,14400
2022-09-28,86.79753875732422,87.25678406721201,84.48134071529863,84.65106031782163,30900
2022-09-29,86.08870697021484,86.08870697021484,84.81079797858808,85.7991812498622,10200
2022-09-30,85.19017791748047,88.30506053123123,85.03043644144566,85.98886244697611,8300
2022-10-03,86.95726776123047,87.2967145642276,85.16022199023728,85.78918686755105,31000
2022-10-04,89.85252380371094,90.29180524637923,88.53468709259889,88.53468709259889,44300
2022-10-05,89.25350189208984,89.57297720394645,87.87575842098326,88.78427086160526,6600
2022-10-06,87.68607330322266,89.45316942248405,87.44646111116963,88.67444884054201,8800
2022-10-07,84.07201385498047,86.31832703904729,83.7725100005741,86.31832703904729,10500
2022-10-10,82.60440826416016,84.19180662343386,82.33485407622639,84.19180662343386,13500
2022-10-11,82.51456451416016,83.47299046608771,80.3680861555708,82.23502456362617,17600
2022-10-12,81.96546173095703,82.55449886250908,81.28657573793849,82.55449886250908,16100
2022-10-13,83.72257995605469,84.37151633008133,79.74909859603778,80.26825074201602,22200
2022-10-14,81.49623107910156,84.9106325517379,81.38641072553445,84.47135113746944,8800
2022-10-17,84.42143249511719,84.73092969008523,82.96382585236233,82.96382585236233,12200
2022-10-18,85.21014404296875,87.8757671553028,84.77087020606241,86.27839043725017,61100
2022-10-19,83.06365966796875,84.8706988560332,82.10523370451824,84.441403179154,21900
2022-10-20,82.59444427490234,84.34157677358567,82.42471704333425,82.89394813311213,18000
2022-10-21,83.80245208740234,83.99213555973226,81.48625411726279,82.4147304545153,13000
2022-10-24,83.97216796875,84.09197406457182,83.06365554677504,84.09197406457182,13000
2022-10-25,86.50800323486328,86.72764392704002,84.16185583704153,84.16185583704153,18500
2022-10-26,88.01553344726562,89.93238526257613,86.45808468254532,86.45808468254532,163800
2022-10-27,86.79753875732422,88.25514542354878,86.64778303049518,88.25514542354878,63000
2022-10-28,88.10539245605469,88.38493242588095,86.5978646280426,86.70768499003049,26500
2022-10-31,88.28508758544922,88.64449825271168,87.66610085474342,87.66610085474342,31500
2022-11-01,88.79425811767578,89.57297872751596,88.42486168769594,89.41323726042444,24900
2022-11-02,85.94892883300781,89.69278406397757,85.94892883300781,88.44483232032098,15100
2022-11-03,83.82241821289062,84.69099533134666,83.18346755686295,84.69099533134666,31000
2022-11-04,84.29164123535156,85.35988747569334,83.01374004506144,85.35988747569334,22200
2022-11-07,85.06036376953125,85.32992553546426,84.37149978113862,84.64105393018082,33600
2022-11-08,84.28166198730469,85.55956327610792,83.35318564201913,85.19017445734316,58900
2022-11-09,82.99376678466797,84.63107860192397,82.9139036746468,83.80244456510067,65100
2022-11-10,88.96398162841797,89.09376586347135,85.94892604798126,85.94892604798126,48600
2022-11-11,91.1104507446289,91.5097967721138,89.13369209786926,89.31339742939286,16500
2022-11-14,89.662841796875,90.79099514050705,89.60294254567103,90.72111014180454,58900
2022-11-15,91.26021575927734,92.12878526943217,90.30178214886288,91.18034502226068,95500
2022-11-16,90.12207794189453,91.39000115321167,89.842537975684,91.39000115321167,69700
2022-11-17,88.3649673461914,89.16365187526225,88.17527624772416,88.95399690074767,25000
2022-11-18,89.25350189208984,89.98230137684449,88.84417010229956,89.41323573957202,14100
2022-11-21,88.73435974121094,89.38329618374055,88.63452512318172,88.81423048239157,13000
2022-11-22,88.93402862548828,89.24351819871589,87.67609122373318,88.75432328238041,14300
2022-11-23,89.96234893798828,90.44155815824271,89.10375750006477,89.27347711486766,11300
2022-11-25,90.26185607910156,90.28181995528135,89.64286928102793,89.70276852646016,3200
2022-11-28,88.53468322753906,90.15203132748051,88.27510714848593,89.95235449094253,12600
2022-11-29,88.52470397949219,89.0738057991619,88.19524288769037,88.19524288769037,16400
2022-11-30,91.4898452758789,91.6096513953747,88.17528547209803,88.66448046380872,17600
2022-12-01,93.44661712646484,93.556437479956,91.80930518682325,91.80930518682325,21700
2022-12-02,93.2469482421875,93.606358924545,91.69948515887644,91.92911161250743,7400
2022-12-05,91.21029663085938,92.49818372995378,90.85088592334964,92.49818372995378,20300
2022-12-06,89.26348876953125,91.21029028569987,88.67445163329795,91.21029028569987,30400
2022-12-07,89.87248229980469,90.3317352079529,89.06381207138597,89.06381207138597,26200
2022-12-08,91.28016662597656,91.44988620527924,89.57296985423932,90.20193468059779,41600
2022-12-09,90.28181457519531,91.46986698475523,90.2418792083227,90.77100948982311,30000
2022-12-12,91.0006332397461,91.18033857688417,90.51143833966164,90.66118643986655,9700
2022-12-13,92.69784545898438,94.55479809189197,92.36838440094445,94.15545204731863,25600
2022-12-14,91.95904541015625,93.56640745832304,91.37000837552127,92.48817559677805,89300
2022-12-15,89.98231506347656,91.05056151406487,89.71276082245987,91.05056151406487,54700
2022-12-16,89.02388000488281,89.47314718379738,88.00555477641656,88.40490084093196,27300
2022-12-19,88.25208282470703,88.84116619779566,87.70293795297106,88.84116619779566,31800
2022-12-20,88.29202270507812,88.79124255354797,87.43336395631074,87.6230699363262,29700
2022-12-21,89.94942474365234,90.45863109992645,89.75972638934634,89.89950733146236,7800
2022-12-22,89.75973510742188,89.75973510742188,88.37190446341008,89.33040570994041,14300
2022-12-23,88.85115051269531,89.73976127372619,88.57158860371806,89.63991882301869,25600
2022-12-27,87.86268615722656,88.8211872739339,87.57313775465512,88.79123530426958,17500
2022-12-28,87.22369384765625,88.60153790788709,87.0839128973788,87.73290023366154,29100
2022-12-29,89.69982147216797,90.32884337575682,87.48329167556388,87.48329167556388,25400
2022-12-30,89.74974060058594,89.78967910116155,88.61151999539639,88.61151999539639,34300
2023-01-03,89.27050018310547,91.53695502529877,88.54163582632629,90.518549849344,25300
2023-01-04,91.19747161865234,91.39716411398759,89.98936058746091,89.99934711660012,23000
2023-01-05,91.1875,91.69669876447752,90.0592582592183,91.24740394464666,47900
2023-01-06,91.97627258300781,92.25583449442422,90.24896846248393,90.24896846248393,43300
2023-01-09,90.57845306396484,92.3756399983349,90.41869905158141,92.3756399983349,31800
2023-01-10,91.6567611694336,91.9862404583592,90.39872510152259,90.39872510152259,88800
2023-01-11,92.06611633300781,92.29576079702122,91.48701952592162,91.87641036784412,28500
2023-01-12,92.9647216796875,93.00466018204553,91.2374176357825,91.9662819732082,31300
2023-01-13,94.19279479980469,94.29264486078452,92.08609410445509,92.08609410445509,23200
2023-01-17,94.51231384277344,94.76192378938863,93.51387405631264,93.82338795251836,10800
2023-01-18,93.70356750488281,95.88016642952778,93.66362900142714,95.07143268264969,18600
2023-01-19,93.3441162109375,93.82337057135089,92.43554013467102,93.08452739914115,16400
2023-01-20,95.031494140625,95.031494140625,93.30419004994876,93.39405358706021,28400
2023-01-23,96.21963500976562,96.30949092485595,94.77189289866931,94.85176990152088,649100
2023-01-24,94.91167449951172,96.73882096051929,94.89170905740626,95.59061379345218,545100
2023-01-25,94.43243408203125,94.43243408203125,93.33415187240172,93.94319311631733,28800
2023-01-26,94.81184387207031,95.38095426164315,94.20279497581798,95.05146729465592,33000
2023-01-27,95.59062194824219,95.75037596867568,94.49233971898026,94.87174409127337,21700
2023-01-30,94.01309204101562,95.2212032440088,93.89327652677589,94.71199683035353,56000
2023-01-31,95.5506820678711,95.60060710291073,94.09296093110576,94.09296093110576,29800
2023-02-01,97.238037109375,97.56752402276817,94.99154789213256,95.44084268858504,48700
2023-02-02,101.02213287353516,101.28172933799904,97.69732672181277,97.69732672181277,896600
2023-02-03,99.61432647705078,101.02213012400983,98.92540825730678,99.57439559205761,18500
2023-02-06,97.29793548583984,99.09512980383727,97.04832558708962,99.07516436363267,15000
2023-02-07,98.31636047363281,98.52603190079031,96.40933695152461,96.8486528660397,19600
2023-02-08,96.63897705078125,98.54599286880675,96.54911351894245,97.65738216751635,14800
2023-02-09,94.62212371826172,97.42774435733597,94.3225963891991,97.3878058566296,32400
2023-02-10,94.65208435058594,94.79186529585446,94.15286451248683,94.2527069566086,131400
2023-02-13,95.35099029541016,95.66050416138998,94.60216052869227,94.60216052869227,167300
2023-02-14,95.22119903564453,96.27954270343655,94.2626978165609,94.79186965045692,190600
2023-02-15,96.59904479980469,96.59904479980469,94.53227484367129,94.53227484367129,11600
2023-02-16,95.37095642089844,96.61900604103813,94.88172310270099,94.88172310270099,16200
2023-02-17,95.63056182861328,95.63056182861328,94.49234107787424,94.9116839613063,15300
2023-02-21,93.00465393066406,94.54225188939019,92.88483843164347,94.54225188939019,27700
2023-02-22,92.97470092773438,93.55379012284453,92.72509102066437,93.22431083480438,28000
2023-02-23,93.6236801147461,94.26268848167773,92.52539805273604,93.67360514290147,29600
2023-02-24,92.41558837890625,92.58532893957833,91.82651253463513,92.35568442660515,14100
2023-02-27,92.87486267089844,93.45395955707413,92.57533531485262,93.20434961829055,35200
2023-02-28,92.73507690429688,93.81339361210613,92.67517295969317,92.67517295969317,37700
2023-03-01,92.20590209960938,92.5154235775337,91.94630565223451,92.31573107282604,8200
2023-03-02,93.09451293945312,93.09451293945312,91.07766815251573,91.69669587432821,11000
2023-03-03,94.7319564819336,94.7319564819336,93.17439297950314,93.17439297950314,50600
2023-03-06,92.62525939941406,94.52229659421889,92.35568399781933,94.52229659421889,63000
2023-03-07,91.62681579589844,93.11449656141076,91.49702136603452,92.63524211250596,31000
2023-03-08,91.50700378417969,92.07611413183781,91.21745534519704,91.8664427003312,42000
2023-03-09,90.26893615722656,92.43554845939946,90.22899765547112,91.58687624519476,58800
2023-03-10,87.6430435180664,90.13914299223094,86.80435775114285,90.13914299223094,15200
2023-03-13,88.57158660888672,89.5300878255743,86.65458417551154,86.6745496182071,27000
2023-03-14,90.59841918945312,90.69826163919981,89.42026000046461,90.41869973291281,36800
2023-03-15,89.85957336425781,89.87953880664297,88.49170822741644,88.78125665568902,14700
2023-03-16,91.29733276367188,91.4171406579346,88.91106238139004,89.14069925705408,63000
2023-03-17,89.5999755859375,90.98780614468158,89.38031763549047,90.98780614468158,644400
2023-03-20,90.8480224609375,90.9578514328526,89.76971341825566,89.76971341825566,38400
2023-03-21,93.03460693359375,93.09451087502391,91.78655737053174,91.78655737053174,25600
2023-03-22,90.27891540527344,93.05457653893075,90.27891540527344,92.79498770279052,24900
2023-03-23,90.05925750732422,91.93632901047948,89.50013371531558,91.11760876468527,69300
2023-03-24,91.20747375488281,91.20747375488281,89.54008112533688,89.54008112533688,66700
2023-03-27,91.77656555175781,92.50542980627489,91.60683264916123,92.15597747225557,7400
2023-03-28,90.97782135009766,91.88639744753125,90.74817688470817,91.39716416429778,7100
2023-03-29,91.32728576660156,91.72666319279045,91.03773732305189,91.60684767968654,10500
2023-03-30,91.76659393310547,91.96627882055985,91.45707245481393,91.8065248166042,43000
2023-03-31,93.46392822265625,93.80339401812022,92.21587876729282,92.21587876729282,9900
2023-04-03,93.4040298461914,93.8233726599571,92.844898477014,93.47392031515236,44400
2023-04-04,93.79342651367188,93.9132344007639,93.41401455790636,93.42400108766078,66300
2023-04-05,93.89327239990234,93.95317634564383,93.38406600862814,93.50388151760164,21100
2023-04-06,94.28266143798828,94.55223680604244,93.66362607996962,93.8433455311692,13800
2023-04-10,94.79186248779297,94.79186248779297,93.21432601793421,93.87329222360928,11500
2023-04-11,96.65895080566406,96.7987317627771,95.15131225144614,95.15131225144614,39300
2023-04-12,95.12134552001953,97.34786937117914,95.12134552001953,97.26799236811281,94200
2023-04-13,96.48921203613281,96.49919856603401,95.48078580584325,95.48078580584325,21500
2023-04-14,95.61058807373047,96.76877416789199,95.23117611146981,96.44927376769326,20300
2023-04-17,97.0083999633789,97.0083999633789,95.68047340187245,95.68047340187245,14000
2023-04-18,96.20964050292969,97.43771694561455,95.7403726719483,97.43771694561455,16600
2023-04-19,98.08670806884766,98.08670806884766,95.92009587894889,95.92009587894889,17500
2023-04-20,97.64741516113281,98.13664852860265,97.01839321403762,97.42775718706726,274500
2023-04-21,99.11510467529297,99.30481065399118,97.7172952032755,97.7172952032755,26600
2023-04-24,99.08515167236328,99.28484417878096,98.59591836224787,99.24490567749743,77500
2023-04-25,96.95848083496094,98.41620189727358,96.95848083496094,98.17657849980189,66700
2023-04-26,96.68889617919922,96.95847916200755,96.16971089072035,96.95847916200755,52500
2023-04-27,96.67892456054688,96.82869204924026,95.60060778294353,96.64897258630637,20500
2023-04-28,97.64741516113281,98.03680607243406,96.22962486057091,96.45926936550066,12500
2023-05-01,98.13665008544922,99.03524744020412,97.22806619967172,97.42775873266793,15700
2023-05-02,95.78031921386719,97.85707558528458,95.59061323626466,97.49763668955886,408300
2023-05-03,97.58749389648438,98.44615264569605,96.3194788324106,96.3194788324106,20200
2023-05-04,96.05987548828125,96.69887623942175,95.84021755179737,96.69887623942175,47300
2023-05-05,97.40776824951172,97.78718018560214,96.88858299155888,97.02836393091118,122700
2023-05-08,97.238037109375,98.04677078998547,96.28952248686865,97.47766049298366,24300
2023-05-09,96.88858795166016,96.99841692641523,96.16971015962342,96.54911449764712,14200
2023-05-10,97.87703704833984,98.01681798905183,96.82867999299994,97.767208078139,14300
2023-05-11,97.11822509765625,97.50762358405767,96.70886878668135,97.43772549310872,21100
2023-05-12,96.83866882324219,97.32790978333307,96.34943548064203,97.31792325297654,16300
2023-05-15,97.14818572998047,97.43772653921036,96.77876029916693,97.10824722793383,16600
2023-05-16,96.54911041259766,96.89857038157264,96.18967153178735,96.6389739415452,18000
2023-05-17,96.44927978515625,96.95848619825466,95.48079199421076,96.95848619825466,78700
2023-05-18,96.47923278808594,96.82869280358997,95.7204240431121,96.39936339531936,31600
2023-05-19,96.11978149414062,97.17813270017473,96.0099601410281,96.86861122961768,22100
2023-05-22,97.29793548583984,97.75722440293109,96.19965345483679,96.19965345483679,70200
2023-05-23,94.57221221923828,97.51760636872956,94.42244473659673,96.83866704924637,34600
2023-05-24,94.05300903320312,94.19278997041995,93.364090876203,94.12289950181155,36900
2023-05-25,92.58531188964844,93.86331341999896,91.8764130363387,93.86331341999896,73100
2023-05-26,92.51542663574219,93.08453696236383,92.49545357586611,92.65520758491309,12500
2023-05-30,92.6651840209961,93.20434236088568,92.36565668827313,92.90481502816272,146800
2023-05-31,92.95472717285156,93.18437163733074,91.69669111774819,92.28577445511405,72100
2023-06-01,94.08297729492188,94.1528677699742,92.44552916121363,93.07455105417505,39400
2023-06-02,95.65052795410156,95.68047992681888,94.52228619847936,94.78188265784692,8200
2023-06-05,95.06143951416016,95.49076887446475,94.59217165318884,95.3609744604155,32600
2023-06-06,95.34100341796875,95.34100341796875,94.74194113027694,94.74194113027694,51900
2023-06-07,95.43086242675781,96.03991121532756,94.7219711978876,95.44084133854493,20700
2023-06-08,95.10138702392578,95.23118145027065,94.41246115276957,95.20122947630576,63400
2023-06-09,94.82180786132812,95.45082205264036,94.61213646422404,95.34099308975402,50600
2023-06-12,95.19123840332031,95.41089635856873,94.50232018252993,94.93164956301807,19800
2023-06-13,96.17969512939453,96.56908599085037,95.51074237945657,95.51074237945657,42500
2023-06-14,96.37938690185547,97.9669100498546,96.12977696680768,97.0483396995858,24800
2023-06-15,97.45771026611328,97.70732021810774,96.30950296344056,96.30950296344056,26200
2023-06-16,97.78717803955078,98.73569262398082,96.96845786238798,97.9369378873631,32600
2023-06-20,97.83711242675781,98.24647639511859,96.34943927958707,96.94850162725727,28800
2023-06-21,97.20809173583984,97.71729812587036,96.77876235159658,97.71729812587036,19600
2023-06-22,97.70730590820312,98.19653920956314,97.03835316302859,97.03835316302859,26500
2023-06-23,96.22962188720703,97.47767159447908,96.22962188720703,97.10825375632072,76200
2023-06-26,96.18968200683594,96.81870392549938,96.04990105101979,96.36940146681252,128300
2023-06-27,96.4292984008789,96.99840866820695,95.66049564304738,96.4292984008789,192900
2023-06-28,97.04834747314453,97.09827251114936,96.06988071517692,96.23961365640724,34400
2023-06-29,97.5176010131836,98.07673240983921,96.9684637636433,96.97844267577827,88800
2023-06-30,98.24647521972656,98.97533198846665,97.81714581249258,98.16659820966188,40300
2023-07-03,97.09825134277344,97.9169715121209,96.62898351080179,97.9169715121209,49400
2023-07-05,95.85021209716797,96.70887085660434,95.63055414231349,96.70887085660434,90200
2023-07-06,94.47237396240234,95.63056013674695,94.03305802515563,95.63056013674695,261100
2023-07-07,94.91167449951172,95.20122292372798,94.35255071067499,94.40247574217412,36200
2023-07-10,96.5790786743164,96.83866752016749,94.62213009526728,94.62213009526728,72900
2023-07-11,97.33788299560547,97.39779455674525,96.72883417686799,96.7787592082361,37400
2023-07-12,97.92697143554688,98.26643729043293,97.44771700910049,98.02681388595508,72800
2023-07-13,98.56597137451172,98.80559477683893,98.04677844906371,98.30637491178771,26200
2023-07-14,98.66580963134766,98.95535805487225,98.29638420461139,98.59591915791002,38200
2023-07-17,98.80559539794922,98.99530138545822,97.8570806953856,98.36627947634553,20700
2023-07-18,98.91542053222656,98.96534556410055,97.95691933667113,98.35629673919182,85800
2023-07-19,97.97688293457031,99.52446748364675,97.69732104331553,98.94537064176741,51700
2023-07-20,97.36784362792969,97.87705004671322,97.35786471476071,97.87705004671322,39600
2023-07-21,98.08670806884766,98.34630450806053,97.77719421814496,97.84708468822267,53500
2023-07-24,97.238037109375,98.47610014509141,97.09825616747912,98.03679187805722,62400
2023-07-25,97.41776275634766,97.69732465794574,96.60902902422598,97.04833731924133,47800
2023-07-26,98.44615173339844,98.71573471500804,97.19810212314367,97.19810212314367,30200
2023-07-27,96.93850708007812,99.1949829411084,96.87860313551224,99.08515396441067,31900
2023-07-28,98.33631896972656,98.78562138260233,97.66736623260019,97.82712023295335,32500
2023-07-31,98.27641296386719,98.53600940024279,97.78717967867034,98.44614587255938,33600
2023-08-01,97.06831359863281,97.50762952570864,96.50918977689322,97.49764299532306,24700
2023-08-02,95.12134552001953,96.11978520587778,94.5921737053131,96.11978520587778,47400
2023-08-03,93.77345275878906,94.5722075484341,93.59373331199343,94.412453543509,100200
2023-08-04,93.41402435302734,94.2427312072643,93.1644144054252,93.77346328697371,152100
2023-08-07,92.72509765625,93.66362579410303,92.67517262426733,93.56378334762807,75600
2023-08-08,90.32884216308594,92.1959195534587,89.85957427861027,92.1959195534587,74100
2023-08-09,89.29046630859375,90.35879652636048,88.78125990797874,90.35879652636048,76800
2023-08-10,89.02088165283203,90.40871213826289,88.92103159518327,89.64989588157374,44700
2023-08-11,89.1606674194336,89.26050986499762,88.36191261994082,88.6314879847127,29600
2023-08-14,89.64989471435547,89.64989471435547,88.65145509078651,88.90106499667874,14400
2023-08-15,89.02088165283203,89.21058000388689,88.86112765458594,89.11073756372804,30900
2023-08-16,86.96410369873047,88.82120230713487,86.96410369873047,88.82120230713487,958400
2023-08-17,85.7160415649414,87.18374905444458,85.70605503564487,87.18374905444458,40700
2023-08-18,85.7459945678711,85.86581006840248,85.19685732978812,85.19685732978812,204500
2023-08-21,85.59623718261719,85.8558260150199,85.3066887611001,85.66612765557026,45900
2023-08-22,85.8458480834961,86.06549841707911,85.2967032058127,85.75598455010685,42500
2023-08-23,85.95567321777344,86.53477009286419,85.8957692712091,86.16535226572992,64200
2023-08-24,84.41807556152344,85.96565245049149,84.41807556152344,85.96565245049149,43800
2023-08-25,85.136962890625,85.32666890024107,84.14850956931954,84.72760651210115,107300
2023-08-28,85.0970230102539,85.8158932295854,84.71761103110286,85.35661185994691,28000
2023-08-29,87.02400970458984,87.02400970458984,84.98719176045063,84.98719176045063,49900
2023-08-30,87.94257354736328,88.56160130688637,86.79436633043827,86.92416075348554,31800
2023-08-31,86.55474853515625,88.05240823231092,86.55474853515625,87.98251775114335,25200
2023-09-01,87.03398132324219,87.39342020193722,86.65457700350406,86.65457700350406,46900
2023-09-05,84.91729736328125,86.70449767724614,84.91729736328125,86.70449767724614,85700
2023-09-06,85.56626892089844,85.81587881578729,84.61775436731664,84.99715866525146,30800
2023-09-07,83.42961883544922,85.15692286692443,83.23992047247673,85.15692286692443,37100
2023-09-08,82.38126373291016,83.31979189326638,82.28142128404127,83.31979189326638,22000
2023-09-11,83.63929748535156,84.03867492307705,82.74070777233302,82.75068668559516,32900
2023-09-12,82.46112823486328,83.30980804368247,82.40122429258997,83.30980804368247,29400
2023-09-13,82.60091400146484,82.8804758792691,82.37126953470286,82.38125606390726,60600
2023-09-14,82.50106811523438,83.33976140853706,82.24147928271543,83.12010345987468,48500
2023-09-15,81.77220916748047,82.37127143624608,81.50262619516742,82.27142899436681,47200
2023-09-18,81.24303436279297,81.71229458400613,81.18312280589085,81.49264426699752,18000
2023-09-19,81.08329010009766,81.30294806096147,80.77377621932993,81.11324207339896,12100
2023-09-20,80.05489349365234,81.52260103557076,79.96502996175417,81.48266253444827,21600
2023-09-21,78.17782592773438,79.62556034149286,78.04802390088703,79.62556034149286,21800
2023-09-22,77.60871887207031,78.29763706422202,77.59873234247677,78.24771965123459,15300
2023-09-25,77.7485122680664,77.76847771296087,77.15942880754616,77.34913481275476,20200
2023-09-26,77.12947082519531,77.97814309071225,77.12947082519531,77.35911531980122,56800
2023-09-27,77.2991943359375,77.76846218089376,76.59030311264884,77.49888683245605,359700
2023-09-28,78.37751770019531,78.91667606089425,77.38906451432587,77.38906451432587,20800
2023-09-29,77.94818115234375,79.0364843037571,77.88827721249176,79.0364843037571,20900
2023-10-02,76.98969268798828,77.67861857953726,76.7001442352719,77.67861857953726,107200
2023-10-03,76.07111358642578,76.67017580737333,75.91135959817875,76.66018927873553,19700
2023-10-04,75.59186553955078,76.13102386858779,74.65332982409859,76.13102386858779,23000
2023-10-05,75.09264373779297,75.69170599292995,74.32384857357366,75.51198655463988,11800
2023-10-06,75.64179229736328,75.9413196308995,74.55348908495807,74.69327003077302,11800
2023-10-09,75.12259674072266,75.35224121071877,74.49358250680451,75.192487211158,27300
2023-10-10,76.66020202636719,77.26925087722972,75.17252894651,75.4421043246421,15500
2023-10-11,72.48672485351562,76.36067598687524,71.98750497488605,76.36067598687524,179600
2023-10-12,69.47144317626953,72.48672802335435,69.4115316083203,72.48672802335435,56100
2023-10-13,69.87081146240234,69.88079037451001,68.88235070445133,69.15193368116167,28000
2023-10-16,71.02899932861328,71.51823264651196,69.76098426702148,70.1004501070968,38900
2023-10-17,71.8177719116211,72.95599262339367,70.67955119984852,70.67955119984852,447100
2023-10-18,71.26862335205078,72.18719366931772,71.20871940738853,71.71792578948894,64900
2023-10-19,70.32011413574219,71.55817733225679,70.11044269566648,71.02900546670986,21500
2023-10-20,70.15038299560547,70.88922632012898,70.06051945185072,70.08049251379231,9700
2023-10-23,69.84085083007812,70.72946151375392,69.84085083007812,69.91074130123835,23500
2023-10-24,70.340087890625,70.8592809042922,69.93073149282193,70.10046444758194,19000
2023-10-25,67.96379852294922,69.79094522928138,67.93384654702432,69.74102019107899,29100
2023-10-26,66.8355484008789,67.6642474689147,66.73569834817309,67.50450109606653,43200
2023-10-27,66.98532104492188,67.48454093388682,66.41621067620146,67.30482908665078,35500
2023-10-30,66.64584350585938,67.48452911605493,66.0966986771673,67.48452911605493,33200
2023-10-31,67.9737777709961,68.28329164571211,66.8455360154355,66.8455360154355,51000
2023-11-01,68.82244110107422,69.09201643812133,67.5544261760919,67.88390545081846,24300
2023-11-02,69.4314956665039,69.67111905475387,68.72260441387556,68.7325833259971,25700
2023-11-03,71.38843536376953,71.71792227826147,70.37003026691907,70.37003026691907,32800
2023-11-06,70.70950317382812,71.49827149470529,70.62962616519708,71.49827149470529,33600
2023-11-07,70.61964416503906,71.35848741884998,70.61964416503906,70.95911001064472,23200
2023-11-08,69.37159729003906,70.63961242282348,69.11200082173622,70.63961242282348,41700
2023-11-09,67.644287109375,69.641166433637,67.45458113597329,69.63117990411845,22200
2023-11-10,67.50450897216797,68.08360582847402,66.56597321315405,67.85396134494218,54000
2023-11-13,68.8424072265625,69.48140795980405,67.86394068643808,67.86394068643808,42200
2023-11-14,72.38687896728516,72.44678291228182,70.38999954749798,70.38999954749798,45700
2023-11-15,73.0758056640625,73.99436837976897,72.25708539702143,72.30700281260884,70700
2023-11-16,73.24552917480469,73.41526207747032,72.70637088031718,72.88609031181302,17500
2023-11-17,73.09577941894531,74.00436332534899,72.93603300641311,73.68486288279315,20200
2023-11-20,73.95442962646484,74.09421057762133,72.87611290255147,72.94600337812972,26600
2023-11-21,73.77471160888672,74.08422548997517,73.51511514418863,73.86457514637442,20000
2023-11-22,74.5235366821289,74.97283148857854,74.11418037675105,74.11418037675105,43300
2023-11-24,75.07267761230469,75.22243746160594,74.42369033453674,74.42369033453674,18900
2023-11-27,74.93289947509766,74.97283035807713,74.67330303079062,74.69326847228035,52400
2023-11-28,73.8845443725586,74.66332618903834,73.81465389204095,74.65333965825266,27800
2023-11-29,74.58345794677734,75.69172685206813,74.2439920350626,74.2439920350626,30400
2023-11-30,74.91292572021484,75.28235113300885,74.11417857071403,74.72321974911928,24400
2023-12-01,76.580322265625,76.580322265625,74.71324489395313,74.71324489395313,38100
2023-12-04,77.01963806152344,77.24928254485407,76.02119835876323,76.0811023033319,39400
2023-12-05,75.70169067382812,76.57033587393659,75.41214227379197,76.54038390453451,30300
2023-12-06,75.74163055419922,76.5603507419164,75.69170552595837,75.92134999138054,31400
2023-12-07,76.70013427734375,76.73008624830662,75.51198864588294,75.77158509004457,37300
2023-12-08,77.01963806152344,77.46893288076937,76.59030868463692,76.59030868463692,30400
2023-12-11,76.77002716064453,77.12946605847158,76.28079384540393,76.94974660955806,31500
2023-12-12,77.67860412597656,77.91822749769328,76.23086213177426,76.8299243698109,32500
2023-12-13,80.30451202392578,80.35443706005512,77.68859705106365,77.74850861791705,41700
2023-12-14,82.85053253173828,83.36971784205278,81.03337251940154,81.03337251940154,209100
2023-12-15,81.93195343017578,83.31978390359653,81.48265864460411,82.8804756472013,37900
2023-12-18,81.45954132080078,81.9988771252197,81.23981107233409,81.83907815724235,43600
2023-12-19,82.89778137207031,82.97768467689123,81.57940732251926,81.57940732251926,33100
2023-12-20,81.30973052978516,83.13747071790299,81.27976108014613,82.68802803328329,59000
2023-12-21,83.87657165527344,83.97644696897623,82.34844963762842,82.34844963762842,26400
2023-12-22,84.24610137939453,84.79542697151747,83.68679359104908,84.0763126036464,22400
2023-12-26,84.9252700805664,85.29481710673525,84.23611749284528,84.24610730976813,25500
2023-12-27,85.30480194091797,85.31478413726009,84.71552469685265,84.71552469685265,20200
2023-12-28,85.32477569580078,85.82415984300317,85.05511160911033,85.05511160911033,20900
2023-12-29,84.1562271118164,85.37472577314078,84.14623729426509,85.16497770455375,23400
2024-01-02,83.3572006225586,84.5457373268214,83.02760525784747,83.38716245207827,113600
2024-01-03,80.50072479248047,82.56817490300456,80.41083930158695,82.56817490300456,39100
2024-01-04,81.10997772216797,81.38963164418539,80.46077676320017,80.46077676320017,43500
2024-01-05,81.09998321533203,81.5094818774624,80.27101131442953,80.52070339036344,41100
2024-01-08,84.35596466064453,84.48580178868356,81.54942834382364,81.54942834382364,41500
2024-01-09,84.69554901123047,85.19493312657971,83.4670607346727,83.48703274648804,29700
2024-01-10,85.22489929199219,85.54450483728279,84.11626588989101,84.89530393028703,594400
2024-01-11,84.57569885253906,85.3347648842994,84.32600678077554,85.17495830077205,24700
2024-01-12,84.01639556884766,85.87410529228136,83.93649227278652,85.21491452977365,21500
2024-01-16,83.32723999023438,83.64684554303173,82.97767260748687,83.24733669703568,29100
2024-01-17,82.66804504394531,82.70799668851133,82.05880341930559,82.42834279654632,14700
2024-01-18,83.50701904296875,83.68679764364242,82.86780793390624,83.2473371486629,13600
2024-01-19,83.72674560546875,83.95645803955429,82.73795953528334,83.95645803955429,13800
2024-01-22,84.915283203125,85.73427295920321,84.30604150969911,84.30604150969911,13800
2024-01-23,84.40591430664062,85.73427040385967,83.59690677194595,85.4845783195707,52800
2024-01-24,83.2073745727539,85.14498727884737,83.2073745727539,85.01515015874698,18600
2024-01-25,84.0263671875,84.59566476526875,83.54696271148251,84.1961635752531,31500
2024-01-26,83.99641418457031,84.49579834454991,83.81663558217775,84.37595102295325,25200
2024-01-29,85.55449676513672,85.70430591506604,83.7667005826715,83.7667005826715,34200
2024-01-30,84.05634307861328,85.27483399356692,84.05634307861328,85.23488234750324,8800
2024-01-31,83.81663513183594,85.30480540697756,83.69678781088321,84.2860574588942,10500
2024-02-01,85.32477569580078,85.42465100124178,83.96645020581049,84.33599721793931,16100
2024-02-02,84.60565948486328,84.92526502739858,83.8266214511833,84.55572564321548,14900
2024-02-05,83.90652465820312,84.51577391367849,83.85658319660789,83.91650685452441,11600
2024-02-06,86.19371795654297,86.38347877532212,84.09629817215563,84.1762014747986,31300
2024-02-07,85.76424407958984,86.53329238428482,85.66436114495579,86.53329238428482,16600
2024-02-08,86.15375518798828,86.2236686637797,85.02514213878723,85.48457463970193,49300
2024-02-09,86.38346099853516,86.39345081430932,85.6943161100535,86.28358570078387,9900
2024-02-12,86.96276092529297,86.97275074250672,86.05388567878657,86.05388567878657,15000
2024-02-13,84.40591430664062,85.50455795351252,84.06632910960883,84.67557840487372,31400
2024-02-14,84.96521759033203,85.16496819907493,84.41589198629312,84.82539064021255,17500
2024-02-15,86.61318969726562,86.61318969726562,85.31478783674947,85.31478783674947,13800
2024-02-16,86.26361846923828,87.44216533600097,85.64437939687241,85.64437939687241,25300
2024-02-20,86.26361846923828,86.26361846923828,85.67434122585834,85.74425470015795,47300
2024-02-21,86.03390502929688,86.07385667768263,85.41466590931435,85.69432744801463,17000
2024-02-22,86.57323455810547,86.862878272845,86.30357047610507,86.30357047610507,41200
2024-02-23,86.48333740234375,87.09258663241428,86.15374967754899,86.44339337872981,10300
2024-02-26,85.87409973144531,86.34351442041228,85.74425497875474,86.20368747135876,8000
2024-02-27,86.44339752197266,86.64314812960397,85.93402356651639,86.06386069947702,8400
2024-02-28,85.21491241455078,85.74425840282018,85.21491241455078,85.59444163142379,10800
2024-02-29,84.49579620361328,85.76423620502065,84.30603540922749,85.38469937625433,45100
2024-03-01,85.1449966430664,85.5544952991831,84.14622835399818,84.76546743641951,25500
2024-03-04,85.8441390991211,86.17373449288338,84.76547504135053,84.95523585170014,65800
2024-03-05,84.11626434326172,85.6343887504793,83.93648575109148,85.58445490931915,74300
2024-03-06,84.99517822265625,85.24487029006711,84.03636159819823,84.03636159819823,33900
2024-03-07,86.5033187866211,86.85288615030161,85.66434949379085,85.66434949379085,7300
2024-03-08,86.21368408203125,87.66189514850043,86.21368408203125,86.89284686809906,9400
2024-03-11,85.38469696044922,86.0239080413418,85.36472494792008,85.97397420002036,8200
2024-03-12,85.15499114990234,85.52453056041357,84.89530924684205,84.89530924684205,9200
2024-03-13,84.56571197509766,85.71429706912767,84.46583666692061,85.09505796643384,10100
2024-03-14,83.46707153320312,84.6256464883022,82.99764918484394,84.53575337351106,7800
2024-03-15,82.97767639160156,83.29728195897421,82.42835075080585,83.1774270137103,9500
2024-03-18,83.54696655273438,84.02637105079353,82.92772748774443,83.03759260604905,6700
2024-03-19,84.52576446533203,84.71553289415581,83.2773040020133,83.2773040020133,71500
2024-03-20,84.9252700805664,85.34475095135419,83.72675112974483,84.43587573131398,80100
2024-03-21,84.98519134521484,86.0438909292456,84.97520914857118,84.97520914857118,23600
2024-03-22,84.07632446289062,84.9053040661166,83.88655602793575,84.77545929693773,12200
2024-03-25,83.9864273071289,84.77545522191079,83.90653162993412,84.16620591581336,49000
2024-03-26,84.62564086914062,84.78543983371726,84.02637379698547,84.46583428456663,28200
2024-03-27,87.07262420654297,87.08261402354469,85.36473125913976,85.36473125913976,19000
2024-03-28,87.8316879272461,88.20122732644124,87.0626320586555,87.0626320586555,29400
2024-04-01,86.37348937988281,88.2212092845385,85.89407722397327,88.05142049556964,66500
2024-04-02,84.25609588623047,85.22490237354685,83.8565870351725,85.22490237354685,31200
2024-04-03,84.74549865722656,85.20493121464013,83.986432526718,84.03637399556659,19000
2024-04-04,84.35596466064453,85.7742137330596,84.23610972861061,85.444626004961,25200
2024-04-05,85.55449676513672,85.80418884168219,84.16620180914629,84.16620180914629,21500
2024-04-08,85.93402099609375,85.9539930082606,85.43463687195559,85.68432893402468,16500
2024-04-09,87.37225341796875,87.39222543098272,86.24364037274748,86.24364037274748,11700
2024-04-10,85.99394226074219,86.15374883362009,85.46459632307858,85.46459632307858,12900
2024-04-11,85.87409973144531,86.55326246398978,85.52452473881429,86.55326246398978,5300
2024-04-12,83.78667449951172,85.22490333148731,83.39715546085127,85.09505857193541,10300
2024-04-15,82.60812377929688,84.37594790755016,82.42834518354226,84.37594790755016,66000
2024-04-16,82.5881576538086,82.9976487166645,81.9689185309558,82.42835105952484,9100
2024-04-17,81.80912780761719,82.81787846078014,81.70924486611713,82.81787846078014,37400
2024-04-18,81.35966491699219,82.29850955869983,81.08001101180201,81.66928065202454,14400
2024-04-19,81.15991973876953,81.90899601496788,80.7504210501821,81.31971871529292,31300
2024-04-22,81.57939147949219,81.88900720054653,80.92020077273472,81.34967142774417,16700
2024-04-23,83.08753967285156,83.26731827675233,81.78913779801289,81.78913779801289,30000
2024-04-24,83.1374740600586,83.53698291800171,82.91774380719,83.03759875057224,11200
2024-04-25,81.66927337646484,82.26854039991188,80.89023538997978,82.26854039991188,17700
2024-04-26,82.3284683227539,82.4483232576568,81.58938194084557,81.75917071696014,29800
2024-04-29,83.08753967285156,83.3472139518212,82.49826239673328,82.49826239673328,8900
2024-04-30,82.00886535644531,82.58815279665828,81.93895188055735,82.30849889310646,6700
2024-05-01,83.80664825439453,85.0051671169684,82.20861294429993,82.20861294429993,11000
2024-05-02,84.75547790527344,84.98519034533399,83.80665107546317,84.70553644265296,7300
2024-05-03,85.88408660888672,86.21368198676187,85.68433599077929,86.1237964946128,36400
2024-05-06,86.02391052246094,86.6431496086846,85.57446783761945,86.6431496086846,10700
2024-05-07,86.73303985595703,86.88285663245583,86.14377018705899,86.14377018705899,11300
2024-05-08,83.37718200683594,85.57446924440092,83.31725072654044,85.57446924440092,11500
2024-05-09,85.29481506347656,85.29481506347656,83.58692217046986,83.58692217046986,17400
2024-05-10,85.17496490478516,85.85412769744048,84.8054254867213,85.69432872152046,8800
2024-05-13,85.244873046875,85.89407396713773,85.17495957053885,85.57446841531572,5300
2024-05-14,86.0838394165039,86.38346532476355,85.54450363763996,86.1038114290557,9300
2024-05-15,87.6119613647461,87.751788324918,86.76300978656013,86.90283674673204,10200
2024-05-16,87.60196685791016,87.86164875004097,87.25239947619411,87.54204319818668,15300
2024-05-17,87.34229278564453,87.74180166623029,87.00271519014541,87.74180166623029,15800
2024-05-20,87.39222717285156,87.7018429107219,87.15252491191961,87.15252491191961,19200
2024-05-21,86.86288452148438,87.46214400681414,86.61319243426382,87.13254862288355,9300
2024-05-22,87.15251922607422,87.59197207244657,86.4933285265202,86.4933285265202,35800
2024-05-23,85.37472534179688,87.35228248707122,85.14500525926597,87.35228248707122,45000
2024-05-24,86.1737289428711,86.33353553076581,85.31478758293076,85.31478758293076,3700
2024-05-28,85.94402313232422,86.48335135810922,85.66436158191964,86.08385009752745,8800
2024-05-29,85.3447494506836,85.54450768563981,84.89530675702775,84.89530675702775,4300
2024-05-30,85.5145492553711,86.19371204123006,85.5145492553711,85.74426170970699,8500
2024-05-31,85.73426818847656,86.29358362442949,85.33476695993552,86.03390172987983,14100
2024-06-03,85.94402313232422,86.39346586047775,85.94402313232422,86.35351421041995,5400
2024-06-04,85.69432067871094,85.9939465879389,85.56447592671469,85.90406110116966,5100
2024-06-05,86.59320831298828,86.59320831298828,85.67434330843,85.67434330843,8900
2024-06-06,86.04389190673828,86.45338295370605,85.97397842945122,86.3335356326411,5700
2024-06-07,85.42465209960938,86.24364180675175,85.31478697621245,85.31478697621245,10400
2024-06-10,85.13501739501953,85.14500721274958,84.67558483941505,84.7454983235288,6900
2024-06-11,84.79542541503906,85.08506912011481,84.1462245326277,84.79542541503906,6800
2024-06-12,85.82416534423828,86.6631271077161,85.51454959152592,86.30357750908121,130800
2024-06-13,84.98519134521484,85.48457549730564,84.58569011954015,85.48457549730564,8700
2024-06-14,84.3160171508789,84.3160171508789,83.68679587184154,84.30603495438434,9700
2024-06-17,83.7067642211914,83.98641811074603,83.17741827024913,83.80664714174405,33100
2024-06-18,84.33599853515625,84.81540305675969,83.62687394945294,83.62687394945294,25800
2024-06-20,84.23611450195312,84.55572767215483,83.93648858488508,83.93648858488508,17500
2024-06-21,84.17619323730469,84.46583696604216,84.17619323730469,84.38593367121852,8000
2024-06-24,83.01762390136719,84.04635403193797,83.01762390136719,83.90652707943305,16400
2024-06-25,82.75794219970703,82.95769281231657,82.58815341698917,82.58815341698917,10600
2024-06-26,83.39715576171875,83.4470972263416,82.28852230307093,82.28852230307093,9200
2024-06-27,83.92649841308594,83.92649841308594,83.19740182664208,83.29727713190869,12500
2024-06-28,84.30603790283203,84.37595138072572,83.76670209336744,83.89653923231356,10600
2024-07-01,83.2073745727539,85.0650839957103,83.17741274657662,83.17741274657662,14700
2024-07-02,82.94770812988281,83.3372271467964,82.70799825793814,83.1574485528365,20300
2024-07-03,82.927734375,83.13747481281973,82.68803210606285,83.13747481281973,4300
2024-07-05,83.8565902709961,83.88655210248203,82.76793642035207,82.76793642035207,7200
2024-07-08,83.42710876464844,84.05633762432471,83.40713675291123,83.91650306217689,15300
2024-07-09,82.88777923583984,83.27729826395641,82.73796246656482,83.25732625071853,7700
2024-07-10,83.9864273071289,83.9864273071289,82.7879083292311,83.25733067524038,27000
2024-07-11,86.48333740234375,86.70306763220485,84.09628194157439,84.09628194157439,28100
2024-07-12,86.6930923461914,87.39222711511331,86.6930923461914,86.89284296016982,36000
2024-07-15,86.32353973388672,86.8428958685707,86.06385785654624,86.4433946665047,9900
2024-07-16,88.890380859375,88.9802663509598,86.32354657081991,86.32354657081991,12200
2024-07-17,89.08014678955078,89.88914667119235,88.11134032289502,88.11134032289502,18300
2024-07-18,87.18248748779297,89.52959151365569,86.43341124847524,88.80049490791839,49900
2024-07-19,87.27236938476562,87.3622624921804,86.45337970164,87.08260859355174,5700
2024-07-22,87.84166717529297,87.84166717529297,87.01269529411644,87.41219651010631,7900
2024-07-23,88.64068603515625,88.89037810849473,87.66188975487063,87.69185920446901,14200
2024-07-24,88.03144073486328,88.99025742530455,88.03144073486328,88.2311913545394,81800
2024-07-25,86.24364471435547,88.06140279002813,86.24364471435547,87.69186338068664,27400
2024-07-26,85.26485443115234,86.56324867834483,85.26485443115234,86.56324867834483,67300
2024-07-29,85.30480194091797,85.58445583844163,84.86534146195382,85.36472559895955,12300
2024-07-30,85.70430755615234,85.90406579321221,85.30480632202783,85.90406579321221,10900
2024-07-31,85.18494415283203,86.74302016972618,84.59566692849582,85.3547329249301,241900
2024-08-01,85.1250228881836,85.77421616679574,84.1162648032675,85.06509161046769,43000
2024-08-02,84.34599304199219,84.60567497409265,83.40715587516503,84.31603120751879,44800
2024-08-05,82.12872314453125,83.1374736716274,80.94018639320288,81.66928300704475,37600
2024-08-06,83.59690856933594,84.6056667451517,82.37841757260547,82.63809185945084,10900
2024-08-07,82.08877563476562,84.4159001702192,82.08877563476562,84.4159001702192,5800
2024-08-08,84.6356201171875,84.75547505144256,83.38715979368641,83.38715979368641,6600
2024-08-09,84.59567260742188,84.79543084094436,84.29604668713432,84.51577693401033,8000
2024-08-12,83.88655090332031,84.67557880782799,83.77668577611053,84.67557880782799,5900
2024-08-13,84.70553588867188,84.8753322884726,84.11626625759033,84.28605503739377,6100
2024-08-14,84.3160171508789,84.3160171508789,84.03636324908452,84.22613166244385,4200
2024-08-15,86.27360534667969,86.57323889279131,85.17496171093313,85.17496171093313,12800
2024-08-16,86.60319519042969,86.60319519042969,85.99394594025851,85.99394594025851,11200
2024-08-19,87.0027084350586,87.19247685310235,86.39345915396838,86.39345915396838,13800
2024-08-20,85.82416534423828,87.0726257922692,85.82416534423828,86.70307875645283,10700
2024-08-21,86.85289764404297,87.07262790743374,86.12380099188051,86.42342693468773,15400
2024-08-22,86.56324005126953,87.26238237930833,86.56324005126953,87.26238237930833,8200
2024-08-23,88.71060943603516,88.71060943603516,87.02268839301954,87.2823703119446,7000
2024-08-26,88.31109619140625,88.92034549804663,88.2511725284573,88.83046000362322,19700
2024-08-27,88.79051208496094,88.94032886862473,88.1413111024166,88.1413111024166,16300
2024-08-28,88.53082275390625,88.84043849288393,87.94155310617487,88.56078458413022,19800
2024-08-29,89.27989959716797,90.0589376682836,88.73057397266462,88.73057397266462,12700
2024-08-30,89.82920837402344,89.90910403351405,89.11009409863493,89.31983449229055,5900
2024-09-03,88.09136199951172,89.51960098932229,87.82169790828762,89.05018628385793,7500
2024-09-04,87.95153045654297,88.95029871562703,87.64191473462598,87.80172131367803,13500
2024-09-05,87.78174591064453,88.14130311083811,86.92280455684846,88.11134128082156,9400
2024-09-06,87.34229278564453,88.10135889675766,86.56325465950127,87.87164643391957,40400
2024-09-09,87.27236938476562,88.26115546634199,87.26238718838405,87.84166699840176,13100
2024-09-10,87.50209045410156,87.5819937460622,87.07261978480976,87.5819937460622,7600
2024-09-11,87.88162231445312,87.91158414484372,86.25363269658479,87.10258424430756,11600
2024-09-12,88.51084899902344,88.9503018669915,87.55203235073309,87.77175497471843,9500
2024-09-13,89.66941833496094,90.13884066343272,88.7405634947927,88.7405634947927,16300
2024-09-16,90.0988998413086,90.26868864690061,89.84920773190912,89.84920773190912,8100
2024-09-17,89.769287109375,91.23747764859326,89.74931509727547,90.25868903577908,16900
2024-09-18,89.65943145751953,91.06769848910254,89.38976735572587,89.52959431517411,7700
2024-09-19,90.83797454833984,91.35733833560546,90.62823411809708,91.35733833560546,7200
2024-09-20,90.4784164428711,90.4784164428711,89.96905009737564,90.33858949077461,5700
2024-09-23,90.12583923339844,90.62526201894836,90.12583923339844,90.62526201894836,6300
2024-09-24,89.6563720703125,90.315606121847,89.61641733679734,90.315606121847,3500
2024-09-25,88.69747924804688,89.64637937987803,88.55764149431567,89.64637937987803,38600
2024-09-26,88.91722106933594,89.10700414868128,88.56762667626786,88.57761726480872,13600
2024-09-27,89.73628234863281,90.79506383480496,89.42664266052851,89.42664266052851,8900
2024-09-30,90.40550231933594,90.40550231933594,89.31675683412246,89.57645878059503,10000
2024-10-01,88.38782501220703,90.29562333444339,87.75855516999273,90.29562333444339,22300
2024-10-02,88.05821990966797,88.25798595456371,87.28910463358851,88.00827458815097,3400
2024-10-03,86.58992004394531,87.64869385015726,86.58992004394531,87.64869385015726,6100
2024-10-04,87.50885772705078,87.7286049635325,86.80966890241496,87.58876719860534,9300
2024-10-07,86.050537109375,87.10931084862118,85.95065408841356,87.07934670439134,7100
2024-10-08,86.57992553710938,86.65983500355101,86.06052924641108,86.06052924641108,6200
2024-10-09,86.88956451416016,87.11930232323623,86.55995130369253,86.55995130369253,3000
2024-10-10,86.10047912597656,86.26029806399579,85.98062254304855,86.26029806399579,8700
2024-10-11,86.93951416015625,87.17923494894448,86.13045173512943,86.13045173512943,3000
2024-10-14,87.68864440917969,87.85844630952596,86.93951030938436,87.0793480650326,4100
2024-10-15,87.78852844238281,88.05822098894225,87.55879824999568,87.55879824999568,5300
2024-10-16,88.18807220458984,88.58761193819915,87.79852305998209,87.91837964565427,30500
2024-10-17,87.40896606445312,88.42778505409106,87.30908304516876,88.29793789107998,10700
2024-10-18,88.58760833740234,88.83731970818488,87.61872699947227,87.61872699947227,8600
2024-10-21,87.39897918701172,88.18806802785622,87.21918669643213,88.18806802785622,5800
2024-10-22,87.32906341552734,87.3490369727085,87.06936144865341,87.28910868057855,3600
2024-10-23,86.6897964477539,86.74972473542516,86.09049070928359,86.74972473542516,3900
2024-10-24,86.9095458984375,87.78852716276023,86.9095458984375,86.96947418764996,3900
2024-10-25,86.66981506347656,87.36901144050223,86.5499584884217,87.20919251298119,5300
2024-10-28,87.55879974365234,88.40781689022758,87.3989808065817,87.3989808065817,7100
2024-10-29,87.89839935302734,87.91837290891338,86.81964444111773,86.81964444111773,7200
2024-10-30,88.13812255859375,89.20688691175788,88.01826597879835,88.01826597879835,9900
2024-10-31,87.42894744873047,88.2080457377316,87.42894744873047,88.2080457377316,6200
2024-11-01,88.59758758544922,89.1769197702809,88.0382365769695,88.0382365769695,5700
2024-11-04,89.7762222290039,90.16577132718128,88.67749380797578,88.67749380797578,6700
2024-11-05,91.24454498291016,91.24454498291016,90.17578048464092,90.17578048464092,6200
2024-11-06,93.68171691894531,93.68171691894531,92.31329589079041,92.82270921084604,26500
2024-11-07,92.44316101074219,93.45198955462872,91.90378348579358,93.45198955462872,8600
2024-11-08,92.48310089111328,92.95255949390453,92.42317259989274,92.57300094853046,7200
2024-11-11,93.26219940185547,93.70168620368189,92.56300303705557,92.56300303705557,5500
2024-11-12,92.42317199707031,93.43200807602554,92.25337009266204,92.87265704005179,12400
2024-11-13,90.87496948242188,92.65291330281,90.87496948242188,92.65291330281,4200
2024-11-14,89.09700775146484,90.8649683992111,89.05706064107818,90.5553287599072,9900
2024-11-15,88.83731842041016,89.08702978757292,88.83731842041016,89.05706564280716,2600
2024-11-18,89.0870361328125,89.76625140469586,88.87727948392617,88.95718133546379,6800
2024-11-19,89.39667510986328,89.73627893284598,87.9683256943459,87.9683256943459,15000
2024-11-20,89.53650665283203,89.53650665283203,88.81733670050629,89.3567141647506,10500
2024-11-21,90.67518615722656,90.89493336928119,89.80619551757428,89.80619551757428,9900
2024-11-22,91.33443450927734,91.50423641450129,90.76509288190162,91.054758989947,11300
2024-11-25,93.032470703125,93.032470703125,91.83385913277117,91.83385913277117,9000
2024-11-26,92.06358337402344,92.93258165965617,91.84383615554717,92.93258165965617,8200
2024-11-27,93.67172241210938,93.67172241210938,92.60295811589205,92.60295811589205,5800
2024-11-29,93.80158996582031,93.92144655554873,93.42202377678214,93.88149181877698,1700
2024-12-02,94.23108673095703,94.50077930042534,93.94142822387904,94.28103205732876,8300
2024-12-03,93.45198822021484,93.65176190470635,93.13235794561531,93.59182598906547,8400
2024-12-04,93.4320068359375,93.91144839738404,92.93258409742207,93.85152010734977,7800
2024-12-05,91.3644027709961,93.15233720222113,91.33443862408737,92.81272575588667,12700
2024-12-06,91.22455596923828,91.89378058586865,91.05475407318328,91.24452952500349,7000
2024-12-09,91.65406799316406,92.21341905153868,91.31445655016046,91.31445655016046,20000
2024-12-10,92.15348815917969,92.5929749981129,91.53420120445536,91.59412949599479,11800
2024-12-11,92.90262603759766,93.44200354499431,92.74280709292307,92.83270715444921,13400
2024-12-12,91.9337387084961,92.8726558963925,91.9337387084961,92.8726558963925,9600
2024-12-13,91.3644027709961,91.893789687948,91.1146913859745,91.86382554103929,4500
2024-12-16,90.7850570678711,91.65405530230886,90.7850570678711,91.10468728848288,9300
2024-12-17,90.72513580322266,91.02478487165357,90.43546970266246,90.45544325899006,7200
2024-12-18,88.14810943603516,90.99481739512137,87.89839807785941,90.58529473041783,9200
2024-12-19,87.998291015625,88.61757799711387,87.44893053806946,88.55764970298443,13300
2024-12-20,89.2068862915039,89.47657883534079,87.89840116726066,87.89840116726066,13300
2024-12-23,88.97209930419922,88.97209930419922,88.06289174195668,88.82222900437989,14200
2024-12-24,89.5216064453125,89.5216064453125,88.59241980768088,89.05201643387122,10500
2024-12-26,90.24098205566406,90.3508864305355,88.85219872525583,89.43169313408339,11100
2024-12-27,89.3817367553711,89.93125864772489,88.55246103517179,89.76140157563,10800
2024-12-30,88.20276641845703,88.8422059002613,87.66323792642469,88.8422059002613,8400
2024-12-31,88.43256378173828,89.12195490985484,88.32265941210589,88.81222857146507,16200
2025-01-02,88.89216613769531,89.91127044039652,88.11284973750263,89.91127044039652,28800
2025-01-03,89.88130187988281,90.13108317933425,89.11197883156929,89.11197883156929,7600
2025-01-06,91.14019775390625,91.37998565646885,90.1111000650751,90.1111000650751,17500
2025-01-07,91.41995239257812,92.70882476726547,91.06026672416677,91.74966552574188,6900
2025-01-08,91.85956573486328,92.0693810947951,91.0602625918394,91.17016696457318,24900
2025-01-10,90.41082763671875,90.80048581362593,90.1310738299874,90.65062314767665,9900
2025-01-13,90.62065124511719,90.62065124511719,89.54160183840946,89.76140297606014,15400
2025-01-14,90.04115295410156,91.379976872663,89.19189055678686,90.94035940795601,17000
2025-01-15,90.82047271728516,91.52985062045592,90.82047271728516,90.88041778375269,5000
2025-01-16,92.03941345214844,92.20926290168339,90.96035643853791,90.96035643853791,6800
2025-01-17,92.3491439819336,92.60891867234884,92.14932198790369,92.15930775170087,8000
2025-01-21,94.29743194580078,94.29743194580078,92.75877825058518,92.7787650229512,8200
2025-01-22,94.20751190185547,94.85694477799173,93.78788116566405,93.78788116566405,24900
2025-01-23,94.54720306396484,94.58716898167464,93.4181944738608,94.07762068199335,29300
2025-01-24,95.01679992675781,95.01679992675781,94.08761323541673,94.56719665983016,37200
2025-01-27,95.60628509521484,95.8260938410733,94.25746008612334,94.25746008612334,13500
2025-01-28,95.38648223876953,95.97596243658626,94.8669328759858,95.88604482921227,16400
2025-01-29,95.11670684814453,95.71618800869773,94.97682994340735,95.26657713828284,12900
2025-01-30,95.58629608154297,97.01504527338311,95.34650819292295,95.54633016298637,13500
2025-01-31,94.49726104736328,96.18577741263707,94.49726104736328,95.78613344010941,9800
2025-02-03,93.8178482055664,94.67709639947002,93.15842198212987,93.49812847918736,11000
2025-02-04,94.62714385986328,94.7270548522389,93.74791645514969,93.74791645514969,6800
2025-02-05,95.64625549316406,95.75615224851929,95.38648081564791,95.38648081564791,6700
2025-02-06,93.84782409667969,95.63625900041139,93.5181109731645,95.63625900041139,20600
2025-02-07,92.44905090332031,93.897786975691,92.2991806030447,93.52810791804053,31000
2025-02-10,92.66885375976562,93.04851855659692,92.19926373940714,92.85868996954109,6500
2025-02-11,91.8196029663086,92.15930185898299,91.8196029663086,91.93949310597252,3500
2025-02-12,90.69058227539062,90.90040525508346,90.35088339916338,90.35088339916338,37500
2025-02-13,91.65973663330078,91.65973663330078,90.72056420129782,91.17016745747968,19800
2025-02-14,91.28006744384766,91.92950026701368,91.28006744384766,91.92950026701368,8600
2025-02-18,91.57980346679688,91.62975514442442,91.00030912274059,91.00030912274059,10400
2025-02-19,92.06938171386719,92.29917622369588,91.44992139272247,91.44992139272247,8700
2025-02-20,91.42993927001953,92.07937210412717,91.42993927001953,92.01941941517971,5100
2025-02-21,89.94124603271484,91.56982496702497,89.8513284247376,91.56982496702497,17300
2025-02-24,90.93038177490234,91.09023783462919,89.8812973213251,90.19102367766584,12300
2025-02-25,90.37086486816406,90.93038012384858,89.40171989612725,90.93038012384858,7000
2025-02-26,91.00032043457031,91.82959613800475,90.3209150280862,90.3209150280862,12200
2025-02-27,88.11284637451172,90.06113730063329,88.10285298899528,90.06113730063329,9500
2025-02-28,88.47252655029297,88.96209569222283,86.9638455849116,88.052888234491,23000
2025-03-03,87.18366241455078,89.0220490251335,87.18366241455078,88.84220619386171,3300
2025-03-04,86.48426818847656,87.00381752104468,84.83571783406707,86.31441874705688,16700
2025-03-05,86.93387603759766,87.06375955485319,85.92475756439849,86.0946069998987,13400
2025-03-06,85.15544128417969,86.47428619888653,85.15544128417969,85.79488078084239,7500
2025-03-07,85.81485748291016,86.21450906260712,84.01642918563371,84.74579389028467,23200
2025-03-10,83.57682037353516,85.09548724847402,82.97734680770981,84.71582243541928,28900
2025-03-11,83.796630859375,84.0364187661204,82.85745075910201,83.63676717306465,9100
2025-03-12,82.46778869628906,84.47603233102545,82.21800741514791,84.47603233102545,12400
2025-03-13,80.9791030883789,82.08813270552058,80.63939654574423,82.01818662148118,8500
2025-03-14,82.38785552978516,82.5177390497073,81.65849846932439,81.67847761749717,11400
2025-03-17,83.89653778076172,84.04640807372498,82.50775446989374,82.50775446989374,120800
2025-03-18,83.06726837158203,83.53685843438853,82.71757607674326,83.53685843438853,16300
2025-03-19,83.93650817871094,84.19627523613902,83.15719176098642,83.18716429663426,49600
2025-03-20,83.42694854736328,84.50600551970409,82.96735190122993,83.53685292173428,7100
2025-03-21,82.86743927001953,83.23711068310394,82.27795148983031,82.81747996530666,11200
2025-03-24,84.73580932617188,84.80574778819597,83.9964587815285,83.9964587815285,9000
2025-03-25,83.95648193359375,84.6258939291162,83.66673473641545,84.6258939291162,4000
2025-03-26,83.06726837158203,83.74667381129181,82.71757607674326,83.62677604332409,8000
2025-03-27,83.15718841552734,83.48689391710954,82.9173928945514,82.9173928945514,20600
2025-03-28,81.77838897705078,82.49776027806831,81.64850545653582,82.49776027806831,8900
2025-03-31,82.12808227539062,82.66761075794204,81.01905277615491,81.01905277615491,10000
2025-04-01,81.6884765625,82.42782705872571,81.0490370593772,82.02817546359393,17500
2025-04-02,82.92738342285156,83.1771646982216,80.79924970087792,80.79924970087792,12500
2025-04-03,78.78102111816406,79.98996170499345,78.53123981618972,79.97997594127315,13900
2025-04-04,75.0442886352539,76.40309941301975,74.37487663196744,76.40309941301975,11500
2025-04-07,75.10423278808594,77.00257202412811,72.28670027908679,72.58644086156912,60600
2025-04-08,72.2767105102539,77.93176258217366,71.87706654390597,77.93176258217366,10100
2025-04-09,77.64201354980469,78.10161019850237,71.18766607383655,71.22763199407808,138700
2025-04-10,74.46479034423828,76.70282836958539,72.98608950743942,76.32316358667094,6100
2025-04-11,75.5038833618164,75.65375365108189,73.24585850564999,74.48477911570636,5900
2025-04-14,76.53298950195312,76.7527982676175,75.45393244653917,76.7527982676175,4200
2025-04-15,75.493896484375,76.52299420454065,75.21414265241387,76.52299420454065,4200
2025-04-16,74.84447479248047,75.63377701781333,74.07514409507115,75.27409132445428,9600
2025-04-17,75.36400604248047,75.54384886406382,74.66462152672271,74.99432701402593,4600
2025-04-21,74.28495025634766,74.57469745239827,73.4356954390791,74.57469745239827,14000
2025-04-22,75.52386474609375,75.87356463897456,74.8544527399684,75.28407684980044,13600
2025-04-23,77.10247802734375,79.31054346590915,77.05252634863834,77.32228675726125,10200
2025-04-24,79.34053039550781,79.36050954415222,77.5520954944004,77.5520954944004,6400
2025-04-25,79.5103759765625,79.58031442750064,78.51125089303511,79.57032104230392,16100
2025-04-28,79.54034423828125,79.72018704856777,78.81097961247507,79.40046734391608,5600
2025-04-29,79.9200210571289,80.32966604005648,79.3605133952963,79.37050678146336,3300
2025-04-30,78.99082946777344,78.99082946777344,77.84184167911515,78.94087778545595,6700
2025-05-01,78.90091705322266,79.29057526542732,78.65113575705453,79.04079396925918,3900
2025-05-02,80.38961029052734,80.749295961666,79.86007516988435,80.20976745495801,37800
2025-05-05,78.94087982177734,79.83010059079534,78.94087982177734,79.79013467027859,40500
2025-05-06,78.46129608154297,79.12072233332738,78.04166535189101,78.09162465801523,8600
2025-05-07,79.20064544677734,79.4604201141047,78.5012609071111,78.86094656257367,7700
2025-05-08,80.9791030883789,81.82835801088471,79.38049661928491,79.77015484987842,8700
2025-05-09,80.7093276977539,81.5386033945183,80.54947163895396,81.1988968826486,14700
2025-05-12,83.41694641113281,83.9265023095162,82.68758940978466,82.68758940978466,17300
2025-05-13,82.67760467529297,83.54684628433621,82.51774099526303,83.54684628433621,17800
2025-05-14,81.74842071533203,82.68760080993154,81.59855041600146,82.68760080993154,4200
2025-05-15,82.25798034667969,82.28795288333637,81.23886836402973,81.62852658600752,5800
2025-05-16,83.65675354003906,83.65675354003906,82.4877713020367,82.55770975877873,30300
2025-05-19,83.32703399658203,83.40696583320214,82.29793637393658,82.52773087582001,5700
2025-05-20,83.2571029663086,83.52686341054705,82.88742390602904,82.9973282854981,4600
2025-05-21,80.7093276977539,82.71757136620748,80.7093276977539,82.3678790912827,7300
2025-05-22,80.33965301513672,80.73929695728555,79.36050706234509,80.39959808191513,10300
2025-05-23,79.93001556396484,80.02992655887574,79.25061012676233,79.25061012676233,8000
2025-05-27,82.24797821044922,82.45779356744572,81.02904436461466,81.02904436461466,8000
2025-05-28,81.61853790283203,82.12808625321043,81.51861928725654,82.12808625321043,3000
2025-05-29,81.64851379394531,82.07813794132787,81.00907426612763,82.07813794132787,5500
2025-05-30,81.10897827148438,81.40871885925144,80.76927176383371,81.14894419136797,7700
2025-06-02,80.10985565185547,80.94911712753996,79.3705051676496,80.94911712753996,4900
2025-06-03,81.46866607666016,81.598549602668,81.15893971779222,81.46866607666016,4400
2025-06-04,81.14894104003906,81.55857836317846,80.94911144838126,81.31879047590859,8300
2025-06-05,81.57856750488281,82.07813006446847,81.11897086479037,81.26883353449028,106600
2025-06-06,82.12808227539062,82.6276448381916,81.89828776522526,82.56769976992581,9400
2025-06-09,82.13807678222656,82.67760527214276,82.02817240709253,82.34789214674066,11100
2025-06-10,83.17716217041016,83.57681372340043,82.51773596456827,82.51773596456827,5400
2025-06-11,82.21800994873047,83.54684823480285,81.97822204580733,83.54684823480285,15800
2025-06-12,81.30879974365234,81.78838315655982,80.84920310192255,81.78838315655982,6500
2025-06-13,80.00994110107422,81.43869032154767,79.94000264787844,80.33965421873418,16800
2025-06-16,80.68934631347656,81.43869014872095,80.38960573029094,80.48951671711292,10300
2025-06-17,79.22063446044922,80.69933542123378,79.16068939041524,80.22975300143435,116400
2025-06-18,79.08075714111328,79.78014169697285,78.75104401218522,79.100736290115,8700
2025-06-20,79.28057861328125,79.58031920542336,78.92089295179866,79.35051706841843,20200
2025-06-23,79.19063568115234,79.28058358089095,77.54166201593516,78.76090324263686,11300
2025-06-24,80.89956665039062,80.92955436566406,79.54041329437437,79.70031727726644,4400
2025-06-25,80.55978393554688,81.00950055442246,80.35991157707811,81.00950055442246,7400
2025-06-26,80.58976745605469,80.87958772541585,80.31993899817613,80.48983127256788,9400
2025-06-27,80.8296127319336,81.22936507524378,80.38989201647,80.89956882016475,16800
2025-06-30,81.15940856933594,81.45922473143605,80.90956430913309,81.0894524814648,15800
2025-07-01,81.59913635253906,82.06884477847042,80.66971540591618,80.79963167546758,5200
2025-07-02,81.66909790039062,81.86897027070127,81.5691617152353,81.75903817963776,5300
2025-07-03,81.79901123046875,81.91893922311806,81.7090709544632,81.75903523291898,3100
2025-07-07,79.89020538330078,81.43923526638768,79.82024929341482,81.29932308661576,7400
2025-07-08,81.04947662353516,81.70906913142713,80.9495404442114,81.45922487079685,7600
2025-07-09,81.59913635253906,81.61912053837709,80.44985123848944,81.03948002873236,6500
2025-07-10,82.42861938476562,83.10819605857219,81.54916273357978,81.54916273357978,67400
2025-07-11,79.90019226074219,81.72905409588945,79.90019226074219,81.71905819046934,14900
2025-07-14,79.73030090332031,80.18002515666484,79.5404168213765,79.93018089079851,88900
2025-07-15,78.20124816894531,80.10006594334315,78.20124816894531,79.97014205703012,112400
2025-07-16,78.101318359375,78.44110289818687,77.53167374311136,78.44110289818687,13200
2025-07-17,77.84147644042969,78.18126859624523,77.59163218234006,77.77152035315027,191800
2025-07-18,76.6622085571289,78.44109839259383,76.57226828718898,78.08132206355133,60800
2025-07-21,76.5622787475586,77.19188356340642,76.5223027493813,76.7921312062755,10500
2025-07-22,78.0113754272461,78.14129933241722,76.51230974955332,76.51230974955332,17400
2025-07-23,79.95016479492188,79.95016479492188,78.41112320766261,78.41112320766261,19400
2025-07-24,78.66096496582031,79.58039000174695,78.48107679577888,79.58039000174695,5400
2025-07-25,79.6403579711914,79.6403579711914,78.53104885777235,78.79088139586496,11300
2025-07-28,79.2306137084961,79.91019042810511,79.18064942926489,79.58039416168265,20200
2025-07-29,78.92080688476562,79.28058323285697,78.66096671677926,79.28058323285697,19400
2025-07-30,78.29119110107422,79.46046799447745,78.0513427541942,78.93079940049007,5600
2025-07-31,76.15252685546875,77.89144838241897,76.14253857488197,77.89144838241897,7100
2025-08-01,76.43235778808594,76.56227405571919,75.58288122199903,75.91267746826983,16600
2025-08-04,78.15128326416016,78.15128326416016,77.04197411443741,77.04197411443741,9900
2025-08-05,78.0213623046875,78.63098288637524,77.02198530187371,78.63098288637524,9300
2025-08-06,76.67221069335938,78.06134422270044,76.22248643318525,78.06134422270044,6700
2025-08-07,77.1119384765625,77.62161529315173,76.1425414975188,77.08195075972611,9000
2025-08-08,77.92142486572266,78.25122110121701,77.65158880953952,77.65158880953952,9900
2025-08-11,77.94141387939453,78.29119432144915,77.53167325431392,77.9913857816774,10800
2025-08-12,79.36053466796875,79.36053466796875,78.07133736715981,78.07133736715981,5200
2025-08-13,81.09944915771484,81.14941343544534,79.90019212255584,79.90019212255584,10500
2025-08-14,80.18002319335938,80.48982763556226,79.65034695799332,80.32992364949516,14900
2025-08-15,80.71968078613281,80.71968078613281,80.17002798469483,80.27996006991079,23700
2025-08-18,80.43985748291016,80.86958992400787,79.96016076356129,80.36990139364504,6600
2025-08-19,80.84960174560547,81.44922642750542,80.2899454344762,80.2899454344762,13800
2025-08-20,81.15940856933594,81.32930083635986,80.74966794741697,80.82961231595417,48600
2025-08-21,80.62974548339844,81.35929412803084,80.58976948406932,80.75966176273637,13800
2025-08-22,83.28807830810547,83.43798638805168,81.02949170224477,81.55916031003194,22700
2025-08-25,81.65909576416016,82.88833285924618,81.65909576416016,82.88833285924618,12600
2025-08-26,82.08882904052734,82.08882904052734,81.51918443559356,81.71905679272616,7200
2025-08-27,82.24873352050781,82.37864979096103,82.08882953412687,82.08882953412687,7700
2025-08-28,81.82899475097656,81.95891865461739,81.33930210359786,81.95891865461739,32600
2025-08-29,82.0788345336914,82.09882634453028,81.81900198992047,82.02887025587783,3200
2025-09-02,81.32929992675781,81.49919981652327,81.0494755784029,81.27933565006109,6000
2025-09-03,80.72967529296875,80.93954355438846,80.08007869830296,80.93954355438846,7900
2025-09-04,81.86896514892578,81.90894114541543,80.28994759847262,80.9095641070995,10900
2025-09-05,82.70844268798828,82.83835895316935,82.22873837295414,82.22873837295414,5000
2025-09-08,82.38864135742188,82.73842177840746,82.12880120555774,82.73842177840746,14400
2025-09-09,82.38864135742188,82.62848969972038,82.04884921657779,82.38864135742188,22800
2025-09-10,80.5298080444336,82.51856632609987,80.27996377099565,82.51856632609987,34300
2025-09-11,82.19876098632812,82.20875689156048,81.07945596419648,81.07945596419648,8100
2025-09-12,80.56978607177734,81.97890384463311,80.50981825988568,81.97890384463311,12100
2025-09-15,80.18002319335938,80.84960397957157,80.02011920729225,80.63973571633977,10000
2025-09-16,80.15003204345703,80.3199319275344,79.53042318559841,79.91018369927438,8900
2025-09-17,79.66033935546875,80.97951668386612,78.9607785088343,80.11006357799779,12800
2025-09-18,81.03948211669922,81.04947802219662,80.00013668422612,80.33992122471889,5100
2025-09-19,79.81024932861328,80.63973408410293,79.81024932861328,80.63973408410293,5000
2025-09-22,80.5400619506836,80.92996482996519,79.37035331283882,79.55030907462313,7000
2025-09-23,79.8502426147461,81.1599160751356,79.8502426147461,80.76001351110237,4000
2025-09-24,79.10042572021484,80.06018726769639,79.10042572021484,79.84024048290769,5400
2025-09-25,77.45083618164062,78.50057184922183,76.89097715893065,78.35061505921531,28200
2025-09-26,78.00069427490234,78.11066767079133,77.60079933804096,77.85073748733282,5900
2025-09-29,77.970703125,78.29062365184515,77.41084410989772,78.29062365184515,33400
2025-09-30,78.74051666259766,78.74051666259766,77.78075508493481,77.82073847660214,7400
2025-10-01,78.68052673339844,79.28038439665744,77.06093239961882,78.57055333696809,14400
2025-10-02,79.28038024902344,79.30037194391623,78.48057515819208,78.54055787037711,9000
2025-10-03,80.760009765625,81.32986841400376,79.51031907817102,79.51031907817102,7100
2025-10-06,80.15016174316406,81.1399222797242,79.95021428007482,81.1399222797242,7100
2025-10-07,79.19039916992188,80.12016935356345,79.19039916992188,80.12016935356345,4900
2025-10-08,80.39010620117188,80.40009823486642,78.92046873237193,79.12041619135553,7000
2025-10-09,79.82024383544922,80.73002236165702,79.80025213957418,80.6700396465249,5600
2025-10-10,77.17090606689453,79.9302177665393,77.17090606689453,79.9302177665393,17300
2025-10-13,77.72076416015625,78.30062249257934,77.52081669328956,77.90071993133904,9700
2025-10-14,78.6705322265625,78.980453082667,76.7610011553859,76.83098353023229,105400
2025-10-15,78.86048126220703,79.56031264912798,78.12066648403979,79.03044499878493,112500
2025-10-16,79.2703857421875,80.2201476752374,78.71052671870606,79.10042962827451,12000
2025-10-17,79.48033142089844,79.65028753169993,78.7904996885186,79.06043716097462,130800
2025-10-20,81.00994873046875,81.06993144327701,80.15016091851888,80.15016091851888,14400
2025-10-21,81.41985321044922,81.46983626334686,80.86998623602668,80.86998623602668,11700
2025-10-22,81.74976348876953,82.47958621379455,81.58980704544626,81.66978908086125,13300
2025-10-23,81.31986999511719,81.53981677987025,80.640045573163,81.5198250846685,10800
2025-10-24,81.1799087524414,81.93972287054017,81.1799087524414,81.72977573807349,163400
2025-10-27,81.73977661132812,81.80975898985423,81.27989131994127,81.69978559109789,4800
2025-10-28,81.11992645263672,81.47983800371259,81.06993577095675,81.41985528770232,5500
2025-10-29,80.5400619506836,81.73976957174789,80.5400619506836,81.06992957496338,11800
2025-10-30,79.66028594970703,80.5600647980014,79.08042762219434,80.5600647980014,33500
2025-10-31,79.77025604248047,80.00019485516316,79.47032722962606,79.78025570357737,40800
2025-11-03,80.38011169433594,80.38011169433594,79.32036873674845,79.6902799498459,15400
2025-11-04,81.0399398803711,81.07993089797694,79.72026680940489,79.72026680940489,11100
2025-11-05,80.23014831542969,80.73002462892146,79.3603607840514,80.73002462892146,12200
2025-11-06,79.43033599853516,80.08017667296284,78.90046837442702,80.08017667296284,15600
2025-11-07,80.78001403808594,80.78001403808594,79.79025346116681,79.79025346116681,14200
2025-11-10,81.86973571777344,81.86973571777344,80.75001011575515,81.05993859299174,5700
2025-11-11,83.93922424316406,83.95922356582044,81.90972776142503,81.90972776142503,17700
2025-11-12,83.98921966552734,84.65905208971652,83.76927286892621,83.76927286892621,20900
2025-11-13,82.81950378417969,84.04920286889006,82.76952072943982,83.38937010277043,23700
2025-11-14,82.12967681884766,82.67953616700984,81.57980984317854,81.89973036697504,29300
2025-11-17,81.32987213134766,82.16966827800474,81.32987213134766,81.99970453983742,10600
2025-11-18,81.40985107421875,82.11967447484665,80.60005394332758,81.19990395241388,18600
2025-11-19,81.81974792480469,82.12967641297153,81.219897899089,81.219897899089,26300
2025-11-20,81.30987548828125,82.97946039084488,81.15991108255552,82.55956615681808,28100
2025-11-21,85.14892578125,85.81875818218457,81.72977377326374,81.809755810616,26800
2025-11-24,87.45835876464844,87.56832453077767,85.85874853994437,85.85874853994437,83100
2025-11-25,89.56783294677734,89.80777906572742,87.75828315786151,87.75828315786151,36900
2025-11-26,89.02796936035156,89.65781073320139,88.93798766279771,89.59782801983667,41900
2025-11-28,88.89799499511719,88.9979687247055,88.66805617981471,88.98797669100132,7000
2025-12-01,87.83826446533203,88.58807891890987,87.67830038736537,87.90824684256567,16100
2025-12-02,87.16842651367188,88.12818803798521,87.16842651367188,88.12818803798521,7000
2025-12-03,88.13819122314453,88.80802362197234,87.30839475011535,87.30839475011535,25300
2025-12-04,89.36788177490234,89.36788177490234,88.1081913988466,88.1081913988466,47500
2025-12-05,89.3178939819336,90.20768081681778,89.18792888931355,89.25791126649466,15000
2025-12-08,88.1581802368164,89.44786194268097,87.9782244725677,89.44786194268097,12200
2025-12-09,88.13819122314453,88.74803328039339,87.87825341632073,88.22816529425265,9300
2025-12-10,89.60781860351562,89.60781860351562,88.13818875731714,88.13818875731714,7000
2025-12-11,89.77778625488281,89.84776863156729,89.22791927557117,89.22791927557117,7400
2025-12-12,89.337890625,89.57782910706389,89.04796146323217,89.57782910706389,9700
2025-12-15,88.98797607421875,89.68779980399313,88.95798471830079,89.19792319315107,8900
2025-12-16,88.86800384521484,88.93798621883974,88.0582067179116,88.79802147158996,7900
2025-12-17,88.74803161621094,89.98773028550445,88.74803161621094,88.76803093886453,9000
2025-12-18,88.73804473876953,89.85776279221942,88.73804473876953,89.08795663047262,5800
2025-12-19,88.89799499511719,89.07795075937882,88.83801228286552,88.93798601245385,5100
2025-12-22,90.29000091552734,90.58999633789062,89.7300033569336,89.7300033569336,7200
2025-12-23,89.37000274658203,89.81999969482422,89.12000274658203,89.81999969482422,20000
2025-12-24,89.56999969482422,89.56999969482422,89.4000015258789,89.4000015258789,5200
2025-12-26,89.41000366210938,89.55999755859375,89.0,89.22000122070312,4100
2025-12-29,89.18000030517578,89.61000061035156,89.12000274658203,89.54000091552734,3200
2025-12-30,89.0999984741211,89.27999877929688,88.94999694824219,89.08000183105469,6000
2025-12-31,88.2300033569336,89.0,88.02999877929688,89.0,6100
2026-01-02,87.51000213623047,88.62999725341797,87.29000091552734,88.62999725341797,8200
2026-01-05,89.91000366210938,90.0,87.45999908447266,87.45999908447266,101700
2026-01-06,92.01000213623047,92.0999984741211,89.44999694824219,89.56999969482422,13000
2026-01-07,92.31999969482422,92.31999969482422,91.87999725341797,92.25,9000
2026-01-08,93.31999969482422,93.62000274658203,92.16000366210938,92.16000366210938,8500
2026-01-09,92.23999786376953,93.47000122070312,91.06999969482422,93.47000122070312,55300
2026-01-12,90.38999938964844,92.0199966430664,89.7300033569336,92.0199966430664,26300
2026-01-13,88.27999877929688,90.18000030517578,87.95999908447266,90.18000030517578,9800
2026-01-14,89.3499984741211,89.41999816894531,87.45999908447266,87.79000091552734,38200
2026-01-15,89.66000366210938,90.41999816894531,89.08999633789062,89.51000213623047,34500
2026-01-16,89.56999969482422,90.41999816894531,89.45999908447266,90.05999755859375,11700
2026-01-20,88.63999938964844,88.9000015258789,87.88999938964844,88.12000274658203,12800
2026-01-21,89.70999908447266,90.1500015258789,88.91999816894531,89.13999938964844,18600
2026-01-22,89.66000366210938,90.77999877929688,89.47000122070312,89.86000061035156,5800
2026-01-23,88.05000305175781,89.5199966430664,87.72000122070312,89.5199966430664,36000
2026-01-26,88.27999877929688,88.58999633789062,88.04000091552734,88.27999877929688,5200
2026-01-27,87.55999755859375,88.1500015258789,87.43000030517578,88.1500015258789,5100
2026-01-28,86.63999938964844,87.63999938964844,86.63999938964844,87.63999938964844,4500
2026-01-29,86.19999694824219,86.8499984741211,85.33000183105469,86.8499984741211,7200
2026-01-30,86.56999969482422,86.91999816894531,85.54000091552734,86.7699966430664,18100
2026-02-02,86.37000274658203,87.0999984741211,86.27999877929688,86.37999725341797,7300
2026-02-03,85.9000015258789,86.9000015258789,85.18000030517578,86.9000015258789,7600
2026-02-04,85.38999938964844,86.33999633789062,85.33999633789062,86.08000183105469,16400
2026-02-05,84.16000366210938,85.51000213623047,84.16000366210938,84.98999786376953,12900
2026-02-06,86.05999755859375,86.05999755859375,85.12000274658203,85.12999725341797,4900
2026-02-09,85.5199966430664,85.66999816894531,85.11000061035156,85.5,7100
2026-02-10,86.61000061035156,87.55000305175781,85.83999633789062,85.83999633789062,20200
2026-02-11,86.2699966430664,86.72000122070312,84.88999938964844,86.72000122070312,38100
2026-02-12,83.55000305175781,85.79000091552734,83.30000305175781,85.79000091552734,25300
2026-02-13,84.16000366210938,85.13999938964844,83.83999633789062,83.83999633789062,4100
2026-02-17,85.30999755859375,85.58999633789062,84.2699966430664,84.2699966430664,5600
2026-02-18,86.80000305175781,86.9800033569336,85.22000122070312,85.22000122070312,18500
2026-02-19,86.19000244140625,87.0,85.63999938964844,86.91000366210938,17400
2026-02-20,87.29000091552734,87.62000274658203,86.0199966430664,86.3499984741211,29800
2026-02-23,87.11000061035156,87.27999877929688,86.27999877929688,87.05999755859375,7800
2026-02-24,87.08000183105469,87.23999786376953,86.87999725341797,87.05000305175781,3400
2026-02-25,87.94999694824219,87.9800033569336,86.9800033569336,87.26000213623047,9100
2026-02-26,89.19000244140625,89.2300033569336,87.58999633789062,88.30000305175781,12200
2026-02-27,88.4000015258789,88.43000030517578,87.87999725341797,88.20999908447266,11400
2026-03-02,87.62999725341797,87.72000122070312,86.31999969482422,87.02999877929688,10300
2026-03-03,86.16999816894531,86.68000030517578,84.63999938964844,85.69000244140625,59000
2026-03-04,85.98999786376953,86.69999694824219,85.5999984741211,86.69999694824219,9700
2026-03-05,84.27999877929688,85.22000122070312,83.83000183105469,85.0199966430664,19700
2026-03-06,82.41000366210938,83.25,81.8499984741211,83.25,6500
2026-03-09,82.79000091552734,82.79000091552734,80.75,80.88999938964844,25200
2026-03-10,81.7300033569336,82.75,81.47000122070312,82.69999694824219,17300
2026-03-11,82.04000091552734,82.19000244140625,80.91999816894531,81.56999969482422,29500
2026-03-12,79.80000305175781,81.58999633789062,79.66999816894531,81.27999877929688,33600
2026-03-13,79.37999725341797,80.30999755859375,79.33999633789062,80.22000122070312,7300
2026-03-16,80.5199966430664,80.7300033569336,80.25,80.25,13200
2026-03-17,81.5999984741211,82.0999984741211,81.33999633789062,82.0999984741211,41200
2026-03-18,79.69000244140625,80.9800033569336,79.68000030517578,80.9800033569336,31700
2026-03-19,79.51000213623047,80.05000305175781,78.94000244140625,79.27999877929688,13400
2026-03-20,78.29000091552734,79.26000213623047,77.97000122070312,79.26000213623047,7800
2026-03-23,79.54000091552734,80.68000030517578,79.47000122070312,79.70999908447266,11600
2026-03-24,79.11000061035156,79.62000274658203,78.3499984741211,78.3499984741211,13200
2026-03-25,79.76000213623047,80.0199966430664,79.0999984741211,80.0199966430664,84600
2026-03-26,79.30000305175781,80.37000274658203,79.30000305175781,80.1500015258789,13100
2026-03-27,77.08999633789062,79.05999755859375,77.08999633789062,79.05999755859375,8300
2026-03-30,76.25,77.58000183105469,76.0,77.58000183105469,11900
2026-03-31,78.23999786376953,78.37999725341797,76.29000091552734,77.13999938964844,12400
2026-04-01,78.5999984741211,79.36000061035156,78.2699966430664,78.55999755859375,2700
2026-04-02,78.20999908447266,78.62999725341797,77.26000213623047,77.80000305175781,13600
2026-04-06,78.22000122070312,79.05999755859375,77.98999786376953,78.20999908447266,8700
2026-04-07,77.9000015258789,78.30999755859375,77.48999786376953,77.87000274658203,21800
2026-04-08,79.97000122070312,80.7300033569336,79.61000061035156,80.7300033569336,8000
2026-04-09,79.94999694824219,80.37000274658203,78.98999786376953,79.5999984741211,10900
2026-04-10,79.1500015258789,80.01000213623047,79.08999633789062,80.01000213623047,5500
2026-04-13,81.27999877929688,81.27999877929688,79.19999694824219,79.22000122070312,5600
2026-04-14,83.29000091552734,83.62999725341797,82.13999938964844,82.13999938964844,99100
2026-04-15,83.80999755859375,83.88999938964844,83.36000061035156,83.36000061035156,4200
2026-04-16,82.79000091552734,83.08999633789062,82.58999633789062,83.05999755859375,4000
2026-04-17,84.98999786376953,85.66000366210938,84.94999694824219,85.0,4900
2026-04-20,84.76000213623047,85.33000183105469,84.44000244140625,84.44000244140625,9300
2026-04-21,82.23999786376953,85.16000366210938,82.23999786376953,85.16000366210938,93900
2026-04-22,83.27999877929688,84.26000213623047,82.95999908447266,83.13999938964844,361600
2026-04-23,82.26000213623047,83.2699966430664,81.91000366210938,83.2699966430664,17100
2026-04-24,82.70999908447266,82.79000091552734,81.7300033569336,82.0,8400
2026-04-27,82.66999816894531,83.38999938964844,82.45999908447266,82.5,8100
2026-04-28,81.2300033569336,83.0999984741211,80.94999694824219,83.0999984741211,18900
2026-04-29,78.4000015258789,80.55000305175781,77.81999969482422,80.55000305175781,65300
2026-04-30,80.33000183105469,81.0,78.7300033569336,78.73999786376953,46200
2026-05-01,81.66999816894531,81.80000305175781,80.91999816894531,81.29000091552734,37900
2026-05-04,80.5199966430664,81.80999755859375,80.33000183105469,81.41000366210938,12900
2026-05-05,80.26000213623047,80.58000183105469,79.01000213623047,80.58000183105469,6100
2026-05-06,79.72000122070312,80.19999694824219,79.25,79.91999816894531,16700
2026-05-07,80.4000015258789,81.22000122070312,80.04000091552734,80.3499984741211,18200
2026-05-08,78.7699966430664,80.29000091552734,78.58999633789062,80.29000091552734,29600
2026-05-11,77.43000030517578,78.75,77.23999786376953,78.7300033569336,15500
2026-05-12,78.63999938964844,79.08000183105469,77.75,78.0,88900
2026-05-13,77.87999725341797,78.58999633789062,77.55000305175781,78.16999816894531,17400
2026-05-14,78.86000061035156,79.08000183105469,78.25,78.66999816894531,5900
2026-05-15,77.51000213623047,78.62000274658203,77.51000213623047,78.52999877929688,11800
2026-05-18,78.77999877929688,79.44999694824219,77.77999877929688,77.77999877929688,23700
2026-05-19,79.30000305175781,79.62000274658203,78.25,78.25,22100
2026-05-20,81.0199966430664,81.05999755859375,79.31999969482422,79.66999816894531,12000
2026-05-21,81.18000030517578,81.37999725341797,79.72000122070312,80.83000183105469,6600
2026-05-22,81.12000274658203,81.9000015258789,80.98999786376953,81.75,10000
2026-05-26,81.19000244140625,81.72000122070312,80.55999755859375,81.72000122070312,97600
2026-05-27,79.66999816894531,80.93000030517578,79.19000244140625,80.93000030517578,12300
2026-05-28,80.3499984741211,80.5999984741211,78.91000366210938,79.18000030517578,9200
2026-05-29,79.48999786376953,80.5999984741211,79.48999786376953,80.05999755859375,117500
2026-06-01,78.75,79.45999908447266,78.02999877929688,79.0199966430664,51300
2026-06-02,78.0,78.48999786376953,77.58999633789062,78.48999786376953,31400
2026-06-03,78.05999755859375,78.05999755859375,77.41999816894531,77.58000183105469,19500
2026-06-04,81.33000183105469,81.62000274658203,78.56999969482422,78.56999969482422,93800
2026-06-05,80.81999969482422,82.0,80.7699966430664,81.2699966430664,20200
2026-06-08,81.06999969482422,81.87999725341797,81.06999969482422,81.30999755859375,25800
2026-06-09,83.11000061035156,83.43000030517578,81.66000366210938,81.66000366210938,48600
2026-06-10,81.58999633789062,83.5,81.58999633789062,83.0999984741211,13200
2026-06-11,82.05000305175781,82.2300033569336,80.7699966430664,81.81999969482422,22800
2026-06-12,81.87999725341797,82.45999908447266,81.12999725341797,82.04000091552734,77400
2026-06-15,82.08999633789062,82.9000015258789,81.8499984741211,82.9000015258789,16200
2026-06-16,81.81999969482422,82.4800033569336,81.81999969482422,82.30000305175781,10500
2026-06-17,80.13999938964844,82.75,79.77999877929688,82.12999725341797,21900
2026-06-18,82.33999633789062,82.33999633789062,80.95999908447266,80.95999908447266,12500
2026-06-22,80.37000274658203,82.19000244140625,80.37000274658203,82.19000244140625,11000
2026-06-23,81.33000183105469,81.3499984741211,80.04000091552734,80.04000091552734,7400
2026-06-24,82.7300033569336,83.36000061035156,82.4800033569336,82.83999633789062,15600
2026-06-25,84.4800033569336,85.13999938964844,83.19000244140625,83.19000244140625,14700
2026-06-26,86.30999755859375,86.37999725341797,84.51000213623047,84.51000213623047,39600
2026-06-29,86.0,86.80999755859375,85.81999969482422,86.4000015258789,66400
2026-06-30,84.2300033569336,84.80000305175781,83.6500015258789,84.80000305175781,13100
2026-07-01,85.62000274658203,86.44000244140625,84.44999694824219,84.44999694824219,18400
2026-07-02,87.86000061035156,87.87999725341797,86.05999755859375,86.25,62400
2026-07-06,88.94999694824219,89.4000015258789,87.45999908447266,88.16000366210938,10100
2026-07-07,88.27999877929688,89.69999694824219,88.16000366210938,89.47000122070312,22300
2026-07-08,86.47000122070312,86.86000061035156,86.06999969482422,86.7699966430664,12300
2026-07-09,87.66999816894531,87.69999694824219,87.0199966430664,87.04000091552734,7100
2026-07-10,87.81999969482422,88.08999633789062,86.9000015258789,88.08999633789062,20700
2026-07-13,88.2300033569336,88.70999908447266,87.48999786376953,87.48999786376953,13700
2026-07-14,85.37999725341797,88.05000305175781,84.80000305175781,88.05000305175781,45900
2026-07-15,86.97000122070312,87.5199966430664,85.41999816894531,85.41999816894531,10100
2026-07-16,89.25,90.11000061035156,87.4800033569336,87.4800033569336,93600
2026-07-17,87.55999755859375,88.47000122070312,87.02999877929688,88.47000122070312,15900
2026-07-20,87.05999755859375,87.63999938964844,86.83999633789062,87.2699966430664,16000
2026-07-21,86.55999755859375,86.97000122070312,86.4000015258789,86.55999755859375,11200
2026-07-22,85.16000366210938,86.43000030517578,85.05999755859375,86.43000030517578,9200
2026-07-23,85.0199966430664,85.0199966430664,84.45999908447266,84.69999694824219,15400
2026-07-24,85.18000030517578,86.06999969482422,85.18000030517578,85.6500015258789,20300
2026-07-27,87.54000091552734,87.69999694824219,86.0199966430664,86.0199966430664,16900
2026-07-28,89.58999633789062,89.6500015258789,89.19999694824219,89.33000183105469,108900
2026-07-29,89.91999816894531,90.94000244140625,89.20999908447266,89.20999908447266,9300
2026-07-30,90.33000183105469,90.36000061035156,89.5,89.83999633789062,9100
2026-07-31,89.54000091552734,89.91000366210938,88.31999969482422,89.62000274658203,12100
2026-08-03,93.16999816894531,93.20999908447266,90.38999938964844,90.38999938964844,40900
2026-08-04,94.33000183105469,94.52999877929688,92.94999694824219,93.19999694824219,15200
2026-08-05,92.19000244140625,93.3499984741211,91.6500015258789,93.3499984741211,27500
2026-08-06,91.25,92.18000030517578,90.93000030517578,92.18000030517578,135200
2026-08-07,92.88999938964844,92.88999938964844,90.66999816894531,91.72000122070312,12800
2026-08-10,94.20999908447266,94.3499984741211,92.66000366210938,92.66000366210938,20700
2026-08-11,94.91999816894531,95.12999725341797,94.05000305175781,94.30000305175781,32100
2026-08-12,95.0999984741211,95.33999633789062,93.55999755859375,94.58000183105469,36500
2026-08-13,95.31999969482422,96.0,94.83999633789062,95.58000183105469,27300
2026-08-14,95.26000213623047,95.5199966430664,94.80000305175781,95.5,4900
2026-08-17,94.26000213623047,94.80999755859375,94.08000183105469,94.75,15100
2026-08-18,94.91999816894531,95.81999969482422,94.88999938964844,94.95999908447266,5200
2026-08-19,96.91000366210938,97.6500015258789,95.69000244140625,95.69000244140625,13300
2026-08-20,95.37000274658203,97.26000213623047,95.37000274658203,96.08999633789062,12700
2026-08-21,96.68000030517578,96.75,95.5,95.81999969482422,6500
2026-08-24,95.94999694824219,96.5999984741211,95.44999694824219,96.5999984741211,47300
2026-08-25,96.02999877929688,96.06999969482422,95.18000030517578,95.88999938964844,8600
2026-08-26,95.76000213623047,95.98999786376953,95.0999984741211,95.58000183105469,9300
2026-08-27,95.08999633789062,96.20999908447266,95.0,95.0,26600
2026-08-28,94.94999694824219,95.58000183105469,94.91000366210938,95.26000213623047,6300
2026-08-31,95.0,95.22000122070312,93.5999984741211,94.36000061035156,17200
2026-09-01,93.97000122070312,95.77999877929688,93.79000091552734,94.95999908447266,13800
2026-09-02,94.5999984741211,95.43000030517578,94.16999816894531,94.16999816894531,5100
2026-09-03,94.27999877929688,95.41000366210938,93.33000183105469,95.38999938964844,38600
2026-09-04,94.19999694824219,94.20999908447266,93.5,93.86000061035156,6300
2026-09-08,92.31999969482422,93.47000122070312,91.9000015258789,93.47000122070312,12400
2026-09-09,91.41000366210938,92.47000122070312,91.41000366210938,92.16999816894531,52800
2026-09-10,89.52999877929688,90.55000305175781,89.47000122070312,90.44999694824219,15500
2026-09-11,90.01000213623047,90.43000030517578,89.4000015258789,90.43000030517578,10000
2026-09-14,91.43000030517578,91.5,90.06999969482422,90.06999969482422,10900
2026-09-15,91.08999633789062,91.8499984741211,90.61000061035156,90.95999908447266,247700
2026-09-16,91.31999969482422,91.88999938964844,90.87999725341797,91.27999877929688,29800
2026-09-17,90.83999633789062,92.27999877929688,90.83999633789062,92.27999877929688,13100
2026-09-18,91.04000091552734,91.48999786376953,90.45999908447266,90.87000274658203,12600
2026-09-21,91.26000213623047,91.4800033569336,90.7300033569336,91.43000030517578,23600
2026-09-22,92.88999938964844,93.0199966430664,91.5999984741211,91.5999984741211,9900
2026-09-23,91.25,92.48999786376953,91.16999816894531,92.48999786376953,5700
2026-09-24,90.98999786376953,91.80999755859375,90.56999969482422,91.80999755859375,33700
2026-09-25,91.3499984741211,91.69999694824219,90.43000030517578,91.08999633789062,10800
2026-09-28,91.52999877929688,91.7699966430664,90.7699966430664,90.7699966430664,14000
2026-09-29,91.31999969482422,91.31999969482422,90.01000213623047,90.01000213623047,85200
2026-09-30,90.72000122070312,91.73999786376953,90.45999908447266,91.73999786376953,13200
2026-10-01,89.27999877929688,90.76000213623047,89.27999877929688,90.56999969482422,10800
2026-10-02,88.86000061035156,90.04000091552734,88.86000061035156,90.04000091552734,13400
2026-10-05,90.93000030517578,90.9800033569336,88.37999725341797,88.58000183105469,18100
2026-10-06,89.19999694824219,90.04000091552734,88.9800033569336,89.68000030517578,13800
2026-10-07,88.3031005859375,89.16000366210938,88.25,88.77999877929688,69551
