Date,Close,High,Low,Open,Volume
2018-06-19,46.052330017089844,46.14451053133166,45.70205461195216,45.81266771271526,16600
2018-06-20,46.62382888793945,46.90865835390153,46.50399600269561,46.50399600269561,190000
2018-06-21,46.338077545166016,46.87271038410131,46.27355295281738,46.798969499842826,428700
2018-06-22,46.54087829589844,46.65149139747947,46.26434026745521,46.63305529449478,181500
2018-06-25,45.58221435546875,46.301204669045454,45.18123709487516,46.301204669045454,2509600
2018-06-26,45.657806396484375,45.886406324509565,45.49003892381037,45.83110153504347,104000
2018-06-27,45.25960159301758,46.08920875717781,45.25960159301758,45.923287324345765,144900
2018-06-28,45.711265563964844,45.89562305457969,45.13976050775282,45.2595898877748,336500
2018-06-29,45.65596389770508,45.94171822550712,45.55456708731316,45.904846018759656,152300
2018-07-02,45.94172286987305,45.94172286987305,45.11211571582402,45.26882085217885,321300
2018-07-03,45.37942886352539,46.089203011867404,45.34163537948825,46.089203011867404,97500
2018-07-05,46.070770263671875,46.08920636817843,45.47161269068199,45.71127501661246,324900
2018-07-06,46.79896926879883,46.84137265055854,46.024670648111396,46.218244424201615,199800
2018-07-09,47.066287994384766,47.19533717995095,46.68835672965812,47.19533717995095,118100
2018-07-10,47.04693603515625,47.2045589086834,46.8911522006434,47.2045589086834,1153200
2018-07-11,46.98333740234375,47.222999724731054,46.68836676725445,46.73445526967578,227500
2018-07-12,47.72075653076172,47.72075653076172,47.14003164531045,47.28751693980145,361400
2018-07-13,47.647010803222656,47.748407599682885,47.42486334819521,47.72997149884223,80100
2018-07-16,47.50874328613281,47.729969454089904,47.42578259406727,47.729969454089904,200700
2018-07-17,47.517967224121094,47.63780013557067,46.75288828869789,46.83584899411265,172600
2018-07-18,47.37970733642578,47.564061355775806,47.22300220038523,47.55484506133931,147800
2018-07-19,47.04786682128906,47.44423431204413,47.01652579251828,47.40736209980466,258400
2018-07-20,46.891151428222656,47.1824369183881,46.86349903325101,47.057072830706375,158400
2018-07-23,47.084716796875,47.1031493779619,46.68834949331193,46.94644782444099,94800
2018-07-24,47.41656494140625,48.03416201404233,47.158466561614475,48.03416201404233,211200
2018-07-25,47.757633209228516,47.81754790699325,47.36126578382582,47.49953128243531,604300
2018-07-26,45.956459045410156,46.10763296138262,45.692829486371174,45.85875087637575,833400
2018-07-27,45.08445739746094,45.93250054541666,44.83373272853578,45.877192236965065,1111200
2018-07-30,44.374691009521484,45.18586209345921,44.124887574676784,45.18586209345921,251300
2018-07-31,44.66965103149414,44.955405332480716,44.37468043784915,44.58669033226106,1211400
2018-08-01,44.485294342041016,44.963701166880696,44.35532386686057,44.761832355408536,1250400
2018-08-02,44.7802734375,44.85401433729249,44.15345996579096,44.32859767958452,190700
2018-08-03,45.08445739746094,45.102893500278135,44.3285947635912,44.3285947635912,117200
2018-08-06,45.536136627197266,45.54535292115102,45.00150015336851,45.084460864261686,110200
2018-08-07,45.591434478759766,45.90391989273495,45.5545622759067,45.794228078124846,128800
2018-08-08,45.55457305908203,45.72049449486913,45.497425702357326,45.674405988556636,114200
2018-08-09,45.80344772338867,45.98319533004602,45.59143781595506,45.59143781595506,306400
2018-08-10,45.416290283203125,45.65595253475963,45.305677206817535,45.65595253475963,177600
2018-08-13,45.351783752441406,45.7297151371981,45.32412783508907,45.47161668409432,261000
2018-08-14,45.674400329589844,45.748144743615164,45.26881660143219,45.57300351846863,189800
2018-08-15,45.03837203979492,45.4439557810796,44.69731290470719,45.38865098509783,555100
2018-08-16,45.019927978515625,45.384033058459174,44.946183575137674,45.34255095247741,177600
2018-08-17,44.80793380737305,44.99229136414515,44.6143599551099,44.85402231748409,226900
2018-08-20,44.881656646728516,45.029141929489235,44.58760735875239,45.029141929489235,145800
2018-08-21,45.158199310302734,45.37942549921538,44.99227791045481,45.121327106708335,384900
2018-08-22,45.10289001464844,45.195067005283754,44.93696861844342,45.029145609078746,501900
2018-08-23,44.91853713989258,45.3241208632866,44.909320846411255,45.05680615640246,283700
2018-08-24,45.572998046875,45.572998046875,45.05680127598228,45.130542164826906,330900
2018-08-27,46.01546096801758,46.106720210826346,45.776719924958904,45.85875935754749,299200
2018-08-28,45.81266403198242,46.144506823937526,45.74906071298013,46.144506823937526,150200
2018-08-29,46.070770263671875,46.10764247268499,45.78501591831131,45.93250475436377,270900
2018-08-30,45.785011291503906,46.12146401117541,45.60987359088124,45.91406401000838,344400
2018-08-31,45.333335876464844,45.738919556944865,45.206129238653745,45.738919556944865,235000
2018-09-04,44.77105712890625,45.21351311124799,44.61435550688686,45.21351311124799,343700
2018-09-05,44.19033432006836,44.72497085646323,44.02441287886497,44.72497085646323,773600
2018-09-06,43.85849380493164,44.22720537413542,43.48055890828171,44.16268076161656,599600
2018-09-07,43.95066452026367,44.19954663988481,43.53586098756177,43.58194948756706,755700
2018-09-10,44.042842864990234,44.22720038696734,43.839127961440255,44.22720038696734,310900
2018-09-11,44.485294342041016,44.57747485193916,43.93222534795978,43.987533653898666,615700
2018-09-12,44.35626220703125,44.476095157831516,44.10738000905912,44.365482019731104,713300
2018-09-13,44.66965103149414,44.724959336425144,44.43920503543857,44.5313855436569,754500
2018-09-14,44.586692810058594,44.83557492158886,44.476079710376375,44.83557492158886,1190800
2018-09-17,44.1534538269043,44.63277839973074,44.11658162397094,44.63277839973074,810800
2018-09-18,44.46686935424805,44.62357097335945,44.153462599697725,44.199551104358285,430100
2018-09-19,44.586692810058594,44.6327813085656,44.23641740834374,44.5129519157128,2385200
2018-09-20,45.07523727416992,45.121325769133236,44.72495838306053,44.95540437420389,4554200
2018-09-21,44.87374496459961,45.32664322818928,44.75358770677466,45.3081572249974,7974600
2018-09-24,44.87374496459961,44.93844421284891,44.37463345595252,44.55948996202677,6769400
2018-09-25,44.892234802246094,44.96617882132953,44.59646577760213,44.86450755801225,3994500
2018-09-26,45.067848205566406,45.52074652438899,44.91996368784077,44.966180464379114,5688600
2018-09-27,45.45604705810547,45.7795433373082,45.18800526914035,45.34513455178525,3649400
2018-09-28,45.289669036865234,45.40058152482112,45.10296499723246,45.3543682819932,2306600
2018-10-01,45.10481643676758,45.49301546692023,44.892232680716376,45.44679869425475,7636900
2018-10-02,45.067848205566406,45.255479574216416,44.90148120823946,45.07709297121208,5823500
2018-10-03,45.271183013916016,45.46528074921139,45.1510257619427,45.31739625672285,5146200
2018-10-04,44.62419128417969,45.22497407538115,44.245237015745694,45.22497407538115,5292200
2018-10-05,44.19902801513672,44.85526535569707,43.88477296776562,44.688894829097954,2648400
2018-10-08,44.0511474609375,44.20827676169426,43.45036455791614,43.9956894384624,2170000
2018-10-09,44.02341079711914,44.47630554334406,43.967952786505116,44.051138039503826,1991400
2018-10-10,42.2857666015625,43.940226949771734,42.24879459330374,43.93098218478466,4050700
2018-10-11,41.92530059814453,42.7663944392745,41.527860302527024,42.202583623359196,8840700
2018-10-12,42.858821868896484,42.978979141906166,42.13788528252847,42.923521125322075,5877600
2018-10-15,42.69243240356445,43.145330523450525,42.51682071772966,42.71091840089077,1576900
2018-10-16,43.820072174072266,43.907879817211565,43.08064959613464,43.154590091005915,3707300
2018-10-17,43.99568557739258,44.12508761847814,43.54279077405096,44.12508761847814,4571000
2018-10-18,43.191566467285156,43.89402063171561,42.865295318292034,43.89402063171561,21297200
2018-10-19,43.18231964111328,43.82007093546199,43.015949125049296,43.4411166546151,3544400
2018-10-22,43.15459442138672,43.552034758005576,42.98822388392555,43.43188100105221,2711700
2018-10-23,43.06216049194336,43.24701700458562,42.1822471586447,42.54456296171397,2779600
2018-10-24,41.010257720947266,43.05291696459826,40.9640444767042,43.05291696459826,3552300
2018-10-25,42.368953704833984,42.655481492567,41.749684879951644,41.749684879951644,3391700
2018-10-26,41.222843170166016,42.14712219663471,40.705249171884134,41.06571742807178,5229100
2018-10-29,40.58509063720703,42.14712087360162,39.808696138311205,41.86983787953409,3491000
2018-10-30,41.6942253112793,41.749679793484745,40.35864246854918,40.520390584722556,6283600
2018-10-31,42.55379867553711,43.025179332961606,42.32272896534307,42.50758543866709,3577200
2018-11-01,42.8033561706543,42.89578264824874,42.27651749150892,42.69244016652803,2550000
2018-11-02,42.368953704833984,43.20819999451252,42.09167068249119,42.9327645149098,2628600
2018-11-05,42.19334411621094,42.45214114692505,41.88833030785922,42.45214114692505,2439500
2018-11-06,42.44288635253906,42.6832008464301,42.11939014058299,42.2395473875285,2040300
2018-11-07,43.21929931640625,43.2470300934945,42.673974378281116,42.87731695631462,2705800
2018-11-08,42.81259536743164,43.2470075482765,42.56303965880868,43.2470075482765,1295700
2018-11-09,41.934532165527344,42.43364361129997,41.60179120167892,42.27651789272941,2234500
2018-11-12,41.3060417175293,41.934551939875476,41.130429915285376,41.88833867884769,1203700
2018-11-13,41.1766357421875,41.860603869789315,41.09345047701762,41.49089079662425,2186100
2018-11-14,41.37997055053711,41.731197551810325,41.04722955205137,41.620281535085404,2137500
2018-11-15,41.68497848510742,41.75892249218311,40.79397647041792,41.18587054072382,3864100
2018-11-16,41.48164367675781,41.638769418782374,41.084203413484936,41.444671669512736,2092100
2018-11-19,40.22461700439453,41.37072083324913,40.10445976358355,41.34299359530971,2358000
2018-11-20,39.697792053222656,40.13220087645309,39.17095319516478,39.503694268852975,5028200
2018-11-21,40.169166564941406,40.53887959434184,40.03976806240468,40.10446731367304,3187400
2018-11-23,39.642330169677734,40.04901523160154,39.642330169677734,39.91961319545171,667100
2018-11-26,40.5481071472168,40.557351909046034,40.002782552129545,40.10445377718975,2563700
2018-11-27,40.67752456665039,40.80692661167151,40.23387098982792,40.4094862880054,2114400
2018-11-28,41.527854919433594,41.527854919433594,40.41871943650286,40.89010369152456,2707400
2018-11-29,41.666500091552734,41.87446146160103,41.16276619006703,41.3060283105072,2247700
2018-11-30,41.6017951965332,41.74043845339812,41.25981296233609,41.74043845339812,5563500
2018-12-03,41.666500091552734,42.498349097590584,41.50012958517623,42.498349097590584,5790400
2018-12-04,40.43721389770508,41.83287390028825,40.34478739056271,41.59256286621093,3268000
2018-12-06,40.890106201171875,40.890106201171875,39.71627139956133,39.83642513591864,3560400
2018-12-07,40.11371612548828,41.08420851826644,39.93810083217601,40.75146746340648,2625800
2018-12-10,40.418724060058594,40.612821822167355,39.65804417652739,40.22462629794983,3379500
2018-12-11,40.455692291259766,41.00101704280791,40.23386377967892,40.90858702721398,4425900
2018-12-12,40.890106201171875,41.43543097474143,40.83464818957601,40.83464818957601,3352600
2018-12-13,40.70525360107422,41.16739316459456,40.44645304792819,41.01950864530185,1984100
2018-12-14,40.307804107666016,40.797670805079676,40.224618864157634,40.28931810623701,1910800
2018-12-17,39.522159576416016,40.520382363723044,39.226390645179215,40.15991419914344,3275000
2018-12-18,39.697792053222656,40.13220087645309,39.466722254922,39.73476406715364,3597400
2018-12-19,38.847442626953125,40.27083303734905,38.625617656356866,39.642323077585765,5714100
2018-12-20,38.16349792480469,39.013833294939424,37.680097364556346,38.61639286407544,9067000
2018-12-21,36.91534423828125,38.58446227828499,36.62788362500291,38.25990928832743,7987400
2018-12-24,36.13642883300781,37.2399007174942,36.13642883300781,36.655708055201686,3888500
2018-12-26,38.16718673706055,38.18573292775838,36.20226328724123,36.41461239534374,4104000
2018-12-27,38.343379974365234,38.343379974365234,36.859719715223385,37.638642235604124,3768600
2018-12-28,38.22283172607422,38.79774958492849,37.9817347438508,38.49174269302757,2631900
2018-12-31,38.27845764160156,38.6493743547244,37.79626732947144,38.51955456632859,5303600
2019-01-02,38.78848648071289,38.97857881726521,37.57373705844798,37.647918312096884,4625800
2019-01-03,38.13936996459961,38.83483621139298,38.0744600645515,38.53810422908042,3433700
2019-01-04,39.780677795410156,39.88267655836618,38.64010983529175,38.7699331957651,2647900
2019-01-07,40.23505401611328,40.401966256342355,39.69722843773941,39.82704828295636,4048400
2019-01-08,40.911964416503906,40.96760299557126,40.327775254257475,40.62450726796746,2144800
2019-01-09,40.96760559082031,41.06960789024321,40.605963647284476,41.04178683028479,1840800
2019-01-10,41.05106735229492,41.10670594255312,40.48542073197528,40.79142767240735,1340500
2019-01-11,40.8470458984375,40.911955791669826,40.4854040540506,40.79141086842344,1227900
2019-01-14,40.69869613647461,40.85819059652393,40.3834178706063,40.578147627880035,2344900
2019-01-15,41.37560272216797,41.4683336740394,40.828502486760954,40.9026872482581,2459700
2019-01-16,41.19942092895508,41.523970430660285,41.14378235552378,41.42196814803171,20343800
2019-01-17,41.36634063720703,41.47761426698803,40.97687762698618,41.10670098860974,3311000
2019-01-18,41.70016860961914,41.98299190974305,41.50543531928818,41.67234754681459,3375800
2019-01-22,40.8377799987793,41.468336363097634,40.578136854026575,41.412697788366835,4343200
2019-01-23,40.65232467651367,41.14378640961452,40.281407891738745,41.069605175054306,2540500
2019-01-24,40.8377799987793,40.88414370905946,40.42049953160917,40.633775428757374,2878700
2019-01-25,41.3570556640625,41.48687899395862,41.125233595234064,41.19941835517471,3341100
2019-01-28,40.995426177978516,41.05106476472965,40.634710986589326,40.9676086532655,4328200
2019-01-29,40.51322937011719,40.97687357523912,40.383409558654975,40.96760224755948,1138100
2019-01-30,41.09741973876953,41.175311621249286,40.34631489544057,40.75432403680046,2578000
2019-01-31,42.77582550048828,42.952009066784655,42.10817655481715,42.19163267302604,4798700
2019-02-01,42.62744140625,42.989083252872895,42.57180283856805,42.68307643660804,4395100
2019-02-04,43.026187896728516,43.026187896728516,42.52545125681857,42.66454240968806,3703100
2019-02-05,43.49909591674805,43.53618829933047,42.96127051860009,42.98908803687476,2388600
2019-02-06,42.52544403076172,43.14672552345681,42.43271307394762,43.14672552345681,3748900
2019-02-07,42.11744689941406,42.27416102303182,41.66307746215922,42.14526796304979,2341500
2019-02-08,42.4048957824707,42.4048957824707,41.78361428645119,41.82070313205098,2600400
2019-02-11,41.96907043457031,42.673811582797555,41.941252915172335,42.5810806225969,2061100
2019-02-12,42.451263427734375,42.59962943586019,42.34926113389951,42.36780732708082,2442900
2019-02-13,42.47908401489258,42.81290487647865,42.44199162894148,42.62745002137237,3620700
2019-02-14,42.63671112060547,42.829587236490475,42.08033961411152,42.25652309912572,2103300
2019-02-15,42.82217788696289,42.93345150267223,42.599627118219765,42.93345150267223,2283500
2019-02-19,42.86854553222656,43.026186411493555,42.63672341478818,42.70163332468494,4218800
2019-02-20,42.720184326171875,43.00764505758244,42.48836218264486,42.91491407777652,3566300
2019-02-21,42.32143783569336,42.6441337708842,42.16380052115753,42.61816981143952,2631200
2019-02-22,42.720184326171875,42.73873052213306,42.395634740164134,42.497637049288045,4005400
2019-02-25,42.766536712646484,43.030813744730764,42.729447867879266,42.970541276825315,2410800
2019-02-26,42.766536712646484,42.96497706577917,42.51616843951545,42.63671691265059,4704600
2019-02-27,42.55327224731445,42.729459340893676,42.24726885620744,42.57181844333991,4009800
2019-02-28,42.58108139038086,42.72017606452766,42.479082638307645,42.51617148573222,2374200
2019-03-01,42.91490936279297,42.93345555671652,42.66454105081229,42.859274318347126,7114200
2019-03-04,42.970550537109375,43.23946505923804,42.418812730901415,43.12818788898307,2906600
2019-03-05,43.23945617675781,43.36000111378353,42.766537143636256,42.97981303682516,2805900
2019-03-06,43.220916748046875,43.404518056525724,43.09109692643055,43.313644181394295,6131600
2019-03-07,42.840736389160156,43.16528600212159,42.62746042388186,43.16528600212159,3377700
2019-03-08,42.812904357910156,42.84072541569881,42.247261396967936,42.377081208899746,2566500
2019-03-11,43.582542419433594,43.591813744377085,42.92416869141682,42.92416869141682,3594000
2019-03-12,43.77729415893555,43.907113997562206,43.64747432030889,43.66602051687345,8112500
2019-03-13,43.9071044921875,44.07401668780876,43.76801335405281,43.93492554967407,3486900
2019-03-14,43.712364196777344,43.86073016394031,43.58254441767521,43.76800276095984,3539800
2019-03-15,43.67799758911133,43.808046354402904,43.43369017564369,43.770888551873,6868900
2019-03-18,43.306434631347656,43.53866562460991,43.208898039405156,43.492220134670205,2807200
2019-03-19,43.38075637817383,43.724457304556154,43.20890414320054,43.47364737117524,3570800
2019-03-20,43.77090072631836,43.900949527781734,43.2228353890341,43.38075432192825,7390700
2019-03-21,44.34682083129883,44.381189847331726,43.59439132749667,43.631549127488526,3183200
2019-03-22,43.63155746459961,44.32546161704613,43.501508683341285,44.1424649096417,5174600
2019-03-25,43.5572395324707,43.770891596534454,43.27856308123813,43.510794047859164,2408500
2019-03-26,43.77090072631836,44.161050674272545,43.575827524123305,43.780191951316645,2488600
2019-03-27,43.45505905151367,43.91952100304696,43.22282807574703,43.82663003016569,2465700
2019-03-28,43.35287857055664,43.47363967493124,43.139226489625344,43.41790650642267,1891100
2019-03-29,43.445770263671875,43.62226452507061,43.10206942050027,43.58510671944034,2542900
2019-04-01,44.105308532714844,44.14246634101169,43.78018656902657,43.78018656902657,4249700
2019-04-02,44.33753967285156,44.40256406581452,44.08394454029602,44.23535747146301,3323300
2019-04-03,44.504737854003906,44.894887681591186,44.41184689406373,44.54189565540516,2303600
2019-04-04,44.75556564331055,44.91255263336636,44.53262228907459,44.69054123656764,2788100
2019-04-05,44.8856086730957,44.92276648460782,44.74626865170723,44.91347525994782,2379700
2019-04-08,44.802001953125,44.848447442192025,44.57906218817783,44.82986853785248,2340500
2019-04-09,44.922760009765625,44.99707207851511,44.690529036632896,44.69981671639029,4872800
2019-04-10,45.117835998535156,45.14570258311364,44.86702610663785,45.02494502089778,2265200
2019-04-11,45.14570617675781,45.25717961107245,45.06674848512456,45.20144289391513,2115300
2019-04-12,45.53586196899414,45.57301978521358,45.32685191043308,45.489416470502036,4894100
2019-04-15,45.49870300292969,45.57766070272728,45.22931415749333,45.54514850024802,2345700
2019-04-16,45.545143127441406,45.67519192201704,45.368648841026456,45.62874643017773,2157000
2019-04-17,45.62874984741211,45.74486535748848,45.52656763157464,45.721644381611696,2826000
2019-04-18,45.656620025634766,45.74951101636416,45.5265676776238,45.74951101636416,1755100
2019-04-22,45.8609733581543,45.8609733581543,45.5191293241155,45.56371798451739,2126800
2019-04-23,46.47406768798828,46.58554112199735,45.991026771307425,46.102500205316495,3929800
2019-04-24,46.26041793823242,46.49264895553637,46.1861058553485,46.48336127401242,3311500
2019-04-25,46.78062438964844,47.06858863060401,46.63199665586227,47.05930094755193,3064600
2019-04-26,47.15217971801758,47.170758622865876,46.659851142011014,46.90137336147505,2076600
2019-04-29,47.57949447631836,47.69096437832351,47.254368908753925,47.254368908753925,1340700
2019-04-30,46.51123046875,46.8363524937705,46.33937823063099,46.7063036837623,3197100
2019-05-01,46.26969909667969,46.79453980591685,46.26505348514638,46.70629090460066,4262700
2019-05-02,46.083927154541016,46.41834041192707,45.69377717306916,46.30686696375546,4680800
2019-05-03,46.52980041503906,46.55766699936979,46.153587352319704,46.32543601377738,2050400
2019-05-06,46.455482482910156,46.5297980955056,45.75878956086339,45.76808078421954,3159800
2019-05-07,45.70305633544922,46.288279381403974,45.340776583426944,46.18609718600006,4342100
2019-05-08,45.62874984741211,45.89813868124468,45.58230435209439,45.721644381611696,3453500
2019-05-09,45.489410400390625,45.65661700750165,45.0156571657214,45.26646707638795,4241500
2019-05-10,45.61945343017578,45.7847996453301,44.74626269372637,45.39651013435199,2900500
2019-05-13,44.20748519897461,44.9784901350043,44.0774364297814,44.69981369479554,8211000
2019-05-14,44.45829772949219,44.84844406051362,44.161042369600594,44.46758540917981,5332000
2019-05-15,45.45224380493164,45.591583798449655,44.22606461880073,44.22606461880073,7292700
2019-05-16,45.851688385009766,46.08391938084667,45.40766212565088,45.4801173742452,4627100
2019-05-17,45.51727294921875,45.99102259829773,45.40580306888786,45.4615362372715,3662800
2019-05-20,44.76484680175781,45.1271301425391,44.64408923172793,45.05281452076944,3854100
2019-05-21,45.257179260253906,45.34078256355985,44.94134495260522,45.127130464792195,3023900
2019-05-22,45.210723876953125,45.507982780855514,45.11783290568348,45.11783290568348,2793700
2019-05-23,44.57906723022461,44.88561032758897,44.31896608361634,44.75556152606687,2570200
2019-05-24,44.56977462768555,44.97849992606008,44.54190804066754,44.83916344740611,3442300
2019-05-28,44.76484680175781,45.154996728920786,44.71840130993371,44.755559120818546,2793400
2019-05-29,44.3282470703125,44.634790096875925,44.1285283016563,44.579056933989804,2512500
2019-05-30,44.43043518066406,44.557695184824354,44.19820418819201,44.421143956569495,2520600
2019-05-31,43.74303436279297,44.01799721841433,43.6780099617278,43.910240977978866,2484800
2019-06-03,42.368228912353516,43.31573192281014,42.08955239011668,43.31573192281014,7155200
2019-06-04,43.2785758972168,43.2785758972168,42.42396384432429,42.721222829704054,7110700
2019-06-05,43.297149658203125,43.39933186859828,42.8884208166225,43.39933186859828,5526400
2019-06-06,43.482933044433594,43.55724512063323,43.147591428913266,43.38075083904077,3175900
2019-06-07,44.18891143798828,44.33753912629484,43.631558492729596,43.668712757133534,3345600
2019-06-10,44.15176010131836,44.62551336343323,44.08673569962638,44.467594428206894,5163000
2019-06-11,44.33753967285156,44.746264934842124,44.28366333112901,44.634795053129,2869800
2019-06-12,44.12388229370117,44.495453246231314,43.96132133080545,44.318955449176045,2459400
2019-06-13,44.61621856689453,44.63479747211421,44.1610477914858,44.26322999841212,6500400
2019-06-14,44.6998291015625,44.82987791557986,44.532622471093205,44.69054141923172,2734900
2019-06-17,45.210723876953125,45.322197294752804,44.829865225046106,44.86702303097933,4248700
2019-06-18,45.461551666259766,46.0467749378495,45.39652725203477,45.823835101525184,3843500
2019-06-19,45.51727294921875,45.5822973413754,45.14570195669764,45.4615362372715,3319400
2019-06-20,45.805240631103516,46.106209662258024,45.48011512685955,46.083917103624344,3340000
2019-06-21,45.998924255371094,46.07341459102579,45.68233233669449,45.72888924048669,10006600
2019-06-24,46.11066436767578,46.20377818098057,45.9244331890019,46.0827309340972,5236900
2019-06-25,45.25400161743164,46.09204013155839,45.16554456187576,46.09204013155839,2431900
2019-06-26,45.07707595825195,45.58920893623386,44.993272121704834,45.393667834978444,2380900
2019-06-27,45.3936653137207,45.477469145613185,45.17950075489845,45.38435535553861,1984700
2019-06-28,45.831321716308594,45.868565112293965,45.36574552187901,45.5147297620139,6084800
2019-07-01,46.20377731323242,46.455188866910774,46.02685965045027,46.34345158263069,2851800
2019-07-02,46.63210678100586,46.66004021208261,46.22239751420555,46.22239751420555,2336600
2019-07-03,46.874202728271484,46.98593999969168,46.66003814468951,46.75315194552904,1260700
2019-07-05,46.93938446044922,47.00456483333979,46.42725143685303,46.734529830185174,3006100
2019-07-08,46.520362854003906,46.75780765853286,46.40862558507535,46.75315090297558,1152800
2019-07-09,46.809024810791016,46.88351514495433,46.287578263391836,46.35275863780873,1714900
2019-07-10,47.33977508544922,47.39098873747199,46.930069421330536,47.11629700825315,2294400
2019-07-11,47.36771011352539,47.55394125880387,47.17216900941163,47.44220399246224,5463100
2019-07-12,47.71223831176758,47.72154827047334,47.283905617966695,47.35839949586723,2621800
2019-07-15,47.72154235839844,47.77741275990223,47.46082092217374,47.740165825566365,4075900
2019-07-16,47.60981369018555,47.81466476183543,47.52600984885393,47.74948439102904,2540800
2019-07-17,47.162864685058594,47.693621203669636,47.162864685058594,47.628440827844706,4760700
2019-07-18,46.781097412109375,46.85558775587854,46.41329179357592,46.72522699023416,1813800
2019-07-19,46.175838470458984,46.97662994345553,46.13859152937454,46.97662994345553,1979600
2019-07-22,46.35275650024414,46.371379970942144,46.05013486957713,46.31551311091197,2391500
2019-07-23,46.529685974121094,46.53899593509455,46.09204321501487,46.50174898707179,2624700
2019-07-24,46.93938446044922,46.985941362219066,46.14790647417,46.18514986434753,1840700
2019-07-25,46.818328857421875,47.15354419897936,46.53898392347849,47.013873508039445,2192600
2019-07-26,48.15919494628906,48.298865650925514,47.61912494258252,47.64705837309703,5049700
2019-07-29,47.889163970947266,48.0847051051177,47.64706237925265,48.0847051051177,2582300
2019-07-30,47.66568374633789,47.85936359031258,47.52601303612756,47.59119341130519,2095800
2019-07-31,47.28390884399414,47.96364954192682,46.874203143779106,47.69361809627301,2090800
2019-08-01,47.06043243408203,48.04745148004266,46.86582196778787,47.41426770803667,4095700
2019-08-02,46.60416793823242,46.958006776696116,46.32482298241955,46.827646034121024,4656200
2019-08-05,45.095699310302734,45.86855375461299,44.667370169983144,45.710259592693674,6247900
2019-08-06,45.747520446777344,45.980308557158985,45.32850113767746,45.5892226846442,6548200
2019-08-07,45.80338668823242,45.91047078043954,44.84802693913852,45.207449702204876,3323300
2019-08-08,46.725215911865234,46.734525870604855,45.92442448184072,46.17583599257378,2456700
2019-08-09,46.20377731323242,46.63211008175715,45.91512236617019,46.44587890658086,1837100
2019-08-12,45.71025466918945,46.0268465109912,45.51471358950511,45.98028961850396,2329400
2019-08-13,46.38068771362305,46.82764029859291,45.60782976006906,45.66370016521407,4091700
2019-08-14,44.73255157470703,45.76613106272196,44.66737120627939,45.72888412303083,4532700
2019-08-15,44.80705642700195,45.03984454743826,44.49046444112599,44.88155033053269,3998600
2019-08-16,45.384361267089844,45.45885159843958,45.049145895856356,45.179506639766295,2499600
2019-08-19,46.09204864501953,46.28758981707858,45.8778839967551,45.91513094916584,2163500
2019-08-20,45.78474426269531,46.101336099490325,45.68232052166844,45.933731999599466,2156600
2019-08-21,45.96167755126953,46.17584215148205,45.90580713518901,46.092038303393316,2792300
2019-08-22,45.859249114990234,46.16187431194866,45.44022988474504,46.07341370999023,1649100
2019-08-23,44.60219955444336,45.98030462376461,44.44855856223921,45.62646573167564,4020300
2019-08-26,45.27262496948242,45.28193848187246,44.788425335062946,45.02121341591476,3155300
2019-08-27,45.35643768310547,45.78476698307092,45.21676693854191,45.71958659186161,3139100
2019-08-28,45.468170166015625,45.53335054521874,44.983970526175185,45.17019815129021,2088900
2019-08-29,46.175838470458984,46.315512723493754,45.83131314558738,45.943050416776906,2169000
2019-08-30,46.11996841430664,46.427250352526016,45.89649387020513,46.38069345184352,3045500
2019-09-03,45.66371154785156,46.1060074879617,45.54266074922796,45.80338226743484,3122100
2019-09-04,46.54830551147461,46.632109361406165,46.0501391680104,46.11066278938046,1865900
2019-09-05,47.33977508544922,47.39098873747199,46.92075591074629,47.004559745686876,3624600
2019-09-06,47.23734664916992,47.42357778369228,47.15354281623803,47.34908390905795,3445400
2019-09-09,47.3863410949707,47.674999593513846,47.125619581489296,47.488768418713896,6421800
2019-09-10,47.45151901245117,47.57256980260294,47.148893813103754,47.20942098421166,3638500
2019-09-11,47.70292663574219,47.7774205165079,47.442205157189676,47.488762056636375,6274100
2019-09-12,47.84260940551758,48.0940209697753,47.77835966513846,47.991593641515,4014500
2019-09-13,47.75879669189453,47.95433779935778,47.65636938263367,47.84260053110217,3569400
2019-09-16,47.58186721801758,47.702917976255705,47.39563965403657,47.479443478653266,2527600
2019-09-17,47.62844467163086,47.63775463232973,47.31185272690364,47.57257425124451,4556200
2019-09-18,47.57257843017578,47.62844885546997,47.06044529720545,47.55395495507772,1741500
2019-09-19,47.61912536621094,47.89847033003284,47.479454660331946,47.6656822681706,2357900
2019-09-20,47.31019592285156,47.71152555859618,47.048866322031365,47.71152555859618,6357900
2019-09-23,47.14219284057617,47.27286118896038,46.90886184469848,47.15152807420641,2177300
2019-09-24,46.432865142822266,47.319523581237256,46.180867256513906,47.31018834821757,5371100
2019-09-25,46.964866638183594,47.04886594639784,46.087543299328246,46.40487362365444,2181200
2019-09-26,46.507537841796875,46.86219840759483,46.176204680049636,46.86219840759483,1793800
2019-09-27,45.98487854003906,46.60087229968409,45.63021438741045,46.59153706494844,1852900
2019-09-30,46.21821212768555,46.297543825595504,45.99048152031571,46.07821208167463,2466600
2019-10-01,45.751548767089844,46.470208766377475,45.676881128559145,46.339543959297714,2758700
2019-10-02,45.06089401245117,45.44355681560933,44.86489677286151,45.39689131480458,4405500
2019-10-03,45.499542236328125,45.53687604854409,44.53821971403101,45.09821265587727,6945800
2019-10-04,46.11552810668945,46.18086048685733,45.583533833695185,45.66753311681784,1920200
2019-10-07,46.11552810668945,46.414191433270524,45.86353025732148,45.99419501765723,1365500
2019-10-08,45.36888122558594,45.92887421398627,45.36888122558594,45.8075446547203,2431400
2019-10-09,45.63954162597656,45.80754021829585,45.494873995711025,45.64887329872841,4070600
2019-10-10,45.90088653564453,46.078216860011764,45.5275554144668,45.583556150748294,3093400
2019-10-11,46.442203521728516,46.85286838553748,46.330205631757316,46.339540866125006,4104900
2019-10-14,46.339534759521484,46.456200251302405,46.227533323961055,46.395531916953445,1246200
2019-10-15,47.13285446166992,47.23552065490547,46.34886228464605,46.414194669369046,2105200
2019-10-16,47.216861724853516,47.27286244708001,46.9928623962961,47.02086453758361,2285200
2019-10-17,47.496864318847656,47.608862217344324,47.319534016198844,47.59019886788571,2037200
2019-10-18,46.94620895385742,47.52020493282759,46.68487930377641,47.375537253376066,1958200
2019-10-21,47.226192474365234,47.33166067717899,47.088994445960694,47.142193172843285,1425400
2019-10-22,46.76887893676758,47.347538977339475,46.7455444062782,47.3008734767102,2433600
2019-10-23,47.13285446166992,47.17951994213664,46.759523497240295,46.759523497240295,1958500
2019-10-24,46.60087203979492,46.8995354633906,46.44220509331349,46.89020378905585,2444800
2019-10-25,46.964866638183594,47.207532888735315,46.57287224008294,46.666203222388205,1210800
2019-10-28,47.40353012084961,47.543526594405165,47.17019910457492,47.20753292166257,2882900
2019-10-29,46.97419738769531,47.38485865511831,46.89019808750101,47.31019102812408,1788600
2019-10-30,47.10487365722656,47.23553847596988,46.754877081157254,47.08620674592762,3900600
2019-10-31,47.244869232177734,47.45020169212158,46.82487263699679,47.45020169212158,4059900
2019-11-01,47.55287170410156,47.562203380137,47.18887581277824,47.51553787926084,3450700
2019-11-04,47.81419372558594,47.89352542044809,47.627528191525805,47.71152750383542,4650500
2019-11-05,47.83285140991211,47.94484928460854,47.739520441056456,47.851518315752884,1886900
2019-11-06,47.66485595703125,47.851521467385105,47.45019186624629,47.83285456031487,2288300
2019-11-07,47.963523864746094,48.29952110294413,47.78619357140772,47.86085764636905,1976200
2019-11-08,48.09419250488281,48.24352422707337,47.888863612088976,47.95419601802553,1537500
2019-11-11,47.87019348144531,47.93552588298682,47.74886035271872,47.83285966332192,1133400
2019-11-12,47.926185607910156,48.09418421144824,47.79552081856909,47.91685393453514,6801000
2019-11-13,47.90752410888672,48.02418961249065,47.711523356967156,47.8141895697944,1471400
2019-11-14,48.122196197509766,48.21552719174825,47.814197507894185,47.879529915930966,1526200
2019-11-15,48.523521423339844,48.54218477219351,48.224854436448,48.3835213844952,2798500
2019-11-18,48.6915168762207,48.775516188131824,48.187524565102905,48.44885417533798,1833000
2019-11-19,48.719512939453125,48.8315108212392,48.476846708510095,48.8315108212392,2134400
2019-11-20,48.42085647583008,48.66351918114473,48.04752540266248,48.49552055425421,2428600
2019-11-21,48.5515251159668,48.719523756119045,48.285527862450614,48.46752579589067,1374400
2019-11-22,48.57017135620117,48.66350231196545,48.35550730966513,48.63550373730571,1623200
2019-11-25,48.719512939453125,48.78017771701465,48.61684673100404,48.728844612790105,2358700
2019-11-26,48.8781852722168,48.89685218266248,48.64485423216947,48.822188101228875,2146600
2019-11-27,49.2235107421875,49.279507905174896,48.952845919919724,49.027509990685786,3416700
2019-11-29,49.05552291870117,49.23285324106643,49.008853858818746,49.111520094001044,2396400
2019-12-02,48.5888557434082,49.18618262007347,48.29952397987077,49.1021833055206,4503300
2019-12-03,48.49551773071289,48.53751916516457,47.87952398809547,48.12219023963041,3795500
2019-12-04,48.74751281738281,48.910843807741,48.60751635151089,48.766179724902116,4519600
2019-12-05,48.952850341796875,48.97151725126171,48.6355200015925,48.962182016354824,3688600
2019-12-06,49.24217224121094,49.30750819615807,49.12084268572687,49.27950605536687,4971800
2019-12-09,49.05552291870117,49.51284979861399,49.03685600681808,49.15818559353407,3016100
2019-12-10,48.88751983642578,49.083517052890855,48.75685502544906,49.036851557591895,6432200
2019-12-11,49.11151123046875,49.14884504749701,48.92484570567621,48.99951333973273,1436500
2019-12-12,49.16751480102539,49.522178962618526,48.90618518740359,49.13018098183686,2866800
2019-12-13,49.05552291870117,49.26551944677449,48.845522830278455,49.15818559353407,2834400
2019-12-16,49.54084014892578,49.6061725447836,49.326172493566034,49.326172493566034,5780800
2019-12-17,49.49417495727539,49.662173576958764,49.4101756474337,49.54084400968097,3222500
2019-12-18,49.83016586303711,49.99909727264096,49.60617010549588,49.662167264707,1862800
2019-12-19,50.28750991821289,50.28750991821289,49.8675133075797,49.8675133075797,1873000
2019-12-20,50.44371032714844,50.588689253157504,50.18181199162309,50.55595196121684,3109700
2019-12-23,50.312747955322266,50.64479856303355,50.28001067197316,50.584001770555574,3248600
2019-12-24,50.30339431762695,50.406283945802706,50.26130505233492,50.36886888681217,891200
2019-12-26,50.686893463134766,50.686893463134766,50.368872574623836,50.368872574623836,830200
2019-12-27,50.59334945678711,50.83654017415445,50.490459841252324,50.80848066740714,3205000
2019-12-30,50.06956481933594,50.61207257083168,50.0134457885585,50.61207257083168,2141300
2019-12-31,50.16310119628906,50.22857577591319,49.92926239246088,49.98538142179758,2049700
2020-01-02,50.75236511230469,50.75236511230469,50.265983610232176,50.481114850636374,6379500
2020-01-03,50.42500686645508,50.696260774786275,50.09763392060537,50.20052001208849,2351400
2020-01-06,51.09846115112305,51.13587265145187,50.135042763685306,50.144398314840494,2535900
2020-01-07,51.16393280029297,51.360356546110566,50.98621301951762,51.15457724967474,2642800
2020-01-08,51.528709411621094,51.78593347543517,51.12650645807345,51.19198102557225,4161200
2020-01-09,51.79997253417969,51.96365898232708,51.53339644202622,51.9402736748359,2297100
2020-01-10,51.59419250488281,51.996395524893124,51.51936594456063,51.996395524893124,1941800
2020-01-13,52.0805778503418,52.10863736456635,51.61290025008233,51.8373835000726,2854000
2020-01-14,51.94962692260742,52.17878793985711,51.88415234625037,52.07122052550092,2909600
2020-01-15,52.20217514038086,52.30506121546299,51.99920037821259,52.08057796497861,2136800
2020-01-16,52.60438537597656,52.60438537597656,52.25830133453843,52.426665579536056,2031600
2020-01-17,53.015933990478516,53.029963747839446,52.66049800891468,52.828862233439814,6103700
2020-01-21,52.969173431396484,53.05896817122171,52.697919528869534,52.92240637843259,3182000
2020-01-22,52.941104888916016,53.22638852112044,52.884985858382066,53.19365123060996,4542800
2020-01-23,52.72596740722656,52.87562408453121,52.57631072992192,52.84756457256679,1985600
2020-01-24,52.08993148803711,52.856922491393306,51.846740698135136,52.856922491393306,3175800
2020-01-27,51.27616500854492,51.47258871826778,50.98620365031371,51.1171563582254,5708800
2020-01-28,51.865440368652344,52.07589383631694,51.3603477645415,51.60353851757829,6526600
2020-01-29,51.78125762939453,52.15539751930616,51.59418590039049,52.15539751930616,5983800
2020-01-30,51.2574577331543,51.28552081189426,50.48485423631471,50.612064011678626,3163200
2020-01-31,50.42500686645508,51.2574725585565,50.31276522332053,51.2574725585565,3635500
2020-02-03,51.02362823486328,51.26682259828833,50.83655647102027,50.83655647102027,5905700
2020-02-04,51.55678176879883,51.58577969482948,50.82720579595033,51.22940884972507,3504000
2020-02-05,51.640960693359375,52.05251927257393,51.3697068239856,52.005748657229006,3771700
2020-02-06,52.28635025024414,52.37520655628534,51.893499262353444,51.893499262353444,1998100
2020-02-07,52.248939514160156,52.43601125872568,51.95897813167877,52.11799036339332,2698600
2020-02-10,52.55760192871094,52.56695747787067,52.089924377427565,52.1273394378734,4420500
2020-02-11,52.50148010253906,52.90368306061269,52.43600553430348,52.82885294371697,1703300
2020-02-12,53.184295654296875,53.25912221265143,52.74467758163712,52.76338511324996,1730200
2020-02-13,53.19364929199219,53.39475080296959,52.763386755793036,52.884983931013466,2761600
2020-02-14,53.25912094116211,53.34330304736176,53.039315478176604,53.24041340999588,2111700
2020-02-18,53.61457061767578,53.72213805738507,53.13754093919853,53.14689292312655,2952900
2020-02-19,53.857757568359375,54.01676624982808,53.60521122005865,53.81098695089479,4301800
2020-02-20,53.30588912963867,53.66599927595053,52.81014849651376,53.62391000881261,2939000
2020-02-21,52.49213790893555,53.146887325969146,52.34248120516477,53.06270520709201,2927400
2020-02-24,50.73366928100586,51.23875839380896,50.368877743846625,50.88332597518771,5297200
2020-02-25,49.37740707397461,51.126520483450086,49.28386940324763,50.911389192924,13048800
2020-02-26,49.28386306762695,50.28563123258215,49.01261277763219,49.667358548064556,6991500
2020-02-27,47.33832550048828,49.0219640848983,47.33832550048828,48.339155242202445,8635300
2020-02-28,47.4786262512207,47.56280835816653,45.86981780572912,46.01947448828872,17880300
2020-03-02,49.12485885620117,49.12485885620117,47.1793181958698,47.974372310525226,7324000
2020-03-03,47.50668716430664,49.77024483073568,47.21672579403741,49.19032565829382,9167600
2020-03-04,49.21839904785156,49.24646213553018,47.8621330345735,48.32045874028313,3398100
2020-03-05,47.422508239746094,48.413982444876034,47.067072273027534,48.11466907335414,4009100
2020-03-06,46.59939956665039,46.84259393655411,45.47697252178811,45.907238660518416,6736400
2020-03-09,43.4940299987793,45.08413503493491,42.09099677301222,43.54079705935193,6080000
2020-03-10,45.71080780029297,45.729515332536366,43.38177534149239,44.95317236896849,5108100
2020-03-11,43.7465705871582,44.831582661334544,43.10117667368955,44.60709580511641,5854600
2020-03-12,39.640357971191406,42.455775808639984,38.396333729648546,40.93114569526029,9472200
2020-03-13,43.20405960083008,43.260182202797374,39.874197048910524,42.10034007215417,7604700
2020-03-16,38.33086013793945,40.865672169203734,36.581746709026525,36.955886691800245,19813500
2020-03-17,39.995792388916016,40.650541834322574,37.55451797188319,39.09785212737998,14016600
2020-03-18,38.66757583618164,38.994948658887786,36.17953167932644,37.69480578000314,18094800
2020-03-19,39.359745025634766,40.7066551092437,37.601276407072874,38.35891176806063,14289200
2020-03-20,37.6199836730957,40.14543961609539,37.460971448955455,40.09867257420588,10077800
2020-03-23,37.81977081298828,38.61706118317586,36.60976239674189,37.52899251491496,15113800
2020-03-24,40.14598846435547,40.14598846435547,38.89846309112914,39.695753501060665,6497900
2020-03-25,39.526920318603516,41.224684464186566,38.85156599273182,40.01467582304975,5291400
2020-03-26,41.77810287475586,41.95631980357373,39.742661378403334,39.845840918616396,4691000
2020-03-27,40.108482360839844,41.210624339915384,39.94902565297827,40.5962379737146,3378100
2020-03-30,41.571746826171875,41.71244686002376,40.04282100946007,40.48367777592218,3025600
2020-03-31,41.496707916259766,42.24240876524374,41.22375229370025,41.56236697548538,4777200
2020-04-01,39.845829010009766,40.75568078016359,39.4706350228184,40.28668561256251,5481200
2020-04-02,40.352352142333984,40.605610009240976,39.620720690035895,39.676997830582,4537200
2020-04-03,39.53630065917969,40.43677067251871,39.01102469565704,40.277310428280686,3071800
2020-04-06,42.143917083740234,42.369032819379626,40.78383002588102,41.01832767109295,3294700
2020-04-07,42.45344161987305,43.5696524251596,42.322123543521506,43.438334348808056,3694300
2020-04-08,43.36329650878906,43.560273637422654,42.48158680575097,42.922439868195276,2628200
2020-04-09,43.68221664428711,44.14183355678689,43.22260330993707,43.89795402667689,3256500
2020-04-13,43.74787521362305,43.83229449956103,42.73484736051696,43.56965831137606,2606200
2020-04-14,45.04230499267578,45.34809010116619,44.385710916064795,44.657729024370035,5554200
2020-04-15,44.62021255493164,44.995410226184845,44.06679795781576,44.25439679344236,1969100
2020-04-16,44.798423767089844,44.948502100819724,44.16059353235016,44.948502100819724,2475600
2020-04-17,45.408111572265625,45.58632844620433,44.798416428653056,45.58632844620433,3348400
2020-04-20,44.99541473388672,45.54882938644443,44.83595445527659,44.986032823182896,1948500
2020-04-21,43.57903289794922,44.494513155210484,43.26011602048661,44.413843777091195,4167700
2020-04-22,44.75153732299805,45.079836228715,44.301302197414024,44.72339874582114,2151700
2020-04-23,45.07044219970703,45.61447839985981,44.81718433875484,44.96726267359876,2486900
2020-04-24,45.642608642578125,45.67074720705605,44.554540018926104,44.97663637684048,2693000
2020-04-27,46.017826080322266,46.24294184969539,45.88181699634029,46.09286347739643,2022300
2020-04-28,45.183006286621094,46.486816249413764,45.10796889792705,46.486816249413764,2583000
2020-04-29,47.36852264404297,47.7999974370941,46.71192854522822,46.80572974685888,3551600
2020-04-30,47.162166595458984,47.696820955429445,46.76070887687935,47.39666424731095,3663100
2020-05-01,46.50557327270508,47.19030594609615,46.1181812855739,46.66502994898862,2793500
2020-05-04,46.777587890625,46.84324694310321,45.961537111145844,46.21479498991179,3721800
2020-05-05,47.02146530151367,47.55611960634068,46.92766410355728,47.162161731223506,2261500
2020-05-06,46.89015197753906,47.49046539299298,46.87139173603735,47.40604609531038,2486000
2020-05-07,47.77185821533203,47.95007512877915,47.42480271939819,47.58425939277458,3207200
2020-05-08,48.644187927246094,48.70984697602751,48.0720131494511,48.35340958396427,4640700
2020-05-11,48.672325134277344,49.010002277497065,48.23522194542283,48.34402989956356,2269700
2020-05-12,47.724952697753906,48.90681903093103,47.71557078996195,48.82239975155056,13806400
2020-05-13,46.908897399902344,47.828131122455055,46.2710672324413,47.69680946341228,4338800
2020-05-14,47.415409088134766,47.415409088134766,46.015927012560425,46.514939256255246,3219800
2020-05-15,48.07201385498047,48.07201385498047,46.7963461831053,47.03084381166618,3938600
2020-05-18,49.085044860839844,49.34768105732114,48.465967692305675,48.606667699363406,2852300
2020-05-19,49.07566833496094,49.647843178469174,48.85055259275619,49.01938761033465,5526800
2020-05-20,50.43574523925781,50.55768499556192,49.75101266303389,49.78853313853507,4532500
2020-05-21,50.07931900024414,50.820332454289044,50.023041852643445,50.6514938551864,4016100
2020-05-22,50.37946701049805,50.46388629546416,49.79791392414801,50.06055010930938,3870900
2020-05-26,50.520164489746094,51.39249586480302,50.445123538788756,51.34559705952942,3651100
2020-05-27,50.87660598754883,50.87660598754883,49.6150076276496,50.55768907634623,5946600
2020-05-28,50.39822769165039,51.21427840138759,50.27628792826217,50.43574816933133,4074500
2020-05-29,50.67024230957031,50.810938723991804,49.849500701921876,50.37008566502513,6113400
2020-06-01,51.25178527832031,51.32682621376849,50.45449501900147,50.54829261016295,6930100
2020-06-02,51.45816421508789,51.4769244562204,50.71715079202925,51.308085864177926,3468600
2020-06-03,51.617618560791016,51.78176976873194,51.43002331425848,51.58947998944113,3217000
2020-06-04,51.2330436706543,51.69266062200009,50.85784959145471,51.476923221376566,2235300
2020-06-05,52.06784439086914,52.43366364451403,51.570710634749474,51.58009254230796,2784300
2020-06-08,53.043365478515625,53.08088595969013,51.93653633091806,52.07723634624742,3216000
2020-06-09,52.912044525146484,53.15592048335674,52.63064808778085,52.761966186674826,3549200
2020-06-10,52.752593994140625,53.27786645083611,52.39615655698994,53.24034596731493,2638100
2020-06-11,50.32319259643555,51.908395279767525,50.210631158288415,51.55195788193465,4669100
2020-06-12,50.76404571533203,51.61761694161965,49.81667686872044,51.43002170097171,4944200
2020-06-15,51.58009719848633,51.758314098542655,49.938613886208174,50.023033171108466,4114300
2020-06-16,52.002193450927734,52.63064896371524,51.26118365510054,52.611888723825324,4335600
2020-06-17,52.06784439086914,52.461802210890816,51.65512991202916,52.1147467723629,2621400
2020-06-18,52.236690521240234,52.27421100061705,51.84273622223327,51.964675991132985,4696300
2020-06-19,52.09598922729492,52.86514109196485,51.711413294959954,52.86514109196485,4740400
2020-06-22,52.21065139770508,52.28584397681834,51.86853448472646,52.05087254515866,1995800
2020-06-23,52.54901123046875,53.08474581187509,52.36103336664313,52.54901123046875,4896900
2020-06-24,51.36476135253906,52.49262146505978,50.89481844386214,52.37043889027728,7736200
2020-06-25,51.59033203125,51.703117325623644,50.81962594650038,51.327165149251556,4779400
2020-06-26,49.315818786621094,51.32717422111917,49.221828036880694,51.28018063893922,6241400
2020-06-29,50.22749710083008,50.22749710083008,48.8035706523497,49.04324254117091,3508300
2020-06-30,50.791419982910156,50.94180153933931,49.973716908533696,50.208688314540446,2815900
2020-07-01,52.050880432128906,52.248255604139075,50.923016672187835,50.960612967441214,5156500
2020-07-02,51.88169860839844,52.60541112879472,51.806506020906916,52.520821260556716,2252800
2020-07-06,52.92497253417969,53.00016153640396,52.30464802796476,52.46442689855379,2082200
2020-07-07,52.77458572387695,53.55468902351292,52.703154206870956,52.79338028353892,2392300
2020-07-08,53.244529724121094,53.33851686594447,52.44092424439877,52.84037856059722,3106800
2020-07-09,53.310325622558594,53.52649893401443,52.473827804418235,53.470104493268586,3453700
2020-07-10,54.231414794921875,54.26901108978247,52.988883423053345,53.27273078825681,2429100
2020-07-13,53.14114761352539,54.90343360860744,52.962567004713854,54.66376170936987,2954700
2020-07-14,53.66747283935547,53.72386727293639,52.375129982506564,52.6054045639274,3719800
2020-07-15,53.98704147338867,54.20321478680166,53.404313255258884,53.90245160419403,3089200
2020-07-16,54.081031799316406,54.156220801709004,53.319722982329225,53.51709814716222,2216700
2020-07-17,53.95884323120117,54.118625680404165,53.394913189568896,54.09042666855672,1928900
2020-07-20,54.60736083984375,54.7295469916953,53.432503648062436,53.864853819526466,2205300
2020-07-21,54.34419631958008,55.01151437279616,54.19381473596266,54.96452080017442,2228100
2020-07-22,54.40058898925781,54.442882127628394,54.01053553695742,54.334797272650476,1528700
2020-07-23,53.5171012878418,54.635567791626436,53.2351362379074,54.50398434068239,2271200
2020-07-24,53.4324951171875,53.597917335388516,52.87796246778659,53.150530153253605,3291800
2020-07-27,53.7990608215332,53.874249815617986,53.346033776633675,53.629881103118045,1556100
2020-07-28,53.244529724121094,53.84605603670184,53.1599398623282,53.648680887644964,1818100
2020-07-29,53.7332763671875,53.87896112295932,53.310330571162915,53.50770575402509,1720600
2020-07-30,53.88365936279297,53.97764651688759,52.962568042841205,53.22573852799032,2202100
2020-07-31,54.635562896728516,54.87053434818569,53.794364670266255,54.87053434818569,2741700
2020-08-03,54.682559967041016,54.842338843267875,54.28592729980746,54.77654711948269,2335700
2020-08-04,55.03030776977539,55.0397086347163,54.66375291542804,54.66375291542804,2829100
2020-08-05,54.945716857910156,55.27467900232014,54.78593801077512,55.190089146372365,1874200
2020-08-06,56.393157958984375,56.449552407680315,54.9363354287867,55.03032259123284,2277200
2020-08-07,56.32736587524414,57.22025825440921,55.8574228951973,56.252173277454055,2525900
2020-08-10,56.13938522338867,56.82550151049033,55.59425325756526,56.308564974770476,4230300
2020-08-11,55.30287170410156,56.40723662407206,55.190086430181736,56.07357764908229,3121200
2020-08-12,55.9608039855957,56.308560743803675,55.61304364200778,55.61304364200778,6266000
2020-08-13,56.242767333984375,56.64503978237414,55.98805836407353,56.01719316073314,1707300
2020-08-14,56.23337173461914,56.402547887890655,56.045393848853074,56.289762590582995,1205100
2020-08-17,56.29915237426758,56.44953393620163,56.10177366110849,56.44953393620163,1179400
2020-08-18,56.80669403076172,56.985274619764134,56.20046728545385,56.44954002351617,1353100
2020-08-19,56.64691925048828,57.27664103389556,56.51533580830646,56.85369527984823,2143500
2020-08-20,57.351829528808594,57.41762124520503,56.38844519026429,56.42134104846251,7930600
2020-08-21,57.09806442260742,57.39882760269446,56.90068925793403,57.22025058494901,2003100
2020-08-24,57.793575286865234,58.04734127958472,57.439235812812925,57.51160669872441,3340600
2020-08-25,58.33871841430664,58.437406005063416,57.67140027563876,57.81238101155692,4156100
2020-08-26,60.33127975463867,60.397071482486545,58.44210703963472,58.46090518835987,3234100
2020-08-27,59.59815979003906,60.297434353531166,59.367888767708294,60.29367687542447,5037200
2020-08-28,59.73914337158203,59.83313051842576,59.42897933331401,59.74854065211447,1819300
2020-08-31,59.457176208496094,59.861327403451796,59.372586340124435,59.68275038594715,2728400
2020-09-01,59.9459228515625,60.09348634652395,59.32559828755746,59.56997063465717,4703000
2020-09-02,61.224159240722656,61.412133528741826,60.04930201370425,60.29367432473672,4321700
2020-09-03,59.14701843261719,60.820014143701734,58.44680445926934,60.67902982822334,7536500
2020-09-04,58.06614303588867,59.17520855638995,56.55292633832101,58.84624996360557,10039900
2020-09-08,56.53413391113281,57.3471331434296,56.41194774975333,56.637518340352486,8138700
2020-09-09,57.210845947265625,57.7559814160987,56.59992234659165,57.3048366757091,4940700
2020-09-10,56.364952087402344,57.9909540771391,56.19577235803045,57.55860747335748,4882100
2020-09-11,56.18636703491211,56.87530487196802,55.56604260488677,56.71270432735582,5509000
2020-09-14,56.402557373046875,57.455232276212065,56.374361940323354,56.79731135807896,3241600
2020-09-15,57.40822982788086,57.6807940013385,56.844296162832634,57.0134759038091,2024000
2020-09-16,56.787899017333984,57.85937185430429,56.693911870323525,57.4082270949704,2368600
2020-09-17,55.7446174621582,56.24275569387674,55.058501389197865,55.80100830476537,4600500
2020-09-18,55.208892822265625,56.09238417317033,54.47577946880282,56.06418874682244,4665400
2020-09-21,54.56277847290039,54.74173329638848,53.748055622697784,54.32730989795881,7845700
2020-09-22,55.61766815185547,55.73069204446131,54.647538921645484,55.06196225651005,2304600
2020-09-23,54.28962707519531,55.84372090694432,54.12951018946952,55.73069341858685,3913000
2020-09-24,54.393226623535156,54.901839475053684,53.85635870014261,53.95054466836557,2944900
2020-09-25,55.118473052978516,55.30778994927999,53.90345459527824,54.3272986610998,1879800
2020-09-28,55.85313034057617,56.050923028389946,55.42928630028641,55.94731990117632,2016800
2020-09-29,55.90964889526367,56.13098989054387,55.59882870794305,55.91906605565308,3249100
2020-09-30,55.94732666015625,56.51244972017205,55.636506462072205,55.966160981587294,2884000
2020-10-01,56.7479133605957,56.87506478058229,56.3240693056996,56.40883811667882,7536600
2020-10-02,55.6270866394043,56.41826104134481,55.40103527043646,55.83429650191315,3320200
2020-10-05,56.54070281982422,56.56896148691304,55.90022812460244,55.97557977955309,2122200
2020-10-06,55.35395050048828,56.578386315673235,55.25976091903396,56.27698684094971,2198400
2020-10-07,55.758949279785156,55.92848691082055,55.24091922627242,55.834297341931624,2063400
2020-10-08,56.484188079833984,56.512443151661216,56.05092328501833,56.05092328501833,1352300
2020-10-09,56.82325744628906,56.89860549436968,56.58778895747062,56.77616087415417,1838300
2020-10-12,58.32084655761719,58.94248695560821,57.44019651305952,57.661537516653624,3935600
2020-10-13,58.377349853515625,58.688169996885456,58.104205532305315,58.622239104588374,2581900
2020-10-14,57.68037033081055,58.669337397772864,57.51083270870678,58.62224441229171,1999800
2020-10-15,57.237693786621094,57.36955559564939,56.747918786683975,56.99280449017012,1700200
2020-10-16,57.247108459472656,57.83107300688299,57.157632860357666,57.61443879522017,2932200
2020-10-19,56.220462799072266,57.637984301990784,56.00854256728803,57.454319142987245,3320800
2020-10-20,56.625465393066406,57.11524031736134,56.107435397762,56.34290390407894,4365000
2020-10-21,57.57676315307617,58.11363108785096,57.18117417363111,57.322456721925306,3262000
2020-10-22,57.953521728515625,58.08726985596879,57.185895504580415,57.76514975199138,2492900
2020-10-23,58.49979782104492,58.51863573320086,57.718040634913066,58.15130542857095,1839900
2020-10-26,57.21885681152344,58.264337733077504,56.677278435866654,57.991193356768534,2771500
2020-10-27,57.58618927001953,57.74630975585614,57.11054178260772,57.444910292714894,1582100
2020-10-28,55.325679779052734,56.644301209883174,55.250328135195154,56.57837031798986,4236400
2020-10-29,56.71965408325195,57.25181160591618,55.711849179077525,55.98498991157178,3172900
2020-10-30,55.758949279785156,57.20001555062133,55.16556757116128,56.860940288550545,3421000
2020-11-02,55.73069763183594,56.67257188156484,55.270122618391994,56.16396251736473,3668600
2020-11-03,56.55953598022461,57.04931091734845,55.95673716313816,56.16395060387326,3494500
2020-11-04,58.99898910522461,59.441671052381345,58.04769790871991,58.141883875238044,4571200
2020-11-05,60.13865280151367,60.55307965645359,59.582947003905794,60.00679101783793,3258000
2020-11-06,59.99737548828125,60.176330257706454,59.34748011828046,60.176330257706454,5735300
2020-11-09,59.488773345947266,61.08053942419516,59.45109751625782,60.90158821558248,6021600
2020-11-10,59.300392150878906,59.488767688446366,58.26433208370466,58.82945510344251,12894000
2020-11-11,59.83726501464844,59.912616673053265,59.52644840614061,59.71482395918785,5063100
2020-11-12,59.49818801879883,60.12924556433049,59.28155739659086,59.799591050745484,7035900
2020-11-13,60.3835563659668,60.47774235007404,59.59238188338503,59.931457174915074,1661300
2020-11-16,60.769710540771484,60.84035540607474,60.364704411857126,60.40238023616645,4772300
2020-11-17,60.55309295654297,60.84507165796643,60.25169350109396,60.48716205022381,3483100
2020-11-18,59.94087219238281,60.684953656299236,59.931455031494885,60.515416016597655,2470000
2020-11-19,60.308204650878906,60.44006646569821,59.60179899180549,59.6865678146129,3390400
2020-11-20,60.16692352294922,60.6190226974309,60.15750276910479,60.355299077224466,1876300
2020-11-23,60.1951789855957,60.501288814140594,59.601797243351044,60.38355454108216,2190900
2020-11-24,61.42902374267578,61.48553388346658,60.30819137746905,60.3552879520803,2179000
2020-11-25,61.41960906982422,61.560891621713616,60.88462383481004,61.55147086867323,1693300
2020-11-27,61.81520080566406,62.012993524221685,61.5043877827477,61.711594069381995,1229900
2020-11-30,61.59856414794922,61.67391579637732,60.95808950816774,61.67391579637732,3617300
2020-12-01,62.72881317138672,63.152660824893964,61.918800876341635,61.994152528422354,3888900
2020-12-02,63.31276321411133,63.501135115296336,62.34263426974645,62.64403362319891,2380800
2020-12-03,63.030216217041016,63.53882911892964,62.907775164818176,63.246850432743926,2129300
2020-12-04,63.08673858642578,63.21860040270465,62.88893867607743,63.03022124664195,1997000
2020-12-07,63.48230743408203,63.65655182018481,62.91718448553861,63.0302047636904,1981800
2020-12-08,63.38813400268555,63.472899228053734,62.90306938393314,63.416389077808276,1712800
2020-12-09,62.63463592529297,63.868488859812395,62.22020896704153,63.4729034101706,5494600
2020-12-10,62.672298431396484,62.77590514893081,61.69274858393555,62.286126632236076,2287400
2020-12-11,63.0490608215332,63.1432468037109,62.49335131060408,62.57812372471489,2668300
2020-12-14,62.85125732421875,63.67068313315637,62.80416074824203,63.21858762186567,2622800
2020-12-15,63.36930465698242,63.36930465698242,62.54987857744292,63.16209115174178,1604200
2020-12-16,63.31276321411133,63.52939018188135,63.068815350319895,63.472880048711325,3249300
2020-12-17,63.15266799926758,63.684822035960785,63.006671462052054,63.54825343873772,2437600
2020-12-18,63.209171295166016,63.411670777001305,62.70997917294694,63.30335726778543,4397800
2020-12-21,62.66862869262695,62.78183669402837,61.715814473698586,62.46108428876076,4508500
2020-12-22,62.08371353149414,62.66861057351677,61.706368030735355,62.66861057351677,2041900
2020-12-23,62.44219970703125,62.87615277604828,62.140318998262714,62.30069155036391,1671200
2020-12-24,62.50825119018555,62.762960176620574,62.29599250192209,62.50825119018555,859700
2020-12-28,63.630863189697266,63.72520677722657,62.819557279300746,63.0176730551881,2806600
2020-12-29,63.57426834106445,63.895020732353736,63.49879634341923,63.7818127358859,1502000
2020-12-30,63.149742126464844,63.819539817818686,63.11200613291472,63.819539817818686,2151800
2020-12-31,63.65917205810547,63.76293705146047,63.074274909947455,63.074274909947455,2274200
2021-01-04,62.715789794921875,63.951613010446096,61.961084309124004,63.91387701641571,4456800
2021-01-05,62.94218444824219,63.111992784600524,62.49879561456189,62.56483178995662,2184600
2021-01-06,62.64030838012695,63.06482565362462,61.77240224025396,61.97051078104646,3904200
2021-01-07,63.470481872558594,63.772362597856926,62.81954863468861,62.923320808766555,2202600
2021-01-08,63.66859436035156,63.715766150541484,62.90446030162661,63.498785992034385,4993100
2021-01-11,62.53653335571289,63.10255876032956,62.404461001215786,62.74407768346649,2202900
2021-01-12,61.527137756347656,62.7440967037552,61.18752097114529,62.44221591662039,14316600
2021-01-13,61.74411392211914,62.04599472477059,61.31959651749888,61.49884071818151,3685300
2021-01-14,61.39506149291992,62.093159419664,61.296003604559125,61.85731484465807,2543300
2021-01-15,61.593170166015625,61.88561513629856,61.11676671484419,61.404490187280466,4829000
2021-01-19,62.706356048583984,62.8572928322387,61.6214695762829,62.01768673045733,4431500
2021-01-20,64.67801666259766,64.97046884212205,63.753509920296864,63.961054306602705,4614800
2021-01-21,64.91387176513672,65.28178880141567,64.74406334859206,64.95160776852516,2393900
2021-01-22,64.94214630126953,65.18271232811622,64.69687317229389,64.8478099287863,1979400
2021-01-25,65.31950378417969,65.66855630513837,64.45159757776852,65.36667557258646,4084400
2021-01-26,66.2062759399414,66.31948390402252,65.25346203511911,65.25346203511911,3038300
2021-01-27,64.06481170654297,65.81948839148902,63.621422837709915,65.64025144258066,7709600
2021-01-28,64.29122924804688,65.44215186590385,64.26292905210038,64.64027459459359,6688200
2021-01-29,63.09312438964844,64.02707388563834,62.67804292216772,63.89500152815761,4555200
2021-02-01,64.27236938476562,64.55538579070226,63.14975395533766,63.649743368073686,3135100
2021-02-02,65.25347137451172,65.60252391566706,64.57423788761743,64.69688166560961,2010300
2021-02-03,66.13081359863281,66.6779747086363,65.71383914719846,66.29118617305993,2848300
2021-02-04,66.52704620361328,66.53648200353975,65.876119956817,66.25347278240422,2639900
2021-02-05,67.36664581298828,67.45154640265679,66.8855208793183,66.89495667730537,1849400
2021-02-08,67.63080596923828,67.76287838149497,67.11194492293934,67.6874063752321,5201000
2021-02-09,67.85719299316406,68.21567411164948,67.34776791063994,67.46097588366898,6044200
2021-02-10,68.49870300292969,68.70624739282846,67.54588884812424,68.47040280383543,2494500
2021-02-11,68.57416534423828,68.64020153196289,67.97983245731224,68.64020153196289,1860100
2021-02-12,68.86662292480469,68.95152352571053,68.4326697262275,68.48927012683141,1573900
2021-02-16,69.19679260253906,69.66376742333621,68.86661165736143,68.86661165736143,1997000
2021-02-17,69.39490509033203,69.45151268227842,68.66850696990109,68.79114355720871,1976400
2021-02-18,69.05529022216797,69.32887079896219,68.54870084283932,68.92321783301288,2019900
2021-02-19,68.37604522705078,69.2533871142292,68.28170166275359,69.2533871142292,2500000
2021-02-22,68.10248565673828,68.7345474263396,67.6779610791301,67.72513287577735,2168100
2021-02-23,68.6307601928711,68.86660472961636,66.50815936216374,67.48927349871252,4639200
2021-02-24,68.7533950805664,68.92320343076901,67.7345521767547,67.93266071909042,4004600
2021-02-25,67.25341796875,69.29111069049848,66.99870188015463,68.78169290811354,5492600
2021-02-26,67.51759338378906,68.74870251256206,67.02703977114133,67.63080138551062,5379400
2021-03-01,69.24396514892578,69.43263792039828,68.1307785234663,68.41378768067506,4196100
2021-03-02,68.73453521728516,69.68734920055053,68.68736342901687,69.26282469834902,4647700
2021-03-03,67.75341796875,68.95622654102424,67.5836096150477,68.6496243259874,4724000
2021-03-04,67.63080596923828,69.00813769520578,66.80062829515998,67.74400678122593,8581100
2021-03-05,69.21569061279297,69.4232278593896,67.34779781416293,68.20627579665155,11937300
2021-03-08,68.29114532470703,69.68734818672638,68.243973537125,69.27225948769821,8332000
2021-03-09,69.05529022216797,69.64962317077125,68.87605323540345,69.38547839246108,8758100
2021-03-10,69.34774780273438,69.91377340001657,68.9892594064444,69.91377340001657,5704600
2021-03-11,70.65901184082031,71.08825054727053,69.8760063933754,70.02695032428646,3256900
2021-03-12,70.4609375,70.55527390386703,69.84774007875492,70.0930204867342,3106500
2021-03-15,70.9609146118164,71.00336490658371,70.31941710040309,70.64016225740724,3338900
2021-03-16,71.7061996459961,72.26278948951915,71.14960260506649,71.3665828204067,3802800
2021-03-17,71.71560668945312,71.98918722767901,70.5080837603212,71.16184559317675,4617200
2021-03-18,70.52696990966797,71.49864849231558,70.45149791167056,70.84771510504817,5529800
2021-03-19,71.14017486572266,71.50809189834118,70.555277615131,70.64017822385529,9243200
2021-03-22,71.73838806152344,72.22035594553903,71.01069918466983,71.34146357863828,5225800
2021-03-23,71.20916748046875,72.06443239021795,71.0910368087327,71.66279243238976,4294800
2021-03-24,69.41355895996094,71.20914607255874,69.39466123061904,71.20914607255874,4263400
2021-03-25,69.07334899902344,69.5931267339814,68.53467353284998,69.02610106592343,3846200
2021-03-26,68.31730651855469,69.30015422122221,67.11709528515088,69.11114088794686,4204600
2021-03-29,69.01663208007812,69.28124351451076,68.08103959115678,68.29839589367467,4274000
2021-03-30,69.01663208007812,69.16784273410867,68.71421798213785,69.01663208007812,2660300
2021-03-31,69.29071044921875,69.71597788475425,69.03555142992192,69.30016291959933,3857400
2021-04-01,70.4814682006836,70.5287161315627,69.9144425592788,69.9144425592788,4549600
2021-04-05,71.96517181396484,72.06439749250292,70.8216683305247,70.8216683305247,3970000
2021-04-06,72.14474487304688,72.3621084347698,71.79508277435332,71.94628625240723,2523500
2021-04-07,72.70230102539062,72.77696181853605,72.16362574613545,72.16362574613545,2347700
2021-04-08,72.71177673339844,73.13704417027192,72.47740449605469,73.08034376805476,2891400
2021-04-09,72.69286346435547,72.74484123047371,72.16364054396722,72.42825200416135,2324100
2021-04-12,72.39988708496094,72.51801769210778,72.06912282697382,72.48493766124903,2234300
2021-04-13,72.49442291259766,72.91969761671905,72.39046735448731,72.60783094238802,2891100
2021-04-14,71.7478256225586,72.45660948076119,71.59662214873894,72.42825928005264,3939200
2021-04-15,72.66452026367188,72.8629788779279,72.13529729232249,72.2392528345693,4523500
2021-04-16,72.61726379394531,72.90078021490775,72.3432070531696,72.8629775447713,3378100
2021-04-19,72.21089935302734,72.82517289823842,71.83287987204383,72.42825568776058,3188300
2021-04-20,71.82341766357422,72.26758995274461,71.28474231950226,72.07857663282056,3535200
2021-04-21,71.94627380371094,71.96517874152313,70.96342613099175,71.40759843800267,7034100
2021-04-22,71.41705322265625,72.26286535908729,71.15244176567495,72.11638453183846,3532900
2021-04-23,72.24870300292969,72.45661410154783,71.57583272077058,71.72893246650708,2741900
2021-04-26,72.39988708496094,72.53219278815578,72.22032625485933,72.39988708496094,2767100
2021-04-27,72.10693359375,72.6456089345002,72.02187579777845,72.51330321642969,4684900
2021-04-28,72.76847076416016,73.57175763576615,72.70231789732489,73.08978262875387,3355400
2021-04-29,74.78141784667969,74.86647565685318,73.94978073564798,74.47900369629342,4816200
2021-04-30,73.76077270507812,74.10098951680871,73.63791222798982,73.85527577275397,3819500
2021-05-03,73.373291015625,74.13783060951242,73.28824042904205,74.05372454877234,3861300
2021-05-04,72.71177673339844,73.1937445724891,71.64387109082604,72.96693575349806,6848700
2021-05-05,72.57002258300781,73.38276204088682,72.48024213438634,73.15595320919026,3829000
2021-05-06,73.4205551147461,73.4394528440321,72.37155449138811,72.48495528734779,5321700
2021-05-07,73.97814178466797,74.32308128566582,73.61902718158274,73.96868931323534,3636400
2021-05-10,72.56056213378906,73.6379129785428,72.50858436451928,73.60956277896328,4043500
2021-05-11,72.35264587402344,72.53220673866095,71.40760083508323,71.49265863785101,9642100
2021-05-12,70.9350814819336,71.89903150234834,70.72717041046681,71.46431163024587,5624800
2021-05-13,71.4454116821289,72.06914494010323,71.00123930935125,71.37925881023365,7711900
2021-05-14,72.85350799560547,73.0047186407029,71.96517069107944,72.0880239326308,3257000
2021-05-17,72.27706146240234,72.89133508615119,71.80453885328919,72.83463468029692,3006100
2021-05-18,71.53990936279297,72.49440690830221,71.52101163372821,72.26759810891646,2438200
2021-05-19,71.65333557128906,71.70059072113887,70.44367872041914,70.51266518269605,4936800
2021-05-20,72.88188934326172,73.03782266845255,71.8423338419895,72.01244226855015,3504500
2021-05-21,72.63616943359375,73.24099774135777,72.59836676309322,73.22210001116859,4452000
2021-05-24,73.959228515625,74.14823464383495,73.04253365255133,73.1842918537696,3020000
2021-05-25,73.9403076171875,74.46008517275664,73.78910418928015,74.35612966164281,3079300
2021-05-26,74.42230224609375,74.7341688621257,74.00648009138447,74.15769076950494,4644900
2021-05-27,74.705810546875,74.88441966910834,74.38921412521887,74.51490816800482,4462100
2021-05-28,74.46009063720703,74.94206556864032,74.38542983844282,74.91370816433906,2834100
2021-06-01,74.50736236572266,74.86648416708742,74.1482477744808,74.73417841188659,3301400
2021-06-02,74.28053283691406,74.75305531960451,73.90724324804181,74.64909979660294,2782000
2021-06-03,73.77965545654297,73.98567743774197,73.32603072961867,73.76075773089299,2812300
2021-06-04,74.83811950683594,74.94207503871519,73.96867258474393,74.08208058591806,2333200
2021-06-07,75.22557067871094,75.2633733389609,74.63964747013692,74.71524558051665,3321100
2021-06-08,75.00823974609375,75.4335071999268,74.63967269673907,75.4335071999268,3325100
2021-06-09,74.93262481689453,75.47130022091567,74.89482214870266,75.34844695688338,5168000
2021-06-10,75.33899688720703,75.45712752527399,74.73416859711392,75.00823254264392,2470300
2021-06-11,75.42402648925781,75.46655898681443,75.07436451239636,75.45237668088227,3729100
2021-06-14,75.9249038696289,75.94380880531239,75.2633753231152,75.48073882275278,2733200
2021-06-15,75.49020385742188,76.12338958653336,75.36073169151638,75.99108384256913,3085700
2021-06-16,74.82867431640625,75.64141371190864,74.19549580436575,75.64141371190864,4691900
2021-06-17,75.14054107666016,75.5752609757091,74.69636870737995,74.7247189079515,4556300
2021-06-18,74.26165008544922,74.88537613911653,74.14824207109046,74.80882627018354,6194800
2021-06-21,74.98211669921875,75.03892624696704,74.11111401329686,74.4330107069272,3274400
2021-06-22,75.62590026855469,75.73004267558977,74.84010831967547,75.05785537214321,4690300
2021-06-23,75.55015563964844,75.94778628900575,75.48861498329015,75.55961787671761,4669000
2021-06-24,76.26021575927734,76.298079154856,75.86257787488195,75.9099179539782,3430900
2021-06-25,76.3548812866211,76.44008475302977,76.09452532301475,76.24126944166161,5843400
2021-06-28,77.21643829345703,77.31111847188072,76.29714923424423,76.53478145807402,3553900
2021-06-29,76.79985809326172,77.30163114135641,76.58683496413163,77.22588990535823,4272900
2021-06-30,76.6578598022461,76.86614462969736,76.38330318634061,76.73360105278896,2533700
2021-07-01,77.22588348388672,77.33002586895412,76.54422686274782,76.56316578171347,5227500
2021-07-02,77.76554107666016,77.87441459948884,77.3821109641518,77.50992340934876,4347500
2021-07-06,77.57618713378906,77.99843404790363,76.8661293034644,77.89807654979032,3829500
2021-07-07,77.46257781982422,77.9359497222243,77.28269418552595,77.9359497222243,3651700
2021-07-08,76.61050415039062,76.96080194567107,76.23180519769751,76.46849114024549,5237000
2021-07-09,77.29216003417969,77.40671810945483,76.62944229102115,76.63890452800793,2914300
2021-07-12,77.8412857055664,77.87915632886754,77.15962893231163,77.45311723404188,3568600
2021-07-13,77.64247131347656,78.24364850524552,77.56673006593495,77.76554542341951,3979100
2021-07-14,77.58564758300781,78.1442301526603,77.50044411241154,78.08742783892946,3459600
2021-07-15,77.03655242919922,77.68033855914065,76.7146557526872,77.68033855914065,4500500
2021-07-16,76.55369567871094,77.36789583344023,76.4590227539222,77.15014160565308,3509300
2021-07-19,75.38921356201172,75.94779621460857,75.03892294454779,75.93832675322011,6896900
2021-07-20,76.24127197265625,76.52055964148677,75.2424570413586,75.6448260187515,4111800
2021-07-21,76.8756103515625,76.88034869436311,76.26969476593493,76.3075653929221,2612700
2021-07-22,77.14070129394531,77.15963299505128,76.51584681119992,76.86614467786778,2254800
2021-07-23,79.05313110351562,79.26993197413206,77.69928677293925,78.04011522141191,3872500
2021-07-26,79.460205078125,79.48387511704291,78.83535072148455,78.95843203462499,3189800
2021-07-27,78.51343536376953,79.44124713198052,77.93592127578624,79.3655059217022,4857500
2021-07-28,79.12885284423828,79.69689771053852,78.76908555788498,79.34659988516356,7295300
2021-07-29,78.27680206298828,78.8827177059374,78.23893143241843,78.61763051503269,5291200
2021-07-30,78.0116958618164,78.51820007320676,77.66139803172075,77.79394159487425,2999500
2021-08-02,77.8318099975586,78.41879377699343,77.68979697734734,78.34305253646978,3988200
2021-08-03,77.48150634765625,77.869674758822,76.60104157937452,77.86020529869847,4860500
2021-08-04,77.69926452636719,77.88861039993512,77.24482431748926,77.59512212898021,3864600
2021-08-05,78.40931701660156,78.42351759499245,77.73712982146695,77.92647568206654,2261300
2021-08-06,78.40931701660156,78.62707125706451,78.21050169604752,78.24837231278374,2764400
2021-08-09,78.26731872558594,78.40933175927799,78.00223158167167,78.39986229754308,2367800
2021-08-10,78.41880798339844,78.50401147711136,78.07797956237961,78.34306672915346,6254400
2021-08-11,78.57027435302734,78.66021617935164,78.27678605498616,78.57027435302734,2457600
2021-08-12,78.71229553222656,78.75016615897256,78.07797878616894,78.48507899483407,2269000
2021-08-13,78.7596206665039,79.00576885898889,78.69808000684161,78.91109592164219,2144600
2021-08-16,78.89216613769531,78.91109783639118,77.86968105414371,78.48506599645249,3483200
2021-08-17,78.23890686035156,78.7028092987395,77.7276643428481,78.38091987461618,5941400
2021-08-18,77.64247131347656,78.50400452924302,77.59040010867707,78.05903372878964,3041200
2021-08-19,77.65191650390625,78.00221427956743,77.08387171822214,77.15961294913504,4409800
2021-08-20,78.32413482666016,78.44531649929182,77.472063776294,77.63300852383995,4143100
2021-08-23,79.27085876464844,79.60221763838003,78.4282501670428,78.4282501670428,3062200
2021-08-24,79.5264892578125,79.83607781329192,79.27087157764029,79.44128577211606,3132700
2021-08-25,79.64955139160156,79.82943502069203,79.38446428962514,79.55487845847881,3835100
2021-08-26,78.95844268798828,79.71583347397915,78.95844268798828,79.59275936731484,3279800
2021-08-27,80.20813751220703,80.34068106903837,78.98683711876222,79.13831237381997,3437200
2021-08-30,80.75725555419922,80.9276697408915,79.91938520103862,80.18920344983658,2734700
2021-08-31,81.06019592285156,81.24007230911587,80.63415693594123,80.72882985867209,6091000
2021-09-01,81.4673080444336,81.75606519648687,81.18328201113847,81.19275147173687,3723200
2021-09-02,80.91818237304688,81.64717181847102,80.77616937838268,81.53356720120442,3229300
2021-09-03,80.91818237304688,81.05545702660433,80.5726229570594,80.79510107356678,2799000
2021-09-07,81.1075439453125,81.2590264284842,80.7288449604656,80.91819806443023,4117500
2021-09-08,80.69099426269531,81.19276742678144,80.42589987542168,80.96554366626118,3808500
2021-09-09,80.29336547851562,80.81407762708724,80.16556022457158,80.54899043257235,4114400
2021-09-10,79.77263641357422,80.7193802349736,79.73002745206882,80.59629891541911,5103400
2021-09-13,79.97145080566406,80.36908147242019,79.57382013890793,80.3028096946275,5291600
2021-09-14,79.28034210205078,80.27442621090138,79.14779851728186,80.17975325364982,5467600
2021-09-15,79.66849517822266,79.80860852749299,78.59393890278704,79.26139504015556,4996700
2021-09-16,79.59275817871094,79.83891361144629,79.01997494972886,79.56435701783428,3856600
2021-09-17,78.71229553222656,79.55489711384543,78.37525201034562,79.37501344257281,9970600
2021-09-20,77.13040924072266,77.80374649281902,76.16307436809319,77.68994026208624,8942900
2021-09-21,76.80797576904297,77.88910983258653,76.75107626110099,77.65201890224029,6469700
2021-09-22,76.77001953125,77.17781611026525,76.42860810530983,76.57086407202475,6815400
2021-09-23,77.55718231201172,77.93652923950918,76.97867987555226,77.11145021486026,3989400
2021-09-24,78.19259643554688,78.33959890987491,77.10198379783395,77.2063044000322,4402100
2021-09-27,78.18309783935547,78.4107030784221,77.53821029913328,77.77530120016438,3459700
2021-09-28,76.27689361572266,77.58563293301168,76.16308736556847,77.39596308486229,8982600
2021-09-29,76.21050262451172,77.09248109838029,76.10618204536509,76.64674903028839,5467100
2021-09-30,75.9734115600586,76.77003354234904,75.96392589776266,76.44759337869063,10771000
2021-10-01,77.25369262695312,77.59984329100979,76.03030279959388,76.37171425073784,7308600
2021-10-04,75.58457946777344,76.77003402175633,74.99754648237125,76.72262018086126,9449000
2021-10-05,76.71314239501953,77.12093909287775,75.78374998111829,75.85013515353981,3316100
2021-10-06,76.84590911865234,76.90280862506347,75.6130406552862,75.94496650175243,6599900
2021-10-07,77.17784881591797,77.90334659462522,77.12094929929532,77.50029629281124,4263900
2021-10-08,76.79847717285156,77.42439330216084,76.70363503726732,77.32007274136944,2732400
2021-10-11,75.64147186279297,76.77001946408204,75.61302211656269,76.47602910578374,3590000
2021-10-12,74.93971252441406,75.71642279346858,74.67417178891549,75.65098545254627,7990700
2021-10-13,75.29057312011719,75.53714964108639,74.825877059222,75.41385776288236,4690400
2021-10-14,76.35275268554688,76.47603734430552,75.83114983033764,75.99236989996966,3614600
2021-10-15,76.17255401611328,76.62777166766783,76.05874779436486,76.60880034632353,3100400
2021-10-18,76.76055908203125,76.77952317216273,75.92599440743162,76.07773607024636,2975400
2021-10-19,77.50027465820312,77.50976032013963,76.96919335680022,77.1588631828898,2460300
2021-10-20,77.6520004272461,77.87012721486185,77.38645980610639,77.68045740988758,2934600
2021-10-21,77.87960052490234,77.91753592696891,77.3485121314084,77.62353836981248,2681200
2021-10-22,76.2294692993164,77.0071272204156,75.8501296191241,76.70365113499739,3131000
2021-10-25,76.56140899658203,76.56140899658203,75.57510982478013,76.00187061963923,3225100
2021-10-26,75.87859344482422,76.97869174521061,75.51821055218433,76.88385680757347,6559500
2021-10-27,75.66992950439453,76.44758733606524,75.57034814675923,75.76476441353685,5846000
2021-10-28,75.91651153564453,76.36223636432678,75.25265265285596,75.72683446823054,3589100
2021-10-29,76.15361022949219,76.28638057253666,75.6414929482745,75.74581353715816,2845100
2021-11-01,76.27689361572266,76.87436014929008,76.06351322769436,76.41914961955517,4124600
2021-11-02,76.28636932373047,76.60407025741465,75.8453764929414,76.47603914712879,3982100
2021-11-03,76.56140899658203,76.58985875151382,75.64149499810135,75.86910027299679,2834100
2021-11-04,76.8648681640625,77.2157580447921,76.51397104789328,76.79848300537532,6281800
2021-11-05,77.4813003540039,78.09773811824385,77.39595110617859,77.53820708799392,3237500
2021-11-08,77.13987731933594,77.87012120656527,77.06401374446327,77.87012120656527,3171700
2021-11-09,76.95022583007812,77.45285740591423,76.58036458614437,77.31060141160731,3920900
2021-11-10,76.07772064208984,76.8364070959838,75.78373027430686,76.56138804992575,4074900
2021-11-11,75.92598724365234,76.36223362992286,75.88331261830241,76.08721455404104,2046900
2021-11-12,77.03558349609375,77.1019686630577,76.02083466653593,76.30533942404976,3240200
2021-11-15,77.25369262695312,77.68046055860285,77.05453715302575,77.25369262695312,2319200
2021-11-16,76.67517852783203,77.23471668958226,76.62776469966101,77.0924607341923,2383200
2021-11-17,76.38119506835938,76.83640548405819,76.28920369560936,76.66569976931136,7330300
2021-11-18,75.83114624023438,76.21997875669804,75.51818454192549,76.20100743443962,3335900
2021-11-19,75.57510375976562,76.32431193308935,75.4612975137304,76.14412051906041,6857100
2021-11-22,74.6551742553711,75.86907835132197,74.64568859465422,75.67940854961934,4517100
2021-11-23,74.45603942871094,74.85435046394332,73.92495081295995,74.51293893790381,5080500
2021-11-24,74.56034851074219,74.65992263646037,73.87752556405744,74.25687244948674,4243100
2021-11-26,73.19468688964844,73.84431349787846,73.12830174162083,73.83957428567594,4963000
2021-11-29,73.82062530517578,74.16203680847336,73.37963966742346,74.01978804496659,6518700
2021-11-30,71.47816467285156,73.5266262158107,71.39755463788306,73.5266262158107,10423700
2021-12-01,69.82798767089844,72.70153456810445,69.79005227037608,72.50237190650266,9392300
2021-12-02,71.00398254394531,71.29323371998575,69.95129841051553,70.09355439200816,7579100
2021-12-03,70.84275817871094,71.46868162907299,69.92285156249532,71.34539696556534,8986900
2021-12-06,72.00926208496094,72.1847070688713,70.96606337433688,71.24108973871402,7739200
2021-12-07,72.74899291992188,73.09989016295022,72.53087327771036,72.76796424951381,4549200
2021-12-08,73.28006744384766,73.4649980949289,72.6873400704537,72.94814156183536,9484400
2021-12-09,72.7015609741211,73.49344375462152,72.5308552274872,73.07142221925446,4065500
2021-12-10,72.73948669433594,73.28953932994636,72.1894412941657,73.1472833399864,4255400
2021-12-13,72.3601303100586,72.97656073167269,72.13726433223619,72.65412064870154,4980800
2021-12-14,72.17046356201172,72.30323387806845,71.44022682369965,71.53506173010595,7010600
2021-12-15,72.92916107177734,73.00977110818123,71.0447630930476,71.99976157567147,6693200
2021-12-16,72.82484436035156,73.67837307847607,72.59723911399847,73.09987068260503,7365300
2021-12-17,72.53084564208984,73.09511586221299,71.90492224200504,72.350654256834,9932400
2021-12-20,72.02434539794922,72.07185677840985,71.34962289267729,71.80576984678994,4487000
2021-12-21,73.39277648925781,73.48305025737616,72.20488361571262,72.36643530643732,5198200
2021-12-22,73.57335662841797,73.77292182990288,73.0791962128827,73.23124278292232,3267000
2021-12-23,74.22906494140625,74.47614873739073,73.63036942647275,73.66837562555578,2383200
2021-12-27,74.9513168334961,75.11761754212046,74.44764399365542,74.45714916996472,2667600
2021-12-28,74.91327667236328,75.59274790458424,74.80398530958107,75.03681491904275,3214700
2021-12-29,74.54264831542969,75.14134365249704,74.30791914149623,74.9512837122502,3775600
2021-12-30,74.85627746582031,75.25541510600895,74.70423090077342,74.72323400253242,4483500
2021-12-31,73.82041931152344,74.95129571292959,73.79666000260791,74.66619850658955,5689100
2022-01-03,74.33358001708984,74.60917201303673,73.93444978171388,73.99146631524697,11984800
2022-01-04,74.17205047607422,74.81826463350093,73.76341494637315,74.62819738112583,11729100
2022-01-05,72.3094253540039,74.54267018383705,72.29042225453311,74.18154604097512,19325400
2022-01-06,72.63253784179688,73.53533372060468,72.11936713951978,72.34744059042373,14641300
2022-01-07,72.64204406738281,73.1362044265413,72.36645198715667,72.63253889211312,7882800
2022-01-10,72.18588256835938,72.20489291696569,70.54184267977247,71.94830396304606,9446100
2022-01-11,73.08868408203125,73.09818200581107,71.7392321219783,72.11935933255204,6813400
2022-01-12,73.18370819091797,73.59234364063944,72.82258410724793,73.35476505941354,5666800
2022-01-13,72.42346954345703,73.5258378796639,72.29517505167057,73.36427889913394,6354100
2022-01-14,72.7560806274414,72.81310443144557,71.78201400056909,71.78676296326746,6608600
2022-01-18,71.87227630615234,72.81309279343684,71.72497873247383,72.69905245398077,5903000
2022-01-19,71.74874114990234,72.85965752660601,71.70217231958596,72.08134975814836,6647000
2022-01-20,71.03600311279297,73.01265885253098,70.95522725688416,72.16687959616375,7335300
2022-01-21,68.63172912597656,70.50859921748854,68.60322084489081,70.1142177450421,14330900
2022-01-24,69.1353759765625,69.22090079658425,66.02785092693372,67.5673556899159,18812500
2022-01-25,67.71940612792969,68.631707081269,67.11120549237015,67.98549299969655,9180300
2022-01-26,66.73109436035156,68.75526190854605,66.05637184428673,68.75526190854605,12982900
2022-01-27,66.80709075927734,68.18504344088066,66.69305044584569,67.20622098080524,9541500
2022-01-28,68.71723175048828,68.73624209861593,66.71206779210604,66.968656739565,6249500
2022-01-31,70.2757339477539,70.32325255907132,68.25156726123714,68.70772127878908,6105900
2022-02-01,70.88397216796875,70.97900944114565,69.73409221572295,70.32328995792018,6284100
2022-02-02,72.29991912841797,72.76557114039221,71.5206616337511,72.76557114039221,5357300
2022-02-03,67.46281433105469,68.88828586988717,67.32977090078951,68.13753665606328,9281100
2022-02-04,67.63387298583984,68.1898060305778,66.50300379882155,67.206234413064,6675800
2022-02-07,66.45549774169922,67.85246131064548,66.28918979289143,67.80494268232191,4843500
2022-02-08,66.42697143554688,66.65979380029657,65.9138008402984,66.19889803221069,6073900
2022-02-09,68.29910278320312,68.31810588224191,67.13021280840918,67.19673453053086,6325600
2022-02-10,67.32027435302734,68.52242884177521,67.01617400912417,67.35828780230575,6571600
2022-02-11,65.86628723144531,67.65288290262774,65.6287086369007,67.282260875164,7358900
2022-02-14,65.87578582763672,66.29392643238747,65.36261524462151,65.79026102229548,5342600
2022-02-15,66.79759979248047,66.83561323837499,66.23691052844059,66.57902429116783,4291900
2022-02-16,66.33196258544922,66.47450397648998,65.52418936781778,65.91382183752943,4556400
2022-02-17,64.56436920166016,65.91381404638967,64.5215995390783,65.78077059692757,7516700
2022-02-18,64.06070709228516,65.1773223347955,63.870639832693776,64.75443265140102,7513300
2022-02-22,63.40497589111328,64.4265609381646,62.95832697741049,63.72807929657804,8859500
2022-02-23,62.340633392333984,63.975175587887854,62.29312201475257,63.82312902917278,6548700
2022-02-24,64.08921813964844,64.22226160195245,60.84864191416853,60.886655367730384,10993400
2022-02-25,65.12503814697266,65.21531916597903,63.79459667020689,64.2222424575545,7187100
2022-02-28,65.04903411865234,65.44817177715214,64.26027847878139,64.33629813962989,8388800
2022-03-01,64.23175811767578,65.17257475944909,63.87064119225229,64.75443402977207,6151100
2022-03-02,64.78292846679688,65.03951740530934,64.0131761519059,64.41230644478838,7782500
2022-03-03,64.10821533203125,65.3626301826458,63.84212843195002,65.24859708279628,6528200
2022-03-04,63.1864128112793,64.0321921862664,62.901322794615766,63.756600094931045,6324800
2022-03-07,61.08620834350586,63.091372303315595,61.04819489754697,63.091372303315595,7726800
2022-03-08,60.93416213989258,62.54018855099077,60.52077406946547,61.00068385809992,10154000
2022-03-09,62.75877380371094,62.963087951973336,62.13156272003871,62.369141357734314,6776000
2022-03-10,62.29312515258789,62.48318517313662,61.623151617117315,61.9129978611654,5783600
2022-03-11,61.171749114990234,62.76827782085201,61.09572221225289,62.69225091811467,4982600
2022-03-14,60.45900344848633,61.81795700815739,60.3354651818305,61.16223772672344,6998900
2022-03-15,61.61838912963867,61.72292430539376,60.582549797569236,60.91515842482436,6259300
2022-03-16,63.31945037841797,63.338460727955116,61.637396960580546,62.15056764322349,6621600
2022-03-17,64.00367736816406,64.00367736816406,62.882306016450876,63.11038670686043,5120700
2022-03-18,64.8399658203125,64.9159854751018,63.566540535788846,63.76610572396966,8622200
2022-03-21,64.2330551147461,64.70942011666872,63.5851984213812,64.57603849763063,6153900
2022-03-22,65.43350219726562,65.7860149436822,64.2902290085554,64.32833181525923,4462400
2022-03-23,64.53794860839844,65.37158762246979,64.53318757364138,64.95715226719032,5143200
2022-03-24,65.595458984375,65.61451765485873,64.71894912970252,64.94760229423599,4300700
2022-03-25,65.90988159179688,66.10995407995706,65.17628246854288,65.76697059489526,3854400
2022-03-28,66.1194839477539,66.12901328595842,65.16675365245128,65.833661951661,2914400
2022-03-29,67.27228546142578,67.46282860938307,66.51962767011071,66.67206800348067,6935100
2022-03-30,66.79591369628906,67.27227878767965,66.54820181351471,67.00551549950163,4664600
2022-03-31,65.52877807617188,66.78638157425142,65.51258329194091,66.78638157425142,4784900
2022-04-01,66.01466369628906,66.05277376918833,65.48113721320563,65.84317200261894,4019000
2022-04-04,67.83439636230469,67.90585549806976,66.42435954910957,66.42435954910957,5201400
2022-04-05,66.96739959716797,68.18689296209301,66.80543722467876,67.8629682171146,3991300
2022-04-06,65.71932220458984,66.40528173647921,65.29058931981136,66.23379003631851,5010900
2022-04-07,65.14769744873047,65.76697361793293,64.22355513296544,65.61454054465166,4387200
2022-04-08,64.86186981201172,65.42397710679104,64.50935704271942,65.01430285497992,3827900
2022-04-11,64.02347564697266,65.03623136645214,63.93773340576846,64.43314998204467,5360900
2022-04-12,63.49946975708008,64.96667514826727,63.180306009951565,64.71896325916953,8250300
2022-04-13,64.43313598632812,64.69037719157579,63.30891414372769,63.404192971599585,6185900
2022-04-14,63.3375129699707,64.63321947900853,63.29940288606441,64.63321947900853,4718700
2022-04-18,63.12789535522461,63.601403761677815,62.57531017991206,63.29938705553701,6386400
2022-04-19,64.38550567626953,64.55699739507116,62.82302880218981,62.95641044250728,4526200
2022-04-20,61.59400177001953,63.24222075515773,61.29865049937769,63.22316935161007,9530500
2022-04-21,59.840980529785156,62.16564072913494,59.66948881633393,61.77501788842504,8232100
2022-04-22,58.42141342163086,59.99341964748591,58.31661252199024,59.8505086689983,9702000
2022-04-25,59.221702575683594,59.25028331554065,57.94504410266665,58.30708255648913,13360400
2022-04-26,57.278133392333984,58.8215587925873,57.249552651936426,58.8215587925873,9913000
2022-04-27,56.00146484375,57.087576396439914,55.66801081770531,56.45877477991542,17372400
2022-04-28,58.24039077758789,58.603381432153434,56.525477361359506,57.94504314456659,11269800
2022-04-29,56.268245697021484,58.57385098639314,56.18249983551063,57.86883268897256,9692600
2022-05-02,57.82119369506836,57.868833111882594,56.26824610823431,56.38257271295855,11094700
2022-05-03,57.97361755371094,58.4976219477216,57.24001867084888,57.66874425231006,8362100
2022-05-04,59.96482467651367,60.10773562975162,57.168564462545625,57.71638493745574,9761100
2022-05-05,57.75449752807617,59.4789403139794,57.16380588489116,59.250283491314,9109600
2022-05-06,56.56359100341797,57.46868542104619,56.134861686185936,57.30672303141258,9318600
2022-05-09,55.09638595581055,56.2777692987718,54.87725482450319,55.78234918791231,11949000
2022-05-10,55.34409713745117,56.36351815469757,54.83915129742555,55.972898920373034,9633000
2022-05-11,54.343727111816406,56.25871306075377,54.257981255334016,55.13449122437444,15059700
2022-05-12,54.934417724609375,55.62038456340584,53.61964916170845,53.8959417644878,16809300
2022-05-13,56.22060012817383,56.515947759807624,55.03921687039228,55.10590768489397,5895400
2022-05-16,55.85857391357422,56.51595645814403,55.72519226404214,55.89668036031383,6900800
2022-05-17,57.078060150146484,57.11617022639996,56.28729605695983,56.706495992617356,10530000
2022-05-18,55.21072006225586,56.69697696253883,55.048754025925426,56.430213649027024,9766400
2022-05-19,55.134490966796875,55.78234773844227,54.92489281200123,54.99158362957853,8299200
2022-05-20,55.27741622924805,56.025309420612004,53.962647307545886,55.810946542176815,8785200
2022-05-23,56.10627365112305,56.19201950342521,54.962996831886535,55.715654464941395,9217000
2022-05-24,54.11506652832031,54.334194005376354,53.048009881758844,54.21986741612467,8468800
2022-05-25,54.83914566040039,55.08685388635319,53.87688622772846,53.934051341891525,5346200
2022-05-26,56.17296600341797,56.34445771271663,54.95347263451804,54.972527672704224,4975200
2022-05-27,57.373409271240234,57.39246430985908,56.30634891484701,56.439734185178914,5187100
2022-05-31,57.33530044555664,57.91646641579795,56.763663812021264,57.25908028941748,7167800
2022-06-01,56.677913665771484,58.107008775873496,56.458782550637586,57.783080405541966,6233000
2022-06-02,58.05937194824219,58.121301731770195,56.46831439936354,56.611221736106785,7218600
2022-06-03,56.801761627197266,57.630639344602436,56.63979927157019,57.468673354598835,4498500
2022-06-06,57.087589263916016,57.67351990960698,56.692209010880866,57.430572701942225,4689100
2022-06-07,57.49726104736328,57.5544261626995,56.411149296613885,56.544530931354764,3251500
2022-06-08,57.34482955932617,58.15083994999961,57.23526762132965,57.287668073198354,3947500
2022-06-09,55.582279205322266,57.4210487553405,55.534643422890255,57.0399552271299,4422200
2022-06-10,54.029319763183594,54.90583329094695,53.92928354498468,54.74863196190151,6654000
2022-06-13,51.47601318359375,52.96227365133825,51.33310582966551,52.705036053014545,7046500
2022-06-14,51.33310317993164,51.98572102804269,50.90437387152246,51.799938933461576,4388400
2022-06-15,52.48590087890625,53.1718677076927,51.55222582548963,51.89520923988285,7353100
2022-06-16,50.570919036865234,51.60939143046822,50.24222596606752,51.34262814656119,6917900
2022-06-17,51.294986724853516,51.70466094259429,50.370837400967105,50.76145658132729,11930100
2022-06-21,51.65790557861328,52.41238501263445,51.53852605967982,52.02082033625966,4110000
2022-06-22,51.74386978149414,52.5078981335538,51.30932649312531,51.40960851596008,6472000
2022-06-23,52.383731842041016,52.51743996451128,51.5337502437932,52.011268323094114,6001300
2022-06-24,54.379756927490234,54.379756927490234,52.784848309877425,52.79439706835603,8894500
2022-06-27,53.864036560058594,54.542111304898725,53.61572513820189,54.49436022936429,3790200
2022-06-28,52.29777908325195,54.43706170774584,52.27390536489849,54.03594826493853,4805000
2022-06-29,52.46013259887695,52.68933921979173,51.89666116129894,52.44103143993846,3939100
2022-06-30,51.829811096191406,52.60816422885549,51.084884082275494,51.91576449342583,4901600
2022-07-01,52.3550910949707,52.421943346330494,51.290227631757965,51.64836625397448,4400400
2022-07-05,53.56798553466797,53.596635457489526,51.19949597782903,51.69611528472379,4237400
2022-07-06,53.57752990722656,54.00252072909173,52.99686990275748,53.56798114812607,4234900
2022-07-07,54.417964935302734,54.637622835006205,53.5966331796968,53.73989007406497,3297100
2022-07-08,54.16010665893555,54.56122379168603,53.644386192473895,53.91179882869899,2566900
2022-07-11,52.51743698120117,53.55842648066958,52.42193118486201,53.50112300286609,3350600
2022-07-12,52.48878479003906,53.1764119689254,52.28822807725512,52.70844266258915,4103500
2022-07-13,52.25002670288086,52.632042618766654,51.617793968831904,51.686555230694886,4924000
2022-07-14,51.59104919433594,51.829808213019554,51.008476605840166,51.60059795208694,4174000
2022-07-15,52.918548583984375,52.93764974259805,51.915761437394444,52.12587053897131,4048200
2022-07-18,52.65114212036133,53.71123279253635,52.50788524562332,53.29101456966414,3790900
2022-07-19,54.52301788330078,54.58509392598727,53.25281796342689,53.36742493278142,3235800
2022-07-20,55.42074203491211,55.712028328024125,54.43801055904105,54.78086961605848,5639600
2022-07-21,55.392093658447266,55.392093658447266,54.21739969562999,54.94322552677878,6391000
2022-07-22,53.47248077392578,54.79042816434071,53.11911474142365,54.17920555258176,3765800
2022-07-25,53.291015625,53.87358825048338,52.91855211511358,53.52977465884245,2894300
2022-07-26,52.22137451171875,52.97585390901402,52.06856888064902,52.97585390901402,4278000
2022-07-27,54.42750930786133,54.72356816922035,52.98540274699018,53.10000605967195,4802200
2022-07-28,53.806732177734375,53.8162809354111,52.75619396096741,53.42471629354267,4808900
2022-07-29,53.835384368896484,53.9499913249011,53.02360513465206,53.348317556984554,5981000
2022-08-01,53.758975982666016,54.31289495449449,53.080901313824576,53.43426360498273,3758200
2022-08-02,53.673030853271484,54.31767950780632,53.367419585296844,53.42471942105853,4688400
2022-08-03,54.96232604980469,55.13423283682971,53.78763210058273,53.88313425196394,4331600
2022-08-04,55.20108413696289,55.47804547172285,54.694916185498705,54.81907189473136,3261800
2022-08-05,54.52301788330078,54.85727910264968,54.03117481346997,54.14100193846715,3421900
2022-08-08,54.838172912597656,55.926917162586776,54.7617719165411,54.8477253140883,3962700
2022-08-09,54.3033561706543,54.69492084713937,54.03594721398365,54.69492084713937,2718100
2022-08-10,55.831417083740234,56.1083784645654,55.37300013091276,55.564008105384396,3338800
2022-08-11,55.88871383666992,57.063407819881625,55.7836592812067,56.499936366811916,3001700
2022-08-12,56.88195037841797,56.89149913624547,56.19432323328494,56.49038573036689,2779000
2022-08-15,57.0825080871582,57.216212558140285,56.51903664289542,56.61453879554731,2623700
2022-08-16,57.19710922241211,57.5313740303209,56.53813565057385,56.80554458236211,2471200
2022-08-17,56.08927917480469,56.69095303936054,55.97467584356641,56.47129513649791,4400800
2022-08-18,56.003318786621094,56.23252906370839,55.478049637131,55.9937700281971,2416900
2022-08-19,55.09602737426758,55.57354539026524,54.842943408696556,55.49714440215575,3337800
2022-08-22,53.520225524902344,54.37975585479909,53.400846008818874,54.37975585479909,3312500
2022-08-23,53.06181335449219,53.74943695112455,52.97585994951639,53.36742465147858,5294800
2022-08-24,53.3769645690918,53.76852920619398,52.81349315051319,52.8994465412514,4279000
2022-08-25,54.417964935302734,54.446614856906706,53.529780933838104,53.5870844202202,2492100
2022-08-26,52.67979049682617,54.65193870806963,52.66068933787502,54.26515025803611,5293800
2022-08-29,52.26913070678711,52.89945445207091,52.22233413707829,52.30733302908891,3620800
2022-08-30,51.810707092285156,52.689338532960996,51.46689352222121,52.46968067279203,3754600
2022-08-31,51.93486785888672,53.04270966852949,51.925315457025135,52.81349938511167,5491400
2022-09-01,52.41238784790039,52.46013892942213,51.44779924256097,51.801165260804595,6217300
2022-09-02,51.41913986206055,52.77528927227483,51.218583170663784,52.73709059998973,5575700
2022-09-06,50.77927017211914,51.45734860509894,50.43546021956767,51.39049636628279,9950000
2022-09-07,51.80115509033203,51.89665723462492,50.721963372590686,50.73151212975066,7466700
2022-09-08,51.677001953125,51.92530972651486,51.046678297256236,51.304538471453476,11092400
2022-09-09,53.11910629272461,53.18118597019051,52.059015650176015,52.059015650176015,9515600
2022-09-12,53.39607238769531,53.70645987314215,52.966305380397685,53.21461682602471,4837200
2022-09-13,50.464111328125,51.98261898293622,50.32085444547015,51.86801566271666,7053200
2022-09-14,50.55006790161133,50.66467122902341,49.83379072973115,50.616920146199554,7515200
2022-09-15,50.33040237426758,51.15173398972267,50.13461822825102,50.3399511321148,6948600
2022-09-16,49.795589447021484,49.9951916733461,49.37537480894453,49.93884634166149,10953500
2022-09-19,50.08269500732422,50.08269500732422,49.350544790961436,49.498890813677335,7144500
2022-09-20,49.3074836730957,49.88171532495412,49.15435498920841,49.55631641533414,5358400
2022-09-21,48.10158920288086,49.79557722022192,48.082451313061135,49.43189889963784,6596000
2022-09-22,47.929325103759766,48.35042806809044,47.71877179615654,47.91018356207986,6186200
2022-09-23,47.00098419189453,47.565646938796505,46.431535146468725,47.50822230913872,7014300
2022-09-26,46.235328674316406,47.24980464455827,46.12047944491629,46.79041867958316,6194000
2022-09-27,45.98650360107422,47.02969395982647,45.74723979081798,46.713867628743756,6616900
2022-09-28,47.55607604980469,47.737918891480824,46.101351570776565,46.12049311468333,7825400
2022-09-29,46.398040771484375,47.048838671279746,45.976937751389364,47.048838671279746,6384600
2022-09-30,45.833377838134766,47.11583208911549,45.804667347349216,46.398040612466794,6277400
2022-10-03,47.1158332824707,47.35509711408037,46.22577153681263,46.35975869837383,5783700
2022-10-04,48.56098556518555,48.58012345764077,47.71877591298865,47.72834485921625,8840100
2022-10-05,48.18772888183594,48.40785479527613,47.15411114236568,47.80490898424085,5179800
2022-10-06,47.929325103759766,48.57055032109573,47.75705487951636,48.00588761960363,6508700
2022-10-07,46.63730239868164,47.479512050033705,46.417180126906594,47.316810757318876,4890300
2022-10-10,46.51288604736328,47.02012783817081,46.10613827567066,46.79043296014224,4931000
2022-10-11,45.6419563293457,46.46981059586441,45.39312361014165,46.21619157892312,7811700
2022-10-12,45.58454513549805,45.94344087436997,45.37399180041278,45.670680258862355,5351800
2022-10-13,46.68515396118164,46.87177944299932,44.47722825718402,44.646628905807596,10305300
2022-10-14,45.919517517089844,47.249823934986296,45.82381343772562,47.05841212538123,8173300
2022-10-17,47.182823181152344,47.4890805696426,46.66601246899651,46.70429555527681,6105200
2022-10-18,47.536930084228516,48.321718707903486,47.11582711007744,48.20686945514567,5524000
2022-10-19,47.57521438598633,48.25950901829114,47.29766749436598,47.642207959704905,11117400
2022-10-20,47.690059661865234,48.62318696855709,47.54649992966234,47.690059661865234,6788900
2022-10-21,47.9963264465332,48.04417848304405,46.76172418982087,46.924421844133036,7086500
2022-10-24,48.331295013427734,48.589700395169054,47.55607886820378,48.130314266809954,6334600
2022-10-25,49.61374282836914,49.71901948687381,48.551410948368826,48.56098354507431,4684400
2022-10-26,48.044166564941406,49.183060815235244,47.96760040481637,48.40784852378437,5786000
2022-10-27,45.76638412475586,46.91485121419901,45.73767363405455,46.321477950822604,6867800
2022-10-28,46.92441177368164,46.962694855024935,45.88122153776821,45.98649818602447,8235200
2022-10-31,46.13963317871094,46.76172055766122,45.87165887436366,46.579877721817496,7609400
2022-11-01,45.84294509887695,47.039264087356244,45.81423096055789,46.74257566389809,4956900
2022-11-02,44.55091857910156,46.24490671167325,44.531777037104185,45.78552065636369,10548700
2022-11-03,43.459877014160156,44.16809947715301,43.41202498375375,44.072391765464296,11167500
2022-11-04,43.756568908691406,44.168102974348045,42.93350077737813,43.95754964283734,6621200
2022-11-07,44.54135513305664,44.57006562415967,43.92405401820748,44.244666671778944,7202200
2022-11-08,44.589202880859375,45.0868720337554,43.9766881237184,44.43607419157413,8273000
2022-11-09,43.98625946044922,44.69448196868694,43.92883848064355,44.41693506337242,7028600
2022-11-10,46.646873474121094,46.71386704809003,45.316563638896305,45.75681181896127,8306200
2022-11-11,47.87189865112305,48.06331040973887,46.6085861554845,46.62772769643365,9255300
2022-11-14,47.680484771728516,48.38870715184337,47.47950407701535,47.527356101821994,5432300
2022-11-15,48.38871765136719,49.001232463898525,47.70920560851874,48.610752993103105,8965500
2022-11-16,47.91019058227539,48.25472743037081,47.70442354266041,48.11117132305013,5374000
2022-11-17,47.54650115966797,47.828830682528235,46.80956824032193,46.99140740839079,7109400
2022-11-18,47.4029541015625,48.04227007630948,47.14454869832793,47.93890645466496,4049300
2022-11-21,47.010555267333984,47.718777795020195,46.82871607482899,47.527366005033954,3202100
2022-11-22,47.70920181274414,47.757057495002684,46.742577635662656,47.096687048944865,5479200
2022-11-23,48.3121452331543,48.41742188749725,47.632636928964445,47.632636928964445,4605800
2022-11-25,48.044166564941406,48.28343033901893,47.98674194484764,48.02502502491015,1895800
2022-11-28,47.278533935546875,48.04896375479376,47.16368466932438,47.76663053892548,3680300
2022-11-29,47.29766845703125,47.42208666113062,46.86699651746794,47.307241053972135,3823100
2022-11-30,49.29792022705078,49.31227912425687,47.04884158045951,47.19240134550852,10313800
2022-12-01,49.58502960205078,49.948707937507095,49.2069923723291,49.393617838145715,6604300
2022-12-02,49.70945358276367,49.838658099551466,48.77153977752773,48.77153977752773,4402200
2022-12-05,48.924659729003906,49.85300442092875,48.77631734453682,49.31705220636504,4033200
2022-12-06,47.51778793334961,48.828952419020055,47.3483873086991,48.76195885302142,5811000
2022-12-07,47.278533935546875,47.66135387032634,46.991414420866924,47.38380695326973,4700900
2022-12-08,47.182823181152344,47.62306772074758,47.02969448690721,47.4986531666507,5180800
2022-12-09,47.31680679321289,47.83361746671404,46.93398691167098,47.17325070671309,6325000
2022-12-12,47.690059661865234,47.69962860693679,46.98183724767362,47.31680508831284,5129600
2022-12-13,48.49398422241211,49.83386293487936,48.13987482802642,49.43190151166465,9909700
2022-12-14,47.862327575683594,48.656685121367644,47.34552055714146,47.852758630342855,10321600
2022-12-15,45.99606704711914,47.18281326539796,45.78551376770262,47.000974120095236,9817300
2022-12-16,45.98650360107422,46.40761024368585,45.718529301867555,46.082211315702324,8563500
2022-12-19,44.91004943847656,45.85027218148699,44.785324930362336,45.75432884452833,5688200
2022-12-20,45.21705627441406,45.312995941912774,44.58863937474721,44.73735061719305,5743800
2022-12-21,45.811893463134766,46.032557641679276,45.217059431412,45.38015760951986,5863300
2022-12-22,45.41853332519531,45.44731449445637,44.593438980982356,45.34177866068069,4384300
2022-12-23,45.859859466552734,45.87904813176086,45.14989715317034,45.236244316675084,3845500
2022-12-27,45.44731140136719,45.81188871327126,45.14989624627436,45.71594904902136,3905700
2022-12-28,44.785316467285156,45.691959785997774,44.775720305470635,45.28421074560197,6047800
2022-12-29,46.02296447753906,46.200453238242225,45.11152294629458,45.19787011577803,3466900
2022-12-30,46.04215621948242,46.05174872345958,45.303408977859895,45.456914660543525,4828600
2023-01-03,46.636985778808594,47.05912545045781,46.19565744119389,46.608204609792274,8577900
2023-01-04,47.51005172729492,47.80747057108412,46.81927436616592,47.279791386963936,5837200
2023-01-05,47.57720947265625,47.88901889652326,47.059126460064654,47.423703801502874,5407700
2023-01-06,48.354331970214844,48.48385088801659,47.34694715677658,48.01853581244751,4578400
2023-01-09,48.43108367919922,49.025917681247925,48.38311384449371,48.565400680320174,6430100
2023-01-10,49.16023635864258,49.16503078001502,47.9916711763137,48.03772324053468,8684900
2023-01-11,49.51521682739258,49.52480932986829,49.00673001931696,49.26576784466083,4098400
2023-01-12,50.06208038330078,50.22517854253767,49.0738879459246,49.64953324423113,4193700
2023-01-13,50.225181579589844,50.3019362425992,49.65433432787881,49.7454759153727,3712300
2023-01-17,49.75507736206055,50.15802840606086,49.44806599714674,50.10046606255462,3529900
2023-01-18,49.15065002441406,50.052495504360095,49.00769938179405,49.89898981288281,5930300
2023-01-19,49.40009307861328,49.65433650622388,48.73809689063891,48.90119872675721,7387400
2023-01-20,50.94473648071289,50.998463277082394,49.66872140707364,49.803038397997405,4874200
2023-01-23,51.836997985839844,51.956924413650775,50.86799405946775,50.99271856915307,6279000
2023-01-24,51.693077087402344,52.431824159255456,51.245029299527125,51.40525445599728,8867000
2023-01-25,51.875362396240234,51.990490713492285,51.14621150715963,51.32849831446397,4976800
2023-01-26,52.6812744140625,52.690866916736596,51.91374610490674,52.2399460937809,4303600
2023-01-27,53.04585266113281,53.3394322902679,52.575739504879316,52.575739504879316,3764100
2023-01-30,52.21116638183594,52.87796066872537,52.18238521112993,52.51818139544415,3857100
2023-01-31,52.84437942504883,52.85877000985958,52.220760577581046,52.220760577581046,4265500
2023-02-01,53.467994689941406,53.72223811493591,52.096036151420215,52.4702059964962,7523200
2023-02-02,56.97943878173828,57.36320478090735,55.765784024672016,56.07759344151391,9444700
2023-02-03,55.83773422241211,57.017809594108925,55.655443746711505,55.66503990851859,7829200
2023-02-06,55.16615676879883,55.626673812206846,54.849549242782246,55.185345436423844,5708300
2023-02-07,56.192718505859375,56.38460149427276,54.935888408622134,55.06061290007037,7167000
2023-02-08,54.427398681640625,55.46356456759223,54.13957604438631,55.29087025326696,6530400
2023-02-09,53.23773956298828,55.12777750979557,53.04105847159339,55.10858884284017,6056300
2023-02-10,52.729248046875,53.314489568486664,52.58533853721136,53.093825392444614,4483300
2023-02-13,53.47758865356445,53.659875487039926,52.80599999675753,52.988286830233,2956300
2023-02-14,53.49677658081055,53.66947092084513,52.73884437717427,53.20895390070756,5887900
2023-02-15,53.98607635498047,54.01485752392489,53.06504235012111,53.11301218498307,4233800
2023-02-16,53.160980224609375,53.83256886958884,52.921127398535546,53.036255730289156,5267600
2023-02-17,53.10342025756836,53.14659567429242,52.503788124308265,52.758035223096385,4245100
2023-02-21,51.93293762207031,52.8443791404359,51.91374895580469,52.56614896938024,4176400
2023-02-22,52.038475036621094,52.25913921557983,51.755446775439594,51.87537319834308,4410600
2023-02-23,51.79861831665039,52.14400331449438,51.21337683107499,52.0864409781189,5151100
2023-02-24,51.07905960083008,51.203780435652405,50.70009169533833,51.00230493952677,4842300
2023-02-27,51.24215316772461,51.71226627635916,51.08864751875762,51.45322480750298,3659200
2023-02-28,51.32850646972656,51.784225390325346,51.19418946828119,51.19418946828119,5728600
2023-03-01,50.93515396118164,51.44364085786907,50.85839928854583,51.232572827849054,7092300
2023-03-02,51.41486740112305,51.5252013446282,50.59936901124326,50.61855402241697,4649200
2023-03-03,52.5373649597168,52.599729041019,51.750647929871754,51.87537243261224,5373300
2023-03-06,52.5373649597168,53.26172156812357,52.527772456366264,52.85397246824328,5626400
2023-03-07,52.00009536743164,52.921129375596436,51.84658969940417,52.777216210630264,5464500
2023-03-08,52.028865814208984,52.24952993778183,51.654696054243594,51.96170732702869,4289400
2023-03-09,50.85839080810547,52.44142089854469,50.68090206199313,52.09603224900424,6195400
2023-03-10,50.13883590698242,51.00710567378356,49.86060939494619,50.74326608666037,13124300
2023-03-13,50.13883590698242,50.8200207519558,49.284960384822085,49.745477397003036,15248700
2023-03-14,51.55876541137695,51.65470507843452,50.89676926514317,51.01189759758498,10217800
2023-03-15,52.11522674560547,52.18238525054623,50.84880399548809,51.11743801525117,12706500
2023-03-16,53.28571319580078,53.35287170499616,51.83699984632497,51.980913028808935,11404200
2023-03-17,52.7772216796875,53.42002924732004,52.58534231966746,53.11301787945095,12329700
2023-03-20,53.17165756225586,53.30634183118399,52.632916816672235,52.82532448794289,7192200
2023-03-21,54.306861877441406,54.41268628615813,53.53723481841701,53.75850236851957,5008700
2023-03-22,53.35444259643555,54.961042424114545,53.32558273032699,54.239516412432195,6751500
2023-03-23,54.220279693603516,54.81674021760062,53.78255211600027,53.91242886380686,7071100
2023-03-24,54.499267578125,54.5714172451983,53.85470241659132,54.22989536485711,5494600
2023-03-27,54.19141387939453,54.71090980400895,53.979765080929155,54.499264675414544,3758300
2023-03-28,53.748870849609375,54.085585153858794,53.469883611068695,54.085585153858794,4113000
2023-03-29,54.460777282714844,54.51849700786679,54.018242263820376,54.24912850416939,4815700
2023-03-30,54.72052764892578,54.79748850658652,54.45115547243657,54.58584339561651,6365100
2023-03-31,55.76914596557617,55.81724696076472,54.81673011341189,54.83597124546145,9690900
2023-04-03,56.00002670288086,56.02889023305184,55.30736436657293,55.36508408717423,8983800
2023-04-04,56.17319869995117,56.33674648735247,55.769145936731526,56.03851444554462,9755200
2023-04-05,55.99040985107422,56.25977834257114,55.59597584429496,56.20205495016303,12242800
2023-04-06,56.69269943237305,56.86105475387636,55.56711703884804,55.90383135172544,10713900
2023-04-10,56.567626953125,56.582056883212864,55.98078533041632,56.269398611654914,4791100
2023-04-11,56.42332458496094,56.82737731121763,56.351171263880715,56.67345193885265,17443800
2023-04-12,55.836490631103516,56.91396838576529,55.77876723233078,56.78890285669312,5886200
2023-04-13,57.00055694580078,57.02460928165888,56.25978977379992,56.32713191035717,5416200
2023-04-14,56.9813117980957,57.17371946179632,56.43295234196507,56.65421987076594,4906200
2023-04-17,56.654212951660156,56.70231394424306,56.18281808652899,56.35598459572385,6479100
2023-04-18,56.3656120300293,56.952453771821624,56.25113040224825,56.88511163783277,4380300
2023-04-19,55.942317962646484,56.17801543106197,55.62484475754432,55.74221457357957,4409400
2023-04-20,55.36508560180664,55.894203851058954,55.22078262648534,55.35546687140006,4414100
2023-04-21,55.49977111816406,55.571924442412886,55.03799498079029,55.22078389153672,7125300
2023-04-24,55.442054748535156,55.74990552540725,55.066861843589216,55.51901560781781,4876000
2023-04-25,54.57621765136719,55.278502407650784,54.56659892095034,55.1823004240006,5345900
2023-04-26,53.99900817871094,54.94180173455167,53.936473575141754,54.59546865896301,6964600
2023-04-27,57.13523483276367,57.30840135594737,55.894209306570765,56.02889723450203,9597400
2023-04-28,57.62586975097656,57.63548848152286,56.827379330425146,56.87548032289765,7480600
2023-05-01,57.61625289916992,57.8567615545646,57.20738891897314,57.53929203777646,7220800
2023-05-02,56.548397064208984,57.5296728738235,56.26940979735343,57.43347087420035,10152100
2023-05-03,56.327125549316406,57.18333576302741,56.235734757093056,56.6830773266171,8671300
2023-05-04,55.422813415527344,56.01927383482304,55.39395355213471,56.00003270260438,7134000
2023-05-05,56.115478515625,56.226110436611265,55.249645930264116,55.55749670064339,4970900
2023-05-08,56.68308639526367,56.76966967060761,55.990423862383516,56.03852486649207,3997000
2023-05-09,56.327125549316406,56.76966058810871,56.279024552903465,56.538774337378285,7635100
2023-05-10,56.827388763427734,56.99574409996271,56.00003834403175,56.84662989758475,6380700
2023-05-11,57.39498519897461,57.736507048193666,56.817765895762,57.06789328185524,7617800
2023-05-12,57.44308090209961,57.6066286805225,57.07269922281475,57.50080429504954,4019800
2023-05-15,57.71246337890625,57.85195518118833,57.31321809686817,57.44309116687503,3557900
2023-05-16,57.64510726928711,57.86156724043396,57.343990725663176,57.423839767797574,3775800
2023-05-17,58.34740447998047,58.597531880622675,57.606637340185145,57.74132160744411,5544900
2023-05-18,59.396018981933594,59.44892750968864,58.385879696254776,58.385879696254776,6547900
2023-05-19,59.07854461669922,59.80968929767756,58.84765469804404,59.434496390999804,5739500
2023-05-22,59.61729049682617,60.05982557036299,59.13627315518935,59.16513302132881,4924900
2023-05-23,58.876522064208984,59.747162259194425,58.876522064208984,59.28057486081958,4214600
2023-05-24,58.60714340209961,58.88132677369207,58.27043277537823,58.559042408263785,6112700
2023-05-25,58.60714340209961,59.20360746924976,58.44359928908368,59.15550647541393,5962500
2023-05-26,59.80007553100586,59.838557798954966,58.43398804765212,58.70335658355375,8314700
2023-05-30,59.896278381347656,60.33881712930293,59.55956770669039,60.281093726559774,6807700
2023-05-31,59.87703323364258,60.02133621717705,59.43449454247319,59.64614332216853,7566500
2023-06-01,60.685142517089844,60.786155706688454,59.91551192417935,60.050196176977494,10175700
2023-06-02,60.762107849121094,60.968945443970426,60.2522306631594,60.435015924007516,8956400
2023-06-05,60.91603088378906,61.4547715836433,60.53121557391164,60.53121557391164,7260600
2023-06-06,61.166160583496094,61.54135348390036,60.75248541898096,60.87754727253525,4420100
2023-06-07,60.483116149902344,61.82034736805877,60.36767302188648,61.281606654199976,5343100
2023-06-08,60.79096603393555,60.99299609229783,60.156984840637335,60.24260659667538,4159300
2023-06-09,60.81020736694336,61.20945261447079,60.63223331120211,60.77172510142656,8008400
2023-06-12,61.53173828125,61.57984295195148,60.90641793071313,61.03147979889783,4675100
2023-06-13,61.73375701904297,62.262878972070865,61.48362964386942,62.02237032792024,5138400
2023-06-14,61.83958053588867,62.253255691572384,61.16615927767855,61.67603642171496,5512800
2023-06-15,62.82086181640625,63.032503261340615,61.51249051375907,61.74338043066639,6185600
2023-06-16,62.301361083984375,63.11908900415421,62.214774155635794,63.09022914128513,7422300
2023-06-20,61.99781799316406,62.20017980175516,61.5160232424948,61.940004534515495,5617500
2023-06-21,61.38112258911133,61.78583519408564,61.23658158537113,61.73765240895196,5208100
2023-06-22,61.862918853759766,61.872556881351706,60.9667771067261,61.198038307305595,4281500
2023-06-23,61.7280158996582,61.94000839680255,61.23658309135056,61.34257933992273,6838400
2023-06-26,61.1113166809082,62.0074621366608,61.005324104320486,61.63165991505435,4905500
2023-06-27,62.142372131347656,62.40254745360096,61.13059595692628,61.169140721395735,6508500
2023-06-28,62.42179870605469,62.57597772082205,61.935184975057815,61.96890703975063,3975800
2023-06-29,62.084556579589844,62.41217603910626,61.925562188355634,62.17127678299294,3652600
2023-06-30,62.71088790893555,62.948897930786444,62.55670887640251,62.55670887640251,5248600
2023-07-03,62.922882080078125,62.93251275612247,62.460352321810966,62.5085351086771,2809000
2023-07-05,63.40468978881836,63.626312996736715,62.68199199039716,62.749443490849984,6774700
2023-07-06,62.90361022949219,63.072242643134885,62.513354625437394,62.94215499122942,5245600
2023-07-07,62.68198776245117,63.366140749943824,62.60489823808707,62.68198776245117,5070500
2023-07-10,62.518165588378906,63.105960298326465,62.17609279835139,62.79760957767046,4535300
2023-07-11,63.6070442199707,63.75158524982784,62.44109265533754,62.547088920455295,6782400
2023-07-12,64.3779067993164,64.56099256359542,63.94429113321037,64.13700757333284,6097200
2023-07-13,65.32223510742188,65.44750005854156,64.79225386872132,64.93679487488156,5963200
2023-07-14,64.70553588867188,65.37041277708737,64.58604933898184,65.13915157031943,6236300
2023-07-17,64.47428894042969,64.88381331884976,64.23338965253687,64.70555019834119,4982100
2023-07-18,64.91753387451172,65.02353013482917,64.43573536458213,64.4453660415842,5209500
2023-07-19,65.10062408447266,65.51497117202516,64.8886315254928,65.16807559399687,6908900
2023-07-20,63.809383392333984,65.02351745913846,63.698571815117106,64.64770793112484,8461900
2023-07-21,63.17341995239258,64.07920352772231,62.96142742611013,64.00211399968104,7016800
2023-07-24,63.28904724121094,63.71303224685982,63.0770547383865,63.45285695642575,5837200
2023-07-25,63.49140548706055,63.770849498138475,63.19269277079109,63.45286072501583,5463200
2023-07-26,64.48390197753906,64.78262201193442,63.973196803188735,64.65734971143736,6260700
2023-07-27,65.02352142333984,66.70017795480041,64.89824912247786,66.3821892164504,10384200
2023-07-28,66.30510711669922,66.62309589061475,65.55350263410736,65.66913692052982,6244300
2023-07-31,66.28585052490234,66.67610620436085,66.02567517082133,66.24730575571763,7829500
2023-08-01,66.19910430908203,66.41109680405148,65.82812479454644,65.92929835245216,5671800
2023-08-02,64.9560775756836,65.61131648088144,64.75371573535871,65.54386498466039,6492400
2023-08-03,64.7922592163086,65.18251481898807,64.47909313683192,64.57063602667753,4540500
2023-08-04,64.64772033691406,65.54868854687194,64.57930577209828,65.02352993704491,4904800
2023-08-07,65.64985656738281,65.6787706508425,64.9367968935957,65.00424838501257,4493400
2023-08-08,65.4667739868164,65.60167696107389,65.0052073200163,65.31259495814459,4531800
2023-08-09,64.76334381103516,65.65948918120198,64.53208262405485,65.55349293890671,8905900
2023-08-10,64.9849853515625,65.78476529053313,64.79226153665368,65.32224283807564,5574700
2023-08-11,64.67662811279297,64.99460951009317,64.37790806755913,64.54172513171747,4473700
2023-08-14,65.14879608154297,65.16806478749902,64.41646027696031,64.55136327363844,3788800
2023-08-15,64.57064056396484,65.01389432603534,64.42609953571831,64.8982600331057,5024700
2023-08-16,63.79977035522461,64.59955780346404,63.79977035522461,64.28156895994765,4912600
2023-08-17,63.067405700683594,64.12736802976528,63.057775026171896,63.99246507000215,6309800
2023-08-18,62.69161605834961,62.932515299092316,62.094190646371004,62.373634647831906,6811000
2023-08-21,63.14449691772461,63.26302038236948,62.498888828270246,62.65306049289421,3533500
2023-08-22,63.14449691772461,63.53957513320751,63.04813870837712,63.36612741571797,4628500
2023-08-23,64.16592407226562,64.4694594957441,63.375774784820294,63.385412813791916,5836600
2023-08-24,62.932525634765625,64.55136909249252,62.932525634765625,64.43574214300942,5732200
2023-08-25,62.99997329711914,63.30832406304026,61.97374742472816,63.01924935529917,6548200
2023-08-28,63.77083969116211,63.819022474223644,63.24085848412736,63.40467553554025,4719100
2023-08-29,65.18732452392578,65.29332075930022,63.89610099830103,63.9153770510928,5346300
2023-08-30,65.19697570800781,65.37041610817589,64.8597108810279,65.19697570800781,4556800
2023-08-31,65.2644271850586,65.73658765037396,65.21142905669024,65.27405786173533,4070400
2023-09-01,64.65736389160156,65.47641995566019,64.48680532300277,65.47641995566019,4034600
2023-09-05,64.64772033691406,65.02834527553131,64.58990686843015,64.58990686843015,4403700
2023-09-06,64.44535064697266,64.79224607938903,64.08400185084393,64.64770509060553,5208200
2023-09-07,64.32972717285156,64.84043232238913,63.8575594274983,64.16591012259612,4850300
2023-09-08,64.52244567871094,64.8211583565541,64.34899794765282,64.34899794765282,3645200
2023-09-11,65.49568939208984,65.62577704580502,64.82116707979701,64.82116707979701,5761100
2023-09-12,64.8115463256836,65.39934117493769,64.75372549759014,65.35115837680361,8751200
2023-09-13,65.02352142333984,65.16805507562545,64.53208495058627,64.89824912247786,4536000
2023-09-14,65.92930603027344,66.01603358452489,65.1054346990245,65.428238816989,5912400
2023-09-15,65.05243682861328,65.97266639474226,64.9271645110461,65.9100375876205,7611000
2023-09-18,65.09880065917969,65.33547353505368,64.92588567105165,64.95389904884871,3755400
2023-09-19,65.14710235595703,65.33547223463744,64.6061368461554,64.94424305353213,3366200
2023-09-20,64.25836944580078,65.37893390220437,64.25836944580078,65.28233529699745,4766100
2023-09-21,63.466243743896484,64.12312452196119,63.466243743896484,63.73673013368828,6303400
2023-09-22,63.38898468017578,64.17144308742346,63.38898468017578,63.785041235325004,5348500
2023-09-25,63.54352951049805,63.54352951049805,62.92528960691772,63.14747302695487,4129700
2023-09-26,62.838356018066406,63.070194150266424,62.65481350465733,62.925292553890905,5199600
2023-09-27,63.00257873535156,63.330050027555714,62.12351439468263,63.05087435747507,6537600
2023-09-28,63.69810104370117,64.02653780869356,62.973600376215956,62.983255078714386,4803100
2023-09-29,63.340667724609375,64.32598522879393,63.14747052614204,64.12312595940301,6325900
2023-10-02,63.81401443481445,64.00238430766012,63.330048534734004,63.524218598898955,6891000
2023-10-03,62.95427322387695,63.91061936567397,62.823868416360455,63.47591456394763,6603800
2023-10-04,63.553199768066406,63.68843930376969,62.72243840874513,62.90598093720042,6884900
2023-10-05,63.466243743896484,63.640124166619515,62.82868710724575,63.48556788531046,4678000
2023-10-06,64.63511657714844,64.75103195547167,62.95426989144984,63.041213795193435,7387200
2023-10-09,65.33064270019531,65.51515071252636,64.20042333838119,64.31634610754257,6979700
2023-10-10,65.70738220214844,66.10344613422815,65.34996656295719,65.4175863355071,7788400
2023-10-11,66.3062973022461,66.5333080900482,65.9198954908807,65.96819848105197,7686800
2023-10-12,65.5238265991211,66.44152427899668,65.21470668242615,66.40288336815979,6276900
2023-10-13,64.78968048095703,65.80398438041968,64.4428850354074,65.51418116057263,8251500
2023-10-16,65.83295440673828,65.92955301040901,65.1422600189906,65.27267218744664,6463500
2023-10-17,66.0647964477539,66.1662297781247,65.4098465262207,65.46587327747253,4743600
2023-10-18,64.92491912841797,66.08702103267548,64.8041690168036,65.74601841339535,7334200
2023-10-19,64.8572998046875,66.0164979361199,64.81865888430616,65.91989932016754,9381400
2023-10-20,64.25836944580078,65.17510915011749,64.21490117895785,64.93457442225159,8249500
2023-10-23,64.59648895263672,65.05533794958328,63.84300198848977,64.20042500853373,6415200
2023-10-24,65.359619140625,65.7315241506172,64.90559757517853,65.24369638880843,6181200
2023-10-25,62.52924346923828,63.98789956777907,62.48094047471613,63.90096302164184,11531200
2023-10-26,61.16717529296875,61.86269710424727,60.684174854025535,61.659837804291335,14266200
2023-10-27,60.94499206542969,61.57289407432803,60.69866082378486,61.22513318847668,10356300
2023-10-30,62.2007942199707,62.47610800016703,61.42799427600089,61.47629358156135,9146500
2023-10-31,62.51957321166992,62.548552056588605,61.92548478083317,62.38433368871523,6375400
2023-11-01,63.437294006347656,63.474003995876046,62.43265192191438,62.50027170788566,8172400
2023-11-02,64.27770233154297,64.42260394406266,63.876811063906096,64.21974463453596,7342500
2023-11-03,65.26303100585938,65.4755524239607,64.78003046290304,64.79935461182319,7059000
2023-11-06,65.08914947509766,65.4320830979161,64.80900828026084,65.29200881549606,4962500
2023-11-07,65.43690490722656,65.68806722787507,65.04567568602567,65.18574995658072,5996200
2023-11-08,65.12776184082031,65.37892407259744,64.89592374917991,65.20504366136713,4573700
2023-11-09,65.10845947265625,65.77016770370793,64.94424109516925,65.47553714645103,4941200
2023-11-10,66.14207458496094,66.15656400706067,64.982869226975,65.21471472057283,5105500
2023-11-13,65.99717712402344,66.26765618014623,65.6581128336696,65.84262082195391,7809400
2023-11-14,67.06944274902344,67.61040089435843,66.95351998787937,67.03080182864208,6034400
2023-11-15,67.39788055419922,67.53312746261577,67.0452922840474,67.46550032340645,5401800
2023-11-16,67.69733428955078,67.72631313283385,67.09841117169772,67.42202053836,7438400
2023-11-17,67.68767547607422,67.70699224919231,67.29161898214319,67.53311918112591,3914300
2023-11-20,68.4508285522461,68.52327567617849,67.43652459717796,67.51380644270748,5727700
2023-11-21,68.21897888183594,68.40154855135967,68.00645752746865,68.30591541589463,3902200
2023-11-22,68.77925109863281,69.06422692376267,68.55707505124448,68.56673712243555,4188500
2023-11-24,68.54741668701172,68.8082410332694,68.35904682360398,68.69231828271029,2416400
2023-11-27,68.12237548828125,68.56674235698375,68.0837419405694,68.2093193956366,3909800
2023-11-28,68.28660583496094,68.31558468269932,67.77462653824419,67.97748584241486,4779600
2023-11-29,67.79393005371094,68.5474094275452,67.64902847335807,68.47978967271393,4089000
2023-11-30,67.39788055419922,67.98714170157737,66.82794355231005,67.79394446670018,7202700
2023-12-01,67.53311157226562,67.57851077447886,66.85690666930037,67.28194933002136,7708500
2023-12-04,66.85691833496094,66.94386224437007,66.4125588257633,66.65405903967516,6609500
2023-12-05,66.54779815673828,67.12256984332817,66.18072048589171,66.69269975865195,5984500
2023-12-06,66.37390899658203,67.01147301331854,66.29662716970475,66.94385325730109,4552500
2023-12-07,67.76496887207031,68.11755715915096,67.0114893018695,67.03080607828383,6122600
2023-12-08,68.08374786376953,68.25762832360614,67.1950214190479,67.1950214190479,5282500
2023-12-11,67.56210327148438,67.84224440845527,67.27230006220364,67.80360348921772,6300500
2023-12-12,67.84223937988281,67.84223937988281,67.20467531472315,67.48481643092956,7862100
2023-12-13,68.47978973388672,68.62951866471823,67.6780073758851,67.90019078195803,7708400
2023-12-14,68.77925109863281,69.10286783852605,68.18516269539768,68.70197663910695,6461000
2023-12-15,68.60537719726562,68.943483391127,68.32524343606869,68.47979973983246,7243200
2023-12-18,69.45172882080078,69.77129375792688,68.7544989172898,68.7544989172898,6993300
2023-12-19,70.15863800048828,70.26032044104385,69.57761553644622,69.57761553644622,4835800
2023-12-20,69.6163558959961,70.94786918254061,69.60667009433449,70.21675000128197,6523400
2023-12-21,70.30390930175781,70.36201673127059,69.71320092041452,70.17802341600215,4867100
2023-12-22,70.31358337402344,70.78324499867222,69.98433262205752,70.44915504009714,4763900
2023-12-26,70.58472442626953,70.67188185913125,70.27484528695284,70.42010274965473,2461800
2023-12-27,70.59442138671875,70.7203072673061,70.3378030302236,70.59442138671875,4508600
2023-12-28,70.78810119628906,71.03794469122343,70.68157952050576,70.68157952050576,5465800
2023-12-29,70.36201477050781,70.73967980535342,70.08118559801443,70.64283655489847,4744400
2024-01-02,69.9649658203125,70.12958749615713,69.39846836771675,70.02306584988087,6003800
2024-01-03,69.70352172851562,70.22643687158063,69.60667847644159,69.79067178965884,7592700
2024-01-04,69.4710922241211,69.89717880198549,69.4710922241211,69.81002137101264,6665400
2024-01-05,69.7616195678711,70.15864881405514,69.4711045970222,69.52921202405355,5277300
2024-01-08,70.84619903564453,70.87040245932377,69.81003244096652,69.99402574478448,4658200
2024-01-09,70.70094299316406,70.94303633970733,70.37169220005187,70.50726388306788,3533000
2024-01-10,71.35944366455078,71.63736194589325,70.73968523222777,70.84620690541797,7234900
2024-01-11,71.12702178955078,71.66931590613694,70.50726341754022,71.65963010367044,6962800
2024-01-12,71.47563934326172,71.76615432278462,71.3207034387916,71.41753930259827,3862400
2024-01-16,71.06891632080078,71.4078455002065,70.82198378754133,71.17543797548572,6365600
2024-01-17,70.6331558227539,70.71062007723233,70.03276167490557,70.64283423699966,6561800
2024-01-18,71.49500274658203,71.5434169788796,70.7590369675002,70.7590369675002,6420400
2024-01-19,72.46337890625,72.50695393346614,71.57247720535396,71.85329897281501,6446700
2024-01-22,72.60863494873047,73.2671291033452,72.56989912927052,72.83135667549746,5694400
2024-01-23,73.32522583007812,73.36299380645515,72.97177165209432,73.15091834442414,4663500
2024-01-24,73.78036499023438,74.48727337051122,73.71645051940627,74.07087255091314,6991100
2024-01-25,74.98117065429688,74.98117065429688,73.89658952626174,74.11931871248578,6161800
2024-01-26,75.2232437133789,75.51859788689536,74.85526449231845,74.87462870896269,4718200
2024-01-29,75.85269165039062,75.91079169131241,74.92498973807805,75.18451162737861,4065400
2024-01-30,75.33944702148438,75.88173371483794,75.30071120223026,75.6686904029913,4596900
2024-01-31,73.48016357421875,74.51632271293704,73.44142775552531,73.92561440704043,9336400
2024-02-01,74.23551177978516,74.54539098640973,73.91110017444255,74.14835432799225,6907200
2024-02-02,77.21808624267578,77.67806209071236,75.82363368985663,76.56927789331463,11971800
2024-02-05,76.13350677490234,77.06314419856392,76.10444937170227,76.78231507244196,7886300
2024-02-06,75.90110778808594,76.71454532186372,75.76069688964317,76.53055200353599,6738300
2024-02-07,76.2884521484375,76.54023129080431,76.10736975812644,76.25940212972256,5980100
2024-02-08,76.57897186279297,76.79201519738972,76.26909266377122,76.78232939451635,4267600
2024-02-09,76.66613006591797,76.90338423884194,76.36690447947032,76.65645165011968,7624600
2024-02-12,76.90821075439453,77.65386238161109,76.5789673571007,76.61770317821215,4285300
2024-02-13,75.82364654541016,76.24972585329648,75.45565989410876,75.71712487141274,8023900
2024-02-14,77.03411865234375,77.05348287252642,76.14320937376027,76.57898190296068,7344700
2024-02-15,77.66354370117188,77.87658703120361,76.66612028157124,76.81137776914767,6672500
2024-02-16,76.45307159423828,77.31492326853572,76.36592154066093,77.23745901694548,7036600
2024-02-20,76.33688354492188,76.58865533141999,76.00763271842712,76.04636854437375,8030600
2024-02-21,76.24971771240234,76.29813933654168,75.76069181624625,76.09478181374105,6142700
2024-02-22,77.39241027832031,77.62094648912867,76.64676591547696,77.1406384814714,7108600
2024-02-23,77.19873046875,77.69744219057968,77.04863377027156,77.32461635403126,7327500
2024-02-26,76.0754165649414,76.9856899804759,76.0463665432717,76.88885411220915,7872600
2024-02-27,76.6951675415039,76.70485334382117,76.01730914134437,76.12383080252694,4502500
2024-02-28,76.1722640991211,76.46277172023618,75.99795657121061,76.27877838852412,3774600
2024-02-29,76.85010528564453,77.09219860940523,76.17224693435534,76.66611199539379,6774300
2024-03-01,77.4892349243164,77.75553908249363,76.90337316442911,76.9082123716314,5829000
2024-03-04,76.47244262695312,77.36334431245453,76.37076017710359,77.31492269098291,7165800
2024-03-05,75.85269165039062,76.20130667212707,75.60091249289144,75.95921331748248,7602700
2024-03-06,75.95919799804688,76.56927046899494,75.71225809772633,76.46274882338635,6833300
2024-03-07,77.18904113769531,77.40208446312805,76.38528946014544,76.54991854949965,6460500
2024-03-08,77.07283782958984,78.18162954545974,76.68549436765919,77.30525277247177,8710000
2024-03-11,76.9275894165039,77.28588286547635,76.33203442389278,76.78233192103527,6934200
2024-03-12,77.60543823242188,77.876581583275,76.88884403543828,77.30524486370622,7405100
2024-03-13,77.74100494384766,78.11866992814977,77.5376474436928,77.57638326107016,5496500
2024-03-14,77.55701446533203,78.05088691964083,77.11156363152288,77.99278688552285,7210300
2024-03-15,76.78231048583984,77.60542621290341,76.62736723043439,77.22776126297894,8166300
2024-03-18,78.35921478271484,78.65925750705446,78.1164662766865,78.22327621198669,5360600
2024-03-19,78.33008575439453,78.39805503941768,77.65039290416297,78.0582086143019,4777100
2024-03-20,79.25253295898438,79.40788814679794,78.21356967515,78.4660227813591,4432700
2024-03-21,79.28166961669922,79.8642645941251,79.22340493328869,79.8642645941251,5377200
2024-03-22,79.44673156738281,79.77687339116062,79.30108098066015,79.4855722177153,3214200
2024-03-25,79.17485046386719,79.27194838079454,78.75732275379296,79.22339571828276,3732500
2024-03-26,79.00979614257812,79.63608410572391,78.91269080172677,79.32051397224922,5441600
2024-03-27,79.4176025390625,79.4855718247842,78.77674292388944,79.37876188892203,4177800
2024-03-28,79.29137420654297,79.52441069407071,79.14572362380198,79.39817673191689,5294700
2024-04-01,79.90309143066406,79.93222006328405,79.00006677896566,79.18455799635326,5290700
2024-04-02,79.77687072753906,79.83512799704438,79.03891321205427,79.21369242866656,5271200
2024-04-03,80.40800476074219,80.47597403933918,79.65063068263406,79.71859996123105,5158900
2024-04-04,79.32050323486328,81.16053362859742,79.29137459978989,80.77699425330384,8000500
2024-04-05,80.12642669677734,80.5051211962178,79.32050725587222,79.47586245350453,6619400
2024-04-08,80.13613891601562,80.57309068967038,80.05845761295298,80.2575131740147,3503100
2024-04-09,80.22352600097656,80.77699227812664,79.7380290067012,80.34004053842106,4733100
2024-04-10,79.5923843383789,79.73803492909869,79.21369724736552,79.46129806592141,6845300
2024-04-11,80.29149627685547,80.5293850658109,79.42731220900522,79.91280920928497,4072900
2024-04-12,78.970947265625,79.93222929356875,78.84471329890032,79.76716208426362,5997200
2024-04-15,77.9708251953125,79.708898026068,77.76690992564275,79.61180010266608,6494700
2024-04-16,77.7086410522461,78.14559275446811,77.50958552372592,77.74748169742776,7501000
2024-04-17,77.64069366455078,78.3009700026005,77.21345385519577,78.24271272245124,4862200
2024-04-18,78.01936340332031,78.6602229744405,77.80574354628024,77.91255347480028,4539400
2024-04-19,77.1648941040039,77.8737155730698,76.60171580796779,77.84458693846385,6854700
2024-04-22,77.2717056274414,77.8931412054858,76.65997465573463,77.69893795728666,5458300
2024-04-23,78.44662475585938,78.72335425928723,77.66012179989822,77.74750772473921,5068000
2024-04-24,78.49516296386719,78.87385749508503,77.79605340371226,78.69907825302195,6196600
2024-04-25,75.69869995117188,75.97057711676449,74.26163281644035,74.4169880218802,14354200
2024-04-26,77.78633880615234,77.96597034605306,77.08722186110492,77.5630069011133,13015600
2024-04-29,76.88330841064453,77.53387263973083,76.56287859938831,77.45619133856023,5357800
2024-04-30,75.60159301757812,76.75707824182508,75.60159301757812,76.61142766100546,7333500
2024-05-01,76.30071258544922,77.50474310727925,75.65014836388832,75.70840563504407,9300500
2024-05-02,77.06779479980469,77.18430933613287,76.096800820557,76.65997169836758,6956800
2024-05-03,77.8834228515625,78.04849004302345,77.24257070490995,77.64067436714492,4813300
2024-05-06,78.94182586669922,78.94182586669922,78.0485056354237,78.25241351409933,4714000
2024-05-07,79.0291976928711,79.25252956289738,78.78644920323624,78.85441848401017,3453300
2024-05-08,78.90296936035156,79.32243797051,78.25239779269349,78.26210980632607,2941300
2024-05-09,79.30107879638672,79.30107879638672,78.68935523871677,78.79616517216498,3995900
2024-05-10,79.4176025390625,79.4855718247842,78.89811717754223,79.13601338161645,3563900
2024-05-13,79.2719497680664,79.3107904171363,78.74275981466963,78.94181536311675,2715500
2024-05-14,79.6312255859375,79.71861149616552,79.2476787805674,79.37876505400627,2730100
2024-05-15,80.13613891601562,80.20410820417123,79.5826725958637,80.07788164276704,3487700
2024-05-16,80.07787322998047,80.28760383649966,79.8739653869357,79.96135128762802,3136600
2024-05-17,80.21382141113281,80.23323803313862,79.87397496530431,80.07788283280141,2714100
2024-05-20,80.44684600830078,80.53909161739264,80.03903033366964,80.097287599161,2157300
2024-05-21,80.34004974365234,80.53425300847172,80.09730121870093,80.31092110595371,2317200
2024-05-22,80.4371337890625,80.56336774143216,80.13612804066554,80.20409731959698,2602600
2024-05-23,79.5244140625,80.73815662325825,79.17582607301954,80.59250603434793,3534100
2024-05-24,80.54395294189453,80.62163424331465,79.78657877329,79.89338871071851,2028000
2024-05-28,80.67990112304688,80.73816581009869,80.23324469883637,80.31092600950711,2786100
2024-05-29,80.25265502929688,80.60221345953882,80.0972924344799,80.11671646288015,2768800
2024-05-30,79.9905014038086,80.15557605183179,79.66036692395825,80.15557605183179,2942200
2024-05-31,80.84496307373047,80.88380372297081,79.4321650160105,79.87396906701099,3600000
2024-06-03,81.16539001464844,81.48581983276723,80.47598512021199,81.07800410503246,5947600
2024-06-04,81.47611236572266,81.5634982722709,80.82554073744524,81.02944859415433,2879000
2024-06-05,82.46650695800781,82.49563558785272,81.87420012417773,81.99072205165244,4160500
2024-06-06,82.51507568359375,83.06854198272408,82.38884171888733,82.40826574796364,3184500
2024-06-07,81.9518814086914,82.80150101694008,81.87808196552932,82.50534760002674,3463000
2024-06-10,82.15580749511719,82.24319340408388,81.5683528329309,81.88393034531408,3442900
2024-06-11,82.3111572265625,82.37912650950052,81.75769094889684,82.01015146042215,5804300
2024-06-12,82.13639068603516,83.14622547986083,81.631476993171,82.87434830615726,4248000
2024-06-13,81.42757415771484,81.7771326621612,81.27221152991743,81.70916336452429,3595500
2024-06-14,81.68973541259766,81.71887145998512,81.04888312392545,81.04888312392545,2402800
2024-06-17,82.078125,82.32864460330443,80.98575670521167,81.37900810604002,3420600
2024-06-18,81.5926284790039,82.22377609036018,81.37900860364363,81.94218692812133,3004500
2024-06-20,81.94218444824219,81.99558941546601,81.43727081929576,81.58291399527309,3650900
2024-06-21,82.47623443603516,82.61702530938406,82.00044203236737,82.28203118716164,3724700
2024-06-24,82.75272369384766,83.2589723823818,82.57261720149066,82.75272369384766,3724900
2024-06-25,83.67760467529297,83.71654802508927,82.64563190258657,82.74298656323509,3225400
2024-06-26,83.68733978271484,83.78469444035393,83.14214775778855,83.22003445497353,2746500
2024-06-27,84.16439819335938,84.26176029648467,83.75550409990142,83.81391541962809,2988500
2024-06-28,83.39527893066406,84.71931569393618,83.36606584736327,84.1254500318085,4025100
2024-07-01,83.04479217529297,83.65813319650437,82.65049356056687,83.52183519179073,3213100
2024-07-02,83.7846908569336,83.7846908569336,82.79166150719135,82.84033512008703,2934400
2024-07-03,83.81391143798828,83.97454998729101,83.6094644009717,83.66788314560877,2081200
2024-07-05,85.43975830078125,85.52737526944762,83.79443700854453,83.79443700854453,3344400
2024-07-08,84.6706314086914,85.49815706685047,84.54406368005571,85.47868910812078,3043300
2024-07-09,84.9334945678711,85.20804405269999,84.80693425967101,85.07953026359982,2347500
2024-07-10,85.46895599365234,85.61011912813498,84.90428860035377,84.99191298854065,5169400
2024-07-11,84.30067443847656,85.53710152285277,84.05728409893457,85.28397348997765,3949100
2024-07-12,84.02808380126953,84.64143224971826,83.77496317994813,83.86258014247842,3443500
2024-07-15,84.32990264892578,84.9919247883672,83.9599445127266,83.99888786536256,3543000
2024-07-16,84.5538101196289,85.06979649770186,84.17412174981355,84.63169681797163,3843000
2024-07-17,83.2784423828125,83.89178338595218,83.07399538176594,83.74574769158065,5222000
2024-07-18,83.22975158691406,84.00860358048504,83.03504230236287,83.94045458812381,4524600
2024-07-19,82.85980987548828,83.69707325882172,82.78192318222845,83.5120942192506,3402800
2024-07-22,83.2103042602539,83.4244889829739,82.72352350050298,83.22977222246257,4204700
2024-07-23,83.09346008300781,83.5315671489425,82.69916892304516,83.08372238971585,4242400
2024-07-24,80.92243194580078,81.87651802554669,80.85428294010465,81.72075205296318,7701200
2024-07-25,79.9878158569336,81.57471841708808,79.96834046756362,81.11714332679541,7788500
2024-07-26,81.4870834350586,81.78401994905806,80.74718214417776,81.07818944362175,6660500
2024-07-29,82.20753479003906,82.59695344482724,81.6428673418376,81.87652002024744,4184300
2024-07-30,82.53853607177734,82.80140181491171,81.85217348742937,82.35355702495569,5373800
2024-07-31,83.52184295654297,83.91126904665028,83.10321120952247,83.29792054073368,4545600
2024-08-01,83.86258697509766,85.59552525582733,83.29791952272727,85.2450425217826,7523000
2024-08-02,82.49959564208984,83.6776041116767,82.03229030305071,83.10320641834019,9145600
2024-08-05,80.13384246826172,81.2729150367474,79.0045150219426,79.3063167017229,10799500
2024-08-06,81.07819366455078,82.03228712192393,80.23119998500623,80.30907925336972,9076800
2024-08-07,80.64981842041016,82.54826750367546,80.56220146446805,81.94465679456772,8590900
2024-08-08,82.2562026977539,82.32435170037935,80.93215856587308,81.01004526249766,7612000
2024-08-09,82.95716857910156,83.04479297021862,81.80836579431552,81.97386945481144,4385800
2024-08-12,82.38275909423828,83.0545113340068,82.19778007214389,83.0545113340068,3131900
2024-08-13,83.45368957519531,83.56564706339138,82.71378078552833,82.84034110141586,4184100
2024-08-14,82.97664642333984,83.44395176418239,82.61642600952351,83.2200367881033,4069000
2024-08-15,83.72628021240234,83.8138971729177,83.20055616625821,83.43420882198315,3665400
2024-08-16,83.97941589355469,84.22280626514582,83.62893316424869,83.71655013273285,3929000
2024-08-19,84.9334945678711,84.96270022148003,84.20332351691147,84.20332351691147,2807400
2024-08-20,84.87509155273438,85.19636862918873,84.7144530145072,84.80694254509419,3355800
2024-08-21,85.23531341552734,85.39107939517704,84.72905726937486,84.93350429573783,3298900
2024-08-22,84.59274291992188,85.67339658469348,84.33961489571574,85.56630424474794,2984400
2024-08-23,85.18663787841797,85.52738294439457,84.56355906415065,85.11848886522264,3009000
2024-08-26,85.38134002685547,85.62473040028172,85.04059498959566,85.33266640878107,2976700
2024-08-27,85.18663787841797,85.69288662962815,85.0211341931844,85.1476945240656,2554100
2024-08-28,84.62195587158203,85.2547722728488,84.20332416868409,85.14767992366438,3182900
2024-08-29,84.44672393798828,85.48843446447994,84.25201460558579,85.10874606691564,3240300
2024-08-30,85.01139068603516,85.07953969457161,84.15465923190774,84.85562470695966,3072400
2024-09-03,83.45368957519531,84.92376946017347,83.05939837215679,84.66090370635814,5599400
2024-09-04,83.05451965332031,84.21306008217675,82.99124321391022,83.21029304072593,5200200
2024-09-05,83.29791259765625,83.7068140385038,82.85981293036465,82.98637324081498,3562800
2024-09-06,81.55524444580078,83.8431199370457,81.46762747516665,83.4342184576985,4422300
2024-09-09,81.90573120117188,82.43145533381794,81.48223430029805,81.99335560378883,4120300
2024-09-10,81.88626098632812,82.46065872446752,81.3118558205037,82.21726834165896,3924200
2024-09-11,82.22698974609375,82.37302543238363,80.46484610053096,81.96413145291882,5549300
2024-09-12,83.7652359008789,83.79444155868693,82.71378765367938,82.71378765367938,4689000
2024-09-13,84.57328796386719,84.7631321542875,83.6484001064805,83.6484001064805,3026500
2024-09-16,85.45921325683594,85.50789429492079,84.48565191660735,84.83613459330432,3275300
2024-09-17,85.45921325683594,86.28673891049353,85.0211136248065,85.74154693682425,4079400
2024-09-18,85.39107513427734,86.25754424320685,85.25477712350312,85.61499753922614,5009700
2024-09-19,86.54961395263672,87.17269268326949,86.33542924629089,86.88062127867347,4036400
2024-09-20,86.54961395263672,86.76379865898255,86.09203888502233,86.67617426653,5857700
2024-09-23,86.74393463134766,87.07594655863517,86.51933263036173,86.96852918210632,3361400
2024-09-24,87.1540756225586,87.18825726753951,86.25568245741714,86.86111776642528,2735700
2024-09-25,86.88064575195312,87.47632121794487,86.84158421071447,87.09548050365208,2692100
2024-09-26,87.3689193725586,87.77905445312808,86.92460264349405,87.56421966324068,2245700
2024-09-27,87.89622497558594,88.22823690644758,87.54663050821875,87.63256143027598,2532000
2024-09-30,88.2770767211914,88.36984696352614,87.53980213225422,87.88646870357431,3269700
2024-10-01,88.34542846679688,88.84345385240893,87.5153911242621,88.58955753520287,4859400
2024-10-02,88.07200622558594,88.32589509580245,87.86693869953659,88.02317743119076,5005700
2024-10-03,87.769287109375,87.97435464943976,87.31033068174158,87.5837540684946,5052600
2024-10-04,88.74578857421875,88.8385588042101,87.78880688112623,88.31612651721339,3345600
2024-10-07,87.554443359375,88.81414266220271,87.41772424139562,88.71649253526925,2473800
2024-10-08,88.3259048461914,88.41867509564645,87.61305205078847,87.85718114925801,3753200
2024-10-09,88.35518646240234,88.42354229638819,87.57397054522659,88.30635767374368,2390400
2024-10-10,87.700927734375,88.37472637478618,87.67163343700551,88.0036528577256,3136400
2024-10-11,88.30635833740234,88.53096033660216,87.75951166140581,87.91575037587889,1861400
2024-10-14,88.71650695800781,88.99481768775192,88.41378928023282,88.5407337208611,3436000
2024-10-15,88.91181945800781,89.29754015034953,88.633508713351,88.91181945800781,3436500
2024-10-16,88.85322570800781,88.97041035882623,88.42356355546481,88.51144645590693,3198700
2024-10-17,88.43331146240234,89.2633562561702,88.27707273255183,89.24382175854643,2237600
2024-10-18,89.08758544921875,89.33171452455339,88.91181221696868,88.99969510797965,2665500
2024-10-21,88.73603820800781,89.11687896617809,88.2380128126205,89.04852312369184,2920800
2024-10-22,88.86298370361328,88.98992814110774,88.15989077238335,88.33566400519084,3423200
2024-10-23,88.18917846679688,88.98016168032407,87.86204642333065,88.65790953593253,3015500
2024-10-24,88.49189758300781,88.5749005630324,87.94504346427648,88.43330154693443,2044700
2024-10-25,88.71650695800781,89.64908183982035,88.62862406454862,89.00946483666179,2943700
2024-10-28,89.28287506103516,89.61488698770886,88.95085568413423,89.56606564861244,2079700
2024-10-29,90.12269592285156,90.23011331866583,89.07293636379919,89.2828912557011,3839600
2024-10-30,90.66952514648438,91.71439715327968,90.56699512047658,91.38238523066582,4871800
2024-10-31,89.87855529785156,91.2261450220851,89.84926100279417,90.70859260879746,4840000
2024-11-01,90.23011779785156,90.8013790038248,90.04457729582934,90.2105832975182,5714000
2024-11-04,89.92738342285156,90.51329916910619,89.4781868142237,90.4840048718391,3003700
2024-11-05,90.9234390258789,91.02108917199456,90.21057880380025,90.28870190078422,3090100
2024-11-06,93.15965270996094,93.25730284593206,92.13430765669465,92.27101933709977,5477400
2024-11-07,94.38030242919922,94.57072281078797,93.52096331209867,93.57955935659163,5268000
2024-11-08,93.92134094238281,94.36077031090832,93.62838306321358,94.36077031090832,3219700
2024-11-11,94.44865417480469,94.52677726392038,93.9164545993812,93.94086154578049,2625100
2024-11-12,94.87832641601562,94.95644205712753,94.12640469976762,94.51701270623936,3260600
2024-11-13,94.91737365722656,95.30798163549147,94.33146541494294,94.88807936264651,2937100
2024-11-14,94.80996704101562,95.32752695485763,94.46818781506589,95.03456907534165,3170300
2024-11-15,92.91551971435547,94.51700571726388,92.6079147213425,94.33146525160812,3526400
2024-11-18,93.83344268798828,94.03851765625508,92.98387832043036,93.14011704598158,3880700
2024-11-19,94.44865417480469,94.5414244118511,92.98387977991064,93.02294132446848,3186700
2024-11-20,95.05408477783203,95.06873937526412,93.85297400568832,94.60488821302623,3069500
2024-11-21,94.80996704101562,95.05409612386948,93.51120598240664,95.00527477743573,3833900
2024-11-22,94.60488891601562,94.94667555393643,94.2240481854106,94.4681772409383,3266100
2024-11-25,95.0931625366211,95.69860537515852,94.59514454628241,95.08340273697199,4387200
2024-11-26,95.44469451904297,95.73765236900849,95.13220962251928,95.13220962251928,2513400
2024-11-27,95.57166290283203,95.84996620315782,95.26405785226716,95.64977855278293,2413700
2024-11-29,96.08919525146484,96.22200300387182,95.43981108659058,95.54234111512332,1960500
2024-12-02,96.88018798828125,96.95831108578663,96.01108901666267,96.1575679619281,4975900
2024-12-03,97.6613998413086,97.7102211874676,96.83136245432239,96.95830689460978,3077300
2024-12-04,97.885986328125,97.9934037111101,97.47097139407137,97.63209746854902,2550200
2024-12-05,97.6613998413086,98.21801384907378,97.56862959830968,98.14965800426853,2493900
2024-12-06,98.5597915649414,98.75021194757284,97.59304250313784,97.65163109772345,4364500
2024-12-09,96.46028137207031,98.60862175677538,96.40169277665515,98.47190261709282,5040300
2024-12-10,97.97388458251953,98.24633198131643,97.23173009015846,97.42703037488218,5125300
2024-12-11,99.57536315917969,99.74136913354941,98.19847167119755,98.19847167119755,4015700
2024-12-12,99.76091766357422,100.2589356567373,99.58514441591997,99.75115041364099,2885400
2024-12-13,98.56956481933594,99.48748514142244,98.5060888711822,99.23359624926482,3371500
2024-12-16,98.95039367675781,99.6437193221658,98.84297629293977,99.22381703548459,4222700
2024-12-17,98.208251953125,99.28241848014446,98.12524895492467,98.80392754042491,4707900
2024-12-18,95.4056396484375,98.62814642253228,95.3372838053617,98.17894981800158,6406000
2024-12-19,95.14198303222656,96.69464036700086,95.10292148635305,96.53840163373492,5026100
2024-12-20,95.65953826904297,96.71905758726477,94.42912561391546,94.45842736184684,6285600
2024-12-23,96.1823501586914,96.27046898284995,95.10539127521652,95.8788455335147,3768900
2024-12-24,97.0928726196289,97.0928726196289,95.9473801795758,96.29984054106846,1626800
2024-12-26,96.9655990600586,97.10755873520665,96.44670115355055,96.70125005171923,3512400
2024-12-27,96.10404205322266,96.56419162717079,95.23267623420543,96.44670980811885,4100400
2024-12-30,95.0956039428711,95.6340871494635,94.31334298721018,94.98790730155261,3211100
2024-12-31,94.78230285644531,95.56554976740506,94.56690958245157,95.20329676390686,3616300
2025-01-02,95.2424545288086,95.95716785529994,94.43962985130095,95.28161761912551,6900500
2025-01-03,95.82988739013672,96.19214037883671,95.1641297838963,95.78093912869888,5454100
2025-01-06,96.86768341064453,97.10754705389567,96.20192585398874,96.29982983916851,5325300
2025-01-07,95.79072570800781,97.2103597633084,95.41868754330625,96.81873631806701,5058400
2025-01-08,95.22288513183594,95.55576022454729,94.55712747681686,95.33058177232405,4631600
2025-01-10,93.80325317382812,94.89979741628848,93.16687342654674,94.71377458392199,4797400
2025-01-13,93.84241485595703,93.89137059097864,92.93189345956874,93.17665719548391,6992500
2025-01-14,93.52911376953125,94.05780431396109,93.00042322510141,93.93052986551535,4194700
2025-01-15,95.06622314453125,95.4382687629984,94.68439235580645,94.88999297515092,4115700
2025-01-16,94.52776336669922,95.18372842489019,94.49349285624601,94.90959421965199,2943600
2025-01-17,95.35014343261719,95.81030036955532,94.86061604772046,95.75155947363815,3109100
2025-01-21,96.21172332763672,96.64740246655863,95.91801133453663,96.01591533223666,4817400
2025-01-22,97.17119598388672,97.71946432158558,97.02433625926142,97.41595970173026,5382400
2025-01-23,97.4257583618164,97.4257583618164,96.3830624691046,96.56418524122962,3721300
2025-01-24,98.30689239501953,98.34604801231849,97.52364559632909,97.60197177011715,3386700
2025-01-27,98.81600189208984,99.11950649175219,96.72082520431442,96.90684800776961,9407500
2025-01-28,99.29574584960938,99.65506329925435,98.52229158471685,98.89433722607552,5445400
2025-01-29,99.736328125,100.12794412021113,99.46218647091737,99.91255831068352,4797400
2025-01-30,99.83422088623047,100.96992058977908,99.13909286250075,100.24542211667416,5112700
2025-01-31,100.23563385009766,101.33707056729385,99.99087013516517,100.56851638659565,9101800
2025-02-03,100.4510269165039,100.90629130957136,98.99223726986665,99.00202990993148,7196700
2025-02-04,101.35176849365234,101.50939939341767,100.61747725683621,100.91119673940135,5543600
2025-02-05,100.3727035522461,100.39228883292544,99.42791917335732,100.12793983092618,6058900
2025-02-06,100.80349731445312,100.8524530500631,100.11816183349256,100.46082957397284,2892000
2025-02-07,100.58809661865234,101.66505549636204,100.45102953255817,101.33218042144645,3142800
2025-02-10,101.0384521484375,101.45944601028913,100.64683620498091,101.44966084041944,3042100
2025-02-11,101.20490264892578,101.33217709051641,100.4412335905948,100.50977460098484,2564500
2025-02-12,101.31259155273438,101.55735524684461,100.31395149779128,100.49018165633447,5391900
2025-02-13,102.47767639160156,102.53642476595955,101.17553155901,101.3028134787888,2833500
2025-02-14,103.1042709350586,103.36861994566367,102.3993501995734,102.48746902630717,3425200
2025-02-18,102.6245346069336,103.1238546988204,101.93136355651993,103.0553211544121,3447900
2025-02-19,102.74201202392578,102.83012336959524,101.98813565286483,102.37975906267354,3469000
2025-02-20,102.26228332519531,102.51683969568072,101.59652568133858,102.49726188391857,2984900
2025-02-21,100.86222839355469,102.63432276953213,100.77411704155807,102.54620394793972,3639600
2025-02-24,101.05805206298828,101.77765804117865,100.56852459317695,101.48883862669311,5415600
2025-02-25,99.56009674072266,101.15595356382492,99.02161354939564,101.07762737788714,6021500
2025-02-26,99.38386535644531,100.46082425649175,99.14888680147087,99.43281361986789,5079500
2025-02-27,98.42437744140625,100.45102057023252,98.37052912884536,100.03981934863769,3727300
2025-02-28,99.86359405517578,99.98597591063556,98.00338835826808,98.73767949102673,5690800
2025-03-03,98.86497497558594,100.88182584020967,98.40481794074148,100.1964828737787,6074500
2025-03-04,98.08171844482422,99.18804777318857,97.141826653811,98.57124588616001,7329500
2025-03-05,99.3447036743164,99.62863049674425,97.37680119864542,98.07192929372206,4899600
2025-03-06,97.56282806396484,99.32022992096796,97.12224885108277,98.4733494737386,4829600
2025-03-07,98.18941497802734,98.5418753329926,96.01591194560692,97.10266346181713,5501700
2025-03-10,95.74177551269531,97.1516168992594,94.95852863802732,96.71103773116023,6896200
2025-03-11,94.3319320678711,95.74177342367338,93.53890004003011,94.75292594664008,6699400
2025-03-12,94.80188751220703,95.60471222932728,93.54869843861407,95.29141496092903,4698800
2025-03-13,92.85356903076172,94.80189378367275,92.63818321353624,94.47880385343967,4763600
2025-03-14,94.55712127685547,94.7725145437087,93.07874632948676,93.57806640541052,3486000
2025-03-17,95.23267364501953,95.67814544907152,94.55713079504707,94.55713079504707,3031100
2025-03-18,93.90116119384766,94.89000128737348,93.14728472061726,94.89000128737348,4424100
2025-03-19,95.01728057861328,95.75157175010304,93.94031421808478,94.26340412624333,5875000
2025-03-20,94.81167602539062,95.9375906910614,94.30257074739494,94.43963784030133,4881600
2025-03-21,95.5557632446289,95.64388207581165,94.14592917207437,94.14592917207437,5717500
2025-03-24,96.90888977050781,97.06599826695644,96.41791354508901,96.84506046385852,3651300
2025-03-25,98.1363296508789,98.26888783679327,97.12491983222952,97.32130732434884,2499900
2025-03-26,97.30167388916016,98.40146343432555,97.14947244366878,98.0479599195118,4482900
2025-03-27,96.86962127685547,97.77301583157075,96.77142751946529,96.97763665749572,3319300
2025-03-28,94.01212310791016,96.781228647805,93.91392936371295,96.69285652553825,5595200
2025-03-31,94.70931243896484,94.82224236668809,92.4311830153494,93.41313548228197,5187100
2025-04-01,94.76823425292969,95.44577635769238,93.76663854583273,94.41473076709579,5884200
2025-04-02,95.10210418701172,95.58325884499631,93.77646972587668,93.98267886501293,5557500
2025-04-03,90.86006164550781,93.15783434110016,90.73241052030379,92.3231687409341,10078100
2025-04-04,85.65571594238281,89.35767340122733,85.59679370072747,88.63103068223477,13027900
2025-04-07,85.77354431152344,89.11218411270926,82.50364088161045,82.93570235344113,22019700
2025-04-08,84.57555389404297,88.76849465788332,83.58378740652924,88.50336332588115,13553900
2025-04-09,92.0482177734375,92.45082186174352,83.4315837876954,83.9078313108367,23909100
2025-04-10,88.86669921875,91.18410766511661,86.7456782712133,90.9386195457278,9320700
2025-04-11,89.62281036376953,89.88794176070392,87.98295132237448,88.76851639781238,4819500
2025-04-14,90.22179412841797,91.4021044643578,89.64244574220861,90.83060738302542,3668100
2025-04-15,90.44763946533203,91.27247591542746,90.24143035280817,90.51637583617331,3142400
2025-04-16,88.01239776611328,89.86828734724463,87.26611927804655,89.66207822619701,3857000
2025-04-17,88.5819320678711,89.23002429883068,87.91420408371705,88.5230173165849,3516700
2025-04-21,86.58855438232422,88.19895555998465,85.91100489587753,87.83563051084482,5533900
2025-04-22,88.84705352783203,89.17109211548674,87.27592374611528,87.30538861017664,4283800
2025-04-23,90.27088928222656,91.7781824015333,89.8682851805762,90.6047495201489,5029400
2025-04-24,92.07768249511719,92.2495271790492,89.79955299808911,90.00576961548873,3040400
2025-04-25,92.65704345703125,92.97126797417599,91.98931542163577,92.83379521615663,3168500
2025-04-28,93.01054382324219,93.50152008287357,92.15624243447043,92.9712648234673,2455000
2025-04-29,93.6880874633789,93.77645958843972,92.5185802298363,92.69631338471446,2714700
2025-04-30,93.71754455566406,93.96793973428366,91.45905091602266,92.77487109934582,3123000
2025-05-01,94.19869995117188,95.17083079058453,93.94339021345142,94.99407904780925,3753300
2025-05-02,95.66181182861328,96.15868405449262,94.67004518647767,94.8075179386886,3542600
2025-05-05,95.88765716552734,96.30007539189373,94.49328650017287,94.64057337265903,3764000
2025-05-06,95.86801147460938,96.25097231670442,94.91552392613087,94.94988836493306,4089000
2025-05-07,95.6912612915039,97.06108912648807,94.90570384265114,96.63394221685122,4160200
2025-05-08,95.91712951660156,96.8352527930671,95.61272661033037,96.2706330491698,3865800
2025-05-09,95.4261474609375,96.31972037032233,95.27885308264015,96.24116986137327,4425900
2025-05-12,97.40968322753906,97.71900065674518,96.54556774030499,97.70427196884992,3341400
2025-05-13,98.36216735839844,98.76477142715305,97.39985822867145,97.68462531570961,5384300
2025-05-14,98.872802734375,98.97099648912504,98.1952530907041,98.33272584569482,4406000
2025-05-15,99.26556396484375,99.76145471875995,98.81386676237412,98.93170374672795,3259800
2025-05-16,99.943115234375,99.97748716479138,99.029899192098,99.63871238418345,4156300
2025-05-19,100.04131317138672,100.09041379069656,98.85315160277459,98.85315160277459,3947600
2025-05-20,99.79582214355469,100.32607735146291,99.2950318013934,99.83510113951483,2603100
2025-05-21,99.04954528808594,100.62066769324217,98.81387130853557,99.09863841504867,5864300
2025-05-22,98.8335189819336,99.70745609308318,98.7745967385541,99.33431684629329,3808400
2025-05-23,98.38182067871094,98.76478154388946,97.80246482388777,97.9399375707876,3894000
2025-05-27,99.9823989868164,100.14932910668932,99.03972552601887,99.34412839069336,3604100
2025-05-28,99.9627685546875,100.50283794038177,99.83510993364641,100.02168330796607,4014300
2025-05-29,99.15757751464844,100.3555534017155,98.39164818843962,100.3555534017155,4386200
2025-05-30,99.56999206542969,99.81548020785348,98.23453597130799,99.12810891404473,9044700
2025-06-02,100.06095886230469,100.14933098917993,98.54875114936016,98.71568127237084,5983100
2025-06-03,99.77619934082031,100.14933861331563,99.13792868410974,99.84493571974585,4102100
2025-06-04,100.41445922851562,100.60593965582301,99.81546763710224,99.90875431814734,4388200
2025-06-05,100.55193328857422,101.54370736972888,100.26716617649208,100.98398727612754,6785700
2025-06-06,101.83828735351562,102.0543180904732,101.20983838693135,101.53388449236773,4002100
2025-06-09,101.543701171875,102.40781658594192,101.44549993861777,102.2016074811658,6371300
2025-06-10,102.8300552368164,102.99207827978833,101.41604140120846,101.92666083815675,7313500
2025-06-11,102.59439086914062,103.21301818907705,102.25070153302917,103.0755454513134,5455600
2025-06-12,101.75972747802734,102.48637766921159,101.56333998898984,102.37836230273021,5616100
2025-06-13,100.72868347167969,101.68117854073094,100.5666604194666,100.93489258585016,7342800
2025-06-16,102.45692443847656,102.54039699708437,101.38659976578036,101.42587876638893,6211900
2025-06-17,101.55352783203125,102.23107746825393,101.29331101353768,101.93648871553889,6034700
2025-06-18,101.60263061523438,102.42746715365102,101.52407261394612,101.80393268414677,5927300
2025-06-20,100.98399353027344,102.7809684393393,100.78760602301405,102.42746493290986,7469600
2025-06-23,102.26264190673828,102.34139057021977,100.3933862484771,101.15034519713416,6925400
2025-06-24,103.58167266845703,103.6948691970378,102.76467204852061,102.94185281537565,4685500
2025-06-25,103.56197357177734,104.14273562670495,103.39463828014381,103.60134790684756,4401800
2025-06-26,104.76285552978516,104.81207532187696,103.56196469764947,103.90648071263449,6375800
2025-06-27,105.99327850341797,106.06218170854083,104.82191650644315,104.84160742784175,6949700
2025-06-30,106.82996368408203,107.03667330188574,106.1803059581113,106.83980914489732,5652500
2025-07-01,106.07203674316406,106.66263677036486,105.6586099652254,106.40670733828603,6614100
2025-07-02,105.76688385009766,106.08187102102184,105.71274507806912,105.8751613941547,4865800
2025-07-03,106.34764099121094,106.6527826867877,105.98343404076826,106.23936345215733,3206100
2025-07-07,105.32393646240234,106.24921456906753,105.11722683408308,106.15077497567938,5533900
2025-07-08,105.10737609863281,105.51095738359066,104.63489911757888,105.50111192276857,4353000
2025-07-09,105.38299560546875,106.01296996008156,104.92035654601226,105.16644051296684,4973900
2025-07-10,105.02863311767578,105.21565933398955,104.61029488366687,105.136910662922,4126500
2025-07-11,104.34944915771484,104.83177163807005,103.91633896562382,104.6742742918963,4769400
2025-07-14,105.37315368652344,105.48143122869764,104.3986558069555,104.45772106352369,6101100
2025-07-15,104.32975006103516,105.65860189825156,104.3149856247239,105.46173774084403,5813500
2025-07-16,104.64472961425781,104.97940766939293,104.08365854554468,104.79238147652667,6812600
2025-07-17,105.00894165039062,105.1270646479316,104.31498312087375,104.55614809131264,4640100
2025-07-18,104.526611328125,105.10736579161359,103.98522368429202,105.03846259238807,5593900
2025-07-21,105.92437744140625,106.10647716365398,105.05816462949517,105.09753145331662,4468600
2025-07-22,106.17045593261719,106.4263853336077,105.87515219994461,106.35748213063555,5292500
2025-07-23,106.75120544433594,106.79057977417993,105.79640610768966,106.12123118660298,4967000
2025-07-24,106.92839813232422,107.98163716631518,106.92839813232422,107.67649546325471,5732700
2025-07-25,105.93421936035156,106.54450273770051,105.68813541532091,106.24428002436768,7300700
2025-07-28,105.3633041381836,106.04249823822241,105.17135895902733,105.86531749516385,6326900
2025-07-29,104.45771789550781,105.8259440579737,104.39865264073097,105.6586012643065,5396000
2025-07-30,104.78253936767578,105.48634334605005,104.43310437601201,104.81207574898276,6331700
2025-07-31,105.72752380371094,106.95794369244297,105.51096870171219,106.7413885904442,11450800
2025-08-01,104.45771789550781,105.27471090274477,103.9852334067239,105.15659541296343,9181900
2025-08-04,106.46576690673828,106.48545031897518,104.99910111389552,105.13690752921295,4883600
2025-08-05,105.638916015625,106.85949028475278,105.60938714369316,106.51497426240454,5774100
2025-08-06,106.04249572753906,106.32302751663961,105.19596636517812,106.18030213444564,5141000
2025-08-07,105.5896987915039,106.7413773940687,104.96465096070956,106.61340893273582,6248300
2025-08-08,105.94405364990234,106.51497018501681,105.62906651154364,105.62906651154364,5984400
2025-08-11,106.4854507446289,106.63802159720548,106.14093470495818,106.25413122301718,4686800
2025-08-12,108.52302551269531,108.64114851613218,106.9283987607864,106.97761855635669,7128000
2025-08-13,109.36955261230469,109.65992987431319,108.75926170563935,108.86753924569105,8215500
2025-08-14,109.45814514160156,110.03890720686742,108.89707399916459,108.94629379635016,5120900
2025-08-15,109.73375701904297,110.46216339984926,109.5762596881194,109.78296930254203,5535500
2025-08-18,109.06440734863281,109.6402428783277,108.83800681504763,109.63531639310423,4295800
2025-08-19,108.4541244506836,109.08409879503864,108.02101427273203,109.08409879503864,5086000
2025-08-20,108.12928771972656,108.50334013555991,107.11542303238389,108.37537167334902,8825500
2025-08-21,108.01116180419922,108.2769291441124,107.55836076453365,107.87334789437564,3794600
2025-08-22,109.56642150878906,109.94047393964745,108.61654101439677,108.65098886414675,6382900
2025-08-25,109.74360656738281,110.14226140231908,109.32034183315322,109.46799371902623,5684400
2025-08-26,109.26127624511719,109.52704361271478,108.9364436214752,109.52704361271478,4680600
2025-08-27,109.44829559326172,109.54672766731665,108.89214348551684,108.99550204470033,3603900
2025-08-28,109.86173248291016,109.90602579687716,109.1037896200019,109.37940998553304,4645100
2025-08-29,109.6451644897461,109.96507062175017,109.17760648532234,109.53688695063076,4311800
2025-09-02,109.45814514160156,109.45814514160156,107.98164134467409,108.22772531082867,8205300
2025-09-03,111.28900146484375,111.36775013002766,110.51137529339627,110.8066790328929,8269300
2025-09-04,112.29302978515625,112.3127131967921,111.37267070609931,111.68273888603862,5497600
2025-09-05,112.89347076416016,113.28228008517085,112.04694140941987,112.47020608679001,5323600
2025-09-08,113.02143859863281,113.40532896780029,112.40622871087899,112.43083860836641,8005300
2025-09-09,113.66124725341797,113.80397262905026,112.72317242463706,112.97220774067718,5455400
2025-09-10,112.8245849609375,113.50377163363842,112.45545899385918,113.47424275785409,5378200
2025-09-11,114.55699920654297,114.82769305707906,112.55879870785404,113.0411211534271,14732600
2025-09-12,115.51180267333984,115.7480411585741,114.5865321437198,114.76370537523097,6091200
2025-09-15,117.13595581054688,117.24915232053692,115.93506497796625,116.02365910178716,7242400
2025-09-16,116.66348266601562,116.98831530175174,116.01382490443002,116.77668669688181,5802300
2025-09-17,116.96862030029297,117.24423311183433,116.09256207365685,116.96862030029297,5993800
2025-09-18,117.05721282958984,117.60351950503356,116.62902915501292,117.0965871632121,6022700
2025-09-19,117.53954315185547,117.67734956502149,116.83082016420953,117.34267148312811,5548000
2025-09-22,117.12962341308594,117.78154688730008,116.94194493386658,117.39631766706496,6412100
2025-09-23,116.96170043945312,117.7716705070173,116.80365382330527,117.38643376417625,4127600
2025-09-24,115.99368286132812,117.06541103455547,115.50473462447802,116.96169953757591,5099800
2025-09-25,115.59857940673828,116.05295214234533,115.05531109802621,115.45041258215217,3786700
2025-09-26,116.72462463378906,117.0604699081422,115.60844872377633,115.84551109997574,7462700
2025-09-29,117.09998321533203,117.79635442626544,116.95181640208425,117.36667745031632,4875800
2025-09-30,116.92218780517578,117.24814576011248,116.4628714249146,116.99133131514144,5740500
2025-10-01,115.28248596191406,116.06282415203145,115.09480749429372,116.06282415203145,7218900
2025-10-02,115.02566528320312,115.2824872624107,114.42806942337148,115.26273520373812,3984800
2025-10-03,114.9664077758789,115.30718921097237,114.67007412725562,115.17383831548412,3535900
2025-10-06,115.0849380493164,115.16889748791762,113.98357047784049,114.81823626921614,4293600
2025-10-07,114.64042663574219,115.66770693184444,114.54165127836397,115.22321405560409,4242900
2025-10-08,114.16630554199219,114.6997015321148,113.98850687861797,114.56141452016564,4957900
2025-10-09,113.51438903808594,114.12680840896627,113.29707869564201,114.08729675251483,4033800
2025-10-10,111.4203109741211,114.30952986366366,111.33140787347831,113.58351927540185,8248100
2025-10-13,112.44759368896484,112.74392733579126,112.11175592290076,112.38832997403064,4146000
2025-10-14,113.18841552734375,113.47486936431945,111.43018838790715,111.81541759099372,4587900
2025-10-15,113.98851013183594,114.55153799257685,113.09951678959314,113.70205630288676,4103500
2025-10-16,112.77355194091797,114.70957771040118,112.1413805686817,114.20582109370106,4682800
2025-10-17,113.53413391113281,113.82058773119965,112.50685358484803,112.63526079960478,4393700
2025-10-20,114.8182373046875,114.97628392188741,113.89961206642614,114.05765868362606,4281500
2025-10-21,115.22322082519531,115.49979485653428,114.61080151574679,115.173829375566,6804100
2025-10-22,114.22557830810547,115.00591652945037,113.65267062113162,114.59599159149896,5438900
2025-10-23,113.84034729003906,114.61080570150077,113.83046749253694,114.60092590399866,3607200
2025-10-24,114.13668060302734,114.89725921483151,114.08728915173415,114.50215021271825,4758000
2025-10-27,115.72698974609375,115.80106938751508,114.8281165711017,114.9466515334533,5252300
2025-10-28,115.15408325195312,115.80600671141012,115.13926732351621,115.75662279531291,4920400
2025-10-29,114.86762237548828,115.32990041543243,114.27989879655111,115.17877192576728,6986800
2025-10-30,112.92172241210938,114.46758290663797,112.57600485923264,113.47981416351733,8434500
2025-10-31,113.40572357177734,113.67736147517269,112.66489703674128,113.10939747940925,5249700
2025-11-03,112.20064544677734,113.48474779903134,111.5092103562266,113.48474779903134,6410400
2025-11-04,111.43018341064453,112.01297085599879,111.10916160110396,111.14372958646389,5198200
2025-11-05,112.03272247314453,112.5167345548957,111.10916116397426,111.38079905963522,6273900
2025-11-06,111.02519989013672,112.27966278374964,110.92642453046338,111.91419319935058,6265900
2025-11-07,110.73875427246094,110.78814572399368,109.47934761915047,110.48193228943008,7460400
2025-11-10,111.89443969726562,112.13150208060263,111.0400218622655,111.46969884507831,4724100
2025-11-11,112.80318450927734,112.86739188745115,111.83517538645754,111.84505518373288,3841900
2025-11-12,112.1512680053711,112.89209458918104,111.84506209560786,112.88221479129516,4563800
2025-11-13,110.56095886230469,111.59811908649993,110.4078559085405,111.39068101279875,6354300
2025-11-14,109.96829223632812,110.44241699668073,109.46452808438593,109.9287805836192,4859800
2025-11-17,109.82012939453125,111.25239106066311,109.25216538046318,110.62516333342688,4582300
2025-11-18,110.44241333007812,111.09434427401585,108.82247330317928,109.79048992221735,8726100
2025-11-19,109.83000183105469,111.61292459811712,109.63738724009013,110.38314987975761,4416800
2025-11-20,108.62492370605469,111.6524371430005,108.5212046780545,111.4203108986888,7385400
2025-11-21,110.53133392333984,111.19807336398863,109.1682081106676,109.1682081106676,7535900
2025-11-24,111.62774658203125,111.9537045363728,111.19806205881454,111.38080439887946,5524000
2025-11-25,112.90196228027344,113.19828836037492,112.24509520873698,112.73403587853134,8890600
2025-11-26,113.06000518798828,113.35633881422848,112.8179991420229,112.87727038891722,6301600
2025-11-28,113.9786376953125,113.9786376953125,113.24769091607664,113.39091407176187,3731600
2025-12-01,113.44524383544922,114.02803133933959,113.09952626674024,113.1587899824967,5173500
2025-12-02,113.82059478759766,114.0378975792555,112.98098533297019,113.8897382976882,4777400
2025-12-03,113.72180938720703,114.07740672731262,113.24768462445107,113.61315422572603,4885500
2025-12-04,114.37374877929688,114.61674207134926,113.55389887722579,114.56636339136631,4654300
2025-12-05,115.69734954833984,116.17641798907069,114.52190987486189,114.66019689527106,6049400
2025-12-08,114.83799743652344,116.14185189020571,114.38362471406663,116.14185189020571,6128900
2025-12-09,114.9664077758789,115.11457460019055,114.19101320183641,114.69971352098013,4842700
2025-12-10,115.6380844116211,115.91465844903364,114.89725786737579,115.01579282744287,5882600
2025-12-11,115.38126373291016,116.01343512156966,115.17383320251352,115.42077538671106,6495600
2025-12-12,115.12444305419922,116.08257234670515,114.80440093656308,115.8059983211507,5955100
2025-12-15,115.14420318603516,115.45831443310554,114.56142323933406,115.40102517180593,5070100
2025-12-16,115.22322082519531,115.58869042257446,114.56141760219462,114.80835977818687,6178500
2025-12-17,114.39348602294922,115.36150262494513,114.30952659123723,115.20345602213894,6181900
2025-12-18,115.04542541503906,115.74674031038849,114.84293101633241,115.00591376143211,4791400
2025-12-19,115.09480285644531,115.746733800176,114.9367637869838,115.12444224704147,6174800
2025-12-22,115.60615539550781,116.03226373199712,115.38814155606485,115.62597139887791,4704400
2025-12-23,116.32955932617188,116.39892668024126,115.51696708115557,115.55660664926302,3685000
2025-12-24,117.02323150634766,117.04305507040819,116.19082326719253,116.25027883842519,2044400
2025-12-26,116.9043197631836,116.95386355213141,116.63180246231008,116.80522462481352,2849500
2025-12-29,116.82504272460938,117.06287257306006,116.45838238953888,116.48811773601047,4699300
2025-12-30,117.22142791748047,117.59799246482699,116.53765861473147,116.61693774905949,4396200
2025-12-31,116.65658569335938,117.20657244148381,116.62685790597021,116.94396690557957,3003400
2026-01-02,115.843994140625,117.2462127516405,115.5268851390138,117.09261414217687,6417600
2026-01-05,116.68630981445312,117.24124865621455,115.8836293382661,115.94803702209398,5984600
2026-01-06,116.27010345458984,116.81513050359483,115.49219110837585,116.57730065603765,5698200
2026-01-07,116.03226470947266,116.63675488375706,115.62597237293078,116.14127163011244,5050900
2026-01-08,116.41874694824219,116.60207333013318,115.48723602527842,116.27010046216668,5089300
2026-01-09,116.84486389160156,117.16197286985448,116.13136680041387,116.45838000014622,4187000
2026-01-12,116.48811340332031,116.7853988127077,116.29982735170964,116.38901070638356,5668000
2026-01-13,115.83407592773438,116.85477023374456,115.40399833301578,116.53766124973679,7757800
2026-01-14,115.58633422851562,115.77462028657065,115.04129961860612,115.61606201442441,5646400
2026-01-15,115.16022491455078,115.93317763432157,114.8827554828869,115.93317763432157,12267200
2026-01-16,114.12960815429688,115.3485002562953,114.08996858767769,115.3485002562953,5545100
2026-01-20,112.4449691772461,113.66385372984483,112.35082615072946,112.76207815260646,9177400
2026-01-21,113.594482421875,113.96114273330936,112.15758408116638,112.22695143084596,7862800
2026-01-22,115.19985961914062,115.41787346637537,114.4021312565633,114.6845603478832,5517000
2026-01-23,115.9034423828125,116.15613612170317,115.02148279161624,115.02148279161624,6086200
2026-01-26,116.70612335205078,116.9439607596145,116.02731370742299,116.20073587204556,4763900
2026-01-27,115.843994140625,116.82504893303542,115.48724556875302,116.82504893303542,3934000
2026-01-28,115.69534301757812,116.76062901903191,115.58633609383708,116.27010542267188,8319500
2026-01-29,118.70787811279297,118.87138849278479,116.81017635530979,118.20248308013409,9730200
2026-01-30,118.9952621459961,119.17363642292929,118.06375119307,118.6880573820989,11651200
2026-02-02,118.5889663696289,119.31732739575331,118.45023165612663,118.49978300829524,7651800
2026-02-03,116.67639923095703,118.51464550389117,116.19082773942668,118.31644765802947,8132200
2026-02-04,115.74488830566406,117.18178668265705,115.38813976673939,117.18178668265705,11640200
2026-02-05,115.16022491455078,115.61606863235214,113.50531254678769,114.15934655564183,15513700
2026-02-06,114.71428680419922,115.45751169635065,113.4854828723005,115.08093957895687,9441200
2026-02-09,115.82415771484375,116.17595413654989,114.06519828773546,114.59536141509784,9210200
2026-02-10,116.51783752441406,116.83989859790873,115.83406825151728,116.07189808364372,5830200
2026-02-11,115.68543243408203,116.58721561974366,115.27914008177083,116.30974619660923,6988000
2026-02-12,113.60440063476562,116.14127249292063,113.46071381675,115.75479615704467,8124600
2026-02-13,113.5449447631836,114.08997180851671,112.75216852936789,113.33684270291373,7423000
2026-02-17,113.36656951904297,114.01069925845006,112.27650787722489,113.33684173361216,6451700
2026-02-18,113.55484771728516,113.93141982635791,112.90081375809072,113.2179227359826,5277700
2026-02-19,114.09988403320312,114.41699301586468,113.40621049627926,113.52512163948076,5747600
2026-02-20,115.74488830566406,115.94803068883634,113.76295533851552,113.8620504747781,8195700
2026-02-23,114.31790161132812,116.11154864431451,114.12466343683774,115.90344657643831,8839300
2026-02-24,115.11067199707031,115.21967135617635,113.85214031117802,114.12960972084657,6109200
2026-02-25,115.44760131835938,115.68543116980764,115.05121319229583,115.27913882193664,6197700
2026-02-26,115.66561889648438,115.98768000653202,114.88770651245176,115.17013561304192,6649500
2026-02-27,116.98360443115234,117.09261135665754,115.09085468872081,115.23454907255713,7131100
2026-03-02,116.80522918701172,117.07278682710866,115.27913980298823,115.39805094948699,10466500
2026-03-03,116.8944091796875,117.36016465132396,114.82329279276313,115.18004134293257,13693000
2026-03-04,117.71691131591797,118.00924461859037,116.54757054475398,116.70612125313714,8139800
2026-03-05,117.37007904052734,118.083576156715,116.71108538628387,117.5583575414007,8776300
2026-03-06,116.39893341064453,116.56739591448608,115.34851125672073,116.16605565984445,10809500
2026-03-09,116.4980239868164,116.72594961755439,114.4566353344032,115.447601874095,10548900
2026-03-10,116.31964874267578,117.04800974814732,115.89353283172288,116.57730215779199,12013500
2026-03-11,115.94308471679688,116.72594918752623,115.42778544466441,116.39892841611878,6213400
2026-03-12,114.22870635986328,115.68542834024375,114.15933900653442,115.24940821666571,7816900
2026-03-13,113.4161148071289,114.85302079256532,112.89090376297696,114.43681667008354,11622700
2026-03-16,114.28817749023438,114.69446985660274,113.68368727157352,114.38727263614312,7299700
2026-03-17,114.32780456542969,115.44660353459794,114.3178927837796,114.60527396783863,8391100
2026-03-18,112.63326263427734,114.11971247158048,112.5837112821773,113.62422919247943,7022000
2026-03-19,112.11795043945312,113.00982181136649,111.3449977706197,112.29137260305207,10146300
2026-03-20,111.21617889404297,112.00894759534118,110.61168869554791,111.81075731013532,10086700
2026-03-23,112.04825592041016,112.78390910729433,111.55119152137475,112.20732016870988,8557700
2026-03-24,110.4775390625,111.82955493821818,110.4079503446881,111.49155476158933,8634400
2026-03-25,110.78572082519531,111.8693176247694,110.18923745099183,111.22313235911639,6097800
2026-03-26,108.17115783691406,110.22900425484654,108.04192381675642,109.96059280233415,9765900
2026-03-27,106.41155242919922,107.87292304420214,106.09343150233201,107.67906822290183,9594600
2026-03-30,107.3261489868164,108.02204372772047,106.43740059225225,107.261528184945,9490400
2026-03-31,110.20912170410156,110.60677474942636,108.18109799908602,108.49921891842565,10145200
2026-04-01,110.5868911743164,111.21816511789179,110.05503618344359,110.59683458650692,9856900
2026-04-02,111.044189453125,111.21319712183359,109.05593175416412,109.49335087500789,5590500
2026-04-06,111.10383605957031,111.85936848154313,111.00442469716344,111.24301348386008,3803600
2026-04-07,111.16348266601562,111.3424261542905,110.39800682342927,110.91495046477837,4379300
2026-04-08,113.14179992675781,113.81283992210282,112.54532414456285,113.58916245185485,4579400
2026-04-09,113.5990982055664,113.79792852256979,112.5502919852519,113.12688852766011,4176700
2026-04-10,113.28097534179688,114.18563620330774,113.0125638991931,113.96692665065233,2667900
2026-04-13,114.1458740234375,114.18564008750946,112.60497127520429,112.96783376563543,5063500
2026-04-14,115.87565612792969,116.14904307812571,114.1657532953595,114.33476096386325,5396400
2026-04-15,116.67095947265625,117.42649950311069,116.0565840363575,116.16395164837489,5140000
2026-04-16,118.13233184814453,118.22677530145724,117.1382030083916,117.20779172379027,3708300
2026-04-17,118.40074157714844,118.77851538490977,117.65514495816815,117.94344322765932,3176900
2026-04-20,118.05279541015625,118.40073897444496,117.82414244813747,118.04285199843348,3297300
2026-04-21,116.47213745117188,118.4305648766827,116.30312978564773,118.1025081268323,3862300
2026-04-22,117.18790435791016,117.28732330910678,116.59640407205636,116.95925897320055,3079700
2026-04-23,116.70077514648438,117.49608119252838,115.83588039025656,117.27737165063625,3503600
2026-04-24,114.86164855957031,116.53178533561338,114.41428602506163,116.5218419233973,4857700
2026-04-27,115.13005828857422,116.06454182325999,114.73241282110048,114.73241282110048,4506200
2026-04-28,115.0704116821289,115.54759685613455,114.64293598329506,115.17479854614925,4052200
2026-04-29,114.61311340332031,115.10023440498247,114.38943593411022,114.86164561013176,4401500
2026-04-30,115.8259506225586,115.98500728932757,114.02657230579076,114.32481398480891,5276500
2026-05-01,116.03471374511719,116.61131026443026,115.90547214809139,116.14903643243936,7556000
2026-05-04,115.41835021972656,116.08441468420753,115.27917279683803,115.94026934785893,5485700
2026-05-05,114.95111083984375,115.62711872973479,114.51469290646259,115.62711872973479,5299100
2026-05-06,116.66101837158203,116.91949399481028,115.53765550788414,115.53765550788414,6220600
2026-05-07,116.69084167480469,117.50602702836657,116.34787359264246,116.93937388728821,4333300
2026-05-08,116.25343322753906,116.50196544662677,115.9303367919642,116.3279898594248,4153400
2026-05-11,114.90141296386719,116.03471923288784,114.75229212118529,115.83588891444492,4729300
2026-05-12,115.17976379394531,115.27420724382516,114.29498976549338,115.00082030591004,5336300
2026-05-13,116.0744857788086,116.34289722907023,114.67276047021683,114.84375530324823,4061300
2026-05-14,116.42243194580078,117.27738337616694,116.24845636064668,116.41248853346592,3558200
2026-05-15,115.39847564697266,116.35283840733743,115.29906428154734,116.22360439074463,4295100
2026-05-18,116.2931900024414,117.1282545512567,115.16981960776265,115.35870650625216,5125600
2026-05-19,115.1698226928711,116.45224978541968,115.03561317800178,116.26336288187035,5163900
2026-05-20,115.41835021972656,115.53267290611343,114.13592317916729,114.97099530109922,5148800
2026-05-21,115.41835021972656,116.16892230523337,114.31486666353837,114.79205181672815,4855400
2026-05-22,114.78211212158203,116.04465996457871,114.5584346550262,115.72653904701909,4108700
2026-05-26,114.87158966064453,115.39350123016897,114.3944044836895,114.95111420296948,4191600
2026-05-27,115.57742309570312,116.36775371710492,114.48388286938223,114.55347158602261,5747800
2026-05-28,115.9850082397461,116.15400831976078,114.87158880943669,115.41835511264905,4528300
2026-05-29,115.0107650756836,115.36865205598006,114.46399119339705,115.24935386768092,5493800
2026-06-01,114.93123626708984,115.3636798871781,114.14090565637642,114.74732485801344,5270300
2026-06-02,112.90321350097656,114.22540669540957,112.85350402449964,114.08125376438728,6493900
2026-06-03,111.42195892333984,112.764031300862,111.10383800730051,112.57514439975708,6066700
2026-06-04,112.44590759277344,113.69353648876432,112.02837532295187,112.07807721149211,6056200
2026-06-05,111.01436614990234,112.69444632274036,110.4825111625431,112.12779318524487,9005000
2026-06-08,110.4377670288086,110.81056533649634,109.4734684439878,110.75589553258575,9077800
2026-06-09,110.82547760009766,111.57107417075747,109.83134883921792,110.82547760009766,6589000
2026-06-10,110.35823822021484,111.78977850885336,110.27870609734583,110.93482714951335,5435400
2026-06-11,111.46173095703125,111.85937643493199,109.5728845985975,110.23894911714268,5931800
2026-06-12,110.9944839477539,112.32661292207887,110.17929862110405,112.24708838100644,7465700
2026-06-15,111.53131866455078,111.92896413885205,110.93483528389636,111.26289962633605,6585200
2026-06-16,111.66055297851562,111.92896443283409,110.75589966212252,111.58102084960598,7896400
2026-06-17,108.55886840820312,110.83542440628825,108.37495699629406,110.82448741123822,9639800
2026-06-18,108.8073959350586,109.72200021056032,107.8729200050517,109.21499239044319,11655600
2026-06-22,106.50897216796875,108.17847293908942,105.97074512179552,107.76981611345822,7382300
2026-06-23,106.9176254272461,107.29139358973265,106.04051887683744,106.170089102273,7949700
2026-06-24,106.19002532958984,107.72994830016081,106.10031701831103,107.1717902898307,9075500
2026-06-25,105.2331771850586,106.27972342874843,104.68498086384079,105.332847169553,5323100
2026-06-26,105.83120727539062,106.89769210456826,105.01390121568751,105.31291878078996,9352100
2026-06-29,107.52561950683594,108.1535548705866,107.31631025369656,107.94424561744722,6573200
2026-06-30,106.77808380126953,107.32628013709717,106.03054749114051,107.17179051636373,4760200
2026-07-01,109.37950897216797,110.47589402148117,108.27814308509546,108.67184218939006,14529400
2026-07-02,109.2399673461914,109.64862416447797,108.19342111216295,109.24993662584852,8388900
2026-07-06,109.84796905517578,110.01242795739418,108.62201375403156,109.71341038893661,8938800
2026-07-07,110.65530395507812,111.90119779516307,110.58553420420667,111.3031702727888,7882400
2026-07-08,109.10043334960938,110.6204253898414,108.9210243283962,110.55563647530167,5527900
2026-07-09,110.14698791503906,110.23170778608439,107.46582186058778,107.72496991600052,6444300
2026-07-10,111.27326965332031,111.79156574743324,110.66029201532699,111.35300868385038,6465600
2026-07-13,111.22343444824219,112.3895968954716,111.09884506064213,111.41281275078076,5851900
2026-07-14,111.08389282226562,111.46264942011358,110.46593433833701,110.46593433833701,5061500
2026-07-15,113.00755310058594,113.48597968517909,111.16363172234706,111.33307146100883,6245600
2026-07-16,112.27995300292969,113.65541704784003,111.90119641344779,113.22682926796955,5648300
2026-07-17,110.2865219116211,111.14369746380906,109.94763484003563,110.83471062705978,7677700
2026-07-20,110.43603515625,111.29321074310279,110.14698686725707,110.45098527427268,4011900
2026-07-21,109.6685562133789,110.25662204969794,109.62868669868504,110.16691374055364,3944800
2026-07-22,108.8412857055664,110.74003435569313,108.80142379344247,110.54567521567483,3998500
2026-07-23,105.03382873535156,106.60864033195328,104.90923935469002,106.60864033195328,12517500
2026-07-24,105.95081329345703,106.5986719951616,104.94910979730535,104.94910979730535,6151900
2026-07-27,107.30635070800781,108.18345725347774,107.08707217055716,107.16680359881246,6668500
2026-07-28,109.30973815917969,109.6685561870058,107.97414363675213,107.97414363675213,5307200
2026-07-29,109.1502685546875,110.37622382236245,108.59210294909377,109.1502685546875,7120100
2026-07-30,106.22989654541016,106.29966629781806,105.14646164142442,106.12025727672163,10083400
2026-07-31,107.88443756103516,108.04889646088776,106.25979472676279,106.47408481775305,5024600
2026-08-03,110.97425079345703,111.64205566092254,109.42934701774605,109.46921653254492,7789800
2026-08-04,111.67195892333984,111.90618757642532,110.08717798553455,110.17190545948684,5461000
2026-08-05,110.50580596923828,112.58395604199886,109.57886062127079,112.52414796500136,5777000
2026-08-06,110.81478118896484,111.55234820757282,110.43603220196776,110.81478118896484,3904200
2026-08-07,110.88455200195312,111.31812062583279,109.90776788335545,109.90776788335545,3166300
2026-08-10,111.462646484375,111.462646484375,110.33635360485928,110.87458064736255,4257000
2026-08-11,110.90447998046875,111.90618346989811,110.74500952713444,111.19352825674031,3383300
2026-08-12,109.90776824951172,111.05898055165825,109.53400009545093,110.94435284262684,5534200
2026-08-13,112.18028259277344,112.23510222502587,110.46094303773448,110.49583171477349,5538700
2026-08-14,112.57896423339844,113.1271605642091,112.2749658325548,112.389593540845,2982800
2026-08-17,110.45596313476562,112.20021449749927,110.29649267871142,112.13542558492563,3690000
2026-08-18,110.11708068847656,111.08887632916881,110.07721117445685,110.49582966516547,3985200
2026-08-19,110.9543228149414,111.79156743951468,109.88783797954004,110.06724699878198,3385700
2026-08-20,110.31642150878906,111.16861621835581,109.94763420449915,110.82474831106278,3599100
2026-08-21,111.0340576171875,111.65201607877854,110.40612227159362,110.6553010330306,5055200
2026-08-24,111.95103454589844,112.43942279307903,111.03405852138279,111.0938589912283,4133500
2026-08-25,112.80821228027344,112.90290142891335,111.92611731134616,112.04074501987478,2701500
2026-08-26,112.24008178710938,113.62551509083525,112.0955538472081,113.45607535828341,3679700
2026-08-27,111.04402923583984,112.00087478739256,111.00415972065025,111.66198771044729,4425600
2026-08-28,112.61883544921875,113.15706250823264,111.46264990359579,111.5025194195597,3743500
2026-08-31,111.09386444091797,112.22014976947504,110.88455518185866,112.11051810415776,3317200
2026-09-01,110.51576232910156,111.26329861878406,109.94763505311616,110.19681381634365,5152000
2026-09-02,112.05070495605469,112.68860198460456,110.54068225206044,110.56560164936818,5123100
2026-09-03,113.00755310058594,113.91456747400932,112.46932604454338,113.04244177848649,3367500
2026-09-04,111.6619873046875,112.91785041343232,111.50749768659702,112.75339151549755,2689600
2026-09-08,111.1536636352539,111.43773108635251,110.60048645541217,111.22343338747122,5657900
2026-09-09,110.46593475341797,111.5623198266254,110.16691718602839,111.55235054655704,4817200
2026-09-10,111.13372802734375,111.5274271260187,110.00744275888637,110.25662152127951,4965600
2026-09-11,112.23011779785156,112.66867487155983,111.9410695087559,111.9709697448119,3979800
2026-09-14,114.69200134277344,114.88137963705248,113.20689803656502,113.25672922683208,4352100
2026-09-15,113.6554183959961,114.28335375786664,113.44610914348343,113.87469692843771,5533400
2026-09-16,112.62879943847656,114.138822114637,112.12047263923147,113.84479300308956,4395900
2026-09-17,111.9809341430664,113.60059609637206,111.83641380698536,113.43613720090114,4251200
2026-09-18,110.44599151611328,112.03077238923355,110.37124092959773,112.00087215462733,7159100
2026-09-21,114.75,115.51000213623047,111.61000061035156,111.62000274658203,8394100
2026-09-22,113.52999877929688,115.61000061035156,113.44000244140625,114.94999694824219,7403900
2026-09-23,112.55999755859375,113.54000091552734,112.2699966430664,113.52999877929688,5629800
2026-09-24,113.98999786376953,114.08000183105469,112.51499938964844,112.51499938964844,5487800
2026-09-25,112.95999908447266,113.5199966430664,112.54000091552734,113.46199798583984,4991700
2026-09-28,111.18000030517578,112.79499816894531,110.95999908447266,112.7699966430664,5299500
2026-09-29,111.47000122070312,111.5199966430664,110.5999984741211,111.45999908447266,11079300
2026-09-30,110.97000122070312,112.52999877929688,110.95999908447266,111.47000122070312,10342800
2026-10-01,109.94000244140625,111.8499984741211,109.66000366210938,111.73999786376953,6655800
2026-10-02,110.31999969482422,111.125,109.95999908447266,110.30999755859375,5598000
2026-10-05,111.61000061035156,111.73500061035156,110.22000122070312,110.22000122070312,6240400
2026-10-06,111.6500015258789,112.0250015258789,111.06999969482422,111.9800033569336,5814100
2026-10-07,111.26000213623047,111.66000366210938,110.4749984741211,111.31999969482422,4252191
