Date,Close,High,Low,Open,Volume
1998-12-22,5.752997398376465,5.834364720300739,5.752997398376465,5.834364720300739,15800
1998-12-23,5.7288899421691895,5.7469716557124695,5.71683546647367,5.7469716557124695,48200
1998-12-24,5.834364891052246,5.846419363967644,5.81628318167915,5.828337654594548,47600
1998-12-28,5.804227828979492,5.83436400670005,5.795187343536588,5.822309535611827,6200
1998-12-29,5.900664329528809,5.915732788131251,5.8283374940289665,5.8283374940289665,24000
1998-12-30,5.852449893951416,5.9458724794935796,5.852449893951416,5.93080401199608,140800
1998-12-31,5.831350803375244,5.831350803375244,5.7921734041523525,5.831350803375244,43200
1999-01-04,5.737928867340088,5.834364646623114,5.713819922519331,5.789160742957499,218600
1999-01-05,5.8072428703308105,5.8072428703308105,5.759024977212326,5.783133923771569,222400
1999-01-06,5.867513179779053,5.885594883359657,5.825322538090978,5.825322538090978,82000
1999-01-07,5.846415996551514,5.927784009737451,5.834361530579242,5.867511679876095,444600
1999-01-08,5.879569053649902,5.88559628961687,5.807242222046295,5.864500595859195,271800
1999-01-11,5.722860813140869,5.846418780315492,5.701765119771603,5.846418780315492,258000
1999-01-12,5.7258734703063965,5.810254763553017,5.695737294146889,5.716832985331789,14200
1999-01-13,5.7650532722473145,5.807243936471693,5.68971243254467,5.68971243254467,51800
1999-01-14,5.668615341186523,5.740942167002323,5.641492413632339,5.683683062024889,40000
1999-01-15,5.695737838745117,5.746969710988061,5.674642881289711,5.6897106029369215,13800
1999-01-19,5.888610363006592,5.888610363006592,5.786147337242915,5.870528652577708,24400
1999-01-20,5.864499092102051,5.927785421400807,5.840390154416123,5.894635264209461,65400
1999-01-21,5.8434062004089355,5.906691816281484,5.8434062004089355,5.906691816281484,41000
1999-01-22,5.882585048675537,5.924775720131202,5.780121989426066,5.804230944543589,41600
1999-01-25,5.662588119506836,5.882581847359627,5.662588119506836,5.882581847359627,27200
1999-01-26,5.774093151092529,5.774093151092529,5.63848068399764,5.72587525421493,30400
1999-01-27,5.686696529388428,5.759023348612787,5.686696529388428,5.759023348612787,15600
1999-01-28,5.695737838745117,5.774091904251663,5.695737838745117,5.701765074553313,35200
1999-01-29,5.686696529388428,5.719845953659699,5.632451414970158,5.695737013918246,79600
1999-02-01,5.674643039703369,5.719846941653474,5.64149287395959,5.719846941653474,24400
1999-02-02,5.599302768707275,5.614371227992623,5.526975929929572,5.602316754863006,55400
1999-02-03,5.629438877105713,5.635466113590837,5.5691665122544745,5.5691665122544745,65000
1999-02-04,5.5450568199157715,5.620397633711811,5.5450568199157715,5.620397633711811,36400
1999-02-05,5.548070907592773,5.596288793869531,5.548070907592773,5.566152614946557,16200
1999-02-08,5.548070907592773,5.587247572319361,5.539029686042603,5.551084157611792,26600
1999-02-09,5.57218074798584,5.62341189253106,5.548071800965342,5.560126274475591,24400
1999-02-10,5.533000469207764,5.590259556533495,5.529987220267616,5.572177855653732,16000
1999-02-11,5.557109355926514,5.587245523800301,5.5299871727132475,5.54806887343752,8800
1999-02-12,5.466703414916992,5.584234892592823,5.442594469316476,5.584234892592823,206000
1999-02-16,5.566152572631836,5.566152572631836,5.523961922460413,5.539029643934074,118600
1999-02-17,5.526975631713867,5.641493120266281,5.526975631713867,5.55108457667227,114800
1999-02-18,5.62642240524292,5.701762450296561,5.526972692306497,5.551081624443058,28000
1999-02-19,5.566152572631836,5.623410944276922,5.545056879672849,5.5962887513257105,19200
1999-02-22,5.74697208404541,5.74697208404541,5.587249901301965,5.587249901301965,13800
1999-02-23,5.566152572631836,5.69573777314222,5.545056879672849,5.69573777314222,30200
1999-02-24,5.617384910583496,5.701766228982819,5.584235474799973,5.584235474799973,132000
1999-02-25,5.49683952331543,5.587248068106802,5.47273057803773,5.581220831787377,47200
1999-02-26,5.529988765716553,5.536016001027553,5.451634706673541,5.536016001027553,22800
1999-03-01,5.448620319366455,5.48478372856579,5.415470895473621,5.48478372856579,16800
1999-03-02,5.36725378036499,5.499852966299653,5.36725378036499,5.484784509115622,20600
1999-03-03,5.370268821716309,5.403418997131165,5.370268821716309,5.370268821716309,9400
1999-03-04,5.454648971557617,5.454648971557617,5.400403843663674,5.415472302618642,11400
1999-03-05,5.548070907592773,5.557111393396387,5.481771313962231,5.545056921827198,42000
1999-03-08,5.484784126281738,5.523961523628428,5.457661935288758,5.523961523628428,78200
1999-03-09,5.469717979431152,5.511908638693858,5.436567807851388,5.490812941189151,11600
1999-03-10,5.451634407043457,5.4727293615993,5.442593186700626,5.445607172063722,68000
1999-03-11,5.493826389312744,5.52697582189792,5.442594511639936,5.457662970630751,19200
1999-03-12,5.554098606109619,5.578207551256603,5.526975674945954,5.572180314969857,15600
1999-03-15,5.569165229797363,5.593274170186096,5.54505628940863,5.578206450316374,31800
1999-03-16,5.548070907592773,5.578207086515747,5.5179347286697995,5.551084157611792,20200
1999-03-17,5.49683952331543,5.57218034518155,5.49683952331543,5.5601258725427005,24200
1999-03-18,5.5782084465026855,5.5782084465026855,5.484785901191442,5.484785901191442,27600
1999-03-19,5.475360870361328,5.5815309252773515,5.475360870361328,5.551196518074757,102000
1999-03-22,5.4935622215271,5.539063467892477,5.475361574863707,5.475361574863707,76800
1999-03-23,5.320657253265381,5.445028745214168,5.287289761650999,5.445028745214168,68800
1999-03-24,5.393459320068359,5.417726853566979,5.290322302699223,5.357058019820428,47400
1999-03-25,5.375256538391113,5.396490992075076,5.34492213354692,5.396490992075076,15200
1999-03-26,5.305490493774414,5.317624261924171,5.272122261069365,5.293356725624657,24600
1999-03-29,5.278185844421387,5.34795533794523,5.278185844421387,5.317620936540509,29000
1999-03-30,5.193248748779297,5.256951352556086,5.193248748779297,5.229650025055787,23000
1999-03-31,5.181116104125977,5.238751840916875,5.181116104125977,5.229651149597883,41000
1999-04-01,5.290321350097656,5.290321350097656,5.202351927298544,5.202351927298544,22400
1999-04-05,5.332789897918701,5.354024357680226,5.278187953571411,5.30548929603819,16800
1999-04-06,5.305490493774414,5.363125522192542,5.299423609699535,5.338857985893028,77800
1999-04-07,5.375256538391113,5.387390300328791,5.326721490640403,5.350989014515759,58200
1999-04-08,5.517830848693848,5.539064570401112,5.393459368112364,5.393459368112364,89800
1999-04-09,5.478393077850342,5.526928121729414,5.466259316880573,5.526928121729414,34600
1999-04-12,5.5572662353515625,5.566366932449424,5.466262967305413,5.484463620914643,19000
1999-04-13,5.466263294219971,5.563333452607894,5.466263294219971,5.557266567708649,26000
1999-04-14,5.387392044067383,5.484462170987515,5.384358972894276,5.484462170987515,53200
1999-04-15,5.441995620727539,5.46323008764571,5.40256124014596,5.40256124014596,35000
1999-04-16,5.502661228179932,5.5147949905353455,5.469293751995586,5.472326822291398,5600
1999-04-19,5.5572662353515625,5.654336387934123,5.548166278840194,5.5572662353515625,23800
1999-04-20,5.617933750152588,5.617933750152588,5.563331802256936,5.563331802256936,20600
1999-04-21,5.718038082122803,5.718038082122803,5.602767295359129,5.64220166790615,39200
1999-04-22,5.699832916259766,5.7058997949675545,5.62703037176631,5.7058997949675545,26400
1999-04-23,5.696803092956543,5.733204390675115,5.690736210003447,5.733204390675115,12200
1999-04-26,5.666469097137451,5.736238626549558,5.666469097137451,5.696803514145682,12200
1999-04-27,5.699832916259766,5.70286598532077,5.639164129181886,5.639164129181886,17400
1999-04-28,5.675570487976074,5.736239329426452,5.675570487976074,5.724105561136376,17400
1999-04-29,5.757476329803467,5.79084458188185,5.754443256298267,5.772643919090059,27400
1999-04-30,5.68163537979126,5.7453372706831445,5.630066512348424,5.733203506647911,65000
1999-05-03,5.766571521759033,5.78477216716082,5.699835821952483,5.699835821952483,8800
1999-05-04,5.718038082122803,5.799940639266967,5.702870503044926,5.799940639266967,100400
1999-05-05,5.7635369300842285,5.7635369300842285,5.705901931076415,5.730169454992559,1254200
1999-05-06,5.6422014236450195,5.739271555664719,5.6422014236450195,5.721070905911025,33400
1999-05-07,5.71196985244751,5.745337333616813,5.71196985244751,5.71196985244751,12200
1999-05-10,5.696803092956543,5.7119706706324305,5.693770021773144,5.7119706706324305,8200
1999-05-11,5.718038082122803,5.721071153586559,5.639168596442395,5.681636781039537,31200
1999-05-12,5.733203411102295,5.733203411102295,5.675568403188532,5.705902812771083,23600
1999-05-13,5.809038162231445,5.8242049924396095,5.7119680790241185,5.7119680790241185,20600
1999-05-14,5.699832916259766,5.757467893690863,5.699832916259766,5.757467893690863,31200
1999-05-17,5.818141460418701,5.821175272557786,5.693770715030369,5.736238900872841,20400
1999-05-18,5.69073486328125,5.809039423162781,5.681634911298275,5.809039423162781,21600
1999-05-19,5.809038162231445,5.815105042431903,5.748369360226866,5.748369360226866,62200
1999-05-20,5.796905040740967,5.845440087693959,5.763536825667764,5.802971921610091,56400
1999-05-21,5.742304801940918,5.7787060978626155,5.742304801940918,5.763538520935444,14000
1999-05-24,5.799939155578613,5.830273565388125,5.766571675081239,5.809039848814555,21800
1999-05-25,5.806008338928223,5.890944720061969,5.799941454561527,5.8242089920283115,41800
1999-05-26,5.836341381072998,5.8515089586974165,5.769605668815406,5.796907012304842,29800
1999-05-27,5.736236095428467,5.8120717341932995,5.73320228477314,5.8120717341932995,17800
1999-05-28,5.7483720779418945,5.76657272714817,5.7483720779418945,5.751405149183118,6200
1999-06-01,5.745336532592773,5.745336532592773,5.678600838972372,5.730169699790272,10800
1999-06-02,5.745336532592773,5.7726378684578,5.708935245163463,5.766570987219582,120000
1999-06-03,5.69073486328125,5.745336796937466,5.66950114826356,5.745336796937466,16400
1999-06-04,5.775672912597656,5.775672912597656,5.733204729416792,5.739271612728343,26800
1999-06-07,5.8242058753967285,5.839373448490278,5.7908383995286385,5.812072113156319,21800
1999-06-08,5.8242058753967285,5.8757747352115075,5.8242058753967285,5.857574091850893,8600
1999-06-09,5.869709491729736,5.878809445655878,5.842408148778752,5.848475031591605,10000
1999-06-10,5.821172714233398,5.824205784453103,5.769603855223855,5.824205784453103,9600
1999-06-11,5.781737804412842,5.830272854187555,5.775670923191002,5.824205972965716,14600
1999-06-14,5.942512035369873,5.948578918131564,5.851508793944502,5.8545418650322105,159200
1999-06-15,5.948576927185059,5.981944400913367,5.945543116526471,5.9546438079162085,87000
1999-06-16,6.006213188171387,6.018346952187895,5.963745014113609,5.963745014113609,249800
1999-06-17,5.954644203186035,5.98801167912928,5.945543511192192,5.960711084319905,8000
1999-06-18,5.9759111404418945,6.030848015073127,5.966755367234547,6.012535723529383,137000
1999-06-21,5.930129051208496,5.9728577189908005,5.905712669618608,5.942337242003441,117200
1999-06-22,5.9087653160095215,5.948442315179435,5.9087653160095215,5.914869412410358,22000
1999-06-23,5.890454292297363,5.930131299991385,5.878246096872913,5.930131299991385,17400
1999-06-24,5.826361179351807,5.844673471044171,5.795840693197866,5.844673471044171,10200
1999-06-25,5.795839786529541,5.866036521137897,5.795839786529541,5.804995558378917,36400
1999-06-28,5.856881141662598,5.890453300864689,5.847724624070851,5.847724624070851,19800
1999-06-29,5.859933853149414,5.872142048676809,5.8172051688035324,5.84772565762202,7800
1999-06-30,5.985068321228027,6.04000520193988,5.866038040454447,5.8996109512318125,52200
1999-07-01,5.963705062866211,6.015590279887739,5.951496864170476,6.015590279887739,57000
1999-07-02,5.966756343841553,5.966756343841553,5.927079333104793,5.945391627645796,15200
1999-07-06,5.948442459106445,5.99422281065593,5.917921976363798,5.948442459106445,22800
1999-07-07,6.003382682800293,6.003382682800293,5.966758083042882,5.969809760457972,15400
1999-07-08,5.95454740524292,6.012535958163203,5.95454740524292,6.012535958163203,9800
1999-07-09,5.95454740524292,5.96675560008183,5.841621230418462,5.960651502662375,62600
1999-07-12,5.930129051208496,5.975909394125121,5.911816765016081,5.975909394125121,14400
1999-07-13,5.902663707733154,5.957600598497993,5.902663707733154,5.954548921575692,2000
1999-07-14,5.939287185668945,5.939287185668945,5.908766696533956,5.911819118012019,26000
1999-07-15,6.030849933624268,6.030849933624268,5.966757265396346,5.966757265396346,14400
1999-07-16,6.101046562194824,6.104098238749609,6.061369551078362,6.061369551078362,3000
1999-07-19,6.043057441711426,6.104098425971137,6.043057441711426,6.104098425971137,11600
1999-07-20,6.070526599884033,6.10104709373682,6.05221430357236,6.058318402342918,10200
1999-07-21,6.107148170471191,6.13766864922135,6.055262984031484,6.055262984031484,29600
1999-07-22,6.097990989685059,6.097990989685059,6.04305413392213,6.04305413392213,8200
1999-07-23,6.058316707611084,6.094941289989199,6.058316707611084,6.076628998800142,6800
1999-07-26,6.067473888397217,6.113254999556367,6.040005817805093,6.040005817805093,49200
1999-07-27,6.1040940284729,6.134614498615265,6.073573558330536,6.101042354022996,10800
1999-07-28,6.091887950897217,6.125460852249188,6.088836275390086,6.110200239326767,5200
1999-07-29,5.991173267364502,6.058318353297053,5.97591264799703,6.021693760970207,31800
1999-07-30,6.003382682800293,6.043058959972794,5.966758083042882,6.021694982678999,10200
1999-08-02,6.094940662384033,6.116304627340203,6.012534987954192,6.012534987954192,94400
1999-08-03,6.055265426635742,6.146826899820759,6.055265426635742,6.119358830429842,117200
1999-08-04,5.963705062866211,6.085787049823554,5.963705062866211,6.067474751779952,15400
1999-08-05,6.018638610839844,6.018638610839844,5.924025496114215,5.966754167793606,26200
1999-08-06,5.994225025177002,6.0369537168025,5.994225025177002,6.0064332227842865,5200
1999-08-09,6.018638610839844,6.0552631865650355,6.015586935427194,6.030846802748241,17400
1999-08-10,5.9087653160095215,6.027795568390307,5.90571364037358,6.027795568390307,32200
1999-08-11,5.8782453536987305,5.9484428410789585,5.527260152184657,5.527260152184657,23400
1999-08-12,5.847726821899414,5.905716134764722,5.847726821899414,5.8660391188364684,47200
1999-08-13,5.924028396606445,5.948444792377869,5.869091506120741,5.869091506120741,24000
1999-08-16,5.8782453536987305,5.930130550257467,5.8782453536987305,5.905714162495478,5000
1999-08-17,5.9423394203186035,5.960651713223855,5.911818932143184,5.960651713223855,60000
1999-08-18,5.905715465545654,5.9484441535568875,5.893507268971017,5.9484441535568875,53200
1999-08-19,5.838570594787598,5.859934566998507,5.780581286403735,5.844674693294888,14800
1999-08-20,5.823305606842041,5.8721383582621,5.823305606842041,5.856878496007658,25800
1999-08-23,5.850779056549072,5.862987254116072,5.786685646757703,5.8294143382422,16200
1999-08-24,5.835516929626465,5.8477251240399095,5.811100540799576,5.8294128324197425,4600
1999-08-25,5.917922496795654,5.945390561115137,5.875193817198318,5.8874020113689856,77800
1999-08-26,5.920975208282471,5.9484440225349635,5.8996112373120155,5.936235826229226,15400
1999-08-27,5.841618061065674,5.88434671981955,5.841618061065674,5.872138531604157,25600
1999-08-30,5.762267112731934,5.850776884803424,5.759215437037557,5.826360498732526,49400
1999-08-31,5.71648645401001,5.762266802866625,5.646288975266556,5.762266802866625,40200
1999-09-01,5.737850666046143,5.747007183290484,5.652393315700774,5.676809701513736,47600
1999-09-02,5.658499717712402,5.67070791559312,5.62797922301061,5.67070791559312,304400
1999-09-03,5.765323638916016,5.774479417647747,5.73480313459441,5.73785481246182,33600
1999-09-07,5.725643157958984,5.795840648131749,5.725643157958984,5.789736550948424,40800
1999-09-08,5.643237113952637,5.7103821698263735,5.637133017964115,5.701225653279138,12400
1999-09-09,5.664602756500244,5.664602756500244,5.594406004388349,5.621874071914574,113400
1999-09-10,5.685966968536377,5.701226839117236,5.664602255568303,5.692071065794533,23800
1999-09-13,5.737850666046143,5.737850666046143,5.670705605060496,5.689017894420218,14200
1999-09-14,5.740905284881592,5.765321680042961,5.6951241713894,5.701228270179743,11000
1999-09-15,5.747008800506592,5.823309655078782,5.747008800506592,5.811101458736899,10800
1999-09-16,5.71648645401001,5.71648645401001,5.646288975266556,5.646288975266556,6000
1999-09-17,5.791136741638184,5.8188157221852315,5.741928997687357,5.741928997687357,21200
1999-09-20,5.760380268096924,5.812663105792624,5.48973775311822,5.794210207044076,23800
1999-09-21,5.683493137359619,5.754229628671878,5.683493137359619,5.74500280334836,20600
1999-09-22,5.791136741638184,5.824966690179084,5.708098298295871,5.708098298295871,29400
1999-09-23,5.738852024078369,5.806512658874577,5.732701057278714,5.772682716901693,34800
1999-09-24,5.655813694000244,5.683492665974293,5.615832038998408,5.683492665974293,56000
1999-09-27,5.738852024078369,5.754229816502727,5.701946223280437,5.701946223280437,24200
1999-09-28,5.674266815185547,5.7050216468373645,5.668115848855183,5.7050216468373645,1800
1999-09-29,5.7480788230896,5.85572036615997,5.7480788230896,5.818814565532911,19000
1999-09-30,5.86187219619751,5.86187219619751,5.772683540306033,5.781909616396285,17000
1999-10-01,5.82189416885376,5.837271220246653,5.760384461580349,5.824969278791971,26200
1999-10-04,5.917228698730469,5.917228698730469,5.852643937630997,5.861870010280807,36600
1999-10-05,5.760380268096924,5.938758289332888,5.748078335597892,5.917229532034396,26600
1999-10-06,5.846495628356934,5.861872673375953,5.7972878829351,5.815740787468288,46800
1999-10-07,5.76345682144165,5.834193326479075,5.75115488585693,5.834193326479075,17800
1999-10-08,5.806512355804443,5.861871054111901,5.775757523411412,5.775757523411412,6400
1999-10-11,5.769607067108154,5.794210935198168,5.766531959022136,5.784984860089646,21400
1999-10-12,5.655813694000244,5.729625287064845,5.646586869441992,5.729625287064845,28400
1999-10-13,5.708097457885742,5.7234752510315765,5.618908810531514,5.634285852826874,13200
1999-10-14,5.7450032234191895,5.778833917611882,5.677342585884275,5.689644519981532,23400
1999-10-15,5.609681606292725,5.668116165116819,5.572775806251325,5.625059398401853,25800
1999-10-18,5.652739524841309,5.652739524841309,5.563550865326229,5.597380813499011,11800
1999-10-19,5.58507776260376,5.701946129882914,5.572775829205955,5.698871021958675,13000
1999-10-20,5.59430456161499,5.597379669524682,5.526643928247109,5.591228702854875,33800
1999-10-21,5.5081915855407715,5.548172497514462,5.465134814495759,5.548172497514462,13800
1999-10-22,5.575849533081055,5.575849533081055,5.508188925541931,5.542018853886424,8800
1999-10-25,5.514339923858643,5.563547638735908,5.502037995139326,5.535867923692376,220400
1999-10-26,5.548171043395996,5.618907524141606,5.548171043395996,5.618907524141606,16200
1999-10-27,5.692718982696533,5.701945055581392,5.603529606941368,5.603529606941368,109600
1999-10-28,5.9049272537231445,5.926456009760841,5.797285726085647,5.797285726085647,39400
1999-10-29,5.892628192901611,5.978741757307271,5.892628192901611,5.93260986608673,55400
1999-11-01,5.947987079620361,5.947987079620361,5.89877932715194,5.904930296210493,51800
1999-11-02,5.892628192901611,5.981817617175678,5.886477224015493,5.908005990542255,176600
1999-11-03,5.824966907501221,5.864948576378225,5.806514002831206,5.864948576378225,8800
1999-11-04,5.794211387634277,5.861872030165038,5.769607517623092,5.861872030165038,21400
1999-11-05,5.843420505523682,5.8864772881959615,5.821892489612893,5.874175350289596,153600
1999-11-08,5.88032341003418,5.88032341003418,5.831115682753559,5.843417614573714,30800
1999-11-09,5.794211387634277,5.840344019330514,5.784985311805346,5.840344019330514,7800
1999-11-10,5.818815231323242,5.824966198798214,5.775758458998441,5.775758458998441,46600
1999-11-11,5.800361156463623,5.828040879931318,5.7880592240002855,5.812663088926961,11400
1999-11-12,5.818815231323242,5.849570068698101,5.784985285636159,5.849570068698101,7600
1999-11-15,5.791136741638184,5.806513786197525,5.769607978234404,5.797287709632037,29600
1999-11-16,5.7788310050964355,5.812660931388466,5.7788310050964355,5.812660931388466,14600
1999-11-17,5.82189416885376,5.864950963945147,5.7911393152170545,5.7911393152170545,27000
1999-11-18,5.7788310050964355,5.837264787182702,5.7788310050964355,5.82803871668491,21400
1999-11-19,5.78190803527832,5.78190803527832,5.732700307318504,5.732700307318504,26200
1999-11-22,5.7173261642456055,5.763458057153921,5.7050242260232915,5.74808100980139,70600
1999-11-23,5.658888339996338,5.695794133518053,5.655813232628007,5.683492202344148,64800
1999-11-24,5.628134250640869,5.649663008445565,5.618908176474849,5.649663008445565,37600
1999-11-26,5.692718982696533,5.720397952201397,5.658888296801382,5.658888296801382,5000
1999-11-29,5.628134250640869,5.646587149823298,5.60968135145844,5.640436183429155,52200
1999-11-30,5.6988701820373535,5.769605913224219,5.671190460546621,5.6773414263389705,41400
1999-12-01,5.726551055908203,5.741928850925077,5.689645248888387,5.689645248888387,9600
1999-12-02,5.692718982696533,5.735775741476544,5.692718982696533,5.720397952201397,35400
1999-12-03,5.80343770980835,5.874173454516035,5.7849848089041105,5.7849848089041105,25800
1999-12-06,5.76345682144165,5.834193326479075,5.74807977738603,5.834193326479075,19800
1999-12-07,5.806512355804443,5.8434181546760815,5.751153657496985,5.751153657496985,219000
1999-12-08,5.760380268096924,5.806512139543108,5.751153443297464,5.775757308295528,20000
1999-12-09,5.766529083251953,5.818811901444538,5.745000333984353,5.791132939072015,16600
1999-12-10,5.723475933074951,5.77268367564475,5.723475933074951,5.766532707823525,16000
1999-12-13,5.720399856567383,5.738852759330504,5.671192115865728,5.708097921391969,27800
1999-12-14,5.7173261642456055,5.7665339171348595,5.708099335153509,5.729628102467919,20400
1999-12-15,5.7419281005859375,5.766531968717317,5.698871331356023,5.720399340545747,25800
1999-12-16,5.683493137359619,5.689644103958493,5.652738304365249,5.677342170760745,22400
1999-12-17,5.756882667541504,5.756882667541504,5.682600310540968,5.732121881874658,948200
1999-12-20,5.623795986175537,5.732124087327967,5.623795986175537,5.732124087327967,373600
1999-12-21,5.698078155517578,5.763074862614547,5.6392708913446326,5.670221884162111,555000
1999-12-22,5.682600498199463,5.741407743919837,5.670220104957198,5.725931874547389,169200
1999-12-23,5.7104597091674805,5.735220508436197,5.667128310447228,5.691889109715944,595000
1999-12-27,5.5587968826293945,5.7197420039527405,5.512370783144223,5.7197420039527405,1824600
1999-12-28,5.608317852020264,5.620698244629581,5.564986477887657,5.564986477887657,198400
1999-12-29,5.524753570556641,5.6083208880891595,5.524753570556641,5.6083208880891595,55800
1999-12-30,5.524753570556641,5.558799290843339,5.524753570556641,5.524753570556641,13600
1999-12-31,5.574275493621826,5.580465693639374,5.546419215723034,5.568085293604278,76200
2000-01-03,5.438086986541748,5.732120887509123,5.39166014365059,5.732120887509123,353400
2000-01-04,5.274050712585449,5.4411861224913265,5.274050712585449,5.4411861224913265,187000
2000-01-05,5.407136917114258,5.431897702640507,5.320474167772385,5.391661048340748,546800
2000-01-06,5.397852420806885,5.397852420806885,5.3359504435040535,5.397852420806885,69000
2000-01-07,5.444281101226807,5.444281101226807,5.382379103234686,5.407139902431534,92400
2000-01-10,5.462851047515869,5.478326167343967,5.431900052220141,5.441184972989093,31000
2000-01-11,5.4040398597717285,5.43808630772724,5.363803972885017,5.43808630772724,51400
2000-01-12,5.348331451416016,5.391662840489988,5.320475936259619,5.320475936259619,73400
2000-01-13,5.29880952835083,5.3978526971050504,5.2957148071469655,5.3978526971050504,279200
2000-01-14,5.342143535614014,5.342143535614014,5.2802415247726,5.305002329109166,91400
2000-01-18,5.32047700881958,5.404044326774641,5.32047700881958,5.3359521302173425,92000
2000-01-19,5.323572635650635,5.3576191175357115,5.305002033433249,5.305002033433249,52000
2000-01-20,5.348331451416016,5.37928244361171,5.320475936259619,5.332856333137897,225000
2000-01-21,5.521656513214111,5.5278467110988805,5.422613347057804,5.45975453436642,402200
2000-01-24,5.447373390197754,5.534036148678172,5.447373390197754,5.534036148678172,128600
2000-01-25,5.32047700881958,5.441185524896803,5.274050133347072,5.379283528026532,113800
2000-01-26,5.295713424682617,5.339044799700783,5.280237555785094,5.30809381754495,62800
2000-01-27,5.261666774749756,5.335949129216811,5.261666774749756,5.311188344394459,37400
2000-01-28,5.233814239501953,5.274050159850017,5.196673041193151,5.255479560695615,56800
2000-01-31,5.4752302169799805,5.4752302169799805,5.196671321827676,5.202861519497727,829600
2000-02-01,5.434994697570801,5.465945692431682,5.410233901682096,5.465945692431682,46400
2000-02-02,5.407136917114258,5.456658488166756,5.407136917114258,5.447372815774809,29000
2000-02-03,5.397852420806885,5.469040072524826,5.385472025346318,5.413328292952278,192200
2000-02-04,5.369997501373291,5.447374603720041,5.369997501373291,5.447374603720041,38600
2000-02-07,5.354522228240967,5.3730928255643455,5.329761431809795,5.345237307399047,46000
2000-02-08,5.366901397705078,5.447373967682202,5.366901397705078,5.419518455894419,65200
2000-02-09,5.366901397705078,5.397852386157818,5.342140606942886,5.379281793086174,32600
2000-02-10,5.289524555206299,5.357616733031053,5.286429078394564,5.304999672346769,166400
2000-02-11,5.196671485900879,5.2926191749963225,5.171910694438908,5.2926191749963225,185000
2000-02-14,5.202864170074463,5.233815174192575,5.175007888548288,5.196673969250841,23200
2000-02-15,5.190480709075928,5.212146021368854,5.1688146411436975,5.193575429843787,52200
2000-02-16,5.168815612792969,5.202862081475399,5.140960098088657,5.178101288120702,308000
2000-02-17,5.137864589691162,5.16572085986463,5.1254841930894965,5.16572085986463,21400
2000-02-18,4.949063301086426,5.08834236763636,4.945967824502984,5.08834236763636,29800
2000-02-22,4.9304914474487305,4.967632623114487,4.90573066367156,4.964537147322764,64000
2000-02-23,4.828355312347412,4.939778896478506,4.806689993252803,4.939778896478506,103800
2000-02-24,4.667408466339111,5.051200674446571,4.6302672849093565,4.862400046664956,209400
2000-02-25,4.6426496505737305,4.741692843119304,4.6426496505737305,4.682886325365166,14800
2000-02-28,4.7757391929626465,4.819070588563425,4.630269129911678,4.658125404903393,391000
2000-02-29,4.809783458709717,4.815973656211273,4.7602618786972615,4.781927947772382,18200
2000-03-01,5.020251274108887,5.035727149074477,4.98001535934947,4.983110080958883,92200
2000-03-02,5.150247573852539,5.175008379496061,5.069774955511093,5.069774955511093,211200
2000-03-03,5.196671485900879,5.2709538602867925,5.196671485900879,5.252383266690313,91200
2000-03-06,5.051201820373535,5.131674398394193,5.051201820373535,5.131674398394193,158400
2000-03-07,4.992396831512451,5.159532236657771,4.961445830559614,5.131675957980382,163800
2000-03-08,5.02644157409668,5.134770434116802,4.936684066664716,4.936684066664716,49800
2000-03-09,5.06667947769165,5.085250079157277,4.980016670852059,4.980016670852059,313400
2000-03-10,5.06667947769165,5.12239128208853,5.026442796696272,5.060489277203108,45200
2000-03-13,5.082152366638184,5.100722959938932,4.983109202367524,4.983109202367524,372400
2000-03-14,5.048106670379639,5.075962182586339,5.001679809182636,5.035726274812355,340000
2000-03-15,5.075962066650391,5.140959519713765,4.9954894973010555,5.001679694943312,427000
2000-03-16,5.274050712585449,5.3669037180887145,5.159532383617936,5.168817306348416,106000
2000-03-17,5.3164801597595215,5.406906707918017,5.300888929331389,5.31959794908197,125600
2000-03-20,5.2946553230285645,5.350782411258549,5.263473607345239,5.338309724985219,122600
2000-03-21,5.260352611541748,5.307124775934603,5.229170914855881,5.250997721900042,179400
2000-03-22,5.138743877410889,5.250997991237826,5.120034858439733,5.213579953295514,97000
2000-03-23,5.226052284240723,5.244761301964735,5.129389406635934,5.176161570310024,14200
2000-03-24,5.1761627197265625,5.266590039442147,5.1636900384742095,5.266590039442147,48600
2000-03-27,5.24788236618042,5.257236498887514,5.207345761057027,5.207345761057027,66000
2000-03-28,5.2229390144348145,5.260357082259043,5.2042299805227,5.257238529304088,35200
2000-03-29,5.3164801597595215,5.347661859343824,5.263470889830226,5.2884162494976685,25800
2000-03-30,5.304009914398193,5.360136999411548,5.297773571618932,5.31336404793093,67200
2000-03-31,5.335190296173096,5.350780768592374,5.2572356502603395,5.344544427370239,118800
2000-04-03,5.369490623474121,5.381963307849206,5.272827700203332,5.31648209551613,161800
2000-04-04,5.444324493408203,5.600232984055632,5.394433776401026,5.497333760864293,129000
2000-04-05,5.516042709350586,5.615824142091609,5.516042709350586,5.57528755440461,22000
2000-04-06,5.550344944000244,5.587762999802493,5.519163230831704,5.565936181220661,258400
2000-04-07,5.5347514152526855,5.572169450416292,5.491097040895145,5.572169450416292,339400
2000-04-10,5.522281169891357,5.587762379641679,5.487980908576649,5.4973358021251,53200
2000-04-11,5.665714263916016,5.690659619483567,5.569050630455836,5.569050630455836,56600
2000-04-12,5.715605735778809,5.787323261944959,5.693778166116107,5.718723525003801,152000
2000-04-13,5.72184419631958,5.731198328733633,5.678189802085482,5.7187256446667485,50000
2000-04-14,5.512929916381836,5.734320582121762,5.4599213555145205,5.7280842360625055,276600
2000-04-17,5.428735733032227,5.5222808568529524,5.188636201256279,5.5222808568529524,235600
2000-04-18,5.444324493408203,5.506687889667175,5.4380881537823065,5.4380881537823065,95200
2000-04-19,5.494217395782471,5.494217395782471,5.444326658930871,5.466154236939561,14400
2000-04-20,5.512929916381836,5.5378753006188575,5.512929916381836,5.534757508225586,16000
2000-04-24,5.662596702575684,5.678187933163694,5.544106242940289,5.544106242940289,33400
2000-04-25,5.830978870391846,5.849687893505402,5.665716213524811,5.706252049634801,36600
2000-04-26,5.81850528717041,5.862159667674368,5.796678477554422,5.834096517986386,46800
2000-04-27,5.6875410079956055,5.80603144566218,5.6875410079956055,5.762377073890284,22200
2000-04-28,5.684424877166748,5.718724370069855,5.650124622991591,5.687542666852462,19400
2000-05-01,5.684424877166748,5.7031338990971845,5.63453415201892,5.63453415201892,55000
2000-05-02,5.4786248207092285,5.675069141111743,5.463033590784491,5.647005993027928,48400
2000-05-03,5.497334003448486,5.687541989795809,5.459915964041936,5.487979112960868,367200
2000-05-04,5.487980842590332,5.509808419759462,5.403790608027603,5.425617423924533,56000
2000-05-05,5.500453948974609,5.500453948974609,5.4505632102084,5.453681762017417,29800
2000-05-08,5.53787088394165,5.600234294796849,5.438089426573332,5.438089426573332,64600
2000-05-09,5.519158840179443,5.54410419086952,5.487977151816848,5.506686164834405,20600
2000-05-10,5.625180244445801,5.659480504621197,5.531635118429518,5.544107801898356,76400
2000-05-11,5.709371089935303,5.718725221657439,5.640771332641703,5.640771332641703,95800
2000-05-12,5.618943214416504,5.696897857183744,5.6002341915050176,5.696897857183744,24000
2000-05-15,5.728079319000244,5.759261022529717,5.59399761318748,5.59399761318748,1838600
2000-05-16,5.703135013580322,5.749907196910413,5.656362068978031,5.71248914573746,1812800
2000-05-17,5.615825176239014,5.65636101011872,5.590879813460099,5.65636101011872,13200
2000-05-18,5.662596702575684,5.718723762402976,5.634533553298023,5.662596702575684,24000
2000-05-19,5.556582927703857,5.587764650081544,5.491101691346974,5.55034658322832,14800
2000-05-22,5.59399938583374,5.603354280493024,5.534754510990045,5.59399938583374,29600
2000-05-23,5.4911017417907715,5.581528356880506,5.4911017417907715,5.581528356880506,30200
2000-05-24,5.584643840789795,5.622061887423991,5.547225794155599,5.553462135261299,29400
2000-05-25,5.4911017417907715,5.600237390478988,5.4911017417907715,5.600237390478988,50000
2000-05-26,5.60023307800293,5.631414776655507,5.531633340967259,5.581524058811383,229200
2000-05-30,5.640769958496094,5.643887747886561,5.575288007304515,5.643887747886561,56800
2000-05-31,5.6719536781311035,5.681307810904811,5.612708045899374,5.612708045899374,18600
2000-06-01,5.712489128112793,5.712489128112793,5.640771577555336,5.653244261241172,13600
2000-06-02,5.693779468536377,5.7249611742786355,5.665716314004401,5.690661678598207,101600
2000-06-05,5.562817573547363,5.618944656688536,5.562817573547363,5.618944656688536,33600
2000-06-06,5.693779468536377,5.709370702043563,5.600234351309601,5.600234351309601,92400
2000-06-07,5.715605735778809,5.734314754944578,5.6501237880626425,5.6501237880626425,64800
2000-06-08,5.749904632568359,5.759259521825605,5.687541241759592,5.712486598083099,16200
2000-06-09,5.821621894836426,5.830976021186423,5.753022176940115,5.753022176940115,268600
2000-06-12,5.79667854309082,5.843450713523584,5.781087312098572,5.843450713523584,89600
2000-06-13,5.9214067459106445,5.940115770761433,5.830979411829082,5.830979411829082,62400
2000-06-14,5.896461486816406,5.955706352619989,5.859043436433454,5.955706352619989,75600
2000-06-15,5.86528205871582,5.96818135664238,5.86528205871582,5.896463779492426,454200
2000-06-16,5.799752712249756,5.931708082734311,5.799752712249756,5.862588602956687,472000
2000-06-19,5.894008636474609,5.934852363424314,5.86573285915862,5.881441453880847,183600
2000-06-20,5.831172943115234,5.859449488536107,5.790329981667284,5.846882305469049,480400
2000-06-21,5.8500213623046875,5.900290074333084,5.793469061272741,5.793469061272741,351600
2000-06-22,5.81232213973999,5.840598685020876,5.81232213973999,5.821747910513611,30800
2000-06-23,5.831172943115234,5.875158083849939,5.824889351581705,5.824889351581705,78400
2000-06-26,5.81232213973999,5.881441646266628,5.81232213973999,5.875158054764206,28600
2000-06-27,5.6552324295043945,5.824889402389527,5.6552324295043945,5.793471444447835,6972600
2000-06-28,5.702358722686768,5.702358722686768,5.551552551733595,5.65208999903571,3541000
2000-06-29,5.6112470626831055,5.636381428025471,5.554694740662783,5.601822059199697,23000
2000-06-30,5.479289531707764,5.67408078799554,5.460438764970237,5.598677721045433,8087800
2000-07-03,5.642663478851318,5.655230658091521,5.592394761890504,5.61124553075081,510200
2000-07-05,5.692933082580566,5.793470532162563,5.47614959043932,5.47614959043932,4350000
2000-07-06,5.699214458465576,5.755766751879237,5.692930870308503,5.6960730479068244,732800
2000-07-07,5.758908748626709,5.777759512505947,5.680363515610115,5.680363515610115,76000
2000-07-10,5.758908748626709,5.834311804143658,5.749482983167318,5.806035274805029,136200
2000-07-11,5.70550012588501,5.755768849461089,5.70550012588501,5.755768849461089,13600
2000-07-12,5.730633735656738,5.755768094146461,5.721208734742967,5.736917325279169,12200
2000-07-13,5.755767345428467,5.755767345428467,5.6992150461829905,5.743200167818361,10400
2000-07-14,5.677224636077881,5.743201955548373,5.633239500750924,5.743201955548373,124000
2000-07-17,5.630096435546875,5.6803651537214,5.608104254865403,5.645805793496297,298400
2000-07-18,5.608104228973389,5.680365127495765,5.5955370494877785,5.642663589038935,344600
2000-07-19,5.664658069610596,5.7023596182701,5.6206729295078395,5.6929338475852385,342000
2000-07-20,5.573543071746826,5.652088312534771,5.52955795167667,5.6458047239533204,185200
2000-07-21,5.630096435546875,5.6803651537214,5.576686306006325,5.620671434409035,23600
2000-07-24,5.6112470626831055,5.655232202032245,5.582971285192923,5.6049634713475145,174800
2000-07-25,5.65837287902832,5.69921582834665,5.645805699693487,5.692932238679234,266200
2000-07-26,5.604963779449463,5.686650471302427,5.604963779449463,5.686650471302427,9800
2000-07-27,5.582971096038818,5.642664828184501,5.576687504916118,5.642664828184501,8800
2000-07-28,5.548411846160889,5.6175313595332215,5.548411846160889,5.6175313595332215,23000
2000-07-31,5.5641188621521,5.623812578628853,5.5641188621521,5.604961810208868,108000
2000-08-01,5.686647891998291,5.692931480829228,5.5923940595342305,5.601819826300463,19000
2000-08-02,5.780903339385986,5.780903339385986,5.699216661764228,5.699216661764228,59400
2000-08-03,5.7903265953063965,5.840595298175949,5.780900829998588,5.780900829998588,119000
2000-08-04,5.758908748626709,5.793468098885538,5.677222105150015,5.7243486313283345,35200
2000-08-07,5.872015476226807,5.8940076585971815,5.74320149249235,5.74320149249235,73800
2000-08-08,5.7180681228637695,5.762053262270414,5.705500940176156,5.762053262270414,107200
2000-08-09,5.626953601837158,5.718065246978011,5.6049606596751484,5.705498070611026,150800
2000-08-10,5.626953601837158,5.642662188776103,5.586109895124672,5.630095012409118,9200
2000-08-11,5.689791679382324,5.74948540664173,5.652090135732215,5.652090135732215,23800
2000-08-14,5.724350929260254,5.743201700706775,5.623813481545475,5.623813481545475,25000
2000-08-15,5.7620530128479,5.780903786063324,5.699217102129821,5.724351466417053,14200
2000-08-16,5.680366039276123,5.736918356038828,5.6677988577733,5.730634765287417,33800
2000-08-17,5.604963779449463,5.686650471302427,5.604963779449463,5.667799696259435,25000
2000-08-18,5.636381149291992,5.680366286465954,5.59239601211803,5.59239601211803,20800
2000-08-21,5.674081325531006,5.680364915038792,5.642663377992075,5.67093991429698,11200
2000-08-22,5.604963779449463,5.680366879621429,5.604963779449463,5.680366879621429,24400
2000-08-23,5.648947238922119,5.655230828731821,5.586111340825099,5.604962110254204,197400
2000-08-24,5.636381149291992,5.667799104416251,5.604963194167734,5.667799104416251,22400
2000-08-25,5.630096435546875,5.648947204862322,5.611245666231428,5.6143878446372195,319800
2000-08-28,5.730633735656738,5.7714774517224114,5.655230660187571,5.655230660187571,23800
2000-08-29,5.680366039276123,5.718067583784593,5.674082448524712,5.718067583784593,20800
2000-08-30,5.736917972564697,5.749485153227489,5.680365659582132,5.680365659582132,14600
2000-08-31,5.780903339385986,5.837455654662588,5.780903339385986,5.780903339385986,12000
2000-09-01,5.8500213623046875,5.8500213623046875,5.787185472269191,5.828029184312101,484600
2000-09-05,5.872015476226807,5.906574839105918,5.856306117070973,5.881440478088446,312800
2000-09-06,5.944274425506592,5.95684160188187,5.912856484568397,5.93484942674492,273800
2000-09-07,5.944274425506592,5.981975954632427,5.9191400727560355,5.950558013694231,70400
2000-09-08,6.132785797119141,6.14535298112963,5.975695996988015,5.981979588993259,1920800
2000-09-11,6.274165630340576,6.305583583504425,6.170486001379938,6.170486001379938,1127800
2000-09-12,6.258456230163574,6.283590592533709,6.195620324238237,6.264739820756108,1380600
2000-09-13,6.214471817016602,6.2961585041968,6.208188225695048,6.2584569562674774,203800
2000-09-14,6.132785797119141,6.208188901182081,6.101367837092915,6.208188901182081,121000
2000-09-15,6.190010070800781,6.228024462228422,6.145659947468534,6.145659947468534,108400
2000-09-18,6.151994228363037,6.196344341234861,6.145658497952776,6.18367288041434,122400
2000-09-19,6.050621032714844,6.170999880486134,6.050621032714844,6.170999880486134,100400
2000-09-20,5.942915439605713,6.031615670047589,5.91757251662232,6.031615670047589,192600
2000-09-21,5.98726749420166,5.98726749420166,5.911238700624496,5.980931761403563,293800
2000-09-22,6.139322757720947,6.139322757720947,6.03795107131895,6.0506225321192,50600
2000-09-25,6.183674335479736,6.183674335479736,6.132988480270886,6.145659944073099,114000
2000-09-26,6.272372722625732,6.310387102762858,6.20901542239719,6.20901542239719,33400
2000-09-27,6.247029781341553,6.294548143054028,6.196343941330668,6.247029781341553,103600
2000-09-28,6.449772357940674,6.452940609258782,6.275540190769255,6.285043397914684,225000
2000-09-29,6.5448102951049805,6.601831875604443,6.456110058772484,6.46244578993909,118800
2000-10-02,6.58282470703125,6.58282470703125,6.449774352028693,6.484621260279325,45400
2000-10-03,6.500456809997559,6.652514279237268,6.500456809997559,6.535303313364992,183400
2000-10-04,6.500456809997559,6.601828456157365,6.443435259032668,6.544806905192474,117000
2000-10-05,6.557480335235596,6.598662578886834,6.538473145858101,6.598662578886834,398400
2000-10-06,6.525801658630371,6.601830415818298,6.503626604450559,6.538473118161692,40800
2000-10-09,6.525801658630371,6.614501875349618,6.5131301990990496,6.579655361638485,80800
2000-10-10,6.513129234313965,6.624004488789153,6.500457776659657,6.582822251412655,29800
2000-10-11,6.411762714385986,6.5511488603508985,6.354741109218522,6.5511488603508985,81800
2000-10-12,6.323056221008301,6.440267569723108,6.247027488891969,6.348399131713745,125000
2000-10-13,6.418096542358398,6.418096542358398,6.342067758046157,6.348403490072177,116800
2000-10-16,6.456110000610352,6.500460118377057,6.443438538391293,6.456110000610352,157400
2000-10-17,6.5416388511657715,6.570149625819763,6.49412089340912,6.51312807651178,68200
2000-10-18,6.487787246704102,6.535305219702423,6.449772868305445,6.50679443590343,270000
2000-10-19,6.456110000610352,6.5099637150413505,6.411759882843647,6.411759882843647,77000
2000-10-20,6.421262264251709,6.452940911896255,6.2692047555578885,6.411758283256104,162200
2000-10-23,6.557480335235596,6.5828232544055885,6.440269720776637,6.440269720776637,48800
2000-10-24,6.52896785736084,6.627171643667578,6.500457080691142,6.627171643667578,22000
2000-10-25,6.487787246704102,6.598662517033517,6.475115787237883,6.544808814302087,153000
2000-10-26,6.46561336517334,6.506795226741555,6.430766460703679,6.487788035232086,59200
2000-10-27,6.614501953125,6.614501953125,6.4751158966415225,6.506794545842313,54600
2000-10-30,6.871100425720215,6.883771888008311,6.7475536684112765,6.7475536684112765,104400
2000-10-31,6.924954891204834,6.924954891204834,6.842590377402764,6.85526184106462,54200
2000-11-01,6.883772373199463,6.96930474967272,6.848925849451099,6.950297554900884,80600
2000-11-02,6.886938571929932,6.899610032043878,6.791902621075333,6.899610032043878,11800
2000-11-03,6.855265140533447,6.924958224217244,6.83309006845224,6.858433007973621,19600
2000-11-06,6.823582649230957,6.90594715660329,6.823582649230957,6.893275693930623,26600
2000-11-07,6.833082675933838,6.836250539946788,6.779228987713683,6.836250539946788,28800
2000-11-08,6.867931842803955,6.867931842803955,6.788735211775312,6.84258892087479,37200
2000-11-09,6.905948162078857,6.924955358855222,6.8109121781970385,6.880605233043705,25400
2000-11-10,6.918618202209473,6.975639780799111,6.89961100934626,6.956632587935898,25800
2000-11-13,6.950296878814697,7.004150592096306,6.912282492968855,6.956632609789004,51200
2000-11-14,6.829919815063477,6.905948607067894,6.8077447507288555,6.87426994373272,32600
2000-11-15,6.823582649230957,6.88693996259429,6.7633932015357905,6.823582649230957,39400
2000-11-16,6.902780532836914,6.940794927694208,6.88060546917016,6.912284131551238,42000
2000-11-17,6.798238754272461,6.842588867301266,6.760224371676343,6.810910215137834,17600
2000-11-20,6.8647637367248535,6.8869387926349015,6.855260141334833,6.880603062374888,22600
2000-11-21,6.798238754272461,6.855260328166638,6.782399428190745,6.804574484705147,9600
2000-11-22,6.8489227294921875,6.886937101718787,6.8267476790266715,6.8489227294921875,50600
2000-11-24,6.8362531661987305,6.880603279417814,6.829917435738862,6.880603279417814,13400
2000-11-27,6.788734436035156,6.829916679464208,6.785566571155999,6.791902300914314,70600
2000-11-28,6.886938571929932,6.902777897072364,6.798238351132306,6.798238351132306,202800
2000-11-29,6.931290626525879,6.943962090194116,6.886940503687048,6.886940503687048,82600
2000-11-30,6.921782970428467,6.969300931323857,6.8299149126973795,6.953461611025394,44400
2000-12-01,6.788734436035156,6.909113301443153,6.750720057485263,6.893273977047364,27000
2000-12-04,6.8615946769714355,6.93128769769783,6.810908843715875,6.810908843715875,40000
2000-12-05,6.905948162078857,6.905948162078857,6.845758705620372,6.880605233043705,46600
2000-12-06,6.931290626525879,6.953465687945294,6.880604771852929,6.943962090194116,90600
2000-12-07,6.928117752075195,6.978803570105924,6.9186141611944345,6.969299979225163,40200
2000-12-08,6.760222911834717,6.87426603499594,6.760222911834717,6.839419525141121,88400
2000-12-11,6.779231548309326,6.785567278728307,6.703202783281558,6.734881435376462,37200
2000-12-12,6.798238754272461,6.867931789032011,6.776063697758058,6.804574484705147,34400
2000-12-13,6.966136455535889,6.975640052337438,6.867932621919875,6.880604084321941,67000
2000-12-14,6.924954891204834,6.962969282190405,6.8647654388110135,6.940794220782155,61600
2000-12-15,6.865080833435059,6.938452979889058,6.8459402734905375,6.932072793240884,57600
2000-12-18,6.853046417236328,6.9109051580947956,6.830545795791368,6.9109051580947956,25600
2000-12-19,6.615182876586914,6.814474100274178,6.595896629133308,6.673041618947733,51200
2000-12-20,6.554110050201416,6.647326519065867,6.525180287090769,6.602325275706621,49400
2000-12-21,6.515537738800049,6.557324216426977,6.46089297795011,6.502680240336466,66800
2000-12-22,6.618398189544678,6.618398189544678,6.502681080795929,6.550896313886378,78600
2000-12-26,6.804831504821777,6.820903378947478,6.647327138389908,6.647327138389908,15000
2000-12-27,6.804831504821777,6.859475876849161,6.763044632094955,6.795188380346357,35600
2000-12-28,6.750187397003174,6.833761145727975,6.750187397003174,6.82090364592416,24400
2000-12-29,6.82733154296875,6.8723327866606345,6.730900306486141,6.740543430134402,37200
2001-01-02,6.724470615386963,6.78875809736963,6.7148274930895635,6.775900600973097,14800
2001-01-03,6.583039283752441,6.97840736573562,6.583039283752441,6.878761751577258,155800
2001-01-04,6.4801788330078125,6.583038814484127,6.3773188515314985,6.583038814484127,96800
2001-01-05,6.415892124176025,6.570182115138174,6.415892124176025,6.444821889861165,70400
2001-01-08,6.512324333190918,6.525181834342331,6.422321825131023,6.48982409855574,727800
2001-01-09,6.5412516593933105,6.599110000579384,6.467320663013015,6.467320663013015,104000
2001-01-10,6.525179862976074,6.602324846577762,6.489822137871645,6.512322365709126,39200
2001-01-11,6.374105930328369,6.505894911148761,6.351604913255906,6.486608661412155,60200
2001-01-12,6.42232084274292,6.435178341927591,6.28731710130388,6.377319595596574,93800
2001-01-16,6.319459915161133,6.332317412445286,6.184456193677528,6.319459915161133,87200
2001-01-17,6.3355326652526855,6.377319142252658,6.287316654357963,6.306602901763969,57400
2001-01-18,6.448033809661865,6.483392313659762,6.316244876918777,6.364460091291372,35400
2001-01-19,6.428750991821289,6.460894746780395,6.358034730911254,6.370892232894897,20600
2001-01-22,6.415892124176025,6.473750870786831,6.364462127188642,6.4287496234228705,39600
2001-01-23,6.409463405609131,6.502680667980177,6.403034655954558,6.464108170052739,83200
2001-01-24,6.4191060066223145,6.476964745258453,6.374104765460874,6.422319988611306,35800
2001-01-25,6.464107990264893,6.483394238692198,6.37731947996229,6.473750722098817,32600
2001-01-26,6.4030351638793945,6.473751415689307,6.2551739100950305,6.473751415689307,51400
2001-01-29,6.502808570861816,6.531609241957759,6.445206836290216,6.480179247926596,105600
2001-01-30,6.502808570861816,6.502808570861816,6.4246347602018075,6.4287492538954325,17800
2001-01-31,6.443150043487549,6.44726453747112,6.404063135403119,6.428749706924797,16800
2001-02-01,6.521326065063477,6.521326065063477,6.4349236240873084,6.4698960500152785,29600
2001-02-02,6.449320316314697,6.500750302262375,6.449320316314697,6.451377562838163,18200
2001-02-05,6.496635913848877,6.5110362473654115,6.451377666742677,6.5110362473654115,15600
2001-02-06,6.535727500915527,6.562470940571682,6.488411973319285,6.488411973319285,76800
2001-02-07,6.537779808044434,6.5768663139731816,6.521322228606107,6.566580473966594,14600
2001-02-08,6.595382213592529,6.60978254804121,6.564523905625716,6.595382213592529,28600
2001-02-09,6.587155342102051,6.6735573765395735,6.572755003029131,6.634470854021593,460200
2001-02-12,6.593324184417725,6.729099318871468,6.574809357684972,6.603610024878293,21400
2001-02-13,6.648867607116699,6.683840400831413,6.53983630300927,6.607723467059058,62600
2001-02-14,6.537779808044434,6.624182198190559,6.537779808044434,6.624182198190559,22200
2001-02-15,6.548067092895508,6.607725684380866,6.5007515906175115,6.562467429034052,40600
2001-02-16,6.585094451904297,6.644753418477927,6.5562941803543655,6.576865858944262,58000
2001-02-20,6.61595344543457,6.696184098976367,6.597438618866516,6.605667605065499,39200
2001-02-21,6.537779808044434,6.644753878203734,6.537779808044434,6.634468038197147,18000
2001-02-22,6.60772705078125,6.630356379324002,6.5439539522459995,6.5521829416723865,48800
2001-02-23,6.5706939697265625,6.5706939697265625,6.418461284930566,6.517206746574523,19800
2001-02-26,6.644752025604248,6.669438191689253,6.5830362180121975,6.5830362180121975,33400
2001-02-27,6.652980804443359,6.72086795527736,6.646809459301827,6.696181789952182,27200
2001-02-28,6.576865196228027,6.669438917693246,6.531606958559226,6.669438917693246,31000
2001-03-01,6.5048651695251465,6.554237911789703,6.490464443032434,6.541894431938807,18800
2001-03-02,6.521326065063477,6.56246984167411,6.356749781481317,6.375264618289059,31200
2001-03-05,6.508979797363281,6.546009455154353,6.455492557485035,6.541894961537632,86400
2001-03-06,6.500753879547119,6.5521838937961,6.498696631891576,6.52338281899836,26600
2001-03-07,6.469895839691162,6.513096862584924,6.426694424417537,6.482238933035114,65400
2001-03-08,6.5912675857543945,6.595382079049994,6.490464461910593,6.511036536008913,109600
2001-03-09,6.47606086730957,6.572749449178812,6.47606086730957,6.55217738543773,20600
2001-03-12,6.550126075744629,6.558354673270374,6.47606673611375,6.47606673611375,38000
2001-03-13,6.397891044616699,6.4122913795089325,6.346461052927465,6.360861387819699,321600
2001-03-14,6.177769660949707,6.3176588842443016,6.122225185482655,6.274457887134124,90200
2001-03-15,6.286803245544434,6.2929749869537135,6.212744310531922,6.212744310531922,7200
2001-03-16,6.236044883728027,6.318915832000988,6.209111578564408,6.246403604077203,549800
2001-03-19,6.314769744873047,6.314769744873047,6.091018073445567,6.184248101190225,158600
2001-03-20,6.2236151695251465,6.287840113599182,6.2049691542843135,6.233973891254541,37400
2001-03-21,6.084806442260742,6.23604599930949,6.070303677953669,6.225686881947294,89000
2001-03-22,6.008149147033691,6.06201535921938,5.877627460123629,6.06201535921938,458200
2001-03-23,5.997790336608887,6.001933587360681,5.863124610600053,5.8859142679541305,198000
2001-03-26,6.196681976318359,6.227758537245911,6.12831338421378,6.163533591974315,237200
2001-03-27,6.42457389831543,6.434932614567734,6.318913332871207,6.318913332871207,57200
2001-03-28,6.287838935852051,6.412145549120987,6.246403266375795,6.412145549120987,21200
2001-03-29,6.434934616088867,6.434934616088867,6.240188002885662,6.2464030765063026,42200
2001-03-30,6.48258638381958,6.501232001655473,6.428720167960731,6.46394037082383,19200
2001-04-02,6.503301620483398,6.6151776605374035,6.44322035076381,6.482584186541299,111000
2001-04-03,6.472228527069092,6.52609475340528,6.437008317355428,6.52609475340528,32600
2001-04-04,6.497088432312012,6.517805872261504,6.405930194926863,6.443222219091689,19200
2001-04-05,6.453578472137451,6.453578472137451,6.376923025242841,6.412143212917568,10600
2001-04-06,6.333415508270264,6.497085907350958,6.202893869577804,6.443219715064641,782000
2001-04-09,6.472228527069092,6.492946367223,6.3707115449908684,6.3707115449908684,41400
2001-04-10,6.606891632080078,6.627609465136908,6.484656851720558,6.484656851720558,35000
2001-04-11,6.517801284790039,6.629677278542024,6.4577200399362225,6.606887636445977,186400
2001-04-12,6.513662338256836,6.538523423179597,6.43493464729518,6.526092880718216,48400
2001-04-16,6.617249965667725,6.617249965667725,6.505373917452771,6.505373917452771,23000
2001-04-17,6.770562648773193,6.770562648773193,6.629681846313459,6.629681846313459,60400
2001-04-18,6.629683017730713,6.764348770156289,6.608965179268324,6.753989258185243,1146800
2001-04-19,6.642108917236328,6.834783996944426,6.588242341017289,6.722907991245685,112800
2001-04-20,6.563384056091309,6.617250260017586,6.50537420682614,6.598604251152345,67200
2001-04-23,6.577886581420898,6.577886581420898,6.4929438256830485,6.563384217537818,645000
2001-04-24,6.608962059020996,6.722909919186703,6.602746987028493,6.629679887702008,31800
2001-04-25,6.724982738494873,6.7311986020935,6.579958698026976,6.681475644902442,395200
2001-04-26,6.785064220428467,6.834787176196644,6.753987274283409,6.753987274283409,167800
2001-04-27,6.7892069816589355,6.836857713307286,6.753986394593956,6.764345902172723,32400
2001-04-30,6.795423984527588,6.892797693131659,6.774706544123174,6.774706544123174,353000
2001-05-01,6.8596510887146,6.86793838314796,6.799569389552582,6.836861424182807,242600
2001-05-02,6.772631645202637,6.857574381750896,6.758129284595816,6.857574381750896,117600
2001-05-03,6.6856184005737305,6.7539865685010785,6.608962547338023,6.7539865685010785,73200
2001-05-04,6.7539873123168945,6.766418248908834,6.629681107675803,6.702192928663178,27600
2001-05-07,6.7892069816589355,6.799565698918235,6.735340387399431,6.795422053950621,22600
2001-05-08,6.69183349609375,6.836857912916482,6.69183349609375,6.836857912916482,49200
2001-05-09,6.702192783355713,6.743628447444252,6.631752391501063,6.743628447444252,43800
2001-05-10,6.706336498260498,6.7332697987449555,6.629681032610418,6.629681032610418,23600
2001-05-11,6.7104811668396,6.7436295454437465,6.6669740681065965,6.7436295454437465,27000
2001-05-14,6.799565315246582,6.799565315246582,6.7311971529373675,6.795421670512778,29800
2001-05-15,6.7539873123168945,6.853433224413258,6.7394849481194194,6.853433224413258,62800
2001-05-16,6.899013996124268,6.91144493677308,6.733272072405934,6.799568841893268,54000
2001-05-17,6.857576847076416,6.919730746672367,6.826500687598104,6.919730746672367,66400
2001-05-18,6.899013996124268,6.899013996124268,6.836860873519872,6.867937829981986,53200
2001-05-21,6.923873424530029,6.950806727641937,6.857576670961983,6.8990123395219225,47200
2001-05-22,6.899013996124268,6.942521102915362,6.890726702358393,6.92387508710206,21200
2001-05-23,6.896939277648926,6.94666143588449,6.867934553624938,6.9404463636849085,31800
2001-05-24,6.878294944763184,6.894868738102266,6.843074349648205,6.876222726646018,28400
2001-05-25,6.770562648773193,6.882438719606451,6.7664190027808875,6.836859404010754,24600
2001-05-29,6.766417503356934,6.79127858348194,6.714623125410135,6.79127858348194,42600
2001-05-30,6.7374162673950195,6.826502706826004,6.671119492514273,6.7332726201749855,89600
2001-05-31,6.843074321746826,6.843074321746826,6.760203774750008,6.764347420647796,139000
2001-06-01,6.785064220428467,6.814068948660083,6.7208389005444795,6.77470550181997,37400
2001-06-04,6.7892069816589355,6.80578077120992,6.702192017977992,6.80578077120992,26200
2001-06-05,6.689764499664307,6.816142954672064,6.671118485149723,6.816142954672064,502200
2001-06-06,6.635895252227783,6.7125514983386,6.606890527891567,6.650397614395891,36400
2001-06-07,6.57996129989624,6.650401327590966,6.542669264836709,6.650401327590966,51000
2001-06-08,6.6048197746276855,6.714624012641296,6.530236129237876,6.530236129237876,28600
2001-06-11,6.6669745445251465,6.67733326539423,6.528165551016119,6.528165551016119,111400
2001-06-12,6.724982738494873,6.724982738494873,6.629681260058238,6.629681260058238,16600
2001-06-13,6.586174488067627,6.733270358531134,6.582030842239406,6.733270358531134,27800
2001-06-14,6.391428470611572,6.588246936011615,6.391428470611572,6.588246936011615,101800
2001-06-15,6.430862903594971,6.553971603528866,6.364092164237943,6.364092164237943,151200
2001-06-18,6.439210414886475,6.531019996338325,6.426690600882537,6.4705091539262,248800
2001-06-19,6.464249134063721,6.528933644666213,6.424604251031931,6.439210302463122,19800
2001-06-20,6.480941295623779,6.539365894596283,6.4266899675746725,6.505980523179144,46600
2001-06-21,6.311929702758789,6.487203154442803,6.311929702758789,6.468423827620577,26600
2001-06-22,6.382871627807617,6.384958263207521,6.307754345351114,6.311927616150921,44200
2001-06-25,6.307754993438721,6.389132190456,6.307754993438721,6.370352867912401,28600
2001-06-26,6.401650428771973,6.407909936478564,6.266022322667816,6.280628371296498,32800
2001-06-27,6.416255950927734,6.430861998357947,6.359917998281251,6.364091268399867,18800
2001-06-28,6.430862903594971,6.520586233850351,6.430862903594971,6.497633642951999,19000
2001-06-29,6.49971866607666,6.49971866607666,6.426688038775482,6.426688038775482,28400
2001-07-02,6.518503189086914,6.541455792628258,6.468425106984614,6.468425106984614,73600
2001-07-03,6.53519344329834,6.583184870981299,6.5080679748642964,6.562319309717452,29800
2001-07-05,6.589441299438477,6.6249132920396585,6.520583948857931,6.520583948857931,57600
2001-07-06,6.583180904388428,6.643692109951697,6.576921398974869,6.614480023395542,198800
2001-07-09,6.643697261810303,6.643697261810303,6.566493318634987,6.587359281491976,41600
2001-07-10,6.654128551483154,6.685427687739672,6.635349228923264,6.635349228923264,15800
2001-07-11,6.685427665710449,6.72298631070647,6.645782385105199,6.645782385105199,38800
2001-07-12,6.616568088531494,6.656213358375262,6.6082219463451395,6.645780581146084,19000
2001-07-13,6.599878311157227,6.635350326528608,6.583185621452172,6.624917544707367,48800
2001-07-16,6.645782470703125,6.702120040937738,6.641609199430915,6.645782470703125,223600
2001-07-17,6.656213760375977,6.71881162148645,6.656213760375977,6.68333922160104,28800
2001-07-18,6.587356090545654,6.716724281219172,6.587356090545654,6.714638044130681,37800
2001-07-19,6.629093170166016,6.708383772904515,6.629093170166016,6.656218651322709,45800
2001-07-20,6.489291191101074,6.639525440118447,6.480944644940829,6.604053414907859,81000
2001-07-23,6.311929702758789,6.487203154442803,6.24933221200813,6.457991045157181,56000
2001-07-24,6.130395889282227,6.332795197173902,6.1199631075906415,6.332795197173902,143000
2001-07-25,6.401650428771973,6.401650428771973,6.134567089039728,6.134567089039728,165000
2001-07-26,6.424605369567871,6.428778243571108,6.30149663180715,6.35992084770368,17200
2001-07-27,6.4204301834106445,6.508066879112806,6.376611636567062,6.468421603013375,68400
2001-07-30,6.493462562561035,6.499722072362886,6.384959882164379,6.43712458643372,49400
2001-07-31,6.441296100616455,6.503893569464273,6.3912176479562,6.401650824754171,27400
2001-08-01,6.516416072845459,6.5456285837434205,6.395393950511587,6.40582713225557,57600
2001-08-02,6.505982398986816,6.566493252882515,6.468423745817352,6.468423745817352,16800
2001-08-03,6.4872002601623535,6.49554640281239,6.430862304830994,6.468420941718566,37000
2001-08-06,6.362007141113281,6.416258480085222,6.343227816162028,6.407911936557954,29200
2001-08-07,6.412083625793457,6.443382360325857,6.378698255894229,6.39121767011019,24600
2001-08-08,6.2848005294799805,6.374523440603524,6.2618479439913335,6.374523440603524,58200
2001-08-09,6.295235633850098,6.332794279272072,6.259763624061016,6.259763624061016,147200
2001-08-10,6.418339729309082,6.418339729309082,6.249326344579139,6.280625060568422,28400
2001-08-13,6.347402095794678,6.395393534741463,6.347402095794678,6.370354696154081,18000
2001-08-14,6.347402095794678,6.372441332367224,6.3286227678615585,6.3286227678615585,117200
2001-08-15,6.2681121826171875,6.351575644852166,6.2681121826171875,6.351575644852166,19600
2001-08-16,6.336967945098877,6.343227454402242,6.259764013815056,6.2827166092209366,30600
2001-08-17,6.259767055511475,6.314018417750807,6.2493342696130645,6.259767055511475,64800
2001-08-20,6.309837341308594,6.334876553680098,6.280625258529155,6.280625258529155,30800
2001-08-21,6.311929702758789,6.387047010047692,6.311929702758789,6.372440955404881,90200
2001-08-22,6.301496505737305,6.324448705243842,6.270197364435919,6.322362069291409,121800
2001-08-23,6.286886692047119,6.3369651321549645,6.259761235141529,6.259761235141529,23000
2001-08-24,6.33070707321167,6.336966979546302,6.2660229663605405,6.2660229663605405,8800
2001-08-27,6.347402095794678,6.353662004434105,6.30984343992844,6.353662004434105,8400
2001-08-28,6.318188667297363,6.3202753030753955,6.284803290819009,6.291062800168025,6400
2001-08-29,6.2806291580200195,6.328620580378606,6.263936472069858,6.328620580378606,83000
2001-08-30,6.207598686218262,6.311928075902602,6.20551205066637,6.2597633810604325,582000
2001-08-31,6.2117695808410645,6.255587716711853,6.184643727029246,6.255587716711853,18600
2001-09-04,6.276455879211426,6.349486529396722,6.213858406472615,6.238897236374129,871000
2001-09-05,6.238895416259766,6.249328590662512,6.184644103320213,6.249328590662512,192200
2001-09-06,6.190906047821045,6.245157378636021,6.190906047821045,6.20759873438065,19200
2001-09-07,6.182558059692383,6.232636505644867,6.140826552045243,6.140826552045243,67800
2001-09-10,6.2848005294799805,6.2848005294799805,6.155431953977933,6.155431953977933,23400
2001-09-17,6.228466510772705,6.2388992936744145,6.134569872716698,6.186734583195556,2367800
2001-09-18,6.272283554077148,6.3119288383821495,6.186733476040363,6.207599436094841,190800
2001-09-19,6.224287986755371,6.336963857353769,6.1470841052729694,6.291058696153761,20600
2001-09-20,6.3035807609558105,6.307754031548003,6.188818605565439,6.188818605565439,48400
2001-09-21,6.125065326690674,6.274354807713992,6.097730847629554,6.097730847629554,49000
2001-09-24,6.146090030670166,6.18183535364267,6.125063299324303,6.125063299324303,44400
2001-09-25,6.238609313964844,6.244917455611312,6.129270598402709,6.129270598402709,87200
2001-09-26,6.0893235206604,6.152403772132346,6.06829717122166,6.097734381277423,91400
2001-09-27,6.013625144958496,6.087218538898278,5.969468948173934,6.087218538898278,116200
2001-09-28,6.15239953994751,6.17763130233804,6.064087569477387,6.064087569477387,25200
2001-10-01,6.2049641609191895,6.209169586966733,6.106139055110922,6.141883973360539,90000
2001-10-02,6.272253036499023,6.295382492216723,6.1397852470516,6.1397852470516,19600
2001-10-03,6.339537143707275,6.341639857579385,6.297484069420081,6.297484069420081,40400
2001-10-04,6.276458263397217,6.360564825507634,6.276458263397217,6.360564825507634,24600
2001-10-05,6.289072513580322,6.360563173064182,6.289072513580322,6.360563173064182,21000
2001-10-08,6.34794807434082,6.373179839001491,6.326921336422483,6.329024050319484,62200
2001-10-09,6.316407680511475,6.341639443224849,6.291175516746464,6.30168868436843,146400
2001-10-10,6.329025745391846,6.3353334877205505,6.265945514742359,6.284869543832028,57600
2001-10-11,6.236504554748535,6.333227356348031,6.217580537067145,6.324816503577843,2046200
2001-10-12,6.194453716278076,6.255431221530587,6.146092495523694,6.232301767669055,89000
2001-10-15,6.1839399337768555,6.186042647651393,6.146091886138511,6.1818372199023175,260000
2001-10-16,6.230197906494141,6.230197906494141,6.186042122035679,6.21337659797878,29400
2001-10-17,6.2238898277282715,6.293277771709211,6.200760379384088,6.276456464109335,42200
2001-10-18,6.104035377502441,6.234400355963475,6.101932664810949,6.234400355963475,62600
2001-10-19,6.209174156188965,6.219687327992781,6.091424546516881,6.122964864031922,30600
2001-10-22,6.091423034667969,6.150297824891697,6.051472670887433,6.150297824891697,14000
2001-10-23,5.935825347900391,6.0241373259171,5.897977300028705,6.013624157531262,79400
2001-10-24,5.883259296417236,5.929518204498024,5.8622325564761235,5.929518204498024,154000
2001-10-25,5.923208236694336,5.933721402898929,5.876949743921912,5.876949743921912,72400
2001-10-26,5.942132949829102,5.979980994262986,5.8727450020508565,5.908490332788233,231000
2001-10-29,5.931623458862305,5.961061069797785,5.89377578946281,5.961061069797785,117200
2001-10-30,5.8433098793029785,5.88746567939358,5.830693592661288,5.88746567939358,92000
2001-10-31,5.828589916229248,5.87695153827024,5.803358149213841,5.803358149213841,27400
2001-11-01,5.876951694488525,5.935826086457252,5.80546101762503,5.8874648641824505,141000
2001-11-02,5.900080680847168,5.904286109097542,5.81387140697307,5.866438056947604,75400
2001-11-05,5.956852912902832,5.9904955376711895,5.937928886339166,5.982085082004962,45800
2001-11-06,5.982084274291992,5.982084274291992,5.887464154249458,5.929517630057622,108800
2001-11-07,5.904284477233887,5.982083274156423,5.89797633660181,5.982083274156423,102000
2001-11-08,5.984187126159668,5.996803410669526,5.908491424359043,5.9253127359871485,88600
2001-11-09,6.022034168243408,6.038855477052125,5.975775669282347,6.024136881975952,91800
2001-11-12,6.0010085105896,6.009418965417756,5.950544177413931,5.950544177413931,51200
2001-11-13,5.996804237365723,6.019933293385535,5.931621294900703,6.019933293385535,74800
2001-11-14,5.933722019195557,6.02413670173153,5.900079402584724,6.02413670173153,1393000
2001-11-15,5.923208236694336,5.950542709457227,5.887462910126504,5.919002809791865,441600
2001-11-16,5.9862895011901855,6.01993212254093,5.973673618446576,5.982084474310104,2272400
2001-11-19,5.971572399139404,6.055678973567777,5.931621625891509,6.045165802158649,83000
2001-11-20,5.984187126159668,6.011522008212656,5.940031333530278,6.0031111518727505,35000
2001-11-21,5.940031051635742,5.946339193591307,5.874848522301645,5.946339193591307,40200
2001-11-23,5.933722019195557,5.965262323188385,5.887463521618567,5.940030160204447,8600
2001-11-26,5.940031051635742,5.96105779043594,5.887464405161089,5.9505442205099985,40000
2001-11-27,5.860130310058594,5.927415557793824,5.855924881812214,5.897977961120877,153200
2001-11-28,5.782332420349121,5.858028536733896,5.782332420349121,5.839104507637702,52400
2001-11-29,5.780230522155762,5.780230522155762,5.731869285881288,5.7402797438607545,1354200
2001-11-30,5.754998207092285,5.803359438828338,5.754998207092285,5.792845866025851,56200
2001-12-03,5.765509128570557,5.794946318824622,5.719250629449647,5.725558369617439,293000
2001-12-04,5.830692291259766,5.830692291259766,5.7192512581607025,5.765509762366759,85000
2001-12-05,5.872745990753174,5.876951418854192,5.803358031293165,5.834897939947406,82600
2001-12-06,5.818074703216553,5.841204149066216,5.7823293782905125,5.8033561107855185,69600
2001-12-07,5.824385166168213,5.855925076963721,5.782331684406386,5.803358425287299,27400
2001-12-10,5.7844343185424805,5.813871514737311,5.750791694019326,5.813871514737311,38400
2001-12-11,5.691915988922119,5.771817510155832,5.675094679354757,5.771817510155832,67600
2001-12-12,5.754998207092285,5.754998207092285,5.601503252590344,5.717150147106924,1023000
2001-12-13,5.7486891746521,5.759202344777434,5.675095780619559,5.675095780619559,83200
2001-12-14,5.708740234375,5.740280155902669,5.694021631065546,5.729766982410733,56400
2001-12-17,5.733969211578369,5.763406401765704,5.717147902749658,5.719250616484702,48200
2001-12-18,5.786535263061523,5.807561997221004,5.771816669465366,5.782329836019308,102600
2001-12-19,5.910594940185547,5.910594940185547,5.74027868566529,5.813872084415205,105200
2001-12-20,5.881158351898193,5.887466496094095,5.809667655218619,5.862234320362316,83600
2001-12-21,5.839837551116943,5.875859787999095,5.829242941981548,5.848313561752006,166200
2001-12-24,5.886454105377197,5.886454105377197,5.83771785830421,5.869502490269579,64200
2001-12-26,5.880093574523926,5.920353787838099,5.880093574523926,5.901283181750235,42800
2001-12-27,5.958498477935791,5.958498477935791,5.8695023989655954,5.8695023989655954,31400
2001-12-28,5.937307834625244,5.977567660338941,5.924593822565679,5.964854052437685,71600
2001-12-31,5.939426898956299,5.996638337191415,5.935188894891976,5.975449125186423,114800
2002-01-02,6.024184703826904,6.028422707711396,5.867382197525353,5.911880025837634,45000
2002-01-03,6.055970668792725,6.055970668792725,5.95849897632686,6.039019052530905,143400
2002-01-04,6.02842378616333,6.081397631721327,5.996639155501838,6.070802620114707,152400
2002-01-07,6.0347819328308105,6.081399187509168,6.00935470678668,6.060209563033412,79600
2002-01-08,5.96061372756958,6.015706545901611,5.9584951305428655,5.996635939395979,781200
2002-01-09,5.90764045715332,5.9839228902355135,5.901283857168596,5.964852281964965,52000
2002-01-10,5.954261779785156,5.966975392668373,5.858908672764864,5.869503686966266,70200
2002-01-11,5.897046089172363,5.996636733093634,5.897046089172363,5.996636733093634,525800
2002-01-14,5.9521403312683105,5.981805550526155,5.869501275245286,5.869501275245286,84800
2002-01-15,5.954261779785156,6.0114736439973315,5.9182395398173195,6.0114736439973315,173200
2002-01-16,5.9288330078125,5.969093245705726,5.922476404674572,5.952141630407271,80000
2002-01-17,5.869502544403076,5.9203573901949555,5.841955917000149,5.9118813804837815,87400
2002-01-18,5.858910083770752,5.877980709767604,5.816531229234408,5.8292448451794545,68200
2002-01-22,5.731768608093262,5.827121669807975,5.731768608093262,5.827121669807975,157200
2002-01-23,5.816530704498291,5.837719927775604,5.742367210552116,5.742367210552116,257800
2002-01-24,5.8038153648376465,5.856789219293364,5.765674124964181,5.827123990128862,127200
2002-01-25,5.767793655395508,5.786864277077206,5.7444854321300225,5.7847452742060765,434400
2002-01-28,5.767793655395508,5.780507672622289,5.742366429258892,5.763556053811721,28000
2002-01-29,5.693628311157227,5.814408597664086,5.678795296958888,5.810170593607418,55400
2002-01-30,5.687273025512695,5.687273025512695,5.568611705138279,5.6576077964586995,99000
2002-01-31,5.725411891937256,5.740244500315818,5.647010442304231,5.647010442304231,158800
2002-02-01,5.738127708435059,5.793220563743388,5.7317707006138745,5.774149944438258,34400
2002-02-04,5.678793430328369,5.7741464694691125,5.649128219999328,5.7741464694691125,37600
2002-02-05,5.602513790130615,5.6766772517088135,5.572848163004325,5.634298015333171,29600
2002-02-06,5.49021053314209,5.615228868586697,5.462664305201385,5.594039244854678,246200
2002-02-07,5.56860876083374,5.600392975751736,5.471136710372572,5.471136710372572,199400
2002-02-08,5.5982747077941895,5.61098831459572,5.5304682659749975,5.5304682659749975,107600
2002-02-11,5.636418342590332,5.636418342590332,5.551660254072267,5.613109716688447,127000
2002-02-12,5.636418342590332,5.6851541929684135,5.610990713955689,5.625823328926545,213800
2002-02-13,5.670318126678467,5.710578345779014,5.647009514963696,5.6576045221786835,93000
2002-02-14,5.683034896850586,5.7190571331309314,5.638537054235208,5.638537054235208,165600
2002-02-15,5.672440528869629,5.719057376088756,5.647012900467461,5.719057376088756,131400
2002-02-19,5.574965476989746,5.670318527880302,5.574965476989746,5.636415310709933,99800
2002-02-20,5.64489221572876,5.64489221572876,5.509279315748686,5.617345996979678,46600
2002-02-21,5.532586574554443,5.634296224538754,5.4986833578930066,5.594036003193964,102400
2002-02-22,5.608870983123779,5.619465995412206,5.475377061556755,5.541064521111425,68200
2002-02-25,5.672440528869629,5.680916135564724,5.594039045108182,5.638537293772366,64800
2002-02-26,5.666084289550781,5.721177155098902,5.655489678704738,5.721177155098902,892800
2002-02-27,5.704224586486816,5.765674046658494,5.693629977402936,5.7127001929222345,109400
2002-02-28,5.714819431304932,5.782626306377435,5.714819431304932,5.744485065448666,51000
2002-03-01,5.837714195251465,5.837714195251465,5.763551178290487,5.774145779525446,510200
2002-03-04,5.90764045715332,5.90764045715332,5.835596430991257,5.880094247517077,200800
2002-03-05,5.911881923675537,5.9267145378745445,5.867384081078516,5.911881923675537,177200
2002-03-06,6.02842378616333,6.02842378616333,5.911881083440718,5.922476095047338,524000
2002-03-07,5.992402076721191,6.039018919373718,5.943665827404456,6.039018919373718,112000
2002-03-08,5.975449085235596,6.047493537214167,5.933069853192326,5.9966382970989205,127800
2002-03-11,5.994519233703613,5.994519233703613,5.924593385015182,5.954259006804956,151600
2002-03-12,5.93306827545166,5.973328494770807,5.91611666797384,5.9542578858384845,93200
2002-03-13,5.93306827545166,5.971209493316304,5.924592269633649,5.9542578858384845,37200
2002-03-14,5.911881923675537,5.975450789874971,5.901287314721511,5.97121278462999,112400
2002-03-15,5.961867809295654,5.991773142833069,5.938370528699336,5.938370528699336,43000
2002-03-18,5.989636421203613,5.998180626209918,5.8977838746659526,5.8977838746659526,139400
2002-03-19,6.017403602600098,6.023812059803229,5.9575925576590985,6.0216759074021855,96400
2002-03-20,5.9810872077941895,6.030217469218055,5.946909599201133,6.013128664921526,50600
2002-03-21,6.045172691345215,6.045172691345215,5.9939062566665635,6.023811982467831,49400
2002-03-22,5.974684715270996,6.057993075846884,5.974684715270996,6.045176154263123,238200
2002-03-25,5.983225345611572,6.008858356851569,5.938366964797526,5.974680736911995,109400
2002-03-26,5.951188087463379,6.00459070732237,5.927690804347933,6.0024545536364515,85400
2002-03-27,5.966140270233154,6.0109982716973445,5.927690321875493,5.970412577257255,457000
2002-03-28,6.019539833068848,6.060125914356225,5.976817599352723,6.034492492640667,67000
2002-04-01,5.957592010498047,5.966136619317464,5.917006340893939,5.959728162702901,72600
2002-04-02,5.991770267486572,5.991770267486572,5.906326207361642,5.906326207361642,71600
2002-04-03,5.991770267486572,6.002451029645575,5.940503831411614,5.970409558027402,29200
2002-04-04,6.0003156661987305,6.021676785896103,5.961865732229354,5.981090699214042,48000
2002-04-05,5.968272686004639,6.034491773688789,5.938366962994565,6.034491773688789,24800
2002-04-08,5.925551891326904,5.959729519526886,5.880693907100479,5.959729519526886,103000
2002-04-09,5.799522876739502,5.959730693265065,5.799522876739502,5.959730693265065,733400
2002-04-10,5.921278953552246,5.921278953552246,5.805929572553985,5.805929572553985,50200
2002-04-11,5.743983745574951,5.861469714531504,5.737575694084453,5.861469714531504,525200
2002-04-12,5.782433986663818,5.782433986663818,5.692717594238892,5.746120199076835,39800
2002-04-15,5.692716121673584,5.737574509997059,5.686308071505542,5.737574509997059,203600
2002-04-16,5.831562519073486,5.844379433701888,5.7418461538217676,5.756799220888235,108400
2002-04-17,5.861469268798828,5.897783051725095,5.842244300930247,5.87428577823472,83000
2002-04-18,5.8465166091918945,5.863605424257296,5.74611946418186,5.863605424257296,204400
2002-04-19,5.795249938964844,5.801658397602126,5.756800409429654,5.801658397602126,95400
2002-04-22,5.70767068862915,5.7354402733985985,5.703398789566565,5.729031813660363,37800
2002-04-23,5.735440254211426,5.818748193381931,5.7247594880167645,5.7247594880167645,240000
2002-04-24,5.750392436981201,5.803795041185175,5.703398291956336,5.703398291956336,99200
2002-04-25,5.711944103240967,5.750394054270544,5.662813791338576,5.662813791338576,74000
2002-04-26,5.62008810043335,5.69271565081313,5.425702717778467,5.667082637402268,44600
2002-04-29,5.536780834197998,5.639313714524205,5.536780834197998,5.639313714524205,453800
2002-04-30,5.65426778793335,5.658540094205001,5.562415647670152,5.585912517305132,113600
2002-05-01,5.70767068862915,5.720487608105621,5.577368600054937,5.620090442687792,90600
2002-05-02,5.671354293823242,5.718348828796312,5.649993586031176,5.718348828796312,23400
2002-05-03,5.639311790466309,5.694850516884627,5.62222298290908,5.694850516884627,50200
2002-05-06,5.609408855438232,5.671355656290002,5.607272702659967,5.660675299828157,147600
2002-05-07,5.553868293762207,5.5944543684506876,5.543187940784404,5.573093255065732,58000
2002-05-08,5.632908344268799,5.652132911976189,5.558144597339187,5.566688804383623,69000
2002-05-09,5.585910797119141,5.669219114043271,5.585910797119141,5.600863457035684,351400
2002-05-10,5.457746982574463,5.598729850804382,5.453475083105079,5.592321797885502,475800
2002-05-13,5.5239667892456055,5.541055610253503,5.415025402534145,5.4470668909952495,354400
2002-05-14,5.607271671295166,5.609407823680521,5.553869083949498,5.56241369349092,138000
2002-05-15,5.577366352081299,5.630768939420478,5.575230199696203,5.602999365843637,114800
2002-05-16,5.598726749420166,5.643585132151325,5.581637938720054,5.620087864652652,27600
2002-05-17,5.545324802398682,5.579502835156501,5.4812418567653145,5.558141717468901,91200
2002-05-20,5.575229167938232,5.585909520457788,5.52396274247157,5.551731903480013,64400
2002-05-21,5.615821838378906,5.67563253464123,5.575235717751036,5.592324546315958,108800
2002-05-22,5.716212272644043,5.716212272644043,5.632904377338945,5.641448578366192,214200
2002-05-23,5.818747043609619,5.820883196426452,5.690580726606075,5.690580726606075,71400
2002-05-24,5.758937358856201,5.820884583012258,5.758937358856201,5.799523457185011,156400
2002-05-28,5.799522876739502,5.801659029851388,5.7375760662129816,5.74612027123098,41800
2002-05-29,5.70339822769165,5.756800831293896,5.686309410836113,5.756800831293896,38800
2002-05-30,5.64999532699585,5.692717163173485,5.588048114508438,5.656403378336264,102800
2002-05-31,5.607271671295166,5.682035375064983,5.60513551890981,5.617952025792536,1310400
2002-06-03,5.479105472564697,5.620088272940066,5.479105472564697,5.594455258742407,850400
2002-06-04,5.498329162597656,5.534642930485861,5.449198890581061,5.449198890581061,79600
2002-06-05,5.476970195770264,5.549597759990606,5.447064871948763,5.4983313159696845,54400
2002-06-06,5.316762924194336,5.4833791890917825,5.316762924194336,5.4833791890917825,942200
2002-06-07,5.378709316253662,5.402206587918505,5.308217908688591,5.312490213978464,112200
2002-06-10,5.397934436798096,5.449200879452409,5.344531841437837,5.380845622579992,94600
2002-06-11,5.308218955993652,5.449201798939535,5.308218955993652,5.425704522638709,31400
2002-06-12,5.417160987854004,5.4192971411846225,5.3231722784547255,5.350941456893591,46200
2002-06-13,5.410750865936279,5.457745002486756,5.408614713261786,5.417159323959761,28600
2002-06-14,5.342395305633545,5.359484118626226,5.256951240670141,5.282584256444442,58200
2002-06-17,5.462017059326172,5.462017059326172,5.391525653992927,5.391525653992927,93200
2002-06-18,5.5026044845581055,5.517557148814125,5.447065726300361,5.476971054812399,62000
2002-06-19,5.350940227508545,5.511148023630711,5.33385141221936,5.511148023630711,114600
2002-06-20,5.286858558654785,5.348805783797147,5.259089379837943,5.348805783797147,77800
2002-06-21,5.305621147155762,5.305621147155762,5.230134586316634,5.281896693682952,123800
2002-06-24,5.217193603515625,5.279739322287548,5.189155541256548,5.279739322287548,80800
2002-06-25,5.182684421539307,5.256014152866261,5.169743590339118,5.219349287202784,281000
2002-06-26,5.1287641525268555,5.154644985261134,5.059747638709135,5.059747638709135,61200
2002-06-27,5.124455451965332,5.178374385073509,5.031714821200259,5.141709494105196,90400
2002-06-28,5.230135440826416,5.230135440826416,5.122297596685665,5.150335255160019,60400
2002-07-01,5.122297286987305,5.256016386639308,5.122297286987305,5.256016386639308,88800
2002-07-02,5.01446008682251,5.122297938152026,4.986422426479089,5.098573479221531,83600
2002-07-03,4.984264373779297,5.0360264801101655,4.958383114929536,5.020929250518077,64800
2002-07-05,5.042494773864746,5.042494773864746,4.956224625943976,4.984262681123548,67400
2002-07-08,4.9777936935424805,5.059750254732611,4.975636887804763,5.025242185666385,52800
2002-07-09,4.846231937408447,4.984264639690137,4.835448318944121,4.973480609857135,159000
2002-07-10,4.572323799133301,4.8138802890846035,4.565853381746364,4.8138802890846035,193600
2002-07-11,4.731924057006836,4.731924057006836,4.494680750667196,4.507621174978472,126600
2002-07-12,4.555069446563721,4.624085581738099,4.505463739459599,4.606831547944505,129800
2002-07-15,4.626244068145752,4.626244068145752,4.2380275496938715,4.527033029261725,324400
2002-07-16,4.490366458892822,4.639182755730746,4.47742603654084,4.639182755730746,254600
2002-07-17,4.406254291534424,4.59389190631588,4.406254291534424,4.59389190631588,113400
2002-07-18,4.302730083465576,4.4170379333237575,4.302730083465576,4.399783894965803,129000
2002-07-19,4.061173439025879,4.238027448272949,4.028822166104616,4.238027448272949,343200
2002-07-22,3.961960792541504,4.1194038754365545,3.8972578683408563,4.1194038754365545,207600
2002-07-23,3.6535465717315674,4.043919484077974,3.5953140324323414,4.005097791211823,555400
2002-07-24,3.979215145111084,3.979215145111084,3.5370799004495317,3.5370799004495317,761800
2002-07-25,4.097837448120117,4.169010397869562,3.8843185988717823,3.9899996205380086,540400
2002-07-26,4.043920040130615,4.175482370407553,3.9921579129812015,4.175482370407553,278600
2002-07-29,4.108621120452881,4.151756416601403,4.0158809330603,4.108621120452881,229000
2002-07-30,4.442917823791504,4.442917823791504,4.078425913309022,4.119404396011083,529600
2002-07-31,4.460172653198242,4.643497043947429,4.315669946533432,4.453702235394623,372600
2002-08-01,4.39547061920166,4.529189735244463,4.313514033566156,4.4860544303613,374000
2002-08-02,4.309198379516602,4.417036179272484,4.266063506435385,4.3846849216194315,235600
2002-08-05,4.233712673187256,4.373902169639436,4.233712673187256,4.270377548796979,175800
2002-08-06,4.408409118652344,4.434289958756428,4.356647027075638,4.388998282890013,294400
2002-08-07,4.440761089324951,4.486052772482264,4.3609609281929105,4.442917894908909,595800
2002-08-08,4.522716522216797,4.522716522216797,4.414878737993872,4.4752680452513705,190400
2002-08-09,4.53350305557251,4.563697520221775,4.451546063854893,4.5291894430886925,206800
2002-08-12,4.61114501953125,4.632712665886051,4.496837193177491,4.529188457025373,328200
2002-08-13,4.483896732330322,4.604674974988812,4.483896732330322,4.546442453729516,220200
2002-08-14,4.619772911071777,4.619772911071777,4.473113388280816,4.527032306285217,150600
2002-08-15,4.628398895263672,4.678004603585362,4.587420821103466,4.637026118056531,338000
2002-08-16,4.555069446563721,4.67153407182833,4.537815412770126,4.67153407182833,168000
2002-08-19,4.626244068145752,4.626244068145752,4.54428706932389,4.570168335101521,143000
2002-08-20,4.613301753997803,4.675847886323114,4.56801006758455,4.619772171214824,107200
2002-08-21,4.755651473999023,4.764278703907005,4.608992267884024,4.665067616810044,267800
2002-08-22,4.852704048156738,4.874271703977866,4.772903845029213,4.772903845029213,227800
2002-08-23,4.777216911315918,4.852703492359712,4.755649257965009,4.852703492359712,151600
2002-08-26,4.852704048156738,4.859174468313722,4.792314694131346,4.820352770109457,123600
2002-08-27,4.805252552032471,4.904463131317584,4.78152810421709,4.852701036294669,118400
2002-08-28,4.7750563621521,4.831132052364796,4.712510668963463,4.831132052364796,314400
2002-08-29,4.708198547363281,4.740549806572512,4.65859325581789,4.736236195646326,211000
2002-08-30,4.637025833129883,4.744863643202671,4.615458188841606,4.744863643202671,146400
2002-09-03,4.5097784996032715,4.647810805115362,4.47527042322525,4.647810805115362,223400
2002-09-04,4.4817399978637695,4.52918849110646,4.417037058312492,4.52918849110646,142600
2002-09-05,4.468799114227295,4.494680372038299,4.436447850490019,4.486053148978418,179400
2002-09-06,4.468799114227295,4.572323734102672,4.451545079476172,4.529188441540545,145800
2002-09-09,4.460172653198242,4.479583495240431,4.345864406879651,4.425664580982945,367000
2002-09-10,4.358803749084473,4.475268772426212,4.335079712431153,4.475268772426212,101400
2002-09-11,4.363119125366211,4.399784009250327,4.33076785402581,4.378216357900482,175000
2002-09-12,4.250966548919678,4.356647971589951,4.248810154583948,4.32429629739325,263400
2002-09-13,4.313511371612549,4.319981786762628,4.220770811303919,4.302727757730918,169200
2002-09-16,4.263906002044678,4.363116564098448,4.203516695989019,4.363116564098448,243000
2002-09-17,4.108621120452881,4.328610390346735,4.104307919932966,4.270377863956832,281600
2002-09-18,4.244496822357178,4.27684808731316,4.0676428566537375,4.140972609950577,384000
2002-09-19,4.156070709228516,4.244497710584974,4.149600290335822,4.244497710584974,724400
2002-09-20,4.0582709312438965,4.158690559947036,3.9862306361015345,4.07791832231743,1179400
2002-09-23,3.9512996673583984,4.071366615239216,3.885808264202147,4.071366615239216,326600
2002-09-24,3.822499990463257,3.9272857255653233,3.8072187894752263,3.9272857255653233,346200
2002-09-25,3.9360198974609375,3.9753142539987882,3.822501757111526,3.822501757111526,810400
2002-09-26,4.091014862060547,4.091014862060547,3.98404600557528,3.98404600557528,3267600
2002-09-27,4.021156311035156,4.132491307262267,3.9905939100094145,4.132491307262267,649200
2002-09-30,4.0757341384887695,4.082283405882424,3.9294704977505646,3.9513009726810697,219000
2002-10-01,4.141223430633545,4.149955783539431,4.008058379870815,4.123759141203277,556800
2002-10-02,4.016792297363281,4.171788306830364,3.9949618207138977,4.104113787579105,739200
2002-10-03,3.9949591159820557,4.115026448072882,3.9753117419377646,4.115026448072882,453200
2002-10-04,3.811586380004883,4.00587715891091,3.7984882609221087,4.00587715891091,655800
2002-10-07,3.776657819747925,3.8945421417268835,3.776657819747925,3.798488296008662,522600
2002-10-08,3.6347599029541016,3.831233332446984,3.4426526514543534,3.831233332446984,6561200
2002-10-09,3.3247668743133545,3.6456737364731344,3.3051197066011846,3.6456737364731344,1933600
2002-10-10,3.5496208667755127,3.602013743995107,3.252727479482903,3.326950826306055,2877600
2002-10-11,3.5976474285125732,3.6784200380265473,3.558352668012886,3.6565895692621035,2885800
2002-10-14,3.591099262237549,3.6020142905046044,3.46011684112469,3.46011684112469,618600
2002-10-15,3.6020143032073975,3.6565902774984185,3.580183830214661,3.64567524919287,1477400
2002-10-16,3.477581024169922,3.6194784689793944,3.4492014935698645,3.6194784689793944,2539600
2002-10-17,3.536522626876831,3.5801831481630084,3.4579331056275273,3.571451210458397,2138600
2002-10-18,3.5670864582061768,3.593282698165058,3.4317380386703964,3.558354100632065,1338400
2002-10-21,3.776657819747925,3.7875732660691446,3.567086246960935,3.567086246960935,2606000
2002-10-22,3.728630781173706,3.8596132109779893,3.680604070677524,3.776657491669888,2724000
2002-10-23,3.796304941177368,3.8203185050225024,3.7264477551351676,3.732997022469751,1099600
2002-10-24,3.7984869480133057,3.896723848133762,3.743910984920064,3.863978353554128,2642000
2002-10-25,3.8530659675598145,3.8770795436117615,3.7548294058945384,3.8530659675598145,1566400
2002-10-28,3.9294698238372803,3.9753134385855446,3.896724325248291,3.918554796434819,1187000
2002-10-29,3.903273820877075,3.973131423507212,3.8334166346286125,3.951300948709149,1771200
2002-10-30,3.9905967712402344,3.9905967712402344,3.887993637576948,3.914190297511472,631400
2002-10-31,3.9818623065948486,4.016790890447137,3.9382017849702713,4.016790890447137,491400
2002-11-01,4.0015106201171875,4.025524183258117,3.957849671930345,3.960032760977853,716400
2002-11-04,4.145590305328369,4.208898625414553,4.049536489092795,4.053902666281134,1130400
2002-11-05,4.145590305328369,4.165237686294318,4.093197428213031,4.165237686294318,426000
2002-11-06,4.232911586761475,4.232911586761475,4.147773217125729,4.165237508753101,844400
2002-11-07,4.036439895629883,4.149958047033092,3.994962029466839,4.149958047033092,924200
2002-11-08,3.912006378173828,4.058270025533194,3.9076401997137404,4.040805728074539,632000
2002-11-11,3.8683459758758545,3.927288144315308,3.8225023446774493,3.9076407548354903,1934400
2002-11-12,3.796304941177368,3.9491178479309377,3.7766575555552904,3.8639794544897144,2796000
2002-11-13,3.8203182220458984,3.8639791682790796,3.7788403647625404,3.7875727205618333,1621800
2002-11-14,3.9054558277130127,3.9272862964614044,3.8661610672422193,3.885808447477616,1023200
2002-11-15,3.962214469909668,3.9818618481120205,3.8967234868228364,3.907638511876803,633200
2002-11-18,3.9512996673583984,4.036438033441831,3.951299667358398,3.9622146930270037,588600
2002-11-19,3.9731314182281494,3.999327654845679,3.922921201344816,3.962215972652784,1185600
2002-11-20,3.9709482192993164,4.016791840303057,3.929470360023316,3.9774970700817582,717400
2002-11-21,4.03862190246582,4.073550491014455,3.9971440474212097,4.016791430527519,1195800
2002-11-22,4.152140140533447,4.169604435300272,4.027706988272119,4.038622016358272,1527800
2002-11-25,4.160871505737305,4.230728675167865,4.104112451479581,4.169603860106911,1641200
2002-11-26,4.056087493896484,4.182703771973185,4.0517213148361755,4.152141351314525,1482800
2002-11-27,4.0801005363464355,4.119395310059895,4.0277076435223895,4.091015566208308,335800
2002-11-29,4.097564220428467,4.104113070812355,4.042988246527337,4.095381131506625,226800
2002-12-02,4.036439895629883,4.134676837494531,4.01024365538713,4.115029449121601,444600
2002-12-03,4.0801005363464355,4.1150291315624665,3.9971448104220886,4.060453149489706,615200
2002-12-04,3.9884121417999268,4.125943408311611,3.981862875249228,4.093197908321364,2003800
2002-12-05,3.975313901901245,4.049537262757077,3.938202637854983,4.0167917603516585,1370800
2002-12-06,3.9709482192993164,3.984046337245862,3.9120060639673677,3.973131308354018,1718000
2002-12-09,4.0255255699157715,4.058271084144797,3.9840476964887097,3.9949627291044503,3216200
2002-12-10,4.056087493896484,4.071368704225814,3.997145325727567,4.038623194037,945000
2002-12-11,4.093200206756592,4.1084814209073865,4.016793719620765,4.023342989849043,544400
2002-12-12,4.106296539306641,4.125943925037718,4.08228339170996,4.115028895801197,564400
2002-12-13,4.1477742195129395,4.191435167323633,4.119394894903149,4.158689248274784,1904600
2002-12-16,4.213266849517822,4.21544993938834,4.160873941770846,4.180521334223689,2224400
2002-12-17,4.217630863189697,4.2547425391652425,4.21326468569102,4.2350951568028,2132400
2002-12-18,4.204533100128174,4.25255980750159,4.193617655464916,4.2176312173424435,763200
2002-12-19,4.208900451660156,4.246012141100679,4.180520704003533,4.230730514310783,660000
2002-12-20,4.25241756439209,4.2745081295145715,4.230326999269608,4.241372492502091,975000
2002-12-23,4.234745025634766,4.283343929868631,4.2104453628466,4.252417392750941,760000
2002-12-24,4.217073917388916,4.245791364521936,4.2082375205217755,4.241373587430959,346800
2002-12-26,4.243581295013428,4.301016597489522,4.221491150581659,4.250208591148457,447200
2002-12-27,4.2281174659729,4.301016028443383,4.179518564773392,4.221490592057137,466400
2002-12-30,4.239163875579834,4.254627146520019,4.188355443621682,4.219282406844586,779600
2002-12-31,4.230328559875488,4.263464209112005,4.197192910638972,4.263464209112005,749600
2003-01-02,4.329736709594727,4.340781787550819,4.243583500434883,4.2811373553654,1050000
2003-01-03,4.373917579650879,4.4180987355434045,4.345200123260648,4.373917579650879,1241800
2003-01-06,4.570520401000977,4.5727294995480685,4.362869772341491,4.362869772341491,4366200
2003-01-07,4.471113204956055,4.572729634406806,4.422514299514161,4.528548504846918,2822200
2003-01-08,4.502039909362793,4.52854867234772,4.4401868313021176,4.484367541153672,2331000
2003-01-09,4.479949474334717,4.532966575520975,4.468903981581872,4.524130181318699,1329400
2003-01-10,4.479949474334717,4.506457814256613,4.451231614519786,4.506457814256613,1121000
2003-01-13,4.384959697723389,4.539592781412577,4.3562418421369244,4.539592781412577,1595200
2003-01-14,4.393797397613525,4.4070519921791,4.3407802833789395,4.4070519921791,1967600
2003-01-15,4.380543231964111,4.4070519997985205,4.354034464129702,4.391588306111949,811200
2003-01-16,4.373917579650879,4.435771113631869,4.3694998011358095,4.404844557312739,1459200
2003-01-17,4.354033470153809,4.415886966751939,4.32973422830729,4.384960429124111,1060000
2003-01-21,4.263463973999023,4.396006984978513,4.263463973999023,4.3628713375692945,813000
2003-01-22,4.225909233093262,4.28555363860599,4.175101223067987,4.278926763332927,1652000
2003-01-23,4.303225517272949,4.327525180748512,4.252417513044483,4.252417513044483,830400
2003-01-24,4.19277286529541,4.283343796616002,4.1662645261170415,4.247999063483208,1075800
2003-01-27,4.0315117835998535,4.206026742504136,4.024884489258623,4.192772153821676,777200
2003-01-28,4.15300989151001,4.159637186906133,4.064648059607287,4.08673862291858,1289800
2003-01-29,4.150800704956055,4.186145433379258,4.0823199249615,4.153009381807906,959000
2003-01-30,4.084530830383301,4.190565062568453,4.08011263203994,4.190565062568453,1651800
2003-01-31,4.130920886993408,4.130920886993408,4.069067376958866,4.097784822231203,681800
2003-02-03,4.144172668457031,4.161845029504814,4.113246141958993,4.153008638309761,570400
2003-02-04,4.124292850494385,4.133128823862579,4.088948114336626,4.128711047849727,343400
2003-02-05,4.062437057495117,4.12870871637428,4.033719633587057,4.12870871637428,388000
2003-02-06,4.024885177612305,4.077902277382217,3.996167739907023,4.0756936002331186,543400
2003-02-07,3.954195976257324,4.0425578151290695,3.934314509843371,4.0425578151290695,1351400
2003-02-10,3.967449903488159,3.998376861203845,3.9321051701066243,3.9740771990006185,655000
2003-02-11,3.901179790496826,4.018259517878245,3.8790892202475384,4.011632220400683,1032000
2003-02-12,3.7664265632629395,3.9210600873576897,3.755381492117224,3.9100150162119744,1419800
2003-02-13,3.819443941116333,3.8768788145285487,3.691318761118872,3.7597995479469852,1006400
2003-02-14,3.8835036754608154,3.8835036754608154,3.821650222648618,3.865831320563356,826400
2003-02-18,3.9254801273345947,3.954197578601543,3.892344476998069,3.9100168519337264,1273200
2003-02-19,3.9276883602142334,3.963033102286634,3.8945522958466166,3.932106136966363,1499800
2003-02-20,3.9254801273345947,3.976288152606778,3.9166437291954392,3.949779379531965,797200
2003-02-21,3.9762861728668213,4.013840003575373,3.9254781728912653,3.9740770744319134,633600
2003-02-24,3.9497780799865723,3.998377411076599,3.932105710865431,3.998377411076599,1722800
2003-02-25,3.9762861728668213,3.9983767358734594,3.9144326807167245,3.9674497791271888,1316400
2003-02-26,3.9078047275543213,3.976285074754802,3.890132366297993,3.976285074754802,1510000
2003-02-27,3.9144339561462402,3.9630332948643243,3.8989706834059703,3.932106328041203,1273200
2003-02-28,3.9100167751312256,3.9608247994054118,3.9100167751312256,3.914434552771373,1975000
2003-03-03,3.9365222454071045,3.996166623996263,3.932104049657758,3.954194607062151,427400
2003-03-04,3.912222385406494,3.96303079118056,3.8989682201943667,3.923267874201863,625200
2003-03-05,3.951986074447632,3.954195172638276,3.894550785518066,3.9298959352259812,479000
2003-03-06,3.951986074447632,3.971867536821035,3.9122231497008246,3.9652406635914987,871200
2003-03-07,3.9652419090270996,3.9873320551870037,3.9210607740222314,3.9586146123736103,842800
2003-03-10,3.8724613189697266,3.963032253806963,3.865834023246586,3.963032253806963,1979400
2003-03-11,3.8658342361450195,3.927687735606638,3.8592069400569016,3.898969873900621,1734000
2003-03-12,3.8724613189697266,3.9100151520492497,3.841534360270874,3.881297291924777,546600
2003-03-13,3.9409420490264893,3.9630326154436406,3.887924942430831,3.932105653922625,858400
2003-03-14,3.9564049243927,3.985122784272623,3.9343143601794823,3.9630322200594055,845200
2003-03-17,4.044768333435059,4.0469774328500305,3.9519882647193865,3.976287936941448,920600
2003-03-18,4.0911545753479,4.0955727698547255,4.033719310785824,4.053600764724321,1044600
2003-03-19,4.069065570831299,4.126500857224859,4.060229178458884,4.119873562945548,627800
2003-03-20,4.1154561042785645,4.130919793701494,4.071275398526128,4.108829230154049,1068600
2003-03-21,4.183997631072998,4.183997631072998,4.128181226561599,4.152740580817134,1209200
2003-03-24,4.081300258636475,4.152745268931457,4.067903999821777,4.141581719919209,574800
2003-03-25,4.137115478515625,4.172837972890157,4.085764020237226,4.101392984141093,637800
2003-03-26,4.101390838623047,4.1839989039581065,4.090227298817295,4.181766195996956,815600
2003-03-27,4.121483325958252,4.152740803737398,4.065666918450614,4.083528577664636,1173200
2003-03-28,4.128183364868164,4.1505100234065075,4.108089414768215,4.1415791896529335,589000
2003-03-31,4.108089447021484,4.161673172426847,4.079065088785678,4.130416105735118,617200
2003-04-01,4.137115478515625,4.14827859831552,4.08799672936635,4.132650060257378,992400
2003-04-02,4.139344692230225,4.206324206161083,4.137111984986481,4.206324206161083,1286200
2003-04-03,4.123716354370117,4.175067776917088,4.110320534762199,4.175067776917088,848600
2003-04-04,4.175069808959961,4.186232926425508,4.125951070082029,4.152743148183231,487200
2003-04-07,4.175069808959961,4.275539143686792,4.1572085655077045,4.264376026221245,628800
2003-04-08,4.148277759552002,4.206326907634766,4.141579633518963,4.186232955381285,616000
2003-04-09,4.139344692230225,4.2040914989173395,4.121483034280274,4.192928388543984,790600
2003-04-10,4.175069808959961,4.175069808959961,4.132649196068738,4.175069808959961,384400
2003-04-11,4.161673545837402,4.21302499324,4.139347310966119,4.210792284583745,485800
2003-04-14,4.215257167816162,4.219722585014014,4.1639061475777295,4.1996286334693025,823800
2003-04-15,4.268839359283447,4.454149829314824,4.204092117228358,4.226418767104093,683600
2003-04-16,4.264374732971191,4.302329917027334,4.24204807896543,4.297864501057081,596400
2003-04-17,4.2733049392700195,4.297864300112647,4.24651329639214,4.286701186554445,475600
2003-04-21,4.313492774963379,4.329121304085706,4.29116612228342,4.320190898521011,597600
2003-04-22,4.37377405166626,4.378239466801881,4.268839351051708,4.297863697742397,741400
2003-04-23,4.37377405166626,4.387169871227699,4.304561820445829,4.387169871227699,988800
2003-04-24,4.413962364196777,4.465313365699409,4.391635712199187,4.398333835552104,1252000
2003-04-25,4.402800559997559,4.46084970772472,4.384939316531173,4.440755755594332,605800
2003-04-28,4.463080883026123,4.487640244046756,4.420660284675618,4.420660284675618,889800
2003-04-29,4.4697794914245605,4.518897792946779,4.442987419601646,4.509967386236164,2158200
2003-04-30,4.463080883026123,4.501036065582789,4.447452353593171,4.489872951943677,727200
2003-05-01,4.402800559997559,4.465315125052725,4.3782416163848,4.465315125052725,1731400
2003-05-02,4.438520908355713,4.442986323532185,4.393868034127279,4.420659673495254,1047800
2003-05-05,4.456382751464844,4.485407528228055,4.431823816333074,4.465313583036751,1012400
2003-05-06,4.4496846199035645,4.498802911224844,4.436288799696933,4.498802911224844,1348400
2003-05-07,4.442988872528076,4.465315535374081,4.418429926658577,4.465315535374081,1895800
2003-05-08,4.436286926269531,4.447450034086678,4.409494871325006,4.442984620621713,553800
2003-05-09,4.46531343460083,4.487640086942929,4.442986782258731,4.447452197896245,722800
2003-05-12,4.4988017082214355,4.518895646080881,4.458613832502545,4.50773253653467,428800
2003-05-13,4.507734298706055,4.514431996713924,4.476476813235836,4.514431996713924,1081800
2003-05-14,4.527829170227051,4.532294161196755,4.4921066873959,4.530061878634696,1072000
2003-05-15,4.597040176391602,4.61490141294622,4.543456466727747,4.543456466727747,1778600
2003-05-16,4.693046569824219,4.697511987410261,4.60150763853865,4.6193688830371595,1771400
2003-05-19,4.619365692138672,4.675182095871175,4.617132984887928,4.643924620206125,1648200
2003-05-20,4.639461994171143,4.666253643132843,4.576947436851205,4.581412853626682,1044200
2003-05-21,4.628300189971924,4.65285956561252,4.5992758217250085,4.65285956561252,1208400
2003-05-22,4.710905075073242,4.726533601691213,4.632762016137977,4.6506232502507165,5728800
2003-05-23,4.889516353607178,4.93193693509809,4.726532574517513,4.742161097739081,4469800
2003-05-27,4.960964202880859,4.983290860310033,4.856029466562984,4.856029466562984,2547400
2003-05-28,4.938638687133789,5.005618243284167,4.934173269831596,5.005618243284167,2897800
2003-05-29,4.864959239959717,4.998918303658384,4.833701756030614,4.9721266612568416,3267800
2003-05-30,4.914079189300537,4.94533625790717,4.693046148770159,4.896217946404515,2462400
2003-06-02,4.956498622894287,4.989988392134346,4.934171968119075,4.97882485182398,2364400
2003-06-03,4.97659158706665,4.996685103967157,4.934170993953501,4.972126171824121,966800
2003-06-04,5.045805931091309,5.052503630911959,4.969895543589431,4.989989494742612,2277200
2003-06-05,4.9877543449401855,5.056966572900002,4.967660403621948,5.019011397726153,1815200
2003-06-06,4.934172630310059,5.06813215109386,4.934172630310059,5.06813215109386,1720200
2003-06-09,4.929708957672119,4.9631987432550515,4.914080419456465,4.9341743759753705,1904800
2003-06-10,4.952033519744873,4.967662051321609,4.923008738949038,4.967662051321609,852600
2003-06-11,4.989988803863525,4.998919211003155,4.934172375242783,4.952033615367598,1227200
2003-06-12,5.0502705574035645,5.0502705574035645,4.9743601817881435,5.010082661390042,1319000
2003-06-13,4.983288764953613,5.065897234952955,4.9587294095236,5.056966405398263,842200
2003-06-16,5.079294204711914,5.079294204711914,5.001151131778018,5.001151131778018,1673600
2003-06-17,5.05473518371582,5.123947855571756,5.041339361291824,5.123947855571756,3238200
2003-06-18,5.079294204711914,5.083759620501391,5.025710492774654,5.059200259504756,686600
2003-06-19,5.094923496246338,5.1239482773740805,5.070364131576025,5.1239482773740805,1066200
2003-06-20,5.070831775665283,5.136130894479336,5.070831775665283,5.131627817976206,891000
2003-06-23,5.016789436340332,5.070830202918557,4.996524095188768,5.066326698334246,1031000
2003-06-24,4.985263347625732,5.02804576517673,4.944732681469806,5.02804576517673,1317000
2003-06-25,4.976258277893066,5.0438091222829105,4.969503021662964,4.99877536918228,707000
2003-06-26,5.023543357849121,5.0257951097352205,4.980761360446502,4.998774946057541,758600
2003-06-27,4.958247661590576,5.025798546454885,4.9559959081646925,5.019043715655285,491600
2003-06-30,4.980763912200928,5.02129417848199,4.958246811281685,5.02129417848199,370400
2003-07-01,4.946984767913818,4.985263685267227,4.886189194040035,4.95148827100897,1376800
2003-07-02,4.983015060424805,4.994273825227252,4.931226030767439,4.937981289648906,630200
2003-07-03,4.953741550445557,5.0100340680642566,4.935727961986686,4.983013470637037,591800
2003-07-07,4.962750434875488,4.994274119222099,4.953743422503321,4.953743422503321,432000
2003-07-08,4.924469470977783,4.967251473760225,4.906455883101541,4.960496646730267,954800
2003-07-09,4.888442516326904,4.942483716625527,4.8749324309911835,4.8997012786715635,781800
2003-07-10,4.800625801086426,4.88844199054016,4.7555920449851,4.88844199054016,1218400
2003-07-11,4.829899311065674,4.834402387123312,4.784865114665883,4.807382212865779,1014000
2003-07-14,4.823144435882568,4.879436971114869,4.796123830000762,4.859171624073004,524800
2003-07-15,4.728571891784668,4.818639841923089,4.728571891784668,4.814136337046702,2393400
2003-07-16,4.6497602462768555,4.762345242213233,4.631746664106142,4.762345242213233,1175000
2003-07-17,4.638502597808838,4.683536345092226,4.615985509428274,4.6497609272602505,779200
2003-07-18,4.710557460784912,4.728571047596645,4.6632715269804965,4.69479562600937,406800
2003-07-21,4.643006324768066,4.72631899746349,4.618237483409977,4.72631899746349,655400
2003-07-22,4.721816062927246,4.739829650774512,4.63174812369092,4.6655235472198155,703200
2003-07-23,4.692544460296631,4.728571638421616,4.674530871234138,4.726319886104074,584200
2003-07-24,4.6902899742126465,4.751085962917406,4.685786472202459,4.7060518017707125,681000
2003-07-25,4.728571891784668,4.7443337293741585,4.683537701976525,4.7240683869082805,670000
2003-07-28,4.694796085357666,4.762346935141529,4.6767824967834475,4.762346935141529,570000
2003-07-29,4.67453145980835,4.755592835534992,4.649762610674565,4.755592835534992,1551800
2003-07-30,4.640753269195557,4.719562415963613,4.640753269195557,4.719562415963613,1002400
2003-07-31,4.647510528564453,4.6970482233197925,4.638503948276668,4.661021043212926,2011600
2003-08-01,4.62724494934082,4.67453088923561,4.611483112535171,4.67453088923561,1935000
2003-08-04,4.62724494934082,4.647510290798896,4.564197602118224,4.647510290798896,444200
2003-08-05,4.5551910400390625,4.6385041663772055,4.5416809542332155,4.6385041663772055,1177600
2003-08-06,4.582210540771484,4.624992969940567,4.530421533053942,4.537176359595842,1280800
2003-08-07,4.6249918937683105,4.638501973186281,4.570950717141068,4.629494967255846,881600
2003-08-08,4.647510528564453,4.658769290771514,4.61598685334041,4.618238605781823,552000
2003-08-11,4.647510528564453,4.676782880824947,4.618238605781823,4.667775871059298,568000
2003-08-12,4.710557460784912,4.710557460784912,4.640754865574171,4.6700267830890665,787800
2003-08-13,4.665524005889893,4.726320031905481,4.663272253502887,4.726320031905481,1283800
2003-08-14,4.683537483215332,4.7263199185869755,4.663272141696019,4.688040987881367,310400
2003-08-15,4.67453145980835,4.712810395070609,4.649762610674565,4.706055137267424,191800
2003-08-18,4.663272857666016,4.710558804963685,4.645259265714024,4.710558804963685,468600
2003-08-19,4.667777061462402,4.692545915156766,4.631749872167676,4.692545915156766,819400
2003-08-20,4.712808132171631,4.717311635211355,4.643005552966659,4.694794549490423,1173000
2003-08-21,4.7308244705200195,4.751089816525491,4.6880420256775865,4.6993007898350365,1131400
2003-08-22,4.665524005889893,4.751088878684688,4.665524005889893,4.733075289066497,1136800
2003-08-25,4.6880412101745605,4.70155129533543,4.645258772774299,4.645258772774299,420200
2003-08-26,4.7015509605407715,4.728571558416254,4.670027287584237,4.703802712820215,483800
2003-08-27,4.717313766479492,4.726320347150398,4.683537907899417,4.683537907899417,885000
2003-08-28,4.728571891784668,4.735327149099248,4.694796464167493,4.694796464167493,1055800
2003-08-29,4.739830017089844,4.739830017089844,4.701551086271311,4.728571684869388,1060600
2003-09-02,4.827645301818848,4.827645301818848,4.72181511858857,4.72181511858857,1921000
2003-09-03,4.84340763092041,4.859169465065744,4.814135285098131,4.814135285098131,1926400
2003-09-04,4.845661163330078,4.863674756040386,4.832150646688902,4.854667744946268,1985200
2003-09-05,4.836653232574463,4.877183915835464,4.820891395634706,4.87268041114472,1858000
2003-09-08,4.8726806640625,4.892946006744879,4.829898655713362,4.86367408369137,1332800
2003-09-09,4.861420631408691,4.915461383173454,4.843407047487103,4.915461383173454,709800
2003-09-10,4.8546671867370605,4.877184282405321,4.836653596098028,4.861422444280902,672200
2003-09-11,4.84115743637085,4.8951982120301984,4.84115743637085,4.8951982120301984,2797800
2003-09-12,4.877182483673096,4.886189490409716,4.82314173168653,4.841155315682052,4241000
2003-09-15,4.85016393661499,4.895197696852745,4.836653422013588,4.895197696852745,1135600
2003-09-16,4.8929443359375,4.901951342710851,4.843407087117235,4.863672422879553,296200
2003-09-17,4.879434108734131,4.901951195513637,4.863672276831789,4.897447692262194,1008800
2003-09-18,4.933474540710449,4.946984620114577,4.879433793616257,4.888440370059781,494000
2003-09-19,4.9414286613464355,4.96187598702567,4.918709362443443,4.9459726077939505,479000
2003-09-22,4.9141645431518555,4.970962563653694,4.886901735978297,4.970962563653694,669000
2003-09-23,4.93688440322876,4.964147646858113,4.90053370061266,4.916437078840384,384800
2003-09-24,4.877816677093506,4.945974601273598,4.873273162149307,4.945974601273598,576200
2003-09-25,4.886902332305908,4.9209810620985905,4.8732709270557475,4.880086413013548,487600
2003-09-26,4.9323410987854,4.941428992289075,4.855096170677231,4.884630957894948,1868800
2003-09-29,4.984593391418457,4.984593391418457,4.9187074929747,4.920979465334941,506400
2003-09-30,4.975504398345947,4.975504398345947,4.9141624582291135,4.941425687170258,350400
2003-10-01,4.982323169708252,4.998226548483531,4.909621761972931,4.991410629007881,1570600
2003-10-02,5.030033588409424,5.032305561695518,4.975507529546958,4.975507529546958,384000
2003-10-03,5.041390419006348,5.075469131106984,5.020943105079098,5.03684647517044,664400
2003-10-06,5.034576892852783,5.055024216485104,5.020945488209416,5.055024216485104,351600
2003-10-07,5.018673419952393,5.043664689102983,4.9823227193703685,5.020945392905586,756000
2003-10-08,5.000497817993164,5.041392462423403,4.989137953798925,5.0345765439068595,1096200
2003-10-09,5.009585857391357,5.048208533465025,5.00049839831585,5.020945722903942,798800
2003-10-10,4.993682861328125,5.059568786341708,4.982323428280415,5.059568786341708,407800
2003-10-13,5.025489330291748,5.039120734653263,4.975506792075306,4.991410169386162,680200
2003-10-14,5.039118766784668,5.0436627109088565,5.00049610839779,5.016399479498088,992600
2003-10-15,4.975504398345947,5.05502167997877,4.968688916111403,5.05502167997877,1691000
2003-10-16,4.998224258422852,5.011855657794017,4.970961026346148,4.973232998463738,784600
2003-10-17,4.96641731262207,5.0550220549176785,4.96641731262207,5.0550220549176785,381200
2003-10-20,4.991408824920654,5.000496714270142,4.9596020788662765,5.000496714270142,406800
2003-10-21,4.984593391418457,5.02321605487373,4.975505501977489,4.998224792245489,699000
2003-10-22,4.982323169708252,5.036849225509742,4.975507250232601,5.009585980941711,617800
2003-10-23,4.991408824920654,5.009584170285215,4.955058134191533,4.995952769595398,829600
2003-10-24,4.975504398345947,5.030030422893914,4.955057084973669,5.005039599143381,872800
2003-10-27,4.995954513549805,5.032305216967987,4.977779161840713,4.998226486680262,663800
2003-10-28,4.982323169708252,5.030033306034091,4.943700492682042,4.998226548483531,1834200
2003-10-29,4.97777795791626,5.009584707380753,4.961874583184013,4.9823219030781765,942400
2003-10-30,5.018673419952393,5.055024120534417,4.9800507464171755,5.052752147581224,817000
2003-10-31,5.009585857391357,5.0413930474920345,4.986866993035309,5.039121074389517,413000
2003-11-03,5.034576892852783,5.055024216485104,5.002770137573413,5.036848865849101,705600
2003-11-04,5.009585857391357,5.064112345182644,4.989138532803265,5.036849101287,638200
2003-11-05,5.007313251495361,5.0186726812548015,4.964146638407445,5.007313251495361,496200
2003-11-06,4.986865043640137,5.043663048996701,4.955057865973075,5.043663048996701,911200
2003-11-07,4.95505952835083,5.005042067167309,4.943700096802287,4.989138256330996,682200
2003-11-10,4.943698883056641,4.995952948686111,4.943698883056641,4.984593519926463,1830200
2003-11-11,4.948243618011475,4.96187502136655,4.930068269093207,4.943699672448283,1063600
2003-11-12,4.9596028327941895,4.980050153604397,4.945971430032212,4.950515375397698,1218000
2003-11-13,4.96641731262207,4.9800487114365435,4.943698025708378,4.968689284646875,1345200
2003-11-14,4.9596028327941895,4.991409583683631,4.955058887428703,4.955058887428703,1348000
2003-11-17,4.918707370758057,4.952786088646082,4.88917259747761,4.943698632765333,1760800
2003-11-18,4.830102443695068,4.986865060337706,4.830102443695068,4.943698454788552,592000
2003-11-19,4.891447067260742,5.089103991931782,4.827833110277791,4.832377057205423,1381600
2003-11-20,4.8800859451293945,4.930068481812114,4.850551164363303,4.916436644534363,1862400
2003-11-21,4.870997905731201,4.8937171984820385,4.850550585588895,4.857366070080019,966200
2003-11-24,4.945972442626953,4.9550599018839305,4.895989900042582,4.902805819486242,2257000
2003-11-25,4.973236083984375,4.980052004565913,4.930069886971896,4.9596046761559425,650200
2003-11-26,5.009585857391357,5.020945722903942,4.9641476953447,4.966419668447217,942000
2003-11-28,5.020944118499756,5.020944118499756,4.993680883315871,5.01867214612323,508200
2003-12-01,5.034576892852783,5.050480270492468,4.998226191580777,5.041392811841737,780000
2003-12-02,5.043663501739502,5.057294902915066,5.005040837296711,5.005040837296711,550000
2003-12-03,5.034576892852783,5.075471540117425,5.023217461205734,5.075471540117425,582000
2003-12-04,5.04593563079834,5.05275154885026,5.011856907207702,5.034576200712954,960600
2003-12-05,5.073197364807129,5.109548050299023,5.0436625953453476,5.05729399407122,839200
2003-12-08,5.086832523345947,5.107279853215096,5.0663851934767985,5.086832523345947,603800
2003-12-09,5.043663501739502,5.1209088306250825,5.043663501739502,5.109548968533421,594400
2003-12-10,5.066383361816406,5.179979405205425,5.055023930811311,5.077743226156018,253200
2003-12-11,5.089101791381836,5.10046165378886,5.057295043311053,5.064110960755268,2181200
2003-12-12,5.100461483001709,5.123180340386139,5.066382330256207,5.123180340386139,1920200
2003-12-15,5.0822882652282715,5.157261652660428,5.0822882652282715,5.1549896793037435,719200
2003-12-16,5.11409330368042,5.143628080703991,5.091374011097577,5.134540623671532,2967000
2003-12-17,5.136815547943115,5.157262879683525,5.089104962770588,5.127727652354172,3506200
2003-12-18,5.202699184417725,5.21405904981384,5.141357211282372,5.198155238259279,5651200
2003-12-19,5.214624404907227,5.262780794882079,5.18481363959614,5.232969592187226,937200
2003-12-22,5.262779712677002,5.262779712677002,5.207743724770494,5.260486510065591,483600
2003-12-23,5.290295124053955,5.3063470984411465,5.26965674630371,5.304053896759619,843800
2003-12-24,5.299469947814941,5.32928070625409,5.276538359655161,5.32928070625409,250400
2003-12-26,5.306349277496338,5.32010849323573,5.290297296517392,5.297176904387088,330600
2003-12-29,5.345333099365234,5.347626302096595,5.27424556422786,5.27424556422786,438200
2003-12-30,5.3590898513793945,5.372848624056895,5.3384514736713955,5.3613826156727304,361600
2003-12-31,5.349918842315674,5.384316004259076,5.322400850330766,5.384316004259076,1125800
2004-01-02,5.336161136627197,5.38661028844985,5.320109153655614,5.365971899662462,404800
2004-01-05,5.345333099365234,5.37514429748922,5.2971771541577635,5.368264689295138,818800
2004-01-06,5.333865642547607,5.365969594700463,5.2994684884718986,5.365969594700463,375400
2004-01-07,5.361384391784668,5.365970796657712,5.3132284527686355,5.365970796657712,903000
2004-01-08,5.3590898513793945,5.377435027410561,5.343037439641564,5.377435027410561,468800
2004-01-09,5.3407440185546875,5.3705547619204586,5.331571212975408,5.3499163867505235,1283800
2004-01-12,5.338452339172363,5.359090720226377,5.31552075606973,5.352211114080517,1109400
2004-01-13,5.313229084014893,5.347626249882044,5.3040562731790155,5.34074707913883,1831000
2004-01-14,5.377438545227051,5.377438545227051,5.320109777953346,5.340748169162582,550600
2004-01-15,5.3590898513793945,5.388900598411229,5.331571868640896,5.386607396734395,512000
2004-01-16,5.349918842315674,5.388902409153834,5.331573660120283,5.388902409153834,1305000
2004-01-20,5.388899803161621,5.398072608515306,5.333864283189812,5.338450685866655,713800
2004-01-21,5.482922077178955,5.494387653191957,5.370557770193516,5.37743737823153,3247600
2004-01-22,5.5035600662231445,5.512732876277672,5.453110923074216,5.5035600662231445,543800
2004-01-23,5.455403804779053,5.531077733744217,5.446230995263939,5.531077733744217,567200
2004-01-26,5.423300266265869,5.476042617165273,5.3889030999133745,5.466870243583669,1229000
2004-01-27,5.404953956604004,5.469162307844195,5.400367552076074,5.469162307844195,664800
2004-01-28,5.42559289932251,5.50126683230575,5.395782141582783,5.395782141582783,816600
2004-01-29,5.46916389465332,5.492095486562674,5.423300710834614,5.471457097582629,1412800
2004-01-30,5.45999002456665,5.501266794525613,5.425592862062065,5.489801219485302,410200
2004-02-02,5.42788553237915,5.501266255163418,5.425592330119191,5.501266255163418,453000
2004-02-03,5.4760422706604,5.4760422706604,5.4118343475009185,5.43476593607945,480600
2004-02-04,5.386610507965088,5.501268033730331,5.368265321337999,5.501268033730331,1511400
2004-02-05,5.354506015777588,5.414127975816447,5.345333204671436,5.39807599376439,1305400
2004-02-06,5.400366306304932,5.411832314979746,5.354503583756197,5.400366306304932,816600
2004-02-09,5.432472229003906,5.43935139877007,5.393488663255661,5.43935139877007,3244000
2004-02-10,5.478336811065674,5.478336811065674,5.3866108717357575,5.3866108717357575,656800
2004-02-11,5.473748683929443,5.503559438438867,5.427885513655677,5.459989470417149,391600
2004-02-12,5.457696914672852,5.505853292903175,5.457696914672852,5.4668697247676405,509000
2004-02-13,5.450816631317139,5.487506989436054,5.425591846091546,5.480627383269919,515600
2004-02-17,5.49209451675415,5.505853294516707,5.457696916272271,5.480628504132304,939800
2004-02-18,5.510438919067383,5.524197694881147,5.487507334455377,5.487507334455377,576800
2004-02-19,5.473748683929443,5.53566339520034,5.4576962681651,5.52649102357575,1158400
2004-02-20,5.421003818511963,5.492091748788747,5.402658644946472,5.4806257419456665,693000
2004-02-23,5.44164514541626,5.464576734158854,5.400368373156326,5.400368373156326,642200
2004-02-24,5.411831378936768,5.471453301582933,5.393486205613597,5.471453301582933,453600
2004-02-25,5.46687126159668,5.482923246391382,5.416422104044216,5.423301276165499,906200
2004-02-26,5.5035600662231445,5.5081464712504085,5.459990093231454,5.459990093231454,597000
2004-02-27,5.5631818771362305,5.5677682820461865,5.4898011481115105,5.4898011481115105,1003400
2004-03-01,5.590701580047607,5.618219582697453,5.5631840147815765,5.6090467693529,720000
2004-03-02,5.5654754638671875,5.618217811822418,5.563182261253872,5.618217811822418,959600
2004-03-03,5.5631818771362305,5.602165444103568,5.5287847150788485,5.602165444103568,478800
2004-03-04,5.602165222167969,5.60675162689623,5.570061263837396,5.60675162689623,496400
2004-03-05,5.645734786987305,5.645734786987305,5.588406044150805,5.595285213365682,1195400
2004-03-08,5.6296844482421875,5.675547634382621,5.618218870398958,5.668668025246428,1093000
2004-03-09,5.5975799560546875,5.625097952638117,5.586114379285427,5.611338735654543,474800
2004-03-10,5.533371448516846,5.622804607105467,5.533371448516846,5.588407440286939,577800
2004-03-11,5.453110694885254,5.570061393884656,5.453110694885254,5.560888584213972,2798200
2004-03-12,5.505851745605469,5.519610519497394,5.457695380908425,5.47374779406313,1639000
2004-03-15,5.489799499511719,5.531076256538527,5.476040288913773,5.510437878025122,3430600
2004-03-16,5.542543411254883,5.549423018519065,5.462283076040635,5.503559844858456,1155800
2004-03-17,5.6296844482421875,5.638857260423777,5.560890106415295,5.56547651250609,2148600
2004-03-18,5.604462146759033,5.64115253418594,5.565478555444955,5.583823749158408,622200
2004-03-19,5.571631908416748,5.640988144734172,5.571631908416748,5.617869252309632,578800
2004-03-22,5.506899356842041,5.606310290274123,5.497652064010986,5.606310290274123,944800
2004-03-23,5.504586696624756,5.564695635437187,5.497651338156195,5.564695635437187,928200
2004-03-24,5.5161452293396,5.546199472094721,5.483778612961698,5.546199472094721,821600
2004-03-25,5.525389671325684,5.546196613646357,5.502270797529842,5.527701602800851,1280600
2004-03-26,5.543886184692383,5.560069268448709,5.525391168834301,5.548510048895893,1013600
2004-03-29,5.57856559753418,5.580877530180177,5.518457112562492,5.562382509968259,13357800
2004-03-30,5.599372386932373,5.606308184667894,5.548511193073379,5.560070415009862,811000
2004-03-31,5.622491359710693,5.634051022784048,5.583189387173404,5.606308272364055,1374800
2004-04-01,5.638674736022949,5.652546332421854,5.620179715113824,5.634051311512729,788000
2004-04-02,5.610931873321533,5.654857268063243,5.601684143298413,5.6409861139846,2592600
2004-04-05,5.627115726470947,5.654858038407486,5.606308772040495,5.654858038407486,1275800
2004-04-06,5.629428863525391,5.643300022460944,5.6086219046439645,5.617869196948936,1375400
2004-04-07,5.571631908416748,5.640988144734172,5.571631908416748,5.640988144734172,2013200
2004-04-08,5.5670061111450195,5.622491169148399,5.557758821955811,5.601684217277627,664600
2004-04-12,5.479156970977783,5.590127129342628,5.465285370465019,5.571632102948487,2081800
2004-04-13,5.379744529724121,5.479155434066295,5.342754487311603,5.472219635755415,5355200
2004-04-14,5.38668155670166,5.405176583640524,5.305766089441771,5.317325315919977,4540000
2004-04-15,5.41673469543457,5.456036671511989,5.375120786534233,5.375120786534233,3260200
2004-04-16,5.435229301452637,5.442165099391041,5.409798483301219,5.414422348593488,841400
2004-04-19,5.400552272796631,5.439854253722009,5.398240339688532,5.409799564272874,527600
2004-04-20,5.340441703796387,5.437540659900176,5.340441703796387,5.4352287274981785,2492000
2004-04-21,5.382055282592773,5.382055282592773,5.328881722445379,5.328881722445379,1051000
2004-04-22,5.442165374755859,5.444476866562887,5.252590856785224,5.393615668642621,967600
2004-04-23,5.444472312927246,5.4560319670745825,5.400546950034522,5.444472312927246,783800
2004-04-26,5.460659980773926,5.50227344447819,5.430605298094339,5.432917230681697,1133600
2004-04-27,5.469908714294434,5.502274897150417,5.435230598240712,5.444477890075492,1321600
2004-04-28,5.47452974319458,5.48146509823697,5.430603917117039,5.430603917117039,1540000
2004-04-29,5.3889899253845215,5.4930246586945435,5.384366502425357,5.462969984202345,1344000
2004-04-30,5.382055282592773,5.4560353511992465,5.321946366611017,5.358936400914253,1931000
2004-05-03,5.419045448303223,5.430604668944788,5.365871886866414,5.430604668944788,1108800
2004-05-04,5.439853191375732,5.465283568686231,5.388991554842603,5.416734305765771,1966800
2004-05-05,5.402862071990967,5.449099393022603,5.393614343211053,5.43522824080871,1068000
2004-05-06,5.421358108520508,5.423669600194371,5.3496895198610215,5.382056135723908,4005600
2004-05-07,5.25721549987793,5.405175690952581,5.229473184529509,5.405175690952581,4308600
2004-05-10,5.183234691619873,5.2364078228562345,5.143932716150368,5.222536667089377,3753200
2004-05-11,5.169363021850586,5.224848080357091,5.14162027211931,5.190169973910032,2910800
2004-05-12,5.164738178253174,5.178609330012836,5.102317333900747,5.132372010495307,4191800
2004-05-13,5.185549736022949,5.197108965938824,5.118504967833079,5.118504967833079,2026400
2004-05-14,5.2132887840271,5.2525907583513565,5.139308700818163,5.139308700818163,4348200
2004-05-17,5.1578049659729,5.1971069497790054,5.146245740541299,5.173988057959617,1825600
2004-05-18,5.201728820800781,5.247966586701416,5.201728820800781,5.241030789529517,1141200
2004-05-19,5.164738178253174,5.250277461886383,5.164738178253174,5.206352074488125,1320800
2004-05-20,5.217911720275879,5.243342534708834,5.176297820642317,5.176297820642317,1252800
2004-05-21,5.210978031158447,5.2549034361946445,5.194794499825166,5.213289523249918,801400
2004-05-24,5.2826457023620605,5.294204925572992,5.243343726106353,5.259526814984097,1274600
2004-05-25,5.3774333000183105,5.384369099236001,5.259527359054441,5.287270114969059,1699400
2004-05-26,5.379744529724121,5.428293795032017,5.349689844666395,5.3866798870789125,1494000
2004-05-27,5.435229301452637,5.45834818695792,5.375120375521327,5.409798483301219,1467600
2004-05-28,5.446788311004639,5.4629713979394925,5.39130325253255,5.409798272023246,1001200
2004-06-01,5.439853191375732,5.4699074339994365,5.412110440452565,5.453724346359283,741800
2004-06-02,5.449100494384766,5.469907447389057,5.375120413016647,5.425981608718211,472800
2004-06-03,5.391302585601807,5.467594586682738,5.391302585601807,5.467594586682738,1417000
2004-06-04,5.409800052642822,5.432918944854719,5.3913050270645435,5.3913050270645435,880800
2004-06-07,5.4560346603393555,5.4560346603393555,5.398237683939481,5.42366805370539,992400
2004-06-08,5.4051737785339355,5.449099610076266,5.395926490341653,5.423668795874497,2149000
2004-06-09,5.3704962730407715,5.423669398685283,5.358937051276676,5.358937051276676,1660400
2004-06-10,5.407487869262695,5.407487869262695,5.363562461143185,5.363562461143185,858000
2004-06-14,5.3704962730407715,5.400550955157092,5.358937051276676,5.358937051276676,1277000
2004-06-15,5.393614292144775,5.444475477084819,5.363560055806562,5.379743140062213,1319000
2004-06-16,5.423669338226318,5.432917068299344,5.384367808284079,5.4121101165910765,1427600
2004-06-17,5.460659980773926,5.474531135342014,5.412110278351538,5.414422210938894,2386400
2004-06-18,5.489810466766357,5.492142195231452,5.433839197639539,5.452496139076288,2819000
2004-06-21,5.527125358581543,5.550446206022124,5.480482774067077,5.520128837459378,4804400
2004-06-22,5.506136417388916,5.543450308275739,5.494475548476368,5.53645378692821,851600
2004-06-23,5.548117160797119,5.557445415322167,5.4991423788857965,5.4991423788857965,1074800
2004-06-24,5.566770076751709,5.578430497654233,5.548113136417744,5.55510921103264,593000
2004-06-25,5.534120559692383,5.578430963491982,5.524792311154699,5.576098790153416,756200
2004-06-28,5.559774875640869,5.608749188823997,5.5387857571862,5.5387857571862,1107200
2004-06-29,5.517796993255615,5.562107406708756,5.480483101342448,5.559775232862099,1472000
2004-06-30,5.541119575500488,5.5457839242785045,5.466491774319356,5.508470023687939,1510000
2004-07-01,5.475818157196045,5.566771148041937,5.459493386864294,5.566771148041937,591400
2004-07-02,5.531788349151611,5.55044529091809,5.436171466996335,5.438503640319217,927000
2004-07-06,5.522459506988525,5.550444694221426,5.5061347402999115,5.527123853132852,786800
2004-07-07,5.534120559692383,5.538784906369516,5.49214232923135,5.5154636178004335,1242200
2004-07-08,5.513131141662598,5.5411167753717505,5.4921420275848725,5.4921420275848725,1739800
2004-07-09,5.5014729499816895,5.550447272799593,5.471155130775307,5.506137298292939,1874400
2004-07-12,5.513131141662598,5.513131141662598,5.482813779559526,5.487478125980478,919600
2004-07-13,5.5014729499816895,5.527126420876822,5.485148175709055,5.527126420876822,1047200
2004-07-14,5.550447940826416,5.566773161880618,5.482816661440458,5.482816661440458,842800
2004-07-15,5.576099395751953,5.590091992486452,5.541117681507392,5.562106799017455,798200
2004-07-16,5.615746021270752,5.620410368922986,5.58542865116458,5.590092554000139,898800
2004-07-19,5.641399383544922,5.653059807641811,5.613413742969055,5.625074611882611,1535200
2004-07-20,5.653060436248779,5.664721306458996,5.625075237377691,5.641400010855278,965200
2004-07-21,5.5644402503967285,5.667053243102041,5.557443728014521,5.6647215137913705,897800
2004-07-22,5.527125358581543,5.552778379729513,5.494475371494756,5.536453608594445,621600
2004-07-23,5.494475841522217,5.545782777840535,5.487479764618221,5.545782777840535,535000
2004-07-26,5.480480194091797,5.524790584039441,5.46648760325123,5.487476711920301,1523800
2004-07-27,5.473487377166748,5.527126493820536,5.452498254305862,5.527126493820536,1646800
2004-07-28,5.545780181884766,5.545780181884766,5.468820258248586,5.522458898549094,1016800
2004-07-29,5.5854268074035645,5.61341199444565,5.5621055216574735,5.5760981151785165,2930600
2004-07-30,5.6250762939453125,5.6250762939453125,5.538787617448824,5.538787617448824,1599400
2004-08-02,5.667052268981934,5.674048790161496,5.608749260268882,5.646063150259903,2224200
2004-08-03,5.655392169952393,5.683377811461187,5.636735223885423,5.683377811461187,1795200
2004-08-04,5.7043657302856445,5.706697903836901,5.620409706523533,5.669384016650047,1229200
2004-08-05,5.63673210144043,5.706695499231453,5.63673210144043,5.667049455198824,4024800
2004-08-06,5.678715229034424,5.725357386292759,5.5877621994695525,5.590094374054992,3563200
2004-08-09,5.66472053527832,5.725355272849925,5.6553918403801315,5.725355272849925,1292800
2004-08-10,5.706696510314941,5.709028683296703,5.653057866183972,5.685707398295603,2030000
2004-08-11,5.730020523071289,5.730020523071289,5.643732305751499,5.699703149508945,938600
2004-08-12,5.727685928344727,5.7603359070172475,5.7043646420976515,5.7603359070172475,1329600
2004-08-13,5.706696510314941,5.75333908031714,5.681043497148594,5.7416786602248475,908800
2004-08-16,5.732351779937744,5.739348301094194,5.5994209916817885,5.5994209916817885,548800
2004-08-17,5.730020523071289,5.778995289369507,5.709031401060156,5.771998767093555,1041600
2004-08-18,5.767332077026367,5.804645957712988,5.73468254262971,5.760336002407967,962600
2004-08-19,5.739349842071533,5.785991994521007,5.737017667726544,5.774331567612832,3975400
2004-08-20,5.762665748596191,5.7743266103102036,5.711359291503716,5.769662265624599,656800
2004-08-23,5.751007556915283,5.790653612450245,5.751007556915283,5.7859892659598815,842400
2004-08-24,5.762665748596191,5.79298354423623,5.739344914800952,5.79298354423623,890200
2004-08-25,5.785992622375488,5.795321320767731,5.753343067636283,5.790656971571609,911000
2004-08-26,5.785992622375488,5.804649574343151,5.767335670407825,5.804649574343151,711800
2004-08-27,5.783658027648926,5.80931149267627,5.760337181060398,5.80931149267627,1057200
2004-08-30,5.797650337219238,5.806978585713294,5.765000355448594,5.783657297253285,1087000
2004-08-31,5.853625297546387,5.853625297546387,5.774333127661505,5.820975292712268,1687200
2004-09-01,5.834964752197266,5.872278639204686,5.834964752197266,5.860617771504479,1482400
2004-09-02,5.888601779937744,5.893266125727318,5.837295310701928,5.872277014490734,857800
2004-09-03,5.867615222930908,5.9445751826942965,5.841961754737548,5.923586062320946,1170600
2004-09-07,5.909590721130371,5.914255066785731,5.867612499865096,5.867612499865096,1078200
2004-09-08,5.853625297546387,5.907263987522368,5.83263616758763,5.907263987522368,2896600
2004-09-09,5.879273414611816,5.9025947000373336,5.84895605493021,5.84895605493021,1910400
2004-09-10,5.890933513641357,5.9049261051503805,5.84662312157691,5.8606157130859335,1039400
2004-09-13,5.844292640686035,5.909592161325424,5.837296565314503,5.909592161325424,611200
2004-09-14,5.834964752197266,5.869946465664644,5.832632578657225,5.8512895221609345,1099000
2004-09-15,5.846625804901123,5.867614924205901,5.811644087665384,5.865282750414629,2477200
2004-09-16,5.881608009338379,5.902597130381785,5.834965864099359,5.834965864099359,2232600
2004-09-17,5.916646957397461,5.942514794460083,5.883724581887743,5.937811469806201,817800
2004-09-20,5.895480155944824,5.91899632154986,5.890776833117107,5.902535140186401,506000
2004-09-21,5.928402423858643,5.937809069363637,5.888425526063052,5.893128400282004,783200
2004-09-22,5.9025373458862305,5.921350195693661,5.876669509200869,5.895482359008299,1283800
2004-09-23,5.843745708465576,5.9095904424605035,5.843745708465576,5.902535905837396,603600
2004-09-24,5.846098899841309,5.867263412315638,5.8272860497012084,5.839043912838623,2289600
2004-09-27,5.85315465927124,5.869615850510897,5.824935602441492,5.843748456505931,1899000
2004-09-28,5.890781879425049,5.914298065175104,5.879024010816989,5.8954852062818475,1182000
2004-09-29,5.8790202140808105,5.902536384643863,5.850800719698419,5.890778075095514,1103800
2004-09-30,5.890781879425049,5.909594738318306,5.8578594884953334,5.871969020531792,3325200
2004-10-01,5.937810897827148,5.956623746096739,5.8907785528863315,5.893130214986741,808600
2004-10-04,5.961326599121094,5.996600630771845,5.949568289548411,5.994248968857309,1293800
2004-10-05,5.987195014953613,5.996601664232911,5.954272639543518,5.954272639543518,1217000
2004-10-06,6.0107102394104,6.015413563306521,5.968381221412622,5.9848428550490445,1233600
2004-10-07,5.977789402008057,6.029524632530183,5.975437739456992,6.0177667683086264,2245200
2004-10-08,6.00365686416626,6.045985441823492,5.966031162781781,5.991898552150022,1482600
2004-10-11,5.987195014953613,6.029524039643006,5.984843801167513,6.029524039643006,683200
2004-10-12,6.0365777015686035,6.038929363372237,5.951919670772327,5.951919670772327,1771600
2004-10-13,5.9566240310668945,6.045984952489133,5.933107857471452,6.043633738809922,2048600
2004-10-14,5.968382358551025,5.98249233292772,5.9401633068651165,5.98249233292772,1065800
2004-10-15,6.015411853790283,6.031873034214959,5.970731186542217,5.996599012085865,1248200
2004-10-18,5.97308349609375,6.0318736888673765,5.97308349609375,6.0318736888673765,1094400
2004-10-19,5.96367883682251,6.017765720477937,5.944865988223505,5.958975512539335,1660600
2004-10-20,5.97073221206665,5.987193395318675,5.926051985677899,5.958974352181948,1933600
2004-10-21,5.996601581573486,6.003656568435711,5.963679206617206,5.984843718670163,673400
2004-10-22,6.034225940704346,6.048335462760888,5.982490727474611,6.031874278939319,1798800
2004-10-25,6.125939846038818,6.130643170597047,6.020117734680986,6.020117734680986,1775200
2004-10-26,6.187082290649414,6.203543479588563,6.114182547404429,6.158863237763375,1374000
2004-10-27,6.180027484893799,6.243520575413174,6.156511309481489,6.243520575413174,2545200
2004-10-28,6.1447529792785645,6.182379128946876,6.100072739514844,6.149456304053821,2034600
2004-10-29,6.177675247192383,6.194136433887901,6.135346225098938,6.172971922841179,2271400
2004-11-01,6.227056980133057,6.234111964589787,6.177673434536644,6.212947459753162,3091000
2004-11-02,6.104776382446289,6.2458730036879295,6.102425168297113,6.2458730036879295,2294200
2004-11-03,6.234114646911621,6.2458725108649364,6.180027755072355,6.220005120460891,1607400
2004-11-04,6.358750820159912,6.375212011055022,6.220005856138539,6.2670377660483085,1970400
2004-11-05,6.335231304168701,6.419888876830626,6.283495647423194,6.415186002290324,5742200
2004-11-08,6.396374702453613,6.405780902338215,6.325826184917519,6.325826184917519,5159000
2004-11-09,6.398724555969238,6.429295708297055,6.379911711665039,6.429295708297055,3365200
2004-11-10,6.396374702453613,6.4198904264319605,6.361100219418724,6.3987259160245005,3991200
2004-11-11,6.464570045471191,6.47867956724292,6.382263679491158,6.412834833285781,6062400
2004-11-12,6.54217529296875,6.5445269554789025,6.457517236738295,6.478681750795909,3411800
2004-11-15,6.50925350189209,6.55393419654673,6.481033997759211,6.549230871102283,1151000
2004-11-16,6.497492790222168,6.54217346838631,6.490438253192949,6.497492790222168,2084000
2004-11-17,6.443405628204346,6.542173179047977,6.42694444448601,6.504547488110748,1730600
2004-11-18,6.443405628204346,6.476328444174634,6.422241120985452,6.422241120985452,4391400
2004-11-19,6.419890403747559,6.485735596841849,6.394023017756041,6.485735596841849,3828000
2004-11-22,6.521010398864746,6.525713723610941,6.4363527961019225,6.443407334687479,1290600
2004-11-23,6.56098747253418,6.579800322154813,6.511603910480163,6.56098747253418,1944600
2004-11-24,6.584500789642334,6.617423150059819,6.568039609433591,6.572742931931381,1996600
2004-11-26,6.610371112823486,6.629183961390265,6.596261139998135,6.61977731284003,736400
2004-11-29,6.523361682891846,6.643293765761497,6.504548833531922,6.643293765761497,2376600
2004-11-30,6.45281457901001,6.532769312930721,6.445759591240378,6.511604798155605,3941600
2004-12-01,6.396374702453613,6.443406598943992,6.365803543627867,6.4198904264319605,3187600
2004-12-02,6.316418170928955,6.396372865386301,6.290550343741709,6.349340533870136,7479600
2004-12-03,6.3634538650512695,6.379915056380641,6.302311976875156,6.302311976875156,3010400
2004-12-06,6.422241687774658,6.431648335605949,6.342286975343311,6.379912669601161,1342400
2004-12-07,6.372857570648193,6.4387023055299855,6.368154247147032,6.43164776881186,1283200
2004-12-08,6.339935302734375,6.382264320836759,6.321122455637055,6.337584089314158,1543200
2004-12-09,6.342286109924316,6.3587477413828495,6.307012082437507,6.3493410948351166,2819200
2004-12-10,6.3658037185668945,6.386968229555977,6.311716834276436,6.314068496445634,1574000
2004-12-13,6.459868431091309,6.466923418110481,6.363452517831269,6.396375342053676,2880000
2004-12-14,6.483381748199463,6.52571075458919,6.441052741809735,6.513952896606947,3310800
2004-12-15,6.513954162597656,6.528063684625249,6.466921824460858,6.513954162597656,1084400
2004-12-16,6.516305923461914,6.556283279677849,6.48573521507733,6.549228742337991,4399800
2004-12-17,6.533401966094971,6.540523844015701,6.481172446328389,6.4882947770643495,1950400
2004-12-20,6.5690083503723145,6.628359708632702,6.53102351731086,6.53102351731086,1253200
2004-12-21,6.637854099273682,6.637854099273682,6.580876863340003,6.611739815813341,1220400
2004-12-22,6.652102947235107,6.671095371202616,6.635484632865426,6.642606508843801,4668800
2004-12-23,6.6497297286987305,6.682966361891791,6.630737302186243,6.682966361891791,1457200
2004-12-27,6.606992721557617,6.6948329248809,6.597496740363555,6.6948329248809,1644800
2004-12-28,6.623614311218262,6.635484859613036,6.590377681343138,6.614118325317564,1148400
2004-12-29,6.642606735229492,6.6544772836231845,6.614118324714873,6.637858515872016,1410200
2004-12-30,6.6449761390686035,6.673464982223113,6.642602031071161,6.6520984630609306,1260200
2004-12-31,6.611743927001953,6.671095307939466,6.611743927001953,6.671095307939466,1350200
2005-01-03,6.535775184631348,6.659225730838399,6.523904635024307,6.5998743412486975,4052800
2005-01-04,6.490665912628174,6.564261485243221,6.481169475999125,6.528650753514328,2575200
2005-01-05,6.388582229614258,6.504910875026034,6.388582229614258,6.504910875026034,2863800
2005-01-06,6.421814918518066,6.44080732953566,6.386204204461928,6.386204204461928,1544400
2005-01-07,6.421814918518066,6.490662691466091,6.412318939416668,6.469296172469448,735600
2005-01-10,6.455056667327881,6.476423201848368,6.40282715947108,6.40282715947108,4130400
2005-01-11,6.436062335968018,6.459802520344822,6.395703388586461,6.433688226967338,724600
2005-01-12,6.455056667327881,6.46692676303254,6.395705283174335,6.4289419133994805,394400
2005-01-13,6.48591947555542,6.538148985729049,6.459804720468605,6.476423489133489,1750400
2005-01-14,6.54052209854126,6.557140865823436,6.476422950284729,6.53340022252115,1598200
2005-01-18,6.597498893737793,6.602246659477012,6.493040349619243,6.528651083146122,1188400
2005-01-19,6.5690083503723145,6.6236114912962885,6.5690083503723145,6.6236114912962885,2247200
2005-01-20,6.547644138336182,6.590377203830859,6.52152938657497,6.52152938657497,1616000
2005-01-21,6.5215301513671875,6.571385551229311,6.519156041581835,6.5215301513671875,6548800
2005-01-24,6.5785064697265625,6.609369439626358,6.5215292016212585,6.547643952641843,1772800
2005-01-25,6.54052209854126,6.616492247671596,6.5310261129094105,6.580881056310614,2205400
2005-01-26,6.635485649108887,6.642607526177997,6.540523061912449,6.552393611719591,2795200
2005-01-27,6.668721675872803,6.678217662038905,6.59512608502876,6.656851579961391,2358000
2005-01-28,6.675840377807617,6.675840377807617,6.611740807958017,6.6259850058751875,740000
2005-01-31,6.751813888549805,6.751813888549805,6.687714282135927,6.704332597988011,1918400
2005-02-01,6.796919345855713,6.813538111416194,6.737567970156322,6.7660568297306565,3780000
2005-02-02,6.82303524017334,6.853898214288663,6.79692048558578,6.853898214288663,3402800
2005-02-03,6.842027187347412,6.853897735337305,6.775553929864437,6.853897735337305,3504400
2005-02-04,6.908500671386719,6.927493094733424,6.861019386612409,6.884760028999564,1476000
2005-02-07,6.894258975982666,6.967854586631575,6.884762534445901,6.955984034710618,1742800
2005-02-08,6.934616565704346,6.944113005969786,6.903754040472054,6.936990675770706,2912600
2005-02-09,6.894258975982666,6.9417398252207265,6.894258975982666,6.929869726115025,3361400
2005-02-10,6.9013800621032715,6.9393649182595,6.884761744136822,6.9013800621032715,7394800
2005-02-11,6.906125545501709,6.965476916327392,6.868140704398474,6.944110386604945,5149200
2005-02-14,6.967850685119629,6.982094886633759,6.891881006624267,6.951232374550644,2036400
2005-02-15,6.955982685089111,7.015334074732586,6.946486698210042,7.015334074732586,1690200
2005-02-16,6.974973201751709,6.993965623124445,6.908499953354655,6.979721420298654,2099200
2005-02-17,6.960728645324707,7.0224541248542405,6.9417362249167756,7.0224541248542405,2468200
2005-02-18,6.887133598327637,6.941736754564731,6.86576706713659,6.93936264523072,2133800
2005-02-22,6.723324775695801,6.896630710069136,6.706706460456594,6.896630710069136,8505200
2005-02-23,6.7589335441589355,6.792170617756454,6.742315233767675,6.749437560856071,3474400
2005-02-24,6.811166763305664,6.82066275180342,6.747067142888643,6.777929671525405,3999200
2005-02-25,6.944109916687012,6.965476444963556,6.81353709083257,6.837277275304292,7096200
2005-02-28,6.8966288566589355,6.974972645171775,6.870514562364661,6.960728443482624,3939400
2005-03-01,6.915622234344482,6.963103516971253,6.88475971760763,6.908500358921016,2960200
2005-03-02,6.908500671386719,6.951233737120578,6.8752635909186655,6.944111408559905,5140800
2005-03-03,6.944109916687012,6.960728226943214,6.884758549877721,6.944109916687012,4624600
2005-03-04,7.053318023681641,7.062814462158484,6.955981793369539,6.989218875223383,3420400
2005-03-07,7.1031718254089355,7.117416027111301,7.0628128765730604,7.0628128765730604,2259000
2005-03-08,7.055692195892334,7.115043578453789,7.036699771585273,7.115043578453789,3523800
2005-03-09,6.929867267608643,7.091303093939081,6.922744938982854,7.091303093939081,7904600
2005-03-10,6.974973201751709,6.996339732397917,6.891881641255391,6.944110686826654,4798600
2005-03-11,6.944109916687012,7.012957719536986,6.927491606430809,6.9797206462095875,3512800
2005-03-14,7.050944805145264,7.055692571863684,6.93461569064877,6.948860349249445,1106600
2005-03-15,7.020081043243408,7.1031730644960716,7.020081043243408,7.053317670618439,5102200
2005-03-16,6.955982685089111,7.039074721153009,6.92037194186606,7.015334074732586,7517600
2005-03-17,6.996341705322266,7.017708241993703,6.96073096180826,6.967853291637129,1667200
2005-03-18,6.975287914276123,7.044658280935655,6.929838379438909,7.044658280935655,2703800
2005-03-21,6.972896575927734,7.008777599602785,6.9537599995509085,7.008777599602785,1853800
2005-03-22,6.831765174865723,7.001602714807874,6.824589242809657,6.980074006135601,7424200
2005-03-23,6.798273086547852,6.836546227068383,6.728902734196999,6.836546227068383,13146000
2005-03-24,6.8700408935546875,6.898746001232423,6.817415395106416,6.829375590491684,4757400
2005-03-28,6.881999492645264,6.929840716169966,6.874823103803126,6.913096265123716,1636000
2005-03-29,6.795888423919678,6.913100102559252,6.786320356404368,6.913100102559252,2611400
2005-03-30,6.905920505523682,6.905920505523682,6.798276951455556,6.836550113734871,2348600
2005-03-31,6.972896575927734,6.982465092242132,6.865253504902581,6.932231294095485,1538600
2005-04-01,6.9968180656433105,7.0566199294522285,6.94180046043959,7.032699092678259,3409600
2005-04-04,7.01595401763916,7.054227170560832,6.951367900989348,7.054227170560832,3349000
2005-04-05,7.056621074676514,7.0614053340581515,7.001603460543944,7.008779393364313,2446000
2005-04-06,7.035091876983643,7.102070134936371,7.032699747458325,7.0757571664099315,1521200
2005-04-07,7.0996785163879395,7.109246578925786,7.042268772404598,7.0566210943374115,2021000
2005-04-08,7.044663429260254,7.128385717445745,7.030310645926525,7.128385717445745,2119600
2005-04-11,7.114029884338379,7.133166463099968,7.03748356929202,7.087716917446683,2937000
2005-04-12,7.181009292602539,7.200145874440668,7.049444893244813,7.1523041917192955,1536200
2005-04-13,7.130775451660156,7.200145845704072,7.118815259153598,7.200145845704072,1356400
2005-04-14,7.063796043395996,7.130773836263012,7.056619655766533,7.106853000416795,1567800
2005-04-15,6.939408302307129,7.087716668435967,6.927447655843828,7.042267580631458,2339800
2005-04-18,6.9657206535339355,6.999209548171685,6.889173891680269,6.934623431725765,1978800
2005-04-19,7.063796043395996,7.068579845563644,6.937015932787439,6.984857604479874,1609600
2005-04-20,7.0016045570373535,7.080543024188263,6.999212426971913,7.080543024188263,1558800
2005-04-21,7.063796043395996,7.087716422990219,6.9633288978434775,6.9633288978434775,7696400
2005-04-22,7.109249114990234,7.116425506642701,7.051839350527252,7.092504657386729,3618000
2005-04-25,7.157088279724121,7.1690484719917915,7.116422987261116,7.152304020316217,1294600
2005-04-26,7.066190242767334,7.171441221322578,7.066190242767334,7.171441221322578,2495800
2005-04-27,7.118811130523682,7.152300015121492,7.013559763749636,7.104458816589168,1151400
2005-04-28,7.087718486785889,7.1523046255012135,7.063798100226549,7.1499124955948545,4466000
2005-04-29,7.188183784484863,7.190575913766548,7.0685800579127225,7.0685800579127225,1881000
2005-05-02,7.207321643829346,7.2479869363435725,7.185793388970839,7.228850354939942,2191400
2005-05-03,7.171440601348877,7.2479869268632795,7.1499118902664405,7.2479869268632795,4590600
2005-05-04,7.17861795425415,7.219283252174868,7.1259924624605775,7.219283252174868,2991400
2005-05-05,7.149909019470215,7.224063641758672,7.082931239663745,7.224063641758672,2096200
2005-05-06,7.133167266845703,7.173832558327638,7.1259913341590595,7.1283830075532215,2999200
2005-05-09,7.192968845367432,7.195360974915939,7.087717426493416,7.133166975410933,6276200
2005-05-10,7.14034366607666,7.2001455385626425,7.133167277127594,7.2001455385626425,1676200
2005-05-11,7.173830032348633,7.185790676368371,7.106851794593851,7.17622216115258,1370600
2005-05-12,7.092503547668457,7.1953628639988265,7.090111417491916,7.1953628639988265,1563000
2005-05-13,6.977680683135986,7.164262640962661,6.865253356385788,7.070971433923344,4103000
2005-05-16,7.02313232421875,7.02313232421875,6.941801737970826,6.980074901351955,5991000
2005-05-17,7.10446310043335,7.114031163408424,6.99921167019487,7.056621416801647,1534400
2005-05-18,7.106852054595947,7.166653908126719,7.0996761241734925,7.149909462138412,2534800
2005-05-19,7.147519588470459,7.15708810705542,7.104462623594364,7.133167266845094,978400
2005-05-20,7.145125389099121,7.157085576850026,7.059010577286476,7.059010577286476,1737000
2005-05-23,7.118811130523682,7.145124086280152,7.092498174767212,7.1092426170661165,1258400
2005-05-24,7.118811130523682,7.140339829551369,7.092498174767212,7.123595387252465,904400
2005-05-25,7.137951374053955,7.147519436182979,7.097286083438452,7.135559244458682,797600
2005-05-26,7.157088279724121,7.173832731399695,7.1092465981492605,7.1092465981492605,1760600
2005-05-27,7.185793876647949,7.1929698100037625,7.140344321635274,7.157088774468333,2850200
2005-05-31,7.1833977699279785,7.231238972072144,7.164261197819938,7.2049264705810065,3087000
2005-06-01,7.276691436767578,7.310180337400467,7.188184469913733,7.209713179249748,4260200
2005-06-02,7.2671217918396,7.295826885253765,7.259945860675045,7.295826885253765,2777000
2005-06-03,7.291045188903809,7.305397968780162,7.2288511781960345,7.276692865279597,2327800
2005-06-06,7.283865451812744,7.295825639212331,7.247983977110177,7.295825639212331,1858400
2005-06-07,7.300610065460205,7.381940619163055,7.283865620212897,7.283865620212897,6210600
2005-06-08,7.314966201782227,7.3628078899732925,7.298221747791,7.319750461851764,2055400
2005-06-09,7.322139263153076,7.322139263153076,7.259945279279693,7.307786489469411,1989000
2005-06-10,7.348452568054199,7.372373403875903,7.312571542447641,7.31735580086238,2473200
2005-06-13,7.3795485496521,7.391508737424269,7.3173545694826005,7.367587905628013,956400
2005-06-14,7.398685455322266,7.429782218674285,7.372372493542291,7.386724810762305,2369600
2005-06-15,7.362803936004639,7.415429399752194,7.319746531005772,7.393900697252761,1037800
2005-06-16,7.3508453369140625,7.40347127155159,7.31018004935417,7.40347127155159,2318200
2005-06-17,7.44465970993042,7.463952621903879,7.372310945045466,7.40848509749829,1842400
2005-06-20,7.4591264724731445,7.463949813646589,7.391601075982325,7.461538143059866,2707800
2005-06-21,7.468771457672119,7.483241478795556,7.439832335383356,7.439832335383356,1493200
2005-06-22,7.5362982749938965,7.697876528408932,7.451891642318136,7.697876528408932,3799000
2005-06-23,7.558006763458252,7.596592593803028,7.5194209331134765,7.548360075882368,2717600
2005-06-24,7.504950046539307,7.58212169370507,7.497715032125279,7.572475007819699,1816600
2005-06-27,7.550770282745361,7.553181954171411,7.480833651307111,7.521831145591358,1812800
2005-06-28,7.625531196594238,7.62794240819264,7.5507707576228205,7.582122028153885,2219600
2005-06-29,7.603823184967041,7.664113567296367,7.582118610530155,7.664113567296367,4702600
2005-06-30,7.611059665679932,7.673761734393385,7.60382511235326,7.635175916720372,4616400
2005-07-01,7.680994987487793,7.69064120970586,7.613469592044829,7.647232059776749,1279200
2005-07-05,7.695468902587891,7.7244080455862845,7.6375901566117195,7.673764315349404,2177800
2005-07-06,7.565239906311035,7.719582729502091,7.565239906311035,7.6954669364911785,2426600
2005-07-07,7.625531196594238,7.637589094503528,7.476010778630723,7.514596603915633,4351600
2005-07-08,7.714761734008789,7.714761734008789,7.620708830317837,7.640001745433402,2970600
2005-07-11,7.758170127868652,7.772640158592708,7.714761415634567,7.741288885336615,2863400
2005-07-12,7.779874801635742,7.808814863409938,7.743701104356095,7.801579387987024,3862200
2005-07-13,7.801577091217041,7.818458328969484,7.772637957921205,7.7991658800917465,3888000
2005-07-14,7.72440767288208,7.861869745440338,7.680998960478968,7.847400634618664,3005400
2005-07-15,7.721994400024414,7.753345665034769,7.693054806167106,7.724405611198221,2163600
2005-07-18,7.717172145843506,7.738876729302035,7.700290905371162,7.721995488829691,2093200
2005-07-19,7.72440767288208,7.74128891547985,7.685822304072435,7.7195843292886135,2161200
2005-07-20,7.76540470123291,7.7702280442473475,7.6737630238758126,7.738876774632807,1889200
2005-07-21,7.625531196594238,7.777462826156156,7.596591597640896,7.777462826156156,7560600
2005-07-22,7.668936252593994,7.702699178622613,7.603822990924082,7.603822990924082,2408200
2005-07-25,7.67134952545166,7.7557561681858225,7.67134952545166,7.721993695083836,2857200
2005-07-26,7.697878837585449,7.734052988160958,7.676174255244288,7.709936734450858,6289600
2005-07-27,7.7316389083862305,7.7436968007782445,7.69064097030352,7.729226777932896,7921200
2005-07-28,7.779874801635742,7.784698145264775,7.697880259839017,7.738877760727062,5216200
2005-07-29,7.782281875610352,7.828102230368743,7.772635194621806,7.828102230368743,6117800
2005-08-01,7.680994987487793,7.835338682788978,7.668936634741304,7.825692000591787,3935800
2005-08-02,7.8594536781311035,7.8594536781311035,7.693052106792635,7.705110458326772,6515000
2005-08-03,7.881161212921143,7.958332851827028,7.811224127675652,7.859456631981456,10550600
2005-08-04,7.830517292022705,7.9101001400754605,7.816047265122896,7.9101001400754605,3349600
2005-08-05,7.695468902587891,7.828107637952528,7.647236384284723,7.828107637952528,5554600
2005-08-08,7.538710594177246,7.729227991769709,7.517006016479737,7.688230507227657,13951600
2005-08-09,7.618293762207031,7.618293762207031,7.5483566886038425,7.5483566886038425,4979800
2005-08-10,7.615882873535156,7.736464126610235,7.5797087276022435,7.596589965038988,5640600
2005-08-11,7.661703109741211,7.693053911124842,7.589354363504915,7.644821873613164,2047800
2005-08-12,7.654467582702637,7.6785838298273275,7.5965888655908715,7.659290924123406,3078000
2005-08-15,7.683410167694092,7.690644722667487,7.635177654634557,7.666528926117055,2146000
2005-08-16,7.562827110290527,7.690642450165368,7.562827110290527,7.661703318864316,4025400
2005-08-17,7.555591583251953,7.584531172562612,7.485654970718208,7.584531172562612,4702400
2005-08-18,7.584531307220459,7.5965892013261325,7.490477985275344,7.524240916733744,3405000
2005-08-19,7.630350112915039,7.637585123886877,7.5941759780140075,7.637585123886877,1862200
2005-08-22,7.680994987487793,7.70028789190305,7.620704603692722,7.6375858375586825,2365600
2005-08-23,7.7436981201171875,7.760579356333805,7.685819398811989,7.697877293258377,6001600
2005-08-24,7.707523822784424,7.81845792802833,7.693054256878525,7.762990875406377,3380800
2005-08-25,7.76540470123291,7.808813868404239,7.719583402575054,7.808813868404239,2616000
2005-08-26,7.753344535827637,7.789518217917222,7.719581144602341,7.767813640680132,1742800
2005-08-29,7.784692764282227,7.79675157499881,7.685817048108724,7.729225730826708,3239200
2005-08-30,7.772638320922852,7.801577455570218,7.709936249214556,7.765403767250636,1763800
2005-08-31,7.832927227020264,7.852220593076653,7.760578944225458,7.779871390323519,4233200
2005-09-01,7.955920219421387,7.967978113354302,7.813634863112977,7.813634863112977,5161400
2005-09-02,7.958338260650635,7.994512893455425,7.936633664959586,7.963161606355215,3962600
2005-09-06,8.03309154510498,8.074088566940377,7.987270261926238,8.006563627466404,4060600
2005-09-07,8.037915229797363,8.05479646538687,7.989682733845195,8.037915229797363,3086800
2005-09-08,7.967977523803711,8.049972484422401,7.951096289555005,8.045149143214447,3081600
2005-09-09,8.062030792236328,8.083735368809641,7.982447038148077,7.994505851767498,6849800
2005-09-12,8.054795265197754,8.139201430568516,8.011386117304731,8.100615623547851,2375400
2005-09-13,7.984860420227051,8.083736635677091,7.984860420227051,8.083736635677091,3511800
2005-09-14,8.013802528381348,8.049977148420735,7.982451252344465,8.006567972356992,1405800
2005-09-15,8.0885591506958,8.095793703294728,8.054796678622985,8.062031231221912,3383400
2005-09-16,8.161693572998047,8.164122963775887,8.064501257781467,8.139825348419047,3313600
2005-09-19,8.137398719787598,8.205432807395825,8.13010869119034,8.166556053491847,2119800
2005-09-20,8.10581111907959,8.181134308868652,8.086372278556649,8.159267003622743,2863800
2005-09-21,7.964879989624023,8.115528179180457,7.896845921369287,8.100949053028158,5385800
2005-09-22,7.921145915985107,7.950304177042998,7.867690957835524,7.926005626161423,4635400
2005-09-23,7.9405837059021,7.952732516287748,7.884698436612261,7.9235751859832275,3701400
2005-09-26,8.006189346313477,8.023197868254915,7.955163780489163,7.989180824372038,1440400
2005-09-27,8.008618354797363,8.03291690419052,7.940584270286293,8.00618896330549,2001600
2005-09-28,8.091233253479004,8.10824177814782,8.028058865694126,8.05721620414137,3179800
2005-09-29,8.171415328979492,8.205432370974345,8.05721446494402,8.07179359446819,3830600
2005-09-30,8.164121627807617,8.207858069808632,8.130104601116708,8.176271360392478,2996600
2005-10-03,8.256457328796387,8.258887646986386,8.154406210291828,8.212720870324489,5137600
2005-10-04,8.113099098205566,8.273465802749893,8.098520896725503,8.188423204466842,5837200
2005-10-05,7.877410888671875,8.139829724706392,7.862832682377809,8.091233540970913,8687400
2005-10-06,7.7729268074035645,7.882267482394152,7.641717904725384,7.848250445301175,15069600
2005-10-07,7.840962886810303,7.855542017100315,7.755919813908414,7.789937321137647,3483800
2005-10-10,7.702463626861572,7.943013227897241,7.678165542243122,7.906566796140691,4345400
2005-10-11,7.719473838806152,7.7899382532974055,7.700035459540896,7.726762941375925,4506400
2005-10-12,7.5736846923828125,7.768068457567704,7.549386605872837,7.687885096498005,8781200
2005-10-13,7.413316249847412,7.54452514503592,7.355001133825037,7.508078255452854,17077800
2005-10-14,7.498358726501465,7.500788580747092,7.401166410465609,7.435183906457082,8394600
2005-10-17,7.58097505569458,7.629570770384512,7.449765652792009,7.449765652792009,6898800
2005-10-18,7.454625606536865,7.624711308672712,7.418178703468292,7.624711308672712,4659800
2005-10-19,7.474063396453857,7.481352961871843,7.320985766808532,7.435186641119564,13618800
2005-10-20,7.277251720428467,7.4910739322325055,7.238374954645915,7.423039360389236,6448800
2005-10-21,7.374441623687744,7.410888523737943,7.048848451470672,7.216504747838562,5301800
2005-10-24,7.563964366912842,7.573683785732295,7.323414312500144,7.323414312500144,4865800
2005-10-25,7.5736846923828125,7.636859531929765,7.498361041304598,7.52022927281883,8672800
2005-10-26,7.481351852416992,7.605271202013629,7.461913014185068,7.605271202013629,8892200
2005-10-27,7.396309852600098,7.52022968346497,7.3890202872148185,7.440046318016814,4434600
2005-10-28,7.54452657699585,7.561535561247128,7.355002529813081,7.355002529813081,6898400
2005-10-31,7.641721725463867,7.675738779564828,7.568827442243463,7.639291869678427,5210200
2005-11-01,7.491069793701172,7.666015143072002,7.483780230351298,7.666015143072002,6676200
2005-11-02,7.520228862762451,7.532377673631273,7.413317566016598,7.464343127802561,9907400
2005-11-03,7.5153679847717285,7.573683102082353,7.478921094383507,7.486210194392738,7871200
2005-11-04,7.505648612976074,7.59798123020443,7.4886400949201555,7.508078467476542,5804600
2005-11-07,7.48621129989624,7.678165661573094,7.461913214900162,7.678165661573094,8340400
2005-11-08,7.4837822914123535,7.539668032257826,7.435186579371805,7.447335391520073,3496200
2005-11-09,7.549381732940674,7.595548021165726,7.447330206228384,7.447330206228384,6465400
2005-11-10,7.512939929962158,7.578544626444549,7.418177899563683,7.534808162122955,5773000
2005-11-11,7.444905757904053,7.527518980623144,7.410888712118836,7.508080602539093,3694600
2005-11-14,7.396309852600098,7.476493218048253,7.3890202872148185,7.410888519923177,5521400
2005-11-15,7.410886287689209,7.4667715484673725,7.362290126653295,7.435184368207166,4649000
2005-11-16,7.4789252281188965,7.505652715337762,7.4011712319480205,7.403601087776574,6909800
2005-11-17,7.588261604309082,7.597981022044674,7.486210035322091,7.486210035322091,6213600
2005-11-18,7.5736846923828125,7.646578488465284,7.49107147631737,7.60041263388853,6402800
2005-11-21,7.590694427490234,7.619852228653384,7.556677379006165,7.593124282874457,3569400
2005-11-22,7.590694427490234,7.627141331358526,7.551817668237719,7.6052730963480455,5947200
2005-11-23,7.685457706451416,7.709755800754494,7.583406081136569,7.610134031214715,5802800
2005-11-25,7.714612007141113,7.714612007141113,7.680594968641136,7.687884069206908,596800
2005-11-28,7.685457706451416,7.7267643277323685,7.656300364045803,7.683028314123949,3520000
2005-11-29,7.70489501953125,7.768069870569628,7.692746205790136,7.734052821336477,3621000
2005-11-30,7.629569053649902,7.760778427028961,7.622279952982664,7.758348572324082,4444400
2005-12-01,7.658728122711182,7.860400998896226,7.401169042449913,7.644148992052825,3621600
2005-12-02,7.670876979827881,7.6805964003238225,7.627140514491099,7.673306834951867,3127600
2005-12-05,7.666017532348633,7.709753999184573,7.610132252923817,7.656298574967031,8597400
2005-12-06,7.644148349761963,7.702463940600539,7.644148349761963,7.678165854992372,1697600
2005-12-07,7.607704162597656,7.692747260791074,7.571257252928363,7.641721679943584,3133600
2005-12-08,7.687886714935303,7.712184806560459,7.5615374726900795,7.5615374726900795,2392800
2005-12-09,7.775357723236084,7.785077142844898,7.6660165698741025,7.668446424776306,2687600
2005-12-12,7.702463626861572,7.804514748053714,7.700033772054986,7.7680678528497475,4763000
2005-12-13,7.816664218902588,7.816664218902588,7.69517471244311,7.69517471244311,2338600
2005-12-14,7.904135704040527,7.916285440331371,7.8166627933570165,7.8239528205104705,3858800
2005-12-15,7.921145915985107,7.952733568683685,7.884699480005156,7.916287132703734,6277600
2005-12-16,7.920660972595215,8.028524785731733,7.915757944476692,7.9794954397035,1548000
2005-12-19,7.815242767333984,7.935364074361473,7.795631134912725,7.910849884518549,4548800
2005-12-20,7.827497959136963,7.8495610973759415,7.785823194416453,7.802983309140536,2798400
2005-12-21,7.756409168243408,7.883885034106051,7.73924904545003,7.829953152815676,6245200
2005-12-22,7.7907280921936035,7.800533674004328,7.71228109981696,7.74660180509992,2015400
2005-12-23,7.805433750152588,7.825045373943805,7.780919103519067,7.780919103519067,1799600
2005-12-27,7.7907280921936035,7.805436698698775,7.751504829794367,7.751504829794367,4150000
2005-12-28,7.751506328582764,7.807889720736376,7.719637129484975,7.802986695093907,12630000
2005-12-29,7.736796855926514,7.77847163659936,7.726991272721381,7.7686660533942264,2721000
2005-12-30,7.695122718811035,7.722088893142295,7.668157012058051,7.685317134785843,4595200
2006-01-03,7.844658851623535,7.864270947627574,7.668154195790123,7.744149197493357,7824400
2006-01-04,7.856917858123779,7.874077978729701,7.749054109292788,7.866723908514716,9364800
2006-01-05,7.805433750152588,7.893686291002065,7.795627704467981,7.837302463471569,3114000
2006-01-06,7.888784408569336,7.891235452766819,7.805434878513081,7.844658131765664,1878200
2006-01-09,7.83975887298584,7.886336216354142,7.812793165661635,7.871628073793926,4000400
2006-01-10,7.852015972137451,7.869176095233048,7.793181531568716,7.7980840898972525,4960600
2006-01-11,7.83975887298584,7.86672504788833,7.817695723988945,7.82259874989454,4717800
2006-01-12,7.83975887298584,7.878982145074034,7.82259874989454,7.8324048017057315,4048000
2006-01-13,7.8936920166015625,7.89859504300022,7.599516978778792,7.599516978778792,3303000
2006-01-17,7.977038860321045,7.979489905101756,7.847111043191059,7.893689310431681,14462800
2006-01-18,7.994199752807617,8.026068948978734,7.918204265063088,7.918204265063088,17299000
2006-01-19,8.06529426574707,8.087357417142748,7.96968665292802,8.075099383467737,15591000
2006-01-20,8.01871395111084,8.119223629753952,7.967233589279196,8.089806413729645,8118200
2006-01-23,8.00645637512207,8.24915096443543,7.981942185765981,8.24915096443543,12328800
2006-01-24,8.077549934387207,8.08245295995795,8.011360491916951,8.033423639407037,4413600
2006-01-25,7.967237949371338,8.111873998781588,7.918208605728432,8.021170320894228,8334200
2006-01-26,7.896138668060303,8.028517501685881,7.859367393268406,7.999100294821134,6276600
2006-01-27,7.940266132354736,7.991746485849174,7.905945896691778,7.937815087731504,4570200
2006-01-30,7.8863325119018555,7.95007088357816,7.883881467678674,7.910847629914331,2719000
2006-01-31,7.8814287185668945,7.928006029980926,7.861816628399346,7.891233828494738,5353600
2006-02-01,7.903493881225586,7.9329110888722685,7.844658530776051,7.91575097314869,5569200
2006-02-02,7.800534248352051,7.928010094324609,7.766214008120286,7.876529733976963,11062400
2006-02-03,7.7613115310668945,7.805437824525185,7.70492814168274,7.802986311824365,5053000
2006-02-06,7.807886600494385,7.82994973949021,7.731891603718807,7.731891603718807,4918200
2006-02-07,7.7613115310668945,7.893690411441767,7.736796871636929,7.776020139693579,3524200
2006-02-08,7.758862018585205,7.991750174262386,7.726993280415319,7.741701892833854,4107600
2006-02-09,7.785828113555908,7.8324059312194985,7.739250295892318,7.741701809198649,6154400
2006-02-10,7.7907280921936035,7.852014030561511,7.744150292752696,7.771116460993985,7536600
2006-02-13,7.7809224128723145,7.817694164673225,7.76131078073995,7.76131078073995,3225200
2006-02-14,7.773569583892822,7.810341811353426,7.673059888677974,7.810341811353426,5407800
2006-02-15,7.785828113555908,7.844663030172802,7.741701809198649,7.761313448070948,5782600
2006-02-16,7.847113132476807,8.016264257228903,7.751506930494316,7.751506930494316,2389400
2006-02-17,7.918203830718994,7.954976050065217,7.758859261338729,7.954976050065217,8530600
2006-02-21,7.930462837219238,7.99174926079947,7.896142589639367,7.93291481785015,6605600
2006-02-22,7.959881782531738,7.99420203351213,7.930463622985658,7.977041908021935,3347600
2006-02-23,7.950074195861816,7.981943394977811,7.923108022391092,7.967234318042,3892400
2006-02-24,7.974587440490723,8.18296179742778,7.94026720021216,8.18296179742778,2729000
2006-02-27,8.038325309753418,8.07019356785564,7.996650067006617,7.996650067006617,11080800
2006-02-28,7.984392166137695,8.082450780801366,7.950071931552287,8.048130546215958,2967000
2006-03-01,7.962332248687744,8.013812621411185,7.913302921503052,7.913302921503052,3313000
2006-03-02,7.957428455352783,7.972137532637218,7.847112713610888,7.847112713610888,4785600
2006-03-03,7.918203830718994,8.004005364141388,7.898592666182356,7.93291290548876,4645000
2006-03-06,7.7907280921936035,7.942718584674273,7.74660180509992,7.930460555359984,7917600
2006-03-07,7.753957271575928,7.758860297153742,7.700025392954739,7.724540053265554,8348400
2006-03-08,7.74660587310791,7.81279533850679,7.628936024117734,7.712285149801963,7746000
2006-03-09,7.7245354652404785,7.844656715080796,7.709826864821536,7.736792554326602,6089800
2006-03-10,7.773569583892822,7.790730174910975,7.702477577130798,7.704929090133391,6773000
2006-03-13,7.7833733558654785,7.820145104975983,7.756407188314635,7.778470331296569,5657600
2006-03-14,7.86672306060791,7.883883179364245,7.77356746224757,7.77356746224757,3967000
2006-03-15,7.918203830718994,7.923106855642249,7.780922405915186,7.847111372066366,2580800
2006-03-16,7.959881782531738,7.99420203351213,7.898595352879124,7.918206524086475,4835400
2006-03-17,7.940617561340332,7.990014115121148,7.915918342271055,7.990014115121148,3145600
2006-03-20,7.824531078338623,7.965313284267673,7.81465139387869,7.965313284267673,3418200
2006-03-21,7.765254497528076,7.8270011130308035,7.7306760725058306,7.789953237947025,4810400
2006-03-22,7.80230188369751,7.827000622568765,7.723266296180898,7.755374326951048,5665400
2006-03-23,7.792419910430908,7.8022995915126305,7.752902128282265,7.7899504612496004,4530000
2006-03-24,7.777604103088379,7.817121901715589,7.757845203774774,7.80477276630308,2384000
2006-03-27,7.725738048553467,7.77513506691622,7.708448597482661,7.747966871697986,3688000
2006-03-28,7.693625450134277,7.7504322030504476,7.65904750854863,7.693625450134277,11749400
2006-03-29,7.740557670593262,7.7800754765967595,7.671401274542437,7.671401274542437,4986800
2006-03-30,7.6713972091674805,7.765252302005339,7.646698475731772,7.6862167318824,5367600
2006-03-31,7.614591598510742,7.705976784655428,7.602242465478132,7.676338205852246,8153000
2006-04-03,7.6244707107543945,7.708445657047236,7.619530869475641,7.651638895609152,5227800
2006-04-04,7.705974102020264,7.738082119381011,7.607179187795363,7.609649107759892,10026200
2006-04-05,7.780074596405029,7.802303418653335,7.683750014055275,7.708448286696189,6336800
2006-04-06,7.6837477684021,7.809710900632044,7.646699428089774,7.777602401839924,5143600
2006-04-07,7.575075149536133,7.683749329615405,7.535557351523544,7.6590505880852096,7476800
2006-04-10,7.57260274887085,7.629409506028249,7.513326071260194,7.513326071260194,4847000
2006-04-11,7.486159324645996,7.592363575748322,7.473810190322633,7.575074599259902,4737400
2006-04-12,7.503445148468018,7.513324828647059,7.478746890198573,7.503445148468018,5144000
2006-04-13,7.468869686126709,7.498508265400646,7.449110790307164,7.458990473761554,3653000
2006-04-17,7.461460113525391,7.473809718157834,7.43429192551251,7.446641059055706,3108000
2006-04-18,7.604711532592773,7.631879716432443,7.446639915203067,7.461458967396448,11153800
2006-04-19,7.629412651062012,7.656581316158262,7.575075791958861,7.575075791958861,4935600
2006-04-20,7.6837477684021,7.728205399905518,7.5948325053952646,7.607181638106562,3912200
2006-04-21,7.718324184417725,7.780070777893067,7.68621616308976,7.72573394522685,5328800
2006-04-24,7.789951324462891,7.794890694461966,7.659048362159302,7.7059759103193315,3796200
2006-04-25,7.67880392074585,7.770188585746953,7.6466954387051596,7.770188585746953,5770200
2006-04-26,7.602242946624756,7.691157746483272,7.582484049868501,7.6615196368935194,4907200
2006-04-27,7.70350980758667,7.7405576919309,7.533088974295925,7.542968661368737,10782000
2006-04-28,7.735616683959961,7.745496369545594,7.634352262153907,7.656581083632244,3661600
2006-05-01,7.663991451263428,7.762785959451886,7.624473647988045,7.740557136223311,4286600
2006-05-02,7.787487030029297,7.809715859896583,7.6639937401397145,7.6639937401397145,8833200
2006-05-03,7.7627854347229,7.78254433502498,7.7207977126948135,7.755375670451117,6527800
2006-05-04,7.772660732269287,7.787480253344504,7.730673031401051,7.755371762103973,3594400
2006-05-05,7.948025703430176,7.948025703430176,7.807243472776139,7.817122687881832,8053400
2006-05-08,7.8862786293029785,7.95049470155994,7.864049807718131,7.95049470155994,3015800
2006-05-09,7.8195905685424805,7.898626153117458,7.807241435111107,7.891216861494332,2469600
2006-05-10,7.881336688995361,7.881336688995361,7.7825422144048995,7.819590083490171,4458800
2006-05-11,7.807240962982178,7.8813367012681015,7.765253252329697,7.8813367012681015,4840400
2006-05-12,7.720794200897217,7.81217889656957,7.713384439995758,7.767721744428201,5898400
2006-05-15,7.770193576812744,7.7998321584198145,7.656580034679068,7.683748695228108,4453200
2006-05-16,7.735616683959961,7.79242346280934,7.7282073908600735,7.782544248313044,4704800
2006-05-17,7.617059707641602,7.723263922382929,7.584951215650954,7.673866459823064,13855800
2006-05-18,7.614591598510742,7.676338205852246,7.580013649148053,7.5948327030050296,9508400
2006-05-19,7.67880392074585,7.743020413738258,7.617057347224953,7.631876392965056,6721000
2006-05-22,7.738083362579346,7.789950747989325,7.641758823932564,7.659047795372844,7505200
2006-05-23,7.629412651062012,7.787484327607328,7.626942729590593,7.747966526243337,4266200
2006-05-24,7.65657901763916,7.688687044950007,7.5454349402377465,7.6145913074085385,10581400
2006-05-25,7.72820520401001,7.7380844157107855,7.659048837747765,7.70597638882176,6395200
2006-05-26,7.812184810638428,7.819594577149313,7.733149185546932,7.743028874228111,5237400
2006-05-30,7.7331461906433105,7.8270013124082345,7.7331461906433105,7.804772492573874,4331800
2006-05-31,7.861578464508057,7.915915312394322,7.780072957134033,7.780072957134033,4585800
2006-06-01,7.940617561340332,7.948026855971681,7.797364917275131,7.83194288179325,5381000
2006-06-02,8.03693962097168,8.04187946322478,7.923326075686103,7.987542140619255,9453600
2006-06-05,7.940617561340332,8.051760749526037,7.940617561340332,8.039411611080833,4454200
2006-06-06,7.955432891845703,7.9998905257805015,7.866518095065348,7.928264233087939,8070800
2006-06-07,7.925797462463379,8.00730252410959,7.918388168362488,7.965315267966137,5118600
2006-06-08,7.952960968017578,7.982599067361406,7.888744457987157,7.940611838472498,27671400
2006-06-09,8.019649505615234,8.051757062434174,7.935674083591781,8.01470966406345,6560400
2006-06-12,8.03693962097168,8.093746393614468,8.009770959668918,8.059168440021343,15448200
2006-06-13,7.940617561340332,8.059170986336255,7.92085818608491,8.039411611080833,13612000
2006-06-14,7.881336688995361,7.952962977504205,7.824529924991998,7.940613844838852,5490200
2006-06-15,8.002361297607422,8.024590115629941,7.891217207494827,7.9406146855647055,8949600
2006-06-16,7.997130393981934,8.044450349247814,7.957281760582676,7.982186800182326,4604200
2006-06-19,7.88754415512085,8.056900561036612,7.852676729643052,7.989656783367197,9327600
2006-06-20,7.907467365264893,7.949806579607787,7.8626375530155945,7.895014850765856,5016000
2006-06-21,7.899995803833008,7.947316215380094,7.872600176123005,7.932373102535275,3059400
2006-06-22,7.872602939605713,7.897507978078379,7.802867596796033,7.872602939605713,5575600
2006-06-23,7.885056018829346,7.957281965622324,7.81283054706956,7.81283054706956,2125000
2006-06-26,7.917435169219971,7.92490649301357,7.8701147267161895,7.8701147267161895,3518200
2006-06-27,7.88754415512085,7.984675586860927,7.862638647622546,7.927392777104917,5037800
2006-06-28,7.909963607788086,7.937359729275644,7.880076886616811,7.880076886616811,8194200
2006-06-29,8.012070655822754,8.029505318439027,7.922411494845606,7.922411494845606,4614200
2006-06-30,8.041962623596191,8.074338994717777,8.007095177731934,8.012075427083989,7159200
2006-07-03,8.13161849975586,8.13161849975586,8.034486581740238,8.069354961319952,1772400
2006-07-05,8.076827049255371,8.131619272305723,8.059393332842312,8.069355727954429,4111800
2006-07-06,8.034488677978516,8.111695827806603,8.007093511974789,8.101733431041731,3356800
2006-07-07,8.096749305725098,8.131617681797406,8.034485773552273,8.04693924003972,2831800
2006-07-10,8.141581535339355,8.166487525621962,8.10173290095357,8.10173290095357,10965200
2006-07-11,8.20384693145752,8.211319205256432,8.144074441465806,8.154036839819957,8200000
2006-07-12,8.163996696472168,8.218788926671229,8.136600581372637,8.201355207983603,7673400
2006-07-13,8.134109497070312,8.206335437430718,8.094260866193244,8.106713385204896,13370800
2006-07-14,8.134109497070312,8.16648680655365,8.056902359091985,8.16648680655365,11278200
2006-07-17,8.156525611877441,8.183921727775294,8.111695776783945,8.111695776783945,5797600
2006-07-18,8.16897964477539,8.181432167924855,8.13660232453349,8.156527121625926,9235800
2006-07-19,8.293509483337402,8.300981759719265,8.196378440975534,8.20384976729047,6703400
2006-07-20,8.31342887878418,8.358258707644422,8.276070371378541,8.293504088150158,4513200
2006-07-21,8.333352088928223,8.383163111678734,8.298484658022737,8.298484658022737,8471800
2006-07-24,8.410561561584473,8.423014083219938,8.355769326308623,8.395617965582014,7035600
2006-07-25,8.445429801940918,8.467844723033966,8.398109835218525,8.427996079987057,3685400
2006-07-26,8.475311279296875,8.495236064645816,8.430481462327815,8.465349836688462,6762600
2006-07-27,8.40806770324707,8.537575975521115,8.40806770324707,8.537575975521115,9748800
2006-07-28,8.465352058410645,8.522634406223451,8.408068760531531,8.420522229676047,8747400
2006-07-31,8.427994728088379,8.500220678921254,8.420523405611338,8.470333488880206,3267400
2006-08-01,8.5325927734375,8.5325927734375,8.39810428581478,8.427990510834722,9669600
2006-08-02,8.52512264251709,8.564971264784502,8.505198806416432,8.537575158838264,12914200
2006-08-03,8.48278522491455,8.540067569011853,8.457879238307303,8.517652656098452,10891200
2006-08-04,8.48527717590332,8.572445772635414,8.46037213399885,8.564974450077363,8844800
2006-08-07,8.385655403137207,8.527617187199155,8.383165278885743,8.49025867296183,3156800
2006-08-08,8.465352058410645,8.500219491856152,8.38814492001966,8.38814492001966,6435400
2006-08-09,8.467842102050781,8.530105646918802,8.460370780687834,8.472823299648178,5074200
2006-08-10,8.455390930175781,8.482787046292977,8.423013615667598,8.477805847901992,5806400
2006-08-11,8.435467720031738,8.47033516524715,8.423015196750038,8.465354915987772,4424200
2006-08-14,8.492744445800781,8.520140548862397,8.467839415780766,8.467839415780766,4906600
2006-08-15,8.547538757324219,8.569953669889795,8.512671326681374,8.512671326681374,8078000
2006-08-16,8.467842102050781,8.587387994189426,8.460370780687834,8.582406796592027,7653800
2006-08-17,8.457877159118652,8.46783955131251,8.388142313893672,8.46783955131251,9750600
2006-08-18,8.552523612976074,8.555013737630206,8.437958877553285,8.437958877553285,5736400
2006-08-21,8.569952011108398,8.592366919335394,8.532593514041391,8.535084587214417,5533600
2006-08-22,8.599839210510254,8.614782801038903,8.547538068759215,8.547538068759215,2438200
2006-08-23,8.510184288024902,8.64218370241529,8.502712963649351,8.64218370241529,4768000
2006-08-24,8.545051574707031,8.564975420474656,8.510183181997215,8.564975420474656,5220000
2006-08-25,8.545051574707031,8.574937818391746,8.530107977831396,8.542560500194481,4129400
2006-08-28,8.6098051071167,8.63222002699616,8.53508902420734,8.564975267357775,10673600
2006-08-29,8.617277145385742,8.642183141799737,8.57244730190717,8.63471086784223,5315600
2006-08-30,8.572444915771484,8.652143132045694,8.567464667941554,8.652143132045694,4816800
2006-08-31,8.659614562988281,8.684519602717215,8.574936097816996,8.574936097816996,3989800
2006-09-01,8.667086601257324,8.696972841415516,8.649652881992843,8.696972841415516,7302200
2006-09-05,8.574936866760254,8.684520381487193,8.552521948967646,8.667086662100326,7821800
2006-09-06,8.542555809020996,8.584895501884366,8.5076883855253,8.542555809020996,9831400
2006-09-07,8.555013656616211,8.562485930641119,8.492750090119538,8.492750090119538,5273800
2006-09-08,8.555013656616211,8.577428578557678,8.537579934002473,8.537579934002473,10658800
2006-09-11,8.52512264251709,8.567462338088394,8.505198806416432,8.52512264251709,13065000
2006-09-12,8.480295181274414,8.604822279237522,8.442937621925298,8.507691294836915,21279200
2006-09-13,8.497726440429688,8.500217513705396,8.400595484130918,8.467840211583777,11254400
2006-09-14,8.462859153747559,8.545047472002928,8.430481851095495,8.462859153747559,6365400
2006-09-15,8.465874671936035,8.498512288047884,8.453320711257764,8.498512288047884,6978000
2006-09-18,8.440770149230957,8.48345152086775,8.403111129504035,8.440770149230959,6055800
2006-09-19,8.458344459533691,8.480940254221421,8.42570683433264,8.428217052527721,13599200
2006-09-20,8.445789337158203,8.488470697645566,8.440767944293057,8.445789337158203,7130800
2006-09-21,8.433236122131348,8.45583191059082,8.395576155454647,8.430725904628178,23680800
2006-09-22,8.42319393157959,8.440768328541258,8.408130710031191,8.433236717767059,7675800
2006-09-25,8.541191101074219,8.571318490708592,8.423190801551959,8.423190801551959,6472000
2006-09-26,8.528643608093262,8.767153620138712,8.124430451747168,8.473409226659713,9025200
2006-09-27,8.646636962890625,8.65165835383923,8.511063238207893,8.511063238207893,7536000
2006-09-28,8.619022369384766,8.684298548521758,8.586383800949983,8.674255764736813,5287200
2006-09-29,8.533662796020508,8.659194752104916,8.521108834225812,8.659194752104916,6435600
2006-10-02,8.596431732177734,8.64413354712065,8.538686169703222,8.583877766063098,5348600
2006-10-03,8.631574630737305,8.661702021778392,8.518595717167608,8.566297499460372,11991000
2006-10-04,8.666728019714355,8.666728019714355,8.603962029673898,8.651663837320765,9170600
2006-10-05,8.639110565185547,8.769663935382823,8.616514771156536,8.651663571261002,7106400
2006-10-06,8.591408729553223,8.626557529537193,8.553748753722987,8.603961735585646,11096000
2006-10-09,8.583873748779297,8.606469536384324,8.541193348710188,8.581363531371048,6039800
2006-10-10,8.646636962890625,8.646636962890625,8.556254799012935,8.591403577920769,7317200
2006-10-11,8.666728019714355,8.679281026175847,8.614004817936292,8.634089436728077,6087200
2006-10-12,8.664216041564941,8.68681183419669,8.629067243633983,8.68681183419669,10996600
2006-10-13,8.674257278442383,8.681789846461854,8.626555483738532,8.651661489849456,7140400
2006-10-16,8.716941833496094,8.716941833496094,8.64915444286836,8.64915444286836,6296000
2006-10-17,8.754597663879395,8.78221484529343,8.654172681512508,8.71442747938609,9282400
2006-10-18,8.850001335144043,8.892681732935193,8.769660974110284,8.892681732935193,4493200
2006-10-19,8.885156631469727,8.910263611265734,8.83745480645734,8.870093401325473,5627200
2006-10-20,8.940384864807129,8.952937867183042,8.880129112576979,8.947916474686139,5364800
2006-10-23,8.950428009033203,8.983065624973976,8.867576466108023,8.937874048420737,9150000
2006-10-24,8.957961082458496,8.973025263014486,8.917790892042072,8.960471300351385,6332800
2006-10-25,9.053366661071777,9.078472673753089,8.940387688539888,8.940387688539888,17519600
2006-10-26,9.013193130493164,9.075959096700686,8.995618736573668,9.075959096700686,8186600
2006-10-27,8.980554580688477,9.013193151357079,8.957958794492159,8.98808619017637,5731000
2006-10-30,8.975534439086914,9.00566183896902,8.950428432140619,8.973024221485394,5614400
2006-10-31,8.985575675964355,9.010681678582708,8.95293710637441,8.97553289182397,5779000
2006-11-01,9.040812492370605,9.070940856185853,9.000642298349913,9.023238092344863,13786800
2006-11-02,8.998130798339844,9.04834377314551,8.960470827802384,9.003152191593692,7131600
2006-11-03,8.932852745056152,9.035788891035526,8.895192782345287,9.035788891035526,10295800
2006-11-06,8.892683029174805,8.937874608560213,8.839959839136089,8.937874608560213,13867800
2006-11-07,8.862556457519531,8.96047123609915,8.852513670554217,8.895195036290364,10324400
2006-11-08,8.950428009033203,8.988087017672417,8.84749185304699,8.855023463228285,8084400
2006-11-09,8.947916984558105,8.988087169089628,8.887662186627194,8.942895591775072,15956200
2006-11-10,9.015706062316895,9.020727456053327,8.952940077210892,8.952940077210892,5819000
2006-11-13,9.013193130493164,9.048341918332154,9.003150346044126,9.033277741658598,4510200
2006-11-14,9.035798072814941,9.055882704332587,8.98809527721002,9.028265497978918,7564200
2006-11-15,9.005659103393555,9.038297668695606,8.998127495144036,9.038297668695606,6539600
2006-11-16,9.038301467895508,9.083493051853617,9.018215893810622,9.028258680853066,7460000
2006-11-17,9.048345565795898,9.108600381314062,9.00817536953945,9.106090163056232,3571200
2006-11-20,9.01821517944336,9.060896542126347,9.01821517944336,9.050853755879432,2093400
2006-11-21,9.033279418945312,9.045832422971113,9.005662235448861,9.025747808076396,1950600
2006-11-22,9.053366661071777,9.075962455578154,9.020728078399678,9.020728078399678,3316000
2006-11-24,9.088515281677246,9.088515281677246,9.048345087543998,9.075962275585539,592800
2006-11-27,8.98808765411377,9.08349220667423,8.97553465034516,9.075960595959623,4694800
2006-11-28,9.053366661071777,9.073451279670227,8.947919300797682,8.993110889810438,3828600
2006-11-29,9.166341781616211,9.17889574172597,9.068427022249297,9.093533984736128,6338800
2006-11-30,9.224088668823242,9.224088668823242,9.143747334819144,9.176385911970856,5285800
2006-12-01,9.219064712524414,9.254213497654495,9.17889453555681,9.224086104361934,5054800
2006-12-04,9.291872024536133,9.334553374105528,9.221574457871853,9.259234415860583,3972400
2006-12-05,9.314468383789062,9.387277129612421,9.30191538292738,9.329532559462626,8059600
2006-12-06,9.269281387329102,9.352132957808124,9.266771169011426,9.347111563439725,3987400
2006-12-07,9.25924015045166,9.327027542175113,9.236644353210508,9.286857342383412,6034600
2006-12-08,9.231621742248535,9.274302154895814,9.193961765897303,9.244174748454618,3972400
2006-12-11,9.28183364868164,9.281833648681639,9.231620671945954,9.241663458839666,3794000
2006-12-12,9.316978454589844,9.324510062667883,9.261744108064322,9.299404063919443,5601600
2006-12-13,9.352126121520996,9.359657728701562,9.299402955792345,9.337061949427518,3572000
2006-12-14,9.367193222045898,9.399830835186624,9.322001649369737,9.322001649369737,5976800
2006-12-15,9.358579635620117,9.416848967298394,9.338312504201458,9.399114864893532,5525600
2006-12-18,9.292713165283203,9.373783649259181,9.277512087124057,9.358582571100035,3792400
2006-12-19,9.333242416381836,9.361110558567198,9.242037938842753,9.262306030045117,4836200
2006-12-20,9.30284309387207,9.36111241799945,9.300309098750548,9.335777298964086,2092000
2006-12-21,9.297774314880371,9.333242508398412,9.254705103868613,9.310441388788844,8272800
2006-12-22,9.264842987060547,9.305378220218797,9.242041858006768,9.272443041266408,5183400
2006-12-26,9.31044864654541,9.328182757128667,9.247112261194761,9.262313341596073,2786600
2006-12-27,9.361114501953125,9.37631461032219,9.328179323093169,9.34591342714787,2894800
2006-12-28,9.305377006530762,9.399114539776367,9.305377006530762,9.399114539776367,2822400
2006-12-29,9.30284309387207,9.325644217785912,9.272440951029632,9.325644217785912,2627000
2007-01-03,9.328177452087402,9.399113854078092,9.224305877842752,9.224305877842752,8458600
2007-01-04,9.315511703491211,9.358579963286344,9.29017658028572,9.338312831158085,5916800
2007-01-05,9.148303031921387,9.29017584489728,9.117901852917418,9.29017584489728,7569000
2007-01-08,9.143237113952637,9.176172292279574,9.102701881564164,9.112835931270325,4830000
2007-01-09,9.150837898254395,9.166038974026687,9.08750153219088,9.105235637373763,4684200
2007-01-10,9.153371810913086,9.171105915934797,9.1077695504469,9.117903600869662,3836200
2007-01-11,9.163505554199219,9.211641813952541,9.130571337610041,9.168572579775164,8518600
2007-01-12,9.087499618530273,9.18377114527595,9.049498386756277,9.1153677683595,19840200
2007-01-16,9.115367889404297,9.138169015345893,9.077366657125673,9.077366657125673,8103400
2007-01-17,9.135637283325195,9.135637283325195,9.08243400428472,9.117903179123768,3444800
2007-01-18,9.130571365356445,9.168572607637048,9.095103152653357,9.168572607637048,4420600
2007-01-19,9.133100509643555,9.145767585015086,9.044430015606938,9.084965236657377,4854200
2007-01-22,9.130571365356445,9.153372497299332,9.1128372590049,9.133104394933959,5557000
2007-01-23,9.183771133422852,9.183771133422852,9.08749960680143,9.130568829146295,6916400
2007-01-24,9.21417236328125,9.239507484341349,9.158437029821132,9.18377118444518,5941600
2007-01-25,9.206576347351074,9.247111592386267,9.17870818518254,9.214176403783775,8875600
2007-01-26,9.183771133422852,9.216706307399978,9.140702877514032,9.216706307399978,3900400
2007-01-29,9.21417236328125,9.21417236328125,9.17363713602114,9.18377118444518,4779200
2007-01-30,9.24204158782959,9.242041587829592,9.191372306253971,9.191372306253971,3974200
2007-01-31,9.269912719726562,9.29017985900757,9.18377520330022,9.206576339014148,12648800
2007-02-01,9.348444938659668,9.358578019400973,9.280041569867219,9.285108593455838,5996200
2007-02-02,9.399115562438965,9.399115562438965,9.272442840754149,9.350980276115756,4350600
2007-02-05,9.500455856323242,9.518189963273471,9.373783111572266,9.416851380898152,6018200
2007-02-06,9.551127433776855,9.581528629192087,9.490324076509816,9.490324076509816,5376200
2007-02-07,9.586590766906738,9.591657791297804,9.535921489432157,9.535921489432157,3190600
2007-02-08,9.604325294494629,9.639793500367125,9.538455907365154,9.538455907365154,3440000
2007-02-09,9.637259483337402,9.70059583488441,9.589123237642617,9.624592406315205,7764800
2007-02-12,9.601795196533203,9.662597577608228,9.601795196533203,9.654997521582954,4263000
2007-02-13,9.685394287109375,9.690461310956703,9.60939086227142,9.60939086227142,6208600
2007-02-14,9.753801345825195,9.774069448874798,9.654996759549249,9.654996759549249,5196200
2007-02-15,9.670195579528809,9.753800043793566,9.66512952087902,9.730998914124651,12545600
2007-02-16,9.687928199768066,9.687928199768066,9.624591851869686,9.654993028258836,5775400
2007-02-20,9.713260650634766,9.72846171938417,9.654991336749086,9.675258461979155,4562000
2007-02-21,9.672725677490234,9.700593821015183,9.637257482616967,9.69805982627519,3876000
2007-02-22,9.685394287109375,9.720862487604688,9.637259010213732,9.677794234556373,4039000
2007-02-23,9.796871185302734,9.80447220838273,9.67273241675532,9.690466526547809,7970400
2007-02-26,10.029943466186523,10.209818451052858,9.989408244717547,10.00714234370798,15757200
2007-02-27,9.665128707885742,10.029945785465149,9.627126506155411,9.99447757928278,13859400
2007-02-28,9.761398315429688,9.832335687241882,9.692994938915808,9.703128987236985,12916400
2007-03-01,9.791802406311035,9.845004720916007,9.594192290521345,9.682863781299197,11586000
2007-03-02,9.639793395996094,9.789267238009048,9.639793395996094,9.789267238009048,15438200
2007-03-05,9.518187522888184,9.680328439968017,9.492853367007998,9.604325005891358,5271000
2007-03-06,9.660058975219727,9.660058975219725,9.543519373586477,9.581521564663646,12444200
2007-03-07,9.639793395996094,9.70819677791078,9.619526264189584,9.652460474179676,4641600
2007-03-08,9.69046688079834,9.824739707403307,9.644864606397308,9.824739707403307,5005400
2007-03-09,9.67779541015625,9.725930692899075,9.634726185440167,9.695529512558139,6890000
2007-03-12,9.774066925048828,9.786734002965808,9.649927242015801,9.677795393294813,12854200
2007-03-13,9.64232349395752,9.819664449716676,9.629655454458385,9.771529185501437,7774400
2007-03-14,9.69046688079834,9.725935101679914,9.563794111114703,9.667665743597825,15603200
2007-03-15,9.814605712890625,9.837406847983015,9.657530797171296,9.708200093647323,18242600
2007-03-16,9.780982971191406,9.85484902828003,9.747869997677203,9.811548269698882,4713000
2007-03-19,9.85229778289795,9.872674315291333,9.775884086030239,9.84465670470704,6289200
2007-03-20,9.994939804077148,10.000033209662856,9.814092812885049,9.831922647394352,6914200
2007-03-21,10.112109184265137,10.137580102883263,9.93380983897846,10.028053403849444,8379000
2007-03-22,10.101917266845703,10.147765683333063,10.048427771494772,10.135030228009454,8487600
2007-03-23,10.150312423706055,10.152860097772082,10.061163264454354,10.11210605759231,7127600
2007-03-26,10.193613052368164,10.208896180177842,10.091727476942705,10.17323554862193,7329600
2007-03-27,10.17833137512207,10.211444337602362,10.129936254307024,10.203803258434986,5655800
2007-03-28,10.157954216003418,10.257292125687815,10.135030008256793,10.135030008256793,5758400
2007-03-29,10.21654224395752,10.252201921262595,10.150316296116666,10.22163662238015,4386400
2007-03-30,10.112109184265137,10.262389936079915,10.025506700648936,10.25220117997136,14920600
2007-04-02,10.354085922241211,10.356632625226377,10.137579245681211,10.140126920319558,10297200
2007-04-03,10.36681842803955,10.417761218113172,10.315875637965927,10.36681842803955,8103400
2007-04-04,10.320972442626953,10.394839457031708,10.303142607653824,10.379556324917683,6662600
2007-04-05,10.36681842803955,10.377007180384854,10.30059250944797,10.348988597261718,4443200
2007-04-09,10.443235397338867,10.445782100396173,10.387198213546071,10.430499938745925,6893600
2007-04-10,10.445780754089355,10.471252639645499,10.417763137457223,10.443234051360283,5419200
2007-04-11,10.42031192779541,10.48908457509531,10.405028793399897,10.455971603065,8438000
2007-04-12,10.374459266662598,10.430496431613552,10.313328697309629,10.430496431613552,6087800
2007-04-13,10.371917724609375,10.389747563845614,10.323521613836702,10.374464428077395,4328800
2007-04-16,10.433042526245117,10.433042526245119,10.36172320893565,10.374458662504795,3145000
2007-04-17,10.481438636779785,10.517098295525214,10.405023971864921,10.443231304322353,5958600
2007-04-18,10.557852745056152,10.557852745056154,10.466155920876105,10.481439048790401,2969000
2007-04-19,10.506914138793945,10.534932731961916,10.458519005283156,10.514555219965846,8233000
2007-04-20,10.588419914245605,10.601155370614995,10.509458530110527,10.562949001506825,5327200
2007-04-23,10.667378425598145,10.690302629550649,10.575681609788123,10.575681609788123,8679200
2007-04-24,10.743793487548828,10.743793487548826,10.639361205456556,10.680115243062005,5355400
2007-04-25,10.774360656738281,10.81511470146958,10.748889743151118,10.751436445848606,5975200
2007-04-26,10.738698959350586,10.835490161662976,10.725963504964113,10.787094074680338,4964600
2007-04-27,10.649553298950195,10.710683888710964,10.634270165683402,10.710683888710964,8398400
2007-04-30,10.608797073364258,10.72341714857766,10.570589733857787,10.705587315915443,9461600
2007-05-01,10.695398330688477,10.705586111311257,10.557853089925526,10.606248205755648,6862000
2007-05-02,10.753982543945312,10.76417032489507,10.687756623680775,10.718322881488834,5510400
2007-05-03,10.741246223449707,10.78964231296398,10.692851105588367,10.78964231296398,3175600
2007-05-04,10.720874786376953,10.787099767125838,10.708139325269869,10.787099767125838,5498000
2007-05-07,10.848228454589844,10.848228454589844,10.7387017692323,10.748890524068615,4043400
2007-05-08,10.799833297729492,10.822757510223356,10.74379611793268,10.822757510223356,5735000
2007-05-09,10.80747127532959,10.820206729358194,10.753981785417734,10.776905991330366,4325200
2007-05-10,10.697945594787598,10.804924584342059,10.682662465571411,10.789642426778821,7770600
2007-05-11,10.748891830444336,10.776910423822898,10.697949021724519,10.713232155836442,7263000
2007-05-14,10.792187690734863,10.840583774309248,10.784546612971674,10.784546612971674,4680600
2007-05-15,10.850774765014648,10.957754743620363,10.832944930522546,10.845681359433852,10174400
2007-05-16,10.876242637634277,10.919543370663948,10.848224059013786,10.873694964130916,7685800
2007-05-17,10.850774765014648,10.888982108442354,10.822757147707849,10.878793353974553,5862800
2007-05-18,10.909358024597168,10.909358024597168,10.848226478368746,10.853320854858861,4657200
2007-05-21,10.894079208374023,10.924644507763343,10.878796072852689,10.906814668815128,6269000
2007-05-22,10.873702049255371,10.978134382926381,10.863514263561976,10.93992800035604,9125600
2007-05-23,10.703042984008789,10.919548698091406,10.703042984008789,10.919548698091406,15891200
2007-05-24,10.463608741760254,10.746339307890707,10.433042487324943,10.703038571586584,29815200
2007-05-25,10.468708038330078,10.532386313433431,10.338804784646717,10.473802416936751,25081400
2007-05-29,10.499271392822266,10.575685107384611,10.410121249455283,10.410121249455283,21561800
2007-05-30,10.62917423248291,10.62917423248291,10.430498387354296,10.450874923741637,13212400
2007-05-31,10.657191276550293,10.685209860220908,10.596059732936865,10.63681377146151,12427800
2007-06-01,10.598610877990723,10.700495521843537,10.562951204059575,10.67247790064995,23265800
2007-06-04,10.557852745056152,10.590965703044029,10.471250296847536,10.55275836908472,21484800
2007-06-05,10.417762756347656,10.54766596714599,10.366819958752076,10.494176466914503,31517600
2007-06-06,10.252195358276367,10.36681637027708,10.219082405553337,10.346438869631305,30835600
2007-06-07,9.933807373046875,10.226727722708182,9.921071916899212,10.213991294907501,54704200
2007-06-08,10.005127906799316,10.076448218769986,9.8956012217956,9.951638401561167,39518200
2007-06-11,10.137579917907715,10.196163806983064,9.987299168835035,10.005129005873044,19060200
2007-06-12,9.972015380859375,10.129937185301308,9.972015380859375,10.061164551515365,22909400
2007-06-13,10.170692443847656,10.19616336088664,10.048430293084774,10.066260129342702,16314400
2007-06-14,10.234367370605469,10.292951238013117,10.170689127120692,10.170689127120692,15249200
2007-06-15,10.371834754943848,10.42569517636362,10.323104922431185,10.348751996727708,26657800
2007-06-18,10.258986473083496,10.400047341413755,10.258986473083496,10.38722380399704,16640600
2007-06-19,10.325671195983887,10.328236490923754,10.217952289470047,10.269247426160456,12901000
2007-06-20,10.05636978149414,10.36413952625226,10.020463490640752,10.325667941267602,18962800
2007-06-21,10.120492935180664,10.164094149431538,9.989691249175005,10.030727168154572,20163200
2007-06-22,9.928136825561523,10.11536326599889,9.920442896537933,10.05893948920343,16200200
2007-06-25,9.981998443603516,10.335933930812475,9.92557465460911,9.971740195478699,18769800
2007-06-26,9.928136825561523,10.256425153921235,9.923007213421304,10.01790357045515,25432800
2007-06-27,10.07432746887207,10.110233775913606,9.848630402218564,9.871713167941477,24822400
2007-06-28,10.07176399230957,10.233343365851573,10.066634379679428,10.107670302347,19422600
2007-06-29,10.151270866394043,10.200000715680014,10.015338586388319,10.092280814135357,21681800
2007-07-02,10.297464370727539,11.066888827468114,10.158967733704527,10.228216052216032,9469000
2007-07-03,10.297464370727539,10.397489393564008,10.243603915191619,10.338500302618751,10809000
2007-07-05,10.27694320678711,10.36927427379906,10.141011901671476,10.266683981924997,19362600
2007-07-06,10.2230863571167,10.279511129908474,10.123061335075846,10.271816220108098,12849600
2007-07-09,10.238471031188965,10.2897661742625,10.233342397417742,10.235906714303354,7130200
2007-07-10,10.143574714660645,10.253858919642127,10.097409187999867,10.215388299673737,12918000
2007-07-11,10.169224739074707,10.169224739074707,10.09741114017757,10.11536429530846,13168000
2007-07-12,10.297464370727539,10.335935006540295,10.189744438029487,10.189744438029487,14501400
2007-07-13,10.451345443725586,10.494945679024932,10.305154923150713,10.312848852115664,13498800
2007-07-16,10.300027847290039,10.46673685731921,10.297463529794783,10.443654086367074,17067400
2007-07-17,10.310279846191406,10.37696281643201,10.287197091421,10.297456310957408,14782000
2007-07-18,10.387226104736328,10.397485328291365,10.25642442871654,10.261553062120651,17107800
2007-07-19,10.553936958312988,10.600102494226944,10.394921899776659,10.435957822991998,20502400
2007-07-20,10.438521385192871,10.70781964772443,10.379532316514409,10.546240298856125,15927000
2007-07-23,10.448779106140137,10.54367446572514,10.430824978071675,10.482120110789314,9559800
2007-07-24,10.135887145996094,10.471869583419604,10.089721590369232,10.46673996853062,20030600
2007-07-25,10.156403541564941,10.24617032496605,9.966612702829154,10.1384503805595,26054400
2007-07-26,9.92557144165039,10.076891559212346,9.722956186574093,10.030726033286776,36789200
2007-07-27,9.630629539489746,9.907622821731753,9.630629539489746,9.881974752057223,25293600
2007-07-30,9.763995170593262,9.80246678041737,9.584462622036881,9.66909977230045,23906400
2007-07-31,9.746042251586914,9.948657575311174,9.669100008433338,9.866585718830864,28249800
2007-08-01,9.966606140136719,10.028159514946188,9.717825389484219,9.717825389484219,32873200
2007-08-02,10.07432746887207,10.120493000317898,9.948655394226694,9.948655394226694,18611200
2007-08-03,9.73321533203125,10.135880543987463,9.676790583378693,10.046113809460817,28384600
2007-08-06,10.038421630859375,10.061504397660794,9.604979652447774,9.787076491451446,21913400
2007-08-07,10.2205171585083,10.335930977707099,9.946089287509725,10.012773262323877,15354400
2007-08-08,10.369269371032715,10.453905490193923,10.220513615986917,10.300021103515505,24928400
2007-08-09,10.182049751281738,10.359017010990849,10.092282984296236,10.238473541963266,24525600
2007-08-10,10.005081176757812,10.253862037364307,9.94352777474351,10.089718327494586,25061800
2007-08-13,10.05636978149414,10.182042777854047,10.040981930198715,10.087147440831085,15341200
2007-08-14,9.887101173400879,10.079457231164996,9.835806028989081,10.038421311310257,13579400
2007-08-15,9.753739356994629,10.025603081554236,9.702445163779704,9.864023633479958,16452600
2007-08-16,9.822982788085938,9.82298278808594,9.410058281576077,9.625497111999765,36094400
2007-08-17,9.907621383666992,10.164096172942745,9.676793681969343,9.989693237965339,37989400
2007-08-20,9.961478233337402,10.007643761528914,9.79989888466711,9.974301773752062,14353000
2007-08-21,9.95121955871582,10.06406906868752,9.88966616997987,9.907619323225646,13883200
2007-08-22,10.066630363464355,10.11023058586533,9.981993256394446,10.089713121904042,11637200
2007-08-23,10.097412109375,10.200002415718826,10.05381186512176,10.120494879383678,26340200
2007-08-24,10.158966064453125,10.20513160254186,10.048681832171553,10.164095677393389,12040000
2007-08-27,9.899928092956543,10.187180608329301,9.853762545070701,10.187180608329301,54412200
2007-08-28,9.746042251586914,9.902492033744286,9.740912638260182,9.835808038870471,22988200
2007-08-29,9.938397407531738,10.02816318631484,9.781947640189527,9.781947640189527,10766200
2007-08-30,9.920441627502441,9.999949137944927,9.835804505575922,9.876840419074835,10056000
2007-08-31,9.899928092956543,10.020471576700002,9.861457455300899,9.946093640842385,11073800
2007-09-04,10.092278480529785,10.17435030159922,9.92557052202081,9.943523671731418,9258000
2007-09-05,10.066630363464355,10.071759974047973,9.956346181849542,10.05893643677552,13255600
2007-09-06,10.079460144042969,10.156402393709568,10.005082212069949,10.023036349420149,9554000
2007-09-07,10.005081176757812,10.097412258152952,9.946092092171737,10.053812013257295,11090800
2007-09-10,10.012774467468262,10.066633930119124,9.930702625798318,10.035857234086278,9491600
2007-09-11,10.079460144042969,10.128190985585052,10.005082212069949,10.040989508396562,10580400
2007-09-12,10.164092063903809,10.20512797446339,10.08202024278465,10.107667319994405,6792600
2007-09-13,10.184612274169922,10.246166645781331,10.164094802548483,10.2205185832876,8636000
2007-09-14,10.182049751281738,10.253862382171166,10.146143435837025,10.158966980156748,7779600
2007-09-17,10.189740180969238,10.228211779083155,10.12305718639495,10.228211779083155,5232400
2007-09-18,10.425698280334473,10.425698280334474,10.066633263042183,10.143575487212399,10630000
2007-09-19,10.54111385345459,10.553938376110743,10.389793682824886,10.40261820548104,14020000
2007-09-20,10.397491455078125,10.533422822973838,10.397491455078127,10.528293208173663,7418000
2007-09-21,10.414019584655762,10.535413482330885,10.414019584655762,10.460510822689804,8169200
2007-09-24,10.45276165008545,10.543160723906329,10.437264243740724,10.439846652160174,8082400
2007-09-25,10.465673446655273,10.537992690398564,10.41401642172044,10.42951382478363,8202000
2007-09-26,10.517333030700684,10.579320687484877,10.478590006253533,10.50958383464563,9764400
2007-09-27,10.442425727844238,10.55348796419979,10.416597713225759,10.522494149602492,10945200
2007-09-28,10.27971076965332,10.473423916010892,10.27971076965332,10.450178299036944,7080200
2007-10-01,10.419185638427734,10.468259286301786,10.308123343255193,10.354614582410031,11402400
2007-10-02,10.457924842834473,10.486335269463746,10.383022208771331,10.383022208771331,4999000
2007-10-03,10.424346923828125,10.457924134284209,10.395935513848032,10.403683721924168,10759400
2007-10-04,10.481170654296875,10.535410086093046,10.424347829400439,10.424347829400439,7332200
2007-10-05,10.563823699951172,10.630977155415522,10.481172838483054,10.481172838483054,9970600
2007-10-08,10.548321723937988,10.633554956841856,10.525076117641378,10.605144536057606,5835200
2007-10-09,10.664549827575684,10.716206840281606,10.556070002365688,10.584481408617725,8175600
2007-10-10,10.584484100341797,10.682632350915425,10.584484100341795,10.664552539661837,5832000
2007-10-11,10.692961692810059,10.752366915125318,10.602561670375492,10.682630092770289,11032800
2007-10-12,10.664549827575684,10.762697067913813,10.664549827575684,10.705875240685307,7765200
2007-10-15,10.587066650390625,10.721373527499523,10.509580625159524,10.669717491046441,10624800
2007-10-16,10.561240196228027,10.630977044604101,10.525080567872132,10.574154208458564,9074400
2007-10-17,10.589648246765137,10.656801680174551,10.460506194975318,10.612893855498331,10155000
2007-10-18,10.496670722961426,10.57673918723238,10.491504920239805,10.494088314238677,5874600
2007-10-19,10.264213562011719,10.496668728662998,10.233218751570798,10.47600650697832,12966000
2007-10-22,10.336532592773438,10.370109810721916,10.158316870325521,10.215138717689195,8822800
2007-10-23,10.341697692871094,10.426930950772748,10.284874864086092,10.375273923266004,7211600
2007-10-24,10.33137035369873,10.39852382747622,10.23838786287124,10.300376518514986,10129400
2007-10-25,10.584484100341797,10.610313105901076,10.372691181134789,10.390770992388376,10816200
2007-10-26,10.729125022888184,10.760118848464232,10.341698754721769,10.341698754721769,9860600
2007-10-29,10.824686050415039,10.87117726491279,10.773029035942471,10.793692235841739,5461400
2007-10-30,10.837603569030762,10.912506215020198,10.76786672468983,10.876346588756586,7014200
2007-10-31,10.964159965515137,11.018399388680944,10.84793192639153,10.977073973134287,11509600
2007-11-01,10.739457130432129,10.982243915176005,10.739457130432129,10.82469040108464,12996800
2007-11-02,10.827271461486816,10.90475749732979,10.723958389155973,10.90475749732979,12822800
2007-11-05,10.946086883544922,11.008074552315012,10.775619316512822,10.798864938620664,20123400
2007-11-06,10.956412315368652,11.080389564740049,10.806608032398174,11.080389564740049,9859800
2007-11-07,10.705880165100098,10.920255536314523,10.69813096920067,10.814359054931874,21120000
2007-11-08,10.915087699890137,10.935750904736237,10.63872373936648,10.708460577808314,16941000
2007-11-09,10.829854965209961,10.9538312444361,10.788529538801248,10.871180391618674,11569200
2007-11-12,10.641304969787598,10.925417081745444,10.641304969787598,10.915085481422269,16557200
2007-11-13,10.731704711914062,10.788527532135456,10.556071436025842,10.788527532135456,11647800
2007-11-14,10.667132377624512,10.816937617949385,10.667132377624512,10.749783204950104,7871200
2007-11-15,10.762697219848633,10.81952003315486,10.56898415842349,10.56898415842349,11841800
2007-11-16,10.76528549194336,10.850518765260333,10.643891603138547,10.847936356792072,8805400
2007-11-19,10.796277046203613,10.845351664249495,10.726540208935111,10.765283224731773,7318600
2007-11-20,10.927999496459961,10.995152921999411,10.835017072424149,10.847931079034556,15486800
2007-11-21,10.837603569030762,10.984825467547422,10.832437767382258,10.935751829800509,11251800
2007-11-23,10.827271461486816,10.974494338422943,10.752369804261614,10.850517075184532,2328800
2007-11-26,10.809192657470703,11.015820791958259,10.78336463329774,10.788530435187527,11085400
2007-11-27,10.850519180297852,10.951250849381534,10.76270250987756,10.951250849381534,12500000
2007-11-28,11.039064407348633,11.039064407348633,10.85309951412038,10.902173145266374,9764000
2007-11-29,10.964159965515137,11.041644996505665,10.925416957382058,10.987405573339856,7344000
2007-11-30,11.036480903625488,11.075223917751684,11.000321282588118,11.010652884391876,15875200
2007-12-03,11.144962310791016,11.276686803747182,11.036482447230716,11.219863971154838,7099600
2007-12-04,11.225028038024902,11.305096472914977,11.059726352694465,11.168206199489916,15338200
2007-12-05,11.418745040893555,11.426494237421018,11.261191510275175,11.338677563893205,13597600
2007-12-06,11.351587295532227,11.48331176349494,11.30509607500992,11.467815346837991,8212800
2007-12-07,11.410993576049805,11.485896214376481,11.338674330921052,11.457484800854237,12234600
2007-12-10,11.462653160095215,11.491064579958037,11.416161924915329,11.467818962368094,6041200
2007-12-11,11.19661808013916,11.534970688616264,11.194035672028662,11.534970688616264,12979000
2007-12-12,11.199203491210938,11.42649387164402,11.119135031497583,11.25860874121398,15409200
2007-12-13,11.364500045776367,11.364500045776367,11.108798361225126,11.108798361225126,9644000
2007-12-14,11.152710914611816,11.343840655087122,11.152710914611816,11.330926643207864,9793200
2007-12-17,11.049393653869629,11.175953298351356,11.005485829121799,11.111382272351134,8340000
2007-12-18,11.147543907165527,11.227612348598814,11.080390461490655,11.150126315151704,8003200
2007-12-19,11.119132995605469,11.268938282747957,11.106218984539089,11.157876014080495,6876800
2007-12-20,11.168208122253418,11.235361574001903,11.06489405849705,11.121716892090644,8566000
2007-12-21,11.190848350524902,11.29494966252698,11.18824626447751,11.284539332770034,9957600
2007-12-24,11.245499610900879,11.245499610900879,11.188244790348774,11.237692361003672,4431800
2007-12-26,11.18824577331543,11.27152642214761,11.1648230287824,11.27152642214761,3882200
2007-12-27,11.089353561401367,11.242902498261472,11.078943228411259,11.229890078415835,5911600
2007-12-28,11.170031547546387,11.219480134572523,11.099764279385935,11.219480134572523,3126000
2007-12-31,11.016481399536133,11.188247894414431,11.011276233899357,11.188247894414431,3816200
2008-01-02,10.954021453857422,11.123185878511856,10.904573864747691,10.969636952263409,9997800
2008-01-03,10.938408851623535,11.081548476284459,10.92279434186721,10.92279434186721,10287200
2008-01-04,11.021682739257812,11.091950968116052,10.89415968868009,10.956619674698361,14046600
2008-01-07,11.250710487365723,11.281940495594375,11.0347015240068,11.086751206793199,18309000
2008-01-08,11.253310203552246,11.479729432905188,11.253310203552244,11.263719541327728,19207800
2008-01-09,11.375625610351562,11.41206076650978,11.240294321204217,11.341793532652385,18160000
2008-01-10,11.30535888671875,11.448498437489581,11.248104059194098,11.357409542200537,16979600
2008-01-11,11.30275821685791,11.375628547992372,11.206465137461114,11.206465137461114,10732400
2008-01-14,11.318373680114746,11.417268845569092,11.261117852800481,11.404256428302341,9706000
2008-01-15,11.198655128479004,11.37042159107935,11.167425133310845,11.245500617623065,17486800
2008-01-16,10.998262405395508,11.26371988607866,10.982647901862483,11.133593728456553,19357400
2008-01-17,10.574054718017578,11.008675725972084,10.555837130425717,10.951420876162262,28722400
2008-01-18,10.417899131774902,10.670344177569161,10.32160605985921,10.548025280281845,21770200
2008-01-22,10.058752059936523,10.227915463770403,9.38209546624971,9.613719860571512,27875400
2008-01-23,10.32680892944336,10.423101979954595,9.699601072769875,9.699601072769875,29698800
2008-01-24,10.045737266540527,10.464743581823287,10.045737266540526,10.464743581823287,26884400
2008-01-25,9.936429977416992,10.222707026290879,9.853149345279737,10.14723463595511,25056600
2008-01-28,10.092584609985352,10.10820010652266,9.933830536599395,9.941638781259952,11460000
2008-01-29,10.126418113708496,10.217506032033068,10.07697052844428,10.1472387766306,12135200
2008-01-30,10.07436752319336,10.30078776660718,10.019714771797137,10.0925851069921,13005000
2008-01-31,10.207094192504883,10.39707822759355,9.962456427028389,10.100390803132244,8879400
2008-02-01,10.472553253173828,10.48816775618638,10.269555778956809,10.277364023246847,8869600
2008-02-04,10.623495101928711,10.724993304688637,10.482958670668788,10.482958670668788,9367800
2008-02-05,10.303388595581055,10.57665331199433,10.26955551860532,10.540218148843724,12556400
2008-02-06,10.285173416137695,10.438722348693997,10.235725824996637,10.313801334666085,8484000
2008-02-07,10.23051929473877,10.266954461541463,10.12641796720207,10.214903797773113,14332000
2008-02-08,10.149840354919434,10.233121016870427,10.110802110286992,10.149840354919434,9948800
2008-02-11,10.233119010925293,10.2669520834557,10.129017707501088,10.149838365299372,6739200
2008-02-12,10.407490730285645,10.462143479305022,10.238326324901314,10.238326324901314,8388200
2008-02-13,10.358038902282715,10.480357772169278,10.319001662145633,10.423101961961354,11250600
2008-02-14,10.227913856506348,10.501178537283373,10.222708692051674,10.402283390995358,10169800
2008-02-15,10.371049880981445,10.371049880981445,10.10819559306646,10.222706204857966,7648600
2008-02-19,10.287775039672852,10.477759135334518,10.246134703538567,10.477759135334518,7995000
2008-02-20,10.30859088897705,10.30859088897705,10.152438956824293,10.152438956824293,9425800
2008-02-21,10.082176208496094,10.326813053607335,10.082176208496094,10.308595469013088,10102800
2008-02-22,10.259145736694336,10.259145736694336,10.056149249557148,10.155045406811789,11214400
2008-02-25,10.269561767578125,10.311202121200138,10.181075892033306,10.30860003344191,12142400
2008-02-26,10.402283668518066,10.410090919016566,10.16805622572674,10.170659304415329,8719000
2008-02-27,10.152440071105957,10.358039591641772,10.152440071105957,10.358039591641772,14281000
2008-02-28,10.084778785705566,10.157649127627543,10.032728115996749,10.118611869933892,12738200
2008-02-29,9.788090705871582,10.082176129241649,9.759462789510263,10.058753378835469,20464400
2008-03-03,9.936429977416992,9.941635141023502,9.759458385929463,9.785483211178564,12819200
2008-03-04,10.108200073242188,10.123815569728082,9.816717754992133,9.840140503329073,15920600
2008-03-05,10.079574584960938,10.126420092907727,9.941641140886524,10.118612839177944,12454600
2008-03-06,9.873971939086914,10.08217457404114,9.868766773934684,10.019713584998124,14616400
2008-03-07,9.81151294708252,9.866165697599289,9.720424036770728,9.772474700836916,22971400
2008-03-10,9.798498153686523,9.868765391438673,9.707409265458578,9.795895075083198,14422200
2008-03-11,9.96766471862793,10.084778473652943,9.837538544774345,10.040536051079004,16424000
2008-03-12,9.96766471862793,10.165457058844376,9.928627462142206,9.94424196762293,9664000
2008-03-13,9.936429977416992,9.993685784305148,9.764663549535971,9.764663549535971,15517200
2008-03-14,9.863566398620605,10.024922609320056,9.725631950946962,10.019717442164058,14957600
2008-03-17,9.868766784667969,9.93643293893681,9.631937230294515,9.631937230294515,10877000
2008-03-18,10.043139457702637,10.058754958019625,9.860962591807295,9.905206012980074,8959000
2008-03-19,9.845343589782715,10.277362306824989,9.795895024411342,10.045736958723683,11941400
2008-03-20,9.816773414611816,10.015991870312355,9.462897144690562,10.015991870312355,14983600
2008-03-24,9.848233222961426,9.958328445815217,9.780079799250053,9.882310434790877,11896200
2008-03-25,9.819396018981934,9.947840243446043,9.819396018981934,9.8875504237824,8519000
2008-03-26,9.856091499328613,9.97142938492488,9.808908000665957,9.808908000665957,10933400
2008-03-27,9.955705642700195,10.078907166171161,9.863960465613797,9.863960465613797,14689000
2008-03-28,9.863953590393066,10.068414699645249,9.853468148906613,9.96094142427593,10660200
2008-03-31,9.94521427154541,10.01074678756759,9.845605567153418,9.895409919349413,7890800
2008-04-01,10.202102661132812,10.249286157505734,10.013369675588066,10.026475980147891,17906600
2008-04-02,10.333168029785156,10.372487944641266,10.212588424148649,10.212588424148649,5949400
2008-04-03,10.278120994567871,10.333168075653195,10.168026832397222,10.32268363159907,9502000
2008-04-04,10.267634391784668,10.485202830491868,10.23355820254731,10.24404364536505,15743600
2008-04-07,10.312200546264648,10.372490363140361,10.23618255978984,10.293851515039309,7483800
2008-04-08,10.380352020263672,10.406565631394113,10.267635992270327,10.267635992270327,8156800
2008-04-09,10.354137420654297,10.430155378413428,10.30695392962772,10.375108305531365,9749600
2008-04-10,10.280742645263672,10.372487778529361,10.254529035797077,10.36986691755618,8073000
2008-04-11,10.293848037719727,10.348895112800532,10.257149987665855,10.272877152005018,14399400
2008-04-14,10.278120994567871,10.33578993662696,10.244044801484753,10.293849160569525,4660800
2008-04-15,10.390836715698242,10.40656488124275,10.312197887869596,10.346275079909223,8404200
2008-04-16,10.60840892791748,10.64248513207283,10.36724863726785,10.36724863726785,9311800
2008-04-17,10.629375457763672,10.710636149530123,10.574328376218812,10.65296720698961,7203400
2008-04-18,10.66345500946045,10.747336580827227,10.587437022925807,10.715881241551488,7004000
2008-04-21,10.5664644241333,10.66607313965594,10.498310039884178,10.603162477215005,7014200
2008-04-22,10.53501033782959,10.553359368280365,10.469477800520494,10.527146753335591,7886000
2008-04-23,10.55073356628418,10.616266072907063,10.50355008151997,10.571704448377917,5506200
2008-04-24,10.540251731872559,10.658210484145899,10.47471920282593,10.658210484145899,10186800
2008-04-25,10.57433032989502,10.613650252518523,10.524525961192797,10.550738576310353,7983800
2008-04-28,10.472094535827637,10.616265847345462,10.393455729540339,10.574325083995792,12568600
2008-04-29,10.521899223327637,10.563839988046537,10.46685215712409,10.487822039510185,8417000
2008-04-30,10.453750610351562,10.629377330009458,10.453750610351562,10.514040424560115,7644600
2008-05-01,10.576948165893555,10.642480684889048,10.493066621575077,10.511415646898064,17753000
2008-05-02,10.752577781677246,10.791896700218333,10.642482609878659,10.66869622218645,8195000
2008-05-05,10.597916603088379,10.700147149107455,10.542869539839131,10.671312687420711,7438400
2008-05-06,10.595300674438477,10.61365070574095,10.440644838714775,10.493070071188539,5495400
2008-05-07,10.43540096282959,10.605784949443887,10.424915517514128,10.537631554787588,6664000
2008-05-08,10.461609840393066,10.521899629507198,10.388213749288342,10.424911794840705,7365600
2008-05-09,10.495692253112793,10.553360210583424,10.369869891430634,10.43802329569492,6072400
2008-05-12,10.597916603088379,10.618886484349051,10.487821476643232,10.516655938329976,5150000
2008-05-13,10.582192420959473,10.658210393997885,10.511417170194091,10.652967671724854,5960600
2008-05-14,10.621513366699219,10.69490948573582,10.563844416057815,10.65821142621752,7699200
2008-05-15,10.611024856567383,10.671314651213313,10.56908408638122,10.621510299100633,7326200
2008-05-16,10.689663887023926,10.726361936669038,10.611025066363418,10.624131369815693,5946000
2008-05-19,10.810246467590332,10.86005082985107,10.679181409059614,10.679181409059614,4759800
2008-05-20,10.883642196655273,10.946552862561607,10.799760642148826,10.799760642148826,9398200
2008-05-21,10.828591346740723,11.004217977904771,10.812863185762453,10.839075787446244,8209600
2008-05-22,10.89150333404541,10.959657706743624,10.791893635457829,10.89150333404541,6137200
2008-05-23,10.723739624023438,10.886259964710398,10.694905160364343,10.881017244049952,3566600
2008-05-27,10.778786659240723,10.799757541820645,10.603160017394105,10.603160017394105,5035400
2008-05-28,10.786656379699707,10.828597164896358,10.718501978788149,10.828597164896358,5405200
2008-05-29,10.901994705200195,10.909858290962568,10.763066023679198,10.80238495243839,5759200
2008-05-30,10.828591346740723,10.94130733388501,10.797135024784184,10.938685473748636,6926000
2008-06-02,10.749954223632812,10.870534821321316,10.684421703127999,10.839078491517233,10984600
2008-06-03,10.655591011047363,10.825975008796025,10.63462011904602,10.77879150174017,9034200
2008-06-04,10.78403377532959,10.820731834855428,10.64510512142545,10.673939596752074,8773400
2008-06-05,10.91247272491455,10.928199885734088,10.728981515762342,10.825969340620519,5602400
2008-06-06,10.626752853393555,10.90985279771521,10.626752853393555,10.873154749372294,9284000
2008-06-09,10.791898727416992,10.846946823630299,10.62937830036839,10.65297005590345,7790200
2008-06-10,10.781407356262207,10.8679097377043,10.679176814582181,10.8679097377043,7648000
2008-06-11,10.770927429199219,10.84956627074692,10.702774033177114,10.802382765828876,9388600
2008-06-12,10.726366996765137,10.784035959096345,10.68180534401635,10.784035959096345,7738800
2008-06-13,10.823349952697754,10.891503325395055,10.7080120912837,10.726361114700158,19537200
2008-06-16,10.833834648132324,10.888881714588694,10.705390493120753,10.820727346640771,6174400
2008-06-17,10.894129753112793,10.949176846440135,10.862673414113855,10.883644306779814,8294200
2008-06-18,10.852188110351562,10.941312397246229,10.80238274417838,10.828596357939825,7824400
2008-06-19,10.865294456481934,10.951796882339165,10.82335367425934,10.82335367425934,8909600
2008-06-20,10.739860534667969,10.940556805055252,10.739860534667969,10.877178770364614,14011400
2008-06-23,10.869254112243652,10.959039050785428,10.803235804708802,10.803235804708802,8810600
2008-06-24,10.77946662902832,10.87981471485309,10.77946662902832,10.803233254424734,9228400
2008-06-25,10.906221389770508,10.935269598769686,10.811154890267442,10.811154890267442,10219000
2008-06-26,10.581418991088867,10.92999573043056,10.581418991088867,10.78211530001886,11244800
2008-06-27,10.491629600524902,10.671199482537205,10.486348014894016,10.581414541531053,12820600
2008-06-30,10.747781753540039,10.82436323978052,10.510115419469413,10.518038302178121,14565800
2008-07-01,10.803239822387695,10.869258154474483,10.613106703622606,10.644796228323324,23949000
2008-07-02,10.774188041687012,10.943194754911989,10.750421409679783,10.850769523416915,8653600
2008-07-03,10.663277626037598,10.879817600477594,10.663277626037598,10.853409672277925,10881200
2008-07-07,10.557647705078125,10.797954306145046,10.49691098254027,10.665917690012463,13056600
2008-07-08,10.6131010055542,10.713449098510969,10.510112623969816,10.555005589513343,19448800
2008-07-09,10.739860534667969,10.800598279619686,10.623668646321432,10.636872109735407,9646800
2008-07-10,10.766266822814941,10.803236917665634,10.716093266568935,10.763625526120158,11225800
2008-07-11,10.684403419494629,10.834925090930552,10.589336888617307,10.697606880481032,18472200
2008-07-14,10.610458374023438,10.816435091710334,10.539158508510504,10.816435091710334,13299000
2008-07-15,10.536520957946777,10.581412917881742,10.409764936974314,10.541801535407936,15423400
2008-07-16,10.327900886535645,10.544440785358672,10.251319432538473,10.544440785358672,14100200
2008-07-17,10.164177894592285,10.327902996263544,10.047985042072613,10.309417952882564,23315400
2008-07-18,10.174738883972168,10.362231599642818,10.10343900742573,10.177380179784553,13107800
2008-07-21,10.354312896728516,10.383361118228276,10.169461402296983,10.19058774788212,18286200
2008-07-22,10.319978713989258,10.457295859238899,10.285648923997307,10.301492667563533,10501000
2008-07-23,10.069110870361328,10.388639183849339,10.029499489493546,10.388639183849339,16906600
2008-07-24,10.053269386291504,10.143054339082322,9.900107412330453,10.07175443474612,12823400
2008-07-25,9.931795120239258,10.08759837845032,9.921231948444726,10.045346698631702,12635400
2008-07-28,9.955560684204102,10.069112250404919,9.902745838261493,9.931794053897898,10399000
2008-07-29,9.96876335144043,10.003093149678184,9.908026636010137,9.95027830793379,8235200
2008-07-30,10.164177894592285,10.164177894592285,9.955559825167702,9.968763283674216,10627800
2008-07-31,10.05591106414795,10.18002482170877,10.053269767206018,10.135132847292216,10823800
2008-08-01,9.768068313598633,10.12720702685692,9.744301684811898,10.12456673804032,19705600
2008-08-04,9.66244125366211,9.82880770036947,9.625471156029276,9.79711818180452,13916400
2008-08-05,9.741660118103027,9.834086341866625,9.570013143729446,9.651875190442015,17429400
2008-08-06,9.794473648071289,9.900103316129835,9.717892189096803,9.731095645764327,11404800
2008-08-07,9.786553382873535,9.902745230933798,9.643953609781848,9.77070862785468,10907200
2008-08-08,9.81560230255127,9.873698740401025,9.683565676426925,9.717895481279918,11339600
2008-08-11,9.923870086669922,10.005732123625092,9.797114080196337,9.871055251865792,9311400
2008-08-12,9.8076810836792,9.95556247748427,9.715255842150768,9.915951084052324,11249800
2008-08-13,9.8076810836792,9.889544160004082,9.73902247673802,9.76278911132527,7837200
2008-08-14,9.723176956176758,9.815602190464569,9.678284987339678,9.815602190464569,8689600
2008-08-15,9.7575044631958,9.794474548206177,9.725815962809659,9.749581582579816,5562600
2008-08-18,9.770707130432129,9.857851758641363,9.76014396203843,9.80239562825404,5934400
2008-08-19,9.823521614074707,9.82880319808286,9.757503325011514,9.810318157733898,4267000
2008-08-20,9.860496520996094,9.881621860009362,9.754866803850827,9.802400075830233,6973000
2008-08-21,9.955560684204102,10.00309394481651,9.794475857390877,9.81032061338148,8225000
2008-08-22,9.995171546936035,10.042704809849187,9.968764626366262,9.997812843408681,5306600
2008-08-25,9.88953971862793,10.018934998656524,9.844646759075774,9.989887798192338,6928200
2008-08-26,9.997815132141113,10.03214494262827,9.863137187269787,9.876341657936932,5091800
2008-08-27,10.069110870361328,10.100799370639999,9.987247820002233,10.053266116542364,5246200
2008-08-28,10.084959030151367,10.140415189106568,10.06119239270191,10.124570428353696,3599600
2008-08-29,9.944995880126953,10.140410475810894,9.944995880126953,10.071750885154685,4412000
2008-09-02,9.823521614074707,10.187942851764085,9.79447340570944,10.187942851764085,12448200
2008-09-03,9.667718887329102,9.82088080166588,9.63074880481192,9.82088080166588,6881400
2008-09-04,9.546247482299805,9.702050725272468,9.517199266385669,9.65187616783554,8399200
2008-09-05,9.345553398132324,9.538326775364347,9.305943009784713,9.522483022969158,12309000
2008-09-08,9.580573081970215,9.606981000069025,9.393081396584495,9.393081396584495,13014400
2008-09-09,9.279534339904785,9.643955726447352,9.253127416436879,9.638674140281859,17798600
2008-09-10,9.382525444030762,9.424777138119191,9.2980220558539,9.324429994259074,8508600
2008-09-11,9.45645809173584,9.49606845239624,9.216151610570583,9.308576792803784,16788800
2008-09-12,9.633392333984375,9.665080842893664,9.424774218332523,9.424774218332523,12394200
2008-09-15,9.298016548156738,9.567371316177635,9.298016548156738,9.340268217217316,16740200
2008-09-16,9.158058166503906,9.329706140262052,8.761948387701347,9.319142971061094,37290600
2008-09-17,8.71441650390625,9.147496435650146,8.71441650390625,9.065634379868932,30698600
2008-09-18,9.033946990966797,9.065636511002024,8.727622015477191,8.759310528152762,35972000
2008-09-19,9.32433032989502,9.790546846389772,9.081897781968603,9.295025129111933,18711400
2008-09-22,9.092556953430176,9.326996592901505,9.068580056635195,9.326996592901505,11316600
2008-09-23,8.935370445251465,9.172474620131641,8.935370445251465,9.060582157127877,7041600
2008-09-24,9.017959594726562,9.017959594726562,8.847457707085072,8.962013853395089,6613200
2008-09-25,9.196451187133789,9.295022365327519,8.99664416804671,8.99664416804671,8399000
2008-09-26,9.199118614196777,9.271049292582571,8.930045498402338,8.930045498402338,6415400
2008-09-29,8.716917991638184,9.095218942896727,8.66097123180395,9.095218942896727,15995800
2008-09-30,8.85278606414795,8.86077802258789,8.676955864569305,8.722246000362283,6718400
2008-10-01,8.815488815307617,8.900739758723045,8.652978886837145,8.879427531004893,13449000
2008-10-02,8.687614440917969,8.887421577033757,8.578386580492202,8.738231882876175,10482600
2008-10-03,8.557069778442383,8.86610464666694,8.519772624457367,8.732899944565473,16253400
2008-10-06,8.138811111450195,8.605027798871895,7.8590813022515205,8.333290458672218,19281800
2008-10-07,7.8057966232299805,8.2906622454292,7.7844838877151785,8.130816475000335,18079800
2008-10-08,7.669929504394531,7.93633899590163,7.462129918090114,7.518075667401431,20994200
2008-10-09,7.153095722198486,7.93101154185607,7.153095722198486,7.765837415678381,19532600
2008-10-10,6.8627095222473145,7.139775167943763,6.202014012835318,6.974601544658689,29658400
2008-10-13,7.6912431716918945,7.76850166932314,6.982593371266906,7.264987832206071,12139600
2008-10-14,7.627302646636963,8.221396130989277,7.323596023629251,8.221396130989277,22166600
2008-10-15,7.059848785400391,7.640621332821813,7.033207744960442,7.49409586446989,17348800
2008-10-16,7.264988422393799,7.326262495861116,6.756146231513951,7.203714348926481,21499600
2008-10-17,7.3022847175598145,7.773829677966731,7.073172373560467,7.384871524389602,22400800
2008-10-20,7.917691230773926,7.981629458468169,7.352903298740171,7.358231611415324,19937600
2008-10-21,7.667263984680176,7.909696538177816,7.61131773718458,7.885719647556231,14374200
2008-10-22,7.3422441482543945,7.704561155383361,6.985255451968075,7.704561155383361,19488400
2008-10-23,7.5180745124816895,7.685912750904041,7.04386601565343,7.307611310752852,31864400
2008-10-24,7.318267822265625,7.49942633980805,7.025217817208357,7.06517913534019,27834400
2008-10-27,7.033209800720215,7.403519303989739,7.033209800720214,7.241009367127522,15016000
2008-10-28,7.741860866546631,7.832440148181683,7.025219590500168,7.459466904579861,15944600
2008-10-29,7.494096279144287,7.899038693458738,7.494096279144286,7.787146723928051,17527000
2008-10-30,7.912362098693848,7.954987576671615,7.624639868276023,7.768500729417045,20751400
2008-10-31,7.701897144317627,8.104175474034916,7.693904677903856,8.005603754141188,23792400
2008-11-03,7.781822204589844,7.856417056658726,7.651281594571194,7.848424587750534,12163000
2008-11-04,7.928346157073975,8.07487116728922,7.813789999786971,7.90170510754327,15579800
2008-11-05,7.781822204589844,7.939003869499942,7.651281594571194,7.7764944001202405,17569400
2008-11-06,7.416840553283691,7.709891106200223,7.275643334733561,7.65927315869949,19744800
2008-11-07,7.741860866546631,7.749853335444731,7.344910724386362,7.456802748280494,16855200
2008-11-10,7.555372714996338,7.883056240414822,7.4141755132815685,7.856415191846938,16641600
2008-11-11,7.555372714996338,7.683249138359297,7.334252875713654,7.526067510758092,15994600
2008-11-12,7.304946422576904,7.472784136029254,7.304946422576904,7.37421293375688,13861800
2008-11-13,7.8590803146362305,7.883057210484289,7.246338662851115,7.3102768824006725,29509400
2008-11-14,7.672592639923096,8.02425357206942,7.526067632630604,7.667264836631834,26159200
2008-11-17,7.659272193908691,7.87239956474577,7.494098100408155,7.656608038256262,20978200
2008-11-18,7.576684474945068,7.747186350770168,7.400854288466518,7.480776915725615,24702200
2008-11-19,7.4141764640808105,7.816454875450691,7.400856192156537,7.526068475906445,21096600
2008-11-20,6.9825897216796875,7.526065109796625,6.9213156852161815,7.355563266372759,31769200
2008-11-21,7.680586814880371,7.680586814880372,7.043868193712016,7.043868193712016,38402000
2008-11-24,7.757842063903809,7.941664186707695,7.576683587979157,7.688575557924641,20148600
2008-11-25,7.912362098693848,7.992284742868218,7.659272878582042,7.912362098693848,23220400
2008-11-26,7.885720729827881,7.912361779523279,7.643288143057705,7.725874939791255,19436600
2008-11-28,8.024253845214844,8.029581648687465,7.752516050816451,7.9230179571986135,5949200
2008-12-01,7.491430759429932,7.978959824474572,7.491430759429932,7.9283419083057565,18470600
2008-12-02,7.685915946960449,7.685915946960449,7.443483286770654,7.6139852434397195,22121200
2008-12-03,7.819116592407227,7.875062326800713,7.526066128263637,7.627301484462367,19609600
2008-12-04,7.536726951599121,7.835105384350077,7.368888638557773,7.7951440506236365,22819400
2008-12-05,7.5846757888793945,7.680583339956661,7.190389980439386,7.382204574458291,23859000
2008-12-08,7.707225799560547,7.8777276922521615,7.590005494267202,7.8777276922521615,16384200
2008-12-09,7.597997665405273,7.74718681570559,7.539387260971229,7.7072254996778256,17933800
2008-12-10,7.712553024291992,7.757842646675326,7.587340269866257,7.587340269866257,11493200
2008-12-11,7.651281356811523,7.85108850008469,7.595335600600242,7.736532831442182,12761800
2008-12-12,7.699234485626221,7.704562797604592,7.459466036093239,7.629967954314773,13821200
2008-12-15,7.579348564147949,7.7418579725751036,7.48077685046173,7.73919381727162,13640800
2008-12-16,7.837768077850342,7.8724010917783325,7.590007143608494,7.837768077850341,14474200
2008-12-17,7.600661277770996,7.819116930705902,7.571356077648037,7.7871475752867045,18228800
2008-12-18,7.664599895477295,7.811124887754425,7.611317802938869,7.624638580141322,19819800
2008-12-19,7.7101898193359375,7.83968203745056,7.650839348005818,7.737167493415567,15981800
2008-12-22,7.607676982879639,7.729075771651998,7.524046123005815,7.696702967135282,12642800
2008-12-23,7.521350383758545,7.710193682375817,7.486279750073014,7.615772033067181,6867000
2008-12-24,7.559117317199707,7.586094997533218,7.488975554155159,7.488975554155159,2107600
2008-12-26,7.575305461883545,7.656238006941961,7.569909821664564,7.596887508202894,2173200
2008-12-29,7.591491222381592,7.64274877098967,7.494372279482081,7.559118412933931,3731800
2008-12-30,7.707496643066406,7.7209857455095205,7.613074984191185,7.680518952736822,7981600
2008-12-31,7.831589698791504,7.880148898408421,7.718283870572614,7.737168089516366,8562000
2009-01-02,8.01503849029541,8.074389493532871,7.826195745643311,7.915221735943018,10751000
2009-01-05,8.128345489501953,8.128345489501953,7.988062449689679,8.023133081003607,13622000
2009-01-06,8.012340545654297,8.220067496735185,7.979967226967314,8.128343694104583,19155200
2009-01-07,7.947593688964844,7.971873548670963,7.853172584059303,7.947593688964844,9761000
2009-01-08,7.907129764556885,7.928711811278975,7.836987984070944,7.8639656711127035,16787400
2009-01-09,7.845080852508545,7.958386717887853,7.812707527590224,7.958386717887853,8962400
2009-01-12,7.847777366638184,7.920616949666896,7.8234975056286125,7.8639637691257445,9365600
2009-01-13,7.69940185546875,7.880151153985123,7.648144307552297,7.874756028854329,15602000
2009-01-14,7.604982376098633,7.640053014899905,7.432325459031082,7.607680196707449,13091600
2009-01-15,7.64544677734375,7.66433100240823,7.488976822379647,7.615771272495829,15866600
2009-01-16,7.796523571014404,7.8639675474324475,7.688613311656877,7.745266004860815,12058200
2009-01-20,7.6616339683532715,7.855872907926904,7.653541022242099,7.796521892143141,11946400
2009-01-21,7.74796199798584,7.807313012549608,7.56721216324057,7.807313012549608,12102000
2009-01-22,7.745262622833252,7.807311445106859,7.661632272668582,7.7020985379381655,13549800
2009-01-23,7.76145076751709,7.793823579027662,7.5699096602793885,7.613073751997859,15356800
2009-01-26,7.947593688964844,8.017735448720696,7.777635185578441,7.791123767834538,12336000
2009-01-27,7.985363483428955,8.04471397196274,7.896337493350039,7.96917708011183,9917400
2009-01-28,8.036622047424316,8.093274723501684,7.793823394074026,8.08248344354987,14158600
2009-01-29,7.977272033691406,8.141835471625562,7.939503578253382,7.990761135316853,16365200
2009-01-30,7.818100929260254,8.042014775958386,7.7533548125163065,8.001548517312969,16238800
2009-02-02,7.861266613006592,7.888244295800064,7.667028223095301,7.729076533330734,14614800
2009-02-03,7.896340847015381,7.950295719173206,7.7911278943777225,7.8342925124833656,13319400
2009-02-04,7.9556884765625,8.047412291990335,7.8855467050849475,7.977270520512783,16164800
2009-02-05,8.012340545654297,8.058202446969599,7.880149966025853,7.931407506215059,16522200
2009-02-06,8.0635986328125,8.152624627725901,7.944897649298976,8.012341600432052,15762800
2009-02-09,8.017738342285156,8.10676435515119,7.936805790427532,8.085182307018716,14593000
2009-02-10,7.7911272048950195,8.020436806303753,7.734474516959327,7.998854756439204,19127600
2009-02-11,7.766848087310791,7.853176289417415,7.694008473824575,7.853176289417415,17739800
2009-02-12,7.69940185546875,7.707494800443202,7.4970699982031155,7.623864443515899,23816000
2009-02-13,7.653541088104248,7.745264403678614,7.63195904069441,7.64274980712103,13779000
2009-02-17,7.321714878082275,7.551024405692516,7.289342070982295,7.551024405692516,18619400
2009-02-18,7.211106300354004,7.3352034237022545,7.157151454401399,7.302830104485529,17247600
2009-02-19,7.243481636047363,7.327112005017035,7.205712667354128,7.262365863115683,15639200
2009-02-20,7.078916072845459,7.203013193384032,6.949423828023293,7.167942055480252,22692600
2009-02-23,6.9089579582214355,7.157151698837989,6.8657938741625975,7.116684919795917,11566800
2009-02-24,7.10859489440918,7.162549764358266,6.911658615709484,6.911658615709484,15448800
2009-02-25,7.062731742858887,7.140966470765153,7.016869828377079,7.078918149571115,13112200
2009-02-26,6.946728229522705,7.149060119702978,6.917052720971484,7.092407437439672,13448600
2009-02-27,6.838817119598389,6.9548208041828765,6.722813435013901,6.892771974704205,18289200
2009-03-02,6.622998237609863,6.841517090338361,6.577136313345985,6.752491062597503,22989000
2009-03-03,6.385594844818115,6.722814681332472,6.342430746908809,6.647277252712867,12226800
2009-03-04,6.444942951202393,6.539364573182378,6.355916968091308,6.426058729717685,11401800
2009-03-05,6.261495590209961,6.436850258390163,6.150887561867766,6.369406313568997,22642800
2009-03-06,6.253402233123779,6.434152013888628,6.1077230749447535,6.269588634735972,19932800
2009-03-09,6.134700775146484,6.258797893418155,6.064559015176658,6.18865613344833,20237000
2009-03-10,6.215635776519775,6.3181503722165395,6.142796174164482,6.158982580946794,17170400
2009-03-11,6.2048444747924805,6.299266124059336,6.194053193936112,6.285777022988876,18785400
2009-03-12,6.285776138305664,6.326242921265011,6.1562838735940115,6.215634880837575,13032800
2009-03-13,6.372105121612549,6.417967031787753,6.320847571521075,6.339731796671474,14314000
2009-03-16,6.544762134552002,6.663463651753746,6.41526985099915,6.442247024155215,17967600
2009-03-17,6.647276878356934,6.674254566670101,6.493504723895463,6.563646507687058,12627800
2009-03-18,6.863096237182617,6.90626032238984,6.566342765465602,6.647275296590022,17795800
2009-03-19,6.962914943695068,6.981799171948881,6.841516112967716,6.93593725423678,17495200
2009-03-20,6.914363384246826,7.075289435148812,6.889815307313257,6.974369505506283,15713400
2009-03-23,7.181666851043701,7.198032068547966,6.985282680269865,7.048016447570285,14104800
2009-03-24,7.026195049285889,7.1816658954925625,7.026195049285888,7.146207842244352,12890200
2009-03-25,7.023465156555176,7.154387877334178,6.914362889239341,7.069833685194487,14151200
2009-03-26,7.108020782470703,7.127113618072155,6.938912364080059,7.069835111267801,13922600
2009-03-27,7.037104606628418,7.075290800472053,6.988008963527946,7.072563178037451,15390000
2009-03-30,6.8979973793029785,6.949820628874514,6.810715049004373,6.917090210223083,17798400
2009-03-31,6.9689130783081055,7.099836306468809,6.887086515918187,6.917089831573436,15403400
2009-04-01,6.996189594268799,7.064378577683193,6.810715476143138,6.878904459557534,11081000
2009-04-02,7.0861992835998535,7.181663967823515,6.9798246321669986,7.140750680367853,18623800
2009-04-03,7.132570266723633,7.165301220084394,7.0643812574428315,7.138025512323902,10420200
2009-04-06,7.072561740875244,7.1762087711248395,7.018010343749765,7.072561740875244,11021600
2009-04-07,7.039829730987549,7.097108741307218,6.930727473522225,7.020736900961191,9097400
2009-04-08,7.108020782470703,7.129841240335327,7.001646115410757,7.0561975201926925,8950600
2009-04-09,7.110745906829834,7.3507713792639064,7.039829313621612,7.238941506961862,12327600
2009-04-13,7.018009185791016,7.108018612028189,6.979823526248152,7.094381025117336,9148200
2009-04-14,6.9280009269714355,7.026193234045581,6.8979981266637544,6.960731869409711,12807000
2009-04-15,6.99346399307251,7.026194943474017,6.892544559796077,6.892544559796077,9851600
2009-04-16,7.042557716369629,7.086198621610847,6.974368736900146,7.0207372637490195,40656400
2009-04-17,7.031647682189941,7.080743309931131,6.99073387871135,7.058922857521506,13649000
2009-04-20,6.952549457550049,7.0343765588664535,6.947094213414145,6.960732323753904,9955000
2009-04-21,6.977099418640137,7.023467965826098,6.936186117062136,6.9525513336451645,2376600
2009-04-22,6.9034504890441895,6.988005177989559,6.870720078041242,6.952546625789113,12536800
2009-04-23,6.9280009269714355,6.933456170751262,6.8570843185557395,6.9252733050815225,12980400
2009-04-24,6.917090892791748,6.979824634931321,6.854356630411501,6.9443660709458745,11440200
2009-04-27,6.966187477111816,7.028921223135063,6.821626630838473,6.824354252870881,11312600
2009-04-28,6.99346399307251,7.053470648768472,6.903454529769375,6.906182152322901,9082000
2009-04-29,7.045287609100342,7.083473283435807,7.00164668979101,7.012556659497946,13377000
2009-04-30,7.050740718841553,7.146205396010674,6.971641251397223,7.0671059285663445,17077600
2009-05-01,7.236215114593506,7.236215114593505,7.009827710236728,7.1325675683632745,6983800
2009-05-04,7.3453192710876465,7.353501618253684,7.206213646616306,7.255309810575696,15229200
2009-05-05,7.331678867340088,7.350772218655356,7.247124678192127,7.331678867340088,7705800
2009-05-06,7.2880377769470215,7.40532290227461,7.252579737314331,7.40532290227461,9706800
2009-05-07,7.326225757598877,7.375321917025107,7.274401975955551,7.29076718901738,13806200
2009-05-08,7.432595252990723,7.58806596953959,7.337130622757444,7.358951065075875,16211600
2009-05-11,7.399870872497559,7.47078750279837,7.35895757200424,7.369868062930907,7803400
2009-05-12,7.451692581176758,7.5007887361427485,7.3835035926663695,7.446237337238159,9010400
2009-05-13,7.252580165863037,7.418961448390767,7.244397300737845,7.380775264713847,14817400
2009-05-14,7.247125148773193,7.323496998271472,7.1598433323412545,7.2825837118490835,9007400
2009-05-15,7.075289726257324,7.206212461795976,6.998917870406092,7.200757217755022,20801600
2009-05-18,7.075289726257324,7.13256822796522,6.996190248385615,7.124385882144495,10848400
2009-05-19,7.203486442565918,7.236217393853637,7.069836055269306,7.088928893420133,13592800
2009-05-20,7.072561740875244,7.241670135531007,7.06710649711456,7.236215412011002,14184600
2009-05-21,6.988010406494141,7.031651333977684,6.960734696756703,7.004375624240246,11570200
2009-05-22,7.045287609100342,7.108021365577405,6.971643362675548,6.971643362675548,9785000
2009-05-26,7.249852657318115,7.249852657318115,6.977096725108644,6.998917178875776,14246800
2009-05-27,7.102566242218018,7.26349179798885,7.0862005082149375,7.26349179798885,11873800
2009-05-28,7.249852657318115,7.285310699599458,7.11347469121338,7.11347469121338,12950000
2009-05-29,7.30167818069458,7.326226262098128,7.187120640891619,7.263491987266407,10360600
2009-06-01,7.536245822906494,7.560793897267804,7.326224160385083,7.356226957750639,17635800
2009-06-02,7.4462385177612305,7.563523679831944,7.440783793198539,7.503517547716109,13052600
2009-06-03,7.320768356323242,7.459873926967427,7.249851760294407,7.424415368832714,12674800
2009-06-04,7.388958930969238,7.402596520749203,7.323497563592142,7.367138475176873,7206000
2009-06-05,7.397141456604004,7.50078848678827,7.331679571998418,7.481695653878591,12327000
2009-06-08,7.350773334503174,7.427144670394907,7.268946234309693,7.4107794584524935,12834200
2009-06-09,7.331678867340088,7.402595468646342,7.298948448423742,7.367137428113529,8099200
2009-06-10,7.4462385177612305,7.462604252171641,7.348046712502663,7.386232385645396,27226400
2009-06-11,7.5908002853393555,7.6808097543259555,7.44623940231931,7.470787486610277,27251600
2009-06-12,7.68626594543457,7.735362120056909,7.5007917391905865,7.549887913812924,23854800
2009-06-15,7.530791759490967,7.648076898325129,7.465330395540878,7.634438789018438,14234200
2009-06-16,7.478969097137451,7.596254253418311,7.4626038837756985,7.558068061919884,13608400
2009-06-17,7.500792026519775,7.574436291274337,7.454423473182562,7.487154430931564,18168800
2009-06-18,7.669894695281982,7.680804658706251,7.511696323826375,7.522606287250643,23837200
2009-06-19,7.578034400939941,7.743554009422212,7.561482597943414,7.69665679578844,19960000
2009-06-22,7.555966377258301,7.6387264579741645,7.492517350363495,7.54217329355853,20484200
2009-06-23,7.4897565841674805,7.589068443451804,7.459411703075704,7.555964314966272,16793400
2009-06-24,7.5532050132751465,7.602860939101212,7.49527345059289,7.528377576534345,11261200
2009-06-25,7.680105686187744,7.710451099564714,7.48424064938462,7.613897942051758,17455200
2009-06-26,7.652515888214111,7.721482326131873,7.608377410040517,7.677343847958278,6678800
2009-06-29,7.751829624176025,7.760105262001139,7.635965959073778,7.696656249871224,8966200
2009-06-30,7.6938982009887695,7.826314205659046,7.605621215323477,7.826314205659046,13243200
2009-07-01,7.79320764541626,7.820794326386682,7.682861447706748,7.696654525105871,15529400
2009-07-02,7.569757461547852,7.793208605200598,7.561481298385809,7.724242157366964,18944200
2009-07-06,7.613898277282715,7.64148497009708,7.484240978906919,7.528380003113344,13281800
2009-07-07,7.462169170379639,7.644240543862941,7.448376091789656,7.644240543862941,17148800
2009-07-08,7.4290666580200195,7.553205962005634,7.371134561888894,7.47320514737121,17561000
2009-07-09,7.431823253631592,7.5118240453831735,7.365615538542375,7.442857609727055,12672400
2009-07-10,7.423551082611084,7.462172138964955,7.365619498080278,7.44010288873811,13236600
2009-07-13,7.5532050132751465,7.564239897313041,7.379409799056147,7.4235482828632655,12579600
2009-07-14,7.611137390136719,7.613896111250583,7.509066813612741,7.600102505681262,11578000
2009-07-15,7.762862205505371,7.765620926206046,7.630446768906002,7.707689370008387,15265000
2009-07-16,7.765615940093994,7.801478760003958,7.6552698137784025,7.7490641526896145,8756000
2009-07-17,7.729755878448486,7.804239732534372,7.660789463814589,7.804239732534372,7596000
2009-07-20,7.78769063949585,7.793208081232919,7.680103156484023,7.7297590797732365,8794200
2009-07-21,7.864933013916016,7.875967370893325,7.784931689598723,7.815277092087653,13569200
2009-07-22,7.823554515838623,7.892520968125854,7.7932091084571145,7.864934281976507,11785800
2009-07-23,8.027692794799805,8.06079638752307,7.818034778254694,7.837345295038618,15589200
2009-07-24,8.154593467712402,8.154593467712402,7.975280790478105,8.02769544345106,10510400
2009-07-27,8.135284423828125,8.154594950494657,8.07735284382853,8.140801867496387,6353600
2009-07-28,8.002869606018066,8.138043830226906,7.936661854946743,8.127008941962135,9412400
2009-07-29,7.964247226715088,8.022178801966419,7.870452796731874,7.972522865366795,10645800
2009-07-30,8.085627555847168,8.129766047786411,7.997350571968684,8.055282671496645,12898800
2009-07-31,7.983557224273682,8.102179614718562,7.97803978142222,8.063558040930639,10675200
2009-08-03,8.063554763793945,8.066313484098496,7.969760378127629,8.019416291265337,12321600
2009-08-04,7.944934844970703,8.038729259246757,7.936659207704865,8.038729259246757,12990800
2009-08-05,7.889760971069336,7.9973484508647115,7.837346328478584,7.983555373106603,9034200
2009-08-06,7.9035539627075195,7.928381923339331,7.851139320687896,7.928381923339331,10230800
2009-08-07,7.978039264678955,8.011143393471238,7.903555369525525,7.944935135886672,14344800
2009-08-10,7.994589805603027,8.000107247227268,7.887002324791279,7.975279286090374,6442600
2009-08-11,8.000107765197754,8.000107765197754,7.925623876964577,7.989072881234811,5669600
2009-08-12,8.038727760314941,8.09390112060323,7.944933363528149,8.005624165079697,9098000
2009-08-13,8.011141777038574,8.066314612330284,7.961485856955515,8.047004093669578,11472600
2009-08-14,8.011141777038574,8.049762814359989,7.931140455533163,7.980796375616222,7126200
2009-08-17,7.9007978439331055,7.947695059885461,7.884246040118262,7.9173501739203065,9564200
2009-08-18,7.917352199554443,7.955973260394297,7.862178804492517,7.955973260394297,9345200
2009-08-19,7.975282669067383,7.994593196771228,7.881488226358066,7.903557476044233,7654600
2009-08-20,8.041485786437988,8.041485786437988,7.944932677358442,7.994588592094901,6626200
2009-08-21,8.19873332977295,8.201492051567469,8.055283479664585,8.063559118875764,14245200
2009-08-24,8.212523460388184,8.237351419850771,8.15459137958476,8.21804090164035,6479200
2009-08-25,8.160111427307129,8.242870967835703,8.157352705799866,8.212526083600466,6565600
2009-08-26,8.151832580566406,8.18769542218845,8.099418467691347,8.168384904163727,6671000
2009-08-27,8.151832580566406,8.17114362476328,8.09390102649224,8.168384904163727,9706000
2009-08-28,8.132521629333496,8.182177545136053,8.085624433983542,8.162867028139976,6695000
2009-08-31,8.063554763793945,8.124245558149854,8.041485527529641,8.113210676931653,14720000
2009-09-01,8.000107765197754,8.124247578919713,7.9863146864163035,8.033211890914352,13162200
2009-09-02,7.944934844970703,7.994590773254762,7.9173486858549,7.969762809112733,10472000
2009-09-03,7.939420223236084,7.980800000040245,7.89528172448866,7.980800000040245,7518400
2009-09-04,7.978039264678955,7.997349787236005,7.928383334576669,7.980797985926002,11043800
2009-09-08,7.997349739074707,8.044246947647524,7.9642461366540545,8.038729505186657,6193000
2009-09-09,7.986312389373779,8.030450860185878,7.978036228781981,7.9945880237935,9241600
2009-09-10,7.986312389373779,8.008381624779828,7.933897757969882,7.97251878838745,10601400
2009-09-11,7.983557224273682,8.027695714740757,7.964246700465876,8.000109026655757,14205400
2009-09-14,8.099418640136719,8.099418640136719,7.944933440305481,7.96148576425522,13520200
2009-09-15,8.160111427307129,8.162870148814392,8.052523919385516,8.104938049506528,8370000
2009-09-16,8.289765357971191,8.29252407853895,8.11597017157954,8.184936607257079,11341800
2009-09-17,8.23459243774414,8.306317593228266,8.22355755559021,8.275972193477099,10708000
2009-09-18,8.272221565246582,8.288944236101315,8.235988491523184,8.235988491523184,9569200
2009-09-21,8.23320198059082,8.261072922015101,8.169097433144232,8.227627579664311,12258800
2009-09-22,8.21090316772461,8.269433305625379,8.194180499011841,8.269433305625379,9885800
2009-09-23,8.183032035827637,8.316814445556798,8.174670435868048,8.222051772430966,19368800
2009-09-24,8.160735130310059,8.24156180511538,8.160735130310059,8.185819399085101,9617200
2009-09-25,8.13843822479248,8.194180631940666,8.135651024694463,8.152373693678511,5916000
2009-09-28,8.208115577697754,8.269432377162842,8.130075579793466,8.160734245328007,7440800
2009-09-29,8.22484016418457,8.26107270605141,8.174671620365777,8.252711636484356,11010800
2009-09-30,8.174674034118652,8.26107514531612,8.12729267669986,8.25550127449365,13267000
2009-10-01,8.035313606262207,8.183032015558114,8.021378137968119,8.183032015558114,18486000
2009-10-02,7.948911666870117,7.985144199447782,7.921040201715922,7.968421532996858,12871200
2009-10-05,8.035313606262207,8.054823474515544,7.901531196864427,7.951699733289605,13698400
2009-10-06,8.096634864807129,8.132867952869354,8.03531802633826,8.060402308349236,7927000
2009-10-07,8.102208137512207,8.113356942008112,8.043678508721486,8.082698261248634,6563000
2009-10-08,8.102208137512207,8.15237669453526,8.088272663496586,8.15237669453526,18317400
2009-10-09,8.152376174926758,8.174673250893157,8.071548942295918,8.116143625832942,9148400
2009-10-12,8.235984802246094,8.235984802246094,8.149583754661503,8.149583754661503,4933600
2009-10-13,8.177459716796875,8.205331192150664,8.144013840051494,8.205331192150664,9727400
2009-10-14,8.183032035827637,8.233200572377083,8.13843789925125,8.213690172471377,15955600
2009-10-15,8.247137069702148,8.258285339435195,8.163523186089916,8.163523186089916,15067400
2009-10-16,8.27501106262207,8.30845641361525,8.183035549984421,8.20811982903144,15137600
2009-10-19,8.39206600189209,8.425511333546693,8.244347614206369,8.277793477464934,17785200
2009-10-20,8.308454513549805,8.414366007883874,8.27500917020526,8.408791606791734,12402400
2009-10-21,8.319601058959961,8.419937593380464,8.29730399224385,8.305665060009888,16686800
2009-10-22,8.339111328125,8.347472927898368,8.25271025688299,8.327962528427177,8429200
2009-10-23,8.202543258666992,8.364197163352333,8.177458986249945,8.364197163352333,14337000
2009-10-26,8.09384536743164,8.316816094521709,8.06876109418349,8.216479001529105,24405200
2009-10-27,8.074333190917969,8.174670261881323,8.046462254853953,8.121714526472438,21525400
2009-10-28,7.993508815765381,8.107781387588183,7.9823600128538,8.071548309729724,31477800
2009-10-29,8.063187599182129,8.07712307183966,7.979573168424318,8.026954519705816,15075800
2009-10-30,7.912676811218262,8.085479430767691,7.901528546642996,8.060395170968517,26520200
2009-11-02,7.898747444152832,7.9990845607935395,7.831856210260452,7.946128801277136,16569400
2009-11-03,7.882021427154541,7.9238283641635245,7.854149958613869,7.8987440956373245,16763200
2009-11-04,7.934976577758789,8.046462451150715,7.901531241024444,7.909892309406009,15900400
2009-11-05,8.068758964538574,8.077120032345064,7.982357365442133,7.98793176504913,12965800
2009-11-06,8.06039810180664,8.10499223953028,8.02137836419947,8.049249301573704,14428600
2009-11-09,8.20532512664795,8.20532512664795,8.091052640613155,8.102200903551198,9505000
2009-11-10,8.244348526000977,8.261071193677743,8.174670123809756,8.183031723450151,11047200
2009-11-11,8.22484016418457,8.300092979912758,8.199755892275173,8.288944178351198,11596800
2009-11-12,8.110567092895508,8.244349513542687,8.10499269246752,8.213690842792843,10920200
2009-11-13,8.183032035827637,8.219264572444436,8.096630431057351,8.127289099305132,16998400
2009-11-16,8.297304153442383,8.30287855313071,8.219264152617841,8.2443484196113,15589000
2009-11-17,8.252711296081543,8.316815307604047,8.233201425757658,8.316815307604047,10863800
2009-11-18,8.216476440429688,8.27500657029941,8.205328173352203,8.249922304870099,9522800
2009-11-19,8.116137504577637,8.21647400494974,8.093840445427855,8.19696414464416,12387200
2009-11-20,8.152376174926758,8.152376174926758,8.091059348920213,8.096633219208647,14961400
2009-11-23,8.255497932434082,8.291730470331425,8.194180593771419,8.22483926310275,14809800
2009-11-24,8.272221565246582,8.288944236101315,8.21647862025864,8.275008765656391,14683800
2009-11-25,8.366981506347656,8.386491371208193,8.272218849935951,8.275006049430878,12641400
2009-11-27,8.22484016418457,8.311241249870204,8.185820421927339,8.249924436093966,11985000
2009-11-30,8.294519424438477,8.308454896206495,8.22484100239004,8.263860748623829,11441200
2009-12-01,8.450599670410156,8.453386871325177,8.336327090915361,8.355836965716295,21079200
2009-12-02,8.564872741699219,8.564872741699219,8.453387356717963,8.478471634789276,26181000
2009-12-03,8.592741012573242,8.65405781851801,8.528637006594069,8.592741012573242,19928400
2009-12-04,8.539788246154785,8.70144218316201,8.439451668028937,8.679145106733573,40697200
2009-12-07,8.615038871765137,8.662420213489666,8.467320446011229,8.592741801047953,22234200
2009-12-08,8.578804016113281,8.620610945975413,8.511912822013079,8.617823746437411,30401200
2009-12-09,8.609460830688477,8.617822428023269,8.54256964682175,8.59552536673436,19806600
2009-12-10,8.718161582946777,8.743245849427822,8.637334383929186,8.68471571710405,24120600
2009-12-11,8.868666648864746,8.868666648864746,8.71816158160563,8.759968515199606,25049400
2009-12-14,8.910472869873047,8.941132065075966,8.851943273842991,8.924408867692556,27626200
2009-12-15,8.854730606079102,8.882602070531762,8.815710343203788,8.87145327210911,13724800
2009-12-16,8.815710067749023,8.904898857531547,8.812923399834402,8.882601792986904,24749600
2009-12-17,8.765544891357422,8.829648906096905,8.740460619223864,8.785054762660383,17811000
2009-12-18,8.841410636901855,8.8752530553986,8.751163470356476,8.858331846150229,22362000
2009-12-21,8.866792678833008,8.906275679535606,8.841410596119756,8.869612970013986,10671800
2009-12-22,8.793462753295898,8.914732529769935,8.785001883571443,8.90627166004548,21422200
2009-12-23,8.813206672668457,8.841409041604084,8.770903388222736,8.841409041604084,10412200
2009-12-24,8.878071784973145,8.886532657066867,8.81038642196971,8.84704966312706,3986400
2009-12-28,8.883709907531738,8.911912268789502,8.849866966439361,8.883709907531738,19215000
2009-12-29,8.878071784973145,8.923195360308766,8.878071784973145,8.90627415403677,9312600
2009-12-30,8.875252723693848,8.903455096664127,8.85551122398931,8.878073014782428,4629600
2009-12-31,8.748337745666504,8.914731057357827,8.742697166781833,8.91191076791549,11013800
2010-01-04,8.765259742736816,8.844226240568773,8.745518252757643,8.821664460890394,16435200
2010-01-05,8.660913467407227,8.790644138324115,8.618610186555237,8.739879986135568,36047400
2010-01-06,8.711677551269531,8.74270020801153,8.655273356547728,8.655273356547728,25490200
2010-01-07,8.672194480895996,8.706037427748118,8.641171824441166,8.700396846953533,13126200
2010-01-08,8.663734436035156,8.683476470699164,8.607330236455745,8.660914145368869,12535200
2010-01-11,8.753982543945312,8.770903750840088,8.672195724442204,8.686296640535273,17749000
2010-01-12,8.717318534851074,8.787824184947194,8.683476124037572,8.728599697065857,16655000
2010-01-13,8.813206672668457,8.816026963353563,8.703218025526496,8.739880728602001,15719000
2010-01-14,8.773719787597656,8.824483921583846,8.73423627343328,8.8019216061098,9633200
2010-01-15,8.717318534851074,8.753981774133694,8.624251098240812,8.711677953743683,25421400
2010-01-19,8.818845748901367,8.827306081597294,8.697575959716437,8.720137743431167,11792800
2010-01-20,8.725778579711914,8.787823352267974,8.646812065437082,8.787823352267974,19039400
2010-01-21,8.59886646270752,8.787821570260943,8.573484393191743,8.737057431229388,25810600
2010-01-22,8.409914016723633,8.601689474684711,8.409914016723633,8.601689474684711,25406200
2010-01-25,8.466315269470215,8.500157667000005,8.390169068155373,8.488877047128478,14953600
2010-01-26,8.500158309936523,8.534001247941342,8.415551771797354,8.460675330526945,15081800
2010-01-27,8.443757057189941,8.502981546832231,8.339408455262252,8.502981546832231,28596200
2010-01-28,8.378890037536621,8.49451978254502,8.333766470764472,8.432474474796804,28124400
2010-01-29,8.328128814697266,8.429656600068709,8.314027359843244,8.378892438425238,19145600
2010-02-01,8.381711959838867,8.387352541262592,8.277363893077215,8.33658838427997,13365800
2010-02-02,8.449395179748535,8.455035759741367,8.311204197416048,8.40145186355541,13107200
2010-02-03,8.390170097351074,8.435293658202767,8.364788027132589,8.404271008399,7964800
2010-02-04,8.170191764831543,8.36760773322293,8.170191764831543,8.350686533562744,14481600
2010-02-05,8.156094551086426,8.187117212785516,8.026363860457439,8.187117212785516,19976600
2010-02-08,8.063027381896973,8.212499575882257,8.060207090925683,8.164555705201355,10247000
2010-02-09,8.144811630249023,8.237879057350398,8.105328642362188,8.133531007102228,17430600
2010-02-10,8.108149528503418,8.161733971655927,8.037643880429474,8.161733971655927,13144400
2010-02-11,8.156094551086426,8.167375176667152,8.023544107498868,8.11661155468066,16220000
2010-02-12,8.125070571899414,8.130711152732893,8.051744634810376,8.108149367314374,20124600
2010-02-16,8.266084671020508,8.268904962394545,8.13635449530825,8.13635449530825,12028800
2010-02-17,8.232237815856934,8.316844359840259,8.215316076728037,8.305563738336284,12895200
2010-02-18,8.277363777160645,8.302745855296504,8.178655755289578,8.187116627306679,11053800
2010-02-19,8.392993927001953,8.426836342956578,8.232241106428726,8.26608352238335,11193200
2010-02-22,8.347870826721191,8.477600991859692,8.342230244432857,8.457859491766055,11315400
2010-02-23,8.291461944580078,8.361967574275344,8.268900164594204,8.32248459377888,11088600
2010-02-24,8.299924850463867,8.328127216845443,8.209677708375143,8.314025764696956,9981600
2010-02-25,8.283003807067871,8.285823559637072,8.15045284386837,8.19557641579127,14762800
2010-02-26,8.218138694763184,8.302745800630802,8.20967836071723,8.26326226939307,16631400
2010-03-01,8.336588859558105,8.350690313921357,8.243521412422574,8.246341703295224,9867200
2010-03-02,8.361971855163574,8.398635102607308,8.342230354808736,8.342230354808736,9431000
2010-03-03,8.347870826721191,8.41555620043461,8.333769371000354,8.378892953475967,7253400
2010-03-04,8.364785194396973,8.370425772072071,8.30838049347618,8.364785194396973,10821600
2010-03-05,8.449395179748535,8.463496629730615,8.370429211510151,8.40145186355541,10381000
2010-03-08,8.449395179748535,8.48323812179021,8.446575427667435,8.48323812179021,6968800
2010-03-09,8.438116073608398,8.460677859717697,8.421194868505278,8.440936364111488,7874400
2010-03-10,8.440937995910645,8.460679495333272,8.401454997065388,8.452218622188354,7696400
2010-03-11,8.469139099121094,8.471959389746694,8.401453737852991,8.432475858903723,7329600
2010-03-12,8.415553092956543,8.497339354275345,8.395811600152532,8.4804181515741,11438600
2010-03-15,8.446578025817871,8.452218069630254,8.3901732843702,8.412735073366171,7583800
2010-03-16,8.545283317565918,8.550923897842322,8.429654111476369,8.435294691752771,11058400
2010-03-17,8.573485374450684,8.587586824637434,8.528361809683732,8.567844794375985,11782200
2010-03-18,8.534005165100098,8.601690534262467,8.511443375379308,8.556566954820887,8634200
2010-03-19,8.524613380432129,8.584365627411053,8.464861676157147,8.524613380432129,11532000
2010-03-22,8.4677095413208,8.504698624839648,8.43925610792717,8.490472179494883,10220400
2010-03-23,8.501852035522461,8.501852035522461,8.44494571941588,8.487625592171822,11646600
2010-03-24,8.413647651672363,8.501852802350884,8.402266604506138,8.473399913083286,13198800
2010-03-25,8.35958480834961,8.453480738498358,8.351049160056805,8.42787325091596,20968200
2010-03-26,8.379504203796387,8.413647888962089,8.336823783283124,8.356741566117888,16545200
2010-03-29,8.481937408447266,8.484782806533998,8.40226843283554,8.410804084391541,17222600
2010-03-30,8.459172248840332,8.518924505469865,8.456326851600446,8.470553837799875,11132000
2010-03-31,8.439249038696289,8.484774276909734,8.393723800482842,8.447785224375178,12073800
2010-04-01,8.555912017822266,8.570139001417115,8.467706890349936,8.479087934521882,10571000
2010-04-05,8.607131958007812,8.607131958007812,8.541689432047168,8.575833122676991,7100400
2010-04-06,8.678260803222656,8.678260803222656,8.538839629213383,8.538839629213383,8051200
2010-04-07,8.592900276184082,8.661188158549178,8.564446856189331,8.652651969739598,11670800
2010-04-08,8.541683197021484,8.575826862728043,8.516075176389673,8.555909633948586,9547800
2010-04-09,8.604284286499023,8.604284286499023,8.484780315462757,8.550222824131561,13211400
2010-04-12,8.627045631408691,8.649808263310668,8.607128396332454,8.612819189983938,9267400
2010-04-13,8.581520080566406,8.627045342847612,8.5359948182852,8.627045342847612,10481200
2010-04-14,8.590055465698242,8.609972698241634,8.54737560414756,8.578673879842656,9546400
2010-04-15,8.587210655212402,8.59859169914073,8.541685394091248,8.57298367192209,9531400
2010-04-16,8.487625122070312,8.587211848121084,8.467707885400957,8.570140008505065,15365200
2010-04-19,8.496159553527832,8.513231389607977,8.444943502583513,8.473396924519678,10571000
2010-04-20,8.604284286499023,8.604284286499023,8.535996380578876,8.550222824131561,7268200
2010-04-21,8.612817764282227,8.62704420335204,8.555910922595242,8.612817764282227,10072800
2010-04-22,8.641273498535156,8.652654544297127,8.553067816035847,8.5729850531473,4094800
2010-04-23,8.709558486938477,8.71524873656346,8.590054561552611,8.646960856729226,8979600
2010-04-26,8.678260803222656,8.73801250235353,8.672570010151935,8.706714225872362,11291000
2010-04-27,8.53030776977539,8.701027849630924,8.521772118540326,8.644120975444356,12714400
2010-04-28,8.61850643157959,8.629887471487987,8.52745539879376,8.564444999579443,13879400
2010-04-29,8.627045631408691,8.692488130288881,8.598592205855232,8.644117469659186,6558000
2010-04-30,8.661192893981934,8.746552657932057,8.629894060604954,8.635584856256067,9983000
2010-05-03,8.772157669067383,8.794920301114075,8.666880156661458,8.695333582395813,11307400
2010-05-04,8.621353149414062,8.735166829339459,8.578673290793963,8.72093984799686,18681600
2010-05-05,8.561599731445312,8.66972205435228,8.52176527711702,8.553063544359077,18379000
2010-05-06,8.325439453125,8.558756533010099,7.329573497622544,8.533148507880869,36348600
2010-05-07,8.279916763305664,8.425028769802317,8.160412789879246,8.254308730235428,35338200
2010-05-10,8.535991668701172,8.590053101226658,8.43071419933088,8.473394591837375,19012200
2010-05-11,8.553067207336426,8.644117737768392,8.456325883076468,8.493315500254436,14452200
2010-05-12,8.624201774597168,8.649809807897684,8.527460436062782,8.564450058698661,10453800
2010-05-13,8.587210655212402,8.703869204673348,8.575829068580152,8.621354329701306,14102600
2010-05-14,8.516077041625977,8.601436767292094,8.473397178792917,8.550220714810864,15085400
2010-05-17,8.524613380432129,8.564448392652727,8.39372838476087,8.535994967553426,16954600
2010-05-18,8.442097663879395,8.595745265959621,8.42787122500851,8.5644469919029,15573400
2010-05-19,8.356738090515137,8.439252414267601,8.299831248634643,8.407953596962942,17104800
2010-05-20,8.106348037719727,8.254305381498972,8.094966995807999,8.2286973588178,22447800
2010-05-21,8.143340110778809,8.1518757591212,7.9669292947482,7.986846531152432,19750800
2010-05-24,8.066513061523438,8.200243415987881,8.06366766555137,8.140491728685829,13608400
2010-05-25,8.02383804321289,8.029528295882677,7.807592703341597,7.915715101925185,27062600
2010-05-26,8.020994186401367,8.117735555525794,7.981159153835636,8.106353962591522,15142600
2010-05-27,8.174638748168945,8.180329542447437,8.077897416250636,8.086433607668374,10844800
2010-05-28,8.183173179626465,8.257151861224177,8.151874360530229,8.18601857615375,14656800
2010-06-01,7.992537021636963,8.166102434060317,7.986846227822172,8.13764900769033,21627200
2010-06-02,8.160409927368164,8.168945573594742,7.992535343996626,8.035215203241084,12254000
2010-06-03,8.245772361755371,8.254308553497358,8.17179366143692,8.17463905868425,13973800
2010-06-04,8.001072883605957,8.166102098526299,7.975464855195563,8.151875114573887,17779200
2010-06-07,8.04944133758545,8.160409068482418,8.00107069081173,8.063667774934979,15210600
2010-06-08,8.154722213745117,8.171794055347984,8.01530099812958,8.038063634501421,22054000
2010-06-09,8.109193801879883,8.214471293536088,8.086431174319603,8.211625897253072,12348400
2010-06-10,8.308366775512695,8.322593213496974,8.168945078288425,8.168945078288425,12381600
2010-06-11,8.314061164855957,8.322597357519195,8.214474963971993,8.231546806594373,12052200
2010-06-14,8.362428665161133,8.42218090572556,8.34535682901582,8.359583268686267,10818000
2010-06-15,8.524613380432129,8.524613380432129,8.405109971882167,8.419336413079845,9565200
2010-06-16,8.578675270080566,8.607128696626738,8.453480518899793,8.453480518899793,12673000
2010-06-17,8.641273498535156,8.646963750064137,8.516078738929433,8.609974672957724,14704000
2010-06-18,8.649035453796387,8.669162775732064,8.611656219977041,8.651910863848396,9589400
2010-06-21,8.588656425476074,8.723797453571038,8.545525808372812,8.695043891645055,12426600
2010-06-22,8.375877380371094,8.591528194523502,8.355750058798742,8.588653332951779,21313400
2010-06-23,8.301121711730957,8.37875561418448,8.252240822112075,8.373005340674691,24847000
2010-06-24,8.255109786987305,8.372999358785929,8.249359517585658,8.269486831561856,14830200
2010-06-25,8.29249382019043,8.326997648062102,8.1947320605066,8.278117316648643,7795400
2010-06-28,8.347124099731445,8.390254151442416,8.243611536882423,8.318370549114675,12941400
2010-06-29,8.17747974395752,8.272366088575628,8.142975369356195,8.26949067832315,17480800
2010-06-30,8.125720977783203,8.26373733723425,8.094092023081739,8.148723704358376,12950200
2010-07-01,8.088340759277344,8.140097028330711,8.02795881100057,8.111343484586815,19978200
2010-07-02,8.096969604492188,8.148725890277166,8.073966871746464,8.102720424785721,12074400
2010-07-06,8.191852569580078,8.237858016111673,8.117093581859192,8.165974437352533,17568600
2010-07-07,8.44488525390625,8.456386344293964,8.191854684236642,8.194730093940652,14888200
2010-07-08,8.511016845703125,8.522517934488029,8.442008667708969,8.470761663885348,12771200
2010-07-09,8.568523406982422,8.580025044223087,8.470761684149764,8.49663981951301,14533400
2010-07-12,8.597278594970703,8.60590482455005,8.519644174041636,8.557023953790456,8277400
2010-07-13,8.626031875610352,8.680663564382485,8.577151006378093,8.6404083760317,17669000
2010-07-14,8.62890911102295,8.640410204107681,8.542648444959433,8.577152821070529,12643000
2010-07-15,8.686412811279297,8.70941608672648,8.571399176184748,8.62603085851526,15523800
2010-07-16,8.536893844604492,8.677785591141102,8.528267617842921,8.649032050364042,16470400
2010-07-19,8.669164657592773,8.697918215926164,8.554150972687715,8.568527477640156,13888600
2010-07-20,8.746798515319824,8.75254933628742,8.53689848585885,8.53689848585885,13489000
2010-07-21,8.611658096313477,8.746799107632562,8.568527484564282,8.741048286275534,13232600
2010-07-22,8.74967098236084,8.792801028251649,8.683538208766382,8.683538208766382,11061800
2010-07-23,8.76404857635498,8.77555021585778,8.68641415499615,8.755422895156238,14276200
2010-07-26,8.827306747436523,8.827306747436523,8.755423143787784,8.755423143787784,10119600
2010-07-27,8.956698417663574,8.971075469878517,8.83305851075739,8.86181206675881,43369400
2010-07-28,8.913564682006836,8.956694724008319,8.896312774891891,8.95381931475112,16131000
2010-07-29,8.775552749633789,8.968200879502362,8.743923780297175,8.92219540506466,16620400
2010-07-30,8.73241901397705,8.778424469069762,8.67491192089702,8.726668194983391,18165000
2010-08-02,8.913564682006836,8.913564682006836,8.810052142460687,8.850307323633212,15250200
2010-08-03,8.870437622070312,8.948072052829076,8.8589359811749,8.884814124761155,8486600
2010-08-04,8.907816886901855,8.907816886901855,8.81580595315499,8.887689563698281,10249600
2010-08-05,8.893440246582031,8.899191066959352,8.81580581677347,8.83880854985433,7330600
2010-08-06,8.910691261291504,8.913566671190388,8.784175967882408,8.85030929870002,12657000
2010-08-09,8.942320823669434,8.982575468106678,8.922193501450812,8.927943773207277,9402200
2010-08-10,8.994074821472168,9.04295568375733,8.858933323633522,8.91644041400251,18455400
2010-08-11,8.81292724609375,8.896312466376033,8.81005183693627,8.88193542058863,19026000
2010-08-12,8.795677185058594,8.824430734238161,8.71516735704147,8.735294676938667,12927800
2010-08-13,8.827306747436523,8.884813301298491,8.764048825231475,8.772675055103537,11767000
2010-08-16,8.827306747436523,8.850309478666984,8.720918772727906,8.795677786333998,16903000
2010-08-17,8.913564682006836,8.96532095177991,8.850307323633212,8.916440091264034,13938200
2010-08-18,8.864683151245117,8.927940504835945,8.798550388614498,8.89631210225463,41010200
2010-08-19,8.73816967010498,8.844557632468808,8.686413393734918,8.827305723154891,20176600
2010-08-20,8.761171340942383,8.778423796601745,8.669160437805424,8.723792117203585,16249400
2010-08-23,8.818679809570312,8.88768799772148,8.781300579982386,8.784175441280563,11017400
2010-08-24,8.83305549621582,8.893437998054335,8.729543497737088,8.75254622500217,27474800
2010-08-25,8.827306747436523,8.847434068709632,8.726669592642613,8.798553196291353,21369800
2010-08-26,8.787049293518066,8.856057469437657,8.76117115899469,8.856057469437657,13720800
2010-08-27,8.953821182250977,8.9566965921079,8.749672018264695,8.789926659404896,19852400
2010-08-30,8.818679809570312,8.953820776146143,8.818679809570312,8.945195095394952,16778600
2010-08-31,8.85893440246582,8.896314180286215,8.741045346438414,8.801427853522,17872800
2010-09-01,9.051583290100098,9.065960339966722,8.89919040051252,8.927943403389015,16499800
2010-09-02,9.051583290100098,9.07458602145832,8.97394886610546,9.063084929993398,12004000
2010-09-03,9.091837882995605,9.097588154135472,9.01420346410982,9.077460834075085,10712400
2010-09-07,9.04582691192627,9.12633669642483,9.042952052147784,9.074580445563473,9845600
2010-09-08,9.002702713012695,9.091838779827404,8.996952441305613,9.06883604771389,9777800
2010-09-09,9.091837882995605,9.111965203055991,9.057333514014699,9.063084333582905,10796400
2010-09-10,9.040081977844238,9.074585799824677,9.005577607435438,9.074585799824677,12463400
2010-09-13,9.071710586547852,9.123466869068672,9.057334085149122,9.123466869068672,9892000
2010-09-14,9.060211181640625,9.097590421292356,9.011330299986223,9.07171227521482,10363000
2010-09-15,9.008455276489258,9.051585338995194,8.982577129299996,9.045834517746803,11759800
2010-09-16,8.976825714111328,9.011330090890239,8.939446475326934,8.994078176715014,10643400
2010-09-17,8.961429595947266,9.031145674563938,8.935285997209247,9.02243095696655,19927800
2010-09-20,9.080525398254395,9.08924011338731,8.961427061707797,8.999189719175797,11506200
2010-09-21,9.034051895141602,9.100863077615408,9.013718105176027,9.089244006515461,14737200
2010-09-22,9.097953796386719,9.132812101032664,9.028237741148786,9.028237741148786,16023600
2010-09-23,8.993383407592773,9.097957813652197,8.984669243123955,9.048575516796825,13658800
2010-09-24,9.138618469238281,9.16476205094868,9.080522051923671,9.09214111376508,9945200
2010-09-27,9.156050682067871,9.202528051698351,9.127002187535332,9.153145777209222,18805600
2010-09-28,9.161864280700684,9.202531857432062,9.095052549429477,9.167673538766467,10299000
2010-09-29,9.144433975219727,9.179292290572256,9.083432615920456,9.15314869257139,9843800
2010-09-30,9.115384101867676,9.211243762116762,9.095050318489694,9.193814884086212,22046400
2010-10-01,9.16476821899414,9.193816724228476,9.103766856650774,9.124100644098563,12853600
2010-10-04,9.147339820861816,9.222865716840555,9.100862431652466,9.176388327631205,9365000
2010-10-05,9.249009132385254,9.257723850457879,9.190912120009433,9.208341556154682,9052400
2010-10-06,9.20543384552002,9.254816124777966,9.17057553790394,9.249006314499619,9211400
2010-10-07,9.222865104675293,9.263532679020628,9.1880067880549,9.237389080068871,7399000
2010-10-08,9.251913070678711,9.26062723378568,9.193816064379716,9.237388542076905,7682400
2010-10-11,9.2548189163208,9.286771774381686,9.225770410221129,9.266437986328166,7472200
2010-10-12,9.217055320739746,9.278057236496176,9.17348284037324,9.278057236496176,8046800
2010-10-13,9.251913070678711,9.292580642655539,9.21705475608849,9.292580642655539,8168200
2010-10-14,9.237386703491211,9.2867689828002,9.19671913960875,9.254816134344269,8283200
2010-10-15,9.266436576843262,9.295485078524468,9.217054290201437,9.292580172950938,11576200
2010-10-18,9.266436576843262,9.373915866847499,9.266436576843262,9.28677036180388,8886600
2010-10-19,9.283867835998535,9.356488831789717,9.251914974607292,9.289677648634845,16859400
2010-10-20,9.359390258789062,9.411677441874541,9.307103075703584,9.310007426715897,7856000
2010-10-21,9.3187255859375,9.408774900649487,9.266437832582298,9.382631300998966,11776400
2010-10-22,9.257720947265625,9.333246818047847,9.222862639960756,9.324531548654132,8583800
2010-10-25,9.237386703491211,9.31872293936414,9.21705292154998,9.31872293936414,10554800
2010-10-26,9.21414852142334,9.228673047930291,9.170576050010553,9.21124361612195,7779400
2010-10-27,9.176385879516602,9.18219569013135,9.077621315282009,9.167671163594477,12007600
2010-10-28,9.199623107910156,9.231576507166128,9.156050643322708,9.217051982934347,10752600
2010-10-29,9.21414852142334,9.231577953231682,9.141527551050682,9.16767114470916,8346800
2010-11-01,9.124099731445312,9.283865663172076,9.080527254979296,9.249007903620901,14694400
2010-11-02,9.231583595275879,9.254822297835709,9.18510619015622,9.18510619015622,8272200
2010-11-03,9.21414852142334,9.272245519343079,9.150242266954853,9.260625898137517,17265000
2010-11-04,9.312914848327637,9.327438822665771,9.269341817205023,9.327438822665771,17655200
2010-11-05,9.310011863708496,9.324535841907903,9.272249187957486,9.301297698410554,10714800
2010-11-08,9.257720947265625,9.298387956688979,9.222862639960756,9.298387956688979,7557000
2010-11-09,9.225768089294434,9.30419831576243,9.196719590502495,9.275150371024521,18789200
2010-11-10,9.185101509094238,9.237388147665902,9.121194694083165,9.214149456949354,15469800
2010-11-11,9.179292678833008,9.182197584739766,9.141529456099303,9.161863797446609,9815200
2010-11-12,9.103765487670898,9.150242867435132,9.066002270328665,9.150242867435132,14602000
2010-11-15,9.135722160339355,9.188008815727702,9.129912347278117,9.135722160339355,7232800
2010-11-16,9.028239250183105,9.115384195282966,8.97595206150157,9.103765127828208,18491800
2010-11-17,9.025336265563965,9.06019458345483,9.002097571654776,9.039860795541061,10805600
2010-11-18,9.077621459960938,9.100860148736276,9.034048987763933,9.09505033802893,8854800
2010-11-19,9.042764663696289,9.083432791402258,8.978858397378534,9.051479381216312,8741000
2010-11-22,9.068906784057617,9.083431310890298,8.97885693391119,9.031144122400745,8572600
2010-11-23,8.970145225524902,9.005003547557374,8.938192363887222,9.005003547557374,12616000
2010-11-24,9.025336265563965,9.031146077554803,8.987573595731845,9.022431359568545,6615600
2010-11-26,8.964335441589355,9.036956433685047,8.946906004567367,8.975954512216482,3941400
2010-11-29,8.946904182434082,8.961428710327663,8.862664136867657,8.938190019752021,12282000
2010-11-30,8.935286521911621,8.9730491922762,8.871380251273806,8.871380251273806,11269200
2010-12-01,9.0398588180542,9.051477885440017,8.981761818962976,9.034049007334268,11565000
2010-12-02,9.06600570678711,9.06600570678711,8.996289610714957,9.028243029185049,18892400
2010-12-03,9.086337089538574,9.095051252421648,9.01081120491204,9.034049896023735,11822800
2010-12-06,9.060193061828613,9.09505081981108,9.048573439798409,9.083431751834949,8320800
2010-12-07,8.999194145202637,9.127007259743811,8.990479979837863,9.106673468486994,19984800
2010-12-08,8.967238426208496,9.036954497194696,8.946904087373532,9.019525063907585,16934200
2010-12-09,9.005001068115234,9.016620690278115,8.95852368757187,9.010810879196674,12822600
2010-12-10,9.0398588180542,9.054382790799982,9.016620129228519,9.022429385894405,8993600
2010-12-13,9.083433151245117,9.106671844831649,9.048574833838241,9.057289551703501,12745600
2010-12-14,9.106671333312988,9.141529094707757,9.086337546823685,9.109576239104907,10134000
2010-12-15,9.028239250183105,9.118289100660167,9.025334344805904,9.089241154996246,21285800
2010-12-16,9.109574317932129,9.112479223111416,8.993380326976741,9.036953350612018,11197600
2010-12-17,9.156903266906738,9.156903266906738,9.059895966217546,9.10399009186041,12318200
2010-12-20,9.168661117553711,9.195117702532137,9.133385484020083,9.177479605421738,9991400
2010-12-21,9.171601295471191,9.203936687211316,9.159842563429544,9.177480100804813,6415000
2010-12-22,9.21275520324707,9.236272105282614,9.171600764856663,9.171600764856663,6778600
2010-12-23,9.218633651733398,9.248029355837767,9.20099555644624,9.224512456142003,5746400
2010-12-27,9.224513053894043,9.259788686067122,9.183358616931411,9.21863424910449,4283200
2010-12-28,9.256851196289062,9.256851196289062,9.1951195262208,9.236273972932976,2358200
2010-12-29,9.224513053894043,9.271547417020532,9.20687551815108,9.271547417020532,3709400
2010-12-30,9.209819793701172,9.250974251186971,9.198061617571271,9.212759477905506,4951400
2010-12-31,9.21275520324707,9.2480302759568,9.198057349732546,9.209815520406732,4342600
2011-01-03,9.256851196289062,9.280368103079917,9.209817382707353,9.250971829419528,7072800
2011-01-04,9.300947189331055,9.321524416808574,9.201000175279624,9.256853050352458,9963000
2011-01-05,9.242151260375977,9.280366015055302,9.230392529282547,9.271547527422388,9191200
2011-01-06,9.250970840454102,9.259789889815613,9.183359810744193,9.250970840454102,11414200
2011-01-07,9.283306121826172,9.289185487641415,9.198057560253883,9.265668585067626,10184000
2011-01-10,9.233332633972168,9.259789219454154,9.180419463008194,9.259789219454154,12711200
2011-01-11,9.248025894165039,9.286241192295552,9.218630201063911,9.268603664297494,6373400
2011-01-12,9.295064926147461,9.339159048732249,9.271548023389762,9.271548023389762,8379200
2011-01-13,9.286245346069336,9.309762247481583,9.245090908769695,9.300943199194306,13599600
2011-01-14,9.330341339111328,9.336220705816409,9.256850937359644,9.274488476787614,11002200
2011-01-18,9.35385799407959,9.362677043900405,9.312703549623631,9.330341088578006,7189400
2011-01-19,9.330341339111328,9.374435468024885,9.315643483035899,9.359737611949456,9643800
2011-01-20,9.400894165039062,9.427350760455791,9.333283114835153,9.34210216686986,17218600
2011-01-21,9.392072677612305,9.459683706248237,9.371494896095651,9.459683706248237,15210000
2011-01-24,9.444989204406738,9.468505555970749,9.392076011669179,9.41265323980325,7322000
2011-01-25,9.430289268493652,9.465564348761514,9.389134260598091,9.427349024336158,17033800
2011-01-26,9.395013809204102,9.442047627069186,9.368557777256411,9.442047627069186,11109200
2011-01-27,9.430289268493652,9.453805614880698,9.368557036993957,9.368557036993957,7008800
2011-01-28,9.303886413574219,9.450867804051661,9.300946729695932,9.436168823972864,11324800
2011-01-31,9.32446002960205,9.35973566179538,9.303882811108922,9.34797693083522,8025800
2011-02-01,9.418527603149414,9.42146672501754,9.336218173663928,9.374432925507868,10587800
2011-02-02,9.36855411529541,9.409707988982047,9.359735067635128,9.392071015035715,6290000
2011-02-03,9.406770706176758,9.418529438689347,9.321521577522162,9.359736897500852,14835600
2011-02-04,9.347976684570312,9.41264858177316,9.289184713379795,9.395010485797581,9854400
2011-02-07,9.409709930419922,9.415589296739824,9.339159777330018,9.34503914364992,7444400
2011-02-08,9.406770706176758,9.421468561130268,9.380314118710658,9.418529438689347,7482400
2011-02-09,9.406770706176758,9.418529438689347,9.356797214372705,9.395011973664168,8580400
2011-02-10,9.424408912658691,9.433227401456696,9.392072958566724,9.397951764202983,8491800
2011-02-11,9.406770706176758,9.459683881108958,9.3891331680951,9.406770706176758,18505600
2011-02-14,9.33915901184082,9.412649402754228,9.303883377500023,9.400890671078235,8268800
2011-02-15,9.36855411529541,9.383251967375433,9.303882220494236,9.33915785044825,6451200
2011-02-16,9.347976684570312,9.395010485797581,9.298003200680448,9.383252315834334,10826000
2011-02-17,9.365616798400879,9.395012509985978,9.342099892720444,9.36855648169684,16347400
2011-02-18,9.380316734313965,9.395014593365818,9.347980771575024,9.371497682470421,5956600
2011-02-22,9.33915901184082,9.371494402575435,9.298004011662025,9.315642109176018,12023800
2011-02-23,9.318583488464355,9.37443579203121,9.309764438101926,9.327401978139497,10828800
2011-02-24,9.283306121826172,9.339158975696614,9.256849536344761,9.298003975677096,14174800
2011-02-25,9.33621883392334,9.342098199449618,9.27742630003487,9.300943201452826,7893600
2011-02-28,9.439109802246094,9.474384890152738,9.347981276997867,9.365619381638602,24599200
2011-03-01,9.345038414001465,9.477321342434637,9.34209873107104,9.40677007347882,24309400
2011-03-02,9.35973834991455,9.3861949414861,9.32446270759005,9.34797961557728,11519600
2011-03-03,9.465561866760254,9.483198841582235,9.4038296514476,9.4038296514476,11559200
2011-03-04,9.409709930419922,9.474381838564387,9.339159777330018,9.45674373960468,14649400
2011-03-07,9.444989204406738,9.518479625278369,9.4214717314679,9.44792832783668,21593600
2011-03-08,9.550812721252441,9.57138994320605,9.444986367562741,9.477322322453983,13439600
2011-03-09,9.647818565368652,9.668395785404451,9.539053099268804,9.553750953383748,26197800
2011-03-10,9.539055824279785,9.61548536033566,9.533176456679378,9.61254623722281,21682400
2011-03-11,9.559633255004883,9.594908339988372,9.506720066842286,9.524358170021396,10041400
2011-03-14,9.433228492736816,9.465564450569559,9.368557137758629,9.453805716562272,37921200
2011-03-15,9.253911018371582,9.303884512717726,9.221575623691551,9.259790384926953,28467800
2011-03-16,9.109869956970215,9.262730124210583,9.036379556645493,9.23921321853416,30599600
2011-03-17,9.121626853942871,9.200996044194014,9.051076151115662,9.195117239473772,24023200
2011-03-18,9.167049407958984,9.247201856267202,9.128457802967793,9.22345304560732,18186600
2011-03-21,9.27391529083252,9.303601432753,9.22938636105983,9.265009278391556,10172400
2011-03-22,9.288761138916016,9.333290080644645,9.250168974192649,9.288761138916016,14535200
2011-03-23,9.282822608947754,9.303602741350097,9.226418987987003,9.279853937716542,11242400
2011-03-24,9.321413040161133,9.345161840833265,9.259072650727811,9.345161840833265,12390800
2011-03-25,9.318448066711426,9.360008909040388,9.30954261681088,9.321416738750372,6790400
2011-03-28,9.28579044342041,9.374848307467055,9.28579044342041,9.324382033516333,9175800
2011-03-29,9.377819061279297,9.386725076148457,9.265011804468138,9.2917292828594,10875200
2011-03-30,9.484687805175781,9.520310727826907,9.40156670862958,9.425315512469046,11194800
2011-03-31,9.460939407348633,9.4906249887598,9.440158707658178,9.481719540822917,10989600
2011-04-01,9.53515338897705,9.544059968843632,9.484687676939629,9.526247941542747,12332800
2011-04-04,9.529213905334473,9.558900610832026,9.496559661719186,9.558900610832026,7944600
2011-04-05,9.490622520446777,9.53515144719865,9.484685745438277,9.52624600157789,8041000
2011-04-06,9.558902740478516,9.57671363531315,9.505467791110066,9.535153370789304,7532400
2011-04-07,9.520308494567871,9.558900645639207,9.484685580273114,9.544057859052394,10674000
2011-04-08,9.493596076965332,9.570780420175225,9.452035799436604,9.564843075895032,11903200
2011-04-11,9.368911743164062,9.493593102907635,9.34813161090949,9.475781641863165,18690200
2011-04-12,9.345163345336914,9.38969228298899,9.306571750362759,9.345163345336914,17059400
2011-04-13,9.368911743164062,9.446095495978287,9.368911743164062,9.380786428004468,10589000
2011-04-14,9.425317764282227,9.446097901829345,9.321416510330346,9.327353854262746,11559000
2011-04-15,9.529213905334473,9.558900610832026,9.440156053705856,9.452030735904877,14303400
2011-04-18,9.446096420288086,9.502499480150695,9.389692794209283,9.472813897577192,14290800
2011-04-19,9.449064254760742,9.466875715970287,9.419378108600739,9.463907044732672,11314200
2011-04-20,9.570778846740723,9.579684295480645,9.511406546132209,9.526249338176227,11726000
2011-04-21,9.570778846740723,9.579684295480645,9.535154786916149,9.567809608872453,8090800
2011-04-25,9.582653999328613,9.600466032211996,9.549999171925398,9.5796858933977,5010600
2011-04-26,9.659834861755371,9.671709546065191,9.588587888328671,9.588587888328671,10600000
2011-04-27,9.737021446228027,9.754833478914835,9.665775580346043,9.689523824829164,12214600
2011-04-28,9.823107719421387,9.832013166357788,9.725143273392124,9.731080615493795,13518800
2011-04-29,9.843889236450195,9.849826579387766,9.78451693950686,9.814203654194714,17452400
2011-05-02,9.846857070922852,9.891386575513925,9.832014280203275,9.861700994074772,11099600
2011-05-03,9.909196853637695,9.977474584834155,9.814201650891999,9.849824568813599,32839800
2011-05-04,9.897323608398438,9.924041083830076,9.834983209868717,9.909198293575235,17286400
2011-05-05,9.826077461242676,9.891387102809185,9.784517192039408,9.885449759718375,11400000
2011-05-06,9.882479667663574,9.95669474273026,9.843887511547889,9.92403992851177,11475000
2011-05-09,9.903258323669434,9.912163768973278,9.829043259652046,9.870603514312663,7834600
2011-05-10,10.045758247375488,10.069506495867584,9.929982846448588,9.947793749709458,17104800
2011-05-11,10.013096809387207,10.045751620400846,9.9596618699889,10.045751620400846,8195800
2011-05-12,10.114032745361328,10.12293819410941,9.995288144035477,10.013100173964087,11752600
2011-05-13,10.066534996032715,10.143718193154536,10.013100039397441,10.137781982357222,13820200
2011-05-16,10.078409194946289,10.1674670742194,10.057629060863643,10.090283880831338,16215400
2011-05-17,10.152623176574707,10.155591281506297,10.05169062241689,10.05169062241689,17104400
2011-05-18,10.11996841430664,10.161528678164746,10.063565360846678,10.146685888562887,10899400
2011-05-19,10.14371395111084,10.164495209940556,10.096216357568537,10.12293382471308,6387600
2011-05-20,10.131845474243164,10.182311197206978,10.087315962565956,10.134813579886467,8945600
2011-05-23,10.013096809387207,10.11996668818382,10.010128704945997,10.039814279086361,12000000
2011-05-24,10.004191398620605,10.057626338205798,9.995284820401693,10.016066081291108,8917200
2011-05-25,9.983413696289062,10.030911306081666,9.900292029827746,9.98044445868383,12491000
2011-05-26,9.980445861816406,9.995288654632251,9.903262659714507,9.95966572538772,7598600
2011-05-27,9.980445861816406,10.036850059922122,9.962634963410393,9.998257892654921,9001800
2011-05-31,10.05466365814209,10.07247569376338,9.99529133850393,10.066538348556284,12757400
2011-06-01,9.950760841369629,10.051693423655667,9.94779160317831,10.045756079705598,14331600
2011-06-02,9.921070098876953,9.944819465047464,9.852792369784899,9.941851360492205,12404600
2011-06-03,9.852794647216797,9.909198838693296,9.79045424525765,9.82904640798909,12185800
2011-06-06,9.808265686035156,9.852794056579942,9.778578973239663,9.834983161334948,10595000
2011-06-07,9.820141792297363,9.912167784200387,9.817172554371963,9.84685813903117,20259800
2011-06-08,9.843889236450195,9.870606713453077,9.7993597306346,9.834983788260026,16019400
2011-06-09,9.852794647216797,9.894356047621933,9.805297036329012,9.861701227805511,11380200
2011-06-10,9.787484169006348,9.849824558411347,9.787484169006348,9.823107086890328,16675400
2011-06-13,9.832013130187988,9.867637182666966,9.778578183901733,9.820139578460541,10379400
2011-06-14,9.87060546875,9.915134968950335,9.808265074415313,9.915134968950335,14234000
2011-06-15,9.748895645141602,9.88248305250296,9.72217816366933,9.823110745627627,15316400
2011-06-16,9.826077461242676,9.864669625116742,9.763737057437774,9.772642505857787,16501800
2011-06-17,9.893254280090332,9.947232787493384,9.86926281548809,9.929240333017699,15256400
2011-06-20,9.950234413146973,9.953232774873264,9.827280990796684,9.86926491882221,8390200
2011-06-21,9.956230163574219,10.004211948826162,9.923242471718009,9.989217855430429,10242400
2011-06-22,9.890254974365234,9.953230854251405,9.875260880674626,9.938236760560796,10220000
2011-06-23,9.806283950805664,9.833273768276646,9.72531449839272,9.824276399802553,19106000
2011-06-24,9.836275100708008,9.914246216507456,9.824279368434864,9.830277234571437,10382000
2011-06-27,9.908247947692871,9.926240401395368,9.845272071782233,9.845272071782233,7287600
2011-06-28,9.953230857849121,9.977222322943582,9.902250710487419,9.911246937909832,11499000
2011-06-29,10.019205093383789,10.022203454188586,9.950231355114566,9.986217404651576,11853800
2011-06-30,10.04019546508789,10.04919169005721,9.962225512743807,10.043194969394802,8926000
2011-07-01,10.160152435302734,10.175146527810663,10.028201675690743,10.040197407287458,18167800
2011-07-05,10.100172996520996,10.16614836375417,10.08517890687047,10.157150994783285,11913200
2011-07-06,10.121164321899414,10.151152499337007,10.055188958765939,10.09117614446182,8085400
2011-07-07,10.163150787353516,10.193140116319155,10.112170644075823,10.190140611434627,15664600
2011-07-08,10.124167442321777,10.13616317652733,10.064191059246372,10.109173346552925,11853800
2011-07-11,10.016205787658691,10.058189698820458,9.971222371999211,10.055190194322744,14947800
2011-07-12,10.061189651489258,10.121167167201198,9.974222310905743,9.99521541378449,12162800
2011-07-13,10.034194946289062,10.121162244574316,10.016202501109634,10.10017029588138,8916800
2011-07-14,9.989217758178711,10.082181822712785,9.977222025988512,10.040197904023076,14800200
2011-07-15,10.004207611083984,10.034195784872825,9.950227983083671,9.998209747531117,12068800
2011-07-18,9.908247947692871,9.995215287174767,9.88725598905599,9.983219555389137,13073400
2011-07-19,9.995217323303223,10.010211419101738,9.863266534733455,9.938238157702212,16034400
2011-07-20,10.055191040039062,10.09117823318375,9.97422157142733,10.001211394297908,7255200
2011-07-21,10.205132484436035,10.223126077902029,10.09117649107845,10.09117649107845,15102200
2011-07-22,10.14216136932373,10.229128729142486,10.127167273073377,10.229128729142486,8860800
2011-07-25,10.178146362304688,10.214133562305022,10.073186555577282,10.073186555577282,9771000
2011-07-26,10.14216136932373,10.193142669346393,10.118171044118409,10.193142669346393,9646200
2011-07-27,10.112168312072754,10.16614794778654,10.0911763586258,10.124162896916967,27637000
2011-07-28,10.0491943359375,10.115169720351904,10.037199747478889,10.109171854134594,11278200
2011-07-29,9.94723129272461,10.034198622875175,9.920242615066666,9.962226527835677,20401200
2011-08-01,9.977219581604004,10.04919166916031,9.905246350071993,10.040195444209697,15103200
2011-08-02,9.806283950805664,9.959225487157461,9.806283950805664,9.935235173836393,18738600
2011-08-03,9.806283950805664,9.824276399802553,9.6803310879492,9.818279679454022,25965000
2011-08-04,9.485406875610352,9.776296486750228,9.485406875610352,9.722316841551752,34056200
2011-08-05,9.56337833404541,9.64434780966094,9.386445289695022,9.566377267066873,43934800
2011-08-08,9.056567192077637,9.512393968763934,9.020580581608519,9.428426164315606,35656000
2011-08-09,9.353456497192383,9.371449520114394,8.83165425655096,9.236500418229593,49460800
2011-08-10,9.176525115966797,9.416434037539425,9.140538491736908,9.23650206036596,33671400
2011-08-11,9.56337833404541,9.659341902780268,9.203514951289696,9.203514951289696,34933000
2011-08-12,9.506400108337402,9.677335282792168,9.461416686017326,9.629353499506196,19407600
2011-08-15,9.830276489257812,9.851268447156247,9.569375623965906,9.587368649023428,55671000
2011-08-16,9.818279266357422,9.848267442740939,9.704322136943976,9.755302265591077,22603800
2011-08-17,9.890254974365234,9.983220185608644,9.854268920712569,9.872261375550892,27987200
2011-08-18,9.773299217224121,9.803287403915604,9.623355995814714,9.743311030532636,45013800
2011-08-19,9.713318824768066,9.797286637830934,9.650342964970916,9.692326871502349,30334600
2011-08-22,9.68932819366455,9.860263318353404,9.635348560186427,9.860263318353404,39636600
2011-08-23,9.863259315490723,9.866258818840699,9.629348389107651,9.75530007439843,31455000
2011-08-24,10.076181411743164,10.076181411743164,9.842270412991574,9.845269917269553,28604800
2011-08-25,9.911245346069336,10.109170325405932,9.863263567562763,10.109170325405932,28569800
2011-08-26,9.89625072479248,9.950230365718502,9.668337575085996,9.86926090432947,25043800
2011-08-29,10.091178894042969,10.100175120930356,9.983219595490533,9.998213688294827,29714200
2011-08-30,10.097175598144531,10.136161154547576,10.037199227033321,10.082181505366728,15509200
2011-08-31,10.163150787353516,10.193140116319155,10.109171139191295,10.133162602363806,19287400
2011-09-01,10.097175598144531,10.22013013325998,10.09417723717935,10.178145071915804,21342400
2011-09-02,9.983216285705566,10.04919050096689,9.95922482999194,9.968222197872336,17825000
2011-09-06,9.935236930847168,9.944233156936562,9.71631999219038,9.785293728152723,23133200
2011-09-07,10.046195983886719,10.05819171633217,9.962228144720587,10.016207796749104,15139200
2011-09-08,10.04019546508789,10.136159011346322,9.989215331627472,10.022201871173545,13686600
2011-09-09,9.836275100708008,9.974222589921194,9.776297583318279,9.974222589921194,28151000
2011-09-12,9.917242050170898,9.920241554462756,9.746306912757515,9.785292460721742,15300800
2011-09-13,9.983216285705566,9.983216285705566,9.84526884727894,9.947229102135127,14349600
2011-09-14,10.052192687988281,10.133162156670279,9.905247842459644,10.02520286509428,14049400
2011-09-15,10.178146362304688,10.2081356956383,10.076184916922594,10.151156534292484,11822000
2011-09-16,10.294173240661621,10.3214386077866,10.188141899428334,10.188141899428334,16131200
2011-09-19,10.236615180969238,10.275997596529079,10.148759966587814,10.182084437950087,14561200
2011-09-20,10.385056495666504,10.518354347911318,10.266906967107579,10.321437696543212,36418400
2011-09-21,10.194199562072754,10.442616802810413,10.194199562072754,10.385055949403416,27544400
2011-09-22,10.021523475646973,10.063936023781142,9.915490949656283,10.027581420533057,55260200
2011-09-23,10.12149429321289,10.169965934933716,9.979108340058861,9.994256667066384,24045600
2011-09-26,10.203288078308105,10.215406274888371,10.097256747367856,10.160875545932006,21931800
2011-09-27,10.239646911621094,10.348708427040485,10.194205383966642,10.336590224070454,18339800
2011-09-28,10.136641502380371,10.306292826863698,10.124523302991184,10.288115527779917,25067200
2011-09-29,10.300233840942383,10.321440112280149,10.185113256783712,10.266909370081574,24466000
2011-09-30,10.185113906860352,10.312352698663227,10.18208493461382,10.209350307453352,20919400
2011-10-03,9.942754745483398,10.26388008925268,9.942754745483398,10.17905385079839,30663400
2011-10-04,9.894281387329102,9.915487654348507,9.67615904077993,9.900340485856772,44542200
2011-10-05,9.900341033935547,9.93972459871822,9.76098522704909,9.897310906676525,26162600
2011-10-06,10.0760498046875,10.0760498046875,9.900340568537187,9.912458765693728,24385600
2011-10-07,10.118463516235352,10.185111289428173,10.054843558855765,10.094227121870768,21216000
2011-10-10,10.315380096435547,10.321439195658975,10.19723055071624,10.19723055071624,13584400
2011-10-11,10.221464157104492,10.291142045669016,10.163903308023805,10.272964752961215,24194800
2011-10-12,10.19722843170166,10.260847226844957,10.172993195499116,10.260847226844957,12906000
2011-10-13,10.19722843170166,10.215405725594646,10.076048783724627,10.166934097534787,15607800
2011-10-14,10.294173240661621,10.297203367928255,10.209348167674992,10.236613534799972,19249600
2011-10-17,10.251761436462402,10.303262047124472,10.23055516670096,10.23055516670096,9453800
2011-10-18,10.324470520019531,10.385059207967862,10.179054433109128,10.215409032664303,21847200
2011-10-19,10.333558082580566,10.478973006666083,10.312351811713205,10.31841091134032,17596400
2011-10-20,10.391119003295898,10.433531549960152,10.321441082968164,10.330529155637583,11313000
2011-10-21,10.566827774047852,10.572886873420531,10.469884495395076,10.469884495395076,14989000
2011-10-24,10.521385192871094,10.588034130862136,10.494119823297945,10.588034130862136,17131200
2011-10-25,10.403234481811523,10.524414145419854,10.382028214028303,10.497148778890725,19350400
2011-10-26,10.445651054382324,10.51230001069069,10.38809132753306,10.48503463362412,16727000
2011-10-27,10.694064140319824,10.745565901122886,10.603179971693432,10.624386239184428,26382000
2011-10-28,10.606209754943848,10.68800585966434,10.551680174118513,10.68800585966434,23863600
2011-10-31,10.557738304138184,10.657711708003582,10.542591133882672,10.55168036055999,11419200
2011-11-01,10.336585998535156,10.48200090776444,10.315379729834321,10.406263903645753,24401600
2011-11-02,10.518351554870605,10.59711750110945,10.466849810455004,10.4698799366495,19180600
2011-11-03,10.645594596862793,10.678919068221639,10.533504138737236,10.548651310539856,20836600
2011-11-04,10.597122192382812,10.615299490633143,10.46988457159564,10.58803412108517,11266200
2011-11-07,10.654685974121094,10.663775204546441,10.530477277759237,10.606214315922697,10075400
2011-11-08,10.724356651306152,10.724356651306152,10.584999732134081,10.678914001802605,12198800
2011-11-09,10.491090774536133,10.621358522024911,10.469884504540754,10.597122124513028,16048600
2011-11-10,10.56076431274414,10.609235932050211,10.488056305957755,10.575911477092058,15039800
2011-11-11,10.712242126464844,10.712242126464844,10.642564220840308,10.654681263290895,8331800
2011-11-14,10.585003852844238,10.715271599435692,10.575915781667405,10.694065329586389,16030800
2011-11-15,10.60318374633789,10.63953719559899,10.548652994618585,10.597124645518488,8627000
2011-11-16,10.475944519042969,10.603182150130062,10.469885419135705,10.554710506527101,11491800
2011-11-17,10.421411514282227,10.52138375192211,10.33961541676511,10.478971217429137,11298800
2011-11-18,10.494120597839355,10.521385969424884,10.439589854668297,10.47594445388576,9660000
2011-11-21,10.363853454589844,10.424443301224814,10.288116435209933,10.424443301224814,13822800
2011-11-22,10.236615180969238,10.372942038517115,10.209349809459663,10.372942038517115,31777400
2011-11-23,10.0760498046875,10.182082296324916,10.051814566029304,10.166935127706681,12543400
2011-11-25,10.127552032470703,10.182082766538512,10.054844001828643,10.054844001828643,5379400
2011-11-28,10.254788398742676,10.33658448993148,10.20631676940725,10.297202085609124,9731200
2011-11-29,10.366878509521484,10.40323193745091,10.275993206215963,10.275993206215963,9463600
2011-11-30,10.66679859161377,10.66679859161377,10.542589960297276,10.59106159311213,14404800
2011-12-01,10.636502265930176,10.697092084534908,10.612265876226415,10.65164943166769,11371000
2011-12-02,10.52744197845459,10.70012222924592,10.512294811055398,10.70012222924592,23552400
2011-12-05,10.609234809875488,10.684971779258676,10.557733069754612,10.684971779258676,14345800
2011-12-06,10.639534950256348,10.6970958180655,10.591063309585785,10.633475850715643,10746200
2011-12-07,10.62438678741455,10.663770352925022,10.551679911023644,10.62438678741455,10555400
2011-12-08,10.469882011413574,10.603178699022715,10.445645619672948,10.585001405217247,13805200
2011-12-09,10.60318374633789,10.6274201496155,10.500181343718682,10.518358646176889,22978600
2011-12-12,10.512295722961426,10.588032722182106,10.436558723740745,10.545620187523308,20289200
2011-12-13,10.551679611206055,10.672858120299363,10.527443215994435,10.557737554354029,13740800
2011-12-14,10.485031127929688,10.594092599731017,10.47594305716457,10.542590835533732,12214400
2011-12-15,10.61226749420166,10.645591957297736,10.539560625314628,10.539560625314628,18288600
2011-12-16,10.581024169921875,10.697432971784758,10.559580381757723,10.691307176822553,15535200
2011-12-19,10.501370429992676,10.654540949303412,10.482990715578312,10.63616123488905,13418800
2011-12-20,10.725000381469727,10.737254304773288,10.584083769274102,10.584083769274102,13089800
2011-12-21,10.88430118560791,10.896555112634594,10.737257567084107,10.737257567084107,19344600
2011-12-22,10.896553039550781,10.921060888941497,10.865919396410963,10.914933926593818,8170800
2011-12-23,10.967009544372559,11.01602406646926,10.93024894494963,10.933311841318881,6438200
2011-12-27,11.0558500289917,11.077293811889447,10.96088387001702,10.976201859457,6485600
2011-12-28,11.016027450561523,11.09873970112087,10.997647729503054,11.09873970112087,6305200
2011-12-29,11.101799964904785,11.101799964904785,11.025214703793296,11.034404561175204,7925000
2011-12-30,11.022153854370117,11.110993063639654,11.01602689146201,11.107928997886258,8185600
2012-01-03,10.826093673706055,11.104864006151011,10.792395968366808,11.083420224316665,38369800
2012-01-04,10.7648286819458,10.859794866709843,10.761765784385146,10.795463500546543,11550200
2012-01-05,10.786271095275879,10.819968807140375,10.694368988390053,10.75257338341138,24220000
2012-01-06,10.72806453704834,10.813839663699593,10.715810613641459,10.80464980544366,14611000
2012-01-09,10.743382453918457,10.783207124757732,10.694367923884954,10.761763340905487,9054600
2012-01-10,10.758698463439941,10.835283733874506,10.74950860493931,10.81996691350729,9017200
2012-01-11,10.709683418273926,10.764824903803355,10.69130370216307,10.752570980663831,12326000
2012-01-12,10.694367408752441,10.774015577995879,10.660669701865347,10.725001050323336,12015200
2012-01-13,10.688243865966797,10.688243865966797,10.605531604946897,10.66680007628744,12033800
2012-01-17,10.679049491882324,10.798522317784192,10.654541646262249,10.74950779514244,13276400
2012-01-18,10.67598819732666,10.694369086311603,10.617783801772392,10.685179226118484,11886400
2012-01-19,10.587146759033203,10.694365655552733,10.577955733189867,10.685175798307723,15258200
2012-01-20,10.602468490600586,10.617785315973018,10.553453948249482,10.587151665228154,12673600
2012-01-23,10.64535140991211,10.706619853185233,10.584082966638988,10.58714703153174,48796000
2012-01-24,10.559576988220215,10.605527447262498,10.538133206947462,10.59327469267695,9992800
2012-01-25,10.734195709228516,10.749512535195898,10.458488167419992,10.541200429962549,25864600
2012-01-26,10.770953178405762,10.804650886848156,10.70355776152097,10.755636356913374,14701000
2012-01-27,10.639226913452148,10.743382940566164,10.599402240808917,10.743382940566164,16195600
2012-01-30,10.5718355178833,10.599406275809123,10.507504138922735,10.599406275809123,18950200
2012-01-31,10.62391185760498,10.626974755118187,10.556516426326203,10.596341105590827,14719800
2012-02-01,10.660664558410645,10.685172394721869,10.626966867781686,10.648410640255031,16393000
2012-02-02,10.642290115356445,10.709684361361662,10.620845163674634,10.672923757304403,16077200
2012-02-03,10.669861793518066,10.715812260457898,10.605529270044487,10.654543802606154,18463000
2012-02-06,10.62391185760498,10.660672470757577,10.596341105590827,10.65454550713234,12154000
2012-02-07,10.700492858886719,10.73419056101258,10.568766115266541,10.617780636013698,13857800
2012-02-08,10.712751388549805,10.72500414755748,10.639228991509471,10.72500414755748,12836600
2012-02-09,10.682110786437988,10.712745588869206,10.648413088062759,10.694364707410475,13716800
2012-02-10,10.660664558410645,10.679045435644063,10.62083990870388,10.636157890697373,9117200
2012-02-13,10.648417472839355,10.725002757556148,10.639227612624925,10.706623037127288,13429800
2012-02-14,10.651480674743652,10.67905142174949,10.602466143244229,10.645353712231397,11173200
2012-02-15,10.63003921508789,10.688243618785958,10.587151636721014,10.663736931975828,14695200
2012-02-16,10.743382453918457,10.77401609696493,10.623909609999206,10.645353393851453,14764400
2012-02-17,10.737255096435547,10.804650510975785,10.709684351268955,10.764825841602141,9259200
2012-02-21,10.697433471679688,10.761766007777238,10.68211664636079,10.761766007777238,11839400
2012-02-22,10.709683418273926,10.749508084178165,10.669859920968117,10.685176740593308,9135000
2012-02-23,10.700492858886719,10.740317522180769,10.663732260475939,10.721936638676203,9678000
2012-02-24,10.74644660949707,10.780143149691325,10.68517815429178,10.715811797595133,6650400
2012-02-27,10.743382453918457,10.758699275441694,10.682113999226935,10.734192594724231,9379200
2012-02-28,10.691306114196777,10.755637472295241,10.660671299436537,10.740320649214468,13654800
2012-02-29,10.688243865966797,10.740322475615873,10.626975394626253,10.697433727658266,12283400
2012-03-01,10.715810775756836,10.752571377935158,10.67598610838121,10.691304097170777,11064000
2012-03-02,10.709683418273926,10.743381122608403,10.675985713939449,10.718874444927785,9731000
2012-03-05,10.734195709228516,10.755639499302633,10.648419380333134,10.7127519191544,9338000
2012-03-06,10.691306114196777,10.70355887150218,10.630037653274991,10.694369011373455,14676200
2012-03-07,10.697433471679688,10.712751465597448,10.61472238123787,10.712751465597448,12488400
2012-03-08,10.73112678527832,10.752570565645605,10.691303289509584,10.697429082244478,11045800
2012-03-09,10.774019241333008,10.786273169567304,10.69743394276704,10.761766481697629,7781600
2012-03-12,10.896553039550781,10.917996823468368,10.777080195267484,10.801586876059622,16048200
2012-03-13,10.933311462402344,10.942502488388332,10.862853162367614,10.933311462402344,12321600
2012-03-14,10.770953178405762,10.948631579793451,10.758699253772422,10.911869805893437,17269600
2012-03-15,10.761762619018555,10.810777145764217,10.70662113035487,10.792396260010158,12788000
2012-03-16,10.753106117248535,10.762382169242066,10.703638164449465,10.74383124466403,15197600
2012-03-19,10.678905487060547,10.78402504116687,10.678905487060547,10.74383195828263,22928000
2012-03-20,10.691268920898438,10.722185940039484,10.647983442928822,10.672718001768603,13867800
2012-03-21,10.669628143310547,10.728372144896339,10.666536912420803,10.69745393895409,8715400
2012-03-22,10.694365501403809,10.703640375904575,10.626346609973472,10.663448466795076,20501600
2012-03-23,10.697453498840332,10.725279293339069,10.672720114513075,10.703637139774376,10354800
2012-03-26,10.77165699005127,10.802574018123698,10.709821754497394,10.731463910029898,14005400
2012-03-27,10.824214935302734,10.845858267768136,10.75619724544321,10.77474698840086,9208600
2012-03-28,10.734557151794434,10.83040065388674,10.694364068660404,10.821125780628545,13336600
2012-03-29,10.77783489227295,10.784018530476406,10.63252234301267,10.706724822045771,13463000
2012-03-30,10.833494186401367,10.839677829016859,10.77475017125882,10.808759615939403,10740800
2012-04-02,10.889145851135254,10.926246527625452,10.799484801825473,10.830401835665764,24147800
2012-04-03,10.882959365844727,10.895326647914192,10.808756852836867,10.886050596657626,11515400
2012-04-04,10.867499351501465,10.889141502428469,10.818031409467059,10.824213870238687,15941200
2012-04-05,10.787115097045898,10.839675458076535,10.75310565980413,10.821124534287668,9394800
2012-04-09,10.731467247009277,10.756201820685721,10.700550209323112,10.716008728166194,10053000
2012-04-10,10.592330932617188,10.709817717947667,10.564505146075984,10.685084340693585,15282400
2012-04-11,10.6170654296875,10.660349724195628,10.592330873163673,10.657258494334434,9841800
2012-04-12,10.651079177856445,10.651079177856444,10.570693015938511,10.632528252934833,11687800
2012-04-13,10.61397933959961,10.712915254787067,10.607795697474252,10.632529086566546,10694800
2012-04-16,10.71291446685791,10.750015137472188,10.623253431748443,10.64489558789086,14579000
2012-04-17,10.768567085266113,10.787116832630552,10.660355114867171,10.768567085266113,11185600
2012-04-18,10.750015258789062,10.79948321330271,10.719097050087367,10.756198900529402,7177000
2012-04-19,10.722187995910645,10.765472302770908,10.681994919793725,10.740738918597431,10031400
2012-04-20,10.827311515808105,10.84586244531999,10.716008297555483,10.743834102118639,15567800
2012-04-23,10.780930519104004,10.790206569896997,10.731462572707255,10.77783928844559,11181000
2012-04-24,10.855137825012207,10.861321468470305,10.768569175417635,10.768569175417635,12486600
2012-04-25,10.910787582397461,10.926246098710775,10.839677463828858,10.886053012768802,12474000
2012-04-26,10.972620010375977,10.988078522721073,10.886050218307428,10.886050218307428,8532000
2012-04-27,11.009721755981445,11.02518026984308,10.957161393561075,10.991170831702078,10086800
2012-04-30,11.025179862976074,11.040638376267237,10.963344630402455,11.003537708486652,14092600
2012-05-01,11.080831527709961,11.11174855449697,10.997354140094275,11.037547218444562,18520800
2012-05-02,11.015901565551758,11.074644369556026,11.000443057067328,11.062277091005043,11011400
2012-05-03,10.98189640045166,11.083923539564482,10.966437885968997,11.006629787742112,11720000
2012-05-04,10.99735164642334,11.049911995333856,10.969525856860997,10.969525856860997,13746600
2012-05-07,10.975713729858398,10.991172245708762,10.938613055935695,10.963346445414444,7753200
2012-05-08,10.99425983428955,11.006625933900402,10.923149749040421,10.932424618600722,10825200
2012-05-09,11.000443458557129,11.043727755656743,10.910782454902993,10.92624096395162,10545200
2012-05-10,11.102471351623535,11.142664421536173,11.031361261414236,11.049912181237469,8930000
2012-05-11,11.10865592956543,11.173582385315958,11.07155526619496,11.087013777648586,6259400
2012-05-14,11.096290588378906,11.136483668711538,11.028271710801993,11.0530062769787,10098600
2012-05-15,11.018996238708496,11.108657267107558,10.994262853286425,11.071556599269968,11448800
2012-05-16,11.034455299377441,11.068464738002643,11.003538271214,11.049914992868187,14291600
2012-05-17,10.972620010375977,11.062279853741094,10.969527600261621,11.049913751510353,12689600
2012-05-18,10.95097827911377,11.04991536728907,10.93861217507479,10.994263771181929,13781000
2012-05-21,10.963343620300293,10.981894542185888,10.913875674680895,10.960252389690455,10930600
2012-05-22,11.040639877319336,11.068465676790128,10.99117192041672,11.006630435809576,13908800
2012-05-23,10.98189640045166,11.06537379394891,10.926244804786828,11.018997071091864,11472400
2012-05-24,11.025179862976074,11.087015095549692,10.966437040706067,10.991170426090136,12908400
2012-05-25,11.06228256225586,11.09320077392503,11.02827311912436,11.034456761458195,9711600
2012-05-29,11.096290588378906,11.102474229923082,11.04373140436695,11.102474229923082,8195800
2012-05-30,11.028271675109863,11.142667274193352,11.006629519479803,11.053006241206518,7922000
2012-05-31,11.087015151977539,11.15194161577625,11.009721405719366,11.022088688178828,12034600
2012-06-01,11.040639877319336,11.108658760338855,10.994264331140766,11.003539204494656,22322000
2012-06-04,11.077741622924805,11.090107727474585,11.02518125580406,11.053007055007015,11532400
2012-06-05,11.117929458618164,11.170489806507035,11.04681937098743,11.06846152029206,8597600
2012-06-06,11.272521018981934,11.272521018981934,11.136484433890177,11.167401464326314,17798400
2012-06-07,11.359090805053711,11.368365678284697,11.315805311354525,11.315805311354525,14748200
2012-06-08,11.383821487426758,11.402372408888102,11.29416046947684,11.349812054452043,13459200
2012-06-11,11.37454891204834,11.488943335625336,11.362181628578107,11.439475381153468,14834000
2012-06-12,11.386918067932129,11.396192942355391,11.28488973163922,11.365274728595754,9471600
2012-06-13,11.390007019042969,11.43638374069203,11.312713269233885,11.349813938907719,13327400
2012-06-14,11.467303276062012,11.501312722119275,11.396193152219228,11.408560437950829,11687000
2012-06-15,11.524092674255371,11.545936242185448,11.471043159007202,11.508490295788912,11906600
2012-06-18,11.56778621673584,11.58650979549643,11.477290704971745,11.477290704971745,10345400
2012-06-19,11.542818069458008,11.630192355006516,11.542818069458008,11.598986402749647,11170400
2012-06-20,11.430476188659668,11.555296395589991,11.389909055974407,11.542815208166505,14779400
2012-06-21,11.31190013885498,11.502252304067047,11.299417756457515,11.442961582871844,19179200
2012-06-22,11.315016746520996,11.355583881956187,11.296294368924096,11.34310150330149,6910600
2012-06-25,11.293174743652344,11.3118983142284,11.233885222406135,11.233885222406135,10650000
2012-06-26,11.308778762817383,11.355585905535868,11.274452810592612,11.299416381965399,7963200
2012-06-27,11.436717987060547,11.477283931522622,11.339981339466485,11.368066095839914,10449400
2012-06-28,11.477285385131836,11.477285385131836,11.349343965534562,11.383669915492293,8461600
2012-06-29,11.542818069458008,11.602107593168014,11.474166164878259,11.57714283136252,15240200
2012-07-02,11.61458969116211,11.639553261974179,11.517853027100175,11.580263739708348,23177200
2012-07-03,11.586502075195312,11.639550394091152,11.549054942625855,11.602104451906733,5525200
2012-07-05,11.517852783203125,11.592745874824095,11.508491593144994,11.570902304431584,17703000
2012-07-06,11.49289321899414,11.514736797000662,11.43672367829574,11.464808448644941,10942000
2012-07-09,11.455443382263184,11.492890527549765,11.408636236233122,11.467925764025377,17403000
2012-07-10,11.474164009094238,11.517851143660485,11.458561631089884,11.467922819815469,8059200
2012-07-11,11.533454895019531,11.558419655107306,11.467924185367044,11.49600894527315,8226200
2012-07-12,11.549057006835938,11.577141766090216,11.492888678712635,11.524093437712832,10535200
2012-07-13,11.652039527893066,11.667641913651321,11.558424022957805,11.57402640871606,14127600
2012-07-16,11.645793914794922,11.66451748482884,11.620830345134976,11.639552724783616,10278800
2012-07-17,11.670759201049805,11.705083962081702,11.598986107876328,11.65515563012537,11463200
2012-07-18,11.708203315734863,11.720685694362148,11.623949045578414,11.66139499107512,10879200
2012-07-19,11.730047225952148,11.751890793995702,11.636431764281882,11.73628841544819,10811400
2012-07-20,11.755013465881348,11.78933942072049,11.680121555673628,11.705085128947717,18033000
2012-07-23,11.67699909210205,11.755012184455651,11.639553141080212,11.717566233433812,9031200
2012-07-24,11.57402515411377,11.673881840605203,11.514735618504979,11.661399457197374,20044400
2012-07-25,11.56778621673584,11.63331695681915,11.514737862492922,11.595870989683807,7147800
2012-07-26,11.748773574829102,11.767495957362765,11.639554518379068,11.639554518379068,12253600
2012-07-27,11.886075019836426,11.91727978120453,11.76749478394402,11.76749478394402,10489400
2012-07-30,11.929760932922363,11.964086881122281,11.823663088661354,11.84238665778455,13570400
2012-07-31,11.833027839660645,11.97033167378748,11.829907839060297,11.97033167378748,8384600
2012-08-01,11.742530822753906,12.026498427155392,11.742530822753906,11.857989864441903,31389800
2012-08-02,11.67699909210205,11.751892184531048,11.574022429195663,11.711325043199286,15895200
2012-08-03,11.814299583435059,11.823660770969052,11.73316532352382,11.748768889927126,13638600
2012-08-06,11.786216735839844,11.876712197914816,11.770614357299202,11.86422981892823,12650800
2012-08-07,11.664520263671875,11.823666480525171,11.66139907273002,11.795581713976288,18437600
2012-08-08,11.680121421813965,11.686362612657323,11.608349512693502,11.667639040127249,9829400
2012-08-09,11.680121421813965,11.705084994801961,11.652036658211573,11.664519039898288,9093600
2012-08-10,11.714448928833008,11.733171313459016,11.639555819172198,11.68012296983787,12268000
2012-08-13,11.701958656311035,11.714441031236783,11.661391532994747,11.689476281385286,7597000
2012-08-14,11.689483642578125,11.739411983337591,11.658278875998036,11.723809600047547,13323600
2012-08-15,11.633307456970215,11.686356958278331,11.633307456970213,11.67699458135051,11043800
2012-08-16,11.605226516723633,11.664517225319315,11.592745327363977,11.655154845318009,15764200
2012-08-17,11.57402515411377,11.645797073130387,11.552181578342868,11.645797073130387,12808200
2012-08-20,11.595865249633789,11.595865249633789,11.530334541988724,11.561539300757257,10656400
2012-08-21,11.511611938476562,11.614589793747394,11.511611938476562,11.5927462226994,16145600
2012-08-22,11.49289321899414,11.536580375007182,11.471048450601899,11.4991332209511,11214000
2012-08-23,11.374310493469238,11.496010741954148,11.361828111474514,11.492890741648198,15948800
2012-08-24,11.427358627319336,11.44296100934141,11.3431043359376,11.3431043359376,6554000
2012-08-27,11.45232105255127,11.471043431000883,11.411753915268436,11.421115104493243,8140600
2012-08-28,11.430476188659668,11.455439753891707,11.396150244878683,11.439837376823549,6348200
2012-08-29,11.411758422851562,11.433601999927676,11.383673653698608,11.421119615773991,10777400
2012-08-30,11.35558795928955,11.393033918313828,11.336865574970199,11.393033918313828,4171200
2012-08-31,11.343101501464844,11.396151015546144,11.308776745747704,11.389909826219805,12295800
2012-09-04,11.386786460876465,11.402388834387759,11.3087734029352,11.324375776446495,25937400
2012-09-05,11.336860656738281,11.399270164575313,11.330619467877566,11.383667787616055,7073400
2012-09-06,11.464805603027344,11.467925603231425,11.352466549513613,11.352466549513613,11066000
2012-09-07,11.427358627319336,11.483528154907159,11.408636245047024,11.467925772885085,10229600
2012-09-10,11.414877891540527,11.45856503910022,11.414877891540527,11.430480274185348,7423000
2012-09-11,11.386786460876465,11.42423239538053,11.377424084461854,11.408630021869236,6759400
2012-09-12,11.32126235961914,11.402396662192665,11.308781166472578,11.402396662192665,7674000
2012-09-13,11.480408668518066,11.489769860073226,11.311900078212178,11.311900078212178,16900400
2012-09-14,11.402395248413086,11.492890732222428,11.371189293451865,11.47104596855684,18208200
2012-09-17,11.330625534057617,11.430482228520125,11.315021958359473,11.383673882197083,10366400
2012-09-18,11.296296119689941,11.339983261367124,11.271331358511363,11.339983261367124,20739200
2012-09-19,11.308778762817383,11.346224715069244,11.2775728106197,11.286934001086324,25114200
2012-09-20,11.35558795928955,11.371190343017535,11.296298424968981,11.30253961653729,9522800
2012-09-21,11.362205505371094,11.393741630684941,11.324363357974654,11.393741630684941,15178800
2012-09-24,11.469427108764648,11.488348785905082,11.343286203435984,11.343286203435984,16430400
2012-09-25,11.44420051574707,11.526192051991716,11.441046301095113,11.491502908702683,13455800
2012-09-26,11.469427108764648,11.560880077139633,11.444199408891034,11.463119883051169,12659200
2012-09-27,11.422124862670898,11.49465615480898,11.40635619670062,11.485194714630751,14004200
2012-09-28,11.475739479064941,11.494661164687988,11.365365987049262,11.41582261239655,15932000
2012-10-01,11.422124862670898,11.538805532373003,11.418970648284716,11.488348929016933,14387600
2012-10-02,11.482039451599121,11.500961125264729,11.425275633582375,11.453657542590749,12397000
2012-10-03,11.538808822631836,11.56719074529892,11.49465943247874,11.507273887659812,9406800
2012-10-04,11.605034828186035,11.655491454278897,11.560885430727387,11.560885430727387,13373200
2012-10-05,11.586111068725586,11.652335146185466,11.56718938817397,11.63341346563385,9188600
2012-10-08,11.605034828186035,11.623956514088679,11.538810731998064,11.567192659361602,10853600
2012-10-09,11.582956314086914,11.630259911771521,11.557728610840794,11.582956314086914,10977200
2012-10-10,11.564035415649414,11.617646243512457,11.532500483716243,11.582957096597644,7639400
2012-10-11,11.576650619506836,11.642874702644571,11.551422912922252,11.586112062084098,11852600
2012-10-12,11.510422706604004,11.617643130620346,11.485193805432997,11.605028680034843,8362600
2012-10-15,11.557724952697754,11.567185188048226,11.450504541132112,11.510421369985234,9685600
2012-10-16,11.60187816619873,11.630260084635252,11.557728782626473,11.576649259597167,16713000
2012-10-17,11.74378776550293,11.75955523064823,11.605031185071141,11.630260091688005,19708000
2012-10-18,11.797398567199707,11.800551579351842,11.71540701845763,11.746941951901368,10890200
2012-10-19,11.702792167663574,11.80685840688899,11.683870486449608,11.784783713629643,15678200
2012-10-22,11.67125129699707,11.693327184280253,11.614488682346261,11.690172970534054,9488000
2012-10-23,11.564035415649414,11.620799255513559,11.519886029750758,11.589264323580386,13784200
2012-10-24,11.478891372680664,11.582957615103041,11.472584145415583,11.554575693900466,11551200
2012-10-25,11.535655975341797,11.5451162153726,11.447355990791836,11.5135800769688,11300400
2012-10-26,11.535655975341797,11.567190910764921,11.485198153895718,11.53250176001108,14972200
2012-10-31,11.636565208435059,11.683867595294231,11.5482652542668,11.601876069616843,22139200
2012-11-01,11.513575553894043,11.696481475839992,11.500962306468278,11.683867025434022,16870000
2012-11-02,11.434739112854004,11.573495686472251,11.425278874827459,11.510424626007632,8595200
2012-11-05,11.248680114746094,11.412664390304524,11.232912650419024,11.412664390304524,16572200
2012-11-06,11.254987716674805,11.311751552530911,11.217145560430888,11.261294943212201,16531200
2012-11-07,11.018471717834473,11.22029935044966,10.955401860808914,11.191917433595993,24006200
2012-11-08,10.999549865722656,11.150919669010277,10.996395651477767,11.027931779025351,19347600
2012-11-09,10.933332443237305,11.01532523070465,10.920719186149434,10.974328836970978,19359400
2012-11-12,10.841873168945312,10.939632159885926,10.813491254773455,10.91440446005555,14239800
2012-11-13,10.882866859436035,10.94909211886573,10.800875342352793,10.804028353287475,24911800
2012-11-14,10.807184219360352,10.901790200605571,10.778802304688753,10.895482974791847,20745000
2012-11-15,10.74411392211914,10.870256041331348,10.674735636254384,10.804030767105717,30604200
2012-11-16,10.835566520690918,10.854486995826932,10.696809953798207,10.753573785166976,24675000
2012-11-19,10.8450288772583,10.908099946989257,10.781957807527345,10.870257786342922,33073000
2012-11-20,10.8261079788208,10.867103150023501,10.734654991404533,10.857642910973732,22659400
2012-11-21,10.778800964355469,10.845025022694195,10.674733555840183,10.83556478664014,29878600
2012-11-23,10.750422477722168,10.810339330117769,10.690505625326567,10.778804397905464,7440200
2012-11-26,10.88602352142334,10.936480128586004,10.72519225904332,10.72519225904332,32368000
2012-11-27,10.914406776428223,10.977477843860227,10.876564617161241,10.876564617161241,27325800
2012-11-28,10.958555221557617,10.974322686316286,10.838720324026923,10.879716694783822,21058200
2012-11-29,11.021626472473145,11.03424092568846,10.936480717740473,10.96801564779829,19131600
2012-11-30,11.138306617736816,11.147766855699823,11.018471723956926,11.05000785546764,58126400
2012-12-03,11.068930625915527,11.157230609469162,11.01532099570498,11.147769166564443,25005400
2012-12-04,11.012164115905762,11.097309863562398,10.99955086671914,11.078389388292281,11106600
2012-12-05,11.179306983947754,11.239223850768495,10.990093736178686,11.053164818768375,37338000
2012-12-06,11.172994613647461,11.245525904203856,11.138305474037818,11.138305474037818,12977400
2012-12-07,11.182456970214844,11.223453343249641,11.14461481209531,11.176149743364837,14832600
2012-12-10,11.185615539550781,11.198228795180466,11.147772163718777,11.157233609167271,8722400
2012-12-11,11.210833549499512,11.25813712685223,11.172991409405304,11.188758867529563,12899200
2012-12-12,11.19191837310791,11.283370154664107,11.182456931375501,11.210838850611703,20284400
2012-12-13,11.147765159606934,11.19191573700458,11.106769999350892,11.176147072158162,16719800
2012-12-14,11.103621482849121,11.154078108500132,11.087854012892087,11.154078108500132,12584200
2012-12-17,11.27391242980957,11.277065442436434,11.132002801985042,11.132002801985042,17190000
2012-12-18,11.352749824523926,11.374824519610936,11.251836588988832,11.254989601295266,20221000
2012-12-19,11.267600059509277,11.359053022703161,11.261292834153124,11.349592786159047,13614600
2012-12-20,11.302292823791504,11.318060290750728,11.229761513394585,11.270757889873058,19356000
2012-12-21,11.260833740234375,11.302291610540044,11.184293981144021,11.232131482645267,17338200
2012-12-24,11.212994575500488,11.267210483597223,11.161968482528392,11.241696828832167,11731600
2012-12-26,11.117316246032715,11.257637640045868,11.10774923769654,11.228935398479823,11601400
2012-12-27,11.098182678222656,11.139641748163395,10.980185096991926,11.094994080484616,35448000
2012-12-28,10.986565589904785,11.126887031552087,10.983375775004884,11.05672570244947,17018400
2012-12-31,11.136456489562988,11.152403134449742,10.913218059846843,10.967432759475564,32625000
2013-01-02,11.340560913085938,11.362884753704451,11.25445414931821,11.276777989936724,25591200
2013-01-03,11.340560913085938,11.382018779058564,11.308668843232294,11.340560913085938,16283000
2013-01-04,11.397966384887695,11.40753339837274,11.33418345635165,11.340561870861071,12358600
2013-01-07,11.286345481872559,11.391587492021426,11.260833041464368,11.362885236213382,16739200
2013-01-08,11.251263618469238,11.283155686294533,11.206615940071819,11.267210260660883,12853200
2013-01-09,11.228940963745117,11.276778462250157,11.190671694875958,11.270400048012277,15160800
2013-01-10,11.276778221130371,11.283156635231867,11.22894072364819,11.251264564724382,12603000
2013-01-11,11.28953742980957,11.308671459590506,11.254456753133384,11.260835168579813,16221000
2013-01-14,11.267215728759766,11.305485012164613,11.254458895438622,11.273592928861753,11288000
2013-01-15,11.299100875854492,11.305479289286287,11.225750946225816,11.254453198389905,12496600
2013-01-16,11.244888305664062,11.295914411696907,11.235321290957383,11.27040196695965,9441200
2013-01-17,11.28953742980957,11.330995305373833,11.254456753133384,11.283159014363141,11062600
2013-01-18,11.378832817077637,11.388399831971581,11.28634761790833,11.315049879148518,13333400
2013-01-22,11.474508285522461,11.490453718185616,11.353320807477134,11.359699223854102,13349200
2013-01-23,11.445802688598633,11.474504945661415,11.391587990012367,11.433045859557803,12347200
2013-01-24,11.49682903289795,11.531909705227791,11.455369945911938,11.468126775224281,12679200
2013-01-25,11.554232597351074,11.56379961026888,11.448991805580897,11.509584914990509,16063000
2013-01-28,11.547855377197266,11.576557635476425,11.48407244584822,11.560612206778721,15416200
2013-01-29,11.627580642700195,11.640337468886571,11.519150053231813,11.519150053231813,17423600
2013-01-30,11.637146949768066,11.66265938137178,11.60206629182497,11.61163330160665,16399600
2013-01-31,11.665854454040527,11.691366897143944,11.586126092435194,11.586126092435194,13664600
2013-02-01,11.697744369506836,11.739203454837332,11.684987540703892,11.704122783908309,14225600
2013-02-04,11.618013381958008,11.6786064802058,11.614823567200931,11.6786064802058,12590400
2013-02-05,11.649907112121582,11.713690040904995,11.646718513133592,11.672230954712049,12824200
2013-02-06,11.684988021850586,11.688177837461744,11.573368806624114,11.637151736707043,14998600
2013-02-07,11.700934410095215,11.771095760597808,11.653098121027515,11.69774581078069,16087400
2013-02-08,11.700934410095215,11.713691240469924,11.643529889967333,11.713691240469924,9686200
2013-02-11,11.729634284973145,11.739202514087657,11.684986604298942,11.707310444636043,9646000
2013-02-12,11.780660629272461,11.787039043297996,11.71050050810772,11.72325611960071,10411600
2013-02-13,11.780660629272461,11.828498126184947,11.748769775702858,11.793417457323534,9484000
2013-02-14,11.684988021850586,11.767906195925853,11.649907349477065,11.729635707941174,20507600
2013-02-15,11.710504531860352,11.729638563953372,11.684990866991658,11.707314715472515,10485000
2013-02-19,11.812554359436035,11.831688387643498,11.69774532395825,11.69774532395825,18934000
2013-02-20,11.790225982666016,11.889088334551694,11.78703616815228,11.818928230500713,16345600
2013-02-21,11.739203453063965,11.806174979432077,11.729635223184124,11.761527295186669,18075800
2013-02-22,11.857197761535645,11.863576174152067,11.751955778201406,11.780658026696397,12183000
2013-02-25,11.751959800720215,11.981577867274948,11.73920418767913,11.889092677517267,19625000
2013-02-26,11.787039756774902,11.85082268433301,11.732825059113313,11.764715914613289,19338400
2013-02-27,11.895467758178711,11.930548421465076,11.793415583104498,11.799793996116371,12015400
2013-02-28,11.936935424804688,11.984772948540723,11.876342282423304,11.911421754396464,17955200
2013-03-01,11.959251403808594,11.965629817210914,11.838063982280437,11.892279887921177,11437000
2013-03-04,12.080440521240234,12.09638594870554,11.92736222776866,11.940117839806023,15280600
2013-03-05,12.144227027893066,12.176117892225408,12.093199698467734,12.105956530824066,11628000
2013-03-06,12.137842178344727,12.179300036691334,12.102761516237715,12.166544427654296,10835200
2013-03-07,12.083630561828613,12.16973734028457,12.080441962578368,12.137846481549007,16005800
2013-03-08,12.109143257141113,12.131467099788777,12.01984666999227,12.118710270687775,22876800
2013-03-11,12.137842178344727,12.156976200179209,12.08681609252303,12.1155183418326,6522600
2013-03-12,12.105951309204102,12.163355813489014,12.06449344676564,12.163355813489014,10055800
2013-03-13,12.160168647766113,12.166547061944605,12.074061881193643,12.074061881193643,9278200
2013-03-14,12.185678482055664,12.192056894870154,12.13146379796928,12.147409221726578,14657400
2013-03-15,12.265780448913574,12.275430551989457,12.146756784399038,12.18535965095056,26305400
2013-03-18,12.198226928710938,12.252913713387564,12.178926721162547,12.198226928710938,10046200
2013-03-19,12.230396270751953,12.272215433285542,12.169276900221409,12.204661023923865,15577400
2013-03-20,12.320467948913574,12.339769385238602,12.246480950353913,12.285082595879782,12853400
2013-03-21,12.259347915649414,12.314033474944782,12.243263999805135,12.285081935575434,12010000
2013-03-22,12.278646469116211,12.31403181547949,12.24647864176266,12.288297799021441,4663600
2013-03-25,12.252913475036621,12.362285815138216,12.201444210701991,12.352635711551741,13278000
2013-03-26,12.36871337890625,12.378363477618283,12.272208710415606,12.272208710415606,11751400
2013-03-27,12.426619529724121,12.433053339513854,12.314029699089394,12.323681027335867,10813400
2013-03-28,12.577814102172852,12.59068172618958,12.426623814910876,12.43305762691924,14394400
2013-04-01,12.548860549926758,12.577812085760947,12.516692722166088,12.577812085760947,8508800
2013-04-02,12.590682983398438,12.635718444829715,12.55851514726875,12.59390050328598,16060600
2013-04-03,12.555296897888184,12.642151522941024,12.535996688181477,12.609983688680366,11327200
2013-04-04,12.674318313598633,12.683968416723078,12.577812373858198,12.584246184982494,10543400
2013-04-05,12.729001998901367,12.74830342944088,12.584244337664572,12.616413388563759,14905800
2013-04-08,12.825507164001465,12.83515849318429,12.677533205852697,12.745086374513154,11686400
2013-04-09,12.786903381347656,12.86089034799747,12.777253280909228,12.844806438225538,14806400
2013-04-10,12.88984489440918,12.92201272148468,12.815857910436371,12.819074202294344,9666000
2013-04-11,12.918802261352539,12.950970102949048,12.88663441975603,12.918802261352539,15184000
2013-04-12,12.97348690032959,12.97348690032959,12.86733083194637,12.893066082629925,10673800
2013-04-15,12.786903381347656,12.992780371525166,12.786903381347656,12.922009695980277,21289000
2013-04-16,12.941314697265625,12.941314697265625,12.741871461352446,12.844809984864021,11141000
2013-04-17,12.867325782775879,12.912361226675783,12.780471186487283,12.880193403068368,17785600
2013-04-18,12.909154891967773,12.941322740386179,12.848034261998137,12.876985816424607,12552200
2013-04-19,13.102160453796387,13.105377973934988,12.91558478086228,12.91558478086228,23339200
2013-04-22,13.086073875427246,13.143976954912475,13.015303172251047,13.11502541516986,14002600
2013-04-23,13.118244171142578,13.124677984196337,13.015305616531185,13.105377772159429,23561600
2013-04-24,13.16006088256836,13.211530150253488,13.053906054834593,13.1182417190979,21106000
2013-04-25,13.163274765014648,13.217961542175432,13.115023025651041,13.195443818380966,19908400
2013-04-26,13.182579040527344,13.240482121952546,13.124675959102145,13.124675959102145,11886200
2013-04-29,13.291954040527344,13.311255480557428,13.166497748142858,13.230834654452046,11671600
2013-04-30,13.327338218688965,13.330554511513263,13.250133692538371,13.279085236454305,15636600
2013-05-01,13.195450782775879,13.32412338278121,13.176149340569026,13.308039461171113,20734800
2013-05-02,13.179361343383789,13.224396795886964,13.105374353253712,13.182577635509425,17668800
2013-05-03,13.153624534606934,13.269430671351278,13.131106811031522,13.243695428908579,29973800
2013-05-06,12.97026252746582,13.147187987499912,12.967046236391882,13.137537887154451,29478800
2013-05-07,13.095723152160645,13.095723152160645,12.973484416192674,12.986350811946526,14582400
2013-05-08,12.979914665222168,13.10215460632136,12.938096739078734,13.066769263335502,14345000
2013-05-09,12.783687591552734,13.005648500206334,12.741868442806854,12.992780881034724,39403000
2013-05-10,12.812643051147461,12.822293154924292,12.69361937798751,12.78369151269289,21057600
2013-05-13,12.745086669921875,12.786905825019772,12.700051223104394,12.770821912174087,24650400
2013-05-14,12.831941604614258,12.88662838225648,12.729003087183637,12.754738330103253,24695200
2013-05-15,12.954179763793945,13.044250647315758,12.802988300347684,12.825506021228138,21546800
2013-05-16,12.848029136657715,12.934883765289044,12.82872892615582,12.918799847496041,20111200
2013-05-17,12.97026252746582,12.983130146008863,12.838372505208735,12.86089022409724,18103400
2013-05-20,12.905932426452637,12.992787056457123,12.88341469576158,12.986353243813351,22675400
2013-05-21,12.931659698486328,12.976695132082599,12.838371313394893,12.922008371913176,18028600
2013-05-22,12.712922096252441,13.041039156158599,12.667886637914693,12.899497741812294,49925600
2013-05-23,12.626068115234375,12.677537388402587,12.439491233046931,12.62928440794052,48092600
2013-05-24,12.490954399108887,12.597109175821268,12.449135255738048,12.597109175821268,19937000
2013-05-28,12.346200942993164,12.494174913093193,12.291514163619874,12.416970409014416,48073600
2013-05-29,12.162840843200684,12.281863269998256,12.05025099979854,12.268995648959631,63078200
2013-05-30,12.195008277893066,12.3976690078237,12.18857446757992,12.281862876434765,34267400
2013-05-31,12.121026992797852,12.359071950566367,12.1178094725682,12.159628645682721,57017200
2013-06-03,12.14675521850586,12.236827335057146,11.992347453577157,12.124237496148998,63987600
2013-06-04,12.104936599731445,12.159622143147415,12.021298298229206,12.12745432079964,29119800
2013-06-05,11.998784065246582,12.082422391062753,11.966616233547512,12.079204871618373,30872200
2013-06-06,12.140318870544434,12.146751451688306,11.979477345231635,11.995561252338224,37523400
2013-06-07,12.214313507080078,12.28186669568915,12.111374964306954,12.121025069215614,30750600
2013-06-10,12.21109676361084,12.265783558192837,12.159627488952417,12.256132225546423,19863000
2013-06-11,12.13067626953125,12.236832341609365,12.092074619286633,12.140327602435656,22360000
2013-06-12,12.011649131774902,12.220743674679841,11.9826975985592,12.19179214146414,20184000
2013-06-13,12.207881927490234,12.21753203416382,11.969835736837997,11.982703363819079,33471000
2013-06-14,12.223963737487793,12.288300634162576,12.19179590271252,12.195012195340352,22849000
2013-06-17,12.262564659118652,12.355853092421393,12.204661578249652,12.272215990679596,24857600
2013-06-18,12.346200942993164,12.362284856765088,12.230394800436983,12.288297871715073,23373200
2013-06-19,12.06312084197998,12.36872014873496,12.05990454969006,12.320467174517397,45555000
2013-06-20,11.722134590148926,11.989132217491367,11.696400573957188,11.979482114809958,51298600
2013-06-21,11.875207901000977,11.943455923022043,11.634713277062732,11.813458627961463,40140200
2013-06-24,11.865452766418457,11.956451334105399,11.693207470030769,11.777706051472526,40811000
2013-06-25,12.021453857421875,12.057201933751166,11.855707253753831,11.969455190333981,18957400
2013-06-26,12.174200057983398,12.213199990714381,12.06370272807114,12.092952057746329,22423800
2013-06-27,12.200199127197266,12.317196437402044,12.174199173931312,12.216448478115483,16357200
2013-06-28,12.229448318481445,12.294446961176073,12.112451009580314,12.16119906179179,19521000
2013-07-01,12.076700210571289,12.333444135815546,12.03770152564363,12.226196202582182,25117600
2013-07-02,12.073458671569824,12.161205459662257,12.0247093539659,12.089708030855585,20186200
2013-07-03,12.027952194213867,12.086450847653108,11.98570413097684,12.01495345769646,11410600
2013-07-05,11.992203712463379,12.066951713824217,11.865455807812289,12.066951713824217,27263200
2013-07-08,12.164456367492676,12.19695508684464,12.005209667276024,12.027959018771735,20796200
2013-07-09,12.252201080322266,12.278199800815704,12.180702429409218,12.206702389648996,14982600
2013-07-10,12.320443153381348,12.349692474621598,12.196945881506325,12.229445816076458,17668200
2013-07-11,12.518691062927246,12.52519105121606,12.414693729798243,12.430943080647275,21706400
2013-07-12,12.55768871307373,12.573938062577232,12.43419142530449,12.492690075313819,15647400
2013-07-15,12.762434959411621,12.778684310151807,12.525190967316137,12.554440294546868,24713800
2013-07-16,12.694189071655273,12.775437078729945,12.629190418046296,12.759186485518049,20737000
2013-07-17,12.687691688537598,12.768939712301677,12.635693002918446,12.73643975894817,17620400
2013-07-18,12.798185348510742,12.820934689404613,12.700687996144712,12.707186745189164,15259200
2013-07-19,12.801430702209473,12.840429382957502,12.755932034712487,12.78843072871156,14032400
2013-07-22,12.788432121276855,12.83718140732961,12.775433386109185,12.778682759964642,10515200
2013-07-23,12.820935249328613,12.863184558439269,12.759185972994699,12.788435303956513,9999600
2013-07-24,12.625937461853027,12.817682772577315,12.577189410496937,12.817682772577315,17695200
2013-07-25,12.742935180664062,12.74618579470714,12.619439121439386,12.625937870033518,20812800
2013-07-26,12.788432121276855,12.791682734878155,12.632436141552224,12.703934763830704,14019400
2013-07-29,12.81118392944336,12.863183839130889,12.73643591888666,12.742935907597602,13016800
2013-07-30,12.853431701660156,12.937930305068283,12.814433013796524,12.830682363760877,17715800
2013-07-31,12.75918197631836,12.830680593994657,12.697433959072498,12.801431272194877,32163200
2013-08-01,12.866436004638672,12.882685360067843,12.75918802726272,12.788437362933765,19349600
2013-08-02,12.85018253326416,12.889181221752061,12.77868390458138,12.8729318715276,15608400
2013-08-05,12.765685081481934,12.827434353556333,12.765685081481934,12.804685013238208,11088600
2013-08-06,12.700691223144531,12.775439253608718,12.674691261376251,12.775439253608718,21129800
2013-08-07,12.75918197631836,12.781932550825534,12.60968599367316,12.629185954788268,15427800
2013-08-08,12.807938575744629,12.850187895755992,12.729939926473378,12.768939870982239,15371000
2013-08-09,12.720190048217773,12.827438031680584,12.713690057727927,12.788438088741513,12649400
2013-08-12,12.651934623718262,12.694183917371332,12.60968533006519,12.661683983889855,11240000
2013-08-13,12.583693504333496,12.661690907849996,12.56744290883338,12.642192176844059,19680400
2013-08-14,12.50244140625,12.58043878431582,12.437442764697836,12.557689445734459,17312200
2013-08-15,12.343199729919434,12.456947708036433,12.320450382245326,12.391949040504786,20204800
2013-08-16,12.200199127197266,12.330195174289013,12.135200483778387,12.326945800003774,33884200
2013-08-19,12.096202850341797,12.252198864327209,12.076702883688828,12.206700181883061,24428200
2013-08-20,12.209944725036621,12.307442040230026,12.096198063935251,12.122196769438867,27167000
2013-08-21,12.070201873779297,12.190448558602252,12.018203206849423,12.187199184308016,24639400
2013-08-22,12.13845443725586,12.180703757378447,12.057206412268211,12.102706347648333,16337000
2013-08-23,12.239197731018066,12.271696432625266,12.112451059105599,12.170949713795354,15159200
2013-08-26,12.14820384979248,12.258701202509826,12.135203869532475,12.222951876667986,13152400
2013-08-27,12.141695022583008,12.209943009655635,12.053947079313007,12.070196422938093,18233800
2013-08-28,12.183955192565918,12.226203275785153,12.086456564222306,12.141705869600123,16509800
2013-08-29,12.112451553344727,12.187199561888114,12.08970221334222,12.170950210421474,12186000
2013-08-30,12.122200965881348,12.190448986168152,12.076702285690146,12.125451580035607,15734200
2013-09-03,11.98245620727539,12.229450852749654,11.966206853170933,12.170952186176605,23938400
2013-09-04,11.98245620727539,12.01820553015295,11.87845885331136,11.985706821944033,14636800
2013-09-05,11.933706283569336,12.011703667003378,11.904456954845056,11.962955612293616,17545600
2013-09-06,12.018203735351562,12.09620235904938,11.992205020616336,12.01170374673124,21866800
2013-09-09,12.060453414916992,12.076702767097869,11.975954799982674,12.03445345963071,13015600
2013-09-10,12.154702186584473,12.154702186584473,12.053954212893155,12.099452897867884,16688800
2013-09-11,12.034453392028809,12.161200073972202,11.975954732709381,12.151450710667664,49506000
2013-09-12,12.001951217651367,12.141697836759073,11.988951243840013,12.099448541745044,37638200
2013-09-13,12.092952728271484,12.122202059568478,12.034454065677497,12.034454065677497,20765000
2013-09-16,12.125445365905762,12.307439993400738,12.10269603746889,12.232692022858814,50430600
2013-09-17,12.196950912475586,12.209950891665839,12.125453506421696,12.125453506421696,19447000
2013-09-18,12.560938835144043,12.612937495367387,12.151448301107594,12.174197637471192,59007600
2013-09-19,12.50244140625,12.642188051676063,12.456942729087277,12.593438760575447,40038600
2013-09-20,12.313783645629883,12.523770703285036,12.307221393625461,12.510647450897784,37680400
2013-09-23,12.461432456970215,12.5106487262096,12.2547258784352,12.317066653021318,30776200
2013-09-24,12.454869270324707,12.494242783412343,12.412216508578874,12.467993774687251,23943400
2013-09-25,12.369562149047852,12.500803434135625,12.362999897050225,12.46799342576908,27723800
2013-09-26,12.353156089782715,12.428620103877668,12.307220329722693,12.389246595254791,17135400
2013-09-27,12.274410247802734,12.376123267013543,12.231756239537367,12.333469258748176,15275600
2013-09-30,12.261283874511719,12.29737562587485,12.198944373188946,12.228473874156846,19191600
2013-10-01,12.297379493713379,12.340033508887515,12.254725478539244,12.300661245753833,15713600
2013-10-02,12.310500144958496,12.340029645970278,12.212068892126327,12.25800339333992,19228200
2013-10-03,12.166133880615234,12.290812878216503,12.120198129707088,12.290812878216503,18608000
2013-10-04,12.189107894897461,12.235042419676843,12.149734372267766,12.179263888429071,8914000
2013-10-07,12.13004207611084,12.235035574471523,12.11035532581025,12.139884825450519,10272200
2013-10-08,12.215348243713379,12.310498988212942,12.136603749495317,12.153008748155647,24513200
2013-10-09,12.264569282531738,12.435184088817305,12.208790763351045,12.23503977275882,28637600
2013-10-10,12.4483060836792,12.467992838745179,12.205509029306429,12.333469808181475,23396800
2013-10-11,12.50736141204834,12.530328660380743,12.399087420141456,12.431897417295987,13817200
2013-10-14,12.438458442687988,12.467987937868834,12.264563221968023,12.467987937868834,52681600
2013-10-15,12.264569282531738,12.438464589182448,12.241602025110764,12.438464589182448,23992200
2013-10-16,12.376123428344727,12.382685679826594,12.264567656395965,12.317064416629412,25750200
2013-10-17,12.576263427734375,12.602511173086478,12.27768671945939,12.34002746146013,32164400
2013-10-18,12.609076499938965,12.655011004232584,12.563141995645344,12.618919250395777,21954200
2013-10-21,12.582829475402832,12.62876523854193,12.527052211880566,12.609078482910888,14803800
2013-10-22,12.743605613708496,12.792821892795661,12.589395774082552,12.641892554351942,39260400
2013-10-23,12.753437042236328,12.894522248588192,12.720627053065554,12.720627053065554,28342600
2013-10-24,12.727195739746094,12.799378002762028,12.66157447658675,12.799378002762028,15733200
2013-10-25,12.861717224121094,12.871559974347518,12.664853458243234,12.717350212153063,13100200
2013-10-28,12.835470199584961,12.910934216734674,12.789535689287007,12.855156954693312,19642400
2013-10-29,12.851875305175781,12.88468656395048,12.80266029444605,12.832189801532506,15844000
2013-10-30,12.769844055175781,12.943740529804707,12.756720808405776,12.874838790683217,24635600
2013-10-31,12.723913192749023,12.809221205009507,12.57626692439761,12.723913192749023,33806000
2013-11-01,12.815784454345703,12.855156712198168,12.730476435440266,12.737038687019261,24713800
2013-11-04,12.842034339904785,12.868283350576238,12.730478547794544,12.858439345763584,12430800
2013-11-05,12.750161170959473,12.92733818066866,12.750161170959473,12.825625174734576,21466400
2013-11-06,12.924054145812988,12.930616395193137,12.763283416673188,12.763283416673188,20235400
2013-11-07,12.802657127380371,12.996239125588215,12.779689877730393,12.93718012602506,24793400
2013-11-08,12.779687881469727,12.782968380212477,12.55329466796781,12.710786143282638,39977200
2013-11-11,12.776408195495605,12.848591695709766,12.710788197069542,12.779689946389654,14919400
2013-11-12,12.668136596679688,12.776410615891391,12.605795834095195,12.743600610462748,22484400
2013-11-13,12.730477333068848,12.730477333068848,12.527052526262489,12.589392043226258,19193000
2013-11-14,12.842034339904785,12.88796885695811,12.740322552607198,12.769850812180007,37658600
2013-11-15,12.917497634887695,12.917497634887695,12.796099096477738,12.812504101405302,15583400
2013-11-18,12.901091575622559,12.950307838004719,12.8518753132404,12.94046383455536,24412600
2013-11-19,12.805940628051758,12.891248648135534,12.779692872994731,12.845314138069591,20159200
2013-11-20,12.664855003356934,12.864999293187445,12.651731751994445,12.792817030018528,30488000
2013-11-21,12.694385528564453,12.766569049150892,12.632046011817183,12.674700024129313,15936200
2013-11-22,12.684537887573242,12.723910132890582,12.625478893786676,12.6779756380835,13729800
2013-11-25,12.635323524475098,12.723912028351837,12.632043025052091,12.69438252705959,13934800
2013-11-26,12.51064395904541,12.641885207638271,12.504081708872581,12.622199708741025,23437800
2013-11-27,12.484396934509277,12.540175443996887,12.431900176438173,12.523769190157246,16938600
2013-11-29,12.477838516235352,12.556584303341829,12.445028501720383,12.474558015432583,5887000
2013-12-02,12.425333023071289,12.517203252166325,12.359711788466534,12.494236007797804,14358800
2013-12-03,12.487680435180664,12.507365939951443,12.36300014793873,12.408934661232701,19736400
2013-12-04,12.54345989227295,12.550022145550209,12.389250069311906,12.42206133569821,14787800
2013-12-05,12.441742897033691,12.507364157367537,12.425337894855591,12.484396903993908,19452600
2013-12-06,12.612358093261719,12.638607098917959,12.467992317016835,12.484397319741245,14830600
2013-12-09,12.53689193725586,12.63204268906912,12.484395186534968,12.63204268906912,14483800
2013-12-10,12.412216186523438,12.54345747187874,12.392529430490425,12.540176971684035,19196000
2013-12-11,12.310500144958496,12.412213148803803,12.294095144756684,12.395806896980702,17436000
2013-12-12,12.326902389526367,12.408928623820058,12.303935144053813,12.32034014058835,15514800
2013-12-13,12.307222366333008,12.523771693107667,12.277692855790022,12.343314129399065,12392400
2013-12-16,12.372841835021973,12.45814985375571,12.336750077220893,12.336750077220893,19348400
2013-12-17,12.349869728088379,12.395804219379725,12.29409248912632,12.340026980417667,11379200
2013-12-18,12.513922691345215,12.527047189837685,12.22190948380364,12.356432464298784,38494400
2013-12-19,12.422051429748535,12.48767265856974,12.310495716238739,12.48767265856974,32146400
2013-12-20,12.545089721679688,12.598148467227839,12.435655347412723,12.435655347412723,30735800
2013-12-23,12.495346069335938,12.614728558058928,12.492029186304618,12.614728558058928,33831200
2013-12-24,12.545089721679688,12.578250963264678,12.435655347412723,12.485398474810484,9874400
2013-12-26,12.488710403442383,12.568299130761984,12.465497288186645,12.558349749209594,20616400
2013-12-27,12.5384521484375,12.568297759799274,12.478760925713955,12.478760925713955,25595200
2013-12-30,12.568299293518066,12.594828026288205,12.511923680724154,12.511923680724154,11328800
2013-12-31,12.591514587402344,12.61141082416701,12.54508834825794,12.55835208442767,14043600
2014-01-02,12.399176597595215,12.598147832135536,12.382595977638577,12.574933446171983,40830400
2014-01-03,12.359381675720215,12.432337914582506,12.306322937916757,12.419072913876617,27533600
2014-01-06,12.379274368286133,12.415751208528452,12.32289876969418,12.36269249133464,22472200
2014-01-07,12.488710403442383,12.498658519974867,12.389225443057809,12.429019174207657,17296400
2014-01-08,12.422389030456543,12.478764653210703,12.38922779238008,12.462184034172472,28752800
2014-01-09,12.495346069335938,12.501978570378352,12.4024935847826,12.46550044715519,18738600
2014-01-10,12.67441463470459,12.763951464740146,12.555032194657182,12.574928424651944,53048200
2014-01-13,12.545089721679688,12.677735953039923,12.531824719037582,12.664470950397817,24834000
2014-01-14,12.56166934967041,12.614728091025103,12.521874344889255,12.56498496755875,15348200
2014-01-15,12.5384521484375,12.598143371161045,12.525187151161209,12.551715880694024,11903800
2014-01-16,12.624679565429688,12.627996449219856,12.52187767328325,12.52187767328325,16715000
2014-01-17,12.621362686157227,12.651208312185458,12.591517060128995,12.627995188054655,8632600
2014-01-21,12.760638236999512,12.76727073723685,12.654520763242267,12.66778576371694,11455400
2014-01-22,12.77390193939209,12.813695671752205,12.737423824303674,12.767269439828747,14949400
2014-01-23,12.7374267578125,12.767272380211205,12.66447051083339,12.750691759994199,18847800
2014-01-24,12.594833374023438,12.787172144608167,12.59483337402344,12.714215884728379,30035200
2014-01-27,12.624679565429688,12.677738320887732,12.578253312531462,12.618047062869868,16843600
2014-01-28,12.671098709106445,12.67773120794505,12.608091867669422,12.65783371142924,15803200
2014-01-29,12.664470672607422,12.72416191816732,12.611411928223097,12.618044429398669,22085200
2014-01-30,12.860119819641113,12.876701698372282,12.684363037264418,12.684363037264418,16803800
2014-01-31,12.966241836547852,12.992771839854841,12.730793749789148,12.783852491382943,28027200
2014-02-03,12.863438606262207,13.135364759460693,12.846857990095456,12.992769183390765,41110800
2014-02-04,12.7871675491333,12.926446251554532,12.730791932662799,12.926446251554532,21823800
2014-02-05,12.730793952941895,12.780537077426189,12.687683329390188,12.76063957462843,15622400
2014-02-06,12.82364273071289,12.830275229729091,12.707577160478962,12.750687771574352,21078200
2014-02-07,12.89328384399414,12.903231960399033,12.813695117695337,12.863438229759575,20122000
2014-02-10,12.989453315734863,12.996085815723605,12.810380876118934,12.846858993547002,14652800
2014-02-11,13.112151145935059,13.1552604933277,12.9695555752797,12.9927686900357,20196400
2014-02-12,13.128734588623047,13.151947708377776,13.049145845878153,13.108837086681785,11637800
2014-02-13,13.27132797241211,13.284592971489769,13.069041164047603,13.07567366358643,16418200
2014-02-14,13.357549667358398,13.367499050465934,13.214954071344703,13.241484072937997,14478800
2014-02-18,13.403976440429688,13.44708706223041,13.364182701470641,13.390712704123441,19472400
2014-02-19,13.327705383300781,13.473617876641809,13.297859761028318,13.3940291289085,20743400
2014-02-20,13.43050479888916,13.4769310328278,13.31775483145818,13.324387331309413,19243400
2014-02-21,13.44708251953125,13.569780577800152,13.433817522686036,13.440450021108642,18419400
2014-02-24,13.41392707824707,13.576418932119255,13.407294576963677,13.463668940342112,14203400
2014-02-25,13.397342681884766,13.520040758497862,13.374129566444987,13.440452030547258,13142200
2014-02-26,13.354228019714355,13.47361044293815,13.34096302490737,13.463661064323146,19662000
2014-02-27,13.32107162475586,13.413925365849552,13.277962269447473,13.337653508357665,13822800
2014-02-28,13.41392707824707,13.440455818360372,13.337655211018454,13.344287712301847,17664000
2014-03-03,13.281279563903809,13.400662056796111,13.261383325101939,13.360868314172102,28474400
2014-03-04,13.377446174621582,13.427189291403089,13.34760055755668,13.367498057273284,19471600
2014-03-05,13.287909507751465,13.390711360183268,13.274644507756388,13.357548860195577,18069200
2014-03-06,13.221582412719727,13.34096485229602,13.181788687867531,13.314436124067791,27529000
2014-03-07,13.261381149291992,13.261381149291992,13.105520557474792,13.17184429431318,27624800
2014-03-10,13.228215217590332,13.28127394029611,13.178473376627267,13.221582719124644,21968800
2014-03-11,13.191739082336426,13.264695311355254,13.132047852233732,13.24479781298105,15842000
2014-03-12,13.357549667358398,13.36086655006761,13.171844716285754,13.171844716285754,15596000
2014-03-13,13.49682903289795,13.5266746508253,13.347600943261208,13.367498443552787,42867400
2014-03-14,13.559835433959961,13.602946050643606,13.44376984868092,13.453717965984838,25632400
2014-03-17,13.649375915527344,13.662640918807762,13.516728412763833,13.589684665785798,19267800
2014-03-18,13.629473686218262,13.685849298108378,13.59631245453224,13.656003683582998,15949000
2014-03-19,13.41392707824707,13.656007682499702,13.357551449848362,13.632794560517961,51130200
2014-03-20,13.443769454956055,13.443769454956055,13.281276375304298,13.377445723159012,25207400
2014-03-21,13.545759201049805,13.679511967628617,13.495602870253435,13.515664892347617,27598000
2014-03-24,13.582542419433594,13.639387796462904,13.492259485724235,13.55579262920176,19989000
2014-03-25,13.639382362365723,13.659444378156389,13.50897415748433,13.609288063119207,20895200
2014-03-26,13.582542419433594,13.689544131482977,13.579199173989998,13.659449820246524,15633000
2014-03-27,13.692880630493164,13.702911636508293,13.539065918979881,13.57584669955545,26842600
2014-03-28,13.712945938110352,13.722978222096785,13.636038563870816,13.666132864708946,15402800
2014-03-31,13.863419532775879,13.916920378382143,13.73635582168649,13.789856667292753,17405800
2014-04-01,13.766443252563477,13.87010165682463,13.716286947709568,13.87010165682463,20275600
2014-04-02,13.746380805969238,13.796537109236416,13.689535464927513,13.746380805969238,23314600
2014-04-03,13.7898588180542,13.833327384940912,13.73301344322861,13.7497322209205,10953600
2014-04-04,13.863419532775879,14.01723430444879,13.816606452315495,13.846700757691568,27240200
2014-04-07,13.840010643005371,13.990482144341033,13.833322878994835,13.853386171026443,26768800
2014-04-08,14.037297248840332,14.057360543776227,13.746386487853949,13.84335716670299,23726400
2014-04-09,14.007200241088867,14.067388838720532,13.860073266633961,14.023919012528664,36243400
2014-04-10,13.953701972961426,14.117549024544934,13.906888894097776,14.017233826339131,32002400
2014-04-11,13.940319061279297,14.037289687896786,13.910224772865595,13.950351341123902,35646800
2014-04-14,14.023917198181152,14.070731537940663,13.926947826151569,14.003855185273123,19273400
2014-04-15,14.217864036560059,14.217864036560057,14.023922665767204,14.023922665767204,30050000
2014-04-16,14.321524620056152,14.32152462005615,14.187771842656522,14.214521632799835,24827600
2014-04-17,14.144295692443848,14.351611256976867,14.124233677671251,14.278048410209927,35978600
2014-04-21,14.127580642700195,14.244613344900618,14.060704266202476,14.14429941793443,22112600
2014-04-22,14.147640228271484,14.161014479615165,14.057357335009268,14.150983472217291,21521600
2014-04-23,14.154327392578125,14.308142118783392,14.130919583706506,14.147639629409147,34032200
2014-04-24,14.25129508972168,14.288077145035079,14.087449375856853,14.164356729893846,22518600
2014-04-25,14.415144920349121,14.41514492034912,14.244610134931266,14.244610134931266,32912600
2014-04-28,14.485366821289062,14.50877336016372,14.364989606756131,14.395083910389364,37239600
2014-04-29,14.425174713134766,14.532176372182002,14.381704890534202,14.468644535735327,34932800
2014-04-30,14.448582649230957,14.545553310770618,14.415145105867186,14.415145105867186,43656400
2014-05-01,14.508769989013672,14.552239812063727,14.35161074260529,14.448581395732182,37807800
2014-05-02,14.211174964904785,14.431866101572643,14.147643112498832,14.408459562498834,55864200
2014-05-05,14.338238716125488,14.348269724708432,14.191110453919077,14.19779821816124,29828400
2014-05-06,14.268022537231445,14.361649991954405,14.257991525338674,14.311492381368497,21089400
2014-05-07,14.49874496459961,14.508775975765483,14.284741555988106,14.298115812355627,27319800
2014-05-08,14.341584205627441,14.50543126630906,14.311489899606768,14.495398980594967,30322200
2014-05-09,14.130918502807617,14.37167285623346,14.1242320157105,14.324859793191834,24348200
2014-05-12,14.000513076782227,14.177735633200607,13.983794304626675,14.161015585484504,27231400
2014-05-13,14.033949851989746,14.100824930868642,13.973761260550448,14.030605332709582,17256600
2014-05-14,14.10417366027832,14.194456574386933,14.01723399088747,14.060703825582896,40224000
2014-05-15,14.047327995300293,14.177737496598798,14.033953741154388,14.10751660341938,23125000
2014-05-16,14.09079647064209,14.104171999059245,13.997170322843196,14.060702169483788,20182000
2014-05-19,13.87345027923584,14.077421353534332,13.863417994849556,14.054014815900723,26918000
2014-05-20,13.87345027923584,13.960388665366294,13.786510617544755,13.873450279235842,21571800
2014-05-21,13.88348388671875,13.920265960045041,13.83667080268924,13.913578194389272,13807800
2014-05-22,13.997172355651855,14.037297671170123,13.883482898716116,13.890170663895956,10420000
2014-05-23,13.96373462677002,14.040643294599896,13.960391381697839,13.96373462677002,17818400
2014-05-27,14.074077606201172,14.16101598922504,14.054014313706162,14.090796378833387,18907200
2014-05-28,14.157674789428711,14.171050319690274,14.05736086358853,14.074079638635098,25056000
2014-05-29,14.197800636291504,14.201145156762516,14.094143461784858,14.154332074654894,19632600
2014-05-30,14.291422843933105,14.298109331305549,14.154326892711685,14.154326892711685,16557200
2014-06-02,14.288078308105469,14.32151712273064,14.22454647365817,14.251296249797957,14490200
2014-06-03,14.341584205627441,14.368335266783951,14.24795804270126,14.261333573279515,16007200
2014-06-04,14.334894180297852,14.344926464430253,14.254643560602245,14.318175407491317,14061400
2014-06-05,14.455275535583496,14.4786820793449,14.311491752157174,14.321524039169896,16829000
2014-06-06,14.405116081237793,14.53552430409557,14.395083796399025,14.468647932600106,16174200
2014-06-09,14.308147430419922,14.428524661028538,14.284740888419455,14.378367056421324,16995200
2014-06-10,14.274701118469238,14.351608469802676,14.244606826594396,14.274701118469237,17844400
2014-06-11,14.094145774841309,14.257991589107494,14.08745800836254,14.257991589107494,20601600
2014-06-12,14.137605667114258,14.181075484767536,13.920259129968363,14.06069831314938,33293800
2014-06-13,14.22789478302002,14.251301323811095,14.06070447704902,14.124237609676916,16833000
2014-06-16,14.324862480163574,14.441895159719923,14.214516288958555,14.241267344606028,39471400
2014-06-17,14.304800987243652,14.331552046255048,14.221205841174093,14.29476997789473,22852600
2014-06-18,14.629144668579102,14.629144668579102,14.291420975762387,14.298107462260774,71718800
2014-06-19,14.749531745910645,14.769593770007464,14.622466732532923,14.632497744581332,44431200
2014-06-20,14.659826278686523,14.787976579239825,14.646336367111827,14.767742998346554,19201600
2014-06-23,14.609233856201172,14.713778699000262,14.541785612023316,14.700288792871039,18760400
2014-06-24,14.65307331085205,14.700286689079256,14.605859932624842,14.622721669639121,18392200
2014-06-25,14.70703411102295,14.727267684250807,14.612607338710857,14.622724125324785,24282200
2014-06-26,14.750872611999512,14.764361229204669,14.659817691907586,14.707031068295692,25894200
2014-06-27,14.80820369720459,14.84530029138731,14.690170248866936,14.737383628201998,15382200
2014-06-30,14.926234245300293,14.959959000035377,14.774477351629889,14.821690721791157,25319200
2014-07-01,14.777853965759277,14.932984028334854,14.77448213242862,14.909377335615453,19635000
2014-07-02,14.491201400756836,14.744131369149091,14.440614892491046,14.737386415615763,34737600
2014-07-03,14.332697868347168,14.460849409498811,14.268622741005503,14.366421348744188,24402600
2014-07-07,14.400146484375,14.460849779818805,14.32258144830088,14.325953281839604,24500800
2014-07-08,14.497943878173828,14.518177448849759,14.400143998346412,14.413633903109117,26636400
2014-07-09,14.457475662231445,14.528297026341372,14.39002741789584,14.497945380713762,20881000
2014-07-10,14.555275917053223,14.56876582355215,14.417007591609964,14.43049749810889,20881200
2014-07-11,14.443987846374512,14.575511222590926,14.423752986007244,14.54515957527419,18266000
2014-07-14,14.278742790222168,14.521556021257016,14.27199783530802,14.487831246686284,16613600
2014-07-15,14.352928161621094,14.390023463667427,14.275363152213094,14.275363152213094,17890800
2014-07-16,14.400146484375,14.417008225005313,14.28211172702611,14.400146484375,14987400
2014-07-17,14.268624305725098,14.457477875007694,14.26187935161237,14.457477875007694,16122800
2014-07-18,14.41363525390625,14.423752040192326,14.228152262206546,14.285483719586885,10431800
2014-07-21,14.400146484375,14.443988039188492,14.319208328293808,14.396773364367927,11157000
2014-07-22,14.369791030883789,14.457472830820329,14.369791030883789,14.42712119113691,9367400
2014-07-23,14.38328742980957,14.410265962562617,14.346190821614117,14.369797520198754,14994200
2014-07-24,14.4271240234375,14.450730715995903,14.33269725320388,14.356303945762285,12080600
2014-07-25,14.312464714050293,14.46085113300648,14.29223113798788,14.42712636212168,11894800
2014-07-28,14.511438369750977,14.541790024517365,14.255136507865972,14.27874320752109,17213200
2014-07-29,14.376540184020996,14.60586346498657,14.356305322829309,14.545160167879896,16371200
2014-07-30,14.133721351623535,14.41025791180626,14.069646246472665,14.336064736865769,29498200
2014-07-31,13.911148071289062,14.137098222457324,13.901031284361625,14.046044567173741,30104400
2014-08-01,13.965106964111328,14.073023650495534,13.83358358298485,13.867307065054273,31075400
2014-08-04,13.890914916992188,13.9819698699271,13.654847949903694,13.961736293587222,60365000
2014-08-05,13.722291946411133,13.901029979652769,13.66158865760729,13.894285026844763,29531800
2014-08-06,13.546930313110352,13.681826828998384,13.513206827372603,13.668336920115877,99782400
2014-08-07,13.70206069946289,13.756019044614547,13.607632630596173,13.607632630596173,25176400
2014-08-08,13.9752197265625,13.981964678327508,13.752641464189269,13.756014583305777,40020200
2014-08-11,13.924638748168945,14.035927269929704,13.904403886726808,13.998830667186652,17141200
2014-08-12,13.914520263671875,13.981968513353904,13.88754173568008,13.921265217286914,13760200
2014-08-13,13.978593826293945,14.00894546813168,13.887538900780738,13.931380447094822,13586600
2014-08-14,14.100003242492676,14.110120029659942,13.958361789809135,13.958361789809135,12037400
2014-08-15,14.153960227966309,14.238270210193475,14.076395198693506,14.110118676997077,19427800
2014-08-18,14.116862297058105,14.228150794126787,14.093255607180868,14.167447509737283,16381600
2014-08-19,14.295600891113281,14.298974010945036,14.126980920637365,14.133725873832596,15437400
2014-08-20,14.325948715209961,14.339438618001424,14.238266920001324,14.288852125767406,11174000
2014-08-21,14.359675407409668,14.440612262130252,14.315833860662956,14.325950645886,17098200
2014-08-22,14.315836906433105,14.41700863959271,14.23489874802439,14.41700863959271,13779800
2014-08-25,14.41363525390625,14.450730565777945,14.336068937485512,14.346187010239834,13757200
2014-08-26,14.241640090942383,14.460846529267638,14.241640090942383,14.420376817089767,13068800
2014-08-27,14.396770477294922,14.40014359662556,14.255130340642241,14.29222693447073,10484400
2014-08-28,14.501317977905273,14.501317977905273,14.336069834901684,14.376539555515825,20624400
2014-08-29,14.595746040344238,14.602490994374802,14.477712560980484,14.49120246904161,11713000
2014-09-02,14.464221954345703,14.619352030151072,14.376540129120002,14.57551176077241,25563400
2014-09-03,14.535045623779297,14.589003980258802,14.467598643031438,14.467598643031438,16934000
2014-09-04,14.52829647064209,14.568764901108253,14.450730156418643,14.487826753707715,18473400
2014-09-05,14.710406303405762,14.717151256802417,14.538414494430166,14.578882928341779,18108400
2014-09-08,14.62272834777832,14.72390010253678,14.555280082449794,14.72390010253678,13576800
2014-09-09,14.454102516174316,14.585625873125984,14.430495825771102,14.582254040126157,26829000
2014-09-10,14.390027046203613,14.47096519460937,14.342813662328682,14.423751810734439,21080800
2014-09-11,14.511438369750977,14.535045069406095,14.366425051030301,14.403521660907959,18721000
2014-09-12,14.251760482788086,14.450732115382934,14.218037000572707,14.43049854064106,34885000
2014-09-15,14.295600891113281,14.376539042987766,14.251759338578424,14.312462630867216,21656400
2014-09-16,14.47771167755127,14.514808279221516,14.282111882005749,14.298974909287395,24455600
2014-09-17,14.450730323791504,14.551903330831045,14.376538414822257,14.508061780211792,31086800
2014-09-18,14.346181869506836,14.501311873823377,14.29559538326685,14.464215288776424,24995200
2014-09-19,14.475495338439941,14.489106834767815,14.366605963944432,14.407439154864315,19314800
2014-09-22,14.366604804992676,14.455076927859343,14.335979589757361,14.438063207853865,24621400
2014-09-23,14.32577133178711,14.383619541570557,14.284938141275319,14.36660582036262,19615800
2014-09-24,14.274725914001465,14.349586524619125,14.227086989591136,14.329170584479462,16693600
2014-09-25,14.189661026000977,14.325772101036929,14.186257502738396,14.281536683133735,19290400
2014-09-26,14.210074424743652,14.267922627258292,14.087574868600734,14.176046986603435,13619400
2014-09-29,14.301953315734863,14.312162587947986,14.135217013665455,14.179452433688198,11150000
2014-09-30,14.322369575500488,14.475495667510724,14.274730635333697,14.318967350373045,23220800
2014-10-01,14.404033660888672,14.540144699086452,14.33257397041664,14.383616421030457,35271400
2014-10-02,14.383620262145996,14.492509641008274,14.359800791648858,14.3938282357694,26489400
2014-10-03,14.475495338439941,14.499314807981852,14.295146257254968,14.383619685322405,18352400
2014-10-06,14.475495338439941,14.557161720279707,14.410841379914416,14.492509059817914,11044200
2014-10-07,14.455072402954102,14.615004176681772,14.42104497359483,14.478891863118236,24451600
2014-10-08,14.781744003295898,14.79875902018895,14.455075928740568,14.47889539471459,35153000
2014-10-09,14.540144920349121,14.860007227947978,14.529936949296397,14.795354581174948,31548200
2014-10-10,14.608203887939453,14.747718477327846,14.574176445869584,14.574176445869584,36548800
2014-10-13,14.594596862792969,14.795361947860442,14.587791112681382,14.638833589486238,34227000
2014-10-14,14.72729778289795,14.900841071761743,14.594588972627637,14.642227899589964,44017000
2014-10-15,14.533336639404297,14.832782952682344,14.257711084534682,14.686462668811437,45711400
2014-10-16,14.546955108642578,14.577580329214905,14.271328123491624,14.390426780412392,41751200
2014-10-17,14.632023811340332,14.659246804292495,14.421050808216066,14.61160656662621,31231400
2014-10-20,14.836190223693848,14.846399494503009,14.618411484698981,14.676259692405312,20948600
2014-10-21,14.887229919433594,14.911049383459613,14.78854854100384,14.8702162019955,20176000
2014-10-22,14.97910213470459,15.09479720418365,14.866809288711767,14.87021281026114,27897200
2014-10-23,15.006332397460938,15.101611584377308,14.951887704107532,15.01994389531526,18925000
2014-10-24,15.152647018432617,15.196883720682095,15.013132463396625,15.030146180242303,21233000
2014-10-27,15.118622779846191,15.224109923484027,15.081191816037165,15.149247995865974,16625600
2014-10-28,15.224114418029785,15.230918869764217,15.043765293530248,15.135640968713625,21548200
2014-10-29,15.13563346862793,15.288759518055764,14.982507419200097,15.23431484471069,30615400
2014-10-30,15.469106674194336,15.479315942481726,15.145840870445214,15.152646616615689,67734800
2014-10-31,15.472517013549805,15.526961708838751,15.346612601017172,15.506544461331423,32197800
2014-11-03,15.574594497680664,15.622233424966874,15.472510896629725,15.489524613794313,26257000
2014-11-04,15.492927551269531,15.659665102510989,15.418066932686209,15.581400961500009,30372400
2014-11-05,15.84341812133789,15.860431841164639,15.482721289918214,15.482721289918214,43090200
2014-11-06,15.574594497680664,15.822998402861197,15.482718867315794,15.822998402861197,74182200
2014-11-07,15.737932205200195,15.741334430204635,15.56098664950381,15.615431336020874,23574000
2014-11-10,15.816200256347656,15.83321398168764,15.663074132159721,15.717518832086093,18869800
2014-11-11,15.75835132598877,15.843421239931146,15.70050310951474,15.812796018989335,11126000
2014-11-12,15.482722282409668,15.77876518017593,15.41126387571845,15.77876518017593,36118800
2014-11-13,15.356817245483398,15.56779021388592,15.312580538248445,15.503137563360633,30232600
2014-11-14,15.292166709899902,15.367028646842067,15.258139264779187,15.319389704447534,15695600
2014-11-17,15.492927551269531,15.5201505384369,15.26834309939262,15.309177580143675,17124800
2014-11-18,15.53717041015625,15.61543458216514,15.441892513460903,15.53036466066887,13373400
2014-11-19,15.52354907989502,15.567785774515263,15.42146549836329,15.496327397249368,24266800
2014-11-20,15.489530563354492,15.564392505309396,15.424877894070471,15.475919065169252,16630200
2014-11-21,15.550775527954102,15.629039667847724,15.411260965871826,15.557581274648781,29753400
2014-11-24,15.421470642089844,15.595013956834823,15.404456922503606,15.571193191737771,23462600
2014-11-25,15.421470642089844,15.448693631878703,15.326192773956034,15.428276389537059,26221200
2014-11-26,15.489530563354492,15.537169508938916,15.414668621399587,15.414668621399587,13653000
2014-11-28,15.652852058410645,15.724310419316128,15.503129592980654,15.503129592980654,15589200
2014-12-01,15.683488845825195,15.812795474019083,15.526960521101126,15.622238406052503,38350600
2014-12-02,15.78896713256836,15.836606048280592,15.58820220345031,15.656257055574585,26666200
2014-12-03,15.744735717773438,15.805986143666523,15.652860078933811,15.799180396560232,16355000
2014-12-04,15.731127738952637,15.812795424414647,15.659669325463268,15.73793348757979,27733200
2014-12-05,15.608624458312988,15.676680636049852,15.530360308237867,15.571193495654535,34148800
2014-12-08,15.734529495239258,15.795778629877432,15.60522288197272,15.6086251068723,24212000
2014-12-09,15.812793731689453,15.85022469609998,15.642653928415202,15.642653928415202,21023200
2014-12-10,15.61542797088623,15.921680077837008,15.608622224280275,15.805984981662652,18828800
2014-12-11,15.771957397460938,15.8944582491642,15.448692847543867,15.567790176664522,19433600
2014-12-12,15.622234344482422,15.86043029299696,15.622234344482422,15.734527220892335,21926200
2014-12-15,15.489530563354492,15.717517316669648,15.407862872306966,15.659670396478248,22074200
2014-12-16,15.475914001464844,15.720915696379183,15.356816676472311,15.465706030197909,29683400
2014-12-17,15.751541137695312,15.788972096970646,15.496331467796413,15.52695668010682,37394800
2014-12-18,16.06119728088379,16.068003028609592,15.7583486464356,15.82300130273526,29327400
2014-12-19,16.08763313293457,16.194059230454936,16.001804958994146,16.12196387865714,35964000
2014-12-22,16.12882423400879,16.1425570509953,15.991499993044197,16.132258093072174,22601400
2014-12-23,16.17001724243164,16.255845362210223,16.03612558511836,16.03612558511836,19162200
2014-12-24,16.46870994567871,16.50990710124911,16.135696221596927,16.135696221596927,28824800
2014-12-26,16.667831420898438,16.739926774009408,16.461844323543087,16.461844323543087,39708200
2014-12-29,16.860084533691406,16.935613736144482,16.66782897728077,16.678129247382266,49041800
2014-12-30,16.50990867614746,16.84978884351818,16.485876890636145,16.846354982939943,26030800
2014-12-31,16.211227416992188,16.5785719307679,16.190628181867094,16.55110628393444,30313000
2015-01-02,16.286752700805664,16.365714458270652,16.104797403587817,16.365714458270652,33829400
2015-01-05,16.08763313293457,16.341683794403185,16.015537781136775,16.341683794403185,47823600
2015-01-06,16.097932815551758,16.38288299441768,16.087633853300623,16.0945002646794,38787400
2015-01-07,16.2558536529541,16.32451644572272,16.067031955065787,16.197491130362774,28644600
2015-01-08,16.3691463470459,16.430942725382234,16.310782518779913,16.35198097742664,28055400
2015-01-09,16.266155242919922,16.413779800978432,16.180327072403763,16.372581336194234,17845400
2015-01-12,16.2283878326416,16.338247767137993,16.121960448133468,16.283317799889797,21750000
2015-01-13,16.273021697998047,16.527072350022166,16.19062607783939,16.3142188532604,31959000
2015-01-14,16.413776397705078,16.437808175696077,16.166590898787735,16.273018279629074,30926000
2015-01-15,16.54423713684082,16.58886815074894,16.39318003313459,16.441243597512305,29080400
2015-01-16,16.691858291625977,16.69872470080107,16.492737664082867,16.540801218674872,25977400
2015-01-20,16.733057022094727,16.791419536593168,16.571699677908295,16.739922121749174,22477600
2015-01-21,16.894411087036133,16.918442861925975,16.575130295347066,16.71588839525908,27644400
2015-01-22,16.82231903076172,16.987108937580473,16.702160132966924,16.939045378462556,35062200
2015-01-23,16.87038230895996,16.9527779158142,16.81545234093505,16.877248718667293,14190600
2015-01-26,16.860084533691406,16.873817354070844,16.705593578507308,16.85665067377963,16258200
2015-01-27,16.884113311767578,16.973374009091607,16.784552346173914,16.818884391016695,17492000
2015-01-28,16.73992347717285,17.09010252141832,16.695293777636984,16.89441442458023,27390600
2015-01-29,16.96308135986328,16.99397955689755,16.643800427053872,16.698730409599897,24089600
2015-01-30,16.588871002197266,16.94248269487297,16.56827176693721,16.94248269487297,29831800
2015-02-02,16.660961151123047,16.722757527944786,16.41377695346981,16.585433264722703,44798600
2015-02-03,16.722759246826172,16.781123079660734,16.554536777902147,16.63006467206577,32319000
2015-02-04,16.520200729370117,16.753653384958046,16.47900358709976,16.674691649925887,27718000
2015-02-05,16.6712646484375,16.705595393482117,16.47214266020359,16.5682697940357,26330600
2015-02-06,15.984634399414062,16.599162930102494,15.885073435636706,16.564832195519617,64368400
2015-02-09,15.843880653381348,16.063600558312242,15.768351444948626,15.950306745663159,39484400
2015-02-10,16.17001724243164,16.19404901119899,15.80953940128823,15.830138621503034,41782200
2015-02-11,15.81984806060791,16.10479688846432,15.782083458325209,16.10479688846432,39086200
2015-02-12,15.747751235961914,15.864477591920503,15.692821263136336,15.850744771305644,41164000
2015-02-13,15.507429122924805,15.737449240142773,15.383837690128884,15.713417463518544,65308600
2015-02-17,15.493703842163086,15.655059934405337,15.356378226570321,15.45937178344783,52747400
2015-02-18,15.861042976379395,15.881640894985853,15.455933988425711,15.483398316445548,64208000
2015-02-19,15.68252182006836,15.871343513995662,15.627591848932529,15.826712503187233,28572800
2015-02-20,15.68595027923584,15.7374476867094,15.483395817944498,15.7374476867094,27740200
2015-02-23,15.792381286621094,15.802680246638257,15.668788527880047,15.713419537344041,17977000
2015-02-24,15.909102439880371,15.99493057101705,15.744312585253946,15.81297535208996,28665000
2015-02-25,15.648191452026367,15.909108493729239,15.631024771559963,15.895375673209653,23783800
2015-02-26,15.545196533203125,15.723719270199926,15.510865791702674,15.723719270199926,28517800
2015-02-27,15.528031349182129,15.582961322023706,15.455936005383908,15.541764169800988,24968800
2015-03-02,15.229348182678223,15.517730838702773,15.122920797962282,15.517730838702773,55060000
2015-03-03,15.322046279907227,15.339211653106133,15.126358144244843,15.219052731079765,37113600
2015-03-04,15.23621940612793,15.2877155301247,15.18472197249702,15.2877155301247,24124000
2015-03-05,15.35637378692627,15.42503657487172,15.27397948909873,15.27397948909873,23115800
2015-03-06,14.89633560180664,15.146953677936686,14.837973080213562,15.10918907707819,53594000
2015-03-09,14.923808097839355,14.999336024617747,14.89290989290997,14.934107062937676,26060200
2015-03-10,14.89633560180664,15.074858336098005,14.855138450703654,14.882602781561037,27244000
2015-03-11,14.800210952758789,14.982166267702926,14.765878896407228,14.844841971198798,19976400
2015-03-12,15.081722259521484,15.143518630803786,14.879167778014743,14.899767004986712,34158000
2015-03-13,14.927234649658203,15.061126380656281,14.789910368218537,15.061126380656281,27968200
2015-03-16,15.184714317321777,15.294574231358082,15.013058037935865,15.037089812279214,25615800
2015-03-17,15.16069221496582,15.249952960952974,15.109194774443104,15.14352683800302,18376800
2015-03-18,15.569225311279297,15.66535372628079,15.112620251148154,15.157251254197648,47453000
2015-03-19,15.42503833770752,15.672223878707007,15.383841184085574,15.483400862869122,26323000
2015-03-20,15.56379508972168,15.608777526497619,15.401167193648144,15.549954136875865,27758400
2015-03-23,15.574167251586914,15.646831557229108,15.518804788206584,15.553407152785068,20520400
2015-03-24,15.401166915893555,15.64683920466545,15.363106276172847,15.567255707156148,21258600
2015-03-25,15.221238136291504,15.504971033549278,15.20739718521899,15.435767598132463,28315800
2015-03-26,15.09321117401123,15.283519629622676,15.048230063375653,15.183176035173847,25400200
2015-03-27,15.183168411254883,15.27313190729843,15.075903075251555,15.120885483245862,13556800
2015-03-30,15.370020866394043,15.428844237479671,15.179712444543828,15.266216392652607,16955000
2015-03-31,15.373480796813965,15.51534720999408,15.259294958916463,15.325038800110326,20419400
2015-04-01,15.38731861114502,15.428840125586722,15.145107357002319,15.328495255736224,34579400
2015-04-02,15.41500473022461,15.484208159170922,15.345801301278296,15.36310314847409,22537200
2015-04-06,15.629525184631348,15.722949561995627,15.46343784263203,15.480739679878825,24990200
2015-04-07,15.449603080749512,15.632990997739226,15.439221711146788,15.626070524652501,13840000
2015-04-08,15.40462589263916,15.47036842935238,15.325042405056086,15.449608322993324,17916000
2015-04-09,15.338881492614746,15.404624021341803,15.245457065510674,15.39770354674755,22818200
2015-04-10,15.45306396484375,15.51534690794891,15.325038501769987,15.39424191854743,18541400
2015-04-13,15.30081844329834,15.45306491359972,15.286977495103995,15.42192344013518,16952800
2015-04-14,15.376938819885254,15.428841708220247,15.2938957824836,15.33887819771091,22051200
2015-04-15,15.41500473022461,15.549950690699827,15.394244625502651,15.418465627642016,19362200
2015-04-16,15.314656257629395,15.38040009379288,15.186630801859135,15.363099570571816,27135800
2015-04-17,15.259300231933594,15.38386616361401,15.207398640364001,15.24892017760885,17001000
2015-04-20,15.48766040802002,15.608766681356062,15.311193001658063,15.321573049107297,18538800
2015-04-21,15.349259376525879,15.605310300619488,15.293896907537095,15.48766488902515,23398200
2015-04-22,15.380401611328125,15.421923135144542,15.28351629582923,15.394242559248745,17496600
2015-04-23,15.466900825500488,15.54302337589161,15.328494028515658,15.328494028515658,18436400
2015-04-24,15.622614860534668,15.729878920378393,15.428845525415564,15.46690747695196,29082400
2015-04-27,15.435760498046875,15.688351799178333,15.387318511520998,15.664130805915395,21013200
2015-04-28,15.54648208618164,15.54994166164463,15.314650931815823,15.370013378837609,19495600
2015-04-29,15.48075008392334,15.532651670710296,15.352723265968201,15.432306754998132,26662000
2015-04-30,15.30081844329834,15.449605336523868,15.183173023537352,15.446144439502547,35176400
2015-05-01,15.38731861114502,15.394239083542827,15.203929392465968,15.266212324101096,25014800
2015-05-04,15.501509666442871,15.619155107105584,15.366563697436225,15.390784701106869,26646200
2015-05-05,15.155487060546875,15.477281760019615,15.113965547050586,15.477281760019615,37242400
2015-05-06,15.072446823120117,15.22469328074726,14.923659942280821,15.152030288694217,33952200
2015-05-07,15.127806663513184,15.231611108406574,15.086283829599724,15.124345767381163,25374000
2015-05-08,15.23507022857666,15.404618495452205,15.172787299515857,15.321574150056101,28766400
2015-05-11,15.131271362304688,15.359641746361673,15.117430412981093,15.231616264982375,25278600
2015-05-12,15.113967895507812,15.131268418824051,14.961721442401467,15.051684955613098,27070400
2015-05-13,14.965178489685059,15.214310207155888,14.913275608563602,15.165868222079915,27959200
2015-05-14,15.13819408416748,15.17971561835638,15.02746911303323,15.041310064411455,24485400
2015-05-15,15.335413932800293,15.366555394972092,15.155485631357124,15.1797066219413,35583400
2015-05-18,15.394242286682129,15.42192286208782,15.259295026763594,15.259295026763594,20487200
2015-05-19,15.42884635925293,15.466908312846348,15.273138967255164,15.325041871236312,25816000
2015-05-20,15.45306396484375,15.5637889037095,15.39424191854743,15.428842966963455,18137400
2015-05-21,15.446142196655273,15.5084251345406,15.373479209104154,15.491124611782515,16125200
2015-05-22,15.421927452087402,15.466909885448286,15.325043429413943,15.39078597052153,17847800
2015-05-26,15.325042724609375,15.41500626724787,15.224697808629156,15.39770573827267,21127800
2015-05-27,15.38731861114502,15.414999180791106,15.307735158487944,15.338876624305508,15275600
2015-05-28,15.421927452087402,15.45998940955078,15.325043429413943,15.38040591664818,19973800
2015-05-29,15.397706985473633,15.466910426925608,15.338884918204263,15.39078650933385,18321000
2015-06-01,15.41847038269043,15.511894842588164,15.370027043526175,15.439230493814797,17678200
2015-06-02,15.214312553405762,15.349258481197891,15.107047198520718,15.335417534771697,24302600
2015-06-03,14.989402770996094,15.21777312213527,14.906359726915694,15.155490179102278,46725000
2015-06-04,14.968639373779297,15.072445145092994,14.940958802722136,15.006701313934958,26601800
2015-06-05,14.781793594360352,14.844076536354764,14.72297022916769,14.774873120811487,31837600
2015-06-08,14.695292472839355,14.795636058676033,14.684911100552677,14.795636058676033,15835400
2015-06-09,14.660683631896973,14.750648445656356,14.660683631896973,14.671064999604615,20536800
2015-06-10,14.733354568481445,14.844079527685476,14.729893671036903,14.792176625582373,22182000
2015-06-11,14.850996971130371,14.882138444814103,14.788715343708386,14.854457868176052,17953800
2015-06-12,14.719513893127441,14.837159329469127,14.71605299561835,14.788717323907077,17258600
2015-06-15,14.695292472839355,14.764494581707238,14.633009518901764,14.677990625676765,20152200
2015-06-16,14.76448917388916,14.764489173889158,14.605322269878407,14.667605201003507,16073600
2015-06-17,14.889060020446777,14.913281021776486,14.726433485796665,14.771414591154368,36583800
2015-06-18,15.086289405822754,15.124351357672726,14.90636233880663,14.90636233880663,41434000
2015-06-19,14.940688133239746,15.125744134713187,14.933704711983015,15.115269668803796,26751000
2015-06-22,14.919733047485352,15.000040368055714,14.884817284437709,14.965124605008072,20547600
2015-06-23,14.7172212600708,14.895293807367402,14.696271000173661,14.863869083497276,32553800
2015-06-24,14.601996421813965,14.766103456558985,14.59501300204278,14.734678733564218,24459800
2015-06-25,14.504234313964844,14.647391120043107,14.500741937356043,14.61247401371218,23374600
2015-06-26,14.591526985168457,14.615968296812499,14.423928848772928,14.472811472061009,17541400
2015-06-29,14.51470947265625,14.75563152405717,14.504235006232747,14.567084468676722,32343000
2015-06-30,14.476300239562988,14.598508110507355,14.444875510686023,14.58454126835062,22217400
2015-07-01,14.56359577178955,14.567088149447482,14.455356039526366,14.4937628701009,22503600
2015-07-02,14.745156288146973,14.790547860199158,14.629933167647005,14.661357897229072,19150800
2015-07-06,14.804512977600098,14.84291979199053,14.671830653497345,14.724204308730437,27996400
2015-07-07,15.171133995056152,15.230491071113637,14.853395689459958,14.853395689459958,52236600
2015-07-08,15.090831756591797,15.21303832620881,15.062898065278358,15.118764115953523,30993600
2015-07-09,14.923229217529297,15.171134661275678,14.874345272101372,15.13621755739859,31152000
2015-07-10,15.003536224365234,15.111775914095222,14.881328361444186,14.93021097383209,24810200
2015-07-13,15.010518074035645,15.108283288579678,14.919734947429484,15.045433841529613,17169400
2015-07-14,14.989568710327148,15.094317351021257,14.944177144310919,14.993059754504753,13642400
2015-07-15,15.062894821166992,15.06638719780487,14.909263547885942,14.972113007853514,19801600
2015-07-16,15.286357879638672,15.310799186545571,15.041944810569673,15.062893741089113,25185400
2015-07-17,15.13621997833252,15.307310484816696,15.129237888391687,15.286360219139592,20984600
2015-07-20,15.059401512145996,15.143199891535199,14.982585221079871,15.07336702074338,19625000
2015-07-21,14.923229217529297,15.066386013547055,14.860379762501859,15.031468909669966,20569600
2015-07-22,14.989568710327148,15.066385001746736,14.90926137472996,14.947669520439753,16504400
2015-07-23,14.766105651855469,14.9860774135712,14.692781731283556,14.975602948332735,27894600
2015-07-24,14.780075073242188,14.832448740527331,14.727700074005485,14.773091651213857,17178200
2015-07-27,14.968611717224121,15.034953514322218,14.738164278561106,14.780064781554842,23905600
2015-07-28,15.038455963134766,15.052422808059433,14.912757022716056,14.968623070463078,17485200
2015-07-29,15.094319343566895,15.10828618602348,14.926721229942064,15.03845330569195,27001600
2015-07-30,15.206047058105469,15.254929660732213,15.017498734872868,15.080348175950402,22630800
2015-07-31,15.359687805175781,15.481894376889086,15.32826306788497,15.34572095927948,24108400
2015-08-03,15.439990997314453,15.527281762641737,15.363174697602004,15.380632584277185,26394600
2015-08-04,15.192079544067383,15.4225270404534,15.160654824926064,15.40157811565983,24067200
2015-08-05,15.23049259185791,15.338733622004368,15.18510235220577,15.251442855356016,22313200
2015-08-06,15.310796737670898,15.324763577084163,15.094316054569783,15.268897551382226,34290200
2015-08-07,15.499342918395996,15.565684730407256,15.216521785340614,15.29682910287183,42326600
2015-08-10,15.436497688293457,15.576163437160487,15.40507296139594,15.502839518383379,24179000
2015-08-11,15.513322830200195,15.6320383848521,15.398098321882733,15.495864934623867,30244600
2015-08-12,15.78915023803711,15.817082583568183,15.460936187377378,15.495853284230037,46919600
2015-08-13,15.792638778686523,15.838030331425102,15.607582856526625,15.72629830310771,21557800
2015-08-14,15.911362648010254,15.921837114975071,15.694881895044219,15.729797672894643,20668600
2015-08-17,15.988175392150879,16.058008264230068,15.88342675000772,15.96373408671585,18319400
2015-08-18,15.94976806640625,15.977700417504085,15.883427567091484,15.935801224881672,23482600
2015-08-19,16.016109466552734,16.064992082686857,15.827562423171315,15.911360813129415,18491200
2015-08-20,15.921833992004395,16.110382352097787,15.86596795923057,15.949767674366951,25552000
2015-08-21,15.729799270629883,15.939297954866642,15.719324802601133,15.869465060121057,37494800
2015-08-24,15.13970947265625,15.562196427066546,15.06638555467455,15.419039635408872,70201000
2015-08-25,14.675320625305176,15.42602161634851,14.661355117434328,15.328256401496786,57265400
2015-08-26,14.937191009521484,14.972108104708314,14.654369864238605,14.776576367515036,43739800
2015-08-27,15.111778259277344,15.11876168098098,14.905771980850345,15.02099644103308,34091000
2015-08-28,15.066389083862305,15.136220641944513,14.860382790835962,15.090830395581396,19361400
2015-08-31,14.825457572937012,15.045430590074051,14.703251081166913,15.045430590074051,24156800
2015-09-01,14.423925399780273,14.692781095528584,14.343618061873832,14.664847413499595,38812400
2015-09-02,14.434407234191895,14.570580673729713,14.312200642799482,14.525189083233125,18243400
2015-09-03,14.50074291229248,14.574068174541637,14.40297767189561,14.40297767189561,17170400
2015-09-04,14.301717758178711,14.41694220038861,14.245851725215172,14.385517473599663,26859200
2015-09-08,14.605491638183594,14.605491638183594,14.42043430813466,14.434401150393331,22413800
2015-09-09,14.423925399780273,14.682305298792079,14.395991717751283,14.640406107699864,23085000
2015-09-10,14.399486541748047,14.542643356603659,14.357586011581894,14.416944430008195,13532800
2015-09-11,14.507726669311523,14.51471009120862,14.315687228971722,14.382027739066842,14955800
2015-09-14,14.542638778686523,14.640403987728774,14.511214056929932,14.560096661451057,16745200
2015-09-15,14.619455337524414,14.654372438845783,14.469315131720588,14.560098263204923,13158200
2015-09-16,14.766105651855469,14.811495889189702,14.612473057950899,14.661357003616834,17239600
2015-09-17,14.968611717224121,15.160651027451529,14.72419744422986,14.72419744422986,45446200
2015-09-18,14.884384155273438,15.057090129653902,14.849138696597292,14.905532237195962,28717400
2015-09-21,14.944297790527344,15.021838041239093,14.873805553448637,14.873805553448637,17541800
2015-09-22,14.75749683380127,14.940776158013975,14.715202018837699,14.877333263304656,21944400
2015-09-23,14.796268463134766,14.831515264669285,14.708153476090471,14.761023006128248,10533000
2015-09-24,14.916104316711426,14.944301756837723,14.743399701785686,14.792743877478754,22652000
2015-09-25,15.0606107711792,15.208644622490421,14.873807461801663,14.944299707924733,19010000
2015-09-28,14.98659610748291,15.152252701764898,14.958398668231547,15.060612368725877,19014000
2015-09-29,14.990117073059082,15.078232036045844,14.930199543601349,15.014789155133165,17362800
2015-09-30,15.257990837097168,15.27561356485872,15.018317974861818,15.02184198260295,19276000
2015-10-01,15.07823371887207,15.314382545186664,14.965446661223478,15.293234467679635,31292000
2015-10-02,15.279136657714844,15.279136657714844,15.053562529006854,15.191021679655293,26396800
2015-10-05,15.47651195526123,15.501184037191914,15.265036583133192,15.321430105335843,24022400
2015-10-06,15.370781898498535,15.490618360726058,15.27561753044771,15.444798181028633,23043800
2015-10-07,15.317911148071289,15.420124869895648,15.293239055841712,15.388403416382165,19056800
2015-10-08,15.5082368850708,15.532908972552997,15.261514665720906,15.307334832985527,21060800
2015-10-09,15.434216499328613,15.518806106804092,15.384872337546657,15.504708735243225,26190200
2015-10-12,15.571675300598145,15.663314264238922,15.437740189559278,15.49060970154312,14986000
2015-10-13,15.5364351272583,15.624550114111097,15.504713678210175,15.557581863605053,19146800
2015-10-14,15.532913208007812,15.64922566173488,15.51176512245881,15.606929490636876,15691000
2015-10-15,15.76201057434082,15.790206673297282,15.518812330134796,15.592829947017735,16568200
2015-10-16,15.78315258026123,15.881842258339598,15.7338084134859,15.776103221503654,18817400
2015-10-19,15.793725967407227,15.800775325574183,15.635118769969688,15.769053886086676,20432400
2015-10-20,15.846596717834473,15.913564959064013,15.733809657848505,15.74438302455725,19526200
2015-10-21,15.81486988067627,15.977002400584501,15.804296517572798,15.89241146217467,16822000
2015-10-22,15.99815559387207,16.043975760055005,15.825450985573758,15.881844519134335,26220000
2015-10-23,15.71618938446045,15.991107718013454,15.705616016101649,15.984058357598247,25170400
2015-10-26,15.659795761108398,15.762009469784958,15.536435315828424,15.751434756955236,22227000
2015-10-27,15.603400230407715,15.680941840127918,15.554056058595892,15.645695042742442,16992400
2015-10-28,15.437742233276367,15.666841689498831,15.265037647717161,15.606922811682981,34842200
2015-10-29,15.349627494812012,15.409546373526297,15.145201463703376,15.360202205483791,32579600
2015-10-30,15.420130729675293,15.480048306565399,15.31086760504612,15.367261172219212,23263400
2015-11-02,15.437742233276367,15.46946367576059,15.317905822172387,15.40954614247246,34873600
2015-11-03,15.483561515808105,15.501184239627646,15.339053029243644,15.38134783531607,24866400
2015-11-04,15.564629554748535,15.613973726969961,15.465941210305685,15.465941210305685,21437800
2015-11-05,15.430693626403809,15.578727480053328,15.430693626403809,15.532907317670407,27525800
2015-11-06,14.891436576843262,15.215699165805654,14.764550748282904,15.180453699884817,64718000
2015-11-09,14.930201530456543,15.000693779132323,14.792742385029069,14.82446382970678,26666600
2015-11-10,15.064139366149902,15.109958193145683,14.909056122385563,14.937253564716553,17009200
2015-11-11,15.19455337524414,15.22274948084022,15.07471690127185,15.106438360397703,21946800
2015-11-12,15.05003833770752,15.300284549654311,15.03946362619055,15.155776041182293,17679200
2015-11-13,14.993644714355469,15.173398674708473,14.947824550136922,15.067660971881539,19032800
2015-11-16,15.24741268157959,15.250938033052556,14.968970418959069,15.0218385903048,18351200
2015-11-17,14.972495079040527,15.332004306890243,14.930200271213414,15.240365332510214,26988000
2015-11-18,15.067662239074707,15.09938368704335,14.849137455584023,14.983071262982339,30925000
2015-11-19,15.22978687286377,15.261508307056795,15.088803766638275,15.102901136091667,24729600
2015-11-20,15.29323673248291,15.402499798991856,15.22626982725174,15.254465923575607,25040000
2015-11-23,15.152251243591309,15.328481188369155,15.127577814356856,15.310857118269148,23794000
2015-11-24,15.131102561950684,15.152250638509509,15.01126615050612,15.085282401670424,17583400
2015-11-25,15.039462089538574,15.127577057519076,14.983068563812163,15.127577057519076,15356400
2015-11-27,15.067662239074707,15.138154495063688,15.046514158919626,15.081760959178093,7960600
2015-11-30,15.092330932617188,15.201593972052457,15.060609491782927,15.085281574150947,22746000
2015-12-01,15.212170600891113,15.243892048530444,15.067662082651479,15.127579625676917,25103000
2015-12-02,14.873804092407227,15.191017111310456,14.870278741409408,15.152247662026669,25132200
2015-12-03,14.76102066040039,14.852659640771451,14.711676490621528,14.849135633442012,29758400
2015-12-04,14.968974113464355,14.990120849410836,14.76807205480496,14.813890879040983,21923000
2015-12-07,15.03593921661377,15.042988575927287,14.863233274752112,14.93372552335948,27030200
2015-12-08,15.014793395996094,15.03594147711605,14.894956958705714,14.976023930734865,21275800
2015-12-09,15.018314361572266,15.176921562322464,14.898477959286296,14.947822122957998,21351600
2015-12-10,14.771597862243652,15.025369480742189,14.757499140209704,14.997172036674291,19367200
2015-12-11,14.72929859161377,14.849135003648893,14.627084904533985,14.736347950501452,28705400
2015-12-14,14.803315162658691,14.806839169914731,14.630609227502127,14.785692437322984,32809200
2015-12-15,14.919632911682129,15.011271922953872,14.817419185800704,14.824468547364413,20221800
2015-12-16,15.29676342010498,15.321435510739981,14.930204724201982,14.976024897321881,36601000
2015-12-17,15.328478813171387,15.41306842062176,15.212166422267659,15.324953461886539,26323400
2015-12-18,15.137968063354492,15.326703952749112,15.020454545833168,15.308899038994712,36814400
2015-12-21,15.12728214263916,15.23411296068282,15.048938908807619,15.173575995214849,18063000
2015-12-22,15.255477905273438,15.294649517663908,15.031132262399998,15.170012445655376,16251600
2015-12-23,15.490507125854492,15.526116943692363,15.259039234625906,15.280405940385114,17163400
2015-12-24,15.479825019836426,15.526117513037716,15.437091606750968,15.437091606750968,5431600
2015-12-28,15.508310317993164,15.529677021387064,15.387235048949051,15.387235048949051,10073000
2015-12-29,15.59377384185791,15.647188556086277,15.554602236367481,15.583089812270511,18447800
2015-12-30,15.579533576965332,15.647192776608529,15.547484196412759,15.604460722014274,15663000
2015-12-31,15.412166595458984,15.597340669183827,15.27328637977228,15.554608608609698,20863400
2016-01-04,15.380114555358887,15.383676352208026,15.194940513600558,15.323138031619976,29693400
2016-01-05,15.490507125854492,15.529678740532635,15.155770219525092,15.372992281820064,21896000
2016-01-06,15.462018966674805,15.526117728766089,15.337383239512613,15.397921563011067,25437600
2016-01-07,15.35875415802002,15.437096054393031,15.266166428086576,15.29465537835161,24547400
2016-01-08,15.351629257202148,15.476264996919658,15.32314031187947,15.369434168814982,23361600
2016-01-11,15.433533668518066,15.504754676771134,15.35519042359692,15.362312660265001,32779200
2016-01-12,15.372992515563965,15.490507361385188,15.251918589703303,15.444213510750085,28720200
2016-01-13,15.365878105163574,15.497636118728703,15.319584235046289,15.42997689196349,34957800
2016-01-14,15.597339630126953,15.686365542808531,15.312456981231428,15.362311274984693,46166000
2016-01-15,15.458457946777344,15.554606086298685,15.273283903080038,15.44065303762765,37878200
2016-01-19,15.689931869506836,15.73266393957043,15.479830600587807,15.540367586642232,35769200
2016-01-20,15.337380409240723,15.65075192625616,15.116596579683781,15.625824785423632,39800200
2016-01-21,15.323138236999512,15.440653082901548,15.18781984032307,15.38367655839897,28175800
2016-01-22,15.597339630126953,15.608023663379527,15.340945925334792,15.415727365964688,30121000
2016-01-25,15.465584754943848,15.629392141039135,15.408608213761665,15.590220514271156,27042800
2016-01-26,15.572408676147461,15.725533317198463,15.5011876917286,15.5011876917286,22919200
2016-01-27,15.60802173614502,15.721974781632628,15.476262423577664,15.543922978254807,27463800
2016-01-28,15.857293128967285,15.960563500654876,15.501189523225895,15.586654986311908,31127800
2016-01-29,16.17422866821289,16.188473141589366,15.960567001276749,15.960567001276749,35880800
2016-02-01,16.32735252380371,16.402135325982066,16.08876371990555,16.099446395176308,59221800
2016-02-02,16.398569107055664,16.416374013848746,16.188467946671725,16.266811166674067,31940200
2016-02-03,16.601551055908203,16.67633385153958,16.451988181500568,16.455548620136558,65904800
2016-02-04,16.53032875061035,16.676332533267892,16.487596698218667,16.587306631702535,55205200
2016-02-05,16.583744049072266,16.647842803836095,16.288178776263408,16.43418119357493,54772600
2016-02-08,16.52676773071289,16.736868905351205,16.37364307673442,16.54813443537061,58024800
2016-02-09,16.583744049072266,16.647842803836095,16.43061939696172,16.46979100914266,45241800
2016-02-10,16.565933227539062,16.6549590931051,16.28105072941313,16.54456653076953,51841200
2016-02-11,16.273935317993164,16.597989550136152,16.266813082751536,16.46266979740016,50780000
2016-02-12,16.224079132080078,16.355837072570456,16.09231983316239,16.263249383686276,42037400
2016-02-16,16.32735252380371,16.36296370541904,16.15642292733316,16.305987173262192,29277200
2016-02-17,16.295305252075195,16.380770740603992,16.188474410235088,16.380770740603992,38160600
2016-02-18,16.562379837036133,16.619356365574948,16.249009609286432,16.263252722600445,37768600
2016-02-19,16.451988220214844,16.5374523319553,16.34515740132549,16.491159837440705,34040200
2016-02-22,16.644285202026367,16.644285202026367,16.448427107745225,16.541014817483152,24873200
2016-02-23,16.658531188964844,16.697702814577575,16.516090519424193,16.590871972815123,23577600
2016-02-24,16.73687171936035,16.768921102521762,16.587308836892184,16.658528480870757,33501800
2016-02-25,16.907800674438477,16.907800674438477,16.740431528840187,16.79028717954958,24323800
2016-02-26,16.441303253173828,16.850822953811488,16.437742814731777,16.811651338811494,65907200
2016-02-29,16.48759651184082,16.644282966218213,16.402132408023547,16.416375519708133,40275600
2016-03-01,16.40569305419922,16.61223379815815,16.302422682219753,16.573062184067492,47283400
2016-03-02,16.49116325378418,16.498285490975938,16.05315585470002,16.362965701188262,60448400
2016-03-03,16.59086799621582,16.59086799621582,16.295301334474118,16.516086560748953,42548200
2016-03-04,16.776046752929688,16.829461496784788,16.44487017900199,16.484041806219146,44256800
2016-03-07,16.868635177612305,16.904246369612302,16.69414509131057,16.747559841668455,36985600
2016-03-08,17.03599739074707,17.050241861699785,16.811651727738155,16.900677633551332,32749600
2016-03-09,17.114343643188477,17.16775838104741,16.986146098842624,17.000390572309442,28513200
2016-03-10,17.128585815429688,17.185562347733082,16.964778454860888,17.107220464833215,38942800
2016-03-11,17.146390914916992,17.25322173588908,17.110779735641234,17.210489679185763,31390800
2016-03-14,17.16775894165039,17.19980832878341,17.07161078025134,17.142831791483356,23449600
2016-03-15,17.19980812072754,17.25678465733838,17.128587110357042,17.149953820996526,27474000
2016-03-16,17.463327407836914,17.463327407836914,17.021758180816843,17.13571126680371,55736400
2016-03-17,17.559473037719727,17.59864330163648,17.331565540299746,17.39566431169478,35069800
2016-03-18,17.447528839111328,17.612567850339392,17.440353051409033,17.558750126892974,33981400
2016-03-21,17.429590225219727,17.515696941209125,17.260962634164926,17.393711286356165,31486400
2016-03-22,17.372182846069336,17.501344280687793,17.350656852727255,17.408061782708625,22914800
2016-03-23,17.501346588134766,17.569515892416376,17.293254202757133,17.372185136487154,30479200
2016-03-24,17.54798698425293,17.57310155668207,17.443940116394177,17.49416926125246,30147000
2016-03-28,17.483409881591797,17.669976292983154,17.44753230459577,17.57669377160839,22489200
2016-03-29,17.741731643676758,17.7560832209839,17.469057149408044,17.537226457296093,35107200
2016-03-30,17.698680877685547,17.78120040634877,17.634100138967906,17.74173424728333,29033800
2016-03-31,17.80272102355957,17.820659808080737,17.659209378748685,17.723790097938117,29406800
2016-04-01,17.870887756347656,17.896002324801632,17.67355704900736,17.730961972422357,35745200
2016-04-04,17.795547485351562,17.896007154922806,17.705852182766844,17.87447978959146,30572200
2016-04-05,17.461881637573242,17.784785288894117,17.447531428680353,17.756083502466574,37316800
2016-04-06,17.44035530090332,17.4654698767799,17.332721208769165,17.43676672226853,40589000
2016-04-07,17.433177947998047,17.547987818458164,17.386536010423118,17.415239162358954,30560400
2016-04-08,17.526460647583008,17.641270519307906,17.46905571172056,17.4869958661989,32873800
2016-04-11,17.451112747192383,17.637679086232197,17.436761174502866,17.526456450850393,22250000
2016-04-12,17.57310676574707,17.59463413505677,17.426006497069036,17.45470965614863,26854400
2016-04-13,17.46547508239746,17.62333837333622,17.37219117107381,17.62333837333622,26641000
2016-04-14,17.44394302368164,17.504936544490405,17.386538081613157,17.42241702580707,24181600
2016-04-15,17.54081153869629,17.580277687180775,17.418825883672227,17.479819395505046,21925800
2016-04-18,17.60898208618164,17.60898208618164,17.41165132977526,17.530049783619088,18248000
2016-04-19,17.637680053710938,17.66279462297455,17.52287020317975,17.626917057924068,20990800
2016-04-20,17.196386337280273,17.67356471348464,17.1856233371728,17.652038713269693,52137400
2016-04-21,16.83760643005371,17.178448936991884,16.765849896702196,17.131806985017093,64131400
2016-04-22,16.988290786743164,17.00981815337294,16.873480902001265,16.88424526963705,24618000
2016-04-25,17.020580291748047,17.024168870325784,16.90577041281133,16.916534779902825,25485800
2016-04-26,17.04569435119629,17.11745086551986,16.99905378023139,17.03134414324491,26043000
2016-04-27,17.293256759643555,17.393715073048618,17.042109607489024,17.09592734317995,49118400
2016-04-28,17.268136978149414,17.311190332544424,17.042104472453058,17.142562755588568,40316000
2016-04-29,17.372182846069336,17.390122998709725,17.06721941216359,17.196380846782045,40354400
2016-05-02,17.51210594177246,17.598212639127134,17.361417168439868,17.382944527099177,32733200
2016-05-03,17.49776268005371,17.591045207933533,17.400891573038937,17.49776268005371,31493400
2016-05-04,17.702268600463867,17.813491291171992,17.451121428032536,17.50493916806853,35207800
2016-05-05,17.634098052978516,17.84936624414465,17.569517321900317,17.65203684080206,31653000
2016-05-06,17.519285202026367,17.608980494597933,17.361420611169816,17.547986983955663,40107200
2016-05-09,17.619749069213867,17.64486364959252,17.49417479867863,17.530053748249546,22463600
2016-05-10,17.637680053710938,17.702260765714904,17.57309934170697,17.637680053710938,26515800
2016-05-11,17.702268600463867,17.716620180292395,17.544405328275992,17.641275070513608,24347800
2016-05-12,17.80631446838379,17.835016257733987,17.608985047434754,17.673564415633177,35455400
2016-05-13,17.720205307006836,17.799137618139213,17.634098575445904,17.759671462573024,25253200
2016-05-16,17.741731643676758,17.745318853682672,17.594631397882917,17.65921212712331,22174200
2016-05-17,17.44035530090332,17.72738000280831,17.347071417383113,17.684326639682997,35066000
2016-05-18,17.113861083984375,17.47622944233472,17.056456154880117,17.33989359111303,54513000
2016-05-19,17.286081314086914,17.289668524504776,16.952414630907853,17.049285735892926,39165600
2016-05-20,17.325542449951172,17.347068443502668,17.192792436056592,17.325542449951172,30371400
2016-05-23,17.171268463134766,17.365010639745876,17.149741098408533,17.321955910293408,25380400
2016-05-24,17.343481063842773,17.365008425824414,17.17485348325698,17.199968054581486,26766600
2016-05-25,17.293256759643555,17.347073126692607,17.171271078233747,17.25020339227594,28699800
2016-05-26,17.49057960510254,17.512106965019708,17.271722902856073,17.271722902856073,26309000
2016-05-27,17.519285202026367,17.551574193456243,17.4295899094548,17.48699484195494,30211000
2016-05-31,17.634098052978516,17.648448262052284,17.486997802998573,17.490585013106568,31172400
2016-06-01,17.680740356445312,17.702267725123622,17.5946336190159,17.63051119817117,22566200
2016-06-02,17.687915802001953,17.687915802001953,17.512113751461534,17.666389802384206,15407400
2016-06-03,17.967769622802734,18.06463937727904,17.83501954557994,17.92112766678818,37437800
2016-06-06,17.942651748657227,18.035935650694103,17.867308006071912,17.97494211957122,21685600
2016-06-07,17.928298950195312,18.050284626196902,17.89242000511143,17.95700073762061,15808000
2016-06-08,18.035932540893555,18.050284118523464,17.899595290692965,17.92470986722442,13530200
2016-06-09,18.190208435058594,18.222498800149822,18.02158082084421,18.046695397177192,19405000
2016-06-10,18.143569946289062,18.26555564111711,18.071813413688677,18.172273106786026,25822600
2016-06-13,18.122039794921875,18.240438260839476,18.107689585517587,18.172270318083225,26143400
2016-06-14,18.218908309936523,18.229672676265388,18.032341927721802,18.129213012831848,23212800
2016-06-15,18.104101181030273,18.247614225589693,18.039520447842715,18.211735280128924,21782600
2016-06-16,18.218908309936523,18.25837445964524,18.068220867748646,18.082572443759382,20054200
2016-06-17,18.28474235534668,18.28836028782418,18.100267814265834,18.201547846244576,38422600
2016-06-20,18.21601676940918,18.31006231602686,18.078564312195397,18.25580574753714,31875800
2016-06-21,18.241336822509766,18.328147884243062,18.11111885007287,18.226867852275234,17338200
2016-06-22,18.154523849487305,18.270272848301254,18.136438327142045,18.24133628851622,15960600
2016-06-23,18.205163955688477,18.212397060245262,18.082180480670946,18.121968075080517,16850400
2016-06-24,18.23409652709961,18.396868940778315,18.009833079273676,18.16537101014038,48382000
2016-06-27,18.458370208740234,18.509010236663908,18.187083162145758,18.212403176107596,33574600
2016-06-28,18.52709197998047,18.537943017272042,18.313679507612544,18.46559954904214,26414600
2016-06-29,18.57773208618164,18.664543144619746,18.512623102434617,18.613903130558036,28026800
2016-06-30,18.979236602783203,19.000938676990337,18.57773167190884,18.660926175988873,34744800
2016-07-01,18.98285484313965,19.08413487801029,18.787527878885996,19.08413487801029,34961600
2016-07-05,19.123926162719727,19.152864107506588,18.98285713147667,19.040731641213235,25106800
2016-07-06,19.163715362548828,19.17818433510509,18.990091831385197,19.10222429894047,30205400
2016-07-07,18.809234619140625,19.10945960326801,18.773063566038708,19.098607183467653,45437200
2016-07-08,19.004560470581055,19.015411509889326,18.606672011286264,18.646460995199458,32184800
2016-07-11,18.990089416503906,19.004558387220218,18.769442442509657,18.94668388419197,29012000
2016-07-12,18.729652404785156,18.939448328807785,18.71880136727947,18.863488306594178,36004600
2016-07-13,18.877962112426758,18.877962112426758,18.76583100838257,18.809236552533953,29209400
2016-07-14,18.754974365234375,18.841786813830772,18.668163296475036,18.68986537374634,34722600
2016-07-15,18.809234619140625,18.8562580920429,18.718805606548603,18.733274579724263,25903400
2016-07-18,18.86349105834961,18.921365566550683,18.827318628325738,18.830936561246684,22336200
2016-07-19,18.830928802490234,18.885185355415473,18.744116386038684,18.8453963887017,21364000
2016-07-20,18.7224178314209,18.84901924768263,18.693481271596756,18.805613718027963,23199200
2016-07-21,18.834545135498047,18.849014101378142,18.617516166642744,18.639218235626352,26518400
2016-07-22,19.084135055541992,19.10222195894028,18.7694425300972,18.78752805365849,26441400
2016-07-25,19.051578521728516,19.076899907808066,18.93582952752279,19.058813006345982,14310600
2016-07-26,18.88519287109375,19.07328536506287,18.8309362965762,19.058816393256684,25018200
2016-07-27,18.66815948486328,18.863486419446087,18.505387039377613,18.84178296676907,45119600
2016-07-28,18.740503311157227,18.773057800886452,18.61390190450499,18.657308810701824,18231600
2016-07-29,18.852636337280273,18.914128770893296,18.711567327006268,18.74412182013388,30949400
2016-08-01,18.86349105834961,18.906896594541138,18.794764131222813,18.80561655014853,23317000
2016-08-02,18.740503311157227,18.812845395145015,18.653690878600354,18.765823316520315,27411000
2016-08-03,18.628374099731445,18.773061052440877,18.570499594615082,18.740506557073108,22810600
2016-08-04,18.617525100708008,18.758594136142964,18.566885075663375,18.650079599642012,24544000
2016-08-05,18.349857330322266,18.552418840225677,18.339006289022272,18.51262984900917,53904200
2016-08-08,18.342615127563477,18.50900413008462,18.29559304848369,18.342615127563477,27053400
2016-08-09,18.33900260925293,18.43666610086863,18.291979139992673,18.367939173525848,20188400
2016-08-10,18.342615127563477,18.425809628824048,18.29559304848369,18.382404102043928,16981600
2016-08-11,18.386030197143555,18.396881238696984,18.28474874990761,18.339006717349633,18963000
2016-08-12,18.411346435546875,18.54518097997708,18.407728502546597,18.451134039689908,24322800
2016-08-15,18.129209518432617,18.476458003433727,18.129209518432617,18.411348998735853,25268800
2016-08-16,17.915790557861328,18.09664853282003,17.915790557861328,18.0857974958703,40363200
2016-08-17,18.18346405029297,18.219635099481494,17.756639046650367,17.894091517273512,56913200
2016-08-18,18.407724380493164,18.407724380493164,18.1472884562786,18.17984294680542,27889000
2016-08-19,18.18346405029297,18.357087570104643,18.08580056167945,18.281127538906485,29396000
2016-08-22,18.230487823486328,18.31006440900149,18.176229868957584,18.212400918752014,18203600
2016-08-23,18.150911331176758,18.346238327527537,18.14006029132523,18.259425869203675,19157400
2016-08-24,18.1436767578125,18.17261470372767,18.00260772106906,18.121973298376123,16096600
2016-08-25,18.154523849487305,18.216016281265475,18.121969357331075,18.125587289702274,14445600
2016-08-26,17.77834129333496,18.288360779247775,17.76387232271008,18.165377288610223,41822000
2016-08-29,17.92302703857422,17.966432571044177,17.81451251748082,17.832598041023555,26031400
2016-08-30,17.734941482543945,17.995377538722718,17.713239397754073,17.908565060050613,24523000
2016-08-31,17.807279586791992,17.814514072808105,17.677061598176206,17.716850581346264,23004200
2016-09-01,17.716854095458984,17.821752093743303,17.695150633105797,17.76025964032797,31964000
2016-09-02,17.951967239379883,17.97005276519869,17.74578920940368,17.781960261041295,32542000
2016-09-06,18.14728546142578,18.168988911474212,17.995365450596587,18.04600545420632,30518200
2016-09-07,18.150911331176758,18.19070031708198,18.046013346487946,18.158145817690183,22981400
2016-09-08,18.2123966217041,18.23410007436229,18.027922103538227,18.027922103538227,25683200
2016-09-09,17.52876091003418,18.05324950213316,17.521526422851885,18.031546040586274,51518200
2016-09-12,17.839828491210938,17.875999530114864,17.499816034069298,17.499816034069298,51064600
2016-09-13,17.593862533569336,17.803658434326817,17.514284587787287,17.781954981885324,44593800
2016-09-14,17.662588119506836,17.803657100213663,17.583010179687946,17.658970187785982,30459600
2016-09-15,17.79642677307129,17.828981266978985,17.60109980962513,17.644505341556393,50523600
2016-09-16,17.97006607055664,17.99560337738034,17.68917100312905,17.82049797071988,43448400
2016-09-19,18.14882469177246,18.156120868691215,17.984664190109104,18.02843986001818,25061600
2016-09-20,18.115991592407227,18.250967378952126,18.105048023434318,18.221784064489917,25715800
2016-09-21,18.484437942504883,18.499030294338866,18.112342711961148,18.148822199942842,38810200
2016-09-22,18.597524642944336,18.63765291050262,18.46254888155993,18.634005518726013,24070600
2016-09-23,18.582935333251953,18.634008567703123,18.455255726132393,18.54280845073105,22006800
2016-09-26,18.53551483154297,18.612122606383526,18.473498019812375,18.58293789695653,16105600
2016-09-27,18.294742584228516,18.688726334967598,18.276501448984224,18.597526225159086,35879200
2016-09-28,18.269208908081055,18.364056421622777,18.112344588620836,18.30568839984247,33238400
2016-09-29,17.995607376098633,18.23637562425297,17.90440726101588,18.22907944805395,38494600
2016-09-30,17.871572494506836,18.141524015532205,17.780372393046328,18.010195646772573,29672600
2016-10-03,17.619861602783203,17.878869590446108,17.514069137421185,17.878869590446108,38985400
2016-10-04,17.251419067382812,17.623515810989044,17.145626569458706,17.608923454391846,51383600
2016-10-05,17.214935302734375,17.426520263269268,17.149271100609994,17.291544466281813,56343800
2016-10-06,17.21129035949707,17.298841713720847,17.069018365180668,17.156569719404445,40391400
2016-10-07,17.18939208984375,17.4958244392849,17.18209591585671,17.331664003583764,34431600
2016-10-10,17.331666946411133,17.346259296862918,17.200339967154484,17.200339967154484,19549600
2016-10-11,17.13467788696289,17.32072550747075,17.10549318247357,17.32072550747075,28694000
2016-10-12,17.302486419677734,17.3353185176727,17.116437400505127,17.14562210610215,30854600
2016-10-13,17.517717361450195,17.630805999251226,17.29518886955962,17.33166835705505,61084200
2016-10-14,17.419221878051758,17.594325930985324,17.393685957307486,17.426518054207737,35896600
2016-10-17,17.514068603515625,17.55784565849847,17.45205319636147,17.47394172385289,22879800
2016-10-18,17.66363525390625,17.700116130012027,17.437459388462955,17.590676284900958,29522200
2016-10-19,17.623512268066406,17.6782315068999,17.543255714519823,17.652695583790248,17005000
2016-10-20,17.61256980895996,17.751194405249905,17.579737704354546,17.65634687616961,17861600
2016-10-21,17.510419845581055,17.601619948943455,17.43381209274139,17.535955763194274,36307200
2016-10-24,17.57608413696289,17.641748323106714,17.470291682441935,17.587027704119144,21489400
2016-10-25,17.685523986816406,17.685523986816406,17.53230848018609,17.554195614502905,19772600
2016-10-26,17.729305267333984,17.751193800192727,17.55055378626681,17.638105134494605,21702000
2016-10-27,17.623512268066406,17.69647125317773,17.499480045132337,17.627159660680597,31109800
2016-10-28,17.678234100341797,17.762138058811498,17.583386570820636,17.612569890825746,32927800
2016-10-31,18.03208351135254,18.137875959154936,17.674579293719702,17.72200373439027,45431600
2016-11-01,17.703760147094727,18.017488663785198,17.65633710460179,17.981009186236342,48308800
2016-11-02,17.481237411499023,17.66728642578288,17.335318062158272,17.61986197623556,52983400
2016-11-03,17.546903610229492,17.616216596317372,17.375448320377878,17.437463737821265,23641000
2016-11-04,17.4921817779541,17.784021858334317,17.481236818212594,17.6162139860661,29114400
2016-11-07,17.798608779907227,17.80225617097273,17.39732757416227,17.565136786835247,35456200
2016-11-08,17.937236785888672,18.006549759415552,17.791317446322577,17.820500757594505,37695800
2016-11-09,17.276947021484375,17.638098635152016,17.24776232176012,17.623507676892963,85620400
2016-11-10,16.8610782623291,17.20399020505581,16.63854975173704,17.185750459775207,106246800
2016-11-11,16.79176139831543,17.021586032185134,16.7260972172098,16.824593488868246,61903000
2016-11-14,16.780824661254883,16.817304158224864,16.536408970028077,16.664088601026616,56381600
2016-11-15,17.050771713256836,17.090898589263244,16.868371508924877,16.87566629248741,50383600
2016-11-16,16.934032440185547,17.13467375617118,16.824592607940726,17.090896709990876,33634800
2016-11-17,16.93769073486328,17.028890878216366,16.853786769970892,16.853786769970892,38399600
2016-11-18,16.886613845825195,17.021589628122275,16.813653474560738,16.985110138291713,21397000
2016-11-21,17.06536293029785,17.06901171373747,16.908498640869713,16.934034558534467,24596600
2016-11-22,17.131031036376953,17.156566959885247,16.985111672272915,17.072663012414644,21286000
2016-11-23,16.959575653076172,17.116438585912018,16.890262668284628,16.890262668284628,28306800
2016-11-25,17.20398712158203,17.26235513098066,16.985107434237957,16.985107434237957,15732400
2016-11-28,17.53594970703125,17.576077961308634,17.25140592812275,17.255053318692212,46863400
2016-11-29,17.608917236328125,17.692821169728262,17.462996505091137,17.492181207979826,28895400
2016-11-30,17.05442237854004,17.390038150960933,17.05442237854004,17.34991126725239,46934800
2016-12-01,16.919445037841797,16.988756621451873,16.795412830811006,16.912148861945482,36732200
2016-12-02,17.07266616821289,17.193051022664644,16.95957888365924,17.01794691841059,32798800
2016-12-05,17.094552993774414,17.09820038675504,16.84283973840055,16.999704077035297,29776600
2016-12-06,17.061717987060547,17.156565496055432,17.02158971308463,17.087253908390068,16844000
2016-12-07,17.284250259399414,17.284250259399414,17.10549737955101,17.123737128530568,25804800
2016-12-08,17.313425064086914,17.346257152743583,17.050769746436522,17.174801926739164,28791000
2016-12-09,17.495826721191406,17.503122896130055,17.298834172657145,17.298834172657145,32037800
2016-12-12,17.678234100341797,17.696473849295447,17.419226047030513,17.422873440179785,43960200
2016-12-13,17.860628128051758,17.875220478753864,17.700116445138043,17.76578063169437,40434000
2016-12-14,17.4921817779541,18.03573366673664,17.470293250074356,17.940886162464295,56707800
2016-12-15,17.616214752197266,17.634454497088665,17.364501541244636,17.45570165730496,35643200
2016-12-16,17.830949783325195,17.893566945955875,17.621000682582437,17.6615174222126,40238000
2016-12-19,17.89725112915039,17.945134680412167,17.74255096548735,17.937767872135357,23300400
2016-12-20,17.919349670410156,17.970915917852512,17.823582577953047,17.845683000460426,17326200
2016-12-21,17.845687866210938,18.007753460228766,17.84200375891778,17.923037258464316,16888400
2016-12-22,17.90830421447754,17.94145415580418,17.801488985825287,17.834637522076637,14930400
2016-12-23,17.904619216918945,17.97460179293721,17.845686151568007,17.930402345192785,15557000
2016-12-27,17.919349670410156,17.96354911035005,17.816215770450587,17.834632086669306,26268800
2016-12-28,17.749921798706055,17.941454642109807,17.724138666428175,17.930405129726523,17658600
2016-12-29,17.989336013793945,18.01880184491996,17.775702766560926,17.819903620862682,29355600
2016-12-30,17.8898868560791,18.02985342302341,17.834636488710892,18.022486613702636,28055400
2017-01-03,17.845687866210938,17.91198774673533,17.731504426402203,17.864104187450994,37761400
2017-01-04,17.911985397338867,18.00406839653647,17.838318716965773,17.871468652879912,29101000
2017-01-05,17.930402755737305,17.959868586549884,17.738869937692538,17.952503182653096,32612800
2017-01-06,17.98564910888672,18.018797634254092,17.80884854314509,17.84199847358729,21934400
2017-01-09,17.749921798706055,18.059320791115912,17.74623909627007,18.051953981168616,27694400
2017-01-10,17.69466781616211,17.753600873960593,17.6246838440374,17.746234066101415,22448400
2017-01-11,17.878835678100586,17.897251997148285,17.687302868839353,17.690985570618864,26795400
2017-01-12,17.893569946289062,17.923035776822253,17.7867533248216,17.889885839300458,18820800
2017-01-13,17.86778450012207,17.91935215980317,17.753602480658706,17.85673498987079,24346600
2017-01-17,18.063007354736328,18.12194043725278,17.9119912429707,17.926723459793173,30652000
2017-01-18,18.04090118408203,18.12930148227925,18.011435354733006,18.011435354733006,26461800
2017-01-19,17.882522583007812,18.04090549317965,17.83832312588963,17.937772958212093,27601000
2017-01-20,17.91566276550293,17.967229004890083,17.801480779738416,17.908295959151246,23748400
2017-01-23,17.82358169555664,17.981964536331265,17.805165380249665,17.94144779961104,21251000
2017-01-24,17.819896697998047,17.897246055363876,17.786746772687746,17.819896697998047,22098800
2017-01-25,17.819896697998047,17.838313010931632,17.720446922067143,17.738863235000732,38460000
2017-01-26,17.8272647857666,17.91198095541093,17.74623131694389,17.812531172330708,22976400
2017-01-27,17.82358169555664,17.915664677166315,17.786749064942686,17.860415731245386,14457600
2017-01-30,17.838321685791016,17.89725475888269,17.731505051726327,17.830954876020144,18639800
2017-01-31,18.114566802978516,18.129300419326707,17.83463371266285,17.853051435635585,31833000
2017-02-01,17.801485061645508,18.02616638658008,17.749917404779808,18.01879957845641,48759000
2017-02-02,17.989336013793945,17.989336013793945,17.74991963742248,17.85673626103899,31322200
2017-02-03,18.01143455505371,18.085099827693185,17.970917812056992,18.0409003830945,22673200
2017-02-06,17.97460174560547,18.09246787599697,17.956185426183378,18.08141836535874,14084000
2017-02-07,18.0188045501709,18.048271790796132,17.956188771455334,18.004072334933653,12218200
2017-02-08,18.19560432434082,18.228754265940754,18.029854616341147,18.063004557941085,31764000
2017-02-09,18.04090118408203,18.221384482241945,17.996701737520958,18.177183630605796,28992000
2017-02-10,18.155086517333984,18.180869647626448,17.989336818971566,17.993019521123966,18959200
2017-02-13,18.243480682373047,18.261898403578094,18.107198256919812,18.169815417852288,26085600
2017-02-14,18.110881805419922,18.225065218888858,18.015116114017694,18.21769841107716,37568600
2017-02-15,18.066680908203125,18.074047715421365,17.919348979062747,17.981964732805576,37850800
2017-02-16,18.247167587280273,18.254534395877197,18.070368396179354,18.070368396179354,28002200
2017-02-17,18.25821304321289,18.313463392883357,18.155080555907755,18.295045672943363,19947000
2017-02-21,18.44974708557129,18.490263824123147,18.169815427055976,18.232431182945312,22717000
2017-02-22,18.527099609375,18.56393365299737,18.376083543211006,18.449750225380658,32037200
2017-02-23,18.718629837036133,18.78492970132917,18.56761379171864,18.608130531572705,30007200
2017-02-24,19.00225067138672,19.00225067138672,18.7812520016062,18.7812520016062,37259400
2017-02-27,18.895427703857422,18.98014387904027,18.86964458119633,18.965411669715934,27965800
2017-02-28,19.06855010986328,19.116433669063042,18.858600956931944,18.891750897135587,28820800
2017-03-01,18.89911460876465,19.039079751059507,18.777564379583577,18.79598069777237,58243200
2017-03-02,19.0353946685791,19.153260776335177,18.80702926043606,18.832812383690523,34745600
2017-03-03,18.976465225219727,19.046447800929105,18.818082349336574,19.035398290310546,35150000
2017-03-06,18.93963050842285,18.980147252684773,18.873332041992047,18.943314615214874,15233600
2017-03-07,18.928577423095703,18.99856138817549,18.902794300721503,18.9175279149567,35903400
2017-03-08,18.656015396118164,18.78493102741355,18.619181354980196,18.766514709382065,36787800
2017-03-09,18.61550521850586,18.766521327742648,18.60077159685459,18.700221435387427,25685600
2017-03-10,18.77019500732422,18.80702904374537,18.65232890092617,18.71494606030472,22983600
2017-03-13,18.82544708251953,18.836496591919833,18.733364090650486,18.75546310945109,28116000
2017-03-14,18.807031631469727,18.8585978844797,18.744414463475465,18.803347524783295,23341000
2017-03-15,19.109066009521484,19.204831718585748,18.836499690519048,18.873333736370824,45238400
2017-03-16,18.89911460876465,19.072229685829345,18.862280567312045,19.072229685829345,37456800
2017-03-17,19.01305389404297,19.120682297039487,18.94253946574527,18.96480643481119,30257000
2017-03-20,18.886869430541992,19.09470344400482,18.834911281114632,19.057589468875715,14296000
2017-03-21,19.154081344604492,19.224595762513975,18.886866429152697,18.897999912045467,50834200
2017-03-22,19.24686622619629,19.384184387823925,19.16892900600925,19.23202063689781,50505600
2017-03-23,19.187482833862305,19.361913530702097,19.135524693707765,19.243151662990822,45130600
2017-03-24,19.25799560546875,19.32851143172948,19.150367229625648,19.198614676685143,24814200
2017-03-27,19.18377113342285,19.37675952645908,19.109546026353904,19.335934868119256,23642800
2017-03-28,19.168930053710938,19.20233192358148,19.083568618455807,19.180063538416654,16955600
2017-03-29,19.116968154907227,19.18006119729639,19.03532025077561,19.161504919800713,13911000
2017-03-30,18.968517303466797,19.08727918325335,18.91655915802934,19.08727918325335,39422400
2017-03-31,19.042743682861328,19.135526489201176,18.975939949036377,18.990784122078267,19982000
2017-04-03,19.039031982421875,19.042744087576192,18.864601265508014,19.042744087576192,30951600
2017-04-04,19.09840965270996,19.168925481033916,18.983359896186553,19.020472446854804,20268600
2017-04-05,19.20604133605957,19.224597614586262,19.035321308408722,19.076145970619425,25299000
2017-04-06,19.157787322998047,19.191189179216433,19.083560818540203,19.18376638719537,18777600
2017-04-07,19.076148986816406,19.25800252718611,19.061303395346442,19.23202344999044,39836000
2017-04-10,19.10955047607422,19.13181744707857,18.97965367695034,19.087282089316368,16969600
2017-04-11,19.102128982543945,19.139241547249895,18.97594428048868,19.12068526489692,19688400
2017-04-12,19.243146896362305,19.254281792032348,19.016758115445665,19.076139034592337,21042000
2017-04-13,19.180057525634766,19.269128206864387,19.09469753289265,19.265417518376882,21712200
2017-04-17,19.265422821044922,19.272845615815953,19.172640010037046,19.224598157680923,14545200
2017-04-18,19.309959411621094,19.350784077601816,19.235734290659888,19.29511523688091,29414800
2017-04-19,19.176345825195312,19.295109095590554,19.1095435207429,19.28768630270629,25034000
2017-04-20,19.102128982543945,19.154087139433713,18.964809378474023,19.154087139433713,26964600
2017-04-21,19.198619842529297,19.280269172483823,19.0761472633509,19.0761472633509,26517400
2017-04-24,19.298824310302734,19.321092694178123,19.087279618623143,19.217174985179625,36213400
2017-04-25,19.272844314575195,19.30253407590142,19.165215921291985,19.243153137495725,21783200
2017-04-26,19.21346092224121,19.358201852634313,19.194904646813157,19.26912974852537,19194800
2017-04-27,19.2802677154541,19.373050523116774,19.191195597166487,19.206041186173305,18933000
2017-04-28,19.187482833862305,19.280265631496306,19.12810190000667,19.254286561419036,18811400
2017-05-01,19.072429656982422,19.232016165453913,19.024182210856555,19.232016165453913,21385000
2017-05-02,19.09469985961914,19.165214275497657,19.01676265010818,19.09469985961914,18877200
2017-05-03,19.027896881103516,19.142948063301986,19.016763398093502,19.120679681528777,21014400
2017-05-04,19.09469985961914,19.11696682476334,18.96851519937387,18.972225888313528,28078200
2017-05-05,19.198619842529297,19.26913427201059,19.131816102703482,19.150372382487674,21570600
2017-05-08,19.191198348999023,19.235735122405618,19.094704838125054,19.213466735702323,17579400
2017-05-09,19.0501651763916,19.191194013055462,19.01676331176002,19.176348425274053,15517800
2017-05-10,19.07985496520996,19.120679623794317,18.975938682088454,19.065009377405982,16879600
2017-05-11,19.105836868286133,19.105836868286133,18.953673110121155,19.03161033401589,15398400
2017-05-12,19.198619842529297,19.23944450750656,19.124393307639124,19.150372382487674,15046200
2017-05-15,19.2802677154541,19.313669582842795,19.18006211328802,19.202330496798247,12702200
2017-05-16,19.139232635498047,19.306241930417904,19.116964257591086,19.25057169352697,15306200
2017-05-17,19.187482833862305,19.27655352676919,19.1021228299294,19.187482833862305,30065600
2017-05-18,19.254287719726562,19.354493317089872,19.090989079984922,19.228308648086433,33752000
2017-05-19,19.328516006469727,19.328516006469727,19.142950383131517,19.25057736869513,19802600
2017-05-22,19.49551773071289,19.52520890055984,19.28768520479585,19.298818685612005,15558600
2017-05-23,19.547475814819336,19.66252697406809,19.495517683465994,19.528919541586415,30580400
2017-05-24,19.6588191986084,19.692221061678037,19.547478711207532,19.56603640294308,15204600
2017-05-25,19.818408966064453,19.8518108346043,19.65139962336522,19.699647081423517,33554600
2017-05-26,19.818408966064453,19.862944318866468,19.78129499226832,19.82954245032662,15299200
2017-05-30,19.881494522094727,19.929741965408585,19.777578258729097,19.833247078780868,12584600
2017-05-31,19.981700897216797,20.0522153050738,19.881495318207598,19.90376369657174,25241400
2017-06-01,20.12273597717285,20.12644666658447,19.90747918171314,19.929747565442756,22237200
2017-06-02,20.145000457763672,20.27489722318426,20.085619524236673,20.27489722318426,19913200
2017-06-05,20.081911087036133,20.16356041069839,20.052219909066846,20.14500271659094,14700000
2017-06-06,20.037378311157227,20.12644902500641,20.01139781921829,20.12644902500641,15002400
2017-06-07,20.104183197021484,20.152430665685706,20.003978985128054,20.037380861010412,15762600
2017-06-08,19.937170028686523,20.07819887603711,19.814696043838968,20.06335470288403,26585200
2017-06-09,19.918611526489258,19.933457114793267,19.777582684860846,19.874076177330455,27876400
2017-06-12,19.881494522094727,20.026235436283397,19.77015546623828,19.94458755039022,25642200
2017-06-13,19.929750442504883,19.944596033801073,19.810988543642384,19.859234591724736,17829800
2017-06-14,20.037378311157227,20.145005305745535,19.97428525774004,20.05593459189635,31664200
2017-06-15,20.152423858642578,20.174692240293602,19.981703846577577,19.981703846577577,31099000
2017-06-16,20.24483871459961,20.285994593179453,20.173750768965512,20.21116585278333,35391600
2017-06-19,20.177494049072266,20.274770417620726,20.106407526949912,20.263546605506562,35644600
2017-06-20,20.18871307373047,20.21490291394604,20.15129942406229,20.19993831042232,15177000
2017-06-21,20.068992614746094,20.214907882450596,19.964233228135598,20.184977240807427,20153200
2017-06-22,19.97545623779297,20.113888482714987,19.960490203952872,20.039061167993598,15862400
2017-06-23,19.908111572265625,20.05402684187333,19.86695569063481,19.979199523169616,17286200
2017-06-26,20.04279899597168,20.155041378678476,19.881917724104184,19.953005660701976,20710000
2017-06-27,19.818313598632812,20.00912550042622,19.762191695449246,19.95300502448194,20957600
2017-06-28,19.627500534057617,19.923073230626887,19.608793708490808,19.878176563818677,18577600
2017-06-29,19.470367431640625,19.53771316603576,19.395538679286055,19.511523316797625,41191400
2017-06-30,19.440433502197266,19.59757400985048,19.440433502197266,19.492813195668468,30225800
2017-07-03,19.350637435913086,19.522742526678613,19.32444759285048,19.470362840553403,25409400
2017-07-05,19.257102966308594,19.414242033594796,19.204723277213194,19.414242033594796,28005200
2017-07-06,19.24962043762207,19.27206806080939,19.17853249155684,19.17853249155684,28073600
2017-07-07,19.264589309692383,19.3581248927265,19.2271742201349,19.245881051293775,26526000
2017-07-10,19.24962043762207,19.365603630061933,19.23465440400418,19.32070695644778,32627600
2017-07-11,19.2383975982666,19.279553482229147,19.144862017347982,19.279553482229147,18111800
2017-07-12,19.403017044067383,19.459137524444845,19.369344184945145,19.40675783853012,24286000
2017-07-13,19.33567237854004,19.44417397797892,19.320706345395475,19.391794289212417,13842000
2017-07-14,19.42546844482422,19.515263229034172,19.403020819201487,19.46288353292823,25215000
2017-07-17,19.515260696411133,19.515260696411133,19.395535284495196,19.436691162448703,15338000
2017-07-18,19.57138442993164,19.59383205473127,19.507779496106906,19.560159190292204,15780800
2017-07-19,19.6536922454834,19.661175261870042,19.54893287054923,19.605054779829356,21338800
2017-07-20,19.795867919921875,19.79960871472556,19.65743567635306,19.706073144998612,16925000
2017-07-21,19.93804168701172,19.93804168701172,19.732263726269693,19.79960802105335,18504000
2017-07-24,19.7509708404541,19.949265787486198,19.72103877368122,19.949265787486198,21069600
2017-07-25,19.638729095458984,19.76593752898105,19.61628004463525,19.70981561554149,21136200
2017-07-26,19.8257999420166,19.8257999420166,19.60505594087572,19.634986580955413,17262400
2017-07-27,19.87443733215332,19.87443733215332,19.747228901027494,19.769677951428353,19173800
2017-07-28,19.84450912475586,19.900629616778044,19.750973544145857,19.84450912475586,19278000
2017-07-31,19.911855697631836,19.956752378593013,19.792130263575526,19.822060908469727,23722600
2017-08-01,20.024097442626953,20.061511104300873,19.923078843419724,19.941785674256682,21646200
2017-08-02,20.110145568847656,20.113886363293737,19.86321174546394,19.98293714909002,16031800
2017-08-03,20.211162567138672,20.211162567138672,20.046540506820733,20.13633383890714,20929400
2017-08-04,20.121370315551758,20.166268414429922,20.012870144694844,20.10640570983183,34930800
2017-08-07,20.184972763061523,20.192455778622215,20.091437209411783,20.14381689109735,10322800
2017-08-08,20.26728630065918,20.26728630065918,20.14007929762931,20.166269142634224,15137400
2017-08-09,20.16252326965332,20.353336594125075,20.147557238863524,20.300955486360795,17704400
2017-08-10,20.22612953186035,20.26354318408347,20.08769587870825,20.13259397406321,19229600
2017-08-11,20.106401443481445,20.222384606207743,20.035313515628136,20.181228737921963,18672600
2017-08-14,20.222389221191406,20.233614459710537,20.1064060319964,20.110146826676456,23655600
2017-08-15,20.334632873535156,20.34959890766009,20.07273441254665,20.08395822452057,19164600
2017-08-16,20.416946411132812,20.428170224083683,20.300961777428288,20.300961777428288,14263600
2017-08-17,20.271024703979492,20.439388981036977,20.256058673298995,20.372043270213986,17912600
2017-08-18,20.3907527923584,20.488029150171457,20.203681665822998,20.203681665822998,29697600
2017-08-21,20.4655818939209,20.49925475438822,20.372046328982723,20.45061586099332,11312000
2017-08-22,20.51047706604004,20.514219287618086,20.40571769768437,20.47680420803438,16300600
2017-08-23,20.577823638916016,20.58530665514435,20.435649185056473,20.502994903872075,14092600
2017-08-24,20.562850952148438,20.611489828272962,20.52543731035354,20.566593172671293,14034800
2017-08-25,20.630205154418945,20.705033896097458,20.56285942963224,20.611498325809205,15723600
2017-08-28,20.667621612548828,20.701294477180245,20.570343813729348,20.701294477180245,15745400
2017-08-29,20.62272071838379,20.734963109557874,20.618979923815075,20.701291676721144,15860600
2017-08-30,20.562850952148438,20.630196649170408,20.532920324160308,20.611489828272962,11502200
2017-08-31,20.566600799560547,20.622721283064532,20.551634766397026,20.58156540548459,20939000
2017-09-01,20.502994537353516,20.630202956482368,20.443131835836372,20.596530097676514,22537400
2017-09-05,20.555376052856445,20.57034208637803,20.43939286116295,20.540411446574375,18080800
2017-09-06,20.46183967590332,20.611497150728226,20.424426020816824,20.577824290254597,22857400
2017-09-07,20.6152400970459,20.63768914878458,20.46184181159726,20.48055006833263,24703400
2017-09-08,20.71251678466797,20.727482818358858,20.547893268547238,20.58530835277446,18039800
2017-09-11,20.888357162475586,20.914546999101013,20.67135402787742,20.675094821435746,20183200
2017-09-12,20.540407180786133,20.873393507670162,20.42816337992432,20.873393507670162,37790600
2017-09-13,20.43939208984375,20.536668449584113,20.42442605688694,20.521702416627303,21458200
2017-09-14,20.611499786376953,20.622723598890232,20.368306715498584,20.428169427635464,20390800
2017-09-15,20.640525817871094,20.700845105201964,20.546276841533782,20.67068618059915,17030200
2017-09-18,20.429407119750977,20.640525339579515,20.29368980499536,20.625445158564933,31607000
2017-09-19,20.3879451751709,20.478423413392434,20.35778480367994,20.463343227646956,31560000
2017-09-20,20.237144470214844,20.467112249805442,20.157975658983,20.42187169642249,39494000
2017-09-21,20.233369827270508,20.365319258827423,20.20698022858418,20.25599009962676,21424600
2017-09-22,20.067493438720703,20.316310698187145,20.067493438720703,20.289921097798686,22483800
2017-09-25,20.25222396850586,20.27484280630544,20.06372598350674,20.097655678331602,23446600
2017-09-26,20.214519500732422,20.28614964123042,20.176820486457316,20.244679862652674,20022200
2017-09-27,19.943082809448242,20.15419958377689,19.845063074402656,20.075030793403645,24701600
2017-09-28,20.014711380004883,20.067490573245358,19.818673349308003,19.87145254254848,28365000
2017-09-29,19.999629974365234,20.082569523304898,19.928001279087844,20.022250243564706,24254200
2017-10-02,20.03356170654297,20.12781068065213,19.965702330134356,19.98832260164563,33228600
2017-10-03,19.977014541625977,20.048643249088286,19.852605197052927,20.04487248451772,19115000
2017-10-04,20.176822662353516,20.184362753646713,19.92800540217947,19.98832469439968,24281000
2017-10-05,20.157974243164062,20.199444028456316,20.06749458087865,20.169283661652695,25278400
2017-10-06,20.142892837524414,20.1504329287678,19.988324562348428,20.063724036656915,20836400
2017-10-09,20.16927146911621,20.2182813164824,20.142881883178546,20.180580880768186,14681400
2017-10-10,20.36531639099121,20.36908571679049,20.154198193104893,20.218288236693176,16653600
2017-10-11,20.452028274536133,20.55381734359273,20.338929788292788,20.34269911464661,30938200
2017-10-12,20.557588577270508,20.61036777987255,20.440720753830394,20.474650446663908,27336400
2017-10-13,20.414329528808594,20.64806659522319,20.35401023947175,20.614136905088387,25425400
2017-10-16,20.36908531188965,20.452024859075774,20.203207655642434,20.40678575975836,22492800
2017-10-17,20.489728927612305,20.531198711444013,20.30123095610483,20.35778092280723,19199200
2017-10-18,20.452028274536133,20.49349805505459,20.372859477978317,20.40301840318475,17382000
2017-10-19,20.666912078857422,20.666912078857422,20.467104741487727,20.489723571755984,20571800
2017-10-20,20.6820011138916,20.723470904640937,20.576442692439205,20.58398134700669,22462800
2017-10-23,20.693307876586914,20.73477766201101,20.606598978939015,20.678227693137163,21222000
2017-10-24,20.712154388427734,20.734774660327723,20.610365322065643,20.659375192119665,22671400
2017-10-25,20.621675491333008,20.663145269374684,20.37662758733686,20.62544481746171,36662600
2017-10-26,20.625442504882812,20.829020608011575,20.617902415345633,20.719691466910014,34659200
2017-10-27,20.753620147705078,20.802630008265496,20.565122232761116,20.602822678624886,20732200
2017-10-30,20.75739288330078,20.798861220502967,20.60282463588779,20.60282463588779,20114800
2017-10-31,20.780014038085938,20.821483818049614,20.689535825551783,20.742315022550915,19064000
2017-11-01,20.663143157958984,20.813940635826405,20.625442709898344,20.813940635826405,21758400
2017-11-02,20.73854637145996,20.825256704652094,20.610367692203624,20.663148332706566,29453800
2017-11-03,20.813940048217773,20.915729097920273,20.666911900244717,20.712150998515273,23264400
2017-11-06,20.734771728515625,20.851640959619544,20.723462313227355,20.84033010620624,23993000
2017-11-07,20.98358917236328,21.013749530977915,20.693302192260177,20.768701650671705,22649000
2017-11-08,20.998672485351562,21.055221009005287,20.851644310476498,20.972282886688102,19169800
2017-11-09,21.025060653686523,21.062759666891022,20.889341905150058,20.93835177281604,21525200
2017-11-10,20.92703628540039,20.976046142216276,20.85540760091937,20.911957546331916,22073000
2017-11-13,21.175861358642578,21.19471230623114,20.9496643688337,20.9496643688337,19645600
2017-11-14,21.439756393432617,21.454836574556722,21.108001037453647,21.115539689890475,24747600
2017-11-15,21.25502586364746,21.575471752424182,21.232405595520575,21.522692564919783,24130400
2017-11-16,21.187170028686523,21.251258641873605,21.1230799773742,21.202250209951213,22882200
2017-11-17,21.040142059326172,21.194710323464957,21.021291113501114,21.141931126655408,33300800
2017-11-20,20.976055145263672,21.077844227819824,20.94212545107829,21.051454625467358,18583800
2017-11-21,21.032604217529297,21.09292351149345,20.97605425025804,21.036373544222194,15512000
2017-11-22,21.032604217529297,21.074074001778165,20.953435413849864,21.01752403450691,11157800
2017-11-24,21.066526412963867,21.149464513819606,21.03259673230133,21.04390614648054,10004400
2017-11-27,21.157011032104492,21.194711487700253,21.040143215070962,21.092922414779697,14393600
2017-11-28,21.25502586364746,21.29649563615092,21.164546229264918,21.20978532739369,18371000
2017-11-29,21.266334533691406,21.356814164904463,21.10799697672475,21.183394991589854,31138800
2017-11-30,21.33796501159668,21.383205550057713,21.25125613673397,21.292725911260717,31783000
2017-12-01,21.266334533691406,21.451063121610794,21.149465309650576,21.409593350560016,48151800
2017-12-04,21.14569664001465,21.36058415292006,21.111766957023004,21.277644608246046,26111600
2017-12-05,20.878036499023438,21.179632976964953,20.776247418069655,21.179632976964953,39752000
2017-12-06,20.957199096679688,20.99866886976057,20.84410063072048,20.91195999792101,18889600
2017-12-07,20.994897842407227,20.99866860616271,20.829020190290993,20.919499824797576,22950400
2017-12-08,21.062761306762695,21.066532071251824,20.885574205156193,20.96851232828839,19950600
2017-12-11,21.190935134887695,21.202245987646343,20.98358771722856,21.043906992149854,30870800
2017-12-12,20.82901954650879,21.138156011153583,20.817710131841892,21.111766418180853,43101000
2017-12-13,20.885574340820312,21.002442154487397,20.825255051729958,20.885574340820312,34770200
2017-12-14,20.859180450439453,20.95342941013645,20.69707212471062,20.866719101665215,26287200
2017-12-15,20.935667037963867,21.01176935249317,20.867175100040587,20.928056661357846,27275200
2017-12-18,20.703556060791016,21.01557425044797,20.673116005267165,20.95469268786932,38807000
2017-12-19,20.32684898376465,20.730190215063963,20.31543414517674,20.703554624004948,29775000
2017-12-20,20.16703224182129,20.383922849808993,20.15561740504213,20.311626464323297,31512000
2017-12-21,19.927316665649414,20.030054582996424,19.84740988044543,20.026250120071452,39869800
2017-12-22,19.957754135131836,20.033856442005487,19.938728921296114,19.950143759291393,22943400
2017-12-26,19.83979606628418,20.041465951587575,19.835991604018243,19.980584394616884,16487400
2017-12-27,19.923505783081055,19.96155620619463,19.87023461010981,19.9120909464531,21232800
2017-12-28,20.033855438232422,20.041464362160855,19.927311633335258,19.961557597136007,9821600
2017-12-29,20.045272827148438,20.132789978772173,20.00341648256081,20.0947395481639,14060200
2018-01-02,19.858823776245117,20.06810551544152,19.79794221162371,20.041468470109344,24540000
2018-01-03,19.702816009521484,19.931122980950125,19.634324063246,19.786528710865095,41615800
2018-01-04,19.539194107055664,19.771305512805526,19.501143675618042,19.641932013774337,29943600
2018-01-05,19.53158187866211,19.638124229892917,19.43264845120721,19.60768272866659,46832600
2018-01-08,19.7142276763916,19.729446976358002,19.52777709937833,19.565827526590468,28601000
2018-01-09,19.52016830444336,19.718033735337976,19.489728250514656,19.71042335897308,30877400
2018-01-10,19.307083129882812,19.436456622059364,19.26522678660057,19.406015117297425,31124000
2018-01-11,19.234790802001953,19.37557917310345,19.170104763114953,19.288061999092722,33091000
2018-01-12,19.12444496154785,19.28045410953695,19.06736929366781,19.177717617046582,37270600
2018-01-16,19.082582473754883,19.25381086092329,18.97223419420081,19.200539678112598,54585600
2018-01-17,19.200542449951172,19.253813640452226,19.086389691515897,19.113025286766423,46903200
2018-01-18,19.078779220581055,19.20434827031622,18.97984721749695,19.20054235585275,42659400
2018-01-19,19.021703720092773,19.196738047009426,18.998872587721916,19.15488169676173,37263800
2018-01-22,19.048336029052734,19.234785164221552,19.017894524476944,19.113022048980046,41073000
2018-01-23,19.230979919433594,19.367963781389317,19.0635545541407,19.12063164713251,53347800
2018-01-24,19.113025665283203,19.215763585368908,19.082585606478794,19.20054283020115,39062800
2018-01-25,19.409822463989258,19.42504321863208,19.109220543214345,19.120635383430933,52570000
2018-01-26,19.421236038208008,19.520168026481116,19.227175072493782,19.463092381853464,47900000
2018-01-29,19.173904418945312,19.364159476012095,19.15107474107707,19.32991350767884,36121800
2018-01-30,19.20815086364746,19.28805764122981,19.151075216030463,19.158684141154655,26178200
2018-01-31,19.421236038208008,19.440261253083893,19.12443717032699,19.230980986387472,54822800
2018-02-01,19.116825103759766,19.474504019846904,19.059748016981857,19.398401721319896,57039200
2018-02-02,18.979843139648438,19.162487803314495,18.957012012366146,19.021699480567257,43612800
2018-02-05,18.667827606201172,19.151075648224992,18.63358163624575,18.94940429114043,66944600
2018-02-06,18.390056610107422,18.546065716633034,18.02476575571606,18.447132262818126,83343200
2018-02-07,18.30253791809082,18.595530912316157,18.29492899232018,18.37864023957667,55760400
2018-02-08,18.09705924987793,18.49659452861496,18.078032585365595,18.249262405261668,52083800
2018-02-09,18.477567672729492,18.618355978112422,18.093251727630186,18.146522899854507,72845000
2018-02-12,18.61836051940918,18.721098427271357,18.348198679214708,18.515622611547,53008800
2018-02-13,18.70207405090332,18.774370455297333,18.416691444540792,18.61075097819367,50134400
2018-02-14,18.492788314819336,18.667824045387974,18.439517138723495,18.54225502899291,40682200
2018-02-15,18.90374183654785,18.911352212712398,18.51181689902407,18.53845248983457,33008200
2018-02-16,19.071163177490234,19.1168254283,18.842857729563956,18.91515411605013,40133000
2018-02-20,18.823835372924805,19.074971984351482,18.732512308982894,19.006480049277766,33546600
2018-02-21,18.576505661010742,18.9608217306257,18.57270119813235,18.835252682672976,44922800
2018-02-22,18.671634674072266,18.81242303618587,18.56889674987115,18.637388699338562,40257800
2018-02-23,19.158689498901367,19.181520635251474,18.702078384149935,18.72490806896871,41284800
2018-02-26,19.101604461669922,19.269028358150774,19.063552586426123,19.234782396196664,27209800
2018-02-27,18.797199249267578,19.230980524760845,18.789588873193736,19.11682778671485,36402400
2018-02-28,18.667827606201172,18.91515832118501,18.667827606201172,18.86569304910682,23892200
2018-03-01,18.671634674072266,18.97223806878688,18.584117505648614,18.70588064880597,43182600
2018-03-02,18.622161865234375,18.84666285931508,18.466152798265114,18.660213742257785,33714200
2018-03-05,19.00267219543457,19.044528534987823,18.53845090141934,18.576501327451,31000800
2018-03-06,18.74773597717285,19.021703760074654,18.705879626837177,18.97984740973898,41416000
2018-03-07,18.60694694519043,18.770566426073007,18.534649087595646,18.6906581912824,33357600
2018-03-08,18.743927001953125,18.785783345454025,18.618359422981264,18.64879947637138,24517600
2018-03-09,18.797199249267578,18.80100371153909,18.652605006926215,18.705876187912292,26197000
2018-03-12,18.87710952758789,18.89993920851972,18.781981986289047,18.804811667220875,32463600
2018-03-13,18.918962478637695,19.033115217379084,18.774368235415498,18.94559806929299,37745000
2018-03-14,19.113025665283203,19.177713148980622,18.964626931225332,18.976041771835597,38264600
2018-03-15,19.101604461669922,19.276638733199533,18.98745173899977,19.101604461669922,42135600
2018-03-16,19.269184112548828,19.319035147699882,19.088954459715968,19.10045944494039,39512600
2018-03-19,19.15030860900879,19.322868755615822,19.039104481469153,19.257680179568727,43379200
2018-03-20,19.06210708618164,19.234667192598835,19.016091545406276,19.154139630540033,29936400
2018-03-21,18.99691390991211,19.2576710156329,18.931723902078254,19.0774414524063,38471800
2018-03-22,19.081283569335938,19.38805779766864,18.962409945524552,19.016094996640394,50664800
2018-03-23,18.8128604888916,19.25384593319253,18.774512974512323,19.081285775506036,34668600
2018-03-26,19.008420944213867,19.03526346334594,18.83586084778797,18.874208348553495,27519200
2018-03-27,19.280683517456055,19.480086152668566,18.973910795132085,19.03526533959688,42912000
2018-03-28,19.273019790649414,19.3803913727366,19.14647664475745,19.303697803476656,46346200
2018-03-29,19.376554489135742,19.468587058156928,19.296026905497246,19.330538936029182,30929000
2018-04-02,19.22700309753418,19.50309934542415,19.088954973589193,19.41106677519147,35585200
2018-04-03,19.29218864440918,19.384219730390328,19.142635569776274,19.19248659465391,27597600
2018-04-04,19.334375381469727,19.384226423560406,19.13113865551209,19.288359822590465,32714600
2018-04-05,19.48775863647461,19.545279170693124,19.115795830892903,19.330537500793014,28572600
2018-04-06,19.334375381469727,19.556786597867948,19.292195305801876,19.514605059391855,28624000
2018-04-09,19.37272071838379,19.506933359507517,19.28452363095847,19.349712210130548,23512200
2018-04-10,19.22316551208496,19.3995596542716,19.180983986169068,19.376551150278985,28182400
2018-04-11,19.196319580078125,19.284516635510006,19.131129561745617,19.215492598596786,16048200
2018-04-12,18.943235397338867,19.25000813817351,18.904887890479653,19.200157110660438,24157600
2018-04-13,19.092788696289062,19.17715029318334,18.977749091209265,18.977749091209265,20874600
2018-04-16,19.35354232788086,19.36504584741453,19.123461697553708,19.13496667989505,30795200
2018-04-17,19.54911231994629,19.61813637281217,19.31903311893194,19.399560693006173,26389000
2018-04-18,19.47624969482422,19.74467634179851,19.472414213446097,19.572116249971643,28240000
2018-04-19,19.464746475219727,19.510763479076843,19.30752536906043,19.407227414609842,30335400
2018-04-20,19.28835678100586,19.487759455116482,19.227002224572438,19.441743903493418,28160000
2018-04-23,19.29985809326172,19.411062199954685,19.226998565681665,19.315195632345336,23874000
2018-04-24,19.430234909057617,19.549109977596036,19.284518781851737,19.315195322334343,33808800
2018-04-25,19.434072494506836,19.503096546573826,19.288354888720093,19.361214423017397,26815000
2018-04-26,19.629636764526367,19.656479284938356,19.365045579262055,19.45324264101683,23534200
2018-04-27,19.829042434692383,19.901901969406065,19.56828522823977,19.606632736722727,34314600
2018-04-30,19.771522521972656,19.92490816093158,19.752348037145953,19.859719593505794,25492000
2018-05-01,19.710172653198242,19.806039248860085,19.67566062024765,19.771527215909494,21942600
2018-05-02,19.690996170043945,19.783028736196318,19.614304071526316,19.71400467728404,25960600
2018-05-03,19.664148330688477,19.756180871978057,19.441738672017387,19.652644811580135,32960200
2018-05-04,19.752347946166992,19.840546480101708,19.69866289963825,19.69866289963825,23486800
2018-05-07,19.64881134033203,19.783023943027935,19.62196735698519,19.740842421378463,17044000
2018-05-08,19.15797996520996,19.602800906835533,19.123467932549005,19.568288874174577,46295800
2018-05-09,19.023767471313477,19.196327636013166,18.950907922435743,19.161815603073226,44301000
2018-05-10,19.29218864440918,19.296022663488504,19.08128102485293,19.184817093687524,27922800
2018-05-11,19.31903839111328,19.3727234551468,19.242344815576132,19.31136888727874,12957800
2018-05-14,19.246171951293945,19.3842200453162,19.1618103649086,19.34970802181064,17025600
2018-05-15,19.08511734008789,19.219329955840657,18.993084787280424,19.131132885087723,22141400
2018-05-16,18.93556785583496,19.119631519386694,18.86270831666526,19.092788993210895,27082600
2018-05-17,18.782182693481445,18.99308890516564,18.74383664146909,18.939403847225094,22552000
2018-05-18,18.786012649536133,18.897216752779045,18.640295061704578,18.835862209924866,23620800
2018-05-21,18.881885528564453,18.93557058866401,18.724664368497965,18.80902597887948,21484000
2018-05-22,18.95090675354004,19.062112348688228,18.87421465201115,18.87421465201115,22051400
2018-05-23,19.123458862304688,19.16564037808454,18.970073260968583,19.016088795088667,27165800
2018-05-24,19.280683517456055,19.296022519274185,19.08511636410194,19.1503049276174,25795200
2018-05-25,19.365049362182617,19.41490039388931,19.269182781181712,19.3075288284589,27743200
2018-05-29,19.365049362182617,19.495427970856163,19.227001251492045,19.330537334509973,34561400
2018-05-30,19.52227020263672,19.55678222978984,19.261512989214886,19.311364020171155,27771800
2018-05-31,19.552946090698242,19.667985681135686,19.380385973638194,19.49925958320686,30216400
2018-06-01,19.253843307495117,19.51076649897063,19.16181221115158,19.503096997140684,34360000
2018-06-04,19.1004581451416,19.372718884394075,19.085119141091564,19.292191307343277,28729000
2018-06-05,19.000755310058594,19.161811920428086,18.92789723799137,19.134969395834485,29829200
2018-06-06,18.548263549804688,19.019926898560723,18.548263549804688,18.996919857962915,52255800
2018-06-07,18.678646087646484,18.862709765334436,18.540597963678504,18.578945477451875,43051600
2018-06-08,18.67097282409668,18.75533587459722,18.6134537592345,18.74766637338737,22482400
2018-06-11,18.632627487182617,18.782179109424398,18.578942439486372,18.713155058726986,34670400
2018-06-12,18.847370147705078,18.87037719062815,18.605785957357384,18.617289478818922,33322600
2018-06-13,18.797517776489258,18.981581420790288,18.739997247666768,18.870375845230974,33451400
2018-06-14,19.031435012817383,19.073616544596977,18.805189811933385,18.828196856316428,32277200
2018-06-15,19.16684341430664,19.17458151755828,18.857326663702416,19.00821598737871,43422400
2018-06-18,19.22874641418457,19.290649763177875,19.11654613291788,19.155235172579093,34453400
2018-06-19,19.418331146240234,19.48797262119472,19.22875272344738,19.263573460924622,33294800
2018-06-20,19.43380355834961,19.484100497293493,19.348685888735726,19.44927976662349,24635400
2018-06-21,19.499570846557617,19.600163218328074,19.391238897083266,19.453142235686318,25407400
2018-06-22,19.634992599487305,19.68528954550441,19.472496817437268,19.511185867670324,25953400
2018-06-25,19.959983825683594,20.002542662608164,19.638859129538226,19.638859129538226,42932400
2018-06-26,19.98320198059082,20.099270618947013,19.863263551283495,19.905822396389087,39817400
2018-06-27,20.07992172241211,20.118610768147704,19.90581806481695,19.95998331920378,43529400
2018-06-28,20.072179794311523,20.261758148550516,20.041227382905525,20.099262416345663,30075600
2018-06-29,20.10313606262207,20.184383950277276,19.925164077503254,20.037364384775266,28741400
2018-07-02,20.246288299560547,20.257894718689677,20.021887690446913,20.114743471157656,31405600
2018-07-03,20.304323196411133,20.42426161351356,20.161171939535283,20.254026250414288,21211200
2018-07-05,20.41265106201172,20.428127270442292,20.230810778576142,20.31592697315935,22062000
2018-07-06,20.57127571105957,20.617704330037128,20.42038638911318,20.455207115400214,24793400
2018-07-09,19.936765670776367,20.57127536039766,19.86712421938942,20.56740704682827,55873600
2018-07-10,20.12635040283203,20.23468091984288,19.68915706849273,19.747192117401458,54218200
2018-07-11,20.308191299438477,20.343012032097803,20.103135217825752,20.118611426983797,43544600
2018-07-12,20.323667526245117,20.36622636661102,20.215337005962926,20.30819279184241,34273400
2018-07-13,20.327529907226562,20.39717135227818,20.192115330340815,20.350742738315695,21918600
2018-07-16,20.308191299438477,20.36235655559909,20.207597415803736,20.312059613781717,20986400
2018-07-17,20.29271125793457,20.373959126831558,20.273366738086562,20.33913840074824,22107000
2018-07-18,20.188251495361328,20.30432010423012,20.10313382677441,20.26949937398024,20722600
2018-07-19,20.373960494995117,20.493898887534552,20.207594956524314,20.207594956524314,22238800
2018-07-20,20.230810165405273,20.366223295337402,20.095395559580723,20.31205804336455,27657000
2018-07-23,20.08765983581543,20.273371401573897,20.018019843521756,20.234680877085633,29527400
2018-07-24,20.157299041748047,20.219202398089255,19.801355111759207,20.03349232906563,31397600
2018-07-25,20.2153377532959,20.315930172149173,20.091531018141385,20.15343438571864,26937400
2018-07-26,20.431997299194336,20.490030867648258,20.27723816486557,20.312058896294918,38142000
2018-07-27,20.366222381591797,20.532587919982827,20.284974507277767,20.44360194203522,31495800
2018-07-30,20.24241828918457,20.33914238325594,20.176646613644465,20.33914238325594,18952800
2018-07-31,20.424257278442383,20.47842252760728,20.25789174121172,20.331401511379458,30439600
2018-08-01,20.29271125793457,20.350744817478592,20.11860762751798,20.30818746416988,39970800
2018-08-02,20.393306732177734,20.455210090592665,20.165037821292835,20.284976223924726,34583800
2018-08-03,20.621578216552734,20.675743477438843,20.331405911040566,20.4010473824349,30833200
2018-08-06,20.637054443359375,20.75699286105382,20.59836539295093,20.640922758043153,24398200
2018-08-07,20.606101989746094,20.64092272541572,20.443606207216288,20.59836536039077,26216400
2018-08-08,20.497772216796875,20.567413690679974,20.424262428094817,20.53646274445011,34012000
2018-08-09,20.59062385559082,20.60223027360023,20.42425830995796,20.49389976979927,17362200
2018-08-10,20.501638412475586,20.7608582607799,20.493900308301843,20.61770702329681,26601000
2018-08-13,20.528722763061523,20.567411811286735,20.431998666605907,20.536460867885083,34546800
2018-08-14,20.57127571105957,20.652525056324162,20.513242151176026,20.536456460664805,19887600
2018-08-15,20.760854721069336,20.88466141495535,20.594489199430214,20.637048027183322,38545400
2018-08-16,20.985261917114258,21.000736651827946,20.671875293852363,20.714434135073535,26545800
2018-08-17,21.093591690063477,21.18644599861697,20.934964226716346,20.973653275964864,28230200
2018-08-20,21.020082473754883,21.1477575204368,20.969785527659504,21.136151100527353,19149200
2018-08-21,20.86918830871582,21.00073312499313,20.807284952578993,20.98912670693386,23701600
2018-08-22,20.71442985534668,20.89240181287179,20.63705029419461,20.888533498965753,25305200
2018-08-23,20.698955535888672,20.845976567898155,20.660266489729995,20.70669364029891,22336200
2018-08-24,20.787940979003906,20.807285501577237,20.594492801485657,20.67574068182913,15692600
2018-08-27,20.66026496887207,20.861449765158444,20.55580278086238,20.803416200192437,24768200
2018-08-28,20.617708206176758,20.687349671843457,20.555804845127753,20.609970101559064,20132200
2018-08-29,20.768592834472656,20.768592834472656,20.637048037665426,20.667998973206544,23822400
2018-08-30,20.776336669921875,20.888536978487604,20.702825410430652,20.803419299452553,26951400
2018-08-31,20.687349319458008,20.892403922710113,20.60996975049169,20.80728624925791,24265000
2018-09-04,20.78020477294922,20.892405080372853,20.69121878026956,20.710563304609902,25930200
2018-09-05,21.070377349853516,21.08198524532833,20.756992213993378,20.756992213993378,29669600
2018-09-06,21.190317153930664,21.256088837067978,21.020083260022858,21.081986628343216,24705600
2018-09-07,20.931093215942383,21.08585235569902,20.884666064372404,20.985259947981984,32367000
2018-09-10,21.035554885864258,21.12067255818306,20.958175317928305,20.973651526693995,19864800
2018-09-11,20.981388092041016,21.112932905115258,20.93882925900341,21.027815239040045,18093400
2018-09-12,20.96204376220703,21.093588576484628,20.915616614783293,20.977519969979078,19619800
2018-09-13,21.12067413330078,21.128412238260715,20.857584468233583,20.9543085663938,17548400
2018-09-14,21.008472442626953,21.054899593438495,20.830500467938936,21.035555070258063,26135000
2018-09-17,21.07811737060547,21.10906979349466,20.946572525111936,20.969786842278825,28518200
2018-09-18,21.0394229888916,21.109064446860298,20.938829115873535,21.047161092653944,19535000
2018-09-19,20.5828914642334,21.03169128783121,20.486167351596862,21.03169128783121,51020000
2018-09-20,20.625446319580078,20.64479084318628,20.38556950400703,20.555804853883714,35629000
2018-09-21,20.71327781677246,20.787448458272095,20.49857058502959,20.592261148804752,40685200
2018-09-24,20.52979850769043,20.717178120873612,20.510280077201497,20.64300748935135,27053600
2018-09-25,20.248733520507812,20.482959213743936,20.213599740980452,20.471246961127367,40048000
2018-09-26,20.049644470214844,20.354136254215174,20.041836797655698,20.346328581656024,48164400
2018-09-27,20.256540298461914,20.365844723650994,20.053545302281403,20.10039133235767,32913600
2018-09-28,20.55322265625,20.56883650800955,20.272152476325896,20.299478578356197,30854800
2018-10-01,20.482959747314453,20.529804291517486,20.404884514201925,20.490767419541825,25157400
2018-10-02,20.760122299194336,20.814774507434944,20.521993544007977,20.521993544007977,31666400
2018-10-03,20.51028060913086,20.834290733300495,20.334611751852947,20.72498632839905,49352600
2018-10-04,20.619592666625977,20.662534124248733,20.307293187316883,20.45953909040748,48151800
2018-10-05,20.935791015625,21.002153985365716,20.572742504607845,20.588357846603653,60780000
2018-10-08,21.111467361450195,21.252001021663908,20.924086169508907,21.017776765479553,42978600
2018-10-09,21.197343826293945,21.291034400305524,21.060713290403267,21.091942488966357,36227600
2018-10-10,21.080230712890625,21.427663906744716,21.07242304133467,21.16220903048654,61168000
2018-10-11,20.69375991821289,21.18953591144295,20.588360071254773,21.138788278214562,85789600
2018-10-12,20.670339584350586,20.73279947352527,20.49857377224929,20.66643500362398,43738200
2018-10-15,20.767940521240234,20.900668018324723,20.643020699179743,20.666442235089995,36706000
2018-10-16,20.982637405395508,21.099749502384096,20.68204874665609,20.74450863099408,35875000
2018-10-17,20.943599700927734,21.04509645049405,20.83039069971685,20.95531046341126,28517000
2018-10-18,20.974828720092773,21.10365306296752,20.86552430007374,20.99825173402301,33038000
2018-10-19,21.302743911743164,21.415952914348967,20.912369273097827,20.978733736031288,59579200
2018-10-22,21.166114807128906,21.34958988699988,21.11536568372745,21.326168360169337,24500000
2018-10-23,21.04899787902832,21.341778831279232,20.963116478997485,21.20514831589318,37849200
2018-10-24,21.560386657714844,21.661884876715803,21.052900030192326,21.142685999825016,58326800
2018-10-25,21.22467041015625,21.419857745333015,21.119269070461453,21.419857745333015,59822400
2018-10-26,20.83428955078125,21.400332952477594,20.68985138262229,21.33787308334177,73786000
2018-10-29,21.127077102661133,21.22076768037378,20.88114212834271,20.88114212834271,49946400
2018-10-30,21.20905876159668,21.337881641851663,20.959217695682717,21.20905876159668,50131000
2018-10-31,20.959217071533203,21.162212093890005,20.834297286876907,21.033389217471267,50286000
2018-11-01,20.865522384643555,21.002152897124827,20.728890383001385,20.99044213581526,54054800
2018-11-02,20.7484130859375,20.97873418725862,20.611781065976203,20.924080485777445,48273200
2018-11-05,21.04119110107422,21.11536173744435,20.791350111339327,20.8420992252562,42506600
2018-11-06,21.181730270385742,21.22857630592639,20.99435059570699,21.021676705191727,26136200
2018-11-07,21.42376136779785,21.454990565665604,21.170017247752185,21.337878467629572,41450800
2018-11-08,21.388628005981445,21.513547778207315,21.209056019551902,21.44328022018512,41168200
2018-11-09,21.419858932495117,21.51354951380354,21.271517621735246,21.314457586958618,40030200
2018-11-12,21.40814208984375,21.6306554819665,21.10755348365879,21.26370391178321,55327800
2018-11-13,21.49793243408203,21.544776976375775,21.24028521772471,21.404243349494543,47516000
2018-11-14,21.275415420532227,21.4549873767748,21.20124478360444,21.31445228435508,55155600
2018-11-15,21.099748611450195,21.185631507223952,20.91236896634831,21.1661130734102,68562400
2018-11-16,21.42376136779785,21.525258122319446,21.26370781967768,21.42376136779785,42812800
2018-11-19,21.517454147338867,21.53697258550469,21.302748349192054,21.392534356083946,29144000
2018-11-20,21.427661895751953,21.732153612052183,21.29883905007145,21.57990775390207,48856800
2018-11-21,21.111467361450195,21.380825404978356,21.052910552823356,21.353499291395565,37819400
2018-11-23,21.123172760009766,21.173921881979993,20.982637646345207,21.138788103563854,16235800
2018-11-26,21.248090744018555,21.25980150611916,21.033385000261795,21.146592508609977,32202000
2018-11-27,21.40814208984375,21.431565100810666,21.14659034610947,21.232473230493987,26366800
2018-11-28,21.392528533935547,21.494026767432473,21.318357893427002,21.431566888803967,24124400
2018-11-29,21.384727478027344,21.423765844971737,21.166118579784474,21.423765844971737,34979200
2018-11-30,21.7009220123291,21.720440442642982,21.380814989866973,21.43546719041015,36333600
2018-12-03,21.91954231262207,21.91954231262207,21.505744550878802,21.630664348921776,35813000
2018-12-04,21.93515396118164,22.177187348528403,21.880501741187633,21.97419232486401,44536000
2018-12-06,21.95857810974121,22.032748770813793,21.50964658383306,22.02494109767541,49395800
2018-12-07,22.04055404663086,22.16937840566009,21.779003726169663,21.927345032179943,39458800
2018-12-10,22.083494186401367,22.153761743663942,21.657985751494063,22.040552735945223,42296200
2018-12-11,22.173280715942383,22.24745285549527,21.993708727102746,22.110820828991155,52186800
2018-12-12,22.032743453979492,22.294295228934153,22.02103269167859,22.149857033632607,36594800
2018-12-13,22.224029541015625,22.32162320613895,22.044457554587392,22.048360645961417,36144000
2018-12-14,22.18108558654785,22.294294582711842,22.052262737488917,22.243545465610573,50311200
2018-12-17,21.466699600219727,22.239641118393997,21.38081671292451,22.22402577722016,60421600
2018-12-18,21.322261810302734,21.73996254402918,21.259801929254696,21.58771667704715,47270800
2018-12-19,21.28713035583496,21.53696990727602,21.162210580114433,21.36520558795059,55856800
2018-12-20,21.275415420532227,21.579907128001015,21.033383588676543,21.30664610291923,78047600
2018-12-21,21.184478759765625,21.818318976275233,21.121488362394068,21.436440349251846,71291600
2018-12-24,20.29867172241211,21.302581653110963,20.215995620832075,21.14510493771107,45330600
2018-12-26,20.57425308227539,20.60181278315179,20.003403385761537,20.302607333552057,61678200
2018-12-27,20.747482299804688,20.775040504896378,20.23568513148964,20.582131567445018,59461200
2018-12-28,20.798660278320312,21.007315666858275,20.71992191414071,20.79472253411617,42175200
2018-12-31,20.834089279174805,20.893143422982533,20.61755992156191,20.80653107921367,32604400
2019-01-02,20.475830078125,20.771097777686446,20.35378705679748,20.751413564744183,50347800
2019-01-03,20.471895217895508,20.645118406010976,20.377408886862984,20.47583146002594,43175000
2019-01-04,20.775035858154297,20.78684608574928,20.349849643024513,20.377407841952273,38007000
2019-01-07,20.633310317993164,20.735669143903692,20.519139760847604,20.645120547418763,32535400
2019-01-08,20.88920783996582,20.91282829678673,20.53882221175942,20.65299275909153,33287000
2019-01-09,20.763229370117188,20.964010784439594,20.704175217887936,20.877398428319218,36149400
2019-01-10,21.034875869750977,21.074244304680555,20.75929231981534,20.786850524627955,50916200
2019-01-11,20.956132888793945,21.050619214376063,20.826215880653876,21.007313044392976,49685000
2019-01-14,20.483705520629883,20.96007191784701,20.29079811754175,20.70810886811322,46979600
2019-01-15,20.735668182373047,20.84983873422442,20.377410055584782,20.39709577279385,54186200
2019-01-16,20.810474395751953,20.818348383822105,20.57819700401625,20.696303821449224,36696400
2019-01-17,20.897090911865234,20.944333347856553,20.763236091714862,20.794730548439087,41571800
2019-01-18,20.920705795288086,20.99157018126657,20.826220948523144,20.92464353995887,28309400
2019-01-22,20.960073471069336,21.074242523439107,20.75535432275788,20.91676729522142,33828800
2019-01-23,21.172666549682617,21.184478281417128,20.92857895310556,20.964011144690094,28422200
2019-01-24,21.28289794921875,21.302582163663185,20.99944045542911,21.156917174603198,43848200
2019-01-25,20.991565704345703,21.31439161526027,20.960071262744137,21.21596904481536,36308200
2019-01-28,20.893146514892578,21.07424371338269,20.798661672988818,20.995506845732717,28367600
2019-01-29,20.952199935913086,21.050622518848705,20.88133555605469,20.991568368363563,25237000
2019-01-30,21.11360740661621,21.204155979089883,20.865582141782827,20.897078080978385,37157800
2019-01-31,21.55847930908203,21.621469694502366,21.011250054153642,21.10573638318877,46163200
2019-02-01,21.47580337524414,21.558477969381478,21.290769974338073,21.467929389829752,31124800
2019-02-04,21.511241912841797,21.52305214354739,21.231722106205765,21.381324869651507,36131400
2019-02-05,21.554548263549805,21.593916700750253,21.389199025136396,21.511242081543546,24592200
2019-02-06,21.54273223876953,21.629343077678193,21.436435684745565,21.523046523654227,18408400
2019-02-07,21.826190948486328,21.826190948486328,21.444312356721344,21.511238990707692,32150800
2019-02-08,21.920679092407227,21.93248932248134,21.72777015760945,21.775014081524937,29267400
2019-02-11,21.912805557250977,22.026976123021665,21.838004928888914,21.9206795447327,29458200
2019-02-12,21.9639835357666,22.074216345904443,21.790758832053534,21.916739615585183,29506600
2019-02-13,21.900997161865234,21.956113577045578,21.810448550953282,21.89705941688968,26763600
2019-02-14,21.86556053161621,21.97973108379772,21.786822167980365,21.916739191441543,38188000
2019-02-15,21.932485580444336,22.015160180476535,21.85374722249541,21.936423324336875,18689000
2019-02-19,22.062406539916992,22.086026998651338,21.88130934784301,21.948235983336225,28978600
2019-02-20,22.160829544067383,22.20019797724595,21.936426170968744,22.054532972313904,28716800
2019-02-21,22.322242736816406,22.357674927740298,22.019100992647417,22.09390161712698,38200000
2019-02-22,22.460033416748047,22.463971161129805,22.259252005752337,22.361610832536346,30495000
2019-02-25,22.31436538696289,22.49546255692275,22.22381680198296,22.479714585149914,26160200
2019-02-26,22.28680992126465,22.39310649105718,22.17263936461977,22.361610543647792,27405400
2019-02-27,22.31436538696289,22.3852297581314,22.21200507224871,22.235627029907963,23912600
2019-02-28,22.44428253173828,22.49940043326779,22.208068960991707,22.326175746364996,25616200
2019-03-01,22.491527557373047,22.507274028206506,22.302556391087524,22.452157625766063,26836000
2019-03-04,22.53089714050293,22.578139559040267,22.31043001764635,22.519086911320947,24675200
2019-03-05,22.503337860107422,22.586012464040532,22.463969430180036,22.53089606141846,24091000
2019-03-06,22.503337860107422,22.586012464040532,22.424599498443317,22.526959819149454,22608600
2019-03-07,22.578140258789062,22.71986902060298,22.515149864850596,22.542708068335582,30257000
2019-03-08,22.656871795654297,22.676556006236037,22.44427871702989,22.60569164669457,36031800
2019-03-11,22.818288803100586,22.826162789102217,22.649001858588694,22.66474983059196,28917600
2019-03-12,22.975767135620117,22.999387593477195,22.81435416575614,22.857660340906612,34204200
2019-03-13,22.999387741088867,23.054505647331002,22.91671313443974,22.932461107651775,31775200
2019-03-14,22.995452880859375,23.125371414953523,22.908840524796606,22.98757889378008,30310800
2019-03-15,23.078737258911133,23.154094133412826,22.900263954548027,23.031144478610788,35429800
2019-03-18,22.991487503051758,23.12236804659751,22.892334980113564,23.090640025989952,30017600
2019-03-19,22.72972869873047,22.991491342482075,22.646439415713566,22.955796367745595,45271600
2019-03-20,22.789213180541992,22.97165344100023,22.674195902578077,22.773348415385463,37761000
2019-03-21,23.031145095825195,23.07873787740099,22.769382527737466,22.805077492156123,30743600
2019-03-22,23.19772720336914,23.360337296389375,23.031150161792453,23.118404874663458,40905000
2019-03-25,23.217552185058594,23.288942113541438,23.122365109432387,23.217552185058594,27526000
2019-03-26,23.384130477905273,23.399995244568295,23.197724764930754,23.229452785309377,31399400
2019-03-27,23.221519470214844,23.427756889716576,23.114434568957368,23.4079266886572,34647000
2019-03-28,22.947860717773438,23.296878030763015,22.86853839487388,23.217555707863458,49497600
2019-03-29,23.070810317993164,23.098574418742718,22.86060743522165,22.91613261082563,43670200
2019-04-01,22.91216468811035,23.070807813622555,22.777317199303912,23.070807813622555,53363800
2019-04-02,22.943891525268555,22.98751887424331,22.801113173552064,22.95975629088616,49956200
2019-04-03,22.9081974029541,23.00338448721875,22.73765646159838,22.896299584776287,30901000
2019-04-04,22.828882217407227,22.967695173476585,22.69403469739082,22.947864967316356,32529200
2019-04-05,23.043041229248047,23.054940558482958,22.757483047711524,22.82887297133244,30838600
2019-04-08,22.880435943603516,23.023215820547275,22.820945336841916,22.991487799530578,29363400
2019-04-09,22.935962677001953,22.95975831457841,22.8328432043458,22.900267707689814,25987800
2019-04-10,22.86457061767578,23.138231015055037,22.8130108861299,22.983553333364704,33782400
2019-04-11,22.979589462280273,22.98752184611459,22.8328441437142,22.860606730660553,34840000
2019-04-12,23.086673736572266,23.11047088741753,22.781283775655,22.89630106865257,31853200
2019-04-15,23.08271026611328,23.185828235992215,23.023218140409693,23.10650590603663,30506200
2019-04-16,22.797143936157227,23.13426336341151,22.72178857646252,23.082703636806094,39377400
2019-04-17,22.709890365600586,22.8328400234244,22.690060166067003,22.7733479118764,30389600
2019-04-18,22.72178840637207,22.880431506586074,22.70988907696933,22.76541575063875,32078800
2019-04-22,22.701961517333984,22.789214705639484,22.6543672186793,22.713859335523967,21371000
2019-04-23,22.765413284301758,22.836803201195394,22.598836307234276,22.709886616647935,34136400
2019-04-24,22.91216468811035,22.99148700734015,22.78524958252163,22.82094455052767,32856800
2019-04-25,23.007343292236328,23.0985649151367,22.78524268120083,22.80903831069924,30506600
2019-04-26,23.043041229248047,23.27307576379258,23.019245596672498,23.134262863944766,29034800
2019-04-29,22.9081974029541,23.031147071598568,22.81301183163683,23.023214688497568,41551800
2019-04-30,23.28498077392578,23.30084554250896,22.872505868448837,22.91216778990678,44033400
2019-05-01,23.047014236450195,23.281014266967812,23.027184033107524,23.21755670850274,52825400
2019-05-02,22.995452880859375,23.126334937025785,22.824910420795682,23.003385264228317,46927600
2019-05-03,23.122364044189453,23.16202595426784,22.959753995235996,22.99544895783296,32142600
2019-05-06,22.995452880859375,23.18582554287171,22.94786009359315,23.122367988867598,26779000
2019-05-07,22.924060821533203,23.015280952411157,22.816975925385876,22.959755786915643,25084400
2019-05-08,22.61073875427246,22.920095628499816,22.59090855395018,22.896298480344697,57384800
2019-05-09,22.58297348022461,22.709888562700666,22.47192316129484,22.610736059957052,32347600
2019-05-10,22.98752212524414,22.999421457613867,22.53538683183057,22.579014186975307,50316000
2019-05-13,23.233421325683594,23.28497955145067,22.88440399991536,22.916132022468368,40192600
2019-05-14,23.078737258911133,23.257212076221446,23.03511142618835,23.237381877175235,35218800
2019-05-15,23.03908348083496,23.17789642699195,23.011320891603564,23.090643223527977,29155000
2019-05-16,23.193754196166992,23.265144122058953,22.95182183763837,23.015279381437093,27816600
2019-05-17,23.312740325927734,23.40396046397793,23.058910113449382,23.09063964648288,20954200
2019-05-20,23.344465255737305,23.49121053471246,23.284973149504268,23.36429545349928,18237400
2019-05-21,23.38809585571289,23.578468504044807,23.324638306268916,23.380163472913978,23008800
2019-05-22,23.562606811523438,23.586403963023837,23.352403935252873,23.42379387680656,18515800
2019-05-23,23.764877319335938,23.768844267728994,23.56260682676798,23.586403978283773,30329000
2019-05-24,23.72918128967285,23.903689176366,23.701417192773118,23.7807395096145,17424800
2019-05-28,23.340499877929688,23.78073725740567,23.300839479738805,23.760907058310227,32795800
2019-05-29,23.031145095825195,23.419822756746534,22.9756199318289,23.396027122432262,40238200
2019-05-30,22.995452880859375,23.162029905712313,22.92406294348632,23.03511479770409,33645200
2019-05-31,23.102540969848633,23.165998532595548,22.900270461388978,23.00338843349735,36514000
2019-06-03,23.332569122314453,23.36429713843228,23.058907229443687,23.177889937543178,40670800
2019-06-04,23.352397918701172,23.384125932913065,22.920092945315883,23.356363353122486,37057800
2019-06-05,23.852127075195312,23.931449384160764,23.356364535345236,23.43965227893272,63510600
2019-06-06,23.998872756958008,24.042500103251875,23.816432502408404,23.883856995666353,51022400
2019-06-07,23.82040023803711,24.26856850691545,23.808500907687815,24.121823211483925,37986200
2019-06-10,23.657791137695312,23.79660405617741,23.538806907056554,23.74901127169031,27400600
2019-06-11,23.515010833740234,23.71331586385183,23.380163352746457,23.64985831473401,36072200
2019-06-12,23.82040023803711,23.856095203190428,23.606230447117188,23.63399302968674,24700400
2019-06-13,23.867998123168945,23.939388068737554,23.709353463472567,23.875930507448523,32424000
2019-06-14,24.117860794067383,24.161486634315253,23.887826209200146,23.89575859277634,28485400
2019-06-17,24.05044174194336,24.18925621657229,23.899729445726848,24.117866261151196,22924200
2019-06-18,23.95128059387207,24.197178400388996,23.788670534457243,24.157518000706265,46290600
2019-06-19,24.133726119995117,24.23684560239031,23.836268518616635,23.844200902873773,43191800
2019-06-20,24.28839683532715,24.343921992728973,24.01076953537096,24.26063274367917,38275600
2019-06-21,24.382349014282227,24.42632311148319,24.094509687002933,24.266413560236394,30116400
2019-06-24,24.39034652709961,24.46230636874857,24.298398179442657,24.42632644792409,19774400
2019-06-25,24.242429733276367,24.41033653866512,24.186461306488532,24.41033653866512,24290800
2019-06-26,23.7147216796875,24.234430382474073,23.706725973487703,24.18246057971293,33777000
2019-06-27,23.746707916259766,23.85864476908923,23.654758044263858,23.790682019139027,28271000
2019-06-28,23.838659286499023,23.970584661918338,23.706732386054277,23.75470511120444,32266400
2019-07-01,23.7786865234375,23.878630566420185,23.56280702458888,23.854643447095317,35846800
2019-07-02,24.102508544921875,24.14248555670464,23.862641899149565,23.866640515342986,42719000
2019-07-03,24.27041244506836,24.418330735313415,24.154476982452017,24.17446701223254,31573200
2019-07-05,24.2584171295166,24.294397044352085,23.886625184558298,24.11849608572584,31892800
2019-07-08,24.294397354125977,24.370354275291618,24.142481986769674,24.274408851190284,18836400
2019-07-09,24.32638168334961,24.33437739052465,24.122496487974285,24.254421843799445,34965400
2019-07-10,24.382349014282227,24.514274355935207,24.27041065088192,24.354363279663367,22972000
2019-07-11,24.39034652709961,24.482296399781813,24.182464234586224,24.35436660627513,39996000
2019-07-12,24.230436325073242,24.410335924526084,24.142485070890693,24.382351711836222,22490600
2019-07-15,24.32638168334961,24.36236160312469,24.142484993399282,24.234433338374448,18690600
2019-07-16,24.186460494995117,24.350368678670936,24.058532230907904,24.266416041305927,28749200
2019-07-17,24.27840232849121,24.41832487826688,24.186454008651378,24.270406623501906,26709400
2019-07-18,24.490283966064453,24.49428258120097,24.146477790541333,24.28240172971088,29466400
2019-07-19,24.134485244750977,24.50228008808725,24.12249244850929,24.434317350992796,30616600
2019-07-22,24.0825138092041,24.21843774913912,23.942591254110045,24.194450633259464,26353000
2019-07-23,23.930601119995117,24.12649058387679,23.886625498504326,24.110500696536974,33581200
2019-07-24,23.950584411621094,24.058524134060008,23.766687784513913,23.99855711325238,27121400
2019-07-25,23.890621185302734,24.046535159161067,23.770688649663576,23.874631298902464,28296600
2019-07-26,23.978572845458984,24.07052117523602,23.858640307707415,23.910611633242244,27758000
2019-07-29,24.102508544921875,24.13848846553646,23.910616143319174,24.04654011841591,33243400
2019-07-30,23.918609619140625,24.15847471750894,23.798675544931363,24.04653787494041,37991200
2019-07-31,23.806665420532227,24.04253337033367,23.66274578675172,23.92659794034107,48762000
2019-08-01,24.050527572631836,24.18645149326439,23.686731421089505,23.766686937642415,58986200
2019-08-02,24.04653549194336,24.246423562449873,23.994564166604682,24.086512496034683,29878600
2019-08-05,23.702730178833008,24.162471872769725,23.574801922691915,24.098507744699177,53153600
2019-08-06,23.998563766479492,24.090512105524326,23.462863620504088,23.726715840162118,54071800
2019-08-07,24.058530807495117,24.202450477334587,23.6667503312794,24.006559476714173,49909400
2019-08-08,24.306392669677734,24.370356800715363,23.91461217644409,24.04653905453587,34115000
2019-08-09,24.334373474121094,24.442313216074385,24.24642375940079,24.32637776823289,23627000
2019-08-12,24.286399841308594,24.402335284746332,24.162468692286364,24.33837116509532,27249600
2019-08-13,24.30239486694336,24.39034459140359,24.138486690645728,24.282406362521723,35494400
2019-08-14,24.102508544921875,24.4583091348743,24.038544411054307,24.334377958307343,40581000
2019-08-15,24.414331436157227,24.4982840687956,24.042539463015736,24.1864591332673,44171600
2019-08-16,24.538259506225586,24.614216422597057,24.39034123878257,24.426321151805883,32243000
2019-08-19,24.694168090820312,24.778120699731687,24.44630735378567,24.486284350879274,28468000
2019-08-20,24.65419578552246,24.754139828483115,24.55025465185441,24.75014273777572,31048800
2019-08-21,24.818111419677734,24.818111419677734,24.594236160857164,24.614224669228097,28795800
2019-08-22,24.842092514038086,24.874075341651118,24.630211618689806,24.802115504546954,29834200
2019-08-23,24.578237533569336,24.970017977798623,24.454306377986864,24.89006244274622,42595800
2019-08-26,24.86208152770996,24.87007723477689,24.578240789447303,24.638207829936682,25701400
2019-08-27,24.906055450439453,25.081957943829433,24.878071240131973,24.982013899866978,38448800
2019-08-28,24.83809471130371,25.021991389733163,24.75014346291349,24.93404014134294,31791600
2019-08-29,25.009998321533203,25.017994028120782,24.778127405568725,24.978015495182888,35467000
2019-08-30,25.01799201965332,25.105941735005803,24.94203357568189,25.085953232654102,24166000
2019-09-03,25.461740493774414,25.465739108982056,24.982010370548274,25.009994576902304,42728200
2019-09-04,25.485729217529297,25.597666050006143,25.325818149683833,25.53370192787295,31633200
2019-09-05,25.209880828857422,25.373788965045424,25.12192960089443,25.317820556350707,58664800
2019-09-06,25.10994529724121,25.329821916476366,25.03398683830569,25.27385348885563,25326400
2019-09-09,24.986011505126953,25.10194696451677,24.938038790044143,25.057971340263727,33649800
2019-09-10,25.01799201965332,25.01799201965332,24.802112534195004,24.946032191167216,38336000
2019-09-11,25.265851974487305,25.28584047618286,24.870072930805648,24.98201128534562,45377000
2019-09-12,25.321826934814453,25.493730838877415,25.20589145997658,25.417773902789836,47199400
2019-09-13,25.161909103393555,25.345807282433224,25.08595218761135,25.17790051461873,49998200
2019-09-16,25.181901931762695,25.221878939248697,25.04197935551153,25.201890435505696,23926000
2019-09-17,25.40177345275879,25.4617389520186,25.21387820002354,25.225870994870547,34658200
2019-09-18,25.50971794128418,25.589673480240844,25.337814066286118,25.49772361917439,41925400
2019-09-19,25.629650115966797,25.653635709788826,25.493726159216813,25.589673109580055,30041400
2019-09-20,25.731172561645508,25.759373191939947,25.53376814958441,25.662685755735886,36989200
2019-09-23,25.735200881958008,25.831889850400014,25.670742081936346,25.723113800390873,17616600
2019-09-24,26.037353515625,26.125984953049567,25.80771891576972,25.827863541962,53815800
2019-09-25,26.021236419677734,26.049440123624013,25.88023326813724,26.01720995366099,32467600
2019-09-26,26.158214569091797,26.23073091874773,26.037352961785786,26.085698219435862,26746800
2019-09-27,26.06554412841797,26.21057677506373,25.92051148177221,26.194461695032285,33229600
2019-09-30,26.0816650390625,26.214612173814608,26.009148699528435,26.085694578380483,21670400
2019-10-01,26.021236419677734,26.06555213496734,25.88023326813724,25.993035789369635,47566800
2019-10-02,25.674772262573242,26.009151835795134,25.61031345708353,25.964836118867368,29720600
2019-10-03,25.735200881958008,25.74728642670613,25.549880487179088,25.682827626684464,59569200
2019-10-04,26.093753814697266,26.150158151220076,25.7311736089458,25.76743178320286,37167000
2019-10-07,25.993038177490234,26.10181424269973,25.928580905280338,26.06958406977555,25731800
2019-10-08,25.75131607055664,25.997065741557527,25.739230525038273,25.976924190239657,43191800
2019-10-09,25.87620735168457,25.976924329729425,25.759373751496828,25.819803016232267,17954000
2019-10-10,25.848007202148438,25.904408465012864,25.622399077052428,25.815777030900676,31210600
2019-10-11,25.75131607055664,25.91246384929073,25.662686175390093,25.82383241730507,32154600
2019-10-14,25.586139678955078,25.835917346901073,25.5095953311317,25.82383180167082,19892000
2019-10-15,25.505569458007812,25.662687706396532,25.44111065003246,25.602256901561237,31726600
2019-10-16,25.561973571777344,25.57405911936366,25.372625129888377,25.489457212620692,32355000
2019-10-17,25.626426696777344,25.678799952721246,25.501537097778506,25.56196789593063,25999600
2019-10-18,25.711029052734375,25.7674303123995,25.50153756196457,25.565996363984585,29105800
2019-10-21,25.81174659729004,25.81980260300387,25.63448527202293,25.715059160533105,22924800
2019-10-22,25.920522689819336,26.037354765337625,25.79563460762052,25.872180502459056,31182600
2019-10-23,26.02526092529297,26.089721252750515,25.912458425879848,25.9809452185753,25821800
2019-10-24,26.113901138305664,26.158216859956358,25.99706906064825,26.037355242065622,22922400
2019-10-25,25.848007202148438,26.170299693711115,25.743260682412373,26.134043056286114,33850200
2019-10-28,25.49348258972168,25.78354799646405,25.461253953872095,25.71506118477167,50137200
2019-10-29,25.517650604248047,25.574051859398832,25.40484809394648,25.477364432517184,39544800
2019-10-30,25.74325942993164,25.807716695652832,25.533767937471,25.537795940271423,39360600
2019-10-31,25.88426399230957,25.91649416374751,25.682830031279927,25.76743192607578,34491800
2019-11-01,25.819799423217773,25.9809471803923,25.775485249972746,25.900374838623947,31381800
2019-11-04,25.48944854736328,25.811742513594513,25.39678912812298,25.795627431078238,48685600
2019-11-05,25.227582931518555,25.445131927237647,25.159096138506325,25.36455805436182,43993800
2019-11-06,25.324277877807617,25.42902286155466,25.231618439964688,25.271904617524513,35543800
2019-11-07,24.981836318969727,25.320245396342226,24.816660551253328,25.191327798944986,45689400
2019-11-08,24.877092361450195,25.014067506370615,24.768317846058764,24.905292990979188,31943000
2019-11-11,24.7240047454834,24.913353166752636,24.69983365294296,24.885152534242646,18546400
2019-11-12,24.784433364868164,24.832777082505082,24.711917020003245,24.72803210482191,25337000
2019-11-13,25.151042938232422,25.207444197933878,24.84083447305535,24.87306464249565,33593800
2019-11-14,25.239673614501953,25.368591214779542,25.159099730123707,25.231616072382227,33672000
2019-11-15,25.32025146484375,25.332338549059703,25.17522028562649,25.251764647170546,19931600
2019-11-18,25.37261962890625,25.58211111695948,25.32830391493858,25.37261962890625,32981600
2019-11-19,25.30816650390625,25.44916968286519,25.175220869004878,25.300108959848686,36104800
2019-11-20,25.46125030517578,25.497508475822638,25.283987454538245,25.344418251222677,39359000
2019-11-21,25.37261962890625,25.481394144058065,25.288017740505634,25.45722151730687,28418000
2019-11-22,25.380680084228516,25.441110889632938,25.199389204834468,25.42902380646052,22970400
2019-11-25,25.29607582092285,25.477366683366117,25.239674560789183,25.404850338388812,40797400
2019-11-26,25.380680084228516,25.416938260107322,25.27996309976729,25.3363643651745,32300200
2019-11-27,25.42499351501465,25.453194145180174,25.300103912267964,25.32024699998347,25056400
2019-11-29,25.40082359313965,25.570028928974182,25.376652500034176,25.473339946094555,10243000
2019-12-02,25.23564338684082,25.344417897262254,25.18327013290036,25.279959098881292,37401200
2019-12-03,25.30413246154785,25.352476177536808,25.243701663947387,25.30010292207101,25801800
2019-12-04,25.49750518798828,25.537791356037108,25.275928190082116,25.29607127410653,39195400
2019-12-05,25.54183006286621,25.54585806638938,25.392767806580075,25.4572266206862,24899400
2019-12-06,25.465280532836914,25.614342767864635,25.445137444455074,25.445137444455074,19164400
2019-12-09,25.376651763916016,25.52571246874642,25.332336045415822,25.521682928799567,23166400
2019-12-10,25.37261962890625,25.42499288512432,25.30816082772211,25.37261962890625,25197600
2019-12-11,25.44110870361328,25.485422882040393,25.31219109752566,25.404850530849945,23980200
2019-12-12,25.332334518432617,25.509595844929237,25.22355999871227,25.408878867797704,48234200
2019-12-13,25.52973747253418,25.57405318582798,25.24772964533464,25.34441861405012,38669200
2019-12-16,25.848007202148438,25.864119214134014,25.52973963994385,25.52973963994385,41547800
2019-12-17,25.93260955810547,26.093754269936404,25.839948582528155,25.864119674575125,33694600
2019-12-18,26.037353515625,26.07361322804342,25.815777995702,25.952751618166573,25615800
2019-12-19,26.045406341552734,26.08166297162682,25.884258591624423,26.037347263555592,33803200
2019-12-20,26.22446060180664,26.366568076531063,26.03769440655074,26.03769440655074,45942200
2019-12-23,25.980857849121094,26.28130913701075,25.91183460712651,26.26912610500067,32956000
2019-12-24,26.01739501953125,26.029574951940248,25.87935010655041,26.009272999496567,9025600
2019-12-26,26.062063217163086,26.086423087944723,25.952437603358124,26.04176125974919,13317000
2019-12-27,26.13920021057129,26.13920021057129,26.013336765486407,26.06205959792734,20603400
2019-12-30,26.135143280029297,26.139201192986032,25.997096798413327,26.029578687928083,23868600
2019-12-31,26.236648559570312,26.269127353543624,26.098602069019954,26.131083960636943,21616800
2020-01-02,25.907772064208984,26.28942493425013,25.810327954399764,26.281306011519142,38215400
2020-01-03,25.960552215576172,26.05393531307425,25.867169118078095,25.928071878926275,35978600
2020-01-06,25.98491096496582,26.06205466063875,25.887466867365788,25.92806922004138,20889000
2020-01-07,25.94837188720703,25.960551819662296,25.802206502457743,25.919951012263727,26140600
2020-01-08,25.93619155883789,26.049876605697232,25.895589203237588,25.96055142337657,25482800
2020-01-09,26.07830047607422,26.106721353848663,25.899653188552946,25.903712650168575,23286200
2020-01-10,26.147323608398438,26.240705170106885,26.102661784053172,26.11484171839397,21165800
2020-01-13,26.305662155151367,26.382805849574265,26.13919483511095,26.13919483511095,25342200
2020-01-14,26.382810592651367,26.390929515693152,26.187922365572433,26.305666884359646,22990000
2020-01-15,26.75228500366211,26.796946829522806,26.43559430948164,26.439655320280874,31771800
2020-01-16,26.918750762939453,26.947171641547616,26.76446333822932,26.77258535934219,21797600
2020-01-17,27.105520248413086,27.142060054897804,26.837549276949865,26.91063198756312,26517600
2020-01-21,27.353181838989258,27.365361771178687,27.056790065926872,27.166415650917703,47753000
2020-01-22,27.438444137573242,27.515584739741985,27.365361447657683,27.405962253690117,21683200
2020-01-23,27.682058334350586,27.690177258336767,27.405968454165837,27.43438933458293,25938600
2020-01-24,27.75514030456543,27.85664388874022,27.56431307069386,27.608974895542254,28803000
2020-01-27,27.68611717224121,27.933786152570754,27.60897346103068,27.73889791811803,22544400
2020-01-28,27.799802780151367,27.917547312267512,27.645515346102254,27.714540139165944,35056800
2020-01-29,27.872882843017578,27.913483654258744,27.70641548999247,27.816041087751284,21599600
2020-01-30,28.132732391357422,28.148973335751577,27.787620841500996,27.8566425319436,28808600
2020-01-31,28.006866455078125,28.193632652545826,27.86070106616546,28.079949149534453,40949000
2020-02-03,28.0961856842041,28.128667568590163,27.98656319645487,28.05152386758401,27095800
2020-02-04,27.816041946411133,28.165214509621833,27.787621067900652,28.079951874090398,41384200
2020-02-05,27.92972755432129,27.998749250500744,27.694238487498083,27.75514125962735,32610200
2020-02-06,27.93783950805664,28.096184817500376,27.868817829097658,27.95814145958241,29908200
2020-02-07,27.8485164642334,28.043404671000484,27.840397542037792,28.00280386473654,21392800
2020-02-10,27.954078674316406,27.954078674316406,27.791672365353765,27.893175921250076,16279600
2020-02-11,28.05558204650879,28.148966680284715,27.986560372385487,28.002801312939678,20539400
2020-02-12,28.07589340209961,28.161156045340277,27.921605963969498,28.01092961811983,16094800
2020-02-13,28.388519287109375,28.404760230926424,28.055587682968113,28.100249504054172,27175200
2020-02-14,28.5793399810791,28.603699842422383,28.40069273751479,28.441296636610385,21108200
2020-02-18,28.81890869140625,28.86762844573271,28.607779430509574,28.68898418379468,30069600
2020-02-19,28.506261825561523,28.745811858161797,28.506261825561523,28.705207952619215,22391000
2020-02-20,28.607769012451172,28.624009957193746,28.376340970745556,28.514387452235706,28810200
2020-02-21,28.55499267578125,28.741758922702953,28.526571792502814,28.55499267578125,23457200
2020-02-24,28.222055435180664,28.59152684493173,28.2098755015555,28.43318151251794,40884200
2020-02-25,27.629268646240234,28.299189624729387,27.5805458251541,28.250469901285893,56276600
2020-02-26,27.349123001098633,27.876942820608317,27.345061990831972,27.62927385427689,52384600
2020-02-27,26.11890411376953,27.389727925543788,26.110782092016056,27.239501499541387,87206200
2020-02-28,25.245969772338867,25.550480503061365,24.645068782905074,25.522059625433,180526200
2020-03-02,26.731979370117188,26.768522266996282,25.314990365177806,25.375893128214162,84351600
2020-03-03,26.403108596801758,27.300399799654137,26.297544014806427,26.74822012133834,126558000
2020-03-04,27.901296615600586,27.937836407119793,26.736034734088147,26.752275673977532,62856400
2020-03-05,27.470935821533203,27.844468326515585,27.14612306211302,27.442511839763196,67070200
2020-03-06,27.247615814208984,27.357238295724276,26.232580217189255,26.744159025427187,70997800
2020-03-09,25.765663146972656,26.492429004010543,25.359648909363298,25.802204490310356,74339400
2020-03-10,26.005218505859375,26.488373441577284,24.844015750864685,26.187923711299437,81616800
2020-03-11,24.69784927368164,25.44085459701961,24.348676746797157,25.42461365418276,64307800
2020-03-12,22.204923629760742,23.768079763318685,21.928833755491333,23.345824479280555,77766400
2020-03-13,23.414840698242188,23.455443051918042,21.782664801008416,23.455443051918042,54277200
2020-03-16,20.755451202392578,22.94386809695939,20.67424803020233,21.299510442599043,56293400
2020-03-17,23.410776138305664,23.609723755932045,21.12897701863785,21.36040496330912,77946000
2020-03-18,22.391691207885742,22.74086223517984,21.206128543604446,22.010036741516405,85692800
2020-03-19,21.0883846282959,22.282067799874223,21.023422394720477,22.184623675100188,65459000
2020-03-20,19.415605545043945,21.283270882796046,19.27756060798771,21.283270882796046,56358400
2020-03-23,18.424854278564453,19.35163236583842,17.81383572494551,19.35163236583842,64018000
2020-03-24,20.405529022216797,20.491646795494677,18.998959583039923,19.130184729344048,54902800
2020-03-25,20.92633628845215,21.80390532541309,19.81912395319273,20.43424261248247,61255000
2020-03-26,22.710176467895508,22.956223253105904,20.938635234264186,21.15187651146594,61794400
2020-03-27,22.833202362060547,23.65746059071403,21.914624572271396,22.025346107044697,50186200
2020-03-30,23.67796516418457,23.821492206734824,22.931619849940933,23.030039510780707,59519000
2020-03-31,22.722482681274414,23.49343182093627,22.648668318736174,23.49343182093627,67456400
2020-04-01,21.356916427612305,22.123763768315985,20.94683740156132,21.82440626701805,53420600
2020-04-02,22.025346755981445,22.177077140137992,21.008350837092635,21.127274144352352,53121600
2020-04-03,21.237995147705078,22.05405161087478,21.07396289600562,21.78339949059992,31872000
2020-04-06,22.87831687927246,23.10796020938327,22.017149698373345,22.017149698373345,41379600
2020-04-07,22.591259002685547,23.530340572040654,22.562553589153097,23.493433388309256,49163200
2020-04-08,23.821495056152344,24.018332837049282,22.537947031122137,22.726583042274083,64925600
2020-04-09,24.945112228393555,25.334686119190884,24.09214695551673,24.182364857466904,87722800
2020-04-13,24.153656005859375,24.81798361056092,23.911709310446284,24.81798361056092,27830400
2020-04-14,24.86309814453125,24.900005328885438,24.43661547295569,24.674460555427768,34175600
2020-04-15,24.04293441772461,24.473517094432705,23.907607584410055,24.178259686711776,25671600
2020-04-16,24.04703712463379,24.247976563171775,23.80919207046036,24.145456792644296,20800000
2020-04-17,24.82208251953125,24.953307680465308,24.227469193441998,24.55963219766313,21555000
2020-04-20,23.88300895690918,24.66626002402418,23.846101773041866,24.66626002402418,28761000
2020-04-21,23.489330291748047,23.772285871247153,23.226879918662444,23.45242311026241,40783200
2020-04-22,24.174158096313477,24.370995834566298,23.77228085183972,23.93221141639968,31190800
2020-04-23,23.76818084716797,24.31358672271846,23.632855577052652,24.247974138714312,24830400
2020-04-24,23.915815353393555,24.018335138538188,23.501636109713463,23.809195465147358,23973800
2020-04-27,24.16596031188965,24.34229444145295,24.0306334645993,24.055238772559605,25481000
2020-04-28,24.256179809570312,24.768778693421524,24.145458262939133,24.50632675085448,28643400
2020-04-29,24.03473472595215,24.66215520724346,23.936315060098845,24.64985333563462,23575600
2020-04-30,23.481121063232422,23.89940179909291,23.263779710371164,23.862494629330893,38733800
2020-05-01,22.915220260620117,23.2227795817897,22.783995075400636,23.206376042555362,26918600
2020-05-04,23.087451934814453,23.144862755830665,22.656869212865328,22.796296162902216,24027600
2020-05-05,23.276084899902344,23.554938763596457,23.14075963435136,23.16946504111452,23653600
2020-05-06,22.484638214111328,23.37450912646984,22.451831134635505,23.358105586731927,48150400
2020-05-07,22.574851989746094,22.943923770288173,22.537944811691887,22.742984342142492,42266200
2020-05-08,23.03003692626953,23.120254808220807,22.74298130905597,22.84960272669425,26553200
2020-05-11,22.93161964416504,23.017737433249856,22.525642262121664,22.84960508591653,31326400
2020-05-12,22.730684280395508,23.091554320727628,22.685575329813044,22.989034547341156,43734400
2020-05-13,22.53794288635254,22.685571585957955,22.2795942263704,22.685571585957955,39645000
2020-05-14,22.779890060424805,22.84550264339134,22.004840935280306,22.312400211247322,46233200
2020-05-15,22.4764404296875,22.628169288348108,22.131973855749944,22.619967517024843,69347600
2020-05-18,23.399112701416016,23.54673985513015,23.005435598529054,23.005435598529054,45994600
2020-05-19,23.01363754272461,23.366305801987675,23.009537440226747,23.300693211729026,32655800
2020-05-20,23.140764236450195,23.39911451302514,23.05054633192264,23.251485783553743,23583200
2020-05-21,22.907011032104492,23.243275655277085,22.86190209606208,23.07924344500051,33868200
2020-05-22,23.161266326904297,23.181769968106266,22.833203374690154,22.90701773447928,23838000
2020-05-26,23.31299591064453,23.76408385346296,23.288392166129366,23.57954794796122,35071800
2020-05-27,23.591854095458984,23.764088159914845,23.267892740790472,23.723079304412078,32984600
2020-05-28,24.28898811340332,24.391507901944273,23.87480885600211,23.89531250084474,42582000
2020-05-29,24.47762107849121,24.60474616349388,24.088047182364665,24.231574242587325,29511800
2020-06-01,24.768781661987305,24.92051051178039,24.329997089968064,24.46942250133134,29112800
2020-06-02,24.9287109375,24.94511447830274,24.59654627571938,24.86309833861679,27998600
2020-06-03,25.22806739807129,25.404401543055787,25.043531483049406,25.064035125979018,25682800
2020-06-04,24.776975631713867,25.146047405149776,24.457114470954377,25.092736690247378,43679200
2020-06-05,25.09273910522461,25.5725324568676,24.977917459917187,25.00252276862346,44260000
2020-06-08,25.765268325805664,25.84728288709214,24.957412069648548,25.137846294537262,31919000
2020-06-09,25.248567581176758,25.54382500475249,24.969713695428,25.531521569218526,37283600
2020-06-10,25.100940704345703,25.416701791124545,25.018924573542645,25.248569426925688,25052000
2020-06-11,24.120847702026367,24.740067894932192,23.94451359922489,24.67035364845548,69420400
2020-06-12,24.059337615966797,24.60884361703608,23.76408175753242,24.580138208081728,46404800
2020-06-15,24.223369598388672,24.399703716782202,23.427816796663237,23.63285632369502,33434000
2020-06-16,24.33409881591797,24.945117487749123,24.20287360232018,24.809790606291937,34226600
2020-06-17,24.26027488708496,24.440709093667653,24.02652996961274,24.436608991750298,24374400
2020-06-18,24.256179809570312,24.321792404130164,23.981425994375687,24.10855108072874,26507600
2020-06-19,23.57544708251953,24.551434170123205,23.538539902613337,24.44891439975351,58531600
2020-06-22,23.805349349975586,23.95421056833675,23.34222678637562,23.56138270374758,25906400
2020-06-23,23.56552505493164,24.078267639000796,23.49936467061988,24.04932256945115,25244400
2020-06-24,23.35049819946289,23.495223514906716,23.069316234554062,23.387713505918107,28538400
2020-06-25,23.061044692993164,23.31328158061385,22.792267319570705,23.300875427568744,43502400
2020-06-26,22.81708335876465,23.288476272115346,22.664087772958595,23.027969080962833,57463400
2020-06-29,23.247121810913086,23.259526386888734,22.755052598711295,22.999019249687056,29730600
2020-06-30,23.333961486816406,23.462147913648113,23.11480552301538,23.2512606171633,33743800
2020-07-01,23.87978172302246,23.9831574014771,23.313283446759566,23.354633087186354,39777400
2020-07-02,23.94181251525879,24.198183807066286,23.879786464914208,24.04932254814968,24295200
2020-07-06,23.648221969604492,24.185776812537718,23.45387674755068,24.028645324108567,30775400
2020-07-07,23.553115844726562,23.639951042117204,23.276069764274194,23.3877156940855,22681000
2020-07-08,23.76400375366211,23.84256870898486,23.470415599797466,23.515901155074573,24359400
2020-07-09,23.445602416992188,23.660624001213222,23.118934919191723,23.648217848112694,35750400
2020-07-10,23.88805389404297,23.95421427049672,23.43733583651809,23.445606080748284,27166400
2020-07-13,23.912866592407227,24.148563051485063,23.801220652203842,23.888055857677166,35531600
2020-07-14,24.136150360107422,24.276741330734254,23.888049389536544,23.91699445019023,67894200
2020-07-15,24.041051864624023,24.54138986000305,23.995566305519027,24.36358353480423,26940400
2020-07-16,24.347043991088867,24.413204372421124,23.999701594747545,24.061726064965832,30126400
2020-07-17,24.896997451782227,24.963157821386552,24.45868559467393,24.4793604144151,45901600
2020-07-20,24.570335388183594,24.88046248527207,24.528985739526988,24.810167767078248,24255200
2020-07-21,24.68198013305664,24.967298058041965,24.553795282017234,24.632360241602285,30216000
2020-07-22,25.062400817871094,25.153371923598833,24.330500793558734,24.570331557675857,29694200
2020-07-23,25.091346740722656,25.26915304760334,24.942485499856243,25.054131430506054,38277400
2020-07-24,24.925949096679688,25.39734205175689,24.785358076973502,25.14097074901786,35397000
2020-07-27,24.624088287353516,24.950755836308392,24.44628197981543,24.93421534784257,22638600
2020-07-28,24.996238708496094,25.207124392947428,24.541384788824136,24.562061185881486,37792000
2020-07-29,25.112022399902344,25.178182778339355,24.92594584261455,25.041727687920204,18205600
2020-07-30,25.112022399902344,25.11615831083532,24.80603124115161,24.930081753547526,25475800
2020-07-31,25.15337562561035,25.219536009316645,24.80189730554294,25.045864016220143,24228000
2020-08-03,24.88045883178711,25.140965996756794,24.74813808265058,25.136831663453417,19303800
2020-08-04,25.15337562561035,25.265019991486994,24.80189730554294,24.863923355374826,41663600
2020-08-05,24.830839157104492,25.223667074562943,24.7315993830991,25.20712658643279,23658600
2020-08-06,24.975568771362305,25.016918418785288,24.67784626227543,24.80603269310738,27576000
2020-08-07,25.426284790039062,25.52552456669599,24.872191041976492,24.87632537542561,30942200
2020-08-10,25.418012619018555,25.616493734674968,25.335311759814797,25.50898214449377,21208600
2020-08-11,24.868053436279297,25.49657776269195,24.801893063887846,25.446957877745284,50996000
2020-08-12,25.227798461914062,25.39733450198108,24.934211930132474,24.942482173231788,34570600
2020-08-13,25.186450958251953,25.240206754259297,24.992104172416905,25.124424918444426,31627200
2020-08-14,24.96729278564453,25.16577388693617,24.901132418547316,25.132692914693774,17336600
2020-08-17,24.934215545654297,25.153373076095587,24.839110102303017,24.98797134490078,19020400
2020-08-18,24.822568893432617,25.016915685339008,24.69438405399459,24.917674334024234,24294600
2020-08-19,24.74814224243164,24.897003504578457,24.698522347512043,24.88459892519556,18042800
2020-08-20,24.528982162475586,24.772948839703147,24.46282178784037,24.648898334435586,25932000
2020-08-21,24.570335388183594,24.615820948138648,24.322234341468004,24.54966056385529,18933400
2020-08-24,24.78535270690918,24.793622950675108,24.413201201768704,24.640627384474726,14985800
2020-08-25,24.549657821655273,24.834975728634934,24.46695695619178,24.830839817798466,23573200
2020-08-26,24.27674674987793,24.479363797070146,24.185777214968727,24.462823308036526,23329800
2020-08-27,24.35531234741211,24.528982743422368,24.20645110661029,24.347042103213365,38907200
2020-08-28,24.425607681274414,24.450418414504746,24.173370747623462,24.404932858943056,16995800
2020-08-31,24.500038146972656,24.648899390627456,24.384257880746848,24.38839221423156,19975600
2020-09-01,24.218856811523438,24.43801277213389,24.123751364892716,24.421473860354364,26620400
2020-09-02,24.97142791748047,25.08307383628947,24.173367576554657,24.272608919069643,37298400
2020-09-03,24.69025230407715,25.240211796241404,24.45869174096633,24.9797045853537,38871400
2020-09-04,24.549657821655273,24.88045970612144,24.231260514922898,24.73987028543765,35792200
2020-09-08,24.413204193115234,24.603415090874954,24.18164207145912,24.574470022841425,28990800
2020-09-09,24.735733032226562,25.05413032167995,24.5703313102757,24.595142041784648,30869400
2020-09-10,24.309825897216797,24.669572830972964,24.28088083228169,24.640627766037856,36280400
2020-09-11,24.367719650268555,24.446284612861536,24.17750874458788,24.363583739012732,25332600
2020-09-14,24.70265769958496,24.83084255667392,24.462825321025775,24.487636056617823,20927200
2020-09-15,24.868053436279297,25.236070606293485,24.735732691496395,24.954888629282884,23342600
2020-09-16,24.83497428894043,25.00864467669699,24.673706900810846,24.781218492897235,23082200
2020-09-17,24.632354736328125,24.76881137906474,24.438007970268423,24.677840283907,22775400
2020-09-18,24.198184967041016,24.644767187810412,24.144429159324716,24.628228273995298,31969600
2020-09-21,24.047618865966797,24.16022497278469,23.734824655123862,24.022594756356057,30371200
2020-09-22,24.19776153564453,24.360414278755584,24.043450162815287,24.060131312425206,21247400
2020-09-23,23.82657814025879,24.268659606845933,23.805725511053407,24.22695434843517,21576400
2020-09-24,24.093496322631836,24.264490432682525,23.65558473259506,23.80155473228943,31328200
2020-09-25,24.489700317382812,24.514722834399,23.90164730319957,23.98922929466327,22576000
2020-09-28,24.552261352539062,24.798326210823443,24.510556091522886,24.598138094229093,20359600
2020-09-29,24.543920516967773,24.794156861378767,24.431315991579655,24.627332631771438,18435800
2020-09-30,24.764963150024414,24.885909047405463,24.55643365604869,24.69823377559033,24208200
2020-10-01,25.01519775390625,25.077757238099082,24.777474259499527,24.82752089228153,26142000
2020-10-02,25.311309814453125,25.44059867554764,24.760792068750366,24.815010183525978,33890000
2020-10-05,25.628280639648438,25.699179919190584,25.207050080289847,25.37804423848728,22076800
2020-10-06,25.845142364501953,26.137082342324515,25.53234816744616,25.64495426930067,32776800
2020-10-07,26.003629684448242,26.112065922349814,25.811782913950292,25.9786071610509,24403600
2020-10-08,26.47907829284668,26.520783559115646,26.099554642364936,26.116235794300167,27235600
2020-10-09,26.474905014038086,26.637557768778663,26.29556951754109,26.625046507938254,17091200
2020-10-12,26.6417293548584,26.821063261109465,26.424858484030295,26.49158786036557,14970200
2020-10-13,26.458219528198242,26.52912037783273,26.162108052024777,26.458219528198242,20210400
2020-10-14,26.424856185913086,26.604191667521533,26.287225964279482,26.49158555644504,22338800
2020-10-15,26.408174514770508,26.554144521546245,26.107891539741843,26.174620912975573,19124000
2020-10-16,26.691774368286133,26.791867631233117,26.412345619025928,26.441539619964942,16081000
2020-10-19,26.466562271118164,26.821061764818687,26.391491528059788,26.67926324010147,26603000
2020-10-20,26.625045776367188,26.771017376294328,26.474904286592427,26.57499914342686,24979400
2020-10-21,26.55414581298828,26.729309829638144,26.47907665653393,26.566658664858863,14200000
2020-10-22,26.92949676513672,26.975373505025615,26.516609288044,26.59167843673513,15212000
2020-10-23,27.004568099975586,27.108832841674335,26.8544266173768,27.062956100774294,14485000
2020-10-26,26.996227264404297,27.046272302040858,26.620873572593695,26.796037568136217,20763200
2020-10-27,26.975374221801758,27.250631486541796,26.84608695971988,27.046273482820375,19601800
2020-10-28,26.191301345825195,26.942007126284608,26.137083237677896,26.60001891973139,34026600
2020-10-29,26.26220703125,26.58334266796487,25.757564407295824,26.095382786660434,29847800
2020-10-30,26.016145706176758,26.278891779578007,25.765909305044076,26.11623899386653,34824600
2020-11-02,26.587512969970703,26.625048346037055,26.107894452562206,26.370642085026667,29911800
2020-11-03,26.971202850341797,27.263146038747113,26.812721587086862,26.921157810317833,30157400
2020-11-04,26.56665802001953,27.22978187872688,26.537464017953166,26.81272288811732,36662200
2020-11-05,26.804378509521484,27.292339920990134,26.78352747023777,26.846086951903743,31525200
2020-11-06,26.745994567871094,27.058788841768155,26.67509529611232,26.821065320882706,18955400
2020-11-09,27.242294311523438,28.33081857840409,27.217271789220618,27.5217230835973,46072200
2020-11-10,27.634326934814453,27.71356597166591,27.27565598304278,27.388260499572365,31172000
2020-11-11,27.738597869873047,27.984661178184545,27.63016162764541,27.776131656466468,19459000
2020-11-12,27.292341232299805,27.638497774589393,27.079640257178866,27.575941471825203,53020200
2020-11-13,27.563430786132812,27.6385015415892,27.37575548844584,27.4258037193861,26324800
2020-11-16,27.842853546142578,27.92209257484384,27.51337662750106,27.90541301862764,27375000
2020-11-17,27.2965087890625,27.796981470921896,27.254803527717755,27.66352272547422,16811200
2020-11-18,26.76267433166504,27.471676516047975,26.75433455199567,27.438311033555415,25581400
2020-11-19,26.495763778686523,26.754341562902187,26.308088458824244,26.733487335402657,26996200
2020-11-20,26.49993133544922,26.683436737203635,26.36647257218165,26.449883106008414,18632200
2020-11-23,26.504100799560547,26.654242303560704,26.383153300121094,26.604195665878628,16930600
2020-11-24,26.78769874572754,26.85442652559483,26.583339152676817,26.716796303365093,21807000
2020-11-25,26.85860252380371,26.866942304474602,26.52078413228991,26.754337764923967,22985200
2020-11-27,26.59168243408203,26.875284286113835,26.483247788824674,26.850258581198737,12073200
2020-11-30,26.207984924316406,26.533290401705965,26.103720185055273,26.516609252548967,26889400
2020-12-01,26.39149284362793,26.7626750967228,26.374811692858565,26.404005695397228,30174800
2020-12-02,26.56665802001953,26.579169280632605,26.09955239600389,26.266375037675438,24397600
2020-12-03,26.29140281677246,26.549978981547483,26.220501951184172,26.52495486587738,18753600
2020-12-04,26.02865219116211,26.378981815672432,25.882682177180236,26.316422329135158,21005000
2020-12-07,26.174623489379883,26.303912358788583,25.936899974400653,25.941071455549853,17391400
2020-12-08,26.095382690429688,26.266376824574166,25.89519455223278,26.003629197148392,21005400
2020-12-09,26.049503326416016,26.157939551390193,25.874339319701367,26.116232699110224,22969800
2020-12-10,25.916044235229492,26.120403831290215,25.795096751661994,26.036991718796987,21602800
2020-12-11,25.957754135131836,25.991118029474766,25.782588519231258,25.807612633203885,13351400
2020-12-14,25.824289321899414,26.35812585771289,25.799266803205125,26.14125501362517,27208800
2020-12-15,26.33310890197754,26.399838288213385,25.815956556388254,25.945243847308543,22357200
2020-12-16,26.02865219116211,26.51661204967291,25.995288298375037,26.38315170566313,24312800
2020-12-17,26.203819274902344,26.395666044357384,26.116235670625983,26.120407151805484,25389800
2020-12-18,25.978601455688477,26.303906916042482,25.85348409331798,26.207983551859982,20877400
2020-12-21,25.66400909423828,25.773360114203175,25.36960028054962,25.773360114203175,27915400
2020-12-22,25.613540649414062,25.722891674217244,25.53783547670454,25.655598365630894,24177000
2020-12-23,25.563068389892578,25.937387503441084,25.55886326020731,25.735507586169945,11543400
2020-12-24,25.74392318725586,25.75654178694147,25.478956659845984,25.61774842119413,7272400
2020-12-28,25.857479095458984,26.02571317435581,25.760745061632985,25.878507954221316,11739000
2020-12-29,25.853271484375,26.042532799472017,25.781771446165898,25.9205647885959,15165000
2020-12-30,25.983652114868164,26.06776914869155,25.82803664515423,25.870094359866435,11847200
2020-12-31,26.370590209960938,26.408442795508787,25.920565917558203,25.987859224710043,18184000
2021-01-04,25.706064224243164,26.416851397952577,25.55886063439738,26.416851397952577,25260600
2021-01-05,25.701862335205078,25.836448949859548,25.4915705492576,25.760743778566535,16666600
2021-01-06,26.34114646911621,26.513585649202636,25.790181476938212,25.849062913397166,35961800
2021-01-07,25.996273040771484,26.534619538411825,25.971037447044925,26.48414995535782,24758800
2021-01-08,26.214977264404297,26.26965197871,25.983654994652646,26.02991944860298,26930600
2021-01-11,25.971033096313477,26.2233825737084,25.77756505668411,26.11823669072737,16657200
2021-01-12,25.832242965698242,26.017300769520414,25.521012011923037,25.928978601913858,24619000
2021-01-13,26.336938858032227,26.42105588062793,25.86588577765456,25.912150220302134,26687400
2021-01-14,26.236005783081055,26.366385674083713,26.084595428265846,26.345356814670296,26067000
2021-01-15,26.49256134033203,26.57247164575416,26.08459473999998,26.181328774268582,27564800
2021-01-19,26.391618728637695,26.660791953787694,26.353766143576042,26.635557966679244,18993200
2021-01-20,26.547229766845703,26.664994236488628,26.227587016440534,26.38320246042735,44796200
2021-01-21,26.391618728637695,26.538822334766923,26.34535427974023,26.484147626432623,13975600
2021-01-22,26.42947006225586,26.517792221751314,26.21497315999563,26.315912312447892,18760000
2021-01-25,26.95940589904785,26.997260088506916,26.30750169358987,26.336942414814494,37848600
2021-01-26,26.69023323059082,26.950996201731964,26.580882207247026,26.92155547989329,19473600
2021-01-27,25.971033096313477,26.673406824515283,25.853270220782356,26.47573365550217,39287400
2021-01-28,26.282268524169922,26.68182164019179,25.992064828214176,26.059358136592504,25465800
2021-01-29,26.13926887512207,26.404235362545624,25.97523993915645,26.147679134444346,27760600
2021-02-01,26.265443801879883,26.500969570090326,26.04674015682807,26.307501516374902,16109400
2021-02-02,26.479942321777344,26.887908915642925,26.244416539256235,26.353767566226885,28698600
2021-02-03,26.395822525024414,26.57246844785555,26.336941085547,26.450498834995823,16266800
2021-02-04,26.601909637451172,26.63976222126935,26.30750083046521,26.383205998101566,22702200
2021-02-05,26.744909286499023,26.892112894272575,26.610322672420633,26.7196736947097,11920000
2021-02-08,26.5388240814209,26.81220405868081,26.437884917545823,26.803792194291372,21531400
2021-02-09,26.576671600341797,26.673405615772843,26.35796798112426,26.585083463126946,12386800
2021-02-10,26.681819915771484,26.791172537568304,26.50096886036814,26.732291097092595,19621200
2021-02-11,26.530414581298828,26.757528508722153,26.488355258147006,26.669206336702022,17422600
2021-02-12,26.336938858032227,26.57246620042044,26.198147134488266,26.45049659787661,20216000
2021-02-16,26.042531967163086,26.34114749922369,26.004680988872526,26.307500045989133,31723200
2021-02-17,26.063562393188477,26.109826839125407,25.886916472738275,26.071974256485998,20358200
2021-02-18,26.219179153442383,26.332736906992107,26.02150436714484,26.02150436714484,15419600
2021-02-19,25.82803726196289,26.236003842889783,25.80700840410459,26.223385244655592,17935400
2021-02-22,25.323333740234375,25.785976581927304,25.08360125853122,25.756535863430344,35602800
2021-02-23,25.53363037109375,25.621952543422104,25.29389784368872,25.424279339315667,26213200
2021-02-24,25.23501205444336,25.51680225227319,25.209776464805326,25.470539411201752,23673600
2021-02-25,25.007896423339844,25.306510345952482,24.88592681402521,25.1845423410367,31360400
2021-02-26,24.545255661010742,25.24762940298277,24.53684379767948,25.09201394235165,38014800
2021-03-01,25.087812423706055,25.36960266606563,24.852285029728577,24.8564901598,31427400
2021-03-02,25.012107849121094,25.19295893012742,24.873314487437526,25.12566561657152,29306200
2021-03-03,24.717695236206055,24.974251456439635,24.50740346282101,24.974251456439635,45849800
2021-03-04,24.696666717529297,25.159307983544483,24.56208010907401,24.73451930143228,44172600
2021-03-05,25.10042381286621,25.218186681356464,24.583106292057053,24.80180990810949,33606600
2021-03-08,25.453716278076172,25.676625043011896,25.104631166408108,25.171924469279208,38423800
2021-03-09,25.79018783569336,25.874304881831012,25.558867162114215,25.59251301792975,22224400
2021-03-10,25.966829299926758,26.046739597510914,25.710273075579025,25.78177150956502,27421200
2021-03-11,25.899538040161133,26.227592724392906,25.886919441568253,25.920566898617185,17168800
2021-03-12,26.248619079589844,26.32852937586164,25.891123706733143,26.01309171590611,20043800
2021-03-15,26.585086822509766,26.652380128895594,26.286472875697594,26.286472875697594,24417200
2021-03-16,26.618738174438477,26.686031490674917,26.450504081647775,26.52200413262355,29243400
2021-03-17,26.185529708862305,26.60190810690588,26.160295724034643,26.59770297756755,34407000
2021-03-18,26.08879852294922,26.265444457918143,25.907947458185344,26.16029856465538,29627600
2021-03-19,26.160301208496094,26.38741674595242,25.819627902311602,26.097213024402947,38712600
2021-03-22,26.122591018676758,26.24123324765109,25.936151382998084,26.10140352089208,25641000
2021-03-23,26.51241683959961,26.61411133492884,26.059032181364255,26.11411676701672,26117200
2021-03-24,26.52088737487793,26.711563513613054,26.334449381658537,26.427667570078775,22058400
2021-03-25,26.804784774780273,26.893768060643144,26.486991712584725,26.605635554942186,28309600
2021-03-26,26.893766403198242,26.919188812124496,26.54207466018106,26.800546593457977,20770200
2021-03-29,27.181900024414062,27.309015307103042,26.825971737196088,26.838682942189173,32775600
2021-03-30,26.93613624572754,27.09715182844599,26.736985435954164,27.09715182844599,22111200
2021-03-31,27.135284423828125,27.1861324658892,26.893761881363574,26.948844835694977,22259200
2021-04-01,27.109865188598633,27.156473477481118,26.927663713328595,27.09291583825281,21046600
2021-04-05,27.406471252441406,27.580196429176063,27.181898026713288,27.207320434831068,29288200
2021-04-06,27.550535202026367,27.554773347528368,27.177659216795696,27.376810029538127,17258600
2021-04-07,27.51664161682129,27.66494439194844,27.37681190051939,27.52935282143818,15798400
2021-04-08,27.495454788208008,27.67341812268152,27.43613367671684,27.58867460133931,19909800
2021-04-09,27.465797424316406,27.635287719455743,27.41071445231848,27.52088039631433,15751200
2021-04-12,27.4912166595459,27.686129344961653,27.398000079114286,27.470032395576126,14201400
2021-04-13,27.817487716674805,27.868332539536055,27.33020435678511,27.38105241240468,18250800
2021-04-14,27.94036102294922,27.94036102294922,27.677650984530352,27.74968328719508,15125400
2021-04-15,28.249679565429688,28.262390768756006,27.927651638637236,27.944597754567184,23863400
2021-04-16,28.478492736816406,28.58866189392188,28.296291267770314,28.355612375575284,22376000
2021-04-19,28.334430694580078,28.54205459081477,28.266633289335484,28.49544468289867,21503400
2021-04-20,28.694595336914062,28.76662765495854,28.317481162730395,28.334430513933484,29548800
2021-04-21,28.453073501586914,28.83442583197374,28.347142478299368,28.724256662582373,19230200
2021-04-22,28.249679565429688,28.52933896963955,28.22425715877705,28.43188102287492,17983600
2021-04-23,28.211544036865234,28.355608641776378,28.13951173440966,28.2623888467127,16881600
2021-04-26,28.0505313873291,28.24120915336147,27.965787868708947,28.22425980308584,12578400
2021-04-27,27.834428787231445,28.020865136851246,27.787818891637155,28.008153934917775,20942000
2021-04-28,27.796295166015625,27.923413665578632,27.66494175382286,27.847143212392375,15158200
2021-04-29,28.0505313873291,28.067480737604736,27.796297598710623,27.796297598710623,19223600
2021-04-30,28.2708683013916,28.27934135972879,27.940364069357717,28.109851098164327,20484600
2021-05-03,28.266632080078125,28.52934216502477,28.22002217415601,28.334429482422323,21544000
2021-05-04,28.16069793701172,28.28781643591503,27.97425833402226,28.23696838980216,23445600
2021-05-05,27.686126708984375,28.160698788785652,27.529350886053724,28.160698788785652,23562800
2021-05-06,27.897987365722656,27.923413004688125,27.575959444564866,27.76239581135157,23305400
2021-05-07,27.982742309570312,28.194604377420397,27.87257312911586,27.88104942217468,18110800
2021-05-10,28.266632080078125,28.550526428688773,28.042058842139614,28.042058842139614,26442000
2021-05-11,27.919179916381836,28.2751098315488,27.72426722371636,28.23697298257173,28210000
2021-05-12,27.26664161682129,27.889516479472938,27.253930412727648,27.889516479472938,29553800
2021-05-13,27.792055130004883,27.95731046129798,27.275114574417234,27.296298834398133,28222800
2021-05-14,27.927650451660156,28.105613756180272,27.85985305979102,27.85985305979102,18910600
2021-05-17,27.698843002319336,28.075957157593272,27.656468010057342,27.914939945616965,25124000
2021-05-18,27.694602966308594,27.787822770509628,27.56748446371486,27.639520005988807,19532400
2021-05-19,27.647998809814453,27.673421222513177,27.32596757367719,27.563255278979717,26238000
2021-05-20,27.889516830444336,28.059007096927587,27.690366009783364,27.698842301124397,25679600
2021-05-21,28.03357696533203,28.139507948605946,27.834426199535944,27.95730652806453,20487800
2021-05-24,27.982742309570312,28.215788644550244,27.965792956211274,28.16918196376114,19343000
2021-05-25,27.643756866455078,28.012397963744533,27.580197610679924,28.012397963744533,20427400
2021-05-26,27.647998809814453,27.766641046086473,27.567490192590515,27.660710016163815,16841600
2021-05-27,27.4615535736084,27.745451132917875,27.45308051535278,27.745451132917875,16996200
2021-05-28,27.609861373901367,27.711554243396435,27.52511462202378,27.62680749151885,19565000
2021-06-01,27.440366744995117,27.73697224756654,27.37680749937052,27.67341300194194,22052200
2021-06-02,27.584434509277344,27.73697542313758,27.37257248811122,27.482741644289813,20491400
2021-06-03,27.749691009521484,27.838672684532693,27.364103751139588,27.457323572415632,23707200
2021-06-04,27.707313537597656,27.864092589517078,27.67341483997869,27.821720833872238,14469600
2021-06-07,27.758159637451172,27.800531390124643,27.686124101873013,27.732733999641084,13822400
2021-06-08,27.520872116088867,27.83866511157607,27.402229915014846,27.81748085153144,18363600
2021-06-09,27.76663589477539,27.81748394349791,27.529351466252734,27.5886725733834,18760800
2021-06-10,27.948833465576172,27.97849401500671,27.72002212735884,27.787819516204316,16654400
2021-06-11,28.01240348815918,28.033590988515364,27.81749076936525,27.948844219849303,18198400
2021-06-14,28.071714401245117,28.14374670384689,27.90222415830874,28.01663144621273,13733000
2021-06-15,28.156463623046875,28.30900454938482,28.025110193661817,28.105618802772998,32781000
2021-06-16,27.732738494873047,28.330190972510522,27.72002729028638,28.228498103059177,46277600
2021-06-17,27.885276794433594,28.03781770065199,27.631043028322175,27.711551626814586,25708800
2021-06-18,27.16071319580078,27.74545450193369,27.118341433862014,27.724267004585197,36079800
2021-06-21,27.512571334838867,27.58089202772275,27.094096910096074,27.247822541416415,27886600
2021-06-22,27.346031188964844,27.59370058207743,27.33322126481501,27.512566718642162,16608600
2021-06-23,27.055665969848633,27.328955261837784,26.974532091398142,27.328955261837784,25666400
2021-06-24,27.030038833618164,27.098361142323505,26.910475200616897,27.089820650118796,15215800
2021-06-25,27.320415496826172,27.341765917907633,27.012964220668444,27.042856764901746,18273600
2021-06-28,27.49549102783203,27.632135674847866,27.393008357036496,27.431438136885312,16735200
2021-06-29,27.0513973236084,27.57235610105824,26.97026506684687,27.410091587535188,24688000
2021-06-30,27.000152587890625,27.132527796524336,26.897669921601555,27.030043501302654,19077400
2021-07-01,27.2947940826416,27.38873789035496,26.944641963442546,27.051395698050374,22993200
2021-07-02,27.337495803833008,27.3673867201696,27.200852778389145,27.3673867201696,18629400
2021-07-06,27.45278549194336,27.469866477132584,27.0214995750436,27.333221853483575,18156400
2021-07-07,27.63213348388672,27.636404545041945,27.311872312412095,27.465597935349123,24199200
2021-07-08,27.550994873046875,27.717533650808264,27.435702304604657,27.478403135217903,20513000
2021-07-09,27.58516502380371,27.662027844854677,27.358847622338512,27.589436085491407,21484200
2021-07-12,27.674835205078125,27.696187253670587,27.422897972586167,27.555271551836842,17323000
2021-07-13,27.465599060058594,27.717539552692052,27.367384196657188,27.627863554085653,22493200
2021-07-14,27.704729080200195,27.824296004089152,27.34603808213,27.474140613784115,20720000
2021-07-15,28.016447067260742,28.03779911481054,27.60224210456913,27.610784226735067,28574600
2021-07-16,28.29827880859375,28.443465583147027,28.016450640608102,28.04634155627121,33106600
2021-07-19,27.84991455078125,28.409303072488097,27.533924411437308,28.18298567844992,45585000
2021-07-20,27.969478607177734,28.251310031727765,27.875534798994387,27.875534798994387,33779200
2021-07-21,27.66202735900879,28.050612519126336,27.640678566676296,27.98655962639795,22456800
2021-07-22,27.704729080200195,27.828563807971733,27.615056330682645,27.691919152821338,22875400
2021-07-23,28.059154510498047,28.084774367297474,27.721812278553706,27.77305525001838,16216800
2021-07-26,28.06769371032715,28.153095396004524,27.871263969111315,28.003640817136375,17936800
2021-07-27,28.550216674804688,28.597188574763237,27.88407446865098,28.04633895895722,34285800
2021-07-28,28.332439422607422,28.588647724229663,28.123203023033543,28.5374080186244,24948200
2021-07-29,28.4093017578125,28.49043563413403,28.247037263034688,28.3836819054437,30247800
2021-07-30,28.17017364501953,28.63135052170271,28.10612075805823,28.39221996090486,25265200
2021-08-02,28.387954711914062,28.49043738555453,28.200067095352,28.23422907252064,23564200
2021-08-03,28.550216674804688,28.68259025221596,28.29827618794837,28.43065302322481,25994400
2021-08-04,28.50751495361328,28.54167366881787,28.15309181321202,28.434919946374002,32378000
2021-08-05,28.819238662719727,28.857671703109183,28.473357588542584,28.54594934966472,31790800
2021-08-06,28.802154541015625,29.011394193774805,28.721023923000153,28.789344614900827,20000800
2021-08-09,28.793621063232422,28.900374811315316,28.63562434323804,28.823511982381,16865200
2021-08-10,28.82350730895996,28.92172217473271,28.691133725317194,28.819236247526714,15834200
2021-08-11,29.092525482177734,29.22490232343328,28.8875601438874,28.8875601438874,18488800
2021-08-12,29.122417449951172,29.224903380669172,29.02847690025782,29.041286827131213,18920200
2021-08-13,29.32737922668457,29.36154119563834,29.122410670826657,29.18219248756341,23580800
2021-08-16,29.506731033325195,29.715967436978175,29.297494629672215,29.327385544479785,25796600
2021-08-17,29.523813247680664,29.528084309363525,29.229171891007873,29.425601634033406,23037200
2021-08-18,29.374357223510742,29.583593625568625,29.276142356825826,29.519540734936317,31411200
2021-08-19,29.493915557861328,29.73304283133387,29.35727093618205,29.38716184536612,27723000
2021-08-20,29.861148834228516,29.88250088004847,29.288947236474524,29.442672844356803,23581600
2021-08-23,29.47684097290039,29.84834514587564,29.421330203181757,29.8398030226171,21830800
2021-08-24,29.284685134887695,29.489650480057865,29.08825865498903,29.464030626377948,25331000
2021-08-25,29.340190887451172,29.434134678702954,29.113873530998163,29.280409067175466,16329800
2021-08-26,29.267606735229492,29.353008426960027,29.203553837498735,29.340198498987018,16631800
2021-08-27,29.25905990600586,29.391436742125272,29.203549141094616,29.297492941609942,21005000
2021-08-30,29.301759719848633,29.38716138536208,29.15230191840303,29.250516765821736,23691400
2021-08-31,29.267606735229492,29.434142314610032,29.143772001714222,29.28895552922927,22580200
2021-09-01,29.651912689208984,29.750124281837223,29.310299500732505,29.348732531921893,26667400
2021-09-02,29.920942306518555,29.920942306518555,29.686082742486473,29.71597366355728,20598800
2021-09-03,29.673263549804688,29.873961067712155,29.600671800989446,29.831260230636428,18942000
2021-09-07,29.280412673950195,29.65191682388116,29.229169711173945,29.64764576251682,26290200
2021-09-08,29.805648803710938,29.886779439724652,29.19501721314118,29.263337920198307,29176200
2021-09-09,29.643369674682617,29.818447324415526,29.617749826571348,29.71169361346562,16355000
2021-09-10,29.229169845581055,29.656184763750918,29.22063098067838,29.622026046274943,24654400
2021-09-13,29.177928924560547,29.511000025595184,29.092523989766317,29.476838051677493,26236400
2021-09-14,29.079715728759766,29.36581494650238,29.007123973427817,29.271874399648564,28103200
2021-09-15,29.04128646850586,29.23344188496471,28.87901870913889,29.037015406978995,19812800
2021-09-16,28.797887802124023,29.15657877805906,28.75518370300907,29.03701511941405,31464000
2021-09-17,28.353790283203125,28.8918299745598,28.32816717360936,28.73810434845789,25108000
2021-09-20,28.301729202270508,28.551273973689646,27.991949938789322,28.2931256816332,45678600
2021-09-21,28.224288940429688,28.577092429090026,28.20707861384453,28.383481999441777,26417600
2021-09-22,28.207073211669922,28.435104250816337,28.09951115301342,28.327542192159836,24787600
2021-09-23,28.056488037109375,28.417898274651797,28.03067419247551,28.20707426836303,19333200
2021-09-24,28.026371002197266,28.237191727542122,27.957532988476647,28.05218484702579,23660200
2021-09-27,27.695085525512695,28.26301317631194,27.656361469815334,27.97904770964523,21783400
2021-09-28,27.34657859802246,27.712290585081007,27.264830382392063,27.669263135254344,40471600
2021-09-29,27.703685760498047,27.89729616841007,27.355185713242893,27.428327131117765,30867600
2021-09-30,27.4842586517334,27.82415352165022,27.445536243607837,27.80694319775734,27142600
2021-10-01,27.4842586517334,27.703684536933718,27.389603511589392,27.652053565255084,29001200
2021-10-04,27.862876892089844,27.940321706453826,27.44123217332293,27.45414073656145,40402600
2021-10-05,27.794038772583008,27.99625599332516,27.759618121704783,27.897297442683747,26130400
2021-10-06,28.224288940429688,28.245802669294672,27.544495811719663,27.707992273011584,33152400
2021-10-07,28.073699951171875,28.49964482442501,28.043582703215264,28.27591716568075,27540200
2021-10-08,27.86717987060547,28.125331466664274,27.845669425956505,28.06939708900238,17795800
2021-10-11,27.488561630249023,27.806944430042524,27.449839220407444,27.751013336812274,25420200
2021-10-12,27.673566818237305,27.75531503469924,27.454140936783613,27.527282350179245,20996000
2021-10-13,27.996252059936523,28.017765784346288,27.535886587355513,27.68216940923477,26205400
2021-10-14,28.340456008911133,28.396387104829635,28.022069911281022,28.090911213212056,21398000
2021-10-15,28.258708953857422,28.48243662933124,28.21138137745322,28.383481356874505,29602400
2021-10-18,27.98764991760254,28.142539549884738,27.837060404387216,28.069394852810515,20702000
2021-10-19,28.340456008911133,28.379176779346878,28.125331864177575,28.20277668758301,21413600
2021-10-20,28.787912368774414,28.899774551848754,28.426502127015272,28.456619373617393,27799600
2021-10-21,28.787912368774414,28.904077953515824,28.74918831883815,28.80511941037532,17372800
2021-10-22,28.93419647216797,28.98582744684164,28.80082055742828,28.865355172603078,21399800
2021-10-25,28.809425354003906,28.985828730047967,28.74058733392538,28.891173580222762,15160200
2021-10-26,28.96431541442871,29.188043086034412,28.787915318408952,28.835239611460867,19391400
2021-10-27,28.770702362060547,29.106295480053472,28.74058511512615,29.033154063574752,22263600
2021-10-28,28.960010528564453,28.96431393045197,28.710469022163966,28.74488638966254,15443600
2021-10-29,28.787912368774414,29.071874510661026,28.645929656564263,28.951405524252543,26666800
2021-11-01,28.89117431640625,28.96431574039529,28.68895708799674,28.779308838077448,16182800
2021-11-02,28.9169864654541,29.054665783564957,28.710469129554756,28.99873468895344,19864800
2021-11-03,28.809425354003906,28.98152532800119,28.577090881487667,28.869659852522858,20992200
2021-11-04,28.650236129760742,28.826639529362918,28.353366999566827,28.766405022799837,32183000
2021-11-05,28.921287536621094,29.046059921499698,28.71476693483116,28.744884180661607,21584400
2021-11-08,28.491039276123047,28.960008287014016,28.35335996918377,28.95570816799319,19670200
2021-11-09,28.637325286865234,28.71907351281821,28.452318389863326,28.54267013734789,16489400
2021-11-10,28.869659423828125,28.895476553191436,28.641628356744768,28.65883868214233,25833200
2021-11-11,28.693260192871094,28.8653568869366,28.54267066176273,28.85244996313509,15747400
2021-11-12,28.676054000854492,28.753498837361914,28.551281581896177,28.684657523784427,18179000
2021-11-15,29.05466651916504,29.06757344266879,28.740587105460605,28.800821603500744,19003800
2021-11-16,28.9169864654541,29.123507083887322,28.89977614037351,29.067572706741934,13213400
2021-11-17,28.94279670715332,28.985824155762916,28.701858751100193,28.84814485479921,19001800
2021-11-18,28.792213439941406,28.951406481549977,28.69325817606257,28.89547538816341,15305000
2021-11-19,28.955717086791992,29.02025171731804,28.753499824384733,28.830944663550607,20606000
2021-11-22,29.132110595703125,29.287000238844286,28.856751959570808,28.93419678114139,23154000
2021-11-23,29.1622257232666,29.334325678967616,28.985825648509945,29.127805075619673,19036400
2021-11-24,29.179439544677734,29.239674044013043,28.998736046671816,29.149322295010084,15931600
2021-11-26,28.723369598388672,29.162221300462125,28.65022491259882,28.972911049648843,21854600
2021-11-29,29.149322509765625,29.231070737694683,28.714770804901654,28.94710528227841,22821800
2021-11-30,28.29742431640625,29.01594134694442,28.271610473314702,29.011637945584674,48623000
2021-12-01,28.349063873291016,29.03316046526085,28.33185354517174,28.486743215710778,46024600
2021-12-02,28.710466384887695,28.9772181918012,28.417897451554442,28.417897451554442,35050200
2021-12-03,28.998733520507812,29.007337041434514,28.430805945867302,28.852447404484032,42771400
2021-12-06,29.441890716552734,29.747366609591936,29.175135594129475,29.188042517668123,47222000
2021-12-07,29.661319732666016,29.734461158028456,29.36875074868212,29.446195576281802,21789000
2021-12-08,29.63119888305664,29.829112688987333,29.47200584495569,29.68712997521084,25994400
2021-12-09,29.59247589111328,29.7602724561111,29.390258676235437,29.70003796008798,23783400
2021-12-10,29.751672744750977,29.893655481787263,29.59678308299035,29.71294868804369,23403600
2021-12-13,30.117374420166016,30.26365723459083,29.721546858451827,29.721546858451827,27500000
2021-12-14,29.936681747436523,30.173316376475697,29.794699000492326,30.113081868535943,35005000
2021-12-15,30.42715835571289,30.45297220165148,29.902254938069426,29.902254938069426,45364600
2021-12-16,30.58205223083496,30.767059144923355,30.371228184699493,30.397045316746567,30209200
2021-12-17,30.121679306030273,30.616465423827627,30.05714141544219,30.465875918277604,43674000
2021-12-20,30.15030288696289,30.1806568642101,29.590919613405436,29.833754739718493,30091200
2021-12-21,30.10694122314453,30.44517220829786,29.946496877835823,30.24570273778014,32355800
2021-12-22,30.237024307250977,30.280386649816915,30.015872059329606,30.059234401895544,18967800
2021-12-23,30.23268699645996,30.388794075931173,30.202333025914708,30.254366513515336,14505400
2021-12-27,30.380123138427734,30.380123138427734,30.154636946614577,30.24569886878922,15707400
2021-12-28,30.6533145904541,30.661985737285306,30.40180832399025,30.423491153571213,16104000
2021-12-29,30.81809425354004,30.86579383412704,30.635970386754465,30.68800388678723,13755400
2021-12-30,30.93083381652832,30.961187789221942,30.705344326517242,30.900479843834702,18672400
2021-12-31,31.039241790771484,31.14764931031874,30.80508115154921,30.86578909782888,18618800
2022-01-03,30.731367111206055,31.034906865114024,30.380124472158045,31.026235718574593,43299600
2022-01-04,30.63597297668457,31.03057472141249,30.62729852038881,30.73137214592351,29321800
2022-01-05,30.618621826171875,30.965527231777617,30.588267851306504,30.61428459880964,44486400
2022-01-06,30.302064895629883,30.74436937291604,30.267377008033243,30.61861626891643,36259600
2022-01-07,30.531896591186523,30.67932923555443,30.050566920845295,30.23702799411564,39272000
2022-01-10,30.332426071166992,30.549241134744555,30.184993415935203,30.505878783696108,31169800
2022-01-11,30.05924415588379,30.41915800180618,29.859774668686445,30.306413227882206,33653800
2022-01-12,30.154640197753906,30.232693754938282,29.877117174061777,29.96384187833979,28113600
2022-01-13,30.302064895629883,30.41914685481397,30.124278306068042,30.141623904033633,33949000
2022-01-14,30.093931198120117,30.358445837819165,29.9421613167359,30.302071804494105,32547200
2022-01-18,29.7340145111084,29.924812805346747,29.499853870452686,29.872776004644933,35534800
2022-01-19,29.86844825744629,30.13296295538194,29.734023948387065,29.742695097088685,32051200
2022-01-20,29.907466888427734,30.341096964679643,29.8727756883272,29.959500380243608,29529600
2022-01-21,29.851093292236328,30.211007054723023,29.794722572510153,30.054899960351324,48542600
2022-01-24,29.564905166625977,29.91181062647291,28.806052368004504,29.816411459598218,57602000
2022-01-25,29.10091781616211,29.452157157088187,28.96649353671342,29.105255043725535,52218600
2022-01-26,28.86241912841797,29.473839172906093,28.701978104688468,29.157287736220397,49234200
2022-01-27,29.11826515197754,29.48251288894837,28.97516640888093,29.13127352710714,44982000
2022-01-28,29.469499588012695,29.49551633392322,28.81905447357009,29.040206738814355,50050400
2022-01-31,30.028886795043945,30.054903544430093,29.23534285541269,29.296050809537284,52580000
2022-02-01,29.62994384765625,30.106936268954602,29.352420864052302,29.946491950047506,41020200
2022-02-02,30.067909240722656,30.11127489695046,29.556228903919404,29.60826239805664,45723800
2022-02-03,29.933486938476562,30.11994802418037,29.851096156227,29.981186516796278,34289800
2022-02-04,29.694992065429688,29.959503394891428,29.395786224041377,29.673309236101304,37029200
2022-02-07,29.65162467956543,29.773043885062336,29.46950083382268,29.64295353334033,27543600
2022-02-08,29.673309326171875,29.86844155737857,29.599592999568035,29.773045709715806,38853200
2022-02-09,29.803401947021484,29.95517183928969,29.712336703325036,29.885789426632495,35231800
2022-02-10,29.04888153076172,29.65162714779907,28.988173577127405,29.50853171899553,45060000
2022-02-11,29.066225051879883,29.391447626636115,28.940471925973927,29.174632576798626,36059800
2022-02-14,28.819055557250977,29.20932330225874,28.541532562653252,29.161623727405843,37112200
2022-02-15,28.684629440307617,29.109585051027373,28.554539097569414,28.996843616211432,34174400
2022-02-16,28.749675750732422,28.871091644319964,28.46781553585564,28.723655696152967,32184600
2022-02-17,28.767011642456055,28.9057764137802,28.415772412960973,28.61957903542551,29159800
2022-02-18,28.714982986450195,28.95347753348517,28.584892645642174,28.671620642292453,33686800
2022-02-22,28.684629440307617,28.88843610004121,28.489493926200314,28.819053701691544,34421400
2022-02-23,28.198959350585938,28.823387630951935,28.168605381864502,28.73665964293751,34583600
2022-02-24,28.424448013305664,28.480818722682045,27.8737360569578,28.01683475191443,57320000
2022-02-25,29.30472183227539,29.339413032950276,28.610914360452597,28.675956226299277,42528000
2022-02-28,29.456493377685547,29.499855726831633,29.092242366521052,29.12693356917199,36705200
2022-03-01,29.20064926147461,29.65162496116942,28.97950029311603,29.395784790910835,33464600
2022-03-02,29.556232452392578,29.664639989307158,29.196318635835652,29.21366423874224,29259800
2022-03-03,30.076583862304688,30.224016507625592,29.647290991613406,29.673307738826484,41471200
2022-03-04,30.74003791809082,30.76605466575684,29.937822884482053,29.998530834592867,48683600
2022-03-07,31.138973236083984,31.208355632985388,30.549236095761145,30.809416775806636,61944000
2022-03-08,30.657644271850586,31.38180899472762,30.6446358992343,31.221364679678725,53129800
2022-03-09,30.440834045410156,30.92216375821525,30.384463319061364,30.878801406536535,50953800
2022-03-10,30.644636154174805,30.705344099112434,30.189326567142558,30.211006085571785,34039800
2022-03-11,30.540565490722656,30.896142010297247,30.51021151862488,30.692335351211536,24988400
2022-03-14,30.505874633789062,30.891805129789734,30.349767544582626,30.735698040583298,41004600
2022-03-15,30.89613914489746,30.96118431002731,30.622953421353536,30.800740010484958,29004400
2022-03-16,30.839767456054688,30.99153729766071,30.40180022027638,30.857113053428865,40011800
2022-03-17,30.969860076904297,31.191012348017736,30.796407380116012,30.85711863607668,31830000
2022-03-18,30.705345153808594,31.108621263794902,30.635966060783144,30.96985976940902,37038000
2022-03-21,30.91051483154297,31.054569722729934,30.740269353027802,30.749001769097813,36294400
2022-03-22,30.954174041748047,31.02838293522641,30.709716318464448,31.02838293522641,29286400
2022-03-23,30.997819900512695,31.17679445057168,30.770823726729777,30.923607691521752,27990000
2022-03-24,31.316484451293945,31.355773661301907,31.002184092993414,31.063301011943665,26591400
2022-03-25,31.770475387573242,31.783570681545406,31.35577553639677,31.429984422533025,28922000
2022-03-28,31.97564697265625,31.97564697265625,31.61332826226085,31.80103526507908,30959800
2022-03-29,32.272483825683594,32.272483825683594,31.905798930028016,31.962549646388187,38114600
2022-03-30,32.538761138916016,32.54749022376075,32.20699929732584,32.303035882820936,35229200
2022-03-31,32.50383377075195,32.80067257219243,32.486372272968374,32.516929061479594,35701200
2022-04-01,32.95783615112305,32.97966386485669,32.28558319951338,32.47765642295658,38013800
2022-04-04,32.70464324951172,32.822507553068775,32.368518501376755,32.822507553068775,28391000
2022-04-05,32.909812927246094,33.285226900360854,32.71337685476463,32.71773973250616,38140600
2022-04-06,33.56460952758789,33.58643724147476,32.86616597894818,33.014583775965946,56489200
2022-04-07,33.48166275024414,33.56460405295606,33.17609478831761,33.55150875893649,42033800
2022-04-08,33.59515380859375,33.71301809095096,33.31141028601712,33.60388622307074,34388600
2022-04-11,33.136810302734375,33.66064206823869,33.08879200234501,33.61698997618685,46335800
2022-04-12,33.26339340209961,33.43800506416815,32.92726870023104,33.04512965712405,45313800
2022-04-13,33.19792175292969,33.35507193851646,32.97965797633039,33.26776442961218,35313000
2022-04-14,33.21537399291992,33.4380039378191,33.16735903464788,33.2633922816323,28427000
2022-04-18,33.036407470703125,33.44237825434177,32.879257275072604,33.25467126125205,29878000
2022-04-19,33.250301361083984,33.31578115706656,33.03640380261894,33.13244039266795,33030400
2022-04-20,33.52095031738281,33.68682958422353,33.42054751742604,33.60389161602359,36652400
2022-04-21,32.96656799316406,33.507864698929254,32.94037739884832,33.41182807918247,36817000
2022-04-22,32.41215896606445,32.95781820791739,32.39033126421445,32.922895217133274,54683400
2022-04-25,32.18953323364258,32.54312273287665,31.656969211719776,32.52566123522211,59671800
2022-04-26,31.866519927978516,32.4732931231855,31.853424630741817,32.07605467509113,41106200
2022-04-27,31.713722229003906,32.18517270880442,31.608956565861696,31.888333887867844,49067800
2022-04-28,32.06730651855469,32.18080458963952,31.70062505412086,31.86650428844471,39902600
2022-04-29,31.106952667236328,31.98437060312159,31.058934372583018,31.927623223277106,54338200
2022-05-02,30.788288116455078,31.399427363417452,30.399778856477486,31.25537247004842,65832200
2022-05-03,30.90615463256836,31.412524903965693,30.762099728896235,30.901788424154937,42152800
2022-05-04,31.595867156982422,31.652617877664564,30.967269664393854,31.098225948897518,56580200
2022-05-05,31.27283477783203,31.648248753620607,30.993457400097423,31.38633287829954,54849200
2022-05-06,31.521650314331055,31.622053104530536,31.08075660766114,31.08948902269093,55359800
2022-05-09,31.285930633544922,31.604597230039623,31.024014753523048,31.329582725141716,51419400
2022-05-10,30.90615463256836,31.75738209891962,30.53946972598852,31.329583596316677,65578400
2022-05-11,31.128780364990234,31.64824924594062,30.85813539947277,30.884325988279983,72101800
2022-05-12,30.814485549926758,31.172441424042727,30.487089808867058,31.093866312970732,49892000
2022-05-13,31.18115997314453,31.22917826537275,30.68351888136171,31.085123388688096,30208800
2022-05-16,31.27719497680664,31.412517431461005,31.063297441608363,31.19425368888795,23213600
2022-05-17,31.600231170654297,31.604597378966886,30.941073593980967,31.42561947300321,29901800
2022-05-18,31.294666290283203,31.718098616539322,31.21172497635303,31.652618807144,37456600
2022-05-19,31.22917938232422,31.368868056409564,30.788285651750808,31.15060429499867,36552200
2022-05-20,31.316484451293945,31.40379195662231,30.88432312385111,31.312121573858118,31358000
2022-05-23,31.69190216064453,31.835957063708292,31.377601765029482,31.674440657505784,27082200
2022-05-24,32.32487106323242,32.38598466259519,31.512929436908333,31.75301762570739,32311400
2022-05-25,32.30303192138672,32.40779757887877,32.09349727596241,32.35977929201987,27723800
2022-05-26,32.39470291137695,32.630428143100346,32.36851232911,32.50383477807629,23290000
2022-05-27,32.90107727050781,32.90107727050781,32.22882455361753,32.36851321359211,23241200
2022-05-31,32.44709014892578,32.71773506973449,32.307401480961126,32.595507901570485,31041000
2022-06-01,32.39470291137695,32.56494835699269,32.09786410073716,32.56494835699269,22422200
2022-06-02,32.61296844482422,32.64352523596898,31.89269741876575,32.5518548625347,25038200
2022-06-03,32.4558219909668,32.65662426007308,32.394708401692746,32.47764970018217,17691200
2022-06-06,32.59988021850586,32.85306701740289,32.56059100398127,32.748297998964766,20345800
2022-06-07,32.79631805419922,32.8268748536013,32.31613835054872,32.51694065096833,19820000
2022-06-08,32.15462112426758,32.652262267813946,32.106602827044604,32.652262267813946,19971400
2022-06-09,31.381959915161133,32.2899378625781,31.360132209232326,32.137153912397444,25767600
2022-06-10,31.141878128051758,31.42125886272034,30.879962227893913,31.072035442215636,32800600
2022-06-13,29.710065841674805,30.814480079238585,29.56164806402263,30.744637398708477,52721400
2022-06-14,28.959226608276367,29.854109125621413,28.63183105272669,29.74497727377152,51342600
2022-06-15,29.14693832397461,29.59219821785386,28.793352131524898,29.216784319265617,51664800
2022-06-16,28.58382225036621,28.78462450131028,28.356826084644716,28.78462450131028,48754400
2022-06-17,28.31754493713379,28.828281399638698,28.08181964741435,28.6274791151609,43129400
2022-06-21,28.8565673828125,29.01497515317557,28.346141598955363,28.416546544491208,37266400
2022-06-22,29.16018295288086,29.375795606455295,28.693761882955624,28.70256418074269,28582200
2022-06-23,29.846614837646484,29.899415190711697,29.292187630813284,29.331791252704832,41140200
2022-06-24,30.365840911865234,30.427443564556512,29.886216422091366,30.005023935919397,30075200
2022-06-27,30.612245559692383,30.682650495964168,30.181023717758038,30.299831208443642,23276800
2022-06-28,30.49784278869629,30.951063708477584,30.458242525224538,30.713455413462025,26371800
2022-06-29,30.519847869873047,30.638652027878393,30.326237612434735,30.546248047853606,30329400
2022-06-30,30.858665466308594,31.087478221383115,30.291038084838107,30.3306417127558,37737800
2022-07-01,31.615497589111328,31.668301299978733,30.8938636593869,31.017068960984822,34255800
2022-07-05,30.53745460510254,31.567102016821902,30.057830023856095,31.54510298357531,44053600
2022-07-06,30.854257583618164,31.13587060769258,30.445038133464397,30.687047542573193,28518200
2022-07-07,30.82345962524414,31.113871619261847,30.78825715412308,31.01266871115432,16799400
2022-07-08,30.72224998474121,30.858655348983607,30.621043730660297,30.79265491924829,12564600
2022-07-11,30.91586685180664,30.973068355586527,30.53304749148433,30.603452441145212,13232800
2022-07-12,30.766258239746094,31.157876543124452,30.63865178536206,30.73545691331497,19140800
2022-07-13,30.638652801513672,30.96866846297497,30.453844836797643,30.480245015444815,38159200
2022-07-14,30.638652801513672,30.68265757538284,30.075426609754583,30.145831562270924,18925000
2022-07-15,30.695863723754883,30.73986514921657,30.16783654693391,30.66946018280301,17484200
2022-07-18,30.26903533935547,30.669452575964364,30.255835250700294,30.625451161416198,15422000
2022-07-19,30.462648391723633,30.629855125211865,30.36144210757743,30.467046183617736,22715400
2022-07-20,30.05782127380371,30.528643419016987,30.018221011231706,30.515443331492985,34085200
2022-07-21,30.13702392578125,30.150224012766397,29.855410879790437,30.14142507380707,26029400
2022-07-22,30.550649642944336,30.669453802685613,30.308636817610235,30.379041769377565,19543000
2022-07-25,30.933467864990234,30.942266805087677,30.418640906332048,30.502245944175115,17292000
2022-07-26,31.11827850341797,31.215083638298644,30.871867874334818,30.907066994851668,17934400
2022-07-27,31.14467430114746,31.228279334434795,30.885063618760054,30.973066443310092,20684200
2022-07-28,32.262332916259766,32.32833672403384,31.668305360479344,31.694705540751727,29715600
2022-07-29,32.5395393371582,32.675948078545005,32.196323623712935,32.20072477203962,24547600
2022-08-01,32.574745178222656,32.60114535672777,32.23152942928459,32.43833977982237,23148800
2022-08-02,32.50874710083008,32.90916778318161,32.48234691767494,32.719958637351645,22916600
2022-08-03,32.711151123046875,32.790355016978175,31.954318017483608,32.460339351779915,21960400
2022-08-04,32.78154754638672,33.019159166352516,32.62313979974285,32.7287438451414,17328200
2022-08-05,32.662750244140625,32.84315705287079,32.354733624780366,32.693551570367376,22050200
2022-08-08,32.711151123046875,33.09837165208565,32.55714448403961,32.94436501307839,16899000
2022-08-09,33.07636642456055,33.137969074873496,32.79035220119748,32.812354586491814,16213600
2022-08-10,33.221580505371094,33.296383258422516,32.97956764891848,33.22598165469568,15778600
2022-08-11,33.2171745300293,33.55159133115201,33.12036940151276,33.26997824297272,16048200
2022-08-12,33.758399963378906,33.76280111184064,33.375580617432014,33.441584415987364,15798800
2022-08-15,34.04001235961914,34.075214832426894,33.6307928452336,33.69239549410088,15571000
2022-08-16,34.13682174682617,34.260027059955725,33.930011389604566,33.965213866811006,15577600
2022-08-17,34.079620361328125,34.22922922618279,33.969615126647156,33.99601866579406,21286000
2022-08-18,34.20722579956055,34.31283323876044,34.08842162682721,34.110420658840596,16559000
2022-08-19,34.18962097167969,34.34363096507705,34.035614335375215,34.163220793196885,17286600
2022-08-22,33.72319412231445,34.08841219503686,33.63519130442361,34.0268095510948,26453000
2022-08-23,33.520790100097656,33.7363993869855,33.384384704304324,33.66159664458869,15747000
2022-08-24,33.62639617919922,33.67039759752793,33.39318564067331,33.47679068546299,15002200
2022-08-25,33.83320617675781,33.83320617675781,33.450386791491724,33.70559971500245,14601800
2022-08-26,33.31398391723633,33.960815215836426,33.28318258668838,33.84640883504695,17732400
2022-08-29,33.41518020629883,33.66159077693234,32.948755881338215,33.1423661051744,22477400
2022-08-30,32.92676544189453,33.43279015890477,32.8035601244506,33.406386621528846,20560600
2022-08-31,32.711151123046875,33.1467742182155,32.697951033573815,32.94436501307839,22012800
2022-09-01,33.18197250366211,33.230371706585714,32.58354390445593,32.58354390445593,28160000
2022-09-02,32.8255500793457,33.57798522319446,32.728744968951325,33.265570866889455,25536800
2022-09-06,32.90916442871094,33.366786580283794,32.82555938111698,33.01036735855223,32900400
2022-09-07,33.93880844116211,33.9872110053534,33.03236652465761,33.067568999904516,31509800
2022-09-08,33.91240310668945,34.13681465589933,33.731996323393425,33.81119684501682,25150600
2022-09-09,34.0488166809082,34.24242695485961,33.81560613660843,34.11482048858192,21181400
2022-09-12,34.37442398071289,34.418425386575784,34.035606105675235,34.1412101511646,22680600
2022-09-13,33.45918273925781,34.167616510739656,33.29637383127702,34.026809986058986,35156200
2022-09-14,33.73199462890625,33.92120034162514,33.43717815471781,33.472380622843616,22297400
2022-09-15,32.89155578613281,33.4635841861199,32.80795075735669,33.4635841861199,36110000
2022-09-16,32.76835632324219,33.02356924598415,32.711151458814484,32.7727574721427,32222400
2022-09-19,33.20736312866211,33.211794086158434,32.57830235739577,32.66690122834051,21462800
2022-09-20,32.7244987487793,32.99029878378138,32.48527770332818,32.99029878378138,23408400
2022-09-21,32.27705764770508,33.15862881473268,32.263768156617864,32.93712828373269,30461200
2022-09-22,32.161888122558594,32.37895777553477,31.993548874512125,32.25049039508129,34700800
2022-09-23,31.789762496948242,31.891650865623305,31.382198882756644,31.847351427945867,32420600
2022-09-26,31.023366928100586,31.749888471921683,30.713267505675805,31.71001999468002,35939000
2022-09-27,30.50063133239746,31.275883416851148,30.3500125497367,31.227153015441875,38286000
2022-09-28,30.828447341918945,31.01893796503603,30.451897053384357,30.85502970828604,45882600
2022-09-29,29.59247589111328,30.7398471588618,29.530456005279866,30.66896873783659,40662000
2022-09-30,29.021007537841797,29.849417561074144,28.95898764454624,29.73423969057137,45553000
2022-10-03,29.871570587158203,30.03548224535108,29.291240105719147,29.495020248973848,50894000
2022-10-04,30.505064010620117,30.531643002039818,29.89372354914956,30.079783248749592,33993000
2022-10-05,29.827268600463867,30.115220027403517,29.495017733955944,30.115220027403517,34411400
2022-10-06,28.84380531311035,29.74752806989808,28.81279536762487,29.69879767273081,51342000
2022-10-07,28.24575424194336,28.865958254307138,28.050834332847042,28.759635538574898,42166800
2022-10-10,28.294483184814453,28.631163317720695,28.254613013425466,28.30334341066926,33035600
2022-10-11,28.19259262084961,28.560284382664587,28.04197216382779,28.18816335295864,34320000
2022-10-12,27.253433227539062,28.20145549735031,27.23571277447903,28.148295828085633,41833000
2022-10-13,27.935651779174805,28.046402061329918,26.735117436277847,26.84143845070944,61429800
2022-10-14,27.532520294189453,28.427381069796393,27.395189338569,28.223600960100363,39305800
2022-10-17,28.10842514038086,28.374226861681368,27.90907427188432,27.90907427188432,28247400
2022-10-18,28.622304916381836,28.77735464478189,28.338784447355856,28.66660435594891,32083800
2022-10-19,28.25018310546875,28.440672042328217,28.00653281468477,28.25018310546875,25686800
2022-10-20,27.53695297241211,28.25904536089109,27.40405295788549,28.25904536089109,31037000
2022-10-21,28.046405792236328,28.25461520124291,27.44835317509295,27.6388438209332,31087200
2022-10-24,28.281192779541016,28.502691659111562,27.97552260202012,28.1970231715059,20061000
2022-10-25,28.848230361938477,28.923539731287352,28.307768525755012,28.374219360992793,28403600
2022-10-26,28.834943771362305,29.149477568005526,28.710903987811488,29.003286374607512,27068800
2022-10-27,29.065305709838867,29.39312561435043,28.98113440982798,29.04315430041583,24514600
2022-10-28,29.862712860107422,29.92473275843909,29.145049691058265,29.184918177201066,27185800
2022-10-31,29.5836181640625,29.91143808985092,29.406417016668758,29.78739830062453,21789600
2022-11-01,29.698793411254883,29.871563565573332,29.464003374864692,29.76081329332663,21479000
2022-11-02,29.410842895507812,30.21710476606739,29.397553403218783,29.601333504587668,42680400
2022-11-03,29.53931999206543,29.80068907633859,28.972278999893017,29.13175970142037,28656400
2022-11-04,29.720947265625,29.84055947581039,29.202636701036962,29.601338435270357,24298400
2022-11-07,29.153902053833008,29.712084400437373,28.69318049248991,29.66335400780674,28592800
2022-11-08,29.35768699645996,29.539319104341903,29.100748878237166,29.193778721360545,24827800
2022-11-09,29.1273250579834,29.464006871926316,29.06973612631876,29.238075343374973,25781800
2022-11-10,30.50063133239746,30.553792692070537,29.56147097032246,30.004472161438855,35830400
2022-11-11,30.159521102905273,30.58037087137776,29.871569660346363,30.500630523897303,30624000
2022-11-14,29.80068588256836,30.341147826507985,29.78739638883715,30.17723956404897,20490600
2022-11-15,30.12850570678711,30.33671676421049,29.765244940589984,30.11521621458224,27241600
2022-11-16,30.398733139038086,30.553782829915686,30.14179171996676,30.14179171996676,26462200
2022-11-17,29.867137908935547,30.150658385817867,29.72094671246572,30.066490462257317,23247200
2022-11-18,30.50063133239746,30.531641280582374,30.132939532611445,30.146232407402863,23483000
2022-11-21,30.63796043395996,30.726559309938825,30.42974935759612,30.451897386675597,22876400
2022-11-22,30.899330139160156,31.089820768401246,30.704408552077027,30.784148894080985,14904800
2022-11-23,31.244871139526367,31.25816063349626,30.81073189730037,30.81073189730037,14333400
2022-11-25,31.426496505737305,31.523957280416518,31.33789426519716,31.36004567028967,8983000
2022-11-28,31.103107452392578,31.329038964299322,30.970209147611733,31.2094267721833,18262600
2022-11-29,30.87274742126465,30.939194881713323,30.691115349824575,30.91261589753385,19004400
2022-11-30,31.643569946289062,31.710020789855072,30.784146697117354,30.815156640137452,32946400
2022-12-01,31.61699104309082,32.12201204777853,31.537250706570113,31.95366945966242,30706200
2022-12-02,31.466373443603516,31.550544749801368,31.151843009694158,31.28031375816375,20708200
2022-12-05,31.289173126220703,31.408785341347055,31.169564290925237,31.227153229425888,22903000
2022-12-06,31.484085083007812,31.50180553092211,31.12525530727543,31.244864105909606,25649600
2022-12-07,31.337902069091797,31.723314306801125,31.222724197452372,31.510672256381664,28297800
2022-12-08,31.541683197021484,31.656864452120296,31.227152759486614,31.34233401458543,19920000
2022-12-09,31.377771377563477,31.652429919698168,31.346761433134382,31.430929350967375,23837200
2022-12-12,32.09543228149414,32.10429419728648,31.426502971887636,31.546111796439547,22763800
2022-12-13,32.192893981933594,32.68905650551541,31.842922654563033,32.54729626732499,27388400
2022-12-14,32.153018951416016,32.64475041683803,31.918228921586223,32.303637695144566,26637400
2022-12-15,31.763179779052734,32.08214113453005,31.612561016649785,32.02898316183744,26308000
2022-12-16,31.222715377807617,31.523956225907504,30.83287229213142,31.523956225907504,39263400
2022-12-19,31.098556518554688,31.397798425912487,30.89757625027815,31.062829040461718,19664600
2022-12-20,31.107494354248047,31.277210968122592,30.87971419307247,31.080694483384043,15964000
2022-12-21,31.540719985961914,31.5541182167878,31.192348947064126,31.295074395870834,16484800
2022-12-22,31.348670959472656,31.491591101818432,30.83058331379111,31.491591101818432,14103800
2022-12-23,31.670244216918945,31.692573467436517,31.28614567017064,31.290609475783032,11349400
2022-12-27,31.866758346557617,31.933752915289553,31.54072333687301,31.741703635583505,12211400
2022-12-28,31.563045501708984,32.07219865778202,31.51391638950154,31.938212957885433,14431200
2022-12-29,31.79082679748535,31.969477811441884,31.69703578184222,31.719365028908864,11555200
2022-12-30,31.487125396728516,31.813163797293065,31.19235067231521,31.759567463540154,14700200
2023-01-03,31.487125396728516,31.683641879670716,31.05836494916064,31.576449212164896,25774200
2023-01-04,31.772964477539062,32.058804764963995,31.580915214973718,31.6300443338266,20872600
2023-01-05,31.08515739440918,31.652374112319013,30.991366378078315,31.531783228833117,19572800
2023-01-06,31.71043586730957,31.86228702319409,31.39333191753466,31.43799382176629,19620400
2023-01-09,31.924814224243164,32.16598916174345,31.612174114454973,31.705965125146083,23438800
2023-01-10,31.933752059936523,31.951617504952196,31.55858793706304,31.839961029218152,17215000
2023-01-11,32.19279098510742,32.23745288708344,31.9292799707249,31.933747183167913,21371800
2023-01-12,31.973939895629883,32.277645580766126,31.94714343759814,32.23298368155172,25797800
2023-01-13,31.85782814025879,31.965017408473138,31.62111694452129,31.83996269430883,23793600
2023-01-17,31.813159942626953,32.107931223838925,31.75956361536808,31.880151092344633,19530400
2023-01-18,31.04943084716797,31.95161706692256,31.009236152047656,31.95161706692256,29020400
2023-01-19,30.736797332763672,31.0672995772598,30.66087174007283,31.036035897476186,28394000
2023-01-20,30.91991424560547,30.93331247813985,30.29910107580091,30.718930535133588,26621000
2023-01-23,30.92884063720703,31.22807914398725,30.678731247359075,30.81271696014125,19652600
2023-01-24,31.08515739440918,31.17894841074004,30.562605985929498,30.96010270596803,20658800
2023-01-25,30.66532325744629,30.73678160002452,30.352683212150627,30.62959238241528,25983000
2023-01-26,30.76805877685547,30.817187899729223,30.446487575312823,30.504551124610142,20360000
2023-01-27,30.76805877685547,30.90204791332667,30.580476711784023,30.70106420861987,15425800
2023-01-30,30.629606246948242,30.977973917480224,30.607273588074,30.656402711609058,15561000
2023-01-31,30.857379913330078,30.866314338976853,30.352693903806948,30.714459770346583,19442400
2023-02-01,30.910974502563477,31.129820213785116,30.491145115437032,30.709994234143473,30944600
2023-02-02,30.977970123291016,31.321870538430076,30.687662630909518,30.928841005773304,24997000
2023-02-03,30.330360412597656,30.821648122423174,29.92392928963836,30.701057245452706,25362200
2023-02-06,30.589401245117188,30.616201111220455,30.16510808205973,30.218704406781704,31414200
2023-02-07,30.576004028320312,30.674262256488763,30.151710851212552,30.4509493406458,21124400
2023-02-08,30.062387466430664,30.41075511428496,29.91053629992397,30.397356882826735,22471400
2023-02-09,29.6514892578125,30.29909536309841,29.602360142792495,30.133845983017245,20715200
2023-02-10,30.24103546142578,30.267831921646803,29.647022271638136,29.68275315692268,30963400
2023-02-13,30.42416000366211,30.50008559502714,30.254439967098538,30.254439967098538,16183800
2023-02-14,30.29463005065918,30.60279954796854,30.13384448359144,30.392888275809977,14150400
2023-02-15,30.491146087646484,30.513478743731806,30.120449212018475,30.120449212018475,11020000
2023-02-16,30.258907318115234,30.401827482063737,29.937336097359726,30.19191274587692,18399600
2023-02-17,30.584943771362305,30.72786392605387,30.10705418466064,30.26783637713904,21873200
2023-02-21,30.01325798034668,30.446485632137158,29.990928730683454,30.361629031440774,16969000
2023-02-22,29.897132873535156,30.241033248652155,29.816740091269757,30.008789326265735,26750200
2023-02-23,29.74081802368164,30.031125549727864,29.611299507008322,30.031125549727864,21406600
2023-02-24,29.74974822998047,29.856937480204962,29.36118251262504,29.48177340067682,23150400
2023-02-27,29.548763275146484,30.182971065696186,29.486232530987397,29.897130838758734,21720600
2023-02-28,29.03067970275879,29.557698332123646,29.03067970275879,29.414778199117148,41151800
2023-03-01,28.552793502807617,28.905628367509706,28.418806075529343,28.878831904299595,47276000
2023-03-02,29.093204498291016,29.11106993928672,28.47239490549928,28.512591295868496,30688600
2023-03-03,29.58895492553711,29.606820363824184,28.92348353489223,29.20932373251757,30175200
2023-03-06,29.73188018798828,29.821203987452897,29.56662741074576,29.60682550574401,24243200
2023-03-07,29.24506378173828,29.834609800185785,29.10214363809904,29.758680811779776,24055200
2023-03-08,29.4683780670166,29.526438206702725,29.124474219492587,29.23613069330178,27407400
2023-03-09,29.231658935546875,29.82120488930209,29.1334041161582,29.5487662704506,34067200
2023-03-10,28.771636962890625,29.374581189868152,28.624249611911598,29.374581189868152,41666400
2023-03-13,29.21379852294922,29.856937430714964,28.69571090066741,28.73590559162816,67671200
2023-03-14,29.597896575927734,29.839074968236538,29.307592470032752,29.432647175492466,35118400
2023-03-15,29.999858856201172,30.19190811651157,29.370118151685187,29.513038293719557,48336800
2023-03-16,30.200838088989258,30.37502187992636,29.77207772610681,29.888197981741904,31646800
2023-03-17,29.91053581237793,30.191908890869566,29.687222871753914,30.129381540093647,35814600
2023-03-20,30.144493103027344,30.24347556989515,29.946528169291735,29.95552844769815,38838000
2023-03-21,29.5371036529541,30.229977462707854,29.14117380018034,30.19398321561927,51865000
2023-03-22,28.956707000732422,29.654080894367425,28.943210017291754,29.496606933959477,35793200
2023-03-23,28.65976333618164,29.244656115226135,28.515789781841463,28.965705851929407,33769000
2023-03-24,29.55510139465332,29.56409824031347,28.66426263988049,28.691258325761556,36112000
2023-03-27,29.59109115600586,29.856544433631665,29.510105817547174,29.64508252584508,28273800
2023-03-28,29.672077178955078,29.9870216947154,29.51910677644892,29.51910677644892,22038800
2023-03-29,30.104001998901367,30.153489799489705,29.82955186307282,29.82955186307282,19807800
2023-03-30,30.234474182128906,30.382947876982833,30.0635066572852,30.175986105035086,20585600
2023-03-31,30.454938888549805,30.468435874179377,30.15799147429673,30.333459152682412,23444000
2023-04-03,30.24797248840332,30.472931368204446,30.077001542890404,30.342454806007783,24071400
2023-04-04,30.40094566345215,30.45493703528554,30.148992793430477,30.22997813488036,21613800
2023-04-05,31.18830108642578,31.27378656501525,30.52692138546589,30.531421524497002,37674400
2023-04-06,31.408763885498047,31.476252249250543,31.089322625177072,31.44025799756911,33350400
2023-04-10,31.345773696899414,31.354773975556107,30.91835314092159,31.228797535166876,20463000
2023-04-11,31.37276840209961,31.4627505853244,31.219794571497154,31.30077990943957,17274000
2023-04-12,31.34127426147461,31.566233151898285,31.228794816262774,31.431256444603978,25109200
2023-04-13,31.345773696899414,31.4312591811352,30.75188231177836,31.201800131797356,32892400
2023-04-14,30.994842529296875,31.179310508047138,30.850868944765388,31.116322279352175,18129400
2023-04-17,31.165809631347656,31.219801011980827,30.85536863235957,31.0488334555439,15613800
2023-04-18,31.00383949279785,31.242295394865003,30.88685989519109,31.179307172907667,15566200
2023-04-19,31.242292404174805,31.336774728066423,31.035330632897878,31.080321725331938,20634600
2023-04-20,31.233285903930664,31.35476560516217,31.048821431919364,31.26928014374738,14737400
2023-04-21,31.323278427124023,31.543737187681923,31.138810481738556,31.435757876963823,14075600
2023-04-24,31.480754852294922,31.53474280144097,31.12531931247895,31.31428399969219,13579000
2023-04-25,31.449256896972656,31.620224436057203,31.35477456490483,31.36377141113007,20503200
2023-04-26,30.711389541625977,31.305280891668243,30.675395294326357,31.206298427894474,29513800
2023-04-27,31.080318450927734,31.107312417024207,30.77437424896782,30.801368215064297,24933400
2023-04-28,31.035327911376953,31.2197924039608,30.841863141535345,30.99033339028819,24246800
2023-05-01,31.089317321777344,31.390761404835487,30.93634692712701,30.963340894982906,21016200
2023-05-02,30.711389541625977,31.14331021142032,30.535921876790784,31.062324871296358,22931000
2023-05-03,30.625904083251953,31.066825031471016,30.589909835927877,30.882357088385383,23714400
2023-05-04,30.859853744506836,30.98133344713708,30.39194235190047,30.679889408550395,29262200
2023-05-05,31.057825088500977,31.134310290439767,30.756380987259586,30.756380987259586,22833200
2023-05-08,30.963346481323242,31.25129363240424,30.85986386487188,31.02633470608466,16573400
2023-05-09,30.92285919189453,31.00384455228426,30.702396946466187,30.891365075776367,20562200
2023-05-10,31.206298828125,31.287284169287624,30.891357741715016,31.11631664132226,21416600
2023-05-11,30.88685417175293,31.23328932832268,30.742880629300565,31.224292483681914,29748200
2023-05-12,31.057825088500977,31.25579001831939,30.873360576025046,31.057825088500977,23748200
2023-05-15,30.666400909423828,31.219797917507616,30.540421033766748,31.174806821073258,26370200
2023-05-16,29.987022399902344,30.688893077507355,29.96902527578421,30.630404998573752,28008000
2023-05-17,29.87904167175293,30.090500146768473,29.753061808896486,30.08150330143601,34176600
2023-05-18,29.78905487060547,29.82054897691687,29.528101742539477,29.73956364174467,32335600
2023-05-19,29.74407196044922,30.095007365172783,29.726074832950435,29.92853651025985,24945000
2023-05-22,29.75305938720703,29.97352155481153,29.64508008900483,29.820547735808407,18989400
2023-05-23,29.649580001831055,29.94202722181011,29.568594670646085,29.640579724699407,24128000
2023-05-24,29.45611572265625,29.71706884219731,29.406624495412256,29.609086110428578,23127600
2023-05-25,29.06018829345703,29.41562375806257,28.853226522788045,29.40212677363203,32252200
2023-05-26,29.06018829345703,29.08268555590814,28.763244338184247,29.015197201155132,33187800
2023-05-30,28.947708129882812,29.25815249450227,28.90271703869454,29.10967880424077,31165800
2023-05-31,29.21316146850586,29.343638036063176,28.776740674545238,28.961208611209102,34266200
2023-06-01,28.9971981048584,29.307642456040615,28.81723374789487,29.267151505503847,37306400
2023-06-02,29.298641204833984,29.41112062731977,28.781235174879445,28.848723514890832,46091600
2023-06-05,29.438121795654297,29.757563021789455,29.298648376065817,29.361636593467093,24089000
2023-06-06,29.415624618530273,29.62258639525332,29.334639276977743,29.57309859509383,25723200
2023-06-07,29.9150333404541,29.987021835571877,29.258153769206125,29.438121574400178,38529600
2023-06-08,30.04551124572754,30.09050234087102,29.68107891268465,29.906037821002588,29318200
2023-06-09,29.870038986206055,30.077000738173773,29.85204186439147,30.054506910355546,26632600
2023-06-12,29.816051483154297,29.9735254612812,29.69457518591973,29.89254011892467,22967400
2023-06-13,29.81155014038086,29.915029297376766,29.586591272442035,29.63608249799657,23737200
2023-06-14,29.793554306030273,30.148989744639398,29.735062800975566,29.919530728301847,28047200
2023-06-15,30.11749267578125,30.189477724596586,29.84304259743585,29.906030802374165,27402400
2023-06-16,30.27947235107422,30.52242496676206,30.1669928897888,30.189486722485437,27370800
2023-06-20,29.924352645874023,30.255432495365497,29.892605215645933,30.191937634909312,25850800
2023-06-21,30.164722442626953,30.196469868542174,29.49348670300669,29.820033632540333,21445400
2023-06-22,29.93341827392578,30.33706560716647,29.847245204960927,30.278107089575233,20000800
2023-06-23,29.493484497070312,30.123900093242597,29.4526678640364,30.01958861312728,25439200
2023-06-26,29.78375244140625,29.87446185199821,29.42999439062313,29.54337855870542,20535200
2023-06-27,29.792823791503906,29.89713528379654,29.697581509763214,29.806429337436853,17020800
2023-06-28,29.35289192199707,29.783750346317678,29.275791523575062,29.783750346317678,29447600
2023-06-29,29.35289192199707,29.51616538936719,29.058092413678253,29.12158726652108,29307800
2023-06-30,29.679439544677734,29.711186971835023,29.380103694157555,29.3937092400521,27858600
2023-07-03,29.901670455932617,29.915276001336277,29.516165008585922,29.61594362182599,16329200
2023-07-05,30.241830825805664,30.468599202285848,29.756546638546503,29.79736328541174,38338000
2023-07-06,29.87445831298828,30.087617617154983,29.711184853474784,30.00144801256327,30845600
2023-07-07,29.656761169433594,29.865387612524266,29.579660769636828,29.679439385943244,25787600
2023-07-10,29.529769897460938,29.706648904195852,29.293928915007825,29.606870293174136,24820200
2023-07-11,29.89713478088379,29.906207451493177,29.479881898311927,29.58872972415459,22871800
2023-07-12,30.332523345947266,30.368807100550153,29.933412425943363,29.987838057847696,26655000
2023-07-13,30.436845779418945,30.445914990200986,30.22368299383445,30.33253082426967,19835400
2023-07-14,30.318920135498047,30.45044616089502,30.146577478189712,30.35974022761896,20285600
2023-07-17,29.96970558166504,30.287179883504773,29.95610003447339,30.21914868733615,21260800
2023-07-18,29.7383975982666,30.201003452492348,29.47534551438824,29.942487703911198,36264600
2023-07-19,30.042268753051758,30.21914778166285,29.761078225624004,29.761078225624004,27154000
2023-07-20,30.591045379638672,30.63640181239337,29.969702389335417,30.123903188029363,33329000
2023-07-21,31.049116134643555,31.171572957965235,30.659074370346683,30.71350000962407,36746000
2023-07-24,30.967479705810547,31.148895044949423,30.822348126541403,31.094469405144824,26484600
2023-07-25,31.02190589904785,31.117148175247685,30.83595422155542,30.931196497755256,16701600
2023-07-26,31.02190589904785,31.36659470354001,30.87677431718955,30.94026916798944,23158200
2023-07-27,30.473127365112305,31.030975483908374,30.409632513545432,30.89944944560274,32130200
2023-07-28,30.405092239379883,30.795133968594804,30.255424339986135,30.672677156287392,26432200
2023-07-31,30.418703079223633,30.650007740359058,30.27810782451879,30.527550906730283,25047000
2023-08-01,30.04680061340332,30.541153860708064,30.028658733656847,30.38241673818864,26919600
2023-08-02,30.04680061340332,30.187395856176273,29.87445794612648,29.924347250376837,30335000
2023-08-03,29.361957550048828,29.978767582591793,29.334746462210315,29.95609282946288,41266400
2023-08-04,29.02181053161621,29.629549702122112,28.89481909517133,29.439065142612275,36497800
2023-08-07,29.017274856567383,29.266719669741423,29.00820391589314,29.130660749942887,25131800
2023-08-08,29.153335571289062,29.16694111727816,28.745153620670838,29.0127403157883,30350200
2023-08-09,29.216829299926758,29.475345044385715,29.089839595309716,29.139728902153546,26387400
2023-08-10,29.12612533569336,29.511630810962924,29.03995226161528,29.334751787483828,27384400
2023-08-11,29.28485870361328,29.32567879773079,29.062626734070413,29.15333267178309,24336200
2023-08-14,29.05355453491211,29.284859178099783,28.92656483597293,29.26671729822136,21549600
2023-08-15,28.581878662109375,28.89935464948466,28.563736781663945,28.885747374098116,30379000
2023-08-16,28.708866119384766,28.835857542464467,28.59548197062724,28.704331514680582,25028400
2023-08-17,28.64537239074707,29.021808609762317,28.631766845998765,28.74061466419495,23752800
2023-08-18,28.795042037963867,28.863071495908244,28.613626689902233,28.64083951114297,25675600
2023-08-21,28.613630294799805,28.785974724160727,28.386861946205766,28.70887258598405,24162000
2023-08-22,28.69526481628418,28.77690155386377,28.48663836696081,28.59548619699689,27057800
2023-08-23,28.80864715576172,28.88121294788787,28.60909165994104,28.849465521964238,26772000
2023-08-24,28.64084243774414,29.153337647692233,28.61362961372272,28.758761214959986,25933800
2023-08-25,28.858539581298828,29.00367118123708,28.66351866948709,28.681660552005656,24981000
2023-08-28,28.85400390625,29.067164975355645,28.795045381872473,28.908429555051818,17326400
2023-08-29,28.962846755981445,29.049019814877717,28.772360489567657,28.890280971182094,23746200
2023-08-30,28.831321716308594,29.058090017824377,28.722473900439724,28.86760547500144,22480800
2023-08-31,28.554664611816406,28.971919193568752,28.545593671984307,28.944706374072446,27542200
2023-09-01,28.409534454345703,28.80411084118246,28.187302472721246,28.704333958253198,28775400
2023-09-05,27.974140167236328,28.409534927557093,27.819937640026268,28.391393046684147,37650600
2023-09-06,28.037635803222656,28.06938323058446,27.856220449636606,28.01495931655066,38940200
2023-09-07,28.404998779296875,28.631767087574598,28.20544156074535,28.278007350190023,33748600
2023-09-08,28.654443740844727,28.70433304577591,28.364180581359527,28.454888251224876,32521400
2023-09-11,28.77236557006836,28.922033500828682,28.613628428448393,28.62269936941312,27023600
2023-09-12,28.80864715576172,28.89028388816676,28.57734250391245,28.7678287895592,22094800
2023-09-13,29.153335571289062,29.28486161620045,28.82225402141577,28.82225402141577,30120800
2023-09-14,29.579662322998047,29.597804205116475,29.2939320048956,29.334752104714607,26201000
2023-09-15,29.45267105102539,29.756539774968548,29.42092362404939,29.529771450794247,34802000
2023-09-18,29.430721282958984,29.526735330824152,29.22497390474895,29.47186866565172,19135000
2023-09-19,29.27069664001465,29.513021813703173,29.261553939238222,29.407861569404453,24889000
2023-09-20,29.298133850097656,29.604464928002947,29.2112624892815,29.38957481750991,18736000
2023-09-21,28.99180030822754,29.330137809276092,28.978084512281182,29.275271137241443,25628600
2023-09-22,28.936935424804688,29.12896354484734,28.744905560637417,28.863781606103966,24595400
2023-09-25,28.89578628540039,28.918646526715165,28.594026565321393,28.767765794613357,24729800
2023-09-26,28.031654357910156,28.80891297469738,27.953927449756737,28.776908290200236,46833400
2023-09-27,27.492143630981445,28.04536944226981,27.41898981910963,27.976786980585537,52042200
2023-09-28,26.897769927978516,27.652168320562403,26.856620797901247,27.597303395167557,77189800
2023-09-29,26.943490982055664,27.350409196969057,26.797183348471627,27.130947746592998,45737800
2023-10-02,25.69072914123535,26.788038104517625,25.38439808759272,26.788038104517625,111645400
2023-10-03,25.9879207611084,26.074790381839875,25.11464622636132,25.48955979138626,115236400
2023-10-04,25.960485458374023,26.17080421200994,25.553567235238123,26.1205106349258,58997200
2023-10-05,25.809606552124023,25.96962998505265,25.55814041003992,25.89190481595149,56290000
2023-10-06,26.175378799438477,26.23938818032473,25.041493603971755,25.489561014300353,68207400
2023-10-09,26.43598747253418,26.43598747253418,26.019924783271524,26.12965638823214,40487600
2023-10-10,26.797183990478516,26.810899786416694,26.43598624835985,26.43598624835985,61414400
2023-10-11,27.231534957885742,27.25439519865955,26.75603427564237,26.948062391091863,53347400
2023-10-12,26.810897827148438,27.254393800735908,26.568576147950903,27.094368635278048,55086600
2023-10-13,27.112659454345703,27.2864004271054,26.920631335078102,26.989212058763126,39568800
2023-10-16,27.391559600830078,27.492146757640185,26.9572080303883,27.167525045423385,39554800
2023-10-17,27.31840705871582,27.49214804384584,27.117234479808506,27.158383614599174,36960400
2023-10-18,27.080652236938477,27.455565739243934,26.906911280416004,27.29096922718311,46727000
2023-10-19,26.810897827148438,27.245249356070502,26.79260893781763,26.993783232207566,39363800
2023-10-20,26.531999588012695,27.007500267708533,26.527428237532256,26.74688968720928,40044800
2023-10-23,26.30797004699707,26.687454972370187,26.079364123913937,26.289681154560473,41041200
2023-10-24,26.98464012145996,27.09436997462007,26.62344238788175,26.705740649814114,47194400
2023-10-25,27.135515213012695,27.19038187584673,26.82918419408211,26.93891403150154,41309400
2023-10-26,27.368698120117188,27.611019811508857,27.199530245605526,27.208672946606526,47174600
2023-10-27,26.85205078125,27.405276681382343,26.769752511662162,27.24982458817473,40502400
2023-10-30,27.05779266357422,27.236104974652477,26.76060431569413,26.96634996083231,28539200
2023-10-31,27.290971755981445,27.31840509190839,26.97549624138234,27.167524360497115,21364600
2023-11-01,27.60187530517578,27.76647182882195,27.062365252835377,27.327548928515217,46523000
2023-11-02,28.11852264404297,28.2648302646121,27.61559041635213,27.66131089373333,51100200
2023-11-03,28.283123016357422,28.644320767027278,28.273978570807277,28.607742984826693,45147200
2023-11-06,28.2099666595459,28.424855006216102,28.18253332536216,28.333414047185972,38240000
2023-11-07,28.004220962524414,28.2602601820666,27.95850048309254,28.223682403221506,37684600
2023-11-08,27.798477172851562,27.89449123254376,27.487573008408106,27.885348531346548,43295600
2023-11-09,27.432706832885742,27.935639093838834,27.418991037589148,27.848769483419527,32195600
2023-11-10,27.579015731811523,27.656742645025023,27.396130313529444,27.556155490557416,28030200
2023-11-13,27.24982261657715,27.583588765826022,27.208673484760478,27.519577648680954,31159600
2023-11-14,28.33798599243164,28.360846232669115,27.8076203959494,27.86248532134424,57318200
2023-11-15,28.251113891601562,28.66260341197773,28.18710452692912,28.260258335715395,49662800
2023-11-16,28.401996612548828,28.630602513232216,28.379136371305414,28.484294876324817,34650400
2023-11-17,28.479721069335938,28.589450915489927,28.324269000514068,28.55744623168464,23879000
2023-11-20,28.392850875854492,28.502582470606498,28.017937355315638,28.34713039544713,28316600
2023-11-21,28.452287673950195,28.511725691227134,28.187105759550185,28.369989417451187,20288400
2023-11-22,28.589452743530273,28.598597188648554,28.31969771697697,28.552876707181717,17919600
2023-11-24,28.662609100341797,28.667182195368476,28.47515231911663,28.584883926135504,9798600
2023-11-27,28.708328247070312,28.767764523036632,28.479722355778065,28.685468006765998,24833200
2023-11-28,28.79977035522461,29.010087352262488,28.598596058819247,28.712899002095202,29415200
2023-11-29,28.571163177490234,28.923214692040773,28.470576033833265,28.808911753930374,35806400
2023-11-30,28.694610595703125,28.73118837534704,28.456862004515802,28.653461465665984,30483600
2023-12-01,29.046663284301758,29.051236378726323,28.520870793569078,28.708327550112813,29342800
2023-12-04,28.932361602783203,29.174685038239215,28.786053969059548,28.90950136203724,30515800
2023-12-05,28.72661781311035,28.964366410820652,28.612314864773847,28.959795060302007,22536600
2023-12-06,29.110673904418945,29.119818349536605,28.813487286655597,28.85463641762278,26817800
2023-12-07,29.046663284301758,29.256982024719328,28.914073196105818,29.151821782448295,21876600
2023-12-08,28.99180030822754,29.124392149457687,28.776910203070027,29.000944753566646,24002800
2023-12-11,29.17925453186035,29.215832310025853,28.840918804451768,28.840918804451768,22448800
2023-12-12,29.060379028320312,29.234118234982557,28.836344506717204,29.220402440805113,21768200
2023-12-13,30.157690048217773,30.157690048217773,28.93693537377878,29.092387456259267,43452000
2023-12-14,29.764488220214844,30.496026420699906,29.705051940511126,30.340576079205896,64968200
2023-12-15,29.247838973999023,29.618179410313026,29.03294887303934,29.467298681352077,53129000
2023-12-18,29.181840896606445,29.49567390085988,29.12184294446992,29.329526809131007,32507000
2023-12-19,29.347986221313477,29.38490681694418,29.15876354724966,29.283373858543612,25377800
2023-12-20,28.752628326416016,29.394139342691147,28.748013911866213,29.31106579635502,36651800
2023-12-21,28.803394317626953,29.001847584362405,28.600326636561437,28.84954550314711,31753600
2023-12-22,28.900310516357422,29.18645347711834,28.844928746120196,28.909541104822747,26447400
2023-12-26,29.07569122314453,29.186456535781627,28.844931768992588,28.854162358425256,19075000
2023-12-27,29.05722999572754,29.112613532231006,28.90954408616146,29.020309398613477,18984400
2023-12-28,29.264915466308594,29.306452240693982,28.964927455685785,28.964927455685785,17346400
2023-12-29,29.227989196777344,29.287985378818316,29.034150367066292,29.20029743237443,22478000
2024-01-02,29.652587890625,29.721816426498183,29.043383112938255,29.10338105999136,30758600
2024-01-03,29.76335334777832,29.818736884257415,29.440291521091495,29.643360967071686,32866400
2024-01-04,29.671051025390625,29.95257784103093,29.634128667674887,29.795659581293954,26622400
2024-01-05,29.781810760498047,29.924880476922983,29.495669567093483,29.629508695272506,27190400
2024-01-08,29.998727798461914,30.007956626957792,29.624898624959258,29.717200994356805,23434400
2024-01-09,29.754127502441406,29.88796842152075,29.689515130625196,29.841817230382052,28805400
2024-01-10,29.749509811401367,29.88796689887392,29.643362429301078,29.75412598661312,21853800
2024-01-11,29.05722999572754,29.657205983964023,28.96492586211001,29.652589808977943,44353600
2024-01-12,29.223377227783203,29.343373130242334,29.10799750033284,29.25106899617106,19537400
2024-01-16,28.90492820739746,29.158763241570117,28.835699670552724,29.08030411577576,30454000
2024-01-17,28.484947204589844,29.001847882051806,28.26803275719786,28.738782248665945,39178000
2024-01-18,28.180343627929688,28.369566299525072,28.018810962557403,28.341874532747156,39464000
2024-01-19,28.143421173095703,28.2541864792624,27.96342909106028,28.208033534795106,28257600
2024-01-22,28.00035285949707,28.341877645042498,27.8803587113922,28.134193772788862,41676200
2024-01-23,28.051116943359375,28.138806657252985,27.88496986498707,28.0095801737663,41100200
2024-01-24,27.668058395385742,28.291108205899754,27.62652162398115,28.244957020141264,50878200
2024-01-25,28.166500091552734,28.17111626682205,27.774209700302176,28.037275352892323,50516800
2024-01-26,28.249570846557617,28.35571998003684,28.157266716406813,28.240340257487052,36653200
2024-01-29,28.4295654296875,28.54033074771057,28.101887411391548,28.268034508148652,26054400
2024-01-30,28.420333862304688,28.59109535727363,28.175727655398003,28.36033591413269,36109000
2024-01-31,28.360336303710938,28.78031842557444,28.19880363496045,28.65570811330001,59642400
2024-02-01,28.900310516357422,28.900310516357422,28.11111368839671,28.24033840580181,51507200
2024-02-02,28.378799438476562,28.655710088918735,28.18034616012285,28.572636541675088,51839600
2024-02-05,27.788049697875977,28.120343835189615,27.77420469567281,28.101882658548924,39895000
2024-02-06,27.889589309692383,27.981893448561117,27.68652161262518,27.77420957624522,27557000
2024-02-07,27.90804672241211,28.060347034515512,27.76036082437951,28.0003490882664,23748600
2024-02-08,27.709596633911133,27.843437544473968,27.469606582039663,27.783439591367355,41755400
2024-02-09,27.815744400024414,27.843436167909548,27.57575436001792,27.631136135233298,29647800
2024-02-12,28.138809204101562,28.161884798063,27.746517064537233,27.815745606976517,25219000
2024-02-13,27.672672271728516,28.124960573476883,27.294226922091006,27.981890844074197,45402200
2024-02-14,27.824974060058594,27.88958642241118,27.617290209243258,27.774206700908753,34871800
2024-02-15,28.29111099243164,28.314186587583716,27.912665598161446,27.912665598161446,34680800
2024-02-16,28.25880241394043,28.392643319264888,27.981891774456297,28.15265327678635,29914200
2024-02-20,28.240345001220703,28.563408630738408,28.18034880301631,28.20803881432445,22764000
2024-02-21,28.614173889160156,28.651096248922254,28.28649586876911,28.424951196766944,31565000
2024-02-22,28.39264678955078,28.51264094517886,28.175732313757774,28.388030614014053,31841600
2024-02-23,28.5957088470459,28.729549742273978,28.383410588752604,28.45263912367879,24572800
2024-02-26,28.03265953063965,28.475717264276298,27.9818921685564,28.457256085236036,25587000
2024-02-27,28.56340789794922,28.572638488333503,28.083427761297017,28.198807500267925,27487600
2024-02-28,28.651094436645508,28.69262944791812,28.466486170622133,28.531098535563842,22983600
2024-02-29,28.660322189331055,28.900312221928516,28.52648305007205,28.76185690788705,30675400
2024-03-01,28.484947204589844,28.577249576577593,28.134191853038768,28.572635162200164,42511000
2024-03-04,28.96492576599121,29.006462537953514,28.351106536498165,28.351106536498165,33020800
2024-03-05,28.881855010986328,29.523366031480798,28.761859105242703,29.05261651933152,49602800
2024-03-06,29.15876579284668,29.30645170785288,29.02492488219888,29.089537249944723,32652200
2024-03-07,29.347986221313477,29.47259653260743,29.29260444759,29.39875358079118,21384200
2024-03-08,29.421831130981445,29.50951909192498,29.17722666691715,29.431061720642074,27511600
2024-03-11,29.569517135620117,29.634129502888793,29.269529132667024,29.380294448381157,20968200
2024-03-12,29.283376693725586,29.523366750502664,29.098768416033987,29.509519985315034,29489000
2024-03-13,29.481826782226562,29.744890644523103,29.417214420200587,29.514132963239547,25877800
2024-03-14,29.24645233154297,29.53259531842905,29.0387684734982,29.417215592910278,31869800
2024-03-15,29.28799057006836,29.444907075055397,29.12645965047361,29.154149659229862,35445000
2024-03-18,29.42293930053711,29.60907279257036,29.153047689699484,29.325220016014892,26843800
2024-03-19,29.683521270751953,29.711440047694268,29.408975388517508,29.492735269544983,19985400
2024-03-20,29.720748901367188,29.874307510199603,29.55322912802245,29.632336476590968,32620800
2024-03-21,29.674217224121094,29.999949928330082,29.66025783433085,29.799857057534577,40327800
2024-03-22,29.716094970703125,29.916187826699176,29.67886756721535,29.86034672146751,21059400
2024-03-25,29.855695724487305,29.87430587588461,29.674214796558417,29.79985461969367,23194200
2024-03-26,29.516002655029297,29.976680243471787,29.492736414973674,29.888269596320615,29830400
2024-03-27,30.339645385742188,30.339645385742188,29.70214280934387,29.73471590777151,34600400
2024-03-28,30.549041748046875,30.600228544083976,30.255880361616047,30.33498948743757,27492200
2024-04-01,30.362905502319336,30.586266369252222,30.1674669626284,30.553693279303733,22702600
2024-04-02,30.41408920288086,30.590914023174285,30.2791425438937,30.293101930995785,30212400
2024-04-03,30.293107986450195,30.49320085871155,30.181429317109245,30.409440969155614,26574200
2024-04-04,30.232616424560547,30.61884278316439,30.027869236828213,30.530428579334348,29356800
2024-04-05,30.321027755737305,30.40013332524808,29.892919717383663,30.037175017892206,32322400
2024-04-08,30.5211181640625,30.572304957996188,30.28380144695254,30.325679614606987,20142600
2024-04-09,30.68863868713379,30.749134108829214,30.49785444614256,30.58626864695846,24024200
2024-04-10,30.162817001342773,30.27914998939951,29.897577930581456,30.07440279435532,38280600
2024-04-11,30.10232162475586,30.372211427506777,29.897574453523553,30.334987573810515,25621200
2024-04-12,29.87430763244629,30.246574585891416,29.730055874331672,30.158160385653023,39844800
2024-04-15,29.599760055541992,30.204692896829243,29.488079627505833,30.079051305850946,29407800
2024-04-16,29.20888328552246,29.539268505212622,29.10650970050849,29.506695414544595,32907600
2024-04-17,29.818466186523438,29.892917437384252,29.343827480359657,29.399666806055347,28152800
2024-04-18,29.98598861694336,30.088362202445875,29.702135875395708,29.92084243529642,22288600
2024-04-19,30.44666862487793,30.511814811710117,30.032523487072908,30.065096580489,37004600
2024-04-22,30.725862503051758,30.809622380828287,30.2558763249612,30.46527779450272,23458600
2024-04-23,30.870113372802734,31.065555448891306,30.637447446688032,30.711902247140877,22338000
2024-04-24,31.056255340576172,31.158628944173536,30.437366505539718,30.590923360734507,26127000
2024-04-25,31.14000701904297,31.265648608547778,30.711902562642095,30.981795891755816,31562400
2024-04-26,30.80031967163086,31.18189168854661,30.78636028262917,31.140009971340874,24547400
2024-04-29,31.2191162109375,31.274957318340576,30.986450255392455,31.014372584194362,29368200
2024-04-30,31.056255340576172,31.29822995820654,30.842203055873156,31.04695026306789,29724800
2024-05-01,31.4145565032959,31.698409236736268,30.930610917597576,31.05159820157229,42371800
2024-05-02,31.582075119018555,31.66118068442973,31.293568083153765,31.54484771757786,28609400
2024-05-03,31.833358764648438,31.93572880620902,31.54950600574658,31.828704451331774,29817000
2024-05-06,31.996227264404297,32.02880036030963,31.735638946960407,31.93108107259362,21221400
2024-05-07,32.35918045043945,32.38709922811505,32.061368321231086,32.13116881562068,28808200
2024-05-08,32.69886779785156,32.71748149802385,32.21027148158016,32.28937704466215,27708200
2024-05-09,33.19677734375,33.229353986220154,32.605807369662784,32.67560786744021,48549200
2024-05-10,33.16420364379883,33.43409700348577,33.07113868193472,33.382910209400286,39129200
2024-05-13,33.16420364379883,33.43875131663919,33.09905746045381,33.27588585827663,21219200
2024-05-14,33.25261688232422,33.35499046753847,33.06648341377109,33.30845798795035,23566400
2024-05-15,33.750526428222656,33.843594950170846,33.54112846669115,33.59696602965896,29176600
2024-05-16,33.634193420410156,33.92735482663846,33.583006620916365,33.769140114511885,25322400
2024-05-17,33.662105560302734,33.741214675858245,33.475975653631984,33.592308620401404,21715600
2024-05-20,33.60626220703125,33.73655453928895,33.531807417055546,33.73655453928895,13830400
2024-05-21,33.90874099731445,33.92270038799749,33.57835573374531,33.5876608108003,16263400
2024-05-22,33.508548736572266,33.8389339361167,33.47597564789043,33.722600969367235,21128800
2024-05-23,32.94084167480469,33.45736030584919,32.92222797501387,33.45736030584919,28718600
2024-05-24,33.27123260498047,33.40152497582099,32.964111830684246,33.02460725300366,16366800
2024-05-28,33.2386589050293,33.438751770936236,33.16885840758255,33.30380508925939,17765200
2024-05-29,32.8105583190918,32.99203750404129,32.68957101239173,32.950155780483065,28118600
2024-05-30,33.25261688232422,33.275884897218596,32.85708548052421,32.91757734896871,18129600
2024-05-31,33.83893966674805,33.87151276094614,33.220047326783245,33.36429909391752,24777600
2024-06-03,33.45270919799805,33.81566750318853,33.33172191286769,33.78309441298427,36915800
2024-06-04,33.438751220703125,33.555084197799864,33.07113858705334,33.36895072440494,29419600
2024-06-05,33.247962951660156,33.42944210928132,33.19212539559252,33.401523331247496,17920400
2024-06-06,32.90361785888672,33.368949753737674,32.85708537944175,33.173511209948416,18184800
2024-06-07,32.545310974121094,32.88035047671707,32.53600234893771,32.6197622245867,16286800
2024-06-10,32.964107513427734,33.01994861513204,32.45689748619838,32.540657363654645,19591400
2024-06-11,32.76401901245117,32.81055148989631,32.48481704737938,32.68490989557392,22694800
2024-06-12,32.549964904785156,33.182816571243194,32.442940556161005,33.178165808399115,24912200
2024-06-13,32.62441635131836,32.74540362661105,32.284722538065914,32.601148338692745,22974000
2024-06-14,32.545310974121094,32.587189136845446,32.29868565976581,32.43362877312224,20280600
2024-06-17,32.18700408935547,32.44759234659113,32.15443100097606,32.373137544466545,21026400
2024-06-18,32.20096969604492,32.210278323208414,31.89850676705141,31.92642554813978,24573600
2024-06-20,32.48016357421875,32.545309747245426,32.19631087023104,32.30333520440336,27948000
2024-06-21,32.28938674926758,32.638385744439255,32.26611872950892,32.601158332905946,18990800
2024-06-24,32.71390151977539,32.82179236288441,32.258889684671374,32.2823453049897,17956800
2024-06-25,32.4043083190918,32.73735737279321,32.30110931507794,32.648230309540295,25099400
2024-06-26,32.268280029296875,32.33864332596009,32.07595392367247,32.28235197286433,13882000
2024-06-27,32.32456588745117,32.36678171097716,32.10409593217015,32.29641842627519,10899600
2024-06-28,31.96335792541504,32.36677012927424,31.81325130854818,32.324554320854205,23063000
2024-07-01,31.742889404296875,32.35269957444306,31.710053692293567,32.296408248655595,16757800
2024-07-02,31.907073974609375,31.968057150405837,31.766351001869197,31.81795049885472,16724200
2024-07-03,32.099395751953125,32.324557488731784,31.892997791474723,31.95398095915665,13241200
2024-07-05,32.15568923950195,32.29172036386803,32.00558259784748,32.15099740040582,13830600
2024-07-08,32.188533782958984,32.2917292196019,32.06657098478476,32.18384194257616,13634400
2024-07-09,32.282344818115234,32.55441426287366,32.15569377525191,32.188529495907225,21601200
2024-07-10,32.587249755859375,32.59662985648459,32.16038181149741,32.404307373654284,13800000
2024-07-11,33.182987213134766,33.27211428090468,32.73735903193598,32.751430973410095,29766400
2024-07-12,33.426910400390625,33.64268850479671,33.15484095529486,33.300255778545115,16524200
2024-07-15,32.615394592285156,33.15484165408259,32.5637950902717,33.05164265005566,29827600
2024-07-16,32.86869430541992,32.92498563709388,32.71389582743497,32.81240297374597,15009200
2024-07-17,32.8874626159668,33.30494687499524,32.75142789645499,32.835863116192485,27516000
2024-07-18,32.859317779541016,33.17829486939847,32.803026441745594,32.84524226097344,13542600
2024-07-19,32.89684295654297,33.00004195684473,32.69982863532601,32.920298576184315,12985400
2024-07-22,33.173606872558594,33.24865841948783,32.95782875425215,33.07040786405869,12965400
2024-07-23,32.967201232910156,33.16890736320563,32.94374919565343,33.10792777174869,12686400
2024-07-24,33.33778381347656,33.46912669812999,33.00004292218192,33.2017490889926,25284800
2024-07-25,33.0610237121582,33.6708304294875,32.92029715802263,33.492579895897386,26666000
2024-07-26,33.38469696044922,33.450368413565826,33.20175454407784,33.32371734793402,16706400
2024-07-29,33.5347900390625,33.64268085614919,33.23926861998488,33.5113380032258,15151200
2024-07-30,33.7083625793457,33.736506462476456,33.426913011561886,33.497276298214196,16696400
2024-07-31,34.14460754394531,34.219659085048825,33.81624676249528,34.182135103909616,21765400
2024-08-01,34.75910949707031,34.80601716215925,34.168062896238425,34.21028229999628,32567400
2024-08-02,34.81540298461914,35.443973608902056,34.34162730677152,35.20005158813609,48257200
2024-08-05,33.89599609375,34.998342298348135,33.85846853115998,34.998342298348135,41099800
2024-08-06,34.1821403503418,34.57616905396905,34.00388620256463,34.027341825848666,29286400
2024-08-07,34.37445831298828,34.777870644076174,34.243115429159694,34.46358537508275,24758800
2024-08-08,34.411983489990234,34.62306974168897,34.14460590105354,34.243113057101276,23360400
2024-08-09,34.52925491333008,34.576162572279145,33.93820838986185,34.49641919418323,16708400
2024-08-12,34.59023666381836,34.60430860449595,34.33224273413708,34.53863716211706,15027000
2024-08-13,34.79194259643555,34.82477831740381,34.580856330043154,34.73565483410433,17075000
2024-08-14,34.768489837646484,34.9748842599774,34.510492336201466,34.712198497651634,16166000
2024-08-15,34.7638053894043,34.86700441192443,34.44952005996633,34.566791025770875,18807600
2024-08-16,34.91859436035156,35.03586529404019,34.65121677469447,34.801323426662925,13522800
2024-08-19,35.1484489440918,35.171904565399686,34.92328714754223,34.95143460887677,11505400
2024-08-20,35.07339096069336,35.26571701903366,35.0358669800142,35.148446079701785,15989800
2024-08-21,35.3220100402832,35.42989730546396,35.078084470715424,35.12499213291685,13451800
2024-08-22,35.279788970947266,35.43458746983515,35.13906599099696,35.35953235080161,14648000
2024-08-23,35.3782958984375,35.54716633632992,35.27509689985601,35.40175151768785,15050400
2024-08-26,35.608150482177734,35.753565304770135,35.495567801307686,35.50025964105022,13336400
2024-08-27,35.32670211791992,35.6597512080045,35.31263017562173,35.533100148495116,16666800
2024-08-28,35.32670211791992,35.631607323408105,35.298558233323526,35.43459297358212,10482800
2024-08-29,35.51902770996094,35.55186343447319,35.09685155278518,35.44397258031833,12758200
2024-08-30,35.786399841308594,35.83799934029389,35.45335080711032,35.58469368495471,17007400
2024-09-03,35.73479461669922,35.99279207028794,35.622215536417066,35.79577420626363,23627000
2024-09-04,36.03970718383789,36.311776631438136,35.86145305942558,35.90836429984472,27303200
2024-09-05,35.95057678222656,36.35868091571863,35.842689528464476,36.311773258481864,15545400
2024-09-06,35.608150482177734,36.105378130132486,35.6034586424352,36.030323009552454,19605800
2024-09-09,35.969337463378906,35.974029302346,35.55654510488825,35.76293949472131,14366200
2024-09-10,36.138214111328125,36.288320774745706,35.91305232678918,36.035015109198824,23255400
2024-09-11,36.250789642333984,36.28831719919702,35.72072632223668,36.14290238988377,20766600
2024-09-12,36.330535888671875,36.391519068101545,36.105377687343335,36.330535888671875,19335000
2024-09-13,36.841835021972656,36.85121512149211,36.311771717918425,36.45249468365842,16238800
2024-09-16,37.123291015625,37.226490022485535,36.86060523730752,36.95911240417657,19910600
2024-09-17,37.09514236450195,37.235865336727464,36.97317959217996,37.14205002191046,27963000
2024-09-18,36.81369400024414,37.13267109101923,36.654203665444115,37.02947209417656,47034800
2024-09-19,36.5979118347168,36.76678226749016,36.29769852730303,36.68234705110348,41536400
2024-09-20,37.56422805786133,37.643971437502515,37.00601724272295,37.057616742214314,44279200
2024-09-23,37.93684005737305,37.969898281773396,37.65820336336193,37.79515989389943,23340600
2024-09-24,37.66765594482422,38.14463844947209,37.58736858588517,37.72432513574974,28105200
2024-09-25,37.86600112915039,37.979343101536294,37.535418875076374,37.87544479223408,16359200
2024-09-26,37.606258392333984,37.960455237330606,37.502363677719345,37.79516409694751,19794600
2024-09-27,37.97935104370117,38.0832493747304,37.72432885019592,37.762110716584196,14804000
2024-09-30,38.14936065673828,38.17297522079217,37.714880061529,38.05490960667595,19014200
2024-10-01,38.45633316040039,38.51300595403206,37.87544873567514,38.10685994069691,24362400
2024-10-02,38.47522735595703,38.54606745323771,38.144641436339555,38.210761502724665,16491600
2024-10-03,38.4610595703125,38.75386001752034,38.36660490744144,38.68774355504909,24205400
2024-10-04,38.399662017822266,38.44216751564279,38.00768688834898,38.13047254188188,25082800
2024-10-07,37.51653289794922,38.29576311442019,37.41735820863613,38.27215215205621,35284000
2024-10-08,37.535423278808594,37.79988911309548,37.530699645174394,37.68182349377787,26022200
2024-10-09,37.21428298950195,37.54486526760875,37.00176272236764,37.43152328698307,34288000
2024-10-10,37.1009407043457,37.54486860562322,37.08204977204912,37.25206455964149,26326600
2024-10-11,37.42680358886719,37.42680358886719,36.86009002307412,36.97815564953743,19332600
2024-10-14,37.89906311035156,37.93212133903503,37.41263334411907,37.483473435034135,18041800
2024-10-15,38.0690803527832,38.34771349786374,38.026574854250704,38.06435671892916,26427600
2024-10-16,38.82469940185547,38.90026313076647,38.08797106035777,38.257985847330616,19099600
2024-10-17,38.47994613647461,38.961652251687234,38.45160793929041,38.952208588010215,23527200
2024-10-18,38.701904296875,38.720795226248725,38.276870996733344,38.44688575802055,14035200
2024-10-21,38.550785064697266,38.90498192579433,38.39966121475225,38.79163993910477,14811600
2024-10-22,38.4138298034668,38.49411716635161,38.106862062662856,38.29104414837599,17119200
2024-10-23,38.782196044921875,38.79636334278948,38.37132639137734,38.44216648379216,19645000
2024-10-24,38.531890869140625,38.86720037328363,38.40438159530042,38.78691301989751,13092000
2024-10-25,37.96045684814453,38.75858159238907,37.93212225232697,38.725523362909655,17518200
2024-10-28,38.25798416137695,38.4516099027941,38.073802084119066,38.163529504400636,14622800
2024-10-29,37.44096374511719,37.837666047956915,37.431520082155515,37.83294241493794,27733000
2024-10-30,37.351234436035156,37.65820574089097,37.28511798306024,37.58736565468171,20910600
2024-10-31,37.738494873046875,38.01712799471146,37.417356256421904,37.44569085101108,27516000
2024-11-01,36.897865295410156,37.8471138641201,36.864807066802186,37.733771880760855,30861000
2024-11-04,36.45866012573242,36.72312955092165,36.26031075914795,36.529500214677334,27956200
2024-11-05,37.006492614746094,37.006492614746094,36.33115704404191,36.43977901269214,19016200
2024-11-06,36.62395477294922,36.78452227793776,36.27920159594943,36.52950012024132,32958800
2024-11-07,36.69007873535156,37.058442948590766,36.4964493599899,36.808144373086044,37703200
2024-11-08,37.393741607666016,37.47402536087158,36.845915426336376,36.87425362393811,28857200
2024-11-11,37.497642517089844,37.719606464417694,37.3134604337916,37.398467826319774,26011000
2024-11-12,37.06787872314453,37.46930108537041,36.88842028909956,37.38429730325165,18703200
2024-11-13,37.00176239013672,37.322901001589855,36.845914916252866,37.308733704523426,16411800
2024-11-14,36.87425231933594,37.23789281415697,36.817579529214164,37.04898711682755,17707400
2024-11-15,37.42680358886719,37.474029118837116,36.831751822630586,36.902591919123964,23931400
2024-11-18,37.75265884399414,37.856557152435585,37.3465128763101,37.39373839748995,14660200
2024-11-19,37.99351501464844,37.99823864830246,37.43152511442994,37.610983559438324,11750400
2024-11-20,38.01240539550781,38.191867440993136,37.82349968592803,38.06435455571917,12196800
2024-11-21,38.6735725402832,38.72079806564239,37.88489509724722,38.06907716830169,21764000
2024-11-22,38.46577835083008,38.85303344832137,38.45161105262917,38.79636425551772,15761400
2024-11-25,38.5366096496582,38.843580918566026,38.25325294108022,38.772740840652524,14253800
2024-11-26,39.15055847167969,39.17416943272338,38.54606310219652,38.64523778596392,17374800
2024-11-27,39.15055847167969,39.391413334015716,39.11277661031784,39.26862408612801,17156600
2024-11-29,39.16472625732422,39.306406437659675,39.07971886973828,39.27806823974659,9234800
2024-12-02,38.324100494384766,39.174170785931025,38.30993319665384,39.1600034882001,22084200
2024-12-03,37.99351501464844,38.678297771410904,37.98407135041716,38.55550851794371,18853600
2024-12-04,37.988792419433594,38.20603271285464,37.842388610656826,38.11157806153471,24169400
2024-12-05,38.10686111450195,38.3193777917826,37.93212269772939,38.031297387332145,14226000
2024-12-06,37.63459396362305,38.21547473115672,37.56375387895211,38.12574732011148,14228600
2024-12-09,37.16233444213867,37.68654606538241,37.13871987770992,37.63459690610048,21053800
2024-12-10,36.89314270019531,37.100935721395686,36.59561506033052,37.100935721395686,20319000
2024-12-11,36.6617317199707,37.020652181272915,36.595615266977724,36.99231758801205,14759600
2024-12-12,36.64284133911133,36.954536281956635,36.609783112119544,36.83647067083217,15425000
2024-12-13,36.66645431518555,36.8600836385237,36.60506149716622,36.69478890764426,13808400
2024-12-16,36.373653411865234,36.793970319886164,36.359486114429735,36.69951566518839,16121000
2024-12-17,36.222530364990234,36.37365421275752,36.076130150831005,36.146970242644954,15876800
2024-12-18,35.367740631103516,36.25087286050111,35.34412606334084,36.19892369388494,29811800
2024-12-19,35.52830505371094,35.92972740830638,35.39134851332868,35.40079217680351,27076400
2024-12-20,36.09502410888672,36.175307871572144,35.278008373865916,35.325237507753386,25188600
2024-12-23,36.21787643432617,36.24644941031534,35.6512305436827,36.00359909550948,20114400
2024-12-24,36.41787338256836,36.42739528611575,36.10835883982627,36.21787707879599,9010200
2024-12-26,36.332157135009766,36.43215345781585,36.184540401691706,36.26549291980571,10114000
2024-12-27,36.22740173339844,36.3321608345082,35.99407332349847,36.14169007184751,13805400
2024-12-30,36.07501983642578,36.16549061808991,35.74645791642804,36.065494301770386,16870000
2024-12-31,36.04169845581055,36.25597582126756,35.87027511027369,36.14645757063064,12605400
2025-01-02,36.317867279052734,36.503578879667955,36.05597319707244,36.303582609680895,24103400
2025-01-03,36.70357894897461,36.89880885813443,36.37025418678471,36.527392847548754,17767000
2025-01-06,36.294063568115234,36.732143750370355,36.17501980339847,36.70357440937509,25623800
2025-01-07,36.203590393066406,36.57500637052458,36.108356831179314,36.41787135670363,22856400
2025-01-08,36.19406509399414,36.2321563354184,35.59884630572986,36.14168554999271,26845800
2025-01-10,35.98931121826172,36.58928916667699,35.81788790930669,36.30834763045628,31217000
2025-01-13,35.57027816772461,35.98931457668571,35.19410303939296,35.951219697156944,24891600
2025-01-14,36.03692626953125,36.14644812447492,35.61789355268486,35.70836433762739,19675000
2025-01-15,36.56548309326172,36.92737715410107,36.5273882167676,36.665479419363244,21360400
2025-01-16,37.4892578125,37.50354248064642,36.532145084494715,36.54642975264114,30415000
2025-01-17,37.54164123535156,37.71306455328785,37.34641134337983,37.46545511233961,14668800
2025-01-21,38.11781311035156,38.30352108388104,37.870200057027446,37.96543724404719,21633400
2025-01-22,37.294029235839844,38.22256911685249,37.274981798161726,38.22256911685249,23644800
2025-01-23,37.470218658447266,37.74163831199493,37.36545955831876,37.43212377968643,21585000
2025-01-24,37.85115051269531,37.96067236343984,37.332121495805765,37.41307037557123,16769600
2025-01-27,36.97499084472656,37.17974624761996,36.10835245797646,37.08927183173562,42448200
2025-01-28,36.46548843383789,36.95594818410243,36.14168923469321,36.95594818410243,28540200
2025-01-29,36.54167175292969,36.9607081155029,36.41786885755784,36.45596009994219,19130800
2025-01-30,37.303550720214844,37.360693032608886,36.93213477197164,36.96546687930302,18712600
2025-01-31,37.084510803222656,37.37021873353268,36.998799150715094,37.33688662605348,19669600
2025-02-03,37.284507751464844,37.42259531855657,36.53691307062202,36.59405175136968,28118800
2025-02-04,36.95595169067383,37.132137794533726,36.58453567495697,37.07023270329565,20498200
2025-02-05,37.327362060546875,37.57973425700686,37.01784754995493,37.32259929280404,15992600
2025-02-06,37.284507751464844,37.48926316764102,37.017847253908954,37.48926316764102,12820800
2025-02-07,37.20832061767578,37.53688258679993,37.16546660410006,37.27498483852307,14330400
2025-02-10,37.61307144165039,37.62735611387942,37.1083269806096,37.313082426057285,10664200
2025-02-11,37.803531646728516,37.82257908201837,37.151170611526496,37.465447844418904,10835600
2025-02-12,37.73686981201172,37.82734422709452,37.15117294704086,37.317837108072766,14888800
2025-02-13,37.82258224487305,37.894009224951276,37.58925750068281,37.80829757544283,17020800
2025-02-14,37.66544723510742,38.10829019463911,37.6416406614115,37.80353844108262,13972000
2025-02-18,38.01781463623047,38.079719718435804,37.694019086535825,37.82258475286003,15509000
2025-02-19,38.217811584472656,38.33209258240549,37.936866408100464,37.97496128505389,12513200
2025-02-20,38.21305465698242,38.30352909534276,37.75592696245773,38.09401087300429,17390800
2025-02-21,38.222572326660156,38.34637886550114,38.03686433486247,38.21781319153642,15547400
2025-02-24,38.032100677490234,38.33685240384075,37.860677377302174,38.33208963635577,14974000
2025-02-25,37.84163284301758,37.91781896398567,37.29403079390773,37.80830073392015,21837800
2025-02-26,37.9987678527832,38.33208891188967,37.78924968252938,37.9130562043091,15421800
2025-02-27,37.15593719482422,37.979721599318076,37.117842320331825,37.89400994817379,25074600
2025-02-28,37.72258758544922,37.73687225550786,37.19879576337778,37.39878841005332,21770000
2025-03-03,37.77496337890625,37.89400712814047,37.522591211798,37.684488966951626,19276400
2025-03-04,37.16070556640625,37.97496455860815,37.103563246050285,37.774971886753875,22561800
2025-03-05,36.898807525634766,37.160705284117114,36.5988185201322,36.913092197383314,20666800
2025-03-06,36.13216781616211,36.64643783215993,36.027412338468885,36.613105718137554,25405800
2025-03-07,36.80357360839844,36.96547139724462,36.10835840414051,36.213117506536356,23234400
2025-03-10,37.20832061767578,37.317842485026354,36.675003217969966,36.675003217969966,37366000
2025-03-11,36.86071014404297,37.33212239792835,36.66547664149752,37.18926843836206,32640000
2025-03-12,36.74642562866211,37.07022478940467,36.52262278673205,36.85594748236748,17432000
2025-03-13,36.8369026184082,36.989278490992966,36.60357785821565,36.870234727007144,16801200
2025-03-14,37.55592727661133,37.59878128704976,36.81309173266603,36.94642016459979,18269400
2025-03-17,37.71306228637695,37.932106005072576,37.360693768656375,37.546401746436636,19290400
2025-03-18,37.451171875,37.555930976963296,37.208321559805796,37.489266754428044,19285200
2025-03-19,37.58926010131836,37.641639648137826,37.33688790278494,37.4702163372609,16163400
2025-03-20,37.741641998291016,37.79878068908552,37.513076336329156,37.59402523690667,16415200
2025-03-21,37.49878692626953,37.774969339978306,37.265462158170216,37.594020487514456,15627600
2025-03-24,37.486793518066406,37.942372720794765,37.45322483228325,37.64504746192086,13996800
2025-03-25,36.887351989746094,37.45802333620657,36.714711980038935,37.4484301919381,22396000
2025-03-26,37.13192367553711,37.21824367511115,36.89214630546615,36.89214630546615,15164000
2025-03-27,37.122337341308594,37.42925210835168,37.01203813188094,37.09835813878135,13971800
2025-03-28,37.39567947387695,37.630660267254676,37.28058370434676,37.34772107388326,19078600
2025-03-31,37.812896728515625,37.966354124174494,37.443641127894026,37.4532306144358,21470000
2025-04-01,37.90880584716797,38.01910139485122,37.544343199305324,37.78891715525246,18084800
2025-04-02,38.08623504638672,38.1725550424759,37.68820375004704,37.88002637010213,12951200
2025-04-03,37.846458435058594,38.465084476156306,37.79850369377374,38.038281058910265,38650200
2025-04-04,35.741214752197266,38.02389637514651,35.50623395031954,38.02389637514651,66165400
2025-04-07,35.194522857666016,36.273521046633405,34.422439416419024,35.194522857666016,73162600
2025-04-08,35.050655364990234,36.07690590899594,34.64303455407304,35.82273881496028,39600400
2025-04-09,36.43178176879883,36.5276912732836,34.05798311631347,34.74854325648566,70054800
2025-04-10,36.15842819213867,36.58043504695381,35.40552739534629,36.15842819213867,44167800
2025-04-11,36.5996208190918,36.724306086862235,35.693262573729555,36.13924866737706,28840000
2025-04-14,37.25661087036133,37.37649956163296,36.67155347156175,36.88735165236569,19415600
2025-04-15,37.25181198120117,37.58270591931722,37.20385723941781,37.338131979896126,15257200
2025-04-16,36.91612243652344,37.486790041919114,36.79143719001419,37.342925827065685,17500800
2025-04-17,37.29497146606445,37.76493673301994,37.05999066194291,37.05999066194291,18928800
2025-04-21,36.412593841552734,37.170291256433195,35.980993816702316,37.12712942459188,20780000
2025-04-22,37.405269622802734,37.486793050299944,36.7722575139961,36.8010296275334,21700800
2025-04-23,37.56352233886719,37.98552917806277,37.223038924508444,37.77452392910889,27903600
2025-04-24,37.621070861816406,37.793710874553035,37.26620135061893,37.53475085544809,16828000
2025-04-25,37.50597381591797,37.67861380599106,37.3381303974336,37.65463460675953,14074600
2025-04-28,37.736167907714844,37.812894772218264,37.26620259979778,37.52516262758317,11084800
2025-04-29,38.02869415283203,38.0910349548584,37.525160188416216,37.68341413822833,13168000
2025-04-30,37.83687210083008,37.966350278951616,37.18467732065577,37.88003027396641,18077200
2025-05-01,37.947166442871094,38.426721197831384,37.822484840854365,38.071851703600245,17967000
2025-05-02,38.24449157714844,38.35958369350539,37.88002894018692,38.086237630462364,16074000
2025-05-05,38.148582458496094,38.26367457596488,37.77452667397577,38.11980668509457,14895800
2025-05-06,38.613746643066406,38.88229978948093,38.1198058387375,38.15337452470027,20635000
2025-05-07,38.72404479980469,38.94943611034922,38.41233349072635,38.54660823095399,19575000
2025-05-08,38.41233444213867,38.83913787359592,38.35958312735521,38.74322838783272,22437800
2025-05-09,38.47947311401367,38.52263494516406,38.230106247376625,38.5130418010362,17420400
2025-05-12,38.24929428100586,38.75762123022723,38.07665424943766,38.656915154931276,27460200
2025-05-13,38.196537017822266,38.49385862473808,37.985531754556256,38.19174044582647,24064000
2025-05-14,38.02869415283203,38.1294002139727,37.45802281432243,38.11501415648296,22912600
2025-05-15,38.83913803100586,38.944640661000385,38.158171166675146,38.18215036756931,26629200
2025-05-16,39.40980911254883,39.42419516951292,38.80077619589073,38.89668568145957,20076800
2025-05-19,39.57765197753906,39.59683460612189,39.069325125587284,39.078914610522546,16306400
2025-05-20,39.69274139404297,39.82701978500136,39.515308494451176,39.515308494451176,18075200
2025-05-21,38.96862030029297,39.63999768704647,38.891889783538325,39.563267170291816,22704000
2025-05-22,38.41233444213867,38.63772575826579,37.96634838178632,38.63772575826579,30637600
2025-05-23,38.87270736694336,38.906276053529,38.22051260581169,38.67129524742952,21730200
2025-05-27,39.16523361206055,39.265939665520676,38.86791202338175,39.17482675546373,18494200
2025-05-28,38.61854553222656,39.16044477077159,38.45070209234152,39.14126214068293,20954600
2025-05-29,38.88709259033203,38.949437048877314,38.465085731060384,38.637725732287954,20867400
2025-05-30,39.28512191772461,39.35225928605564,38.738429827764975,38.810363767751696,20680400
2025-06-02,39.40980911254883,39.4625604272254,38.959026481208085,39.117280425237794,26799200
2025-06-03,39.51530838012695,39.88456389273608,39.19880051899452,39.88456389273608,28547800
2025-06-04,38.82475662231445,39.44817933307932,38.82475662231445,39.44817933307932,33001800
2025-06-05,38.762413024902344,38.935053035189995,38.6856825053467,38.935053035189995,21175000
2025-06-06,38.9350471496582,39.002184514764444,38.604153236840304,38.95902268936072,21267200
2025-06-09,38.68568420410156,39.01657818146844,38.62334339825952,38.86791736669211,24866400
2025-06-10,38.77679443359375,38.86791099996375,38.489062337182105,38.78638391803223,28052800
2025-06-11,38.80077362060547,38.94463783941018,38.6760883706717,38.89188652823482,21394800
2025-06-12,39.27073669433594,39.2947158944108,38.805568019096796,38.824750647414234,19568600
2025-06-13,39.04534912109375,39.280333596432904,38.930256998888666,39.21319256154129,25325400
2025-06-16,38.8535270690918,39.448177636737746,38.666500995647354,39.237172360559335,27266600
2025-06-17,38.5322265625,38.891892654232194,38.25888047913204,38.79598315992202,28335800
2025-06-18,38.632930755615234,38.824753393645736,38.43151863210384,38.62334127013434,22324000
2025-06-20,38.73843002319336,39.05493789724681,38.685678710851114,38.71445448221828,31688200
2025-06-23,39.22952651977539,39.292303847841616,38.85770716325639,38.93979662475707,25573000
2025-06-24,39.39853286743164,39.50959789040627,39.20538207217792,39.272985587339775,20389600
2025-06-25,38.8721923828125,39.3067890593192,38.799758989375476,39.3067890593192,26771800
2025-06-26,39.19572067260742,39.21503648814305,38.87218905164472,38.94462243887453,18746200
2025-06-27,39.27298355102539,39.591685293961476,39.1522624681936,39.297125557122705,25307800
2025-06-30,39.43233871459961,39.475796538743985,38.95911041948528,39.08466138498342,22018000
2025-07-01,39.56754684448242,39.59651872804943,38.9591115007674,39.417850183116926,39690200
2025-07-02,39.22469711303711,39.60134631409672,39.03636882839211,39.422677779492595,21891000
2025-07-03,39.51925277709961,39.6786054941319,39.17640533640644,39.24400884955072,14900200
2025-07-07,39.601348876953125,39.630320760720295,39.35024693725284,39.432340081452224,20215600
2025-07-08,39.181236267089844,39.326103047225295,38.79975718457406,39.326103047225295,44289800
2025-07-09,39.5482292175293,39.625488798210775,39.060514989816916,39.33575892345356,40230400
2025-07-10,39.871761322021484,39.949024587733646,39.292301565641395,39.413022655230186,29074000
2025-07-11,39.81381607055664,39.96833892639572,39.44199671510855,39.55306174467203,22199800
2025-07-14,39.97317123413086,40.10355208912221,39.56755009441489,39.7848466072462,23883400
2025-07-15,39.5916862487793,39.968335446839575,39.39370558390038,39.968335446839575,26253000
2025-07-16,39.61100769042969,39.77036043043073,39.301961961763496,39.61583756609763,22625000
2025-07-17,39.775184631347656,39.89590571701315,39.52408271005894,39.58686003243871,19757000
2025-07-18,40.44156265258789,40.58159955043394,39.85244318030969,39.90556075135871,28627400
2025-07-21,40.57194519042969,40.81821726308934,40.41259614022926,40.542973305686985,19895600
2025-07-22,41.06931686401367,41.09345887188095,40.61540438037077,40.72646572161403,23518200
2025-07-23,40.76026916503906,41.53770956796005,40.59608657266293,41.43630429801384,40333000
2025-07-24,40.707157135009766,40.90030795123497,40.6009219756165,40.81338861028736,22137600
2025-07-25,40.813385009765625,40.85684651846313,40.615404335365774,40.76992718518347,16320400
2025-07-28,40.37879180908203,40.818214664202486,40.277386534823464,40.80855859794157,22413600
2025-07-29,40.84236145019531,40.866503458552025,40.44639640881405,40.53331574395215,18395400
2025-07-30,41.146575927734375,41.51356907337033,40.92444956393546,40.96308119697405,27424400
2025-07-31,41.36870193481445,41.431479258989654,40.98722285110732,41.02102460869578,30179600
2025-08-01,41.431480407714844,41.653606775757034,41.00171361326784,41.32041538163607,35852000
2025-08-04,42.165462493896484,42.28135370964038,41.5473710977753,41.63429043061205,25730800
2025-08-05,41.71638107299805,42.33447248667294,41.590830103309266,42.17994963325422,21454400
2025-08-06,41.34455871582031,41.79364130154361,41.31075695922244,41.77915167661724,23020600
2025-08-07,41.79364013671875,41.9095313440936,41.13208727989534,41.20934685677355,25702800
2025-08-08,41.61497497558594,41.986794317881404,41.51356970041444,41.90953473475256,18445200
2025-08-11,41.484596252441406,41.750180434315844,41.28178202563329,41.721208552249784,19548800
2025-08-12,41.66325759887695,41.67291734816311,41.291438301887766,41.619799779433954,20756800
2025-08-13,41.75501251220703,41.783984395801546,41.36870353840823,41.72121075330829,22425400
2025-08-14,41.46527862548828,41.72603660504071,41.421817120172015,41.600485648045456,18747800
2025-08-15,41.34455871582031,41.57151126205453,41.08862691973336,41.40250247906515,29576600
2025-08-18,41.1658935546875,41.56185860045888,41.10794610258115,41.40733574562409,16080000
2025-08-19,41.566688537597656,41.58600435499514,41.10794616366719,41.18037955787889,16436800
2025-08-20,41.610145568847656,41.875733447845676,41.460452592020815,41.63429126116217,20169000
2025-08-21,41.32524871826172,41.82744894707489,41.209353807224744,41.61497862762279,16230000
2025-08-22,41.54737091064453,41.78881309142411,41.42664982025474,41.610144551365714,19234800
2025-08-25,41.078975677490234,41.5280583159459,41.035517849953685,41.40733721619024,16982200
2025-08-26,41.17072296142578,41.26246848773886,40.92928077323745,41.117605385295114,17263000
2025-08-27,41.18037414550781,41.27695321980177,41.05482319098316,41.17071808013591,16821400
2025-08-28,40.86650466918945,41.22384177096271,40.80373102466387,41.20935214458093,16078800
2025-08-29,40.7168083190918,40.9292786123972,40.65403467975849,40.84235928187365,19469400
2025-09-02,40.581600189208984,40.629887886164056,40.325672079643475,40.56228437360393,20655000
2025-09-03,40.48019790649414,40.557457490498486,40.262897727993916,40.44156627243427,17268000
2025-09-04,40.431907653808594,40.871330490127065,40.21943736400638,40.76509534522596,22362200
2025-09-05,40.306358337402344,40.63471985134898,39.98765288969738,40.53814076835567,27006800
2025-09-08,39.89590835571289,40.349817162638175,39.741385503205585,40.330501345560336,28469400
2025-09-09,40.17115020751953,40.30635723589988,39.813813136382635,39.88624652561931,25741400
2025-09-10,40.86167526245117,40.929278777117645,40.316013585923585,40.316013585923585,32168800
2025-09-11,41.078975677490234,41.1079475625146,40.750614138790226,40.808561592954554,24265200
2025-09-12,41.28661346435547,41.40733455635651,40.89064842995667,40.96308182198037,18727000
2025-09-15,41.3831901550293,41.576344645078414,41.29144462744546,41.29144462744546,22818400
2025-09-16,40.62989044189453,41.32524511095571,40.61057462507446,41.3107591693695,21652800
2025-09-17,40.73128890991211,41.07896618633727,40.64919946523249,40.895471483386096,20168200
2025-09-18,40.76026916503906,41.02102346826352,40.475365486900984,40.658860210977686,25303000
2025-09-19,41.02102279663086,41.18520538631885,40.64437360467885,40.86167376596162,20974000
2025-09-22,41.41868591308594,41.511052717372394,40.942275858050785,41.039501340204865,19477000
2025-09-23,41.63258743286133,41.70064601380044,41.27771107638089,41.35549072220509,17900600
2025-09-24,41.92912292480469,42.00204388036973,41.58883007738631,41.71036376702343,17317600
2025-09-25,41.525634765625,41.977740289301885,41.525634765625,41.89023587475428,18689600
2025-09-26,42.20136260986328,42.21594606106204,41.627723372921004,41.66661504872727,16233800
2025-09-29,42.32289505004883,42.39095362621837,41.88537669150584,42.18191551115071,17130800
2025-09-30,42.39581298828125,42.56110073926876,42.094408094665184,42.3763671523466,21960000
2025-10-01,42.804168701171875,42.89653178696208,42.424980458713826,42.478455581025315,29195400
2025-10-02,42.72638702392578,42.740970474413714,42.41039866400192,42.69235773648254,22648600
2025-10-03,43.22224426269531,43.62087462649241,42.82361018998425,42.85764318450599,25133200
2025-10-06,43.64031982421875,43.6889362718627,43.178493242914946,43.475035770754815,20024200
2025-10-07,43.839637756347656,44.02923003744685,43.703520601600985,43.8201919186818,32901800
2025-10-08,44.14103698730469,44.20423316988741,43.815323884526826,44.150758050427484,19790400
2025-10-09,44.02922821044922,44.41813752979985,43.941723799041036,44.2868790582305,21557400
2025-10-10,43.84935760498047,44.41813814142265,43.800744866620796,44.17507074071009,23183800
2025-10-13,44.18478775024414,44.38896345796731,43.85907835331711,43.878524188659384,18760600
2025-10-14,44.57855987548828,44.72440179970518,44.034091270762175,44.10701223287062,17571800
2025-10-15,45.161922454833984,45.29803960176999,44.777875528027906,44.777875528027906,19087600
2025-10-16,44.67092514038086,45.58485720186062,44.66120407659359,45.298039458710434,29119000
2025-10-17,44.51536178588867,44.81676668557553,44.325769517849636,44.753566790286484,21825800
2025-10-20,44.50077819824219,44.96260475559327,44.330631767055685,44.85565451058631,25420000
2025-10-21,44.048675537109375,44.59800653852586,43.834775033340634,44.54453141258368,22107800
2025-10-22,43.94658660888672,44.170208171547856,43.73754849678176,44.14589994801144,19108600
2025-10-23,43.91255569458008,44.25771094430894,43.669488303876875,44.233402721673,16134000
2025-10-24,44.42786407470703,44.646623275758095,44.12160045145262,44.16535080809699,21737600
2025-10-27,44.54939270019531,44.59314676075694,44.00492038990396,44.42785900040017,16042800
2025-10-28,43.81532669067383,44.70981662072514,43.761851567789094,44.70981662072514,20661400
2025-10-29,43.800743103027344,44.097285616669815,43.62087560744732,43.81046787565624,24271800
2025-10-30,43.61601257324219,44.16534353336521,43.601429123429526,43.75212971671239,18870800
2025-10-31,43.31460952758789,43.54795586129797,43.08612558032768,43.42155977600026,18434000
2025-11-03,43.33891677856445,43.460450474685544,42.83333615763102,43.28057926921726,22339600
2025-11-04,43.183353424072266,43.353499855394006,42.99861983385378,43.319470569129656,17156200
2025-11-05,43.193077087402344,43.39725281727708,42.99376374411918,43.17363124995033,16858200
2025-11-06,43.003482818603516,43.441004868743846,42.984036982051265,43.11529545155041,23668200
2025-11-07,43.6014289855957,43.61115004913542,42.82847276774199,42.82847276774199,24337600
2025-11-10,43.58684539794922,43.92713825447252,43.212519546859625,43.72782121785604,17947200
2025-11-11,43.61115264892578,43.7812990878686,43.368085247889134,43.60629026240907,14435400
2025-11-12,43.71323776245117,43.752129434309914,43.470170376705006,43.64031680494453,15018400
2025-11-13,43.11043167114258,43.60142882869593,43.076402385505055,43.60142882869593,20675400
2025-11-14,43.14932632446289,43.47989814017477,42.88681308472867,42.98890094869516,20168200
2025-11-17,43.538230895996094,43.68407281753466,43.188213251434824,43.23196731146205,24201400
2025-11-18,43.37294387817383,43.78615768236769,43.35836042880087,43.57711958722295,25158800
2025-11-19,43.00834274291992,43.5285067869445,42.91597595181289,43.40697309713582,25095600
2025-11-20,42.789581298828125,43.61601264235734,42.76041439915657,43.34863703232148,25543200
2025-11-21,42.852783203125,43.02292964071221,42.54651590655384,42.96945451619706,28589400
2025-11-24,43.33891677856445,43.45072570200398,42.64860627473602,42.91597818085398,23572800
2025-11-25,43.17362594604492,43.518781173358526,42.998617139391015,43.45072260509465,22195600
2025-11-26,43.74726867675781,43.8007438003259,43.32433378351906,43.40697580761007,16759200
2025-11-28,44.05839538574219,44.09242467322879,43.77644002181639,43.820190373335954,7882600
2025-12-01,43.027793884277344,43.810471239873195,43.00348565975252,43.810471239873195,26339000
2025-12-02,42.72152328491211,43.22710390300098,42.66804816220657,43.22710390300098,17384200
2025-12-03,42.58540725708008,42.87708739200179,42.42012320722629,42.7555536933749,21728000
2025-12-04,42.497901916503906,42.83819849056717,42.352063706688845,42.56110181211309,15535200
2025-12-05,42.09926986694336,42.565958795827235,42.07982403129229,42.50762499778795,13474700
2025-12-08,41.53535842895508,42.20622311661701,41.47702091784414,42.17705621551863,21607900
2025-12-09,41.56452178955078,41.972873205801044,41.545075954170215,41.75897643444256,24347200
2025-12-10,41.54507827758789,41.642307459928276,41.2436733757038,41.61313685076912,25940200
2025-12-11,41.84648895263672,41.95343921350903,41.46730436148187,41.46730436148187,18703300
2025-12-12,41.642311096191406,42.17705866455917,41.583973581693066,41.97287921827217,17179800
2025-12-15,42.02149200439453,42.08955057758487,41.64230746550145,41.91454175826283,19176400
2025-12-16,41.84648895263672,42.109002217801134,41.59369675259044,42.002051956928824,19067900
2025-12-17,41.57424545288086,41.94370893039049,41.36034866814505,41.86592929291768,19444600
2025-12-18,41.982601165771484,42.21594379022871,41.77842544214288,41.83675924380012,21935800
2025-12-19,41.447853088378906,42.167330498061034,41.41868247901973,41.924263103914406,22612000
2025-12-22,41.60164260864258,41.66041343318382,41.170636632937786,41.42532266161797,17894900
2025-12-23,41.748573303222656,41.87591631724713,41.51348253223947,41.53307405260481,15097300
2025-12-24,41.9346923828125,41.983669317132744,41.68000634562631,41.73878090883095,5761000
2025-12-26,41.905303955078125,41.993463933054194,41.758373149585104,41.91510158413137,8436700
2025-12-29,41.98366928100586,42.22855768909694,41.89550930462505,41.93469234672776,12838700
2025-12-30,42.081626892089844,42.15999298326474,41.93469607618825,42.00326453761584,9255300
2025-12-31,41.817142486572266,42.130599344491955,41.807348594568744,42.09142003977736,10129000
2026-01-02,42.29712677001953,42.50283213905037,41.78775842525225,42.01305531562421,20495400
2026-01-05,41.82693862915039,42.40487539103686,41.20002493558548,42.30691779097962,27884400
2026-01-06,42.03264617919922,42.08162311343528,41.6506208607772,41.875917747623504,21861800
2026-01-07,41.013912200927734,42.09142350843483,40.88657291088572,42.07183198611279,27613300
2026-01-08,41.1314582824707,41.4253236220917,40.955138331358,40.96493222344181,22853300
2026-01-09,41.64082336425781,42.01305479169592,41.62123557986158,41.6506209931565,21518300
2026-01-12,41.70939636230469,41.83673564684334,41.435118798350764,41.51348488425207,16810600
2026-01-13,41.973873138427734,42.08162463967539,41.55266476266002,41.748576243410234,22207400
2026-01-14,42.28732681274414,42.43426134636232,41.89550761759635,41.934690658121255,21403100
2026-01-15,42.71833801269531,42.92404339557325,42.43426653917766,42.43426653917766,21762700
2026-01-16,42.50283432006836,42.630177346969894,42.062034409025195,42.28733131095819,27803600
2026-01-20,42.081626892089844,42.473449874562554,41.95428759898198,42.238355337738746,25300900
2026-01-21,42.14039993286133,42.42447139802127,41.81714542353434,42.42447139802127,33736500
2026-01-22,41.836734771728516,42.38528615146145,41.72898327421842,42.31671769608241,26170700
2026-01-23,41.68980407714844,41.8759179227038,41.43511803933522,41.836734880470914,26527200
2026-01-26,41.99346160888672,42.29712456882013,41.78775625056106,41.82693929120416,19254000
2026-01-27,42.542015075683594,42.659560466736686,41.7289837572066,41.9444867547211,31070500
2026-01-28,42.44405746459961,42.777102087109654,42.248146005646426,42.61057977585463,25183600
2026-01-29,42.44405746459961,42.87505968493638,42.199169075083205,42.62037366728717,27417900
2026-01-30,42.365692138671875,42.49303514975785,41.89550687085482,42.34610061875862,27998400
2026-02-02,41.748573303222656,42.590989995429986,41.68000485029419,42.41467004884239,32847600
2026-02-03,42.355899810791016,42.53221602311898,41.78775692243258,41.78775692243258,35525500
2026-02-04,42.19916915893555,42.7575143892064,42.11100918906645,42.5811944494682,30994300
2026-02-05,42.21875762939453,42.483237543309016,41.993460755326716,42.33630674893454,31475400
2026-02-06,42.46364974975586,42.96322420988984,42.101215941119904,42.60079040125388,30530100
2026-02-09,42.59099197387695,42.65956042999058,42.17958123719522,42.48324047521252,21173900
2026-02-10,43.29627227783203,43.619523040744575,42.669358536801084,42.85547238595069,34683600
2026-02-11,43.67829513549805,43.71747817627209,43.237495268541146,43.45299825609795,25614800
2026-02-12,44.32480239868164,44.80478532847309,43.82523168430333,43.8742086191717,45623300
2026-02-13,45.54924392700195,45.6471977956056,44.275824951651686,44.275824951651686,42451800
2026-02-17,45.431697845458984,46.11738612534389,45.2945609368221,45.84310857136962,32424000
2026-02-18,44.67744064331055,45.65699425097199,44.579483040524124,45.65699425097199,32841500
2026-02-19,45.16721725463867,45.2357857079467,44.7460089062034,44.84396277187188,24172500
2026-02-20,45.382720947265625,45.53944937678711,44.941921071517534,45.353331797748744,22623200
2026-02-23,45.725563049316406,45.999836865785326,45.421900083439745,45.51985768696472,33130900
2026-02-24,46.23493194580078,46.26431735886919,45.343538294620515,45.68638056942041,29503300
2026-02-25,46.391658782958984,46.46022723556341,45.647195959396065,46.24472424926355,22356600
2026-02-26,46.2153434753418,46.421048853799505,45.950863530167254,46.30350345706664,30578600
2026-02-27,46.754093170166016,46.822661623656124,46.16636250119353,46.234930954683634,39759600
2026-03-02,46.40145492553711,46.76389246311313,46.39166103327587,46.44063796798326,33087300
2026-03-03,46.10758972167969,46.479821152655965,45.020284579025706,45.74515591969523,60946600
2026-03-04,46.30350112915039,46.450431933504305,45.80392667892552,46.12718117456521,24020800
2026-03-05,45.941062927246094,46.05860830681028,45.519854602382495,45.99003985733948,29794500
2026-03-06,45.784339904785156,45.99983916993353,45.39251694445972,45.67658840386063,25001700
2026-03-09,45.89208984375,45.99004745682373,45.09865372970752,45.60802210758833,27759000
2026-03-10,45.6080207824707,46.07820610146103,45.51986080161622,45.68638313395205,24935900
2026-03-11,45.225990295410156,45.608019358317534,45.05946796827414,45.54924479401625,20026100
2026-03-12,45.54924392700195,46.07820378554301,45.02028406846089,45.059467110582574,27419900
2026-03-13,45.999839782714844,46.35247970436525,45.90188590967895,46.00963741203888,31521000
2026-03-16,46.293704986572266,46.528799512467785,45.99004573913725,46.4798225761106,19775400
2026-03-17,46.16636276245117,46.66593346023483,46.11738582920971,46.548388073115234,18502300
2026-03-18,45.774539947509766,46.1859544085971,45.774539947509766,45.990042938398396,31063500
2026-03-19,45.58842849731445,45.941068414829495,45.09865166447704,45.69617999841079,29544000
2026-03-20,43.7370719909668,45.705973184389315,43.521568992105394,45.51006170694264,47128300
2026-03-23,44.171085357666016,44.575510072948575,43.963941817287854,44.31904717955067,31574300
2026-03-24,44.476871490478516,44.92075319454027,43.88503172694648,43.95407957393103,24183800
2026-03-25,44.63469696044922,45.02925932268838,44.59523997166019,44.90102599053682,22297400
2026-03-26,44.7136116027832,44.86156966870341,44.40782557936046,44.62483525810083,19988000
2026-03-27,44.970069885253906,45.453408548355284,44.68401238592503,44.753060228821624,26172900
2026-03-30,45.29558181762695,45.7098726489039,45.13775763495605,45.542182338226816,28363600
2026-03-31,45.2659912109375,45.325176690827654,44.64455684197958,45.226534224344064,42852800
2026-04-01,45.48299789428711,45.65068443208422,45.07857321526603,45.15748342045729,31185100
2026-04-02,45.70987319946289,45.95647372303297,45.28571999789632,45.41395332374387,17331800
2026-04-06,45.54218292236328,45.8676974198864,45.463272711428374,45.52245819174858,12939500
2026-04-07,45.64082336425781,45.798647541949585,45.41395134400247,45.433679836567094,13657000
2026-04-08,46.143890380859375,46.143890380859375,45.35476943038962,45.660555444932804,18879700
2026-04-09,46.50886154174805,47.061244321673485,45.986065858543,46.02552284648781,23274600
2026-04-10,46.321441650390625,46.81464269972483,46.23266531099745,46.4200841179527,15052100
2026-04-13,45.759193420410156,46.242532111427494,45.49286439835882,46.20307512382905,17795700
2026-04-14,45.83810806274414,45.92688440471999,45.27585915117228,45.76906021485465,25118600
2026-04-15,45.39422607421875,45.690145958046614,45.25613037928745,45.68028359247672,24843900
2026-04-16,45.71973419189453,45.739462684726774,45.21667079456068,45.37449497439338,26945000
2026-04-17,45.532318115234375,45.65068530670159,45.019388601776186,45.60136595715902,17601500
2026-04-20,45.12789535522461,45.70987273545527,45.02925665192802,45.49286307281238,14376100
2026-04-21,44.338775634765625,45.32517774560435,44.29931864725397,45.285720758092694,19596900
2026-04-22,44.25986099243164,44.99966256440661,44.10203680759,44.72347118164008,21731700
2026-04-23,45.46327590942383,45.51259526508056,44.58537858512682,44.75306514692483,23864300
2026-04-24,45.55204772949219,45.67041492387461,45.118032174873136,45.40408591439521,24158700
2026-04-27,45.56190872192383,45.867694707927065,45.542180229650214,45.73946138956117,14543100
2026-04-28,45.621097564697266,45.8874265858032,45.41395402477891,45.80851261088644,13016000
2026-04-29,45.0588493347168,45.640826738510846,44.940482133403314,45.44354556110472,12655100
2026-04-30,46.21294021606445,46.25239720599102,45.22653804485432,45.22653804485432,22378500
2026-05-01,45.91701889038086,46.6568204957989,45.88742803026832,46.20307641422063,15507000
2026-05-04,45.739463806152344,46.21293635725891,45.463272425379856,45.630958974327335,18054200
2026-05-05,45.739463806152344,46.183345498697676,45.72960144090705,45.89728798985453,17499600
2026-05-06,45.08843994140625,45.74933131758554,45.019392094125266,45.650688848023094,26315500
2026-05-07,44.50646209716797,45.05884863273426,44.38809489769856,44.99966315158684,23499400
2026-05-08,44.111900329589844,44.89115507961763,44.082305709738044,44.743197031659264,18158100
2026-05-11,44.52619171142578,44.6938820308175,44.220409458199065,44.4867347230012,22669300
2026-05-12,44.57551193237305,44.76293074962166,44.190815694816244,44.44728236173784,28240500
2026-05-13,44.06258010864258,44.21054192913472,43.75679786510273,44.19081343554741,27268600
2026-05-14,44.28945541381836,44.309180144362195,43.94421242409551,44.023126397572284,18472900
2026-05-15,43.27345657348633,44.16121991733009,43.234003351512854,44.102034440132115,21857600
2026-05-18,43.342506408691406,43.608835424092376,42.93808170296963,43.47073973377158,31554300
2026-05-19,43.73706817626953,43.80611602052549,43.02685747783651,43.224138645492935,22307100
2026-05-20,43.90475845336914,44.250001466808264,43.806119742572605,44.05272028238957,17584800
2026-05-21,44.38809585571289,44.397958221370935,43.835709308224615,43.94421414459066,18781100
2026-05-22,44.73332977294922,44.82210610460946,44.30917660644198,44.44727604899962,15187100
2026-05-26,44.7136116027832,45.01939386338034,44.7136116027832,44.9700745080736,13738200
2026-05-27,44.52619171142578,44.753063750628854,44.33877666064729,44.63469654818062,16869400
2026-05-28,44.02312469482422,44.654421406919376,43.97380534472151,44.41768325847109,19383000
2026-05-29,43.81597900390625,44.111902640979196,43.648292454868574,44.06257952625014,23048500
2026-06-01,42.5139274597168,43.36223383693748,42.484336601896395,43.303052121296666,31206300
2026-06-02,43.30305099487305,43.36223270897439,42.59284032305567,42.62243118010634,27366300
2026-06-03,43.11563491821289,43.875164987285544,43.08604405929623,43.36223544338614,21948600
2026-06-04,43.342506408691406,43.51019672038476,42.75066666079503,43.27345856353101,18216500
2026-06-05,43.74693298339844,44.0132620101777,43.37210288303549,43.4411507311458,21351600
2026-06-08,42.928218841552734,43.776525229804506,42.87889949026898,43.717339750568804,20843500
2026-06-09,43.381961822509766,43.480604285466484,42.87889843131873,43.04658497410734,20424800
2026-06-10,43.40169143676758,43.67788281453382,43.194547903442896,43.61870109805551,17778000
2026-06-11,43.451011657714844,43.914621847808334,43.411554670722765,43.618701971018496,19146300
2026-06-12,43.92448425292969,44.00339822698533,43.58910738884399,43.58910738884399,17942600
2026-06-15,44.131629943847656,44.38809282452402,43.5891057990655,43.875163300346046,18437600
2026-06-16,44.44728088378906,44.88129646199115,44.151357237515555,44.23027121327529,16396600
2026-06-17,43.855438232421875,44.555782848601616,43.63843232038728,44.2105436048019,22210400
2026-06-18,44.1513557434082,44.723470759829105,43.924483715014674,43.99353156005508,36828300
2026-06-22,44.393577575683594,44.641752756608746,44.10569345696577,44.15532773578025,21868600
2026-06-23,44.741024017333984,44.870076179530706,44.13547593339508,44.42336006950586,22295600
2026-06-24,45.20759201049805,45.26715163052448,44.760875926036064,44.95941682878058,18884500
2026-06-25,45.51532745361328,45.85284585697922,45.16788370905399,45.32671567611721,19262800
2026-06-26,45.86277389526367,45.89255370498892,45.55503530964287,45.66423299443905,19479300
2026-06-29,45.68408966064453,45.971973791345036,45.43591446938952,45.86277610129637,17917800
2026-06-30,45.00905227661133,45.6146003416241,44.989197807135994,45.52525712241151,18906800
2026-07-01,44.443214416503906,45.028908028724686,44.31416225466462,44.90978499533233,29493100
2026-07-02,45.42598342895508,45.46569236672908,44.67153254551273,44.70131235541687,24327900
2026-07-06,44.96934509277344,45.495479087272244,44.780733305675675,45.37635226577082,19176600
2026-07-07,45.366424560546875,45.981897958826984,45.19766346563856,45.2969358117178,18962700
2026-07-08,45.028907775878906,45.48554922369628,44.97927349448187,45.406135130831615,14863200
2026-07-09,44.80058670043945,45.32671689545494,44.71124347988466,45.227448333439796,19667800
2026-07-10,45.07854080200195,45.14802955139337,44.76087686568322,44.790656676321596,14050300
2026-07-13,45.38628005981445,45.54511203029317,45.098395929930255,45.118250399596704,15732100
2026-07-14,45.35649490356445,45.94218848461682,45.2274465354456,45.59474474452336,17386900
2026-07-15,44.889930725097656,45.61460184397721,44.84029265634802,45.39620645940834,15909500
2026-07-16,45.13810348510742,45.28700632276038,44.79065595687832,44.90978277122401,15615700
2026-07-17,44.84029006958008,45.81314011552664,44.73109617044784,45.56496493350722,20924600
2026-07-20,44.611968994140625,45.32671472434323,44.48292062707283,44.99912545590219,17830900
2026-07-21,44.59211730957031,44.71124412994396,44.314162302404384,44.5424830278411,15891700
2026-07-22,45.59474563598633,45.654309044103826,44.879999885987736,44.93956329410523,18366900
2026-07-23,45.852848052978516,45.99182934431117,45.26715443634776,45.3167925052502,13696700
2026-07-24,45.952117919921875,46.28963632120731,45.76350235673565,46.06131560663963,16109000
2026-07-27,45.3465690612793,45.94218797681401,45.2274460355429,45.79328514135669,16609100
2026-07-28,45.187740325927734,46.09109789156851,45.16788585574461,45.52525874533489,16412000
2026-07-29,44.582191467285156,45.46569454744293,44.40350502558438,45.42598560776433,23653200
2026-07-30,44.334014892578125,44.909783139411005,44.03620542797789,44.87007420097023,23428600
2026-07-31,44.026275634765625,44.41343209843461,43.986570483777534,44.284379943878285,20778500
2026-08-03,44.03620529174805,44.334014755426985,43.61926901311531,43.91708226364703,25872600
2026-08-04,43.78803253173828,43.966718977208664,43.2718276655853,43.92701003669236,26772300
2026-08-05,43.34131622314453,43.807886804980335,42.97401799215304,43.77810320630055,26062300
2026-08-06,43.063358306884766,43.94686134205435,42.84496293662614,43.82773831593724,27020100
2026-08-07,43.29167938232422,43.54977990555802,42.63649705288931,42.884672235051816,18693800
2026-08-10,42.815185546875,43.202338243778364,42.74569679547455,43.11299502242736,25438200
2026-08-11,43.3115348815918,43.39094897260943,42.76555022521723,42.81518450545986,19690800
2026-08-12,43.52000045776367,43.639123485874514,43.321459553010406,43.44058258112125,15979000
2026-08-13,43.718544006347656,43.8773759823849,43.55971203031041,43.56963737206454,17855900
2026-08-14,43.986572265625,44.08584082739559,43.658979195446825,43.68875900660743,17154200
2026-08-17,43.857521057128906,43.927009809246144,43.500148168038564,43.87737552728426,16377500
2026-08-18,43.69868850708008,44.324091054749516,43.62919975587824,44.20496423538672,19424700
2026-08-19,43.69868850708008,44.05606139146261,43.480293125101205,43.936934572099815,15856400
2026-08-20,43.45051193237305,43.93693317532232,43.430657463110435,43.510075340160896,17077400
2026-08-21,42.45781326293945,43.639125840334884,42.43795879270764,43.57956621649243,22073000
2026-08-24,42.9045295715332,42.94423472532477,42.38832470371276,42.55708202117269,20055700
2026-08-25,42.99386978149414,43.16262708712735,42.75561994117654,42.9243810336625,13430200
2026-08-26,43.19240951538086,43.3909504298721,42.96408878911448,42.99387238774259,12240200
2026-08-27,42.86481857299805,43.01372519983986,42.60671425805261,42.90452751173624,16033500
2026-08-28,42.4181022644043,43.06335926164571,42.24934495590126,43.023650323108704,20360500
2026-08-31,41.9217529296875,42.09051402921565,41.55445470627151,41.69343220773416,31622300
2026-09-01,42.24934387207031,42.29897815054188,41.78277332336162,41.991239565053824,30615800
2026-09-02,42.35853958129883,42.398248520515196,41.71328635987077,42.09051370872053,29769100
2026-09-03,42.715911865234375,42.8151842118918,42.457811337630716,42.50744561753302,22875900
2026-09-04,42.76554870605469,42.91445154149308,42.437955651755345,42.45781012051768,18858100
2026-09-08,43.13284683227539,43.390947352009,42.72583969052255,42.73576503145924,19711400
2026-09-09,42.62656784057617,43.212261420794285,42.51737394159716,43.08321305285925,16901700
2026-09-10,42.20963668823242,42.934307787212745,42.199707560013955,42.67620725632569,20625300
2026-09-11,42.08058547973633,42.64642462167629,42.00117138645942,42.576935869989136,15174000
2026-09-14,41.51474380493164,42.13021719097552,41.445255057484076,42.070657571364876,23581300
2026-09-15,41.018394470214844,41.643796999727556,40.98861465966518,41.61401340232507,24210500
2026-09-16,41.018394470214844,41.355912874904725,40.849637161296315,41.326133064355055,23577400
2026-09-17,41.38569259643555,41.455181345470514,41.01839438198605,41.19708081860533,20994900
2026-09-18,40.79999923706055,41.197081051089285,40.78014855452666,41.0779580216218,22574400
2026-09-21,40.65999984741211,40.93000030517578,40.58000183105469,40.77000045776367,20935300
2026-09-22,40.529998779296875,40.81999969482422,40.45000076293945,40.59000015258789,18870400
2026-09-23,39.75,40.40999984741211,39.709999084472656,40.380001068115234,27874300
2026-09-24,39.36000061035156,39.88999938964844,39.36000061035156,39.880001068115234,25586500
2026-09-25,39.5099983215332,39.599998474121094,39.130001068115234,39.40999984741211,30294900
2026-09-28,39.25,39.54999923706055,39.060001373291016,39.4900016784668,33073600
2026-09-29,39.709999084472656,39.79999923706055,39.029998779296875,39.15999984741211,49172600
2026-09-30,39.439998626708984,39.939998626708984,39.41999816894531,39.83000183105469,55592900
2026-10-01,39.68000030517578,39.72999954223633,39.099998474121094,39.439998626708984,61370500
2026-10-02,39.83000183105469,40.209999084472656,39.68000030517578,39.880001068115234,63663300
2026-10-05,39.970001220703125,40.209999084472656,39.58000183105469,39.869998931884766,38491800
2026-10-06,41.15999984741211,41.189998626708984,40.40999984741211,40.40999984741211,52078400
2026-10-07,41.150001525878906,41.33000183105469,40.81999969482422,40.9900016784668,44925171
