Date,Close,High,Low,Open,Volume
2006-06-22,104.07349395751953,104.28477913481174,102.9566992326638,103.83203011811928,11950
2006-06-23,109.83860778808594,110.17063070920454,108.96327672589706,108.96327672589706,725
2006-06-26,109.83860778808594,109.83860778808594,109.83860778808594,109.83860778808594,0
2006-06-27,111.58936309814453,112.43450468370929,111.3177088007572,112.43450468370929,3225
2006-06-28,113.06830596923828,113.06830596923828,111.8005942064659,111.8005942064659,8975
2006-06-29,116.17723083496094,116.17723083496094,114.3058304954731,114.3058304954731,4825
2006-06-30,117.68643188476562,117.92789586777857,115.9961379469332,117.08275465595509,13400
2006-07-03,119.16539764404297,119.40687307769095,118.2296976099307,118.47117304357867,1925
2006-07-05,118.4712142944336,119.07489157456736,116.87147928913758,119.07489157456736,3850
2006-07-06,117.41475677490234,118.86357495724224,117.3845665860421,118.25989783605476,6850
2006-07-07,116.26773834228516,119.22574272957036,116.05645313706337,119.22574272957036,4350
2006-07-10,116.08663940429688,116.84123276212125,115.51315259745547,115.84517551716714,18075
2006-07-11,117.5354995727539,117.5354995727539,116.11687137909735,116.4790730972453,32275
2006-07-12,116.75074005126953,117.56570264199816,116.23761033969093,116.90165649084454,25700
2006-07-13,114.9698715209961,115.362263383399,114.81895511674377,114.9698715209961,550
2006-07-14,114.84919738769531,115.573612649096,113.40037837908389,115.48305354505219,13550
2006-07-17,111.83071899414062,115.09056740895576,111.83071899414062,115.09056740895576,4975
2006-07-18,112.97770690917969,113.82284769903846,111.31760399445152,113.82284769903846,7000
2006-07-19,113.18901824951172,113.91343303254884,112.64571004077948,113.30975596571497,3075
2006-07-20,112.49481964111328,113.91345934877894,112.49481964111327,113.64180518165541,8625
2006-07-21,109.77825927734375,110.83469708702104,109.59716420622078,110.83469708702104,2675
2006-07-24,114.00399780273438,114.00399780273438,113.00792876470175,113.58142724630262,7600
2006-07-25,115.15090942382812,115.30182573805459,115.15090942382812,115.27163556670327,1650
2006-07-26,119.6483154296875,120.28217105748277,116.2073717197356,116.26774056726568,2325
2006-07-27,117.1128921508789,120.1916345723433,117.11289215087892,119.98034934369018,2100
2006-07-28,118.4712142944336,118.4712142944336,118.01845345578667,118.13919121465071,2750
2006-07-31,120.28221130371094,120.58405564235794,119.79927187605995,120.58405564235794,1450
2006-08-01,122.03292846679688,122.03292846679688,120.22190768223277,121.48961992858978,1900
2006-08-02,121.39901733398438,124.02499973594563,121.39901733398438,122.99875201926659,3000
2006-08-03,120.9160385131836,121.76117935243673,120.13125500743678,120.73493197012347,2025
2006-08-04,119.95018768310547,121.18772056106143,119.73889091030921,121.18772056106143,3400
2006-08-07,121.27825927734375,121.82156747832197,120.34255926139633,120.85568879084562,1875
2006-08-08,121.45936584472656,122.69689863264782,121.33862813025077,121.33862813025077,1525
2006-08-09,122.60633087158203,124.1155176526696,122.21395059870986,122.63652105514537,2325
2006-08-10,121.24806213378906,122.03284571869251,120.34255235551562,121.6404539262408,2275
2006-08-11,120.49347686767578,121.51972442278526,120.13127523474958,121.2782605055619,1925
2006-08-14,117.3241958618164,120.01054691860423,116.811077801164,120.01054691860423,1525
2006-08-15,118.22972869873047,118.44102551582466,117.50532523566768,117.95808603572101,2150
2006-08-16,117.56566619873047,119.76907777322887,117.56566619873048,118.83337771521612,2825
2006-08-17,116.14704132080078,116.72052829090954,115.72447076238547,116.29795773249423,2475
2006-08-18,117.41475677490234,117.41475677490233,115.87537954016511,117.324197722505,2475
2006-08-21,118.2900619506836,118.2900619506836,118.01840785529568,118.16933575265273,700
2006-08-22,119.01448822021484,119.34651120382065,118.59191770078313,118.8937504963249,1025
2006-08-23,117.02235412597656,119.34650334397175,117.02235412597655,119.34650334397175,1400
2006-08-24,118.4410171508789,118.4410171508789,117.47512674470255,117.47512674470255,3825
2006-08-25,120.97644805908203,122.12342200844682,120.58405617420237,121.9423269186441,39075
2006-08-28,119.25592803955078,120.37273448843324,119.25592803955078,120.37273448843324,600
2006-08-29,118.35043334960938,118.35043334960938,117.44492351692162,117.95805304776009,2650
2006-08-30,115.7546157836914,118.86354822874621,115.7546157836914,118.86354822874621,2500
2006-08-31,116.62994384765625,117.14307330209242,116.62994384765625,116.84122906001805,425
2006-09-01,118.04854583740234,118.22964081145642,117.26376256924506,117.26376256924506,13250
2006-09-05,119.19561004638672,119.34652646345377,117.59586378575928,117.59586378575928,38600
2006-09-06,115.63391876220703,117.83733052773766,115.63391876220703,117.83733052773766,675
2006-09-07,115.03030395507812,115.57361252198359,114.15497220682042,115.0001137490334,4825
2006-09-08,111.3478012084961,114.03415189306848,111.3478012084961,114.03415189306848,78175
2006-09-11,107.60504913330078,110.47249552647638,107.15228837954449,110.47249552647638,177425
2006-09-12,106.8504409790039,108.48035413900469,106.39768028700315,107.90686724142873,171000
2006-09-13,108.96333312988281,109.50664155219228,107.96727536510669,107.96727536510669,10225
2006-09-14,105.64311218261719,109.08405742286705,105.49219575376483,109.08405742286705,4000
2006-09-15,105.634033203125,105.99630729706584,105.00003914312128,105.09061630397085,1225
2006-09-18,108.07939147949219,108.44166555247229,106.41895616880782,107.14351583125317,1125
2006-09-19,105.634033203125,108.26054053804621,105.24156288340572,108.26054053804621,104075
2006-09-20,103.3094711303711,105.93597978995074,103.1283282337998,105.18123499564116,45350
2006-09-21,104.6981201171875,105.93590018912063,104.33584611275128,104.42641173473959,52300
2006-09-22,103.12828826904297,105.0906285803892,103.00752638479366,105.0906285803892,95850
2006-09-25,103.1584701538086,103.58113673709391,100.56215881254835,101.55841553907523,17650
2006-09-26,106.05667877197266,106.05667877197266,103.24902888227807,103.39997544824863,7600
2006-09-27,108.07939147949219,108.07939147949219,105.2113605702273,107.86806397721337,74950
2006-09-28,107.23411560058594,108.13980682953992,106.72088327706909,107.41525845297225,22750
2006-09-29,107.2642822265625,107.95864576886561,106.47935303158542,107.05295469266534,8675
2006-10-02,105.48310089111328,107.77753091871433,105.48310089111328,106.81145875440504,5050
2006-10-03,101.31694030761719,104.90952120436218,101.22636310557938,104.90952120436218,54000
2006-10-04,102.8263931274414,102.88677406842248,99.3243791659474,102.25277994636463,15125
2006-10-05,104.90951538085938,105.39255153778069,103.61135354979137,105.06046202055533,42250
2006-10-06,105.0302505493164,105.33214375181988,103.1886720711777,104.15474413897384,18300
2006-10-09,104.51704406738281,106.63033155567221,104.3057164702029,106.32843827869814,2875
2006-10-10,106.75105285644531,106.87181472788362,104.60758146260207,104.60758146260207,23975
2006-10-11,105.24156951904297,106.5699156249041,104.78871823569963,106.5699156249041,9175
2006-10-12,107.59640502929688,107.71716694799301,106.11711183298583,106.11711183298583,1150
2006-10-13,109.58887481689453,110.25305351501925,108.47185642899036,108.68318392085102,277675
2006-10-16,112.78903198242188,112.78903198242188,110.16252406620318,110.34365539501859,12650
2006-10-17,111.33989715576172,112.1852071988139,110.3738252447062,112.1852071988139,5325
2006-10-18,111.09835815429688,112.12481085831443,110.70588789545616,111.24930471031745,2875
2006-10-19,113.75506591796875,113.75506591796875,111.70216042664674,112.51728568200852,4200
2006-10-20,111.79273986816406,113.54375245146468,111.18895354501231,113.54375245146468,8850
2006-10-23,111.49085998535156,112.36636638127626,110.55497264662301,110.79649641783837,3275
2006-10-24,114.17774963378906,114.17774963378906,112.12484362581027,112.12484362581027,9775
2006-10-25,116.10987091064453,116.2306327735865,113.81545309717265,113.81545309717265,8225
2006-10-26,115.41548919677734,117.10612046078883,114.41923277648155,117.10612046078883,8950
2006-10-27,113.84564208984375,116.32120279090933,113.84564208984375,115.62683932758465,7325
2006-10-30,112.21539306640625,113.39280401686939,112.18520835733649,113.21166121299373,20725
2006-10-31,113.69468688964844,113.69468688964844,110.70589423671262,112.12481728084711,16050
2006-11-01,111.64180755615234,113.66452884998667,111.21915246933281,112.36636735961964,16100
2006-11-02,112.33616638183594,112.78901767942422,110.55496893660195,111.33990965022338,7825
2006-11-03,114.9626693725586,115.14380065302373,114.05696690429174,114.05696690429174,13775
2006-11-06,115.38534545898438,115.41553017241378,114.32869622515689,114.72116659866352,3075
2006-11-07,114.08720397949219,115.62687799717791,113.87587639895668,115.62687799717791,5100
2006-11-08,116.01931762695312,116.04950233766053,113.51356052824404,113.51356052824404,5025
2006-11-09,117.40803527832031,118.34392246636092,116.5627252481452,116.65329088952527,12300
2006-11-10,115.41548919677734,116.29099528973775,115.11359610371396,116.14004874320607,3500
2006-11-13,115.14380645751953,115.38533019896218,114.298496395442,114.54000862039878,2300
2006-11-14,115.83817291259766,115.89855384950809,114.63058872384755,115.02304753903611,6650
2006-11-15,118.10243225097656,118.19300943454746,116.29104981040037,116.29104981040037,8000
2006-11-16,114.5400161743164,118.49488132761925,114.41926581211744,118.49488132761925,27375
2006-11-17,116.83446502685547,116.98541164180526,113.84567137830021,113.96643327685545,9725
2006-11-20,116.10987091064453,116.8042343478332,115.41550747345588,116.77404964034027,1800
2006-11-21,118.79679107666016,118.94774920431485,117.01559342532411,117.01559342532411,6050
2006-11-22,118.2835693359375,118.91755200758703,116.83446115081509,118.91755200758703,24300
2006-11-24,118.19300842285156,118.91755678628465,118.19300842285156,118.91755678628465,1075
2006-11-27,117.13630676269531,118.64579528158697,117.07592583996164,118.34390218440201,16925
2006-11-28,119.6119155883789,119.79305843014451,118.28356929822887,118.494896855378,6375
2006-11-29,123.7479019165039,123.9592294357668,120.24588821895085,120.24588821895085,11175
2006-11-30,124.41209411621094,124.89513018796652,123.11393251402625,124.04981994151635,4875
2006-12-01,124.89509582519531,124.92529204939677,122.14782676360845,123.92902394748248,8650
2006-12-04,123.92901611328125,124.26110545959291,123.02332522473958,124.26110545959291,1950
2006-12-05,124.50267028808594,125.13665296778478,123.68754476426389,125.13665296778478,2750
2006-12-06,124.38188171386719,125.6800430270925,124.35168548807917,124.6837748728325,2300
2006-12-07,123.68754577636719,124.11020089962489,122.99318214294547,123.41583726620318,825
2006-12-08,122.93282318115234,124.41211637712837,122.93282318115233,123.8686992596093,1675
2006-12-11,122.4497299194336,123.17427806057769,121.81573590032617,121.90631305533299,850
2006-12-12,121.84597778320312,122.96299663732765,121.24217976166658,122.2384482246753,2275
2006-12-13,122.4497299194336,123.17427806057769,121.75536648563505,121.90631305533299,3725
2006-12-14,124.07999420166016,124.35170268890707,123.05354119611485,123.05354119611485,4425
2006-12-15,122.6085433959961,123.90773612601255,122.36682561551237,123.72645931638792,3225
2006-12-18,117.74409484863281,122.06470265699852,117.7138743600488,122.06470265699852,1300
2006-12-19,119.94979858398438,120.40300248571054,116.83774313521187,116.83774313521187,2300
2006-12-20,118.07643127441406,120.07055673430983,117.95557239181737,119.91947736819526,11025
2006-12-21,117.2607192993164,118.49949475200783,116.68664503599375,118.469274250915,7425
2006-12-22,116.80746459960938,117.2304592663158,116.65639672231997,116.95853247689878,2875
2006-12-26,115.68953704833984,117.29087713575092,115.23632193550245,116.89809147300778,2450
2006-12-27,116.68661499023438,116.68661499023438,115.05506564939841,115.87083455694582,11000
2006-12-28,116.47514343261719,116.71686132966992,116.05214863851862,116.38450498409428,1175
2006-12-29,115.02486419677734,115.96150370687592,114.96443472589262,115.96150370687592,37525
2007-01-03,110.70426177978516,113.57459843107772,110.13019905982415,113.57459843107772,67475
2007-01-04,109.25396728515625,110.4021040229709,108.77054311014084,109.67696199757705,63475
2007-01-05,110.28121948242188,110.28121948242188,108.43816164147414,109.31437135696385,53550
2007-01-08,110.76464080810547,112.3055513681842,109.70715429881012,111.97320669793318,30275
2007-01-09,109.61652374267578,110.28123625215864,108.16625133395543,108.64967547019555,11700
2007-01-10,107.56190490722656,108.92153809110602,107.2295603740416,108.80067924682034,104500
2007-01-11,107.01811981201172,110.22081207152779,106.86705192328026,108.01518862397336,5825
2007-01-12,110.55314636230469,110.70421422100125,107.7432403927412,107.7432403927412,66825
2007-01-16,109.4050521850586,110.82511596241773,109.04248687887406,110.43233015736756,24875
2007-01-17,110.61360168457031,111.15745532368183,109.82803019441297,109.94888911993588,4000
2007-01-18,109.55606079101562,111.18762107417166,109.25392512038837,111.1271916348988,62350
2007-01-19,112.78901672363281,112.81922569227204,110.64381112651748,110.64381112651748,16900
2007-01-22,112.60775756835938,113.87674204399269,111.79197689441887,113.45374721878159,6600
2007-01-23,115.84065246582031,116.11257934000685,113.78609642213175,113.78609642213175,6075
2007-01-24,116.3542251586914,116.71680181940394,114.45074955577081,115.5686654452899,15450
2007-01-25,113.93712615966797,116.41467617155715,113.63499041216537,116.41467617155715,16200
2007-01-26,115.08527374267578,115.38740951904684,114.42056120377016,114.84355590098608,2600
2007-01-29,114.9644546508789,116.59601607031016,114.5112508293114,115.93130330111705,6725
2007-01-30,117.77437591552734,117.8952348923772,115.93131685867944,116.02196685419003,15500
2007-01-31,118.49942016601562,118.98284414752682,117.23042501096322,117.23042501096322,33350
2007-02-01,119.01309204101562,119.55694563886375,117.86495538714281,119.1037304654101,9275
2007-02-02,119.1944351196289,119.40593255744284,117.83480050100657,118.98293768181499,8525
2007-02-05,118.55990600585938,120.10081707817727,118.55990600585938,119.85909920956298,2050
2007-02-06,117.95561218261719,118.86203105638624,117.20026120018609,118.80160159470279,5125
2007-02-07,118.19733428955078,118.8620469311036,117.01898844370196,118.25776375930494,1625
2007-02-08,118.37862396240234,118.83183922752474,116.8074923092525,117.44198445982946,4700
2007-02-09,118.348388671875,119.28502805737662,117.98582342054019,118.68074495465757,2575
2007-02-12,116.59599304199219,117.7139094119585,115.90107143224324,117.68370044011846,5325
2007-02-13,118.10663604736328,118.10663604736328,117.38149430321423,117.62321205984291,5675
2007-02-14,118.10663604736328,119.19434290071835,117.56278262068574,118.62026899159372,13475
2007-02-15,117.2607192993164,117.77435256045338,116.4751476313204,117.53264618043131,34300
2007-02-16,117.95561218261719,118.0462506122717,117.26069066186955,117.26069066186955,5550
2007-02-20,117.04917907714844,117.1700264600805,116.44489605952847,116.62617289679653,3300
2007-02-21,118.55990600585938,118.55990600585938,116.4751297291593,116.98877443709351,3750
2007-02-22,119.88923645019531,119.91944539992264,118.31810597248443,118.86195927345105,5750
2007-02-23,120.3425064086914,120.85613946907998,120.07057963385638,120.55400373070313,46425
2007-02-26,121.12808990478516,121.79280248994513,120.52380678425261,121.6115140960628,4150
2007-02-27,116.95854187011719,120.31230203369554,116.233411390595,118.89223851649794,30775
2007-02-28,116.80746459960938,117.89517175727748,116.23340205561354,116.29383151167735,28300
2007-03-01,116.98875427246094,117.95560252878373,114.36012477020176,114.36012477020176,19475
2007-03-02,114.29969024658203,116.89808735465849,114.26946975973003,116.89808735465849,51775
2007-03-05,112.3055648803711,113.84648715158636,112.3055648803711,112.42642378904286,16425
2007-03-06,114.39039611816406,114.39039611816406,113.33289744371213,113.7559038289402,46225
2007-03-07,116.4146728515625,117.77430672802913,114.5414059138416,114.5414059138416,16775
2007-03-08,116.26360321044922,117.20024242790662,115.9614674761672,117.13981297590232,28700
2007-03-09,116.50531768798828,117.07938017700947,115.90103471095911,116.77724445136445,10425
2007-03-12,115.9010238647461,115.9010238647461,114.84352587247271,115.3269499037086,1400
2007-03-13,114.81336212158203,117.20027425818262,114.4810058081639,117.20027425818262,3000
2007-03-14,116.4146728515625,116.4146728515625,114.26947913854828,115.35718623972159,2125
2007-03-15,116.05207824707031,116.65636109743035,115.90101041591447,116.50529326627452,1575
2007-03-16,115.0333480834961,116.39379737230011,114.82172391997679,115.81939057598373,4500
2007-03-19,117.33096313476562,117.42165588259408,115.78911722579099,116.42398952588714,55325
2007-03-20,118.20763397216797,118.20763397216797,117.17974100142548,117.30067229978187,3150
2007-03-21,120.14247131347656,120.14247131347656,118.87271605076545,118.87271605076545,1975
2007-03-22,122.01691436767578,122.44016246678208,120.41461469744601,120.41461469744601,139550
2007-03-23,122.53085327148438,122.83318157513767,121.83551547205015,122.71225025367634,17850
2007-03-26,123.40763854980469,123.40763854980469,122.04718945830189,123.10532165509308,1875
2007-03-27,123.37738037109375,123.37738037109375,122.6820424624251,122.6820424624251,13925
2007-03-28,123.28663635253906,124.01221262872464,123.07501234128569,124.01221262872464,8125
2007-03-29,123.8913345336914,124.10295863582897,123.10530380184454,124.10295863582897,2375
2007-03-30,123.13548278808594,124.19361441821012,122.68200768887053,124.16337582534261,800
2007-04-02,124.3145523071289,124.3145523071289,123.49828317041975,123.61921449422387,23625
2007-04-03,124.58665466308594,124.82851733523971,123.16575182844693,123.16575182844693,1325
2007-04-04,125.04011535644531,125.25173938416705,123.7703596574703,124.04244934063318,2000
2007-04-05,126.27967071533203,126.49129480716115,125.79595685791575,126.06804662350291,3275
2007-04-09,126.73307800292969,127.76097084026406,126.15867170925296,126.15867170925296,11600
2007-04-10,128.4866180419922,128.78893488314935,127.5191903111114,127.5191903111114,7525
2007-04-11,128.30514526367188,129.30281100921462,128.1237598791306,128.69816615124702,92875
2007-04-12,130.3911895751953,130.7539719329211,129.0005027274005,129.0005027274005,1625
2007-04-13,130.9958953857422,130.9958953857422,129.8772976697144,130.39125015352553,8925
2007-04-16,130.9051513671875,131.17724106245714,129.9981895605037,130.6028346091746,10300
2007-04-17,130.0888671875,131.5400082163509,129.45399514974844,131.5400082163509,17175
2007-04-18,128.87957763671875,129.51444961966075,128.60748799650895,129.27258703607748,23125
2007-04-19,127.24701690673828,128.00282004552085,127.1563242205294,127.6400377680446,4725
2007-04-20,129.03079223632812,129.03079223632812,127.88196752876097,128.6982368052444,25625
2007-04-23,130.42147827148438,130.48194394845586,129.24242640216212,129.24242640216212,16650
2007-04-24,130.36093139648438,130.87488356429182,130.14930742522293,130.69348664636422,9425
2007-04-25,133.23297119140625,133.86784303541612,131.32834412673645,131.50974102472793,31175
2007-04-26,132.93072509765625,133.7167556740964,131.9632975269701,132.1446829885698,1750
2007-04-27,132.93072509765625,133.2330418887533,132.50747697706186,132.53770404311302,875
2007-04-30,130.75401306152344,133.80745430374006,130.69354739410917,133.4749104319318,6000
2007-05-01,131.6005096435547,131.75167957876246,130.42145795787397,130.99587603331105,2575
2007-05-02,134.10980224609375,134.47258477096713,132.7493533620079,132.7493533620079,4475
2007-05-03,134.20045471191406,134.684168444101,132.9307104896653,133.26326584291476,18150
2007-05-04,135.07720947265625,135.74232027771848,133.6562951282585,134.6841884030607,13525
2007-05-07,133.65628051757812,133.98883588375585,133.32372515140042,133.80743890239194,6775
2007-05-08,133.86790466308594,133.95860892015855,131.933049657671,133.02140848137827,15800
2007-05-09,132.2353973388672,133.474914729149,131.8423762543445,133.08189364462632,12075
2007-05-10,130.84471130371094,132.62840820324587,130.5121558852582,132.62840820324587,63275
2007-05-11,133.50521850585938,133.686615618168,131.50989640108017,131.50989640108017,16775
2007-05-14,133.41444396972656,134.35163297744765,133.26328556841477,134.35163297744765,3825
2007-05-15,132.99118041992188,134.5934800468917,132.87024909982912,133.6260525514406,8025
2007-05-16,133.56561279296875,133.7167712060752,131.660984496414,132.80980919478884,57025
2007-05-17,135.8329620361328,136.80038928081112,132.7795104248449,132.96090735796298,38675
2007-05-18,138.03994750976562,138.37250288711377,137.3446096901495,137.3446096901495,72700
2007-05-21,140.12591552734375,140.60962913772013,138.644547641097,139.30965818010537,43125
2007-05-22,139.30970764160156,140.8817687839988,139.30970764160156,140.1259652786498,12725
2007-05-23,138.79576110839844,140.8213205850459,138.79576110839844,140.0050513809623,47850
2007-05-24,136.074951171875,140.12606119483337,135.83309988159235,139.67258570080807,61650
2007-05-25,138.31207275390625,138.31207275390625,137.25395222021461,137.61673475567335,25475
2007-05-29,138.16090393066406,138.6748448561769,137.1330105469904,138.46322076536006,63100
2007-05-30,140.79107666015625,140.79107666015625,137.25392177555938,137.25392177555938,18950
2007-05-31,140.57948303222656,141.0934239936622,140.1259962158373,140.85157281553037,45225
2007-06-01,142.12130737304688,143.08874661493095,141.93992188547008,142.09108030266674,62625
2007-06-04,145.2352294921875,145.2352294921875,142.90735290889936,143.14920407549323,106625
2007-06-05,144.81192016601562,145.17470252907495,143.9956511996496,144.9630785229034,3475
2007-06-06,142.24215698242188,143.632832073736,141.8189090444255,143.632832073736,46275
2007-06-07,138.91668701171875,142.90732860947375,138.91668701171875,142.57477322088644,16000
2007-06-08,139.61204528808594,139.6725109614647,137.94927963443774,137.94927963443774,78850
2007-06-11,140.51898193359375,141.42594380510357,139.91433684170522,140.30735788132964,12025
2007-06-12,140.36785888671875,141.9701589809142,139.27949975381287,140.54925591975265,28500
2007-06-13,142.9678955078125,143.20974680453483,140.82141479403862,140.88186896872836,18975
2007-06-14,145.71897888183594,145.779444571387,144.66084661366943,144.66084661366943,28300
2007-06-15,147.05606079101562,147.5098372209082,146.54176698876842,147.5098372209082,34425
2007-06-18,148.56869506835938,148.56869506835938,147.2073424864254,148.14516571849308,26675
2007-06-19,147.35861206054688,148.3569412068342,146.57205914493787,146.93508267981048,50700
2007-06-20,143.57704162597656,148.11487488753315,143.3955356813106,148.11487488753315,56400
2007-06-21,146.1485137939453,146.17876094341693,143.8795967533828,144.51489075506618,28375
2007-06-22,144.09136962890625,145.33171055345858,142.82077001284978,145.24094601925557,44925
2007-06-25,141.5198974609375,143.39554362193357,141.09636817952142,143.39554362193357,13975
2007-06-26,136.34681701660156,141.00566379842033,136.34681701660156,141.00566379842033,55325
2007-06-27,138.55517578125,138.70643458463982,134.28961289993805,135.22743594544608,91800
2007-06-28,137.88963317871094,139.73500902368627,137.49635106209993,139.73500902368627,102075
2007-06-29,138.7668914794922,140.18874911862991,138.25260942126113,139.64420838620708,8750
2007-07-02,140.27951049804688,140.27951049804688,138.85766431369169,139.19042896769577,90775
2007-07-03,141.55014038085938,141.85265796523103,140.7333290546886,140.7333290546886,9775
2007-07-05,141.61068725585938,142.7905223333476,140.67286400796158,142.73001649087266,32850
2007-07-06,142.1248779296875,142.94168896575664,141.73159597743893,142.03412499466936,91150
2007-07-09,143.90982055664062,144.51486731069681,142.82073870740084,142.82073870740084,45425
2007-07-10,142.97201538085938,144.33336786256405,142.66949773617318,142.7300035731721,24975
2007-07-11,143.12326049804688,143.36527226304577,142.1854375004485,142.729978397079,70350
2007-07-12,144.12159729003906,144.60563242586247,142.79050355160166,144.60563242586247,18800
2007-07-13,145.42239379882812,145.63415837655126,144.99886464338186,145.15012340742638,11550
2007-07-16,142.42747497558594,146.4207675879568,141.61066354937722,145.11992104328823,23700
2007-07-17,142.51820373535156,144.93837891638242,142.39719209122364,144.66610848724736,84150
2007-07-18,145.6947021484375,145.6947021484375,142.5484682592777,142.6392327735947,71375
2007-07-19,146.8140106201172,146.8140106201172,145.90644638595893,146.11821098925233,32975
2007-07-20,144.60572814941406,146.54186997436076,143.66791594438303,146.42086976553827,12075
2007-07-23,142.27621459960938,142.76024975200514,142.0644499417055,142.54848509410127,14925
2007-07-24,136.89129638671875,138.82743663281119,135.95347340613378,138.5551661894353,68225
2007-07-25,137.556884765625,138.16192009494674,134.07787392047922,138.1014257942619,27025
2007-07-26,133.95684814453125,135.65097689319208,131.2644019752779,134.92491841796374,139950
2007-07-27,132.0811767578125,134.74337504070328,130.87108348186993,133.35177585158266,253200
2007-07-30,134.2895965576172,135.31817245192556,132.38370355398285,132.86773859011,89725
2007-07-31,132.8979949951172,137.16355728427595,132.8979949951172,136.679522256439,32750
2007-08-01,133.56362915039062,135.43926458753452,130.29638205957957,133.59387630924076,70625
2007-08-02,133.5938720703125,135.43926029005215,131.29470724034456,134.74346025545248,103625
2007-08-03,129.63082885742188,134.8947230890443,129.5703345398636,134.8947230890443,22475
2007-08-06,128.3299102783203,129.84252126155542,125.6677232568468,127.72487511727103,156425
2007-08-07,131.6879425048828,133.65434190686804,128.5719667678778,128.84423727676332,87500
2007-08-08,134.31985473632812,136.49800662059937,132.2324442743402,132.44420888058454,109925
2007-08-09,132.5652313232422,135.83247672626305,131.38539655225347,131.59716117574854,177775
2007-08-10,133.53326416015625,133.89628747895728,129.1466910385574,129.7819962718382,224150
2007-08-13,132.92823791503906,135.5299304346743,132.7769791374497,135.2879186985923,80675
2007-08-14,130.87109375,133.50304510063194,130.81059946773078,133.35178631434755,18800
2007-08-15,127.42236328125,133.35180791049177,127.42236328125,132.62574946231464,63300
2007-08-16,126.48455047607422,126.66605643108814,121.91645826976706,125.5467273940418,81200
2007-08-17,130.38705444335938,131.4761361334605,127.93663218093712,130.84084232766995,45600
2007-08-20,128.36021423339844,130.0543432866538,127.08961455837941,128.42072007890505,35350
2007-08-21,127.36192321777344,128.57201740951783,126.33334661688474,128.14848790450134,55400
2007-08-22,128.93496704101562,129.63076676276324,127.57361474181074,129.50976664529483,17550
2007-08-23,128.7534942626953,129.35852962682048,127.57364760590761,129.29803532265583,83150
2007-08-24,131.23414611816406,131.23414611816406,129.50977033678927,129.54001748194182,24050
2007-08-27,129.17694091796875,129.81223456768916,129.08617643922125,129.81223456768916,11725
2007-08-28,126.03081512451172,128.26948567353406,125.9400621091163,128.14847395946535,10225
2007-08-29,129.0862579345703,129.4492929981485,126.69634057105065,127.33163462184793,5300
2007-08-30,128.51153564453125,130.0241478977018,128.23926497734791,129.60061831326453,9650
2007-08-31,130.41734313964844,131.1736487606946,129.84254348185627,130.53835480868972,12500
2007-09-04,134.25942993164062,135.1367360267783,131.35520643291977,131.38546513224563,4550
2007-09-05,134.92489624023438,135.10641371428227,133.71481436750003,134.3803553583968,78050
2007-09-06,135.92318725585938,136.61898673584622,135.16688196800808,136.528233794201,85525
2007-09-07,133.71478271484375,134.22906479244733,132.5046895882538,133.47275947340444,23675
2007-09-10,133.0492706298828,134.10810532135093,130.65934232833948,133.77532903375544,34775
2007-09-11,135.46945190429688,135.65096939815166,132.56524124446398,133.77533478954803,27000
2007-09-12,138.25265502929688,138.70643142914318,136.74004394919584,136.74004394919584,120125
2007-09-13,138.46449279785156,139.70483407710284,138.37373977800553,138.5552458176976,95050
2007-09-14,139.61402893066406,140.06780540078407,138.3434294256493,138.37368811450906,74500
2007-09-17,138.82745361328125,140.52158230598002,138.6761948018617,139.46274754542796,84325
2007-09-18,142.36703491210938,142.91157611447522,137.73843469199957,138.4342347749531,27925
2007-09-19,143.2744598388672,144.90808185085177,142.33663723043864,144.60555284476115,25150
2007-09-20,143.33506774902344,143.6073382783141,142.76026799812658,142.7905266904421,27875
2007-09-21,144.54872131347656,145.2751019029797,144.125004113528,144.125004113528,26300
2007-09-24,142.64198303222656,144.3671238120874,142.52091768564026,144.12499311891477,27050
2007-09-25,141.5826416015625,141.70370691653957,140.55360951510525,141.18919664602288,18325
2007-09-26,141.5221405029297,143.09595531231406,140.00885836453236,142.43011902230924,27275
2007-09-27,142.64198303222656,142.793308942746,142.12746108194816,142.33931966576077,16575
2007-09-28,142.3393096923828,143.338081413598,141.97612522349823,142.9446248374745,37525
2007-10-01,144.3368377685547,144.5486963319146,143.0656863883951,143.48940351511496,17525
2007-10-02,145.27513122558594,145.5475225584511,143.42892458565862,144.51848991711933,31625
2007-10-03,144.4881134033203,145.45661257737132,143.30774421111357,143.51960268384843,42875
2007-10-04,146.48570251464844,146.63702840586964,143.27754051180216,143.3986058429493,54600
2007-10-05,148.1805419921875,148.54373791460566,146.63699973089152,146.6975323846279,122650
2007-10-08,146.8791046142578,148.45291882312847,146.51592027234062,147.81734333841783,48575
2007-10-09,150.0872802734375,150.0872802734375,147.3936406802466,148.0292162267566,29425
2007-10-10,146.4252166748047,152.2362158830773,146.4252166748047,149.5425749034866,79000
2007-10-11,152.47828674316406,155.2021872228049,150.96500485044427,153.41651412757858,71025
2007-10-12,153.44677734375,154.1731461447489,152.47827791213552,152.47827791213552,17275
2007-10-15,155.26271057128906,155.80749294362604,154.05209205698105,155.3535153302945,26775
2007-10-16,155.232421875,155.7772041485799,154.50604166175287,154.50604166175287,54400
2007-10-17,154.59686279296875,155.98907917507302,153.14410221246868,155.746948563182,58025
2007-10-18,156.0193328857422,156.0193328857422,154.1428669075819,154.294192760665,42700
2007-10-19,150.2083740234375,154.38502401601417,150.2083740234375,154.38502401601417,39525
2007-10-22,149.27017211914062,149.27017211914062,146.51599866634047,148.39246557324992,142875
2007-10-23,149.3306427001953,150.60179382114276,147.75682830371986,149.66356653056445,11225
2007-10-24,151.14663696289062,151.3887676806981,148.08981169585383,148.9069855503119,57700
2007-10-25,153.26519775390625,153.56786107847813,151.2979380986029,151.35845921809198,53975
2007-10-26,157.4115753173828,157.4115753173828,156.17068464359275,156.4430758424942,10125
2007-10-29,158.68267822265625,158.95506931878379,157.41151592558768,158.7432108601757,32800
2007-10-30,154.9601287841797,157.1392477118439,154.89959609932387,157.04845445727472,63100
2007-10-31,160.135498046875,160.135498046875,155.9285760058973,156.74574965741044,38450
2007-11-01,156.65489196777344,159.95384601888813,156.38250084262006,157.62340272586866,55475
2007-11-02,158.3800811767578,158.7735261381313,156.47334284658024,157.68396137802984,67100
2007-11-05,157.8655548095703,158.3498045172975,155.4443062709344,155.65616479647608,91900
2007-11-06,161.4672088623047,161.4672088623047,159.1972855237788,159.6210142451291,43675
2007-11-07,157.9866485595703,162.2238313784964,157.9866485595703,160.98294055750313,96125
2007-11-08,158.53143310546875,160.7710841067319,156.14044466065525,159.25780203463614,71200
2007-11-09,155.86807250976562,157.4721480080478,154.71797476143993,156.68524631420016,68250
2007-11-12,149.0885467529297,154.50609941788235,148.66482961407104,154.50609941788235,126300
2007-11-13,151.8124542236328,152.0848454534261,147.36340131881724,150.96501997335395,89375
2007-11-14,152.75071716308594,155.35356453409028,152.38752110288004,154.92983579718342,27350
2007-11-15,149.48202514648438,152.81125316491597,148.08980818835028,152.08487257412594,112000
2007-11-16,151.60060119628906,152.02431833689923,150.08731909672358,150.3899708984662,45375
2007-11-19,149.4215087890625,151.63089982362115,148.72540023396283,150.90453069892112,66150
2007-11-20,150.2083740234375,151.47952535715422,148.87667847905766,150.29916724858145,25575
2007-11-21,147.3634490966797,150.08736227775415,147.3634490966797,148.8767316316256,64675
2007-11-23,149.66357421875,150.51100834291415,147.51471680652008,147.78710799577627,2000
2007-11-26,146.27383422851562,151.32819024075292,146.27383422851562,151.29792968269163,41050
2007-11-27,144.2460174560547,145.0329188942942,141.79449683907532,144.57894129180266,62100
2007-11-28,145.48687744140625,145.60794272810932,143.24722736450533,145.335551605738,34200
2007-11-29,146.48570251464844,147.5449952986222,145.97118062998587,147.15153874510676,60775
2007-11-30,146.84886169433594,147.5147093556471,145.7895575472115,147.12125286983382,27975
2007-12-03,146.96990966796875,147.8173436493656,146.39485528451627,147.8173436493656,94775
2007-12-04,145.81985473632812,146.4251698466282,145.63825673961045,145.88038740190066,178625
2007-12-05,148.90699768066406,149.3912476102992,148.12008432911384,148.45300832050594,20600
2007-12-06,154.354736328125,154.354736328125,149.5122394144316,149.87542379660277,35350
2007-12-07,152.90199279785156,153.38624250677856,151.9940260367914,153.38624250677856,3650
2007-12-10,153.68890380859375,154.02182766896416,152.96253497271695,153.23492617252688,79900
2007-12-11,150.9347381591797,155.2324648922271,150.48076050234036,155.11139956556661,53450
2007-12-12,154.74819946289062,156.0193506278478,153.68889528000244,154.35474296379365,19275
2007-12-13,154.2337188720703,155.23249066470296,152.38751274296894,154.41531689221088,69425
2007-12-14,152.1453857421875,153.77973320281805,152.0848530719316,153.4165371812826,17675
2007-12-17,149.69390869140625,152.84153920029567,149.69390869140625,152.84153920029567,37200
2007-12-18,151.99407958984375,152.75072074822342,150.1478733161289,152.72044863644865,29750
2007-12-19,153.44677734375,153.77970118813445,152.26641938305886,153.23491881467334,42750
2007-12-20,155.56544494628906,155.56544494628906,153.32578177597324,153.74949902687453,65900
2007-12-21,158.23956298828125,158.23956298828125,156.18017636391926,156.18017636391926,14800
2007-12-24,158.60304260253906,158.90590049059134,158.51219101254696,158.72418575775998,19450
2007-12-26,159.63267517089844,160.14752760695583,158.60298185162637,158.60298185162637,21925
2007-12-27,158.08816528320312,159.72356284525787,157.84587902830117,159.45099658491543,15225
2007-12-28,159.208740234375,159.54187812101662,158.33046972465556,159.23903179834969,25975
2007-12-31,157.482421875,159.32981367237292,157.42185032639938,157.42185032639938,19050
2008-01-02,160.20806884765625,160.81376117145763,158.54238029868085,159.9355026808094,48100
2008-01-03,160.57151794433594,162.02520060076804,160.4503748347559,161.72235437966074,107875
2008-01-04,156.11956787109375,158.99665246434998,155.96814479836237,158.78465785195803,86800
2008-01-07,155.1201171875,157.20978265574385,153.3635777525536,157.20978265574385,80225
2008-01-08,152.66708374023438,157.48241179373332,152.66708374023438,154.51447541934618,104775
2008-01-09,154.8476104736328,154.9687420081532,151.48596489282724,153.18193345736034,135300
2008-01-10,154.69615173339844,154.99899782915446,152.00077064868265,152.7881889821891,44450
2008-01-11,153.27281188964844,155.15048386183807,152.93967411737358,153.93908743419814,32075
2008-01-14,157.36131286621094,157.75502224098142,155.39278909804673,155.42306910248564,61900
2008-01-15,152.15223693847656,155.05960165347435,151.8493792268057,154.60532086238825,105875
2008-01-16,147.3369598388672,151.33459058755645,145.67127073287634,151.27401902435275,160925
2008-01-17,140.82565307617188,149.638612838825,140.37137215478867,147.06438509190346,63650
2008-01-18,142.0370330810547,143.88441329906766,135.10174682919975,141.0679114230395,325575
2008-01-22,138.1302490234375,139.52335990347422,134.37489409372884,134.37489409372884,73575
2008-01-23,136.70687866210938,136.70687866210938,128.1362051869807,135.01092121131444,104725
2008-01-24,141.2799072265625,141.37075877248628,137.85768984505452,139.0388061534298,52400
2008-01-25,139.67481994628906,143.67245056150284,138.70569807307626,142.94561493301526,38750
2008-01-28,142.1884307861328,142.2792823150872,137.37310335328127,138.55421944104572,111800
2008-01-29,144.36903381347656,145.0656011239404,143.09706544378687,143.58162647312287,63725
2008-01-30,144.61131286621094,148.27580618919532,143.46047614682442,143.70276242578817,173950
2008-01-31,145.48959350585938,147.0946997816501,141.49196204524546,141.49196204524546,103150
2008-02-01,148.6695098876953,148.8815045971974,145.97413867873013,146.12556182082517,28225
2008-02-04,149.9111785888672,150.6985857567898,147.48837397274715,149.03290830526004,95850
2008-02-05,144.3084259033203,148.39690750948552,144.00556813996286,146.03467471950938,83550
2008-02-06,142.12791442871094,145.398697822145,141.82506817939358,145.30784625791858,78750
2008-02-07,144.45986938476562,145.0352818870436,140.91650814716493,140.91650814716493,150075
2008-02-08,149.09349060058594,149.45690843096176,145.1564313717885,145.1564313717885,87225
2008-02-11,153.66651916503906,153.69679916536774,148.69975575363253,150.36544459277263,70825
2008-02-12,152.75791931152344,155.96814152920507,151.57680319499934,153.54533775776594,188200
2008-02-13,155.69561767578125,155.87733234031475,153.30309324721614,154.66592434911036,206300
2008-02-14,155.3321533203125,157.39153935610895,155.3321533203125,157.27039628274696,138275
2008-02-15,153.48472595214844,154.66584175880288,150.88020824884035,154.60527023630308,131200
2008-02-19,161.57093811035156,161.57093811035156,158.0881599597485,158.0881599597485,238475
2008-02-20,162.47946166992188,162.9943024935849,159.29951897189434,159.39038206941947,99700
2008-02-21,158.33042907714844,163.08518674999956,158.0578628355843,163.08518674999956,186875
2008-02-22,160.26864624023438,160.3595093409432,156.18016484643235,159.9658000454497,190300
2008-02-25,166.32562255859375,166.50733716346863,160.81373995861838,161.08630608951117,105550
2008-02-26,167.9913787841797,168.56679126958684,163.5394673645676,166.87082226381946,154125
2008-02-27,165.44732666015625,168.5061133883601,164.781051479566,165.96216726127676,93175
2008-02-28,168.96046447753906,169.566168389487,166.81022656532315,166.81022656532315,243975
2008-02-29,164.9931182861328,167.32507088664056,163.69085889165655,167.17364779369152,613125
2008-03-03,166.7799072265625,168.20330944954463,163.69082818789192,165.65936268551235,185175
2008-03-04,163.5092010498047,167.08283093314412,160.48069214136694,166.56798996407514,98625
2008-03-05,166.35598754882812,166.35598754882812,163.56975347481665,165.02344784994514,46150
2008-03-06,161.69198608398438,167.0221648472817,161.60113457134048,167.0221648472817,96800
2008-03-07,159.81439208984375,162.1766249809335,157.57329075643955,160.4806676449072,48125
2008-03-10,157.482421875,161.23777701834646,156.84643794395603,161.23777701834646,93300
2008-03-11,164.11489868164062,164.41775651358876,159.32986046531028,162.14637476178032,33325
2008-03-12,161.41944885253906,164.78109405542205,161.0560311841526,163.6302579605523,49675
2008-03-13,165.6896514892578,166.3862068654878,156.90698619724353,160.42005462461722,89250
2008-03-14,162.8428497314453,168.3850124513548,160.35947450460336,168.3850124513548,73725
2008-03-17,155.69561767578125,165.50799005657692,152.7882523603021,160.75323275329032,117125
2008-03-18,161.6314697265625,161.6314697265625,157.9064062498255,159.14809407540452,82150
2008-03-19,151.7584991455078,161.51029612312874,151.7584991455078,160.6925977846787,102525
2008-03-20,152.1221160888672,152.57665730174867,143.4250980797875,151.48575145497878,265850
2008-03-24,156.42523193359375,157.6070557662563,152.81915260319238,153.3949096714797,23725
2008-03-25,159.18283081054688,159.81920729531973,156.45554760631865,156.45554760631865,25625
2008-03-26,163.18289184570312,164.0616883057698,159.66771756520149,159.66771756520149,28075
2008-03-27,161.21319580078125,164.60715453223276,161.15258794989177,164.60715453223276,19500
2008-03-28,161.72830200195312,164.45559676479044,160.60708595934776,161.00103110503815,33825
2008-03-31,162.87985229492188,163.87986437862867,160.3646787945181,160.81923184343287,77375
2008-04-01,165.06167602539062,165.06167602539062,161.33438060769151,162.36469075598126,19750
2008-04-02,168.1829376220703,169.39507152613564,164.54654746964,166.06170906983883,36100
2008-04-03,167.7283477783203,169.72836019010268,167.0919828199721,168.36472429643163,21250
2008-04-04,170.24349975585938,171.3041078872213,165.30407140174165,169.8495546385985,35975
2008-04-07,170.607177734375,173.3647711235325,169.8192988630862,171.9405272146915,57725
2008-04-08,173.81927490234375,173.81927490234375,171.3344117423394,171.9707765994661,41125
2008-04-09,173.30413818359375,176.00113489654234,172.45565158971854,174.7283934459667,64250
2008-04-10,173.94052124023438,174.06172535837965,171.33444196401643,173.304144711096,32950
2008-04-11,170.84959411621094,173.57687756331717,170.51625677539758,172.57687710064062,28025
2008-04-14,174.6374969482422,175.63749740818372,170.45564846906728,170.45564846906728,42200
2008-04-15,176.69810485839844,177.27386195794386,173.69808056973764,177.03143061512725,39150
2008-04-16,183.092041015625,183.092041015625,177.33443642430174,177.45565207290068,41250
2008-04-17,181.45571899414062,185.09210839542007,180.21328720101116,183.45573143087984,49425
2008-04-18,184.42543029785156,186.03149753329186,180.69813498782634,186.03149753329186,34125
2008-04-21,185.9405975341797,186.39513899064065,183.60724773310397,184.57695004527008,86175
2008-04-22,185.51629638671875,188.60722587812623,184.87992005042912,185.97083770148586,79125
2008-04-23,182.0011444091797,185.94056071730682,181.7587130992587,185.94056071730682,45900
2008-04-24,177.87997436523438,181.36483911355342,176.9708797160975,181.12241926834088,155225
2008-04-25,184.06175231933594,184.18295640664314,179.2435401661234,179.3344461215439,69000
2008-04-28,183.36485290527344,186.09214842642666,182.9709192098135,184.84971636896034,54150
2008-04-29,177.1526641845703,183.60725484214726,177.1526641845703,183.60725484214726,65575
2008-04-30,178.45571899414062,180.7587709395263,176.81934180553998,177.33450272480974,137225
2008-05-01,175.33447265625,178.0314580002231,170.6071650993249,178.0314580002231,69825
2008-05-02,178.3950958251953,179.24359404998182,176.09205563737783,176.09205563737783,30250
2008-05-05,183.03147888183594,183.15268299327587,178.0617404003935,178.0617404003935,33525
2008-05-06,189.8497314453125,190.2739747953511,181.51634359600894,181.51634359600894,89200
2008-05-07,188.45578002929688,192.03156203375576,188.21336020446412,191.33458914268527,87725
2008-05-08,191.48605346679688,191.48605346679688,188.06179774298258,189.42543346957962,42125
2008-05-09,189.45571899414062,191.72846032819734,187.57692272805323,191.21329961473586,35425
2008-05-12,189.6981658935547,190.18301698520244,187.48603206542666,189.24362449750097,177125
2008-05-13,193.06185913085938,193.51641216609409,188.39515933353672,190.57699540704112,31050
2008-05-14,190.97088623046875,194.45574945598645,190.849670580948,194.03150624242434,109650
2008-05-15,192.0618438720703,193.36488347582255,188.18302319961023,193.18305996375375,156225
2008-05-16,196.69821166992188,196.69821166992188,193.3951486752842,193.3951486752842,49625
2008-05-19,200.0921630859375,201.88006513388342,196.66790746125827,196.66790746125827,158625
2008-05-20,204.06185913085938,204.5770314082409,198.66789002026707,198.66789002026707,126225
2008-05-21,200.21334838867188,206.24368193539374,200.18303869902465,204.75883081594867,766450
2008-05-22,198.33462524414062,203.78921573084475,197.75887961242617,200.45586515320514,574000
2008-05-23,195.6376190185547,201.0618992291754,193.09215914024412,199.42552225617865,80300
2008-05-27,193.57699584960938,199.15278946177588,192.6072936179076,195.94065515417464,522700
2008-05-28,197.1225128173828,197.1225128173828,191.12246333552415,192.4861109450375,846725
2008-05-29,190.8800506591797,196.51644172315667,190.18306619730637,196.51644172315667,283450
2008-05-30,196.27398681640625,197.63764587331693,190.9406240672747,190.9406240672747,345350
2008-06-02,202.8497314453125,204.42548847476306,196.758778671659,197.88000596536713,208250
2008-06-03,201.75880432128906,205.91032984198722,200.00121236094805,203.88002005306785,264650
2008-06-04,196.54669189453125,201.48610856029896,195.45577409652373,201.48610856029896,492675
2008-06-05,207.1225128173828,207.12251281738284,196.36488313508687,196.36488313508687,593725
2008-06-06,205.81951904296875,212.24381170248756,205.42558540196896,210.4256226462549,199900
2008-06-09,211.3346405029297,212.15284035384238,205.66795340888893,205.66795340888893,174600
2008-06-10,205.06190490722656,212.1225614291986,201.2740020245623,211.06195324595748,348950
2008-06-11,208.36488342285156,209.12246369099213,204.57698208214862,206.63760133627162,291275
2008-06-12,203.7285614013672,208.06192285354882,202.09218472157247,208.06192285354882,185125
2008-06-13,204.3043212890625,205.75888614694114,202.06188928937686,204.6376585873363,339375
2008-06-16,207.42555236816406,208.6679956096198,206.30434791268146,207.36495609470194,103150
2008-06-17,214.78919982910156,215.0013214293017,208.30431305781732,209.06189350417782,87250
2008-06-18,215.0619354248047,215.2134376385695,210.66795507426738,215.2134376385695,134850
2008-06-19,209.5467987060547,217.15291440795554,208.30435542395838,216.3953338075139,165875
2008-06-20,208.67947387695312,212.34902744908246,206.76888675223714,210.52941735826758,120900
2008-06-23,216.47340393066406,216.47340393066403,208.58841455598912,210.43835730751064,44050
2008-06-24,209.7711944580078,217.04965622050486,209.58924043366284,217.04965622050486,72400
2008-06-25,207.25405883789062,209.25564568527238,202.5534024188204,209.25564568527238,127800
2008-06-26,205.4041290283203,209.43758963757267,201.67390969108783,208.2548422437751,127300
2008-06-27,207.89093017578125,208.86139015027234,205.1918376486782,205.4041250450484,85325
2008-06-30,213.137451171875,213.471048925502,210.04411752812024,210.65064627784827,69425
2008-07-01,215.5030975341797,215.5030975341797,210.7114615048786,211.65158867065708,144925
2008-07-02,209.31625366210938,221.50768042164296,207.73926504232702,217.8987719168793,760425
2008-07-03,202.97804260253906,212.258071169398,198.27736153217856,212.258071169398,327650
2008-07-07,195.9118194580078,203.15994856000967,192.30292160014668,200.82478684355655,304000
2008-07-08,191.27175903320312,192.69712704757805,182.7802292733235,192.69712704757805,359000
2008-07-09,187.35963439941406,196.45770682259774,185.72199015552698,192.66684331293789,384800
2008-07-10,195.66917419433594,195.66917419433594,185.26705677802133,186.3284937892384,201225
2008-07-11,195.7601776123047,199.18710948794143,190.78655556134925,198.15598270439563,119950
2008-07-14,196.97325134277344,199.85432138495898,193.39468696673762,199.85432138495898,317525
2008-07-15,188.3604278564453,196.48804014396123,188.20879562986875,196.4273733707738,141775
2008-07-16,183.9932861328125,189.2701715186701,179.89915949651132,186.44976905586935,411875
2008-07-17,175.1075439453125,185.63097147560464,170.77079586770097,185.11541967487938,621750
2008-07-18,176.6239013671875,180.02051151786526,173.5002222578713,174.59199269850248,395300
2008-07-21,184.3876190185547,184.3876190185547,174.62236141346187,176.7149141355249,232075
2008-07-22,174.4403839111328,182.47700794491715,172.62076240946251,182.38603091891287,293050
2008-07-23,164.8874053955078,173.2273055931466,163.21942766973964,172.89370773423337,456475
2008-07-24,163.4619598388672,167.25282150888924,156.54742028596863,165.2815688129611,892600
2008-07-25,162.33985900878906,167.92000793759485,162.21856022572192,164.12914620793853,551875
2008-07-28,164.43247985839844,168.31431993137767,162.24893903294964,163.31037606265616,582350
2008-07-29,160.8538818359375,165.28160649959963,157.54824924319374,165.28160649959963,840800
2008-07-30,172.74209594726562,172.74209594726562,159.09498491747283,160.7326410175598,717325
2008-07-31,164.00790405273438,172.31746935470446,163.9472488558621,172.31746935470446,790200
2008-08-01,165.67593383789062,168.10208463558783,163.06781739206633,163.76533502335428,438600
2008-08-04,153.4541015625,165.52421732873546,151.48286010410206,165.52421732873546,820825
2008-08-05,155.2738037109375,155.33445892786426,149.05678858594328,151.63457167693122,521000
2008-08-06,160.6112823486328,160.6112823486328,153.2418436804158,153.2418436804158,519000
2008-08-07,157.57858276367188,163.9169058549645,156.2442032171664,162.1276181430074,697400
2008-08-08,155.72865295410156,156.36552675304955,151.7255024091527,154.0303536736967,230775
2008-08-11,155.5770263671875,156.8507624423379,150.26981778645344,156.8507624423379,355250
2008-08-12,156.7900848388672,157.8211999642599,154.51556720068862,156.18354448826057,403325
2008-08-13,163.0373992919922,167.88970993512132,154.94012304254585,156.7900656798843,1028850
2008-08-14,160.7325897216797,162.8857971093648,156.69910597375522,162.43090049482615,1359825
2008-08-15,157.12367248535156,160.76289121689604,154.21228130380408,160.76289121689604,602450
2008-08-18,154.06068420410156,159.0646284527713,151.63453397427259,158.94331804908063,171900
2008-08-19,159.30728149414062,159.30728149414062,150.7854257456655,153.7271286468288,976725
2008-08-20,165.2512969970703,165.82750398044666,159.09492791592353,160.67192823593774,1034875
2008-08-21,167.7987518310547,169.43639572248898,165.4939008347037,166.70698152423526,510350
2008-08-22,163.76531982421875,166.5857234800286,159.30726019365505,166.5857234800286,771400
2008-08-25,161.43016052246094,164.73579458436154,159.4892398932348,162.94650621014378,177350
2008-08-26,166.5553436279297,168.314309532826,162.37023939610552,162.37023939610552,151000
2008-08-27,171.49868774414062,173.25765422083492,168.76927256248263,168.76927256248263,440750
2008-08-28,168.16268920898438,172.6510697252362,163.12842348154552,172.6510697252362,626575
2008-08-29,166.8889923095703,169.52744197165276,165.76689980970465,169.07253366610786,222050
2008-09-02,155.42539978027344,163.1890922072355,155.0918019492497,163.1890922072355,541725
2008-09-03,154.7278594970703,157.91218197778903,151.11896222809517,154.0303421208211,724325
2008-09-04,152.48370361328125,157.51797033715206,149.08709284711256,155.27378541923287,485850
2008-09-05,154.60658264160156,154.60658264160156,146.93387826994996,152.15009881688565,744025
2008-09-08,151.8468017578125,160.1260448537882,148.72313446394492,160.1260448537882,461350
2008-09-09,137.44155883789062,148.8748055992267,136.13750074781794,148.8748055992267,634125
2008-09-10,144.02244567871094,144.59865258389266,136.47104288228846,137.59313488450283,402400
2008-09-11,146.63058471679688,147.84366557467175,138.62428344745285,141.8692614381522,751275
2008-09-12,151.69517517089844,152.69595698695736,148.38954217269918,148.6624847714054,370025
2008-09-15,138.7456512451172,151.60426969668583,135.98590214211936,151.60426969668583,279850
2008-09-16,141.62664794921875,141.62664794921875,128.73771338924652,134.83341617322193,404475
2008-09-17,138.4423065185547,144.5380084775947,134.37850135626314,140.17093893539266,505150
2008-09-18,145.44786071777344,146.81257401094152,137.07763846767298,142.77910090979842,308450
2008-09-19,157.96812438964844,161.61214338464254,145.8517638376969,145.8517638376969,425550
2008-09-22,154.3544464111328,160.70109634454496,152.86646814838053,160.70109634454496,187375
2008-09-23,150.98373413085938,157.69479418732055,148.70622411843016,152.77537580399763,396725
2008-09-24,150.46743774414062,155.265395984512,148.9490982884298,155.265395984512,146150
2008-09-25,153.80783081054688,153.80783081054688,148.7365697085677,148.79730469240135,148575
2008-09-26,147.52191162109375,149.73868650570037,142.96689187858345,148.91878156196682,197275
2008-09-29,129.66616821289062,144.63699344564685,123.95720965591042,144.63699344564685,272400
2008-09-30,136.13430786132812,137.22750243208418,129.4232393187965,133.55312408835147,127800
2008-10-01,131.73114013671875,136.46835203031404,128.33005126786782,136.46835203031404,281400
2008-10-02,118.03575897216797,129.2714782994693,117.27658890389107,129.2714782994693,174825
2008-10-03,114.54354858398438,126.32585610041883,114.0273070717214,120.46506403868183,353250
2008-10-06,107.40736389160156,108.7435104498281,96.35385100453334,108.25764213338601,378750
2008-10-07,96.50566101074219,112.47859329636694,96.50566101074219,112.47859329636694,301575
2008-10-08,97.14334869384766,106.70888522144224,89.30871805890291,95.89831091871338,486300
2008-10-09,87.7600326538086,102.21462715321333,86.66683201893355,97.17373986127042,253050
2008-10-10,80.35053253173828,86.54536116361245,72.33370093002458,80.92750322792409,273675
2008-10-13,97.96328735351562,98.78319230719407,85.05740371853743,86.57574365112394,220275
2008-10-14,98.05439758300781,107.49847400556894,94.22818018150723,105.06912079774791,394925
2008-10-15,80.44164276123047,93.95486944120445,79.98614197480582,93.0438620763484,289075
2008-10-16,88.24592590332031,88.36739589274092,77.13167671968156,84.08567722979852,287850
2008-10-17,92.19359588623047,99.66382503362516,84.45005931538708,87.82077557516637,423175
2008-10-20,102.85233306884766,103.00416472947693,94.16743349830726,94.16743349830726,230600
2008-10-21,99.75491333007812,104.12773906554186,97.72034369905963,101.63766289240837,285725
2008-10-22,88.0636978149414,96.62713233091475,84.93591611777134,96.56639735613336,263450
2008-10-23,90.09828186035156,93.22606386045645,82.35475137792561,88.2762729844847,341425
2008-10-24,86.94013977050781,88.27628049881382,78.71074032627492,78.71074032627492,181300
2008-10-27,80.01651763916016,87.79041666979819,79.9254151557672,83.26576425074683,309250
2008-10-28,88.09403991699219,88.21550403954768,77.70859969430634,84.45002356825864,200750
2008-10-29,93.4690170288086,98.54027310701117,90.12866770802712,90.46270437770758,321825
2008-10-30,101.85022735595703,101.85022735595703,94.07632411254525,98.60098140444009,145425
2008-10-31,103.27747344970703,107.16443141621441,96.83971560769884,100.45337193268627,205275
2008-11-03,98.57060241699219,104.06699584807589,96.65749710120464,104.06699584807589,88325
2008-11-04,106.31411743164062,107.68062517940157,102.03240087799638,102.15387080757736,376525
2008-11-05,101.78948211669922,107.52880360971649,100.75701078678,104.0669913811671,261325
2008-11-06,95.50357055664062,101.06068789953282,93.07422353320564,100.21042136453599,318150
2008-11-07,98.3884048461914,99.84600938518543,95.01768928176284,96.5663904844405,197050
2008-11-10,100.02820587158203,104.12772962698182,97.56850320235367,104.12772962698182,249425
2008-11-11,96.38421630859375,98.44915371055643,94.44074308697847,97.26485044013552,211475
2008-11-12,87.426025390625,93.74231994983596,87.18308541526324,92.70984822257964,207825
2008-11-13,97.35595703125,97.38631873180758,82.68878826697278,87.91188114793486,476250
2008-11-14,92.92241668701172,98.47954130557181,91.92031243750114,95.80725944553832,397100
2008-11-17,91.07000732421875,95.44282693690182,90.91817568300299,92.43651526318403,152600
2008-11-18,92.55801391601562,94.01561906618721,88.21556017145578,92.37581472024617,198975
2008-11-19,84.9359359741211,92.8616724837889,84.90556847963107,90.79672919452622,347450
2008-11-20,69.87397003173828,82.99241967149017,69.53993355739134,82.99241967149017,481100
2008-11-21,80.35053253173828,80.62383413561544,71.48343442196779,72.63737002233323,699250
2008-11-24,87.00086212158203,90.0375414681783,81.62593828802514,82.02070984660612,327550
2008-11-25,88.48882293701172,89.88569826881367,85.3003123495594,88.33699130599226,592375
2008-11-26,96.41459655761719,96.748633233779,86.5150183892587,87.36529093221247,521700
2008-11-28,94.38001251220703,95.86798499105626,90.97892842340353,95.68578581601545,150550
2008-12-01,83.2961196899414,90.70561929866122,83.17464972966422,89.33911120557538,339675
2008-12-02,86.21131134033203,87.51708418228087,81.99032956082742,84.69297190402041,652475
2008-12-03,86.51499938964844,86.81866850201496,82.41548085271674,84.78409297876777,590825
2008-12-04,76.94947814941406,86.69721899088528,74.97563714144096,85.63438553490525,692000
2008-12-05,76.79763793945312,76.88873463014768,69.50960149950902,75.18819549709747,492700
2008-12-08,82.96209716796875,84.81447383245657,80.59349046072988,81.89925800322972,619275
2008-12-09,84.78410339355469,87.82078330622927,81.65632099837724,82.3243942860503,398250
2008-12-10,91.46480560302734,92.58837397737102,87.54748556056751,87.9422514183621,525225
2008-12-11,89.97679138183594,96.32345061382158,88.45845196350454,92.04173391748748,814725
2008-12-12,88.82286834716797,90.12864135557379,84.17674699465547,85.05738676014072,833675
2008-12-15,87.21344757080078,93.16534338646116,85.20923923287623,91.10040005841587,794400
2008-12-16,91.2825927734375,91.58626191053219,87.91188214850689,91.2825927734375,608850
2008-12-17,91.22183990478516,93.77264493515081,90.06789864170958,90.28046524490625,1033225
2008-12-18,86.30242919921875,91.49514821829888,84.93592114577328,91.49514821829888,590450
2008-12-19,87.95620727539062,90.27084507329216,86.2811432760148,86.43341970905858,478975
2008-12-22,82.80916595458984,88.47393014167999,81.25592238118664,87.89527521335144,462525
2008-12-23,83.20508575439453,84.72787284597268,81.4995658383391,84.21012500247724,317900
2008-12-24,82.62641143798828,82.93096996798714,80.98180467034771,82.16957654747539,172000
2008-12-26,84.33197021484375,84.48424663554547,82.10869613337624,82.87008985483102,123800
2008-12-29,86.4029312133789,86.92067899144672,84.42330359731487,85.36743565724329,417750
2008-12-30,88.93077087402344,89.11350370343686,84.63651162449075,87.10342515297356,593925
2008-12-31,90.27082061767578,91.4281421075789,87.98663988699393,89.02213561628747,491850
2009-01-02,95.99652099609375,96.94064757632627,90.36220634243399,90.36220634243399,482400
2009-01-05,100.50396728515625,102.33130749770807,95.93560513583097,95.93560513583097,722125
2009-01-06,101.93536376953125,105.43776683938589,101.69171227704956,102.20946588960184,2155400
2009-01-07,96.91016387939453,100.29075288275945,94.77826556194327,100.29075288275945,682700
2009-01-08,98.0674819946289,98.31112186552502,95.05235871893517,95.57010651477466,637075
2009-01-09,94.29096984863281,98.34158891384781,93.1336542649796,97.97611166273916,408025
2009-01-12,89.72261810302734,93.71232470801432,88.86986099763394,93.71232470801432,1064100
2009-01-13,92.15906524658203,92.8595458367775,89.2657677702497,89.44850638340851,907175
2009-01-14,87.34709930419922,90.33176166204231,85.76339877633292,89.72264428702486,467675
2009-01-15,87.59070587158203,88.07799722981012,82.10866937805919,86.9206817062612,669900
2009-01-16,88.56529998779297,90.81902426193065,85.67200209305066,89.60079570955513,384800
2009-01-20,83.14414978027344,88.99165081993678,82.77868423284018,87.52977701226348,654250
2009-01-21,89.60079956054688,89.90535816397349,84.30150077322357,84.78879221511728,514375
2009-01-22,86.43336486816406,88.8393704846954,84.63648202424774,87.65159879545429,423275
2009-01-23,90.57536315917969,91.42812590541097,83.44872007766175,84.30148282389304,767150
2009-01-26,93.25547790527344,95.11327408460102,90.72765173201698,91.18448666762306,528275
2009-01-27,91.45856475830078,93.4077297361579,89.6921325448753,93.19454054282602,316650
2009-01-28,95.20463562011719,95.81374688152314,91.5499448157979,92.82908601641256,556025
2009-01-29,92.58545684814453,94.50417189545374,92.21999118797169,93.13366114737573,464400
2009-01-30,91.09308624267578,95.08278517071751,90.30123658057363,93.92547000854938,622250
2009-02-02,89.05259704589844,89.96627287474601,87.83436841640733,89.20487925519252,694950
2009-02-03,91.18450927734375,91.79362073952741,88.56531314393288,89.20488685954444,791800
2009-02-04,92.52450561523438,94.41276343998058,91.79356878890442,91.79356878890442,943725
2009-02-05,94.56505584716797,95.23508574196437,91.0017345822879,91.76312796530526,954450
2009-02-06,97.12335205078125,97.85429491552384,92.98137540141087,94.29096732906059,646825
2009-02-09,99.04205322265625,100.99121843544134,97.39744071764092,97.39744071764092,540475
2009-02-10,94.65643310546875,100.96077572661646,93.34683544709948,99.13342448292023,1065225
2009-02-11,92.67683410644531,96.3924329510007,90.57538604903797,95.08283497042761,686825
2009-02-12,93.71231079101562,93.86458716322964,89.78351765100476,89.99670689569287,528925
2009-02-13,94.38233947753906,96.05740869690192,93.19456745231507,93.74277171287123,574550
2009-02-17,87.43843078613281,91.1844913937956,87.25569796421345,89.87489358393488,531250
2009-02-18,83.93603515625,88.10847495430188,82.90053931757939,88.10847495430188,432325
2009-02-19,84.24053955078125,86.189704199862,83.41823353608697,84.88011283186641,652975
2009-02-20,80.46405792236328,82.80915108113791,78.54534903452912,82.13912114493324,723950
2009-02-23,76.32209777832031,82.65689270805446,76.0784520429064,82.01732483095766,698725
2009-02-24,79.42855834960938,79.97676252079138,75.43885860563117,77.32711096306855,661700
2009-02-25,80.70771026611328,82.62641931271877,77.66213629380712,79.82449102583824,963575
2009-02-26,80.70771026611328,83.87510998561794,80.49452101748726,81.68229300781583,509500
2009-02-27,79.21537780761719,82.20003883439182,76.839828075241,77.87532366558669,925150
2009-03-02,71.29689025878906,77.47940786341994,70.87051173742545,76.62664501172101,659825
2009-03-03,73.21561431884766,75.56070228666243,71.17507915614507,72.97196278040207,813200
2009-03-04,77.29666137695312,78.78899766800927,75.22567604867275,75.31703954598197,1125475
2009-03-05,73.79426574707031,77.02257876856025,72.85013931688505,75.10386365837651,938625
2009-03-06,72.51514434814453,76.26120628286496,70.1091429454602,75.04297154791348,1951050
2009-03-09,72.51514434814453,75.22571024354045,71.5710176566335,71.5710176566335,970375
2009-03-10,76.1697998046875,77.50985387451598,74.37291083643163,74.92111503813287,744850
2009-03-11,76.26118469238281,78.51490901962791,74.40338247562491,77.14439823530287,604925
2009-03-12,79.33721923828125,79.70269076111697,75.28660508763488,77.20532041682003,760050
2009-03-13,78.11898803710938,80.98182981360102,77.08349219899479,80.98182981360102,755700
2009-03-16,79.27629089355469,81.40818914315572,77.20529970727792,78.42352810833154,462575
2009-03-17,83.17462158203125,83.235534454184,78.2712515531586,79.85494556633179,785700
2009-03-18,84.24053955078125,85.15420902779564,79.39807854287346,81.59089458205818,811025
2009-03-19,88.26072692871094,90.42308733754817,86.37247443431663,86.37247443431663,806675
2009-03-20,84.1988296508789,89.05117293656976,83.77158120234527,89.0206543586997,529100
2009-03-23,91.40103912353516,91.55362617215964,85.23642689761228,85.23642689761228,840225
2009-03-24,88.6544189453125,90.79067238866895,87.6473293667753,90.79067238866895,506300
2009-03-25,89.2037353515625,90.79066603727858,86.24350396617906,88.3187201212198,745650
2009-03-26,90.54649353027344,92.49963476536506,88.92904480695067,90.27183231648618,1086975
2009-03-27,86.36557006835938,88.74596603203248,85.84676604374428,88.37974902961285,1003075
2009-03-30,82.55081939697266,84.96173343543929,80.62819653532634,84.93121487308672,585525
2009-03-31,81.17752838134766,84.41242069325509,81.17752838134766,84.41242069325509,262300
2009-04-01,84.1683120727539,84.59556052636236,79.52959295623151,80.41461426250459,926250
2009-04-02,88.86807250976562,90.36344798828652,87.06751705544326,87.06751705544326,785025
2009-04-03,91.52308654785156,92.46913883754034,88.44078114382403,88.9901037058438,685925
2009-04-06,90.02772521972656,90.66859775780448,88.37975728611652,90.66859775780448,506225
2009-04-07,86.64022064208984,88.37973809144565,86.02986680802557,88.37973809144565,604225
2009-04-08,88.71543884277344,89.7530467911772,84.80915557426158,87.12850835452988,417925
2009-04-09,92.40814208984375,92.77435338762379,91.21794081999955,92.56072916044816,306425
2009-04-13,92.19449615478516,93.41521579255918,89.11219594979136,91.52310501066755,185875
2009-04-14,91.8282699584961,94.57487705433665,90.88221763210225,91.46205296266723,389750
2009-04-15,92.07242584228516,92.62174850413388,89.93617233972293,91.49258460802012,316900
2009-04-16,93.41519927978516,94.39177016072024,90.48548081615827,92.28603556069045,592425
2009-04-17,95.70404052734375,96.31439442429387,93.0184647541339,93.11002045804617,255550
2009-04-20,89.14269256591797,93.96452145649694,88.68492569502625,93.44571745060057,435925
2009-04-21,91.15689086914062,91.88931913595545,87.52526228629746,88.99011881992712,200475
2009-04-22,89.87516021728516,92.37762548184278,89.5089430908706,90.24137152287597,773600
2009-04-23,92.19449615478516,92.68278750238834,90.27187262068954,91.15689377599344,437000
2009-04-24,95.27681732177734,96.16183861772683,93.84247908652051,94.14765904446251,442550
2009-04-27,93.20158386230469,94.45281614837458,92.13345717836592,92.31656278049702,300325
2009-04-28,94.08661651611328,95.49044191415494,91.889331421884,92.49968548209164,317950
2009-04-29,96.16181182861328,97.47408120761058,94.51384400731752,95.67352636026385,496925
2009-04-30,94.17813873291016,97.59613655214459,93.04897510104271,97.59613655214459,608550
2009-05-01,98.63377380371094,99.67138204814887,93.9950552780852,94.4223094980921,362125
2009-05-04,105.34770965576172,105.37822240952642,98.99998584128765,100.12915563856069,334175
2009-05-05,102.78421783447266,105.31719574844112,100.31226543411086,105.31719574844112,321075
2009-05-06,108.03328704833984,108.9793337655232,104.31010240442977,105.04252491827198,402250
2009-05-07,105.77494812011719,112.36680827029937,103.76076895316275,105.83598526355759,573100
2009-05-08,111.02403259277344,112.4583648025283,107.42292240874602,108.52156777223173,450225
2009-05-11,106.93463134765625,109.77279450943604,105.83598604094861,109.10139756830475,353725
2009-05-12,106.01908111572266,108.58258255532206,103.11988125735002,107.23978888022906,841925
2009-05-13,101.25831604003906,105.46978629337134,100.40381921592524,105.46978629337134,408475
2009-05-14,102.41802215576172,103.4861434313927,98.63379944474995,100.03761930462174,568150
2009-05-15,99.4272232055664,103.02832105230628,98.32857805431148,101.8991631542468,781050
2009-05-18,104.40167236328125,104.40167236328125,100.67849864581432,100.67849864581432,529425
2009-05-19,105.5307846069336,106.87356649946874,103.54711869052224,104.12695394469023,362425
2009-05-20,105.98855590820312,109.77277672469384,105.74441901384662,106.84305250091526,580750
2009-05-21,102.14330291748047,104.31006864533965,100.28171119801418,103.66919624272929,933200
2009-05-22,101.9296646118164,103.91331867386363,101.56344188269091,102.60104966526535,525325
2009-05-26,104.15751647949219,104.34061628911381,98.66430099956777,101.44142731474126,655475
2009-05-27,104.40167236328125,106.84310061448454,104.06597379593177,104.46270952476736,414825
2009-05-28,108.49101257324219,109.07085948468917,104.09644400872669,105.16456467458883,403725
2009-05-29,110.2611312866211,111.42080263478084,108.82678684242586,109.55922126800328,477925
2009-06-01,116.73088073730469,118.65351026793303,112.61097195617599,112.9161460726869,1268200
2009-06-02,114.5641098022461,115.51015651175676,113.28235295094865,115.23549516088202,392100
2009-06-03,107.57550048828125,112.48887982005452,105.68339565424711,112.48887982005452,455300
2009-06-04,110.56626892089844,111.11559164790285,108.03329113895276,108.52157671388484,413125
2009-06-05,109.40654754638672,112.27523446902832,108.46050112861536,111.72591193667748,405575
2009-06-08,109.07085418701172,109.7117265554012,106.75148993716184,108.55204443047626,300900
2009-06-09,109.43710327148438,110.68833569978443,107.91120949835525,109.95590156635838,360250
2009-06-10,110.32209014892578,111.72590918968811,108.55204833450566,111.17658667084338,871075
2009-06-11,112.24473571777344,114.68617492653473,110.50521784860022,110.93246621763997,668600
2009-06-12,110.93246459960938,111.35972460406215,109.04035971789754,110.77987756169863,295650
2009-06-15,108.30793762207031,110.71884076863834,106.56840813111873,109.86434404031777,353000
2009-06-16,105.31719970703125,110.0779932209393,104.82891408829562,109.25400905651402,676750
2009-06-17,102.93679809570312,105.13408897296424,100.70899446365615,105.13408897296424,1029175
2009-06-18,101.8075942993164,103.76073569682946,101.07516045442851,102.6010536264407,331775
2009-06-19,100.10401153564453,103.3460033225003,99.46173377614141,103.0095687816641,449425
2009-06-22,93.68124389648438,98.72773494864973,93.37540055008907,98.48306260496864,772000
2009-06-23,93.77298736572266,95.11872007043362,91.93789837449624,94.01766550898037,620550
2009-06-24,94.17060852050781,96.06686298499564,93.55891014471867,94.62937938555564,330100
2009-06-25,96.64794158935547,96.95379066880253,93.83414055889723,93.83414055889723,671775
2009-06-26,95.3634033203125,96.40328694323937,95.08813966520908,96.37270144449595,524200
2009-06-29,96.5256118774414,97.59608087460222,96.00567012645396,96.18918309756957,693250
2009-06-30,97.0149917602539,98.63598839836527,94.7517170675778,97.1679192734275,772125
2009-07-01,96.98439025878906,99.40059206605501,96.953810594787,98.14661583283176,865750
2009-07-02,93.22250366210938,95.66929207203154,92.94723989307326,95.11876453395931,420700
2009-07-06,90.50043487548828,91.47914766333133,88.11481807992959,91.47914766333133,572025
2009-07-07,88.05364227294922,90.37808194659418,87.77837860540933,90.13340377917957,630150
2009-07-08,87.19721984863281,89.15464415709113,85.3315461586431,88.02301041635789,702450
2009-07-09,89.7970199584961,91.20391866798445,87.96192986619731,87.96192986619731,593650
2009-07-10,89.00177001953125,89.42995535688607,86.83024616525817,88.08422251058674,646800
2009-07-13,90.77570343017578,90.77570343017578,86.67733903674629,89.00178494895918,351925
2009-07-14,92.82488250732422,92.88605351617663,90.9897930768713,91.14271476541384,475800
2009-07-15,96.03627014160156,96.52562647139007,94.53761565242583,94.62937215185651,338125
2009-07-16,98.23838806152344,98.63599378389597,95.11874245909489,95.42459166855335,432650
2009-07-17,99.18649291992188,99.981692470809,97.1984823755305,98.17718906634643,1193950
2009-07-20,101.35801696777344,101.81679359677891,99.4923424550069,100.04286974294372,357225
2009-07-21,102.33674621582031,103.31545896102067,100.40991206149371,102.79552291952258,566800
2009-07-22,101.69446563720703,102.58142768649587,100.10405454898508,101.4803729587133,504875
2009-07-23,105.76222229003906,106.0374742330488,101.48034650212553,101.96970273498654,660875
2009-07-24,107.47500610351562,107.50559744304577,104.96705295221092,105.36465869585997,327100
2009-07-27,107.6585464477539,108.17848267987755,106.03754338962263,107.07742752105041,153150
2009-07-28,105.73169708251953,106.80216086533109,103.4990071446696,106.67983048099562,547500
2009-07-29,102.97903442382812,104.35535300350159,101.54155650032685,104.049509615653,482700
2009-07-30,105.76222229003906,106.832685403431,103.83537701876068,104.93643145949119,505950
2009-07-31,106.80207824707031,107.5055386655235,104.29412646696187,104.90582458417224,292125
2009-08-03,110.86984252929688,111.51212019624252,108.36189116269735,108.3924708132889,596125
2009-08-04,111.14517211914062,111.72627916315,109.18774663702888,110.6863954173811,351500
2009-08-05,109.95233917236328,111.14514429774859,109.18771930561134,110.83930101791711,613625
2009-08-06,107.59729766845703,110.25817126803663,107.07735014487706,110.13582930164463,721000
2009-08-07,108.60662841796875,109.64651216844963,107.53616499858089,109.21832680069448,447325
2009-08-10,109.58534240722656,109.95235673508228,107.78083876677121,108.17843276062527,403200
2009-08-11,107.10796356201172,109.00421776351838,106.98562157038562,109.00421776351838,390100
2009-08-12,107.6891098022461,108.45373002805104,106.7715678647159,106.7715678647159,627450
2009-08-13,109.34069061279297,109.92179777530605,106.8327372439997,108.63724141590495,889275
2009-08-14,107.53617095947266,109.37125454219508,106.1598524388424,109.18775318422897,995025
2009-08-17,103.3460464477539,104.90586618132565,102.7037684202347,104.90586618132565,251825
2009-08-18,105.15052795410156,105.36462058466343,103.46836657089833,103.7742098525086,624675
2009-08-19,106.95504760742188,108.02551092327629,103.37661999824051,103.83539665770675,603075
2009-08-20,107.99491882324219,108.54544608434621,106.58800934087981,107.07736560995296,229525
2009-08-21,111.20634460449219,111.54277930130507,108.88189306315381,109.03482641056065,179425
2009-08-24,112.15447998046875,113.31670589578334,111.45103083011928,112.093320634506,596825
2009-08-25,110.01351165771484,112.88847819561322,109.34064243232811,112.64380590185566,528450
2009-08-26,109.76880645751953,110.19699163912539,107.96430342991552,109.31004162030092,407275
2009-08-27,109.98294067382812,110.5334680205868,107.16914460566211,108.82072664593812,647875
2009-08-28,110.59469604492188,112.0933571876269,109.52423213383369,111.14522367553339,570400
2009-08-31,107.6891098022461,108.36197933445165,106.8633185583153,108.14788660460056,383625
2009-09-01,105.51756286621094,109.21832096661387,105.33404986104301,107.62790992335195,444550
2009-09-02,104.44709777832031,106.22101013026585,104.44709777832031,105.21171778645684,553000
2009-09-03,104.84468841552734,105.91516339284982,104.35533209272064,105.18112307505226,356650
2009-09-04,106.89386749267578,107.10796013758932,104.50824540093707,104.60000772531009,516900
2009-09-08,110.38056945800781,111.11460996307949,108.63723638403783,108.6678160576259,363950
2009-09-09,110.90045928955078,112.00151375399066,109.34063990970971,110.44169437414959,331075
2009-09-10,114.41771697998047,114.50946763096509,110.38052499623053,111.45098814829555,635700
2009-09-11,115.0600357055664,117.13980342525682,113.95898083429766,114.75419231562618,658025
2009-09-14,116.34457397460938,116.4057449704508,113.04141020221928,113.13317252956867,440250
2009-09-15,118.33262634277344,118.76082348556668,116.46696272290919,116.52812207612905,495950
2009-09-16,121.14642333984375,121.14642333984375,118.63847007963207,119.28074823152525,435925
2009-09-17,120.81000518798828,123.0732863681071,119.77012113234119,120.90175588881078,569450
2009-09-18,119.5077133178711,121.86722598353906,118.15942537579433,121.86722598353906,294325
2009-09-21,118.55773162841797,118.95609379673229,116.25950723251607,117.5771568213164,237400
2009-09-22,120.9784927368164,121.46877998611917,119.99791823821087,120.54949285484774,393775
2009-09-23,118.64958953857422,121.62194982906253,117.97544042412497,120.85587554059418,530975
2009-09-24,116.04500579833984,118.92545448701406,114.75800576334603,118.71095448118177,362100
2009-09-25,115.86112976074219,117.66906633188792,114.60476785125928,115.4934055267196,723675
2009-09-28,117.9142074584961,118.1899947971081,115.09505838768116,115.983696088212,332475
2009-09-29,118.28190612792969,118.89476810727352,116.7497570242551,117.69969367670654,507100
2009-09-30,118.46577453613281,119.99792372138512,116.19818859863635,118.61898711678393,586500
2009-10-01,113.77739715576172,118.7109192025007,113.68546025960295,118.7109192025007,726950
2009-10-02,113.10323333740234,114.23702027049782,110.80500994662117,112.33715887380862,578225
2009-10-05,116.84168243408203,117.2706822706424,112.73552277228177,112.73552277228177,520550
2009-10-06,119.81403350830078,120.4575448990912,118.15932166026676,118.46574674969621,591400
2009-10-07,119.96726989746094,120.91719478455927,118.37383355437161,119.69148261328453,503475
2009-10-08,124.07345581054688,124.47180621333345,120.94786982692409,121.49944451164409,542950
2009-10-09,123.88959503173828,124.53309494111184,122.57194568052293,123.85894549927004,401100
2009-10-12,125.63622283935547,127.38287183148474,124.80886094476219,125.02336087787492,426825
2009-10-13,126.24911499023438,126.49425281982353,123.00095400022774,125.6362528822028,448600
2009-10-14,127.62799072265625,128.6392027809317,126.37162926275835,128.6392027809317,490425
2009-10-15,131.27452087402344,131.30515870932084,126.34099944596575,126.61678672111707,498625
2009-10-16,130.9987335205078,131.42773335062685,129.4359467551643,131.12130824036146,599375
2009-10-19,132.56149291992188,132.80664230902062,130.32455734654394,131.2744936952522,378650
2009-10-20,132.8986358642578,133.51149796296824,130.3859117799801,132.56156112549846,410600
2009-10-21,131.8874053955078,135.35005415682744,131.55033070260382,132.40833051045354,494775
2009-10-22,131.09060668945312,131.42768119059068,128.5778843765274,131.05996886633335,352975
2009-10-23,128.14895629882812,132.53090388258104,127.26030697023587,132.101903983087,459225
2009-10-26,125.91207885742188,132.07131629291345,125.32986610541056,128.5473785475144,497500
2009-10-27,126.18782043457031,128.02639496473836,125.11532057353423,126.58618253554303,613375
2009-10-28,119.56893920898438,125.91203671717028,119.17057709652364,125.60561151642948,818300
2009-10-29,124.13471221923828,124.28793647737756,120.48820164929616,120.73335111082322,614825
2009-10-30,117.8222885131836,123.67509862024696,116.68850125604222,123.5525238655906,1122700
2009-11-02,117.97545623779297,120.88654126205358,115.73852041834594,118.8641053369804,967150
2009-11-03,121.0091552734375,121.3768678276005,115.37084545566235,116.32077052803105,717150
2009-11-04,120.85590362548828,123.3379891050927,120.39626595921474,123.00091446953755,641925
2009-11-05,122.63322448730469,122.75579922986971,119.81406385516335,121.68328776648202,379550
2009-11-06,121.2236328125,123.18478165774111,120.24305838987945,121.31555801169281,627700
2009-11-09,124.31861114501953,124.47182375917862,122.57196162698484,122.57196162698484,522000
2009-11-10,124.01215362548828,124.99272812802498,122.35742976894382,124.16536619975274,450775
2009-11-11,123.42997741699219,125.88142631481946,122.4187646826069,125.0847019162132,363600
2009-11-12,120.27368927001953,123.39927444485636,119.7834020870668,122.60255046670287,511400
2009-11-13,120.6720962524414,121.49945837391786,119.07865939138001,120.39630887861591,513625
2009-11-16,123.21539306640625,124.25725462814731,122.20418102406836,122.44931873246037,406075
2009-11-17,121.83653259277344,123.1541822006226,121.1623947090039,123.1541822006226,447250
2009-11-18,120.61080932617188,122.32680926812587,120.08987242281233,122.14295881112959,854025
2009-11-19,117.54647827148438,119.75277666820503,116.87232894151535,119.75277666820503,547025
2009-11-20,116.62720489501953,117.42391736017183,115.64663031204545,116.96426791030287,868150
2009-11-23,117.9142074584961,120.45758088007037,117.36263278127207,119.3850693679697,654675
2009-11-24,118.64958953857422,118.772152540811,116.01429211594456,118.49636532938777,723600
2009-11-25,121.59131622314453,121.86710344414458,117.94480669158068,118.86409353179204,843250
2009-11-27,118.19002532958984,118.92546231900059,115.983726050732,116.22887561032704,373050
2009-11-30,117.69967651367188,119.26246322821069,116.5965274495888,117.54646396351995,561300
2009-12-01,119.8447036743164,120.30434138763394,118.83347966415202,119.32376690531267,432500
2009-12-02,118.74154663085938,120.58012074165406,118.31254678429855,120.12048305863995,395700
2009-12-03,116.99492645263672,119.5382883201956,116.81106432065324,118.55771366169435,637400
2009-12-04,116.99492645263672,120.45758729074103,115.52406446488483,118.4351505964107,941300
2009-12-07,117.08682250976562,119.10925870034427,116.22882281963199,116.84168475088562,498450
2009-12-08,115.03376007080078,116.81104699216587,114.69668539018751,116.10625979150642,700775
2009-12-09,114.54344940185547,116.3513854824856,113.22580047753007,115.37081116987616,443925
2009-12-10,117.08682250976562,117.51582235483245,115.18696104331154,115.5240356899695,613500
2009-12-11,116.81105041503906,117.94484922657433,116.2288379337914,117.66906190611584,488725
2009-12-14,121.71392059326172,122.20420780686587,120.6107714403101,121.10105865391425,863775
2009-12-15,122.41871643066406,122.66385421019972,121.03977989149453,121.65264187438878,431075
2009-12-16,123.58319854736328,124.34927338579908,122.81712370892748,123.55254900777621,554975
2009-12-17,123.00093078613281,124.10408003451666,121.89778153774898,122.54129305888638,394950
2009-12-18,124.58206176757812,125.07326704046315,123.5689443046704,123.72244375658619,629950
2009-12-21,126.48548889160156,126.48548889160158,125.22677456672099,125.50307828248786,208700
2009-12-22,126.88455200195312,127.13014871177299,125.87143483190411,126.60824838387194,428000
2009-12-23,128.75726318359375,128.8800673938175,126.73104055991787,127.77485292431174,258050
2009-12-24,129.58615112304688,129.9545636885776,128.7879473202343,128.9414467002461,173050
2009-12-28,129.21774291992188,130.8448573357636,128.69583100406143,130.23084813938422,191800
2009-12-29,128.38890075683594,129.95462562847842,128.08190185048832,129.92391871108913,337750
2009-12-30,127.77485656738281,128.14326920855817,126.94594569161988,128.14326920855817,195075
2009-12-31,126.51611328125,128.72654177008334,126.45471118864333,128.26603193115918,241125
2010-01-04,132.4412841796875,132.47199108246093,128.63444802342383,128.63444802342383,736850
2010-01-05,133.54647827148438,134.16048741038495,131.9807660929757,132.68687250377374,1503350
2010-01-06,135.05079650878906,135.51129456736248,132.7175641848506,133.42367057699647,920850
2010-01-07,134.25259399414062,134.65170171879592,132.4412733499371,134.65170171879592,593350
2010-01-08,135.29641723632812,135.32712413912057,132.59478364194177,133.76140001176233,557000
2010-01-11,133.79209899902344,136.98492573667178,132.502678516823,136.61652490372222,722175
2010-01-12,130.62994384765625,132.07286356962192,130.07733679291408,132.01146148451164,642175
2010-01-13,131.95010375976562,132.13431007702485,128.20465728760772,130.84488927871877,918100
2010-01-14,133.17803955078125,133.6385374903942,131.67371817438632,132.41053127351273,992350
2010-01-15,132.01144409179688,133.20875531557382,131.2746308788002,133.20875531557382,587575
2010-01-19,132.99383544921875,133.17804165472216,131.18251541780003,132.01142577569473,578200
2010-01-20,131.73519897460938,131.88869837955397,130.2615836068844,131.73519897460938,345975
2010-01-21,129.86241149902344,133.02455388954002,129.52470594856794,131.67373168771806,753200
2010-01-22,127.13018798828125,130.4151255118661,126.66967791212133,129.67832344351947,1327000
2010-01-25,128.2660369873047,129.73965213419845,127.68273465142555,127.98973341530885,823800
2010-01-26,126.39335632324219,128.35818888706532,125.7179564747073,127.59068000957781,743600
2010-01-27,125.41087341308594,127.43709521010491,123.38465161606696,126.36258808715898,1346100
2010-01-28,124.1522216796875,126.5775523454242,122.1567057877405,125.84075044143779,1154000
2010-01-29,121.14356994628906,126.57753292740915,120.95937535417696,124.76621193370245,1421550
2010-02-01,126.33191680908203,126.39330718951099,122.64787328701404,122.92417684395042,756700
2010-02-02,128.81869506835938,129.34060722683637,125.44166048529851,126.88458101085966,622250
2010-02-03,126.70026397705078,128.94138667340565,126.54676466849843,128.54227910217224,807300
2010-02-04,121.05146789550781,125.68721509121234,121.05146789550781,125.62581299250232,1155375
2010-02-05,121.20497131347656,121.72688331422492,117.15252635400266,121.29706860897494,1716875
2010-02-08,120.4067611694336,122.7706892248301,119.79275190509316,120.99006352936807,935400
2010-02-09,122.89349365234375,124.48991321027904,121.45058520885232,122.40228853538318,1228550
2010-02-10,122.58647918701172,123.32328091270811,120.09974701246878,122.70928337837856,1387500
2010-02-11,124.79694366455078,125.01184520559876,121.97250500737572,122.27951557405542,953050
2010-02-12,125.2574234008789,125.34953241287211,122.15669325969922,123.04700620435868,794825
2010-02-16,129.0949249267578,129.21772909514536,126.94589882497615,126.94589882497615,821975
2010-02-17,128.51161193847656,129.923824622993,127.46780001704069,129.49402178085748,939725
2010-02-18,129.1256866455078,129.37128337530228,127.83626575250797,128.17397150332354,883325
2010-02-19,129.83175659179688,130.10806015412962,128.32743459437373,128.8800417190392,887500
2010-02-22,127.06873321533203,130.56857086802617,126.7003323337992,130.47647357545617,766475
2010-02-23,123.93724822998047,126.82308719455224,123.81445579140694,126.76168511964131,883525
2010-02-24,125.16531372070312,125.77932299116242,123.8451978881541,124.24430567064056,842750
2010-02-25,125.41087341308594,125.77928589345251,122.34083967752693,123.04695774260487,1129300
2010-02-26,125.96355438232422,126.79246538297303,125.07325297681801,125.8100549476684,749700
2010-03-01,127.80554962158203,128.05114631115376,126.82313944078884,126.82313944078884,814250
2010-03-02,128.91078186035156,129.98528948467532,128.26606557450253,128.45027190063865,700800
2010-03-03,129.92388916015625,130.72210487311955,129.24847766630344,129.24847766630344,600525
2010-03-04,128.849365234375,130.50717513779804,128.112551724101,130.04667694122352,848125
2010-03-05,131.3668212890625,131.7045270664068,130.16950932302797,130.16950932302797,752700
2010-03-08,130.75271606445312,132.16492854312125,130.35360846439565,131.98073404405426,563125
2010-03-09,131.48956298828125,132.31846186961084,130.2001426071845,130.35364196627327,1294250
2010-03-10,133.60792541503906,133.9763263381205,131.36680125680795,131.36680125680795,1198600
2010-03-11,133.8228302001953,134.55964377562074,133.20882083921651,133.54652657331758,820175
2010-03-12,134.12985229492188,134.897361201485,133.27024606717325,134.49826500217688,1049575
2010-03-15,132.6255340576172,133.97634544236973,130.6914084409498,133.91494332789154,1062900
2010-03-16,133.60792541503906,133.76142482371847,132.10360310297077,133.08601337202404,1013925
2010-03-17,134.12985229492188,134.98947023392702,133.73075609561374,133.97635285586057,771150
2010-03-18,130.32293701171875,134.3446737901823,129.92382933899924,134.25257652388146,1596575
2010-03-19,128.62420654296875,130.92819883740762,126.50453785082087,128.62420654296875,1656825
2010-03-22,127.94831085205078,128.37838731710698,125.89007270237566,126.56591384386671,1290550
2010-03-23,129.9143829345703,129.9143829345703,128.1019094397633,128.13262416533075,1179725
2010-03-24,129.69932556152344,130.59019309598514,128.37836990164533,129.0849256724889,1001650
2010-03-25,125.8593521118164,131.2046046694198,125.6750286130802,130.8666841144222,1909925
2010-03-26,124.93778991699219,126.68883446901584,123.89332488260817,126.47378445279219,1834450
2010-03-29,128.2554931640625,128.59341370367898,125.73646405618081,125.9515022688997,1006425
2010-03-30,128.40919494628906,128.8085569750815,127.30327653961047,128.8085569750815,871425
2010-03-31,129.42286682128906,130.34446094234784,128.07118450627812,128.685584493219,1567375
2010-04-01,133.10931396484375,133.2629110999153,130.55955699155714,131.2046719900838,1065325
2010-04-05,136.08912658691406,136.36560609863668,133.32434318839728,133.96945814284692,1057975
2010-04-06,135.72042846679688,136.9492283333577,135.53610497120152,135.65898730159842,733500
2010-04-07,134.4916534423828,135.93549179447965,133.66221513705312,135.93549179447965,1876450
2010-04-08,134.4916534423828,134.9831711360553,132.03406497402045,134.00013574871033,1205050
2010-04-09,136.85704040527344,137.53288140340146,135.8432906267837,136.05832881369676,1527150
2010-04-12,136.45770263671875,137.87082603641403,136.08906735443944,137.3178672536429,1185250
2010-04-13,136.05833435058594,136.97992829181783,134.49161410365923,136.70344893757797,1853450
2010-04-14,137.28713989257812,137.47146339183703,135.47466649866382,136.97994577918422,1036800
2010-04-15,137.28713989257812,138.1165780611868,136.7956222799253,137.65578689109591,1014975
2010-04-16,134.27662658691406,136.64205935068676,133.1092792894994,136.64205935068676,1930750
2010-04-19,133.38577270507812,133.96945818484744,131.57331022830647,133.10930491197826,1533675
2010-04-20,136.1812286376953,136.4884227388732,134.15370538258756,134.15370538258756,1143750
2010-04-21,135.6897735595703,136.48849740952784,134.36882882687476,136.427056211938,1146275
2010-04-22,136.8262939453125,136.9798909405183,133.2935044620817,134.1229422986324,753050
2010-04-23,140.7892303466797,140.7892303466797,136.1812478661527,136.64203908298214,1721125
2010-04-26,140.23622131347656,141.15781513595317,139.89830084420487,141.0656475506146,858125
2010-04-27,135.59759521484375,140.45134355395925,135.2904009963691,139.6219051016278,2224500
2010-04-28,136.6113739013672,137.41008599810004,134.952496794257,136.42705031656283,1893775
2010-04-29,137.41000366210938,139.0995944949303,135.68968639087745,138.02440352459953,1530675
2010-04-30,137.2564239501953,139.13033849389313,135.59754762770504,137.3178651160695,1603200
2010-05-03,140.17481994628906,141.09641403032626,136.85706718130965,137.53290831166572,841900
2010-05-04,136.4884796142578,138.51599199553561,134.86032910589023,138.0551889330462,1955800
2010-05-05,133.5086212158203,136.33485681037706,131.48110921658227,133.38573885981646,1917275
2010-05-06,128.83920288085938,136.94926295687958,121.43571052390377,132.955668240248,3085950
2010-05-07,124.47697448730469,129.54574844284681,122.17298312968389,128.83919249942116,3437100
2010-05-10,130.95883178710938,131.32746700975974,128.8698793275866,130.00651143333496,2410725
2010-05-11,130.06793212890625,132.7712840133767,128.83913262177407,129.3920912281135,2451950
2010-05-12,134.06155395507812,134.307318619158,130.55948952286911,130.55948952286911,1452325
2010-05-13,133.41641235351562,135.4746382654656,132.3412214620047,133.60073581436112,2109325
2010-05-14,130.55955505371094,132.40274408463225,128.3784452994217,132.3413146064836,1742000
2010-05-17,127.88688659667969,131.63470465834226,125.24497456912171,130.89743396893923,1596500
2010-05-18,127.24176025390625,131.4503930094355,126.41233365696901,129.3614398556753,1442625
2010-05-19,125.52145385742188,127.33392756820716,122.23442705088512,125.79793329529441,1834450
2010-05-20,118.88597106933594,122.35732175780716,118.51733568785902,121.03636561224839,1638025
2010-05-21,121.2821044921875,122.08082806412575,115.26100984872643,115.26100984872643,1748525
2010-05-24,118.48664093017578,121.68151300744154,118.27160259023584,121.3435922679043,866500
2010-05-25,118.97811126708984,118.97811126708984,113.72501382986582,115.41460513369329,1736525
2010-05-26,119.930419921875,122.35729336746904,119.28530522429828,120.57553461945172,1657850
2010-05-27,126.32013702392578,126.38157818712799,122.57231981822066,122.91022863777731,1569400
2010-05-28,125.8593521118164,128.1019019456045,124.90703161306902,126.44302561309136,2098000
2010-06-01,121.12850189208984,126.65807859268725,120.82130774377549,123.43249316056423,1467550
2010-06-02,128.00975036621094,128.0404768125333,121.58930589210826,121.742902967603,1623275
2010-06-03,131.3275146484375,131.78831763293223,126.75024640855341,128.99280843314068,1993425
2010-06-04,125.55217742919922,132.46415214411195,124.53842723140639,128.56272500989414,1870775
2010-06-07,124.23123931884766,128.2555493989635,123.98548627600339,125.95155749359289,1307475
2010-06-08,125.61357879638672,126.22797869782552,122.69518805358,124.53838775789639,1458150
2010-06-09,124.75348663330078,129.54578241387262,123.9547628573994,127.76403472380873,1074925
2010-06-10,131.02032470703125,131.02032470703125,127.14961232451705,127.14961232451705,1151075
2010-06-11,132.095458984375,132.095458984375,128.7469922297439,129.69931254813145,908450
2010-06-14,131.9112091064453,135.6283248623021,131.84976791756162,133.44720367241155,941850
2010-06-15,135.62828063964844,135.96618949026802,133.13996603538234,133.35500426700605,1219475
2010-06-16,135.8740692138672,137.10286947557697,134.21519237617133,134.8910336919825,1145775
2010-06-17,134.79891967773438,136.36562936567208,133.23219827108522,136.24274695756012,1245675
2010-06-18,135.3063507080078,135.36785724805077,133.18401134078755,134.69117970688004,1493150
2010-06-21,133.8298797607422,138.1668164953143,132.90712951084717,137.45937424594788,1594175
2010-06-22,128.9086151123047,133.98376215140385,128.57027041190966,133.98376215140385,1351500
2010-06-23,128.53953552246094,129.67759462287611,127.52450127608526,128.97015184513614,1157600
2010-06-24,126.07889556884766,129.30853057094308,125.34068758356572,128.38577938940406,984300
2010-06-25,127.77055358886719,128.78557593609722,125.00228949021646,126.47869309835922,1277125
2010-06-28,125.86344909667969,128.8470195934726,125.74042433398158,128.8470195934726,1057450
2010-06-29,120.69612884521484,123.61817138249947,119.80413123133793,122.84921034986368,1431025
2010-06-30,119.92711639404297,122.54157809069319,119.61952507281937,120.84986689089546,1016500
2010-07-01,118.48149108886719,120.75760867090422,115.59020247021607,119.49651332588057,1767425
2010-07-02,117.49724578857422,120.17322684338704,116.54372990310576,118.85061295497535,1295275
2010-07-06,117.52799224853516,121.37279711193983,116.42068657052849,119.7733568807539,1607075
2010-07-07,122.3262710571289,122.3877893218889,117.58947027129312,118.41994924543908,1017350
2010-07-08,124.35638427734375,124.75624731620042,121.58811975205101,123.9565212384871,1005625
2010-07-09,124.47941589355469,125.0023037644466,123.37211012764924,124.04879959201683,553850
2010-07-12,123.7412338256836,125.27915621238125,122.60317454488398,124.07957862810375,681550
2010-07-13,125.5866928100586,126.10958056083427,124.81773195298034,125.24834815559831,564525
2010-07-14,125.09456634521484,126.23263704140584,123.61816267456496,125.03305979234113,797350
2010-07-15,125.09456634521484,125.55594762566129,122.60314028436152,125.03305979234113,1006475
2010-07-16,120.81912994384766,124.20256486241804,120.29624217647724,124.20256486241804,1012125
2010-07-19,120.69612884521484,121.64963301629814,119.21971333714966,121.61887973769494,625925
2010-07-20,123.86421203613281,124.3255814945768,118.45072121646561,119.06589222780204,1125700
2010-07-21,122.4186019897461,125.24838487477803,121.61888762663281,124.87927510711192,1261900
2010-07-22,124.8484878540039,125.8942751109922,123.83345386924539,124.01800870285923,1489050
2010-07-23,125.5866928100586,125.64819935322272,123.12600868067895,125.52517453348295,1980775
2010-07-26,127.73979187011719,127.73979187011719,125.40215569704111,125.49442725823486,1163750
2010-07-27,125.52523040771484,128.87790170626536,124.51019599251833,128.6933467943887,1546525
2010-07-28,124.17178344726562,126.14032116637469,124.01799363797466,125.3406071180155,1217400
2010-07-29,125.30989074707031,126.90931931474108,123.52589558044815,125.15608915908209,1622300
2010-07-30,124.81776428222656,125.49444203300298,122.60315268553946,124.07955650552601,1169400
2010-08-02,128.47793579101562,128.87779858007548,126.90924962884633,127.06305113238213,834825
2010-08-03,128.9086151123047,130.04667404993177,127.21690334374269,128.0781358659023,1416325
2010-08-04,131.4923553466797,131.584626929072,129.27774350193727,129.27774350193727,1440700
2010-08-05,131.7998809814453,132.16899062625686,129.70830659449072,130.01589796516703,1122275
2010-08-06,130.10812377929688,131.21542885771416,128.50868441418382,129.76977925717972,971225
2010-08-09,131.43077087402344,131.8306337520921,130.26194724073576,131.1539445328082,475150
2010-08-10,130.10812377929688,130.87708433559698,128.78551068378815,129.4314464684695,748425
2010-08-11,125.1253433227539,127.89360780337813,124.6332087188001,127.89360780337813,979075
2010-08-12,123.6489486694336,125.15610587230677,122.63391437355075,122.78770424866215,989825
2010-08-13,123.7412338256836,125.00232971343901,123.40288902326344,124.07957862810375,583650
2010-08-16,122.94147491455078,123.52588098625344,122.14174899178671,123.15678303219978,770075
2010-08-17,125.0022964477539,125.70973914935976,123.67968260849537,124.51016188431447,708625
2010-08-18,123.98725891113281,124.97152791787967,123.09526145707719,124.94076291137453,667600
2010-08-19,122.17243194580078,123.77187098370302,121.64953277311903,123.77187098370302,648525
2010-08-20,120.29625701904297,121.58810582728871,119.31198790797573,121.4650809884653,610975
2010-08-23,120.57308959960938,121.95722177445076,120.38853473182589,121.61887705022131,569225
2010-08-24,117.89708709716797,119.3734905705377,117.12812622144968,118.81983780134757,771425
2010-08-25,116.9743423461914,117.89710492330526,115.15959393576831,117.37420534737984,818900
2010-08-26,117.03582000732422,119.06587585214405,116.48216734660885,118.17387859505713,914200
2010-08-27,120.32701873779297,120.41930204015199,115.92856070573787,117.74330920660965,781600
2010-08-30,119.40424346923828,121.15747332171705,119.09666381327813,119.55803329721836,878250
2010-08-31,118.48149108886719,120.17320263949722,117.62025867765442,118.91210729447356,1160700
2010-09-01,122.48008728027344,122.75691366472054,120.38851276076464,120.91141225734773,1247875
2010-09-02,123.80271911621094,123.92575569035809,121.55735443838617,122.84920326669075,942275
2010-09-03,125.955810546875,126.26339024471892,124.47940687708015,125.64821911561774,578800
2010-09-07,123.61817169189453,124.94078561001149,123.27983869275593,124.78699574978226,622450
2010-09-08,124.87925720214844,125.27912019308091,123.86423482013615,123.86423482013615,480000
2010-09-09,124.72547912597656,127.21691713527957,124.23334452661707,127.21691713527957,439875
2010-09-10,126.10961151123047,126.7247826945535,124.91003415712848,125.18686060295312,534950
2010-09-13,127.64757537841797,127.95515520403482,126.10965278349728,127.8013652912264,582575
2010-09-14,127.33993530273438,128.7855738792409,126.66324592644663,126.9093073238341,908925
2010-09-15,126.23258972167969,126.60168756762829,125.52514729469115,126.4171327779495,1099750
2010-09-16,125.55598449707031,126.63252548970334,124.97157820584334,126.1711558071821,1018050
2010-09-17,124.76458740234375,126.39649950194125,124.33351716816955,126.15017868774868,960100
2010-09-20,126.82759094238281,127.22787554638134,124.45669251221453,125.56516572588126,1097575
2010-09-21,126.27335357666016,127.22787478175547,125.13409466758725,127.19708907968749,1093450
2010-09-22,124.94939422607422,127.62819744468678,124.4875263368221,126.24260552271878,1269650
2010-09-23,123.93327331542969,125.16491302805923,123.28666775190322,123.87169015521953,1049850
2010-09-24,126.70445251464844,127.19710603389629,124.64145782756991,124.73382669187063,1179400
2010-09-27,126.3656997680664,127.32020896748678,126.18095036860682,127.25863758011522,900400
2010-09-28,127.16629791259766,127.5357850845867,124.82619682895309,126.64285873109529,742200
2010-09-29,130.0914306640625,130.39933467737933,126.98155784473572,127.25867615503496,989400
2010-09-30,130.1222381591797,131.60021055882112,128.33637344044266,131.60021055882112,1026575
2010-10-01,131.53855895996094,132.18516420727207,130.27613415749494,130.76878745246262,702550
2010-10-04,129.8450927734375,131.815718314151,129.13690417499652,131.29226741786914,692500
2010-10-05,133.10894775390625,133.6939701352091,131.19991684237232,131.50782088605038,843475
2010-10-06,134.0942840576172,134.80247290928344,132.86265586828893,132.89344158106186,1077725
2010-10-07,133.41693115234375,135.01804708577808,132.58557571818037,135.01804708577808,740675
2010-10-08,135.5721435546875,136.09559424671454,133.01650845717703,133.47836427813957,807025
2010-10-11,136.095703125,137.3581288388357,135.66463264892772,135.66463264892772,611175
2010-10-12,135.91091918945312,136.2804063974216,133.75555560902836,135.9725023484123,1180950
2010-10-13,138.00466918945312,138.46653690694046,136.8038272189268,137.26569493641415,1132550
2010-10-14,137.72755432128906,139.11314576230492,136.86541375611668,138.00467260949225,675700
2010-10-15,137.6659393310547,139.60576689977796,136.31114564976153,139.60576689977796,718000
2010-10-18,138.7436981201172,139.51347005693273,136.83465525984755,136.83465525984755,668125
2010-10-19,135.07955932617188,137.05017335916875,134.15583546642785,136.68068616442835,1114725
2010-10-20,135.9724884033203,136.74226019268372,134.77164629123908,136.34197557339485,768075
2010-10-21,134.52532958984375,137.1733467377382,133.23211846875301,136.4651580172666,1113425
2010-10-22,134.894775390625,135.66454696767443,134.24815833910907,135.29504815372758,1460975
2010-10-25,135.14112854003906,137.45044382403367,135.14112854003906,136.06485230447993,1375025
2010-10-26,134.61766052246094,135.38743211877733,134.06342403345053,134.6484462181693,716650
2010-10-27,134.03265380859375,134.03265380859375,131.78492170041991,133.47841720704022,697200
2010-10-28,134.0634765625,135.32590200527392,133.29370466456987,135.17194997484532,747225
2010-10-29,135.0178985595703,135.26423104499324,133.29361814472742,133.63231943929424,904600
2010-11-01,136.89620971679688,139.45185764907654,136.06485478987886,137.88151664963635,922300
2010-11-02,138.7436981201172,138.9900190320886,136.95782158872709,137.66601036110288,559825
2010-11-03,139.3286895751953,139.57502217816693,137.05015998084784,139.29790387271635,1451475
2010-11-04,143.2083282470703,143.3007088422979,141.17613133883157,141.36088078350218,1011000
2010-11-05,143.57786560058594,143.60865131005286,142.09990488463228,143.2699497769783,1072050
2010-11-08,145.0865936279297,145.2405456473174,142.50015976654328,143.0236107274049,1032900
2010-11-09,146.9340362548828,150.1670752745658,146.22584765025013,148.31961601632923,1410975
2010-11-10,149.39735412597656,149.42813983843882,145.97956449901443,148.2580948322521,1221675
2010-11-11,150.6597137451172,150.72129688884604,148.22723242385425,148.22723242385425,1031275
2010-11-12,147.91932678222656,149.5820364067964,146.7800562547712,148.9970024208643,1205450
2010-11-15,147.0263671875,149.39726498933675,147.0263671875,149.39726498933675,606800
2010-11-16,144.43997192382812,145.7023971346917,143.23912986298046,145.7023971346917,1908875
2010-11-17,145.30218505859375,146.22592102412065,143.8858071386122,144.74794817759388,1625075
2010-11-18,148.38124084472656,148.93547760329764,146.9648632376174,147.02644640476842,970200
2010-11-19,149.7667694091797,149.82835255028903,146.62609968730342,148.19644042113313,1022575
2010-11-22,150.04391479492188,150.2594499548755,147.24194596973956,149.5204756195446,1231950
2010-11-23,146.9032440185547,148.25804987181445,146.1334722367608,148.1040861188275,965850
2010-11-24,149.55130004882812,149.76683526459422,147.45751931356747,147.73463769752223,884500
2010-11-26,148.56597900390625,149.4589172407425,147.9193734168678,148.59676471223736,243475
2010-11-29,149.15098571777344,149.70522237565115,146.5337661911845,147.8269772290418,1373975
2010-11-30,148.5352020263672,149.67446123417884,147.2111933203477,147.33434790669833,612475
2010-12-01,152.10693359375,152.5380039825488,150.44422345485148,151.46031626476469,1014350
2010-12-02,155.33993530273438,155.33993530273438,152.38401471963272,152.99982269844068,753900
2010-12-03,156.017333984375,156.54078488665323,154.2314696169322,154.72412307130796,803075
2010-12-06,156.87948608398438,157.40292523962728,156.04813117874136,156.47920148239666,722200
2010-12-07,156.54078674316406,159.74304010747633,156.54078674316406,159.34275550049105,859700
2010-12-08,154.6625213623047,157.43370405175125,154.38540309336005,157.0642051959694,643800
2010-12-09,155.24754333496094,155.98652929948616,153.64642861242595,155.86336301443473,788250
2010-12-10,155.74024963378906,156.0481536820063,154.6933594257493,155.5555001573868,551875
2010-12-13,156.8179473876953,158.11115866525154,156.44846012922042,157.40296985909626,613625
2010-12-14,155.5247039794922,156.971878858702,154.93968158477105,156.971878858702,1206175
2010-12-15,154.8165283203125,156.4792385243978,154.6625762819611,155.15522985215813,682900
2010-12-16,155.955810546875,155.955810546875,153.55411394055076,155.1244553845845,513350
2010-12-17,156.05751037597656,156.3967006779777,155.16328353665315,155.9033361739954,679125
2010-12-20,158.37022399902344,158.77108649966314,155.9342306099135,156.82845781797803,340925
2010-12-21,160.59034729003906,160.62117743348918,157.753491820257,159.6652783081649,480625
2010-12-22,160.86781311035156,161.66953778981136,160.5286345673746,160.99115717838197,755075
2010-12-23,160.92950439453125,161.23786460149284,160.3128075060864,160.960346296597,481800
2010-12-27,160.03526306152344,161.23783826540085,159.44938464536156,161.20699636837273,347900
2010-12-28,160.71368408203125,161.05287448308968,160.0353150426554,160.8987002360834,189700
2010-12-29,162.53297424316406,162.9338367099172,161.1453824449736,161.54624491172672,342925
2010-12-30,162.25546264648438,163.70472655863907,161.85461192576489,162.71799718607392,274825
2010-12-31,162.65628051757812,163.427163363633,161.82372563231021,162.40959236072598,431050
2011-01-03,164.3522186279297,165.36978961970198,164.1672142750537,164.75308099705865,491025
2011-01-04,162.90298461914062,165.5548119884259,161.08370045387267,165.5548119884259,906800
2011-01-05,163.4579620361328,163.64297811815624,161.1761558381929,161.91619664081367,414800
2011-01-06,162.65628051757812,164.13637417047485,162.00874174994934,163.88969777636143,654675
2011-01-07,163.24209594726562,163.67380008609413,161.4536544230591,162.81040357117215,684500
2011-01-10,163.9205322265625,164.13637848811663,161.66955566839852,163.457997801667,860525
2011-01-11,165.73985290527344,166.04820141488426,164.66062135889388,165.24648823225112,533000
2011-01-12,167.31240844726562,167.6207686446488,166.14067498542593,166.97322987425233,617275
2011-01-13,166.8190155029297,168.14493471916953,166.4181649586613,167.74408417490113,701850
2011-01-14,168.3300018310547,168.57667825901376,165.67816259473764,166.9732520704289,465600
2011-01-18,169.74838256835938,169.9333986666189,167.40490413742637,168.57663747152412,435600
2011-01-19,167.3740997314453,170.42680134147557,166.9424071682116,170.2726271064264,708525
2011-01-20,164.5680694580078,166.35652333713568,162.7179553013656,166.04816313586934,677525
2011-01-21,164.3522186279297,166.35651871083584,163.88969598300116,166.01732838024506,742600
2011-01-24,165.67813110351562,165.7706332760754,163.85884721249843,164.19803752886847,667600
2011-01-25,163.9513702392578,165.49313604596622,162.10125597630355,165.15395744919167,1044575
2011-01-26,168.63836669921875,168.91588505936167,164.59894716715598,164.6914493662898,717700
2011-01-27,167.9907989501953,169.16254424334855,166.9423977432139,168.7925237475726,666575
2011-01-28,168.69998168945312,169.37836228761344,167.31239035809682,168.66915155441745,1059075
2011-01-31,174.9904022216797,174.9904022216797,169.68672459291105,169.8717407064978,1066625
2011-02-01,176.71717834472656,177.67306549418967,175.2370847715602,175.5454331882764,1349000
2011-02-02,177.64227294921875,179.461557223402,175.97716291601907,176.2546812548857,765000
2011-02-03,177.1179962158203,177.88887887794777,174.99036430293344,177.85804874706648,652250
2011-02-04,177.33383178710938,178.59807880668365,175.8537385761006,177.79636606174626,1005475
2011-02-07,178.1047821044922,180.54077491978097,177.73476160177103,178.7214907841873,1176225
2011-02-08,178.56727600097656,178.56727600097656,175.7612633202332,177.95056746134063,997425
2011-02-09,175.8229522705078,178.5981233218281,174.9903974262903,178.35144693987743,892100
2011-02-10,177.98138427734375,178.4130766654353,174.5586635392817,174.77450973332748,1003275
2011-02-11,178.2280731201172,178.96812566792593,177.3646882832871,177.85805272758088,558525
2011-02-14,182.0516815185547,182.39087182634654,178.25893962392703,178.87563644238006,748050
2011-02-15,180.1089630126953,182.66829822037246,179.76977287551094,182.4832822102541,754650
2011-02-16,183.06932067871094,183.40851113472573,181.0033595560651,181.77424267873766,893825
2011-02-17,184.6418914794922,185.4127744462003,182.45257491435834,183.13095568913846,620875
2011-02-18,183.16177368164062,185.19690397753712,182.7300693959446,185.01188785509598,620550
2011-02-22,181.0958251953125,186.3069898176229,180.2015981305387,185.2277583689239,1192525
2011-02-23,185.96774291992188,186.73862560391015,181.92831342123813,182.76086813147384,1500350
2011-02-24,183.00758361816406,186.8619978625461,182.1441985914989,186.58447956644105,1346275
2011-02-25,189.76055908203125,189.76055908203125,184.27186421074845,185.10441924902292,1017675
2011-02-28,190.22300720214844,191.85728649374911,188.31122143604892,190.8705575975212,1207400
2011-03-01,184.79598999023438,191.4255854921886,184.33345569466147,191.4255854921886,1051950
2011-03-02,185.5977020263672,185.87522025004967,182.76085952893362,184.11760875430588,920900
2011-03-03,188.8663330078125,189.02050725363802,186.55368403220663,187.10872072737132,1210125
2011-03-04,188.1571044921875,189.32884982394953,186.83118492900044,188.46545295503756,699925
2011-03-07,185.8136444091797,189.79140375338565,183.80935554531612,189.6372294965872,692325
2011-03-08,182.4833984375,185.99862252954057,181.8666897737102,185.99862252954057,629275
2011-03-09,182.85345458984375,184.42606257732683,181.62004878447095,181.62004878447095,947900
2011-03-10,176.13128662109375,180.41739280945808,174.5278490968968,180.41739280945808,2131800
2011-03-11,180.8491668701172,181.89756828071393,173.942049618643,175.14462528552775,981200
2011-03-14,183.5317840576172,184.08682063163855,179.49235382729253,179.86238605179904,1341600
2011-03-15,182.02085876464844,183.3467782367086,175.9463097722626,177.45723360422198,1379650
2011-03-16,180.57164001464844,185.9986512149458,178.44399538457736,182.32925233173424,2235650
2011-03-17,186.06028747558594,186.7694982949351,183.16177215788872,184.05598733540089,1210100
2011-03-18,185.638671875,188.45983353276068,184.27458591328636,188.11881204233228,1476300
2011-03-21,191.529052734375,191.529052734375,188.76989534684427,188.76989534684427,1773700
2011-03-22,191.7770233154297,193.97814697584656,190.28893921432078,191.99403484103465,978575
2011-03-23,191.06394958496094,191.86999056073003,189.17283934898686,191.65297907393685,913475
2011-03-24,191.9320068359375,192.70705128477042,188.80083246619796,191.59098538625264,868150
2011-03-25,195.7142791748047,196.58232540215684,191.18800941130735,192.2730790217404,863650
2011-03-28,193.73011779785156,197.69834163580575,193.51309446961355,196.02424276932888,718825
2011-03-29,196.1172332763672,196.61326122817985,191.71498668230953,193.66810191655162,786450
2011-03-30,199.77548217773438,200.3025067724535,196.64429570781684,198.47338941389438,1139975
2011-03-31,199.71343994140625,201.69755175916637,199.21742381320553,199.43443530413307,590075
2011-04-01,200.70553588867188,202.34862659811182,200.17851125592384,201.94561193527213,716275
2011-04-04,201.04656982421875,202.53466590264998,200.51954515888292,201.82161444470725,736375
2011-04-05,201.4185791015625,202.72064825386022,200.48851619135993,201.04654920698502,604525
2011-04-06,198.6284637451172,203.8677737226563,197.8844274221936,202.62769741612485,733400
2011-04-07,198.56639099121094,200.023454640993,196.70627727691726,198.31837109880937,781100
2011-04-08,198.38040161132812,201.26355636111674,197.0473240836482,200.36450187477615,640250
2011-04-11,192.64508056640625,199.58947344012657,191.9010443859143,199.58947344012657,583325
2011-04-12,185.7626495361328,190.93995265181985,184.27456559977242,190.93995265181985,1436775
2011-04-13,188.30482482910156,189.94791545368605,186.13469777274554,188.24281984734955,1198400
2011-04-14,188.64590454101562,189.07993957445393,185.4837320811117,187.25083332539435,869150
2011-04-15,190.75392150878906,190.97093299191997,187.46774086352738,189.51385758036085,705150
2011-04-18,186.4447021484375,189.48287515495912,184.7086100454197,188.3048160354086,1050050
2011-04-19,187.71571350097656,187.90172837695147,185.60759221154103,186.6616528562588,891325
2011-04-20,192.64508056640625,193.20311361489615,190.10293526828198,191.49801788950674,844550
2011-04-21,193.4200897216797,194.10213261739315,190.81593991451155,194.10213261739315,656050
2011-04-25,193.29611206054688,194.19516660484973,191.43600981310246,193.85414510002852,286475
2011-04-26,193.69915771484375,195.3112520077073,192.70710150788815,193.45114957622627,300000
2011-04-27,193.1100311279297,194.8151261388149,189.32781134556708,193.7610654696107,1263700
2011-04-28,193.85411071777344,195.31119804312675,190.9089513193846,192.95506815916778,489100
2011-04-29,197.5433349609375,197.8843564141751,194.10213568007057,194.19513723050267,559350
2011-05-02,194.19515991210938,198.81441879210294,192.98609231031563,198.13238763220772,938575
2011-05-03,187.4058074951172,193.01712345461027,185.57670156256998,192.5831003225217,2358400
2011-05-04,181.4844512939453,187.436788306704,180.3063801586626,187.31277832904425,2415175
2011-05-05,177.6091766357422,181.11236879096907,175.1910300782424,179.0042589138692,3900000
2011-05-06,179.7173309326172,184.21257978393962,177.26818735864407,179.96533903468577,2279650
2011-05-09,185.39059448242188,186.2896487101139,180.49232064846473,180.8023336384508,1574500
2011-05-10,187.498779296875,187.68479424947674,183.96457798113272,186.5067232021488,1745200
2011-05-11,179.31430053710938,186.47571615603565,178.01221959446784,186.47571615603565,2824025
2011-05-12,177.981201171875,180.33733101884602,174.54000203484364,178.38422758396825,3544800
2011-05-13,176.77218627929688,180.30638801285335,175.1290953955803,179.46933836655163,1849575
2011-05-16,174.81903076171875,180.3993486443347,174.13698783591627,175.7180851955056,2316875
2011-05-17,173.9509735107422,175.87308038302544,171.65683679770257,173.76495859036402,2681425
2011-05-18,180.05838012695312,181.20544290628405,174.94308066775264,175.65612033199852,1632000
2011-05-19,180.12033081054688,182.38347107899725,178.44624373666213,181.23639674396347,1008500
2011-05-20,181.36045837402344,183.00354934070643,177.1442133469754,179.9033705650821,1906625
2011-05-23,177.2371826171875,178.384257069963,176.0901199906533,177.6402090958989,1750000
2011-05-24,179.996337890625,182.75549440237984,178.6012554334904,179.25228997140638,1347900
2011-05-25,184.08856201171875,184.86360646566104,178.8802623351274,178.8802623351274,1025600
2011-05-26,185.638671875,185.8556834005015,182.41448374434742,183.3755432331692,915300
2011-05-27,186.66175842285156,189.3899190155452,185.14267746843498,186.41375027419394,1833625
2011-05-31,188.80088806152344,190.90901052921726,185.76270252036687,189.73093930874288,1893975
2011-06-01,182.5384521484375,189.57585640148892,182.042424227908,188.36677725809966,1748700
2011-06-02,181.98045349121094,184.95662157422365,179.99634143586914,183.03451449889135,2089875
2011-06-03,181.26747131347656,183.37559399584725,177.2992341210023,178.1672922895484,2040200
2011-06-06,174.81903076171875,182.22845408751752,174.6640242311928,180.77137850908525,1588700
2011-06-07,175.37710571289062,177.8262496906728,173.76501139180272,176.52416850484514,1379125
2011-06-08,175.12911987304688,178.57030868715412,174.69508487166686,175.5941396351586,1234900
2011-06-09,178.1361846923828,178.88023244739568,175.78005514961148,176.21407807910322,1154075
2011-06-10,175.31509399414062,177.3302147747456,174.66405933932705,176.67918011993203,1878350
2011-06-13,170.0137481689453,177.0821496498047,167.3165968396026,175.96608376835542,2699750
2011-06-14,174.60205078125,175.47009696992876,171.8738904116623,172.40092690210466,1700825
2011-06-15,171.12982177734375,174.8500376080721,169.70374278720723,172.36988583675978,2112800
2011-06-16,170.8197784423828,172.86589515434414,168.33963876519314,171.16079986541618,1961900
2011-06-17,170.34518432617188,172.8269912443392,168.54587874832137,172.08245508598344,2352775
2011-06-20,169.7246551513672,171.7721464395505,168.4527289243773,169.29034061056825,1151650
2011-06-21,175.7740936279297,176.363518910144,171.02763846719904,171.02763846719904,1286800
2011-06-22,175.4949188232422,178.5041160373853,174.87446420337312,174.87446420337312,1165100
2011-06-23,174.22296142578125,174.47114796359648,168.51480123207136,172.17546982554757,1964775
2011-06-24,170.99664306640625,175.2777670622062,170.5933576097103,174.40913766724515,1048100
2011-06-27,170.87252807617188,171.33786008893873,168.88707125213554,170.34513759401335,1121800
2011-06-28,176.36354064941406,176.51866317338911,172.17549285420287,172.2375394969555,814250
2011-06-29,180.83078002929688,182.44395702219597,177.0150007675912,177.63544344362623,2361675
2011-06-30,182.3509521484375,183.40572167621184,181.11005447906123,181.88561996024268,1850825
2011-07-01,185.0499267578125,185.73241632741681,177.79063345063972,182.7542477486254,1711350
2011-07-05,187.15940856933594,188.92769636197926,184.92577690107643,184.95679430349722,1474975
2011-07-06,186.78717041015625,187.15945032738492,184.36741011911496,186.47694897998804,855400
2011-07-07,190.10659790039062,191.19239662281305,188.80365363451114,188.98978176724276,1275925
2011-07-08,188.24520874023438,188.86566334106487,186.32181012842824,186.47692082008908,1047550
2011-07-11,181.42025756835938,185.51524194762922,180.86184953171448,184.9878631542362,1374325
2011-07-12,181.76145935058594,184.52246954792906,180.48953290571373,180.48953290571373,1004375
2011-07-13,184.58450317382812,187.65574633283737,183.15746615756257,183.49871671236193,1342750
2011-07-14,181.23402404785156,186.97321216508973,180.9548320078532,186.16661793559635,1614025
2011-07-15,192.80545043945312,192.80545043945312,187.59365305207962,188.1520607603112,2616900
2011-07-18,191.09922790527344,191.96786882815,188.9276551835415,190.9751464884486,1562150
2011-07-19,197.4589080810547,197.6450361584065,192.99164487763554,192.99164487763554,2069750
2011-07-20,198.513671875,199.13412639582356,196.34208696921036,198.38957860399813,1740475
2011-07-21,200.99546813964844,202.36047038449087,199.4133085984329,200.1578445190878,1724500
2011-07-22,202.2984619140625,202.79483509608653,199.4754163635229,201.42983251389649,1037750
2011-07-25,201.18162536621094,203.4462863581352,198.51369079056855,199.41333750559144,1717175
2011-07-26,199.81668090820312,202.3605344720852,199.1031503265048,201.42984652524004,1206225
2011-07-27,194.88404846191406,199.01006155578312,193.95337246481338,198.79290421759922,2002925
2011-07-28,193.45704650878906,197.05566970049156,192.74352771943825,194.79102002102434,1208900
2011-07-29,192.96058654785156,194.69784468364244,189.08276130305626,191.0682059349221,1236500
2011-08-01,193.61212158203125,197.67608802616456,191.00622169308076,196.99358677323858,1256650
2011-08-02,186.0115509033203,195.65958368642245,185.9495042684937,192.15402574092616,1951325
2011-08-03,185.2980194091797,187.43857490732296,179.43474892080857,186.19767780003681,2458900
2011-08-04,169.8798370361328,182.25786581056573,169.78677297670183,182.25786581056573,3778175
2011-08-05,164.76109313964844,174.71934868581582,158.2463375620701,174.71934868581582,4440075
2011-08-08,146.17852783203125,158.8667751726635,143.82081479478916,158.64961786005645,3192175
2011-08-09,154.585693359375,154.8028507136138,141.77335028834446,149.56002130193582,3300200
2011-08-10,151.73162841796875,160.2318311952896,150.24254413232953,152.66230461721952,3775400
2011-08-11,163.0858917236328,165.72280935575168,151.85570802052828,153.9652468598989,2587000
2011-08-12,163.6442108154297,167.83225697466344,162.24819148429094,165.5986378790239,1879375
2011-08-15,170.6864013671875,170.93457609301367,164.91619402294378,164.91619402294378,1411275
2011-08-16,164.35775756835938,168.4217230267572,162.65151668408916,168.2666123707662,2949125
2011-08-17,165.59873962402344,169.7247416997858,164.2957835030213,166.77759059756144,1658600
2011-08-18,153.96519470214844,160.2937972421735,151.82462734470943,160.2937972421735,2370725
2011-08-19,151.01817321777344,157.00554212841828,149.93238583364402,150.95612653379533,2168250
2011-08-22,146.24057006835938,155.70246300240427,145.43398747926028,154.58565907154068,2662625
2011-08-23,154.0893096923828,154.27544962658536,145.2478699160425,147.35740850025482,2607275
2011-08-24,155.51641845703125,156.2609548108219,151.39040375725347,153.46892573281897,1339725
2011-08-25,151.85565185546875,159.17698843317058,150.9249760844795,158.5875513720026,1189150
2011-08-26,156.47805786132812,156.7882910961026,148.0399150566558,148.93956185203214,1555925
2011-08-29,164.0164794921875,164.35772997859473,159.11491494739803,159.82843331253017,1318500
2011-08-30,166.12612915039062,167.4290853552852,161.50376535810366,161.9690975615592,1212500
2011-08-31,166.498291015625,170.22100543827003,164.26467182938433,167.73919976790097,1440500
2011-09-01,164.04754638671875,169.19729858924816,163.89243572114927,166.3742418728167,1294275
2011-09-02,158.4014892578125,161.16250032258307,156.47807845168,159.33216541622434,1271550
2011-09-06,157.37762451171875,157.9050147855088,151.7935597254448,153.46878271158127,2323075
2011-09-07,165.87789916992188,166.56038854149412,160.69711715510917,161.1314318008878,1775275
2011-09-08,163.02381896972656,168.57686919703798,161.72087498388785,164.69904280939375,1404475
2011-09-09,157.22259521484375,162.83769212758355,155.70248205217055,161.13143903656658,1892200
2011-09-12,157.25360107421875,158.3704168939152,152.63123895114714,154.12032276601366,1680550
2011-09-13,158.68069458007812,159.98363884562002,154.8028673599803,157.2536451690981,1386275
2011-09-14,160.79019165039062,162.9617648606218,155.48531640117707,159.3321252085042,1515475
2011-09-15,165.04022216796875,165.4435192517304,161.28649068562785,163.20988842988967,1607050
2011-09-16,164.6457977294922,166.94463106293236,161.9120528641594,165.2671049966747,1493950
2011-09-19,160.7626190185547,162.781864384088,156.81733206696336,162.06735342672175,1822525
2011-09-20,158.71229553222656,164.1487119806874,158.30844413507276,161.10432019160302,1342675
2011-09-21,152.09539794921875,161.88095237279188,151.72261842226237,159.05401627160703,2481400
2011-09-22,140.81871032714844,145.85127487831699,136.78022045785224,145.1989078134416,2905050
2011-09-23,137.96070861816406,142.03025868281077,137.3394015460158,138.08497240268306,1217825
2011-09-26,143.24179077148438,143.6767021359326,134.10860471628783,139.07904908963627,2359750
2011-09-27,147.59088134765625,152.93410393344956,146.56573506691862,147.684085082591,2485925
2011-09-28,139.26544189453125,149.23737860479145,139.14117812139793,147.37345755912833,1861350
2011-09-29,138.6751708984375,144.1426574656522,134.6677537867478,143.7698662107669,2481050
2011-09-30,133.14559936523438,137.77431275299384,132.95920368871074,136.18999097910657,1779175
2011-10-03,124.2298812866211,132.18257394603123,123.98135371579112,131.74766254752558,3012325
2011-10-04,131.15745544433594,131.25064737814114,117.0227608617151,121.86894287722362,5003150
2011-10-05,136.5938720703125,137.77434272711122,128.23731443671238,133.14562833233097,2844475
2011-10-06,139.48292541503906,140.9429835642441,133.8911730123032,135.63083063209302,2701600
2011-10-07,136.19003295898438,141.7817746234048,134.23291922877962,140.57023197866624,2672650
2011-10-10,146.161865234375,146.87636390900695,138.5508835735123,138.5508835735123,2177750
2011-10-11,147.03172302246094,148.98882376376463,143.0553659637825,144.5154354045003,1945925
2011-10-12,149.1441650390625,152.31281994285558,148.24328236921968,148.5539299311731,1514350
2011-10-13,149.5791015625,150.97702756646402,144.45333337981216,147.49772479027942,1874700
2011-10-14,157.9667205810547,158.12205624166924,152.40605233419865,152.96522753115914,1863675
2011-10-17,155.7921600341797,159.51997879615126,155.38830865646895,158.89868356945388,1893625
2011-10-18,161.91200256347656,162.78183720748353,151.8779330147402,157.0347615845339,2738275
2011-10-19,158.96080017089844,164.36615621946774,157.81138980585226,161.01111703622718,1954625
2011-10-20,159.2404022216797,160.57620838230673,153.80398565880836,158.99188648389548,2061775
2011-10-21,164.0244598388672,165.08067844074583,160.48302448270005,162.22268213592614,1530950
2011-10-24,167.96981811523438,168.65325745747967,164.67689710767917,165.1118205939419,1840775
2011-10-25,160.57623291015625,167.4105885746532,159.92386566707074,166.69608942501912,2371975
2011-10-26,165.4534454345703,166.85138345602937,158.33951523727384,163.5274040774752,1943250
2011-10-27,176.76119995117188,179.18428459953094,169.92684556940958,173.00229733841192,3254350
2011-10-28,176.7301483154297,178.50086604590595,173.84108004982136,173.84108004982136,1833550
2011-10-31,167.2863311767578,174.02749516517108,167.2863311767578,173.49937986448066,1552000
2011-11-01,161.4770965576172,164.11764874835336,157.5628820054733,159.6753190178834,2308000
2011-11-02,169.3055419921875,169.7715252883083,164.55256451372435,165.76410686310143,2454350
2011-11-03,174.21388244628906,175.2700892955664,167.62804262425234,172.84700421696667,2154550
2011-11-04,176.6680145263672,177.1961297625157,170.54817037518296,172.5052719403109,2012300
2011-11-07,177.00979614257812,178.718382552069,173.157711712139,177.22725194830682,1896275
2011-11-08,178.8114776611328,179.15318525494226,173.43719400720812,178.5629501196946,2521425
2011-11-09,167.00672912597656,173.90321636743545,166.85140529225293,173.90321636743545,2264600
2011-11-10,170.8588104248047,173.06443949709012,165.73304137188137,170.76561850217087,2064725
2011-11-11,174.05853271484375,175.5496627852646,172.8159302480506,173.62362125894373,858425
2011-11-14,171.04522705078125,173.43725211148677,168.49787814986357,170.8898913601197,1177600
2011-11-15,173.2818603515625,174.58660625815338,169.2123225427273,170.67238038882627,1307025
2011-11-16,171.20053100585938,177.28931489837285,170.39282816985263,171.41798672698854,2154725
2011-11-17,164.11769104003906,171.5422825187703,162.96826847061146,170.17540418765645,2549100
2011-11-18,163.8690643310547,166.57173562843806,162.2226111735195,165.111678089856,1563175
2011-11-21,160.7626190185547,161.53925002830616,156.28922866854776,161.32179429361165,1505625
2011-11-22,159.33355712890625,162.5643436824336,157.31431257034063,160.0791159640624,1391825
2011-11-23,152.03326416015625,156.94157724750423,152.03326416015625,156.47559395677465,1426950
2011-11-25,149.5480499267578,153.6176002645414,149.5480499267578,151.10131178615572,534950
2011-11-28,159.147216796875,160.23450726409538,156.19601674363133,156.19601674363133,1322100
2011-11-29,161.6634979248047,163.0924959980132,158.37057850135034,159.6442527579836,1402650
2011-11-30,171.3869171142578,171.51118091381397,167.47270223182431,167.47270223182431,1138350
2011-12-01,170.36170959472656,173.5614242634585,168.870580083557,170.57916524111937,1296000
2011-12-02,171.85287475585938,175.11472197884837,171.38689150238392,172.41204991985134,1357325
2011-12-05,174.089599609375,176.57481632230136,172.19461816250364,175.82924538319944,1201850
2011-12-06,175.0836639404297,176.76118945139197,171.94606861246916,173.4993303410387,1441775
2011-12-07,172.16354370117188,174.08959699389527,170.1443103368267,173.99639322137776,1686825
2011-12-08,164.2418670654297,172.47415772420828,163.6205600977105,171.4489994499049,1487825
2011-12-09,170.20645141601562,170.85881860658768,164.8942982634457,164.8942982634457,1257550
2011-12-12,164.14871215820312,167.2552358463974,161.1975122843291,166.8203244261218,1371700
2011-12-13,159.70639038085938,168.3735947516175,158.1220684342709,165.14280710904524,1552175
2011-12-14,152.80990600585938,158.02886709329337,151.94008310810312,158.02886709329337,2454550
2011-12-15,152.747802734375,156.22711867839956,151.44306814320362,155.7922071480091,2097150
2011-12-16,156.0979461669922,157.09517705108001,153.6048689567726,154.63325810501888,1965650
2011-12-19,151.48561096191406,157.37550416626775,150.76885266651897,156.9080474185271,1600050
2011-12-20,159.55694580078125,159.96207418105894,154.63311254363006,154.695440901205,1307950
2011-12-21,162.0189208984375,162.3928792909218,156.87694247810597,159.43234662127404,1334850
2011-12-22,164.69891357421875,165.13521208544648,162.11235206977972,162.6421252872493,946075
2011-12-23,164.6678009033203,165.88317451538683,163.39009891526038,165.10408764735217,451075
2011-12-27,166.3817901611328,167.37902040433437,164.13801616996824,164.35617143059565,611400
2011-12-28,162.0812225341797,166.91157049934398,161.14632069470082,166.4129553924271,782175
2011-12-29,164.13803100585938,164.4808311619299,162.01892546345883,162.45521224830375,479425
2011-12-30,164.2003173828125,165.2598758269237,163.42123064119897,163.45240076809887,558900
2012-01-03,170.3083953857422,171.39911225400786,167.72182125825174,169.03069338809283,1307600
2012-01-04,172.3028564453125,172.67681481738273,168.34509368647556,169.8097808183072,882875
2012-01-05,171.99124145507812,173.11312863463291,168.65675005358148,170.49539584497978,890925
2012-01-06,170.1214141845703,172.80147499467574,169.9655991837805,172.209361348583,780400
2012-01-09,169.28004455566406,171.18101898643408,168.78142928594784,170.4642602792123,940750
2012-01-10,171.5861053466797,173.33125241689683,170.8693468159944,172.61449388621153,1273625
2012-01-11,168.4698028564453,171.86662317008117,167.94001743391627,171.46149453966788,1222575
2012-01-12,166.94276428222656,169.49816873517383,166.41299081931223,167.84650807088275,1587325
2012-01-13,164.13803100585938,165.88319003316232,162.82917065132463,165.32224648466934,1075825
2012-01-17,165.97666931152344,167.31669974158748,164.51199401125461,166.56878296866782,1155950
2012-01-18,169.93443298339844,169.93443298339844,165.04176814025607,166.25714181763345,979050
2012-01-19,168.6566619873047,171.21206505620947,167.9710738706177,170.8381068209331,1102125
2012-01-20,167.62832641601562,168.75021336144894,166.1948094914827,168.56322824123615,1080650
2012-01-23,172.7391815185547,173.23779675458024,168.56327445886888,168.9684030531162,1467825
2012-01-24,172.084716796875,172.45867517704207,169.4981426049066,171.1498030145735,770300
2012-01-25,176.85272216796875,177.41366567389653,169.6539551005104,171.52377074957715,1114850
2012-01-26,171.4302520751953,178.62901829588637,170.58884880319752,178.00574648617754,1002425
2012-01-27,173.4248046875,174.04806489838907,170.21495753937396,170.2461276826743,809725
2012-01-30,171.14974975585938,172.20930807655276,168.90598828515252,171.24324823774802,623175
2012-01-31,170.09027099609375,173.26893533493515,168.25162529300198,172.77032015551654,867125
2012-02-01,170.09027099609375,172.11588996151528,168.84372710358545,171.86658831576779,928800
2012-02-02,171.08750915527344,172.73916978341558,169.3111917546123,170.52656556686213,900550
2012-02-03,174.2349853515625,174.54661534121047,172.4898265009364,173.48705673331642,687075
2012-02-06,177.8811798095703,177.94349631879908,172.64571332781347,173.89224560713458,968275
2012-02-07,179.87557983398438,180.21837995786902,174.92058687947474,177.47599085471396,1300200
2012-02-08,180.09368896484375,181.745349006344,178.0992288646352,180.5299756257744,884375
2012-02-09,180.15602111816406,181.2778960321877,177.35130411330456,180.7481227578921,746200
2012-02-10,178.9405975341797,180.15598256816264,177.9433676764893,179.37689599884715,858500
2012-02-13,181.71417236328125,182.4620888811466,179.00294229424287,181.6518440054727,529350
2012-02-14,183.11656188964844,183.9579770861529,181.37141501208794,181.5583882415857,916700
2012-02-15,184.5500946044922,187.04317011681474,183.2100642876335,184.8305663426236,1692800
2012-02-16,188.07156372070312,188.57017883683727,182.5244690677205,184.39427278124302,1294625
2012-02-17,188.601318359375,190.09716346500824,187.01197476169455,189.7543633993156,793600
2012-02-21,189.87904357910156,191.00093051885332,188.57017152008396,190.43998704897743,1129025
2012-02-22,188.04037475585938,190.47112156390037,187.63524632521248,189.94134829052535,1448675
2012-02-23,190.5334930419922,190.62697966717192,185.36035642874333,187.2301721477979,1402150
2012-02-24,191.15676879882812,192.46562912940024,190.22186686443047,191.15676879882812,707325
2012-02-27,190.6269989013672,192.49681480908552,188.6637082469604,190.03489706894794,1159050
2012-02-28,188.38320922851562,192.09165848323264,186.79386534226384,190.50232648490314,1163025
2012-02-29,184.8617401123047,189.87906168922018,182.9607661595183,188.6636880178775,1955975
2012-03-01,188.07156372070312,188.8194923388654,185.26685815041935,186.07710325616654,725925
2012-03-02,184.02035522460938,187.97811878756653,183.52173999790196,187.97811878756653,1326650
2012-03-05,181.49610900878906,183.45939964900657,179.62629311458446,183.1165994740062,1053325
2012-03-06,178.0680389404297,179.22108382867847,176.4475373172029,178.69131062442747,1123125
2012-03-07,181.40257263183594,182.0258444665064,177.41365191061917,178.72251206429786,801825
2012-03-08,184.6435546875,185.29798468645618,181.27789431357687,182.74258116755306,813800
2012-03-09,185.8589630126953,187.69760851335826,184.70591776622197,185.07987613763345,869500
2012-03-12,183.24124145507812,185.9213023655827,182.0258677602965,185.39152896546682,860600
2012-03-13,186.3887176513672,186.51336249608073,181.96349874622717,184.4877440864217,990575
2012-03-14,183.98916625976562,187.6352872674143,183.24123760059726,186.2329284614253,1119425
2012-03-15,185.3603057861328,186.5133507707079,182.6802456425911,184.02027571436196,1323450
2012-03-16,189.33819580078125,189.74410226411993,185.99730177432141,186.0909679155725,1654400
2012-03-19,191.49256896972656,192.99128644409302,188.83858043138682,189.5879451239439,944600
2012-03-20,186.9652557373047,189.7441294935423,186.21589076750644,189.58801526547035,1929450
2012-03-21,185.8100128173828,187.71463766068453,184.40497263793438,187.4960753256257,944425
2012-03-22,179.62771606445312,183.53063019351387,178.16022845123538,183.4994121212108,1160675
2012-03-23,183.53070068359375,184.06150340260493,178.44130728031422,179.84634737782196,1254100
2012-03-26,184.52981567382812,186.34077394351183,183.40578616350004,185.6850870847993,532650
2012-03-27,182.28170776367188,185.18547687546732,181.62600912722698,184.4048940370438,900375
2012-03-28,178.2851104736328,181.5947859025217,176.16192426049633,181.28255754030985,1274125
2012-03-29,176.78640747070312,177.3484280976187,173.91386818713426,177.0674177841609,1162500
2012-03-30,177.69189453125,179.19061230075962,175.47504190827223,178.5349255098648,704775
2012-04-02,180.6268768310547,182.0007103467946,176.22438978718304,177.28598299900491,775300
2012-04-03,179.00332641601562,180.53326265794988,176.78646130774368,180.4083665004339,953775
2012-04-04,175.0379638671875,177.09870283639327,173.8202441897336,176.31811971304634,1344550
2012-04-05,173.3206024169922,177.16108033529102,172.6024676589054,174.22608133791627,973100
2012-04-09,170.72909545898438,172.19659514492838,169.04303351054872,169.91728256051536,1061750
2012-04-10,166.10800170898438,171.821860905774,165.48353316395216,170.60415379387194,1605025
2012-04-11,164.7654571533203,169.01183047811728,164.3907806572356,168.73082012836596,1176500
2012-04-12,170.2919921875,171.13502326693336,165.38993184137948,165.38993184137948,1488000
2012-04-13,166.60763549804688,169.94852974653216,166.2017290077329,169.6050713247858,1363850
2012-04-16,163.7663116455078,168.73081987653725,162.4237079665611,167.38821619759054,1286025
2012-04-17,166.6388397216797,169.35527688013147,165.7958087322378,165.8894867826759,1439625
2012-04-18,164.4219970703125,166.26417336430004,163.67263217498243,166.13927722995322,1373875
2012-04-19,165.67091369628906,167.3881936393301,164.04729988681862,164.79665277688224,1559925
2012-04-20,164.4844207763672,168.387335066029,164.23462854466922,167.35695997639868,1400425
2012-04-23,163.89117431640625,164.95276742925702,159.2701135352332,161.705540035743,1648450
2012-04-24,165.35867309570312,166.85739078382363,162.6734661046229,164.8591005329963,1026800
2012-04-25,170.51055908203125,170.82278752991934,166.45152970572704,167.26333081668716,1441650
2012-04-26,173.6016387939453,173.91387911226283,169.3552776615796,169.48016187815634,1089475
2012-04-27,174.47589111328125,174.81934949100568,171.50967374563817,174.19488079612034,916725
2012-04-30,176.00584411621094,176.6303128721458,172.54005383598565,174.38223011508057,1224000
2012-05-01,177.94171142578125,179.94000206188292,174.31980667015904,176.03708694113695,1274500
2012-05-02,172.9771728515625,175.72481604327388,172.47760027936502,175.44380572699092,1437300
2012-05-03,168.35609436035156,173.19571729993214,167.63795960607632,172.57124867120416,1426700
2012-05-04,164.1722412109375,166.54520856387822,162.45494888428328,166.29541625790935,1428300
2012-05-07,163.9224090576172,166.0143655131926,161.33086811154638,163.2354922939358,1154475
2012-05-08,163.82872009277344,163.95360428724584,158.45830667577096,162.42366868591253,1446750
2012-05-09,163.57896423339844,164.54689139783156,158.708134154866,160.61274658436218,1762050
2012-05-10,162.9857177734375,167.16964274458638,162.61104130295035,165.14012236717636,1443375
2012-05-11,161.17478942871094,165.5772774799222,160.55032058873897,161.67436211853803,1290900
2012-05-14,157.36558532714844,159.4887726844282,157.02212679718335,158.55206327152158,1022500
2012-05-15,152.74447631835938,158.33345347873,151.7141129479329,157.39675625722828,1196550
2012-05-16,151.18331909179688,156.89719272305106,151.02720486427262,153.2440697738246,1230200
2012-05-17,148.71665954589844,153.08791670125916,148.34197117286038,151.4643028170109,1639300
2012-05-18,147.5301971435547,151.8390189348215,146.9994063842204,149.4972697738127,1847525
2012-05-21,154.77394104003906,154.8676071551642,148.21705094484452,148.6541753630912,1357375
2012-05-22,152.71327209472656,158.14613552956547,151.2770020973936,155.1799174667239,1327125
2012-05-23,154.3056182861328,154.68030664496425,147.7487268463267,150.9959544917019,1525000
2012-05-24,151.83897399902344,155.58577392994584,149.62210973049727,154.7739611243592,1204350
2012-05-25,152.3697509765625,153.36889594736638,151.152043787817,151.6203982038334,800900
2012-05-29,156.83474731445312,158.05245498488367,154.27443582514988,154.49299812954754,1243825
2012-05-30,150.55882263183594,154.21194462143427,149.278667245214,153.89971624840413,1024225
2012-05-31,149.65333557128906,150.96470895990373,145.21961906770267,150.68369867509367,1724975
2012-06-01,141.97242736816406,147.280381772848,141.5977389853685,146.06267430563815,1739150
2012-06-04,141.12936401367188,143.68967448864058,138.1006991229721,142.72174758781188,1853275
2012-06-05,144.59515380859375,145.06349631509508,140.72345810347917,140.72345810347917,970425
2012-06-06,150.27783203125,151.08963305399416,146.71837570481313,146.74959378190886,1829975
2012-06-07,148.71665954589844,154.43052026110388,148.21708695926435,153.36892702566269,1367300
2012-06-08,148.24832153320312,148.93523838280169,144.68886496846753,147.56140468360456,1056425
2012-06-11,143.6584014892578,151.9950289818897,143.47106930766105,150.34019785381696,1484275
2012-06-12,146.65589904785156,146.7807832426375,142.9090992570646,145.09473346091934,1567425
2012-06-13,142.31585693359375,147.12423776456072,141.69138833285515,145.6879683203855,1871275
2012-06-14,145.8441162109375,146.15635653886832,141.41041075107543,142.84668052730535,1642400
2012-06-15,150.560302734375,150.65418394899356,145.1462671595472,146.33546900504726,2779100
2012-06-18,147.02394104003906,149.12071271095436,145.8347274347154,149.12071271095436,1195850
2012-06-19,150.84193420410156,151.71819056873636,147.55596089862345,148.49480870903182,880300
2012-06-20,149.55882263183594,152.31277430831895,147.9627707889165,150.77932584224715,1285525
2012-06-21,141.64114379882812,149.90303260491302,141.4846712095891,149.55878574573117,1671525
2012-06-22,145.27139282226562,145.77212431231644,140.9526911634395,143.26851461444556,1290475
2012-06-25,141.73513793945312,142.92434001587313,140.20167682035114,142.61139461431037,1150075
2012-06-26,144.0196075439453,144.70810144115705,140.9213969445888,142.26708305017738,1479475
2012-06-27,149.7778778076172,150.34118878484523,145.20881049285242,145.36528311139455,1524700
2012-06-28,151.59295654296875,152.31274001942634,147.90014605464287,148.49475861987267,1682075
2012-06-29,157.7268829345703,159.1038593191973,154.84773530003986,156.31860484909896,1469275
2012-07-02,158.4153289794922,158.4153289794922,153.78366917467173,156.6002247023793,860750
2012-07-03,163.92330932617188,163.92330932617188,159.66718492394946,160.51215185128203,1225450
2012-07-05,160.41824340820312,163.57904664343386,159.29163288377038,162.64019857068942,1007200
2012-07-06,158.00843811035156,160.26166967669175,156.60016092008055,157.69548099135054,1122175
2012-07-09,157.6329803466797,159.63585930934883,156.3498852650885,158.07110862750102,693125
2012-07-10,152.5005340576172,159.29155528725528,151.43650357667323,158.6030614648518,851650
2012-07-11,154.5660400390625,155.84913486826375,153.00128966500745,153.75237509731699,925625
2012-07-12,152.87611389160156,153.97144636732443,150.02826855567974,152.09373866812746,838700
2012-07-13,156.09947204589844,156.69407278133582,153.81493835109706,153.81493835109706,897500
2012-07-16,156.9444580078125,158.0397784296105,154.4095582540978,155.69265300738857,602225
2012-07-17,159.6670684814453,159.9174222376491,154.5659808720276,158.57173647603526,658475
2012-07-18,160.79376220703125,162.42110413414318,158.19627068738183,158.75958181361668,638600
2012-07-19,162.2333221435547,163.17216999705792,160.95022729154402,161.60741959518649,721625
2012-07-20,162.1707000732422,162.45235556991975,159.44803823075634,160.41817565634892,816400
2012-07-23,158.2901611328125,158.79088079891062,156.31857222463304,157.9772038801896,1622625
2012-07-24,154.37826538085938,158.8847418027233,152.56314936074244,158.00848548299624,1234025
2012-07-25,153.59588623046875,155.8804201028102,151.87465145026238,155.12933474980227,1309525
2012-07-26,156.91311645507812,157.41383594042685,154.44080877325248,156.60017125352047,960225
2012-07-27,161.29449462890625,161.9516870154191,156.28728554866152,158.16499343054065,865250
2012-07-30,162.82789611816406,163.35991737478284,160.60595377945873,160.85631953271374,604350
2012-07-31,160.32432556152344,164.70563148436636,160.1365512146251,162.3585058695787,799700
2012-08-01,160.57469177246094,162.04554904362314,159.13511231871533,161.26317383667154,1289550
2012-08-02,154.62863159179688,158.50921777485664,153.59590255202886,158.1336690893974,1246425
2012-08-03,159.16639709472656,160.51208326269983,157.28868963476302,159.00992445758718,1178850
2012-08-06,161.4822540283203,162.170748099225,159.41678375370572,159.60455811979776,656575
2012-08-07,165.45669555664062,167.30310141246207,162.4210880526001,163.078280322105,1423725
2012-08-08,165.45669555664062,167.61605863943885,164.39266486111475,164.64303064269615,738625
2012-08-09,167.61602783203125,168.68005833199098,164.83076274530185,165.17500966265578,723775
2012-08-10,166.95880126953125,167.11528580224126,164.67426796147117,165.9886640200541,652650
2012-08-13,164.64306640625,167.70997626822714,164.14234667241905,166.8963111775394,872250
2012-08-14,166.83364868164062,167.27177676992753,164.83075866103692,165.769618208046,1339650
2012-08-15,167.6472930908203,168.1167228073846,165.80088784407755,166.239015879221,1342825
2012-08-16,169.77542114257812,170.55779635521674,167.24052115591363,168.24196047304318,1181950
2012-08-17,169.274658203125,170.05703321572253,168.39840200920628,170.05703321572253,1151450
2012-08-20,168.21066284179688,169.61894054623147,167.20922357155402,168.64879103026593,1115525
2012-08-21,167.58470153808594,170.99585658664643,167.11528375997372,169.39981704011518,925400
2012-08-22,167.83511352539062,168.2732416810341,165.7696436930022,167.27180248582135,716550
2012-08-23,163.92330932617188,168.1794337283943,163.89200762251025,167.86647638228848,797475
2012-08-24,164.95599365234375,165.8948415579368,162.48368501507304,163.70420042425266,897550
2012-08-27,165.58189392089844,167.2718272902029,165.51930246965398,165.51930246965398,997850
2012-08-28,167.11532592773438,167.49086263260102,165.0498561438229,165.51927404038207,922925
2012-08-29,165.76962280273438,167.11530879011153,165.39407419828353,167.11530879011153,502625
2012-08-30,162.85916137695312,165.17498438606233,162.5775059365919,164.70556661085598,876725
2012-08-31,165.04986572265625,165.675756287726,162.64014884522643,165.0185640315444,765450
2012-09-04,164.86212158203125,165.5819054141557,162.358523048968,164.830819885187,1119875
2012-09-05,165.36279296875,166.645887588149,164.8620734084503,165.23761009415108,976775
2012-09-06,169.74404907226562,171.84080789506137,166.9900863165989,167.08396747639793,1674900
2012-09-07,174.28187561035156,174.28187561035156,170.0883445334955,170.0883445334955,1023425
2012-09-10,172.65452575683594,175.59626367812916,172.31029075196412,173.65597683551394,656775
2012-09-11,176.28482055664062,176.34740007945456,173.37438328367125,173.65603888873605,912300
2012-09-12,177.2549285888672,178.03730381176163,175.78405934963413,177.4427029400773,692850
2012-09-13,181.0416259765625,182.1369584767274,175.78406340244757,178.16249082021795,1174425
2012-09-14,185.73580932617188,187.1440866311561,181.9491174135099,181.9491174135099,951525
2012-09-17,182.88795471191406,186.0174543527359,181.98040888902696,184.7969514029104,935000
2012-09-18,179.28909301757812,182.44988338453877,177.536568376254,182.44988338453877,894700
2012-09-19,177.56788635253906,179.53946332448314,176.84809063987544,179.53946332448314,912175
2012-09-20,178.25634765625,178.5380031819994,174.688718955489,176.31606066669698,976750
2012-09-21,179.1123809814453,181.08788856969886,178.79881366475647,180.0530948933382,568825
2012-09-24,176.85470581054688,178.01491947151055,176.00805952979107,177.07420536905812,697200
2012-09-25,174.2834014892578,178.6420523297579,174.0952538986375,177.76404220202434,1145150
2012-09-26,171.08499145507812,173.81306616330744,170.01884552883004,173.81306616330744,1163475
2012-09-27,175.28683471679688,175.6631179433678,172.5273964776779,173.24861097936721,651975
2012-09-28,174.62832641601562,175.44362070644752,173.15454544179042,174.31475905005152,735650
2012-10-01,176.16477966308594,178.48520614784877,175.72578070444564,176.22749550886664,1064500
2012-10-02,176.3529815673828,177.57591103255555,174.8164727766349,177.38776343721045,952250
2012-10-03,172.40187072753906,176.07066906173975,171.33572553216177,176.00795323120914,1240300
2012-10-04,174.91055297851562,175.60041558180083,172.96640886960066,173.90712298928023,1476050
2012-10-05,173.68760681152344,176.7919762675091,173.06046013778789,175.97668200310451,1244700
2012-10-08,173.84437561035156,174.12659099128666,171.80616404744416,172.27651504111807,662475
2012-10-09,176.6665802001953,177.67001029598143,174.252072794138,174.37750454656884,1257400
2012-10-10,173.65626525878906,177.29370183006301,172.99775463293133,176.03940840748774,1183275
2012-10-11,175.91400146484375,177.92087361616316,174.84785549394888,176.1021490932947,926275
2012-10-12,174.2520294189453,176.69788817336672,172.99773613051894,175.53767465676006,840550
2012-10-15,174.12657165527344,174.9732177040623,170.9908508650149,173.9070721569014,900250
2012-10-16,177.48182678222656,177.51319069490793,175.09868377704058,175.09868377704058,735650
2012-10-17,179.8963165283203,180.20989581606239,177.04281079991443,177.04281079991443,1012075
2012-10-18,179.45733642578125,180.0531191926252,178.01490743542564,179.33190469744738,1236450
2012-10-19,176.03944396972656,180.17859635382706,175.38094517267217,179.4573816767916,1096825
2012-10-22,173.68760681152344,176.7919762675091,172.0256782936779,175.88261418868393,1041300
2012-10-23,169.20347595214844,170.89676789942092,166.8830494719523,169.8619743888129,1503525
2012-10-24,166.5067596435547,171.08492082616672,166.25590821484744,170.55184210219844,940000
2012-10-25,167.886474609375,168.88990418952903,165.2838209120964,168.70175665756608,1116800
2012-10-26,169.0466766357422,170.2068897682024,167.16524928787038,167.54153236508006,677850
2012-10-31,168.60772705078125,169.61115685814448,167.25936600429438,168.98401023808574,1184575
2012-11-01,170.3950958251953,170.61459535912635,167.47887406087972,168.57637173053507,1347025
2012-11-02,167.3220672607422,171.55528564352025,166.75763654812835,171.17900248905295,1061125
2012-11-05,169.10943603515625,169.51708311819968,166.78899721070889,167.22800820266215,710375
2012-11-06,171.80618286132812,171.99431849466902,169.924742795122,170.42645775374467,870675
2012-11-07,165.3152313232422,169.14080318814595,164.02958606436442,169.14080318814595,1606125
2012-11-08,161.89727783203125,167.03985833440208,161.86591392355328,165.3465661313796,1622325
2012-11-09,162.11679077148438,164.56264951499006,160.1726469487447,161.20742873952506,1131150
2012-11-12,161.2701416015625,163.1515695289991,160.54892716398425,162.11678775745708,457075
2012-11-13,161.20741271972656,163.8727707285863,158.3852590947242,159.42005274450042,1780350
2012-11-14,159.95314025878906,162.5244427619656,159.5141411851677,162.2108634509306,1335900
2012-11-15,158.9496612548828,161.6150307465751,157.6326644411099,159.6395235640918,1486200
2012-11-16,160.36080932617188,160.89388824696468,156.94287212005557,158.98109605429923,1322900
2012-11-19,165.66012573242188,165.81690937071255,162.9320401864999,163.7159703397781,1273675
2012-11-20,165.0956573486328,166.22450646353235,163.7786487718502,164.8134420794524,1296850
2012-11-21,166.41268920898438,166.56947284466347,164.37446605968216,165.0016125642232,545075
2012-11-23,168.9527130126953,168.9527130126953,166.5695574769474,166.97720470629415,319750
2012-11-26,165.28387451171875,167.54159778013056,164.53130806346684,167.54159778013056,818725
2012-11-27,163.99827575683594,166.31871554834788,163.55927654375213,165.97378417754447,1079400
2012-11-28,165.5347137451172,165.59742960026517,161.2701312896637,162.33627690352708,1076700
2012-11-29,166.97711181640625,168.1373250186837,165.6287510832903,166.50674897022196,1814300
2012-11-30,166.2245635986328,167.76107213937456,165.4406333549909,167.47885677319042,886700
2012-12-03,165.0956573486328,168.73309195039027,165.0956573486328,168.73309195039027,1096275
2012-12-04,164.21768188476562,166.03640554578007,163.49646759355028,164.43718136636053,1039475
2012-12-05,169.26620483398438,169.76791967605794,166.2245518753866,167.16527767087175,1495275
2012-12-06,168.7958526611328,169.6424867319447,167.729707134311,168.20005806678148,759125
2012-12-07,170.3950958251953,170.48916363635792,168.5136678309783,168.5136678309783,829375
2012-12-10,169.45440673828125,170.64597239426215,169.0467595602724,170.48918869866773,604450
2012-12-11,170.14422607421875,171.24173566502853,169.67387507400917,170.2696577923388,680700
2012-12-12,170.80274963378906,172.33924643149263,170.20695490821478,170.64595399327294,1124200
2012-12-13,168.45095825195312,170.89681712801874,167.5102322579329,170.89681712801874,1176925
2012-12-14,168.7958526611328,169.39163529365885,167.60427543425544,167.60427543425544,694525
2012-12-17,171.05361938476562,171.05361938476562,169.10947524550178,169.42304263634688,1111725
2012-12-18,175.25546264648438,176.00804102642658,169.64251861330771,169.64251861330771,1351575
2012-12-19,173.68760681152344,175.4122511929253,173.3426755428775,174.91053624630243,828525
2012-12-20,174.97323608398438,175.06731585161603,173.24859186054343,174.31473751969676,805225
2012-12-21,173.68331909179688,173.90408864690596,170.7817694926271,171.98022935435108,1020125
2012-12-24,170.84481811523438,173.3679191026653,170.49790315894793,172.51637432406292,587600
2012-12-26,170.2140655517578,172.67407593431454,170.05636270689615,171.94868856589494,477375
2012-12-27,169.01564025878906,171.12872421426727,166.71332005598276,171.12872421426727,557800
2012-12-28,165.9878387451172,168.13246687947853,165.86168131814665,167.75399459856695,909175
2012-12-31,170.5609893798828,170.84482562084935,165.3255630226851,165.86172621693208,1412100
2013-01-02,174.31405639648438,174.9448315725586,171.50711949554173,174.9448315725586,999300
2013-01-03,174.75559997558594,176.9317617573025,172.64251691622817,173.9040552702961,892600
2013-01-04,176.6479034423828,177.05790909880145,174.50328715973907,175.03943822264114,549450
2013-01-07,175.7964630126953,176.11184474085815,174.59799078980134,175.9226084853354,765200
2013-01-08,175.95413208007812,176.1433562811186,174.40873292901966,175.38643541487627,715225
2013-01-09,173.77792358398438,176.74256381910482,173.33638449306122,176.01717645101135,1069200
2013-01-10,176.4586639404297,176.67943342133202,174.15634504599504,175.41788321814633,568675
2013-01-11,176.994873046875,177.27872133419993,175.3233287054272,175.95410401404243,512850
2013-01-14,176.7110137939453,177.37333444396282,176.11178390501647,176.49024425428533,625575
2013-01-15,178.2564239501953,178.35103603577602,175.67025600865668,175.827946828304,455950
2013-01-16,178.382568359375,179.17103443092822,177.0579391030261,179.17103443092822,553625
2013-01-17,179.83331298828125,180.7479363658722,178.98176832959678,179.10792576740977,849900
2013-01-18,180.4010467529297,181.6625852989693,178.66642373272649,181.6625852989693,575125
2013-01-22,183.05026245117188,183.3341106815645,179.64408368646033,180.46409503249944,880000
2013-01-23,181.4102783203125,183.23951338177412,181.1895087789471,182.19874440548543,714425
2013-01-24,181.28411865234375,183.33413526125224,180.0541134994137,181.34719738211422,703625
2013-01-25,182.6087188720703,183.58640895041984,181.1579323801682,182.4194827128564,544350
2013-01-28,180.90565490722656,183.1448956323544,179.36025613446785,183.1448956323544,814450
2013-01-29,184.3748779296875,184.5010353712361,181.28409279796205,181.28409279796205,894500
2013-01-30,183.8387451171875,186.96106390403804,183.52335148197628,184.5641324316178,922250
2013-01-31,183.23951721191406,184.1541407772815,181.82028785376767,182.95566893407718,601425
2013-02-01,185.0687713623047,185.57338920526172,183.39722701332926,183.9649235905357,603750
2013-02-04,182.89254760742188,184.02792834861904,182.51407532932183,183.64946810155334,615725
2013-02-05,186.4249267578125,187.05570204452368,183.5233652513561,184.31183135198563,569325
2013-02-06,187.5918731689453,187.5918731689453,184.784935477145,184.784935477145,648450
2013-02-07,186.5511016845703,188.12803403344736,185.4157084684126,187.24494373696967,908475
2013-02-08,188.82186889648438,188.91649301492075,187.0557124328532,187.43417281348295,739400
2013-02-11,187.11878967285156,188.5695644795378,186.5826264427919,188.3487949233481,527825
2013-02-12,185.98336791992188,187.52875457569542,185.60489556945612,187.4341425035973,821075
2013-02-13,187.2764434814453,187.49721299400272,185.98335975173643,186.7402803573515,349475
2013-02-14,188.06497192382812,188.41189899622142,186.29880320575322,186.86649986402585,541975
2013-02-15,184.40643310546875,188.12799361167552,183.52334299873456,188.03336950996757,1188800
2013-02-19,187.3395538330078,187.3395538330078,185.1318463036619,185.1318463036619,760450
2013-02-20,180.74798583984375,186.9610909648285,180.65336172006596,186.6772426675726,1332150
2013-02-21,180.74798583984375,181.6310640841781,177.24719418403436,181.06336748966638,2042425
2013-02-22,183.93338012695312,184.09107094870274,180.81106095077945,181.9464420859999,1087300
2013-02-25,178.13026428222656,185.9518467443157,178.03565219781427,185.03722315820283,1718225
2013-02-26,179.23411560058594,179.73873341200868,175.7333242702616,179.17103687027839,1704000
2013-02-27,182.48263549804688,183.49187136140856,178.50875875889992,178.50875875889992,1152975
2013-02-28,182.82952880859375,184.87953351377843,182.32491097012877,182.79798342623064,1584050
2013-03-01,182.57725524902344,182.89264898893668,179.4233900361371,180.96878928410945,1420375
2013-03-04,181.66259765625,183.30260870559454,179.80181704555508,181.37874935865113,1281400
2013-03-05,183.42881774902344,184.02804786529927,182.6718847322689,182.86112099421808,1248800
2013-03-06,184.7218017578125,185.54181308298956,183.68103296020854,184.18565068684225,941325
2013-03-07,189.0426025390625,189.3579961555325,184.6902789111029,184.72181225723176,1476000
2013-03-08,190.9980926513672,191.6288561055305,189.011154083836,189.89423254449798,1137800
2013-03-11,191.21881103515625,191.62880476430846,188.60109768375824,190.61956907079173,805525
2013-03-12,191.66036987304688,192.4488360916964,190.1465161769646,191.59729113183016,711500
2013-03-13,190.80880737304688,192.2911275777781,190.49342572699447,191.34495857754368,805725
2013-03-14,195.85501098632812,196.04424721682503,191.12421350326667,191.18729224676565,1039275
2013-03-15,195.95936584472656,198.1732410484597,195.0421870787351,195.64310312904294,1339125
2013-03-18,194.94728088378906,197.3509205883813,191.7529845108213,193.33432197686716,1323625
2013-03-19,191.7846221923828,195.39006998993992,190.0135318018065,195.39006998993992,1163200
2013-03-20,193.27110290527344,193.99851682691875,191.4051238663921,193.61899914272328,558450
2013-03-21,190.58273315429688,193.42914462828702,190.39298043246023,192.13244874894573,917500
2013-03-22,191.0255584716797,192.38550957042267,190.45627605524558,191.21531123405995,1153450
2013-03-25,190.29812622070312,193.46080084280274,189.5390910676011,191.78458715377673,924500
2013-03-26,192.63851928710938,192.8915390591212,190.32976815841192,191.6580857675337,724200
2013-03-27,192.0692596435547,192.4487772819353,190.2665357804366,191.7529969556789,647700
2013-03-28,191.3102264404297,192.9548069127875,191.05720663566797,192.2906480222605,652225
2013-04-01,189.1912078857422,191.78460028830278,187.799635299988,191.4050826857602,738175
2013-04-02,186.18663024902344,191.05715150339282,185.7438577831071,191.05715150339282,755800
2013-04-03,181.8221893310547,186.94571940427758,180.5254930759598,186.5978232272391,1547825
2013-04-04,181.8221893310547,182.54960312638622,180.2408518460781,181.85381077230932,1264250
2013-04-05,184.35231018066406,184.47882006350818,178.40647839810123,179.41853333156132,1214425
2013-04-08,187.16708374023438,187.23033867997404,184.16254045815495,184.76344428871238,1180925
2013-04-09,189.41258239746094,190.36138237722398,186.3764176363607,187.54660387591358,1178075
2013-04-10,190.45626831054688,191.34181333803613,189.47583484107938,190.39301337077677,739650
2013-04-11,189.76048278808594,192.44875146839183,189.22283387788337,190.67766135041018,1299350
2013-04-12,185.71229553222656,188.43219819209222,184.03606943681595,188.14755693548653,1128900
2013-04-15,174.5164337158203,183.43517759220015,174.48480020485934,183.1821577631102,2539825
2013-04-16,178.24832153320312,178.8492252936312,174.3898551119155,177.1413783139159,1800725
2013-04-17,173.02993774414062,176.3191224759791,170.97420633522685,176.3191224759791,1592000
2013-04-18,175.27540588378906,176.47722550938934,170.91092398730848,173.97870988880945,1777250
2013-04-19,174.2317657470703,176.1293659159234,172.52391835631397,175.84472468413065,1678175
2013-04-22,175.21217346191406,176.03446352974018,171.4802165582849,174.83264383247507,1661525
2013-04-23,176.8251190185547,177.2362700542326,174.7061330359165,175.62329941061267,1074250
2013-04-24,181.2212677001953,182.01193641796638,177.36281256143266,177.36281256143266,1369700
2013-04-25,181.50587463378906,184.9848235735787,181.18961203228312,182.07515696821562,1507575
2013-04-26,179.92459106445312,181.3794187679462,177.55258465302583,180.46225212466052,1016275
2013-04-29,182.80259704589844,183.68815417457222,180.81010858719077,181.5691558311045,860925
2013-04-30,181.4427032470703,183.49844729737467,180.2408951562513,183.30868241030566,1363800
2013-05-01,177.42608642578125,180.58876184916167,177.14144515509105,180.49388544714802,1972550
2013-05-02,180.71527099609375,181.31618704536606,176.98331304714168,178.69116066404843,1545200
2013-05-03,185.61737060546875,186.21828650950147,182.26494320253389,182.54958440322142,1158325
2013-05-06,187.1354522705078,187.70473466970142,185.07972099754977,185.52249351589006,929725
2013-05-07,189.57070922851562,190.45626631135548,186.85081923482798,188.46377795577334,1447000
2013-05-08,189.12794494628906,191.0255570080792,187.67311747750256,189.9502471257921,897700
2013-05-09,188.30572509765625,190.0451944215614,186.43974584282864,189.4442903466563,1081825
2013-05-10,188.30572509765625,188.36898006311748,185.17467066290615,187.13552633360007,1232125
2013-05-13,187.48336791992188,188.5270564485978,186.62944423227273,188.2740366605621,1297050
2013-05-14,191.43670654296875,191.43670654296875,187.45174150433593,187.92613549734256,1061200
2013-05-15,190.7725372314453,192.19574326155762,189.60235096875147,189.66560591060608,906850
2013-05-16,189.34938049316406,191.4051244123315,188.8117314444078,190.42469065532632,1358500
2013-05-17,193.58731079101562,193.87195198969013,190.51952461046378,190.51952461046378,894700
2013-05-20,198.01507568359375,198.64761307097857,193.42919470586295,193.65058098175055,1364950
2013-05-21,196.87652587890625,199.84943614328228,196.56026319331343,198.0467122931774,1062925
2013-05-22,193.93519592285156,200.19728987363106,192.3538587009988,196.74997424740621,1871775
2013-05-23,194.03009033203125,194.18823372063358,189.3177117290605,190.7409177739548,1922500
2013-05-24,193.08132934570312,193.17621781097097,190.67770136771858,192.38554896675052,976475
2013-05-28,195.9909210205078,197.6355130269727,194.53608174175213,195.57977000273047,971025
2013-05-29,195.86444091796875,197.25601341272665,193.6505662627182,194.78913106054114,1054125
2013-05-30,195.1054229736328,196.14911154979242,193.93523656234774,195.07380153101346,1207575
2013-05-31,190.99391174316406,195.3584059453987,190.86740186723938,194.25146262802656,1359450
2013-06-03,192.70179748535156,193.9352388611439,190.36141257039176,191.97438365000346,1636500
2013-06-04,192.51211547851562,193.9353223186761,190.07685312194175,192.70188041208814,1065075
2013-06-05,189.34938049316406,192.95482866492873,189.19124912968573,191.8795185027665,866050
2013-06-06,191.12045288085938,191.68973535099272,187.64151517639817,189.3493505221504,983400
2013-06-07,194.2515106201172,194.66266178612912,191.18372379120936,192.32228882653547,734125
2013-06-10,194.03009033203125,195.23191011045827,192.92315899969495,195.1054002254351,475250
2013-06-11,189.91860961914062,191.6897117598814,189.47583710011702,190.77253321924888,840350
2013-06-12,188.0210418701172,192.41715844011813,187.70476711331776,192.41715844011813,729275
2013-06-13,191.46835327148438,192.06925719665236,187.293623108538,187.89452703370594,705650
2013-06-14,188.9065704345703,192.2273766684924,188.52705282445996,192.2273766684924,789425
2013-06-17,192.4487762451172,193.1445686322732,189.9502720692034,189.9502720692034,566400
2013-06-18,194.12501525878906,194.88405058227553,192.57529903764336,192.9864502089104,670200
2013-06-19,192.8599090576172,195.516556388752,192.60690134565755,193.99847392305313,1084625
2013-06-20,184.76345825195312,189.66561390275712,183.81465821344648,189.66561390275712,1746150
2013-06-21,184.50328063964844,186.50254560514549,181.48851869928788,185.9630560278049,1645425
2013-06-24,181.61549377441406,183.9955675367821,177.6804452664804,181.4250835153794,1819750
2013-06-25,185.074462890625,185.23313199200263,182.12317160343042,183.0751983173727,1081300
2013-06-26,185.42355346679688,188.31137486813358,183.86856712499534,186.59771941529365,663725
2013-06-27,185.20130920410156,187.93045994583724,185.10611021263134,186.88322261698363,820625
2013-06-28,184.63018798828125,186.15343317997124,183.99549946532457,184.0589695281879,752900
2013-07-01,186.02650451660156,188.0892393168907,185.0427487457957,185.83610642195654,587550
2013-07-02,186.28038024902344,187.70842645248507,184.43978467441127,184.43978467441127,843700
2013-07-03,187.29583740234375,187.70838668609488,184.94749390907717,185.93126155319925,525775
2013-07-05,190.24716186523438,190.27889084389827,186.8198510970512,189.67594340387052,633325
2013-07-08,190.78665161132812,192.21469785732077,190.40584331428923,190.9770618126863,888875
2013-07-09,192.944580078125,193.0397912289818,190.81838736459832,191.6117450229012,557600
2013-07-10,192.50027465820312,193.61097038137723,191.8973272807194,193.5792414060046,804050
2013-07-11,194.65821838378906,195.7054441055779,192.91283411035698,195.0072976596107,1021900
2013-07-12,194.37261962890625,195.2929173863892,192.97631455614632,193.99181135554932,621000
2013-07-15,193.00807189941406,195.10253586919538,192.9446018269142,195.0390657966955,613725
2013-07-16,192.50027465820312,193.67444043779798,190.88183058933865,193.26190322957643,814575
2013-07-17,194.34091186523438,195.48333681001714,193.3888729193983,193.86489239231634,632250
2013-07-18,197.57778930664062,198.08553773248906,194.118749372524,194.118749372524,1069400
2013-07-19,199.5135955810547,199.54533666896205,196.65751505897435,197.79995211007773,599100
2013-07-22,198.91065979003906,199.64054748108708,198.24424217286634,199.19626906963862,674750
2013-07-23,199.38668823242188,200.90993375670064,198.5298603552002,198.5298603552002,547625
2013-07-24,195.41983032226562,200.56078366714718,194.43606263849057,200.56078366714718,1059175
2013-07-25,197.9585723876953,198.81539996460666,194.97554035570576,194.97554035570576,1292850
2013-07-26,196.97488403320312,197.7999829680216,195.67377765661706,196.34019533849968,780400
2013-07-29,196.02279663085938,197.006564409742,194.5312804738352,195.95932657038216,811150
2013-07-30,196.1814422607422,197.0065408425663,194.08697893825178,197.0065408425663,780675
2013-07-31,197.8634033203125,199.83093911035073,196.43536916085844,197.10178671602736,782150
2013-08-01,203.4803924560547,203.86118865836653,200.24347946826995,200.5608298129929,825650
2013-08-02,202.59185791015625,203.95642225371316,201.16381138122472,203.67082505360676,934375
2013-08-05,203.73426818847656,204.14682972928298,201.67154522419764,202.0523535689496,411925
2013-08-06,201.92538452148438,204.43238539651512,200.3386692839243,203.0995504076894,1054575
2013-08-07,199.10104370117188,202.84568071954521,198.56155419736265,201.35417655044785,1051100
2013-08-08,200.4021759033203,201.00512344553883,197.19700375958504,200.4656338714033,1115950
2013-08-09,200.27520751953125,201.16376421556302,198.52982310703584,198.52982310703584,412975
2013-08-12,199.32318115234375,200.8464263938396,198.33941330431063,198.5298234991265,668175
2013-08-13,198.75192260742188,200.11649846432655,197.13346654194206,200.11649846432655,1196825
2013-08-14,197.60948181152344,199.35486583967975,197.13346248308335,197.79989196403434,944725
2013-08-15,196.78439331054688,197.38735277146768,194.6899299486128,196.11797590122126,1038925
2013-08-16,195.9276580810547,196.81621499070445,194.8169498383125,196.27672536293142,829300
2013-08-19,191.96083068847656,196.08628822717858,191.86561953446574,194.97558020535425,1110275
2013-08-20,193.9283447265625,195.29292084473929,190.9770533180105,192.46856956477978,1287250
2013-08-21,191.73866271972656,194.21394671215847,191.5165235558217,193.6109871766939,1279300
2013-08-22,195.83236694335938,196.5939954875471,192.15118854208131,192.53199676133767,677375
2013-08-23,197.70468139648438,197.92682052220752,195.0389997821322,196.244906540111,543400
2013-08-26,198.1490020751953,200.24346578452906,197.7364648137632,197.89513392244302,663275
2013-08-27,196.59405517578125,198.62504910268174,196.1497767674816,196.75272430650557,781775
2013-08-28,199.1645050048828,201.13204075101288,196.403623691026,196.78443198467033,1505575
2013-08-29,197.92686462402344,199.16450063044215,197.32391716352325,199.03757260580014,841325
2013-08-30,196.752685546875,198.87887811222143,196.4036062646417,198.87887811222143,786750
2013-09-03,198.84715270996094,200.7194771709606,197.4191065777279,199.54531128698076,586125
2013-09-04,199.79917907714844,200.211728426994,197.95859570326516,198.40287403124813,540450
2013-09-05,201.036865234375,201.8936931262151,199.7674999953256,199.7674999953256,816275
2013-09-06,201.79844665527344,203.5755720992706,199.7357119810924,202.0205858225635,770100
2013-09-09,204.146728515625,204.81314581495846,202.56001374254166,202.56001374254166,536625
2013-09-10,203.6707305908203,204.36888903797544,201.48106833248048,204.241948937461,924075
2013-09-11,205.76524353027344,205.8604667927746,201.73499702653513,203.63905068350877,860400
2013-09-12,205.25746154785156,207.3201959723203,204.5593030462144,206.08256015990915,734500
2013-09-13,205.4478759765625,206.36817369192116,204.84494066821551,205.60655718006834,444225
2013-09-16,204.81320190429688,207.51061291497172,204.55932166035385,207.2250157990503,731575
2013-09-17,207.44712829589844,207.57406840155397,204.81317557908238,205.0987726582952,769350
2013-09-18,210.1763153076172,211.44566815447644,206.2729850905995,207.1615417679424,1459975
2013-09-19,209.47816467285156,211.9851777999381,208.65306592196566,211.03313891727325,862000
2013-09-20,208.07608032226562,210.2379107992145,207.1859191120644,210.0789673002922,875575
2013-09-23,208.17153930664062,208.58482163654733,205.6917725619564,206.86807123872654,815575
2013-09-24,209.15701293945312,210.84196445179043,207.15415016621574,207.6310049300286,638350
2013-09-25,209.98362731933594,211.5414096669374,209.15703853577952,209.66569176445293,834400
2013-09-26,211.31883239746094,211.4460017461721,208.45758268914247,210.36507440966372,565925
2013-09-27,210.84197998046875,211.79573808848843,209.8882218724491,210.77840742563637,562025
2013-09-30,209.3478240966797,210.3651550211349,207.02704929483616,207.31316224776927,1001550
2013-10-01,213.51254272460938,214.2119380269047,209.12528341199695,209.22065439616983,1153375
2013-10-02,213.95761108398438,215.03851451539188,211.06456203801537,212.8766833974958,871525
2013-10-03,214.3708953857422,214.9113471064275,211.35070117713016,214.27552440621906,825250
2013-10-04,217.45458984375,218.6944605370749,214.02109057527937,215.26096126860423,790950
2013-10-07,213.95761108398438,216.5962970951008,213.86221585025928,214.3073208424,1030150
2013-10-08,209.72930908203125,215.38821323908675,209.6339381082732,214.6252211939426,1433575
2013-10-09,207.85357666015625,210.5240850165911,206.5501330168973,209.92003655101266,1853325
2013-10-10,214.24374389648438,214.72062308902846,210.5559282679822,211.03278320544302,1093600
2013-10-11,217.804443359375,219.83910554688353,213.0674734729095,213.09927189133242,1474925
2013-10-14,219.64833068847656,219.93446793290252,215.76977272082166,216.34202295458806,987150
2013-10-15,219.61651611328125,221.8737182158065,218.18587866458367,219.90262904997212,1340075
2013-10-16,225.7840118408203,226.61060052260152,221.30140727881238,221.81006044485696,1843025
2013-10-17,227.1828155517578,227.2781864897804,224.67127574518977,225.466065902139,1564550
2013-10-18,231.18862915039062,231.25220170842871,226.86496755147746,229.0585967574918,1508400
2013-10-21,229.24935913085938,234.4949809471263,229.15398815775848,231.12505294872304,1671875
2013-10-22,227.5643310546875,233.22323327775393,227.24641983245024,230.9342336695312,2428900
2013-10-23,221.7464599609375,225.75220925487764,220.41121828131458,225.65683831420048,2655775
2013-10-24,227.37359619140625,227.53256395192585,219.8389997422433,221.26961256662048,1946500
2013-10-25,227.11929321289062,229.4082932516663,224.7984947693886,228.4545351504844,1005425
2013-10-28,226.13380432128906,227.72338546182834,225.1800701900155,226.67428034293576,627700
2013-10-29,228.5498809814453,229.0903325269924,226.76955859372623,226.92850208973064,746125
2013-10-30,224.22625732421875,230.48920937707013,221.74651522828472,228.7406608452821,1981700
2013-10-31,221.20608520507812,224.54419056224944,219.83904465259468,223.90836790043008,1980575
2013-11-01,219.87078857421875,222.38230444456164,214.21186156406068,222.38230444456164,2662350
2013-11-04,226.64244079589844,226.89677955344536,220.95173843494996,220.95173843494996,2023950
2013-11-05,221.93731689453125,225.81589885986716,221.20612313357486,225.81589885986716,1640525
2013-11-06,217.10501098632812,224.3852960538192,216.24662352472157,223.33616660300459,2422050
2013-11-07,211.03271484375,218.56733573095707,209.72927134512096,218.56733573095707,4080800
2013-11-08,216.40553283691406,217.16852484252024,211.31887904107523,212.20904042346223,2038975
2013-11-11,217.16856384277344,218.4402335838758,214.94315998715646,216.75528148532538,799550
2013-11-12,214.5934295654297,217.89976087230673,213.54430031077936,216.91422843889126,1652750
2013-11-13,217.804443359375,218.40846777889107,213.03569930957312,213.5761511473299,910025
2013-11-14,220.0934295654297,221.01536534184226,215.73796822802822,218.18591266987087,1951950
2013-11-15,220.3794708251953,221.1424627820556,218.85346265639782,220.60201115657443,927700
2013-11-18,213.9893798828125,221.30146196015602,213.19458940723516,220.09338916910744,1953350
2013-11-19,212.87657165527344,215.92856264525133,210.5875723490229,213.57599080496868,1472600
2013-11-20,212.97206115722656,217.23215096125872,212.46340783656888,214.59344061104403,1309600
2013-11-21,219.07601928710938,219.1077934368118,214.05293855544875,214.46622079726532,1565250
2013-11-22,220.3794708251953,220.63380956250774,216.4373174171608,220.63380956250774,974975
2013-11-25,217.804443359375,219.74373454670135,214.14840140350958,219.36222629088604,1502275
2013-11-26,219.20321655273438,220.98356381780238,216.1830222672105,218.09051467149305,1196650
2013-11-27,216.34194946289062,219.96619162722183,214.78414286649695,216.27835265013965,1320675
2013-11-29,215.48361206054688,218.4720323182619,213.98940193168934,217.48649978862522,647150
2013-12-02,215.64260864257812,216.8506817192701,213.00389781853085,216.05589105576811,823775
2013-12-03,215.10202026367188,217.99504382965358,213.9575204943622,214.84768159158733,1523725
2013-12-04,214.3708953857422,216.62809750308784,212.71774181215147,214.87954869489272,1307175
2013-12-05,214.11656188964844,216.08765111708612,213.32177136722578,214.37090067804334,794850
2013-12-06,210.42880249023438,217.45474966800901,209.7611811843016,215.1339500525479,1615150
2013-12-09,210.04721069335938,212.78129167161438,208.55300082674574,212.78129167161438,1175300
2013-12-10,210.4604949951172,214.0211648336043,209.8564707651198,210.4604949951172,1662325
2013-12-11,206.7090606689453,210.84198013325715,205.88249618014396,210.7466091734013,1230725
2013-12-12,208.13973999023438,209.31601440680961,206.20044923011278,206.9316429071599,1309725
2013-12-13,207.72640991210938,208.83913589015575,204.3247079275625,208.61659554556218,1748350
2013-12-16,208.99810791015625,209.85649525280465,207.69466407272805,209.02990632231254,1333425
2013-12-17,208.99810791015625,209.92006782203555,206.55016378591796,207.59929309134083,1150100
2013-12-18,210.49227905273438,211.54140816420974,206.64549656573536,209.6974886813277,1441900
2013-12-19,212.55877685546875,212.97205919062947,209.06170344733806,209.50678419445933,1655050
2013-12-20,215.5955047607422,216.51860007747422,212.69881659977062,212.88979848797848,1689950
2013-12-23,216.7095489501953,218.68309270141975,215.6909386731033,215.6909386731033,1448300
2013-12-24,218.17391967773438,218.36490162046334,215.6592188608782,215.7865482512302,259050
2013-12-26,216.86874389648438,219.31979139531796,216.55043266283585,218.2056899347529,532175
2013-12-27,219.12876892089844,219.4471044164495,215.69097385348007,217.53718858549766,512700
2013-12-30,215.94557189941406,220.62482118351627,215.7227516613894,219.19240883701272,712550
2013-12-31,218.14198303222656,218.74679129266164,214.926984158906,215.34081056260877,565975
2014-01-02,213.62185668945312,217.21881853021782,211.77561817199924,216.8368548959736,1511000
2014-01-03,211.68023681640625,215.27720051874317,210.3433148334769,214.22677569535276,1215000
2014-01-06,210.53419494628906,213.11254670741238,210.2795363244149,212.66690626192397,1093325
2014-01-07,212.47593688964844,213.55819966766134,210.62969820124312,211.2026679912453,1006300
2014-01-08,211.5210418701172,213.46277205173735,210.34328782544335,212.50783830894167,994775
2014-01-09,210.66159057617188,213.23994314899335,208.3378724198039,212.66697321218962,1745000
2014-01-10,211.99851989746094,212.22134019830187,209.86580783432768,210.3432868462986,1137450
2014-01-13,206.0778350830078,212.8261451046575,204.86824265319885,211.17088779482316,1741625
2014-01-14,210.08863830566406,210.47062639085132,206.61900426951857,206.61900426951857,1002525
2014-01-15,209.8021240234375,211.71201550101597,209.19731574606237,210.82073443051854,1101550
2014-01-16,211.99851989746094,212.73065762056189,209.229185342094,209.77031688905177,1015350
2014-01-17,209.89767456054688,212.82617727683316,209.57933898589408,211.68023720774815,1379250
2014-01-21,215.05430603027344,215.05430603027344,211.2663617181847,211.71200222548924,992925
2014-01-22,219.00143432617188,219.2560686884432,216.04109433019755,216.1684236541259,1637825
2014-01-23,216.5504150390625,219.924557555198,215.1180024614246,219.44710288637765,2029400
2014-01-24,211.61654663085938,215.53182092522178,209.92945095943892,215.53182092522178,1460500
2014-01-27,207.5420379638672,212.47594605081693,205.47300323603537,211.6165034715498,999250
2014-01-28,211.17083740234375,211.52098696949773,207.89218626043402,208.68797631567756,544200
2014-01-29,209.83396911621094,212.2850167074567,207.12828709980008,208.75170602388312,1280925
2014-01-30,210.69345092773438,212.98533091363424,209.57932506166028,210.94808537070645,1110125
2014-01-31,209.2928466796875,211.64837914273258,207.12829611522673,208.49705638812975,715975
2014-02-03,203.84971618652344,210.02505880720005,203.02208719025933,209.26108237114042,1322875
2014-02-04,207.25563049316406,209.10186984281194,204.93191209990476,204.93191209990476,1443775
2014-02-05,204.7408905029297,207.25559031186353,202.67183123881065,207.16009937877297,1363825
2014-02-06,207.51025390625,207.7648883053275,204.8045478814508,205.21837431543076,1250550
2014-02-07,209.32469177246094,209.5475120897853,206.10969209198663,208.05142240821033,863950
2014-02-10,207.8285675048828,208.8790163769975,206.10965779203758,208.8790163769975,806275
2014-02-11,210.75709533691406,211.68021497815752,207.44660485005227,208.14690418379504,1058725
2014-02-12,212.5396270751953,213.87657301254157,211.4255256987306,211.77567531498931,893175
2014-02-13,215.53175354003906,216.55036373484495,210.85250460948046,210.85250460948046,976050
2014-02-14,217.250732421875,217.79186394881634,215.37267913934076,215.37267913934076,840325
2014-02-18,220.5293426513672,221.57979138344749,218.26930174287025,218.26930174287025,952200
2014-02-19,218.8423614501953,221.38890046130865,218.49221172902733,220.14746937192976,1216275
2014-02-20,219.31979370117188,219.92457776578547,217.72821323060546,217.72821323060546,795700
2014-02-21,219.6381378173828,221.45253885401567,218.5876887210179,220.40208975765077,747675
2014-02-24,225.17677307128906,226.86384429630695,219.76540978890097,220.1473978020625,1457750
2014-02-25,223.55335998535156,225.049424936034,220.94316949407033,225.049424936034,1431725
2014-02-26,220.27471923828125,222.82125761092774,219.6380967879145,222.82125761092774,831400
2014-02-27,220.1473846435547,220.4656958260361,217.3461879523106,220.21103716581635,1057475
2014-02-28,221.83447265625,222.69391534293885,219.19244349789915,219.54259311096195,1153525
2014-03-03,221.00685119628906,223.90351484179433,220.27471354027523,220.65670157196797,874900
2014-03-04,225.11312866210938,225.78158949505374,222.05729730339704,223.1077218776874,968150
2014-03-05,222.53475952148438,225.84522503014173,221.802621929678,224.444650941275,850225
2014-03-06,223.39418029785156,224.15813193388593,221.80260022285566,222.82121049942967,504825
2014-03-07,223.55335998535156,226.00438274637983,221.89810301883023,224.3809641830263,613550
2014-03-10,222.05734252929688,223.8399051135322,219.86095342686846,223.8399051135322,543275
2014-03-11,217.37814331054688,223.7763059488002,215.91389165486294,222.2802158720624,1616850
2014-03-12,218.8423614501953,219.765481234584,215.27721169175578,216.3913376876153,713975
2014-03-13,216.5504150390625,219.924557555198,214.99067312120968,219.00146233841969,866675
2014-03-14,219.2879638671875,219.6381135272522,216.0411502659232,216.0411502659232,926250
2014-03-17,219.3516845703125,222.21651067400632,217.85559468448332,220.02014561354747,659625
2014-03-18,223.48976135253906,224.09456979635053,219.28798923135224,219.92461180387366,605325
2014-03-19,221.8026580810547,224.5720168767575,220.97502942620252,223.52156792470564,1162450
2014-03-20,223.6488800048828,223.9353528139037,218.4284983431745,221.45249132669963,1248950
2014-03-21,224.62486267089844,226.5384587843191,223.0620953504193,224.21025788501063,801850
2014-03-24,223.25341796875,226.79358125744122,221.18034564964472,226.4427525111607,512425
2014-03-25,224.56105041503906,225.96434102750197,223.76371680214547,224.78430285334161,559975
2014-03-26,221.37171936035156,226.85735426177462,221.37171936035156,225.32648732783508,822525
2014-03-27,224.87998962402344,226.34708062117602,221.05277350160236,222.1371599193972,992575
2014-03-28,228.48390197753906,229.31313568935587,225.7729727522911,226.12380146372558,743500
2014-03-31,229.08990478515625,231.41810536224708,227.46333736414928,229.6320858145948,638700
2014-04-01,230.3975372314453,230.52511354231237,228.35636492295913,228.83477000553722,508075
2014-04-02,233.17218017578125,233.58678478176233,229.72769406665103,229.72769406665103,733100
2014-04-03,234.3203125,236.23390754041984,233.45917891556834,234.25651221013337,1253250
2014-04-04,232.1835174560547,237.09507024512274,231.51373592485882,235.56420360072627,1092775
2014-04-07,227.04864501953125,232.4067259275423,225.54965447790286,231.32233995442905,1145250
2014-04-08,231.38616943359375,231.57752166894062,226.60216888844172,227.65463051553454,1050250
2014-04-09,233.58680725097656,233.8100596499314,229.2493112146946,232.66189750311048,851275
2014-04-10,230.49313354492188,234.7349531644014,228.5476623929638,233.6505913966646,919575
2014-04-11,228.83468627929688,231.8645434725692,228.06925302684527,228.06925302684527,809375
2014-04-14,233.71446228027344,235.85131086641263,230.55702747891146,231.03543259007412,1103825
2014-04-15,237.60546875,238.17955005048904,232.5025373749285,232.5025373749285,1297800
2014-04-16,241.56015014648438,241.5920502996104,238.53029258207246,238.53029258207246,990775
2014-04-17,245.1322479248047,245.83390539746796,240.57149868518414,242.0385896131661,1292100
2014-04-21,246.56739807128906,247.04580302680148,243.85646910030104,245.5787123405337,1243500
2014-04-22,246.02520751953125,247.52419829957833,244.36676464900876,245.92953139870883,979375
2014-04-23,247.71559143066406,249.1826823017086,245.83389585672316,245.83389585672316,609850
2014-04-24,248.57679748535156,250.93689876017663,247.23725818581042,248.80004997982562,943775
2014-04-25,244.0477752685547,247.49226109863534,243.05908972448202,247.49226109863534,906125
2014-04-28,243.53761291503906,246.37611900616446,240.85855896799055,245.2917568287431,721400
2014-04-29,246.72689819335938,249.37405144640022,244.0159689620465,245.19600705524869,786275
2014-04-30,247.5242156982422,247.97072051525595,242.99536722128124,245.51494402168032,537025
2014-05-01,244.84515380859375,248.19396415050946,243.53753955718628,246.6311973462026,492025
2014-05-02,246.47177124023438,248.57674373240164,243.9521940144698,245.1322565630507,454775
2014-05-05,245.89773559570312,248.38541312349054,243.47383406463246,245.6107071114336,404300
2014-05-06,244.94088745117188,248.16209762037565,244.68573486370326,247.42856434726588,858375
2014-05-07,245.16412353515625,248.03450478837394,241.01797942965987,246.7906664232627,823350
2014-05-08,237.8286590576172,244.52625625712378,237.57350647239852,244.14355171198557,1246225
2014-05-09,237.41407775878906,238.27518740292206,235.85128626979284,237.8286825011209,629600
2014-05-12,239.67849731445312,240.85853553002983,237.63732514042087,237.9881538890225,494250
2014-05-13,241.7515106201172,242.45314361331486,239.1681337082114,240.63522432929227,738925
2014-05-14,239.23190307617188,242.26176004686994,239.04052652760427,240.85844557655963,819150
2014-05-15,236.80810546875,238.62602530510136,232.34303194690835,238.11574439749575,2277300
2014-05-16,236.6804962158203,237.8286585139901,233.45926174969452,237.4140538134748,1027100
2014-05-19,238.91305541992188,240.34824618989057,235.14963979418502,235.14963979418502,576550
2014-05-20,237.09503173828125,239.51893191970862,236.17014647104182,239.51893191970862,513050
2014-05-21,241.14559936523438,241.52832829019667,237.98816481554704,239.71040847883816,979625
2014-05-22,240.41204833984375,243.63328329933128,240.25259619954232,242.03861590015634,945700
2014-05-23,238.4664764404297,241.33688171397674,238.3708003200924,240.25251990657327,613200
2014-05-27,241.0498504638672,241.3687789720642,237.92429268509156,238.88110254236798,796925
2014-05-28,243.792724609375,244.49438205704078,239.20007537570075,240.98609481871185,1204025
2014-05-29,248.2259063720703,248.41725865283183,243.21865225305373,244.20733814724267,675325
2014-05-30,245.7062530517578,248.03445285479367,244.68566731631398,247.6836485597291,621750
2014-06-02,242.93165588378906,247.68378284232514,242.54895123344008,245.83396258998343,669775
2014-06-03,244.65379333496094,244.71759363738414,241.52825983142816,242.74019791792452,430575
2014-06-04,245.32357788085938,245.99333513490123,242.58074855515164,243.9840633727757,330925
2014-06-05,247.4605255126953,247.5881018504268,242.74032268012334,245.73830578506664,588275
2014-06-06,249.118896484375,249.94813019011292,247.36475294006183,247.36475294006183,487875
2014-06-09,249.91612243652344,252.27622191692288,248.5766084881355,248.83173662162955,528850
2014-06-10,248.64044189453125,250.13943256383553,247.77933253806074,249.08694664717285,383575
2014-06-11,251.09637451171875,251.5428794993434,246.69507630128027,247.46050994682298,976400
2014-06-12,254.44509887695312,256.39059484073823,251.9893220534669,252.69097952666036,1726400
2014-06-13,257.3793029785156,257.3793029785156,252.56342505574347,255.59328331617326,1007375
2014-06-16,258.0489807128906,258.9419901842553,256.1991614749592,257.4748997194872,988075
2014-06-17,258.49560546875,258.9421104117457,255.56139884417095,256.9328138355705,793900
2014-06-18,261.2702331542969,261.3659092802298,257.37924181510925,257.37924181510925,484800
2014-06-19,263.9173889160156,263.9173889160156,260.4729023507411,261.49348825904235,810950
2014-06-20,266.1927185058594,266.6400992592133,263.22081814119554,265.17013044384726,819775
2014-06-23,266.6720275878906,268.55743873222434,266.09682030085577,266.7039903206208,701500
2014-06-24,256.4141540527344,266.79982233361136,255.74308302792795,265.58550681925954,1670675
2014-06-25,260.5045471191406,260.91998951996203,255.1040153322658,255.64725990826943,1286200
2014-06-26,259.865478515625,261.0797944091895,256.7977138525992,261.04785605071436,641725
2014-06-27,261.07977294921875,261.3034633422894,258.3315627598228,258.3315627598228,609075
2014-06-30,262.9331359863281,263.06096250939527,259.73754605089795,261.36730374448393,666375
2014-07-01,262.2940979003906,264.2434102327682,261.7188905829608,263.15689668632393,562125
2014-07-02,260.76025390625,263.3486995243242,260.0572198959194,261.91066876307684,669525
2014-07-03,261.2395324707031,261.6549504732155,259.38608406486975,261.62301212100635,182150
2014-07-07,255.7749786376953,261.0796443667025,255.32759807189035,260.7281275820825,800575
2014-07-08,255.32760620117188,256.1904046397197,252.25984320351625,255.58325921274644,1284225
2014-07-09,257.7881774902344,257.85210292790356,254.94410502423034,255.64713855612547,829475
2014-07-10,254.04949951171875,255.55143127133545,251.49301680848706,252.54756775210208,2054075
2014-07-11,250.27865600585938,253.72989972155742,250.08692837068332,253.1866551682776,935125
2014-07-14,253.4422149658203,254.62459194884704,251.90834554069826,251.94028388426108,845025
2014-07-15,247.7540740966797,253.05876488448388,245.77282401771967,252.2279047072728,1818025
2014-07-16,252.25999450683594,252.70737535522,248.58505949760035,249.06440308670548,1198700
2014-07-17,247.24282836914062,255.26374240598986,246.57175733699899,253.28249203883428,1259825
2014-07-18,250.50228881835938,251.0774959721496,247.1149713462703,247.4984265285198,833425
2014-07-21,250.9178009033203,251.36520608456334,247.8819991291382,249.5117574066463,1275475
2014-07-22,253.02691650390625,254.14536856688437,251.23739320314127,252.0043282776939,1397750
2014-07-23,254.81643676757812,255.00818881925065,251.8125976028712,252.89908691383567,1457900
2014-07-24,255.0401153564453,256.79770019616075,253.18669106597497,256.0307651662963,1088925
2014-07-25,251.33319091796875,253.63401991674004,250.7579836682759,253.44226791322907,1138625
2014-07-28,248.04176330566406,251.6847348177751,246.5078690151013,250.5343201949587,1267975
2014-07-29,249.03236389160156,250.7579856543474,247.0830517733379,247.0830517733379,1139050
2014-07-30,246.6995849609375,251.65276015099874,245.6130958578085,250.21475413087595,1937075
2014-07-31,240.59603881835938,245.51725166929603,239.86104219304076,244.94204433917554,2235000
2014-08-01,235.706787109375,240.11669369020925,232.51119627039918,239.98886713099944,2839725
2014-08-04,242.22572326660156,242.83286876664877,234.55630265919058,236.02627108204516,1974325
2014-08-05,235.64285278320312,241.90620766654422,233.08639483635784,240.97950781284263,2697550
2014-08-06,236.79330444335938,240.30844990804863,233.24619623996196,235.5150630797198,1974000
2014-08-07,235.64285278320312,239.03019552389608,233.50181285285933,238.391062751868,1699250
2014-08-08,242.8009796142578,242.99270724465276,235.70676472459266,235.93045508686043,2259025
2014-08-11,242.89691162109375,246.57184664470938,242.76908503813704,243.75971058051692,1011175
2014-08-12,238.35906982421875,242.19379282935975,237.08085320292435,241.81031321471988,1476575
2014-08-13,238.51882934570312,241.01138557896013,237.59210534454567,239.1259992313895,1041700
2014-08-14,235.77069091796875,239.66931568735077,235.35527288106317,237.943693688751,1772500
2014-08-15,239.28575134277344,239.44554058219884,236.1221243215529,236.40974007643564,896550
2014-08-18,240.6918182373047,241.17116157437914,238.03947290185226,239.66923049573947,790125
2014-08-19,243.02467346191406,244.8141963857211,240.9475347079687,241.90619725411335,949675
2014-08-20,243.50390625,243.9512868224056,240.7876600945623,242.7689343297962,894925
2014-08-21,245.48526000976562,245.77287583114912,240.6918742836855,243.34422023675077,915250
2014-08-22,243.91937255859375,245.16565061622876,242.19375116023417,244.94196030794592,670700
2014-08-25,248.361328125,248.96849819645487,244.910084108978,245.03791067035922,1208450
2014-08-26,249.3199920654297,251.33322994215746,249.16022714818743,249.63957066076185,955025
2014-08-27,248.00979614257812,250.69408062759823,247.4345888414421,250.34256370021384,643850
2014-08-28,249.44781494140625,249.60760423671115,246.66766649431958,247.78611842018339,866300
2014-08-29,252.61138916015625,252.8031167507632,249.57556415318956,250.98163149874955,754825
2014-09-02,247.91390991210938,252.1320882789945,246.8593592252831,251.84447246421462,769650
2014-09-03,248.23345947265625,251.1733967446517,247.56238842451074,250.40646188683107,685625
2014-09-04,242.32162475585938,249.54364147235543,240.8835944542981,248.32932590295638,1624950
2014-09-05,244.97398376464844,245.06984758047633,241.33098810023975,242.03402192353929,1113675
2014-09-08,239.76513671875,243.184417370389,237.8477874115502,242.9926897537948,1507925
2014-09-09,236.82521057128906,241.9701131542902,235.13155153100055,239.98883829523214,1172550
2014-09-10,237.5282745361328,237.84782874613023,232.89465315968818,236.2819960508465,1586000
2014-09-11,239.06211853027344,239.4775609005274,233.59766167744866,234.65221239827997,1594825
2014-09-12,234.3965606689453,238.96625610536722,233.1502823117776,237.6560766649385,1234325
2014-09-15,234.81202697753906,236.1541692866221,231.29685752933577,234.07703035279928,1779825
2014-09-16,238.87037658691406,241.0114162515095,234.0769911035646,234.0769911035646,1771150
2014-09-17,238.2312469482422,240.9474936028987,237.65603976651587,238.96621900352645,1812375
2014-09-18,234.46054077148438,238.71065864078903,233.05447280786163,238.03958739826723,1919775
2014-09-19,231.56825256347656,236.27646601922365,231.02374434790937,234.41881403988359,1792375
2014-09-22,224.55397033691406,231.11988561957688,223.46497818002464,231.08784997012816,2615850
2014-09-23,224.52195739746094,229.61455098911964,223.56110774117818,223.56110774117818,2163900
2014-09-24,227.11622619628906,229.51838612930618,220.58234824615835,224.3937587233754,2597525
2014-09-25,222.15174865722656,227.72475276182212,221.51118246075683,227.1162222059861,2356550
2014-09-26,225.16253662109375,226.34758691279887,220.55038031423152,222.50413961444167,1748650
2014-09-29,227.72471618652344,228.04499923331704,222.66416096468222,223.56098770614645,1813175
2014-09-30,220.45425415039062,227.9810178738398,218.6286133797154,227.7568172330915,3843975
2014-10-01,214.0805206298828,223.176713945541,212.76735233322293,221.12687238292148,3272350
2014-10-02,212.86346435546875,213.95245658188952,205.20858086319853,211.64637839515598,4259500
2014-10-03,209.85275268554688,214.43287349991607,208.82783174143836,213.3118700354291,2670650
2014-10-06,208.44346618652344,212.25487731714423,205.84911639760293,210.3651895751781,2276225
2014-10-07,202.61422729492188,209.46840224215023,202.61422729492188,207.2263710950755,2450450
2014-10-08,204.69613647460938,205.01643192459542,195.24763451540764,201.78151507885786,5672025
2014-10-09,193.5820770263672,202.80637552523464,193.16571139274433,202.325938602724,4233775
2014-10-10,188.16925048828125,195.34370898921043,185.76708984375,193.8383510755375,5787625
2014-10-13,177.15130615234375,190.92368840484542,176.95912894414408,188.00906794625084,6339075
2014-10-14,174.20468139648438,182.6602845904816,172.6032410273782,178.75277839811645,7330275
2014-10-15,181.4432373046875,181.66743802661412,167.0302709167148,172.47515955553055,5999600
2014-10-16,190.0269317626953,192.5892340674214,175.77410915650384,176.92714824813586,7561400
2014-10-17,185.09449768066406,196.94515993684587,183.717257860139,193.35792438579287,5958700
2014-10-20,187.5606689453125,189.57847467471396,182.30793515320175,185.09444972469237,3126050
2014-10-21,193.9023895263672,194.1265901852253,189.6105291427667,190.31515454859814,3858275
2014-10-22,185.38272094726562,197.64974652418982,185.25460279895884,194.8952674256898,4612275
2014-10-23,191.17996215820312,193.8703826822334,186.43969975263002,189.45041570691473,3290100
2014-10-24,188.809814453125,190.31516003197027,185.863157937774,189.93081777971403,2658500
2014-10-27,181.8274688720703,183.97339225107194,178.49647129288832,183.84528635803844,2700900
2014-10-28,190.2831268310547,190.57138655995018,180.9947686493284,182.6282445190759,2493750
2014-10-29,192.3970184326172,196.6248194465404,189.73863413990154,193.74223451051205,3569675
2014-10-30,189.51441955566406,192.20483946897602,185.60691393772467,190.41123433878045,1994075
2014-10-31,194.95932006835938,194.95932006835938,183.9414162558464,187.6887803350549,3279425
2014-11-03,190.82763671875,200.82062101614667,189.80270366089533,194.9593435089491,3244100
2014-11-04,182.94851684570312,187.40051844773157,180.86665200961326,187.0161762379643,2919525
2014-11-05,188.07321166992188,190.66753794925805,182.75642869675835,185.67105046726323,1926600
2014-11-06,189.77069091796875,189.93083251733333,183.7492714812979,185.63897167705,1701425
2014-11-07,197.64976501464844,197.97006041537952,189.80270485803055,190.31516528118004,2275625
2014-11-10,192.0767364501953,201.74943647016943,191.59629951561305,199.5394412327135,2287600
2014-11-11,194.54298400878906,195.56790488124068,189.54648559207214,193.10168521377258,1649900
2014-11-12,193.2298126220703,196.52877607448062,191.53227741871513,191.85257284294306,1827950
2014-11-13,187.81689453125,192.14079016793212,185.7670531411274,191.24397539623968,2782325
2014-11-14,192.33291625976562,192.9094355613802,187.14425476325044,189.00191856555165,2027400
2014-11-17,187.46456909179688,190.57136671096833,186.2474834459099,189.8987648196069,1924475
2014-11-18,188.04110717773438,190.28312592311033,184.9022858214157,186.72792668970288,1362975
2014-11-19,188.5215606689453,190.25111918580288,185.22259744525132,189.48242243897053,1613200
2014-11-20,194.79916381835938,194.8632228855724,186.34356243452282,187.5286246329196,1900100
2014-11-21,198.61061096191406,201.6213263988883,196.11236812529228,199.37930764442348,2384575
2014-11-24,195.82412719726562,199.44338586760688,193.99848614630156,197.93802800459352,2293575
2014-11-25,192.58917236328125,198.0981174989119,190.6354136637658,197.84189345954215,2353400
2014-11-26,187.24038696289062,191.37210564897555,187.04822195666662,190.57138554165766,2296000
2014-11-28,163.60313415527344,174.94132130945397,162.99457906919437,173.75625900090782,3651450
2014-12-01,160.49630737304688,164.37178896588708,156.10836550526926,163.4429508994328,4416875
2014-12-02,159.7917022705078,165.74906180925993,157.5496835318995,158.73475808480424,2771125
2014-12-03,163.3468780517578,166.58178143724732,160.3681987098432,161.2650011893814,2499825
2014-12-04,157.9981231689453,161.77751145034165,157.42160362035474,160.46433074922342,2487125
2014-12-05,154.1546173095703,159.05501978354548,153.61012135800777,157.10126103514511,2455200
2014-12-08,143.39292907714844,152.1688128237145,142.9445278632677,152.1688128237145,3747875
2014-12-09,150.34315490722656,150.40721396150332,142.84841660906056,142.91247566333732,3132175
2014-12-10,143.13673400878906,146.37165035616903,141.24703390806795,146.2115087648578,2877000
2014-12-11,142.0797882080078,147.58874685977997,141.5352921417647,143.1367324737431,2994100
2014-12-12,140.70254516601562,144.22570892454937,138.04414841412466,140.44630885440307,2898275
2014-12-15,136.92311096191406,143.6491536307312,136.31456820056937,141.66337158285458,3295325
2014-12-16,140.54238891601562,146.5958306390154,134.64908876205456,135.8021276079628,3690575
2014-12-17,151.94461059570312,154.37880604225245,140.57438995268393,140.57438995268393,4873450
2014-12-18,152.61729431152344,158.73479692459563,147.65281866915842,156.3006003666065,3594650
2014-12-19,160.8461151123047,160.8461151123047,152.1604224419233,155.53818840496476,2805025
2014-12-22,156.27809143066406,159.01247048063985,154.31576686162003,157.7900365689824,2077800
2014-12-23,160.65309143066406,160.81394735911346,156.8571222250456,157.436169207027,1860050
2014-12-24,157.7900390625,159.14115283285898,154.73396037085425,159.14115283285898,1264525
2014-12-26,157.0179901123047,160.29925250291222,155.1843452869042,158.81945884093093,1142200
2014-12-29,156.43896484375,159.94541131311234,154.6053197633262,156.34244881158918,1352675
2014-12-30,154.25144958496094,157.6292160459132,153.60806257535418,156.2781143701669,1438925
2014-12-31,153.96189880371094,155.76336738597186,150.29460945086913,152.35343770007265,1753950
2015-01-02,155.53817749023438,156.95363105770886,150.64846673294522,152.1604117642241,1364425
2015-01-05,145.56573486328125,152.1604231596765,144.4076408655563,151.83873583656833,2732000
2015-01-06,141.15855407714844,146.72382818817522,138.87452991584925,144.76150362009372,3135800
2015-01-07,139.74310302734375,144.4719828277389,138.29549778129908,144.08595558023268,2371650
2015-01-08,144.47201538085938,145.6301096559104,139.64663074920531,140.7725489212895,2973625
2015-01-09,145.597900390625,146.43430707502876,141.31940003961623,145.08319330467842,3268125
2015-01-12,138.64938354492188,142.60620983806956,137.04092196193398,142.3810139265903,2859175
2015-01-13,137.8772735595703,141.57672635377244,135.46458215273205,139.8074217764077,3243675
2015-01-14,141.64105224609375,141.99491558086254,133.92044787124593,136.10795551201494,4543675
2015-01-15,136.88009643554688,145.40494886611322,136.68708887377338,145.3727727580912,3081700
2015-01-16,143.0887451171875,143.37826870142064,137.52346935056235,139.1319309803935,4262975
2015-01-20,140.676025390625,141.51243214801926,137.61994643230472,141.31941237210074,2235600
2015-01-21,146.08047485351562,146.94904554748868,142.28450468204258,142.63836818013394,3085025
2015-01-22,146.11265563964844,147.49593369002162,142.15584131122824,147.3994299144664,3605125
2015-01-23,146.43429565429688,148.84698723242252,144.1824477270628,145.82308487227525,3581975
2015-01-26,149.9729461669922,150.35898576084404,144.40767087396162,147.68893379217837,1812300
2015-01-27,152.86822509765625,153.60811612156715,147.78547944871517,148.78273027481634,2960825
2015-01-28,144.2146759033203,151.83878060759923,143.2495891062618,151.77444066968943,4015625
2015-01-29,145.30841064453125,146.30566122404332,139.09976034678198,145.98397382243957,3581075
2015-01-30,148.55752563476562,151.16323804233764,142.3488624057374,143.57129675057737,3508300
2015-02-02,157.24314880371094,157.79001964642177,150.13374194738643,152.06390248588065,3901075
2015-02-03,165.15679931640625,167.0869478806067,159.26982533389995,159.55934884568853,5295450
2015-02-04,161.650390625,163.2266883907923,157.72574039834055,161.48954691949174,4997475
2015-02-05,166.41143798828125,168.63111060951974,162.58330374457157,162.58330374457157,3843275
2015-02-06,167.24781799316406,169.3709865023356,165.3176569938168,167.21564189380246,3833250
2015-02-09,167.0226287841797,172.298392575869,166.63660147752475,168.8241100012141,3510150
2015-02-10,163.29103088378906,167.24785757381292,159.78458379030957,167.02266163974613,3975975
2015-02-11,163.29103088378906,165.0603486198116,157.01803989821545,160.42797094235513,3965025
2015-02-12,167.11912536621094,169.78916464459908,166.6044182600406,167.2478052106499,3983275
2015-02-13,171.5263214111328,172.3948920331244,169.24230918566596,170.68992688898527,3225575
2015-02-17,173.52076721191406,174.38933761924667,168.2450171273014,170.17517767856833,3177975
2015-02-18,169.66053771972656,174.16422290983232,169.08149055260623,170.8186197823789,2760700
2015-02-19,169.72483825683594,172.0732026545644,163.13014909827442,163.4840125629071,3314200
2015-02-20,168.27719116210938,171.55845301472664,166.95825365707938,169.21008919865497,3166300
2015-02-23,166.63658142089844,169.56398037649151,164.09520972549748,165.34981979639625,2617775
2015-02-24,166.47579956054688,168.72764857896885,164.6099779456404,168.50246490428566,1756225
2015-02-25,169.62835693359375,170.33608395645035,164.83514829221414,167.183500728907,2172925
2015-02-26,165.80015563964844,168.5345343125111,163.61264779272508,167.7946437571669,3146250
2015-02-27,163.4518280029297,166.95827383344715,162.64759742044023,166.9260977380601,2687800
2015-03-02,160.65309143066406,163.03361927565263,158.4334195141249,162.29372863680624,2535100
2015-03-03,162.74407958984375,164.44904427180174,160.6852515350455,161.65032565178427,1720525
2015-03-04,163.61270141601562,164.2239123520781,159.30202421916644,163.58052531477773,1789400
2015-03-05,161.97206115722656,163.58052258787066,161.42519016116924,162.5511082539854,1548950
2015-03-06,158.49774169921875,162.5188940288978,158.1117145116128,160.52440590942024,2423075
2015-03-09,156.5997772216797,161.71468412629665,156.342417549495,158.56210177154182,2068625
2015-03-10,152.7073211669922,155.69906019450121,152.54646521822977,153.83323917881347,2476275
2015-03-11,155.1521453857422,155.40950503410903,151.42051638550734,153.3185008416706,2017275
2015-03-12,153.73675537109375,156.53547498611732,153.0290283738007,155.79558415785075,1573675
2015-03-13,153.54373168945312,154.66966209046782,149.23305442429384,152.06395007032359,2732900
2015-03-16,153.1255340576172,153.31855386064035,147.8176183261514,152.03177971699475,2157300
2015-03-17,151.25970458984375,153.18985327266728,150.06944664448878,152.19261510422908,2262800
2015-03-18,158.59429931640625,159.78455737438145,148.6861829906574,149.16871407122653,4393575
2015-03-19,154.31576538085938,156.31025375431017,153.35067888157823,154.41226912215365,2129000
2015-03-20,155.52932739257812,158.62765919290464,155.10977175939382,158.0467227498201,2867275
2015-03-23,153.6251220703125,158.65989957208032,153.6251220703125,155.98114850761655,2603275
2015-03-24,155.17430114746094,155.75522520227156,152.17280069141546,152.8182745993441,2653950
2015-03-25,158.40167236328125,160.14446862757734,155.01287380623333,157.01388171708228,2689100
2015-03-26,160.62855529785156,163.24276765839647,158.1111738250732,161.88724603424075,3469000
2015-03-27,156.9170684814453,159.4344630340235,156.7557000347524,159.30536335201984,1845350
2015-03-30,159.78955078125,160.3704873370894,156.65896190992615,158.65995876246762,1575225
2015-03-31,166.72845458984375,166.72845458984375,157.49803485894216,158.30488955833388,1252725
2015-04-01,161.91952514648438,164.04963245092995,160.30581644550708,160.5640157472412,2134125
2015-04-02,163.98513793945312,164.88881117710062,159.95086482620601,159.95086482620601,3104125
2015-04-06,169.5685577392578,169.98811324721433,164.59833068153551,165.66338461317181,2294325
2015-04-07,170.34317016601562,172.92511520449045,168.60037327015942,168.79401052990656,2534925
2015-04-08,165.37295532226562,171.66641253609956,165.14702466509777,171.37594433302826,1819250
2015-04-09,168.4066925048828,169.08444741171033,166.27659686083632,166.27659686083632,1518000
2015-04-10,169.11671447753906,169.76218825248827,167.5352741810181,169.3426327610959,1639150
2015-04-13,167.69671630859375,170.9886857161018,166.92214251366744,170.53684895045672,1648625
2015-04-14,173.0865020751953,173.73198840337182,169.18131532995986,170.05272002625398,2474100
2015-04-15,179.5413055419922,180.02541095951477,173.37693632385233,174.76472734834263,4156150
2015-04-16,178.3148651123047,181.31636518419285,176.53978746943912,178.47623356863355,2004600
2015-04-17,175.08740234375,177.92753323916054,173.7641616387782,176.86247953652375,2329275
2015-04-20,176.3138885498047,178.7990024476457,175.28111554182212,175.7329521938613,1547750
2015-04-21,170.85951232910156,177.44344830604874,170.40767575822497,177.2497987849774,3412925
2015-04-22,170.8917999267578,173.34463239581845,169.47172800795417,171.50500496611704,2776525
2015-04-23,173.05416870117188,175.15199555600566,171.56955921306204,172.5377822569761,1808475
2015-04-24,172.247314453125,173.4414681108827,170.21404975037345,172.3441453758446,2256375
2015-04-27,170.34317016601562,174.02242584072795,170.18180167901755,173.4092206654847,2169725
2015-04-28,172.0214385986328,172.79602461339655,169.89134244756633,170.7627470973154,1508425
2015-04-29,176.894775390625,178.05663546566677,171.24679419782674,171.40816262672516,2998375
2015-04-30,177.7984619140625,178.8957845499898,174.05465744647924,177.34662535426116,2356275
2015-05-01,176.701171875,178.47624967808594,174.50652619828915,177.15300851815368,1527125
2015-05-04,174.63558959960938,178.02437603048827,172.89278092831532,176.47521687098998,1901750
2015-05-05,170.98866271972656,178.79902335652213,170.63364464828675,177.86306886120386,2997200
2015-05-06,169.76222229003906,173.8287768326579,168.4067123169165,173.6351272743723,2906150
2015-05-07,165.6634063720703,169.05219351593297,164.63062107015602,169.05219351593297,2760475
2015-05-08,169.14901733398438,169.43948551590523,163.01691674304425,167.01892143710657,2948200
2015-05-11,166.43800354003906,171.86006866307176,165.63114875758333,171.5696004489226,2285850
2015-05-12,168.3421173095703,169.66535815719044,166.0829223153934,166.37339041909647,1254500
2015-05-13,166.69618225097656,170.0526883717672,166.08296481312388,170.0526883717672,1451200
2015-05-14,164.88882446289062,168.4067113935581,164.66290613527553,167.4707570010811,980250
2015-05-15,165.11480712890625,165.98621200852568,161.82283724310955,163.88838407851995,1470600
2015-05-18,165.8892822265625,165.95381974926192,163.04915107452848,164.46921049473445,1362325
2015-05-19,161.20957946777344,164.27562994121334,160.56409321363458,163.69469354365097,2389625
2015-05-20,161.04824829101562,161.85510321770082,158.62768351096005,161.85510321770082,2383300
2015-05-21,164.75973510742188,165.11475316215325,161.08047947043562,161.08047947043562,1213575
2015-05-22,163.82376098632812,165.27610180329353,162.2100517033943,162.98463757631743,1273550
2015-05-26,160.1767578125,163.01687677084817,159.46672191710167,162.53277146076778,1361275
2015-05-27,160.4027099609375,161.6614012692356,158.1757832047561,159.30538712341155,790950
2015-05-28,158.85353088378906,159.75720405793254,156.82025393034257,159.75720405793254,1654625
2015-05-29,159.85403442382812,161.0159070541136,158.49852456291143,159.30537918820696,2290125
2015-06-01,158.72445678710938,160.20906647300657,158.0789705679637,159.14402467629793,1233550
2015-06-02,161.59686279296875,162.7587355629097,158.5630934693877,159.30539833648862,1554225
2015-06-03,160.01544189453125,163.37194833891223,159.69269260359212,160.9836651440955,1369650
2015-06-04,157.33668518066406,159.75724956805888,156.4975616101498,159.11176326909484,1592100
2015-06-05,159.75723266601562,161.4032108581865,155.9166086765331,156.46526397004808,2634850
2015-06-08,159.0471649169922,160.88679230560788,157.33663721113422,159.43446396526537,1698975
2015-06-09,159.85403442382812,162.50051660986747,159.7572158085125,160.72543889654224,1691600
2015-06-10,162.2100830078125,163.08148766616142,161.4677780718028,162.4682824524909,1316400
2015-06-11,160.4027099609375,163.04919227880148,160.24134149016533,162.82327395739543,1196600
2015-06-12,158.2726287841797,159.49903912484888,157.85306087204216,159.14403338094544,1106475
2015-06-15,158.04672241210938,159.5313322916521,156.30391308657983,156.43301280957326,1258175
2015-06-16,160.4027099609375,160.46725981157138,157.85304626321175,158.11124566574733,1468900
2015-06-17,158.337158203125,162.7909869295399,157.5303035671133,161.9518635252026,1967475
2015-06-18,157.5948028564453,160.1121845734655,157.40115337374348,158.98258105846924,1601550
2015-06-19,155.60235595703125,158.25890160853132,154.98681911139505,156.8010505342119,1960325
2015-06-22,156.1855926513672,157.06031122246839,153.88541364501648,156.4447740169295,1586175
2015-06-23,159.0364990234375,159.16608968433437,155.69961983523987,155.7968066516897,914175
2015-06-24,157.3194580078125,160.3647642330978,156.93068604492458,159.0364909226766,806900
2015-06-25,156.34754943847656,158.32376377543164,155.99119365636372,158.29137228921982,869425
2015-06-26,155.44044494628906,156.21797658540245,153.69100802711853,155.8292045866227,1849600
2015-06-29,150.41893005371094,153.85300869635367,150.2569478936266,152.5895181874238,1883900
2015-06-30,151.16407775878906,152.4275560754519,149.7062134093903,152.23318240116424,1459675
2015-07-01,146.36929321289062,151.81197704655696,145.9805336128987,149.80337136174637,2360875
2015-07-02,145.7862091064453,148.28077461194738,145.65661839898934,147.01729611037686,1830325
2015-07-06,141.63937377929688,144.19872170987392,140.76465523652473,142.6112791517835,2752375
2015-07-07,145.52699279785156,145.9481563168741,136.77983223557214,141.12102102683954,5035500
2015-07-08,140.08433532714844,145.94817193901503,138.78845314149865,143.38881141950336,3385275
2015-07-09,142.83804321289062,144.94384828707106,142.61126572594148,142.7084525465065,5036750
2015-07-10,141.12098693847656,144.7494384916147,141.05619161593643,143.8423286929412,2319825
2015-07-13,142.2224884033203,142.7084348041759,139.88990613219073,141.57454751040157,2685050
2015-07-14,146.49891662597656,146.85528482167936,141.57458194392845,141.8661547987355,3773800
2015-07-15,140.86184692382812,146.4665142021722,139.82514617629903,145.4298134546431,3229850
2015-07-16,139.2095947265625,142.35208813917225,138.78843122895427,142.1901059811526,2292200
2015-07-17,135.3543701171875,139.3067995474224,135.32197862477736,139.3067995474224,3179075
2015-07-20,130.5919952392578,135.28953897804936,130.26801860863594,135.12755684196082,3192200
2015-07-21,131.3695068359375,134.51201199972462,130.62437916628113,131.85546557453446,3170700
2015-07-22,128.71299743652344,130.59202525061536,128.06505638482113,130.52722990960035,3442925
2015-07-23,128.9073944091797,130.65683168984177,126.02406946056,129.62011850398932,2991475
2015-07-24,125.01972198486328,129.55529598983068,123.88583466284389,129.55529598983068,2765450
2015-07-27,121.29410552978516,124.1774427773657,120.80815897859289,122.91395208398957,3565800
2015-07-28,125.86201477050781,127.12550488617929,120.48412716381466,121.48843601726344,4961950
2015-07-29,129.19891357421875,130.2356139706093,124.30697199271,125.66764898699982,4251125
2015-07-30,127.15792083740234,129.814467494247,125.95923816503225,128.35660350977244,2127550
2015-07-31,124.24224853515625,126.83401338365944,123.95067560762219,126.80160952590526,2545450
2015-08-03,120.28974914550781,124.3069596944698,119.70660368542585,122.58992715002978,3109725
2015-08-04,120.5813980102539,123.49711479319551,119.09112958329248,121.35891754232495,2049025
2015-08-05,119.05868530273438,123.9182234783562,118.44314824952903,122.16878676910562,2732650
2015-08-06,124.30699920654297,124.59857202926294,116.79091350803529,118.28116910929455,4013525
2015-08-07,120.5489501953125,126.2184118462758,119.96580457968064,122.78434584138324,3096550
2015-08-10,128.84254455566406,128.87493603599586,120.84050184336981,120.84050184336981,2565375
2015-08-11,128.3242645263672,128.55104208801762,123.72389322192204,125.34374000996819,2723725
2015-08-12,131.4990997314453,132.08224528436526,127.28750257248034,128.0650217374107,4163350
2015-08-13,127.7734603881836,130.91596588680366,127.02833263913412,130.91596588680366,2446550
2015-08-14,126.83399200439453,129.5229308975579,126.34803308760124,128.09747035791878,1542000
2015-08-17,126.54237365722656,127.96783368467418,125.50567320845664,126.08880639725106,1552575
2015-08-18,126.99594116210938,127.90305105519555,125.18170901749158,126.34800022771407,1946425
2015-08-19,122.23362731933594,126.89878124493997,120.71096750624088,126.31564781788254,2689025
2015-08-20,118.993896484375,122.91392119437698,118.993896484375,121.84482916366977,2767400
2015-08-21,114.62034606933594,119.5446810957538,114.45836388499261,119.5446810957538,2968700
2015-08-24,107.88175201416016,113.71319573089534,107.03943744688154,108.10852948836768,4856300
2015-08-25,106.3591079711914,113.6484159086894,106.26190879494828,113.38923458330216,2902325
2015-08-26,109.56642150878906,109.66360834873139,106.19713766170392,109.17766179057112,2860150
2015-08-27,116.62892150878906,118.18397231255949,112.19054656729148,113.29204243143451,4636900
2015-08-28,120.41934967041016,123.39987283487686,115.55981151050443,115.62460683564987,4654925
2015-08-31,123.82100677490234,125.0196891084548,116.69368336641541,120.51652013028273,3774700
2015-09-01,117.24445343017578,121.9744133200697,116.30495210734166,118.86429949095523,3739900
2015-09-02,118.9290771484375,120.19255491079356,113.90755757770114,119.67420474268741,2371975
2015-09-03,119.51229095458984,123.49711246713802,118.41079467286069,119.31791725445817,2372375
2015-09-04,117.30925750732422,118.7671215424767,116.4669429305948,117.89240312138521,2026725
2015-09-08,119.51229095458984,120.3546181833268,116.01342840927067,118.89675364008968,1911075
2015-09-09,116.24017333984375,122.71955850592394,116.04578733582062,120.54895804889493,3216050
2015-09-10,117.24445343017578,118.73472119851083,114.81468433900663,117.40644792300947,2512450
2015-09-11,115.00908660888672,116.20776940331857,112.83849851198454,115.33305092356134,2551350
2015-09-14,112.28775787353516,114.74991909362487,111.83420283497504,114.0371950437938,2158225
2015-09-15,114.26395416259766,114.97669045610128,112.74129475682027,112.74129475682027,1976825
2015-09-16,119.73902893066406,119.86861959354894,115.43024443653103,115.46263592302932,3213600
2015-09-17,118.9290771484375,122.26596794166099,118.2811363486941,119.544626469493,3107500
2015-09-18,114.380615234375,117.01790576307882,113.76198171648977,116.07369722904505,2724975
2015-09-21,114.7387466430664,116.82253564201699,114.08755947580381,116.13878228519208,2397775
2015-09-22,113.04570007324219,115.58531715163421,111.77589153404617,112.10147900858043,3070400
2015-09-23,109.62696075439453,114.15270578017937,109.46416703009783,113.63175841021088,2430625
2015-09-24,110.27812957763672,111.38514410571238,107.31523957901699,108.51994026158015,2682975
2015-09-25,108.97576904296875,112.13400655219799,107.99898200717017,112.03633281676338,1832750
2015-09-28,103.24533081054688,108.68272949340826,103.01741716004466,107.44547509042312,3403800
2015-09-29,104.059326171875,105.8826480501381,103.14767144292551,103.83141248963763,2645100
2015-09-30,106.92452239990234,107.80362318735652,104.61281982198307,105.1988870136192,3093825
2015-10-01,108.4222412109375,111.67816444502188,106.92451950414544,109.56182179508392,2923450
2015-10-02,114.77130126953125,114.80385503897456,106.4686989809142,106.59893889941196,3270950
2015-10-05,120.69705200195312,120.89241183286528,116.6597148593095,116.69226862094855,4718750
2015-10-06,126.75313568115234,127.20896310196609,120.07849326131019,121.12038805756039,4998575
2015-10-07,127.30658721923828,131.53929715152688,123.20412961115096,129.91133561460384,5402675
2015-10-08,131.9625701904297,132.9067909484652,125.67863709370808,126.4926179360776,4079525
2015-10-09,129.91134643554688,132.84166999387264,127.89266501895676,132.61375635334826,4043875
2015-10-12,125.48328399658203,130.56251627548235,123.10646153421123,130.2369289213236,2775450
2015-10-13,122.78084564208984,127.20890263139589,122.65060574937854,123.98554601912973,2613525
2015-10-14,124.1809310913086,125.02747823025774,121.80410822025894,122.39017549480418,2729950
2015-10-15,127.79498291015625,127.89265662958478,122.22735733623101,123.07389188545406,3542875
2015-10-16,128.2834014892578,129.19505617022148,125.80889246898,128.7717826024754,3418175
2015-10-19,123.49717712402344,126.49262072829129,122.32504269787958,126.23215331157168,2634325
2015-10-20,124.50650787353516,126.59029672156733,122.29247911741065,122.84598009626114,1891250
2015-10-21,120.2738037109375,124.21348039189989,120.14357621680962,123.0738997706575,3251925
2015-10-22,120.95758056640625,123.04136992189054,118.6784313012087,121.67387539462631,2633350
2015-10-23,120.56682586669922,122.42270100079092,118.48303711406015,119.9807587274744,2735200
2015-10-26,117.37603759765625,120.3714936228241,117.27836386891414,119.52494657251835,2661575
2015-10-27,113.92472839355469,115.32476357612211,112.88282181572063,114.96662255103068,3677475
2015-10-28,118.12490844726562,119.8179902701052,113.56662269687901,114.99922466065252,4070075
2015-10-29,119.19933319091797,122.42268973979479,117.53880564240363,118.02719902028656,2574275
2015-10-30,120.72965240478516,122.22737427189661,116.75742165949038,120.0784652041915,2329975
2015-11-02,123.6925048828125,124.57159305378681,119.3621218685067,119.52491551422939,2349700
2015-11-03,127.92523193359375,129.7811072571713,124.44139492825614,125.09256966467062,3458250
2015-11-04,127.11123657226562,129.8136461966916,124.50650066307178,127.92521732016125,3370175
2015-11-05,127.63218688964844,131.1485773483573,124.79953729508286,126.78563993563795,2948975
2015-11-06,126.78556823730469,128.6740085126597,125.32041361994408,126.42742733506678,2970850
2015-11-09,127.24144744873047,129.74849665046764,125.77627995265455,127.76239451173994,2280175
2015-11-10,127.72986602783203,129.1624677687895,125.7763170701299,126.5577316850662,2132175
2015-11-11,122.03201293945312,127.63220540968481,121.9668929781292,127.40429175523236,3657900
2015-11-12,118.38536834716797,121.64129151438223,118.02721481151661,119.45981653376086,3873225
2015-11-13,119.32960510253906,120.43661962515695,115.9108753806795,118.25514435101454,3341175
2015-11-16,124.21345520019531,124.27856272387388,118.51559051065166,118.51559051065166,2865300
2015-11-17,121.83665466308594,124.24604358241211,120.95756622452011,123.13902906602378,2490150
2015-11-18,124.31114959716797,124.86465058307918,120.30636552495149,122.91110161821894,3889100
2015-11-19,121.08779907226562,123.69254799309186,119.13424980200931,123.10648072794228,2937025
2015-11-20,118.32025146484375,121.67384843961453,118.22257774180741,120.82731385912265,2645725
2015-11-23,119.32960510253906,120.56684712989333,117.18069601985289,118.02723069227228,2112750
2015-11-24,123.7901840209961,124.73440459614488,120.50169509937015,120.99008847833942,3462450
2015-11-25,123.07392120361328,124.63676318856878,120.72966443636203,122.19482025825755,2272275
2015-11-27,120.33892059326172,122.35760195518534,119.65517969020446,121.08778145189989,2613175
2015-11-30,120.89241027832031,123.20411235610474,120.2412232706793,121.1203238679408,2608150
2015-12-01,121.86922454833984,122.06458444081093,120.5668501059257,120.5994162981858,1829225
2015-12-02,116.59461212158203,121.05522334594306,115.87830505622438,119.8830890282164,5170550
2015-12-03,115.03176879882812,118.48303932721798,114.31546174409321,117.79929845880424,3166325
2015-12-04,111.97122192382812,114.2829249323816,110.0176725346998,113.43639017585642,4266525
2015-12-07,104.2872314453125,108.74785582741092,103.2453368618468,108.74785582741092,5129675
2015-12-08,104.93840026855469,106.01286085584671,100.83593640771598,101.6824771609221,4585975
2015-12-09,105.88263702392578,109.62694171388226,103.92908162075514,105.81751706144443,4343200
2015-12-10,107.73851013183594,108.6827309366624,104.15699300589144,104.61282652313031,3520925
2015-12-11,102.46391296386719,106.24079003508147,102.07320561144662,105.81751649141422,3103000
2015-12-14,99.95685577392578,102.00808488420193,98.78472130509293,101.71505126699373,4798350
2015-12-15,101.94293212890625,103.01738630963864,100.77080424731233,101.94293212890625,3931575
2015-12-16,99.66383361816406,102.72439764513587,98.78473266544188,101.58482923625385,5316500
2015-12-17,96.24510192871094,100.3475664973809,95.0729736306492,100.08709285223588,4184725
2015-12-18,94.68445587158203,97.4981568992745,94.4554343479712,97.17098686004104,3564650
2015-12-21,93.70294189453125,95.30609905444425,92.59054611167414,94.71718914619885,4609175
2015-12-22,94.84806823730469,95.8950276415901,93.17947434658595,93.47393245908751,4460150
2015-12-23,102.34038543701172,102.34038543701172,97.20373052729195,97.75992851163763,5064150
2015-12-24,101.58788299560547,102.83115207755183,100.08288027999453,102.53669393921564,1478050
2015-12-28,97.8253402709961,99.49393380160377,97.00740263287678,98.83958119496074,2357100
2015-12-29,99.42852020263672,100.70450745555968,97.53090469457658,99.95199991242087,3882225
2015-12-30,96.58206939697266,99.62479814429116,96.35304787670023,97.2364157062698,2992825
2015-12-31,98.87232971191406,99.3630974372937,95.86231803272372,96.1240579074198,2279800
2016-01-04,99.36306762695312,100.93350640397553,96.90925469771727,98.6432785072078,4363525
2016-01-05,99.035888671875,99.39577698174963,97.0728371329353,98.80686713639966,3696275
2016-01-06,92.23065948486328,96.35306636174329,91.4454400188437,96.35306636174329,5595325
2016-01-07,89.9404067993164,93.60476954704045,89.12246929887843,89.90768855045475,4295450
2016-01-08,90.36576843261719,91.80533442840725,88.56630157732458,90.8565298511988,3233725
2016-01-11,86.83229064941406,90.79110709870005,85.3272816651274,90.52936721974206,4556825
2016-01-12,85.4581298828125,89.51509994751882,82.48083104463171,89.02433235681012,6342475
2016-01-13,82.54625701904297,88.14095317182723,81.30299467418443,86.70138131959497,5597625
2016-01-14,85.42542266845703,86.04705088039229,81.3030155601282,83.39693425374159,6422900
2016-01-15,82.31726837158203,82.93890291242538,79.6998696317745,80.97585073738432,5216550
2016-01-19,78.09669494628906,83.36420953161235,76.59168632164707,83.23334274359144,5587725
2016-01-20,77.70408630371094,79.01278545654158,72.17482536258544,75.83918923088105,9556300
2016-01-21,83.16790008544922,83.88768296731463,77.18059676702397,77.37690005473836,6369850
2016-01-22,86.60322570800781,89.4496511330464,84.86920209262907,87.35573299808264,7553425
2016-01-25,80.32148742675781,86.99586270086161,80.2887754071132,83.8876966435421,4957550
2016-01-26,85.52355194091797,85.52355194091797,80.45234140708659,82.15365308257438,4307550
2016-01-27,85.91619873046875,89.08979557160372,84.01858303075602,84.8038026747367,7190300
2016-01-28,89.02434539794922,91.77261685088682,86.99586318862912,91.24913716845776,8708000
2016-01-29,93.21217346191406,93.34304648075312,89.28607650227762,89.84226811123658,6631575
2016-02-01,90.03861999511719,91.11829794696129,88.20643431169475,90.92199456672745,5091175
2016-02-02,86.24332427978516,87.9446293848712,85.22907737747603,86.89767047701292,5297125
2016-02-03,90.03861999511719,90.23492337535104,83.3315243933458,88.17372228196574,6818750
2016-02-04,89.44967651367188,93.17947080996721,88.72989351063752,90.6929391989803,7282525
2016-02-05,85.98163604736328,88.46816806289847,85.3272832178752,88.30457673534092,4543850
2016-02-08,83.7568359375,84.34575217986931,81.10671908720862,84.24759739268427,5070525
2016-02-09,80.48507690429688,83.03703872395015,78.39115199336638,81.49931798030343,5064500
2016-02-10,79.83071899414062,83.03703330945893,78.42386513895396,79.83071899414062,3856175
2016-02-11,78.1948471069336,79.11093962708185,75.28299073414661,78.1948471069336,7168975
2016-02-12,80.19062042236328,81.49931961775756,77.4750672517814,80.2560569422255,5602750
2016-02-16,79.1436538696289,82.31724990993575,77.70408176540842,82.31724990993575,3807050
2016-02-17,82.87345123291016,83.3642126268567,78.91463558265575,80.0597434217411,7314725
2016-02-18,79.47084045410156,83.95313614922053,78.84920597245629,83.75683282252157,7064575
2016-02-19,78.03128051757812,78.09671705029406,75.90464312728015,77.21334257974266,7209075
2016-02-22,81.79379272460938,82.34999076475157,79.89617698301328,80.28878993385472,4958325
2016-02-23,77.21331787109375,80.71409012630549,77.1805996152058,80.71409012630549,4901325
2016-02-24,78.88191986083984,79.11094143602124,75.15211941809878,75.64288706819595,4821050
2016-02-25,79.04550170898438,80.09246100467377,76.62440677761026,78.45658554506669,5155475
2016-02-26,80.84494018554688,82.21907544673536,79.76526292606792,81.00853143114547,5588300
2016-02-29,80.48507690429688,81.7610578141235,79.40539930974282,81.4011632024822,6430650
2016-03-01,82.44813537597656,82.54628392128218,78.42387652844631,80.91040826890463,6556225
2016-03-02,86.86499786376953,87.02858917929119,81.43389099586308,81.66291259722277,6782725
2016-03-03,91.1837158203125,91.64175902721293,85.85075745266884,85.88347571607183,8204825
2016-03-04,94.71720123291016,97.46547278356914,90.75837897335865,92.52512764465526,12213050
2016-03-07,98.3815689086914,98.9377669263214,94.22644290877156,94.94623224945207,9111125
2016-03-08,90.43120574951172,97.3018848654405,90.07131734274269,97.17101805580735,9642850
2016-03-09,93.63752746582031,95.27340315974165,90.4312063630529,93.27763281623905,7698725
2016-03-10,93.27761840820312,93.70294327716225,89.80956422008323,92.95044207188172,7360000
2016-03-11,97.4000015258789,98.15250254772312,95.24064696905845,95.66597173433664,7157700
2016-03-14,95.89503479003906,96.64754237828852,93.99741916822234,94.94623009931608,5303400
2016-03-15,95.927734375,95.927734375,92.9504415867177,94.03011912268414,5080525
2016-03-16,99.59209442138672,99.95198275987215,96.77838678387354,97.0074083375559,7575200
2016-03-17,101.29339599609375,102.37307968927651,99.29763236535875,100.44274632812943,6971675
2016-03-18,101.37870025634766,103.93777652778424,99.93511828853073,102.691044655385,7404225
2016-03-21,101.08345031738281,102.55984209121769,99.47582719573674,100.62413121341349,4153850
2016-03-22,101.4115219116211,102.33016623090916,99.5414301346351,99.83670844234368,4453800
2016-03-23,96.490234375,100.91940315739343,96.2605748376042,99.96794935075017,5796700
2016-03-24,97.70413970947266,98.06503052203998,93.50463121274129,94.29203788254993,4919550
2016-03-28,96.85112762451172,98.03223466341848,94.94822634531175,97.8025751352353,3606700
2016-03-29,98.19628143310547,98.39313156285624,94.12800995765717,94.71856660466226,5122150
2016-03-30,98.06502532958984,100.23039512134731,96.91672790801513,99.63984484357387,6359375
2016-03-31,99.57422637939453,100.09916413315513,97.34323779703618,97.67132545757445,4349700
2016-04-01,97.93379974365234,98.39311873912462,96.22774882082392,97.14639306952046,4517675
2016-04-04,96.71988677978516,100.03356077238651,96.39179906866325,97.90100003672299,4871400
2016-04-05,95.899658203125,97.11358069963687,95.21067973103173,95.76842689033418,4749250
2016-04-06,99.1477279663086,99.34458435187554,95.7684413648616,97.44168309566422,5314525
2016-04-07,99.3445816040039,100.16479774792079,97.60572112610919,98.29469968327814,4350200
2016-04-08,103.0191421508789,103.3144204510602,101.44432872174691,102.06769471743544,5493050
2016-04-11,102.88790893554688,104.65957244630705,102.6582494302402,103.87216574621895,4245250
2016-04-12,109.84333038330078,110.59792763692384,103.51126156430777,103.77373044633978,7943900
2016-04-13,108.62943267822266,110.40110262742576,107.34989744230008,109.38403006054864,6199900
2016-04-14,108.72784423828125,109.38401962153158,107.18583396496864,109.12154446202966,4498125
2016-04-15,106.824951171875,108.17010509794953,106.10315698673584,107.08741382024081,4199625
2016-04-18,108.99031066894531,109.51524843040336,102.16610725448719,102.62543248907677,5437275
2016-04-19,111.74625396728516,112.92735472279304,109.61368694845508,109.64649008798085,4820500
2016-04-20,113.28823852539062,114.37092973512082,110.07299306287968,110.49950891963738,5829525
2016-04-21,112.10714721679688,114.10847680098074,111.09008711142931,113.51792011989349,4683525
2016-04-22,116.04417419433594,116.33945250080518,112.89454726900055,112.89454726900055,4123875
2016-04-25,114.4037094116211,116.04414119991993,112.92731829905186,115.74886297740609,5176750
2016-04-26,117.6845932006836,118.01268712399467,114.5677697644975,115.42080144960282,4163850
2016-04-27,121.26070404052734,122.21215739713786,118.76725345011724,119.42342861038313,5303700
2016-04-28,117.6845932006836,122.40904557233526,117.32369614279315,120.5389540137243,4433500
2016-04-29,117.25810241699219,120.57177004613179,114.30531936884418,118.99695659228779,6693825
2016-05-02,116.37227630615234,117.12687369431912,113.87881209563928,116.96283296045777,4996875
2016-05-03,110.92604064941406,114.33813044521878,110.36828713914906,114.33813044521878,6351300
2016-05-04,108.33414459228516,113.48510072768823,107.25145332682239,111.61500901052939,7408325
2016-05-05,110.72916412353516,113.28823413387354,109.05592892804545,112.69767759064108,6125775
2016-05-06,109.38401794433594,112.89454179806788,108.69503943446426,109.61367744762649,4366375
2016-05-09,107.02178955078125,108.76065613364817,105.31573861947062,108.26852148433593,5235125
2016-05-10,111.15569305419922,111.28691812275773,107.28427193286342,107.7435909615804,4995025
2016-05-11,112.3039779663086,113.91160690109982,108.76065120455962,110.10580500081208,4960425
2016-05-12,112.07433319091797,115.84733245195808,110.82760115019525,114.30532209936698,3983775
2016-05-13,110.23703002929688,112.8289157020071,109.77771105246285,111.18848363302648,5374075
2016-05-16,112.59925079345703,114.305301564934,112.17273497171207,112.69767270789707,3417125
2016-05-17,114.20690155029297,115.32239601802613,112.07433454813963,112.69769431829734,4314150
2016-05-18,112.59925079345703,115.55203338168694,111.84465357991002,114.20687965049395,4310675
2016-05-19,112.07433319091797,112.59927102140567,108.76066548262155,110.89321994344435,3931400
2016-05-20,112.9929428100586,113.35383982429038,110.66353255611054,112.17272687425982,3021900
2016-05-23,112.7633285522461,113.51792601381311,110.630773773602,111.38537123516902,2532575
2016-05-24,113.41950225830078,114.46937805899987,111.68064781005042,113.58354300550249,2677350
2016-05-25,117.09407043457031,117.25812370130512,114.56780281604043,114.76465922681797,3840575
2016-05-26,116.33943939208984,119.1609845547621,115.84731728042826,118.57042800836541,3978525
2016-05-27,115.68327331542969,115.84732654794422,114.30531627393974,115.7817077580393,2577150
2016-05-31,116.53633117675781,118.50484525290115,115.71611489244688,115.81453684160188,2694825
2016-06-01,117.81585693359375,117.97989767392639,114.50218892305207,114.92869234481567,3962825
2016-06-02,118.17671966552734,118.20952279784103,115.4207934775813,115.78169051054488,2856600
2016-06-03,116.76595306396484,119.06256042220292,115.74888069396567,118.30796318594672,2597875
2016-06-06,119.9156265258789,120.14528610006995,117.094080310951,118.40643146247825,2913875
2016-06-07,123.03242492675781,123.5901659123165,120.30930124760296,120.57177642822266,3281375
2016-06-08,122.08100128173828,125.5915263376178,121.8185385518872,124.31199080526096,3937425
2016-06-09,121.29351806640625,121.88407445122917,119.5218489119375,120.04678653005786,2656100
2016-06-10,115.5520248413086,121.29353638201299,115.2239309582529,121.29353638201299,4807100
2016-06-13,114.63340759277344,116.76597464430854,113.51791309920986,114.10846974377326,3533700
2016-06-14,114.79740905761719,116.27378748756819,112.2711428877345,114.20685267943682,3758925
2016-06-15,114.99429321289062,117.12686005120061,113.05858274158757,113.9772332721156,3817825
2016-06-16,112.04155731201172,112.99299875684879,109.71213338918237,112.33683569572203,5808075
2016-06-17,115.14202880859375,116.22702711269234,113.66247426453387,115.70096466839526,4165775
2016-06-20,117.24626922607422,118.49567213490984,116.32566315762534,117.73945821549583,3152900
2016-06-21,119.15323638916016,119.64641276638086,115.86534370509443,116.72019028433282,2386150
2016-06-22,118.13394927978516,119.90941380035616,117.31197635829615,119.90941380035616,2676675
2016-06-23,120.33683013916016,120.33683013916016,118.7586436421905,119.58061655992333,2070125
2016-06-24,113.82685852050781,116.68733462111337,113.36655548150935,113.89261788926719,6558750
2016-06-27,107.90861511230469,112.64317510671847,106.56057988555622,112.61030170513018,6061400
2016-06-28,112.90621185302734,113.46514747307043,110.57181154170749,110.57181154170749,3525450
2016-06-29,115.53656768798828,116.35854100681838,113.66246952444105,114.41868347268665,4290025
2016-06-30,114.45155334472656,115.17488123486852,112.77472098626845,114.35290803155415,3244550
2016-07-01,116.39139556884766,117.44352012977369,113.89259032991275,114.68169002176433,2606100
2016-07-05,112.0513916015625,114.22140032767581,110.14440777499735,113.89260352534617,4083775
2016-07-06,112.84046936035156,112.90622871529162,109.81561428699592,111.16364970748086,2711300
2016-07-07,110.900634765625,115.60232298712793,109.91426932623158,114.58307159244174,4048250
2016-07-08,112.77472686767578,113.39943456185641,110.5718445882205,112.44594258612963,2455200
2016-07-11,112.44591522216797,114.41864551600939,112.24863717585849,113.85970986493588,2053225
2016-07-12,117.90385437011719,119.05461199477335,115.04339074431657,115.56945316449044,4080375
2016-07-13,115.4378890991211,118.62714832426977,113.62955102368177,117.21335377347062,3221675
2016-07-14,115.27352142333984,117.34488477313838,114.91185122318973,116.65443032320553,2486375
2016-07-15,114.55018615722656,116.39141064855376,114.08988316997369,116.02974043219345,2213150
2016-07-18,115.14202880859375,115.27354755524752,112.77474153809793,113.62960084902943,2257600
2016-07-19,113.99121856689453,115.0433556284047,113.43228290333356,115.0433556284047,1831975
2016-07-20,114.05699157714844,114.91185069032369,111.09789571588014,112.67608268368625,3148050
2016-07-21,112.15001678466797,116.09549034952133,111.88697936059755,114.0569879399197,4859300
2016-07-22,112.38018035888672,113.0706348579367,111.32805563395836,112.67609122166758,2477275
2016-07-25,109.51970672607422,111.39380449963828,108.56621486448833,111.0321343078426,4210825
2016-07-26,111.52528381347656,111.68968843729331,108.27027795581955,108.59906211882931,4334925
2016-07-27,109.22379302978516,113.53092418425955,108.33606054835623,111.5910671046144,5700325
2016-07-28,109.7498550415039,110.67046092695378,108.73060385238831,109.09227403376205,3566450
2016-07-29,112.61030578613281,112.70893853678483,107.80998627226595,108.04013771866278,3602450
2016-08-01,107.71138763427734,111.45959683265473,107.41547671183488,111.22944528656821,4239725
2016-08-02,108.4346923828125,109.84848715126111,105.90301367052811,109.38818421126658,4379625
2016-08-03,112.77472686767578,112.9062455972208,108.00727953135824,108.79637936631194,5012350
2016-08-04,113.53089141845703,115.47074793824613,111.78831290726562,111.95270497660823,3429875
2016-08-05,115.24064636230469,115.53655723199645,112.7747266289787,114.18852161280424,3208900
2016-08-08,117.60790252685547,119.54775937752336,116.25986726061596,116.42425935799872,5064925
2016-08-09,116.09552001953125,118.16688382303877,115.60233099451447,117.87097291649228,5022400
2016-08-10,114.58306884765625,117.64081041615097,114.38580328989319,116.4571669003057,3088875
2016-08-11,117.64083099365234,118.6600825422083,115.14203733380796,115.73385919525091,3696300
2016-08-12,118.62715911865234,119.18609478422644,117.5092752451905,118.49564041770068,2305200
2016-08-15,121.02734375,121.48764675526057,119.21899259745315,119.54778941715085,2336125
2016-08-16,120.96160125732422,121.65205586151706,119.08750302176196,120.79720909570467,3323900
2016-08-17,121.1588363647461,121.2574816707644,119.0545871236394,120.56701469789549,3725050
2016-08-18,124.61114501953125,124.64401842967281,121.75066918689315,122.07946599988854,3128475
2016-08-19,123.75627136230469,124.08506813681419,122.67127336220953,123.72339795601097,2696950
2016-08-22,121.25745391845703,122.34245169781548,120.3368356794395,121.58623808376275,3275550
2016-08-23,123.26310729980469,123.88780242016517,120.30399874585339,120.30399874585339,2753000
2016-08-24,121.9808120727539,123.88779582654261,121.75066059106425,121.9808120727539,2937650
2016-08-25,122.21099090576172,122.76993930232803,121.02735982459131,122.07948470273249,3181100
2016-08-26,122.47396087646484,124.3809440057231,121.48759591478101,122.57259360993993,2454925
2016-08-29,123.59186553955078,123.88777633263481,121.68488208582846,122.01367882387358,1892100
2016-08-30,123.36174011230469,125.49886291992956,122.53976690729918,124.01932118477225,2000900
2016-08-31,120.96160125732422,123.32887597774508,120.04098257608247,122.57266200044084,4422650
2016-09-01,120.53414916992188,121.02733810530809,119.12035426695141,120.40263044817681,3262175
2016-09-02,122.80278015136719,123.42748775494049,121.65202279054462,121.88217426270913,2443450
2016-09-06,124.41381072998047,124.47957006287393,122.24380291373762,123.29592715541231,2747675
2016-09-07,125.23580932617188,126.25506038211306,124.24944421459392,124.9398985384672,2709225
2016-09-08,128.62234497070312,129.0826478920402,125.53173068293006,127.04415815084153,4911625
2016-09-09,124.31526947021484,127.86618826297669,124.2823835084162,127.0442148104841,3359175
2016-09-12,125.76187896728516,126.35370057757511,122.04655720097898,122.90141621242608,2740250
2016-09-13,120.33683013916016,123.7562404870834,119.74500863500762,123.69048114858742,5789250
2016-09-14,117.41060638427734,121.91502692049245,117.18045497495962,120.04091716384495,5525975
2016-09-15,119.28474426269531,120.53414701227707,117.64079789725655,118.03535405542894,4156850
2016-09-16,119.05736541748047,119.15621887785244,116.98135475701604,117.14611471442899,3848725
2016-09-19,118.92557525634766,120.80386678630909,118.69490875760722,120.60614725722526,3704925
2016-09-20,117.08021545410156,119.41985224734258,117.08021545410156,118.43126730100253,4913675
2016-09-21,121.33110046386719,121.49586044499675,118.46423656699415,119.12328906189322,6930125
2016-09-22,122.45145416259766,124.23089166601471,121.89126785802796,123.5718393421146,5845050
2016-09-23,119.12324523925781,123.14344009548364,117.93695369892436,121.82534816096127,6403475
2016-09-26,118.82672119140625,121.16634570731864,118.72785514216086,120.0789071582887,3572275
2016-09-27,116.15753173828125,117.01429098042006,114.83942705919927,116.98134402011303,4943775
2016-09-28,123.40709686279297,123.60480378866939,115.39963953493611,117.0472642925959,12072200
2016-09-29,124.32979583740234,126.80123363250931,122.41855714578526,123.7696093042951,9002450
2016-09-30,126.73531341552734,127.4932194156478,123.93435591202216,125.21950141528644,4341275
2016-10-03,126.99891662597656,127.55910299783926,124.9558529194232,126.86710363128685,3081475
2016-10-04,125.48312377929688,128.18522772511918,124.6922582625382,127.72388217428774,4761300
2016-10-05,128.4488067626953,129.40443200633376,126.96594217263177,127.78975443706956,4076325
2016-10-06,128.18524169921875,130.16238685108226,126.96599003753335,129.83286684923246,3379050
2016-10-07,126.30691528320312,128.74539279491466,125.74671634972636,128.18520643181677,3653150
2016-10-10,128.87721252441406,130.26121130821116,126.3069218857169,126.3069218857169,4211250
2016-10-11,127.29547119140625,128.87718918807144,126.20803299786176,128.64652276587302,3608925
2016-10-12,125.97737121582031,126.7352769981566,124.56041310133752,126.47166360752462,4199550
2016-10-13,125.45014953613281,126.24101496019206,123.30823229752276,125.15357657340803,3703925
2016-10-14,124.09912872314453,126.4058065016441,123.73664917033112,125.45018087520558,3823000
2016-10-17,123.14350891113281,124.7911341778018,122.28674930343354,124.00028108921528,2746275
2016-10-18,123.14350891113281,125.2524672412078,122.64922887336203,124.72522765868905,2949950
2016-10-19,125.21947479248047,126.80119296562425,124.13203647760614,124.6592884390327,4308800
2016-10-20,125.54898834228516,126.33985367401013,122.91279152049857,123.37412439301397,3071500
2016-10-21,124.95587158203125,125.87855011228554,124.00025865375424,124.98883112081583,3107125
2016-10-24,123.44001770019531,125.38421500554857,121.36401999561386,124.88993522509536,4003450
2016-10-25,121.13337707519531,124.32977340261306,120.9686170993283,122.87986801645077,4580500
2016-10-26,121.16632843017578,122.1549007889995,118.69489124792673,119.48574410683388,6632075
2016-10-27,121.29815673828125,122.7810091784671,120.63910422576468,122.15491620528599,4400050
2016-10-28,119.28804779052734,122.91281761884183,118.46423532314854,121.03452619884861,5449400
2016-10-31,116.48706817626953,119.09031837368379,116.05869477951501,118.56307894120314,6032150
2016-11-01,116.81660461425781,119.18917585517599,114.47698033943874,118.49717643367401,4240475
2016-11-02,114.70764923095703,115.5973681789464,112.46687837758682,115.13602265117463,5892750
2016-11-03,115.5314712524414,116.81661676039234,113.98269970676652,115.69623124082821,4840975
2016-11-04,114.44401550292969,116.71773316987206,113.62020311442282,115.43258785506205,4352375
2016-11-07,117.2449951171875,117.70632808264602,116.22346314340038,116.94842212933837,3359400
2016-11-08,117.0142822265625,117.96990741888756,115.33371082831573,116.09161656245658,3264600
2016-11-09,122.08900451660156,123.14348346373271,117.17908927596855,117.73927571709046,7040375
2016-11-10,121.85835266113281,123.34121778679145,120.57320707568935,121.10044661254776,3816000
2016-11-11,120.21070861816406,121.33109402895754,117.67336481812059,120.27661512119663,4521250
2016-11-14,121.85835266113281,121.95720614604934,118.46424892825578,120.11187405223603,4408675
2016-11-15,126.76821899414062,127.5261246716449,123.57182379609468,124.09906307480964,7310950
2016-11-16,125.74673461914062,128.18522505551292,125.15358863651981,126.17512062222913,4941575
2016-11-17,125.51604461669922,129.5362527300299,125.21947168095551,127.59205516690521,2814425
2016-11-18,126.3728256225586,127.59207710715074,125.48311923271527,126.47169166505934,5604475
2016-11-21,131.71109008789062,131.74403704280604,129.30556012704074,129.30556012704074,5499325
2016-11-22,131.31573486328125,132.53498666828207,128.9761098921453,131.41460093176315,4130800
2016-11-23,132.4360809326172,132.69970694242937,129.70103021790598,129.766936720359,3183450
2016-11-25,130.72251892089844,131.6122376397738,129.7669062854045,131.28271777517276,2267550
2016-11-28,126.30691528320312,132.13949564760617,126.01034233498103,131.80997573641667,5271800
2016-11-29,123.8354721069336,125.5489906447357,122.02307497398829,122.71508686583023,6611250
2016-11-30,138.1697998046875,138.43341320379145,132.50196716460442,133.29283250267247,16122350
2016-12-01,138.56521606445312,142.48657036653253,137.51073740432517,142.1570379287568,8087900
2016-12-02,138.49937438964844,139.15842700323572,137.21422870686388,137.8403343464442,5038875
2016-12-05,139.88331604003906,141.99227329041875,139.7185561117988,140.80598169448598,3791500
2016-12-06,140.70716857910156,141.10259503428506,137.51077225955234,137.7743982765949,3134050
2016-12-07,141.36619567871094,142.12410148610772,139.48790464073235,139.5537985627859,3950925
2016-12-08,142.8490753173828,143.27746131563424,140.04811798581866,142.05822239640543,4592400
2016-12-09,142.2888641357422,143.9364887667069,141.76162475664862,143.7717288176861,2908900
2016-12-12,141.36619567871094,148.18736051566015,140.8719032706626,147.9896410383652,6930150
2016-12-13,143.07972717285156,144.33192550182815,140.21286362922814,143.07972717285156,4954925
2016-12-14,137.543701171875,142.25589575869688,137.41188819270272,141.3332300452461,7181375
2016-12-15,138.1697998046875,138.92770561138124,135.0393105541677,136.91760159040396,5029700
2016-12-16,138.68153381347656,139.34176741682074,137.4601098326804,139.04466292496127,4104200
2016-12-19,139.37472534179688,139.73785429518168,137.988234119137,138.61546143603914,2443800
2016-12-20,138.64846801757812,140.59614938154118,138.2523330635408,140.1669958354739,2771200
2016-12-21,138.3513946533203,140.16702724178685,138.3513946533203,139.60583698056695,2139950
2016-12-22,138.97857666015625,140.23301869080046,138.35136194128563,138.78051548204078,2362925
2016-12-23,139.40774536132812,139.96894814379232,138.74751197903674,138.97859177390308,1411450
2016-12-27,140.13397216796875,140.66215623772504,139.47373893254797,140.431076494263,1693900
2016-12-28,138.45046997070312,140.82730618076312,137.88927952827788,140.6622509090445,2215850
2016-12-29,137.5591278076172,138.45044120117782,136.83288224438465,137.9882814992369,2472975
2016-12-30,136.7337646484375,138.84651335403407,136.27160519789783,137.46002240951447,1883550
2017-01-03,138.68153381347656,140.86029588947636,135.8755567403995,139.04466292496127,3467700
2017-01-04,139.34173583984375,139.5067910550486,137.22899886224786,138.714520984903,2656875
2017-01-05,138.91258239746094,140.3650857916593,137.4930850061946,139.90292619318276,2582250
2017-01-06,137.88917541503906,139.53975207177706,137.26196081892283,139.2756537621067,2400325
2017-01-09,134.02688598632812,136.66782002170754,133.92785536751876,136.43674018254785,2702775
2017-01-10,134.02688598632812,135.61145144471848,133.59774490954973,134.62109488499783,2610425
2017-01-11,135.34735107421875,135.64445551931743,133.4986997943928,134.12592728566037,3509575
2017-01-12,134.4230194091797,136.898885360422,133.99386578495083,136.8658667623784,3301750
2017-01-13,133.5977020263672,134.65407026427533,133.2675790814567,133.43263425746056,3276200
2017-01-17,135.71047973632812,136.73382969422755,135.01724023073695,135.51240590919926,4555625
2017-01-18,135.51239013671875,136.5687585726407,133.9608560799675,134.25794789672204,2024550
2017-01-19,135.14927673339844,136.20564529131497,134.2909820024312,135.8425288312677,1932175
2017-01-20,135.77645874023438,137.03088811198813,135.1822500513395,136.4366920159956,2635475
2017-01-23,134.3569793701172,135.41334771385172,133.6967460070571,134.88516354198447,2729525
2017-01-24,136.46971130371094,137.32800583075786,135.0832200302923,135.3143124032817,2461400
2017-01-25,137.3610382080078,138.4504126244591,136.23864519514314,136.33767579857377,2510275
2017-01-26,137.98829650878906,139.0776838614961,137.62516739122006,138.58250550246404,1966800
2017-01-27,136.33763122558594,137.82315275590636,135.87547177013084,137.09689498710512,2254775
2017-01-30,132.57437133789062,135.57842159054547,130.6927141792445,135.57842159054547,3356600
2017-01-31,132.31028747558594,132.87147773446588,130.75874072448465,132.7724471224061,2879450
2017-02-01,131.3198699951172,133.86175946501658,129.76833655749292,133.13551432568823,3474175
2017-02-02,132.21124267578125,133.03653134740648,129.76839525979779,131.41897260304825,2711900
2017-02-03,134.29090881347656,134.81909280457296,131.8810685670431,132.77238141318693,3129475
2017-02-06,132.24427795410156,135.21530999093304,131.7821056616587,134.55507645177914,2293450
2017-02-07,129.04212951660156,132.24425340160101,127.9857610872439,131.81509979189167,5132975
2017-02-08,129.33920288085938,130.23051589036967,125.97202459812114,128.08476094974466,4808450
2017-02-09,131.71607971191406,132.14522076300966,129.33924425948186,129.33924425948186,2952500
2017-02-10,133.20156860351562,134.25793695333277,132.64037842707077,133.7297527784242,2500100
2017-02-13,132.1452178955078,133.46568480551784,131.58402764414228,132.54136552425427,1653225
2017-02-14,133.20156860351562,133.49867298895822,131.0228073079047,132.73940902458364,1790700
2017-02-15,132.6733856201172,133.63072338101915,131.98014624549336,132.93748400639532,2826825
2017-02-16,130.46156311035156,133.3995871537694,130.1314402671649,132.9044091854388,3569300
2017-02-17,129.80137634277344,130.79172003998784,129.14114301366274,130.0984807112281,3049725
2017-02-21,131.41897583007812,132.14522131576558,130.62669314498464,131.41897583007812,2566500
2017-02-22,127.62259674072266,130.4615908308641,127.45754158050777,130.29653567064923,3073200
2017-02-23,127.52359771728516,130.29656791089698,125.70796531986298,129.9664449158809,4581375
2017-02-24,125.01469421386719,126.99539410242973,124.48651009549772,126.5992465689756,4188925
2017-02-27,126.00501251220703,126.73127025119616,124.58552821139214,125.54285307572309,2206075
2017-02-28,124.981689453125,125.93902711242896,124.45350532952676,124.91566486356237,2662225
2017-03-01,128.38194274902344,128.6130226398543,126.23619910660699,126.4012543724991,3826525
2017-03-02,125.2787857055664,127.8867001565248,125.17974253117804,126.9293625591499,2503200
2017-03-03,124.981689453125,126.33516205690194,124.38748073996412,125.64192275584853,2469800
2017-03-06,125.77396392822266,125.9390317045996,124.18941149964968,125.08072460189135,3283475
2017-03-07,123.99137878417969,126.50025089054691,123.76029895568163,126.40122027630665,2532350
2017-03-08,118.67650604248047,123.99136676870766,118.51145083710611,123.00101035065157,6609975
2017-03-09,119.50182342529297,119.89795853211866,116.4317480133509,118.08232565018393,6824825
2017-03-10,119.20466613769531,120.72319386855581,118.18130392277502,120.55813869657574,3622975
2017-03-13,120.02997589111328,121.02031969164331,118.97360749149395,118.97360749149395,3240200
2017-03-14,118.44544982910156,118.84158491948575,115.54042978283337,117.98329012483542,5931200
2017-03-15,122.04365539550781,122.40678431462517,118.90755688565098,119.83187588493017,6414500
2017-03-16,120.72319793701172,122.5718486670356,120.62416734906675,122.5718486670356,4072975
2017-03-17,120.53797912597656,121.9603548055259,120.20719936635815,121.59648949888225,3055950
2017-03-20,120.53797912597656,120.93492997964545,118.6855922826111,119.11560344642723,4695125
2017-03-21,118.05708312988281,121.13338258529352,117.49475506220715,121.06722411525439,3829250
2017-03-22,116.80008697509766,118.2886080923178,115.87388119600338,117.26318355542708,5222525
2017-03-23,116.33697509765625,117.8255087990381,115.9400369834328,116.43621909003846,2850550
2017-03-24,116.46932983398438,117.36245034486993,115.97316018467411,116.73396374170123,3115000
2017-03-27,116.9985580444336,117.3293503527801,114.31920974822684,114.55075805485122,3578350
2017-03-28,120.04183959960938,120.43877793441311,116.86630768429518,117.4947944326046,7357425
2017-03-29,123.25044250488281,123.61430789705601,119.71104524755766,119.9425936574057,5013425
2017-03-30,122.19189453125,124.7058659531832,122.19189453125,124.24276927504764,5010975
2017-03-31,123.84580993652344,124.17660226848096,121.6295580953755,121.8941793425043,3752400
2017-04-03,123.34967041015625,124.20970544584755,121.33188085827858,123.6804502042436,5144650
2017-04-04,125.00354766845703,125.1358645837723,122.48957675120893,123.6142452945177,3921925
2017-04-05,122.05960083007812,127.8152494998471,121.9603568058137,126.42595934453706,9449825
2017-04-06,123.74658203125,124.54047103186927,122.72114470095794,123.08500996714021,4379000
2017-04-07,123.11808776855469,124.47430473640101,122.5557471329694,124.24275642128848,4379650
2017-04-10,125.16898345947266,125.59900728291382,123.6473762299919,124.1766314671348,2763725
2017-04-11,125.3343734741211,125.3343734741211,123.25042545532482,125.16898357831445,3573900
2017-04-12,123.08501434326172,126.7567274420982,122.78730753474963,125.3012789440602,5025250
2017-04-13,120.1740951538086,123.54808820259642,119.81022994188707,123.41578390425417,5102350
2017-04-17,120.7033920288086,120.7033920288086,119.28101622665105,120.30644114092271,2494375
2017-04-18,118.88406372070312,121.06724310060117,118.12326012360349,119.81026982805737,3746450
2017-04-19,115.60930633544922,119.54564146479908,115.31159946896457,119.24793459831443,6437525
2017-04-20,115.7416000366211,117.06473158512973,115.70851449230656,116.17161116520649,5319325
2017-04-21,116.1385269165039,116.99856170826428,114.88154134229718,116.10544137541503,5457625
2017-04-24,117.03164672851562,117.9909129024001,116.23775778559272,117.26319504136049,2864225
2017-04-25,119.3802490234375,119.47948043733936,116.5024244543212,117.16398403825399,3329950
2017-04-26,118.65249633789062,121.5303329918254,118.28863106313304,118.52019201670068,3893900
2017-04-27,116.60163879394531,117.6932346607816,114.6169350958918,117.66014911536563,5051425
2017-04-28,115.60930633544922,117.85864430034643,115.34467240148932,117.6601688498765,3150775
2017-05-01,115.41080474853516,116.00621834666444,114.78231822537099,115.21234196145049,2675025
2017-05-02,114.6830825805664,117.16396854762907,113.78997473664977,115.54313011547372,4316650
2017-05-03,114.74922180175781,115.77465903873804,113.35993195014244,114.7492218017578,4925775
2017-05-04,110.84599304199219,120.70339226351089,109.1920688612386,113.45919627600848,7608025
2017-05-05,115.21232604980469,115.31155742964245,110.97827297914532,111.342138196465,5179100
2017-05-08,116.73396301269531,117.16397418239092,114.4846252849061,115.31158731369804,3234250
2017-05-09,115.24543762207031,117.19706866352509,115.01388924583331,116.89936180572893,3917725
2017-05-10,117.89169311523438,118.65249659206734,116.07237935598701,116.56856157143534,4121150
2017-05-11,117.19705963134766,118.91714216400162,116.6678044381033,118.7517522820701,3529225
2017-05-12,116.73396301269531,117.7263149235578,116.27086629552208,117.26321820638458,2751525
2017-05-15,117.59397888183594,120.00870609972003,116.89933391883581,119.81024332082691,3850500
2017-05-16,116.46932983398438,118.09018097265205,115.64236780002804,118.09018097265205,3709425
2017-05-17,114.74922180175781,116.86625473795276,114.64999041762427,115.44387934600192,4335800
2017-05-18,114.74922180175781,115.41079380566646,113.19454210377438,114.31921072488815,2889125
2017-05-19,117.4947509765625,117.82553069681799,115.2123406225496,115.74159574602089,4107825
2017-05-22,116.56858825683594,118.45406091766974,116.03933299446926,118.45406091766974,3060000
2017-05-23,116.46932983398438,116.86628069555967,115.37774651075041,116.66780526477201,3949350
2017-05-24,114.94773864746094,117.29630812089688,114.1869349850144,116.10548060804457,4549725
2017-05-25,111.97064971923828,117.29628701660054,111.14368771948486,114.35230431642854,7119925
2017-05-26,112.23528289794922,112.56606264835882,111.04445560697278,112.36759984548851,3225575
2017-05-30,109.09282684326172,111.34216451990126,109.05975391497535,111.17677464159165,5169300
2017-05-31,107.73658752441406,108.49739090313369,106.08266384412715,107.76967306434412,5283375
2017-06-01,109.19204711914062,110.28364291793291,107.37273340625772,108.49740212996603,5006325
2017-06-02,106.90963745117188,108.19969604483485,105.81804795440655,108.13353757612936,4617425
2017-06-05,106.578857421875,107.47197781919344,105.78496841811271,106.28115062276885,3020950
2017-06-06,109.29129791259766,109.58900472906568,105.85113305973118,106.41346114726059,5720600
2017-06-07,104.7926254272461,109.32437364447297,104.42876012906753,108.5304971924822,7118450
2017-06-08,103.96564483642578,105.7849583835251,103.76717575892107,104.32951006953293,6662150
2017-06-09,107.8689193725586,108.46433298932126,104.13104780475696,104.52799231900508,6997525
2017-06-12,108.5635757446289,110.38288971133584,107.9020035880702,109.25822083071785,6136500
2017-06-13,111.34214782714844,111.40830629224138,108.23277567840213,108.69587231561573,5898675
2017-06-14,106.51270294189453,110.54826872502781,106.18191058692419,110.28364745948964,8469450
2017-06-15,103.89949798583984,107.04195589208229,103.10561527787962,106.14883547966994,6467775
2017-06-16,104.94059753417969,105.00691222656434,103.3822402078435,105.00691222656434,3617600
2017-06-19,104.64220428466797,105.86900099125035,104.31063709444693,105.43796174672755,3766925
2017-06-20,103.41542053222656,104.01224024806325,100.7628891645211,102.81860081638987,7448650
2017-06-21,100.033447265625,104.17802163638487,99.1382176837524,102.91807381028606,10028825
2017-06-22,100.16607666015625,101.92337858062389,99.90082413670066,100.76289641896106,5061450
2017-06-23,102.85176086425781,102.88491821868605,100.13292104232876,100.59711135608678,4570225
2017-06-26,103.11701202392578,104.70852707090802,102.28809714644105,103.44857923974341,5096525
2017-06-27,103.21647644042969,104.8079977911562,103.08385335027164,103.81329615643732,3846350
2017-06-28,103.81327056884766,105.17269010952437,102.55332306436082,103.15014263326611,4290450
2017-06-29,105.10637664794922,106.59842549788725,104.27746202556513,104.54271445176336,4884375
2017-06-30,105.8358383178711,106.99632026323091,104.47641859802948,105.8358383178711,4406975
2017-07-03,108.1236572265625,108.68731326471514,106.46582749330821,106.69792264410484,2254700
2017-07-05,104.44326782226562,107.16210743308157,104.0122348964048,107.16210743308157,5319775
2017-07-06,102.08914184570312,105.76951897041657,101.72441733841572,105.6037385529864,5796550
2017-07-07,101.6581039428711,101.7575759890728,99.20451705362063,101.32653677964964,5691875
2017-07-10,103.21647644042969,103.61435835914095,100.89551860765607,101.65811876739089,3487725
2017-07-11,104.14485931396484,105.17271193812313,102.22177715064373,103.21647242252357,2854275
2017-07-12,104.11170196533203,106.76423323063501,103.6143543293747,105.63690854960196,5010525
2017-07-13,104.9074478149414,105.00691986075016,103.21646098089823,104.21116246663294,3227700
2017-07-14,105.80268096923828,106.13424181867222,104.87429414811692,105.37164807050347,2510950
2017-07-17,105.73638153076172,106.89686996774648,105.10641076661855,105.50428637301226,2206200
2017-07-18,104.44326782226562,106.86369759051706,103.74698240569394,106.79738288680979,3835925
2017-07-19,108.28943634033203,108.42206575294045,104.11170470494395,104.54274397180284,5908350
2017-07-20,106.23371887207031,109.31728279678617,106.00161742658561,109.08518767541922,5111900
2017-07-21,104.94059753417969,106.59843322321,104.50956468191382,106.16739404682697,4537225
2017-07-24,104.84115600585938,105.86900867847135,104.21117893110817,105.53744146417499,2410450
2017-07-25,108.18994903564453,109.35042454401697,106.49895598260534,106.79736577736317,4910250
2017-07-26,108.02417755126953,110.27881406119367,107.49365996277507,109.08518743178753,5592550
2017-07-27,109.11835479736328,109.35044995296799,107.06264942704837,108.18997417494442,3318100
2017-07-28,108.88626861572266,111.20723301129162,108.02420263074822,108.98573436254013,3995175
2017-07-31,107.82523345947266,108.91939436519328,106.43265008609539,108.65414821917196,3968875
2017-08-01,107.02947998046875,108.28943407744602,106.33319455118,107.6926143814166,3249800
2017-08-02,104.97378540039062,106.39952008059198,103.6475227876867,106.20057594559715,7202550
2017-08-03,101.29338836669922,105.2058673248,100.82919809171038,105.10640159394134,5469450
2017-08-04,103.68067169189453,103.97908154594263,101.29339285950967,101.65811741981702,3628700
2017-08-07,101.98969268798828,103.18333219852279,101.26024983383884,103.1501748427725,2618000
2017-08-08,101.82388305664062,103.5480272239877,101.06128301789319,101.39285017686262,3696550
2017-08-09,102.18862915039062,103.31595393455392,101.45918630586334,102.28810121632935,5525700
2017-08-10,100.69657135009766,103.51487657339673,100.59709929873542,102.95121426391331,3999400
2017-08-11,100.8955307006836,101.32656370050775,99.86767791331884,100.66343552199987,3477775
2017-08-14,99.80133056640625,101.62494036619027,99.63554383289673,101.22706485400191,2470675
2017-08-15,99.37029266357422,99.6687024636185,98.17665978751447,99.53607939921956,3683775
2017-08-16,97.97773742675781,100.33185900190016,97.54670446675304,99.50294411225205,3395075
2017-08-17,96.4856948852539,99.1382200152746,96.4856948852539,97.48039022798197,3434725
2017-08-18,97.67932891845703,98.4750927888061,96.08781382599652,96.75094827658114,3738750
2017-08-21,96.45255279541016,97.38093989990539,96.02151344099032,97.34778254001772,3330950
2017-08-22,97.28144836425781,97.67932395509636,96.78410071365039,96.78410071365039,2265975
2017-08-23,98.20982360839844,99.00558101959847,96.48567938873951,97.04934167885425,2112650
2017-08-24,98.4419174194336,98.93926500430027,97.61300266994994,97.7787830901996,1807100
2017-08-25,98.67401123046875,99.20451615718221,98.40875876711202,98.93926369382548,2504850
2017-08-28,98.07718658447266,99.40344883334004,96.91670474516972,98.74032087096498,3015425
2017-08-29,97.94458770751953,98.20984022279293,96.15412848633488,97.28145325727658,2244500
2017-08-30,98.20982360839844,98.80663692371014,96.61830246188065,97.3809088478837,1731250
2017-08-31,100.0002670288086,100.46445722839559,98.67400479847635,99.13819499806334,3315050
2017-09-01,101.4923324584961,101.79074229925503,99.27084049068976,100.03344060635449,2557500
2017-09-05,100.86236572265625,102.85176275611299,99.9671361089829,102.45388081977411,2709800
2017-09-06,102.5533447265625,103.34910221181731,101.62495783170606,101.7907445937081,3068500
2017-09-07,101.98969268798828,102.48704037600467,100.66343007857158,102.3875683087538,2327625
2017-09-08,99.10506439208984,101.72443853735203,97.91143122478607,101.72443853735203,4585100
2017-09-11,100.033447265625,100.72973272433573,99.07190297603178,99.30400445305396,3723650
2017-09-12,102.2217788696289,103.31594621674382,100.23238196829675,100.46447711403046,4768275
2017-09-13,105.07323455810547,105.80267725501788,102.78542809744174,102.85174279464768,6785400
2017-09-14,105.603759765625,107.19528118358434,104.70853015379515,106.03479273199558,4223000
2017-09-15,105.77323913574219,106.13877859196845,104.70985854117303,106.00585284852315,3432425
2017-09-18,106.70369720458984,106.83662294414776,105.34124006536182,105.40769659689266,3461325
2017-09-19,106.9363021850586,107.3683044651243,106.23845478581691,106.9363021850586,3503900
2017-09-20,109.19599914550781,109.92707804574195,107.36831457141885,107.36831457141885,6613100
2017-09-21,109.36215209960938,109.46184006920762,108.06615778884546,108.96338754471971,2248950
2017-09-22,109.79414367675781,110.32583392337547,108.7307631835225,108.99660196858362,2970750
2017-09-25,112.91781616210938,113.11720474745434,110.59166670573032,110.75783019843182,6967025
2017-09-26,113.3830337524414,113.5824223206131,111.55534957859527,112.08703975055948,3032200
2017-09-27,114.21381378173828,114.24705155189679,111.7547512028026,113.74858641147992,3839200
2017-09-28,113.64887237548828,115.2771677977548,112.4857915402343,114.47963896788734,3585550
2017-09-29,113.28334045410156,113.88149345386101,112.35288586625045,113.01748904243381,3614075
2017-10-02,113.94794464111328,113.98116972592375,110.49195270220508,111.3227192638758,3442425
2017-10-03,113.88155364990234,114.21385541364363,113.05078656404939,113.41632611006465,1571500
2017-10-04,113.21692657470703,114.6458468392876,112.61877331620826,113.9147678174561,2287050
2017-10-05,114.14735412597656,114.64581928040259,113.31658731959683,113.38305018528666,1814675
2017-10-06,111.58860778808594,113.18367859619816,111.28953121928389,112.31967398566074,2443275
2017-10-09,111.95408630371094,112.35286334126404,111.15655758158569,111.92086122216008,1726000
2017-10-10,111.78797912597656,113.68212642511207,111.5886032059594,113.21689904307814,1956150
2017-10-11,112.4526138305664,112.51907670713825,110.75785484572567,112.08707434767003,2660300
2017-10-12,111.621826171875,112.08705354503721,110.15968118815162,110.95721020600249,2864225
2017-10-13,111.65503692626953,113.150419488312,111.52212389136074,112.78488012020233,1929100
2017-10-16,111.75477600097656,112.95108246223914,111.389236507091,112.35292923160785,1957525
2017-10-17,111.88768005371094,112.4858332360789,110.6249234922647,111.85445495535578,2000975
2017-10-18,110.82427978515625,113.01750350612637,110.82427978515625,111.95412307635266,3175575
2017-10-19,110.1264419555664,110.82428300604403,109.46182599851842,109.89382827207386,2063950
2017-10-20,110.65814208984375,110.95721866345804,109.76091236900089,110.19291468122067,2649550
2017-10-23,108.03291320800781,111.22306747561865,107.96646301679345,111.02367887248802,2324650
2017-10-24,108.0993881225586,109.22923164655279,107.33508407345919,108.59785334768733,4107825
2017-10-25,107.16889953613281,108.06612905342847,105.70674843441915,107.7005896934384,3816450
2017-10-26,107.73381805419922,107.76705582056772,105.24152432754207,107.23536564711462,3126650
2017-10-27,110.89073181152344,111.09012037630939,106.50428479817984,107.10243781604427,4610125
2017-10-30,112.15352630615234,112.95106807087669,107.1024622668883,107.1024622668883,3439075
2017-10-31,113.91474151611328,114.28028094263101,111.45567884471399,112.02059419369915,3133550
2017-11-01,117.30428314208984,117.73628547728971,114.81198245489318,114.8452202295607,7247500
2017-11-02,115.90855407714844,117.40393642143412,114.6125602709314,116.73932063769696,3976825
2017-11-03,117.47039794921875,118.40086520701466,115.21071167191757,115.97502813683694,3873125
2017-11-06,122.38860321044922,122.45505341658881,118.06860457445121,118.26799322236609,7771450
2017-11-07,121.7904281616211,122.52149438689752,121.05934925984823,122.22241780676285,3381575
2017-11-08,119.96276092529297,121.75722085512605,118.96584296755222,121.1590675451817,5460425
2017-11-09,121.62427520751953,121.82366383708835,119.09874928213554,119.29813791170436,3831625
2017-11-10,121.25873565673828,122.58795501799958,120.09565445457645,121.35842362279642,3108525
2017-11-13,119.23162841796875,121.65746541836273,119.16516556743149,121.1257752905571,3749825
2017-11-14,115.04460144042969,118.79967153053438,114.94491346485526,118.56705780319578,6027825
2017-11-15,113.5824203491211,114.3799492549776,112.48580225795165,113.6156454383262,4021350
2017-11-16,113.98118591308594,114.71226464765846,112.85134272169819,113.91472305753447,2792850
2017-11-17,116.30738830566406,116.54000206815545,114.67907929172507,115.01139372135513,3114950
2017-11-20,114.91166687011719,115.50980728817473,113.48274699718552,115.34365646779791,3075150
2017-11-21,115.31043243408203,116.53996372796453,114.51289074185046,115.60950898410698,3922700
2017-11-22,117.27104187011719,117.4704177846374,116.14119854068737,116.6728887735664,3099500
2017-11-24,117.37074279785156,118.36766051010581,117.13812908754211,118.13504679979637,2271375
2017-11-27,114.37996673583984,116.8722671314069,114.37996673583984,116.63965344194028,3447325
2017-11-28,115.27716827392578,115.74240821584443,113.78179854262439,114.41317659191847,3072025
2017-11-29,115.8421401977539,116.80583285770238,114.34675722136782,115.14429903427275,3725000
2017-11-30,118.6999740600586,119.66365399201983,116.77258884314334,116.77258884314334,7069125
2017-12-01,121.05933380126953,122.72086732840583,119.33133741186842,120.2617921305864,6059800
2017-12-04,119.49748992919922,122.68763130432363,119.13195051979008,120.29503161122781,3671150
2017-12-05,118.43411254882812,120.26179696687886,118.2347366305106,118.86611483267494,2454900
2017-12-06,114.81197357177734,117.53688776482997,114.67904783638555,115.67597817532818,4026850
2017-12-07,115.64275360107422,116.24090680210628,114.3135341249453,114.8784495500882,2576300
2017-12-08,117.30428314208984,118.43412662734553,116.04151391115776,116.93874367972818,3151675
2017-12-11,118.73321533203125,119.63044519215217,117.30429511144958,119.09875483169141,2370475
2017-12-12,116.90550994873047,119.3645726796714,116.60643338129215,119.298122488237,4272925
2017-12-13,115.74243927001953,117.40397290747721,115.50981289839947,117.40397290747721,5962525
2017-12-14,114.57933044433594,116.57317793362212,114.51286759371047,115.31040912472346,2529450
2017-12-15,113.46401977539062,115.79454980211412,113.3641308453624,115.79454980211412,2939900
2017-12-18,115.69469451904297,116.42715420315994,114.03002265545962,114.16319945265151,2968100
2017-12-19,115.89447784423828,117.425973150202,115.56153579917633,116.12753092556143,2189525
2017-12-20,118.7909927368164,118.92416954245633,115.628113455284,116.69350249952493,4101525
2017-12-21,122.0537338256836,122.35337525268729,118.15840797507346,118.45804940207714,5329575
2017-12-22,122.58642578125,123.75169091777924,121.42116064472076,122.61972632825795,3172650
2017-12-26,125.31645965576172,125.48292425394234,122.71957636292665,123.11909393864711,3753450
2017-12-27,124.31765747070312,125.34975828438158,124.05130395732756,125.01681639266214,3163225
2017-12-28,125.2499008178711,125.48295385037886,124.15122405039702,124.18451189771052,2223550
2017-12-29,123.78498840332031,125.91576614338223,123.78498840332031,125.5162484922299,5701675
2018-01-02,127.24749755859375,127.28078540145748,124.81707861558822,125.1832956888334,4282625
2018-01-03,128.5126953125,129.44492042833267,127.68035917006038,127.68035917006038,4604550
2018-01-04,129.145263671875,129.47819300939364,127.1476495454428,129.11196311785906,3927200
2018-01-05,128.3128662109375,128.7123837648196,127.18088922457652,128.3128662109375,3039400
2018-01-08,129.07867431640625,129.2118511306118,127.1476486117461,128.17974987117896,1949050
2018-01-09,128.87889099121094,130.0441689011603,128.61255010065335,129.31170922636002,3194850
2018-01-10,128.11317443847656,129.97761192485103,128.07988658177405,129.24515207298225,2644725
2018-01-11,131.1761474609375,132.74093037080587,128.479374479429,129.0120689658511,4836950
2018-01-12,132.2415008544922,132.40796545537995,130.54352890430602,130.9430591869586,3629075
2018-01-16,129.8444366455078,132.90742751631814,129.71125981622697,132.2415687707969,4313900
2018-01-17,130.9430389404297,132.07500313161523,129.04530214234697,130.1439911991089,3445650
2018-01-18,129.44493103027344,131.10960345149448,128.77905952169647,130.5103203638195,2965325
2018-01-19,128.91221618652344,129.07868086250244,127.78023860924935,128.57927413412477,3280875
2018-01-22,132.1416473388672,132.2082357371506,128.845604176688,128.9121925749714,4225975
2018-01-23,132.6743621826172,133.34023356718603,131.1095790343868,132.87412740811993,3218750
2018-01-24,132.2415008544922,133.83958388379773,131.24268784829565,133.0072481789239,4527900
2018-01-25,129.5447540283203,133.00727428839627,129.04534742718798,132.94068589488282,4281925
2018-01-26,130.04412841796875,130.51023435667278,129.1119038401264,129.94423950222196,1641775
2018-01-29,127.51385498046875,129.7445217554215,127.31410249644513,128.61254444434942,4309475
2018-01-30,123.08584594726562,126.04895993564391,122.38667408785997,125.78260633197722,9661675
2018-01-31,122.88603973388672,123.88484001343056,121.75406269695448,123.15239324866354,5787375
2018-02-01,123.48538208007812,124.45089498679532,121.92058617611858,123.18574058145694,4445550
2018-02-02,118.22496032714844,121.88724512304668,117.75885435504608,121.68747997767343,9292175
2018-02-05,114.42955780029297,118.92418013778621,113.29758025238063,116.8266897136227,7038500
2018-02-06,115.927734375,116.56030503903732,111.39982538911597,113.19767384535292,5676975
2018-02-07,112.23216247558594,117.69228359566233,112.13228623816215,116.19408923255723,7145875
2018-02-08,107.80413818359375,113.53059994752078,107.50449678254131,112.73156467833869,8111550
2018-02-09,107.83741760253906,108.86951850340007,103.14304448645034,108.50328874179017,8070325
2018-02-12,110.6341323852539,111.69952176497463,108.96945989188485,109.1692251632487,4512250
2018-02-13,109.1358642578125,110.4010182093691,108.53658147551917,109.40221780569229,2695000
2018-02-14,113.26426696777344,113.53060784254352,107.53779210518547,107.70425673947146,6464200
2018-02-15,113.4972915649414,113.89680912723666,110.26782512693278,113.4972915649414,3673100
2018-02-16,112.93130493164062,114.82904206668593,112.5317873402583,112.69825194496467,2758375
2018-02-20,112.59840393066406,114.32966419428746,111.96583319413259,113.26427521674051,3734400
2018-02-21,109.901611328125,113.16437877769847,109.86832348495784,111.99910105986905,4220925
2018-02-22,112.29875183105469,114.2297771073998,110.40102710109467,110.83384530104051,4063600
2018-02-23,115.32846069335938,115.3617612417263,112.73157674001007,113.13109441734734,2721125
2018-02-26,115.82782745361328,116.76003928006213,114.82902725378472,115.86111529008633,2318075
2018-02-27,113.09779357910156,116.56030088572066,112.99790464591192,115.42832367958465,3642225
2018-02-28,110.06809997558594,114.69588537880831,110.03479942855469,113.79696111552636,3874675
2018-03-01,111.20008087158203,112.53181068594692,110.10139139180406,110.30115657915583,4234150
2018-03-02,113.66378021240234,113.8635453860438,109.23576015039795,110.33443685433345,3548575
2018-03-05,115.72798919677734,116.493749475596,112.79817568830947,112.99792819544551,3003525
2018-03-06,114.6625747680664,116.7600645316317,114.36293337327137,116.42713529316448,3257550
2018-03-07,113.4972915649414,115.494892076852,112.46519077020815,113.53057940328505,3375825
2018-03-08,113.2975845336914,114.1632211797448,112.26549591012727,113.63052659003533,2523975
2018-03-09,115.76126861572266,115.96103378683017,114.26306158350842,114.5294151449851,2806150
2018-03-12,115.89447784423828,116.85997802381691,114.66261132816969,115.6947126172011,2316625
2018-03-13,115.39508819580078,117.15963684409503,114.8623935453473,116.32730065898382,2826175
2018-03-14,114.96221923828125,116.22737323908699,114.62928999090764,115.99432022583812,2820200
2018-03-15,113.39744567871094,116.32725885306188,112.73157442983565,115.49492296707719,3181150
2018-03-16,114.81513214111328,115.54899241333797,112.84707545600857,113.614287229369,3567475
2018-03-19,111.9464340209961,114.34813660766137,111.1125065072886,114.18135364986468,4233925
2018-03-20,113.64765167236328,114.54829500227696,112.88043981163501,112.91379131656873,2902000
2018-03-21,118.38433074951172,118.85132802381521,114.11461411719112,114.64832710564103,4711875
2018-03-22,115.88253784179688,117.91730967082643,115.74910642604144,116.88324801052227,3318475
2018-03-23,115.74911499023438,119.21825570823378,115.41553642616456,117.01668808425745,5274300
2018-03-26,117.91732788085938,117.95069210231077,114.88183268961117,116.94998177904517,3874275
2018-03-27,115.04862976074219,118.35097514055865,114.34812107360092,118.25090792441945,2763725
2018-03-28,114.28141784667969,116.58306586725226,113.78106898656837,115.61570692309056,3777650
2018-03-29,117.48368072509766,117.98402946442708,114.68168452080285,114.68168452080285,3651600
2018-04-02,113.51422119140625,116.78321586655652,111.24593709440805,116.54971715581188,5356475
2018-04-03,115.44889068603516,115.6156735913224,112.07981746552043,114.0812505031276,3303350
2018-04-04,115.515625,115.64904371088848,112.51348132237308,113.21397727224534,3201825
2018-04-05,118.81796264648438,119.71860569160197,115.88254760097661,115.98261480886038,5776775
2018-04-06,115.61573028564453,118.81800944644907,113.4475132795246,118.05079752613504,4892225
2018-04-09,115.78250885009766,117.81729429894514,115.6824416066218,116.74986795278348,4196875
2018-04-10,120.65262603759766,121.68670073088684,117.71721036423138,118.08414050458316,5576400
2018-04-11,122.8542251586914,123.65478856154972,120.45250950066475,120.91950693978642,5888925
2018-04-12,122.62067413330078,123.32118279058979,121.15296655200915,122.920888493647,3328550
2018-04-13,124.68882751464844,125.62282212402368,123.1210399420067,123.1210399420067,4310825
2018-04-16,125.58952331542969,126.35673531281495,123.58808909532563,124.52209682126521,6022275
2018-04-17,126.39002990722656,126.99045863039757,124.8222423828665,125.58946675947975,3195050
2018-04-18,130.2928009033203,132.0273711473287,127.89108630012096,128.05786920873862,8438550
2018-04-19,130.02593994140625,131.69379450103136,129.29207986326065,130.59301710853342,6467150
2018-04-20,129.62564086914062,130.29278514765713,127.92442232268762,129.12527947907358,4035250
2018-04-23,130.4929656982422,130.55968142217276,127.59090169324001,128.59161210275215,4229575
2018-04-24,128.89181518554688,132.19417324429227,127.72432193103805,130.79316861415958,6635900
2018-04-25,130.4929656982422,130.75982859396447,127.62425319284368,128.62497632707905,4992550
2018-04-26,132.2608642578125,132.46099864993323,130.15936406750654,131.19343841743608,3392750
2018-04-27,129.8591766357422,131.8939615416396,129.6256779801201,131.76053010279202,4903825
2018-04-30,131.3602294921875,132.69450551331522,129.42551208317957,129.45887630042208,6027075
2018-05-01,130.75979614257812,131.16007766209825,128.92515872633084,130.359514623058,4911725
2018-05-02,131.96063232421875,133.09477371876685,130.32612956674254,130.32612956674254,3554200
2018-05-03,129.72579956054688,131.56043807700726,128.45822580974266,131.0267248226783,5015975
2018-05-04,132.12750244140625,132.4944326531918,129.45893643486556,129.65907093240207,3164950
2018-05-07,132.92803955078125,136.79746267499627,132.7279050928871,133.42840114496443,7174150
2018-05-08,135.66329956054688,135.69666378146576,129.458890565437,132.72788435578153,11144475
2018-05-09,138.06500244140625,140.3332857267095,137.59800518702983,137.73143660962904,6248525
2018-05-10,138.6988067626953,139.46601841876407,137.33115365546448,138.79887397552807,4618875
2018-05-11,137.66473388671875,139.3325886524051,137.19773658828208,138.73215991878024,4165925
2018-05-14,139.39927673339844,139.73284253051582,138.2317709940486,138.2317709940486,3433950
2018-05-15,139.9329833984375,140.19983347927806,137.73141615144758,139.33255481064762,3706175
2018-05-16,140.8670196533203,141.2339497577067,138.73216747295146,139.43266345874946,2998400
2018-05-17,145.17007446289062,145.60372024735838,141.63421792169493,141.76764935148833,6098350
2018-05-18,143.96923828125,145.50366177605386,143.40217370806207,145.03666442761124,3631725
2018-05-21,147.50511169433594,147.50511169433594,144.5029673719679,145.1033962364415,3456200
2018-05-22,143.70236206054688,149.2729904568817,142.96850194616653,147.57178432094312,7544050
2018-05-23,142.90179443359375,143.76907329831087,140.23322939824672,142.90179443359375,6091350
2018-05-24,140.80032348632812,142.10124841911664,139.4993985535396,140.33332609760657,6085425
2018-05-25,136.36383056640625,137.2644738079265,133.59518511380068,136.9642593940864,9941625
2018-05-29,136.96424865722656,137.86489182814384,134.6959649804104,134.72931647945634,5494950
2018-05-30,142.03448486328125,142.70161643435344,137.7647690050488,137.86484892048486,6717100
2018-05-31,140.93374633789062,144.1693890831218,140.60018043053066,140.80031488505716,4497425
2018-06-01,140.6001739501953,142.60159475155595,139.165817710155,140.8003083954975,3931475
2018-06-04,137.3311767578125,142.0011759213468,136.49724924466165,141.100532680177,3793975
2018-06-05,136.9976043701172,138.36524491808268,135.49653237241762,136.19704112115969,3676500
2018-06-06,137.3311767578125,138.36525145502017,135.66332173151082,137.8649025819641,3670100
2018-06-07,140.80032348632812,141.53418379701887,137.93161069878195,137.96497492639034,3969550
2018-06-08,140.23324584960938,141.23395626467192,138.46531096745147,140.6001759709011,4232450
2018-06-11,141.23394775390625,142.03452367254752,139.43266148050532,139.53274142328706,2599175
2018-06-12,140.70021057128906,142.53484802763285,140.03306620769487,141.23392351722035,2785700
2018-06-13,140.633544921875,141.53418822460893,139.2325527118833,140.09983178596508,4470775
2018-06-14,139.09901428222656,142.30129063519644,138.6987329192841,141.46736370631584,5222675
2018-06-15,135.05931091308594,138.2336417943794,134.69176781321684,137.8995070685265,5065025
2018-06-18,137.96636962890625,139.83754493641698,134.85886749730358,135.25983181370933,5695275
2018-06-19,139.1692657470703,139.80412693322444,135.36006039087073,135.7276162999586,3461500
2018-06-20,141.5416717529297,141.9092277033231,139.03562235998527,140.94021887890892,4316225
2018-06-21,137.8661346435547,140.8733992241126,137.29810285968668,140.1382872718813,3967500
2018-06-22,142.3101348876953,144.0142421821274,141.77551174175375,143.17889271994238,5994650
2018-06-25,138.56787109375,142.47730322980212,137.79935057332344,142.2768273744745,5572175
2018-06-26,141.8757781982422,142.4104014519552,138.06658592223388,139.16925355288038,5387825
2018-06-27,143.81381225585938,146.5871667251456,143.27918893970627,143.4796647167479,5319375
2018-06-28,143.37940979003906,144.68255317165435,141.80894840890073,144.34841841867436,3936200
2018-06-29,143.880615234375,146.48690182676017,143.57988887783648,144.14792046995203,3226650
2018-07-02,141.14068603515625,142.61089686755523,139.87095096610634,142.61089686755523,3080875
2018-07-03,142.61090087890625,145.25060897293017,141.70872167918574,143.68014746825838,2876250
2018-07-05,142.4104766845703,144.31507382873517,141.34122961228235,143.71362075726935,2974850
2018-07-06,145.0501251220703,145.45108941936547,141.1741029244167,141.5416588412811,2581350
2018-07-09,148.7590789794922,148.95956750007844,145.71840652260553,145.8520655363297,3733175
2018-07-10,148.525146484375,151.86654454815658,147.79003483148801,150.02877816236114,4364950
2018-07-11,144.61573791503906,148.92614548370338,143.2457648986138,146.98814078198166,5104625
2018-07-12,144.24818420410156,145.71840787587092,142.4104173608151,145.58474886090548,4425325
2018-07-13,144.31500244140625,146.21959864343734,143.746970791801,144.11452668103934,3752325
2018-07-16,141.40802001953125,143.4128545387191,139.2361053350552,142.04288130977443,4552825
2018-07-17,141.47482299804688,142.51066119496332,139.77071525104205,140.83996182689305,3448850
2018-07-18,141.84237670898438,142.2767621069764,138.26708113621592,140.5726416398516,4474525
2018-07-19,142.57748413085938,143.1789369491402,141.10727321196467,141.17410271915423,3618325
2018-07-20,142.00942993164062,143.1789142560378,140.80652448573315,142.97843851266867,3542075
2018-07-23,141.34117126464844,142.94504121098018,140.9402069646718,142.44383902261575,1950675
2018-07-24,142.64431762695312,144.3150171141359,141.80896788336173,141.9426269014785,3325925
2018-07-25,143.64669799804688,143.78034422366713,141.70868114271005,142.71109794017823,3251350
2018-07-26,144.11453247070312,145.11694955208156,143.17893214784849,143.64673868248818,2448525
2018-07-27,141.17410278320312,144.4152637780286,140.73971735948652,143.3794255357583,2950975
2018-07-30,143.71356201171875,144.44867385333777,142.67773650371961,142.97846291652507,3846950
2018-07-31,143.74697875976562,144.41526107302175,141.5750644282894,143.41283122992508,3334375
2018-08-01,141.47482299804688,142.34358106101658,139.4699888549324,142.27676430314744,4314625
2018-08-02,141.9092254638672,142.24336027908296,139.1692791905342,140.27193427788717,2519050
2018-08-03,140.33871459960938,142.10965144308284,139.1024009209442,141.70868725608202,2827925
2018-08-06,141.27435302734375,142.61091779579317,139.9378010053206,141.14070674763985,2892275
2018-08-07,141.5416717529297,143.41284714194867,141.34118321278066,143.04530393798163,2751000
2018-08-08,139.33628845214844,140.5391936792264,138.0665537406305,139.971149434697,4655600
2018-08-09,138.03314208984375,139.73724929007466,137.66558630737302,139.33628513938865,2283150
2018-08-10,139.36973571777344,139.6036326053811,137.36490161072945,138.20025127973517,2695375
2018-08-13,135.89468383789062,139.50340068036118,135.76103757242592,138.801709987578,3324700
2018-08-14,137.03074645996094,138.06658458052422,135.96149996292564,137.59879083137426,3363050
2018-08-15,130.64865112304688,135.66074790904236,129.57940482841488,135.4936805654601,10821250
2018-08-16,131.88504028320312,132.92086595430513,131.08309880730505,131.7513812461489,5028850
2018-08-17,132.6536102294922,133.55578994731732,132.0187359393011,132.6536102294922,2882250
2018-08-20,134.02352905273438,134.4913229191117,132.38623777398692,132.58672632233157,2862700
2018-08-21,136.56298828125,137.69906457356572,135.25984457021104,135.36008247215958,3323625
2018-08-22,139.33628845214844,139.7038442433579,137.89948640274096,138.20021270951045,3686125
2018-08-23,138.70140075683594,139.13578598874557,137.49850839730237,138.23360715928075,1990250
2018-08-24,140.50579833984375,141.67529541245852,139.90434561596715,140.3387309713054,3061300
2018-08-27,140.84002685546875,141.97610346016214,140.4390496445672,141.07392385527942,2183725
2018-08-28,139.87095642089844,141.67531483995427,138.83511819964232,141.2075082989056,2631400
2018-08-29,141.64190673828125,142.4104270067491,139.60365123448878,140.50583052697525,2839450
2018-08-30,142.4104766845703,142.67779482585757,140.6395386110491,141.8424447539807,4010350
2018-08-31,141.47482299804688,141.84237889845028,140.3387469179021,141.84237889845028,2733325
2018-09-04,139.87095642089844,142.87820770623324,139.2695036145465,142.6109024292018,2619600
2018-09-05,138.96876525878906,139.40315063633213,136.66320486368912,138.93535688194288,2584400
2018-09-06,134.9256591796875,138.83508884804442,134.12371802528438,138.83508884804442,3359475
2018-09-07,133.4888916015625,134.09034443678118,131.6845330959065,133.35523258341934,4144250
2018-09-10,133.72271728515625,134.99245178836446,133.32175319071845,134.35757816355098,2835750
2018-09-11,136.29568481445312,137.13103466585855,132.88745589114768,133.35524976850638,3663600
2018-09-12,138.1000518798828,139.43660407486755,137.13104293468,137.86614218067183,3346525
2018-09-13,137.46511840820312,138.16680896340307,135.6941814603873,137.63218576709514,2943050
2018-09-14,138.1000518798828,139.23611550972726,137.26470197810687,137.59883684024607,2898350
2018-09-17,137.79930114746094,139.1024447254,137.4317452159549,138.6680592839451,1980275
2018-09-18,139.67047119140625,140.73971781755398,138.86854259500808,138.90195097551415,2461250
2018-09-19,141.17410278320312,141.77555560175682,139.40316545436457,139.60364122959902,2503500
2018-09-20,140.7731475830078,142.57749340883976,140.43900002531598,142.10969957449717,2373275
2018-09-21,142.18186950683594,142.6837982937289,140.7095144295139,141.6799279550391,3824525
2018-09-24,145.12655639648438,145.99658673118924,143.55383085512483,144.4907748172032,4719350
2018-09-25,145.82931518554688,147.50243713435816,145.79584559822248,146.4316273434041,3812600
2018-09-26,143.28611755371094,145.59502052062228,143.08533838771297,144.75845980965252,3140500
2018-09-27,144.5577392578125,144.99275453966317,143.6207822842182,144.89235854236995,2428050
2018-09-28,144.85890197753906,146.4985543456575,143.7211785371496,143.8884881797259,3338500
2018-10-01,146.36473083496094,147.40205839513354,144.82544876050568,145.89624591192128,3085650
2018-10-02,145.59506225585938,146.93356488305795,144.1227195778666,146.5320192008612,2869675
2018-10-03,149.14205932617188,149.47667854228163,145.5950369168459,146.36468409072714,4716600
2018-10-04,146.7662353515625,149.9451690865709,145.79582171662952,148.23857782997766,3988975
2018-10-05,146.0635528564453,147.50243876956705,144.32350447860253,146.63240819819188,2961650
2018-10-08,145.1600799560547,145.86278818893103,143.18579532684817,144.7585214530606,2160200
2018-10-09,147.0674285888672,148.70708102544666,145.3943065634305,145.49468980018614,4150325
2018-10-10,140.40841674804688,147.13437536973686,139.97341415194896,146.86666968145215,6320425
2018-10-11,136.0248565673828,140.2745762409279,135.389061884244,138.86915954855758,6358000
2018-10-12,137.76486206054688,139.00298155561518,134.71978047129357,138.70181907909966,5127200
2018-10-15,138.13291931152344,139.53834813499222,136.66057685518462,138.46755130039944,3183675
2018-10-16,140.14068603515625,140.47530529037084,137.63100332632777,138.6348738568779,3360525
2018-10-17,137.69798278808594,139.93996074469575,135.92446431033935,139.3376356412967,3580500
2018-10-18,135.4894256591797,136.66060595738836,134.2513061840358,135.58980889476675,5447825
2018-10-19,133.84979248046875,136.49332894553663,133.280936989584,135.45598845844506,3725475
2018-10-22,131.7081756591797,134.15093242871836,130.83814500624828,133.91669635252347,3528050
2018-10-23,127.05690002441406,128.52924291952465,125.24992504070404,128.22808042223966,5512950
2018-10-24,119.39398956298828,128.42885111436811,119.39398956298828,128.1946150504171,6471650
2018-10-25,121.56903076171875,122.8405940829914,119.69512983287193,121.36825155919402,5682025
2018-10-26,120.19707489013672,122.10444565890327,117.35277267804017,119.89592519312393,6037100
2018-10-29,115.8134765625,120.96669403696924,113.83919260876982,120.63206206563095,5553850
2018-10-30,118.28972625732422,118.75821116346432,114.1738474616212,114.54193636256275,5951775
2018-10-31,120.69898986816406,123.84445384601699,119.7955026823659,119.86242907741443,7365600
2018-11-01,123.0748519897461,123.91141300167185,120.0966968296757,121.60250920412365,5950675
2018-11-02,121.0671157836914,124.44681679814667,119.86246583322148,123.67718216643722,4543700
2018-11-05,124.48027801513672,124.9487501277166,122.57291997682857,122.94100885525782,4663125
2018-11-06,123.37596130371094,125.14947856494794,122.00400234590639,124.78138983591946,4088425
2018-11-07,126.55496978759766,128.1611656642754,124.4133752853607,125.98611433258915,6862325
2018-11-08,121.83672332763672,126.48799967402259,121.60248730766807,125.9526012333934,4495100
2018-11-09,121.7697982788086,122.706742369085,118.39009797823594,119.36049888677685,6752325
2018-11-12,117.55358123779297,123.74412889805966,117.3193451272906,123.20873025049558,6512375
2018-11-13,115.27806854248047,118.82507778800381,114.14034546478912,117.52004512107327,8704150
2018-11-14,114.7092514038086,118.49051106614226,113.27036532251992,117.72087640299631,6129500
2018-11-15,116.4157943725586,116.817339949207,113.33724424517764,114.10687858579695,6690550
2018-11-16,116.28199768066406,118.12242962334727,114.67580183441818,117.28586848895401,5688000
2018-11-19,115.64619445800781,116.38235944019074,113.97307249818951,115.11079594146226,5180475
2018-11-20,110.12488555908203,113.27035021031209,109.32178141147682,113.20343656584342,6700450
2018-11-21,112.76844024658203,114.30770962629917,111.02839160498065,111.02839160498065,9376875
2018-11-23,108.75291442871094,110.09141694302672,108.11713275510925,108.71945761006076,4168975
2018-11-26,110.45951080322266,111.76455670913576,109.55603614014844,110.2587443291653,3726500
2018-11-27,109.05406188964844,111.16219859265878,108.01672194517255,110.39256422026865,5502450
2018-11-28,110.6268081665039,110.76064819726447,107.1467120686259,108.81983371973203,5952575
2018-11-29,111.32952880859375,112.50070899108562,110.05795263552642,111.12874959234945,4675500
2018-11-30,109.790283203125,110.62684430193448,108.28447067228605,110.09144570929278,6553525
2018-12-03,113.3372802734375,113.83922197748569,111.22915575221376,113.3372802734375,4751650
2018-12-04,109.48908996582031,113.939587124579,109.32176758109458,113.4711150831208,3973900
2018-12-06,106.00901794433594,106.91250541581086,102.96393621376876,106.7451893752853,9024725
2018-12-07,105.54052734375,110.59334961758623,105.27282172571304,109.42216945094067,8226975
2018-12-10,102.12734985351562,105.27281404656456,100.42076495773661,104.23548038215279,6194725
2018-12-11,101.92659759521484,104.53667042848146,101.02311649125534,103.83396219401801,6624725
2018-12-12,102.49542999267578,105.27281169052141,102.42850997699895,103.59969003200109,7154200
2018-12-13,101.85964965820312,102.96390971162606,101.05655201775488,102.39504808516863,7011800
2018-12-14,97.34223175048828,101.0900211975821,96.94067968993006,100.92271156211403,7397475
2018-12-17,94.4310073852539,98.24573004702894,93.89560883315464,96.94069049163956,8146375
2018-12-18,91.72056579589844,94.86603756941804,91.18516715986812,94.59833825140288,9036775
2018-12-19,90.48243713378906,94.4309995315091,89.71279619450932,92.55710475501188,8946275
2018-12-20,87.06928253173828,90.95092560146246,86.46695750670267,88.94317764549534,7196350
2018-12-21,85.04297637939453,88.1293489072032,84.47266820364676,87.39129926877517,7463600
2018-12-24,80.91663360595703,84.1707412471585,80.84953701986645,83.90236130147882,3212875
2018-12-26,89.40415954589844,89.50480443196727,80.14504118410701,82.39272578351309,8201825
2018-12-27,89.73965454101562,90.07513116483106,86.01587617416457,87.35778266942633,6578300
2018-12-28,88.46485137939453,91.1821998849498,87.99518154482473,90.6454398443138,5523375
2018-12-31,89.00162506103516,90.00804869180799,87.25715146225588,89.53838518393871,3982625
2019-01-02,91.5512466430664,92.08800681169448,85.98234869584964,87.0894173434808,6317725
2019-01-03,90.91383361816406,92.62475890602838,88.93452826938098,91.61832887856887,4579350
2019-01-04,96.04655456542969,96.14719943694078,92.45697066440188,93.29565873094789,6623875
2019-01-07,99.33424377441406,100.27357057029027,96.01303889181483,97.05301058668516,6922375
2019-01-08,100.2400131225586,101.7496544762786,98.59618498110977,101.17934623139362,7566225
2019-01-09,102.48770904541016,103.09156565312362,100.40776561737933,101.8838588363807,6567775
2019-01-10,103.1251220703125,103.3264054891652,100.27358030871382,101.41419701335329,4762075
2019-01-11,101.9844970703125,103.05801708178674,100.84388045845013,102.05159367070064,5148200
2019-01-14,102.05158996582031,102.99092314110072,100.4748583060447,100.64259340224159,5204050
2019-01-15,103.22576904296875,103.79607740669118,102.35353234558828,102.92384070931071,3639800
2019-01-16,103.42704772949219,104.43347119647424,102.72255258234163,103.15866771171802,4038750
2019-01-17,104.03089141845703,104.56765138718467,102.01803833638658,102.38706321439318,4267475
2019-01-18,106.04377746582031,106.07732577413023,104.23220720919817,105.00379910426958,5755775
2019-01-22,101.615478515625,104.76894194811037,101.48128531491464,104.66830344626159,7251450
2019-01-23,99.97162628173828,102.75607072170389,99.20003470891618,102.48769076599696,4333475
2019-01-24,100.54193115234375,101.21288421869615,98.69681981789861,99.90453277785988,4808025
2019-01-25,102.42062377929688,103.42704724153067,101.14581390187077,101.14581390187077,4674975
2019-01-28,100.64259338378906,100.97806997480511,99.30069341840863,100.20647829454684,4938150
2019-01-29,101.11226654052734,101.7832197873807,100.64260310694063,101.54838807058735,2967050
2019-01-30,103.96381378173828,104.13155530173256,101.17936853668046,101.98450863659883,4877800
2019-01-31,102.45416259765625,105.03731761793239,101.71611282156273,104.29927424052259,4756825
2019-02-01,102.99092102050781,104.03089267261974,102.05158786456836,103.05801121839492,3512450
2019-02-04,103.59477996826172,103.59477996826172,101.17935987527729,102.05159650852603,3041875
2019-02-05,102.185791015625,103.86316780628478,101.85032077644077,103.25931753654237,3363350
2019-02-06,100.97806549072266,102.48770048523163,100.77678210452483,101.51482545303921,3566250
2019-02-07,96.61690521240234,100.37423221895226,95.94595830319751,100.07230387027035,5969200
2019-02-08,95.14081573486328,96.78464425851507,93.26214908038853,96.61690273649869,5478075
2019-02-11,96.68397521972656,96.88525859723514,93.86598233987377,94.33565208563805,4824500
2019-02-12,97.85814666748047,99.80390317940042,97.42203158665515,98.66328663116973,6095000
2019-02-13,99.97162628173828,100.94450762035274,98.36134654749661,98.49553972469153,4543825
2019-02-14,101.28001403808594,102.38708248175199,99.36780548981591,99.46844400371343,5145125
2019-02-15,103.99736785888672,104.03091616474794,102.31999095793694,102.48772608855789,4480375
2019-02-19,103.56122589111328,104.50055261750413,102.9909176363688,103.29284591233255,3757750
2019-02-20,104.73539733886719,105.2386154605807,103.29285877249899,103.39349727789431,4372450
2019-02-21,101.88387298583984,104.83605343515237,101.34710650546175,104.5005767844229,5984450
2019-02-22,102.756103515625,104.0309135110922,102.05160830656543,102.9909416506631,3031950
2019-02-25,102.58837890625,103.46061572975518,101.95097384317208,102.11871538539552,3879100
2019-02-26,101.04515838623047,103.56122301697773,100.94451349747462,102.15222656781194,4207825
2019-02-27,101.21289825439453,103.35993812657073,100.5419450949977,101.98448990862241,4328750
2019-02-28,99.90454864501953,101.88385346656771,99.30069206913247,101.61547347713832,3892450
2019-03-01,102.0180435180664,102.35352011523153,100.70969182767469,100.70969182767469,4468550
2019-03-04,102.72254943847656,103.62832797156494,100.60905126434064,102.95738114700629,4139975
2019-03-05,101.81676483154297,103.09156828135048,100.81033499346782,102.99092977662188,3207550
2019-03-06,98.89813995361328,101.28001846605167,98.59621160135089,101.14582524340837,6381550
2019-03-07,97.55622100830078,99.36779077439714,97.15364781627365,99.30069417594531,3707175
2019-03-08,94.1343765258789,95.77820488760132,93.36278479666548,95.77820488760132,6266100
2019-03-11,96.147216796875,96.31495188099687,94.13436379399592,94.83886522441108,4756575
2019-03-12,98.59620666503906,98.73039988096386,96.71754643288494,96.85173964880974,3929500
2019-03-13,100.67613983154297,101.1793515094722,99.30069159248407,100.00518666184824,4892350
2019-03-14,100.97806549072266,101.61547034547986,100.60904061712372,100.67613721208417,3866450
2019-03-15,100.11378479003906,101.02177159911265,100.04652508249907,100.18104449757905,5316900
2019-03-18,102.53509521484375,102.8377575396789,100.51734852068938,100.61823810038108,4143975
2019-03-19,101.52622985839844,103.94752215692138,100.95453504168938,103.47671692465754,4198575
2019-03-20,104.35108184814453,105.696244336344,101.05542573425498,101.25720491816541,5932500
2019-03-21,105.89800262451172,106.09977536658913,103.88025596101808,104.21654814064033,7588600
2019-03-22,101.08905792236328,104.88914925491488,100.18107723085384,104.82188952539838,9187975
2019-03-25,101.15631866455078,101.66075381249276,99.13857165854195,100.51736405622913,5150200
2019-03-26,103.24131774902344,104.51922045671414,102.3669605640812,102.90502553723942,5260125
2019-03-27,102.97228240966797,103.9811526028295,101.55986029069767,103.20768502712298,4713800
2019-03-28,103.57759857177734,103.91389076740937,102.09792317378061,102.333325786451,5698800
2019-03-29,103.3758316040039,105.7298706908972,103.14042897816267,105.1918057134771,3984025
2019-04-01,104.8218765258789,105.42720118797624,103.84662981155765,104.62010377659315,4711400
2019-04-02,103.74575805664062,105.49447251412558,103.47672555658454,105.32632319269005,4654050
2019-04-03,101.42533874511719,104.55284525913362,100.85364393702558,104.2165530636256,5891325
2019-04-04,103.27491760253906,103.51032658697314,100.92088548634908,101.5262100464159,5450800
2019-04-05,106.9741439819336,107.07503357095133,103.779383967258,103.88026714203522,8422800
2019-04-08,107.71397399902344,108.89099987708083,106.87325314114253,107.64671427783614,8443475
2019-04-09,105.56172180175781,107.34406605554152,105.2926893119641,107.27680632953296,5890275
2019-04-10,107.10865783691406,107.47857348216786,105.89800848892664,106.30156040966916,4658125
2019-04-11,105.66259765625,107.71396771894018,104.88913015041206,106.53695473798666,5486325
2019-04-12,109.16002655029297,110.67333821435955,108.28567582687683,109.73172776937598,9917525
2019-04-15,107.88215637207031,109.59723478643241,107.71400061331362,108.68924756877603,5383075
2019-04-16,108.5210952758789,108.85738110741279,106.90690019324839,108.21843289610555,4214050
2019-04-17,108.11753845214844,109.59721391666774,107.81487610389667,108.95826577190549,3823000
2019-04-18,106.9741439819336,108.62196878378026,106.80600108114454,108.4202024342258,4932700
2019-04-22,110.90875244140625,110.94238871995287,108.05028453205597,108.95827162559208,7741000
2019-04-23,110.77420806884766,111.98485725459659,109.42905228461001,111.2450260632334,5780575
2019-04-24,108.55470275878906,111.34592349815226,108.52107931197469,111.27866377604323,6491150
2019-04-25,106.90689086914062,108.95826761663581,106.7723714168666,108.8910078904988,6637425
2019-04-26,105.19181823730469,106.33520805401113,103.94753881998017,105.93165606578012,8045075
2019-04-29,105.05728149414062,105.79711920095676,104.45195681845462,105.32631397064105,3285025
2019-04-30,104.08204650878906,106.23430643114581,103.51035166513299,106.23430643114581,5146975
2019-05-01,100.71914672851562,104.48560194997489,100.55099739722833,103.81302386754916,7080000
2019-05-02,97.45710754394531,100.24832193676119,96.98630230624441,99.27308159948927,9203150
2019-05-03,99.60938262939453,100.28196068366654,97.9951811878118,98.73502538602413,5258525
2019-05-06,100.55098724365234,101.12268208381745,97.894292219996,98.09606498292473,5287475
2019-05-07,99.13853454589844,99.50845650922086,97.5243401110636,99.20579425090952,6541075
2019-05-08,100.11378479003906,101.66071957802629,98.90313571127427,99.07127856588549,5027250
2019-05-09,99.7438735961914,100.3491982010159,97.72612705152294,99.10491913396118,6589400
2019-05-10,100.18107604980469,100.48373200057922,97.79340699404406,99.5421214554123,4016775
2019-05-13,96.71727752685547,99.77752464407098,96.41461516016463,99.34034923342911,5553350
2019-05-14,99.10492706298828,100.08017376306245,97.45710240370704,97.59162184409243,5482475
2019-05-15,100.4500961303711,100.68549873755663,97.8270247626467,98.26420011681412,5050600
2019-05-16,101.49258422851562,102.13153866891695,100.92088950062795,101.18992193644337,4411300
2019-05-17,99.17220306396484,101.02180718746776,98.97043028450233,100.55099548306721,4190300
2019-05-20,98.33145904541016,99.3739590463685,98.02879672025452,98.97041355565426,3170025
2019-05-21,100.4500961303711,100.68549873755663,98.60049230461057,98.80226505159246,3870500
2019-05-22,96.61639404296875,99.84479068707905,96.28010179046375,99.74390108705519,6246950
2019-05-23,91.1348648071289,94.12785273747221,90.66405303240381,94.0942228668317,10548250
2019-05-24,91.20207977294922,92.8835339940164,89.85691126470442,92.7490145774964,5248900
2019-05-28,89.82329559326172,91.7737889553429,89.82329559326172,91.4374967751827,4233275
2019-05-29,90.29409790039062,90.46224076601254,87.8391761425713,88.24272158575957,5816725
2019-05-30,87.97369384765625,90.73127804216738,87.70466139975856,90.29410271967346,5729050
2019-05-31,86.12409210205078,87.57014383981998,85.51876752212515,85.82142981208796,6316125
2019-06-03,86.93118286132812,87.67102039542331,85.98956620628442,86.79666344736245,5081250
2019-06-04,89.18437957763672,89.65518495062035,87.53655435795184,87.97372985940206,5364925
2019-06-05,86.0232162475586,89.15072279959305,84.98071620162717,89.04983321544219,6890775
2019-06-06,86.72941589355469,87.16659118939393,85.38424732184203,86.0904614634151,4870625
2019-06-07,86.89756774902344,87.80555470460541,85.72054833411049,86.89756774902344,6185700
2019-06-10,86.35948944091797,88.67989805178416,86.19134017100663,87.23384640174058,4954550
2019-06-11,86.59490966796875,87.83918886216249,86.46039022460073,87.36837722461453,5195900
2019-06-12,83.60194396972656,85.85509390789332,83.36654129792794,85.85509390789332,7387425
2019-06-13,85.55240631103516,85.75417905399858,84.40901674384266,85.31700370853784,5322900
2019-06-14,83.93820190429688,86.0568380739703,83.63554600858313,85.7878056222606,5053325
2019-06-17,85.38423919677734,85.7541611602209,82.92931769121572,83.4673825030035,4152350
2019-06-18,87.63741302490234,88.51177019727547,86.12410771498912,86.35951033558183,8247850
2019-06-19,87.2002182006836,88.37723745541884,86.22497165942788,87.4692506234026,6004200
2019-06-20,89.85692596435547,91.13483497339278,89.25160773370817,89.3188610387313,10934650
2019-06-21,90.13365173339844,91.4159761476935,89.55998807633227,90.60609009275029,5143300
2019-06-24,88.88505554199219,90.70729705894486,88.51385545451645,90.30235736024447,4047850
2019-06-25,87.70398712158203,88.75008906110268,87.63649501286412,88.58136522570965,4068700
2019-06-26,90.57232666015625,91.58468242552034,89.02004052534352,89.45873274369535,5820700
2019-06-27,90.33610534667969,91.28096895485974,89.93115920288781,90.67355939377282,3727925
2019-06-28,91.95587921142578,91.98962526056872,90.50483128028375,90.7747932370264,6672325
2019-07-01,91.78717803955078,94.41930615785226,91.2472539929042,94.18309019199468,4692100
2019-07-02,88.54762268066406,91.78717322709429,87.90646049523689,91.78717322709429,6863000
2019-07-03,88.34516906738281,89.02007099650774,87.70400676377143,88.91883924716075,2631075
2019-07-05,89.458740234375,89.55997839394881,88.0751842355405,88.1764159587128,2942200
2019-07-08,88.34516906738281,90.06617960671662,88.07520700845221,88.78385499949385,3431800
2019-07-09,88.54762268066406,88.54762268066406,86.82661245856082,88.10893682941516,4078975
2019-07-10,90.4373550415039,90.87604732089225,89.18878318626417,89.72870719443301,6095000
2019-07-11,89.42500305175781,91.07852120374281,88.95257113301986,90.87605130091258,3765350
2019-07-12,90.03240203857422,90.47108781717016,88.91880813062967,89.4924781096557,4714500
2019-07-15,87.60273742675781,90.40360164223854,87.29903585030902,90.13363324290468,5225525
2019-07-16,85.88172149658203,87.70396287334331,85.07182928868816,87.6364707832855,7255350
2019-07-17,83.18211364746094,86.08420977785491,83.04713587482009,85.91547951655215,7671975
2019-07-18,82.50721740722656,83.21586524269685,81.86605524437122,83.1821191881885,8101000
2019-07-19,83.5533218383789,83.78953779056674,82.2709974744993,83.04714387849042,4800000
2019-07-22,83.82327270507812,84.76814282464817,82.77717086882633,84.02574257484274,5443550
2019-07-23,84.66690063476562,84.80187839603946,83.35083688944206,84.09323066745009,5788250
2019-07-24,85.20682525634766,86.38791125015146,84.66690133399177,84.76813948308383,5639750
2019-07-25,82.67594909667969,85.88175377907108,82.13602504606254,85.78051560592947,5566600
2019-07-26,81.69731903076172,82.67593523113348,80.98867124682462,82.47346535520877,5633275
2019-07-29,80.17879486083984,81.96729721442986,79.3014167120826,81.76482087797675,5820300
2019-07-30,84.26197052001953,84.90313270823746,79.23392405460983,79.9425783545143,8471800
2019-07-31,84.46446228027344,86.86037475507675,83.78955391295811,84.63318615390067,7290500
2019-08-01,79.2001724243164,82.810922908581,78.15407051241253,82.7096847481768,14061175
2019-08-02,78.28907775878906,80.75248245907318,77.14173734893551,79.63888811261575,7675050
2019-08-05,75.04949188232422,76.4330476618557,74.57706008533313,76.26432385904474,8650575
2019-08-06,73.9359130859375,76.60179348005077,72.8223190262653,75.82564709462933,9099575
2019-08-07,73.76719665527344,75.28573065107291,71.06756993540361,72.28240228116516,13792200
2019-08-08,75.92689514160156,76.09561900068852,74.00341482783875,74.67831670058918,9043100
2019-08-09,75.2182388305664,76.77051875773337,74.81329260290437,76.66928059171737,7226450
2019-08-12,74.07088470458984,75.15073252586411,73.22725278966924,74.84702452158064,4297225
2019-08-13,74.54334259033203,76.53431512083945,72.82233210956784,73.73345644110235,7010325
2019-08-14,70.76387023925781,72.61986503605442,70.19020005645206,72.58611897395959,8910675
2019-08-15,70.12268829345703,70.79758997518104,69.38028807623954,70.59512011430392,5829950
2019-08-16,72.34988403320312,72.72107774625471,70.19018167940499,70.25767378592401,5905950
2019-08-19,75.3194580078125,75.65691206855878,73.5984480907672,73.8009243890555,6774725
2019-08-20,74.71202850341797,75.01573645964322,73.63218085301695,74.5095586780677,4922250
2019-08-21,75.04949188232422,76.46679370969798,74.74578388814409,75.72439996636906,3556550
2019-08-22,74.13837432861328,75.69066048196105,73.96965051117162,75.35320641067666,4452200
2019-08-23,70.6288833618164,73.39599573439209,70.0214671948798,72.72108745192867,7908500
2019-08-26,70.52764129638672,71.97868951812382,70.22393322967886,71.3037812729059,5672000
2019-08-27,69.5152816772461,71.20254576438118,69.0091037383859,71.20254576438118,6110500
2019-08-28,71.70873260498047,72.48487263667425,69.92023013349252,70.46015419348842,6386250
2019-08-29,74.13837432861328,74.67829826810788,72.61984066243512,72.75481842910824,7453325
2019-08-30,72.78855895996094,74.61080694486594,71.94492706392727,74.3745910438006,5768625
2019-09-03,71.40502166748047,71.80996791452047,69.81899560907844,71.10131359130102,6175650
2019-09-04,73.29473876953125,73.69968492246822,72.31612909090143,72.68732919472693,4684900
2019-09-05,75.2182388305664,76.50055675142599,74.17213042427362,74.30711464562827,8326950
2019-09-06,74.94827270507812,75.18449509975221,73.29475456077236,74.57707895768027,5454075
2019-09-09,79.16641235351562,79.33514259098034,75.72439918244136,75.72439918244136,11569075
2019-09-10,79.87509155273438,82.91216598010325,79.33516749615335,79.60512952444387,12339300
2019-09-11,80.11128234863281,82.60843193471213,78.76147263134675,80.92116817900445,11228525
2019-09-12,78.45777893066406,79.97631916194723,76.97298475300958,78.2553090452935,10590250
2019-09-13,79.03144836425781,80.48249647717022,78.01909250875693,79.13268652436852,6962550
2019-09-16,87.56900024414062,88.31139405371476,84.19447239560189,86.15169829029831,23310025
2019-09-17,82.91215515136719,87.02908359060943,82.60844710465582,86.99533753693021,15405600
2019-09-18,81.62982177734375,82.47345364976161,80.92116765758455,81.52858363554947,7062625
2019-09-19,80.01004791259766,82.81091205576497,79.57136214780803,82.54094366340122,8115325
2019-09-20,80.56204223632812,81.20545025653476,79.71544661699225,80.62976497702589,5559350
2019-09-23,80.29112243652344,80.76522035775977,79.41066870925256,79.91862477006629,4246775
2019-09-24,78.05611419677734,80.18953879307098,77.4127061709852,79.98635765118988,7096600
2019-09-25,78.15770721435547,78.32702375439175,76.63383251798108,77.00633665687526,4666850
2019-09-26,76.63383483886719,77.54815968438251,75.58405804902303,77.41270774005366,7606750
2019-09-27,76.22749328613281,77.2434057515417,75.27930358180764,75.31316819185646,6418725
2019-09-30,75.71951293945312,75.9565586752903,75.00836927292976,75.55018994313238,4830275
2019-10-01,72.9765396118164,77.00633655781314,72.77335847223186,76.19360554046297,8821675
2019-10-02,70.94470977783203,73.51835456968298,70.57220566840111,72.50244249179505,9240025
2019-10-03,72.02835845947266,72.26540420476375,69.35311314201685,70.16584417973438,9221850
2019-10-04,71.9267807006836,72.7395119196784,70.53836406085742,72.29928493151964,6054625
2019-10-07,71.04631805419922,72.4685992579283,70.6399556868557,71.9945076763564,6062225
2019-10-08,69.01448059082031,70.7415366431698,68.98062244578553,70.09812854330428,7175800
2019-10-09,69.55630493164062,70.43675876456169,69.11607155616757,70.43675876456169,4647350
2019-10-10,70.26744079589844,70.91085531532411,69.38698052168762,70.0303950411133,5178025
2019-10-11,71.99449920654297,73.04427606752805,71.41881387135517,71.41881387135517,7011350
2019-10-14,71.04631805419922,71.38495766632774,69.35312645257,70.91086608475584,4571925
2019-10-15,71.11402893066406,72.57017436601953,69.89492922496893,70.70766020909511,6330100
2019-10-16,70.60606384277344,72.26539019718739,70.36901814343014,71.04629064740944,5411250
2019-10-17,70.94470977783203,71.31720742825149,69.86106204667038,70.57220566840111,5698475
2019-10-18,69.62401580810547,71.68971100466537,69.35310549208216,71.1140257757394,5599400
2019-10-21,70.1319580078125,70.50446204098716,68.9805942361102,69.11604613789453,4656175
2019-10-22,71.28333282470703,72.63789068375988,69.69173573703367,70.40287925893746,8174975
2019-10-23,72.67176818847656,73.55222844795173,70.33516882268984,71.08017067654778,6629450
2019-10-24,72.43473052978516,73.65383048048423,71.62199938232344,73.6199658752967,4798650
2019-10-25,73.95861053466797,74.39883751423744,72.06223772734694,72.468600099409,6600825
2019-10-28,73.45063018798828,75.4824607572308,73.38290099524421,74.5004068394759,5749400
2019-10-29,74.66973114013672,75.58405596038624,72.4685838187676,72.94268175834809,7504050
2019-10-30,71.89289093017578,75.48246063149571,71.65584521497776,75.34700224623323,8226100
2019-10-31,71.5203857421875,72.46856850293122,70.13196327579301,71.92674793707462,8050000
2019-11-01,73.99244689941406,74.73744860317123,72.09607481593427,72.43470784372599,8426325
2019-11-04,77.58201599121094,78.39474694733444,75.6517791630412,75.75337295468594,10277000
2019-11-05,77.6836166381836,79.95249317971201,77.17566055315736,78.3947538654179,10097800
2019-11-06,75.31314086914062,78.46247741198565,74.77132022295348,77.31110692408507,9905650
2019-11-07,76.83702087402344,77.58202270014138,75.9904252474754,76.70156247344997,6697825
2019-11-08,77.34497833251953,77.54815947797809,75.10996635543897,76.09201394099878,5356425
2019-11-11,75.61790466308594,76.80313957434647,75.2792651942957,75.9226795390961,5017625
2019-11-12,75.3470230102539,76.66771033545956,74.66974381532054,76.22748338006204,5585225
2019-11-13,74.16177368164062,75.24541502223991,73.68768220988142,74.83905274902112,6571275
2019-11-14,73.45063018798828,75.0083628670337,73.04426149053525,74.33109031662708,7135325
2019-11-15,74.3649673461914,74.97451731771969,73.68769462372562,73.75542383367609,4780000
2019-11-18,72.06224060058594,73.99247809237609,71.48655516803329,73.99247809237609,6649475
2019-11-19,69.7256088256836,71.58811642031749,69.48856310916779,71.45266449331332,8057575
2019-11-20,70.09810638427734,71.48652241626546,68.67582575894673,69.86105423087996,8607825
2019-11-21,71.11402893066406,71.31721006194267,69.72561269207203,70.77538940585855,6161675
2019-11-22,71.28333282470703,71.92674716185607,70.40287925893746,71.21561009896284,4797250
2019-11-25,71.89289093017578,71.96062012280701,70.57220396892318,70.84311428043682,5042125
2019-11-26,70.09810638427734,71.92674921169626,69.89491882422243,71.92674921169626,8169250
2019-11-27,70.60606384277344,70.97856145930824,69.75946836854116,70.36901814343014,6052375
2019-11-29,68.9467544555664,70.16584784634193,68.81129604602886,69.72562093336987,4697150
2019-12-02,68.98062896728516,69.99654134870659,68.70971856830522,69.62403712797915,6052875
2019-12-03,67.86310577392578,68.91288249977454,67.38900785014587,68.10015150630984,8080900
2019-12-04,69.96265411376953,70.70765585525865,68.74355448314067,68.94674206091969,7645375
2019-12-05,69.38697052001953,70.97856782916766,69.11606020231322,70.74152210855108,8350425
2019-12-06,71.89289093017578,72.26539503063628,69.55629191549984,69.691743841751,11198775
2019-12-09,72.36699676513672,73.0104047887427,71.08016779990069,71.4188073412266,7376600
2019-12-10,72.87495422363281,73.41677491638002,72.23153972886595,72.70563122026672,8231450
2019-12-11,72.43473052978516,73.41678470318452,72.2654139628605,72.73950551745993,6519600
2019-12-12,75.17769622802734,75.55019392152455,72.4347216742961,72.60404467953322,8876825
2019-12-13,73.68769073486328,76.4645236061557,73.41678036837165,75.55019869711668,8269525
2019-12-16,75.7872085571289,76.53221655630166,74.50038654066347,74.60198030209872,7097875
2019-12-17,77.78520965576172,77.88680346378509,76.19361208413758,76.26134128948648,8870425
2019-12-18,78.25930786132812,78.9365805397453,77.27725375795629,77.27725375795629,6703950
2019-12-19,79.24134826660156,79.51225860502196,78.32702345230327,78.39475265166135,6542600
2019-12-20,78.96929168701172,79.6834876417101,78.39113552815473,79.51343789690834,7204300
2019-12-23,80.66972351074219,80.80576326155072,78.90125215735767,78.96926554602959,5908925
2019-12-24,80.60172271728516,81.38393194646899,80.32964965988498,80.94180917398535,2673500
2019-12-26,80.90780639648438,81.79203897540326,80.56771345019757,81.21388291273573,4484125
2019-12-27,79.54743194580078,81.38392990217064,79.20734549764329,81.34991996000825,7548125
2019-12-30,79.4454116821289,80.43167409609295,79.17333862102848,80.05757769128826,8255225
2019-12-31,80.60172271728516,81.14586883208551,78.3231084290337,78.73121477176727,6088250
2020-01-02,80.4656753540039,81.69000724016664,79.6834661986145,81.41793420843412,4746800
2020-01-03,81.72404479980469,83.22044373669699,80.87381547745159,82.91436066171107,8350400
2020-01-06,82.26818084716797,82.8123270270693,81.45196157731597,82.60827383128984,7596050
2020-01-07,83.25443267822266,83.25443267822266,81.62199434807711,82.37019362771049,6463325
2020-01-08,80.09158325195312,83.18641683579357,79.47942371344647,82.98236365629134,11189375
2020-01-09,79.71747589111328,79.98954892200175,77.67692491608342,79.8194992234885,8364575
2020-01-10,78.96929168701172,79.5474478458687,78.6292051708772,79.30938468988073,4851750
2020-01-13,77.84700012207031,78.6292160832474,77.1328105549893,78.56119617588672,7542450
2020-01-14,78.69720458984375,79.10531741807176,77.23480947823231,77.98301524886142,6250175
2020-01-15,77.77897644042969,78.11906295889631,77.09879043002738,78.05104954724371,6011900
2020-01-16,77.33683776855469,79.07130590223757,77.30282782631778,78.28909669098839,6507850
2020-01-17,76.07852935791016,77.94903143809573,75.94248954064949,77.94903143809573,8831475
2020-01-21,73.56182098388672,75.43232894947866,73.42578769709343,75.39831900609698,8407000
2020-01-22,71.92937469482422,73.25573639360135,71.69131160412216,73.1196966350672,6826750
2020-01-23,70.73907470703125,71.41926073731865,69.6507822479592,70.84110455759479,8231925
2020-01-24,69.51473236083984,70.43297485005324,68.25639045083159,70.43297485005324,8017450
2020-01-27,66.99806213378906,68.01833455745738,66.69197910934179,67.40616850856284,7251925
2020-01-28,67.91629028320312,68.46043632505312,66.8960180764175,67.64421726227813,8094825
2020-01-29,66.4878921508789,69.00457520507055,66.4878921508789,68.66448237449887,6125800
2020-01-30,66.75997924804688,66.75997924804688,65.12754109986726,65.3656041856352,7900300
2020-01-31,65.16156005859375,65.90975935839356,64.41336075879394,65.70570618330879,11226875
2020-02-03,64.03923797607422,65.67167584321304,63.835184864364734,65.19554975364709,7367650
2020-02-04,64.27731323242188,65.87574795689329,64.10727002148064,65.29759195826735,6955800
2020-02-05,67.7802734375,68.25639971778861,65.53566884937646,65.60368874277029,12289825
2020-02-06,66.52194213867188,67.95032769778761,66.28387895994177,67.84830432789478,6574325
2020-02-07,65.33160400390625,65.80773673328461,64.85547776126143,65.73971684526862,5860275
2020-02-10,63.69918441772461,64.82148695438966,63.46112122611921,64.68545362493035,6747300
2020-02-11,64.00524139404297,65.16155341281437,63.903218060272614,64.99151019870857,7176075
2020-02-12,64.85546875,66.38588358405042,63.97122978885228,65.56966450146774,8418075
2020-02-13,64.44735717773438,65.67168245804386,64.14127423597397,64.58339043699894,7335250
2020-02-14,63.86921310424805,65.09353861216441,63.35907044865512,64.99151527043249,5740725
2020-02-18,63.18901443481445,63.63113062856716,62.47482524027576,63.2230243707542,6615375
2020-02-19,65.05953216552734,65.4336350699369,63.73317675786972,64.0392597729805,7081000
2020-02-20,65.297607421875,66.28386995501708,65.0935477363414,65.39963077790756,8847175
2020-02-21,63.937217712402344,64.61740350185165,63.25703840968547,64.61740350185165,7094575
2020-02-24,60.026180267333984,61.11447260626662,59.68608728973403,61.08046265983322,10951000
2020-02-25,56.863319396972656,60.46829542125599,55.9110669644499,60.19622237100189,13248950
2020-02-26,53.9725456237793,57.3054455518375,53.8024991464576,56.999362541331806,12975875
2020-02-27,50.43558883666992,53.19033248680399,49.07522360411393,51.45586438277019,22331125
2020-02-28,52.30610656738281,52.47615307489302,47.91892353912982,48.25901331078287,21605100
2020-03-02,52.2720832824707,53.73447833328359,50.435588605262986,53.53042192765316,14667050
2020-03-03,50.53761672973633,53.19033386710914,49.6873876264835,52.57816787488978,15468925
2020-03-04,50.67365264892578,51.931994560814616,49.483333864664175,51.79595479229336,11612875
2020-03-05,48.56508255004883,49.89144103899791,48.05494641611188,49.415311602188034,10521850
2020-03-06,43.90583038330078,47.03467374347191,43.22564774921285,46.55854427792704,22663575
2020-03-09,27.71746826171875,36.1517428938501,27.71746826171875,33.26096256273585,32861550
2020-03-10,33.77109909057617,35.5395738378024,30.200136412161307,35.5395738378024,30412850
2020-03-11,31.69654655456543,33.192951905258305,29.690004932671577,32.070649513922305,27974675
2020-03-12,28.023548126220703,29.99607922168885,27.411385428453382,28.023548126220703,19380500
2020-03-13,32.17266082763672,32.98887977095161,27.411380414934094,30.608239564600296,18921325
2020-03-16,29.451934814453125,33.60105363330453,27.717466712716078,27.85350323579154,18009350
2020-03-17,29.00981330871582,30.88031780490047,27.853501320406533,29.928062208855426,13655050
2020-03-18,26.425119400024414,28.15958585753352,25.064752565268623,26.93525716576824,16925700
2020-03-19,28.159587860107422,28.397654221850125,25.744938624343852,26.969267403177483,13177300
2020-03-20,28.05756378173828,29.655995596234625,27.17332462960269,28.907792987245504,18620050
2020-03-23,25.941635131835938,28.109172689465403,25.666392579865533,28.040360410897787,18092375
2020-03-24,29.141328811645508,29.21013779704855,26.526521743340595,27.489870507029444,12175375
2020-03-25,29.485380172729492,31.13683847016346,27.558682653730884,29.210137670015403,16558125
2020-03-26,29.691816329956055,31.618514020238983,28.93489773962718,29.760625321177006,14441475
2020-03-27,27.62748908996582,28.9004863678611,27.524273981257863,28.728462280397554,8835375
2020-03-30,27.532878875732422,27.7479123052813,25.81261307991627,26.750158963995368,14060800
2020-03-31,28.298404693603516,29.106929323279253,27.722113313686073,28.61665329618915,12433000
2020-04-01,26.69855308532715,27.81672633332417,26.259884664492166,27.43826701407096,12970300
2020-04-02,28.952098846435547,31.773336199521633,27.412460449087305,28.07476212004059,27589900
2020-04-03,30.044471740722656,30.500341572044785,28.39301325702109,30.500341572044785,20734300
2020-04-06,31.592716217041016,31.790546610683304,29.78643642733298,30.182097214617556,17259500
2020-04-07,32.573265075683594,34.52576913478469,32.409840839972915,32.977528999096805,18167600
2020-04-08,35.523521423339844,35.58373052030477,32.98612633285492,33.44199942849608,13158500
2020-04-09,35.6955451965332,39.170485805551074,33.91506886729446,37.29539425321714,36283300
2020-04-13,36.03959655761719,37.33839675639818,35.231068931895436,37.27818767122517,10786300
2020-04-14,35.60953903198242,36.409463692521655,35.007444742813654,35.85897532909742,9061800
2020-04-15,34.66338348388672,34.94722914733065,32.848501059755286,33.794649990085766,12459300
2020-04-16,33.0893440246582,34.83541436118945,33.01193186149846,34.73219923735967,7705200
2020-04-17,36.43526840209961,36.48687433031812,33.41619691761412,33.41619691761412,11995100
2020-04-20,36.99435043334961,37.94049950886956,33.97528247253413,34.12150363227415,19966900
2020-04-21,37.493228912353516,38.05231714171453,36.099813207414186,36.27183732615627,18369400
2020-04-22,38.551185607910156,39.85858900305392,37.863079421294785,38.99845544949743,11441000
2020-04-23,40.065032958984375,41.47565183008911,39.136086903681274,39.781187237258436,12344600
2020-04-24,40.4262809753418,41.879905641964754,39.101674385695155,41.372426664432574,8967300
2020-04-27,41.31221389770508,41.802489765135554,38.19853132463888,39.75537425174655,9154800
2020-04-28,41.699283599853516,42.43899914617595,40.460692187198404,42.06054147926324,8198900
2020-04-29,46.214988708496094,46.40421919457972,43.041096165771094,43.10130526931587,11814800
2020-04-30,46.75687026977539,47.918049497335126,44.9849935978648,47.26434930369664,14895600
2020-05-01,43.015289306640625,46.10316973770155,42.53361648515703,45.70750898258289,11455600
2020-05-04,45.23444366455078,45.320455745384535,41.656286634767184,42.27558411645203,10001300
2020-05-05,44.51191711425781,47.909445743460054,44.27968063122809,47.88363950235706,11905800
2020-05-06,42.929264068603516,45.191416156341546,42.90346111284097,44.94197664680695,10741400
2020-05-07,43.5657844543457,45.05381574541439,43.12711431675607,44.21948479124822,8845100
2020-05-08,46.09456253051758,46.16337151646281,44.090449546901844,44.434504320076485,8006800
2020-05-11,45.09679412841797,46.455803185298436,45.045184943543326,45.64727897582011,6955700
2020-05-12,44.202266693115234,46.060155201509154,44.18506362678805,45.647291453104884,7525300
2020-05-13,41.260616302490234,44.34849654123164,40.56390679618681,44.34849654123164,14234700
2020-05-14,40.96816635131836,41.879905913330056,38.706013950595064,40.53809952964508,12272800
2020-05-15,41.234825134277344,42.29278962097424,40.47790953346801,41.14021314503943,7819700
2020-05-18,45.535484313964844,45.70751173821596,43.55717713795251,43.88402891591461,9653500
2020-05-19,44.18505859375,45.896725765114105,44.17645870214071,45.74190146695457,7541200
2020-05-20,45.70750427246094,46.361207721610775,45.14841933640217,45.34624969357524,9063100
2020-05-21,45.354854583740234,46.42142193247324,44.735557201821074,45.93114593217058,7289300
2020-05-22,45.44086456298828,45.49247048461757,44.193670052269376,45.053803745020396,5645500
2020-05-26,47.2901496887207,47.83203482992257,46.361207013524265,46.748264547518836,7644000
2020-05-27,47.453582763671875,47.875049792404724,45.68170913880169,47.7202254374539,6546700
2020-05-28,45.397850036621094,47.505177997931334,45.13981061467784,47.272941533837624,7562000
2020-05-29,44.62373733520508,45.595686055094696,44.03884615592034,45.139816243444706,7866200
2020-06-01,45.92253875732422,46.24939048944336,43.755001390531056,44.40010168013082,6903600
2020-06-02,47.52238845825195,47.52238845825195,46.2235879730536,46.2235879730536,7122900
2020-06-03,48.451324462890625,48.59754559148867,47.5395817183676,48.339506182630934,11562900
2020-06-04,49.02762222290039,49.320067820037366,47.45357593447644,48.02126734169801,9877100
2020-06-05,54.807716369628906,54.92813455375913,51.90046375943728,51.98647581063046,17096100
2020-06-08,61.774803161621094,61.86941839527467,57.34511321599241,58.265456028741326,23262400
2020-06-09,57.29350280761719,59.091178981699635,55.98609598801273,59.091178981699635,15495600
2020-06-10,53.113258361816406,56.16673575895405,52.88962503347257,56.16673575895405,13737000
2020-06-11,48.08146667480469,51.19514920173033,47.789021137061454,48.683557533850376,11542300
2020-06-12,49.91355895996094,51.54781434822413,48.16748854999166,51.126347379705805,9341500
2020-06-15,50.36941909790039,51.031722288698525,46.903078850936204,47.33314560227404,9859500
2020-06-16,51.771446228027344,53.414301463979406,50.2576123595507,53.01864074940763,13069300
2020-06-17,49.34586715698242,51.62522266851172,49.34586715698242,51.62522266851172,10602600
2020-06-18,49.586708068847656,50.8941083777883,48.37391970874053,48.88139871225484,5817200
2020-06-19,48.23630142211914,51.2295664254593,48.20189528525149,51.18655711379983,9763200
2020-06-22,47.856597900390625,48.38420264291875,47.086807116531915,48.26311292170091,8747700
2020-06-23,47.700904846191406,48.95505107541521,47.501967984181604,48.74746966206589,6047300
2020-06-24,44.275787353515625,46.81003376761909,44.154697621693245,46.81003376761909,12928700
2020-06-25,45.19261169433594,45.65102373321126,43.37625924266795,43.82602013017911,8032000
2020-06-26,43.02164077758789,44.72555147067206,42.796757019468615,44.65635875240686,8801300
2020-06-29,43.9211540222168,44.362270267106716,42.80539658393835,43.39354607804685,7378800
2020-06-30,45.13206481933594,45.34829740152921,43.03028385646152,43.59248988994298,7304200
2020-07-01,43.81736373901367,46.04023408596294,43.66167603927469,45.26179888671491,8555800
2020-07-02,44.941776275634766,45.711563692104995,44.5439091411924,44.967726427496416,7365300
2020-07-06,45.036922454833984,46.23052724562625,44.30173298700066,45.89320494157455,7172200
2020-07-07,43.47140121459961,44.74284998072021,43.384909492861865,44.43147450334801,7142400
2020-07-08,43.5146369934082,44.215228302603954,42.90918522908784,43.5146369934082,8241500
2020-07-09,41.2398796081543,43.68763079814803,41.18798259903081,43.531946369672504,8758200
2020-07-10,42.73619842529297,42.770796423035314,40.816052443399585,41.06688297786157,7691400
2020-07-13,41.80207824707031,43.29840710062088,41.706935396937276,43.24651010069916,8945100
2020-07-14,43.58384323120117,43.60979008791558,41.222583586206575,41.63774979087563,12405400
2020-07-15,44.88123321533203,45.097465792626515,43.73087761983795,44.75149564862371,8066300
2020-07-16,44.7687873840332,45.65101661714817,43.88656145036523,44.32767441719922,8747000
2020-07-17,43.77412414550781,45.72021737094926,43.60113742113466,44.846635897616146,9560000
2020-07-20,43.410850524902344,44.58715625961359,43.384903671751935,43.94710968595716,7232900
2020-07-21,46.42946243286133,46.93977148212042,44.241189656953324,44.241189656953324,11490400
2020-07-22,45.93644714355469,46.031590001116406,44.84663315623503,45.70291557484333,8010600
2020-07-23,45.9537467956543,46.42945779075253,45.23585307802916,45.7115640731274,7092400
2020-07-24,45.65101623535156,46.723531166476484,45.6077703839761,45.806703939860775,7736100
2020-07-27,44.82068634033203,45.616423904673354,44.42281920788494,45.5299288979802,7163200
2020-07-28,44.1719970703125,45.22721325728533,44.076854194510325,44.561216426117866,5770800
2020-07-29,45.633724212646484,45.69427237316675,43.98170736170152,44.41417254047714,6496700
2020-07-30,44.46607208251953,44.92448414230965,43.462752942588914,44.70825154060523,7770600
2020-07-31,44.43146896362305,44.46606696778353,43.45410009194381,44.09414667167647,7206800
2020-08-03,44.92448043823242,45.43478946815717,44.19793882443188,44.682301000114705,4903600
2020-08-04,45.7721061706543,46.118079582303,44.37957127241338,44.70824238408797,7857200
2020-08-05,46.7408332824707,47.216544278203614,45.99699271122238,46.93111570109556,6972500
2020-08-06,46.01429748535156,46.87922787680762,45.849958599328446,46.38621781763347,5330600
2020-08-07,46.81867599487305,47.00031055798294,45.20125402971225,45.72021416645823,7384800
2020-08-10,48.54853057861328,48.69556712139429,47.060849654516666,47.138693500532106,7990900
2020-08-11,47.752803802490234,50.13136226353866,47.56252136923062,49.647003379480616,7436600
2020-08-12,48.60043716430664,49.04155350851935,47.986337382584516,48.69558003460536,8273300
2020-08-13,47.493324279785156,48.68692905881587,47.294390699854596,48.41879946876301,4748800
2020-08-14,48.574485778808594,48.68692764226213,46.974366034930895,47.18194746036344,5447300
2020-08-17,48.297706604003906,48.55718502616333,47.66630790028536,48.55718502616333,4028600
2020-08-18,47.35493469238281,48.40149958047497,47.207898122734775,47.986333425680904,3601000
2020-08-19,47.0262565612793,47.75279810005329,46.84462200144756,47.380877830237615,3323600
2020-08-20,45.44343948364258,46.5592003804279,45.41748933060172,46.12673522348295,5705400
2020-08-21,44.75149917602539,45.374246804095556,44.440123712266534,45.132067354259796,5047300
2020-08-24,46.109432220458984,46.62838904398527,44.67364815595942,45.13206012672255,5654100
2020-08-25,46.3256721496582,46.86192805920257,45.57318034655754,46.70624032748847,4133500
2020-08-26,44.83798599243164,46.18727842140369,44.78608898766254,46.18727842140369,4839000
2020-08-27,45.2445068359375,45.374244406015215,44.49201507180779,45.12341381797198,4267800
2020-08-28,45.84995651245117,46.031594393969804,45.08882017821551,45.305052766237615,3100400
2020-08-31,44.50931167602539,45.96239481883969,44.44011896893514,45.84995295793995,4359500
2020-09-01,44.3536262512207,44.621755841228925,43.72222750647299,44.293081392097456,3595600
2020-09-02,43.18596267700195,44.301723362977505,43.11676668122982,44.301723362977505,10420300
2020-09-03,42.814056396484375,43.999010164824526,42.55457792669826,42.917847124509265,8042500
2020-09-04,42.770809173583984,43.65303858233809,41.99237048955164,43.20327437594692,7892800
2020-09-08,40.31439971923828,41.97506422534164,40.01167215027665,41.68098780662162,9909400
2020-09-09,40.73821258544922,41.0668869972771,40.09816606180474,40.82470758827076,6345800
2020-09-10,38.44614791870117,40.80740696071032,38.420197769165846,40.738210961211934,11661100
2020-09-11,38.58454132080078,38.904564608866984,38.05693330838659,38.63643502730234,6816200
2020-09-14,39.29378890991211,39.717602964411995,38.454805353834004,38.84402469940878,5730600
2020-09-15,39.12078857421875,39.98571868631586,39.01699788461213,39.70029346503601,7405600
2020-09-16,41.040950775146484,41.819386205461576,39.20729913325227,39.56192048804475,15121700
2020-09-17,41.11878967285156,41.136088675802924,39.87328785593349,40.17601545841105,7105500
2020-09-18,41.10149383544922,41.55990590090001,40.52198874001261,41.17068655313628,7361100
2020-09-21,39.51294708251953,39.948879864388374,38.6846741317881,39.82681921760961,7954900
2020-09-22,39.190364837646484,40.358665037225556,39.10317626997415,39.565267363878085,9798900
2020-09-23,37.141475677490234,39.73963826352004,37.10660357887847,39.45192100012411,7380300
2020-09-24,37.403038024902344,38.31849629979781,36.15626986901203,37.05429043165476,8616800
2020-09-25,36.95838165283203,37.26353660342806,36.41782592084632,36.949664460370784,5724000
2020-09-28,38.152835845947266,38.62364405154626,37.23737766344025,37.75177848231992,7533500
2020-09-29,37.010684967041016,37.995893748967475,36.2434425237592,37.96101833656776,7100300
2020-09-30,36.67938995361328,37.533817945645595,36.46142352730186,37.01069985285968,6617300
2020-10-01,35.45876693725586,36.45269636313632,35.24952108773573,36.23472999644288,8618600
2020-10-02,36.28704833984375,36.66195084490142,34.133542391472396,34.22072762831686,6572400
2020-10-05,37.917442321777344,37.969752137358526,36.705546154986436,37.01070115812664,5971200
2020-10-06,37.0194091796875,39.10316724027008,36.92350344034638,38.58876645045197,8053600
2020-10-07,38.06565475463867,38.18771541544588,37.14147595353567,37.37688008190823,4846400
2020-10-08,39.7134895324707,39.74836496532893,38.11797672710666,38.33594319361407,6057100
2020-10-09,39.10316848754883,40.37609471499325,38.745703745995364,40.02734716552021,5755100
2020-10-12,39.190364837646484,39.382173034718065,38.2661859757424,38.92008526671791,3566600
2020-10-13,38.25746536254883,39.47807526773176,38.23130713163321,39.19907852792404,3645300
2020-10-14,38.440547943115234,39.800659246671195,38.43183075198532,38.449265134245145,5416200
2020-10-15,39.25138473510742,39.28626015290297,37.385593119783245,37.76921273782559,5028900
2020-10-16,37.97846221923828,39.19907191861569,37.9348662836974,39.138041599941964,4668100
2020-10-19,37.2025032043457,38.39696145971947,37.16763110836145,38.222587676185036,8309900
2020-10-20,37.995906829833984,38.5015871801111,37.10660346289471,37.53381577120944,5159300
2020-10-21,37.08916473388672,38.22258938878997,37.06300650334737,37.87384180609508,7146300
2020-10-22,39.03342819213867,39.111896238987036,37.01941720696656,37.17635330066328,9637500
2020-10-23,39.16420364379883,39.68732503257647,38.67596100535727,39.207799587291284,5873500
2020-10-26,37.08916473388672,38.49286893167369,36.731699958281,38.4318386035876,7217800
2020-10-27,36.63579177856445,37.219940116072735,36.43526309587191,37.115317178559934,5521800
2020-10-28,34.56947708129883,35.72033956405975,34.525881134635156,35.3541542326883,11327300
2020-10-29,35.45005798339844,35.554680932469395,33.47092251482846,33.97660619949465,7566000
2020-10-30,35.38031005859375,35.58955595436569,34.3951009321155,35.11003050682614,8166800
2020-11-02,36.74913024902344,37.272248191525854,34.70024443476632,35.79007625323199,8623600
2020-11-03,36.44398880004883,37.81281780336432,36.09524448491917,37.57741364455221,8219300
2020-11-04,36.31319808959961,37.18506355800869,35.380302304474114,36.55731935646525,10271800
2020-11-05,36.51372528076172,37.464058736170436,36.09523027185275,36.29575892241938,5252400
2020-11-06,35.38903045654297,36.98454302842841,35.27568697929196,36.44398720184522,5919300
2020-11-09,41.11717987060547,41.98032824247626,39.21651267476352,39.25138809554487,20250900
2020-11-10,42.40755081176758,42.45986395565212,40.62022663617905,41.66646623254189,10223600
2020-11-11,42.09367370605469,43.09632056222175,41.6751785813486,43.017852518470384,6351500
2020-11-12,40.40225601196289,42.18086280916575,40.00119859472215,41.37002745532044,9660300
2020-11-13,42.599365234375,42.81733169314613,40.68997692696117,40.785882700965146,7449000
2020-11-16,45.00570297241211,45.17135957099605,43.50609634765868,44.54361525194835,10971700
2020-11-17,45.73807144165039,45.772946866050894,43.71534338907052,44.36052543686574,7071900
2020-11-18,44.75286865234375,47.07203131628248,44.726710419334744,46.18272788976261,8874800
2020-11-19,45.833980560302734,45.96476174845303,43.959467934968686,44.46515164818579,6711300
2020-11-20,45.38931655883789,46.06937054606611,45.05800675633321,45.659592719965644,4847200
2020-11-23,49.43478775024414,49.54813122684216,46.16529124990927,46.20016667746309,12151500
2020-11-24,51.980628967285156,52.320656037630194,50.76873624953089,51.09132560781932,13196500
2020-11-25,51.195945739746094,51.83240718690958,50.25432935704738,51.42262931748665,7127500
2020-11-27,50.463584899902344,51.31801284027693,49.95790122499912,50.87335949497878,5351900
2020-11-30,47.133056640625,50.0276502345556,46.99355827438389,49.84455592656764,10399600
2020-12-01,46.90636444091797,48.9116544772992,46.74942838081046,48.51931765293344,9218700
2020-12-02,48.42341995239258,49.67018812250648,46.45300168210053,46.731998429520075,12469100
2020-12-03,49.04244613647461,49.94046675255108,47.8305533329801,48.71985675536329,10219400
2020-12-04,53.18380355834961,53.2361166936011,50.193304174160296,50.21945907883432,16425300
2020-12-07,51.413917541503906,52.66940285812117,51.03029453366549,52.355530697490984,12483500
2020-12-08,52.19859313964844,52.939680903693315,50.81232668670695,50.9867004738883,11495000
2020-12-09,52.5734977722168,54.160292981369444,51.60572637331417,53.00943059508079,14955900
2020-12-10,55.53783416748047,55.877857861487875,52.50374256363744,52.73042613494338,12307400
2020-12-11,54.474159240722656,55.31114937167104,53.46279533435091,55.27627727730888,8089300
2020-12-14,52.26834487915039,55.755807378831435,52.10268828183735,55.598871300273515,11379800
2020-12-15,53.38432693481445,53.532545806971754,51.81496961859607,52.92223926013597,10046600
2020-12-16,52.669395446777344,53.61972898789154,52.407836458358474,53.5848535691949,10722300
2020-12-17,52.669395446777344,53.314577389053355,52.05908892319798,53.07045278407982,5133700
2020-12-18,51.980628967285156,53.07046102654669,51.46622810227757,52.721716763125094,6370100
2020-12-21,51.07892608642578,51.57841093500906,49.019643339331,49.554180577269555,6896600
2020-12-22,50.202632904052734,51.394387316684664,50.088714317991844,50.95624250867466,4864500
2020-12-23,52.46345901489258,53.22583339692789,50.737170723372486,50.807272155263526,7148600
2020-12-24,51.70109558105469,52.51604532119541,51.184084491532936,52.51604532119541,3547500
2020-12-28,50.754695892333984,52.34078139251184,50.62325444799271,52.060368966581365,5389700
2020-12-29,50.290260314941406,51.473253297211556,49.98356028774892,51.236654700757526,5059300
2020-12-30,51.98149490356445,52.17427967078614,50.193863451452295,50.263968218725374,6178000
2020-12-31,51.26294708251953,51.963978168938176,51.122740865235805,51.67480430825669,4657200
2021-01-04,51.72737503051758,52.78768800777836,50.85108541337025,51.972738396408964,6754700
2021-01-05,55.04851531982422,56.538205044491235,52.314492559014745,52.3845939924818,16053900
2021-01-06,57.18666458129883,57.6686198787302,55.20624809513572,55.6093405329283,12951700
2021-01-07,58.29955291748047,59.04439782851361,57.18666793542764,57.80006805379379,7011300
2021-01-08,57.396976470947266,58.88666631581656,56.941308759694536,58.86037869399275,9402800
2021-01-11,58.606258392333984,58.70265080349319,55.41656745373816,56.01244143196007,7244700
2021-01-12,61.88357162475586,62.02377447897714,59.280990541227226,59.280990541227226,13143800
2021-01-13,60.761924743652344,61.83099925006415,60.33254466151575,61.778424007309425,9526300
2021-01-14,62.83872985839844,63.504711862862486,61.182542958455045,61.30522297433534,10580500
2021-01-15,60.70058059692383,61.9887274411434,59.859343342355,61.88357696279693,10499100
2021-01-19,61.7784423828125,62.470712255752574,60.99854485069712,61.9624624727492,7725500
2021-01-20,61.43666458129883,62.64594182624632,60.691819756101616,62.418111343142584,6869400
2021-01-21,59.36863327026367,61.72585494465425,58.255748178652226,61.217605261938864,7827500
2021-01-22,59.63151168823242,59.684086926382335,57.13408090716303,57.686147649974245,6253400
2021-01-25,59.447486877441406,59.98202410085885,57.87893428115161,58.974296347898914,5825800
2021-01-26,57.8876838684082,61.173769586379755,57.8701610195581,60.16604198131529,4708100
2021-01-27,58.571197509765625,60.2361491964554,56.13511333112542,56.59078769702849,10014400
2021-01-28,58.49232482910156,60.192328618944025,57.274282944284046,59.29850957427202,5862500
2021-01-29,56.362953186035156,59.500071913756365,56.0212007381864,57.975329709080405,7945100
2021-02-01,57.48460006713867,58.22944493724648,56.20521797229902,57.800064877982365,6584500
2021-02-02,57.791297912597656,59.62274669957303,57.7737750617989,59.202124739251076,6131600
2021-02-03,60.9547004699707,61.20006048036492,58.12428889720456,58.229439367054155,8131300
2021-02-04,61.165008544921875,61.462943759865944,59.85933240256152,61.33149900039607,4257500
2021-02-05,61.34904861450195,62.3918288936834,61.05110661647842,62.21657361406511,4184800
2021-02-08,65.29234313964844,65.59027840905281,62.33047986901284,62.33047986901284,8314100
2021-02-09,64.16192626953125,65.16966065744639,63.688729078191294,64.77532632188351,6924300
2021-02-10,65.63410186767578,66.07224673103067,63.863992875808364,64.59131495351191,5628100
2021-02-11,64.41605377197266,65.73048824143292,63.08408976567297,65.5552263008359,6211100
2021-02-12,66.27378845214844,66.3263703810019,63.60110884428834,63.75884125972887,4424400
2021-02-16,68.49955749511719,69.39337664496156,67.41296024613776,68.28924985979583,7918700
2021-02-17,69.27069091796875,69.74388138700634,67.63202706884249,68.71862422816051,8168100
2021-02-18,66.22996520996094,68.64851953304802,66.20367759338195,68.59594429989006,8790000
2021-02-19,67.94752502441406,68.28051280595864,66.5980376693725,66.69443010084417,6596700
2021-02-22,70.04183197021484,71.88203889753262,68.2279126626994,68.37688029861896,11141500
2021-02-23,71.54903411865234,71.87325693272042,66.49284030554838,70.17325996516811,8623800
2021-02-24,74.36195373535156,75.01917109217904,71.25112223881055,71.82947672188786,8231100
2021-02-25,72.16244506835938,75.03667380085508,71.62790789347414,74.6248233170212,11321600
2021-02-26,70.5500717163086,72.0134736223952,67.75470598478624,70.94439932937817,9969700
2021-03-01,72.53925323486328,73.10007805342413,71.37378644278311,72.23255320683144,7373600
2021-03-02,71.96968078613281,73.94133288870316,71.89958268128984,72.52174765361141,6518300
2021-03-03,73.43305969238281,75.42223383225544,72.72326068099203,72.73202544758051,9163900
2021-03-04,75.87791442871094,77.35884601499883,73.44183037271584,73.93255710248722,15984900
2021-03-05,78.86609649658203,79.16403187427721,75.15062893358926,78.05991133692959,11920100
2021-03-08,77.70936584472656,80.13668521531692,76.86812858932328,79.6547299227789,10186400
2021-03-09,75.62381744384766,78.41917754558153,75.5098954835121,77.15732469583885,8834800
2021-03-10,78.33153533935547,78.76968018706886,75.43101858687196,76.03565393053576,7106500
2021-03-11,79.8387680053711,80.8289731196063,78.4542284510677,78.94494862299867,5427500
2021-03-12,79.25164794921875,80.4959778025566,78.66452872961938,79.74236807491586,4083800
2021-03-15,78.743408203125,79.22537030554392,77.43773816960986,78.86608825000233,5209800
2021-03-16,76.3335952758789,77.61297741841612,75.73771802046544,77.36761737540347,6316900
2021-03-17,76.67533874511719,77.07843115225302,74.82636718453307,75.7990491594587,6055600
2021-03-18,71.50523376464844,76.22843442096163,71.06708894172098,75.93926391885468,9809200
2021-03-19,73.3892593383789,74.18668614145257,70.90935798545522,71.65420286252386,8272300
2021-03-22,72.36924743652344,73.34613365095055,71.50676291103095,73.34613365095055,6485000
2021-03-23,68.90169525146484,71.40112761703283,68.42644965072303,70.08980589606935,9759800
2021-03-24,69.93141174316406,71.93800040722155,69.83460205195935,70.74108669278338,9148300
2021-03-25,71.11951446533203,71.286732406036,66.965521082907,68.27684976037256,9159500
2021-03-26,73.32853698730469,73.60136064938551,71.55077175569335,72.77408695047842,7135800
2021-03-29,71.1811294555664,73.04690832642603,70.3714544928263,72.33404305645945,6292000
2021-03-30,71.06672668457031,71.92921127549491,69.376968355068,70.65308645803009,4576400
2021-03-31,71.58594512939453,72.26361277236823,70.6266579207826,71.11950223239974,4735100
2021-04-01,75.29991149902344,75.41432660479197,72.05240927012196,72.39564115842454,10925500
2021-04-05,71.66516876220703,74.93027633312603,71.10191610231541,74.83346665272266,12406300
2021-04-06,72.16682434082031,74.07660332470053,71.91159940021618,72.32523958966074,7834600
2021-04-07,71.9996109008789,72.51006081414074,71.11952762194578,72.27244128320991,5033700
2021-04-08,70.4506607055664,71.52435653676675,69.35055673898668,71.52435653676675,7691300
2021-04-09,69.07772064208984,70.96990065007637,68.8312984483988,70.35384516584875,5463300
2021-04-12,67.40557861328125,70.52987710165013,67.27357148618353,69.922617458989,6357400
2021-04-13,67.59037780761719,67.89840551800661,66.88630871429805,67.5287722655393,5761600
2021-04-14,70.44184875488281,72.19321215991495,68.41765503606112,68.51446470958308,10005200
2021-04-15,69.3593521118164,70.71468099218043,68.54087449947001,70.67068086261445,5706700
2021-04-16,68.21524047851562,69.9049983575403,68.07442396467977,69.81699139364335,4251600
2021-04-19,68.19763946533203,69.83459461473153,67.66078822200738,68.62888503095436,6137100
2021-04-20,65.12615203857422,67.91601396712468,64.28127303408425,67.88080983595825,9704300
2021-04-21,66.41988372802734,66.75431294467968,63.67402158005832,63.90284510434798,8158700
2021-04-22,65.86543273925781,67.08875473685015,65.3285880890089,67.02714917275581,5106300
2021-04-23,66.78071594238281,67.21196157803975,65.39018948230277,66.06785064411692,5204200
2021-04-26,68.45286560058594,68.88410445941345,66.43747440290008,66.55188950845742,5165100
2021-04-27,69.75540924072266,69.9578246541178,68.32086906155973,68.83131902364842,5988200
2021-04-28,72.7388687133789,73.25811451338973,70.19542912106914,70.23942924685757,9558900
2021-04-29,72.68605041503906,74.95666612490923,71.62995352019263,74.18219551632187,8394000
2021-04-30,70.5826644897461,73.10850549541821,70.40665054917373,71.31313510067412,6290100
2021-05-03,72.99411010742188,73.36374347716487,71.11073240691881,71.57717547557108,5419100
2021-05-04,72.88850402832031,73.67177768609173,71.10193587150454,73.17013043656955,5245400
2021-05-05,74.82467651367188,75.54634452507064,72.50125722260742,73.51335432401487,10099200
2021-05-06,74.39344024658203,74.8246791833584,72.53646394712317,74.78948176013408,6160600
2021-05-07,76.25920104980469,76.32080659749104,72.87088249805306,73.40773371982033,7571100
2021-05-10,75.30872344970703,78.52102865578091,75.15911090865623,77.06888995007603,6269900
2021-05-11,74.40223693847656,75.19431318697745,71.97320534790788,72.96770369333207,8312500
2021-05-12,74.12061309814453,77.28891148554288,73.79497987530962,75.02709777999299,8000800
2021-05-13,71.80599212646484,75.08870573966888,70.67948659400422,73.03811007053213,12618700
2021-05-14,76.00398254394531,76.38241857286486,73.1789163945931,73.29332478863793,6518300
2021-05-17,78.9434585571289,79.03147224672692,75.43192854912598,75.86316742724871,7624900
2021-05-18,77.72015380859375,79.38351070274567,77.34171772230772,78.82906064286259,8740500
2021-05-19,76.09197235107422,76.66402762124616,74.07658155540702,75.15908655677855,7967200
2021-05-20,75.75756072998047,76.16239818161144,74.34062629202126,76.03918707522382,6090900
2021-05-21,76.22400665283203,77.83456052377076,76.20640122867313,77.06888572090595,5708000
2021-05-24,77.12167358398438,77.31529292511111,75.42311306569164,77.1656804213316,6464500
2021-05-25,75.07109832763672,77.63213690312674,74.92147908324237,77.14809518032715,4693300
2021-05-26,77.1568832397461,77.44731227224729,74.90387266773926,75.23830182623992,4537300
2021-05-27,78.36259460449219,78.89944579548467,77.50891298227461,77.7201310315911,5508700
2021-05-28,78.3890151977539,79.04907763852802,77.62334034923508,79.04907763852802,3572700
2021-06-01,83.45829010009766,83.6519094752457,80.39559765989603,80.50121005938637,10375300
2021-06-02,84.79600524902344,85.88730641176524,82.71021260159367,84.21515389520162,9997500
2021-06-03,84.88401794433594,86.01053002730191,83.89832910418046,84.79601097139373,6020000
2021-06-04,84.85762786865234,86.21295691956382,83.63431265205415,85.8873236901914,5325700
2021-06-07,85.67610168457031,86.26575584122953,84.97203912444806,85.28006691415793,5265200
2021-06-08,86.51217651367188,86.78500014210807,83.73991324241149,85.28886146974612,6721600
2021-06-09,86.03694152832031,88.01712886678783,85.85212484913697,87.43627069120953,5930700
2021-06-10,85.11283111572266,87.58586234211404,83.85431208333648,87.40984841759183,6935800
2021-06-11,85.6849136352539,86.5825956784081,85.37688581233348,86.08975116173544,5142300
2021-06-14,84.74321746826172,87.42746736853205,84.39118282320102,86.34496872451068,4827400
2021-06-15,86.22174835205078,86.35376216909278,84.50558215950805,85.36806661161437,5586000
2021-06-16,85.76409149169922,86.60017442720965,84.25035426902414,85.728894078068,6623500
2021-06-17,81.86532592773438,86.17773440374965,80.24597626805577,85.37686228485457,12656300
2021-06-18,80.09638214111328,81.92695028216323,79.65634049590368,80.08757942814835,9642800
2021-06-21,84.25570678710938,84.29987580803864,80.69535207868881,80.96922966565951,7619700
2021-06-22,84.72395324707031,84.96248486959433,82.69198924368432,83.91117034182625,6075800
2021-06-23,85.72224426269531,87.48916676792336,85.67807524422928,85.71340776289232,5842000
2021-06-24,87.09161376953125,87.26830332773642,85.20983694730072,85.80176112186467,4237500
2021-06-25,88.1252670288086,88.40797438274866,87.0651161366021,87.71003912827396,8313200
2021-06-28,84.28221893310547,87.95741485325452,83.71680417615947,87.93974859097051,8825200
2021-06-29,83.83164978027344,86.08447899461223,83.67262646231687,85.23635687893568,5499400
2021-06-30,85.42186737060547,85.64273267522259,84.28220158994823,84.6709199426879,5790000
2021-07-01,87.44500732421875,88.52282450859255,86.48203094848597,88.07226407342304,6465500
2021-07-02,85.86359405517578,87.13577356823501,85.54554749184251,87.12694380945133,6765500
2021-07-06,82.36509704589844,85.8989421206674,81.73783361368532,85.83710010146993,9549700
2021-07-07,80.45683288574219,83.38992459017061,78.95495113731425,82.36511282707617,9023800
2021-07-08,80.90737915039062,82.08238417620801,78.04495997979085,78.63688411252066,5695800
2021-07-09,82.94818115234375,83.15138021763929,80.82787267829285,82.17073763264418,5290200
2021-07-12,82.3474349975586,83.24856938602251,80.98690365399919,81.83502577590464,4371600
2021-07-13,81.30494689941406,82.50645487371037,80.74836867584195,82.16190548669785,6222000
2021-07-14,77.28520202636719,82.53295787302392,76.91414313597714,81.76435081068252,12021500
2021-07-15,75.73031616210938,77.52374181744779,74.87335748180854,76.31339721100653,9394400
2021-07-16,72.72653198242188,76.81695526446178,72.47916390354598,76.66676846518351,10210500
2021-07-19,69.75811767578125,71.11864916427886,68.41525919144435,69.77579067994195,10942900
2021-07-20,71.43669128417969,71.87842199618166,69.09551716251413,69.83762826362081,8989000
2021-07-21,74.87335205078125,75.77447969381282,72.97390873329631,73.08876302661952,8463200
2021-07-22,73.35379791259766,74.94403110592421,72.48800952755634,74.87335257727071,7113200
2021-07-23,72.60285949707031,73.74252553349433,71.55153825426487,73.66301050104461,5285700
2021-07-26,74.82917785644531,75.58012543839035,72.47033753697657,72.47033753697657,5896400
2021-07-27,72.5145034790039,74.1135662388926,71.56920017902874,74.1135662388926,7492000
2021-07-28,74.1312484741211,75.03237612624714,72.15229010741892,73.21244781963983,6955300
2021-07-29,74.02523040771484,75.11188413890858,73.18593804610192,74.9616973208209,6187400
2021-07-30,73.15059661865234,73.7513505581586,72.20529331945752,73.34495243825835,8696900
2021-08-02,71.6928939819336,75.27090860895997,71.45435562929983,73.2124486688838,6982500
2021-08-03,73.16827392578125,73.58350186816926,70.30586083608343,71.2953333044712,7541600
2021-08-04,69.88179016113281,72.54101066336123,69.6874275892372,71.57803430449891,14626300
2021-08-05,71.75474548339844,73.15944605998247,70.38537743604826,70.38537743604826,8965600
2021-08-06,72.55868530273438,73.52166177279244,71.83424719491971,72.85906569587871,5521100
2021-08-09,71.35718536376953,72.02861801903526,70.44722105928231,71.22467152546682,6046300
2021-08-10,73.32730865478516,73.79554219787144,71.65756686439833,71.97561356164123,5600200
2021-08-11,73.59233093261719,73.61883369387422,71.57803345350845,72.74420213074247,6763100
2021-08-12,73.3714599609375,74.14006693940026,72.14344935508889,73.41562897954515,6894300
2021-08-13,70.88008880615234,73.18591613424856,70.81824679720377,73.09757137007537,5915800
2021-08-16,68.803955078125,69.81993679508474,68.34455822486244,69.6609135112104,7350600
2021-08-17,68.32691192626953,69.88180611616426,67.70849154747557,68.29157939628983,6226500
2021-08-18,66.4097671508789,69.35169413769773,66.30375613603553,68.33571255705264,9852200
2021-08-19,64.38666534423828,65.80903875819808,63.149824758425986,65.10227367205901,10789600
2021-08-20,64.64286804199219,64.95207817925731,63.36185172749004,63.900763712555886,12763000
2021-08-23,67.91166687011719,68.10602267800968,66.61297778943421,66.87801211307357,7047900
2021-08-24,69.94364929199219,70.30587176280511,68.4947728892939,68.91000089621537,6974700
2021-08-25,71.19815826416016,71.97560868935965,69.11319534821713,70.03198936663719,6688500
2021-08-26,69.98782348632812,71.33951854880867,69.53725621874241,70.5885775963502,6792500
2021-08-27,73.68069458007812,74.43163554913572,71.04797619671335,71.0656492022592,8264400
2021-08-30,72.46150207519531,74.48462951830903,72.26714622630995,74.1754193720418,5684500
2021-08-31,73.0180892944336,73.77786667133122,71.59571583816773,71.90492599381773,6447900
2021-09-01,72.4703369140625,73.2477872528712,72.02860621802138,72.85022558226889,6002900
2021-09-02,74.88219451904297,76.10136889565636,73.3714762457581,73.42448177596165,6806000
2021-09-03,74.67015075683594,75.65962990090794,74.05173050446295,74.88218633502831,4692500
2021-09-07,74.45811462402344,75.78330652665397,73.91920271106505,74.01638398981326,6471400
2021-09-08,73.60118103027344,75.86284722642289,73.3361466041941,75.20908081348477,7083000
2021-09-09,74.51997375488281,75.70381563134906,72.62936674555377,73.12410301258534,5564500
2021-09-10,73.9192123413086,76.01301824674609,73.90154607935942,75.94233971839851,4799400
2021-09-13,76.96715545654297,77.32937110612602,75.27974103793052,75.31508030086366,9036100
2021-09-14,75.04121398925781,78.10682614679683,74.4846289896515,77.93012982141562,5938200
2021-09-15,79.4496841430664,79.62637372733748,76.72862140752811,76.82580270095988,7986500
2021-09-16,78.41603088378906,79.11396615529947,77.55023579980997,78.97260910474158,7344900
2021-09-17,77.70042419433594,79.29065734414478,77.33820854038105,78.1598278777364,7180500
2021-09-20,74.85779571533203,76.27689946835595,73.4652991003616,74.68040351694125,7180200
2021-09-21,75.02630615234375,76.56958775168827,73.50077392219535,76.09063898983861,4889100
2021-09-22,77.80242156982422,78.9199684920505,76.66713881503772,76.66713881503772,8059700
2021-09-23,81.19052124023438,81.52755614045611,77.82901646904057,78.53857146266498,8023100
2021-09-24,81.64287567138672,82.42338087475503,80.23263675868313,80.38341501953512,5746500
2021-09-27,87.5232925415039,87.97563411049506,83.87796638977008,83.93118065665635,15560300
2021-09-28,86.3436508178711,89.07542900777713,86.14852283761802,88.8714297283802,11945900
2021-09-29,86.05982971191406,86.53877836098357,84.53429107417084,85.96226572228035,9598900
2021-09-30,85.78488159179688,86.92903558678395,84.23273580094767,85.90018141449096,12320800
2021-10-01,88.01997375488281,88.49892243923865,86.0598360523344,86.09531448452584,7906200
2021-10-04,90.25506591796875,91.11539927368024,88.89804805455535,89.4656894253058,9305000
2021-10-05,90.79609680175781,92.94249107852237,88.72952391785918,91.85155134162412,10173000
2021-10-06,88.77388000488281,90.20185488969186,86.61862087704444,88.69405860021605,9575700
2021-10-07,91.16860961914062,91.78946522708372,88.42796011134924,89.38585742087741,6590600
2021-10-08,93.45692443847656,94.39707921835938,92.32163489591537,92.42807019369836,8172100
2021-10-11,93.13762664794922,96.09113346048791,93.0400626486201,95.29289239953212,7298700
2021-10-12,92.84493255615234,94.57446383831166,91.68304265720526,92.84493255615234,7092500
2021-10-13,92.45468139648438,92.85380870562665,89.82046687005914,91.74513301381936,6357100
2021-10-14,93.84718322753906,94.71638799763483,92.81833564472797,94.29952483069195,4669100
2021-10-15,93.31501770019531,95.93149647382221,93.25293213020794,95.32837660816504,6024900
2021-10-18,93.8028335571289,96.49026231499313,92.86267198176812,94.62768853133845,8132200
2021-10-19,94.55673217773438,95.39045845659753,93.1553644906127,94.2995186073017,5555000
2021-10-20,95.75411224365234,95.95811157157938,92.96024782873437,93.32389674513729,6439200
2021-10-21,93.68753051757812,95.71862524670165,92.78285410832054,95.05341981533533,6987100
2021-10-22,95.41705322265625,95.49687461339985,92.66753923900822,94.26402795524653,8272000
2021-10-25,98.17545318603516,99.23977915601513,96.7829567713486,97.11999174958439,7396000
2021-10-26,98.024658203125,99.06238370042425,97.30623858461067,98.31735018356373,5132100
2021-10-27,93.86492156982422,97.69650453798545,93.56335825913281,96.35722239081318,10315200
2021-10-28,94.9292221069336,95.23964986799002,93.08438460291586,94.04228178001942,6708700
2021-10-29,94.33499908447266,95.59445306339988,92.66755325744872,95.17758991493902,6762600
2021-11-01,97.19095611572266,97.71424784072894,95.7452385542456,95.87828100246043,6562900
2021-11-02,96.16209411621094,97.98919627552414,95.47915286081322,96.66764996592131,6742000
2021-11-03,95.26628875732422,97.1998126811586,94.22856315978095,94.60994787109219,8242800
2021-11-04,94.69864654541016,98.06015229038212,93.54562780528055,97.41268943044608,7842400
2021-11-05,97.30623626708984,97.63440667068872,95.24853468721541,96.02017531722532,7150800
2021-11-08,98.86726379394531,100.09123931197244,98.29075108539784,98.44152935425538,5541300
2021-11-09,98.6721420288086,99.20430503694833,95.98471308590615,98.68987786345802,6690200
2021-11-10,94.05117797851562,98.05128180665494,92.97798071083326,97.74084719659172,9221000
2021-11-11,95.48802947998047,96.74748352424491,94.49465355906804,94.7696029832444,5969400
2021-11-12,95.27515411376953,95.78070996644948,94.21969944013708,94.80507669579934,4939700
2021-11-15,95.9226303100586,96.94261338603192,93.56336499055821,95.09777525501478,5877700
2021-11-16,95.39932250976562,96.32174148524763,94.37934630016028,96.09113504967229,5560500
2021-11-17,92.0112075805664,95.55010512480219,91.47017332242969,94.50351504132023,7890000
2021-11-18,92.20634460449219,93.71414769505799,90.25507797766564,92.21521590526335,5964800
2021-11-19,87.60311889648438,90.08655524953075,87.06209136329623,89.4036139741938,12299300
2021-11-22,88.98672485351562,91.13311882616372,87.62970723251759,87.73613574125928,10765700
2021-11-23,92.56999969482422,92.88929887575168,90.42359814151844,90.66307591062416,7356500
2021-11-24,93.78510284423828,94.38822275953454,91.56775120959321,91.79835767430595,6492900
2021-11-26,87.62973022460938,87.79824432993729,84.75603793187247,87.39025248347157,11524500
2021-11-29,88.72067260742188,91.52340832436248,87.47008980303471,90.32603302705496,8641100
2021-11-30,86.37914276123047,87.74503206987032,84.41013358600705,86.13080048089952,13093100
2021-12-01,82.9555435180664,89.35038368296956,82.9200650862039,89.27943358606353,9900000
2021-12-02,85.64295959472656,86.26382191115617,81.04860822714663,82.29032609318784,8944800
2021-12-03,84.37464904785156,88.12641041668397,83.30145183300634,87.57650485942628,7158000
2021-12-06,86.96453094482422,88.0554641236137,83.72719631181667,85.75829115407718,7489000
2021-12-07,90.45904541015625,91.7983272482945,88.9512495050757,88.97785663318143,10012500
2021-12-08,90.62759399414062,91.62096993744072,90.14864524112915,91.00010743532066,4316600
2021-12-09,89.00447082519531,90.09541053183936,88.72065015817857,89.59871928944622,6710100
2021-12-10,90.07768249511719,90.65419522135747,87.31929676970158,90.36150320801431,4252800
2021-12-13,86.02436065673828,89.12865253146832,85.96227508991645,88.81822469735917,5576500
2021-12-14,84.49882507324219,86.72504779724852,84.15291879250576,84.85360265438248,5675100
2021-12-15,84.83586883544922,85.42124610643823,81.35906334469479,84.22387766261643,8547700
2021-12-16,84.02874755859375,87.58538113271788,83.8779692859969,86.08644940668457,6197300
2021-12-17,83.02651977539062,84.3569308303107,81.465502242908,83.24825495121064,7829200
2021-12-20,81.08998107910156,81.19697416075405,78.47762618871408,80.10923497193806,7978400
2021-12-21,84.9148941040039,85.1467090384856,82.14205308746865,82.50760766885442,6259200
2021-12-22,85.40526580810547,86.31468311254085,83.53293126206982,84.70091005558012,3909500
2021-12-23,85.08429718017578,86.48409095760454,84.98622189367025,85.69057767753682,3094200
2021-12-27,88.52581787109375,88.58822879039984,83.76473201874306,85.25368989752563,4816600
2021-12-28,87.7590560913086,89.77404800053343,87.31326184250632,88.95378141300412,3803800
2021-12-29,87.40242004394531,88.67739187799924,86.69806430882514,87.63423495984979,3685900
2021-12-30,85.76191711425781,88.34751883865373,85.70841716802576,87.75015605693642,4177600
2021-12-31,85.47660064697266,86.18986743822859,85.07538169975264,85.34286099789932,3105400
2022-01-03,89.5333251953125,89.61357170615443,85.72624488265039,85.7797380216909,8318700
2022-01-04,93.37606048583984,93.75944378783575,90.42489811846487,90.5408089693371,7482300
2022-01-05,90.52298736572266,95.2573205449585,90.38033673022433,94.31223882765384,8672300
2022-01-06,93.27798461914062,94.42813451780489,91.34323254337085,93.27798461914062,8014200
2022-01-07,93.34930419921875,94.26764597930122,92.15457898988157,93.80401619487205,5730200
2022-01-10,92.7697982788086,93.74162660581455,90.84396360184374,92.9659420605457,9118000
2022-01-11,96.87108612060547,97.42386660424972,92.3328973884897,93.91101274885224,8701500
2022-01-12,97.88751220703125,98.60969678889964,96.38964310229156,97.86967662593658,7898200
2022-01-13,95.97950744628906,98.65427305945673,95.54263096744361,97.29014368510613,6749200
2022-01-14,98.9574203491211,99.04657785185407,95.81903135786297,95.8992710696382,7271100
2022-01-18,97.29014587402344,100.70492488059611,96.21132453538058,99.85791847161529,8031500
2022-01-19,96.22023010253906,98.67209849830897,94.96309384407562,98.34221510397398,10813700
2022-01-20,92.99269104003906,97.87859261895743,92.80545145338925,94.9452653926173,9685400
2022-01-21,89.64922332763672,92.28832438103893,88.66847056937898,91.53047554243265,15302900
2022-01-24,91.26300048828125,91.63746603018217,84.56716886910401,86.56432522818939,14493800
2022-01-25,94.73128509521484,95.47130523721194,88.17811049849617,89.8988767021993,11418200
2022-01-26,93.50090026855469,97.9410077508026,92.10110641861884,96.49663855159773,12593200
2022-01-27,93.54546356201172,97.06724220989263,91.156006115679,95.69419510692796,12669100
2022-01-28,94.52619934082031,95.42670553103834,91.51263299235441,94.01799422401997,10602300
2022-01-31,95.0433349609375,96.05083434294468,92.1010969235385,94.32115043578803,7282100
2022-02-01,99.05547332763672,99.57259625018474,93.59895648315592,94.26764780643286,11423600
2022-02-02,99.71524810791016,99.84898773469261,96.84433903801745,99.38536473776409,7769800
2022-02-03,98.26197814941406,99.39429947331288,96.62145840119928,98.46704651908148,7959800
2022-02-04,99.78658294677734,102.71099212842842,98.93065880597315,99.18030249675598,10243000
2022-02-07,99.16249084472656,100.62469568806816,97.53088198097828,98.58295686116617,7723500
2022-02-08,96.05975341796875,98.95741635465404,95.02551418390728,98.6096973464343,9384300
2022-02-09,98.0301513671875,98.42245247796689,96.08648819457734,96.166734695546,5903700
2022-02-10,98.13714599609375,101.21312360247546,97.04940693691772,97.12965343916338,10449800
2022-02-11,101.59651947021484,102.01556720561652,98.3065621222228,99.082239860086,13504300
2022-02-14,99.20703887939453,101.29335928529042,98.047978033701,101.29335928529042,9219700
2022-02-15,98.1995620727539,98.56511664230614,95.31081708363119,96.34505626149553,9189100
2022-02-16,97.65567779541016,100.90997686357886,96.95132213280971,99.20703972951708,10084000
2022-02-17,97.7626953125,99.93816695911447,97.03159290296175,97.6467844363425,10055200
2022-02-18,96.6927719116211,98.5205310917006,95.8279367643698,96.25589544309283,8562700
2022-02-22,94.74911499023438,99.85792052434984,93.19775277244119,99.85792052434984,11346900
2022-02-23,96.39855194091797,97.9855783969106,95.37322379618597,96.00625082063917,10273800
2022-02-24,98.0390853881836,99.01983152522551,94.74021016296582,98.42246877293324,17071500
2022-02-25,99.02873229980469,99.30512255214934,96.7195213994071,97.75376050004795,9090000
2022-02-28,104.23560333251953,104.39608271467503,99.50126429282147,99.89356536639185,16292000
2022-03-01,106.33084869384766,108.21210101335487,104.50308950875734,106.18819126569518,18413900
2022-03-02,108.33692169189453,109.87045501656984,106.76772401056624,108.68464066641037,18594200
2022-03-03,107.23136901855469,108.44393018413676,105.65326002635494,107.24920460167667,14852800
2022-03-04,111.4574966430664,111.72496915094264,107.45425879305564,107.50775873645604,19265200
2022-03-07,112.09941864013672,116.10264886987856,109.48706421353903,113.0266646407128,16854800
2022-03-08,113.18716430664062,118.3405450648236,110.03094680877588,114.88119072343318,18214800
2022-03-09,112.17965698242188,113.16932069265505,107.19568087974699,109.7456175539965,21985400
2022-03-10,114.41755676269531,115.17539884433346,111.51097627374845,112.91968777231025,11922000
2022-03-11,112.62545013427734,115.27346205578746,112.15290935504099,113.0979909135137,9269500
2022-03-14,107.85545349121094,110.82444459636683,105.62648241567885,110.48563663942683,16961800
2022-03-15,105.98313903808594,107.03521385527125,102.39003127609423,103.42427731433251,11172700
2022-03-16,106.22386932373047,107.51667012227796,104.44960984648958,106.11687623881589,14570200
2022-03-17,111.78736877441406,112.52738889567802,108.64006231438194,108.92537037528987,10128100
2022-03-18,111.61796569824219,112.23315713331813,110.88686340553078,111.48422606373686,7927100
2022-03-21,115.3958740234375,116.1298030334375,113.82063074467997,114.16969087803669,7371000
2022-03-22,114.7245864868164,116.33563827014936,112.80028335982806,115.45851538806943,4451500
2022-03-23,117.11433410644531,118.14361009521905,115.87024663733003,116.89952262610376,5471500
2022-03-24,118.42108154296875,119.28031391725942,116.79213866061129,117.40075078058092,3951400
2022-03-25,124.05081939697266,124.32827574229125,117.84827159860598,118.00938365342599,8127600
2022-03-28,120.94505310058594,121.74162691506828,119.50405848595678,121.01665692916157,6888600
2022-03-29,121.08824920654297,121.14196232168422,116.08504938972739,117.57974348752396,7849600
2022-03-30,122.1712417602539,125.08008084978376,121.41942201172523,122.73511340016765,5901400
2022-03-31,120.42593383789062,124.55201050755281,120.35433001035452,120.91820161655538,7454100
2022-04-01,123.94340515136719,124.194011760372,120.64075147058145,120.91822146922728,5415200
2022-04-04,124.2924575805664,126.63743878577138,122.7798590053142,125.69765723209636,5570500
2022-04-05,121.43733215332031,127.09391285845447,121.27623374873649,125.33965284088953,5768100
2022-04-06,121.31201171875,124.15820604465587,120.21113180503896,122.47555010786832,5356000
2022-04-07,122.42182922363281,124.1313345915672,118.83277477791893,122.93200132426519,5781700
2022-04-08,125.20540618896484,126.1004337587357,122.80673885735663,122.9409875300075,4570900
2022-04-11,122.64561462402344,124.050814324515,120.91821814113872,124.050814324515,6724700
2022-04-12,124.34615325927734,127.65776564833426,124.14925979078856,125.044287213337,6151500
2022-04-13,127.62198638916016,128.16795378933588,124.31038689202894,126.51216086928919,5304600
2022-04-14,127.9262466430664,129.21508815237664,126.69111824417153,127.46978763228275,4531000
2022-04-18,130.351806640625,131.7480473778528,128.15003294627928,129.6805360048781,6369800
2022-04-19,128.3290252685547,130.29808269879027,127.14758261619326,128.93763730859533,5415800
2022-04-20,130.0832977294922,130.68296453481193,127.57721791799614,129.30462814985907,5692000
2022-04-21,124.42672729492188,132.16870973329966,123.4869456853353,131.5511385710846,9181400
2022-04-22,119.2713394165039,125.30382865544826,118.51057436531592,123.34371657921267,8865300
2022-04-25,116.97112274169922,117.88405443289402,110.97443559516664,115.2705626379416,11519200
2022-04-26,115.6733627319336,119.86208501109715,115.52120969089077,117.66032493831722,5803600
2022-04-27,117.36494445800781,118.74328061115754,113.69532674506226,116.33565477899432,6677800
2022-04-28,121.1151123046875,122.53820256927987,114.51875118984917,118.48372960742064,7976100
2022-04-29,117.97354888916016,122.70825106090545,117.13222102305598,121.33886035357692,7132800
2022-05-02,118.14361572265625,118.77013216553622,113.92803752651989,115.99555544505799,13212200
2022-05-03,123.69275665283203,124.44457622523686,118.72535294760145,118.81486113066305,7718500
2022-05-04,128.6959686279297,129.16138664489733,122.95885405127395,126.64636213324226,10198800
2022-05-05,125.34859466552734,130.07433841703565,121.6610723564761,129.6894695193642,8953500
2022-05-06,126.9864730834961,127.55033097524067,123.048344912266,126.93277363257111,6445700
2022-05-09,113.88329315185547,123.80915132590056,113.2478244687994,123.7196431162585,12550500
2022-05-10,114.43817901611328,118.30468944135886,110.50901013112156,115.47641385195037,8649200
2022-05-11,114.98417663574219,121.00770750007004,114.76041977510707,117.43655674483577,7574000
2022-05-12,114.73355102539062,116.49675588747756,111.43985030968676,114.1338775486211,7486500
2022-05-13,119.6025161743164,120.80184961605829,117.02483288469321,117.02483288469321,6143100
2022-05-16,122.33234405517578,124.1134535789296,120.00528090327852,120.39013614745208,8527000
2022-05-17,125.89459228515625,126.66431660896104,123.03945190200784,124.49835133896109,6309400
2022-05-18,121.75057983398438,126.64638095351336,119.45036644765283,126.64638095351336,6548200
2022-05-19,121.69688415527344,123.92550743487257,118.50162958537956,118.50162958537956,6157500
2022-05-20,122.42182922363281,124.25663786341917,119.31608349591012,122.80669805241322,5457900
2022-05-23,127.44294738769531,127.75621243177787,122.23389516653714,123.79123405862984,6569100
2022-05-24,127.03121948242188,127.83675225519457,123.8896785425973,125.7692413553673,6208700
2022-05-25,132.14183044433594,132.3745326265413,126.76272127082704,127.88150539937128,6340700
2022-05-26,135.15809631347656,136.88550647038917,133.0995440126365,133.13533910313157,6669600
2022-05-27,140.55508422851562,140.8325541694355,133.92294217115233,134.83586020387025,5768500
2022-05-31,138.39808654785156,144.66327813579184,137.10028593615115,143.36547752409143,10766000
2022-06-01,142.91796875,144.14416557541287,139.07830721112376,140.51930187214495,7035700
2022-06-02,142.95375061035156,144.34104555157867,140.6356333567903,141.70071794816485,6483300
2022-06-03,144.65431213378906,145.09288044029117,142.2377410837274,142.90006622184694,4332600
2022-06-06,145.9163360595703,146.86506304932803,143.81301591658953,146.03269400787363,4636400
2022-06-07,151.39389038085938,151.50130296354195,144.92284562694124,145.34350962844007,4693100
2022-06-08,150.09608459472656,152.70956283061304,148.655090007926,152.3784070797507,6488900
2022-06-09,148.10911560058594,150.98215927799578,146.4891183527982,148.574533626276,5563100
2022-06-10,145.60308837890625,148.7177943662107,142.8732650314263,146.01480709804574,7123000
2022-06-13,136.52745056152344,140.39397483280982,132.9920956591686,139.62425085234256,9900500
2022-06-14,135.49818420410156,140.78779889519038,132.74149844456812,140.05386994404657,9080900
2022-06-15,133.4933624267578,137.0287324081291,130.28021658796297,135.57877839468514,7303200
2022-06-16,125.01741027832031,131.23786111656275,123.84492666696694,129.59995947195085,10110900
2022-06-17,115.91497802734375,125.08900764030587,114.19652728990597,124.40879182455939,15625500
2022-06-21,120.6751937866211,122.2778327449733,118.4332934795703,118.84746493256328,9262000
2022-06-22,113.44530487060547,117.12777218387262,112.67099509734959,114.47171422227984,11927100
2022-06-23,108.52934265136719,115.08395917715875,105.81025292177448,114.3096494027077,16082100
2022-06-24,109.8348617553711,113.20221148485251,108.43930854676422,110.51013143123846,13063100
2022-06-27,114.85885620117188,115.72320045970035,110.51912387255317,111.68058840191263,10155000
2022-06-28,117.88409423828125,119.61279702996536,115.18302188577361,118.02815509398815,9964100
2022-06-29,111.66258239746094,120.25201286944991,111.09535838420427,119.46870449912375,8148800
2022-06-30,107.57496643066406,111.57255832415947,106.35947549338114,108.67339935620207,9710700
2022-07-01,108.8714828491211,109.6367871469905,104.61278572271445,108.81746347043816,6302400
2022-07-05,102.92011260986328,106.26945171161022,100.23704461576223,105.81927187254098,11748400
2022-07-06,101.18241119384766,104.27965047166425,97.23883854787323,101.61458683206342,10711400
2022-07-07,106.93571472167969,107.98013523353859,103.87449734653269,104.16261216545944,8833500
2022-07-08,106.62959289550781,108.92551273499593,104.81986808800066,108.16920706218144,5592200
2022-07-11,105.35106658935547,107.04373996955118,103.39728126172149,105.36006523849638,5970200
2022-07-12,102.8570785522461,103.80245887782647,100.48913528241525,101.73162905474499,7062600
2022-07-13,103.71241760253906,105.77424177327973,101.19140814305922,101.19140814305922,6069200
2022-07-14,101.91171264648438,101.9477278573766,97.79706925353508,99.57077202288333,8374600
2022-07-15,104.43272399902344,104.59478902649452,101.7406503080535,104.40571430597821,7455400
2022-07-18,107.44891357421875,109.5467531339245,106.87268396791656,107.48492878326248,6729700
2022-07-19,111.67160034179688,111.99573034806672,106.97172212008272,107.2508382677698,5800300
2022-07-20,114.84986877441406,115.2010084700906,109.82586740965796,110.41109565631977,6335900
2022-07-21,111.60857391357422,112.06775922769131,107.92610648896053,111.3204591196416,7728100
2022-07-22,109.17759704589844,113.44529923666417,108.61937167198136,112.16679037006485,4835000
2022-07-25,115.15599822998047,115.29105354853033,109.46572563429643,111.23042968753781,5403100
2022-07-26,114.34566497802734,117.740024391449,112.81505646222128,117.04674367829571,4526800
2022-07-27,118.8384780883789,119.45071607108945,114.21062305326197,115.33607951279521,5359400
2022-07-28,119.38768768310547,121.84566552845494,116.27243744236154,120.18900717238628,4451400
2022-07-29,123.36727142333984,124.4116780773915,121.260419600395,122.09776113967747,4626400
2022-08-01,120.71123504638672,121.61159477229077,117.86609501531414,120.39610364696065,4933900
2022-08-02,121.29644012451172,122.80903757968605,119.00951916553598,120.32405015830115,4261800
2022-08-03,118.24423217773438,122.7730400298657,116.16440362492787,122.6199805409576,5833900
2022-08-04,112.73401641845703,117.98310728064976,112.38287674976209,116.82164952678072,6737600
2022-08-05,116.20040130615234,117.87507061841863,110.9332993133398,111.14938368192952,4519300
2022-08-08,116.6415786743164,118.181185761475,115.71420946690846,116.38046671976697,3989000
2022-08-09,118.02812957763672,120.21601041819213,117.02872993212797,117.99212124069427,4099100
2022-08-10,120.0179443359375,120.45911177275697,115.6151861880497,118.13619596083899,5632500
2022-08-11,125.12295532226562,126.43747244106821,122.57493640049394,123.01611748195239,6052000
2022-08-12,126.2754135131836,126.35644256688634,123.38525361889714,124.39366555020193,4156600
2022-08-15,123.05215454101562,123.84447544748724,118.7754461053625,121.29645593090085,5055300
2022-08-16,123.03414916992188,126.07736939327614,121.39550163777653,124.7358284763492,5000900
2022-08-17,124.78984069824219,125.92428879971834,122.07075097621906,122.52992940668395,5402000
2022-08-18,130.2370147705078,130.55214613584997,126.50052780749598,126.50952645795807,6283100
2022-08-19,128.41830444335938,130.0479532519127,127.64399457572429,129.21962400208884,7563200
2022-08-22,129.1475830078125,129.9399038507847,124.49272553214529,127.3828721498464,7233300
2022-08-23,132.02871704101562,135.82823524477993,131.31743907815925,131.56052625245437,7048600
2022-08-24,134.63076782226562,134.88286740732397,131.96571114067828,132.8390472999466,5736000
2022-08-25,135.42311096191406,136.1163780658242,133.51433898268294,135.56717181664834,4873900
2022-08-26,134.16258239746094,137.15178293847055,133.07315494778277,135.38707203354718,3891500
2022-08-29,135.8012237548828,138.32223307882376,132.54192679185948,133.14516600257178,5108900
2022-08-30,129.02151489257812,133.3522417482867,127.50890383791176,133.3522417482867,9065000
2022-08-31,130.32704162597656,132.11876203180395,125.05093424446682,126.2123919902289,6307400
2022-09-01,125.25802612304688,128.6523857422097,124.35766650171756,127.83305518958461,7389800
2022-09-02,128.211181640625,129.90386182213368,126.64456497240705,129.40866137133114,6440600
2022-09-06,126.32046508789062,129.8318623232998,125.6451953319736,129.30065341252734,4883700
2022-09-07,124.01554107666016,125.37507917975205,121.73763229907293,123.47531980027519,7460400
2022-09-08,125.48308563232422,126.26640765524516,123.82642762758975,124.87084783255487,3864000
2022-09-09,128.94049072265625,129.849848876649,127.30182982954932,128.38225848759123,3644700
2022-09-12,130.732177734375,132.29880798349407,129.0935308254655,130.9932896450917,3579700
2022-09-13,127.15777587890625,130.9933163689331,126.59955735208962,128.80543551022254,6111700
2022-09-14,131.6415557861328,133.28020277341088,128.88644444280249,129.26460748595332,5283200
2022-09-15,126.99573516845703,129.5077326219947,126.2934557195799,128.78744213282886,6313400
2022-09-16,123.54734802246094,126.40148636618048,120.63017791097846,126.13137573279178,8574300
2022-09-19,123.50648498535156,123.96048616571456,119.24795169674411,119.40231043546555,4951800
2022-09-20,121.73588562011719,123.06156133483486,119.76550826499437,122.55308221932579,3609400
2022-09-21,119.18437957763672,124.75043823481457,119.15714061642834,124.0603614591757,4422300
2022-09-22,117.14138793945312,122.23528210129606,117.0415071184359,121.2364877461414,5150800
2022-09-23,107.69816589355469,112.1201401031871,106.45420010385095,111.68429590035025,10751200
2022-09-26,104.26593017578125,108.77870377142912,104.03892954765014,106.59041439104075,7187800
2022-09-27,106.97176361083984,108.87857424781373,105.31012443584677,106.28168675475337,6473100
2022-09-28,113.9906005859375,114.57172145791955,107.3167855926228,108.3428256168239,7533300
2022-09-29,113.2551498413086,113.30054580778612,109.51417721361234,112.59230499765394,5691000
2022-09-30,113.24606323242188,115.04390414940539,110.86709439178259,111.92038052699209,4445800
2022-10-03,120.54638671875,121.47255299300758,117.54090116401977,118.3853505521707,5527400
2022-10-04,126.86608123779297,127.1203207709336,122.81638492274072,123.95138778676692,8217100
2022-10-05,129.19058227539062,130.25294343650964,123.89692654245184,126.89333727779683,7012800
2022-10-06,131.0701446533203,131.88734122562056,127.98292835292939,127.99201724363212,4024100
2022-10-07,129.46299743652344,133.21305217554595,128.39154728750907,131.07016573253574,5710000
2022-10-10,127.12944030761719,131.51509457201163,125.87640612851898,129.83529805825046,4398100
2022-10-11,125.4405288696289,128.1009831667178,122.85273028381081,124.1784060591378,6083400
2022-10-12,126.85701751708984,127.90121470311993,122.79824580492826,124.62332558525607,3247600
2022-10-13,131.50596618652344,132.3413265853869,124.24194826073891,124.44170986209916,6129800
2022-10-14,124.96837615966797,131.9418280201669,124.65056977406503,129.91698652465988,5012400
2022-10-17,127.94662475585938,129.8261825669444,126.49381533698738,127.36550375931407,4584900
2022-10-18,129.20875549316406,130.95211858970836,126.51198702295784,128.77291818278255,5371400
2022-10-19,132.51388549804688,133.1767234357947,128.41878540431452,128.93635347359626,4624600
2022-10-20,131.0701446533203,135.51935062253955,130.50717377538678,134.11194421023018,4396600
2022-10-21,134.01210021972656,134.12106995298652,129.62644600531158,132.07806410586886,5409300
2022-10-24,134.0484161376953,135.4558089562836,132.56836760006118,133.83956558298573,3415300
2022-10-25,135.16522216796875,135.41946170213004,132.40490128778262,133.64885999814422,2982700
2022-10-26,137.27178955078125,139.04240522926665,135.6737103917814,135.6737103917814,5083800
2022-10-27,136.15496826171875,140.82210042581207,135.9461315720173,139.06057340871916,4255200
2022-10-28,135.53749084472656,138.3704532452603,132.14155766471745,137.3353313023719,5894100
2022-10-31,137.3717041015625,138.87899170813614,134.1573810676231,134.50242648130182,5688700
2022-11-01,139.10595703125,140.1592430808052,137.9437151334706,139.91407856728438,4158800
2022-11-02,135.44671630859375,140.39532661624568,135.06535696329942,139.06965087141546,3912500
2022-11-03,138.53392028808594,139.45099764133062,133.85770003803742,134.50238777993326,4863900
2022-11-04,141.21253967285156,143.88206899377428,138.16165099965664,141.96618334103852,5622000
2022-11-07,145.4892120361328,146.18837772203406,142.3021287891291,142.53820441130915,4894800
2022-11-08,144.5448760986328,145.289430716898,142.2294676589405,145.26219175860868,3562200
2022-11-09,135.0381317138672,142.19319578418012,134.65677232984288,141.657463784105,6230000
2022-11-10,140.09568786621094,140.2228076513371,135.81900420909622,138.53393644395436,3772600
2022-11-11,144.49949645996094,146.1066645326235,142.65625275914556,143.05577601834003,4352500
2022-11-14,142.3929443359375,146.56974710157425,142.3112135893683,143.46438052744307,3799800
2022-11-15,145.8433380126953,146.2156223141351,142.04789471026103,143.4462122808903,4582800
2022-11-16,141.63018798828125,144.1453581163935,140.87654445332288,143.93652147695187,3232000
2022-11-17,141.33056640625,141.43953611441893,138.14348300640188,139.50548659086948,4664200
2022-11-18,139.768798828125,140.24096394217423,134.9019194026048,138.18888356402505,5693000
2022-11-21,137.10836791992188,137.63501099572636,131.82378708875882,136.86320338264687,8554500
2022-11-22,142.67440795898438,142.83784172501268,139.0151597438492,139.24216032223237,3349500
2022-11-23,140.41348266601562,142.18408447519488,138.9334344038476,140.7857669542323,3745500
2022-11-25,140.4225616455078,142.2839692838529,140.1320080903363,140.99460757493037,1549100
2022-11-28,135.26510620117188,137.79842656807043,134.8928219261927,136.13678066622728,6456300
2022-11-29,136.8632049560547,138.69737377838828,135.67372396729493,137.04480267445,6292900
2022-11-30,138.1253204345703,139.24217336040516,134.80204218567224,138.99700883339054,4903700
2022-12-01,135.3740692138672,140.458887997666,135.23787440118295,140.00488681536314,6112200
2022-12-02,134.2390594482422,135.95518327608846,133.36738498124947,134.71122453328917,4866800
2022-12-05,128.01014709472656,136.4908982267389,127.14754777021638,135.25601467264602,6061100
2022-12-06,124.46896362304688,129.00897536657055,123.18867698616928,127.05676200384558,6432500
2022-12-07,123.3884506225586,126.01257711156073,122.10816386105124,124.9865299240384,4716900
2022-12-08,120.58271026611328,126.63000901238209,119.99250044804491,126.18508288999354,7296800
2022-12-09,118.32177734375,122.04459231095969,118.29453838318634,120.94590343316841,6106700
2022-12-12,122.80731964111328,123.43384348861736,118.74854796860271,119.69287818528078,5370300
2022-12-13,125.01378631591797,127.1566729203841,123.83339406716036,126.69359660071855,5668300
2022-12-14,124.3600082397461,126.90240374161142,123.02524367375861,126.00349028024345,4691000
2022-12-15,124.87754821777344,124.97742901938099,121.95377986709579,123.06154371946508,4549300
2022-12-16,122.72562408447266,123.09790844335063,120.16505032440735,121.30914236827438,5616400
2022-12-19,120.74129486083984,124.27099416071422,119.7628623097957,123.54860081665865,3267400
2022-12-20,122.0123291015625,122.79873907876102,120.03717186265102,120.67726976197825,3560800
2022-12-21,125.11225128173828,125.46887822973862,122.3232385073321,124.72817861181156,3873800
2022-12-22,121.17107391357422,125.05740011899961,118.37292127816232,125.05740011899961,5715700
2022-12-23,125.84380340576172,125.88038840532819,121.87518209123428,122.46041650649597,3057400
2022-12-27,126.66677856445312,127.14227185942278,125.27684181410385,126.41987869196976,2278200
2022-12-28,121.04304504394531,125.93524912085805,120.66813950189508,125.88038557583064,3844400
2022-12-29,123.64918518066406,124.17040285418553,120.11948597967218,120.2932298552093,2372500
2022-12-30,124.25269317626953,124.42643702530128,122.49699009404851,122.6067171763474,2201800
2023-01-03,117.30303955078125,123.79549593288948,115.85823896579383,122.54271776912717,6321700
2023-01-04,117.71451568603516,118.97643296884515,114.6969022641268,115.19069507350324,5151500
2023-01-05,117.88826751708984,118.90328497563631,115.9405348954019,117.17501351412086,4576400
2023-01-06,120.3023452758789,121.61912601560952,118.9947177613132,119.61652313669313,2849100
2023-01-09,121.5276870727539,124.36242438632453,121.19849186184304,123.23767989616587,3898700
2023-01-10,121.939208984375,122.34154634137485,119.15019554224159,121.62829227461158,3037900
2023-01-11,122.89019012451172,123.70403188878976,121.14362628612231,123.67660011776483,2251000
2023-01-12,126.5204849243164,127.56293415064978,123.74976424503328,124.06980624560092,4252000
2023-01-13,127.18802642822266,127.53551418687208,124.5727568704433,126.37418453540445,2409100
2023-01-17,127.79153442382812,129.47408151043467,126.96855337907807,128.44078556813085,3264400
2023-01-18,125.29512786865234,131.00115873959354,125.20367934189036,128.60535803176046,4736300
2023-01-19,127.73664093017578,128.27615090974547,124.26180653349401,124.55443062938019,3472600
2023-01-20,129.57467651367188,129.7849914228972,126.78566333577051,128.47736374207972,5665600
2023-01-23,131.44009399414062,132.60140934789922,130.041018053718,130.84570648056663,4409200
2023-01-24,130.0227508544922,131.3303785232059,129.27291186310677,131.3303785232059,5583400
2023-01-25,129.8855743408203,129.93129861147185,126.86796782105651,129.0534540085513,2958800
2023-01-26,133.0037841796875,133.09523272205755,129.19061437474446,131.18407818308523,4480300
2023-01-27,131.19320678710938,134.20167382442295,131.0468947124512,133.11351439600736,3201200
2023-01-30,126.9502944946289,129.95876248462562,126.86799915898123,129.46497651764778,5423800
2023-01-31,128.90713500976562,129.19974521068218,126.11812208667145,126.9045320591982,2918100
2023-02-01,125.91694641113281,128.47735194514107,122.71644298189443,128.12986425069283,6403100
2023-02-02,123.9600601196289,126.4747412310802,122.28665246927453,125.9535236744936,6493700
2023-02-03,123.40225982666016,127.316017020913,123.21937671491776,124.23439403113815,6489300
2023-02-06,120.94246673583984,124.4538873776475,119.75371929188017,123.3199895299389,4498100
2023-02-07,125.82550811767578,125.99923800668952,120.76871396483469,121.87516587544519,4795700
2023-02-08,124.29840087890625,126.72164753573945,122.92675656665301,125.9352375719241,3321400
2023-02-09,122.3598403930664,124.7465025553505,122.17695723700552,124.49960262046858,2590600
2023-02-10,128.75169372558594,128.83398904292523,123.89607465932531,123.89607465932531,5151000
2023-02-13,127.85554504394531,128.76997458440064,126.18213731054156,127.71837224102453,3470000
2023-02-14,128.5962371826172,129.0534519757539,126.01753905184387,126.61192665477448,2808700
2023-02-15,126.48388671875,126.69420158288717,123.86861796469807,126.621045553386,4896600
2023-02-16,124.81964874267578,127.86470118857112,124.773924469002,126.26444928161374,2446000
2023-02-17,119.44281005859375,123.07309729992618,118.61982886084348,123.02737302158656,7058400
2023-02-21,117.6596450805664,119.90914784708842,117.25729385784807,118.92156228762173,4488200
2023-02-22,117.53164672851562,119.1501911837759,115.8216676762733,117.79683915186993,4454600
2023-02-23,121.06130981445312,121.75627114743537,118.64721671456914,119.92741231561158,4228300
2023-02-24,122.71646118164062,123.03651715326615,118.28148557238077,119.93660107304432,7025900
2023-02-27,123.42057800292969,124.44473480424516,121.74716997379392,123.12795380078816,3354400
2023-02-28,121.59170532226562,125.1671284156525,121.50025678080914,124.90193601728174,3719200
2023-03-01,124.353271484375,124.82876477339676,120.61324426243539,120.97902443062911,4261800
2023-03-02,126.05413818359375,126.70337544891808,122.74389322200317,123.88693033301476,2915500
2023-03-03,129.06259155273438,129.67525770261116,123.71317287918991,124.33499225492744,6511300
2023-03-06,126.54790496826172,127.89211752409098,126.08155092049779,127.89211752409098,5636000
2023-03-07,124.43560028076172,126.51135969054083,123.85036580722682,126.04499159471005,5463500
2023-03-08,122.5152816772461,125.85295830094326,121.01561759618515,123.64004020285876,8897900
2023-03-09,119.50679779052734,125.26770663375488,119.41534925607637,123.21024018639415,5581200
2023-03-10,117.08357238769531,121.45455918079637,116.53492294077203,119.47938768445687,7393800
2023-03-13,113.51729583740234,117.02870931020969,111.22207546965724,113.70932522611567,11405900
2023-03-14,114.24884033203125,117.9979934473566,112.0816395949598,114.1116744920695,8552100
2023-03-15,107.01570892333984,110.09733958864648,104.4735954201728,109.74071255627672,15385200
2023-03-16,109.96015167236328,110.06073947941783,104.39127914846648,104.83934766754533,10664900
2023-03-17,107.59180450439453,109.83215453403272,106.00069176403883,109.45723499904409,8829200
2023-03-20,110.09382629394531,111.25542785518391,107.96422929298512,108.3329924748864,7534800
2023-03-21,113.928955078125,114.57428538796053,111.99295711504558,112.47234434041299,5915700
2023-03-22,110.86824035644531,114.91540066619523,110.7852652915796,113.9658401290137,4394000
2023-03-23,109.22722625732422,113.36657465929366,108.01952682271502,112.1404402331693,6438200
2023-03-24,110.3703842163086,110.83133636754037,106.26790585020278,107.25434317249591,4583900
2023-03-27,113.4679946899414,114.12254596673932,110.05694420633544,112.10357308978455,5541400
2023-03-28,114.9522705078125,116.06777407144317,112.71204236645933,112.94251848374434,4070400
2023-03-29,116.2613754272461,116.82373772704543,115.23806088391112,116.4549745255023,3382200
2023-03-30,116.15995788574219,117.61656856950971,115.30258648667119,117.41374847005189,4123000
2023-03-31,117.62578582763672,118.12362211005075,116.53794532490598,117.08186557627135,2879200
2023-04-03,123.424560546875,124.48474493683983,121.027603577636,123.03736240270148,9176300
2023-04-04,120.58511352539062,124.18976355963859,118.73207644496239,123.97771539257938,4903800
2023-04-05,121.74668884277344,121.86654091235107,119.06394375015014,120.7786864409136,5204300
2023-04-06,120.0319595336914,121.78358647213201,119.91212151789804,121.35950422514024,3783900
2023-04-10,122.61331939697266,123.90398029008131,121.0552982756959,121.31343045431764,3520700
2023-04-11,124.30960083007812,124.73368309448796,122.29985574925071,123.11112215289882,3639700
2023-04-12,123.29551696777344,125.07478595932906,123.05581278688014,125.06557197819731,2914100
2023-04-13,124.03303527832031,124.85352978703622,122.65017841640714,122.95440861408572,4265500
2023-04-14,123.92240142822266,124.95492996862122,122.79767681079721,123.99615547641488,3112000
2023-04-17,121.70059204101562,124.41099316676254,121.25808187777464,124.29115516311788,5120600
2023-04-18,121.2857437133789,121.68216993042704,120.0135111073737,121.58997386121256,3447100
2023-04-19,119.92133331298828,119.95820330168065,117.78251525661719,119.27600300727956,5528000
2023-04-20,118.022216796875,118.76895718333705,116.84217314099095,118.15128286284195,3786500
2023-04-21,116.99888610839844,118.63987474950287,116.39964686561133,118.49236667527806,3064200
2023-04-24,119.1469497680664,119.68165609809449,116.33513806151663,116.49186014782961,3510100
2023-04-25,115.25650024414062,117.74564667365163,114.79554798314673,117.6257945843063,4636200
2023-04-26,113.24674224853516,115.5515034343185,112.38015682551024,114.72179503429486,4996500
2023-04-27,114.12254333496094,114.87850464051978,112.18654555570754,113.6431491215399,3993700
2023-04-28,117.18328094482422,118.1420554302655,113.5601959974298,114.33459239726464,6155800
2023-05-01,116.36277770996094,117.47828122076785,115.05367511383109,115.4869642856076,4266700
2023-05-02,110.99729919433594,114.68491706103433,109.34708935495966,114.59272802108144,6258700
2023-05-03,108.83082580566406,110.93276687785526,108.25002148642974,109.00598287263136,5788000
2023-05-04,107.19905090332031,110.3335275155522,106.83950872184387,108.85848176672924,6469800
2023-05-05,110.93276977539062,112.09436437705392,110.21368539334007,110.56400656999791,4343100
2023-05-08,111.23700714111328,114.4267960619352,111.0249659983884,113.76302365601646,4350200
2023-05-09,110.62852478027344,111.9099712962925,109.20879120156461,109.91866150770511,3587500
2023-05-10,109.99242401123047,111.3476247561236,108.82160838709639,110.8866725045857,3378400
2023-05-11,108.71097564697266,109.31943598578378,107.73375913944659,108.20393239820311,4060600
2023-05-12,109.7250747680664,110.31510014193007,107.97346177671481,109.79882881899604,4149300
2023-05-15,111.79934692382812,112.75812837327733,109.94632408713962,110.78525345942481,5372400
2023-05-16,108.60957336425781,111.92843538882488,108.57269633803222,111.08949886773333,3940100
2023-05-17,110.98808288574219,111.7809213233815,108.52659954342096,110.06617837998233,4266100
2023-05-18,113.21908569335938,113.36659378465276,109.4577208018262,110.39806026631626,3481400
2023-05-19,113.43112182617188,115.16429962118609,112.7212514768035,114.46365731908377,3893600
2023-05-22,115.40400695800781,116.47341253321414,113.3020657984874,113.44956686277614,5192800
2023-05-23,115.69902038574219,117.60736251235531,115.54229830116576,116.51951486802292,3214000
2023-05-24,116.30747985839844,117.24781939212906,114.74023792408285,116.4457599122019,5423400
2023-05-25,113.17300415039062,114.36226185995771,112.04827947776563,114.15944173426159,4056200
2023-05-26,112.78579711914062,114.07646487123178,111.72561253372581,114.01193183530589,2858700
2023-05-30,110.5547866821289,111.08949298371806,109.02442885947931,110.84058186184626,4693700
2023-05-31,108.86770629882812,110.06618504228912,108.22237591916365,108.78473826440282,5110200
2023-06-01,109.67898559570312,111.38450760892717,108.25003072773043,109.11662325671311,3817000
2023-06-02,114.18710327148438,114.74946563501291,111.42138949684853,112.20500699294725,6445900
2023-06-05,112.59219360351562,116.63013979888547,112.43547152719871,116.3627866509238,4355600
2023-06-06,114.77711486816406,114.89695992589981,110.71151248346565,111.07106172381975,4286000
2023-06-07,118.99943542480469,119.14694352200658,115.44088346590064,115.70823661689919,5634700
2023-06-08,118.38175964355469,119.41428817703039,116.03090036659479,118.9256799197859,5526600
2023-06-09,117.34922790527344,118.75051968938476,116.67623450682682,117.77330314301204,4687000
2023-06-12,115.38556671142578,116.99889953210966,114.14099005146846,115.18274660288243,6450700
2023-06-13,116.58403015136719,119.294424317822,116.5194971243938,116.8974813063611,5139100
2023-06-14,114.96149444580078,118.1512903748558,113.61551464830212,117.82861815584998,4704600
2023-06-15,117.25702667236328,118.11439103981363,115.21039771291667,115.24727473413593,5224500
2023-06-16,117.76407623291016,118.33565954224265,116.46419457437267,118.32644556162091,5815900
2023-06-20,114.9078598022461,117.1442119152743,113.49737417472384,117.1442119152743,4641400
2023-06-21,116.07706451416016,116.91221950848997,114.29540524604627,114.41604307170117,2709000
2023-06-22,113.8778305053711,114.68514109459935,113.0890757693627,114.37892349852201,5073700
2023-06-23,112.91276550292969,113.6829644007094,111.74354849615318,112.0033729243958,5038800
2023-06-26,114.65731811523438,115.7337418084142,113.20043920614474,113.2375579969115,2877200
2023-06-27,115.27903747558594,115.70589290716231,113.32106570659741,114.3603634253278,3317500
2023-06-28,116.58744812011719,116.89367282199984,114.0727085530892,115.29760028093466,4131000
2023-06-29,118.84235382080078,118.87946552525334,116.6152692507023,116.85653780774894,3067500
2023-06-30,119.547607421875,120.44771860314647,118.32271568026981,119.98374435133108,3119400
2023-07-03,119.71463012695312,120.66114155556266,119.30634468341856,119.72391867389118,2005800
2023-07-05,119.14859008789062,120.41988925037336,118.74957900142003,120.35492605432201,3149200
2023-07-06,116.15129089355469,118.74026758663815,114.3603503315156,118.27629342113252,5726000
2023-07-07,119.4455337524414,121.14368123073024,115.7522955548257,115.7522955548257,5126200
2023-07-10,120.45700073242188,120.61475028905299,119.02796617511135,119.41770287255967,2901900
2023-07-11,123.44498443603516,123.66769716729928,120.69826488062778,121.30142572533431,4262000
2023-07-12,123.890380859375,125.24519169961505,123.25010838270919,124.36364358654893,4437200
2023-07-13,124.21516418457031,126.1638613438965,123.27794146740234,124.00174003301085,6363900
2023-07-14,119.77031707763672,123.75120982563494,119.58471605419093,123.75120982563494,4526100
2023-07-17,120.2806625366211,120.939512105873,118.97226610313109,119.38055148984917,3221400
2023-07-18,123.65839385986328,124.79978054205708,120.38273726847164,120.47553776859692,5991300
2023-07-19,124.2894287109375,125.5885509927141,123.54706705304906,124.22446551716321,3862000
2023-07-20,125.60710906982422,125.87620790372313,124.41006173929819,125.35655901111119,3741600
2023-07-21,126.27523040771484,126.47009165857347,124.86474475851556,126.47009165857347,3826200
2023-07-24,128.3259735107422,129.59727240258064,126.65567777674616,126.85982755034449,4707500
2023-07-25,128.7528533935547,129.94062633175102,127.06398033993067,127.98265444530124,3715300
2023-07-26,129.12405395507812,129.65299150244132,127.26815658362534,127.34239417760824,2571700
2023-07-27,128.18682861328125,130.93356290458811,127.7135798893031,130.50670028657748,3575600
2023-07-28,130.7664794921875,130.87782876294216,128.01047176606454,129.16113281487918,3843100
2023-07-31,132.7244873046875,132.9007998044254,131.65735207699356,131.8058130920716,3205300
2023-08-01,132.288330078125,132.42753084262696,130.33035826283714,131.1562318251508,4392400
2023-08-02,130.13551330566406,131.7315859880306,128.7621392193858,131.21192289195764,4452200
2023-08-03,132.8450927734375,134.1535033805363,129.47663564093122,130.72008306527815,5040200
2023-08-04,133.8472900390625,135.68462401249045,132.8172666892346,133.40186458660685,4289900
2023-08-07,134.58963012695312,135.06289287442988,133.2719450939549,134.28341961423976,3127600
2023-08-08,135.84237670898438,135.88877696461526,131.25830897630658,132.0563452312995,3660700
2023-08-09,137.65187072753906,139.5912796046233,136.2506736546955,137.3827719051036,4346000
2023-08-10,136.47337341308594,138.75611847137486,135.36911258857603,137.62402032854695,3463400
2023-08-11,138.0880126953125,138.75613674165518,136.25067864755525,136.25995303509293,3041800
2023-08-14,137.12294006347656,137.51267669528224,135.76812915916915,137.33636423245775,3198700
2023-08-15,134.55252075195312,135.71245627567686,133.8008847980792,135.38766866528653,3457400
2023-08-16,133.94937133789062,136.58474167372253,133.82873350216303,134.6731700335153,3611100
2023-08-17,135.8145294189453,137.33636424009595,135.5639793844245,136.19499166407522,3522400
2023-08-18,137.23431396484375,137.25287690093728,134.27415574995902,134.40406798387068,5314000
2023-08-21,137.38279724121094,139.09949370781158,136.00943723605596,138.26434560615422,2503000
2023-08-22,135.9815673828125,138.10657738366922,135.9073439628276,137.5776399405263,2587400
2023-08-23,134.59893798828125,135.10931251499187,132.85439020947803,134.54326334161664,4083300
2023-08-24,133.71737670898438,135.13713669836673,133.16987636481915,133.17916491127406,3020800
2023-08-25,135.443359375,136.13003215273508,133.21627464241135,134.79378414505578,3173100
2023-08-28,136.2321014404297,137.46627450341802,135.27631572747993,136.5940007476692,2401000
2023-08-29,136.91879272460938,137.16934276358748,134.84018315851583,136.69608000558782,2199900
2023-08-30,137.84677124023438,138.44065779456866,136.82602208776652,137.33639666400046,2913100
2023-08-31,137.96737670898438,138.57982611956595,136.71465472483533,138.33856460602038,2609600
2023-09-01,141.3729705810547,141.78125605878495,139.47067317694226,139.64698567108817,3832100
2023-09-05,140.5841827392578,143.02469156467333,140.54707103334337,142.07818023111247,5280800
2023-09-06,140.5470733642578,141.8461954833425,139.22009976606424,140.16661111532258,3454200
2023-09-07,140.53781127929688,141.60496065460202,140.04599965880186,140.62132325424017,3243100
2023-09-08,142.15240478515625,143.43297799215838,141.28940548845597,141.2986940336107,3250800
2023-09-11,139.35926818847656,143.51648674607011,138.94169428747455,143.06178698401126,4289500
2023-09-12,142.727783203125,143.04328235386012,140.49142350177823,140.71413628078878,3922400
2023-09-13,141.07598876953125,143.14530965843758,140.12947747280046,142.90404818095922,3456200
2023-09-14,141.77197265625,143.4701201338394,141.5214225931642,142.57000894365206,4622600
2023-09-15,139.35926818847656,141.4007657655838,138.84890795356705,140.80687942298005,5606200
2023-09-18,139.39845275878906,140.94680971293548,138.633610821489,140.68564278483007,3430800
2023-09-19,137.85943603515625,141.0867192613717,137.15987869488907,140.76959001625792,4185700
2023-09-20,135.7421417236328,138.69893650355448,135.61155822091663,137.07597214587273,3974300
2023-09-21,134.16578674316406,137.22518348916537,133.85797976028476,136.56294374655778,5693200
2023-09-22,133.77403259277344,136.31109532179465,133.559505634575,135.44365094786258,4926400
2023-09-25,136.23648071289062,136.35774189326796,133.49421320228208,133.7460578720916,3445800
2023-09-26,135.64881896972656,136.80542550988278,134.6041512770241,134.79069704607386,3797600
2023-09-27,139.65963745117188,140.76960415306928,137.22517709325982,137.8407910303254,6168600
2023-09-28,140.41514587402344,141.33856670528715,139.398459268384,139.46375811972473,5741900
2023-09-29,137.9620361328125,140.85353121997755,137.4210434237875,140.85353121997755,5694800
2023-10-02,133.36361694335938,138.30715868286387,132.2443279650359,138.00868826382566,6676200
2023-10-03,132.8599395751953,133.26101230717293,131.09705555103125,132.3562502925591,5651800
2023-10-04,127.58061981201172,131.0504258192814,126.21882264560246,130.92916464311654,7845300
2023-10-05,127.73917388916016,128.66259474830994,125.91100525184274,125.91100525184274,5017700
2023-10-06,130.07106018066406,131.4981563990464,127.67391711919518,128.5413616222167,6468600
2023-10-09,135.4716339111328,136.0685890181187,133.08379925065688,133.67143204891244,7315900
2023-10-10,135.88201904296875,137.01064454820022,134.83735124029798,135.6674920976056,4916500
2023-10-11,135.65818786621094,135.77944904965466,133.15842842061176,134.26839522511986,6067200
2023-10-12,135.70481872558594,137.00133125619945,134.5761931460797,136.9453689391637,4507200
2023-10-13,138.5683135986328,139.47307555037176,137.23449778820074,138.14858204729202,4934900
2023-10-16,139.9674530029297,140.15399881066827,137.86878064267177,139.39847903818068,4556700
2023-10-17,141.618408203125,142.08477982433035,139.51973590770086,139.51973590770086,5084400
2023-10-18,142.68173217773438,143.39061190458006,141.53446199680994,142.40190636390273,5705300
2023-10-19,142.41122436523438,143.81967570032688,140.48045335000285,141.95418930791334,5828200
2023-10-20,140.0140838623047,142.802991184711,139.73425805271856,142.14073724310822,4780300
2023-10-23,137.97137451171875,139.87417863856206,137.2438359433763,138.7921930944772,4924900
2023-10-24,136.88006591796875,138.91343928193214,136.6468801157235,138.68025347968688,4573100
2023-10-25,136.66552734375,137.43970584927632,135.74210652166974,136.63754618846247,4440300
2023-10-26,136.03126525878906,136.8427615232169,133.26101680831357,134.88399510463745,4610200
2023-10-27,134.22177124023438,136.66556865682313,132.85063728653864,136.36708393348545,5566100
2023-10-30,133.75535583496094,135.60219743402422,132.16037309239664,134.22172738840575,5117400
2023-10-31,135.4529571533203,135.65816177851715,132.73867125574168,134.51089172493886,3808900
2023-11-01,135.20111083984375,137.13189590761385,134.0631631079516,135.98461163580973,4217400
2023-11-02,138.70823669433594,138.81083900761888,134.23106683771812,135.0052453411203,5007300
2023-11-03,137.69151306152344,139.38911210327788,136.32037975319201,138.1952022369459,4929600
2023-11-06,134.02587890625,138.17658349240585,133.2237191477151,138.12994348373462,4489100
2023-11-07,130.22959899902344,131.88988073053346,129.29685581356696,131.66603147484406,7573500
2023-11-08,127.4313735961914,130.36018672468612,127.29146780682541,129.33417772676086,7344500
2023-11-09,126.53594207763672,128.97040232486347,126.47997976454458,128.30814841070023,4475600
2023-11-10,127.94437408447266,128.39208680403956,126.3773724497231,128.00033639535218,3947700
2023-11-13,128.96107482910156,129.35282528075345,127.72986115712877,128.4760585932653,2997800
2023-11-14,131.09707641601562,131.68469502923958,129.31553325977526,129.8378672415448,5042300
2023-11-15,131.2462921142578,133.4755476261601,130.6959628507102,130.8172240120474,3725500
2023-11-16,127.45935821533203,130.0803786783976,125.724455217421,129.55803050800512,6708200
2023-11-17,130.2669219970703,131.0690817385031,128.46672017497477,128.46672017497477,5217400
2023-11-20,130.47213745117188,132.06712052508723,130.42549743963207,131.60074887475565,2628200
2023-11-21,129.30618286132812,130.136323666139,128.21487512236536,129.5393686405731,3074500
2023-11-22,129.3715057373047,129.66065391187263,125.45398633397738,126.61991557499948,4768500
2023-11-24,129.9591064453125,131.20897886635373,129.29685253810135,129.30618907853957,2080700
2023-11-27,128.83984375,129.3248600455546,127.73919919386044,129.16629538363858,3960200
2023-11-28,128.4853515625,130.12697416111257,128.2894692651373,129.04500306993992,3634400
2023-11-29,128.00035095214844,129.84719281638854,127.75784283324779,129.3994658133733,5209500
2023-11-30,128.7185516357422,131.49812217146342,127.36607694694523,129.11962434907943,6764300
2023-12-01,129.7445831298828,131.61939181385017,127.90707791111757,128.6999010813135,5294500
2023-12-04,128.18690490722656,129.74459874309696,127.73919210826656,128.4947119041782,4556400
2023-12-05,125.37004089355469,128.92379088768476,125.314078568062,128.5133815240258,4242700
2023-12-06,121.99347686767578,125.51925925766248,121.9468510937004,124.34399371682301,5247200
2023-12-07,121.92816925048828,123.42988608860934,121.12600968045103,122.92619688537273,4176200
2023-12-08,123.43923950195312,124.03619461851676,122.54381394337398,123.08480674159301,4190900
2023-12-11,123.37393951416016,124.0268568677775,122.44119637112658,122.73966677598128,4059000
2023-12-12,120.73426818847656,121.85355705313808,119.69892278634539,121.71365128225418,5225100
2023-12-13,123.73770904541016,123.82165251266218,120.44512688179269,121.36853348662666,4171900
2023-12-14,128.0656280517578,128.36409843719096,125.65914919141758,125.78973265364395,7022400
2023-12-15,127.49665069580078,128.34545029319338,126.11619495701176,128.20553029517254,4195300
2023-12-18,129.1094970703125,131.0832230767682,129.0719087086445,129.91778308785172,4387700
2023-12-19,130.6978759765625,130.82945675598367,128.32001410051816,128.7711461526437,6146000
2023-12-20,128.7523193359375,132.02305079978993,128.63952560185643,131.05498943450823,3850900
2023-12-21,130.23733520507812,130.274923562852,128.48918257342513,129.17528124731302,2481500
2023-12-22,130.53807067871094,131.86328601826398,130.1433284301427,131.299360325323,2888300
2023-12-26,132.58700561523438,133.3294940169239,131.16779768385712,131.8069145135037,3428500
2023-12-27,132.03245544433594,133.16970033609883,131.51552594808007,132.66216434296538,2282300
2023-12-28,129.8143768310547,132.19223830316884,129.75798712677164,131.4121616056176,2149600
2023-12-29,128.67715454101562,130.4628955512072,128.55496727968125,129.992962196817,2510100
2024-01-02,129.6545867919922,131.52492637617345,129.0154844262772,129.57000224498142,3555100
2024-01-03,130.8388214111328,131.68469552228964,128.62073590365475,129.52299971005874,3997000
2024-01-04,127.89707946777344,132.34264554145963,127.7466973336422,131.70354298324634,4049100
2024-01-05,128.38575744628906,129.0342532230858,126.92896164136658,128.86508415293622,3573400
2024-01-08,127.38014221191406,127.38014221191406,124.11880337217522,125.87634964317331,5195900
2024-01-09,125.81995391845703,127.80307328235895,124.62633350308865,127.63390415560555,3704000
2024-01-10,124.1657943725586,125.8011676468995,123.30111870121927,125.8011676468995,4287200
2024-01-11,124.07178497314453,125.143232325827,123.40448771677913,124.83308896743117,3837100
2024-01-12,125.70716857910156,126.92899813260186,124.91768400898533,126.42146209379327,3848300
2024-01-16,121.84431457519531,125.5097888532099,121.78792486956851,124.94587745571465,3111100
2024-01-17,120.45332336425781,121.59996192030515,119.90819894079037,120.50031956892758,4446600
2024-01-18,120.46269989013672,121.04541259047289,118.97770894748784,121.04541259047289,3657400
2024-01-19,120.72586822509766,120.78225792945503,119.14689196757,120.34992730189721,4246500
2024-01-22,121.28038024902344,121.83491244461939,119.6544150399283,120.34051364518615,3777400
2024-01-23,121.4495620727539,122.50220806579738,120.64127623060237,120.84804802798249,2804400
2024-01-24,123.01912689208984,123.55485768645512,121.81609890686323,122.62438467892719,2717100
2024-01-25,125.17144012451172,125.20904282356989,122.75599016483544,124.04360295363756,4313900
2024-01-26,126.00794219970703,126.08311891951153,123.81805094876717,125.23724458004018,3812000
2024-01-29,126.11129760742188,126.12070545211274,124.11878493978503,125.74475019514479,2448800
2024-01-30,128.3575897216797,128.48917047333856,124.73909753922094,124.99286553928675,3939500
2024-01-31,125.02105712890625,128.5267554747586,124.93645823694031,128.14140673308628,3273400
2024-02-01,124.24095916748047,126.58121765392337,122.70897213103218,125.67895381423278,7822200
2024-02-02,122.878173828125,124.1751800831127,122.08867492451785,124.12819822250678,4646200
2024-02-05,122.14506530761719,122.94394328450579,120.39691292006151,122.0792677641657,4070100
2024-02-06,123.07552337646484,124.68270150698177,121.93829286798571,122.62439144242833,2954200
2024-02-07,124.26917266845703,124.6263265934389,122.64320733948695,123.79923933189237,1847200
2024-02-08,125.79175567626953,126.27109687161779,124.12820194308357,124.20337865879729,3298100
2024-02-09,124.86129760742188,126.47786948876603,124.42895261259494,125.75416810972493,2894500
2024-02-12,126.9007568359375,127.76543214502168,124.97402797686348,124.97402797686348,2425900
2024-02-13,124.92707824707031,126.49665389255838,123.99660506460505,125.88574628283203,2712500
2024-02-14,125.20902252197266,126.62821584491262,123.94960479105437,125.62256609719367,2722000
2024-02-15,129.6545867919922,130.36889454335054,125.67895532900825,125.82933741784426,4096600
2024-02-16,129.79559326171875,131.04560331637393,128.76173418505584,129.7485970598291,2661500
2024-02-20,127.82185363769531,129.49481498653768,127.36131385512999,129.3162380434771,3454600
2024-02-21,131.5061492919922,132.21104932958298,128.70535049150857,128.97790552923672,3389100
2024-02-22,131.05502319335938,131.64714384083007,129.2034845304948,130.11515643418866,3450100
2024-02-23,130.44407653808594,131.0549984208051,128.53614852491208,129.56061399809323,3226600
2024-02-26,131.04559326171875,131.91967665787345,129.37263185964437,130.3689025030917,2345900
2024-02-27,131.53433227539062,132.26742710102593,130.71665289477278,131.3745566689036,2287400
2024-02-28,130.63206481933594,132.44600048635698,129.9835545661601,131.41215582379192,3705400
2024-02-29,131.94784545898438,132.44597351175273,130.64143171547852,130.93278800960076,2119300
2024-03-01,133.72422790527344,134.51371246172133,132.9065484961829,133.16030216996654,2819800
2024-03-04,132.36141967773438,134.81447216409532,132.28622862612934,134.25054644767087,3796300
2024-03-05,132.91592407226562,134.06256239583092,131.61890366073843,131.81628194384157,5021100
2024-03-06,132.93475341796875,134.55132535098676,132.26744172535098,134.4385315906455,3031900
2024-03-07,133.7899932861328,135.15279675401018,132.9722997324274,133.32945356832687,2146500
2024-03-08,134.49493408203125,135.35020190243543,133.7430378337966,134.1471736417512,2870300
2024-03-11,135.24679565429688,135.34078804915472,132.76554844704475,133.79001392258186,3034200
2024-03-12,135.20919799804688,135.8107119965626,134.08136104348304,135.38777493125426,1799800
2024-03-13,138.06640625,139.22245256440632,136.29946668593772,136.29946668593772,3609400
2024-03-14,138.66790771484375,139.38221548790756,137.68105928728056,138.76190010852872,4023400
2024-03-15,139.55140686035156,140.5852659909934,138.23559918610565,138.23559918610565,3684600
2024-03-18,139.58921813964844,140.2883030885521,138.4933743369265,140.0804674122568,2129700
2024-03-19,141.3935546875,141.62973020099184,139.19239717195484,139.19239717195484,3062900
2024-03-20,142.49887084960938,142.9334401873232,140.11823177695078,140.6000246908198,2382700
2024-03-21,143.2168426513672,143.59471772147236,142.11152852053922,142.76337526922907,3120500
2024-03-22,142.30047607421875,143.51913539041578,141.75254714898762,143.03734252866522,2281600
2024-03-25,143.86866760253906,144.77558790526746,142.95231988380522,143.05622326999398,2645300
2024-03-26,142.06430053710938,144.70001294453056,142.00762071985443,144.16154026559914,3552300
2024-03-27,144.26547241210938,144.341035899289,141.39356978891226,141.69588139767444,2463500
2024-03-28,146.3627166748047,146.74060623414348,144.6811477770321,144.964561342783,3929300
2024-04-01,147.37353515625,147.64749243669212,145.28573706559837,146.8539460916072,3099100
2024-04-02,148.4410400390625,148.94173098015256,146.8161513345783,147.96868900671265,3640200
2024-04-03,150.30209350585938,150.5193709289918,148.64886501092067,149.12121600947458,2920900
2024-04-04,150.33990478515625,151.42630652930643,149.6975142200963,150.5949784107001,4270900
2024-04-05,151.70970153808594,152.21984872686687,149.57468005525092,150.9255970923742,3111400
2024-04-08,150.86892700195312,152.42769416260737,150.37767785904902,151.57745359815672,2803000
2024-04-09,151.02952575683594,152.12538369338088,149.84864808771695,151.20902146894372,2828400
2024-04-10,151.5396728515625,151.86086811768322,149.57469068204253,150.01870183844906,4178300
2024-04-11,151.02952575683594,152.29543757353952,149.0928979114893,151.98368413909085,6268700
2024-04-12,149.24404907226562,153.50466520709693,148.38438102825228,151.91755802005008,5908500
2024-04-15,146.85394287109375,150.29265803939464,146.44772787537912,149.29127609041296,3993800
2024-04-16,145.61639404296875,146.5421981469445,143.6136300259976,145.89980758112782,3780400
2024-04-17,144.50164794921875,146.90118507994555,143.80256316522215,145.56915158199743,3607400
2024-04-18,143.24517822265625,145.38964152382283,142.7350310369533,144.86061067569347,3158700
2024-04-19,144.75669860839844,145.82421659318103,142.820056422248,142.820056422248,3962000
2024-04-22,145.8619842529297,147.2034737893477,142.96175658449764,144.34101344361895,3063600
2024-04-23,146.8822784423828,147.44910546827333,144.35048373409467,145.5313613588582,2543900
2024-04-24,147.57192993164062,147.70418765670118,145.59749147286453,146.62722777691917,2540100
2024-04-25,148.18597412109375,148.66776700964294,145.87145682569462,147.13735419836055,3331100
2024-04-26,148.33712768554688,148.55440513220833,146.334349432591,147.38296933953643,1889000
2024-04-29,149.2723846435547,149.50856018597756,147.9592492042839,147.9592492042839,1847300
2024-04-30,143.0562286376953,148.64887762018213,142.90508726074384,148.52606173733744,4865500
2024-05-01,139.88206481933594,143.08460477276478,138.60671105464692,142.65947724119383,5294200
2024-05-02,140.81729125976562,141.95093088501133,139.63641364700763,141.21406440785114,3650200
2024-05-03,141.922607421875,142.44219651470186,140.2315968270511,141.18574085932474,3485500
2024-05-06,143.689208984375,145.14404401557857,142.93344434874484,142.93344434874484,3476400
2024-05-07,143.94424438476562,145.3707536824744,143.6702871373631,143.6702871373631,2636700
2024-05-08,143.2073974609375,144.3032554298602,142.41385110344632,142.65946847647615,2208200
2024-05-09,144.60556030273438,145.1156931044893,143.28296868687025,143.63250385816508,2628100
2024-05-10,142.34771728515625,145.7675489722842,141.8942642758451,144.9928862669919,2993000
2024-05-13,141.677001953125,143.22631311428455,141.46916629851714,142.6500441474196,3945400
2024-05-14,142.8861846923828,142.9995443252862,141.2140580320115,141.80922493477283,3328500
2024-05-15,142.94287109375,143.04678890036834,140.11822106705014,142.4138402291511,3443400
2024-05-16,142.139892578125,143.44357174976457,141.84702280147775,142.7350451335434,3141500
2024-05-17,144.01040649414062,144.6244571616313,142.4327555409617,142.84842681772963,3173700
2024-05-20,144.66226196289062,145.3046525817115,144.02931317728329,144.02931317728329,1979700
2024-05-21,143.5852813720703,145.35186973552584,143.528587135881,143.61362128265972,2270200
2024-05-22,141.43136596679688,142.82952111998534,140.278828184503,142.82952111998534,4724000
2024-05-23,139.91983032226562,143.07513191533025,139.35300328931535,142.4232851519405,2386400
2024-05-24,140.21267700195312,141.42189447681224,139.83480194668817,140.59056647222747,1809100
2024-05-28,142.37606811523438,143.0467985728433,140.798402831257,140.798402831257,2751200
2024-05-29,140.09933471679688,142.62168778130592,139.3813518418729,142.47053197447866,3435400
2024-05-30,140.74171447753906,141.77145071942795,140.1465619582017,140.25047976554788,2934300
2024-05-31,143.59474182128906,143.81201930231518,141.12906837525722,141.38414201864322,3287000
2024-06-03,139.45692443847656,144.20877502032477,138.49333864039554,144.20877502032477,5058900
2024-06-04,137.3124542236328,138.05876253036817,135.98042082027223,137.86982499581578,4923500
2024-06-05,137.77537536621094,138.38944048968904,136.96293083877254,137.95487110361202,2465100
2024-06-06,138.4650115966797,138.60671116397384,137.25577949071803,137.73758684954194,1796300
2024-06-07,137.6336669921875,138.87122457828602,136.65116862344476,137.6525650725511,2112500
2024-06-10,140.5717010498047,141.1196300977295,137.89819188847056,138.06823137833723,3142300
2024-06-11,141.02513122558594,141.16683077748652,138.4744383863029,139.92927330752022,2000000
2024-06-12,139.3152313232422,142.8389664104828,138.7862004100385,142.41385331344495,2867700
2024-06-13,137.1613006591797,139.17352075164004,135.77258741438453,138.8428692495421,3177600
2024-06-14,134.8468017578125,136.9912654452101,134.38389247482178,136.98182361229635,2534800
2024-06-17,134.8184356689453,135.25299053880147,133.363586442013,134.58226015684676,3090400
2024-06-18,134.99795532226562,136.37722704757883,134.78067782557713,135.30026698288736,2458100
2024-06-20,136.5094451904297,137.1423938293316,134.56336128858004,135.196309927482,2560800
2024-06-21,135.4513702392578,136.98178278585593,134.99790292433352,136.41495584970443,2780400
2024-06-24,139.41891479492188,140.1028076255274,135.57202124615426,135.57202124615426,2907300
2024-06-25,139.21946716308594,139.37143208871535,137.65220657816118,139.20995939091495,2154500
2024-06-26,137.89913940429688,139.4663997294131,136.93979665514286,139.4663997294131,1960600
2024-06-27,137.92764282226562,138.7445139160411,137.15825260539455,138.7445139160411,1428300
2024-06-28,138.1746063232422,139.732358905448,137.79467232506633,139.39041250966852,2497500
2024-07-01,138.5545654296875,139.7038898968076,137.14879198942495,139.2479661176654,2062500
2024-07-02,139.08644104003906,140.68219557275822,138.12709836126945,139.73234617033424,2416600
2024-07-03,140.2642822265625,140.97666939372132,139.01048834901107,139.513907454319,1416900
2024-07-05,136.7498321533203,140.30227446148314,136.21791875820566,140.30227446148314,2813200
2024-07-08,136.7308349609375,137.54770612462752,136.01844782377364,136.23690915430893,2135700
2024-07-09,135.48654174804688,137.1962738685049,134.76466129432202,135.34407011032295,2354300
2024-07-10,136.10397338867188,136.17046983251953,135.03065295511968,135.5625665316691,2046300
2024-07-11,138.4215545654297,138.848983913893,135.70498459253886,136.47436031848326,2347700
2024-07-12,138.6780548095703,139.8843679746712,137.81368811278324,139.67539988328187,2539300
2024-07-15,140.7392120361328,141.82203998918342,138.8300195775725,139.4189216855399,4377100
2024-07-16,140.919677734375,141.20463549387296,139.3809261240613,140.31177461110445,2871000
2024-07-17,140.81521606445312,143.8737332153544,140.43528198716535,141.52760332953468,3673000
2024-07-18,140.13131713867188,141.92653239017426,139.7418753052925,141.13815544463384,2363400
2024-07-19,139.13394165039062,140.11228541225984,138.3455648774524,139.79883335842518,3355200
2024-07-22,138.45010375976562,139.3239638499792,137.27229926552724,138.86803999716298,2720900
2024-07-23,136.36990356445312,138.06063456322917,135.8664699810142,137.62369740359384,3490200
2024-07-24,135.4295654296875,138.0606530299126,135.2775860065682,137.18677859375444,3004000
2024-07-25,137.14877319335938,138.08912944667392,134.82164474125565,135.6575169664241,2919000
2024-07-26,137.8706512451172,138.18410332415783,135.8854692380798,137.48122395923642,2084100
2024-07-29,136.15142822265625,138.44056906960134,135.03061273357827,137.9276567002978,3686800
2024-07-30,137.9181671142578,138.32661000287348,135.8094997190379,135.8094997190379,2409100
2024-07-31,139.04847717285156,141.1476510876425,138.97248746846208,140.34027316036426,3468500
2024-08-01,134.87863159179688,140.10280394218336,133.69131969398177,139.36192247743102,4970700
2024-08-02,127.99223327636719,133.1024287493834,126.76693367262946,132.71298693591498,5891000
2024-08-05,124.43031311035156,125.63662631091492,121.34330152555277,123.63244282534944,5535300
2024-08-06,124.876708984375,126.7004181983988,123.83186878665447,124.70572854586051,4064000
2024-08-07,125.74110412597656,128.39117833176735,125.66511441304506,127.4413286604572,2981600
2024-08-08,129.54998779296875,130.0534069270362,126.6719446327133,127.00439779380157,2731700
2024-08-09,129.5974884033203,130.23388592879988,128.4576717234531,129.54049974336027,1766200
2024-08-12,131.35467529296875,131.79161242122203,130.3668382328845,130.39533255716705,2813900
2024-08-13,130.00588989257812,130.347836275133,129.16052445981086,130.10088063522488,3669800
2024-08-14,130.5188446044922,130.98426165968252,129.55948717682784,130.32887757215602,1686700
2024-08-15,132.8744354248047,133.37785446034812,130.9557355289578,130.9557355289578,2598200
2024-08-16,132.3235321044922,132.89344760440486,131.38319037125544,131.4591655772608,1832000
2024-08-19,133.28289794921875,134.53669183866702,132.37103598943932,132.37103598943932,2471800
2024-08-20,129.86343383789062,133.1119176147565,129.21752859628842,132.97893925524343,3784000
2024-08-21,129.92990112304688,131.38318412942547,129.32199804901214,131.03172997397002,1837800
2024-08-22,129.50250244140625,130.72781665018883,129.2650400204002,129.98693505613443,1642200
2024-08-23,132.1620635986328,132.4375135863659,130.27185780804155,130.6803006443639,1965900
2024-08-26,133.06442260742188,135.1920908590964,132.58000454504003,133.92878919343536,2929600
2024-08-27,131.34519958496094,132.97894203227034,130.9557577762705,132.50401723929792,1962200
2024-08-28,130.77528381347656,131.22171427759542,129.81594095098413,130.376348727285,1744100
2024-08-29,132.8364715576172,133.50136337490295,130.404844421672,131.82012553483034,2311200
2024-08-30,132.54202270507812,132.69400213776098,130.90829453118488,131.5921729911449,2247100
2024-09-03,127.65028381347656,130.30986552237428,127.30833738671036,130.13888506221403,3849400
2024-09-04,125.57962799072266,128.72362799790824,125.27566914729964,127.83076701229733,3033300
2024-09-05,124.59176635742188,126.89990834916541,124.43978694776918,126.86190624997512,2284700
2024-09-06,122.64456939697266,125.76007476501702,122.18864567065135,124.6297659738221,3114800
2024-09-09,121.88470458984375,123.12900521584972,121.84670249040066,122.62558609988629,2281300
2024-09-10,120.55490112304688,122.2171378076433,119.32959435450258,122.0176775218818,3624500
2024-09-11,120.50740814208984,121.06781586616422,117.89532202861591,120.83985401626758,2810400
2024-09-12,120.86836242675781,121.93218934809705,119.20612561538786,120.64989382868143,3566400
2024-09-13,122.10315704345703,123.23348027593973,121.71371526707078,121.84669361833032,3778000
2024-09-16,123.34747314453125,124.19283873283665,121.9891806412443,122.59709831634986,2478900
2024-09-17,125.56060791015625,125.82656461106636,123.27146713330903,123.49943623132621,3531500
2024-09-18,126.01653289794922,128.04921027195365,125.24715711292957,125.25665039036134,2888900
2024-09-19,128.05873107910156,129.57848175543205,127.07087937060967,129.08455590118612,3397100
2024-09-20,128.04922485351562,128.5051486125652,126.02604052655354,127.22286032269673,3974000
2024-09-23,129.2215576171875,130.5889385077062,127.5768836653853,128.4087774397679,3145200
2024-09-24,128.3992156982422,131.03833644020506,128.37053071337,130.56023390495972,3842500
2024-09-25,125.35846710205078,128.4374480196821,125.04291773701704,127.89240422811598,3591300
2024-09-26,122.3464126586914,125.16721416380997,121.92568746821058,123.18787763018175,6995000
2024-09-27,125.3967056274414,125.71225498429574,123.51298087291994,123.77116027226046,3689100
2024-09-30,125.76007080078125,126.85014378814242,124.41181840862887,124.77518093459216,2994600
2024-10-01,127.8732681274414,128.44699686298458,123.90502390993927,124.40225450804151,6718400
2024-10-02,129.431884765625,130.58889901539382,127.98802074283947,130.27334967454777,3859500
2024-10-03,133.68699645996094,133.93561905651092,128.84860229991787,129.76656536693326,5670200
2024-10-04,134.6240692138672,135.71414211715862,133.60093765094464,135.0448016661073,3618000
2024-10-07,135.45599365234375,136.18270414530218,134.56671548189937,135.06394612999162,3228800
2024-10-08,131.73634338378906,133.4001304484011,130.34984929976977,133.4001304484011,4939500
2024-10-09,131.75547790527344,132.13796865197153,129.89088111052686,130.52197989968113,2636200
2024-10-10,133.06546020507812,133.69655885932121,131.33473189402446,132.1188122237135,2262700
2024-10-11,134.54759216308594,135.4846688397904,132.4343730043395,132.65429603661613,1982200
2024-10-14,132.711669921875,133.72525935871172,131.94671768426576,133.20890054874394,1933500
2024-10-15,127.6150894165039,129.26931951056795,127.44296497839325,129.19282138146613,4870100
2024-10-16,128.58087158203125,129.12590077740919,128.13145412048576,128.2366372410715,2035900
2024-10-17,129.73785400390625,129.90042165173045,128.4183013651006,128.54259806154778,2031800
2024-10-18,128.96336364746094,129.88132686705535,127.91154690205296,129.70920238002435,2105800
2024-10-21,128.3226776123047,130.38808342361153,127.88283158744099,130.31158529091198,2260900
2024-10-22,128.64779663085938,129.50838976711208,128.05495428116168,129.01115914997908,2175800
2024-10-23,127.47167205810547,128.64779999213246,126.19036100213926,128.303565646743,1565200
2024-10-24,128.4661407470703,128.6765070031135,126.63978579257252,128.12190638177506,1416600
2024-10-25,128.47569274902344,129.99605505961404,127.71072590019179,129.37452770211092,1784800
2024-10-28,126.76409149169922,127.01269951486456,124.73692716782315,124.95685021102823,2990100
2024-10-29,124.70825958251953,126.47724474296717,124.24928524860718,126.43898837066472,2458000
2024-10-30,125.93219757080078,126.84058941704136,124.5935163858705,125.40628189438866,1898000
2024-10-31,125.00466918945312,127.64380419279753,124.88992926427454,126.68759924156367,2335100
2024-11-01,123.67552185058594,126.69713243529762,123.31217395836755,125.97997885547518,2286700
2024-11-04,126.0278091430664,126.98401404613895,124.01977301040252,124.5456886251982,2253400
2024-11-05,127.13700103759766,127.7202865694501,125.85567547235391,126.72582537226175,1345500
2024-11-06,133.7921600341797,134.83441965670804,130.55062668089897,131.43033325509475,6170600
2024-11-07,132.95069885253906,133.68698057784417,132.14749038340236,133.56266929433744,2797300
2024-11-08,133.89739990234375,133.94521307577742,132.22404096588886,132.72127170664157,2059000
2024-11-11,135.9053955078125,136.07750537167078,133.3427590074327,133.98341448489575,2870800
2024-11-12,134.58583068847656,137.11976766806976,134.4615193908078,136.17313421821655,1978300
2024-11-13,135.14999389648438,136.12532695697158,132.9316061675563,135.0926239383137,2702200
2024-11-14,135.9723358154297,136.78511582831857,134.49021528103006,136.3165701679965,2149500
2024-11-15,134.6814727783203,137.37796314493144,134.27029706355512,135.7141612826193,2208900
2024-11-18,137.34925842285156,137.88473078234952,135.3221088931729,135.98189254702842,2398700
2024-11-19,136.46954345703125,137.70304116804195,135.40815559803417,136.00099787567208,2043900
2024-11-20,138.7070770263672,138.77401837116417,136.66079917463588,136.70861233655825,2246300
2024-11-21,140.47605895996094,141.52787554771777,139.69196397423423,139.87364523144058,2498900
2024-11-22,142.1589813232422,142.59884199890385,139.82583902305623,140.3039414750442,2363300
2024-11-25,139.64413452148438,143.25860188039033,139.4337829008966,142.15895766947,2822600
2024-11-26,138.64016723632812,139.9788483907859,137.92301349132637,139.62505721222144,2045300
2024-11-27,138.6497039794922,140.552556893594,138.3724109913656,138.3724109913656,1154100
2024-11-29,139.10865783691406,140.09354752600913,138.77399494101803,139.18515596496843,681200
2024-12-02,137.5309600830078,139.47205496953902,135.79066006582553,139.08957882471174,2221100
2024-12-03,137.63612365722656,138.99393274614576,136.8807136813,138.40109042873067,1370000
2024-12-04,133.3045196533203,137.45444513873883,132.2718166798494,137.23452211186466,3437600
2024-12-05,132.89334106445312,134.85356385273485,132.8455279056116,134.04078392401175,2373600
2024-12-06,129.8717498779297,132.69255127052725,128.84860368381436,132.5491117885475,4069700
2024-12-09,131.10525512695312,133.03679312067794,130.9713870238551,131.75546745899237,3247200
2024-12-10,130.31158447265625,132.15706725994303,130.0438483051525,131.9562578390518,1456000
2024-12-11,132.19532775878906,132.32919586150592,130.2829179539603,131.09569795722408,1954400
2024-12-12,131.07656860351562,132.2144547617138,130.35941493310793,131.72678092789815,1816000
2024-12-13,130.00563049316406,131.33475478054856,129.5657697994731,131.04789037949178,1883000
2024-12-16,126.60151672363281,129.1641533172058,126.41985005757397,129.02071383491327,2627100
2024-12-17,125.7696304321289,126.03736663923331,123.77116567533929,125.45408106149965,3072700
2024-12-18,121.52407836914062,126.52504054781775,121.25634216189367,126.0469380933726,4072600
2024-12-19,120.00370788574219,123.75202912222632,119.81246983510557,123.53210609352061,3859400
2024-12-20,120.73043823242188,122.02131344734453,119.07620046992925,119.44911981434545,3502600
2024-12-23,122.03732299804688,122.30678362517386,119.83350952297047,121.09421080310238,2762000
2024-12-24,123.50011444091797,123.73108697617307,121.27704967815701,122.4030205963351,1422600
2024-12-26,123.50973510742188,123.8946893400704,122.16243200440829,123.40387452900634,1153400
2024-12-27,123.70219421386719,124.99177242640306,122.91306380286882,123.2787666212224,1688800
2024-12-30,125.71355438232422,127.09936023443915,123.90430622156279,124.86666976503125,2929500
2024-12-31,127.3880386352539,128.00395062424278,125.72315406391682,125.87713573228906,2463300
2025-01-02,129.74586486816406,130.44838616970836,128.6295195913931,129.2550500444184,2873600
2025-01-03,130.46763610839844,131.21827851751868,129.80360289621453,130.23666356539886,1948300
2025-01-06,130.14041137695312,133.12374408662376,129.7458535040431,131.65132911335772,2839500
2025-01-07,131.61282348632812,132.0940052235786,129.93832043877728,130.73708388475322,1869800
2025-01-08,132.48858642578125,132.53670753954952,130.79483188645395,131.09316223351422,1825500
2025-01-10,134.0668487548828,136.47275735987174,133.325824792886,134.8174910648793,3008500
2025-01-13,136.5690155029297,138.0991700298509,134.8944976321747,135.0099765596397,3508600
2025-01-14,137.51211547851562,137.85856691468652,135.60663992182637,135.7221188390496,3505600
2025-01-15,140.12974548339844,140.55318775980723,138.3782369190714,138.99414895262024,2355300
2025-01-16,140.3896026611328,141.04400284189848,139.0134151164596,139.0134151164596,2942800
2025-01-17,139.9757843017578,140.5916964255,139.27326297729485,139.78331451643274,2222800
2025-01-21,138.3590087890625,139.41759986112635,137.39664525927603,138.95566947848945,3208400
2025-01-22,137.09832763671875,139.61009726992333,137.04057348459045,137.8393370505754,1736000
2025-01-23,137.32928466796875,138.93643013988674,136.61714499227654,138.1569179627083,2379900
2025-01-24,135.4430694580078,137.82010891970734,135.18322715303745,137.4544060226753,2514700
2025-01-27,132.8350372314453,135.81837005633824,132.0843948507694,134.93299736847698,3766600
2025-01-28,132.15176391601562,133.71078809933218,130.8429489582617,133.10449439048605,2812100
2025-01-29,132.93130493164062,133.3547473166522,131.1797959180936,131.62248968910706,1709700
2025-01-30,132.25762939453125,134.1727383447943,131.33376851368865,133.4798353419104,3333100
2025-01-31,129.11068725585938,132.2094988183333,128.8604633544228,132.2094988183333,4683500
2025-02-03,128.87010192871094,130.00568382882622,127.37843554227828,128.94709277211734,3053600
2025-02-04,131.99778747558594,132.31536920786277,127.2244578268978,127.59977902240637,4780700
2025-02-05,131.80531311035156,132.24799210270385,130.7467073729842,131.68981950341032,2123600
2025-02-06,128.87973022460938,132.87354793424348,127.91736663450521,132.5367148039058,3821900
2025-02-07,128.2349395751953,129.86133628030348,128.1675670799532,129.58224263501756,2572000
2025-02-10,132.89276123046875,133.3354548651386,129.51487091047883,129.6207314741281,3338900
2025-02-11,134.03799438476562,135.56814890858703,133.69154291856998,133.9706365720483,3003200
2025-02-12,129.71697998046875,133.7396673651015,129.37052850564154,133.0467644154471,4195200
2025-02-13,130.47726440429688,130.84296728746568,128.37930402783343,129.54377049636875,2332700
2025-02-14,131.52621459960938,133.3162112536672,130.69858142226002,130.69858142226002,2419600
2025-02-18,133.03713989257812,134.43256407647434,130.71784025718043,132.0843947098893,3092000
2025-02-19,134.67315673828125,136.1744415178624,133.74928127457622,134.220844697702,3255300
2025-02-20,134.43258666992188,134.92338686709536,132.96017139389684,133.75893502149614,1966300
2025-02-21,130.2174072265625,133.98987051163417,129.79396492276328,133.7396612796174,3930400
2025-02-24,129.74586486816406,130.53499536760364,129.15882249714682,130.2174136241514,2367100
2025-02-25,126.68555450439453,129.72662726363464,126.18512127811978,129.41866383684882,2823500
2025-02-26,125.59806060791016,127.71527214838248,124.96291183027076,127.33031792079557,2956900
2025-02-27,124.70307159423828,126.58929594439203,124.48173208758303,126.43532893535068,2578000
2025-02-28,125.98301696777344,126.08887754658876,122.66285828559089,123.68296865033383,2584800
2025-03-03,119.88162994384766,127.5035550188716,118.68830116966643,126.59893091111655,6740300
2025-03-04,119.20796966552734,121.29629670324529,115.86856713799867,118.3514667359149,5546000
2025-03-05,117.33135986328125,117.8606627418974,113.90534804460523,117.43722043900448,5734100
2025-03-06,115.96480560302734,117.51421147688771,114.80034661040732,116.6192130984606,3666400
2025-03-07,117.947265625,119.02511536458314,116.23425980731032,116.99452783671485,5074900
2025-03-10,117.92803192138672,120.0644802065558,116.68658204372763,118.49582289942197,3545100
2025-03-11,118.52468872070312,120.68038084187836,117.34097841970363,118.76527958867247,2947200
2025-03-12,119.75652313232422,121.02684273121936,118.07238691109386,119.04436881521163,2563600
2025-03-13,118.03388214111328,120.87285146662114,117.10038839193423,119.30420163941604,2311000
2025-03-14,122.15280151367188,122.29715750968053,117.98576572267699,118.4573217902044,2149800
2025-03-17,124.63568878173828,125.06876409455184,122.36451772793886,122.36451772793886,3180100
2025-03-18,125.37671661376953,126.4930618070298,124.09677138633346,125.83864698582484,2241400
2025-03-19,128.34078979492188,129.024074303023,125.1361177563787,125.6558022407375,2559600
2025-03-20,128.21568298339844,128.96632532687104,126.63740745551995,127.2244497686974,2027000
2025-03-21,126.41606903076172,127.88848400032539,125.95413866577155,127.3784325237838,5114600
2025-03-24,128.25619506835938,128.79825662392773,126.84295049556795,127.07526892084137,2778600
2025-03-25,128.29489135742188,129.8630146840552,127.9657847070433,128.5465733124731,1325500
2025-03-26,128.8853759765625,131.12140214349216,128.68211026961362,129.44680111730037,2216900
2025-03-27,127.59799194335938,128.972509504074,126.93976373720162,128.48852382339686,1881200
2025-03-28,126.49446868896484,127.9561146464434,125.49745953959422,127.10429526831382,2018800
2025-03-31,127.49148559570312,128.4207296206691,125.37162643177749,125.87496079110595,2968900
2025-04-01,128.20779418945312,128.31427162197568,125.61363822627804,127.08494395013717,1431100
2025-04-02,129.4661407470703,129.61133051090917,126.56222730975284,126.56222730975284,1901900
2025-04-03,115.63384246826172,122.32252722502666,115.53704682208556,121.59654880115383,8710200
2025-04-04,103.29220581054688,110.78430082672993,101.65633212021093,110.22288314365619,10910000
2025-04-07,102.84693908691406,108.1320609057881,97.57149904776364,99.43000196285546,6332100
2025-04-08,98.64594268798828,107.14472813848033,97.09718295178862,106.47682568687007,8145200
2025-04-09,110.09703826904297,111.36508551735871,95.83882714035884,96.58416168819534,9344200
2025-04-10,101.04652404785156,106.17677492393538,98.79114913234456,106.0896536661726,6397700
2025-04-11,104.12466430664062,104.93776397530245,99.22673227470119,101.07555347296896,3907600
2025-04-14,104.0472183227539,107.16408665160665,102.64366308934244,106.68978284918285,2663900
2025-04-15,103.5245132446289,105.53789504221868,103.30188401207877,103.5245132446289,2219500
2025-04-16,105.40238189697266,107.45448347076615,103.74715205442207,103.78587178808242,3800700
2025-04-17,108.34501647949219,110.00024634174511,106.56394563508674,106.56394563508674,5060800
2025-04-21,105.0732650756836,106.67041147075,103.90201355458596,106.41874430385026,3851000
2025-04-22,107.65774536132812,109.02258075230492,106.2348266833715,106.99952472747857,3535300
2025-04-23,108.01589965820312,111.20052570381156,107.23184537122629,109.16778771736877,4508100
2025-04-24,109.15811157226562,109.73890021411424,107.69648034270719,108.86772463637568,2317500
2025-04-25,109.74858093261719,109.78730066997367,107.71584272412774,107.9191158064732,2027600
2025-04-28,111.02629852294922,111.30701106938282,109.52594752860556,109.53562930883693,2074200
2025-04-29,110.26160430908203,110.9682191582571,108.90644313520949,109.56466385480276,2863900
2025-04-30,107.1640853881836,108.89675463705727,105.87668198317738,108.548284431416,6444000
2025-05-01,109.09034729003906,110.49390990964748,107.04792754204955,107.04792754204955,5689900
2025-05-02,111.2682876586914,111.44252277192912,108.47085145201075,110.42615743223772,4730800
2025-05-05,109.34203338623047,110.52295951305884,108.5289410671232,109.59370798334996,3441900
2025-05-06,109.51626586914062,111.05534398610693,108.73221152532892,110.12608509376813,4140200
2025-05-07,109.66144561767578,110.23254501567529,108.32564817275322,109.93247634113544,1863900
2025-05-08,113.25263214111328,114.1044441515965,110.7746281942281,111.01662099794844,3866800
2025-05-09,115.03369140625,115.52735877551564,113.65917410401568,114.82074395022693,2948800
2025-05-12,119.32180786132812,121.89661482591076,118.63454918812097,120.78344645689972,3857900
2025-05-13,123.27113342285156,124.21007407314167,119.79612028694177,120.24138616205633,3656600
2025-05-14,122.67098999023438,123.1646499711857,121.63526113063946,121.78045089854635,4584000
2025-05-15,121.54814910888672,121.69334627284626,119.52509274882982,120.37690478700621,5849500
2025-05-16,121.4319839477539,122.01277257512011,120.0768301773239,121.60621905895694,1874700
2025-05-19,120.18331146240234,120.58017582648704,119.13790076158725,120.50273635567828,2586900
2025-05-20,119.55411529541016,120.98670841974479,119.43795610220725,120.20265417446751,2657100
2025-05-21,116.93092346191406,119.07981331417692,116.89220372785967,118.91525998322135,4091300
2025-05-22,116.8631820678711,117.55044082683463,114.35613247978732,115.98232461164201,4004100
2025-05-23,116.96963500976562,117.36650674232925,115.23697307916248,115.52736000503026,2856200
2025-05-27,118.81846618652344,118.8765420959902,116.56309149179668,117.84081319530539,2983700
2025-05-28,116.77605438232422,119.83484716549538,116.5630995195674,119.47669513403756,3988000
2025-05-29,117.29874420166016,117.38585806030625,115.9048633830523,116.94059221770291,3088000
2025-05-30,115.72095489501953,116.96963119003246,114.96593118833734,116.32109228656877,4350100
2025-06-02,117.24066925048828,119.17661156541358,116.15653889551793,118.85717931104278,3942600
2025-06-03,119.6799545288086,120.81247902209073,116.13718389686693,117.260026610667,4137400
2025-06-04,116.74700927734375,120.67697006202562,116.5243726476293,119.38956656875592,5127900
2025-06-05,116.45660400390625,117.66656791346404,115.83710307301536,117.27938537043245,2851500
2025-06-06,119.28308868408203,119.95098375923152,117.90856403131004,117.90856403131004,3294400
2025-06-09,120.2897720336914,121.50941775529273,118.91525476769918,119.82515001548488,3655200
2025-06-10,122.06117248535156,123.87128137163735,121.59655042349324,121.79982349868557,5834500
2025-06-11,124.38430786132812,125.420044207083,122.25477402705468,123.60025349794253,6048000
2025-06-12,125.18772888183594,125.22644123465898,122.16765579423232,123.3001804326956,3750500
2025-06-13,128.52720642089844,129.00151759536948,125.35226227236215,128.2658500782252,7719600
2025-06-16,128.83697509765625,129.80494631621093,127.01718448035146,127.53988243954079,6158800
2025-06-17,130.5115509033203,131.63440097333014,128.55624506003664,130.0082017736491,6828400
2025-06-18,129.5726318359375,131.9441584393014,129.2822375075509,130.7438835447381,4803300
2025-06-20,130.2405242919922,130.68578276037115,129.11767418640252,129.80494021811955,4166600
2025-06-23,125.53117370605469,131.78047475584881,125.16127252374996,131.73180120242716,10082400
2025-06-24,124.63561248779297,125.75504471951582,122.94188584021751,123.35071692249717,5403500
2025-06-25,122.78614044189453,124.40200728648045,122.75693928171019,124.40200728648045,3199500
2025-06-26,124.38253021240234,124.98604063760052,122.8250731733637,122.97108639532941,2927000
2025-06-27,123.81795501708984,124.34359818275091,122.70826636509692,124.29493205770568,3083800
2025-06-30,122.45518493652344,123.52593623470085,122.28969931672245,123.00029306798656,2363900
2025-07-01,123.50645446777344,124.7329550970005,121.05346063586003,122.40650209270183,3055700
2025-07-02,125.8426513671875,126.12494905094918,123.15603325238314,124.61615808945304,2789100
2025-07-03,125.73558044433594,126.73819325077466,125.37542288855202,125.76478160544907,963000
2025-07-07,124.35334014892578,126.14441404699616,122.90295884814688,124.98605178966353,2652100
2025-07-08,128.30538940429688,129.29827346314053,124.15866105148906,124.15866105148906,4110800
2025-07-09,127.23462677001953,128.5097934892913,126.74792100827726,127.78946361480354,2329500
2025-07-10,128.77261352539062,128.86023185739074,125.3656729387052,126.8744638834252,2052100
2025-07-11,129.5319061279297,130.18409020509938,128.00364258131867,128.4416748894972,1986500
2025-07-14,128.1788330078125,129.41506990493772,127.22489379384335,129.05491236409966,2575600
2025-07-15,125.41434478759766,128.8212853280601,125.27806776010245,128.0036231630888,3096400
2025-07-16,123.37017822265625,126.15414328658974,122.86400748246702,125.5116880964803,2970600
2025-07-17,125.78424835205078,126.05680241226315,122.88347851148816,123.22417108675363,2181700
2025-07-18,125.96920013427734,127.98415444528496,125.53116787997851,127.50719226190547,4750300
2025-07-21,122.81533813476562,126.12494644201996,122.59145762864533,125.92052347341824,3186100
2025-07-22,124.17811584472656,124.61615551475955,122.49411053169855,122.49411053169855,1829800
2025-07-23,125.04446411132812,125.17099752271311,122.88348168509181,123.49673576294875,2475800
2025-07-24,125.36568450927734,125.90106390721411,123.77903356113478,124.80111880208976,2736100
2025-07-25,124.61615753173828,125.95945544331678,123.97370230924116,125.53116681473436,1839700
2025-07-28,127.44876861572266,127.56558810319638,125.8523742490109,126.06652598078408,2611800
2025-07-29,128.2761688232422,128.51952170306365,126.4266928778315,127.68238720235458,3341000
2025-07-30,126.2514877319336,127.54612700570209,125.1028691171651,127.14702466541826,2839300
2025-07-31,124.74269104003906,126.70898663785778,124.01263976399767,124.84976691054112,2240500
2025-08-01,120.4110107421875,124.24625478422993,119.8075003092244,124.08077659625883,3913600
2025-08-04,120.79064178466797,121.27734758428683,119.7296267062386,120.10925663581803,2198600
2025-08-05,121.71539306640625,121.99768333483702,119.80750713206793,120.99507052803826,2381100
2025-08-06,120.4207534790039,123.74981951609921,119.90484649639774,122.82508142575323,2871200
2025-08-07,119.2818603515625,123.56487294855397,119.04824364308406,121.80299287301804,3299200
2025-08-08,119.71989440917969,121.59857915394457,119.1455851116683,119.81723408696485,3342900
2025-08-11,118.5712661743164,120.90745553025879,118.23057359515718,120.1871330162448,2478400
2025-08-12,119.99243927001953,121.07292669156914,118.57125928909412,118.95088920190443,4658200
2025-08-13,121.60830688476562,121.62777184835119,119.74908723435792,120.00217632021538,2797500
2025-08-14,121.82246398925781,121.95874101998912,119.7685649062545,120.95612825394831,2753000
2025-08-15,121.2092056274414,122.61092066703257,120.84904809893712,121.71538380353418,2062400
2025-08-18,120.1968765258789,120.48889557155302,118.92170218551438,120.13846677551074,2365200
2025-08-19,119.6517562866211,121.10214496860559,118.96063491756377,119.48627809118653,1331500
2025-08-20,120.81011962890625,121.30656164635847,119.14558661025738,119.87564534264064,1917200
2025-08-21,121.053466796875,121.49149904490794,119.73936262623505,120.41101157811616,1969200
2025-08-22,125.2001953125,125.47274937241339,121.33575749652631,121.33575749652631,2932700
2025-08-25,126.50457763671875,126.7868604643927,124.36306766815176,125.02498785093921,2435800
2025-08-26,126.09574890136719,126.18336724536434,124.71350602787696,125.78426487153769,2103100
2025-08-27,127.9062728881836,128.46112460619221,125.58956347827903,125.72584050239107,2593200
2025-08-28,129.2495880126953,129.48321213829726,126.86473261953472,127.89654651471655,2902800
2025-08-29,129.47348022460938,130.1256642578401,128.8602409757083,129.20092614663486,2174500
2025-09-02,130.99200439453125,131.00173316329187,128.32485129899158,128.81155709250072,2816400
2025-09-03,127.36117553710938,131.26456572329045,126.88421333901712,129.83364942284786,3305100
2025-09-04,128.7336883544922,129.1522482268456,126.33908920399739,126.80633748165862,3572300
2025-09-05,126.19307708740234,128.54873133703876,125.02498615785035,127.166488670876,5291200
2025-09-08,125.26834106445312,127.37091368324519,124.35333178480757,127.08861600178062,4677500
2025-09-09,125.59929656982422,128.0425543194577,125.49222070054486,125.98865526552252,3272300
2025-09-10,128.26646423339844,128.3053941661525,125.45330500650482,125.67718553927936,3279700
2025-09-11,127.87708282470703,128.33458748529526,126.47536768189056,127.02049067871702,2377600
2025-09-12,126.67005920410156,129.21066413325454,126.60191326103875,128.56820889758768,2373900
2025-09-15,125.90105438232422,127.08861773769172,125.25859915340426,126.37803141950705,4251200
2025-09-16,129.87258911132812,130.1646155961715,126.73820220371617,126.86475047953458,5477000
2025-09-17,129.78497314453125,131.7025952251761,128.83103391529778,129.40534320665694,3586400
2025-09-18,129.38587951660156,130.33981880998758,127.92576198764839,130.03806356383063,3633900
2025-09-19,126.64086151123047,129.11332056501917,126.16388445597839,128.84076649147028,3487200
2025-09-22,127.59246063232422,128.09227976448418,125.69116498373442,126.23998951026617,2691800
2025-09-23,130.5816192626953,133.1689457482868,128.37651095266799,128.37651095266799,5288200
2025-09-24,132.58090209960938,134.4233972619696,131.74785525594305,132.01247242283128,5055100
2025-09-25,133.374755859375,134.02159125998426,131.65967151052695,131.90468356036237,3934000
2025-09-26,134.50181579589844,136.52071262682125,133.10033914110605,133.10033914110605,5460900
2025-09-29,130.83642578125,133.71776968553272,130.18959042429924,133.4727576522345,4360600
2025-09-30,129.5623779296875,130.30722418352448,128.30791734405128,129.32717591634932,5936400
2025-10-01,131.8066864013672,132.11049894744394,128.50391383349577,128.65093003454325,3632000
2025-10-02,129.2389373779297,131.904669390113,128.89592951761796,131.09122767752388,4068000
2025-10-03,130.53262329101562,131.19904889475004,129.88578788432125,130.38560708712205,4095100
2025-10-06,131.4734649658203,132.75734071749463,130.85604474568382,131.39507426671514,3300700
2025-10-07,131.0618438720703,131.35586132803985,129.10174743807212,131.1010541751857,3137000
2025-10-08,131.248046875,131.37545792030056,129.1605395234043,131.15984613026026,2677700
2025-10-09,128.3863067626953,132.6789224154195,127.98448343492888,131.4734524321202,3699300
2025-10-10,121.48677062988281,127.18085559958799,121.44756780570125,126.26940302242136,8024800
2025-10-13,124.67192077636719,124.95613562917676,122.23160304474723,123.25085398949312,3234000
2025-10-14,123.62327575683594,124.76013522483792,121.66317941380423,121.81999071029036,3336100
2025-10-15,123.41746520996094,125.47556485256182,122.56482061813492,124.11329850698831,2169800
2025-10-16,120.83013916015625,124.35831105872275,119.67368202636885,123.84868930287917,4894400
2025-10-17,121.10455322265625,122.22180754893637,119.87949299847418,120.80074067975485,2568100
2025-10-20,122.7706298828125,123.78008576983297,121.7709840481884,122.07479658551232,3200700
2025-10-21,121.85919189453125,123.30966654781191,121.34957011088775,122.78043961258145,2885900
2025-10-22,122.40802001953125,123.27045973208162,120.37932057206194,122.34921204384821,3691600
2025-10-23,127.07305908203125,127.67088910987299,124.97574895796654,125.9264044294855,4361900
2025-10-24,125.8969955444336,127.94529264771325,125.84799014465666,127.58266465284264,2139800
2025-10-27,125.78919219970703,127.03384264408214,125.51477990060475,126.53402344664913,2448200
2025-10-28,123.31946563720703,124.96594689676219,123.03525076462721,124.75033509844823,2533800
2025-10-29,123.8388900756836,125.03455006565733,122.97645035894935,123.20185725577595,1924700
2025-10-30,123.34886932373047,125.50497241260183,122.9666511168594,123.50567315048998,1660600
2025-10-31,124.28971099853516,124.8679433180299,123.14305641221628,123.81928457797714,1946900
2025-11-03,125.11295318603516,125.22075160592,122.34921016380322,124.06429446424765,1871600
2025-11-04,123.41746520996094,124.00549261110775,120.93794455905626,122.91763855425782,2508200
2025-11-05,122.25120544433594,124.8777348135022,122.17280727415005,123.01564181316041,2828700
2025-11-06,124.30931091308594,126.21060682623376,123.29986245682274,123.29986245682274,2557000
2025-11-07,126.89662170410156,127.29844500750568,123.84867904246168,124.65231817209641,3892800
2025-11-10,128.7881317138672,129.1997501446892,126.16159488065065,127.9452897018941,2599900
2025-11-11,131.453857421875,132.4633057760795,129.28794452475773,129.28794452475773,3933900
2025-11-12,129.41537475585938,131.36566120788768,129.22916319515627,130.4346183587217,2797400
2025-11-13,129.28794860839844,131.38525102616032,128.38630611569545,129.4643650495511,3392900
2025-11-14,131.33624267578125,131.5028490610229,127.55325634886265,128.82732189086377,2643800
2025-11-17,128.8175506591797,131.3460770620974,128.07270438204642,130.93445857153176,3051500
2025-11-18,130.82666015625,131.2480737703725,127.15147882882799,127.47489658016326,2906300
2025-11-19,129.24876403808594,129.60158199545742,127.27885754511635,128.09229936223252,2732000
2025-11-20,125.99498748779297,132.5123166432366,125.92639189370827,129.75836878628115,3520700
2025-11-21,127.15145111083984,127.964892861841,124.42691099987792,125.5343627066757,2969600
2025-11-24,128.21971130371094,128.68033516664389,124.56412812787723,126.29881019931507,2279800
2025-11-25,127.62187957763672,127.92569213117189,125.40696852118259,126.83783801584825,1654500
2025-11-26,129.052734375,130.3954105215367,127.68067293439476,127.68067293439476,1544400
2025-11-28,131.34605407714844,131.76746759338087,129.18014113805964,129.44475831938442,1286500
2025-12-01,132.38490295410156,133.51195231981228,131.04224180383525,131.36564452632098,2197200
2025-12-02,130.39541625976562,132.0811003634604,129.64077495704967,132.0811003634604,1831900
2025-12-03,133.75697326660156,133.913784566611,131.15005643710026,131.15005643710026,2153800
2025-12-04,133.75697326660156,134.70762121067955,132.8553307230701,133.5511715203942,1451000
2025-12-05,133.96279907226562,136.69712713816347,133.8157828606337,133.8157828606337,2666600
2025-12-08,131.453857421875,134.02157867769452,131.30684123316675,132.8455239397652,2754400
2025-12-09,131.86549377441406,132.75734126247704,131.15985784477624,131.24805859739362,2100100
2025-12-10,132.52210998535156,132.93372840745002,129.79757736692767,131.63026259363102,2696800
2025-12-11,130.356201171875,131.4930606334418,129.78777144109162,130.71882916224007,2219400
2025-12-12,129.1017303466797,131.55185056481332,129.07233010040986,130.91482528983738,1730900
2025-12-15,127.2886734008789,129.35657583750898,125.91659685772947,129.35657583750898,3090800
2025-12-16,122.4668197631836,125.96559146920055,121.83958952570865,125.66177892587888,5448400
2025-12-17,125.3481674194336,125.66178254720884,123.19205687345108,123.57427507676546,3575800
2025-12-18,122.59422302246094,125.47556705907566,122.21200483113542,125.3677611612993,3425400
2025-12-19,123.05484771728516,124.31911077321026,122.75103517262751,122.75103517262751,2174000
2025-12-22,123.64717102050781,126.04607452002044,123.50896320833515,124.22961715298395,2051000
2025-12-23,124.8614273071289,125.12796877871843,123.4595934515055,124.37769245860794,2041200
2025-12-24,124.30859375,124.70347643664957,123.59780642038295,124.21974909967827,1048200
2025-12-26,123.36087799072266,124.33820678856453,122.60073504390358,124.10128019279453,1657600
2025-12-29,124.84169006347656,125.17734299888274,123.84461292787965,124.12103609364522,1983100
2025-12-30,125.79926300048828,126.79634001580985,125.73015910032304,125.8288778817362,1308700
2025-12-31,124.64424133300781,125.72028888800108,124.06178770049183,125.5031030430548,1457200
2026-01-02,127.30970764160156,127.74406431552241,123.98282323264932,124.7725886585899,2115600
2026-01-05,125.86837768554688,130.16271659669778,123.54845223063603,129.58025540069988,4808700
2026-01-06,123.93345642089844,126.28299667689068,123.62742592353996,125.9473512967892,3204000
2026-01-07,122.3736801147461,124.9305397414753,121.58392225226957,124.594886812808,2989600
2026-01-08,126.81610107421875,128.14881605527466,122.72907381954671,122.75868870377982,4722600
2026-01-09,125.77953338623047,127.9513768965319,125.31554678759748,127.21097467277993,2894600
2026-01-12,125.9078598022461,126.66800272750463,124.80218983374594,125.98683784251621,2700300
2026-01-13,128.08956909179688,129.67896627420507,126.92467696561347,127.32941868363993,6641800
2026-01-14,130.25155639648438,132.08775444039674,128.0994461859319,128.29689882184257,6113300
2026-01-15,128.61280822753906,129.94553832981364,126.86545466452907,128.65230478390777,4794800
2026-01-16,128.62266540527344,128.92871097236474,127.65521073448355,128.59305052192937,3312700
2026-01-20,128.09945678710938,130.73528700862232,127.45778085785986,129.9060400978475,2904300
2026-01-21,132.90713500976562,134.4175542844421,130.62669865637258,130.62669865637258,5399900
2026-01-22,132.80841064453125,133.57842773457105,131.89031913853051,132.7491808781469,4188300
2026-01-23,133.4895782470703,136.50055012516472,133.0157250696472,134.95063433117872,4935600
2026-01-26,133.06507873535156,134.80256556451644,131.85082332707586,134.6051279876172,3409600
2026-01-27,133.66726684570312,134.56562510136698,132.413530006458,133.20328027688865,2382200
2026-01-28,135.3455352783203,135.46399481620148,133.5883151699799,134.64461453097186,4802500
2026-01-29,137.19158935546875,140.5678214938369,136.72760278354042,138.99817248506872,9342400
2026-01-30,138.44534301757812,138.55393594139264,135.19743697300316,136.92504208417503,6656100
2026-02-02,134.02267456054688,135.78977637539398,133.13419788129266,133.54882133584613,6993900
2026-02-03,137.9912109375,138.12941873172528,133.19340456150846,133.87457692716154,7942600
2026-02-04,141.96966552734375,142.30531094275506,138.4256102600661,138.4256102600661,6676200
2026-02-05,139.6497344970703,141.17002039646746,137.37916472274452,140.18281745663202,4381400
2026-02-06,144.53639221191406,144.74369640256464,140.4000093071119,140.5974468908103,3533900
2026-02-09,144.61537170410156,145.1879512470175,143.03584089167668,143.5491906652431,2224800
2026-02-10,143.75648498535156,144.66470986788988,142.7791637311581,144.53638373095285,3661400
2026-02-11,147.1524658203125,147.30055529740667,144.83254798104957,145.91846216213395,3267600
2026-02-12,142.77915954589844,147.4190101404002,140.6961608345907,146.59962992980303,6406000
2026-02-13,145.99745178222656,146.48118667746286,142.3448036770486,142.43364833223816,4568200
2026-02-17,143.539306640625,147.58684486638273,141.13054403328798,146.00731407986217,2976000
2026-02-18,146.1553955078125,146.36269968570892,144.44753867178866,144.84241381489113,3942600
2026-02-19,149.42303466796875,150.17330346477428,147.16234660769243,147.61645151560697,4539600
2026-02-20,149.91664123535156,150.56819880040354,148.02121337080905,148.77148219317328,4062800
2026-02-23,147.57696533203125,151.92065201918118,146.37257660210392,149.80803843879596,3516600
2026-02-24,147.64605712890625,147.823761476493,145.44459897191172,147.60657564250928,2727100
2026-02-25,146.4910430908203,148.22851483555365,144.06251723997403,147.93236600552964,2443200
2026-02-26,147.8731231689453,149.2157197827271,143.74662207076872,144.7338250202106,3130800
2026-02-27,151.75283813476562,152.02925375469243,147.99159731892013,149.18610444856353,3549800
2026-03-02,157.51809692382812,158.9298049451746,153.98390863077256,158.3276105560097,9874500
2026-03-03,156.9553985595703,160.3809939163871,155.20804516352183,159.68993981766968,9494800
2026-03-04,158.71263122558594,159.26546249785295,153.65814160016805,154.62561139015773,5099200
2026-03-05,161.72360229492188,163.64864512750884,159.9466338865638,160.16381975111435,8733500
2026-03-06,162.02963256835938,165.27752379754128,161.32871181318663,163.60914832398785,10272700
2026-03-09,159.7491912841797,164.6160946789808,158.38684636995768,164.0336485439376,10482800
2026-03-10,156.96527099609375,160.22304378418875,155.70165240950882,158.3967122786368,9847500
2026-03-11,162.58245849609375,162.8786223978975,156.98501949973783,157.271301731251,6575000
2026-03-12,164.57659912109375,166.8175388179745,163.37221039971652,163.87567844677596,8954300
2026-03-13,165.7415008544922,166.38317673954327,162.5429579087179,163.42156792203718,4904300
2026-03-16,165.22816467285156,167.14334094222988,163.67826376414772,165.45523221323703,4656600
2026-03-17,167.9034881591797,169.25595144975114,166.1561346302325,166.77807734097286,4553700
2026-03-18,171.14149475097656,171.644962805357,168.37732362789157,168.37732362789157,5627500
2026-03-19,172.79998779296875,177.04496324631472,172.05958562308936,172.86909922598076,7139500
2026-03-20,174.85337829589844,177.39049705873225,172.77037950921556,173.35284068670683,6319800
2026-03-23,173.32598876953125,175.20922188386993,168.92518911959615,170.9372792447859,9620900
2026-03-24,178.64857482910156,180.70028988195418,174.8226561270245,174.8226561270245,4832100
2026-03-25,180.01638793945312,180.20471276117533,176.42835543821846,176.8248176030615,4400700
2026-03-26,183.6837158203125,185.53719972985016,180.79940616899773,180.79940616899773,4482700
2026-03-27,186.51846313476562,186.81581731867198,183.59451309515447,185.0118948180144,4496400
2026-03-30,183.84230041503906,188.67921730288901,182.97998691828576,188.41159703270083,6008700
2026-03-31,180.2245330810547,186.06252669683536,176.5274713661532,183.86212698605308,7389200
2026-04-01,173.30616760253906,178.88644722119642,171.53196394187376,175.83364027286333,7667900
2026-04-02,176.1508331298828,180.70030237042408,174.4063783889774,179.6893041645052,4688400
2026-04-06,177.47898864746094,177.51864393723423,174.67397429643765,175.48674137211145,2676700
2026-04-07,178.7476806640625,181.36437012528464,177.9051948308262,177.9051948308262,5214900
2026-04-08,170.174072265625,170.7489529931489,163.2259571076366,164.95059929020826,6721900
2026-04-09,166.27874755859375,172.59251354533185,165.12900134255693,171.12557040490648,5696300
2026-04-10,166.97259521484375,167.42852519210834,164.2567825004728,165.75344456575934,3574200
2026-04-13,167.2005615234375,170.04521614563393,165.98142598879076,169.25227668544966,2622100
2026-04-14,161.9770965576172,165.82284329968743,161.04539377997642,165.4759275423742,5553700
2026-04-15,162.80966186523438,164.19730964802312,160.1830660740504,161.3724676563967,2886800
2026-04-16,166.33824157714844,166.62567436930246,162.82948951641959,162.84931716127693,3164500
2026-04-17,158.280029296875,158.7458806704433,153.27461493929917,158.35932475663796,9203600
2026-04-20,159.68748474121094,160.68856153214918,158.1809013004212,159.6081892838997,2718900
2026-04-21,163.5431365966797,164.008987953274,159.63792230900603,159.93527649126693,4055100
2026-04-22,166.77435302734375,167.01223940647245,164.6631700183188,164.6631700183188,2419000
2026-04-23,168.0628662109375,168.71704236546054,165.92193431835017,167.72587187341767,5599700
2026-04-24,166.5662078857422,168.30075628506756,165.3173233588284,167.5573783996424,3480200
2026-04-27,167.98358154296875,170.3723062119476,167.26993753294965,167.97367528207437,2246300
2026-04-28,170.13441467285156,171.7004659182168,169.2324609888255,170.778684588941,3607300
2026-04-29,176.1508331298828,176.27969014238045,172.1960571508931,172.7610316296327,4993100
2026-04-30,176.63650512695312,176.95367182902618,171.35356443738016,172.6123401091908,2500700
2026-05-01,175.11009216308594,176.25985358430498,171.2445332242344,175.25877681400283,2787500
2026-05-04,179.41177368164062,179.4613352333649,174.44601472973497,175.66515025702924,4801700
2026-05-05,178.99546813964844,180.0659340417553,177.25101359032294,178.02412533227886,2969700
2026-05-06,167.8349151611328,172.44385228200343,167.5970287786382,170.40204331879517,6567500
2026-05-07,164.59378051757812,165.1983951631996,160.8075168487835,164.038727424692,5819600
2026-05-08,163.7017364501953,165.71381151555155,162.37357150416895,164.00899690982172,2849300
2026-05-11,167.1708221435547,167.78534302114736,165.3569782921428,166.21929179767596,2683300
2026-05-12,168.24130249023438,169.4009702732219,166.5563003769774,168.83599577368122,3147600
2026-05-13,166.8536376953125,169.09369269605378,165.24794633121843,168.40978263384736,3437700
2026-05-14,167.7258758544922,168.68731246451895,165.82283027948736,166.18955853054806,2238200
2026-05-15,172.592529296875,172.7312925661674,169.3414911671139,169.49016069704788,3155800
2026-05-18,174.65415954589844,176.2895848127182,169.91635066654723,171.44276169803643,3458100
2026-05-19,176.9833984375,177.55827913062024,173.91077902483,175.66513988459587,2184900
2026-05-20,173.18722534179688,178.34130915838531,171.73020342862972,176.2995002526034,6249300
2026-05-21,169.14324951171875,176.2202066841251,167.7357891355889,175.60568577845132,5523400
2026-05-22,170.4317626953125,170.92734794020964,167.96375785512407,168.3800476459503,2498300
2026-05-26,164.6334228515625,170.58044573423336,164.55412739823953,168.2214551510743,3568400
2026-05-27,161.91761779785156,164.10811131578535,160.5200637258511,161.4319387952527,3283300
2026-05-28,163.5034942626953,164.60369413563183,161.65991650599253,163.3250757060793,2868800
2026-05-29,162.54205322265625,163.4241943490336,160.46058915526362,162.82948600861818,3401100
2026-06-01,166.38778686523438,169.16306728787725,165.19838529097646,165.23804058041995,4246900
2026-06-02,167.35914611816406,168.4295969563041,165.32724355446808,165.5552085362885,2789500
2026-06-03,169.6190185546875,171.4824088767892,167.20056002857584,168.45935084321175,2902000
2026-06-04,169.50997924804688,170.21370181739525,167.02213167083804,167.77543091292063,4039800
2026-06-05,164.52439880371094,169.4505174604367,164.49466489826284,168.97474472514355,2357600
2026-06-08,166.9031982421875,169.13333184516918,166.32831754297595,166.61576545461244,3083700
2026-06-09,162.6015167236328,165.97149023253323,160.32182164452445,165.57502809880174,6145900
2026-06-10,166.50674438476562,169.0144046399187,163.94952257782228,164.06845820286915,3124300
2026-06-11,161.96717834472656,168.95493353734022,161.80858743171083,167.67631509673598,5713400
2026-06-12,163.880126953125,165.82282778905045,160.40112394039042,160.80750747544516,3664100
2026-06-15,156.96176147460938,159.01347655149775,156.1291818817869,156.1291818817869,6672200
2026-06-16,155.78225708007812,156.56529020137515,154.3946245062186,154.81091427837646,6052200
2026-06-17,154.3748016357422,156.64457537117676,153.71071923171496,155.0686179441243,5487200
2026-06-18,152.0059051513672,153.04663717835552,150.21188900556106,152.86821862775633,5548700
2026-06-22,154.28482055664062,154.4143091351206,151.25690036861383,152.8405821590799,2802000
2026-06-23,154.42425537109375,155.11151748301702,152.59156653809112,153.04974634543632,3534600
2026-06-24,152.4222412109375,153.2987511605213,149.77280173474205,151.4859719826437,3581500
2026-06-25,154.12545776367188,154.6732612879485,150.78875616171769,151.26684559305633,2508000
2026-06-26,154.06568908691406,155.45018336408478,152.99994643961844,153.1593146554612,2900000
2026-06-29,154.75294494628906,156.555754120137,154.3047351558157,154.4043440862271,2724000
2026-06-30,153.64735412597656,156.36652293008007,153.43819664762344,154.67326228640331,2486800
2026-07-01,153.13938903808594,155.2410098793167,152.36248798760153,153.48800510866795,2181600
2026-07-02,154.02584838867188,156.07766469036176,153.03977469107815,154.0656828419231,1988200
2026-07-06,153.3485565185547,154.72306553145614,153.0596997388556,153.29875205327667,1539200
2026-07-07,156.73504638671875,157.71115006757066,153.74696086729594,154.21509548119397,5146400
2026-07-08,161.34666442871094,162.5917000710142,158.07969211916233,159.97214021618768,6438900
2026-07-09,158.82672119140625,160.56977117499056,158.159368680427,160.18132064371937,3030400
2026-07-10,157.94024658203125,159.8625742924106,155.7888213738952,159.61356716734457,2841200
2026-07-13,164.53395080566406,165.43037037888905,160.8087987339251,161.008001394843,5595500
2026-07-14,165.19134521484375,166.28696752824288,162.78094268934782,165.53994609712032,2588700
2026-07-15,164.20526123046875,165.7092588134701,161.7550244017428,165.21124455706303,2051700
2026-07-16,165.77899169921875,167.43240271390786,164.8526772591573,164.9821658320514,1840600
2026-07-17,169.50413513183594,170.17148764965629,167.0738381820045,168.20931014645168,3346500
2026-07-20,169.36468505859375,171.37666695068114,168.0997397644213,168.3288220715108,3262900
2026-07-21,173.1396484375,173.17948289316334,170.1216830811895,170.2113220050744,2389100
2026-07-22,175.888671875,177.2631960895793,174.45438838121095,175.55998064115758,2752100
2026-07-23,174.96237182617188,179.78314617009266,174.57392131495075,179.3349363799435,3384100
2026-07-24,173.3587646484375,176.9046237009406,172.94043449936353,174.7332736530551,3622800
2026-07-27,168.40850830078125,171.45635321837077,168.12962152389002,169.23521381734793,3752300
2026-07-28,165.70925903320312,170.02206432318994,164.73315534484385,168.5579011915565,3811700
2026-07-29,171.35675048828125,171.8547647790726,169.52406154573472,170.2212785132046,5119900
2026-07-30,174.17550659179688,174.50419783503534,169.39458174008342,169.72325778513243,1872100
2026-07-31,176.69544982910156,176.7950587583818,172.79101993269913,174.77312211914105,2167800
2026-08-03,173.58786010742188,176.2074201422922,171.27708169954425,171.97429866751636,2916600
2026-08-04,171.26710510253906,172.5320656089223,168.04993716088626,170.69937673551303,3250600
2026-08-05,164.53395080566406,172.09380349418635,164.40446223688247,171.62566888202542,4195600
2026-08-06,166.38656616210938,168.28898426979998,164.7132303569514,167.75112036171066,2715400
2026-08-07,165.73915100097656,168.09974908983358,163.70725936820597,165.1913474360062,2403900
2026-08-10,175.23129272460938,175.56995397685725,168.38858155815663,168.9264454776043,3772200
2026-08-11,177.66160583496094,178.19946975760325,174.3249193445256,174.66356540059556,2906500
2026-08-12,177.8707733154297,178.50823095453234,176.19743751391715,177.14367675790376,2630500
2026-08-13,178.45843505859375,178.60784846132938,174.49424565001442,175.91855919398478,2521800
2026-08-14,179.773193359375,181.65568665752738,178.44847360168419,179.15564534113045,2051600
2026-08-17,182.62184143066406,182.7911644610386,179.24530524098483,180.66961877788265,2289600
2026-08-18,184.6138916015625,185.11190585978287,181.77520425043085,184.9425676375816,3917400
2026-08-19,185.58999633789062,187.0641142950359,184.62384745564424,185.66968044343756,3311100
2026-08-20,186.70555114746094,190.4805079132837,185.8589359875856,188.29920292798707,3663400
2026-08-21,188.78724670410156,189.90280902683227,186.74540031325913,187.35297834320158,2991600
2026-08-24,185.5003662109375,188.65777495171923,183.5780231692007,187.17368691216865,2954500
2026-08-25,182.00428771972656,184.2852015479743,181.8947239742886,182.41266306164889,3270300
2026-08-26,183.72743225097656,185.58004595414766,179.47438610479006,180.18155786134315,3420100
2026-08-27,184.73341369628906,185.41070580530277,181.0979156209652,183.50830285310877,1729100
2026-08-28,185.20155334472656,186.43661903539692,183.69754048849578,184.72346389021513,1585700
2026-08-31,188.20956420898438,190.4805081198738,184.91269689446787,189.01634491440697,2029500
2026-09-01,191.95462036132812,191.99445481549998,188.54820459753552,191.44665128014313,2822700
2026-09-02,192.39288330078125,194.05624919816677,190.39085613708443,190.54026954233086,1784100
2026-09-03,191.56617736816406,193.74748237587505,190.81915593802688,192.46259700505274,2282500
2026-09-04,189.95260620117188,190.84902579208955,187.45256488301385,190.29125225123508,1503600
2026-09-08,193.139892578125,195.0522654990521,191.93469139034954,193.0701632870934,2343100
2026-09-09,194.2355194091797,195.60008883879652,192.98052892468218,195.19171349131304,2237600
2026-09-10,194.69369506835938,197.44272829877073,191.82512808136386,197.41284865917194,5710000
2026-09-11,194.9427032470703,197.13396295252076,192.950646206081,193.15980368439898,2157800
2026-09-14,192.70164489746094,198.66786138681104,192.2235554486734,198.07023817718445,3794500
2026-09-15,198.90689086914062,200.09216723050258,193.7474704704933,193.96659795905714,3352400
2026-09-16,191.0382843017578,195.460653619828,189.90281233075518,195.13196236530226,7195300
2026-09-17,191.82513427734375,192.263389269867,188.49840257692026,189.04622131757432,3618900
2026-09-18,189.85299682617188,192.39287259209124,189.7932375466755,192.0243317048818,2722900
2026-09-21,184.75,188.94000244140625,184.30999755859375,187.57000732421875,3311800
2026-09-22,181.61000061035156,185.64999389648438,180.97999572753906,181.77000427246094,3915400
2026-09-23,182.64999389648438,185.07000732421875,181.89999389648438,183.13999938964844,5111800
2026-09-24,184.0500030517578,186.67999267578125,182.5399932861328,184.1199951171875,3609500
2026-09-25,181.5,182.25999450683594,179.69000244140625,181.4499969482422,4720000
2026-09-28,180.13999938964844,183.67999267578125,179.92999267578125,183.52999877929688,3551900
2026-09-29,178.6300048828125,179.69000244140625,176.47000122070312,177.44000244140625,3151300
2026-09-30,179.3300018310547,181.85000610351562,179.0500030517578,179.72999572753906,2096600
2026-10-01,184.3000030517578,184.55999755859375,178.42999267578125,178.97000122070312,3311700
2026-10-02,184.92999267578125,185.5,181.72000122070312,182.1699981689453,2265100
2026-10-05,187.44000244140625,189.08999633789062,182.3800048828125,184.67999267578125,2505200
2026-10-06,188.4600067138672,189.22000122070312,185.57000732421875,185.97999572753906,1717600
2026-10-07,188.24000549316406,191.2449951171875,186.47999572753906,189.52000427246094,1716666
