state,feature,best_bucket,n,hit,lift,lift_vs_state,era_min,lift_low,lift_high
all,q_logp,0.0,278122,0.0748520433478833,1.0193181,1.0193181,0.9650241136550903,1.0193181,1.0158836
all,q_roc5,1.0,278740,0.07594173782019085,1.0341187,1.0341187,1.0184904336929321,0.9873297,0.93538016
all,q_roc10,2.0,278734,0.07628419927242461,1.0388542,1.0388542,1.0249629020690918,0.9952861,0.922435
all,q_roc21,1.0,278740,0.07700724689674966,1.0486292,1.0486292,1.0376156568527222,0.9942568,0.9267244
all,q_roc42,1.0,278741,0.07663386441176576,1.0435457,1.0435457,1.0275721549987793,0.9816242,0.9360325
all,q_roc63,1.0,278741,0.07674866632465263,1.045109,1.045109,1.0236698389053345,0.9608636,0.93320733
all,q_roc126,2.0,278740,0.07671306593958528,1.0446885,1.0446885,1.0335392951965332,0.96943223,0.9373019
all,q_roc252,2.0,278739,0.0772801796662828,1.0524148,1.0524148,1.0328741073608398,0.9504343,0.93457216
all,q_acc10,2.0,278739,0.07670616598323163,1.0445977,1.0445977,1.0241386890411377,0.9711949,0.94656324
all,q_acc21,1.0,278741,0.07628587111332742,1.038807,1.038807,1.0265086889266968,0.9881853,0.93915415
all,q_acc63,2.0,278739,0.07581285718898324,1.0324326,1.0324326,0.9918870329856873,0.96424204,0.9600166
all,q_roc21_vs_63,1.0,278741,0.07699620794931496,1.0484799,1.0484799,1.037675142288208,0.99024177,0.9341822
all,q_roc63_vs_252,1.0,278741,0.07572621178800391,1.031186,1.031186,1.020978569984436,0.9621366,0.94880545
all,q_mar10,0.0,278119,0.08028218136840705,1.0932614,1.0932614,1.0474882125854492,1.0932614,0.86935246
all,q_mar21,0.0,278119,0.08171681905946734,1.1127979,1.1127979,1.0558210611343384,1.1127979,0.861949
all,q_mar63,0.0,278119,0.08276672934966688,1.1270953,1.1270953,1.0596199035644531,1.1270953,0.8779776
all,q_mar126,0.0,278118,0.08269511502311969,1.126118,1.126118,1.0362187623977661,1.126118,0.8989402
all,q_mar252,0.0,278119,0.08106961408605669,1.1039845,1.1039845,1.018690824508667,1.1039845,0.89484566
all,q_mrg10,0.0,278119,0.08312269208504273,1.1319427,1.1319427,1.0621932744979858,1.1319427,0.8624308
all,q_mrg21,0.0,278118,0.08349693295651486,1.1370445,1.1370445,1.0536375045776367,1.1370445,0.8659381
all,q_mrg63,0.0,278119,0.08293212617620516,1.1293477,1.1293477,1.042464017868042,1.1293477,0.8872943
all,q_mrg252,0.0,278120,0.08101179347044442,1.1031979,1.1031979,1.0243206024169922,1.1031979,0.9059593
all,q_vc10_63,0.0,278115,0.07574204915232907,1.0314382,1.0314382,1.0111466646194458,1.0314382,0.976063
all,q_vc21_126,0.0,278113,0.07641857805999719,1.0406485,1.0406485,1.023679256439209,1.0406485,0.9465244
all,q_vc63_252,0.0,278114,0.07743227597316209,1.0544473,1.0544473,1.0508441925048828,1.0544473,0.93990237
all,q_rc10_63,0.0,278119,0.07694907575534214,1.0478721,1.0478721,1.0244272947311401,1.0478721,0.9478306
all,q_rc21_252,0.0,278111,0.07771717048228945,1.0583405,1.0583405,1.052079200744629,1.0583405,0.8916654
all,q_rc63_252,1.0,278722,0.07826795157899269,1.0657831,1.0657831,1.049127221107483,1.0201963,0.9129675
all,q_vroc21,0.0,278113,0.07472502184363909,1.0175923,1.0175923,1.0118285417556763,1.0175923,0.9894743
all,q_vroc63,0.0,278111,0.07683622726177677,1.04633,1.04633,1.014470100402832,1.04633,0.9538727
all,q_rroc21,0.0,278119,0.07540297498552778,1.0268177,1.0268177,1.0217543840408325,1.0268177,0.96401364
all,q_rroc63,1.0,278726,0.07642989889712477,1.040774,1.040774,1.0313432216644287,1.0400723,0.9309663
all,q_vacc21,4.0,279344,0.07420241709147145,1.010409,1.010409,0.998836100101471,1.0049707,1.010409
all,q_racc21,1.0,278737,0.0741774504281814,1.0100992,1.0100992,1.0038682222366333,0.9927472,0.99488664
all,q_mar21_pct252,1.0,278349,0.07599093224692742,1.0347174,1.0347174,1.0070452690124512,1.0342622,0.93017876
all,q_mrg21_pct252,0.0,277667,0.07786665322130466,1.0623462,1.0623462,1.0570324659347534,1.0623462,0.8988628
all,q_asym63,4.0,279354,0.07425703587562733,1.0111756,1.0111756,1.0007561445236206,0.98795986,1.0111756
all,q_asym21,2.0,276723,0.07465949704216852,1.0169908,1.0169908,1.009385347366333,1.000715,0.9883617
all,q_dn21,0.0,278115,0.07527461661542886,1.0250747,1.0250747,0.992493212223053,1.0250747,0.9710872
all,q_dn63,3.0,278741,0.0746786443329112,1.0169209,1.0169209,0.9632190465927124,0.9780988,0.97844195
all,q_dn126,2.0,278736,0.0754549107399116,1.0275469,1.0275469,1.0049148797988892,0.98167604,0.9794213
all,q_rv5_63,0.0,278096,0.07478712387089351,1.0184213,1.0184213,0.9989910125732422,1.0184213,0.96716905
all,q_rv10_126,0.0,278111,0.07546267497509987,1.0276253,1.0276253,1.002476453781128,1.0276253,0.955338
all,q_rv21_252,0.0,278089,0.07550820061203428,1.028223,1.028223,1.0120164155960083,1.028223,0.9417345
all,q_rv63_252,1.0,278700,0.07495873699318263,1.0207094,1.0207094,0.9963251352310181,1.0200455,0.95694417
all,q_vlroc21,0.0,278120,0.07455414928807709,1.0152562,1.0152562,1.0037407875061035,1.0152562,0.9674239
all,q_vlroc63,1.0,278715,0.07551082647148522,1.0282644,1.0282644,1.0276142358779907,1.0130349,0.96284723
all,q_vlacc21,1.0,278735,0.07434301397384613,1.0123513,1.0123513,0.9991468191146851,0.99676263,0.9885559
all,q_udv21,0.0,278113,0.07474300014742209,1.017839,1.017839,0.9868308305740356,1.017839,0.97840595
all,q_udv63,2.0,278727,0.07512727507561162,1.0230919,1.0230919,1.0113552808761597,0.99467593,0.97184104
all,q_udv21_roc,0.0,278111,0.07477949451837576,1.0183517,1.0183517,1.011204481124878,1.0183517,0.9754908
all,q_ldv63,4.0,279361,0.07852563528910621,1.0693011,1.0693011,0.9722333550453186,0.94954914,1.0693011
all,q_vnoise21,0.0,278074,0.07444780885663528,1.0138497,1.0138497,0.992011547088623,1.0138497,0.99230194
all,q_vnoise_roc21,4.0,279266,0.07457406200539987,1.015513,1.015513,1.0095641613006592,1.0012624,1.015513
all,q_ddh63,3.0,275762,0.07605834016289409,1.0391096,1.0391096,0.9911519289016724,0.91464186,0.99512386
all,q_ddh252,3.0,277019,0.07749287954977817,1.0549994,1.0549994,1.0182230472564697,0.9081297,1.0138088
all,q_mdd21,1.0,278741,0.07697109503087095,1.0481379,1.0481379,1.0278291702270508,1.0471376,0.90542316
all,q_mdd63,1.0,278741,0.0779540864099648,1.0615236,1.0615236,1.029664158821106,1.0425351,0.883342
all,q_mdd126,0.0,278119,0.07954508681535602,1.0832238,1.0832238,1.0521447658538818,1.0832238,0.8845119
all,q_mdd63_rel,3.0,278300,0.07530722242184693,1.0255727,1.0255727,1.0226962566375732,1.0004089,0.959503
all,q_mdd63_mar,2.0,278739,0.07542898553844277,1.0272049,1.0272049,1.0127551555633545,0.9581706,0.986686
all,q_gp63,3.0,278741,0.07486519744135237,1.0194613,1.0194613,0.9475041031837463,0.97976357,0.96645087
all,q_gp21,1.0,278740,0.0748798163162804,1.0196593,1.0196593,1.0109474658966064,1.0186896,0.9628438
all,q_gp126,3.0,278741,0.07546431992423074,1.0276197,1.0276197,0.9479231834411621,0.9861288,0.97273886
all,q_mdd_roc,3.0,278741,0.07601680412999881,1.035143,1.035143,1.0176022052764893,0.98368067,0.9456371
all,q_er5,0.0,278548,0.07496374054023006,1.0209533,1.0209533,0.9894803762435913,1.0209533,0.9910577
all,q_er10,0.0,278118,0.07525942225961642,1.0248601,1.0248601,0.9934499859809875,1.0248601,0.97615004
all,q_er21,0.0,278119,0.07514768857934913,1.0233413,1.0233413,0.9913640022277832,1.0233413,0.97249514
all,q_er63,3.0,278741,0.0746786443329112,1.0169209,1.0169209,0.9609141945838928,0.9795677,0.9739575
all,q_er126,2.0,278739,0.07557966413024371,1.0292568,1.0292568,1.0107266902923584,0.9813304,0.97176397
all,q_er_min,0.0,278119,0.07428834419798719,1.0116389,1.0116389,0.9849918484687805,1.0116389,0.9730807
all,q_er_prod,1.0,278739,0.07554737586057207,1.0287375,1.0287375,1.0194635391235352,1.0039512,0.96245384
all,q_er_roc21,0.0,278119,0.07567623930763451,1.0305389,1.0305389,1.0210964679718018,1.0305389,0.9729826
all,q_er_roc63,0.0,278119,0.07563668789259274,1.0300003,1.0300003,1.0084394216537476,1.0300003,0.9656222
all,q_er63_126,0.0,278119,0.07527353399084565,1.0250549,1.0250549,0.9981804490089417,1.0250549,0.9764434
all,q_kt21,0.0,278199,0.07589890689758051,1.0338979,1.0338979,1.004622220993042,1.0338979,0.9752046
all,q_kt63,1.0,278762,0.07456898716467811,1.01545,1.01545,0.9757612943649292,0.98581856,0.9836156
all,q_kt126,2.0,278759,0.0753159539243576,1.025584,1.025584,1.0220826864242554,0.9794267,0.9842931
all,q_kt_roc,0.0,278156,0.07678425056443147,1.0456631,1.0456631,1.0262590646743774,1.0456631,0.99817777
all,q_hexp126,0.0,278119,0.07496790942006838,1.0208931,1.0208931,0.963809609413147,1.0208931,0.97195894
all,q_hexp252,3.0,278741,0.07452437926246946,1.0148202,1.0148202,0.988888680934906,0.9931306,0.99433255
all,q_hexp_roc,0.0,278119,0.07534904123774355,1.0260832,1.0260832,1.0001758337020874,1.0260832,0.9972572
all,q_hl_steps63,3.0,291861,0.07467595876119111,1.0164582,1.0164582,0.996131181716919,0.9828846,0.981042
all,q_hh_steps63,1.0,290994,0.07251008611861413,1.0060885,1.0060885,0.9847283363342285,1.0046462,0.9925266
all,q_hl_steps21,0.0,243853,0.07341308083148454,1.0162028,1.0162028,0.9989346861839294,1.0162028,0.98710287
all,q_nh_freq21,0.0,82042,0.08117793325369932,1.1047096,1.1047096,1.0337512493133545,1.1047096,0.9782762
all,q_nh_freq63,0.0,278145,0.07327113555879128,1.0202017,1.0202017,0.999869167804718,1.0202017,0.98692304
all,q_upfrac21,1.0,287206,0.07420457789879041,1.0058277,1.0058277,0.9932357668876648,1.0005529,0.99007946
all,q_upfrac63,2.0,278308,0.0745181597366946,1.0197246,1.0197246,1.0168650150299072,0.95859754,0.99078137
all,q_clv21,1.0,278752,0.07424161979106876,1.0109392,1.0109392,1.0037351846694946,1.0023867,0.9924021
all,q_clv63,2.0,278793,0.07460015136678468,1.0158937,1.0158937,1.005567193031311,0.9761711,1.0072526
all,q_ovn63,1.0,278741,0.0751665524626804,1.0235649,1.0235649,0.9713907837867737,1.0143319,0.9843887
all,q_ses63,3.0,278741,0.07493694863690666,1.0204383,1.0204383,1.0013538599014282,0.97300655,0.9912129
all,q_gapfreq63,3.0,280110,0.0773089143550748,1.0185071,1.0185071,1.010143756866455,0.9779806,1.0096434
all,q_rng63,0.0,278119,0.08152984873381539,1.1102518,1.1102518,1.0240826606750488,1.1102518,0.86881787
all,q_rng63_lag63,0.0,278119,0.0811199522506553,1.1046699,1.1046699,1.016607642173767,1.1046699,0.9179504
all,q_rng63_ratio,2.0,278739,0.07498771251959718,1.0211955,1.0211955,1.0050684213638306,1.0199628,0.9649885
all,q_base_tight,0.0,278112,0.07547319065700149,1.0277666,1.0277666,0.9497255682945251,1.0277666,0.97985464
all,q_bo_hold21,3.0,278741,0.07653341273798975,1.0421778,1.0421778,0.9984204173088074,0.892853,1.0253826
all,q_bo_gain21,1.0,278742,0.07671251551614038,1.0446179,1.0446179,1.0265086889266968,0.945489,0.94857013
all,q_bo_tight21,4.0,279361,0.07371107634923987,1.0037402,1.0037402,0.9827418327331543,1.0032661,1.0037402
all,q_bo_hold63,3.0,278741,0.07756662995397161,1.0562475,1.0562475,1.0290120840072632,0.9032333,1.0200695
all,q_bo_gain63,2.0,278739,0.07748108445535071,1.0551507,1.0551507,1.0427844524383545,0.9372631,0.94890296
all,q_bo_tight63,0.0,278119,0.07643131177661361,1.0408213,1.0408213,0.9715873599052429,1.0408213,0.9628438
all,q_bo_hold126,4.0,279361,0.07784909131911756,1.0600884,1.0600884,1.0033531188964844,0.90489805,1.0600884
all,q_bo_gain126,2.0,278738,0.07644095889329765,1.0409832,1.0409832,1.0194157361984253,0.93217087,0.95153517
all,q_bo_tight126,4.0,279361,0.07454870221684487,1.0151463,1.0151463,0.9780813455581665,0.97516096,1.0151463
all,q_tail63,4.0,279361,0.07509280107101564,1.0225555,1.0225555,0.9910597801208496,0.9944037,1.0225555
all,q_worst63,3.0,278741,0.0768132424006515,1.0459883,1.0459883,1.0375421047210693,0.9545962,1.0252364
all,q_best63,3.0,278740,0.0742340532395781,1.0108683,1.0108683,0.9989714622497559,1.0037558,1.0098332
all,q_jump_asym63,1.0,278741,0.07539256872867645,1.0266427,1.0266427,1.0143448114395142,1.0173677,0.9661584
all,q_med_uw63,0.0,278119,0.07639176036157184,1.0402827,1.0402827,0.991557240486145,1.0402827,0.90639806
all,q_med_uw63_mar,2.0,278739,0.07514197869691719,1.0232964,1.0232964,1.0128881931304932,1.000769,0.97736955
all,q_hi_frac63,4.0,279458,0.07611519441204045,1.0363404,1.0363404,0.9758148789405823,0.98362386,1.0363404
all,q_vov63,4.0,279334,0.07460244724952923,1.0158676,1.0158676,0.9968913793563843,0.98186576,1.0158676
all,q_co126,4.0,279226,0.07783659114838876,1.0608994,1.0608994,0.958749532699585,0.9879116,1.0608994
all,q_rel_dn126,3.0,278747,0.07733894893936079,1.0531554,1.0531554,1.0059247016906738,0.8910903,1.0295793
all,q_rel_up126,1.0,278744,0.07631733777229285,1.0392417,1.0392417,0.977292001247406,1.0292109,0.93120885
all,q_rel_dn126_mar,4.0,279359,0.07754538067504538,1.05595,1.05595,0.9485569000244141,0.9090137,1.05595
all,q_rs63,1.0,278741,0.07674866632465263,1.045109,1.045109,1.0236698389053345,0.9608636,0.93320733
all,q_rs_roc21,1.0,278741,0.07608855532555311,1.03612,1.03612,1.0177979469299316,0.99298376,0.94115263
all,q_kt_min,2.0,278735,0.07512870647747862,1.0230932,1.0230932,1.0035576820373535,0.9721442,0.98603344
all,q_er_min3,3.0,278741,0.07517014002245813,1.0236138,1.0236138,0.9571425914764404,0.9897032,0.97595596
all,q_roc_align,3.0,305511,0.07560775225769285,1.0235455,1.0235455,0.9866347312927246,0.9832265,0.9888174
all,q_pv_spread21,4.0,279354,0.07413532650328973,1.0095085,1.0095085,0.9998025894165039,0.99697804,1.0095085
all,q_pv_spread63,2.0,278720,0.07483137198622274,1.0190399,1.0190399,1.012403130531311,0.95936835,1.0076401
all,q_pr_spread21,3.0,278741,0.07470016969157749,1.0172141,1.0172141,1.0026110410690308,0.98490435,0.9983296
all,q_vv_spread21,3.0,278734,0.07418183644621754,1.0101552,1.0101552,0.99679034948349,1.0050083,0.9970298
all,q_vv_spread63,4.0,279344,0.07483604444699009,1.0190523,1.0190523,0.990403950214386,0.9749065,1.0190523
all,q_pvv21,0.0,278113,0.07384408495827235,1.0055959,1.0055959,0.9908738732337952,1.0055959,0.9919116
all,q_pvv63,2.0,278718,0.07492878106186181,1.0203723,1.0203723,1.0126127004623413,0.9679534,0.9985786
all,q_pv_ratio63,3.0,278725,0.0747833886447215,1.0183542,1.0183542,0.9661524891853333,0.98909,0.98667914
all,q_d_vc21_126,0.0,277500,0.0745009009009009,1.0143604,1.0143604,1.0060392618179321,1.0143604,0.98752034
all,q_d_rc21_252,0.0,277491,0.07486008555232422,1.019241,1.019241,1.013777732849121,1.019241,0.9725443
all,q_d_rv10_126,3.0,278104,0.07427437217731496,1.0111452,1.0111452,1.002102255821228,1.0021607,0.9800126
all,q_d_udv63,0.0,277501,0.07501954947910097,1.0214196,1.0214196,1.0030441284179688,1.0214196,0.96791255
all,q_d_er63,0.0,277515,0.07554546601084626,1.0285885,1.0285885,1.0074886083602905,1.0285885,0.95972943
all,q_d_kt63,0.0,277543,0.07693582616027066,1.0475081,1.0475081,1.0272237062454224,1.0475081,1.0003079
all,q_d_mdd63_rel,3.0,277433,0.07469551206958076,1.0150822,1.0150822,0.9985759258270264,0.98018354,1.0118304
all,q_d_gp63,1.0,278121,0.074769614664121,1.017901,1.017901,1.0165601968765259,1.0139189,0.97716486
all,q_d_dn63,0.0,277514,0.07576194354158709,1.0315379,1.0315379,1.0157697200775146,1.0315379,0.96252316
all,q_stair_b21,0.0,1246995,0.07399468321845717,1.0035701,1.0035701,1.000434398651123,1.0035701,0.96844834
all,q_stair_b63,0.0,1285559,0.07419807258943385,1.005962,1.005962,1.0039045810699463,1.005962,0.92487746
all,q_stair_b126,0.0,1298279,0.07405033894871596,1.0065665,1.0065665,1.003998875617981,1.0065665,0.90824306
all,q_stair_scales,0.0,1121177,0.0746706363045264,1.0096557,1.0096557,1.0085493326187134,1.0096557,0.81899333
all,q_age_trend,0.0,38494,0.08380526835350964,1.1073848,1.1073848,1.0983550548553467,1.1073848,0.94916224
all,q_age_comp,3.0,224439,0.07580233381898868,1.0290877,1.0290877,1.023830771446228,0.96305156,1.0040065
all,q_age_stair,1.0,67938,0.07598104153787277,1.0208956,1.0208956,1.0075522661209106,1.0208956,0.92644566
all,q_mem_y63,2.0,239754,0.07850129716292534,1.0195762,1.0195762,0.9703698754310608,1.0004613,0.99695927
all,q_mem_y21,3.0,278769,0.0742335051601864,1.0103858,1.0103858,0.9987853169441223,1.0047426,0.996739
all,q_mem_y63_long,4.0,265394,0.07743958039744682,1.0486109,1.0486109,1.0124478340148926,0.93658006,1.0486109
all,sq_roc21,1.0,278692,0.07656122170711753,1.0429499,1.0429499,1.013898253440857,0.9802685,0.9533505
all,sq_roc63,2.0,278683,0.0755912631915115,1.0292908,1.0292908,1.0036784410476685,0.9641537,0.96922684
all,sq_roc126,2.0,278680,0.07554184010334433,1.028611,1.028611,1.021782636642456,0.9659057,0.9842884
all,sq_er21,0.0,272023,0.07422534123952754,1.0107032,1.0107032,0.9756407737731934,1.0107032,0.9916617
all,sq_er63,3.0,278694,0.07418889534758552,1.0106295,1.0106295,0.9700896143913269,0.97300744,1.0023504
all,sq_kt63,3.0,278673,0.07446003021462431,1.0141847,1.0141847,0.9808425903320312,0.97439766,1.0120827
all,sq_vc21_126,0.0,272016,0.07570878183636257,1.0308849,1.0308849,1.0126601457595825,1.0308849,0.9651409
all,sq_vroc21,0.0,272015,0.07471646784184696,1.0173861,1.0173861,1.0147709846496582,1.0173861,0.9915531
all,sq_rc21_252,0.0,272007,0.07761932597322863,1.0569131,1.0569131,1.0443460941314697,1.0569131,0.93412006
all,sq_rv10_126,0.0,272018,0.07435537354145681,1.0124456,1.0124456,0.9997478723526001,1.0124456,0.97316957
all,sq_vlroc21,0.0,272026,0.07405174505378162,1.008346,1.008346,1.0031709671020508,1.008346,0.9812256
all,sq_mdd63,0.0,272022,0.07802310107270735,1.0624162,1.0624162,1.0268394947052002,1.0624162,0.8949048
all,sq_udv63,3.0,278675,0.07444155378128645,1.0140731,1.0140731,0.969944417476654,0.9880542,0.994577
all,sq_hexp126,0.0,272022,0.07499761048738705,1.021219,1.021219,0.9927569031715393,1.021219,0.9728067
all,sq_acc21,1.0,278693,0.07573925430491617,1.031754,1.031754,1.016539216041565,0.98918235,0.9519351
all,iq_roc21,2.0,254836,0.07515814092200473,1.0250503,1.0250503,1.007863163948059,1.0011351,0.9572139
all,iq_roc63,2.0,254838,0.07513793076385783,1.0247784,1.0247784,1.0127261877059937,0.9732486,0.970202
all,iq_roc126,1.0,251669,0.07482447182608903,1.023054,1.023054,1.010657787322998,0.9847231,0.9797274
all,iq_er21,0.0,197274,0.07448523373581921,1.0218588,1.0218588,0.9904371500015259,1.0218588,0.9828756
all,iq_er63,1.0,251669,0.07395428121858473,1.0111562,1.0111562,0.9841060638427734,0.9910515,0.9897693
all,iq_kt63,1.0,251701,0.07420709492612267,1.0146707,1.0146707,0.9964215159416199,0.9931292,0.9923669
all,iq_vc21_126,0.0,197271,0.07430387639338777,1.0193691,1.0193691,0.9926380515098572,1.0193691,0.9784983
all,iq_vroc21,0.0,197266,0.07370251335759836,1.0111281,1.0111281,1.0052061080932617,1.0111281,0.9909922
all,iq_rc21_252,0.0,197266,0.07663763649082964,1.0513599,1.0513599,1.0225493907928467,1.0513599,0.9626276
all,iq_rv10_126,1.0,251662,0.07361461007223975,1.0064502,1.0064502,0.9923626184463501,1.0063998,0.97858477
all,iq_vlroc21,3.0,251677,0.07356254246514382,1.005819,1.005819,0.9787021279335022,0.9972334,0.9845236
all,iq_mdd63,0.0,197273,0.07645749798502582,1.0489118,1.0489118,0.9590193033218384,1.0489118,0.94497204
all,iq_udv63,1.0,251655,0.07384713198625102,1.0097498,1.0097498,0.9873600006103516,1.0073202,0.98967403
all,iq_hexp126,0.0,197274,0.07402901548100611,1.0156,1.0156,0.9989933371543884,1.0156,0.97496635
all,iq_acc21,1.0,251668,0.07442742025207813,1.0176238,1.0176238,0.9989460706710815,0.9908398,0.9682144
all,q_age_hot,2.0,1114340,0.0746639266292155,1.0167452,1.0167452,1.0053911209106445,1.0167452,0.93320733
all,q_age_quiet,4.0,275766,0.08189914637772604,1.1167693,1.1167693,1.060076355934143,0.95933783,1.1167693
all,q_ind_d_roc63,1.0,251848,0.07479114386455323,1.0204679,1.0204679,0.9879843592643738,0.97859097,0.9755146
all,q_sec_d_roc63,2.0,277234,0.07500883729989828,1.0343405,1.0343405,0.9556176662445068,1.0095563,0.9750322
all,q_dq_roc63,1.0,277551,0.07555007908456464,1.0284954,1.0284954,1.0066108703613281,1.027277,0.9873703
all,q_dq_mar21,0.0,276938,0.07557287190634727,1.0289079,1.0289079,1.018136978149414,1.0289079,0.99110293
all,q_dq_er63,0.0,276941,0.07540956376990045,1.0266862,1.0266862,1.0162103176116943,1.0266862,0.9917066
all,q_dq_kt63,0.0,276938,0.07587618889426515,1.0330297,1.0330297,1.0108119249343872,1.0330297,0.9874231
all,q_dq_rs63,1.0,277551,0.07555007908456464,1.0284954,1.0284954,1.0066108703613281,1.027277,0.9873703
all,q_dq_vlroc21,1.0,277563,0.07448759380753199,1.0140133,1.0140133,1.0022536516189575,1.0002996,0.99460787
all,q_dq_mdd63,4.0,278200,0.07593098490294752,1.0336325,1.0336325,1.0308568477630615,1.0012676,1.0336325
all,q_tmpl_d40,0.0,279148,0.07497098313439465,1.020864,1.020864,0.9990972280502319,1.020864,0.9624693
all,q_tmpl_d80,2.0,278739,0.07569087928133487,1.0307714,1.0307714,1.0275099277496338,0.9941704,0.94842684
all,q_tmpl_d160,2.0,278739,0.07608192610291348,1.0360967,1.0360967,1.0170087814331055,0.94700086,0.9823342
all,q_tmpl_min,1.0,278742,0.07542458617646426,1.0270804,1.0270804,1.005372405052185,1.0120724,0.95620644
all,q_tmpl_mean,3.0,278741,0.07519525294090212,1.0239557,1.0239557,0.9623808860778809,0.9811951,0.9610993
in_stair63,q_logp,0.0,16443,0.07340509639360214,1.002511,1.0839393,0.9472048282623291,1.002511,0.91153014
in_stair63,q_roc5,1.0,17652,0.0660548379786993,0.96372366,1.0420015,0.8877996802330017,0.9180041,0.8586579
in_stair63,q_roc10,1.0,14482,0.06856787736500483,0.9901659,1.0705914,0.975421130657196,0.9434297,0.83632195
in_stair63,q_roc21,2.0,18345,0.0746252384846007,1.0865986,1.1748569,1.0605651140213013,0.8686474,0.8395565
in_stair63,q_roc42,1.0,2335,0.10235546038543897,1.3715386,1.4829409,1.0796103477478027,1.3715386,0.87240696
in_stair63,q_roc63,1.0,416,0.1466346153846154,1.7332776,1.8740618,1.4697095155715942,1.7332776,0.89280224
in_stair63,q_roc126,1.0,5267,0.07803303588380482,1.0936527,1.1824839,1.0028400421142578,0.81328136,0.88905865
in_stair63,q_roc252,2.0,17425,0.07437589670014347,1.0344721,1.1184964,0.9804717898368835,0.78651524,0.85596514
in_stair63,q_acc10,2.0,22881,0.06848476902233294,0.9865542,1.0666864,0.9760323166847229,0.8527628,0.870292
in_stair63,q_acc21,2.0,23216,0.06883184011026879,0.9937892,1.074509,0.9093326330184937,0.9232671,0.84718853
in_stair63,q_acc63,0.0,1255,0.08525896414342629,1.0978088,1.1869776,0.8217362761497498,1.0978088,0.8886738
in_stair63,q_roc21_vs_63,1.0,24073,0.06912308395297637,0.9993027,1.0804703,0.9912643432617188,0.93612826,0.82374245
in_stair63,q_roc63_vs_252,1.0,1936,0.09297520661157024,1.2643435,1.367039,1.1644465923309326,1.2643435,0.8936054
in_stair63,q_mar10,1.0,23212,0.06927451318283646,1.0022599,1.0836678,0.9600800275802612,0.97815025,0.77715385
in_stair63,q_mar21,0.0,27009,0.07253137842941242,1.0466344,1.1316466,1.0353456735610962,1.0466344,0.7722385
in_stair63,q_mar63,0.0,27539,0.07306002396601184,1.0491087,1.1343219,1.0195982456207275,1.0491087,0.7096776
in_stair63,q_mar126,0.0,26000,0.07092307692307692,1.028256,1.1117754,0.9685419797897339,1.028256,0.7807906
in_stair63,q_mar252,0.0,24714,0.07234765719834911,1.0360845,1.1202397,0.9756014347076416,1.0360845,0.75562304
in_stair63,q_mrg10,0.0,26893,0.07068753950842227,1.0208377,1.1037545,0.9956168532371521,1.0208377,0.7311742
in_stair63,q_mrg21,0.0,27337,0.07177086000658449,1.0300393,1.1137035,1.002670168876648,1.0300393,0.7292792
in_stair63,q_mrg63,0.0,26814,0.07029909748638771,1.0114614,1.0936166,0.9690415859222412,1.0114614,0.74952245
in_stair63,q_mrg252,0.0,24299,0.0712786534425285,1.0260983,1.1094424,0.9583755731582642,1.0260983,0.777664
in_stair63,q_vc10_63,1.0,21358,0.06742204326247776,0.9665529,1.0450605,0.9459704160690308,0.90221685,0.9382226
in_stair63,q_vc21_126,0.0,24409,0.06665574173460609,0.9550383,1.0326107,0.8642253279685974,0.9550383,0.8431844
in_stair63,q_vc63_252,0.0,27558,0.06930836780608172,0.99728054,1.0782839,0.9332351088523865,0.99728054,0.7759558
in_stair63,q_rc10_63,0.0,22167,0.06753281905535255,0.9744813,1.0536329,0.8869104385375977,0.9744813,0.8618619
in_stair63,q_rc21_252,0.0,27078,0.069318265750794,0.99591,1.0768021,0.879020094871521,0.99591,0.73158157
in_stair63,q_rc63_252,2.0,21361,0.06900426010018258,0.9882733,1.0685451,0.9603785276412964,0.9668816,0.7317272
in_stair63,q_vroc21,2.0,21480,0.06694599627560521,0.96838677,1.0470433,0.9386116862297058,0.8887164,0.9258835
in_stair63,q_vroc63,0.0,27076,0.06972964987442754,0.9957214,1.0765982,0.9434196949005127,0.9957214,0.83738637
in_stair63,q_rroc21,2.0,21438,0.06651739901110178,0.95974624,1.037701,0.8950912356376648,0.94295406,0.8768549
in_stair63,q_rroc63,0.0,27718,0.0698463092575222,1.0093163,1.0912974,0.9292473793029785,1.0093163,0.81476694
in_stair63,q_vacc21,3.0,22017,0.06617613662170141,0.95662683,1.0343282,0.94931560754776,0.85580325,0.93550295
in_stair63,q_racc21,2.0,21564,0.06543312928955666,0.9390236,1.0152951,0.8743409514427185,0.92462194,0.90916085
in_stair63,q_mar21_pct252,1.0,23271,0.06656353401228997,0.9610195,1.0390776,0.9116377830505371,0.9526684,0.8197099
in_stair63,q_mrg21_pct252,1.0,23149,0.06954944058058664,1.0057089,1.087397,0.9758312106132507,1.0006416,0.7420789
in_stair63,q_asym63,2.0,18204,0.06811689738519007,0.973199,1.0522465,0.9191747903823853,0.9342498,0.9464578
in_stair63,q_asym21,1.0,16488,0.06580543425521591,0.94547355,1.022269,0.8727133274078369,0.89869004,0.9055397
in_stair63,q_dn21,2.0,16518,0.07107397990071437,1.031764,1.1155684,1.0006182193756104,0.90466285,0.8820659
in_stair63,q_dn63,2.0,1329,0.08954100827689992,1.0318183,1.115627,0.8397387862205505,1.0318183,0.92920214
in_stair63,q_dn126,2.0,11532,0.071193201526188,1.0196972,1.1025214,0.9114547371864319,0.76392424,0.9064897
in_stair63,q_rv5_63,0.0,19735,0.06759564225994426,0.9723957,1.0513779,0.9195806384086609,0.9723957,0.8599956
in_stair63,q_rv10_126,2.0,20684,0.0668632759620963,0.9587977,1.0366753,0.9480559825897217,0.9562826,0.8626076
in_stair63,q_rv21_252,1.0,21174,0.06706337961651082,0.9645699,1.0429164,0.9110316634178162,0.94435817,0.8392186
in_stair63,q_rv63_252,2.0,22069,0.06515927318863564,0.9385728,1.0148077,0.8948025703430176,0.9221374,0.893449
in_stair63,q_vlroc21,0.0,20372,0.0676909483604948,0.9599955,1.0379704,0.8954260945320129,0.9599955,0.8567811
in_stair63,q_vlroc63,4.0,24170,0.06677699627637568,0.94341713,1.0200455,0.9305158257484436,0.9421012,0.94341713
in_stair63,q_vlacc21,0.0,21943,0.06776648589527412,0.96173084,1.0398468,0.9209719896316528,0.96173084,0.8898767
in_stair63,q_udv21,0.0,5566,0.0745598275242544,1.0684537,1.155238,1.029180645942688,1.0684537,0.8930309
in_stair63,q_udv63,1.0,3722,0.0800644814615798,1.1239778,1.2152721,1.0672227144241333,1.0838076,0.9165703
in_stair63,q_udv21_roc,0.0,21520,0.0675185873605948,0.9648002,1.0431654,0.930752158164978,0.9648002,0.88435495
in_stair63,q_ldv63,3.0,22817,0.06946574922207126,1.0103197,1.0923822,0.9813988208770752,0.8440466,0.93493676
in_stair63,q_vnoise21,3.0,21165,0.06609969288920388,0.94999087,1.0271533,0.9131127595901489,0.90239567,0.90466917
in_stair63,q_vnoise_roc21,4.0,21416,0.06681920059768398,0.96185523,1.0399812,0.9445425868034363,0.9361555,0.96185523
in_stair63,q_ddh63,3.0,30806,0.06459780562228137,0.96761954,1.0462137,0.9242613911628723,0.61661273,0.91885513
in_stair63,q_ddh252,3.0,26116,0.06616633481390718,0.971017,1.0498872,0.9153082966804504,0.7479056,0.9326995
in_stair63,q_mdd21,1.0,28040,0.06797432239657632,0.9918942,1.07246,0.951500415802002,0.95480865,0.71034586
in_stair63,q_mdd63,0.0,69943,0.06762649586091532,0.9730872,1.0521256,0.936292290687561,0.9730872,0.55262166
in_stair63,q_mdd126,0.0,37446,0.06860545852694547,0.9790497,1.0585723,0.9366593360900879,0.9790497,0.82975745
in_stair63,q_mdd63_rel,1.0,20819,0.06460444786012777,0.942609,1.0191718,0.7893218398094177,0.9301747,0.8097629
in_stair63,q_mdd63_mar,3.0,908,0.08700440528634361,1.0627198,1.1490386,0.7526645660400391,0.9170477,1.0627198
in_stair63,q_gp63,3.0,6013,0.07201064360552137,0.93543947,1.0114199,0.9245731234550476,0.93543947,0.92404664
in_stair63,q_gp21,2.0,15815,0.07315839392981346,1.0691825,1.1560261,1.0393221378326416,0.8999739,0.86652625
in_stair63,q_gp126,1.0,6325,0.0716205533596838,1.0061061,1.0878264,0.951233983039856,0.8000021,0.8961557
in_stair63,q_mdd_roc,3.0,8498,0.08437279359849377,1.162046,1.2564323,1.0518760681152344,0.88578224,0.9665863
in_stair63,q_er5,1.0,16746,0.06562761256419443,0.9610333,1.0390925,0.9337388277053833,0.93539804,0.9082654
in_stair63,q_er10,1.0,13690,0.06844411979547114,0.98817337,1.0684371,0.9585090279579163,0.97484833,0.88634545
in_stair63,q_er21,2.0,16167,0.07082328199418568,1.0280977,1.1116043,0.9916601777076721,0.9253809,0.8819377
in_stair63,q_er63,2.0,835,0.09101796407185629,0.9935569,1.0742579,0.8149904012680054,0.9935569,0.92929536
in_stair63,q_er126,2.0,11568,0.07079875518672199,1.0202104,1.1030762,0.93167644739151,0.7818532,0.8951745
in_stair63,q_er_min,1.0,7703,0.07075165519927301,1.0077553,1.0896095,0.9460163116455078,0.98556703,0.9044905
in_stair63,q_er_prod,1.0,5108,0.07850430696945968,1.072848,1.1599894,1.0609744787216187,0.905427,0.90564996
in_stair63,q_er_roc21,0.0,19221,0.06872691327194215,0.98940843,1.0697725,0.939329981803894,0.98940843,0.86414975
in_stair63,q_er_roc63,1.0,11561,0.06686272813770434,0.95554644,1.0331601,0.9331177473068237,0.9320958,0.91748315
in_stair63,q_er63_126,0.0,614,0.09283387622149837,1.1796433,1.2754589,1.2159372568130493,1.1796433,0.9297301
in_stair63,q_kt21,2.0,17298,0.06890970054341543,0.9978558,1.0789059,0.9650111198425293,0.9956595,0.8807334
in_stair63,q_kt63,1.0,517,0.10638297872340426,1.3054489,1.411483,1.1801505088806152,1.3054489,0.9241087
in_stair63,q_kt126,1.0,8164,0.06871631553160215,0.9667134,1.0452341,0.8255023956298828,0.88926125,0.9114598
in_stair63,q_kt_roc,0.0,2754,0.0784313725490196,0.9927782,1.0734159,0.9108119010925293,0.9927782,0.89857
in_stair63,q_hexp126,2.0,20367,0.06721657583345608,0.9586269,1.0364907,0.9172258973121643,0.9488272,0.9202577
in_stair63,q_hexp252,2.0,21242,0.06703700216552114,0.9658153,1.044263,0.9255784749984741,0.8604323,0.9135388
in_stair63,q_hexp_roc,1.0,15872,0.06848538306451613,0.97815776,1.057608,0.8657547235488892,0.9383704,0.95149136
in_stair63,q_hl_steps63,1.0,3661,0.06910680142037695,0.9729346,1.0519606,0.7394871115684509,0.8928347,0.9062423
in_stair63,q_hh_steps63,0.0,777,0.08236808236808237,1.0599787,1.1460748,0.7311925888061523,1.0599787,0.93013877
in_stair63,q_hl_steps21,1.0,13044,0.06823060410916897,1.025927,1.1092571,0.9519160985946655,0.98220354,0.88325936
in_stair63,q_nh_freq21,0.0,810,0.08024691358024691,1.0985976,1.1878304,0.8608375787734985,1.0985976,0.9004726
in_stair63,q_nh_freq63,1.0,2365,0.07230443974630021,0.9692799,1.0480089,0.9273290634155273,0.9692799,0.9304948
in_stair63,q_upfrac21,0.0,6348,0.07104599873976056,1.0133114,1.0956169,0.9444383978843689,1.0133114,0.895041
in_stair63,q_upfrac63,0.0,1954,0.0834186284544524,1.0987824,1.1880302,0.9494686722755432,1.0987824,0.9199588
in_stair63,q_clv21,1.0,14909,0.06727480045610035,0.9640972,1.0424054,0.9432059526443481,0.9506669,0.8841518
in_stair63,q_clv63,2.0,16973,0.06787250338773346,0.967166,1.0457234,0.9221704602241516,0.87783325,0.9097938
in_stair63,q_ovn63,4.0,44594,0.06684755796743956,0.96536684,1.0437781,0.9311655759811401,0.9184163,0.96536684
in_stair63,q_ses63,0.0,445,0.08089887640449438,1.0491025,1.1343151,0.7068179249763489,1.0491025,0.9111373
in_stair63,q_gapfreq63,2.0,26617,0.06706240372694143,0.9969712,1.0779495,0.9036962389945984,0.85306644,0.87252295
in_stair63,q_rng63,0.0,2685,0.07895716945996276,1.0518765,1.1373144,0.8420610427856445,1.0518765,0.83644605
in_stair63,q_rng63_lag63,1.0,22665,0.06834326053386279,1.0088328,1.0907745,0.9991068243980408,0.9859336,0.8371498
in_stair63,q_rng63_ratio,2.0,16402,0.0685891964394586,0.97920007,1.0587349,0.9402916431427002,0.81555945,0.9327705
in_stair63,q_base_tight,0.0,22144,0.06688041907514451,0.95177853,1.0290861,0.8997004628181458,0.95177853,0.896426
in_stair63,q_bo_hold21,4.0,59499,0.06605153027781979,0.9438171,1.020478,0.8906531929969788,0.48360214,0.9438171
in_stair63,q_bo_gain21,2.0,12105,0.07525815778603882,1.0730546,1.1602126,1.022510290145874,0.61394864,0.8668168
in_stair63,q_bo_tight21,4.0,35391,0.06419711226017914,0.9426417,1.0192071,0.9387483596801758,0.93090475,0.9426417
in_stair63,q_bo_hold63,1.0,13630,0.06786500366837858,0.9660094,1.0444728,0.8224563598632812,0.8507243,0.94266725
in_stair63,q_bo_gain63,2.0,6286,0.07683741648106904,1.0752158,1.1625495,0.9364477396011353,0.5908914,0.8930214
in_stair63,q_bo_tight63,1.0,22049,0.06744070025851513,0.96793604,1.046556,0.8953262567520142,0.94518155,0.92261213
in_stair63,q_bo_hold126,4.0,25010,0.06649340263894442,0.9748969,1.0540823,0.8621517419815063,0.86949235,0.9748969
in_stair63,q_bo_gain126,1.0,7459,0.07105510122000268,1.0088704,1.0908152,0.802879810333252,0.76320946,0.87578034
in_stair63,q_bo_tight126,2.0,21211,0.06784215737117533,0.9935876,1.0742911,0.9701786041259766,0.8789382,0.92504376
in_stair63,q_tail63,1.0,21168,0.06840513983371126,0.9812928,1.0609976,0.9655758738517761,0.86942005,0.95126003
in_stair63,q_worst63,3.0,12540,0.07232854864433812,1.0411682,1.1257364,1.0120859146118164,0.87739295,0.99513656
in_stair63,q_best63,4.0,43139,0.069241289784186,1.0000559,1.0812848,0.9981094598770142,0.8903471,1.0000559
in_stair63,q_jump_asym63,0.0,1643,0.0772976262933658,1.0378075,1.1221026,0.8937903046607971,1.0378075,0.94486105
in_stair63,q_med_uw63,0.0,67359,0.06606392612716934,0.9570019,1.0347338,0.9342319369316101,0.9570019,0.7832489
in_stair63,q_med_uw63_mar,4.0,2511,0.06849860613301474,0.9879518,1.0681975,0.9628610610961914,0.93872494,0.9879518
in_stair63,q_hi_frac63,4.0,68550,0.06687089715536106,0.96712375,1.0456777,0.9382026791572571,0.8992981,0.96712375
in_stair63,q_vov63,4.0,21647,0.06869312144869959,0.991562,1.072101,0.9180137515068054,0.8838918,0.991562
in_stair63,q_co126,2.0,21276,0.06876292536191013,0.97642356,1.0557328,0.9522854685783386,0.89221853,0.92374456
in_stair63,q_rel_dn126,3.0,26141,0.06759496576259516,0.9820006,1.0617629,0.8892817497253418,0.74632514,0.9391008
in_stair63,q_rel_up126,1.0,18939,0.07339352658535298,1.0422758,1.1269339,0.9063895344734192,1.0244137,0.85142326
in_stair63,q_rel_dn126_mar,4.0,34720,0.06854838709677419,0.9652558,1.043658,0.8550973534584045,0.77165437,0.9652558
in_stair63,q_rs63,1.0,416,0.1466346153846154,1.7332776,1.8740618,1.4697095155715942,1.7332776,0.89280224
in_stair63,q_rs_roc21,1.0,12767,0.07339233962559724,1.0325038,1.1163683,1.0134490728378296,0.90246844,0.8648606
in_stair63,q_kt_min,3.0,23713,0.06658794753932443,0.9596788,1.037628,0.9248398542404175,0.8821073,0.91095316
in_stair63,q_er_min3,2.0,8884,0.07035119315623593,0.99292654,1.0735763,0.9396468997001648,0.81709254,0.9046324
in_stair63,q_roc_align,3.0,15671,0.06757705315551017,0.9402401,1.0166104,0.84951251745224,0.86709964,0.92426527
in_stair63,q_pv_spread21,0.0,16670,0.06934613077384523,0.9763022,1.0556017,0.9133397936820984,0.9763022,0.8906136
in_stair63,q_pv_spread63,0.0,3825,0.07398692810457516,1.0349314,1.118993,0.9844356179237366,1.0349314,0.8980641
in_stair63,q_pr_spread21,0.0,11112,0.06794456443484521,0.97167337,1.0505968,0.9216864705085754,0.97167337,0.90099376
in_stair63,q_vv_spread21,2.0,21105,0.06605069888651978,0.9515588,1.0288485,0.9127979278564453,0.9468068,0.86022633
in_stair63,q_vv_spread63,4.0,28541,0.07074033846046039,0.99596816,1.076865,0.9181678891181946,0.893885,0.99596816
in_stair63,q_pvv21,0.0,17127,0.0705319086821977,0.9966608,1.077614,0.9365060925483704,0.9966608,0.8640909
in_stair63,q_pvv63,0.0,5451,0.07246376811594203,1.0294335,1.1130486,0.9791220426559448,1.0294335,0.91173136
in_stair63,q_pv_ratio63,4.0,85316,0.06447794083173145,0.93340003,1.0092148,0.926916778087616,0.90538603,0.93340003
in_stair63,q_d_vc21_126,3.0,22089,0.06577934718638236,0.9471592,1.0240915,0.934405505657196,0.89600337,0.91419446
in_stair63,q_d_rc21_252,1.0,21298,0.06554606066297305,0.9385965,1.0148333,0.9168686270713806,0.9371785,0.889544
in_stair63,q_d_rv10_126,0.0,20823,0.06723334774047927,0.95996714,1.0379398,0.937262773513794,0.95996714,0.8595349
in_stair63,q_d_udv63,0.0,9751,0.06912111578299661,0.9806623,1.0603158,0.9577019810676575,0.9806623,0.91323763
in_stair63,q_d_er63,1.0,11921,0.06819897659592317,0.9736502,1.0527343,0.9258886575698853,0.87040013,0.9130982
in_stair63,q_d_kt63,0.0,2846,0.07835558678847505,0.9864939,1.0666212,0.913652241230011,0.9864939,0.900078
in_stair63,q_d_mdd63_rel,0.0,46072,0.06611390866469873,0.9443855,1.0210925,0.9188815355300903,0.9443855,0.91505253
in_stair63,q_d_gp63,1.0,6911,0.06800752423672406,0.9997523,1.0809565,0.8865092992782593,0.9147069,0.91658556
in_stair63,q_d_dn63,1.0,12017,0.06732129483232088,0.96506786,1.0434549,0.9417523145675659,0.93664235,0.91855955
in_stair63,q_stair_b21,0.0,74623,0.06658804926095171,0.94512576,1.0218929,0.9261542558670044,0.94512576,0.8779356
in_stair63,q_stair_b126,0.0,73418,0.06689095317224658,0.9577206,1.0355108,0.9507645964622498,0.9577206,0.85463285
in_stair63,q_stair_scales,1.0,52130,0.06875119892576252,0.976372,1.0556772,0.9463129639625549,0.976372,0.81899333
in_stair63,q_age_trend,3.0,29121,0.0664812334741252,0.98837787,1.0686582,0.9347227811813354,0.74073017,0.9137139
in_stair63,q_age_comp,0.0,13445,0.07199702491632577,0.9896951,1.0700824,0.8406299948692322,0.9896951,0.9673976
in_stair63,q_age_stair,4.0,102489,0.0637043975451024,0.92644566,1.0016956,0.9112969636917114,0.882834,0.92644566
in_stair63,q_mem_y63,0.0,3912,0.0761758691206544,1.0068694,1.0886517,0.8826553225517273,1.0068694,0.89574355
in_stair63,q_mem_y21,0.0,6790,0.07128129602356406,1.0035762,1.085091,0.8629711270332336,1.0035762,0.8946185
in_stair63,q_mem_y63_long,4.0,29376,0.0642020697167756,0.94896644,1.0260456,0.8061886429786682,0.8493468,0.94896644
in_stair63,sq_roc21,1.0,9568,0.07378762541806021,1.045629,1.1305596,0.9861199855804443,0.97236425,0.8844949
in_stair63,sq_roc63,3.0,22811,0.0658454254526325,0.9426635,1.0192307,0.8212881088256836,0.8420574,0.9242285
in_stair63,sq_roc126,1.0,6399,0.07251132989529614,1.0004406,1.0817007,0.8779691457748413,0.9243242,0.9285963
in_stair63,sq_er21,0.0,2509,0.07174172977281786,1.0015229,1.082871,0.7952434420585632,1.0015229,0.9217844
in_stair63,sq_er63,4.0,90759,0.06482001784946947,0.9427171,1.0192887,0.9292452931404114,0.7860669,0.9427171
in_stair63,sq_kt63,4.0,82903,0.06471418404641568,0.94123495,1.0176861,0.9226003289222717,0.8129083,0.94123495
in_stair63,sq_vc21_126,0.0,23497,0.06698727497127292,0.96106505,1.0391269,0.877407968044281,0.96106505,0.8656051
in_stair63,sq_vroc21,2.0,21584,0.06620644922164566,0.96204257,1.0401838,0.9481661319732666,0.90329593,0.9235414
in_stair63,sq_rc21_252,0.0,25614,0.06961036932927306,1.0071234,1.0889262,0.946540892124176,1.0071234,0.7918388
in_stair63,sq_rv10_126,2.0,20737,0.06862130491392197,0.98199534,1.0617572,0.9707976579666138,0.9646604,0.88632697
in_stair63,sq_vlroc21,0.0,19965,0.06736789381417481,0.9534154,1.0308559,0.909274697303772,0.9534154,0.86140823
in_stair63,sq_mdd63,0.0,66807,0.06803179307557591,0.9897046,1.0700927,0.9549927711486816,0.9897046,0.60464054
in_stair63,sq_udv63,0.0,1447,0.0746371803731859,1.0082159,1.0901076,0.9174835681915283,1.0082159,0.9549623
in_stair63,sq_hexp126,0.0,10730,0.0690587138863001,0.969901,1.0486805,0.9324264526367188,0.969901,0.92581093
in_stair63,sq_acc21,1.0,22176,0.06579184704184704,0.9526991,1.0300815,0.9362183809280396,0.9229436,0.8555368
in_stair63,iq_roc21,0.0,2833,0.06953759265795977,0.9741926,1.0533208,0.7936127185821533,0.9741926,0.90163195
in_stair63,iq_roc63,3.0,19663,0.06702944616792961,0.96990496,1.0486848,0.8808891177177429,0.6187493,0.93096656
in_stair63,iq_roc126,2.0,13280,0.06468373493975904,0.9357428,1.0117478,0.8618619441986084,0.8316199,0.92686766
in_stair63,iq_er21,0.0,2739,0.06681270536692223,0.9505406,1.0277476,0.8555070757865906,0.9505406,0.92795277
in_stair63,iq_er63,4.0,76918,0.06556332717959386,0.95575976,1.0333906,0.9448158144950867,0.5743178,0.95575976
in_stair63,iq_kt63,4.0,71395,0.06409412423839204,0.9350248,1.0109715,0.9079140424728394,0.8319201,0.9350248
in_stair63,iq_vc21_126,1.0,20091,0.06530287193270619,0.94455,1.0212704,0.8983331322669983,0.93959403,0.90366215
in_stair63,iq_vroc21,1.0,19014,0.06474176922267803,0.93320644,1.0090055,0.9097421169281006,0.8800699,0.92140937
in_stair63,iq_rc21_252,0.0,17881,0.06996253005984006,1.0314815,1.1152629,0.9847825169563293,1.0314815,0.82401043
in_stair63,iq_rv10_126,2.0,19112,0.0662411050648807,0.95475256,1.0323017,0.9343470335006714,0.93096495,0.8808982
in_stair63,iq_vlroc21,1.0,18804,0.06658157838757711,0.95767266,1.0354589,0.9359054565429688,0.91199476,0.891058
in_stair63,iq_mdd63,0.0,45722,0.06642316609072219,0.9782152,1.0576701,0.9144894480705261,0.9782152,0.65836406
in_stair63,iq_udv63,0.0,1889,0.07093700370566437,1.0061404,1.0878634,0.9495396018028259,1.0061404,0.96393853
in_stair63,iq_hexp126,0.0,8338,0.06764212041256897,0.95352405,1.0309734,0.8896031379699707,0.95352405,0.91889507
in_stair63,iq_acc21,0.0,15563,0.06637537749791171,0.9584516,1.0363013,0.9158151149749756,0.9584516,0.90572923
in_stair63,q_age_hot,2.0,26592,0.07145006016847172,1.0227299,1.1058004,0.9356688857078552,1.0227299,0.89280224
in_stair63,q_age_quiet,4.0,27077,0.07364183624478339,1.057466,1.143358,1.037319302558899,0.87361205,1.057466
in_stair63,q_ind_d_roc63,1.0,16554,0.0681406306632838,0.98269844,1.0625174,0.9233378171920776,0.93891436,0.84619933
in_stair63,q_sec_d_roc63,0.0,16155,0.07161869390281647,1.0119655,1.0941617,0.9217804670333862,1.0119655,0.8980912
in_stair63,q_dq_roc63,0.0,1829,0.08747949699289229,1.1424663,1.2352624,0.975344717502594,1.1424663,0.891484
in_stair63,q_dq_mar21,1.0,21102,0.06482797839067388,0.9388935,1.0151545,0.8960005640983582,0.9256973,0.90202343
in_stair63,q_dq_er63,1.0,10012,0.06761885737115461,0.9738834,1.0529864,0.9496038556098938,0.85534877,0.9132797
in_stair63,q_dq_kt63,1.0,12985,0.06838659992298807,0.9718555,1.0507938,0.9031580090522766,0.91771513,0.8971127
in_stair63,q_dq_rs63,0.0,1829,0.08747949699289229,1.1424663,1.2352624,0.975344717502594,1.1424663,0.891484
in_stair63,q_dq_vlroc21,0.0,20911,0.06699823059633686,0.95082444,1.0280545,0.9217036962509155,0.95082444,0.90004575
in_stair63,q_dq_mdd63,1.0,24160,0.06783940397350993,0.9531784,1.0305997,0.9135545492172241,0.94531435,0.8163754
in_stair63,q_tmpl_d40,0.0,1979,0.07377463365336029,1.0054228,1.0870876,0.686553418636322,1.0054228,0.8900396
in_stair63,q_tmpl_d80,2.0,11581,0.07745445125636818,1.1160417,1.2066914,1.0897413492202759,0.89740545,0.85755455
in_stair63,q_tmpl_d160,2.0,9864,0.0730940794809408,1.0073023,1.0891197,0.9647223949432373,0.90136075,0.913033
in_stair63,q_tmpl_min,1.0,3170,0.08927444794952681,1.1518825,1.2454433,1.027198314666748,0.97079676,0.8837188
in_stair63,q_tmpl_mean,2.0,7636,0.07569408067050812,1.0527697,1.1382802,0.9920686483383179,0.92064357,0.8994269
in_stair21,q_logp,4.0,34342,0.06982703395259449,1.020469,1.0537153,0.9064133167266846,0.9999054,1.020469
in_stair21,q_roc5,3.0,38950,0.07116816431322208,1.0144305,1.0474801,0.9951032996177673,0.99729645,0.9077671
in_stair21,q_roc10,1.0,9183,0.08254383099205052,1.1059946,1.1420273,1.0305746793746948,1.0127604,0.90321654
in_stair21,q_roc21,1.0,1219,0.11648892534864644,1.3239602,1.3670942,1.1458781957626343,1.3239602,0.9214345
in_stair21,q_roc42,0.0,3257,0.08013509364445809,1.0429484,1.0769271,0.9411842823028564,1.0429484,0.9246464
in_stair21,q_roc63,1.0,12799,0.07594343308070943,1.0348612,1.0685765,1.015385627746582,0.92735857,0.923968
in_stair21,q_roc126,2.0,26312,0.07392064457281848,1.0378871,1.0717009,0.9961691498756409,0.8338646,0.9140517
in_stair21,q_roc252,3.0,35089,0.07264384849952976,1.0396279,1.0734985,0.9743531346321106,0.81860846,0.9296414
in_stair21,q_acc10,1.0,29905,0.07293094800200635,1.0294755,1.0630152,1.0067330598831177,0.97577286,0.89327806
in_stair21,q_acc21,0.0,3061,0.0833061091146684,1.0729017,1.1078563,0.9264042973518372,1.0729017,0.9299618
in_stair21,q_acc63,1.0,18546,0.07370861641324275,1.0199277,1.0531565,0.9165359139442444,0.9875337,0.92967516
in_stair21,q_roc21_vs_63,1.0,6198,0.09228783478541465,1.1966798,1.235667,1.0536980628967285,1.1826342,0.92278945
in_stair21,q_roc63_vs_252,1.0,15892,0.07695695947646615,1.0709577,1.1058489,0.9740130305290222,0.96811384,0.89842117
in_stair21,q_mar10,0.0,35100,0.07632478632478633,1.075094,1.1101199,0.976410984992981,1.075094,0.8199831
in_stair21,q_mar21,0.0,34255,0.0764559918260108,1.0847617,1.1201028,1.009956955909729,1.0847617,0.8108915
in_stair21,q_mar63,0.0,32124,0.07551986054040592,1.076758,1.1118382,0.9934567213058472,1.076758,0.8486754
in_stair21,q_mar126,0.0,31234,0.07667925978100787,1.1087276,1.1448493,1.0307350158691406,1.1087276,0.87533844
in_stair21,q_mar252,0.0,30414,0.0754586703491813,1.0938461,1.129483,1.0345916748046875,1.0938461,0.86271703
in_stair21,q_mrg10,0.0,34033,0.07895278112420298,1.1344334,1.1713927,1.0276349782943726,1.1344334,0.81105536
in_stair21,q_mrg21,0.0,33156,0.07678851489926408,1.1040033,1.1399711,1.0000413656234741,1.1040033,0.8156453
in_stair21,q_mrg63,0.0,31635,0.07627627627627627,1.1012694,1.1371481,1.0127655267715454,1.1012694,0.8538286
in_stair21,q_mrg252,0.0,30324,0.07508903838543728,1.0985581,1.1343485,0.9690096378326416,1.0985581,0.8737376
in_stair21,q_vc10_63,0.0,33845,0.07283202836460334,1.0181186,1.0512884,0.9679850339889526,1.0181186,0.9028494
in_stair21,q_vc21_126,0.0,34104,0.07298264133239503,1.0154035,1.0484848,0.9417998194694519,1.0154035,0.87970144
in_stair21,q_vc63_252,0.0,32467,0.07327440170018788,1.0201663,1.0534028,0.9565333127975464,1.0201663,0.92930675
in_stair21,q_rc10_63,0.0,33693,0.07704864511916422,1.0807142,1.1159233,0.9629530310630798,1.0807142,0.8678024
in_stair21,q_rc21_252,0.0,33310,0.07781447012909036,1.0753083,1.1103413,1.0213844776153564,1.0753083,0.8365281
in_stair21,q_rc63_252,1.0,31140,0.07382787411689146,1.0380558,1.0718751,1.0068773031234741,0.98966503,0.8469977
in_stair21,q_vroc21,1.0,30586,0.07009743019682207,0.9902188,1.0224797,0.965190052986145,0.98497903,0.94689906
in_stair21,q_vroc63,0.0,32229,0.071395327189798,0.9902544,1.0225164,0.9071298837661743,0.9902544,0.95170844
in_stair21,q_rroc21,0.0,32014,0.0741550571624914,1.0307571,1.0643386,0.9662894010543823,1.0307571,0.89530355
in_stair21,q_rroc63,1.0,30723,0.07150994369039482,1.0070561,1.0398655,0.9302406907081604,0.982971,0.92360055
in_stair21,q_vacc21,0.0,31234,0.07050009604917717,0.9906583,1.0229334,0.957012414932251,0.9906583,0.9778181
in_stair21,q_racc21,0.0,30448,0.07031660535995796,0.9818296,1.0138171,0.9660232663154602,0.9818296,0.94968385
in_stair21,q_mar21_pct252,0.0,34399,0.07322887293235268,1.0172036,1.0503435,0.9626525044441223,1.0172036,0.8757877
in_stair21,q_mrg21_pct252,0.0,33368,0.07893790457923759,1.0881785,1.1236308,1.038076639175415,1.0881785,0.8507562
in_stair21,q_asym63,0.0,17989,0.07159931068986602,0.9937981,1.0261755,0.9440308213233948,0.9937981,0.95373285
in_stair21,q_asym21,4.0,58723,0.0688827205694532,0.9789091,1.0108014,0.9697461724281311,0.95113647,0.9789091
in_stair21,q_dn21,2.0,4831,0.08900848685572345,1.0166299,1.0497512,0.9079220294952393,0.9695301,0.9649942
in_stair21,q_dn63,3.0,36253,0.07000799933798582,0.99357957,1.0259498,0.9667969346046448,0.96130073,0.95360446
in_stair21,q_dn126,3.0,35309,0.07111501316944688,1.0051954,1.0379441,0.8805153369903564,0.8447235,0.9495086
in_stair21,q_rv5_63,0.0,23792,0.07300773369199731,1.0301069,1.0636673,0.9904487133026123,1.0301069,0.8944834
in_stair21,q_rv10_126,1.0,26984,0.07333975689297362,1.0325083,1.0661469,1.0038371086120605,0.9948034,0.89323276
in_stair21,q_rv21_252,0.0,24822,0.07098541616308114,1.0022823,1.0349361,0.9704593420028687,1.0022823,0.9032351
in_stair21,q_rv63_252,1.0,29600,0.07185810810810811,1.0094949,1.0423837,0.9373881816864014,0.95694196,0.94892794
in_stair21,q_vlroc21,1.0,26739,0.07120685141553536,1.0041739,1.0368893,0.9866495728492737,0.99984956,0.90270114
in_stair21,q_vlroc63,1.0,29510,0.07058624195188072,0.99451673,1.0269176,0.9527081251144409,0.93003374,0.95925593
in_stair21,q_vlacc21,1.0,27461,0.0733767889006227,1.0337256,1.0674039,0.9700738787651062,0.96251315,0.93409705
in_stair21,q_udv21,0.0,1445,0.08442906574394464,1.0588952,1.0933934,1.0113506317138672,1.0588952,0.9736006
in_stair21,q_udv63,2.0,25507,0.0725683145803113,1.0212,1.0544701,0.9882297515869141,0.9644103,0.94149107
in_stair21,q_udv21_roc,2.0,22867,0.07233130712380285,1.0108515,1.0437845,0.9704498648643494,0.92671645,0.96918535
in_stair21,q_ldv63,4.0,31316,0.07386000766381402,1.0705446,1.1054224,0.9202316999435425,0.88266236,1.0705446
in_stair21,q_vnoise21,2.0,29264,0.07100874794969929,0.9976181,1.0301199,0.9537749290466309,0.9818573,0.9561489
in_stair21,q_vnoise_roc21,0.0,29040,0.07004132231404958,0.98691946,1.0190728,0.9542223811149597,0.98691946,0.97351897
in_stair21,q_ddh63,1.0,7487,0.0754641378389208,0.98531115,1.0174121,0.9318233728408813,0.90074694,0.97582924
in_stair21,q_ddh252,3.0,27531,0.07304493116850096,1.0327357,1.0663817,0.9952412843704224,0.79029775,0.9827024
in_stair21,q_mdd21,0.0,90389,0.07147993671796347,1.0253328,1.0587376,0.9780951142311096,1.0253328,0.887776
in_stair21,q_mdd63,1.0,32267,0.07208603216908917,1.0321307,1.065757,1.0167176723480225,0.96358484,0.89362913
in_stair21,q_mdd126,0.0,33991,0.07387249566061604,1.0620084,1.096608,0.9453548789024353,1.0620084,0.8612433
in_stair21,q_mdd63_rel,3.0,24258,0.0732954077005524,1.0328681,1.0665184,0.9133532643318176,0.943759,1.0085354
in_stair21,q_mdd63_mar,4.0,20154,0.07427805894611492,1.0242784,1.0576489,0.9471402168273926,0.91851044,1.0242784
in_stair21,q_gp63,2.0,25447,0.07057806421189138,0.99444485,1.0268433,0.9714288711547852,0.9694649,0.9437998
in_stair21,q_gp21,2.0,1737,0.09038572251007485,1.0674281,1.1022043,0.9828588962554932,1.0674281,0.9608781
in_stair21,q_gp126,3.0,36836,0.07373221848191987,1.041657,1.0755936,0.9322925209999084,0.86633134,0.92675406
in_stair21,q_mdd_roc,3.0,25912,0.07398116702686014,1.0439949,1.0780077,1.0270968675613403,0.8915972,1.0282351
in_stair21,q_er5,0.0,7477,0.07783870536311355,1.0392746,1.0731336,1.0005459785461426,1.0392746,0.967531
in_stair21,q_er10,2.0,18312,0.07475972040192223,1.0155255,1.0486107,0.9220824241638184,0.97160804,0.95908505
in_stair21,q_er21,4.0,122718,0.06720285532684692,0.974472,1.0062197,0.9459350109100342,0.8954649,0.974472
in_stair21,q_er63,3.0,35900,0.07008356545961003,0.9880966,1.0202882,0.9510917663574219,0.9462951,0.9523067
in_stair21,q_er126,3.0,35190,0.07269110542767832,1.0278248,1.0613108,0.8755523562431335,0.832758,0.939662
in_stair21,q_er_min,3.0,33578,0.07299422240752874,1.0212177,1.0544884,0.9169021844863892,0.8318576,0.9556161
in_stair21,q_er_prod,0.0,685,0.09781021897810219,1.0763838,1.1114519,0.903246283531189,1.0763838,0.95759374
in_stair21,q_er_roc21,2.0,16959,0.07182027242172298,0.98514,1.0172354,0.9105798602104187,0.9236584,0.9698908
in_stair21,q_er_roc63,1.0,8313,0.08023577529171178,1.0592831,1.093794,0.8964119553565979,1.0363386,0.9488445
in_stair21,q_er63_126,0.0,10496,0.08107850609756098,1.1027659,1.1386935,0.9089876413345337,1.1027659,0.9392201
in_stair21,q_kt21,4.0,109176,0.06795449549351505,0.98203534,1.0140295,0.9593697786331177,0.8279798,0.98203534
in_stair21,q_kt63,1.0,20884,0.07029304730894465,0.9861264,1.0182539,0.9296934604644775,0.97075266,0.9663953
in_stair21,q_kt126,2.0,29896,0.07154803318169654,1.0004518,1.033046,0.979712188243866,0.92112887,0.9556732
in_stair21,q_kt_roc,0.0,6348,0.08097038437303088,1.0675303,1.1023098,1.009313941001892,1.0675303,0.97319347
in_stair21,q_hexp126,2.0,28329,0.07038723569487099,0.9944193,1.026817,0.9404706358909607,0.99185693,0.94275165
in_stair21,q_hexp252,2.0,28886,0.07055320916707056,0.99729043,1.0297816,0.9531621932983398,0.97237647,0.96905255
in_stair21,q_hexp_roc,4.0,43875,0.07117948717948717,1.0022359,1.0348881,0.9416751265525818,0.95461935,1.0022359
in_stair21,q_hl_steps63,1.0,18432,0.07264539930555555,1.0004003,1.0329928,0.9405055642127991,0.9338872,0.9578874
in_stair21,q_hh_steps63,1.0,18979,0.0710785605142526,0.9977316,1.0302372,0.9762688875198364,0.944649,0.9960359
in_stair21,q_hl_steps21,4.0,80747,0.07045462989337065,0.987195,1.0193573,0.9675637483596802,0.95209396,0.987195
in_stair21,q_nh_freq21,0.0,3471,0.07116104868913857,1.0123546,1.0453366,0.8105525374412537,1.0123546,0.95388967
in_stair21,q_nh_freq63,1.0,20538,0.07371701236731912,0.9837261,1.0157753,0.9018656611442566,0.9587429,0.9712148
in_stair21,q_upfrac21,4.0,79381,0.06871921492548595,0.98702276,1.0191795,0.9579435586929321,0.8913257,0.98702276
in_stair21,q_upfrac63,3.0,35505,0.07122940430925222,1.0110494,1.0439888,0.9489453434944153,0.8751534,0.95588386
in_stair21,q_clv21,2.0,24016,0.07153564290473018,1.0010505,1.0336642,0.9769068360328674,0.90876293,0.96211773
in_stair21,q_clv63,0.0,14039,0.07343827907970653,1.0137706,1.0467987,0.954102098941803,1.0137706,0.960038
in_stair21,q_ovn63,4.0,42948,0.07036416131135327,1.0001523,1.0327368,0.9932578802108765,0.93134266,1.0001523
in_stair21,q_ses63,0.0,8102,0.0805973833621328,1.0936413,1.1292715,1.0114492177963257,1.0936413,0.92367774
in_stair21,q_gapfreq63,4.0,28616,0.0675146771037182,0.98404276,1.0161023,0.9132147431373596,0.92640215,0.98404276
in_stair21,q_rng63,1.0,24721,0.07799037255774442,1.1004893,1.1363426,1.0077511072158813,1.084756,0.8701973
in_stair21,q_rng63_lag63,0.0,29965,0.07608877023193726,1.0958768,1.1315799,0.9872004389762878,1.0958768,0.86476505
in_stair21,q_rng63_ratio,2.0,28810,0.07191947240541478,1.0063071,1.0390921,0.9927796721458435,0.88928896,0.9744486
in_stair21,q_base_tight,0.0,29428,0.0728897648498029,1.0290998,1.0626273,0.9033383727073669,1.0290998,0.91233885
in_stair21,q_bo_hold21,4.0,56587,0.06906179864633219,0.99639904,1.0288612,0.9670290350914001,0.9089335,0.99639904
in_stair21,q_bo_gain21,1.0,4629,0.08252322315834953,1.0630403,1.0976735,1.0452171564102173,0.93692976,0.9296726
in_stair21,q_bo_tight21,4.0,28543,0.07178642749535788,1.0041513,1.0368661,0.929110586643219,0.94242465,1.0041513
in_stair21,q_bo_hold63,4.0,32572,0.06956895493061525,0.9946198,1.027024,0.9421303868293762,0.86361206,0.9946198
in_stair21,q_bo_gain63,2.0,22799,0.07596824422123777,1.0447234,1.0787599,1.02213454246521,0.7426973,0.9279697
in_stair21,q_bo_tight63,0.0,29568,0.07369453463203464,1.0427588,1.0767313,0.9486169219017029,1.0427588,0.9103357
in_stair21,q_bo_hold126,4.0,30513,0.07472224953298594,1.076837,1.1119198,0.8894546031951904,0.8498636,1.076837
in_stair21,q_bo_gain126,2.0,25729,0.07299156593726923,1.0318452,1.0654622,1.0105756521224976,0.81259704,0.9482255
in_stair21,q_bo_tight126,4.0,30179,0.06955167500579873,1.0017054,1.0343405,0.993840217590332,0.9568566,1.0017054
in_stair21,q_tail63,4.0,31586,0.0718356233774457,1.018143,1.0513136,0.9948084354400635,0.94994104,1.018143
in_stair21,q_worst63,3.0,25554,0.07556546920247319,1.0725075,1.1074492,0.9777249693870544,0.91100454,0.9756576
in_stair21,q_best63,4.0,43627,0.0709193847846517,1.0007107,1.0333134,0.9866584539413452,0.999601,1.0007107
in_stair21,q_jump_asym63,0.0,17923,0.07203035206159683,1.0100284,1.0429345,0.9469351172447205,1.0100284,0.97959524
in_stair21,q_med_uw63,3.0,24590,0.07100447336315575,0.9968374,1.0293138,0.9860458970069885,0.9951588,0.87446994
in_stair21,q_med_uw63_mar,3.0,24114,0.07352575267479472,1.0148864,1.0479509,0.9625458121299744,0.9882601,0.92797196
in_stair21,q_hi_frac63,4.0,46214,0.07045484052451638,1.0116972,1.0446577,0.928141176700592,0.9281492,1.0116972
in_stair21,q_vov63,4.0,29617,0.07006111354965054,0.9848207,1.0169057,0.9380024671554565,0.9780581,0.9848207
in_stair21,q_co126,4.0,31147,0.07169229781359361,1.0249045,1.0582954,0.8168416023254395,0.96175116,1.0249045
in_stair21,q_rel_dn126,3.0,32570,0.07396377034080442,1.0656118,1.1003289,0.9815583825111389,0.85509115,0.9713198
in_stair21,q_rel_up126,1.0,27422,0.07293414047115455,1.0339564,1.0676422,1.0032353401184082,0.9946678,0.915163
in_stair21,q_rel_dn126_mar,3.0,33382,0.07291354622251513,1.0434357,1.0774302,0.9723616242408752,0.8606363,1.0033603
in_stair21,q_rs63,1.0,12799,0.07594343308070943,1.0348612,1.0685765,1.015385627746582,0.92735857,0.923968
in_stair21,q_rs_roc21,1.0,9307,0.08219619641130332,1.0884703,1.1239321,0.9324795007705688,0.99526787,0.9116502
in_stair21,q_kt_min,3.0,34413,0.07145555458692936,1.0137848,1.0468134,0.946228563785553,0.8462314,0.9617352
in_stair21,q_er_min3,3.0,37003,0.0709131692024971,1.0151076,1.0481793,0.9073799848556519,0.81476146,0.9603838
in_stair21,q_roc_align,3.0,25390,0.07380858605750296,1.0046773,1.0374092,0.9115111827850342,0.89205235,0.9776804
in_stair21,q_pv_spread21,1.0,22591,0.07126731884378736,0.99478537,1.027195,0.9224098324775696,0.948038,0.97762907
in_stair21,q_pv_spread63,1.0,21280,0.0718515037593985,1.0149531,1.0480198,0.9186615943908691,0.9902949,0.9382632
in_stair21,q_pr_spread21,1.0,16989,0.07086938607334158,0.9836507,1.0156975,0.9508931636810303,0.8709921,0.97561026
in_stair21,q_vv_spread21,2.0,28786,0.06965191412492183,0.98405683,1.0161169,0.9384320378303528,0.9615437,0.9471519
in_stair21,q_vv_spread63,4.0,32512,0.07206569881889764,1.0030946,1.0357748,0.9698646068572998,0.95080554,1.0030946
in_stair21,q_pvv21,0.0,14864,0.07238966630785791,1.0085518,1.04141,0.9434970021247864,1.0085518,0.95100623
in_stair21,q_pvv63,2.0,27974,0.07117323228712376,1.0051475,1.0378946,0.9222355484962463,0.9800664,0.95744044
in_stair21,q_pv_ratio63,2.0,23355,0.07111967458788268,0.99776417,1.0302708,0.9470467567443848,0.9702488,0.94779557
in_stair21,q_d_vc21_126,0.0,32188,0.0713619982602212,0.9985603,1.0310929,0.9433642029762268,0.9985603,0.93321407
in_stair21,q_d_rc21_252,0.0,31661,0.07289725529831655,1.0173622,1.0505073,0.9700899124145508,1.0173622,0.9156868
in_stair21,q_d_rv10_126,0.0,23985,0.07421304982280592,1.0366143,1.0703866,0.9952937364578247,1.0366143,0.9034109
in_stair21,q_d_udv63,0.0,6652,0.08328322309079976,1.119806,1.1562887,1.0322751998901367,1.119806,0.9599973
in_stair21,q_d_er63,0.0,2269,0.0868223887174967,1.1052504,1.1412588,0.7608057260513306,1.1052504,0.94050926
in_stair21,q_d_kt63,0.0,5786,0.0808848945731075,1.0601398,1.0946785,0.9945697784423828,1.0601398,0.97260386
in_stair21,q_d_mdd63_rel,4.0,8768,0.0895301094890511,1.1647252,1.2026713,1.0116344690322876,0.9336088,1.1647252
in_stair21,q_d_gp63,1.0,8885,0.07709622960045019,1.030697,1.0642766,0.826171875,0.91862714,0.9507684
in_stair21,q_d_dn63,0.0,2812,0.08854907539118065,1.1500084,1.1874751,0.7263318300247192,1.1500084,0.94464254
in_stair21,q_stair_b63,0.0,113187,0.07142162969245584,0.9936796,1.0260532,0.9337756633758545,0.9936796,0.8779356
in_stair21,q_stair_b126,0.0,124972,0.07069583586723426,0.9902783,1.022541,0.9569612741470337,0.9902783,0.83698684
in_stair21,q_stair_scales,1.0,103684,0.07241232977122797,1.0058053,1.0385739,0.9381847977638245,1.0058053,0.81899333
in_stair21,q_age_trend,2.0,25776,0.07254810676598386,1.0161046,1.0492088,0.9281166791915894,0.8979484,0.94770145
in_stair21,q_age_comp,2.0,24011,0.07675648661030361,1.0705987,1.1054783,0.8963953852653503,0.95724404,0.951422
in_stair21,q_age_stair,2.0,106642,0.07211042553590517,0.9969549,1.0294352,0.9344107508659363,0.94580215,0.8830403
in_stair21,q_mem_y63,2.0,26732,0.074255573844082,0.99243474,1.0247678,0.9294131994247437,0.9624888,0.9848298
in_stair21,q_mem_y21,0.0,19743,0.07146836853568353,0.9882667,1.020464,0.9135096669197083,0.9882667,0.9872461
in_stair21,q_mem_y63_long,4.0,30302,0.07072140452775394,1.0273674,1.0608385,0.9462801814079285,0.9154333,1.0273674
in_stair21,sq_roc21,1.0,2948,0.11363636363636363,1.3688319,1.4134277,1.1831884384155273,1.3688319,0.935931
in_stair21,sq_roc63,0.0,6964,0.07481332567489948,0.9916882,1.0239968,0.8826972842216492,0.9916882,0.9496647
in_stair21,sq_roc126,3.0,36075,0.06946638946638947,0.98628294,1.0184156,0.9114780426025391,0.87998813,0.9796122
in_stair21,sq_er21,1.0,1078,0.08256029684601113,0.9814043,1.0133779,0.9037322998046875,0.9814043,0.9771655
in_stair21,sq_er63,3.0,35622,0.06976026051316601,0.9877797,1.019961,0.972099781036377,0.9743377,0.9769702
in_stair21,sq_kt63,3.0,35392,0.07094823688969258,0.9961927,1.0286481,0.9599276781082153,0.90916634,0.9889226
in_stair21,sq_vc21_126,0.0,32660,0.07262706674831598,1.0110278,1.0439665,0.9151366353034973,1.0110278,0.905164
in_stair21,sq_vroc21,0.0,31374,0.07050423917893797,0.98751324,1.0196859,0.9034823775291443,0.98751324,0.9502306
in_stair21,sq_rc21_252,0.0,31381,0.077754055001434,1.074063,1.1090554,1.0148638486862183,1.074063,0.8711073
in_stair21,sq_rv10_126,0.0,22768,0.07154778636683064,1.0010641,1.0336782,0.9533168077468872,1.0010641,0.90516955
in_stair21,sq_vlroc21,1.0,26791,0.07293494083834123,1.0295055,1.0630462,0.9885525107383728,0.9869783,0.9364791
in_stair21,sq_mdd63,1.0,31778,0.071275725344578,1.0137202,1.0467466,0.9965867400169373,0.9930237,0.86482877
in_stair21,sq_udv63,3.0,35237,0.07074949626812725,1.0007286,1.0333319,0.9688497185707092,0.93364465,0.97320795
in_stair21,sq_hexp126,2.0,28245,0.07066737475659408,0.995756,1.0281972,0.9310600757598877,0.97919947,0.94582367
in_stair21,sq_acc21,1.0,10969,0.08524022244507248,1.1436664,1.1809264,1.0520737171173096,1.1081759,0.9335922
in_stair21,iq_roc21,1.0,4562,0.08483121437965804,1.1082357,1.1443415,0.9742059707641602,1.0945107,0.93877995
in_stair21,iq_roc63,2.0,21368,0.07324035941594909,1.0266675,1.0601158,1.0103179216384888,0.90812,0.95927125
in_stair21,iq_roc126,2.0,24118,0.07056969898001493,0.99044836,1.0227166,0.9811072945594788,0.8326029,0.9641728
in_stair21,iq_er21,4.0,97458,0.06764965421001867,0.9764162,1.0082273,0.9344085454940796,0.5934076,0.9764162
in_stair21,iq_er63,4.0,63612,0.0674401056404452,0.9724311,1.0041124,0.9302518963813782,0.9149137,0.9724311
in_stair21,iq_kt63,4.0,50649,0.06868842425319355,0.98854715,1.0207535,0.9146369695663452,0.9243771,0.98854715
in_stair21,iq_vc21_126,0.0,23114,0.07047676732716103,0.99632955,1.0287894,0.9258301854133606,0.99632955,0.95813394
in_stair21,iq_vroc21,0.0,22569,0.06991891532633258,0.98821104,1.0204065,0.9443321228027344,0.98821104,0.9633563
in_stair21,iq_rc21_252,0.0,22117,0.07627616765384093,1.0670626,1.1018269,0.958256721496582,1.0670626,0.91178155
in_stair21,iq_rv10_126,2.0,26132,0.07094749732129191,1.0111761,1.0441197,0.9403923749923706,0.9599982,0.9077473
in_stair21,iq_vlroc21,0.0,16886,0.0699988155868767,0.9901764,1.0224358,0.9438483715057373,0.9901764,0.9449609
in_stair21,iq_mdd63,0.0,27273,0.06915264180691526,1.0154603,1.0485435,0.998738706111908,1.0154603,0.9337429
in_stair21,iq_udv63,3.0,29921,0.06841348885398216,0.96986914,1.001467,0.9114243388175964,0.95397377,0.96848434
in_stair21,iq_hexp126,2.0,25290,0.07184657967576118,1.0155178,1.0486028,0.9626827836036682,0.9750796,0.9572524
in_stair21,iq_acc21,0.0,4087,0.08514803034010276,1.1109015,1.147094,0.888733983039856,1.1109015,0.9343114
in_stair21,q_age_hot,2.0,80675,0.07145955996281377,1.0046047,1.0373342,0.9633424282073975,1.0046047,0.923968
in_stair21,q_age_quiet,4.0,32908,0.07511851221587455,1.0649935,1.0996904,0.9453365206718445,0.9258,1.0649935
in_stair21,q_ind_d_roc63,1.0,19589,0.07095819082137934,0.9903616,1.022627,0.9323925375938416,0.98482704,0.9267211
in_stair21,q_sec_d_roc63,3.0,33982,0.07012536048496262,0.988106,1.020298,0.9686082005500793,0.9866463,0.96610194
in_stair21,q_dq_roc63,0.0,2989,0.09133489461358314,1.1528832,1.1904435,0.8045593500137329,1.1528832,0.9447661
in_stair21,q_dq_mar21,0.0,33218,0.0705340478054067,0.99164337,1.0239506,0.9164343476295471,0.99164337,0.96176124
in_stair21,q_dq_er63,0.0,2505,0.08982035928143713,1.1490489,1.1864843,0.8777258396148682,1.1490489,0.9533078
in_stair21,q_dq_kt63,0.0,6053,0.07962993556913928,1.0382688,1.072095,1.018092155456543,1.0382688,0.94451976
in_stair21,q_dq_rs63,0.0,2989,0.09133489461358314,1.1528832,1.1904435,0.8045593500137329,1.1528832,0.9447661
in_stair21,q_dq_vlroc21,1.0,27342,0.0720503255065467,1.0163751,1.0494881,0.9840749502182007,0.9709168,0.9424851
in_stair21,q_dq_mdd63,4.0,10328,0.08723857474825716,1.1159291,1.1522855,0.9708314538002014,0.94217503,1.1159291
in_stair21,q_tmpl_d40,0.0,750,0.09733333333333333,1.1401225,1.1772671,0.7627092003822327,1.1401225,0.94833726
in_stair21,q_tmpl_d80,2.0,20698,0.07338873321093825,1.0111215,1.0440633,0.9715368151664734,0.97343004,0.9291196
in_stair21,q_tmpl_d160,2.0,25102,0.07142857142857142,1.0027564,1.0354257,0.9609684944152832,0.90848905,0.96040815
in_stair21,q_tmpl_min,0.0,2412,0.08084577114427861,1.083694,1.1190002,1.0380181074142456,1.083694,0.94190454
in_stair21,q_tmpl_mean,3.0,32253,0.07214832728738411,1.0180858,1.0512545,0.9312010407447815,0.91641134,0.9445482
post_breakout63,q_logp,0.0,2637,0.07660219946909366,1.0563173,1.1060077,0.68986576795578,1.0563173,0.84863305
post_breakout63,q_roc5,3.0,3802,0.06996317727511836,1.0026102,1.0497742,0.9382861852645874,0.93379104,0.8756942
post_breakout63,q_roc10,2.0,3664,0.07232532751091703,1.0356445,1.0843625,0.8818701505661011,0.9588395,0.89401233
post_breakout63,q_roc21,0.0,2440,0.06885245901639345,0.9873641,1.0338109,0.8281513452529907,0.9873641,0.9805895
post_breakout63,q_roc42,0.0,1315,0.07376425855513308,1.026206,1.0744799,0.7531937956809998,1.026206,0.9317398
post_breakout63,q_roc63,3.0,5344,0.0688622754491018,0.9920079,1.0386732,0.8122360706329346,0.8281602,0.9515803
post_breakout63,q_roc126,4.0,11187,0.0715115759363547,1.0004338,1.0474954,0.9251947402954102,0.88179904,1.0004338
post_breakout63,q_roc252,1.0,1488,0.07123655913978495,1.0516448,1.1011153,0.7808514833450317,1.0392095,0.8975848
post_breakout63,q_acc10,2.0,3780,0.07248677248677249,1.0489907,1.0983365,0.8613460659980774,0.85416,0.85970926
post_breakout63,q_acc21,2.0,3924,0.07313965341488277,1.0328894,1.0814776,0.9564709663391113,0.9735128,0.9716187
post_breakout63,q_acc63,3.0,4777,0.0711743772241993,1.0200306,1.068014,0.9127326011657715,0.9595671,0.8505543
post_breakout63,q_roc21_vs_63,4.0,1445,0.07335640138408304,1.0319722,1.0805173,0.93443763256073,0.9300738,1.0319722
post_breakout63,q_roc63_vs_252,3.0,5283,0.0724966874881696,1.0317984,1.0803354,0.8709458112716675,0.9502122,0.9590584
post_breakout63,q_mar10,1.0,3801,0.07445409102867666,1.0534112,1.102965,0.936915397644043,0.9738187,0.8446502
post_breakout63,q_mar21,1.0,3706,0.07663248785752834,1.0702477,1.1205933,0.842461884021759,1.0500841,0.8448602
post_breakout63,q_mar63,1.0,3786,0.07422081352350766,1.049542,1.0989137,0.7837327122688293,1.0332515,0.813858
post_breakout63,q_mar126,0.0,4725,0.07407407407407407,1.0815597,1.1324375,0.9925671815872192,1.0815597,0.89140683
post_breakout63,q_mar252,1.0,3800,0.07473684210526316,1.1009804,1.1527718,0.9515742659568787,1.042191,0.91291314
post_breakout63,q_mrg10,1.0,3731,0.06995443580809435,1.027039,1.0753522,0.9819310307502747,1.0211408,0.8826371
post_breakout63,q_mrg21,1.0,3685,0.07218453188602442,1.0568993,1.1066171,0.967699408531189,1.0164559,0.88509625
post_breakout63,q_mrg63,0.0,4604,0.07167680278019113,1.0456574,1.0948464,0.9675534963607788,1.0456574,0.9002917
post_breakout63,q_mrg252,0.0,4460,0.07219730941704036,1.0422457,1.0912743,0.952631413936615,1.0422457,0.9640541
post_breakout63,q_vc10_63,1.0,3377,0.07343796268877702,1.0307287,1.0792154,0.9564863443374634,0.91838026,0.95794463
post_breakout63,q_vc21_126,0.0,3141,0.07226997771410379,1.0270089,1.0753206,0.944297194480896,1.0270089,0.86646605
post_breakout63,q_vc63_252,0.0,4024,0.07405566600397614,1.0377111,1.0865263,1.010114073753357,1.0377111,0.8226433
post_breakout63,q_rc10_63,0.0,3124,0.07106274007682459,0.9980866,1.0450377,0.8529293537139893,0.9980866,0.9346682
post_breakout63,q_rc21_252,0.0,3609,0.0712108617345525,0.9982932,1.0452541,0.8708993792533875,0.9982932,0.85584337
post_breakout63,q_rc63_252,0.0,4158,0.07551707551707551,1.0808324,1.131676,0.9521869421005249,1.0808324,0.86295855
post_breakout63,q_vroc21,3.0,3780,0.07037037037037037,0.9842806,1.0305823,0.8106435537338257,0.97572654,0.9008057
post_breakout63,q_vroc63,1.0,3373,0.07856507560035576,1.1064004,1.1584468,0.9053356051445007,0.97776794,0.9408407
post_breakout63,q_rroc21,3.0,3896,0.07238193018480493,1.024888,1.0731,0.7705358862876892,0.9117677,0.8828534
post_breakout63,q_rroc63,0.0,3675,0.07374149659863946,1.0767348,1.1273856,1.0367684364318848,1.0767348,0.85556245
post_breakout63,q_vacc21,1.0,3480,0.07672413793103448,1.0982726,1.1499366,1.0070807933807373,0.91116583,0.94358516
post_breakout63,q_racc21,2.0,3611,0.07449459983384105,1.0430946,1.092163,0.8955429792404175,0.8203634,0.9502136
post_breakout63,q_mar21_pct252,0.0,3358,0.07296009529481834,1.0173388,1.0651956,0.9939473271369934,1.0173388,0.85522807
post_breakout63,q_mrg21_pct252,0.0,3445,0.0748911465892598,1.0394223,1.0883179,0.8790976405143738,1.0394223,0.79425865
post_breakout63,q_asym63,4.0,5818,0.07218975592987281,1.0298197,1.0782636,0.8467795252799988,0.9357425,1.0298197
post_breakout63,q_asym21,4.0,3986,0.07175112895132965,1.0301062,1.0785636,0.9987350702285767,0.90842086,1.0301062
post_breakout63,q_dn21,4.0,4295,0.06938300349243307,0.98573965,1.03211,0.9572479724884033,0.94541305,0.98573965
post_breakout63,q_dn63,4.0,9909,0.07155111514784539,0.9997885,1.0468197,0.9067405462265015,0.87314624,0.9997885
post_breakout63,q_dn126,2.0,1197,0.06599832915622389,0.99479675,1.0415932,0.962037980556488,0.99479675,0.99349535
post_breakout63,q_rv5_63,3.0,3501,0.0702656383890317,1.0173522,1.0652096,0.8586103916168213,0.98953426,0.92623293
post_breakout63,q_rv10_126,4.0,3883,0.06979139840329641,0.99482954,1.0416275,0.8764424324035645,0.920339,0.99482954
post_breakout63,q_rv21_252,3.0,3371,0.07267873034707802,1.0361471,1.0848887,0.9815645813941956,1.0224626,0.92149514
post_breakout63,q_rv63_252,0.0,2939,0.06975161619598502,1.0083848,1.0558205,0.9325624704360962,1.0083848,0.95772445
post_breakout63,q_vlroc21,3.0,3657,0.07027618266338528,0.9880163,1.0344938,0.9090294241905212,0.94397676,0.9146341
post_breakout63,q_vlroc63,0.0,2578,0.06982156710628394,1.0442417,1.093364,0.9869784116744995,1.0442417,0.9988907
post_breakout63,q_vlacc21,3.0,3939,0.07260726072607261,1.0351102,1.083803,0.8635807633399963,0.87843794,0.8915842
post_breakout63,q_udv21,2.0,3637,0.07176244157272477,1.0038073,1.0510275,0.9076442718505859,0.96246487,0.9431778
post_breakout63,q_udv63,2.0,2864,0.07192737430167598,1.0168655,1.0647,0.8215855956077576,0.89965695,0.9887101
post_breakout63,q_udv21_roc,4.0,3021,0.070506454816286,0.9887088,1.0352188,0.9625071883201599,0.9848025,0.9887088
post_breakout63,q_ldv63,2.0,3691,0.07152533188837713,1.007536,1.0549318,0.8238663673400879,1.0061231,0.9195032
post_breakout63,q_vnoise21,2.0,3616,0.07162610619469026,1.0274343,1.0757661,0.8568269610404968,0.9093523,0.97850347
post_breakout63,q_vnoise_roc21,4.0,3644,0.07272228320526894,1.047058,1.0963128,0.8409435749053955,0.9475177,1.047058
post_breakout63,q_ddh63,0.0,1430,0.07202797202797202,1.0300727,1.0785285,0.8570035696029663,1.0300727,0.9923644
post_breakout63,q_ddh252,4.0,7116,0.07349634626194491,1.0280149,1.0763739,0.971665620803833,0.7852811,1.0280149
post_breakout63,q_mdd21,0.0,4366,0.07535501603298213,1.0620067,1.1119647,0.9581192135810852,1.0620067,0.8976365
post_breakout63,q_mdd63,0.0,7176,0.07636566332218506,1.0889431,1.1401683,1.0207512378692627,1.0889431,0.7456637
post_breakout63,q_mdd126,0.0,8510,0.07438307873090481,1.0549222,1.104547,0.9978545904159546,1.0549222,0.909399
post_breakout63,q_mdd63_rel,0.0,6588,0.07574377656344869,1.057706,1.1074617,0.9166908264160156,1.057706,0.7504513
post_breakout63,q_mdd63_mar,1.0,4774,0.07394218684541265,1.0458434,1.095041,0.9108723402023315,0.96869373,0.96246475
post_breakout63,q_gp63,4.0,9618,0.07142857142857142,1.0008762,1.0479586,0.9223189949989319,0.8532551,1.0008762
post_breakout63,q_gp21,2.0,3782,0.06848228450555262,0.976496,1.0224315,0.7626373767852783,0.92124957,0.9481984
post_breakout63,q_gp126,4.0,12547,0.0699768869052363,0.98344886,1.0297115,0.8891177773475647,0.8712696,0.98344886
post_breakout63,q_mdd_roc,2.0,5079,0.07088009450679268,1.0461501,1.0953622,0.9998311996459961,0.98732406,0.96067226
post_breakout63,q_er5,2.0,3450,0.07478260869565218,1.0530572,1.1025943,0.8448464274406433,0.9813781,0.92480797
post_breakout63,q_er10,0.0,2980,0.0697986577181208,1.0025136,1.0496731,0.828862726688385,1.0025136,0.9009818
post_breakout63,q_er21,2.0,3799,0.07001842590155304,0.9909238,1.037538,0.734830379486084,0.91876626,0.979978
post_breakout63,q_er63,4.0,9984,0.07251602564102565,1.0192794,1.0672275,0.9097740054130554,0.89243484,1.0192794
post_breakout63,q_er126,2.0,1190,0.06638655462184874,0.99945676,1.0464724,0.9318938851356506,0.99945676,0.98357856
post_breakout63,q_er_min,0.0,2627,0.07080319756376094,1.0172853,1.0651397,0.8682553172111511,1.0172853,0.9918069
post_breakout63,q_er_prod,0.0,3042,0.06640368178829717,0.9702259,1.0158664,0.8337674736976624,0.9702259,0.95824337
post_breakout63,q_er_roc21,2.0,3811,0.07425872474416163,1.0345614,1.0832283,0.869094729423523,1.0206834,1.0217361
post_breakout63,q_er_roc63,3.0,2284,0.06786339754816112,0.96875197,1.0143232,0.9365511536598206,0.9636992,0.92976797
post_breakout63,q_er63_126,3.0,4833,0.06765983860955928,0.9861928,1.0325844,0.8065470457077026,0.9144435,0.8825007
post_breakout63,q_kt21,4.0,4492,0.06945681211041853,0.99458456,1.041371,0.9565663933753967,0.98590213,0.99458456
post_breakout63,q_kt63,4.0,7823,0.07311772977118752,1.0273975,1.0757275,0.9729145169258118,0.81479573,1.0273975
post_breakout63,q_kt126,4.0,13332,0.07013201320132013,0.9941333,1.0408984,0.9080608487129211,0.977987,0.9941333
post_breakout63,q_kt_roc,2.0,5257,0.06714856381966901,0.9736626,1.0194649,0.7967776656150818,0.921509,0.94395477
post_breakout63,q_hexp126,0.0,1864,0.07725321888412018,1.083514,1.1344837,1.0611873865127563,1.083514,0.9663607
post_breakout63,q_hexp252,4.0,5315,0.0735653809971778,1.0379316,1.0867571,0.9385107755661011,0.8298908,1.0379316
post_breakout63,q_hexp_roc,2.0,3323,0.0767378874510984,1.0811157,1.1319727,0.9317020773887634,1.056828,0.9122631
post_breakout63,q_hl_steps63,1.0,1711,0.07831677381648158,1.0812575,1.1321211,0.9256744384765625,1.0152695,0.9882277
post_breakout63,q_hh_steps63,0.0,713,0.07994389901823282,1.1717514,1.226872,0.8742222785949707,1.1717514,0.9893377
post_breakout63,q_hl_steps21,4.0,3584,0.07728794642857142,1.0592358,1.1090635,0.9893732666969299,0.9677158,1.0592358
post_breakout63,q_nh_freq21,2.0,2534,0.07103393843725335,1.0685807,1.1188481,0.9093751907348633,0.92136496,1.0033627
post_breakout63,q_nh_freq63,4.0,13479,0.06899621633652347,0.97388786,1.0197006,0.8965547680854797,0.8653401,0.97388786
post_breakout63,q_upfrac21,1.0,3296,0.07615291262135922,1.0541402,1.1037282,0.8503071665763855,0.90042734,0.9312601
post_breakout63,q_upfrac63,0.0,708,0.07627118644067797,1.0290781,1.0774871,0.5369123220443726,1.0290781,0.96122676
post_breakout63,q_clv21,2.0,3637,0.07066263403904317,0.9919275,1.0385889,0.9425077438354492,0.9491212,0.9632894
post_breakout63,q_clv63,0.0,1100,0.07818181818181819,1.1139882,1.1663915,0.8278493285179138,1.1139882,0.96698725
post_breakout63,q_ovn63,0.0,1761,0.06984667802385008,1.0403652,1.0893052,0.9492698311805725,1.0403652,0.9498476
post_breakout63,q_ses63,2.0,2960,0.06959459459459459,0.99774075,1.0446756,0.8350895047187805,0.8134136,0.97611964
post_breakout63,q_gapfreq63,3.0,3739,0.0700722118213426,1.0050994,1.0523804,0.928074061870575,0.923124,0.9248669
post_breakout63,q_rng63,1.0,3579,0.07599888236937692,1.0674632,1.1176779,0.8077415227890015,0.99063146,0.9279797
post_breakout63,q_rng63_lag63,0.0,3953,0.07032633442954718,1.0094221,1.0569065,0.9508628845214844,1.0094221,0.928069
post_breakout63,q_rng63_ratio,3.0,3515,0.07027027027027027,1.0171983,1.0650486,0.9289757609367371,0.9674699,0.9160232
post_breakout63,q_base_tight,4.0,4413,0.07341944255608429,1.033973,1.0826123,0.8410181999206543,0.9565647,1.033973
post_breakout63,q_bo_hold21,3.0,4504,0.07060390763765542,1.008814,1.0562698,0.9686302542686462,0.8427959,1.0004735
post_breakout63,q_bo_gain21,2.0,3864,0.07142857142857142,1.0031574,1.0503471,0.8436654210090637,0.9297688,0.9733008
post_breakout63,q_bo_tight21,0.0,4149,0.07640395275970113,1.0578934,1.1076579,0.8867698311805725,1.0578934,1.0057971
post_breakout63,q_bo_gain63,4.0,13240,0.07137462235649547,0.99522394,1.0420405,0.8957436680793762,0.90655965,0.99522394
post_breakout63,q_bo_tight63,4.0,4620,0.07316017316017316,1.0437688,1.0928689,0.8710823655128479,0.9890306,1.0437688
post_breakout63,q_bo_hold126,2.0,3430,0.07230320699708455,1.0403746,1.089315,0.9688324928283691,1.0332015,0.9306467
post_breakout63,q_bo_gain126,1.0,779,0.07958921694480103,1.1388931,1.192468,0.9169378280639648,1.1388931,0.9600226
post_breakout63,q_bo_tight126,4.0,3504,0.07077625570776255,0.9998557,1.04689,0.8292037844657898,0.9886929,0.9998557
post_breakout63,q_tail63,2.0,3594,0.07568169170840289,1.0403324,1.089271,0.9582919478416443,0.8037001,0.93352574
post_breakout63,q_worst63,1.0,4176,0.07183908045977011,1.0141536,1.0618606,0.8787948489189148,0.85608816,1.0008821
post_breakout63,q_best63,2.0,3339,0.06828391734052111,0.9952617,1.04208,0.7975382804870605,0.86270195,0.9819915
post_breakout63,q_jump_asym63,3.0,4439,0.07726965532777652,1.0959513,1.1475061,0.988616943359375,0.89542764,0.90964097
post_breakout63,q_med_uw63,0.0,11400,0.07157894736842105,1.0123353,1.0599568,0.9255301356315613,1.0123353,1.007839
post_breakout63,q_med_uw63_mar,0.0,12132,0.07113419057039234,0.9980296,1.044978,0.8970012664794922,0.9980296,0.9584354
post_breakout63,q_hi_frac63,1.0,475,0.07368421052631578,1.053217,1.1027616,0.9723868370056152,1.053217,1.0044479
post_breakout63,q_vov63,3.0,3618,0.07296849087893864,1.0482574,1.0975686,0.8437391519546509,0.8898709,0.9110084
post_breakout63,q_co126,1.0,3397,0.07359434795407713,1.0342472,1.0828993,0.8993733525276184,0.955749,0.9388764
post_breakout63,q_rel_dn126,4.0,6921,0.0713769686461494,1.0041662,1.0514034,0.8216410875320435,0.8173915,1.0041662
post_breakout63,q_rel_up126,1.0,3079,0.08054563169860345,1.1554731,1.2098279,0.9552223086357117,0.9620894,0.89686435
post_breakout63,q_rel_dn126_mar,3.0,4442,0.07113912651958577,1.0031952,1.0503867,0.8785759210586548,0.8798918,0.9989429
post_breakout63,q_rs63,3.0,5344,0.0688622754491018,0.9920079,1.0386732,0.8122360706329346,0.8281602,0.9515803
post_breakout63,q_rs_roc21,3.0,2399,0.06961233847436432,1.0056716,1.0529796,0.8790242671966553,0.9444052,0.878451
post_breakout63,q_kt_min,4.0,7549,0.07113524970194728,1.0117757,1.0593709,0.9247470498085022,0.9695712,1.0117757
post_breakout63,q_er_min3,2.0,2245,0.07527839643652562,1.0619161,1.1118699,0.9717451930046082,0.89414716,0.9638187
post_breakout63,q_roc_align,2.0,489,0.09406952965235174,1.1662315,1.2210925,1.557870626449585,1.1662315,0.94759476
post_breakout63,q_pv_spread21,4.0,3297,0.07127691841067638,1.0057516,1.0530634,0.8800768852233887,0.9649826,1.0057516
post_breakout63,q_pv_spread63,2.0,3458,0.0691150954308849,1.0036397,1.0508521,0.8723962903022766,0.9461112,0.9619059
post_breakout63,q_pr_spread21,2.0,3725,0.07570469798657718,1.0761645,1.1267885,0.983677864074707,0.9065562,0.8622202
post_breakout63,q_vv_spread21,4.0,3102,0.06898774983881367,0.9979177,1.044861,0.9363062977790833,0.9364813,0.9979177
post_breakout63,q_vv_spread63,3.0,3710,0.0738544474393531,1.0335279,1.0821462,1.0181488990783691,0.8693668,0.97422546
post_breakout63,q_pvv21,3.0,3473,0.07083213360207313,0.9942321,1.0410019,0.8266236186027527,0.95637035,0.99247414
post_breakout63,q_pvv63,2.0,3088,0.06962435233160622,0.9954318,1.042258,0.9527029991149902,0.9831043,0.9782931
post_breakout63,q_pv_ratio63,3.0,5300,0.07,1.0033267,1.0505244,0.788888692855835,0.9534761,0.9915138
post_breakout63,q_d_vc21_126,0.0,3127,0.07259354013431404,1.0162227,1.0640271,0.8917537927627563,1.0162227,0.9253059
post_breakout63,q_d_rc21_252,3.0,3819,0.07069913589945012,1.0099685,1.0574787,0.7553079724311829,0.9379567,0.9073201
post_breakout63,q_d_rv10_126,3.0,3512,0.0734624145785877,1.0327207,1.0813011,0.7859164476394653,0.9729937,0.9213005
post_breakout63,q_d_udv63,3.0,2683,0.07081625046589639,1.0034502,1.0506536,0.8757388591766357,0.97687835,0.96948075
post_breakout63,q_d_er63,2.0,3541,0.07144874329285512,1.0162568,1.0640627,0.8155016303062439,0.9532437,0.89927936
post_breakout63,q_d_kt63,1.0,6001,0.06665555740709882,0.9718345,1.0175507,0.8675556778907776,0.9219505,0.94366235
post_breakout63,q_d_mdd63_rel,0.0,1045,0.08708133971291866,1.2119402,1.2689513,0.949420690536499,1.2119402,0.9871591
post_breakout63,q_d_gp63,1.0,3323,0.0698164309359013,1.0007553,1.047832,0.9103299379348755,0.95402044,0.94469106
post_breakout63,q_d_dn63,2.0,3408,0.07365023474178403,1.0602106,1.1100842,0.9206347465515137,0.94097114,0.9259279
post_breakout63,q_stair_b21,1.0,2160,0.0625,0.98065627,1.0267875,0.930332601070404,0.95195913,0.98065627
post_breakout63,q_stair_b63,1.0,4987,0.06697413274513736,0.99820614,1.0451629,0.9564769864082336,0.9396266,0.99820614
post_breakout63,q_stair_b126,1.0,7441,0.07082381400349415,1.0094912,1.0569788,0.9048669934272766,0.9170397,1.0094912
post_breakout63,q_stair_scales,1.0,5185,0.07444551591128254,1.0328104,1.081395,0.9590706825256348,0.8926033,0.92866415
post_breakout63,q_age_trend,4.0,13912,0.0684301322599195,0.9759774,1.0218885,0.8442216515541077,0.8677386,0.9759774
post_breakout63,q_age_comp,4.0,3566,0.07487380818844644,1.0523529,1.1018568,0.9279623031616211,0.8811065,1.0523529
post_breakout63,q_age_stair,4.0,4926,0.06658546488022736,0.9949867,1.041792,0.9625490307807922,0.8091488,0.9949867
post_breakout63,q_mem_y63,4.0,9290,0.06878363832077503,0.96667534,1.0121489,0.9346368312835693,0.74854785,0.96667534
post_breakout63,q_mem_y21,0.0,750,0.068,1.0187815,1.0667062,0.8626407384872437,1.0187815,0.9717859
post_breakout63,q_mem_y63_long,4.0,6030,0.07230514096185738,1.0202581,1.0682522,0.9766324758529663,0.9173717,1.0202581
post_breakout63,sq_roc21,4.0,4447,0.06813582190240612,0.98052335,1.0266483,0.9481375813484192,0.90904987,0.98052335
post_breakout63,sq_roc63,3.0,5057,0.06901324896183508,0.98620164,1.0325937,0.7880385518074036,0.770065,0.98061424
post_breakout63,sq_roc126,4.0,10839,0.07316173078697297,1.0305637,1.0790427,0.9819825887680054,0.7954634,1.0305637
post_breakout63,sq_er21,4.0,4493,0.0721121744936568,1.0323414,1.0809039,1.006943941116333,0.86298645,1.0323414
post_breakout63,sq_er63,4.0,9804,0.07282741738066095,1.0264889,1.0747762,0.9489490389823914,0.812648,1.0264889
post_breakout63,sq_kt63,4.0,7831,0.07444770782786361,1.0524671,1.1019764,0.9701997637748718,0.86265135,1.0524671
post_breakout63,sq_vc21_126,0.0,3142,0.07097390197326543,1.0177826,1.0656602,0.9684631824493408,1.0177826,0.8625043
post_breakout63,sq_vroc21,2.0,3643,0.06999725500960746,0.99070466,1.0373086,0.8103635311126709,0.9532449,0.91381896
post_breakout63,sq_rc21_252,0.0,3432,0.07255244755244755,1.0143569,1.0620733,0.9582422971725464,1.0143569,0.8936786
post_breakout63,sq_rv10_126,3.0,3592,0.07126948775055679,1.0200336,1.0680171,0.9231619834899902,0.93833125,0.9517757
post_breakout63,sq_vlroc21,2.0,3729,0.06999195494770716,1.0255646,1.0738083,0.8966580033302307,0.9432693,0.8994529
post_breakout63,sq_mdd63,0.0,6957,0.07603852235158833,1.0890332,1.1402626,1.0489387512207031,1.0890332,0.7448988
post_breakout63,sq_udv63,4.0,8141,0.07136715391229578,1.0102887,1.0578139,0.9647100567817688,0.7551004,1.0102887
post_breakout63,sq_hexp126,0.0,1884,0.07643312101910828,1.0745822,1.1251318,1.0011615753173828,1.0745822,0.9396292
post_breakout63,sq_acc21,3.0,3552,0.07122747747747747,1.0186586,1.0665776,0.8927857875823975,0.944035,0.9438829
post_breakout63,iq_roc21,3.0,3524,0.07321225879682179,1.0625123,1.1124941,0.7371233105659485,0.83599895,0.9464888
post_breakout63,iq_roc63,3.0,4100,0.07365853658536585,1.0610796,1.1109941,0.8618391156196594,0.71570414,0.9505081
post_breakout63,iq_roc126,4.0,9840,0.07215447154471545,1.0246062,1.0728049,0.9740263819694519,0.70296645,1.0246062
post_breakout63,iq_er21,4.0,4680,0.07051282051282051,1.0131103,1.0607681,0.9988160729408264,0.88230985,1.0131103
post_breakout63,iq_er63,3.0,3856,0.07053941908713693,1.0037391,1.0509561,0.9262363910675049,0.68750435,0.9921463
post_breakout63,iq_kt63,4.0,7496,0.07030416221985059,1.0026246,1.0497893,0.9423111081123352,0.9558882,1.0026246
post_breakout63,iq_vc21_126,0.0,2263,0.07998232434821034,1.1362528,1.1897035,1.0791829824447632,1.1362528,0.9386749
post_breakout63,iq_vroc21,1.0,2983,0.07341602413677506,1.0499685,1.0993602,0.9260593056678772,0.980192,0.90495586
post_breakout63,iq_rc21_252,0.0,2411,0.07631688096225632,1.0747468,1.1253042,1.0459966659545898,1.0747468,0.9182168
post_breakout63,iq_rv10_126,3.0,3225,0.07286821705426356,1.0208347,1.0688559,0.8968933820724487,0.9365158,0.9537788
post_breakout63,iq_vlroc21,3.0,3347,0.07230355542276666,1.0259706,1.0742334,0.9509339332580566,0.95522064,0.9060787
post_breakout63,iq_mdd63,0.0,4758,0.07440100882723834,1.0775566,1.1282462,1.0172187089920044,1.0775566,0.8320887
post_breakout63,iq_udv63,4.0,7484,0.07148583645109567,1.0147344,1.0624686,0.9168531894683838,0.88652027,1.0147344
post_breakout63,iq_hexp126,2.0,2945,0.06825127334465195,1.0012267,1.0483255,0.8059561848640442,0.9111582,0.96355563
post_breakout63,iq_acc21,3.0,3253,0.07070396557024285,1.000215,1.0472664,0.8290870189666748,0.89343965,0.9874275
post_breakout63,q_age_hot,2.0,8831,0.0659042011097271,0.95888114,1.003988,0.8083717226982117,0.95888114,0.9515803
post_breakout63,q_age_quiet,4.0,4343,0.07345153119963159,1.0702482,1.120594,1.0096404552459717,0.91218436,1.0702482
post_breakout63,q_ind_d_roc63,4.0,2295,0.07494553376906318,1.087162,1.1383034,0.9687644243240356,0.87531865,1.087162
post_breakout63,q_sec_d_roc63,2.0,3519,0.06820119352088662,1.0193036,1.0672528,0.8937656283378601,0.9579647,0.961135
post_breakout63,q_dq_roc63,3.0,2315,0.06868250539956804,1.0006199,1.0476903,0.8815068006515503,0.9437594,0.8422934
post_breakout63,q_dq_mar21,0.0,3052,0.0717562254259502,1.0030298,1.0502136,0.9162846803665161,1.0030298,0.98210645
post_breakout63,q_dq_er63,2.0,5418,0.06995201181247693,0.98003983,1.026142,0.9487624168395996,0.9325208,0.8882311
post_breakout63,q_dq_kt63,3.0,1160,0.08189655172413793,1.13101,1.1842141,1.0129413604736328,0.8669399,1.13101
post_breakout63,q_dq_rs63,3.0,2315,0.06868250539956804,1.0006199,1.0476903,0.8815068006515503,0.9437594,0.8422934
post_breakout63,q_dq_vlroc21,3.0,3829,0.06946983546617916,0.98444927,1.0307589,0.870477557182312,0.9233341,0.9371099
post_breakout63,q_dq_mdd63,0.0,1181,0.07705334462320068,1.0601345,1.1100045,0.8172202110290527,1.0601345,0.9265699
post_breakout63,q_tmpl_d40,1.0,3113,0.07259877931256023,1.0190331,1.0669696,0.827472448348999,0.7214727,0.9945049
post_breakout63,q_tmpl_d80,1.0,3254,0.06791641057160418,1.0093112,1.0567904,0.8231244087219238,0.93180025,0.92757946
post_breakout63,q_tmpl_d160,1.0,425,0.07529411764705882,1.0277276,1.0760732,1.2095085382461548,1.0277276,0.99089915
post_breakout63,q_tmpl_min,1.0,1324,0.07326283987915408,1.0224249,1.070521,0.7890613079071045,1.0224249,0.95940286
post_breakout63,q_tmpl_mean,4.0,6795,0.07078734363502576,0.9991688,1.0461708,0.9019725918769836,0.82234156,0.9991688
low_vol_third,q_logp,0.0,49186,0.08563412353108608,1.1947596,1.0769763,0.9266037344932556,1.1947596,1.1322584
low_vol_third,q_roc5,1.0,107886,0.08288378473573958,1.1360055,1.0240144,1.028846025466919,1.1197487,1.032859
low_vol_third,q_roc10,0.0,61862,0.08851960816009828,1.1932518,1.0756171,1.0844844579696655,1.1932518,1.004124
low_vol_third,q_roc21,0.0,59185,0.0881473346287066,1.2001997,1.0818801,1.0992592573165894,1.2001997,1.0089883
low_vol_third,q_roc42,0.0,55690,0.08863350691326989,1.2170298,1.097051,1.0783846378326416,1.2170298,0.98999935
low_vol_third,q_roc63,0.0,52002,0.08891965693627168,1.2135171,1.0938846,1.1260160207748413,1.2135171,1.0091053
low_vol_third,q_roc126,0.0,46149,0.0941082146958764,1.2294513,1.1082479,1.0710957050323486,1.2294513,1.0379018
low_vol_third,q_roc252,0.0,44273,0.08330133489937433,1.1812013,1.0647546,1.1385385990142822,1.1812013,0.9718357
low_vol_third,q_acc10,2.0,121143,0.08315792080433868,1.1419977,1.0294157,1.0908957719802856,1.0912722,1.079424
low_vol_third,q_acc21,0.0,60123,0.086223242353176,1.1516514,1.0381178,1.0587918758392334,1.1516514,1.0574644
low_vol_third,q_acc63,0.0,57903,0.08313904288206138,1.15977,1.045436,1.1021764278411865,1.15977,1.0334898
low_vol_third,q_roc21_vs_63,0.0,61313,0.08626229347772903,1.1648257,1.0499933,1.0495330095291138,1.1648257,1.0509895
low_vol_third,q_roc63_vs_252,0.0,54549,0.08658270545747859,1.1705174,1.0551239,1.0598278045654297,1.1705174,1.0492501
low_vol_third,q_mar10,1.0,142341,0.08204944464349695,1.1228032,1.0121136,1.0554109811782837,1.1159544,0.926068
low_vol_third,q_mar21,0.0,235291,0.08238734163227662,1.1245344,1.013674,1.0597779750823975,1.1245344,0.7527459
low_vol_third,q_mar63,0.0,278119,0.08276672934966688,1.1270953,1.0159825,1.0596199035644531,1.1270953,1.0828669
low_vol_third,q_mar126,0.0,265968,0.08292350959513926,1.1308345,1.019353,1.046870470046997,1.1308345,1.104981
low_vol_third,q_mar252,4.0,553,0.10307414104882459,1.4503776,1.3073945,0.9322026968002319,1.1204301,1.4503776
low_vol_third,q_mrg10,0.0,238822,0.08258033179522825,1.1281334,1.0169183,1.0539841651916504,1.1281334,0.86931515
low_vol_third,q_mrg21,0.0,248679,0.08289803320746826,1.1317518,1.02018,1.0459624528884888,1.1317518,0.8754807
low_vol_third,q_mrg63,0.0,259187,0.0827124817216913,1.1283425,1.0171068,1.0469391345977783,1.1283425,1.0682709
low_vol_third,q_mrg252,4.0,1474,0.10176390773405698,1.3715581,1.2363453,1.1272985935211182,1.1135786,1.3715581
low_vol_third,q_vc10_63,0.0,88570,0.08220616461555831,1.1278099,1.0166266,1.0473816394805908,1.1278099,1.0926586
low_vol_third,q_vc21_126,3.0,84297,0.08295668885013702,1.1207892,1.010298,1.02461838722229,1.1180558,1.0688293
low_vol_third,q_vc63_252,0.0,152052,0.08296503827637913,1.1289849,1.0176859,1.0734539031982422,1.1289849,1.0994298
low_vol_third,q_rc10_63,0.0,87572,0.08378248755309917,1.1659617,1.0510174,1.1079884767532349,1.1659617,1.0797368
low_vol_third,q_rc21_252,1.0,106216,0.08349966106801235,1.1510104,1.03754,1.081250548362732,1.1404434,0.99963063
low_vol_third,q_rc63_252,1.0,111397,0.08496638150039947,1.1632738,1.0485945,1.1124649047851562,1.1183231,1.0433421
low_vol_third,q_vroc21,3.0,91791,0.0823174385288318,1.1234306,1.0126791,1.0499614477157593,1.1176957,1.1002438
low_vol_third,q_vroc63,0.0,139964,0.07997770855362808,1.1190249,1.0087076,1.0990315675735474,1.1190249,1.0815785
low_vol_third,q_rroc21,0.0,88187,0.08184879857575379,1.1391003,1.026804,1.0416756868362427,1.1391003,1.0907594
low_vol_third,q_rroc63,0.0,110560,0.08008321273516643,1.1366299,1.0245771,1.0642428398132324,1.1366299,1.073662
low_vol_third,q_vacc21,4.0,97822,0.0831408067714829,1.1262196,1.0151932,1.0728743076324463,1.1034493,1.1262196
low_vol_third,q_racc21,1.0,93661,0.081955136075848,1.1199765,1.0095655,1.049332618713379,1.094936,1.1111088
low_vol_third,q_mar21_pct252,1.0,104657,0.08169544320972319,1.1248109,1.0139233,1.0750195980072021,1.1119905,1.0738275
low_vol_third,q_mrg21_pct252,1.0,102982,0.08409236565613408,1.1565326,1.0425178,1.0856869220733643,1.1414768,1.0106434
low_vol_third,q_asym63,1.0,87343,0.08284579187799823,1.1314625,1.0199192,1.089854121208191,1.1290278,1.0877616
low_vol_third,q_asym21,0.0,91798,0.08354212510076472,1.1362543,1.0242386,1.0407640933990479,1.1362543,1.0713756
low_vol_third,q_dn21,0.0,87344,0.08799688587653416,1.1860933,1.0691643,1.0985053777694702,1.1860933,1.0476891
low_vol_third,q_dn63,1.0,80498,0.08611394071902408,1.167016,1.0519677,1.0473167896270752,1.1662,1.0474753
low_vol_third,q_dn126,0.0,62603,0.08780729358017986,1.1630249,1.04837,0.9888975620269775,1.1630249,1.0523332
low_vol_third,q_rv5_63,0.0,81000,0.08146913580246913,1.124208,1.0133798,1.0445330142974854,1.124208,1.0998435
low_vol_third,q_rv10_126,0.0,83507,0.08107104793610116,1.1251154,1.0141978,1.032281756401062,1.1251154,1.1046559
low_vol_third,q_rv21_252,0.0,87512,0.08332571533046897,1.142076,1.0294864,0.9936902523040771,1.142076,1.0807561
low_vol_third,q_rv63_252,3.0,94922,0.0826151998482965,1.1360024,1.0240115,1.0695722103118896,1.1030827,1.0630955
low_vol_third,q_vlroc21,0.0,79691,0.08138936642782749,1.1223737,1.0117264,1.0098880529403687,1.1223737,1.0903741
low_vol_third,q_vlroc63,3.0,96910,0.0833350531420906,1.1298789,1.0184916,1.0831198692321777,1.1021314,1.0812012
low_vol_third,q_vlacc21,1.0,98380,0.08218133767025819,1.1279938,1.0167924,1.0517910718917847,1.1006395,1.0967349
low_vol_third,q_udv21,0.0,83991,0.08481861151790072,1.1587826,1.044546,1.0417189598083496,1.1587826,1.0472997
low_vol_third,q_udv63,0.0,75742,0.08556679253254469,1.1788244,1.062612,1.0487710237503052,1.1788244,1.0348939
low_vol_third,q_udv21_roc,0.0,92510,0.08427197059777321,1.1343714,1.0225413,1.0664995908737183,1.1343714,1.0675639
low_vol_third,q_ldv63,4.0,126687,0.08688342134552085,1.17703,1.0609945,1.1314365863800049,1.0406172,1.17703
low_vol_third,q_vnoise21,3.0,83578,0.08276101366388285,1.1267573,1.0156778,1.0540635585784912,1.1000803,1.1141557
low_vol_third,q_vnoise_roc21,4.0,92706,0.08369469074277824,1.1364003,1.0243702,1.0572421550750732,1.0903255,1.1364003
low_vol_third,q_ddh63,1.0,71700,0.08585774058577406,1.1748419,1.0590221,1.0838850736618042,1.1240706,1.0445546
low_vol_third,q_ddh252,1.0,60562,0.0858789339850071,1.170629,1.0552245,1.0157225131988525,1.1350425,1.0622554
low_vol_third,q_mdd21,3.0,50715,0.08486641033224884,1.1382676,1.0260534,1.065784215927124,1.0753326,1.1346194
low_vol_third,q_mdd63,2.0,80340,0.08490166791137665,1.1574415,1.0433371,1.1175765991210938,1.068037,0.9653935
low_vol_third,q_mdd126,3.0,38237,0.0851269712582054,1.1370238,1.0249323,1.0960133075714111,1.1047493,0.8628371
low_vol_third,q_mdd63_rel,3.0,86481,0.0849550768376869,1.1581457,1.0439718,1.078512191772461,1.0575073,1.1115263
low_vol_third,q_mdd63_mar,3.0,92748,0.08463794367533532,1.1488326,1.0355768,1.0661557912826538,1.0086681,1.1454297
low_vol_third,q_gp63,0.0,71299,0.08584973141278279,1.1702573,1.0548894,1.0654947757720947,1.1702573,1.0345498
low_vol_third,q_gp21,0.0,79735,0.08751489308333855,1.1870157,1.0699958,1.089965581893921,1.1870157,1.0329049
low_vol_third,q_gp126,0.0,61787,0.08898311942641655,1.1732175,1.0575578,0.9868942499160767,1.1732175,1.0448213
low_vol_third,q_mdd_roc,3.0,107485,0.08433734939759036,1.1484519,1.0352337,1.0837966203689575,1.0554423,1.141611
low_vol_third,q_er5,0.0,89705,0.08348475558775988,1.1325151,1.020868,1.0103132724761963,1.1325151,1.0777339
low_vol_third,q_er10,0.0,87649,0.08715444557268194,1.174366,1.0585932,1.0556005239486694,1.174366,1.0591697
low_vol_third,q_er21,0.0,84438,0.08814751652099766,1.1902236,1.0728874,1.0847430229187012,1.1902236,1.04519
low_vol_third,q_er63,0.0,73183,0.086085566320047,1.1727515,1.0571378,1.077528476715088,1.1727515,1.046927
low_vol_third,q_er126,0.0,61198,0.08817281610510147,1.1668833,1.0518482,0.9880587458610535,1.1668833,1.0416105
low_vol_third,q_er_min,0.0,84021,0.0866331036288547,1.175108,1.0592619,1.0711426734924316,1.175108,1.0388057
low_vol_third,q_er_prod,0.0,83403,0.08695130870592185,1.1803409,1.0639789,1.0749086141586304,1.1803409,1.0336429
low_vol_third,q_er_roc21,0.0,96857,0.08689098361502008,1.1622858,1.0477039,1.093039870262146,1.1622858,1.0689167
low_vol_third,q_er_roc63,0.0,97420,0.08544446725518375,1.1616311,1.0471137,1.0881448984146118,1.1616311,1.0459603
low_vol_third,q_er63_126,0.0,92322,0.08461688438292064,1.1747775,1.058964,1.1341092586517334,1.1747775,1.0356644
low_vol_third,q_kt21,0.0,83443,0.08934242536821543,1.206342,1.0874168,1.1017569303512573,1.206342,1.0349617
low_vol_third,q_kt63,0.0,73555,0.08531031201142003,1.1747391,1.0589294,1.0570663213729858,1.1747391,1.0478086
low_vol_third,q_kt126,0.0,63276,0.08676275365067324,1.1466593,1.0336177,1.0162887573242188,1.1466593,1.0459535
low_vol_third,q_kt_roc,0.0,95678,0.0874495704341646,1.1760131,1.0600778,1.0937696695327759,1.1760131,1.090862
low_vol_third,q_hexp126,2.0,92354,0.08306083114970657,1.1315744,1.02002,1.0363776683807373,1.1153841,1.0861377
low_vol_third,q_hexp252,3.0,91341,0.08314995456585761,1.1406966,1.028243,1.033582091331482,1.0954845,1.1343174
low_vol_third,q_hexp_roc,0.0,76812,0.08587199916679686,1.1521431,1.038561,1.0937997102737427,1.1521431,1.0771853
low_vol_third,q_hl_steps63,0.0,71077,0.08483757052210983,1.1633649,1.0486765,1.073536992073059,1.1633649,1.0372638
low_vol_third,q_hh_steps63,0.0,68759,0.08494887941942146,1.1822872,1.0657334,1.0857688188552856,1.1822872,1.068223
low_vol_third,q_hl_steps21,0.0,74137,0.08457315510473852,1.1642414,1.0494666,1.0725144147872925,1.1642414,1.0606549
low_vol_third,q_nh_freq21,0.0,26704,0.10320551228280407,1.4209651,1.2808816,1.289803147315979,1.4209651,1.0504876
low_vol_third,q_nh_freq63,0.0,73568,0.08699434536755112,1.2088008,1.0896332,1.0936473608016968,1.2088008,1.0500994
low_vol_third,q_upfrac21,0.0,78301,0.08504361374695087,1.1562866,1.042296,1.037867546081543,1.1562866,1.0525712
low_vol_third,q_upfrac63,1.0,82711,0.08529699798092152,1.1772766,1.0612168,1.089477777481079,1.1223809,1.0430644
low_vol_third,q_clv21,0.0,79681,0.08613094715176767,1.164611,1.0497998,1.0621473789215088,1.164611,1.0585915
low_vol_third,q_clv63,0.0,69187,0.08662031884602599,1.1702758,1.0549061,1.0343185663223267,1.1702758,1.0628117
low_vol_third,q_ovn63,1.0,85151,0.08314641049429837,1.1403526,1.0279329,1.0813926458358765,1.1390941,1.1020944
low_vol_third,q_ses63,0.0,80658,0.08562076917354756,1.1554415,1.0415343,1.0562852621078491,1.1554415,1.0524466
low_vol_third,q_gapfreq63,2.0,101350,0.07858904785397139,1.149964,1.0365967,1.038487195968628,1.0689179,1.1203086
low_vol_third,q_rng63,0.0,209864,0.0827774177562612,1.1262674,1.0152363,1.023415446281433,1.1262674,0.9724921
low_vol_third,q_rng63_lag63,0.0,201934,0.08322026008497826,1.1302263,1.0188048,1.035339593887329,1.1302263,1.0970953
low_vol_third,q_rng63_ratio,2.0,94813,0.08319534241085083,1.1269832,1.0158814,1.0775812864303589,1.1266819,1.0987692
low_vol_third,q_base_tight,0.0,101225,0.08301308965176586,1.1379417,1.0257597,1.0947356224060059,1.1379417,1.1087623
low_vol_third,q_bo_hold21,1.0,60156,0.08556087505818206,1.1623747,1.047784,1.0876144170761108,1.0576365,1.0632507
low_vol_third,q_bo_gain21,0.0,36827,0.08719146278545632,1.1885592,1.071387,1.0684655904769897,1.1885592,1.0016057
low_vol_third,q_bo_tight21,4.0,97540,0.0819868771785934,1.1279852,1.0167847,1.1038544178009033,1.1004869,1.1279852
low_vol_third,q_bo_hold63,1.0,51954,0.0868845517188282,1.1641197,1.0493569,1.1256846189498901,0.95891124,1.0632623
low_vol_third,q_bo_gain63,0.0,28161,0.09115443343631263,1.2045728,1.085822,1.1189175844192505,1.2045728,1.025027
low_vol_third,q_bo_tight63,0.0,102460,0.08427679094280695,1.1526293,1.0389992,1.0961060523986816,1.1526293,1.1105973
low_vol_third,q_bo_hold126,2.0,98402,0.0818072803398305,1.1301336,1.0187213,1.0083253383636475,1.1114084,1.1216204
low_vol_third,q_bo_gain126,0.0,24782,0.0872407392462271,1.20782,1.0887492,1.1954580545425415,1.20782,1.0407958
low_vol_third,q_bo_tight126,4.0,70971,0.08440067069648166,1.1602874,1.0459024,1.12748384475708,1.0730777,1.1602874
low_vol_third,q_tail63,1.0,75047,0.08328114381654163,1.1419314,1.029356,1.0818102359771729,1.093178,1.1102736
low_vol_third,q_worst63,3.0,109425,0.08574822938085447,1.1595068,1.0451988,1.1138216257095337,1.0099369,1.136088
low_vol_third,q_best63,4.0,104142,0.08204182750475313,1.1289554,1.0176592,1.111547589302063,1.1101356,1.1289554
low_vol_third,q_jump_asym63,1.0,96915,0.08456895217458597,1.1398402,1.0274711,1.098457932472229,1.134472,1.0707773
low_vol_third,q_med_uw63,3.0,60209,0.08487103256988159,1.1521082,1.0385295,1.0979347229003906,1.0722892,1.0673271
low_vol_third,q_med_uw63_mar,3.0,82405,0.0835264850433833,1.1452986,1.0323913,1.0482561588287354,1.0528861,1.1274644
low_vol_third,q_hi_frac63,0.0,56766,0.0851389916499313,1.1880423,1.0709212,1.0576332807540894,1.1880423,1.0696505
low_vol_third,q_vov63,4.0,103144,0.08309741720313349,1.1250511,1.0141399,1.017827033996582,1.0845596,1.1250511
low_vol_third,q_co126,4.0,95742,0.08714043993231811,1.1809764,1.0645518,1.097063422203064,1.0582788,1.1809764
low_vol_third,q_rel_dn126,3.0,147814,0.08374037641901308,1.1444522,1.0316284,1.078953504562378,0.9947007,1.0663892
low_vol_third,q_rel_up126,4.0,9473,0.07801118969703368,1.1596236,1.0453041,0.8786753416061401,1.0824711,1.1596236
low_vol_third,q_rel_dn126_mar,3.0,127345,0.08326985747379168,1.137822,1.0256518,1.0703343152999878,1.127042,1.0864853
low_vol_third,q_rs63,0.0,52002,0.08891965693627168,1.2135171,1.0938846,1.1260160207748413,1.2135171,1.0091053
low_vol_third,q_rs_roc21,0.0,62991,0.0854725278214348,1.1683143,1.053138,1.0704612731933594,1.1683143,1.0203743
low_vol_third,q_kt_min,0.0,70132,0.08742086351451549,1.1704034,1.0550212,1.048451542854309,1.1704034,1.0471207
low_vol_third,q_er_min3,0.0,78419,0.08759356788533391,1.1828203,1.066214,1.0711841583251953,1.1828203,1.0381458
low_vol_third,q_roc_align,2.0,78131,0.0870077178072724,1.1596206,1.0453014,1.0943783521652222,1.0848099,1.0857091
low_vol_third,q_pv_spread21,1.0,93088,0.08229847026469578,1.1224319,1.0117788,1.050618290901184,1.1217773,1.1118788
low_vol_third,q_pv_spread63,0.0,44143,0.08751104365358041,1.1535506,1.0398297,1.0610284805297852,1.1535506,1.0909383
low_vol_third,q_pr_spread21,0.0,85284,0.08357956943858168,1.1223313,1.0116881,1.0514878034591675,1.1223313,1.1010416
low_vol_third,q_vv_spread21,0.0,96155,0.08327180073839113,1.1273594,1.0162206,1.0470153093338013,1.1273594,1.1099182
low_vol_third,q_vv_spread63,2.0,95696,0.08236498913225213,1.124562,1.0136989,1.0578160285949707,1.0891306,1.1099842
low_vol_third,q_pvv21,0.0,93273,0.0843009230967161,1.1434639,1.0307374,1.0646519660949707,1.1434639,1.0990891
low_vol_third,q_pvv63,1.0,82238,0.08424329385442253,1.145616,1.0326774,1.0430010557174683,1.1260905,1.0923117
low_vol_third,q_pv_ratio63,1.0,75438,0.08593812137119224,1.1604515,1.0460504,1.031084656715393,1.1563736,1.0438662
low_vol_third,q_d_vc21_126,0.0,88332,0.08208803151745686,1.1207309,1.0102456,1.0216630697250366,1.1207309,1.1001205
low_vol_third,q_d_rc21_252,0.0,84379,0.08152502399886227,1.1351616,1.0232537,1.0268996953964233,1.1351616,1.1009092
low_vol_third,q_d_rv10_126,0.0,77917,0.08198467600138609,1.118549,1.0082787,1.0311377048492432,1.118549,1.0946347
low_vol_third,q_d_udv63,0.0,92053,0.08508142048602435,1.1536576,1.0399262,1.0772241353988647,1.1536576,1.0790625
low_vol_third,q_d_er63,0.0,97541,0.08473359920443711,1.1496949,1.0363542,1.0733495950698853,1.1496949,1.0391685
low_vol_third,q_d_kt63,0.0,95687,0.08779667039409743,1.1801918,1.0638446,1.1007055044174194,1.1801918,1.0955409
low_vol_third,q_d_mdd63_rel,3.0,93707,0.08413458973182367,1.1394887,1.0271541,1.0992623567581177,1.0681005,1.1392035
low_vol_third,q_d_gp63,1.0,90712,0.08464150277802275,1.1517423,1.0381998,1.090522289276123,1.1096205,1.0481207
low_vol_third,q_d_dn63,1.0,90724,0.0850601825316344,1.1528144,1.0391661,1.087499737739563,1.1474459,1.0484023
low_vol_third,q_stair_b21,0.0,410617,0.08221286502994274,1.1128035,1.0030996,1.0327551364898682,1.1128035,1.0815707
low_vol_third,q_stair_b63,0.0,420584,0.08251383790158447,1.1173702,1.0072162,1.0441526174545288,1.1173702,1.0273143
low_vol_third,q_stair_b126,0.0,429252,0.08213823115559159,1.1148441,1.0049391,1.0417548418045044,1.1148441,1.0390091
low_vol_third,q_stair_scales,0.0,362929,0.08292806582003642,1.117603,1.0074259,1.0398375988006592,1.117603,0.87476504
low_vol_third,q_age_trend,0.0,12375,0.11038383838383839,1.4363579,1.2947569,1.4094096422195435,1.4363579,1.0186127
low_vol_third,q_age_comp,3.0,78392,0.08446014899479538,1.1545866,1.0407636,1.0825130939483643,1.0632671,1.0755935
low_vol_third,q_age_stair,1.0,21946,0.09669188006926091,1.2870488,1.1601672,1.279526948928833,1.2870488,1.0178936
low_vol_third,q_mem_y63,0.0,85888,0.08955849478390462,1.1598396,1.0454988,1.0981651544570923,1.1598396,1.0726873
low_vol_third,q_mem_y21,0.0,80715,0.08648950009291953,1.1712075,1.0557461,1.0582622289657593,1.1712075,1.0964094
low_vol_third,q_mem_y63_long,4.0,89434,0.08611937294541226,1.1575382,1.0434242,1.074586033821106,1.1109024,1.1575382
low_vol_third,sq_roc21,1.0,104518,0.08524847394707132,1.1638277,1.0490937,1.088231086730957,1.151008,1.0575919
low_vol_third,sq_roc63,0.0,59088,0.08516111562415381,1.158408,1.0442083,1.0954337120056152,1.158408,1.0783727
low_vol_third,sq_roc126,0.0,54483,0.08727492979461483,1.1566359,1.0426109,1.0953564643859863,1.1566359,1.1107346
low_vol_third,sq_er21,0.0,82900,0.08622436670687575,1.1635342,1.0488291,1.0748594999313354,1.1635342,1.08751
low_vol_third,sq_er63,0.0,74409,0.08419680415003561,1.1394101,1.0270833,1.0502557754516602,1.1394101,1.0931371
low_vol_third,sq_kt63,0.0,74369,0.08420175072947061,1.1438522,1.0310875,1.0468658208847046,1.1438522,1.1035863
low_vol_third,sq_vc21_126,3.0,85199,0.08321693916595266,1.1261778,1.0151554,1.0548852682113647,1.1168405,1.0891482
low_vol_third,sq_vroc21,3.0,92062,0.08210771002150724,1.1220974,1.0114774,1.055512547492981,1.1102991,1.0999405
low_vol_third,sq_rc21_252,0.0,102268,0.0833398521531662,1.1576574,1.0435317,1.045761227607727,1.1576574,1.0709304
low_vol_third,sq_rv10_126,4.0,81617,0.0828381342122352,1.1225302,1.0118675,1.0330384969711304,1.1084273,1.1225302
low_vol_third,sq_vlroc21,2.0,100931,0.08287840207666623,1.1263862,1.0153433,1.074933409690857,1.1094407,1.098531
low_vol_third,sq_mdd63,2.0,85826,0.08384405657959126,1.1330874,1.0213839,1.0464215278625488,1.1053611,1.0338979
low_vol_third,sq_udv63,0.0,76858,0.0844024044341513,1.1500902,1.0367105,1.0168051719665527,1.1500902,1.0728648
low_vol_third,sq_hexp126,2.0,92592,0.08313893208916537,1.1348784,1.0229983,1.0452454090118408,1.1216742,1.0753481
low_vol_third,sq_acc21,0.0,65523,0.08418417960105612,1.1400486,1.0276588,1.061429738998413,1.1400486,1.0739
low_vol_third,iq_roc21,0.0,50112,0.08295418263090677,1.135431,1.0234965,1.0411598682403564,1.135431,1.0777402
low_vol_third,iq_roc63,1.0,87529,0.08229272583943607,1.1218616,1.0112648,1.028477668762207,1.0995293,1.0962653
low_vol_third,iq_roc126,1.0,86182,0.08292914993850224,1.1262809,1.0152484,1.0428493022918701,1.1078271,1.0989454
low_vol_third,iq_er21,0.0,60581,0.08555487694161536,1.163634,1.0489191,1.0582177639007568,1.163634,1.0905678
low_vol_third,iq_er63,1.0,78214,0.08359117293579155,1.1313714,1.019837,1.037184238433838,1.1058192,1.1110219
low_vol_third,iq_kt63,1.0,78792,0.08268605949842624,1.1275676,1.0164083,1.0673513412475586,1.1163778,1.1146871
low_vol_third,iq_vc21_126,3.0,79724,0.08208318699513321,1.1174294,1.0072695,1.0635998249053955,1.0877523,1.0913165
low_vol_third,iq_vroc21,4.0,108004,0.08159882967297508,1.1092896,0.99993217,1.053538203239441,1.1025702,1.1092896
low_vol_third,iq_rc21_252,0.0,72151,0.08185610733045973,1.1450862,1.0321997,1.0512768030166626,1.1450862,1.0759555
low_vol_third,iq_rv10_126,4.0,95044,0.0815517023694289,1.1113796,1.0018162,1.0432498455047607,1.0933672,1.1113796
low_vol_third,iq_vlroc21,4.0,100139,0.08204595612099182,1.1197038,1.0093197,1.0501189231872559,1.0845655,1.1197038
low_vol_third,iq_mdd63,4.0,47093,0.08485337523623468,1.1344662,1.0226268,1.0830506086349487,1.1119246,1.1344662
low_vol_third,iq_udv63,0.0,57420,0.08310693138279346,1.1325892,1.0209348,1.018990397453308,1.1325892,1.0948069
low_vol_third,iq_hexp126,3.0,86992,0.0821569799521795,1.1223785,1.0117307,1.0463508367538452,1.1057202,1.0709689
low_vol_third,iq_acc21,0.0,50404,0.08269184985318626,1.1284636,1.017216,1.0449532270431519,1.1284636,1.085081
low_vol_third,q_age_hot,2.0,397502,0.08229392556515439,1.1268368,1.0157495,1.053213357925415,1.1268368,1.0091053
low_vol_third,q_age_quiet,4.0,246748,0.08211616710165837,1.1230592,1.0123442,1.0676653385162354,1.0964279,1.1230592
low_vol_third,q_ind_d_roc63,1.0,90636,0.08262721214528443,1.1313494,1.0198172,1.1027460098266602,1.129124,1.0487282
low_vol_third,q_sec_d_roc63,2.0,88717,0.08627433299142216,1.1799592,1.0636349,1.1254702806472778,1.1257871,1.0680147
low_vol_third,q_dq_roc63,0.0,86887,0.08475376063162499,1.1594855,1.0451795,1.0759538412094116,1.1594855,1.0619665
low_vol_third,q_dq_mar21,3.0,98791,0.08254800538510593,1.123368,1.0126227,1.0554465055465698,1.1076072,1.1025735
low_vol_third,q_dq_er63,0.0,96668,0.08460917780444407,1.1508135,1.0373625,1.0869576930999756,1.1508135,1.0779008
low_vol_third,q_dq_kt63,0.0,95334,0.08491199362242222,1.155944,1.0419872,1.0507601499557495,1.155944,1.0749114
low_vol_third,q_dq_rs63,0.0,86887,0.08475376063162499,1.1594855,1.0451795,1.0759538412094116,1.1594855,1.0619665
low_vol_third,q_dq_vlroc21,1.0,97142,0.08237425624343744,1.1291528,1.0178372,1.0529587268829346,1.0982958,1.0976094
low_vol_third,q_dq_mdd63,4.0,90167,0.08721594374882163,1.1859553,1.06904,1.1493189334869385,1.0928526,1.1859553
low_vol_third,q_tmpl_d40,0.0,86258,0.08857149481787197,1.1843295,1.0675744,1.097425103187561,1.1843295,1.0219121
low_vol_third,q_tmpl_d80,0.0,78601,0.0860294398290098,1.174686,1.0588815,1.0674307346343994,1.174686,1.0091947
low_vol_third,q_tmpl_d160,2.0,94683,0.08267587634527845,1.1372565,1.025142,1.068253517150879,1.1160977,1.0597839
low_vol_third,q_tmpl_min,0.0,75370,0.08872230330370173,1.1892567,1.0720158,1.0251586437225342,1.1892567,1.0245444
low_vol_third,q_tmpl_mean,0.0,73605,0.08677399633177094,1.1638502,1.049114,1.0405561923980713,1.1638502,1.0186884
quiet_uptrend,q_logp,0.0,28195,0.08288703670863629,1.1317347,1.0927501,0.9125633239746094,1.1317347,1.0235758
quiet_uptrend,q_roc5,0.0,25845,0.07769394467014896,1.070767,1.0338825,0.9961773753166199,1.070767,0.9669889
quiet_uptrend,q_roc10,0.0,20716,0.08061401815022205,1.116686,1.0782197,1.0576705932617188,1.116686,0.94360775
quiet_uptrend,q_roc21,0.0,12867,0.08230356726509676,1.1254736,1.0867046,1.0284587144851685,1.1254736,0.9519179
quiet_uptrend,q_roc42,0.0,4501,0.09753388135969784,1.281204,1.2370706,1.1216957569122314,1.281204,0.9769311
quiet_uptrend,q_roc63,0.0,573,0.13612565445026178,1.8196074,1.7569276,1.7081608772277832,1.8196074,0.99334526
quiet_uptrend,q_roc126,1.0,31374,0.08299866131191433,1.1538829,1.1141353,1.1059097051620483,1.1225687,0.997572
quiet_uptrend,q_roc252,1.0,40774,0.07992838573600825,1.1302309,1.091298,1.0645016431808472,1.0331174,0.93364954
quiet_uptrend,q_acc10,2.0,67862,0.07622822787421532,1.0791638,1.04199,1.0211443901062012,1.0385487,1.0004914
quiet_uptrend,q_acc21,0.0,36666,0.07860142911689304,1.0894065,1.0518799,1.045014500617981,1.0894065,0.97930104
quiet_uptrend,q_acc63,1.0,34490,0.07871846912148449,1.0892951,1.0517724,1.0009870529174805,1.0755185,1.0108259
quiet_uptrend,q_roc21_vs_63,0.0,37390,0.07956672907194437,1.1031036,1.0651052,1.0433926582336426,1.1031036,0.97935873
quiet_uptrend,q_roc63_vs_252,0.0,2912,0.09168956043956043,1.2189933,1.1770028,0.9790350794792175,1.2189933,1.003762
quiet_uptrend,q_mar10,0.0,101416,0.0755502090399937,1.053284,1.0170017,1.0012768507003784,1.053284,0.888487
quiet_uptrend,q_mar21,0.0,110527,0.07645190767866675,1.0651367,1.0284461,1.0280044078826904,1.0651367,0.957422
quiet_uptrend,q_mar63,0.0,115611,0.07789051214849799,1.0830785,1.0457698,1.0330432653427124,1.0830785,0.95192164
quiet_uptrend,q_mar126,0.0,110453,0.0771640426244647,1.0769043,1.0398084,1.0101094245910645,1.0769043,0.9746087
quiet_uptrend,q_mar252,0.0,105868,0.07629311973400839,1.0637878,1.0271437,1.020363450050354,1.0637878,1.0165606
quiet_uptrend,q_mrg10,0.0,112662,0.07634339883900516,1.0650073,1.0283211,1.0282286405563354,1.0650073,0.96569616
quiet_uptrend,q_mrg21,0.0,114804,0.07673077593115223,1.0685035,1.0316969,1.0265177488327026,1.0685035,1.0084544
quiet_uptrend,q_mrg63,3.0,12906,0.07903300790330078,1.0725765,1.0356296,0.8691964149475098,1.0591421,1.002943
quiet_uptrend,q_mrg252,0.0,105262,0.07570633276966046,1.0551145,1.0187691,0.9911785125732422,1.0551145,1.0515878
quiet_uptrend,q_vc10_63,2.0,53025,0.07432343234323432,1.0515329,1.0153109,0.9998524785041809,1.0402962,1.0155194
quiet_uptrend,q_vc21_126,2.0,54041,0.07553524176088526,1.0532254,1.0169451,0.9957159161567688,1.0389804,0.995
quiet_uptrend,q_vc63_252,0.0,83664,0.07649646203863071,1.0659373,1.0292192,1.045336127281189,1.0659373,1.0024728
quiet_uptrend,q_rc10_63,0.0,54722,0.07574650049340302,1.0773634,1.0402516,1.027083396911621,1.0773634,1.0009296
quiet_uptrend,q_rc21_252,1.0,63442,0.07674726521862489,1.0843294,1.0469776,1.0270071029663086,1.0493971,0.9312837
quiet_uptrend,q_rc63_252,1.0,65681,0.07674974497952224,1.0748181,1.037794,0.9925630688667297,1.0293949,0.9622739
quiet_uptrend,q_vroc21,3.0,53155,0.07517637099049948,1.056832,1.0204275,0.9494780898094177,1.039488,1.0320228
quiet_uptrend,q_vroc63,4.0,29362,0.07700429126081329,1.0611794,1.0246251,0.8867462277412415,1.0575687,1.0611794
quiet_uptrend,q_rroc21,0.0,53133,0.07477462217454313,1.0526223,1.0163628,0.9892515540122986,1.0526223,0.9943705
quiet_uptrend,q_rroc63,0.0,70756,0.0750183730001696,1.0679619,1.0311741,1.0086997747421265,1.0679619,0.9995776
quiet_uptrend,q_vacc21,3.0,54495,0.07494265528947609,1.057466,1.0210396,0.96736741065979,1.0405631,1.0476568
quiet_uptrend,q_racc21,2.0,55188,0.07409219395520765,1.0490844,1.0129467,0.9826381802558899,1.0231771,1.0296115
quiet_uptrend,q_mar21_pct252,2.0,53975,0.07483094025011579,1.0518593,1.0156261,0.9841859936714172,1.0493969,0.96725
quiet_uptrend,q_mrg21_pct252,1.0,62170,0.0773685057101496,1.0916635,1.0540591,1.0328731536865234,1.0614078,0.92882
quiet_uptrend,q_asym63,0.0,28888,0.07667543616726669,1.0515487,1.0153261,1.0157394409179688,1.0515487,1.0499252
quiet_uptrend,q_asym21,0.0,37740,0.07745098039215687,1.080847,1.0436152,1.0021597146987915,1.080847,1.0174724
quiet_uptrend,q_dn21,0.0,17397,0.0786917284589297,1.1005319,1.0626221,1.0013723373413086,1.1005319,0.99021316
quiet_uptrend,q_dn63,1.0,4687,0.09409003627053553,1.213522,1.1717199,1.1435729265213013,1.213522,1.0264577
quiet_uptrend,q_dn126,1.0,23707,0.08136837221073945,1.1229087,1.084228,1.0874812602996826,1.0738872,1.0057794
quiet_uptrend,q_rv5_63,0.0,50689,0.07526287754739687,1.0605701,1.0240368,1.0112217664718628,1.0605701,1.0012403
quiet_uptrend,q_rv10_126,0.0,53697,0.07546045402908914,1.0741364,1.0371357,1.0253759622573853,1.0741364,0.99693215
quiet_uptrend,q_rv21_252,0.0,56680,0.07619971771347918,1.075977,1.038913,0.9284970164299011,1.075977,0.9951164
quiet_uptrend,q_rv63_252,3.0,51657,0.07418162107749192,1.0462226,1.0101835,0.9859510064125061,1.0320675,1.0115712
quiet_uptrend,q_vlroc21,2.0,58992,0.07556956875508544,1.0625465,1.0259451,1.0025593042373657,1.0440038,0.9792716
quiet_uptrend,q_vlroc63,0.0,54273,0.07622574760930849,1.0907944,1.05322,1.0123403072357178,1.0907944,1.0300914
quiet_uptrend,q_vlacc21,1.0,56334,0.07702275712713459,1.0826745,1.0453798,1.036601185798645,1.0229737,1.0028005
quiet_uptrend,q_udv21,0.0,25298,0.07862281603288798,1.1161834,1.0777344,1.008347511291504,1.1161834,1.001217
quiet_uptrend,q_udv63,1.0,26140,0.07647283856159143,1.0916156,1.0540129,1.0001513957977295,1.0636369,1.0026796
quiet_uptrend,q_udv21_roc,0.0,52480,0.0761623475609756,1.0683478,1.0315466,1.0063469409942627,1.0683478,0.9955421
quiet_uptrend,q_ldv63,4.0,69373,0.07606705778905337,1.0741608,1.0371593,0.9692825675010681,0.9473175,1.0741608
quiet_uptrend,q_vnoise21,1.0,57450,0.07524804177545692,1.0534203,1.0171334,0.9952679872512817,1.038889,1.0176924
quiet_uptrend,q_vnoise_roc21,4.0,53391,0.07475042610177746,1.0536792,1.0173833,0.9805194139480591,1.0377781,1.0536792
quiet_uptrend,q_ddh63,1.0,14865,0.08113017154389505,1.1178676,1.0793606,1.0306507349014282,0.99475586,1.009167
quiet_uptrend,q_ddh252,1.0,14051,0.07785922710127394,1.0677538,1.0309731,0.932534396648407,1.0524389,1.0159035
quiet_uptrend,q_mdd21,1.0,73933,0.07425642135446958,1.0553542,1.0190006,0.9643902778625488,1.0275155,1.0047946
quiet_uptrend,q_mdd63,3.0,8262,0.07964173323650448,1.0619714,1.0253899,0.9747501611709595,1.0305014,0.65737516
quiet_uptrend,q_mdd126,3.0,20205,0.07923781242266766,1.0965296,1.0587577,1.0455960035324097,1.0392582,0.994298
quiet_uptrend,q_mdd63_rel,4.0,8441,0.08032223670181259,1.0855969,1.0482016,1.0277665853500366,1.0240275,1.0855969
quiet_uptrend,q_mdd63_mar,4.0,10235,0.09076697606253054,1.1998945,1.158562,1.136243224143982,0.9928898,1.1998945
quiet_uptrend,q_gp63,1.0,6382,0.09448448762143528,1.209651,1.1679823,1.1213692426681519,1.209651,1.0165864
quiet_uptrend,q_gp21,0.0,16728,0.07938785270205644,1.1027008,1.0647162,1.0260298252105713,1.1027008,0.9725921
quiet_uptrend,q_gp126,1.0,25666,0.08123587625652615,1.1211727,1.0825518,1.0627778768539429,1.0965623,0.9954176
quiet_uptrend,q_mdd_roc,4.0,11057,0.08962648096228633,1.1702417,1.1299306,1.0758155584335327,1.0248214,1.1702417
quiet_uptrend,q_er5,1.0,44777,0.07544051633651205,1.0632833,1.0266565,0.9895617365837097,1.0628037,1.0105072
quiet_uptrend,q_er10,0.0,28101,0.07846695847122878,1.0986001,1.0607568,0.9950764775276184,1.0986001,0.98565555
quiet_uptrend,q_er21,0.0,16928,0.07986767485822306,1.114197,1.0758164,1.039199948310852,1.114197,0.98277146
quiet_uptrend,q_er63,1.0,5012,0.09596967278531525,1.2275105,1.1852266,1.2034801244735718,1.2275105,1.0239443
quiet_uptrend,q_er126,1.0,24003,0.08203141274007415,1.1325719,1.0935584,1.1093066930770874,1.0609077,0.994826
quiet_uptrend,q_er_min,1.0,28764,0.07766652760394938,1.0948737,1.0571587,0.9687968492507935,1.0799484,1.0005413
quiet_uptrend,q_er_prod,1.0,25793,0.07990540069010972,1.1036044,1.0655887,1.0406043529510498,1.0960796,0.99169725
quiet_uptrend,q_er_roc21,0.0,52492,0.078754857883106,1.098824,1.060973,1.034327507019043,1.098824,0.984488
quiet_uptrend,q_er_roc63,0.0,25116,0.07783882783882784,1.0692748,1.0324416,1.0224742889404297,1.0692748,1.0084494
quiet_uptrend,q_er63_126,0.0,8234,0.08149137721641972,1.1011654,1.0632337,1.0051462650299072,1.1011654,1.0177732
quiet_uptrend,q_kt21,0.0,20959,0.08163557421632711,1.140363,1.101081,1.049695372581482,1.140363,0.9834401
quiet_uptrend,q_kt63,1.0,14222,0.0819856560258754,1.137226,1.0980521,1.1026097536087036,1.1333449,1.0244396
quiet_uptrend,q_kt126,0.0,8142,0.08130680422500614,1.1025076,1.0645297,1.0163884162902832,1.1025076,1.0005584
quiet_uptrend,q_kt_roc,1.0,52370,0.07477563490548024,1.05118,1.0149702,1.0315080881118774,1.0410302,1.050249
quiet_uptrend,q_hexp126,2.0,54048,0.07632104795737123,1.0750817,1.0380485,0.9822319746017456,1.0038172,1.0315038
quiet_uptrend,q_hexp252,2.0,53901,0.07625090443591027,1.067437,1.0306672,1.0074409246444702,1.0064445,1.0282992
quiet_uptrend,q_hexp_roc,1.0,45837,0.07690293867399699,1.0700028,1.0331446,0.9381707906723022,1.0319414,1.0481414
quiet_uptrend,q_hl_steps63,0.0,7833,0.07647133920592365,1.0740083,1.0370121,1.0353249311447144,1.0740083,1.0112835
quiet_uptrend,q_hh_steps63,0.0,7224,0.0858250276854928,1.2166172,1.1747086,1.0135693550109863,1.2166172,1.0322741
quiet_uptrend,q_hl_steps21,0.0,21248,0.07845444277108433,1.1007304,1.0628138,1.0190517902374268,1.1007304,1.0118409
quiet_uptrend,q_nh_freq21,0.0,6750,0.08103703703703703,1.1024679,1.0644914,0.9956569075584412,1.1024679,1.0243438
quiet_uptrend,q_nh_freq63,0.0,5261,0.08667553697015777,1.1851639,1.1443387,1.025120735168457,1.1851639,1.0168041
quiet_uptrend,q_upfrac21,0.0,24881,0.07817209919215466,1.1043986,1.0663556,1.0073587894439697,1.1043986,1.0025114
quiet_uptrend,q_upfrac63,1.0,27956,0.0780869938474746,1.099392,1.0615214,1.0445401668548584,1.0878218,1.0059605
quiet_uptrend,q_clv21,1.0,42283,0.07577513421469621,1.0666159,1.0298743,1.00972318649292,1.0310568,1.0109875
quiet_uptrend,q_clv63,0.0,17092,0.07828223730400187,1.0990809,1.061221,1.0398507118225098,1.0990809,1.0233746
quiet_uptrend,q_ovn63,1.0,40784,0.07507846214201648,1.0552102,1.0188615,0.9604874849319458,1.0548334,1.0509106
quiet_uptrend,q_ses63,0.0,5122,0.08395158141351035,1.1172893,1.0788022,1.002373456954956,1.1172893,1.0184441
quiet_uptrend,q_gapfreq63,2.0,61995,0.07157028792644568,1.0756571,1.0386041,0.9254748225212097,0.9857974,1.0266471
quiet_uptrend,q_rng63,1.0,75835,0.07500494494626492,1.0561954,1.0198128,1.0106548070907593,1.0374243,0.97186655
quiet_uptrend,q_rng63_lag63,4.0,9884,0.07942128692836908,1.0885549,1.0510576,1.0082566738128662,1.069155,1.0885549
quiet_uptrend,q_rng63_ratio,2.0,55790,0.07578419071518193,1.0610687,1.0245181,0.9836754202842712,0.9906034,1.0491277
quiet_uptrend,q_base_tight,1.0,56339,0.07541844903175421,1.0662239,1.0294958,0.9498481750488281,1.046227,1.04156
quiet_uptrend,q_bo_hold21,3.0,79887,0.07416726125652484,1.0638504,1.0272042,1.003001093864441,0.9061275,1.0196534
quiet_uptrend,q_bo_gain21,0.0,3971,0.08839083354318811,1.1857045,1.1448607,0.9244959354400635,1.1857045,0.96874654
quiet_uptrend,q_bo_tight21,4.0,67180,0.07609407561774338,1.0825967,1.0453047,1.0578175783157349,1.0271986,1.0825967
quiet_uptrend,q_bo_hold63,1.0,22202,0.08337086748941537,1.1663178,1.1261419,1.1332879066467285,0.95228225,1.0122331
quiet_uptrend,q_bo_gain63,2.0,42216,0.07888004548038659,1.131475,1.0924993,1.034200668334961,1.0247266,0.99190146
quiet_uptrend,q_bo_tight63,1.0,56230,0.07531566779299306,1.0622698,1.0256779,0.9472505450248718,1.0620518,1.0186639
quiet_uptrend,q_bo_hold126,1.0,35276,0.07770155346411158,1.0776376,1.0405164,1.024034023284912,1.0446426,1.0398989
quiet_uptrend,q_bo_gain126,1.0,26170,0.08463889950324799,1.1878636,1.1469455,1.1235607862472534,0.98592645,0.9818634
quiet_uptrend,q_bo_tight126,4.0,44536,0.0772408837794144,1.0881934,1.0507085,1.0508592128753662,1.0158126,1.0881934
quiet_uptrend,q_tail63,4.0,68067,0.07651284763541805,1.0739859,1.0369905,1.028566598892212,1.0293218,1.0739859
quiet_uptrend,q_worst63,3.0,52310,0.07971707130567769,1.12536,1.0865949,1.0600272417068481,0.9610848,1.1053292
quiet_uptrend,q_best63,4.0,83678,0.07804918855613184,1.1043887,1.066346,1.0969929695129395,0.9730067,1.1043887
quiet_uptrend,q_jump_asym63,0.0,19386,0.07985143918291551,1.0821208,1.0448451,0.8975369334220886,1.0821208,1.057563
quiet_uptrend,q_med_uw63,4.0,4306,0.08569437993497446,1.1559396,1.116121,1.104433536529541,1.026325,1.1559396
quiet_uptrend,q_med_uw63_mar,3.0,24204,0.08081308874566187,1.1382968,1.0990862,1.0412510633468628,1.0195178,1.1171938
quiet_uptrend,q_hi_frac63,0.0,3165,0.09731437598736177,1.2966157,1.2519515,1.1025755405426025,1.2966157,1.0297225
quiet_uptrend,q_vov63,3.0,54562,0.07444741761665628,1.0516316,1.0154061,0.9728460311889648,1.0046053,1.0474752
quiet_uptrend,q_co126,4.0,62785,0.07597356056382894,1.0800718,1.0428667,0.9813446402549744,1.0407013,1.0800718
quiet_uptrend,q_rel_dn126,3.0,78596,0.07497837040052929,1.0632172,1.0265927,0.9783469438552856,0.98841226,1.0214137
quiet_uptrend,q_rel_up126,1.0,71369,0.0778769493757794,1.0809435,1.0437083,0.9915146231651306,1.0397778,0.9989477
quiet_uptrend,q_rel_dn126_mar,4.0,109954,0.07617731051166851,1.0446147,1.008631,0.955393373966217,1.0001011,1.0446147
quiet_uptrend,q_rs63,0.0,573,0.13612565445026178,1.8196074,1.7569276,1.7081608772277832,1.8196074,0.99334526
quiet_uptrend,q_rs_roc21,0.0,20047,0.08355364892502619,1.1143571,1.075971,1.0975593328475952,1.1143571,0.98182404
quiet_uptrend,q_kt_min,0.0,9245,0.08199026500811249,1.1368377,1.0976772,0.9946704506874084,1.1368377,1.0068011
quiet_uptrend,q_er_min3,0.0,12064,0.07775198938992042,1.0930177,1.0553666,0.9712706804275513,1.0930177,0.9979506
quiet_uptrend,q_roc_align,2.0,15742,0.07813492567653411,1.0758871,1.0388261,1.001105785369873,0.9644851,1.0287863
quiet_uptrend,q_pv_spread21,1.0,51960,0.07584680523479599,1.0675579,1.0307839,0.9779212474822998,1.0471078,1.0334637
quiet_uptrend,q_pv_spread63,0.0,13914,0.08214747736093143,1.1101941,1.0719514,0.9132001996040344,1.1101941,1.020505
quiet_uptrend,q_pr_spread21,1.0,51699,0.07441149732103136,1.0418135,1.0059263,0.9766066074371338,1.0409337,1.0221789
quiet_uptrend,q_vv_spread21,0.0,54593,0.0759071675855879,1.0636805,1.0270401,0.992336630821228,1.0636805,1.0067712
quiet_uptrend,q_vv_spread63,4.0,65800,0.07617021276595745,1.0587256,1.0222558,1.0028213262557983,1.0530665,1.0587256
quiet_uptrend,q_pvv21,0.0,49074,0.07763785303826874,1.084604,1.0472429,1.0210294723510742,1.084604,1.0051332
quiet_uptrend,q_pvv63,0.0,21209,0.0773256636333632,1.0740108,1.0370146,0.827636182308197,1.0740108,1.0245466
quiet_uptrend,q_pv_ratio63,1.0,4603,0.09102759070171627,1.1748153,1.1343466,1.0481806993484497,1.1748153,1.0253551
quiet_uptrend,q_d_vc21_126,3.0,54780,0.07422416940489229,1.0447097,1.0087228,0.9377987384796143,1.0430685,1.0259992
quiet_uptrend,q_d_rc21_252,1.0,54394,0.07487958230687208,1.0556101,1.0192477,0.9941604137420654,1.0555114,1.0106153
quiet_uptrend,q_d_rv10_126,0.0,46481,0.07669800563671178,1.074039,1.0370418,1.0329536199569702,1.074039,0.9875351
quiet_uptrend,q_d_udv63,0.0,33623,0.07836897361924873,1.0917026,1.0540968,1.0581707954406738,1.0917026,1.0288706
quiet_uptrend,q_d_er63,2.0,53224,0.07445889072598827,1.0579764,1.0215324,0.969373881816864,1.0558051,1.0059077
quiet_uptrend,q_d_kt63,4.0,56035,0.07586329972338716,1.0499104,1.0137444,0.9635922908782959,1.0478053,1.0499104
quiet_uptrend,q_d_mdd63_rel,4.0,38676,0.07746406039921398,1.0567839,1.0203811,1.0297441482543945,1.0417463,1.0567839
quiet_uptrend,q_d_gp63,2.0,36565,0.07660330917544099,1.0766853,1.0395969,1.038357138633728,1.0123296,1.0151103
quiet_uptrend,q_d_dn63,0.0,27000,0.07903703703703703,1.0885172,1.0510212,1.0325684547424316,1.0885172,1.0111754
quiet_uptrend,q_stair_b21,0.0,210298,0.07522182807254467,1.0464002,1.010355,0.9692719578742981,1.0464002,0.9950889
quiet_uptrend,q_stair_b63,0.0,206160,0.07533469150174622,1.0475912,1.011505,0.9872663021087646,1.0475912,0.99446636
quiet_uptrend,q_stair_b126,0.0,221107,0.07486872871505651,1.046517,1.0104678,0.98244309425354,1.046517,0.98361385
quiet_uptrend,q_stair_scales,0.0,145301,0.07624861494415042,1.0543275,1.0180092,0.9836934804916382,1.0543275,0.84745336
quiet_uptrend,q_age_trend,1.0,4732,0.09319526627218935,1.2161673,1.1742742,1.0728118419647217,1.2161673,1.0037602
quiet_uptrend,q_age_comp,2.0,40712,0.07614462566319513,1.0751836,1.038147,0.9697982668876648,1.0380673,0.9997661
quiet_uptrend,q_age_stair,1.0,19635,0.08245480010185892,1.0878894,1.050415,1.0607963800430298,1.0878894,0.9893512
quiet_uptrend,q_mem_y63,0.0,40382,0.08293298994601556,1.1074988,1.0693489,1.0673458576202393,1.1074988,1.0008483
quiet_uptrend,q_mem_y21,0.0,30492,0.07903712449166994,1.1022068,1.0642393,0.9884955286979675,1.1022068,1.0297618
quiet_uptrend,q_mem_y63_long,4.0,59206,0.07669830760395906,1.0705799,1.0337018,0.9999862313270569,1.021652,1.0705799
quiet_uptrend,sq_roc21,1.0,42316,0.07876453350978353,1.1040707,1.066039,1.0496256351470947,1.0432034,1.0139121
quiet_uptrend,sq_roc63,4.0,95808,0.07579742818971276,1.0507289,1.0145346,0.9912886023521423,0.96321845,1.0507289
quiet_uptrend,sq_roc126,4.0,81107,0.07631893671323067,1.0704855,1.0336106,0.9905121326446533,1.0303959,1.0704855
quiet_uptrend,sq_er21,1.0,35235,0.07696892294593444,1.0750116,1.0379808,0.9649270176887512,1.0429559,1.0444334
quiet_uptrend,sq_er63,4.0,138481,0.07627039088394798,1.0633166,1.0266887,1.0023263692855835,0.91326773,1.0633166
quiet_uptrend,sq_kt63,4.0,127413,0.0768602889815011,1.0713314,1.0344274,0.9899318814277649,0.93285763,1.0713314
quiet_uptrend,sq_vc21_126,0.0,62955,0.07440235088555318,1.0507246,1.0145304,1.0187351703643799,1.0507246,1.001022
quiet_uptrend,sq_vroc21,2.0,53162,0.07447048643768105,1.0456684,1.0096484,0.9867545962333679,1.0401026,1.0285921
quiet_uptrend,sq_rc21_252,0.0,65223,0.07627677353080968,1.0836368,1.0463089,1.0441981554031372,1.0836368,0.98484623
quiet_uptrend,sq_rv10_126,0.0,53480,0.07584143605086013,1.0713614,1.0344564,0.9885981678962708,1.0713614,1.011543
quiet_uptrend,sq_vlroc21,2.0,57992,0.07664850324182645,1.0755576,1.038508,1.0353796482086182,1.0385787,0.9865523
quiet_uptrend,sq_mdd63,0.0,141828,0.07638830132272893,1.0712718,1.0343698,0.998740017414093,1.0712718,0.98107374
quiet_uptrend,sq_udv63,4.0,104700,0.07485195797516714,1.0487881,1.0126606,1.0125155448913574,0.9397296,1.0487881
quiet_uptrend,sq_hexp126,2.0,53683,0.07525659892330905,1.0585217,1.022059,0.980536937713623,1.024142,1.0375849
quiet_uptrend,sq_acc21,0.0,38675,0.07930187459599225,1.1012222,1.0632886,1.038188099861145,1.1012222,1.0171158
quiet_uptrend,iq_roc21,2.0,52858,0.07416095955200726,1.0424291,1.0065207,0.9430972337722778,1.0346582,1.0112145
quiet_uptrend,iq_roc63,3.0,71856,0.07310454241816967,1.0442106,1.0082408,0.9431523084640503,0.844619,1.0438961
quiet_uptrend,iq_roc126,4.0,87134,0.0744829802373356,1.0551355,1.0187894,1.0028555393218994,1.0242416,1.0551355
quiet_uptrend,iq_er21,0.0,14984,0.07514682327816337,1.0538625,1.0175602,0.9596668481826782,1.0538625,1.0316373
quiet_uptrend,iq_er63,4.0,129395,0.07515746358050929,1.0597825,1.0232763,0.9932746291160583,0.8599616,1.0597825
quiet_uptrend,iq_kt63,4.0,119495,0.07496547972718524,1.0573047,1.0208839,0.95042884349823,0.9395203,1.0573047
quiet_uptrend,iq_vc21_126,3.0,46140,0.07464239271781535,1.0443907,1.0084147,0.9457312226295471,1.0242137,1.0032738
quiet_uptrend,iq_vroc21,3.0,48352,0.07325446724023825,1.0374832,1.0017452,0.9638785719871521,1.01377,1.0271597
quiet_uptrend,iq_rc21_252,0.0,45414,0.07442638833839785,1.075725,1.0386696,1.0331339836120605,1.075725,0.97978485
quiet_uptrend,iq_rv10_126,1.0,52763,0.07488201959706613,1.0553064,1.0189544,0.9903365969657898,1.0334873,0.98313135
quiet_uptrend,iq_vlroc21,2.0,52071,0.07476330395037545,1.056134,1.0197535,1.006238579750061,1.0018593,0.99203
quiet_uptrend,iq_mdd63,0.0,92527,0.07444313551720039,1.0624623,1.0258639,0.9818653464317322,1.0624623,1.0212379
quiet_uptrend,iq_udv63,4.0,100492,0.07464275763244835,1.055149,1.0188024,1.0094916820526123,0.9431555,1.055149
quiet_uptrend,iq_hexp126,0.0,28625,0.07315283842794759,1.03367,0.99806327,0.9333906769752502,1.03367,1.0308247
quiet_uptrend,iq_acc21,0.0,29775,0.07573467674223341,1.0635923,1.0269549,0.9888125658035278,1.0635923,1.0131398
quiet_uptrend,q_age_hot,2.0,177163,0.07429880957084718,1.0583966,1.0219382,0.9906539916992188,1.0583966,0.99334526
quiet_uptrend,q_age_quiet,4.0,112520,0.07656416637042304,1.0657678,1.0290555,1.0248174667358398,1.0141143,1.0657678
quiet_uptrend,q_ind_d_roc63,0.0,34454,0.07679804957334417,1.068325,1.0315247,1.0340782403945923,1.068325,0.9661527
quiet_uptrend,q_sec_d_roc63,2.0,52743,0.07384866238173786,1.0675322,1.0307591,0.992007851600647,1.067345,0.9806817
quiet_uptrend,q_dq_roc63,0.0,23289,0.07703207522864872,1.0606819,1.0241448,1.021957278251648,1.0606819,1.0159775
quiet_uptrend,q_dq_mar21,2.0,50043,0.07645424934556282,1.0552818,1.0189307,1.0145139694213867,1.0235857,1.0228984
quiet_uptrend,q_dq_er63,0.0,20067,0.07604524841780037,1.0627056,1.0260987,1.047728419303894,1.0627056,1.0435377
quiet_uptrend,q_dq_kt63,1.0,48918,0.07479864262643608,1.0596355,1.0231345,1.021949291229248,0.99558127,1.0440308
quiet_uptrend,q_dq_rs63,0.0,23289,0.07703207522864872,1.0606819,1.0241448,1.021957278251648,1.0606819,1.0159775
quiet_uptrend,q_dq_vlroc21,1.0,55497,0.07658071607474277,1.0771589,1.0400542,1.0156346559524536,1.0262493,1.0047156
quiet_uptrend,q_dq_mdd63,4.0,29869,0.07552981351903311,1.0736268,1.0366437,1.0592219829559326,1.069775,1.0736268
quiet_uptrend,q_tmpl_d40,0.0,14664,0.08394708128750682,1.1493706,1.1097784,1.0775326490402222,1.1493706,0.9792383
quiet_uptrend,q_tmpl_d80,0.0,3570,0.08879551820728292,1.1585422,1.118634,0.9743953943252563,1.1585422,0.98034936
quiet_uptrend,q_tmpl_d160,2.0,43379,0.07579704465294267,1.0718161,1.0348954,0.9483307600021362,1.0318155,1.0186957
quiet_uptrend,q_tmpl_min,0.0,5254,0.08717167872097449,1.1523564,1.1126614,1.0236696004867554,1.1523564,0.9848743
quiet_uptrend,q_tmpl_mean,1.0,15923,0.08358977579601834,1.1337475,1.0946934,1.0728471279144287,1.1045219,0.9942706
