rank,tier,ticker,Company,Sector,beta_bucket,beta_252,P_topq_42d,P_topq_63d,basis,n_signatures,best_signature,avg_score,top_states,mcap_m,Index,wt_universe,wt_tier
215,5,NVDA,NVIDIA Corp,Technology,high,1.8808643,0.2939,0.2824,signatures x2 (+composite),2,beta top 20% AND 20d/60d RV bottom 20% AND 126d Sharpe top 20%,0.4777294693251764,dist_52w_low z=-1.2; log_dvol_63 z=-0.8; mom_12_1 z=-1.0,5800146.95,SP500,0.07339367853589376,0.20412639183278564
408,6,AAPL,Apple Inc,Technology,mid,0.6835899,0.2459,0.2464,composite 0.74,0,,0.7397000991625852,skew_63 z=-1.7; vol_dry_10_50 z=-1.2; days_since_ignition z=+1.0,4852665.4,SP500,0.061404472590104696,0.13191775738137337
206,5,GOOGL,Alphabet Inc,Communication Services,high,1.3544898,0.2947,0.2968,composite 0.59,0,,0.5909347121910159,dn_vol_63 z=+1.1; days_since_52w_high z=+1.9; days_since_2x_low z=-1.2,4235601.2,SP500,0.05359628912144129,0.149064842262077
210,5,GOOG,Alphabet Inc,Communication Services,high,1.3365992,0.2947,0.2908,composite 0.58,0,,0.576961377454775,days_since_52w_high z=+1.9; up_gap_freq_21 z=+1.7; days_since_2x_low z=-1.3,4226175.55,SP500,0.05347701919051448,0.14873312240363812
433,6,MSFT,Microsoft Corp,Technology,mid,0.9663512,0.2418,0.2452,composite 0.68,0,,0.6796558341911085,skew_63 z=+2.8; up_day_frac_63 z=+0.9; days_since_20pct_dd z=-0.9,3954140.09,SP500,0.05003474724917961,0.10749170817435338
323,5,AMZN,Amazon.com Inc,Consumer Cyclical,high,1.4392514,0.2659,0.2575,composite 0.24,0,,0.2372554619448807,up_day_frac_63 z=-2.5; idio_vol_63 z=+2.7; dist_52w_low z=-1.0,2755471.96,SP500,0.0348670861256212,0.09697418941966872
195,5,META,Meta Platforms Inc,Communication Services,high,1.4536864,0.296,0.2971,composite 0.67 (+signatures),1,idiosyncratic vol top 20% AND beta top 20%,0.6714678671546781,mom_12_1 z=-1.2; up_day_frac_63 z=+0.8; log_dvol_63 z=+1.6,1890147.7,SP500,0.023917478966487042,0.06652056117854713
253,5,AVGO,Broadcom Inc,Technology,high,2.1711197,0.2864,0.2855,composite 0.42,0,,0.4223415528683196,mom_12_1 z=-2.6; dist_52w_low z=-2.1; days_since_52w_high z=+2.1,1804695.2,SP500,0.022836183377055733,0.06351320452905894
269,5,TSLA,Tesla Inc,Consumer Cyclical,high,2.2241442,0.2805,0.2744,composite 0.37 (+signatures),1,up/down volume top 20% AND downside vol top 20%,0.374766077696025,mom_12_1 z=-1.2; log_dvol_63 z=-2.3; amihud_21 z=+0.2,1505207.33,SP500,0.019046535175783946,0.05297323393386802
27,1,MU,Micron Technology Inc,Technology,high,3.2752266,0.4616,0.4909,signatures x31 (+composite),31,corr to SPY top 20% AND idiosyncratic vol top 20% AND dollar volume vs own norm top 20%,0.8606574625912202,mom_12_1 z=+1.4; dist_52w_low z=+0.9; amihud_21 z=-2.2,1204633.22,SP500,0.015243141952177365,0.20776558495869563
634,6,LLY,Lilly(Eli) & Co,Healthcare,low,0.2852738,0.2349,0.236,composite 0.43,0,,0.4308397904657402,dvol_trend_21_126 z=-1.4; dn_vol_63 z=-0.4; pullback_duration_21 z=-0.8,1094186.35,SP500,0.013845573555729128,0.029745015893597467
9,1,AMD,Advanced Micro Devices Inc,Technology,high,3.2053525,0.5126,0.5209,signatures x73 (+composite),73,corr to SPY top 20% AND downside vol top 20% AND distance to 52w high vs own norm top 20%,0.92106766273101,mom_12_1 z=+1.6; dist_52w_low z=+1.4; days_since_2x_low z=+1.6,1072927.84,SP500,0.01357657343167329,0.18505008544930365
821,6,BRK-B,Berkshire Hathaway Inc,Financial,low,0.014369272,0.2203,0.2105,composite 0.16,0,,0.163475052045364,dn_vol_63 z=-0.4; down_capture_63 z=-1.2; pullback_duration_21 z=+0.5,974629.48,SP500,0.012332729388300292,0.02649491046289202
743,6,JPM,JPMorgan Chase & Co,Financial,mid,0.7894139,0.2264,0.2289,composite 0.31,0,,0.3062087843722782,dist_52w_low z=-1.9; mom_12_1 z=-1.2; skew_63 z=-0.3,880449.01,SP500,0.011140992144550048,0.023934652260971957
571,6,WMT,Walmart Inc,Consumer Defensive,low,-0.044180967,0.2384,0.2373,composite 0.50,0,,0.5032486077395402,dn_vol_63 z=+1.6; dn_up_vol_asym_63 z=+1.4; down_capture_63 z=+1.5,848196.82,SP500,0.01073288061128302,0.023057889446161363
832,6,V,Visa Inc,Financial,low,0.29762268,0.2168,0.2065,composite 0.15,0,,0.1505069256033128,base_depth_63 z=+0.2; dn_up_vol_asym_63 z=-0.8; dvol_trend_21_126 z=-1.3,690919.54,SP500,0.008742731356647368,0.018782369839010556
758,6,XOM,ExxonMobil Holdings Corp,Energy,low,-0.56004953,0.2235,0.2303,composite 0.37,0,,0.3680452738300127,base_depth_63 z=+0.8; dn_up_vol_asym_63 z=-1.3; down_capture_63 z=-2.7,681755.04,SP500,0.008626765955642796,0.018533236592048672
487,6,JNJ,Johnson & Johnson,Healthcare,low,-0.17899492,0.2384,0.2393,composite 0.67,0,,0.6738860037427569,dn_vol_63 z=+1.1; pos_in_20d_range z=-1.4; dn_up_vol_asym_63 z=+0.9,612885.38,SP500,0.007755305675327604,0.016661042581141247
26,1,INTC,Intel Corp,Technology,high,2.9115458,0.4616,0.4909,signatures x47 (+composite),47,close location in range top 20% AND time since 20% drawdown bottom 20% AND 12-1m momentum top 20%,0.861750978903778,dist_52w_low z=+0.9; mom_12_1 z=+0.7; amihud_21 z=-2.2,605919.84,SP500,0.007667165390607937,0.10450424901587825
846,6,MA,Mastercard Incorporated,Financial,low,0.2994516,0.2123,0.2043,composite 0.14,0,,0.1398892955650585,dn_up_vol_asym_63 z=-1.5; dn_vol_63 z=-0.6; dvol_trend_21_126 z=-1.4,494971.92,SP500,0.006263256826755765,0.013455612590382297
845,6,ABBV,Abbvie Inc,Healthcare,low,-0.10732783,0.2123,0.2043,composite 0.14,0,,0.1416216358402789,base_depth_63 z=+1.0; dvol_trend_21_126 z=-1.3; dn_vol_63 z=-0.5,472253.25,SP500,0.005975780185712549,0.012838014682830814
168,4,PLTR,Palantir Technologies Inc,Technology,high,1.924896,0.306,0.2994,signatures x3 (+composite),3,gain off 52w low top 20% AND idiosyncratic vol top 20%,0.498987276129779,mom_12_1 z=-1.2; dn_vol_63 z=-1.0; days_since_52w_high z=+3.0,461122.85,SP500,0.005834938754173316,0.08673363218319559
119,4,CSCO,Cisco Systems Inc,Technology,high,1.0630826,0.3399,0.3346,composite 0.80,0,,0.7975191083520596,mom_12_1 z=+1.6; dist_52w_low z=+1.7; days_since_2x_low z=-2.1,457773.74,SP500,0.005792559913630087,0.08610369056377451
165,4,ORCL,Oracle Corp,Technology,high,2.0246,0.306,0.3102,signatures x5 (+composite),5,depth below 126d high bottom 20% AND up-capture top 20% AND volROC21>+50%,0.4873324965992018,mom_12_1 z=-2.3; days_since_52w_high z=+2.5; beta_252 z=+2.4,442463.3,SP500,0.0055988252511655285,0.08322391552872065
22,1,AMAT,Applied Materials Inc,Technology,high,2.6685724,0.4616,0.4909,signatures x47 (+composite),47,close location in range top 20% AND time since 20% drawdown bottom 20% AND 12-1m momentum top 20%,0.8970366083708485,dist_52w_low z=+1.0; mom_12_1 z=+0.8; amihud_21 z=-2.1,421491.44,SP500,0.0053334523279605795,0.07269550111417561
31,1,LRCX,Lam Research Corp,Technology,high,3.180339,0.4616,0.4909,signatures x31 (+composite),31,close location in range top 20% AND time since 20% drawdown bottom 20% AND 12-1m momentum top 20%,0.8063630624469212,amihud_21 z=-2.2; days_since_2x_low z=+1.4; dist_52w_low z=+0.3,415698.12,SP500,0.005260145036024543,0.07169631522201425
847,6,COST,Costco Wholesale Corp,Consumer Defensive,low,-0.10384409,0.2123,0.2043,composite 0.14,0,,0.138280962294355,base_depth_63 z=+0.1; pos_in_20d_range z=+1.3; pullback_duration_21 z=-1.2,413352.22,SP500,0.005230460575964896,0.011236813869551374
779,6,CVX,Chevron Corp,Energy,low,-0.48993436,0.2235,0.2215,composite 0.31,0,,0.3098521686194638,dn_up_vol_asym_63 z=-1.4; base_depth_63 z=+0.4; higher_low_cadence z=+1.8,411938.41,SP500,0.005212570560841946,0.011198380013270379
138,4,CAT,Caterpillar Inc,Industrials,high,1.7313938,0.3251,0.3254,composite 0.77 (+signatures),2,gain off 52w low top 20% AND up minus down capture bottom 20%,0.7666639109554552,days_since_2x_low z=-1.9; beta_252 z=+2.4; dn_vol_63 z=+1.0,397770.46,SP500,0.005033292694819498,0.0748175389074311
420,6,BAC,Bank Of America Corp,Financial,mid,0.729172,0.2419,0.2464,composite 0.71,0,,0.7123700611942494,skew_63 z=-1.4; up_day_frac_63 z=+0.7; days_since_20pct_dd z=+1.8,378062.94,SP500,0.004783918428945131,0.010277488984467942
590,6,KO,Coca-Cola Co,Consumer Defensive,low,-0.24657722,0.2384,0.2373,composite 0.48,0,,0.4807826720879021,dn_vol_63 z=+0.7; pullback_duration_21 z=+1.5; pos_in_20d_range z=-1.2,375031.67,SP500,0.004745561460086695,0.010195085128554562
15,1,DELL,Dell Technologies Inc,Technology,high,2.2308078,0.4915,0.4984,signatures x64 (+composite),64,corr to SPY top 20% AND downside vol top 20% AND distance to 52w high vs own norm top 20%,0.9669765589183584,mom_12_1 z=+2.5; dist_52w_low z=+3.4; amihud_21 z=-2.8,365989.71,SP500,0.004631146651066312,0.06312300285643241
566,6,MRK,Merck & Co Inc,Healthcare,low,0.1733645,0.2384,0.2373,composite 0.51,0,,0.5135618569485259,dn_up_vol_asym_63 z=-1.1; base_depth_63 z=-0.3; ret_5 z=-1.4,349499.54,SP500,0.0044224839660661945,0.00950100444234659
853,6,PG,Procter & Gamble Co,Consumer Defensive,low,-0.02711651,0.2104,0.2001,composite 0.07,0,,0.0660280932232051,base_depth_63 z=+0.5; higher_low_cadence z=+1.0; pos_in_20d_range z=+1.0,345729.8,SP500,0.004374782573651663,0.0093985255764617
47,2,PANW,Palo Alto Networks Inc,Technology,high,1.1871238,0.4099,0.4146,signatures x44 (+composite),44,close location in range top 20% AND downside/upside vol bottom 20% AND downside vol top 20%,0.8343604620576144,dist_52w_low z=+3.3; mom_12_1 z=+0.9; log_dvol_63 z=+2.5,342251.2,SP500,0.004330765197478986,0.2363202734795642
672,6,UNH,Unitedhealth Group Inc,Healthcare,mid,0.42818248,0.2319,0.2345,composite 0.45,0,,0.4455510687313598,days_since_ignition z=+1.2; log_dvol_63 z=-0.5; up_day_frac_63 z=-1.5,336603.63,SP500,0.004259302191341019,0.00915043431513526
311,5,GE,GE Aerospace,Industrials,high,1.2353724,0.2659,0.2575,composite 0.26,0,,0.258494479809405,dist_52w_low z=-2.4; mom_12_1 z=-2.0; days_since_2x_low z=+1.5,320990.7,SP500,0.0040617398924369524,0.011296726439470666
305,5,MS,Morgan Stanley,Financial,high,1.3991667,0.2659,0.2575,composite 0.27,0,,0.2731141540843398,up_day_frac_63 z=-1.9; dist_52w_low z=-1.1; up_gap_freq_21 z=-0.3,299572.8,SP500,0.0037907228852706214,0.010542959563333947
598,6,PM,Philip Morris International Inc,Consumer Defensive,low,-0.15988915,0.2384,0.2373,composite 0.47,0,,0.4655824195645475,pos_in_20d_range z=+0.6; days_since_ignition z=+1.0; dn_vol_63 z=+0.5,297924.61,SP500,0.0037698670814317074,0.008098960711348507
884,6,HD,Home Depot Inc,Consumer Cyclical,mid,0.7065865,0.1854,0.1899,composite 0.07,0,,0.0706505140995622,mom_12_1 z=-1.6; days_since_20pct_dd z=-1.1; dist_52w_low z=-1.5,285533.8,SP500,0.0036130767218461907,0.007762121524509311
38,2,CRWD,Crowdstrike Holdings Inc,Technology,high,1.4931834,0.4456,0.4629,signatures x58 (+composite),58,close location in range top 20% AND downside/upside vol bottom 20% AND downside vol top 20%,0.8533485649007568,dist_52w_low z=+2.5; amihud_21 z=-2.0; mom_6_1 z=+2.1,285398.8,SP500,0.00361136846398863,0.19706438565223275
459,6,NFLX,Netflix Inc,Communication Services,low,0.31792864,0.2384,0.2393,composite 0.74,0,,0.7392639996392523,dn_vol_63 z=+0.9; dvol_trend_21_126 z=-0.8; pos_in_20d_range z=-1.2,283002.17,SP500,0.0035810420785873983,0.007693300181063829
114,4,GEV,GE Vernova Inc,Industrials,high,1.9776844,0.3405,0.3347,signatures x11 (+composite),11,gain off 52w low top 20% AND downside vol top 20% AND share of up days 63d top 20%,0.6495994197975303,mom_12_1 z=-1.3; dist_52w_low z=-1.2; mom_6_1 z=-1.4,279180.44,SP500,0.0035326828170912767,0.05251167578380188
118,4,TXN,Texas Instruments Inc,Technology,high,1.4736845,0.3399,0.3375,composite 0.81 (+signatures),2,126d Sharpe top 20% AND beta top 20%,0.8092415280669187,mom_12_1 z=+1.6; dist_52w_low z=+2.3; days_since_2x_low z=-2.0,272148.73,SP500,0.0034437052329461663,0.051189065662098084
183,4,ANET,Arista Networks Inc,Technology,high,2.046497,0.3057,0.3098,signatures x3 (+composite),3,beta top 20% AND OBV leading price top 20% AND 126d Sharpe top 20%,0.6854017451167544,days_since_2x_low z=+1.7; up_gap_freq_21 z=+2.0; mom_12_1 z=-0.8,268281.38,SP500,0.0033947687068318086,0.050461647117509195
294,5,GS,Goldman Sachs Group Inc,Financial,high,1.5943846,0.2659,0.2575,composite 0.31,0,,0.3061131695438797,dist_52w_low z=-1.5; up_day_frac_63 z=-2.9; up_gap_freq_21 z=-0.2,261584.04,SP500,0.0033100221610558294,0.009206009210894747
29,1,KLAC,KLA Corp,Technology,high,2.7536864,0.4616,0.4909,signatures x38 (+composite),38,close location in range top 20% AND time since 20% drawdown bottom 20% AND 12-1m momentum top 20%,0.839931382790834,up_day_frac_63 z=-2.2; dist_52w_low z=+0.3; days_since_2x_low z=-1.3,258247.73,SP500,0.0032678052886650206,0.0445405205475782
1,1,MRVL,Marvell Technology Inc,Technology,high,3.0539336,0.5333,0.5361,composite 0.99 (+signatures),50,corr to SPY top 20% AND downside vol top 20% AND distance to 52w high vs own norm top 20%,0.9944027747506708,dist_52w_low z=+2.6; mom_12_1 z=+1.6; amihud_21 z=-2.2,250021.73,SP500,0.0031637154432109737,0.04312176530034184
479,6,RTX,RTX Corp,Industrials,low,0.34206995,0.2384,0.2393,composite 0.70,0,,0.7007673403127983,base_depth_63 z=-2.6; pos_in_20d_range z=-2.0; dvol_trend_21_126 z=-1.2,247866.34,SP500,0.0031364416513323936,0.006738146772519903
636,6,WFC,Wells Fargo & Co,Financial,mid,0.7601096,0.2319,0.2406,composite 0.55,0,,0.5470419009052827,dist_52w_low z=-1.8; days_since_ignition z=+1.1; skew_63 z=-0.7,245820.96,SP500,0.003110559899801297,0.006682543939777155
68,3,SNDK,Sandisk Corp,Technology,high,4.0446763,0.383,0.3931,signatures x54 (+composite),54,depth below 126d high bottom 20% AND higher-low cadence top 20% AND 126d Sharpe top 20%,0.5414953741629527,days_since_52w_high z=-1.5; up_day_frac_63 z=-1.4; mom_6_1 z=-0.8,244513.56,SP500,0.0030940163714829627,0.19328743713506769
403,6,TMO,Thermo Fisher Scientific Inc,Healthcare,mid,0.54332936,0.2468,0.2464,composite 0.77,0,,0.7746370008408082,up_day_frac_63 z=+1.2; days_since_ignition z=-1.0; skew_63 z=+1.1,244465.81,SP500,0.0030934121543518623,0.006645704732005821
788,6,LIN,Linde Plc,Basic Materials,low,0.08850159,0.2235,0.2215,composite 0.27,0,,0.2731855520566373,dn_up_vol_asym_63 z=+1.7; dn_vol_63 z=+1.4; pos_in_20d_range z=+1.3,226140.73,SP500,0.002861530955089396,0.006147544801705608
198,5,APH,Amphenol Corp,Technology,high,1.7466552,0.296,0.2971,composite 0.65 (+signatures),1,126d Sharpe top 20% AND beta top 20%,0.6546761914066903,up_gap_freq_21 z=+1.7; days_since_52w_high z=-0.9; up_day_frac_63 z=-1.0,220435.75,SP500,0.0027893414964802994,0.007757864527631317
401,6,AMGN,AMGEN Inc,Healthcare,mid,0.49432027,0.2468,0.2464,composite 0.78,0,,0.781344614491311,mom_12_1 z=+2.0; skew_63 z=-1.3; log_dvol_63 z=+2.1,216963.84,SP500,0.0027454087739747853,0.005898074737576407
242,5,C,Citigroup Inc,Financial,high,1.3520306,0.2884,0.2892,composite 0.46,0,,0.4622586560646941,dist_52w_low z=-0.9; amihud_21 z=-1.5; skew_63 z=-0.8,215189.98,SP500,0.0027229627718769107,0.007573248497776303
706,6,IBM,International Business Machines Corp,Technology,mid,0.87773293,0.2268,0.2338,composite 0.40,0,,0.3988654744533804,days_since_20pct_dd z=-2.0; mom_12_1 z=-2.1; skew_63 z=-2.4,209488.29,SP500,0.002650814944144491,0.005694854917146932
856,6,AXP,American Express Co,Financial,mid,0.96427345,0.2078,0.2289,composite 0.18,0,,0.1783644583196654,days_since_20pct_dd z=-1.2; mom_12_1 z=-1.4; dist_52w_low z=-1.7,205679.11,SP500,0.0026026144873603128,0.005591303890722984
155,4,ADI,Analog Devices Inc,Technology,high,1.6824718,0.3098,0.3161,composite 0.74 (+signatures),2,126d Sharpe top 20% AND beta top 20%,0.743754556317969,dist_52w_low z=+1.3; mom_12_1 z=+1.0; up_day_frac_63 z=+1.0,203788.85,SP500,0.002578695587376364,0.03833110234926857
85,3,QCOM,Qualcomm Inc,Technology,high,2.1159005,0.3595,0.3487,signatures x21 (+composite),21,dollar-volume trend bottom 20% AND pullback from 21d high bottom 20% AND volROC21>+50%,0.7386364490406367,dist_52w_low z=+0.3; up_gap_freq_21 z=+1.7; mom_6_1 z=+1.3,190207.86,SP500,0.0024068449734433515,0.15035889945058978
543,6,VZ,Verizon Communications Inc,Communication Services,low,-0.2982405,0.2384,0.2393,composite 0.57,0,,0.565704923453858,pos_in_20d_range z=-1.5; higher_low_cadence z=+0.3; pullback_duration_21 z=+0.5,188979.97,SP500,0.0023913075457343107,0.005137344485444889
164,4,CRM,Salesforce Inc,Technology,mid,0.44688913,0.306,0.3102,signatures x7 (+composite),7,idiosyncratic vol top 20% AND pullback from 21d high bottom 20% AND 63d RS vs SPY top 20%,0.5406208407328228,skew_63 z=+1.8; days_since_ignition z=-0.5; up_day_frac_21 z=-2.1,186145.89,SP500,0.002355445772186486,0.03501259839037165
606,6,DE,Deere & Co,Industrials,mid,0.48547304,0.2367,0.2452,composite 0.62,0,,0.6249297755456771,mom_12_1 z=+2.4; dist_52w_low z=+1.9; days_since_20pct_dd z=+1.8,183641.85,SP500,0.0023237602462187314,0.004992229839989908
34,1,STX,Seagate Technology Holdings Plc,Technology,high,2.269296,0.4504,0.4629,signatures x69 (+composite),69,downside vol top 20% AND 126d Sharpe top 20% AND distance to 52w high vs own norm bottom 20%,0.8920049302178765,amihud_21 z=-2.3; log_dvol_63 z=+2.1; dn_vol_63 z=+2.0,183162.76,SP500,0.002317697955426295,0.03159046035111764
648,6,DIS,Walt Disney Co,Communication Services,mid,0.6575624,0.2319,0.2368,composite 0.52,0,,0.5218044574147598,log_dvol_63 z=-0.5; up_day_frac_63 z=+0.6; days_since_ignition z=+0.1,179178.29,SP500,0.0022672794207172888,0.0048708897564273355
771,6,GILD,Gilead Sciences Inc,Healthcare,low,0.3294511,0.2235,0.2293,composite 0.34,0,,0.3408276152325694,higher_low_cadence z=+1.2; base_depth_63 z=+0.1; pos_in_20d_range z=-1.4,178171.14,SP500,0.0022545351844117886,0.004843510788706493
456,6,TMUS,T-Mobile US Inc,Communication Services,low,-0.33151522,0.2384,0.2393,composite 0.74,0,,0.7443727124465455,dn_vol_63 z=+1.8; down_capture_63 z=+1.5; dn_up_vol_asym_63 z=+1.1,175719.71,SP500,0.002223515372858006,0.004776869650008279
346,5,BLK,Blackrock Inc,Financial,high,1.1994083,0.2659,0.2575,composite 0.13,0,,0.1253541715204761,mom_12_1 z=-1.4; amihud_21 z=+0.9; dist_52w_low z=-1.2,175389.79,SP500,0.0022193406437293656,0.006172547920878106
689,6,PEP,PepsiCo Inc,Consumer Defensive,low,-0.24064417,0.2314,0.236,composite 0.39,0,,0.3885646752895375,days_since_ignition z=+1.2; dn_up_vol_asym_63 z=+0.8; dvol_trend_21_126 z=+0.6,173252.5,SP500,0.0021922958849413176,0.004709799538356053
204,5,ETN,Eaton Corp Plc,Industrials,high,1.7485725,0.296,0.2968,composite 0.61,0,,0.6143776727267262,amihud_21 z=+0.4; mom_12_1 z=-0.8; idio_vol_63 z=+1.8,172898.2,SP500,0.0021878126570973634,0.006084860612089033
510,6,ABT,Abbott Laboratories,Healthcare,low,0.041528784,0.2384,0.2393,composite 0.61,0,,0.6087879630534282,dn_up_vol_asym_63 z=-1.1; dvol_trend_21_126 z=-1.1; down_capture_63 z=-1.0,171619.42,SP500,0.0021716312794448317,0.004665404915305312
701,6,SCHW,Charles Schwab Corp,Financial,mid,0.46455035,0.2276,0.2338,composite 0.41,0,,0.4124183228326565,days_since_20pct_dd z=+1.9; skew_63 z=-0.9; dist_52w_low z=-1.6,167659.09,SP500,0.002121518206548281,0.004557744936916904
532,6,T,AT&T Inc,Communication Services,low,-0.3343048,0.2384,0.2393,composite 0.58,0,,0.5847700609513216,pos_in_20d_range z=-1.5; dvol_trend_21_126 z=-1.1; dn_up_vol_asym_63 z=-0.5,166238.88,SP500,0.002103547207349121,0.004519137099209693
501,6,MCD,McDonald's Corp,Consumer Cyclical,low,0.0062303734,0.2384,0.2393,composite 0.64,0,,0.6403345934449146,dn_vol_63 z=+1.7; dn_up_vol_asym_63 z=+1.3; base_depth_63 z=-2.1,164951.24,SP500,0.0020872537173660852,0.004484133123638957
512,6,UNP,Union Pacific Corp,Industrials,low,0.23324369,0.2384,0.2393,composite 0.60,0,,0.6038671396469182,down_capture_63 z=-1.1; dvol_trend_21_126 z=-0.9; base_depth_63 z=-1.6,163611.37,SP500,0.0020702993213986024,0.004447709296522713
525,6,WELL,Welltower Inc,Real Estate,low,-0.014640979,0.2384,0.2393,composite 0.59,0,,0.5916749964301014,base_depth_63 z=-2.2; dvol_trend_21_126 z=-1.3; pos_in_20d_range z=-1.5,162514.07,SP500,0.002056414348457109,0.004417879637306032
579,6,NEE,NextEra Energy Inc,Utilities,low,0.18604685,0.2384,0.2373,composite 0.49,0,,0.4902973913435595,dn_vol_63 z=-1.3; higher_low_cadence z=-2.0; down_capture_63 z=+0.9,161100.11,SP500,0.0020385224352698727,0.004379441703335359
811,6,PFE,Pfizer Inc,Healthcare,low,0.29243806,0.2216,0.2127,composite 0.22,0,,0.2171193548629534,dn_vol_63 z=-2.0; dn_up_vol_asym_63 z=-1.9; base_depth_63 z=+0.5,156208.68,SP500,0.0019766274446609143,0.004246470145892315
569,6,COP,Conoco Phillips,Energy,low,-0.5151481,0.2384,0.2373,composite 0.51,0,,0.5073276866305418,down_capture_63 z=-2.1; base_depth_63 z=+0.0; higher_low_cadence z=+0.5,156065.76,SP500,0.0019748189690090437,0.004242584923168131
399,6,DHR,Danaher Corp,Healthcare,mid,0.3977421,0.2468,0.2464,composite 0.78,0,,0.7836257309941521,skew_63 z=-1.2; up_day_frac_63 z=+0.7; up_day_frac_21 z=+0.1,152913.54,SP500,0.0019349315276478527,0.00415689309014525
352,5,BA,Boeing Co,Industrials,high,1.2327157,0.2659,0.2575,composite 0.10,0,,0.0968419549516372,amihud_21 z=+0.1; log_dvol_63 z=-0.4; dist_52w_low z=-1.1,150806.54,SP500,0.001908270051307994,0.005307381888830707
560,6,TJX,TJX Companies Inc,Consumer Cyclical,low,0.13108324,0.2384,0.2373,composite 0.53,0,,0.5277587800716986,base_depth_63 z=-2.5; dn_vol_63 z=+1.7; dn_up_vol_asym_63 z=+1.3,149915.45,SP500,0.00189699441060952,0.00407539121918841
50,2,WDC,Western Digital Corp,Technology,high,2.8865418,0.4099,0.4082,signatures x39 (+composite),39,distance to 52w high bottom 20% AND gain off 52w low top 20% AND volume vs 50d top 20%,0.8349072202138933,amihud_21 z=-2.1; dn_vol_63 z=+1.8; log_dvol_63 z=+1.7,147637.9,SP500,0.001868174835176276,0.10194216675923576
19,1,GLW,Corning Inc,Technology,high,2.8422644,0.4616,0.4909,signatures x36 (+composite),36,time since 20% drawdown bottom 20% AND 12-1m momentum top 20% AND pullback from 21d high top 20%,0.9406664061266976,dn_vol_63 z=+1.9; days_since_2x_low z=-2.6; beta_252 z=+2.8,145281.75,SP500,0.0018383606740570743,0.025057044145414632
179,4,ISRG,Intuitive Surgical Inc,Healthcare,mid,0.93201154,0.3057,0.3098,signatures x2 (+composite),2,net volume flow top 20% AND downside vol top 20%,0.7663288351978161,skew_63 z=-2.0; mom_12_1 z=-1.4; up_day_frac_21 z=+1.0,143651.68,SP500,0.0018177341563839309,0.027019767022211354
105,4,NOW,ServiceNow Inc,Technology,mid,0.6511016,0.344,0.3288,signatures x18 (+composite),18,Bollinger width vs norm bottom 20% AND time since 20% drawdown bottom 20% AND gain off 52w low top 20%,0.7367930895366506,mom_12_1 z=-1.0; vol_dry_10_50 z=-1.7; days_since_20pct_dd z=-0.8,142314.58,SP500,0.0018008148113369327,0.026768268881114787
858,6,UBER,Uber Technologies Inc,Technology,mid,0.8755582,0.2078,0.2289,composite 0.17,0,,0.171010214123316,mom_12_1 z=-1.3; log_dvol_63 z=-0.4; days_since_20pct_dd z=-0.8,140965.25,SP500,0.0017837407107818015,0.003832083631544974
191,5,BX,Blackstone Inc,Financial,high,1.37531,0.2996,0.288,signatures x1 (+composite),1,depth below 126d high bottom 20% AND up-capture top 20%,0.1560909985945873,dist_52w_low z=-1.4; mom_12_1 z=-1.3; amihud_21 z=+0.2,140091.62,SP500,0.0017726860047662387,0.004930288346678821
102,4,FTNT,Fortinet Inc,Technology,mid,0.9244989,0.3455,0.3717,composite 0.99 (+signatures),4,idiosyncratic vol top 20% AND dollar volume top 20% AND 126d Sharpe top 20%,0.9871107491488232,mom_12_1 z=+1.7; dist_52w_low z=+2.8; days_since_20pct_dd z=+1.8,138687.57,SP500,0.0017549194903595097,0.026086056426744393
570,6,CB,Chubb Limited,Financial,low,-0.33640558,0.2384,0.2373,composite 0.50,0,,0.5049659168626979,dn_vol_63 z=+1.0; higher_low_cadence z=-2.3; dn_up_vol_asym_63 z=+1.1,128999.89,SP500,0.0016323338941999835,0.003506810131859463
667,6,VRTX,Vertex Pharmaceuticals Inc,Healthcare,mid,0.495173,0.2319,0.2345,composite 0.45,0,,0.4534426006990396,mom_12_1 z=+1.2; log_dvol_63 z=+0.3; skew_63 z=+0.6,127362.34,SP500,0.001611612726387769,0.003462293993656349
727,6,PLD,Prologis Inc,Real Estate,mid,0.45242372,0.2264,0.2289,composite 0.34,0,,0.3438415510084043,days_since_20pct_dd z=+2.5; up_day_frac_63 z=-1.4; accum_dist_50 z=-1.8,125230.34,SP500,0.001584634906000214,0.003404336431048161
387,6,PH,Parker-Hannifin Corp,Industrials,mid,0.83119977,0.2475,0.2464,composite 0.82,0,,0.8150862865308555,up_day_frac_21 z=+0.9; up_day_frac_63 z=+0.5; vol_dry_10_50 z=-0.9,124869.76,SP500,0.0015800722125314784,0.003394534208756763
574,6,PGR,Progressive Corp,Financial,low,-0.48873413,0.2384,0.2373,composite 0.50,0,,0.5025797214727523,dn_vol_63 z=+1.9; dn_up_vol_asym_63 z=+1.4; rs_newhigh_price_not_20 z=+0.0,123344.27,SP500,0.0015607690252786588,0.0033530643765882994
227,5,NEM,Newmont Corp,Basic Materials,high,1.6157652,0.2896,0.2892,composite 0.53,0,,0.5337975454128682,up_gap_freq_21 z=-0.9; beta_252 z=+2.8; dn_vol_63 z=-0.6,122461.59,SP500,0.0015495998027178297,0.0043098291681740826
585,6,MPC,Marathon Petroleum Corp,Energy,low,-0.12803674,0.2384,0.2373,composite 0.49,0,,0.4860191496877278,base_depth_63 z=+1.1; dn_up_vol_asym_63 z=-1.6; down_capture_63 z=-2.1,121641.9,SP500,0.001539227640619577,0.003306786132752792
537,6,BMY,Bristol-Myers Squibb Co,Healthcare,low,0.22566497,0.2384,0.2393,composite 0.58,0,,0.5785396484213532,higher_low_cadence z=+0.5; dvol_trend_21_126 z=+0.9; ret_5 z=-1.2,120755.08,SP500,0.0015280060314844498,0.003282678287690788
591,6,VLO,Valero Energy Corp,Energy,low,-0.2616756,0.2384,0.2373,composite 0.48,0,,0.4781935561451108,base_depth_63 z=+1.2; dn_up_vol_asym_63 z=-1.4; higher_low_cadence z=+1.2,120566.74,SP500,0.0015256228219667236,0.0032775583405324268
341,5,COF,Capital One Financial Corp,Financial,high,1.3316153,0.2659,0.2575,composite 0.15,0,,0.1488253154663039,dist_52w_low z=-1.8; mom_12_1 z=-1.1; dn_vol_63 z=-0.6,120430.13,SP500,0.001523894191552491,0.004238335358874539
103,4,ACN,Accenture plc,Technology,low,0.24612667,0.3442,0.3397,signatures x23 (+composite),23,distance to 52w high bottom 20% AND gain off 52w low top 20% AND dvolROC21>+30%,0.5358605710334668,dn_up_vol_asym_63 z=-1.7; higher_low_cadence z=+0.8; down_capture_63 z=-1.5,119273.7,SP500,0.0015092610016693856,0.022434458029847826
836,6,BKNG,Booking Holdings Inc,Consumer Cyclical,mid,0.8673001,0.2137,0.2289,composite 0.21,0,,0.2126547294520419,days_since_20pct_dd z=-1.1; mom_12_1 z=-1.4; up_day_frac_63 z=-2.0,117482.09,SP500,0.0014865903952976467,0.003193703370786016
765,6,LMT,Lockheed Martin Corp,Industrials,low,0.025459563,0.2235,0.2293,composite 0.35,0,,0.3475690869326679,dn_up_vol_asym_63 z=-0.6; rs_newhigh_price_not_20 z=+0.0; pullback_duration_21 z=+1.4,117412.49,SP500,0.0014857096934688598,0.0031918113227759177
493,6,SPGI,S&P Global Inc,Financial,low,0.33502728,0.2384,0.2393,composite 0.65,0,,0.6491898209038232,dvol_trend_21_126 z=-0.8; pullback_duration_21 z=+1.3; down_capture_63 z=+0.3,117044.44,SP500,0.0014810524763986723,0.0031818060315386082
563,6,MO,Altria Group Inc,Consumer Defensive,low,-0.48836443,0.2384,0.2373,composite 0.52,0,,0.5205682527037285,dn_vol_63 z=+2.3; higher_low_cadence z=-2.6; dn_up_vol_asym_63 z=+1.3,114661.31,SP500,0.0014508969167831966,0.003117021600873293
808,6,MDT,Medtronic Plc,Healthcare,low,0.1554394,0.2216,0.2127,composite 0.23,0,,0.2272052578969914,higher_low_cadence z=+1.3; dvol_trend_21_126 z=+5.5; base_depth_63 z=-0.2,111534.43,SP500,0.0014113301217487508,0.0030320186255598357
466,6,CVS,CVS Health Corp,Healthcare,low,0.16185017,0.2384,0.2393,composite 0.72,0,,0.7235714768858459,down_capture_63 z=+1.6; pullback_duration_21 z=+1.4; days_since_ignition z=-1.3,109531.02,SP500,0.0013859794486049274,0.0029775567303886963
668,6,SBUX,Starbucks Corp,Consumer Cyclical,mid,0.5497629,0.2319,0.2345,composite 0.45,0,,0.4520098333088255,days_since_20pct_dd z=+2.4; mom_12_1 z=+1.5; log_dvol_63 z=-0.7,109348.8,SP500,0.0013836736801100772,0.002972603152969154
300,5,CEG,Constellation Energy Corp,Utilities,high,1.3543706,0.2659,0.2575,composite 0.28,0,,0.2807875572123225,mom_12_1 z=-1.5; dist_52w_low z=-1.3; days_since_52w_high z=+2.9,108814.88,SP500,0.0013769175835522333,0.0038295562204880944
41,2,PWR,Quanta Services Inc,Industrials,high,1.6515135,0.4305,0.4208,signatures x11 (+composite),11,corr to SPY top 20% AND idiosyncratic vol top 20% AND share of up days 63d top 20%,0.6608577526924551,days_since_52w_high z=+2.9; dist_52w_low z=+0.1; idio_vol_63 z=+1.7,107936.02,SP500,0.0013657966983618925,0.07452850352225415
624,6,PSX,Phillips 66,Energy,low,-0.2349694,0.2361,0.2373,composite 0.46,0,,0.4552578969915149,base_depth_63 z=+0.9; dn_up_vol_asym_63 z=-1.9; dn_vol_63 z=-0.8,107745.86,SP500,0.001363390458997494,0.0029290278736974987
502,6,SYK,Stryker Corp,Healthcare,low,0.15881477,0.2384,0.2393,composite 0.63,0,,0.6324413597180156,dn_vol_63 z=+2.9; base_depth_63 z=-2.6; dn_up_vol_asym_63 z=+1.3,107741.83,SP500,0.0013633394643370053,0.0029289183197681785
800,6,MCK,Mckesson Corp,Healthcare,low,-0.23417483,0.2216,0.2193,composite 0.26,0,,0.2595372659837513,base_depth_63 z=+0.8; dn_up_vol_asym_63 z=-0.8; pos_in_20d_range z=+1.1,106742.98,SP500,0.0013507002542553403,0.0029017649842094594
314,5,TT,Trane Technologies plc,Industrials,high,1.08764,0.2659,0.2575,composite 0.26,0,,0.2557343845119009,mom_12_1 z=-1.1; log_dvol_63 z=+0.3; mom_6_1 z=-0.7,104979.66,SP500,0.0013283876228079748,0.0036945821194465794
129,4,FCX,Freeport-McMoRan Inc,Basic Materials,high,2.154076,0.3277,0.3254,composite 0.78 (+signatures),1,gain off 52w low top 20% AND beta top 20%,0.7812027927880532,mom_12_1 z=+2.2; dist_52w_low z=+1.0; up_gap_freq_21 z=-0.8,104549.26,SP500,0.0013229414436828322,0.019664905050498543
562,6,ADP,Automatic Data Processing Inc,Technology,low,-0.02416094,0.2384,0.2373,composite 0.52,0,,0.5209534259753339,dn_up_vol_asym_63 z=-0.6; higher_low_cadence z=+0.4; base_depth_63 z=-0.3,104081.41,SP500,0.0013170213811742406,0.002829411274119837
892,6,LOW,Lowe's Cos. Inc,Consumer Cyclical,mid,0.63143224,0.17,0.176,composite 0.03,0,,0.0269134042930235,mom_12_1 z=-1.6; days_since_20pct_dd z=-1.0; up_day_frac_63 z=-1.8,103200.28,SP500,0.0013058717719443688,0.002805458109419578
397,6,EQIX,Equinix Inc,Real Estate,mid,0.49151304,0.2475,0.2464,composite 0.79,0,,0.7929896199773019,mom_12_1 z=+1.5; up_day_frac_21 z=+1.1; dist_52w_low z=+1.3,103077.38,SP500,0.001304316624605893,0.0028021171223442747
71,3,HOOD,Robinhood Markets Inc,Financial,high,3.1305895,0.3775,0.3945,signatures x40 (+composite),40,corr to SPY top 20% AND downside vol top 20% AND skew top 20%,0.4637279511788181,mom_12_1 z=-1.2; up_day_frac_63 z=-1.9; days_since_52w_high z=+2.9,101605.29,SP500,0.001285689148238953,0.08031876065877623
39,2,LITE,Lumentum Holdings Inc,Technology,high,2.8662937,0.4411,0.46,composite 0.95 (+signatures),43,distance to 52w high top 20% AND downside vol top 20% AND share of up days 63d top 20%,0.9501754887003314,dist_52w_low z=+0.7; up_gap_freq_21 z=+2.6; mom_12_1 z=+0.7,101047.94,SP500,0.001278636574039608,0.06977236841053178
48,2,DDOG,Datadog Inc,Technology,high,1.1514001,0.4099,0.4082,signatures x36 (+composite),36,downside vol top 20% AND 126d Sharpe top 20% AND share of up days 63d top 20%,0.9009597390592002,dist_52w_low z=+2.8; dn_vol_63 z=+2.2; log_dvol_63 z=+1.8,99426.08,SP500,0.001258113943751728,0.06865249388928667
196,5,CDNS,Cadence Design Systems Inc,Technology,high,1.5903678,0.296,0.2971,composite 0.67 (+signatures),1,up/down volume top 20% AND downside vol top 20%,0.6703950186762064,mom_12_1 z=-1.6; dn_vol_63 z=+1.1; up_day_frac_21 z=+3.0,98947.33,SP500,0.0012520559552383404,0.0034822844366706857
74,3,VRT,Vertiv Holdings Co,Industrials,high,2.6888747,0.3713,0.3699,signatures x46 (+composite),46,time since 20% drawdown bottom 20% AND gain off 52w low top 20% AND OBV leading price top 20%,0.6109580856324732,dist_52w_low z=-1.2; mom_6_1 z=-0.9; days_since_2x_low z=-1.2,98476.12,SP500,0.0012460933760897383,0.07784515858263803
682,6,SO,Southern Company,Utilities,low,-0.2221024,0.2314,0.236,composite 0.41,0,,0.4109272717707448,dn_up_vol_asym_63 z=+1.7; higher_low_cadence z=-2.9; base_depth_63 z=-2.1,97539.28,SP500,0.0012342388257839797,0.0026515661010120014
247,5,BNY,Bank Of New York Mellon Corp,Financial,mid,0.7618382,0.2882,0.2814,signatures x2 (+composite),2,pullback from 21d high bottom 20% AND 126d Sharpe top 20% AND distance to 52w high vs own norm bottom 20%,0.1283627616214402,up_day_frac_63 z=-2.6; up_day_frac_21 z=-3.0; skew_63 z=+0.9,97511.77,SP500,0.0012338907207938947,0.0034317623230784647
693,6,CME,CME Group Inc,Financial,low,-0.2906095,0.2314,0.236,composite 0.39,0,,0.3855283825728823,dn_up_vol_asym_63 z=-1.0; dvol_trend_21_126 z=-2.0; down_capture_63 z=-1.3,96913.79,SP500,0.0012263240242482332,0.0026345624069051554
202,5,JCI,Johnson Controls International plc,Industrials,high,1.066321,0.296,0.2968,composite 0.63,0,,0.6340421774126878,up_gap_freq_21 z=+2.4; amihud_21 z=-0.2; dist_52w_low z=+0.1,96408.55,SP500,0.0012199308375819065,0.0033929363554022897
121,4,ABNB,Airbnb Inc,Consumer Cyclical,high,1.0995486,0.3383,0.3397,signatures x17 (+composite),17,idiosyncratic vol top 20% AND dollar volume top 20% AND 126d Sharpe top 20%,0.5982980978077065,mom_12_1 z=+2.2; dist_52w_low z=+0.7; mom_6_1 z=+2.8,96051.21,SP500,0.0012154091423017524,0.01806648774592471
45,2,SNPS,Synopsys Inc,Technology,high,1.6573232,0.4187,0.4113,signatures x7 (+composite),7,corr to SPY top 20% AND idiosyncratic vol top 20% AND dollar volume top 20%,0.5433103857745176,up_gap_freq_21 z=+2.1; mom_12_1 z=-0.9; dist_52w_low z=+0.3,95962.05,SP500,0.0012142809328900476,0.06626062348257541
380,5,MAR,Marriott International Inc,Consumer Cyclical,mid,0.6248407,0.2504,0.2486,composite 0.86,0,,0.8564668710245418,skew_63 z=-1.5; up_day_frac_21 z=+0.4; vol_dry_10_50 z=-1.2,94342.64,SP500,0.0011937893043188418,0.0033202301364415317
797,6,HCA,HCA Healthcare Inc,Healthcare,low,0.17702302,0.2216,0.2193,composite 0.26,0,,0.2607247269967006,base_depth_63 z=+0.6; pos_in_20d_range z=+0.4; dn_up_vol_asym_63 z=-0.5,94312.38,SP500,0.0011934064014835102,0.002563844122221963
2,1,HPE,Hewlett Packard Enterprise Co,Technology,high,2.0588336,0.5322,0.5269,composite 0.99 (+signatures),95,corr to SPY top 20% AND downside vol top 20% AND distance to 52w high vs own norm top 20%,0.9921668908813516,mom_12_1 z=+2.3; dist_52w_low z=+3.8; log_dvol_63 z=+2.2,94238.18,SP500,0.0011924674923499468,0.016253453970946317
306,5,APP,Applovin Corp,Communication Services,high,2.1065469,0.2659,0.2575,composite 0.27 (+signatures),1,idiosyncratic vol top 20% AND beta top 20%,0.2729713581397446,mom_12_1 z=-1.5; dist_52w_low z=-1.5; up_day_frac_63 z=-2.7,93068.12,SP500,0.0011776618316920375,0.00327537555410742
147,4,ADBE,Adobe Inc,Technology,mid,0.3589505,0.3161,0.3142,signatures x10 (+composite),10,downside vol top 20% AND higher-low cadence top 20% AND net volume flow top 20%,0.6509307332375641,up_day_frac_63 z=+1.3; log_dvol_63 z=-1.8; accum_dist_50 z=+2.0,92577.07,SP500,0.0011714482019071835,0.01741302895308257
267,5,HWM,Howmet Aerospace Inc,Industrials,high,1.0645323,0.2805,0.2744,composite 0.39 (+signatures),1,share of up days 63d top 20% AND downside vol top 20%,0.3911030610941176,dist_52w_low z=-2.0; mom_12_1 z=-1.3; dn_vol_63 z=+2.3,91399.3,SP500,0.0011565449807449646,0.003216644248132769
203,5,EMR,Emerson Electric Co,Industrials,high,1.53653,0.296,0.2968,composite 0.62,0,,0.6178367165951435,up_day_frac_63 z=+1.4; amihud_21 z=-0.1; up_gap_freq_21 z=+1.5,91147.3,SP500,0.001153356232744184,0.0032077755330492896
840,6,GD,General Dynamics Corp,Industrials,mid,0.39828554,0.2137,0.2289,composite 0.19,0,,0.1876039227662967,days_since_ignition z=+1.2; dist_52w_low z=-1.6; skew_63 z=-0.7,89739.38,SP500,0.0011355407482788716,0.002439528956271098
635,6,DUK,Duke Energy Corp,Utilities,low,-0.28129596,0.2349,0.236,composite 0.43,0,,0.4283220724952463,dn_up_vol_asym_63 z=+2.0; base_depth_63 z=-2.4; higher_low_cadence z=-2.3,89474.73,SP500,0.0011321919301899566,0.00243233455245109
619,6,USB,U.S. Bancorp,Financial,mid,0.7286101,0.2365,0.2429,composite 0.56,0,,0.5586605133077698,days_since_20pct_dd z=+1.9; skew_63 z=-1.2; mom_12_1 z=+1.0,89143.92,SP500,0.001128005939213218,0.0024233416156375746
584,6,WMB,Williams Cos Inc,Energy,low,0.032305304,0.2384,0.2373,composite 0.49,0,,0.4868965931893849,base_depth_63 z=-0.1; higher_low_cadence z=-2.1; rs_newhigh_price_not_20 z=-0.3,88496.17,SP500,0.0011198094649374022,0.0024057327923826715
725,6,CSX,CSX Corp,Industrials,mid,0.43320873,0.2264,0.2289,composite 0.35,0,,0.3501626945075993,skew_63 z=+1.4; mom_12_1 z=+1.4; up_day_frac_21 z=-1.7,87835.09,SP500,0.001111444316015355,0.0023877615984384776
664,6,PNC,PNC Financial Services Group Inc,Financial,mid,0.5904876,0.2319,0.2345,composite 0.47,0,,0.470622612839858,days_since_ignition z=+1.4; skew_63 z=-1.4; days_since_20pct_dd z=+1.9,87752.61,SP500,0.0011104006337331947,0.0023855194128081197
25,1,BE,Bloom Energy Corp,Industrials,high,4.2196217,0.4616,0.4909,signatures x54 (+composite),54,corr to SPY top 20% AND downside vol top 20% AND distance to 52w high vs own norm top 20%,0.8818682970456271,amihud_21 z=-1.9; log_dvol_63 z=+1.7; days_since_2x_low z=+1.2,87462.84,SP500,0.0011067339531451545,0.015084897056673234
819,6,ICE,Intercontinental Exchange Inc,Financial,low,0.25272214,0.2203,0.2105,composite 0.17,0,,0.1734726470610339,dn_up_vol_asym_63 z=-0.8; dvol_trend_21_126 z=-1.8; down_capture_63 z=-1.6,86408.72,SP500,0.0010933953696428424,0.0023489863036085332
582,6,ELV,Elevance Health Inc,Healthcare,low,0.324079,0.2384,0.2373,composite 0.49,0,,0.487285524249006,base_depth_63 z=+0.2; rs_newhigh_price_not_20 z=+0.0; days_since_ignition z=-1.2,86012.34,SP500,0.001088379671497805,0.0023382108727142397
669,6,MMM,3M Co,Industrials,mid,0.7337253,0.2319,0.2345,composite 0.45,0,,0.4510898458266879,days_since_20pct_dd z=+1.1; vol_cv_20 z=-1.1; clv_21 z=+0.2,84548.41,SP500,0.0010698554498280335,0.002298414524389191
483,6,MNST,Monster Beverage Corp,Consumer Defensive,low,0.2252991,0.2384,0.2393,composite 0.69,0,,0.6900595233621681,dn_vol_63 z=+0.8; higher_low_cadence z=-2.0; pos_in_20d_range z=-0.0,84513.49,SP500,0.001069413580462211,0.0022974652382324002
272,5,DASH,DoorDash Inc,Consumer Cyclical,high,1.4187742,0.2805,0.2744,composite 0.37,0,,0.3703412823075824,mom_12_1 z=-1.7; days_since_2x_low z=+2.7; days_since_52w_high z=+2.9,83722.52,SP500,0.0010594048344059518,0.002946472920440099
576,6,WM,Waste Management Inc,Industrials,low,-0.3765526,0.2384,0.2373,composite 0.50,0,,0.5015839076486017,base_depth_63 z=-2.6; dn_vol_63 z=+0.6; days_since_ignition z=+1.0,83290.61,SP500,0.0010539395481003284,0.0022642217372181874
764,6,MRSH,Marsh,Financial,low,-0.29202628,0.2235,0.2293,composite 0.35,0,,0.3486945444433588,dn_up_vol_asym_63 z=-0.7; days_since_ignition z=-0.3; rs_newhigh_price_not_20 z=-0.2,82070.79,SP500,0.001038504236249884,0.0022310614210733844
343,5,KKR,KKR & Co Inc,Financial,high,1.4909185,0.2659,0.2575,composite 0.14,0,,0.1387206234921875,dist_52w_low z=-1.3; mom_12_1 z=-1.0; amihud_21 z=+0.2,81545.71,SP500,0.0010318599989473057,0.002869863762976334
641,6,UPS,United Parcel Service Inc,Industrials,mid,0.7531365,0.2319,0.237,composite 0.54,0,,0.5352687004422727,mom_12_1 z=+2.2; log_dvol_63 z=-0.7; dist_52w_low z=+0.4,79037.6,SP500,0.0010001229721685856,0.0021486053707321416
842,6,ECL,Ecolab Inc,Basic Materials,mid,0.4882238,0.2137,0.2289,composite 0.18,0,,0.1837712699974737,days_since_20pct_dd z=-1.7; mom_12_1 z=-1.2; pullback_vol_21 z=+1.4,78777.93,SP500,0.000996837169813972,0.0021415463462094077
677,6,CTAS,Cintas Corp,Industrials,low,0.17738347,0.2314,0.236,composite 0.42,0,,0.4208046175699136,down_capture_63 z=-1.4; dn_up_vol_asym_63 z=-0.6; rs_newhigh_price_not_20 z=-0.3,78600.44,SP500,0.0009945912536129461,0.0021367213519376785
878,6,MCO,Moody's Corp,Financial,mid,0.5205039,0.2038,0.215,composite 0.09,0,,0.088635515287251,dist_52w_low z=-1.6; skew_63 z=+0.8; mom_12_1 z=-0.9,78490.64,SP500,0.0009932018705554632,0.002133736483094161
844,6,SHW,Sherwin-Williams Co,Basic Materials,mid,0.8149465,0.2124,0.2289,composite 0.18,0,,0.1805965590959991,skew_63 z=+1.7; days_since_20pct_dd z=-0.9; mom_12_1 z=-0.8,78213.26,SP500,0.0009896919700774613,0.00212619601934357
572,6,INTU,Intuit Inc,Technology,low,0.30800152,0.2384,0.2373,composite 0.50,0,,0.5029160435001541,dn_up_vol_asym_63 z=-0.8; dvol_trend_21_126 z=-1.7; rs_newhigh_price_not_20 z=+0.0,77126.13,SP500,0.0009759356858945708,0.0020966428274869853
812,6,AMT,American Tower Corp,Real Estate,low,-0.06717688,0.2216,0.2127,composite 0.21,0,,0.2098386405826074,base_depth_63 z=+0.2; higher_low_cadence z=+0.7; dn_vol_63 z=-0.5,76766.92,SP500,0.0009713903280796487,0.0020868778480946366
291,5,RCL,Royal Caribbean Group,Consumer Cyclical,high,1.5878958,0.2659,0.2575,composite 0.32,0,,0.3171667029919508,mom_12_1 z=-1.9; dist_52w_low z=-1.6; up_gap_freq_21 z=+2.6,76596.81,SP500,0.0009692377966415028,0.0026956955721960515
741,6,ITW,Illinois Tool Works Inc,Industrials,mid,0.49546534,0.2264,0.2289,composite 0.31,0,,0.3086463741558926,up_day_frac_21 z=+0.6; days_since_ignition z=+0.0; vol_dry_10_50 z=+1.1,76491.58,SP500,0.0009679062412759388,0.0020793928409236525
17,1,MRNA,Moderna Inc,Healthcare,high,1.9397796,0.48,0.4938,composite 0.97 (+signatures),121,close location in range top 20% AND downside/upside vol bottom 20% AND downside vol top 20%,0.9669953478584368,mom_12_1 z=+4.9; dist_52w_low z=+5.1; amihud_21 z=-4.1,76345.87,SP500,0.0009660624616283447,0.013167530229434093
474,6,CMCSA,Comcast Corp,Communication Services,low,0.14582959,0.2384,0.2393,composite 0.71,0,,0.7101524158819152,dn_vol_63 z=+1.0; down_capture_63 z=+1.0; pos_in_20d_range z=-1.4,76277.95,SP500,0.0009652030181195629,0.0020735853952857596
849,6,MDLZ,Mondelez International Inc,Consumer Defensive,low,-0.22150356,0.2111,0.2001,composite 0.10,0,,0.1023978445327942,dn_up_vol_asym_63 z=-0.8; higher_low_cadence z=+0.1; down_capture_63 z=-0.8,76116.46,SP500,0.000963159562109063,0.0020691953545795704
578,6,EOG,EOG Resources Inc,Energy,low,-0.5760792,0.2384,0.2373,composite 0.50,0,,0.4967401188964128,base_depth_63 z=+0.3; dn_vol_63 z=+1.0; down_capture_63 z=-1.7,75985.92,SP500,0.000961507740029611,0.0020656466771767214
439,6,REGN,Regeneron Pharmaceuticals Inc,Healthcare,mid,0.4707142,0.2418,0.2452,composite 0.66,0,,0.663691789111722,mom_12_1 z=+1.2; log_dvol_63 z=-0.2; up_day_frac_63 z=+0.5,75763.04,SP500,0.0009586874695755872,0.002059587774008751
805,6,MSI,Motorola Solutions Inc,Technology,low,0.15022838,0.2216,0.2179,composite 0.25,0,,0.2473282127208639,dn_up_vol_asym_63 z=-1.0; base_depth_63 z=-0.2; pullback_duration_21 z=+1.5,75432.06,SP500,0.0009544993274593242,0.002050590215813602
541,6,TRV,Travelers Companies Inc,Financial,low,-0.10503261,0.2384,0.2393,composite 0.57,0,,0.5686021780139339,dn_up_vol_asym_63 z=-0.8; dvol_trend_21_126 z=-1.3; pos_in_20d_range z=-1.4,75250.74,SP500,0.0009522049473501914,0.0020456611045321215
146,4,SLB,SLB Ltd,Energy,mid,0.76430905,0.3161,0.322,signatures x4 (+composite),4,time since ignition day bottom 20% AND gain off 52w low top 20% AND 21d return bottom 20%,0.5326991452411385,mom_12_1 z=+2.4; skew_63 z=+2.1; days_since_ignition z=-0.9,74468.67,SP500,0.000942308819774912,0.014006979339565956
245,5,CMI,Cummins Inc,Industrials,high,1.5650047,0.2884,0.2855,composite 0.44,0,,0.4426993694431709,up_day_frac_63 z=-2.1; up_gap_freq_21 z=+1.9; amihud_21 z=-1.8,73410.96,SP500,0.0009289248092673507,0.0025835749533519928
644,6,HLT,Hilton Worldwide Holdings Inc,Consumer Cyclical,mid,0.5864649,0.2319,0.237,composite 0.53,0,,0.5317735020982501,days_since_ignition z=+1.1; vol_dry_10_50 z=-1.1; up_day_frac_63 z=-1.2,72864.77,SP500,0.0009220134510508973,0.0019807994696089235
141,4,MPWR,Monolithic Power System Inc,Technology,high,2.5444221,0.3174,0.3161,composite 0.75 (+signatures),6,63d return top 20% AND downside vol top 20%,0.7537502724396312,amihud_21 z=-1.7; log_dvol_63 z=+1.6; mom_6_1 z=-0.6,72547.02,SP500,0.0009179927182046752,0.013645531876520399
251,5,GM,General Motors Company,Consumer Cyclical,high,1.1183026,0.2868,0.2855,composite 0.43,0,,0.429238972771068,amihud_21 z=+1.3; log_dvol_63 z=-0.4; mom_12_1 z=+0.6,71731.66,SP500,0.0009076753468954833,0.002524474821448473
676,6,CI,Cigna Group,Healthcare,low,0.19974443,0.2314,0.236,composite 0.42,0,,0.4235797440194804,base_depth_63 z=-0.3; days_since_ignition z=+1.1; pullback_duration_21 z=+0.6,71623.71,SP500,0.00090630937329753,0.0019470617526058662
817,6,KMI,Kinder Morgan Inc,Energy,low,-0.10922403,0.2203,0.2127,composite 0.18,0,,0.1824481237364437,base_depth_63 z=+0.6; pos_in_20d_range z=+1.2; pullback_duration_21 z=+1.5,71580.55,SP500,0.0009057632369335868,0.0019458884653628223
424,6,ROST,Ross Stores Inc,Consumer Cyclical,mid,0.626418,0.2418,0.2464,composite 0.70,0,,0.6993488449255527,mom_12_1 z=+1.2; days_since_ignition z=-0.4; skew_63 z=-0.6,71498.3,SP500,0.0009047224650166654,0.0019436525321899689
777,6,NSC,Norfolk Southern Corp,Industrials,low,0.25075036,0.2235,0.2215,composite 0.32,0,,0.3173019833605147,dn_vol_63 z=-0.6; down_capture_63 z=-1.3; dvol_trend_21_126 z=-0.7,70762.87,SP500,0.0008954165088967687,0.0019236601633959068
273,5,CVNA,Carvana Co,Consumer Cyclical,high,2.3479843,0.2805,0.2744,composite 0.37 (+signatures),2,share of up days 63d top 20% AND downside vol top 20%,0.3686258520784325,mom_12_1 z=-1.0; amihud_21 z=+0.0; log_dvol_63 z=-0.3,70028.01,SP500,0.0008861177654211595,0.0024645177323533553
801,6,CL,Colgate-Palmolive Co,Consumer Defensive,low,-0.11415474,0.2216,0.2193,composite 0.26,0,,0.256390118520634,down_capture_63 z=+0.7; pos_in_20d_range z=-0.1; higher_low_cadence z=-1.4,69751.82,SP500,0.0008826229229198281,0.0018961751757434642
372,5,TGT,Target Corp,Consumer Defensive,mid,0.4401423,0.2545,0.2517,composite 0.88,0,,0.882842987546235,mom_12_1 z=+3.0; days_since_20pct_dd z=+3.3; dist_52w_low z=+2.1,69679.81,SP500,0.0008817117255248431,0.0024522634204800714
495,6,NOC,Northrop Grumman Corp,Industrials,low,0.07332893,0.2384,0.2393,composite 0.65,0,,0.6453249359297143,down_capture_63 z=+0.9; dn_up_vol_asym_63 z=+0.9; days_since_ignition z=+1.1,68730.1,SP500,0.0008696943213033305,0.0018684001284320017
608,6,DLR,Digital Realty Trust Inc,Real Estate,mid,0.8028786,0.2365,0.2429,composite 0.60,0,,0.6033119549356951,skew_63 z=+1.7; days_since_20pct_dd z=+1.4; mom_12_1 z=-0.8,68519.76,SP500,0.0008670327290236314,0.0018626821201210228
762,6,ORLY,O'Reilly Automotive Inc,Consumer Cyclical,low,0.019967675,0.2235,0.2293,composite 0.36,0,,0.3605015143885703,dn_vol_63 z=+0.7; dvol_trend_21_126 z=-0.8; pos_in_20d_range z=-0.1,68393.59,SP500,0.0008654362038837168,0.0018592522394107625
351,5,APO,Apollo Global Management Inc,Financial,high,1.2027607,0.2659,0.2575,composite 0.11,0,,0.1057385180787181,dist_52w_low z=-1.3; up_gap_freq_21 z=-0.6; days_since_2x_low z=+1.3,68207.74,SP500,0.0008630845022331413,0.002400456399000161
152,4,FDX,Fedex Corp,Industrials,mid,0.896817,0.3146,0.3154,signatures x2 (+composite),2,gain off 52w low top 20% AND dollar volume top 20% AND 21d return bottom 20%,0.6278424408323624,up_day_frac_63 z=-1.9; mom_12_1 z=+1.3; days_since_ignition z=+1.0,68169.38,SP500,0.0008625991039263558,0.01282213174011327
262,5,URI,United Rentals Inc,Industrials,high,0.9841061,0.2805,0.2757,composite 0.40,0,,0.4045784889182831,mom_12_1 z=-1.1; beta_252 z=-1.8; up_gap_freq_21 z=-0.4,67985.6,SP500,0.0008602735955629296,0.0023926385562674465
56,2,TER,Teradyne Inc,Technology,high,3.260081,0.4007,0.4175,signatures x17 (+composite),17,up minus down capture top 20% AND downside vol top 20% AND 12-1m momentum top 20%,0.8986975506737713,dist_52w_low z=+0.8; mom_12_1 z=+0.7; beta_252 z=+2.4,67258.3,SP500,0.0008510705145273438,0.04644103468379533
705,6,HON,Honeywell International Inc,Industrials,mid,0.70586604,0.2268,0.2338,composite 0.40,0,,0.4014614227380185,days_since_20pct_dd z=-1.7; days_since_ignition z=-1.6; log_dvol_63 z=-0.4,67145.23,SP500,0.0008496397536684221,0.0018253160748434277
814,6,RSG,Republic Services Inc,Industrials,low,-0.367348,0.2216,0.2127,composite 0.19,0,,0.1937177299954154,rs_newhigh_price_not_20 z=-0.3; base_depth_63 z=-0.3; dn_vol_63 z=+0.4,65906.16,SP500,0.0008339608569012516,0.0017916324551900849
14,1,COHR,Coherent Corp,Technology,high,3.2254086,0.5126,0.5209,signatures x25 (+composite),25,time since 20% drawdown bottom 20% AND 12-1m momentum top 20% AND net volume flow top 20%,0.8796455654343627,days_since_2x_low z=+2.4; dn_vol_63 z=+1.4; beta_252 z=+2.4,65862.3,SP500,0.0008334058629039728,0.011359407211288013
599,6,AEP,American Electric Power Company Inc,Utilities,low,-0.02339854,0.2384,0.2373,composite 0.46,0,,0.4647106127449138,dn_up_vol_asym_63 z=+2.3; higher_low_cadence z=-2.1; days_since_ignition z=+1.2,65779.54,SP500,0.0008323586375684783,0.0017881903414107933
18,1,KEYS,Keysight Technologies Inc,Technology,high,1.8485507,0.4647,0.4812,composite 0.96 (+signatures),3,beta top 20% AND 126d Sharpe top 20% AND skew bottom 20%,0.9569225970824536,mom_12_1 z=+1.6; dist_52w_low z=+2.2; up_gap_freq_21 z=+2.6,65555.63,SP500,0.0008295253337396898,0.011306515201602871
530,6,SPG,Simon Property Group Inc,Real Estate,low,0.24732459,0.2384,0.2393,composite 0.59,0,,0.5866489549591528,dn_vol_63 z=-0.7; higher_low_cadence z=-2.7; dvol_trend_21_126 z=-1.6,65342.84,SP500,0.0008268327397433164,0.0017763188275313395
279,5,TEL,TE Connectivity plc,Technology,high,1.5815728,0.2696,0.2628,composite 0.35,0,,0.3458480200214945,mom_12_1 z=-1.3; amihud_21 z=-0.1; beta_252 z=+2.0,64306.68,SP500,0.0008137214178048694,0.0022631651701765176
176,4,FIX,Comfort Systems USA Inc,Industrials,high,2.4214811,0.3057,0.3109,signatures x6 (+composite),6,gain off 52w low top 20% AND downside vol top 20%,0.6574475600682415,days_since_2x_low z=+2.1; days_since_52w_high z=+2.5; mom_6_1 z=-0.9,64229.65,SP500,0.000812746698525107,0.012081099078814656
810,6,APD,Air Products & Chemicals Inc,Basic Materials,low,0.14390631,0.2216,0.2127,composite 0.22,0,,0.2193232975341394,dn_vol_63 z=-0.7; days_since_ignition z=-1.1; base_depth_63 z=-0.4,62739.41,SP500,0.0007938895563795394,0.0017055456299604978
404,6,MET,Metlife Inc,Financial,mid,0.66321605,0.2459,0.2464,composite 0.77,0,,0.7678539783802941,skew_63 z=+1.6; days_since_20pct_dd z=+1.9; up_day_frac_21 z=+0.7,62136.93,SP500,0.0007862659179052926,0.0016891674534500938
480,6,BSX,Boston Scientific Corp,Healthcare,low,0.1897676,0.2384,0.2393,composite 0.70,0,,0.699044394507617,pos_in_20d_range z=-1.6; dn_vol_63 z=+0.6; days_since_ignition z=+1.1,61715.43,SP500,0.0007809323572611301,0.0016777091454579028
199,5,NXPI,NXP Semiconductors NV,Technology,high,1.8237104,0.296,0.2968,composite 0.65,0,,0.6525154632976844,up_day_frac_21 z=+1.1; skew_63 z=-0.7; clv_21 z=+0.9,61641.53,SP500,0.0007799972442561393,0.0021693697098402673
524,6,TRGP,Targa Resources Corp,Energy,low,-0.1676025,0.2384,0.2393,composite 0.59,0,,0.5919004637110411,down_capture_63 z=-1.8; pullback_duration_21 z=+1.5; base_depth_63 z=-0.2,61446.28,SP500,0.0007775265972436298,0.0016703924109475867
83,3,CIEN,CIENA Corp,Technology,high,2.5142925,0.3608,0.4067,signatures x30 (+composite),30,close location in range top 20% AND time since 20% drawdown bottom 20% AND 12-1m momentum top 20%,0.7525985104128305,mom_6_1 z=-1.3; up_gap_freq_21 z=+2.0; dn_vol_63 z=+1.1,61186.84,SP500,0.0007742437052542549,0.048368063881583684
876,6,TDG,Transdigm Group Incorporated,Industrials,mid,0.7267699,0.2038,0.215,composite 0.10,0,,0.0953318176162521,days_since_20pct_dd z=-2.0; mom_12_1 z=-1.4; up_day_frac_63 z=-2.1,61160.16,SP500,0.0007739061028865533,0.00166261435381182
661,6,GWW,W.W. Grainger Inc,Industrials,mid,0.5182257,0.2319,0.2345,composite 0.48,0,,0.4750076351420136,days_since_ignition z=+1.2; skew_63 z=-0.5; mom_12_1 z=+0.9,60383.64,SP500,0.0007640802036898627,0.001641504969892256
784,6,COR,Cencora Inc,Healthcare,low,-0.14867696,0.2235,0.2215,composite 0.29,0,,0.2864956372081138,base_depth_63 z=-0.1; pullback_duration_21 z=+1.6; pos_in_20d_range z=+0.2,59739.4,SP500,0.0007559281441183438,0.001623991564575793
559,6,OXY,Occidental Petroleum Corp,Energy,low,-0.61533564,0.2384,0.2373,composite 0.53,0,,0.5291848606236425,base_depth_63 z=+0.3; down_capture_63 z=-1.5; higher_low_cadence z=+0.5,58773.68,SP500,0.0007437081531686863,0.00159773885474372
470,6,AJG,Arthur J. Gallagher & Co,Financial,low,-0.30216938,0.2384,0.2393,composite 0.72,0,,0.7174011889641282,dn_vol_63 z=+0.9; dn_up_vol_asym_63 z=-0.4; pullback_duration_21 z=+1.3,58742.68,SP500,0.0007433158865495427,0.0015968961322104867
428,6,FAST,Fastenal Co,Industrials,mid,0.49926934,0.2418,0.2452,composite 0.69,0,,0.6925431998220352,up_day_frac_63 z=+0.9; mom_12_1 z=-1.2; days_since_ignition z=+1.2,58739.95,SP500,0.0007432813417795342,0.0015968219182583663
373,5,AME,Ametek Inc,Industrials,mid,0.94064945,0.2545,0.2517,composite 0.88,0,,0.8777359258882216,up_day_frac_21 z=+1.3; up_day_frac_63 z=+0.7; mom_12_1 z=+1.2,58407.74,SP500,0.0007390776355361244,0.0020555619235315178
461,6,AON,Aon Plc,Financial,low,-0.24294169,0.2384,0.2393,composite 0.74,0,,0.737075088120129,base_depth_63 z=-4.2; dn_vol_63 z=+2.0; down_capture_63 z=+1.5,58027.97,SP500,0.0007342721163763769,0.001577467028283799
794,6,PCAR,Paccar Inc,Industrials,mid,0.9331368,0.2227,0.2289,composite 0.24,0,,0.2438023384271984,days_since_20pct_dd z=-1.1; up_day_frac_63 z=-1.9; days_since_ignition z=+1.1,57498.47,SP500,0.0007275719494461657,0.0015630727837242138
95,3,NUE,Nucor Corp,Basic Materials,mid,0.94312644,0.3534,0.3773,composite 0.99,0,,0.9876744300036572,days_since_20pct_dd z=+2.7; mom_12_1 z=+2.1; up_day_frac_63 z=+1.0,57022.52,SP500,0.0007215493914661201,0.045076177982861725
601,6,AFL,Aflac Inc,Financial,low,-0.15554407,0.2384,0.2373,composite 0.46,0,,0.4607423886003742,base_depth_63 z=-2.4; dvol_trend_21_126 z=-1.2; pullback_duration_21 z=+1.5,56932.55,SP500,0.0007204109325072702,0.0015476884761110685
640,6,BKR,Baker Hughes Co,Energy,mid,0.71813554,0.2319,0.237,composite 0.54,0,,0.5359115605476188,days_since_20pct_dd z=-1.3; skew_63 z=-0.4; vol_dry_10_50 z=-0.7,56907.23,SP500,0.0007200905392557631,0.0015470001620936018
545,6,OKE,Oneok Inc,Energy,low,-0.41932204,0.2384,0.2393,composite 0.56,0,,0.5611655155309379,down_capture_63 z=-1.1; pullback_duration_21 z=+1.4; jump_21 z=-1.3,56613.9,SP500,0.0007163788112753309,0.0015390261040073635
446,6,ALL,Allstate Corp,Financial,low,-0.37315062,0.2384,0.2434,composite 0.82,0,,0.8215821039103541,base_depth_63 z=-4.1; dn_vol_63 z=+1.6; dn_up_vol_asym_63 z=+1.3,56463.18,SP500,0.0007144716362805784,0.0015349288414199778
353,5,CRH,CRH Plc,Basic Materials,high,1.2757324,0.2659,0.2575,composite 0.09,0,,0.0861886259272341,mom_12_1 z=-2.4; dist_52w_low z=-2.0; days_since_52w_high z=+3.0,55800.73,SP500,0.0007060891517047174,0.0019638126024609562
170,4,DAL,Delta Air Lines Inc,Industrials,high,1.6923934,0.306,0.2975,signatures x3 (+composite),3,beta top 20% AND 126d Sharpe top 20% AND OBV leading price vs own norm top 20%,0.5187363310460931,mom_12_1 z=+0.6; idio_vol_63 z=-1.4; dn_vol_63 z=-0.5,55298.79,SP500,0.0006997377224526866,0.010401273569582974
115,4,VST,Vistra Corp,Utilities,high,1.4772387,0.3402,0.3171,signatures x12 (+composite),12,depth below 126d high top 20% AND downside vol top 20% AND share of up days 63d top 20%,0.3250148432626619,mom_12_1 z=-1.3; dist_52w_low z=-1.2; days_since_52w_high z=+2.7,54238.48,SP500,0.0006863208121641648,0.010201837481043523
492,6,D,Dominion Energy Inc,Utilities,low,-0.06879399,0.2384,0.2393,composite 0.65,0,,0.6509202822850357,dn_vol_63 z=-0.9; dn_up_vol_asym_63 z=+1.3; base_depth_63 z=-1.8,54222.77,SP500,0.0006861220215645923,0.0014740241965592786
718,6,GRMN,Garmin Ltd,Technology,mid,0.95703745,0.2264,0.2289,composite 0.37,0,,0.3685096579833422,up_day_frac_63 z=-2.9; skew_63 z=+0.9; up_day_frac_21 z=-2.2,53923.49,SP500,0.0006823350037008083,0.0014658883901158552
499,6,CAH,Cardinal Health Inc,Healthcare,low,-0.081588216,0.2384,0.2393,composite 0.64,0,,0.6435531388803295,pos_in_20d_range z=+0.3; pullback_duration_21 z=+1.5; days_since_ignition z=+1.2,53764.9,SP500,0.000680328243599841,0.00146157718474342
828,6,PSA,Public Storage,Real Estate,mid,0.40737498,0.2188,0.2289,composite 0.22,0,,0.2245730918743236,up_day_frac_63 z=-1.7; days_since_20pct_dd z=+1.5; vol_cv_20 z=-1.1,53671.45,SP500,0.0006791457495495516,0.0014590367840746883
592,6,DVN,Devon Energy Corp,Energy,low,-0.52501047,0.2384,0.2373,composite 0.48,0,,0.4759877345799169,base_depth_63 z=+0.6; down_capture_63 z=-2.0; higher_low_cadence z=+0.9,52816.5,SP500,0.0006683274158064276,0.001435795312146044
859,6,NDAQ,Nasdaq Inc,Financial,mid,0.66796017,0.2078,0.2289,composite 0.17,0,,0.1670757594609778,up_day_frac_63 z=-1.8; skew_63 z=+0.7; up_day_frac_21 z=-1.6,51850.01,SP500,0.0006560976814601011,0.0014095216701736294
494,6,FANG,Diamondback Energy Inc,Energy,low,-0.3690301,0.2384,0.2393,composite 0.65,0,,0.6479365986005997,down_capture_63 z=-1.7; pos_in_20d_range z=-1.4; dvol_trend_21_126 z=+1.0,51801.7,SP500,0.0006554863782223324,0.0014082083822516773
520,6,SRE,Sempra,Utilities,low,0.13577388,0.2384,0.2393,composite 0.59,0,,0.5949668187318217,higher_low_cadence z=-2.1; dvol_trend_21_126 z=-1.0; base_depth_63 z=-1.7,51746.87,SP500,0.0006547925724569246,0.0014067178507517681
597,6,O,Realty Income Corp,Real Estate,low,-0.0070839776,0.2384,0.2373,composite 0.47,0,,0.4690921935711762,base_depth_63 z=-2.3; dn_vol_63 z=-0.6; dvol_trend_21_126 z=+2.2,51209.43,SP500,0.0006479919346571649,0.0013921077604852835
869,6,NKE,Nike Inc,Consumer Cyclical,mid,0.67934394,0.2078,0.2277,composite 0.12,0,,0.1170514401197491,mom_12_1 z=-2.0; log_dvol_63 z=+2.4; up_day_frac_63 z=-1.4,51036.74,SP500,0.0006458067565132967,0.0013874132522832161
185,4,ROK,Rockwell Automation Inc,Industrials,high,1.3662373,0.3057,0.3098,signatures x4 (+composite),4,beta top 20% AND 126d Sharpe top 20% AND skew bottom 20%,0.6178799311573235,mom_12_1 z=+0.5; up_day_frac_63 z=+0.4; dist_52w_low z=+0.0,50801.44,SP500,0.0006428293263363776,0.009555356910499403
609,6,EW,Edwards Lifesciences Corp,Healthcare,mid,0.5595206,0.2365,0.2429,composite 0.60,0,,0.5977562108581145,days_since_20pct_dd z=+2.5; days_since_ignition z=+1.2; mom_12_1 z=+1.1,50193.67,SP500,0.0006351387494616382,0.0013644947333769847
166,4,COIN,Coinbase Global Inc,Financial,high,2.8712518,0.306,0.3102,signatures x6 (+composite),6,downside vol top 20% AND higher-low cadence top 20% AND dollar volume top 20%,0.4178585117656342,mom_12_1 z=-1.2; log_dvol_63 z=-1.0; amihud_21 z=+0.2,49669.14,SP500,0.000628501471728109,0.009342380061225869
421,6,WAB,Westinghouse Air Brake Technologies Corp,Industrials,mid,0.9717546,0.2419,0.2464,composite 0.71,0,,0.7069330859924365,skew_63 z=+1.4; clv_21 z=+0.6; pullback_vol_21 z=-1.0,49658.1,SP500,0.0006283617741966462,0.001349935478308473
684,6,BDX,Becton Dickinson & Co,Healthcare,low,0.3288682,0.2314,0.236,composite 0.40,0,,0.404991845600006,dn_up_vol_asym_63 z=-1.2; base_depth_63 z=+0.3; higher_low_cadence z=+1.5,49323.94,SP500,0.0006241333931175161,0.0013408514730921728
4,1,P,Everpure Inc,Technology,high,2.442767,0.5126,0.5209,signatures x81 (+composite),81,corr to SPY top 20% AND downside vol top 20% AND distance to 52w high vs own norm top 20%,0.9764837625979844,dist_52w_low z=+2.0; up_day_frac_63 z=+2.1; log_dvol_63 z=+2.2,49237.66,SP500,0.0006230416265401061,0.008492121138662746
506,6,ETR,Entergy Corp,Utilities,low,0.20538354,0.2384,0.2393,composite 0.62,0,,0.6190861811103512,dn_up_vol_asym_63 z=+1.7; base_depth_63 z=-2.3; higher_low_cadence z=-2.3,48868.65,SP500,0.000618372261858487,0.0013284745975387573
324,5,F,Ford Motor Co,Consumer Cyclical,high,1.1710753,0.2659,0.2575,composite 0.24,0,,0.2361920079364483,amihud_21 z=+0.8; mom_6_1 z=+1.7; mom_12_1 z=+0.5,48548.97,SP500,0.0006143271072517828,0.0017085991370094779
228,5,STT,State Street Corp,Financial,high,1.0724095,0.2896,0.2892,composite 0.53,0,,0.5289142998865147,mom_12_1 z=+1.9; dist_52w_low z=+1.0; amihud_21 z=-2.8,48017.87,SP500,0.0006076066943025189,0.0016899079680379068
356,5,A,Agilent Technologies Inc,Healthcare,mid,0.84597224,0.2654,0.2551,composite 0.93,0,,0.9304730771696056,log_dvol_63 z=+2.9; dist_52w_low z=+1.7; up_day_frac_63 z=+0.5,47774.25,SP500,0.0006045239848265262,0.0016813341729242667
393,6,HUM,Humana Inc,Healthcare,mid,0.5728509,0.2475,0.2464,composite 0.80,0,,0.8034073470803594,days_since_20pct_dd z=+2.7; mom_12_1 z=+2.2; dist_52w_low z=+2.9,47651.47,SP500,0.0006029703559394794,0.0012953860487322682
785,6,AZO,Autozone Inc,Consumer Cyclical,low,0.11699091,0.2235,0.2215,composite 0.28,0,,0.2787038637576376,pos_in_20d_range z=+0.3; days_since_ignition z=-1.5; base_depth_63 z=-0.3,47543.35,SP500,0.0006016022312020017,0.0012924468500131324
617,6,EBAY,EBay Inc,Consumer Cyclical,mid,0.7173421,0.2365,0.2429,composite 0.57,0,,0.5656245169123109,mom_12_1 z=-0.9; vol_dry_10_50 z=-1.3; pullback_vol_21 z=+1.8,47401.4,SP500,0.0005998060296991811,0.0012885879963488586
665,6,ADSK,Autodesk Inc,Technology,mid,0.5136162,0.2319,0.2345,composite 0.47,0,,0.4693802526949223,mom_12_1 z=-2.2; days_since_20pct_dd z=-1.0; days_since_ignition z=-0.8,47359.4,SP500,0.0005992745716990511,0.0012874462432393163
244,5,PYPL,PayPal Holdings Inc,Financial,high,1.122486,0.2884,0.2855,composite 0.45,0,,0.4515677491601343,dist_52w_low z=+1.0; amihud_21 z=+1.3; log_dvol_63 z=-1.5,46797.99,SP500,0.00059217062322636,0.0016469763483711018
514,6,VMRK,Vivmark Residential,Real Estate,low,0.14682822,0.2384,0.2393,composite 0.60,0,,0.5999496456405902,dn_up_vol_asym_63 z=+1.3; dvol_trend_21_126 z=+2.5; dn_vol_63 z=+0.8,46751.74,SP500,0.0005915853867381215,0.0012709272505120688
307,5,CARR,Carrier Global Corp,Industrials,high,1.2819896,0.2659,0.2575,composite 0.27,0,,0.2697809961144471,dist_52w_low z=-1.2; up_day_frac_63 z=-1.1; skew_63 z=-1.2,46607.34,SP500,0.0005897581835186266,0.0016402667430906836
131,4,VEEV,Veeva Systems Inc,Healthcare,mid,0.5594361,0.3276,0.3371,signatures x4 (+composite),4,idiosyncratic vol top 20% AND volume on pullbacks top 20% AND 126d Sharpe top 20%,0.8459907020937256,up_day_frac_63 z=+2.1; dist_52w_low z=+3.2; days_since_ignition z=-0.4,46149.51,SP500,0.0005839649117043517,0.008680364952148233
621,6,FITB,Fifth Third Bancorp,Financial,mid,0.8289995,0.2365,0.2429,composite 0.56,0,,0.5566357867589671,skew_63 z=-1.0; days_since_ignition z=+1.0; vol_dry_10_50 z=+0.7,46132.26,SP500,0.0005837466343114412,0.0012540869358382788
276,5,XYZ,Block Inc,Technology,high,1.8682343,0.2756,0.2465,signatures x2 (+composite),2,126d Sharpe top 20% AND beta top 20%,0.3122064228112763,log_dvol_63 z=-2.1; up_gap_freq_21 z=-1.5; amihud_21 z=+0.3,46030.97,SP500,0.0005824649347677941,0.0016199823728023305
72,3,WDAY,Workday Inc,Technology,mid,0.36373922,0.3773,0.3945,signatures x28 (+composite),28,downside vol top 20% AND higher-low cadence top 20% AND 126d Sharpe top 20%,0.5894122260303671,dist_52w_low z=+1.6; skew_63 z=+0.8; vol_dry_10_50 z=-1.5,45192.32,SP500,0.0005718528573437682,0.035724430624575025
46,2,NTAP,Netapp Inc,Technology,high,1.3130151,0.417,0.4261,composite 0.94,0,,0.9412657733151958,dist_52w_low z=+3.7; mom_12_1 z=+1.0; log_dvol_63 z=+2.6,45046.73,SP500,0.0005700105961476031,0.03110421688210323
770,6,XEL,Xcel Energy Inc,Utilities,low,0.024527417,0.2235,0.2293,composite 0.34,0,,0.3415021381813808,higher_low_cadence z=-2.4; down_capture_63 z=+1.2; rs_newhigh_price_not_20 z=-0.3,44836.25,SP500,0.0005673472323412369,0.0012188554251835707
151,4,MCHP,Microchip Technology Inc,Technology,high,2.2011125,0.3146,0.3154,signatures x6 (+composite),6,corr to SPY top 20% AND downside vol top 20% AND skew top 20%,0.6703875031001751,dist_52w_low z=+0.4; up_gap_freq_21 z=+1.7; skew_63 z=+1.5,44385.53,SP500,0.0005616439287741267,0.008348573993408033
488,6,LHX,L3Harris Technologies Inc,Industrials,low,0.26492903,0.2384,0.2393,composite 0.67,0,,0.6666654140706614,dn_up_vol_asym_63 z=+1.9; dn_vol_63 z=+1.9; base_depth_63 z=-2.3,44289.28,SP500,0.0005604260041904953,0.0012039862656996116
23,1,FLEX,Flex Ltd,Technology,high,2.8901002,0.4616,0.4909,signatures x41 (+composite),41,downside vol top 20% AND 126d Sharpe top 20% AND distance to 52w high vs own norm bottom 20%,0.88974086293844,mom_12_1 z=+0.7; dist_52w_low z=+0.4; beta_252 z=+2.6,43771.45,SP500,0.0005538735066617488,0.0075493525852958765
359,5,FERG,Ferguson Enterprises Inc,Industrials,high,1.1698081,0.2598,0.2573,composite 0.08,0,,0.0755747536769955,dist_52w_low z=-1.6; mom_12_1 z=-1.0; up_gap_freq_21 z=-0.3,43633.26,SP500,0.0005521248833037019,0.0015355990123149918
386,6,IQV,IQVIA Holdings Inc,Healthcare,mid,0.73613375,0.2475,0.2464,composite 0.82,0,,0.8156084925401834,mom_12_1 z=+1.5; skew_63 z=+1.2; dist_52w_low z=+1.7,43412.52,SP500,0.000549331691900161,0.0011801518976919403
430,6,AMP,Ameriprise Financial Inc,Financial,mid,0.79789436,0.2418,0.2452,composite 0.69,0,,0.6860505012800645,skew_63 z=-0.8; up_day_frac_63 z=+0.7; vol_dry_10_50 z=+1.5,43290.34,SP500,0.0005477856552702588,0.0011768304835270864
35,1,TWLO,Twilio Inc,Technology,high,1.329025,0.4504,0.4629,signatures x89 (+composite),89,close location in range top 20% AND downside/upside vol bottom 20% AND downside vol top 20%,0.8556257844382482,mom_12_1 z=+2.1; dist_52w_low z=+2.3; up_gap_freq_21 z=-0.7,43064.03,SP400,0.0005449219824128913,0.007427342393586669
447,6,VTR,Ventas Inc,Real Estate,low,-0.21026216,0.2384,0.2434,composite 0.81,0,,0.8120786580187438,base_depth_63 z=-2.8; dn_up_vol_asym_63 z=+2.0; dn_vol_63 z=+1.4,42949.21,SP500,0.0005434690774706309,0.001167557001663798
355,5,WAT,Waters Corp,Healthcare,mid,0.8402412,0.2654,0.2551,composite 0.93,0,,0.9338363100961088,up_day_frac_63 z=+1.0; up_day_frac_21 z=+1.4; dist_52w_low z=+1.6,42912.66,SP500,0.0005430065824728988,0.0015102387103738996
581,6,KDP,Keurig Dr Pepper Inc,Consumer Defensive,low,0.06422125,0.2384,0.2373,composite 0.49,0,,0.4890648368744222,base_depth_63 z=+0.4; down_capture_63 z=+1.2; dn_up_vol_asym_63 z=-0.7,42695.92,SP500,0.0005402640061169893,0.0011606714148753234
594,6,EXC,Exelon Corp,Utilities,low,-0.21349347,0.2384,0.2373,composite 0.47,0,,0.4747345122766934,dn_up_vol_asym_63 z=+1.7; higher_low_cadence z=-2.8; down_capture_63 z=+0.7,42559.82,SP500,0.0005385418291213298,0.0011569715911084499
61,3,ILMN,Illumina Inc,Healthcare,mid,0.7747742,0.3972,0.4071,signatures x36 (+composite),36,idiosyncratic vol top 20% AND pullback from 21d high bottom 20% AND 126d Sharpe top 20%,0.9915975733444938,days_since_20pct_dd z=+3.2; mom_12_1 z=+2.6; dist_52w_low z=+3.9,41645.8,SP500,0.0005269760376623087,0.032920914281562144
231,5,IBKR,Interactive Brokers Group Inc,Financial,high,2.0046768,0.2896,0.2892,composite 0.50 (+signatures),1,126d Sharpe top 20% AND beta top 20%,0.5035905664489655,up_day_frac_63 z=-2.1; mom_12_1 z=-0.7; jump_21 z=-1.8,41286.75,SP500,0.000522432704449292,0.0014530175494954075
604,6,IDXX,Idexx Laboratories Inc,Healthcare,mid,0.85779107,0.2367,0.2452,composite 0.64,0,,0.6389954038330299,days_since_ignition z=+1.2; up_day_frac_63 z=+0.8; up_day_frac_21 z=+0.8,40825.95,SP500,0.0005166018509621506,0.001109837032440786
618,6,LYV,Live Nation Entertainment Inc,Communication Services,mid,0.6493012,0.2365,0.2429,composite 0.56,0,,0.5610057272991203,days_since_ignition z=+1.2; mom_12_1 z=-0.8; up_day_frac_21 z=-0.1,40604.43,SP500,0.0005137987896243216,0.0011038151003258867
539,6,MSCI,MSCI Inc,Financial,low,0.3510584,0.2384,0.2393,composite 0.58,0,,0.57752880344514,dn_vol_63 z=+1.1; dn_up_vol_asym_63 z=+1.1; pos_in_20d_range z=+0.6,40517.16,SP500,0.0005126944958226228,0.001101442700471845
690,6,ADM,Archer Daniels Midland Co,Consumer Defensive,low,-0.014016276,0.2314,0.236,composite 0.39,0,,0.3882283532621358,base_depth_63 z=+0.2; dn_up_vol_asym_63 z=-0.5; down_capture_63 z=-0.9,39783.36,SP500,0.000503409165334636,0.0010814946425722726
702,6,CMG,Chipotle Mexican Grill,Consumer Cyclical,mid,0.68356144,0.2276,0.2338,composite 0.41,0,,0.4116604642920432,log_dvol_63 z=-0.6; accum_dist_50 z=+1.0; days_since_ignition z=+0.2,39411.44,SP500,0.0004987029782058651,0.0010713841469412982
663,6,PRU,Prudential Wealth Advisors,Financial,mid,0.66061527,0.2319,0.2345,composite 0.47,0,,0.4707621191383789,up_day_frac_63 z=+0.3; accum_dist_50 z=-1.9; mom_12_1 z=+0.7,39402.45,SP500,0.0004985892208863134,0.0010711397574066604
820,6,AIG,American International Group Inc,Financial,low,0.048695177,0.2203,0.2105,composite 0.17,0,,0.171311918952028,dn_vol_63 z=-0.5; pos_in_20d_range z=+0.3; dvol_trend_21_126 z=+1.1,39352.93,SP500,0.0004979626065966363,0.0010697935761213146
326,5,ARES,Ares Management Corp,Financial,high,1.7109582,0.2659,0.2575,composite 0.23,0,,0.2310814162351473,dist_52w_low z=-1.2; mom_12_1 z=-0.9; mom_6_1 z=+1.5,38993.75,SP500,0.0004934176283945715,0.0013723192808985098
783,6,ED,Consolidated Edison Inc,Utilities,low,-0.45444855,0.2235,0.2215,composite 0.29,0,,0.2905634427350684,higher_low_cadence z=-1.9; dn_up_vol_asym_63 z=+1.0; dn_vol_63 z=-0.3,38467.13,SP500,0.00048675390429865487,0.0010457134593491134
695,6,DHI,D.R. Horton Inc,Consumer Cyclical,mid,0.9012242,0.2276,0.2338,composite 0.43,0,,0.4276980329611908,days_since_ignition z=+1.3; mom_12_1 z=-1.2; log_dvol_63 z=-0.6,38275.72,SP500,0.00048433184773187163,0.0010405100554753642
32,1,OKTA,Okta Inc,Technology,high,1.2197158,0.4504,0.4629,signatures x81 (+composite),81,close location in range top 20% AND downside/upside vol bottom 20% AND downside vol top 20%,0.9334232697265082,mom_12_1 z=+2.8; dist_52w_low z=+4.9; log_dvol_63 z=+2.3,38228.05,SP400,0.00048372864290172405,0.006593270912851187
864,6,CBRE,CBRE Group Inc,Real Estate,mid,0.859629,0.2078,0.2284,composite 0.14,0,,0.1402453048589666,days_since_20pct_dd z=-1.1; mom_12_1 z=-1.3; dist_52w_low z=-1.7,38118.01,SP500,0.0004823362229413832,0.0010362227725490335
877,6,TTWO,Take-Two Interactive Software Inc,Communication Services,mid,0.64788115,0.2038,0.215,composite 0.09,0,,0.0930733237564144,days_since_20pct_dd z=-1.5; mom_12_1 z=-1.9; up_day_frac_63 z=-2.5,38061.74,SP500,0.000481624195758828,0.0010346930952282252
477,6,YUM,Yum Brands Inc,Consumer Cyclical,low,0.042034302,0.2384,0.2393,composite 0.70,0,,0.7017706697129802,dn_vol_63 z=+2.1; base_depth_63 z=-2.5; down_capture_63 z=+0.8,38036.95,SP500,0.00048131050900113213,0.001034019189047617
626,6,SYY,Sysco Corp,Consumer Defensive,low,0.16194312,0.2361,0.2373,composite 0.45,0,,0.4504986584696784,dvol_trend_21_126 z=+1.5; pos_in_20d_range z=-1.3; days_since_ignition z=-1.1,37990.52,SP500,0.00048072299483575023,0.0010327570081696158
237,5,ODFL,Old Dominion Freight Line Inc,Industrials,high,0.99622935,0.2896,0.2813,signatures x3 (+composite),3,time since 20% drawdown bottom 20% AND vol of vol bottom 20% AND 12-1m momentum vs own norm top 20%,0.2378942859075433,mom_12_1 z=+1.0; dist_52w_low z=+0.4; up_day_frac_63 z=-1.7,37102.32,SP500,0.00046948392350919005,0.001305753591333647
81,3,EME,Emcor Group Inc,Industrials,high,1.8710665,0.361,0.354,signatures x5 (+composite),5,close location in range top 20% AND corr to SPY top 20% AND idiosyncratic vol top 20%,0.3222228067670247,mom_12_1 z=-1.4; days_since_2x_low z=+2.9; dist_52w_low z=-1.2,36546.55,SP500,0.0004624513422536594,0.028889968252184494
234,5,UAL,United Airlines Holdings Inc,Industrials,high,2.1706302,0.2896,0.2892,composite 0.49,0,,0.4945963008334774,idio_vol_63 z=-1.8; log_dvol_63 z=-0.0; amihud_21 z=-0.3,36486.46,SP500,0.00046169097770061606,0.0012840794370824104
321,5,CCL,Carnival Corp Ltd,Consumer Cyclical,high,2.0423708,0.2659,0.2575,composite 0.24,0,,0.2444234425847569,mom_12_1 z=-1.7; dist_52w_low z=-1.5; days_since_2x_low z=+2.1,35813.69,SP500,0.00045317790630186594,0.0012604024313414882
451,6,PAYX,Paychex Inc,Technology,low,0.055685733,0.2384,0.2432,composite 0.78,0,,0.7789086632044913,dn_vol_63 z=+2.1; base_depth_63 z=-2.2; rs_newhigh_price_not_20 z=+0.0,35813.42,SP500,0.00045317448978615075,0.0009735734201985623
769,6,PEG,Public Service Enterprise Group Inc,Utilities,low,0.12563598,0.2235,0.2293,composite 0.34,0,,0.3424754052774375,higher_low_cadence z=-2.1; pos_in_20d_range z=+0.7; dvol_trend_21_126 z=+1.3,35552.3,SP500,0.0004498703394767707,0.0009664749780089518
261,5,IRM,Iron Mountain Inc,Real Estate,high,1.1011673,0.2805,0.2757,composite 0.40,0,,0.4046555235726041,amihud_21 z=-0.5; dist_52w_low z=-0.0; up_day_frac_63 z=+0.1,34713.64,SP500,0.00043925813551512575,0.0012216880264701328
742,6,MLM,Martin Marietta Materials Inc,Basic Materials,mid,0.8407426,0.2264,0.2289,composite 0.31,0,,0.3077414684357573,days_since_20pct_dd z=-1.2; mom_12_1 z=-1.7; log_dvol_63 z=+2.0,34695.95,SP500,0.0004390342904669757,0.0009431954476433222
548,6,HIG,Hartford Insurance Group Inc,Financial,low,-0.09198583,0.2384,0.2393,composite 0.56,0,,0.5552206948901598,base_depth_63 z=-2.6; pullback_duration_21 z=+1.5; rs_newhigh_price_not_20 z=-0.3,34403.46,SP500,0.00043533319164654606,0.0009352442246192749
130,4,STLD,Steel Dynamics Inc,Basic Materials,high,1.11606,0.3277,0.3254,composite 0.77,0,,0.7717726237627482,mom_12_1 z=+1.4; dist_52w_low z=+0.8; dn_vol_63 z=+1.2,34307.01,SP500,0.0004341127363105331,0.00645288253801609
753,6,KR,Kroger Co,Consumer Defensive,low,-0.62433857,0.226,0.2303,composite 0.38,0,,0.3822647436812794,base_depth_63 z=+0.1; higher_low_cadence z=+0.6; dn_vol_63 z=+0.7,34257.1,SP500,0.0004334811870537118,0.0009312654868784989
73,3,EL,Estee Lauder Cos. Inc,Consumer Defensive,high,1.413801,0.3773,0.3945,signatures x20 (+composite),20,time since 20% drawdown bottom 20% AND 126d Sharpe top 20% AND 12-1m momentum vs own norm top 20%,0.4314147320321365,mom_12_1 z=+1.0; log_dvol_63 z=-2.2; amihud_21 z=+0.6,34117.26,SP500,0.0004317116849885169,0.026969619793154865
21,1,ON,ON Semiconductor Corp,Technology,high,2.6775079,0.4616,0.4909,signatures x77 (+composite),77,distance to 52w high bottom 20% AND 12-1m momentum top 20% AND net volume flow top 20%,0.9121710996039292,mom_12_1 z=+1.0; dist_52w_low z=+0.9; beta_252 z=+3.1,33694.93,SP500,0.00042636762172197087,0.005811434323214415
678,6,KVUE,Kenvue Inc,Consumer Defensive,low,0.15268083,0.2314,0.236,composite 0.42,0,,0.4196547344371209,base_depth_63 z=-0.1; dn_vol_63 z=-0.4; days_since_ignition z=+1.2,33666.55,SP500,0.0004260085079590258,0.0009152116226204007
290,5,AXON,Axon Enterprise Inc,Industrials,high,1.5562218,0.2659,0.2575,composite 0.32 (+signatures),1,idiosyncratic vol top 20% AND beta top 20%,0.3189084377372103,mom_12_1 z=-1.3; dn_vol_63 z=+1.7; up_gap_freq_21 z=-0.7,33649.35,SP500,0.00042579086325421063,0.0011842321345011
768,6,WEC,WEC Energy Group Inc,Utilities,low,-0.09392287,0.2235,0.2293,composite 0.35,0,,0.346020878270215,dn_up_vol_asym_63 z=+1.3; base_depth_63 z=-1.8; dvol_trend_21_126 z=+1.0,33340.91,SP500,0.00042188793693135067,0.0009063592301777505
890,6,TKO,TKO Group Holdings Inc,Communication Services,mid,0.4379104,0.17,0.176,composite 0.04,0,,0.040355024677533,days_since_20pct_dd z=-1.2; dist_52w_low z=-1.8; mom_12_1 z=-1.3,33246.17,SP500,0.0004206891195282001,0.0009037837613777974
694,6,BIIB,Biogen Inc,Healthcare,low,0.305465,0.2299,0.2303,composite 0.38,0,,0.382648038058877,base_depth_63 z=+1.0; higher_low_cadence z=+0.9; pos_in_20d_range z=+0.6,32741.55,SP500,0.00041430377819425636,0.0008900658696126268
813,6,EQT,EQT Corp,Energy,low,0.16951378,0.2216,0.2127,composite 0.21,0,,0.2063852333962136,base_depth_63 z=+0.4; dn_vol_63 z=-1.0; dn_up_vol_asym_63 z=-0.9,32473.67,SP500,0.0004109140884543791,0.0008827836595415754
549,6,HSY,Hershey Company,Consumer Defensive,low,-0.1525268,0.2384,0.2393,composite 0.55,0,,0.5540971162734768,dvol_trend_21_126 z=-1.0; dn_vol_63 z=-0.4; down_capture_63 z=+0.4,32319.25,SP500,0.0004089600945405676,0.0008785858139421588
778,6,ACGL,Arch Capital Group Ltd,Financial,low,-0.30154434,0.2235,0.2215,composite 0.32,0,,0.3157331068639756,dvol_trend_21_126 z=+3.8; higher_low_cadence z=-2.2; dn_up_vol_asym_63 z=+0.7,32293.92,SP500,0.00040863957475144146,0.0008778972280787133
866,6,VMC,Vulcan Materials Co,Basic Materials,mid,0.81039274,0.2078,0.2277,composite 0.13,0,,0.1273334313647863,mom_12_1 z=-1.9; days_since_20pct_dd z=-1.3; dist_52w_low z=-1.7,32221.49,SP500,0.0004077230627764553,0.0008759282476567101
531,6,KMB,Kimberly-Clark Corp,Consumer Defensive,low,0.034049746,0.2384,0.2393,composite 0.59,0,,0.5853318502596632,down_capture_63 z=+2.9; dn_vol_63 z=+0.5; higher_low_cadence z=-1.5,32083.9,SP500,0.000405982031675553,0.0008721879188390457
82,3,JBL,Jabil Inc,Technology,high,2.0712016,0.3608,0.4067,signatures x36 (+composite),36,depth below 126d high bottom 20% AND corr to SPY top 20% AND gain off 52w low top 20%,0.7616021704983578,dn_vol_63 z=+1.2; beta_252 z=+2.3; up_gap_freq_21 z=+1.7,32018.33,SP500,0.0004051523245072547,0.02531042019528427
425,6,DXCM,Dexcom Inc,Healthcare,mid,0.6457504,0.2418,0.2464,composite 0.70,0,,0.6984854140509236,mom_12_1 z=+2.2; skew_63 z=+0.9; log_dvol_63 z=-0.2,31687.74,SP500,0.0004009691173581356,0.0008614184685562785
709,6,MTB,M & T Bank Corp,Financial,mid,0.6221257,0.2268,0.2338,composite 0.39,0,,0.3927837539259712,days_since_20pct_dd z=+1.9; skew_63 z=-0.6; accum_dist_50 z=-2.1,31592.5,SP500,0.00039976397307403116,0.0008588294074574023
257,5,CNC,Centene Corp,Healthcare,mid,0.3636843,0.2826,0.2556,signatures x1 (+composite),1,gain off 52w low top 20% AND higher-low cadence bottom 20%,0.7355752372549685,mom_12_1 z=+1.8; dist_52w_low z=+1.4; days_since_ignition z=+1.1,31534.17,SP500,0.0003990258791419457,0.0011097919409682668
700,6,RMD,Resmed Inc,Healthcare,mid,0.40076867,0.2276,0.2338,composite 0.41,0,,0.4129895445684919,days_since_20pct_dd z=-0.9; days_since_ignition z=+1.1; vol_dry_10_50 z=-1.2,31248.58,SP500,0.00039541209127868035,0.0008494800805661228
299,5,IR,Ingersoll Rand Inc,Industrials,high,1.187679,0.2659,0.2575,composite 0.29,0,,0.2854660032918223,log_dvol_63 z=+2.2; amihud_21 z=-1.8; mom_12_1 z=-0.9,31171.88,SP500,0.00039444154774034753,0.0010970417553032125
744,6,TFC,Truist Financial Corp,Financial,mid,0.7180766,0.2264,0.2289,composite 0.30,0,,0.301491963306073,dist_52w_low z=-1.5; skew_63 z=-0.5; days_since_ignition z=+1.0,31096.94,SP500,0.00039349327482297256,0.0008453578081487185
384,6,NTRS,Northern Trust Corp,Financial,mid,0.9197481,0.2475,0.2464,composite 0.83,0,,0.8306657466791845,days_since_20pct_dd z=+1.9; skew_63 z=-0.7; log_dvol_63 z=+1.7,31018.3,SP500,0.00039249818298653854,0.0008432200113740901
720,6,HBAN,Huntington Bancshares Inc,Financial,mid,0.83456016,0.2264,0.2289,composite 0.36,0,,0.364367829093473,dist_52w_low z=-2.0; skew_63 z=-1.0; up_day_frac_21 z=-1.7,30972.96,SP500,0.00039192446142163623,0.0008419874617077415
143,4,EXPE,Expedia Group Inc,Consumer Cyclical,high,0.99506927,0.3161,0.322,signatures x3 (+composite),3,downside vol top 20% AND dollar-volume trend top 20% AND share of up days 63d top 20%,0.578631714227737,amihud_21 z=-2.3; beta_252 z=-1.7; dist_52w_low z=-1.0,30819.66,SP500,0.00038998463972116147,0.005796939046614467
405,6,MTD,Mettler-Toledo International Inc,Healthcare,mid,0.79353976,0.2459,0.2464,composite 0.76,0,,0.7646113995498094,days_since_ignition z=-1.6; log_dvol_63 z=+1.9; dist_52w_low z=+1.1,30802.0,SP500,0.0003897611742858687,0.000837339982859948
861,6,RJF,Raymond James Financial Inc,Financial,mid,0.7502975,0.2078,0.2289,composite 0.16,0,,0.1603115892029665,up_day_frac_63 z=-2.1; days_since_20pct_dd z=+1.9; dist_52w_low z=-1.6,30685.08,SP500,0.0003882816964436019,0.0008341615596797655
830,6,EXR,Extra Space Storage Inc,Real Estate,mid,0.36645162,0.2188,0.2289,composite 0.22,0,,0.2223824659434961,days_since_20pct_dd z=+1.7; skew_63 z=+0.7; up_day_frac_63 z=-1.3,29859.27,SP500,0.00037783209332247294,0.0008117122469323602
875,6,GEHC,GE HealthCare Technologies Inc,Healthcare,mid,0.76149994,0.2058,0.2185,composite 0.10,0,,0.1014946026144233,skew_63 z=+1.3; log_dvol_63 z=-0.2; dist_52w_low z=-1.4,29508.66,SP500,0.00037339555785995853,0.0008021810550814893
879,6,ZTS,Zoetis Inc,Healthcare,mid,0.55887413,0.2038,0.215,composite 0.09,0,,0.0874214334460694,mom_12_1 z=-1.8; log_dvol_63 z=-0.4; days_since_ignition z=-0.1,29274.83,SP500,0.00037043672871304393,0.0007958244805671026
542,6,CCI,Crown Castle Inc,Real Estate,low,0.15619422,0.2384,0.2393,composite 0.57,0,,0.5685739946038164,down_capture_63 z=+1.7; dn_vol_63 z=+0.6; dvol_trend_21_126 z=-0.8,29064.56,SP500,0.0003677760221966784,0.0007901083751779732
62,3,HPQ,HP Inc,Technology,mid,0.75712425,0.3972,0.4071,signatures x21 (+composite),21,idiosyncratic vol top 20% AND pullback from 21d high bottom 20% AND 126d Sharpe top 20%,0.9484731601192966,dist_52w_low z=+3.0; mom_12_1 z=+1.4; log_dvol_63 z=+2.3,29004.75,SP500,0.00036701920069696936,0.022928191762630074
278,5,TDY,Teledyne Technologies Inc,Technology,high,1.0570419,0.2696,0.2628,composite 0.35,0,,0.3493145794659432,up_day_frac_63 z=+0.7; mom_6_1 z=-1.1; amihud_21 z=-1.7,28902.76,SP500,0.0003657286435199868,0.0010171839030404157
42,2,SMCI,Super Micro Computer Inc,Technology,high,3.734673,0.4305,0.4208,signatures x56 (+composite),56,corr to SPY top 20% AND downside vol top 20% AND skew top 20%,0.6595932570251848,dn_vol_63 z=-1.1; amihud_21 z=+0.2; up_day_frac_63 z=+1.0,28814.5,SP500,0.0003646118224939992,0.019896060321123496
178,4,CBOE,Cboe Global Markets Inc,Financial,low,-0.34996787,0.3057,0.3109,signatures x5 (+composite),5,depth below 126d high bottom 20% AND up minus down capture top 20% AND volume vs 50d top 20%,0.625511998617134,dn_vol_63 z=+1.1; down_capture_63 z=-1.4; dvol_trend_21_126 z=-1.0,28761.2,SP500,0.00036393737698431035,0.005409758683499039
142,4,ECHO,EchoStar Corp,Communication Services,high,1.4939489,0.3162,0.3044,signatures x3 (+composite),3,depth below 126d high bottom 20% AND dvolROC21>+30% AND up-capture top 20%,0.2361093366001037,dn_vol_63 z=-1.3; up_gap_freq_21 z=-1.1; days_since_2x_low z=+1.3,28739.03,SP500,0.0003636568430828131,0.005405588678422298
241,5,WSM,Williams-Sonoma Inc,Consumer Cyclical,high,1.2277731,0.2884,0.2892,composite 0.46,0,,0.4627358951426832,up_gap_freq_21 z=+2.5; dn_vol_63 z=-0.9; beta_252 z=-1.6,28722.22,SP500,0.000363444133345142,0.0010108301021627517
270,5,RDDT,Reddit Inc,Communication Services,high,2.025339,0.2805,0.2744,composite 0.37 (+signatures),1,idiosyncratic vol top 20% AND beta top 20%,0.3708880404638613,dist_52w_low z=-1.3; mom_12_1 z=-1.2; up_day_frac_63 z=-2.0,28510.27,SP500,0.0003607621685087713,0.0010033708792978966
13,1,NVT,nVent Electric plc,Industrials,high,2.0274558,0.5126,0.5209,signatures x54 (+composite),54,corr to SPY top 20% AND downside vol top 20% AND distance to 52w high vs own norm top 20%,0.8869882832169671,up_day_frac_63 z=+1.3; days_since_2x_low z=-1.4; dn_vol_63 z=+0.9,28130.91,SP400,0.00035596183739140596,0.0048517962766877875
757,6,AEE,Ameren Corp,Utilities,low,-0.089282736,0.2235,0.2303,composite 0.37,0,,0.3711943001871378,higher_low_cadence z=-2.9; dn_up_vol_asym_63 z=+1.3; days_since_ignition z=-2.2,27896.11,SP500,0.0003529907340954407,0.0007583445318245317
212,5,FTI,TechnipFMC plc,Energy,mid,0.40425533,0.2939,0.2824,signatures x2 (+composite),2,gain off 52w low top 20% AND pullback from 21d high bottom 20%,0.5924134966688158,up_day_frac_21 z=-2.7; mom_12_1 z=+1.3; up_day_frac_63 z=-1.6,27408.37,SP400,0.0003468189882625016,0.0009645913667959683
132,4,PCG,PG&E Corp,Utilities,low,0.15042754,0.3276,0.3371,signatures x5 (+composite),5,downside vol top 20% AND dollar-volume trend top 20% AND share of up days 63d top 20%,0.8097788917531584,base_depth_63 z=-2.9; dn_vol_63 z=+4.0; dn_up_vol_asym_63 z=+2.4,27276.57,SP500,0.00034515122244304584,0.005130511293463742
175,4,HAL,Halliburton Co,Energy,low,0.24645768,0.3057,0.3109,signatures x5 (+composite),5,time since 20% drawdown bottom 20% AND vol of vol bottom 20% AND 12-1m momentum vs own norm top 20%,0.6876319923040501,dvol_trend_21_126 z=-1.2; base_depth_63 z=-0.2; down_capture_63 z=-1.0,27180.88,SP500,0.0003439403839660828,0.005112512746517717
182,4,DG,Dollar General Corp,Consumer Defensive,mid,0.58384407,0.3057,0.3098,signatures x4 (+composite),4,time since 20% drawdown bottom 20% AND vol of vol bottom 20% AND 12-1m momentum vs own norm top 20%,0.6996580210465989,log_dvol_63 z=-1.0; mom_12_1 z=+1.0; accum_dist_50 z=+0.9,27022.25,SP500,0.00034193311771463914,0.0050826756736569376
481,6,WTW,Willis Towers Watson Public Limited Co,Financial,low,-0.10686169,0.2384,0.2393,composite 0.70,0,,0.6972500507301382,down_capture_63 z=+1.3; base_depth_63 z=-2.0; pullback_duration_21 z=+1.5,26979.76,SP500,0.0003413954593711742,0.0007334339255881277
329,5,CFG,Citizens Financial Group Inc,Financial,high,0.99665374,0.2659,0.2575,composite 0.20,0,,0.1992341628024079,up_gap_freq_21 z=-1.5; up_day_frac_63 z=-1.4; beta_252 z=-1.2,26963.78,SP500,0.00034119325225588664,0.0009489447714032535
633,6,ATO,Atmos Energy Corp,Utilities,low,-0.15419553,0.2349,0.236,composite 0.43,0,,0.4316571093591468,dn_up_vol_asym_63 z=+1.4; base_depth_63 z=-2.2; higher_low_cadence z=-2.0,26882.7,SP500,0.0003401672852403975,0.0007307953885211715
5,1,MTSI,MACOM Technology Solutions Holdings Inc,Technology,high,2.2692738,0.5126,0.5209,signatures x41 (+composite),41,downside vol top 20% AND 126d Sharpe top 20% AND share of up days 63d top 20%,0.9736973627843706,dist_52w_low z=+1.9; mom_12_1 z=+1.2; dn_vol_63 z=+1.9,26780.99,SP400,0.0003388802711167492,0.004618972780049166
396,6,CPAY,Corpay Inc,Technology,mid,0.8508571,0.2475,0.2464,composite 0.80,0,,0.7992655181904902,mom_12_1 z=+1.4; dist_52w_low z=+1.6; days_since_ignition z=+1.1,26538.95,SP500,0.000335817554584571,0.0007214506830115258
128,4,ATI,ATI Inc,Industrials,high,1.5507958,0.3277,0.3254,composite 0.78 (+signatures),5,gain off 52w low top 20% AND higher-low cadence bottom 20% AND share of up days 63d top 20%,0.7834461922334037,mom_12_1 z=+1.9; dist_52w_low z=+0.6; log_dvol_63 z=+1.6,26511.01,SP400,0.00033546400847686537,0.00498651539420573
773,6,VRSN,Verisign Inc,Technology,low,0.050681952,0.2235,0.2293,composite 0.34,0,,0.3367504152355757,base_depth_63 z=+0.3; dn_up_vol_asym_63 z=-0.6; pullback_duration_21 z=-0.0,26461.06,SP500,0.0003348319530695679,0.000719333274685282
159,4,FFIV,F5 Inc,Technology,high,1.0153227,0.3061,0.3111,composite 0.74,0,,0.7375617216681573,dist_52w_low z=+2.6; days_since_2x_low z=-6.0; amihud_21 z=-0.5,26441.21,SP500,0.0003345807758956968,0.004973386555488701
538,6,DTE,DTE Energy Co,Utilities,low,-0.0096055465,0.2384,0.2393,composite 0.58,0,,0.5776002014174376,base_depth_63 z=-2.4; higher_low_cadence z=-3.1; dn_up_vol_asym_63 z=+1.3,26371.0,SP500,0.0003336923552721461,0.0007168850298032494
378,5,WST,West Pharmaceutical Services Inc,Healthcare,mid,0.58919597,0.2504,0.2486,composite 0.86,0,,0.8614796716700412,days_since_20pct_dd z=+2.4; days_since_ignition z=-1.3; dist_52w_low z=+1.7,26281.83,SP500,0.00033256401932282235,0.0009249446910414331
475,6,KHC,Kraft Heinz Co,Consumer Defensive,low,-0.09261636,0.2384,0.2393,composite 0.71,0,,0.7091039930255454,base_depth_63 z=-2.4; down_capture_63 z=+1.7; dn_vol_63 z=+1.0,26248.21,SP500,0.00033213859984748006,0.0007135470330337094
389,6,DOV,Dover Corp,Industrials,mid,0.89769465,0.2475,0.2464,composite 0.81,0,,0.8109519985219873,skew_63 z=-2.7; days_since_ignition z=+1.3; up_day_frac_21 z=+0.3,26077.78,SP500,0.0003299820192055237,0.0007089139620227743
824,6,WRB,W.R. Berkley Corp,Financial,low,-0.3249681,0.2203,0.2065,composite 0.15,0,,0.1522505392425802,dvol_trend_21_126 z=+2.8; dn_vol_63 z=-0.4; pos_in_20d_range z=+0.3,26037.04,SP500,0.00032946650494539755,0.0007078064615065184
93,3,SN,SharkNinja Inc,Consumer Cyclical,high,1.4416128,0.3535,0.3688,composite 0.85 (+signatures),4,beta top 20% AND dollar-volume trend top 20% AND 126d Sharpe top 20%,0.8545078425035887,dist_52w_low z=+0.6; up_day_frac_63 z=+0.7; mom_6_1 z=+1.6,26021.79,SP400,0.0003292735350763027,0.020570168373348838
162,4,CTSH,Cognizant Technology Solutions Corp,Technology,low,0.2126441,0.306,0.3102,signatures x8 (+composite),8,corr to SPY bottom 20% AND pullback from 21d high bottom 20% AND 63d return top 20%,0.5616277234568643,dn_up_vol_asym_63 z=-1.8; higher_low_cadence z=+0.9; down_capture_63 z=-1.7,25923.07,SP500,0.00032802435570075883,0.0048759284395454095
322,5,HUBB,Hubbell Inc,Industrials,high,1.2062987,0.2659,0.2575,composite 0.24,0,,0.2423228390840015,dist_52w_low z=-1.2; mom_6_1 z=-1.0; amihud_21 z=-0.3,25831.95,SP500,0.00032687134491571476,0.000909111923018593
177,4,ROIV,Roivant Sciences Ltd,Healthcare,high,0.97722477,0.3057,0.3109,signatures x5 (+composite),5,time since 20% drawdown top 20% AND idiosyncratic vol top 20% AND 12-1m momentum top 20%,0.6435550177743373,mom_12_1 z=+0.9; log_dvol_63 z=+2.1; dist_52w_low z=+0.6,25664.14,SP400,0.00032474791712995695,0.004827225714488096
6,1,ENTG,Entegris Inc,Technology,high,3.3517008,0.5126,0.5209,signatures x30 (+composite),30,corr to SPY top 20% AND downside vol top 20% AND distance to 52w high vs own norm top 20%,0.960267028416393,dist_52w_low z=+2.3; up_day_frac_63 z=+0.9; beta_252 z=+2.8,25500.8,SP400,0.00032268105165992727,0.004398175760846696
588,6,FE,Firstenergy Corp,Utilities,low,-0.06032586,0.2384,0.2373,composite 0.48,0,,0.484814778628708,down_capture_63 z=+1.0; higher_low_cadence z=-2.0; base_depth_63 z=-1.8,25455.3,SP500,0.0003221053054931197,0.0006919920935554455
796,6,AWK,American Water Works Co Inc,Utilities,low,-0.44914123,0.2216,0.2193,composite 0.26,0,,0.2608581284712566,dn_vol_63 z=-1.2; pos_in_20d_range z=-1.4; dn_up_vol_asym_63 z=-0.6,25389.61,SP500,0.0003212740798733925,0.000690206337322926
759,6,OTIS,Otis Worldwide Corp,Industrials,low,0.27276692,0.2235,0.2303,composite 0.37,0,,0.3671246157661754,dvol_trend_21_126 z=+0.9; dn_up_vol_asym_63 z=-0.3; jump_21 z=-1.2,25368.61,SP500,0.0003210083508733274,0.0006896354607681548
519,6,CNP,Centerpoint Energy Inc,Utilities,low,-0.12010985,0.2384,0.2393,composite 0.59,0,,0.5949874865659078,dn_up_vol_asym_63 z=+1.4; base_depth_63 z=-2.2; higher_low_cadence z=-2.2,25290.64,SP500,0.00032002173705737166,0.0006875158776740833
555,6,DGX,Quest Diagnostics Inc,Healthcare,low,-0.13398314,0.2384,0.2393,composite 0.54,0,,0.5427579909362154,dn_up_vol_asym_63 z=-1.0; pos_in_20d_range z=-1.5; dvol_trend_21_126 z=+1.4,25267.77,SP500,0.00031973234552253895,0.0006868941659213398
686,6,PPL,PPL Corp,Utilities,low,-0.022598058,0.2314,0.236,composite 0.40,0,,0.4047118903928391,higher_low_cadence z=-2.9; dvol_trend_21_126 z=-1.4; pos_in_20d_range z=+0.2,25183.23,SP500,0.00031866259649084857,0.0006845959800194185
526,6,CPRT,Copart Inc,Industrials,low,0.1260388,0.2384,0.2393,composite 0.59,0,,0.5903466183665647,dn_up_vol_asym_63 z=-1.0; dn_vol_63 z=+1.0; pos_in_20d_range z=-1.3,25085.03,SP500,0.0003174199970714968,0.0006819264525109174
550,6,VICI,VICI Properties Inc,Real Estate,low,0.017364923,0.2384,0.2393,composite 0.55,0,,0.5530449356290913,base_depth_63 z=-2.5; dn_up_vol_asym_63 z=+0.9; pos_in_20d_range z=-1.2,25057.99,SP500,0.0003170778393495083,0.0006811913809851551
557,6,CINF,Cincinnati Financial Corp,Financial,low,-0.013075617,0.2384,0.2373,composite 0.53,0,,0.5329276174872424,dn_up_vol_asym_63 z=+1.8; higher_low_cadence z=-1.8; base_depth_63 z=-1.6,24954.3,SP500,0.0003157657707772824,0.0006783726100344782
627,6,LH,Labcorp Holdings Inc,Healthcare,low,0.2895291,0.2361,0.2373,composite 0.45,0,,0.447541279301352,dvol_trend_21_126 z=+1.6; dn_up_vol_asym_63 z=-0.5; down_capture_63 z=-0.7,24944.73,SP500,0.0003156446742758242,0.0006781124534330897
391,6,EXPD,Expeditors International Of Washington Inc,Industrials,mid,0.5231698,0.2475,0.2464,composite 0.81,0,,0.8064991082908216,mom_12_1 z=+2.3; up_day_frac_63 z=+1.8; dist_52w_low z=+2.3,24894.5,SP500,0.00031500907581519244,0.000676746971083273
491,6,FOX,Fox Corp,Communication Services,low,0.0638086,0.2384,0.2393,composite 0.66,0,,0.6585636231088932,dn_up_vol_asym_63 z=-0.7; pullback_duration_21 z=+1.6; pos_in_20d_range z=-1.3,24556.51,SP500,0.00031073223082795525,0.0006675588488572216
534,6,FOXA,Fox Corp,Communication Services,low,0.11030698,0.2384,0.2393,composite 0.58,0,,0.5796876526601381,dn_up_vol_asym_63 z=-0.6; pullback_duration_21 z=+1.6; pos_in_20d_range z=-1.4,24525.32,SP500,0.0003103375599940491,0.0006667109612503974
716,6,XYL,Xylem Inc,Industrials,mid,0.77954596,0.2264,0.2289,composite 0.37,0,,0.3734734429023343,mom_12_1 z=-2.1; days_since_20pct_dd z=-1.1; days_since_ignition z=-0.8,24472.92,SP500,0.0003096745028700773,0.0006652864883232542
888,6,FISV,Fiserv Inc,Technology,mid,0.6465125,0.17,0.176,composite 0.05,0,,0.0510423382763808,days_since_20pct_dd z=-1.0; log_dvol_63 z=-1.0; mom_12_1 z=-1.2,24375.92,SP500,0.000308447087965015,0.0006626495823321688
586,6,ES,Eversource Energy,Utilities,low,0.07282587,0.2384,0.2373,composite 0.49,0,,0.4857222844344905,dn_vol_63 z=-0.8; higher_low_cadence z=-2.2; dn_up_vol_asym_63 z=+1.0,24325.66,SP500,0.000307811109891526,0.0006612832844444166
622,6,TPL,Texas Pacific Land Corp,Energy,mid,0.4190405,0.2363,0.2429,composite 0.55,0,,0.5517700332929896,log_dvol_63 z=+0.3; skew_63 z=-0.4; up_day_frac_63 z=-1.1,24071.81,SP500,0.0003045989524312161,0.0006543824742811481
268,5,PPG,PPG Industries Inc,Basic Materials,high,1.04199,0.2805,0.2744,composite 0.38,0,,0.3773364046987381,mom_12_1 z=+1.2; log_dvol_63 z=-1.1; mom_6_1 z=+1.5,23733.86,SP500,0.00030032261359445514,0.0008352731832190006
643,6,PFG,Principal Financial Group Inc,Financial,mid,0.6044566,0.2319,0.237,composite 0.53,0,,0.5334155289362457,skew_63 z=+3.6; mom_12_1 z=+2.0; days_since_20pct_dd z=+1.9,23681.05,SP500,0.0002996543684281011,0.0006437598208267506
882,6,LVS,Las Vegas Sands Corp,Consumer Cyclical,mid,0.6181443,0.1949,0.2011,composite 0.08,0,,0.077967053890906,up_day_frac_21 z=-2.6; log_dvol_63 z=-0.5; accum_dist_50 z=-3.6,23663.76,SP500,0.00029943558488471425,0.000643289799129989
787,6,VLTO,Veralto Corp,Industrials,low,0.2776141,0.2235,0.2215,composite 0.28,0,,0.2775445861548058,base_depth_63 z=+0.1; pos_in_20d_range z=+0.9; higher_low_cadence z=+0.4,23608.94,SP500,0.0002987419056569254,0.000641799539476058
615,6,ULTA,Ulta Beauty Inc,Consumer Cyclical,mid,0.56457776,0.2365,0.2429,composite 0.59,0,,0.5858076849118283,log_dvol_63 z=-1.7; vol_dry_10_50 z=-1.4; up_day_frac_63 z=+0.2,23486.34,SP500,0.00029719055444702195,0.0006384667077801088
340,5,SYF,Synchrony Financial,Financial,high,1.2395166,0.2659,0.2575,composite 0.15,0,,0.1499526518710026,dist_52w_low z=-1.6; dn_vol_63 z=-0.6; up_gap_freq_21 z=-0.3,23447.86,SP500,0.0002967036376888075,0.000825207895465528
630,6,UTHR,United Therapeutics Corp,Healthcare,low,0.20976573,0.2361,0.2373,composite 0.45,0,,0.445215208519657,base_depth_63 z=+0.2; dvol_trend_21_126 z=+2.0; pullback_duration_21 z=-0.8,23230.46,SP400,0.000293952709850039,0.0006315107128832124
249,5,TPR,Tapestry Inc,Consumer Cyclical,high,1.0710776,0.2868,0.2855,composite 0.43,0,,0.4325289161787805,dist_52w_low z=-1.4; mom_12_1 z=-1.0; dn_vol_63 z=+1.8,23212.0,SP500,0.00029371912140521993,0.0008169072004671572
740,6,RF,Regions Financial Corp,Financial,mid,0.7592073,0.2264,0.2289,composite 0.31,0,,0.3099886509740933,days_since_20pct_dd z=+2.1; dist_52w_low z=-1.3; up_day_frac_63 z=-1.2,23111.65,SP500,0.0002924493163977663,0.0006282809108131003
734,6,INCY,Incyte Corp,Healthcare,mid,0.4325376,0.2264,0.2289,composite 0.33,0,,0.3328356351872589,days_since_20pct_dd z=+2.4; up_day_frac_63 z=-1.9; skew_63 z=+1.1,22980.85,SP500,0.00029079420434021834,0.0006247251654148119
851,6,CHD,Church & Dwight Co Inc,Consumer Defensive,low,-0.03980057,0.2111,0.2001,composite 0.08,0,,0.0822842841789608,higher_low_cadence z=+1.0; down_capture_63 z=+1.1; pos_in_20d_range z=+1.0,22976.74,SP500,0.0002907421973787771,0.0006246134367176639
411,6,CASY,Casey's General Stores Inc,Consumer Cyclical,low,-0.06940668,0.2448,0.2595,composite 0.95,0,,0.9479621515591062,base_depth_63 z=-4.4; dn_vol_63 z=+4.2; dn_up_vol_asym_63 z=+2.8,22942.28,SP500,0.0002903061487434322,0.0006236766554758823
463,6,DRI,Darden Restaurants Inc,Consumer Cyclical,low,0.24615365,0.2384,0.2393,composite 0.73,0,,0.7341402556798966,dn_vol_63 z=+1.5; ret_5 z=+1.1; dvol_trend_21_126 z=+0.4,22883.22,SP500,0.0002895588175651541,0.0006220711331270833
167,4,ROKU,Roku Inc,Communication Services,high,1.4607464,0.306,0.2994,signatures x3 (+composite),3,beta top 20% AND volume on pullbacks top 20% AND 126d Sharpe top 20%,0.560718338757074,amihud_21 z=-2.4; dn_vol_63 z=-2.2; mom_12_1 z=+0.7,22582.22,SP400,0.0002857500352308886,0.00424754046206993
233,5,SW,Smurfit WestRock plc,Consumer Cyclical,high,1.488288,0.2896,0.2892,composite 0.49,0,,0.4947691590821979,mom_12_1 z=+1.3; days_since_52w_high z=-3.3; dist_52w_low z=+0.4,22280.88,SP500,0.0002819369506175744,0.0007841380020999773
94,3,SNX,TD Synnex Corp,Technology,high,1.3636594,0.3535,0.3688,composite 0.85 (+signatures),7,beta top 20% AND 126d Sharpe top 20% AND skew bottom 20%,0.850652351999519,mom_12_1 z=+1.5; dist_52w_low z=+1.6; up_gap_freq_21 z=+2.3,22208.47,SP400,0.00028102069171782634,0.017555747210874672
616,6,TROW,T. Rowe Price Group Inc,Financial,mid,0.88977027,0.2365,0.2429,composite 0.59,0,,0.585063022912967,skew_63 z=-1.8; up_day_frac_63 z=-2.1; days_since_20pct_dd z=+1.9,22076.4,SP500,0.00027934950938265544,0.0006001380558927783
304,5,NRG,NRG Energy Inc,Utilities,high,1.3977087,0.2659,0.2575,composite 0.27 (+signatures),1,idiosyncratic vol top 20% AND beta top 20%,0.2741043312264668,mom_12_1 z=-2.0; dist_52w_low z=-1.8; mom_6_1 z=-1.7,22026.91,SP500,0.0002787232747058355,0.0007751999561882659
284,5,RL,Ralph Lauren Corp,Consumer Cyclical,high,1.2342936,0.2672,0.2577,composite 0.33,0,,0.32959934464177,mom_12_1 z=-2.0; dist_52w_low z=-1.9; mom_6_1 z=-1.0,21822.2,SP500,0.0002761329231056777,0.0007679955329154918
375,5,DLTR,Dollar Tree Inc,Consumer Defensive,mid,0.79997313,0.2538,0.2514,composite 0.87,0,,0.8728286975767379,up_day_frac_63 z=+1.1; mom_12_1 z=+1.2; up_day_frac_21 z=+0.7,21809.2,SP500,0.0002759684242008755,0.0007675380198357885
698,6,PHM,PulteGroup Inc,Consumer Cyclical,mid,0.92386943,0.2276,0.2338,composite 0.42,0,,0.422053683531847,days_since_ignition z=+1.3; log_dvol_63 z=-0.7; mom_12_1 z=-1.1,21775.16,SP500,0.000275537690145532,0.0005919489676375763
680,6,L,Loews Corp,Financial,low,0.0026556863,0.2314,0.236,composite 0.42,0,,0.4176537123187806,base_depth_63 z=-3.1; dn_up_vol_asym_63 z=+1.5; higher_low_cadence z=-2.4,21731.69,SP500,0.0002749876311153974,0.0005907672531692001
260,5,GPN,Global Payments Inc,Technology,high,1.093057,0.2805,0.2757,composite 0.41,0,,0.4063427703916367,dist_52w_low z=+1.0; amihud_21 z=+1.0; mom_12_1 z=+0.8,21721.2,SP500,0.00027485489315298397,0.0007644410082193354
719,6,KEY,Keycorp,Financial,mid,0.8294137,0.2264,0.2289,composite 0.37,0,,0.3664830462142892,days_since_20pct_dd z=+2.2; skew_63 z=-0.6; accum_dist_50 z=-3.2,21502.64,SP500,0.0002720892869504023,0.0005845406210325184
334,5,XPO,XPO Inc,Industrials,high,1.2314687,0.2659,0.2575,composite 0.17,0,,0.1706749738833732,up_day_frac_63 z=-1.9; dn_vol_63 z=-0.8; beta_252 z=-2.7,21484.2,SP400,0.0002718559515808214,0.000756100192843206
438,6,IFF,International Flavors & Fragrances Inc,Basic Materials,mid,0.7188361,0.2418,0.2452,composite 0.66,0,,0.6642894039310613,days_since_20pct_dd z=+2.1; mom_12_1 z=+1.6; skew_63 z=+0.8,21483.63,SP500,0.0002718487389365339,0.0005840238418274614
414,6,VRSK,Verisk Analytics Inc,Industrials,low,-0.376229,0.2448,0.2535,composite 0.88,0,,0.8813760268155753,base_depth_63 z=-2.4; dn_vol_63 z=+1.5; dvol_trend_21_126 z=-2.2,21467.2,SP500,0.0002716408376283878,0.0005835771988848476
11,1,SITM,SiTime Corp,Technology,high,2.8954847,0.5126,0.5209,signatures x65 (+composite),65,time since 20% drawdown bottom 20% AND OBV leading price top 20% AND 126d Sharpe top 20%,0.9026075291040684,dist_52w_low z=+0.6; amihud_21 z=-2.0; up_gap_freq_21 z=+2.0,21382.31,SP400,0.0002705666597800297,0.0036878512655646066
63,3,JBHT,J.B. Hunt Transport Services Inc,Industrials,mid,0.76461715,0.3972,0.4071,signatures x33 (+composite),33,depth below 126d high bottom 20% AND gain off 52w low top 20% AND volROC21>+50%,0.9259900234144356,mom_12_1 z=+2.5; skew_63 z=-1.1; log_dvol_63 z=+2.0,21261.17,SP500,0.0002690337830625116,0.01680690862213526
186,4,PTC,PTC Inc,Technology,mid,0.6173948,0.305,0.3154,signatures x1 (+composite),1,gain off 52w low top 20% AND idiosyncratic vol top 20%,0.6225638241315734,skew_63 z=+3.0; mom_12_1 z=-1.7; days_since_ignition z=-2.2,20964.32,SP500,0.00026527751384016374,0.003943226018512877
469,6,USFD,US Foods Holding Corp,Consumer Defensive,low,0.17813128,0.2384,0.2393,composite 0.72,0,,0.7179423104383835,dn_vol_63 z=+1.0; days_since_ignition z=-1.6; pullback_duration_21 z=+1.4,20882.41,SP400,0.000264241044202291,0.0005676799179103437
171,4,THC,Tenet Healthcare Corp,Healthcare,mid,0.49513066,0.306,0.2806,signatures x2 (+composite),2,idiosyncratic vol top 20% AND 126d Sharpe top 20%,0.5598236942021937,skew_63 z=+1.2; vol_dry_10_50 z=-1.2; pullback_vol_21 z=-1.7,20811.74,SP400,0.0002633468028482626,0.003914526903735738
208,5,LUV,Southwest Airlines Co,Industrials,high,1.5592405,0.2947,0.2968,composite 0.58,0,,0.5847587875872746,log_dvol_63 z=-0.7; mom_12_1 z=+0.5; idio_vol_63 z=-1.2,20727.75,SP500,0.00026228401338562155,0.0007294782106015474
445,6,EIX,Edison International,Utilities,low,0.057078775,0.2384,0.2434,composite 0.82,0,,0.824300863539686,dn_vol_63 z=+3.5; dn_up_vol_asym_63 z=+2.2; base_depth_63 z=-2.5,20703.38,SP500,0.00026197564120792704,0.000562813059357931
527,6,BG,Bunge Global SA,Consumer Defensive,low,-0.0665593,0.2384,0.2393,composite 0.59,0,,0.5903353450025177,dn_vol_63 z=+1.7; down_capture_63 z=-1.2; dvol_trend_21_126 z=+0.9,20688.34,SP500,0.0002617853286288328,0.0005624042030063235
752,6,PKG,Packaging Corp Of America,Consumer Cyclical,mid,0.74419045,0.2264,0.2289,composite 0.28,0,,0.2825907450767473,skew_63 z=+1.3; log_dvol_63 z=+0.1; up_day_frac_63 z=-1.4,20563.0,SP500,0.0002601993061113018,0.0005589968855122756
889,6,STE,Steris Plc,Healthcare,mid,0.42728984,0.17,0.176,composite 0.04,0,,0.0414409115416954,days_since_20pct_dd z=-1.6; up_day_frac_63 z=-2.2; mom_12_1 z=-1.2,20545.22,SP500,0.0002599743222245801,0.0005585135433625694
713,6,OMC,Omnicom Group Inc,Communication Services,mid,0.39380687,0.2264,0.2289,composite 0.38,0,,0.3782336240342959,up_day_frac_21 z=-2.2; days_since_20pct_dd z=+1.4; log_dvol_63 z=+0.3,20518.33,SP500,0.00025963406256687775,0.0005577825495264839
354,5,RS,Reliance Inc,Basic Materials,mid,0.60941035,0.2654,0.2551,composite 0.94,0,,0.9388604220631096,mom_12_1 z=+1.8; up_day_frac_63 z=+1.1; dist_52w_low z=+1.9,20497.89,SP400,0.0002593754196734811,0.0007213886754861165
169,4,DOW,Dow Inc,Basic Materials,low,-0.08083124,0.306,0.2975,signatures x3 (+composite),3,time since 20% drawdown bottom 20% AND vol of vol bottom 20% AND 12-1m momentum vs own norm top 20%,0.5583152333210579,down_capture_63 z=-2.3; dvol_trend_21_126 z=-1.4; base_depth_63 z=-0.2,20496.41,SP500,0.00025935669210585746,0.0038552157760474715
327,5,CW,Curtiss-Wright Corp,Industrials,high,1.3895012,0.2659,0.2575,composite 0.22,0,,0.2210575167033677,mom_12_1 z=-2.0; dist_52w_low z=-1.9; amihud_21 z=-2.7,20437.68,SP400,0.0002586135366690089,0.0007192696860608138
454,6,BRO,Brown & Brown Inc,Financial,low,-0.32682008,0.2384,0.2393,composite 0.76,0,,0.7610403811900164,dn_vol_63 z=+0.9; dvol_trend_21_126 z=-0.7; base_depth_63 z=-1.6,20391.16,SP500,0.00025802488366505534,0.0005543254842183772
580,6,DINO,HF Sinclair Corp,Energy,low,-0.15059969,0.2384,0.2373,composite 0.49,0,,0.4893842488557535,base_depth_63 z=+1.0; dn_up_vol_asym_63 z=-1.4; down_capture_63 z=-1.6,20374.02,SP400,0.00025780799818595466,0.0005538595402112927
681,6,EXE,Expand Energy Corp,Energy,low,0.043953523,0.2314,0.236,composite 0.41,0,,0.4140142946256115,higher_low_cadence z=+0.7; down_capture_63 z=-1.0; rs_newhigh_price_not_20 z=-0.3,20328.34,SP500,0.00025722997434200366,0.0005526177477816764
692,6,CMS,CMS Energy Corp,Utilities,low,-0.13996547,0.2314,0.236,composite 0.39,0,,0.386845487272372,dn_up_vol_asym_63 z=+2.6; base_depth_63 z=-2.4; higher_low_cadence z=-2.7,20269.62,SP500,0.00025648694544277414,0.000551021468196145
283,5,VTRS,Viatris Inc,Healthcare,mid,0.7016171,0.2676,0.2551,composite 0.95,0,,0.9483826695472832,days_since_20pct_dd z=+2.7; mom_12_1 z=+1.5; skew_63 z=-1.0,20209.91,SP500,0.0002557313893192559,0.0007112537049712736
398,6,NTNX,Nutanix Inc,Technology,mid,0.66988933,0.2468,0.2464,composite 0.79,0,,0.7888873807126886,up_day_frac_21 z=+0.9; days_since_ignition z=-0.3; dist_52w_low z=+1.0,19862.56,SP400,0.00025133610512056113,0.0005399557057968537
211,5,RGLD,Royal Gold Inc,Basic Materials,high,1.3283232,0.2943,0.2663,signatures x5 (+composite),5,up minus down capture top 20% AND pullback from 21d high bottom 20% AND vol of vol bottom 20%,0.2675075343649714,up_gap_freq_21 z=-0.3; beta_252 z=+2.3; dn_vol_63 z=-0.4,19855.98,SP400,0.00025125284336720744,0.0006987977354097821
516,6,STZ,Constellation Brands Inc,Consumer Defensive,low,0.025230866,0.2384,0.2393,composite 0.60,0,,0.5982154264713619,dn_up_vol_asym_63 z=+0.7; ret_5 z=+0.8; pullback_duration_21 z=+1.0,19643.49,SP500,0.00024856404549940654,0.0005340003759466775
239,5,WWD,Woodward Inc,Industrials,high,1.2275227,0.2894,0.2892,composite 0.48,0,,0.4757021426907265,mom_6_1 z=-1.7; amihud_21 z=-1.9; up_day_frac_63 z=-1.1,19636.28,SP400,0.00024847281187605083,0.0006910657643627963
76,3,CRS,Carpenter Technology Corp,Industrials,high,1.5585431,0.3642,0.3378,signatures x29 (+composite),29,distance to 52w high bottom 20% AND 12-1m momentum top 20% AND range vol / close vol top 20%,0.3664237883012543,dist_52w_low z=-1.5; up_day_frac_63 z=-3.0; days_since_52w_high z=+2.5,19610.82,SP400,0.00024815064709787673,0.015502310538184991
710,6,AMCR,Amcor Plc,Consumer Cyclical,mid,0.8064612,0.2265,0.2338,composite 0.39,0,,0.3916978670618087,mom_12_1 z=+1.3; skew_63 z=+0.5; vol_dry_10_50 z=-0.8,19473.31,SP500,0.0002464106282979271,0.000529374101085204
187,4,FSLR,First Solar Inc,Technology,high,1.8265427,0.3038,0.2806,signatures x2 (+composite),2,depth below 126d high bottom 20% AND overnight share of moves bottom 20% AND up-capture top 20%,0.5416175022734617,dist_52w_low z=-1.3; amihud_21 z=+0.8; up_gap_freq_21 z=+2.4,19408.51,SP500,0.0002455906645262978,0.0036505902224621338
511,6,NI,NiSource Inc,Utilities,low,0.1704769,0.2384,0.2393,composite 0.61,0,,0.6073374568793826,base_depth_63 z=-2.4; dn_up_vol_asym_63 z=+1.6; higher_low_cadence z=-3.2,19319.08,SP500,0.00024445903859887804,0.0005251814205593781
453,6,CHTR,Charter Communications Inc,Communication Services,low,0.28045994,0.2384,0.2393,composite 0.77,0,,0.7654539032144119,dvol_trend_21_126 z=-0.9; higher_low_cadence z=+0.3; pos_in_20d_range z=-1.2,19260.92,SP500,0.0002437230958063169,0.0005236003643486406
865,6,SNA,Snap-on Inc,Industrials,mid,0.55130845,0.2078,0.2277,composite 0.13,0,,0.1277387537185969,up_day_frac_63 z=-1.8; clv_21 z=-2.5; pullback_vol_21 z=-1.3,19179.65,SP500,0.00024269472457606525,0.0005213910720816766
8,1,LSCC,Lattice Semiconductor Corp,Technology,high,2.952581,0.5126,0.5209,signatures x30 (+composite),30,corr to SPY top 20% AND downside vol top 20% AND distance to 52w high vs own norm top 20%,0.9278185289011476,dist_52w_low z=+0.8; mom_12_1 z=+0.7; up_day_frac_63 z=+1.2,19098.81,SP400,0.00024167179446343395,0.003294011293881623
12,1,MKSI,MKS Inc,Technology,high,2.8176699,0.5126,0.5209,signatures x67 (+composite),67,distance to 52w high bottom 20% AND 12-1m momentum top 20% AND net volume flow top 20%,0.8942314196171566,log_dvol_63 z=+1.8; days_since_2x_low z=+1.3; dn_vol_63 z=+1.2,19028.25,SP400,0.00024077894502321542,0.0032818416646274292
153,4,LYB,LyondellBasell Industries NV,Basic Materials,low,-0.38370058,0.3146,0.3154,signatures x5 (+composite),5,up minus down capture top 20% AND time since 20% drawdown bottom 20% AND 12-1m momentum vs own norm top 20%,0.6075384985382205,down_capture_63 z=-2.1; higher_low_cadence z=+0.9; dvol_trend_21_126 z=-1.3,19026.94,SP500,0.0002407623685951161,0.003578819864449856
377,5,NDSN,Nordson Corp,Industrials,mid,0.8346664,0.2504,0.2486,composite 0.86,0,,0.8637230837678767,skew_63 z=+1.7; up_day_frac_63 z=+1.5; mom_12_1 z=+1.4,18812.52,SP500,0.00023804914896683303,0.0006620749201676892
577,6,PR,Permian Resources Holdings Inc,Energy,low,-0.35167572,0.2384,0.2373,composite 0.50,0,,0.5000131522580549,down_capture_63 z=-1.9; base_depth_63 z=+0.1; higher_low_cadence z=+0.7,18719.4,SP400,0.00023687083065797323,0.0005088793609229437
101,4,WCC,Wesco International Inc,Industrials,high,1.9680225,0.3457,0.358,composite 0.84 (+signatures),2,126d Sharpe top 20% AND beta top 20%,0.8382911083219974,mom_12_1 z=+1.2; dist_52w_low z=+0.7; up_day_frac_63 z=+1.1,18717.8,SP400,0.00023685058463892062,0.0035206730277595618
250,5,ITT,ITT Inc,Industrials,high,1.2035811,0.2868,0.2855,composite 0.43,0,,0.4303625513877511,dist_52w_low z=-1.3; mom_12_1 z=-1.0; up_day_frac_63 z=+0.8,18533.51,SP400,0.0002345186228569213,0.0006522556336778417
756,6,EVRG,Evergy Inc,Utilities,low,-0.023654418,0.2235,0.2303,composite 0.37,0,,0.371748573919448,higher_low_cadence z=-3.1; dn_up_vol_asym_63 z=+1.1; pos_in_20d_range z=+0.1,18427.21,SP500,0.0002331735279661159,0.0005009362932782501
711,6,LEN,Lennar Corp,Consumer Cyclical,mid,0.9432124,0.2264,0.2338,composite 0.39,0,,0.3897447788825168,log_dvol_63 z=-1.3; days_since_ignition z=-1.3; mom_12_1 z=-1.2,18407.55,SP500,0.0002329247550070074,0.0005004018440845931
3,1,SMTC,Semtech Corp,Technology,high,2.9916885,0.528,0.5267,composite 0.98 (+signatures),73,downside vol top 20% AND 126d Sharpe top 20% AND share of up days 63d top 20%,0.9832064453580044,dist_52w_low z=+0.8; amihud_21 z=-2.2; log_dvol_63 z=+2.0,18403.81,SP400,0.00023287742993747203,0.0031741432052809337
201,5,MTZ,Mastec Inc,Industrials,high,1.7788875,0.296,0.2968,composite 0.64 (+signatures),1,idiosyncratic vol top 20% AND beta top 20%,0.6406878255183869,dist_52w_low z=-1.5; dn_vol_63 z=+2.2; mom_6_1 z=-1.6,18333.61,SP400,0.00023198913585154035,0.0006452204902445579
807,6,ESS,Essex Property Trust Inc,Real Estate,low,0.15371667,0.2216,0.2127,composite 0.23,0,,0.2278290507075914,dn_up_vol_asym_63 z=+1.7; pullback_duration_21 z=-1.3; pos_in_20d_range z=+0.2,18275.75,SP500,0.0002312569891875516,0.0004968189140884584
64,3,ZBRA,Zebra Technologies Corp,Technology,high,1.755503,0.3936,0.4067,signatures x9 (+composite),9,corr to SPY top 20% AND gain off 52w low top 20% AND idiosyncratic vol top 20%,0.7913206370202244,dist_52w_low z=+1.9; dn_vol_63 z=-1.0; mom_6_1 z=+2.7,18229.56,SP500,0.00023067251192502764,0.014410427513713124
301,5,DD,DuPont de Nemours Inc,Basic Materials,high,1.1376057,0.2659,0.2575,composite 0.28,0,,0.2793032309461358,amihud_21 z=+0.6; log_dvol_63 z=-0.7; mom_12_1 z=+0.6,18057.27,SP500,0.00022849239528592263,0.0006354951699026186
255,5,APG,APi Group Corp,Industrials,high,1.2576003,0.2864,0.2855,composite 0.42,0,,0.420299195081807,dist_52w_low z=-1.2; mom_12_1 z=-1.0; mom_6_1 z=-1.2,18057.04,SP400,0.0002284894849206838,0.0006354870754404393
484,6,BR,Broadridge Financial Solutions Inc,Technology,low,0.102687016,0.2384,0.2393,composite 0.69,0,,0.6865459915675236,dn_up_vol_asym_63 z=-0.8; dvol_trend_21_126 z=-1.2; higher_low_cadence z=+0.6,18044.82,SP500,0.00022833485595016978,0.0004905411749078257
134,4,BBY,Best Buy Co Inc,Consumer Cyclical,mid,0.7177883,0.3269,0.3366,signatures x4 (+composite),4,pullback from 21d high bottom 20% AND 126d Sharpe top 20% AND volume vs 250d vs own norm bottom 20%,0.8660305933542216,up_day_frac_63 z=+0.9; days_since_ignition z=-0.6; dist_52w_low z=+1.5,18006.17,SP500,0.000227845788052431,0.003386820943286785
600,6,TSN,Tyson Foods Inc,Consumer Defensive,low,-0.059689343,0.2384,0.2373,composite 0.46,0,,0.4645433911782168,dn_vol_63 z=+1.4; dn_up_vol_asym_63 z=+0.9; base_depth_63 z=-1.6,18003.76,SP500,0.00022781529248623307,0.0004894249753202589
575,6,SBAC,SBA Communications Corp,Real Estate,low,0.12545127,0.2384,0.2373,composite 0.50,0,,0.5024669878322824,down_capture_63 z=+1.7; dn_up_vol_asym_63 z=-0.4; ret_5 z=+1.0,17770.29,SP500,0.00022486101869360529,0.0004830781872610969
593,6,UDR,UDR Inc,Real Estate,low,0.15226035,0.2384,0.2373,composite 0.48,0,,0.4751948413086121,higher_low_cadence z=-2.8; dn_up_vol_asym_63 z=+1.2; base_depth_63 z=-1.8,17750.97,SP500,0.00022461654801354545,0.0004825529808307075
80,3,CDE,Coeur Mining Inc,Basic Materials,high,2.9084437,0.3617,0.3728,signatures x28 (+composite),28,corr to SPY top 20% AND idiosyncratic vol top 20% AND dollar volume vs own norm top 20%,0.4492285261203845,dist_52w_low z=-1.3; mom_12_1 z=-0.9; amihud_21 z=-1.7,17649.64,SP400,0.0002233343423194221,0.013952002015579733
610,6,GPC,Genuine Parts Co,Consumer Cyclical,mid,0.48411307,0.2365,0.2429,composite 0.59,0,,0.5946908427311564,dist_52w_low z=+1.9; vol_dry_10_50 z=-1.2; mom_12_1 z=+0.8,17649.5,SP500,0.00022333257079275502,0.00047979455968724926
216,5,TLN,Talen Energy Corp,Utilities,high,1.95322,0.2939,0.2824,signatures x1 (+composite),1,idiosyncratic vol top 20% AND beta top 20%,0.4632074975386488,mom_12_1 z=-2.0; dist_52w_low z=-1.5; mom_6_1 z=-1.2,17648.1,SP400,0.000223314855526084,0.0006210951216855262
274,5,DT,Dynatrace Inc,Technology,mid,0.5601005,0.2767,0.279,composite 0.97,0,,0.9736615878833124,up_day_frac_63 z=+2.3; dist_52w_low z=+3.5; log_dvol_63 z=+2.4,17643.58,SP400,0.0002232576605222605,0.0006209360479070449
376,5,IEX,Idex Corp,Industrials,mid,0.6534651,0.2507,0.2491,composite 0.87,0,,0.8720651833753738,mom_12_1 z=+2.1; days_since_20pct_dd z=+2.1; up_day_frac_63 z=+1.2,17592.66,SP500,0.00022261333096591231,0.0006191440043671608
316,5,TOST,Toast Inc,Technology,high,1.0760188,0.2659,0.2575,composite 0.26,0,,0.2556817754796816,dn_vol_63 z=-1.2; up_gap_freq_21 z=-1.0; days_since_2x_low z=+1.4,17575.25,SP400,0.00022239302897109647,0.0006185312887734966
173,4,CF,CF Industries Holdings Inc,Basic Materials,low,-0.9292501,0.3057,0.3109,signatures x5 (+composite),5,corr to SPY bottom 20% AND gain off 52w low top 20% AND 21d return bottom 20%,0.7637328363032385,down_capture_63 z=-1.3; pos_in_20d_range z=-1.2; dn_up_vol_asym_63 z=-0.3,17557.77,SP500,0.0002221718412129471,0.00330248038052581
611,6,FTV,Fortive Corp,Technology,mid,0.62081814,0.2365,0.2429,composite 0.59,0,,0.5922287450842882,log_dvol_63 z=-0.7; skew_63 z=-0.6; mom_12_1 z=+0.6,17556.25,SP500,0.00022215260749484716,0.0004772595959380872
98,4,FN,Fabrinet,Technology,high,2.8671515,0.3486,0.3487,signatures x6 (+composite),6,corr to SPY top 20% AND idiosyncratic vol top 20% AND skew bottom 20%,0.6495956620095147,mom_6_1 z=-1.8; mom_12_1 z=-1.0; dist_52w_low z=-1.1,17528.98,SP400,0.00022180753940761986,0.003297065204785648
638,6,EWBC,East West Bancorp Inc,Financial,mid,0.8340375,0.2319,0.237,composite 0.54,0,,0.543806862955799,days_since_20pct_dd z=+1.9; pullback_vol_21 z=-1.1; vol_cv_20 z=+0.9,17416.94,SP400,0.00022038981192346334,0.0004734725096121272
388,6,BURL,Burlington Stores Inc,Consumer Cyclical,mid,0.89874285,0.2475,0.2464,composite 0.81,0,,0.8134367188118587,days_since_ignition z=+1.3; days_since_20pct_dd z=-1.0; skew_63 z=-0.7,17364.01,SP400,0.00021972004830568036,0.0004720336288481256
883,6,FIS,Fidelity National Information Services Inc,Technology,mid,0.36889267,0.1883,0.1933,composite 0.07,0,,0.0728939261973976,mom_12_1 z=-1.1; log_dvol_63 z=-0.3; up_day_frac_63 z=-1.5,17353.56,SP500,0.00021958781649374326,0.0004717495498006324
100,4,STRL,Sterling Infrastructure Inc,Industrials,high,3.2893765,0.3477,0.337,signatures x23 (+composite),23,close location in range top 20% AND time since 20% drawdown bottom 20% AND 12-1m momentum top 20%,0.7564671531749552,mom_12_1 z=-1.2; days_since_52w_high z=+2.4; days_since_2x_low z=-1.7,17242.44,SP400,0.00021818173047054195,0.0032431692528375436
448,6,GIS,General Mills Inc,Consumer Defensive,low,-0.33382893,0.2384,0.2434,composite 0.81,0,,0.8069455195893489,dn_vol_63 z=+2.0; down_capture_63 z=+1.4; base_depth_63 z=-2.0,17236.23,SP500,0.00021810315060909416,0.0004685599809353328
587,6,ZBH,Zimmer Biomet Holdings Inc,Healthcare,low,0.19733985,0.2384,0.2373,composite 0.49,0,,0.4856490075681851,dn_up_vol_asym_63 z=-0.6; jump_21 z=-1.3; rs_newhigh_price_not_20 z=-0.2,17229.34,SP500,0.00021801596618954903,0.0004683726790561722
120,4,RVTY,Revvity Inc,Healthcare,high,1.1599716,0.3399,0.3346,composite 0.79,0,,0.7947007673403128,mom_12_1 z=+2.3; dist_52w_low z=+3.5; amihud_21 z=-2.5,17195.99,SP500,0.00021759396322992196,0.0032344323680466272
337,5,IP,International Paper Co,Consumer Cyclical,high,1.2272842,0.2659,0.2575,composite 0.16,0,,0.1639729589574393,amihud_21 z=+0.2; mom_12_1 z=-1.0; log_dvol_63 z=+0.1,17150.12,SP500,0.00021701353517120843,0.0006035695552677839
567,6,OVV,Ovintiv Inc,Energy,low,-0.35252887,0.2384,0.2373,composite 0.51,0,,0.5117637553830313,base_depth_63 z=+0.2; higher_low_cadence z=+0.6; down_capture_63 z=-1.3,16937.96,SP400,0.0002143289130448371,0.0004604516309357342
158,4,CDW,CDW Corp,Technology,mid,0.8055552,0.3063,0.3154,signatures x3 (+composite),3,downside vol top 20% AND overnight share of moves bottom 20% AND distance to 52w high vs own norm top 20%,0.6442495126705653,up_day_frac_63 z=-1.4; dist_52w_low z=+1.0; vol_dry_10_50 z=-1.2,16931.12,SP500,0.00021424236131338734,0.003184612375052649
835,6,TSCO,Tractor Supply Co,Consumer Cyclical,mid,0.40242493,0.2137,0.2289,composite 0.21,0,,0.2134842263621659,mom_12_1 z=-1.7; days_since_20pct_dd z=-1.0; skew_63 z=+0.8,16890.82,SP500,0.00021373241470850065,0.00045917014899326234
544,6,LNT,Alliant Energy Corp,Utilities,low,-0.067508005,0.2384,0.2393,composite 0.56,0,,0.5636869912894474,base_depth_63 z=-2.6; dn_up_vol_asym_63 z=+1.6; higher_low_cadence z=-2.8,16848.32,SP500,0.00021319462982741664,0.00045801480358479703
880,6,EFX,Equifax Inc,Industrials,mid,0.564294,0.2038,0.2149,composite 0.09,0,,0.0869670953657515,up_day_frac_63 z=-1.6; up_day_frac_21 z=-2.2; mom_12_1 z=-1.1,16840.88,SP500,0.0002131004858388222,0.000457812550176821
652,6,MEDP,Medpace Holdings Inc,Healthcare,mid,0.7085376,0.2319,0.2368,composite 0.51,0,,0.5109003434871295,up_day_frac_63 z=-1.8; skew_63 z=+0.9; mom_12_1 z=-0.7,16827.94,SP400,0.00021293674615973447,0.0004574607814806906
818,6,CLH,Clean Harbors Inc,Industrials,low,0.28736594,0.2203,0.2127,composite 0.18,0,,0.1812249637373456,dn_vol_63 z=-1.2; dn_up_vol_asym_63 z=-1.2; down_capture_63 z=-2.0,16789.51,SP400,0.00021245046208961545,0.0004564160773854595
280,5,BEN,Franklin Templeton Inc,Financial,high,1.2394074,0.2696,0.2628,composite 0.35,0,,0.3453782965195366,mom_12_1 z=+1.9; dist_52w_low z=+1.2; amihud_21 z=-2.3,16547.3,SP500,0.00020938559441791295,0.0005823543218288036
193,5,CNH,CNH Industrial NV,Industrials,high,1.0931985,0.296,0.2971,composite 0.68,0,,0.6794606822639921,mom_12_1 z=+2.2; dist_52w_low z=+2.1; up_day_frac_63 z=+1.8,16424.63,SP400,0.00020783335744467592,0.0005780371580220956
802,6,RGA,Reinsurance Group Of America Inc,Financial,low,0.2907764,0.2216,0.2193,composite 0.25,0,,0.2489252726275205,base_depth_63 z=+0.6; dn_vol_63 z=-0.8; higher_low_cadence z=+1.2,16399.86,SP400,0.00020751992376221825,0.00044582359883467133
441,6,J,Jacobs Solutions Inc,Industrials,mid,0.8569832,0.2418,0.2452,composite 0.65,0,,0.6543806862955799,mom_12_1 z=-1.4; up_day_frac_63 z=+0.5; skew_63 z=+0.7,16366.27,SP500,0.00020709488389973328,0.00044491046819301606
243,5,RBC,RBC Bearings Inc,Industrials,high,1.0868526,0.2884,0.2855,composite 0.46,0,,0.4601467791998917,mom_6_1 z=-2.2; amihud_21 z=-1.9; log_dvol_63 z=+1.8,16278.55,SP400,0.00020598489590517588,0.0005728961187387834
873,6,NVR,NVR Inc,Consumer Cyclical,mid,0.5481346,0.2078,0.2277,composite 0.11,0,,0.1120084759502452,log_dvol_63 z=+2.4; mom_12_1 z=-1.3; days_since_20pct_dd z=-0.8,16071.95,SP500,0.00020337062869501226,0.0004369094973549101
472,6,NWS,News Corp,Communication Services,low,0.30088902,0.2384,0.2393,composite 0.71,0,,0.7134855738518079,dn_vol_63 z=+0.9; down_capture_63 z=-1.2; higher_low_cadence z=+0.5,15916.61,SP500,0.00020140499332024547,0.0004326866419254749
507,6,NWSA,News Corp,Communication Services,low,0.2585687,0.2384,0.2393,composite 0.62,0,,0.6177728341988772,down_capture_63 z=-1.3; dn_vol_63 z=+0.7; higher_low_cadence z=+0.4,15903.76,SP500,0.00020124239247972948,0.00043233731984315064
225,5,CRBG,Corebridge Financial Inc,Financial,high,1.2867448,0.2896,0.2892,composite 0.54,0,,0.544497846787467,up_day_frac_63 z=+1.7; mom_6_1 z=+1.7; dn_vol_63 z=-0.6,15677.81,SP400,0.00019838327497664877,0.0005517540873925555
426,6,CHRW,C.H. Robinson Worldwide Inc,Industrials,mid,0.5833172,0.2418,0.2452,composite 0.69,0,,0.6945321071860826,days_since_20pct_dd z=-1.0; days_since_ignition z=+1.3; skew_63 z=-1.0,15675.6,SP500,0.0001983553101628324,0.0004261348819985521
776,6,INVH,Invitation Homes Inc,Real Estate,low,0.08767957,0.2235,0.2215,composite 0.32,0,,0.31737526022682,dn_vol_63 z=-0.9; base_depth_63 z=-1.8; dn_up_vol_asym_63 z=+0.5,15636.75,SP500,0.00019786371151271208,0.00042507876037222554
107,4,AKAM,Akamai Technologies Inc,Technology,high,1.2955489,0.3437,0.3408,signatures x8 (+composite),8,corr to SPY top 20% AND downside vol top 20% AND skew top 20%,0.5949066941235711,mom_12_1 z=+0.8; dist_52w_low z=+0.7; days_since_2x_low z=-1.7,15531.46,SP500,0.0001965313969214336,0.0029213471830945156
370,5,HST,Host Hotels & Resorts Inc,Real Estate,mid,0.70136416,0.259,0.2551,composite 0.91,0,,0.9141489550224152,skew_63 z=-2.3; days_since_20pct_dd z=+1.9; log_dvol_63 z=+2.1,15511.21,SP500,0.00019627515824279947,0.0005458908813095886
573,6,APA,APA Corp,Energy,low,-0.7266649,0.2384,0.2373,composite 0.50,0,,0.5028014309656763,base_depth_63 z=+0.9; dn_up_vol_asym_63 z=-1.3; higher_low_cadence z=+1.3,15499.55,SP500,0.00019612761537895384,0.00042134903354772114
87,3,DOCN,DigitalOcean Holdings Inc,Technology,high,2.4561799,0.3587,0.3615,signatures x35 (+composite),35,time since 20% drawdown bottom 20% AND vol of vol bottom 20% AND 12-1m momentum vs own norm top 20%,0.7755773841286066,dist_52w_low z=+1.0; mom_12_1 z=+1.2; amihud_21 z=-1.8,15404.1,SP400,0.00019491981380484873,0.01217690753172256
28,1,ONTO,Onto Innovation Inc,Technology,high,3.127638,0.4616,0.4909,signatures x10 (+composite),10,corr to SPY top 20% AND idiosyncratic vol top 20% AND 12-1m momentum top 20%,0.8516613180817243,dist_52w_low z=+0.9; days_since_2x_low z=+1.2; up_day_frac_63 z=-1.3,15395.08,SP400,0.00019480567687243981,0.002655221314323306
565,6,BALL,Ball Corp,Consumer Cyclical,low,0.18424346,0.2384,0.2373,composite 0.52,0,,0.5158522287440721,dn_vol_63 z=-0.8; dvol_trend_21_126 z=-1.1; higher_low_cadence z=+0.5,15290.59,SP500,0.00019348348529068764,0.0004156685399817704
381,6,JAZZ,Jazz Pharmaceuticals plc,Healthcare,mid,0.5203493,0.2475,0.2464,composite 0.85,0,,0.8474366660256918,days_since_20pct_dd z=+2.7; mom_12_1 z=+1.5; up_day_frac_21 z=+0.7,15020.59,SP400,0.00019006696957556577,0.00040832869856328503
197,5,LECO,Lincoln Electric Holdings Inc,Industrials,high,1.1315546,0.296,0.2971,composite 0.66,0,,0.6632589792344634,up_day_frac_63 z=+1.9; log_dvol_63 z=+2.1; amihud_21 z=-2.0,15018.51,SP400,0.00019004064975079743,0.0005285511355888335
427,6,H,Hyatt Hotels Corp,Consumer Cyclical,mid,0.929625,0.2418,0.2452,composite 0.69,0,,0.6929768004796,days_since_20pct_dd z=-1.4; days_since_ignition z=+1.5; skew_63 z=-0.7,15014.05,SP400,0.00018998421397268837,0.0004081509112933706
704,6,RBA,RB Global Inc,Industrials,mid,0.77024937,0.2268,0.2338,composite 0.40,0,,0.4021080532838652,mom_12_1 z=-2.6; days_since_20pct_dd z=-1.6; skew_63 z=-1.5,15005.6,SP400,0.00018987728968456697,0.0004079212014415699
535,6,VNOM,Viper Energy Inc,Energy,low,-0.14718455,0.2384,0.2393,composite 0.58,0,,0.5790882854716399,down_capture_63 z=-1.8; dn_up_vol_asym_63 z=+0.8; pullback_duration_21 z=+0.5,14938.91,SP400,0.00018903341030293184,0.00040610826061120397
653,6,SOLV,Solventum Corp,Healthcare,mid,0.5705049,0.2319,0.2368,composite 0.51,0,,0.5084420162807621,log_dvol_63 z=+0.1; mom_12_1 z=+1.0; up_day_frac_63 z=+0.2,14895.43,SP500,0.00018848322473517814,0.0004049262742968494
223,5,EQH,Equitable Holdings Inc,Financial,high,1.1709378,0.2896,0.2892,composite 0.56,0,,0.5568384226309026,dist_52w_low z=+0.5; up_day_frac_63 z=+1.2; mom_6_1 z=+2.0,14880.42,SP400,0.0001882932917689412,0.0005236912908829698
760,6,KIM,Kimco Realty Corp,Real Estate,low,0.09772334,0.2235,0.2303,composite 0.37,0,,0.3655425870115815,dn_vol_63 z=-1.1; base_depth_63 z=-1.8; higher_low_cadence z=-1.8,14821.09,SP500,0.00018754254407494792,0.00040290537129295976
670,6,NBIX,Neurocrine Biosciences Inc,Healthcare,mid,0.6287367,0.2319,0.2345,composite 0.45,0,,0.4472986679033711,days_since_20pct_dd z=-1.2; days_since_ignition z=+1.3; up_day_frac_63 z=-1.5,14790.97,SP400,0.0001871614127662832,0.0004020865712058309
793,6,PFGC,Performance Food Group Company,Consumer Defensive,mid,0.40067002,0.2227,0.2289,composite 0.25,0,,0.2461098480135434,mom_12_1 z=-1.9; days_since_20pct_dd z=-1.1; skew_63 z=-1.3,14773.45,SP400,0.00018693971885765752,0.0004016102970515648
154,4,CRL,Charles River Laboratories International Inc,Healthcare,high,1.2408142,0.3098,0.3161,composite 0.75,0,,0.7481849883884351,mom_12_1 z=+2.2; dist_52w_low z=+1.7; amihud_21 z=-2.5,14733.17,SP500,0.00018643002532800897,0.0027711950246501376
750,6,LDOS,Leidos Holdings Inc,Technology,mid,0.3798317,0.2264,0.2289,composite 0.28,0,,0.2836879432624113,mom_12_1 z=-1.8; days_since_20pct_dd z=-0.9; up_day_frac_63 z=+0.4,14725.25,SP500,0.00018632980753369873,0.00040029999943537594
747,6,FICO,Fair Isaac Corp,Technology,mid,0.45926234,0.2264,0.2289,composite 0.29,0,,0.2893813084182625,skew_63 z=-2.2; mom_12_1 z=-1.6; days_since_20pct_dd z=-0.8,14716.8,SP500,0.0001862228832455773,0.00040007028958357515
552,6,LAMR,Lamar Advertising Co,Real Estate,low,0.35652852,0.2384,0.2393,composite 0.55,0,,0.5513971455842233,dn_up_vol_asym_63 z=+1.7; higher_low_cadence z=-2.1; dvol_trend_21_126 z=-1.0,14698.31,SP400,0.000185988915187901,0.00039956764636939814
657,6,ARMK,Aramark,Industrials,mid,0.5776616,0.2319,0.2368,composite 0.50,0,,0.495337850321053,skew_63 z=+1.7; mom_12_1 z=+1.7; up_day_frac_63 z=-2.1,14618.01,SP400,0.00018497281810669994,0.0003973847231623449
691,6,WPC,W. P. Carey Inc,Real Estate,low,-0.0017449615,0.2314,0.236,composite 0.39,0,,0.3873828509586117,dn_vol_63 z=-1.0; higher_low_cadence z=-2.2; pos_in_20d_range z=-1.5,14582.56,SP400,0.00018452424224706633,0.0003964210291686956
412,6,ROL,Rollins Inc,Consumer Cyclical,low,0.089206904,0.2448,0.255,composite 0.90,0,,0.8987614330700378,base_depth_63 z=-3.0; dn_vol_63 z=+2.0; dn_up_vol_asym_63 z=+1.7,14542.62,SP500,0.00018401885099646648,0.00039533527633071674
623,6,UNM,Unum Group,Financial,low,0.3252385,0.2361,0.2373,composite 0.46,0,,0.4588014910902846,base_depth_63 z=+0.1; down_capture_63 z=+1.4; dvol_trend_21_126 z=+1.8,14537.31,SP400,0.00018395165952073573,0.0003951909261161532
613,6,PNFP,Pinnacle Financial Partners Inc,Financial,mid,0.8448895,0.2365,0.2429,composite 0.59,0,,0.5881566693436795,up_day_frac_21 z=-0.1; up_day_frac_63 z=+0.1; days_since_ignition z=+0.9,14527.97,SP400,0.00018383347338451632,0.00039493702197226926
371,5,EXEL,Exelixis Inc,Healthcare,mid,0.5683084,0.259,0.2551,composite 0.91,0,,0.9125333212679236,up_day_frac_63 z=+0.9; accum_dist_50 z=+1.6; skew_63 z=-0.4,14453.1,SP400,0.00018288608623047493,0.000508652484019984
344,5,SGI,Somnigroup International Inc,Consumer Cyclical,high,1.4286276,0.2659,0.2575,composite 0.13,0,,0.1349027108682744,mom_12_1 z=-2.0; dist_52w_low z=-2.1; days_since_52w_high z=+2.4,14445.21,SP400,0.0001827862480490219,0.0005083748087739179
738,6,WMG,Warner Music Group Corp,Communication Services,mid,0.47698203,0.2264,0.2289,composite 0.31,0,,0.313344343019595,days_since_20pct_dd z=-0.9; mom_12_1 z=-1.1; days_since_ignition z=+1.0,14443.06,SP400,0.00018275904246092004,0.00039262877776914483
319,5,TRMB,Trimble Inc,Technology,high,1.1169962,0.2659,0.2575,composite 0.25,0,,0.2507834988012656,mom_12_1 z=-1.6; beta_252 z=-1.3; days_since_52w_high z=+1.6,14236.8,SP500,0.00018014907752980506,0.0005010401702399975
823,6,EG,Everest Group Ltd,Financial,low,-0.012091307,0.2203,0.2102,composite 0.16,0,,0.1583776126021178,dn_vol_63 z=-0.6; higher_low_cadence z=+0.8; dvol_trend_21_126 z=+0.9,14114.09,SP500,0.0001785963344060917,0.0003836858606156666
589,6,MAA,Mid-America Apartment Communities Inc,Real Estate,low,0.0649226,0.2384,0.2373,composite 0.48,0,,0.4836235598277429,dn_up_vol_asym_63 z=+1.7; base_depth_63 z=-1.8; higher_low_cadence z=-1.7,14029.13,SP500,0.0001775212707944,0.00038137625718264985
10,1,TTMI,TTM Technologies Inc,Technology,high,3.3262422,0.5126,0.5209,signatures x51 (+composite),51,distance to 52w high bottom 20% AND 12-1m momentum top 20% AND net volume flow top 20%,0.9110080642130816,up_gap_freq_21 z=+2.5; dn_vol_63 z=+1.8; up_day_frac_63 z=+0.7,13980.85,SP400,0.0001769103471694886,0.0024113061388675466
826,6,JLL,Jones Lang Lasalle Inc,Real Estate,mid,0.95057684,0.2192,0.2289,composite 0.23,0,,0.2323156914422312,days_since_20pct_dd z=-1.1; up_day_frac_63 z=-2.1; skew_63 z=+1.0,13968.86,SP400,0.00017675862856421338,0.0003797378414704569
416,6,MLI,Mueller Industries Inc,Industrials,mid,0.9044742,0.2444,0.2464,composite 0.71,0,,0.714922649413131,up_day_frac_63 z=+0.5; dist_52w_low z=-1.4; mom_12_1 z=-0.9,13963.18,SP400,0.00017668675519657672,0.00037958343295469023
891,6,NLY,Annaly Capital Management Inc,Real Estate,mid,0.63623315,0.17,0.176,composite 0.04,0,,0.0398177369062027,days_since_20pct_dd z=-1.7; up_day_frac_63 z=-2.5; dist_52w_low z=-2.5,13883.42,SP400,0.0001756774911468059,0.00037741518943047394
192,5,CG,Carlyle Group Inc,Financial,high,1.5449237,0.2996,0.288,signatures x2 (+composite),2,depth below 126d high bottom 20% AND up-capture top 20% AND RS line leading price vs own norm bottom 20%,0.0671291251117941,dist_52w_low z=-1.9; mom_12_1 z=-1.9; beta_252 z=-2.0,13854.22,SP400,0.0001753080012990964,0.00048757591223746755
671,6,ULS,UL Solutions Inc,Industrials,mid,0.6535635,0.2319,0.2345,composite 0.45,0,,0.4464276961477409,days_since_20pct_dd z=-2.0; mom_12_1 z=-2.5; skew_63 z=-2.1,13803.78,SP400,0.00017466974554846402,0.00037525020805799926
33,1,VICR,Vicor Corp,Technology,high,3.3129995,0.4504,0.4629,signatures x65 (+composite),65,time since 20% drawdown bottom 20% AND 126d Sharpe top 20% AND 12-1m momentum vs own norm top 20%,0.9266742824503784,dist_52w_low z=+2.0; mom_12_1 z=+1.2; log_dvol_63 z=+1.9,13799.29,SP400,0.00017461293015749775,0.0023799921098512284
240,5,MAS,Masco Corp,Industrials,high,1.1471286,0.2894,0.2892,composite 0.47,0,,0.4741032038900621,dn_vol_63 z=+1.9; mom_6_1 z=+1.2; skew_63 z=-2.9,13769.6,SP500,0.0001742372399664534,0.00048459785402173736
222,5,SWK,Stanley Black & Decker Inc,Industrials,high,1.5116239,0.2896,0.2892,composite 0.56 (+signatures),1,126d Sharpe top 20% AND beta top 20%,0.5568853949810982,mom_12_1 z=+1.5; dist_52w_low z=+1.2; mom_6_1 z=+2.7,13731.94,SP500,0.00017376069929300343,0.0004832724738231507
174,4,GEN,Gen Digital Inc,Technology,mid,0.83873355,0.3057,0.3109,signatures x5 (+composite),5,downside vol top 20% AND dollar-volume trend top 20% AND higher-low cadence top 20%,0.7384049528506416,skew_63 z=-1.2; days_since_20pct_dd z=-0.9; log_dvol_63 z=+1.8,13656.88,SP500,0.00017281090792419955,0.0025687532220319163
799,6,SUI,Sun Communities Inc,Real Estate,low,-0.011272058,0.2216,0.2193,composite 0.26,0,,0.2596650307762838,dn_vol_63 z=-1.1; dn_up_vol_asym_63 z=-0.8; dvol_trend_21_126 z=-1.0,13650.23,SP400,0.0001727267604075123,0.00037107601305870876
521,6,TYL,Tyler Technologies Inc,Technology,low,0.051284757,0.2384,0.2393,composite 0.59,0,,0.5941588943084543,dn_vol_63 z=+0.8; dvol_trend_21_126 z=-1.0; days_since_ignition z=-0.4,13632.09,SP500,0.00017249722116650373,0.00037058288445377795
90,3,IESC,IES Holdings Inc,Industrials,high,2.841292,0.3542,0.3587,signatures x29 (+composite),29,close location in range top 20% AND downside/upside vol bottom 20% AND downside vol top 20%,0.7290277850845878,dist_52w_low z=-1.2; mom_12_1 z=-1.0; days_since_2x_low z=-2.0,13622.08,SP400,0.00017237055700980607,0.010768224599277287
540,6,OHI,Omega Healthcare Investors Inc,Real Estate,low,-0.22608584,0.2384,0.2393,composite 0.57,0,,0.5731359492548307,base_depth_63 z=-2.1; pos_in_20d_range z=-1.6; dn_up_vol_asym_63 z=+1.0,13565.89,SP400,0.00017165954212820347,0.0003687832640763567
58,2,GWRE,Guidewire Software Inc,Technology,mid,0.651207,0.4007,0.3886,signatures x12 (+composite),12,distance to 52w high bottom 20% AND gain off 52w low top 20% AND 20d RV vs norm top 20%,0.8594436337997369,mom_12_1 z=-1.6; days_since_20pct_dd z=-1.0; skew_63 z=-1.1,13489.43,SP400,0.0001706920354927286,0.009314286660451265
774,6,RNR,RenaissanceRe Holdings Ltd,Financial,low,-0.42338863,0.2235,0.2215,composite 0.33,0,,0.3302268952403857,base_depth_63 z=+0.3; pullback_duration_21 z=+1.5; dn_vol_63 z=-0.3,13480.27,SP400,0.00017057612703365261,0.0003664557188087615
735,6,DOC,Healthpeak Properties Inc,Real Estate,mid,0.4416165,0.2264,0.2289,composite 0.33,0,,0.3288333125959106,up_day_frac_63 z=-1.5; days_since_20pct_dd z=+1.4; skew_63 z=-0.4,13477.0,SP500,0.00017053474923221389,0.00036636682517380425
229,5,IVZ,Invesco Ltd,Financial,high,1.7163216,0.2896,0.2892,composite 0.53 (+signatures),1,126d Sharpe top 20% AND beta top 20%,0.5260189242204469,amihud_21 z=-2.0; mom_12_1 z=+0.6; dn_vol_63 z=-0.7,13452.14,SP500,0.0001702201767111845,0.0004734253846153827
452,6,WY,Weyerhaeuser Co,Real Estate,low,0.29126474,0.2384,0.2393,composite 0.77,0,,0.7722855618268862,base_depth_63 z=-3.3; dn_vol_63 z=+1.1; down_capture_63 z=+1.5,13366.77,SP500,0.00016913992505711062,0.000363370266953213
43,2,NXT,Nextpower Inc,Technology,high,2.6462698,0.4269,0.4135,signatures x9 (+composite),9,accumulation-distribution days bottom 20% AND corr to SPY top 20% AND idiosyncratic vol top 20%,0.5181181749175165,dist_52w_low z=-1.2; mom_6_1 z=-1.4; dn_vol_63 z=+1.0,13365.85,SP400,0.0001691282835961554,0.009228956179808378
333,5,BWXT,BWX Technologies Inc,Industrials,high,1.8769065,0.2659,0.2575,composite 0.18,0,,0.1801427207888348,mom_12_1 z=-2.2; dist_52w_low z=-1.4; mom_6_1 z=-1.9,13349.33,SP400,0.00016891924344943754,0.00046980716002120607
24,1,AMKR,AMKOR Technology Inc,Technology,high,3.4213395,0.4616,0.4909,signatures x39 (+composite),39,close location in range top 20% AND time since 20% drawdown bottom 20% AND 12-1m momentum top 20%,0.8824920898562271,dn_vol_63 z=+2.2; up_gap_freq_21 z=+2.3; beta_252 z=+2.6,13264.88,SP400,0.00016785063325631887,0.002287821310960445
685,6,CPT,Camden Property Trust,Real Estate,low,0.09893398,0.2314,0.236,composite 0.40,0,,0.4047175270748626,dn_up_vol_asym_63 z=+1.4; higher_low_cadence z=-2.8; base_depth_63 z=-1.9,13259.34,SP500,0.00016778053141534933,0.0003604498256065912
460,6,CACI,Caci International Inc,Technology,low,0.24712072,0.2384,0.2393,composite 0.74,0,,0.7380145351240446,dn_up_vol_asym_63 z=-1.4; down_capture_63 z=-1.7; pos_in_20d_range z=-1.7,13251.81,SP400,0.00016768524858818315,0.000360245125584809
683,6,AIZ,Assurant Inc,Financial,low,0.16209258,0.2314,0.236,composite 0.41,0,,0.4051308837565855,dn_vol_63 z=-0.4; pullback_duration_21 z=+1.4; days_since_ignition z=-0.0,13239.48,SP500,0.00016752922770385924,0.00035990993949336483
88,3,GNRC,Generac Holdings Inc,Industrials,high,2.075654,0.3587,0.3615,signatures x34 (+composite),34,depth below 126d high bottom 20% AND gain off 52w low top 20% AND dollar-volume trend top 20%,0.6076812944828156,up_day_frac_63 z=-1.9; log_dvol_63 z=+1.6; rv20 z=+2.1,13211.42,SP500,0.00016717416314472475,0.01044359876284561
650,6,ALLE,Allegion plc,Industrials,mid,0.5155141,0.2319,0.2368,composite 0.51,0,,0.5140712839481036,skew_63 z=+2.0; mom_12_1 z=-1.6; vol_dry_10_50 z=-1.4,13199.2,SP500,0.00016701953417421072,0.0003588149438921182
625,6,REG,Regency Centers Corp,Real Estate,low,0.052283872,0.2361,0.2373,composite 0.45,0,,0.4535030099882005,base_depth_63 z=-2.7; dn_vol_63 z=-0.9; higher_low_cadence z=-2.2,13087.63,SP500,0.0001656077539581509,0.00035578195831041296
729,6,PAG,Penske Automotive Group Inc,Consumer Cyclical,mid,0.5539602,0.2264,0.2289,composite 0.34,0,,0.3407045445119353,skew_63 z=+4.0; log_dvol_63 z=+2.8; up_day_frac_63 z=+1.1,13067.57,SP400,0.00016535391949427925,0.0003552366352776174
834,6,TXT,Textron Inc,Industrials,mid,0.69855475,0.2153,0.2289,composite 0.22,0,,0.2163327941603417,days_since_20pct_dd z=-1.3; dist_52w_low z=-1.7; mom_12_1 z=-1.0,12975.49,SP500,0.0001641887610978036,0.0003527334775079354
655,6,AVY,Avery Dennison Corp,Consumer Cyclical,mid,0.43956205,0.2319,0.2368,composite 0.51,0,,0.5075239140188748,log_dvol_63 z=+1.7; vol_dry_10_50 z=-1.6; up_day_frac_21 z=+0.2,12955.98,SP500,0.00016394188620298127,0.0003522031060039552
631,6,COKE,Coca-Cola Consolidated Inc,Consumer Defensive,low,-0.13713998,0.2361,0.2373,composite 0.44,0,,0.4408204754353397,base_depth_63 z=+0.8; pos_in_20d_range z=+0.1; pullback_duration_21 z=+0.5,12954.08,SP400,0.00016391784405535634,0.00035215145526804737
330,5,CSL,Carlisle Companies Inc,Industrials,high,1.18723,0.2659,0.2575,composite 0.19,0,,0.1897795681550012,amihud_21 z=-0.4; days_since_2x_low z=+0.8; dist_52w_low z=-0.9,12936.48,SP400,0.00016369513784577803,0.0004552776004092439
254,5,BWA,BorgWarner Inc,Consumer Cyclical,high,1.2119856,0.2864,0.2855,composite 0.42,0,,0.4220089886289334,mom_12_1 z=+0.9; up_day_frac_63 z=-1.7; dist_52w_low z=+0.3,12904.3,SP400,0.00016328793978758312,0.00045414507957040906
724,6,HAS,Hasbro Inc,Consumer Cyclical,mid,0.7425628,0.2264,0.2289,composite 0.35,0,,0.3543648504454775,days_since_ignition z=-1.4; skew_63 z=+1.2; vol_dry_10_50 z=+0.6,12878.07,SP500,0.00016295603161273998,0.0003500851539857545
489,6,GL,Globe Life Inc,Financial,low,0.293274,0.2384,0.2393,composite 0.67,0,,0.6654629219056494,down_capture_63 z=+1.3; dn_up_vol_asym_63 z=+1.1; pos_in_20d_range z=-1.4,12813.57,SP500,0.0001621398639696831,0.00034833174742467186
315,5,LII,Lennox International Inc,Industrials,high,1.3639891,0.2659,0.2575,composite 0.26 (+signatures),1,idiosyncratic vol top 20% AND beta top 20%,0.2557249900418618,mom_12_1 z=-1.5; dn_vol_63 z=+3.0; dist_52w_low z=-1.2,12813.37,SP500,0.00016213733321730154,0.00045094495154445363
829,6,GGG,Graco Inc,Industrials,mid,0.5393085,0.2188,0.2289,composite 0.22,0,,0.2240358041029933,days_since_20pct_dd z=-2.1; skew_63 z=+1.3; log_dvol_63 z=+2.3,12776.54,SP400,0.0001616712951662351,0.0003473251017664256
180,4,DOCU,DocuSign Inc,Technology,mid,0.59020257,0.3057,0.3098,signatures x2 (+composite),2,idiosyncratic vol top 20% AND 126d Sharpe top 20%,0.759076392894982,accum_dist_50 z=+1.4; dist_52w_low z=+0.9; log_dvol_63 z=+0.4,12750.49,SP400,0.00016134166466853537,0.0023982682918782133
362,5,TOL,Toll Brothers Inc,Consumer Cyclical,high,1.2556909,0.2598,0.2573,composite 0.07,0,,0.0688144930368187,dist_52w_low z=-1.5; log_dvol_63 z=-1.5; mom_12_1 z=-1.0,12716.28,SP400,0.00016090877947366752,0.00044752803270534645
498,6,DTM,DT Midstream Inc,Energy,low,0.15119126,0.2384,0.2393,composite 0.64,0,,0.6436433257927053,base_depth_63 z=-2.2; higher_low_cadence z=-2.8; dn_up_vol_asym_63 z=+1.1,12711.11,SP400,0.00016084335952460389,0.0003455464135293459
358,5,AIT,Applied Industrial Technologies Inc,Industrials,mid,0.77603537,0.2621,0.2551,composite 0.92,0,,0.9176139898424333,skew_63 z=-0.9; up_day_frac_63 z=+0.7; days_since_ignition z=+1.0,12672.82,SP400,0.00016035884698115195,0.00044599853128658446
99,4,BTSG,BrightSpring Health Services Inc,Healthcare,high,1.2919227,0.3482,0.3487,signatures x18 (+composite),18,downside vol top 20% AND 126d Sharpe top 20% AND share of up days 63d top 20%,0.767210669111734,dn_vol_63 z=+2.9; days_since_2x_low z=+1.4; idio_vol_63 z=+2.3,12613.84,SP400,0.00015961252810382643,0.0023725654865675815
117,4,ALB,Albemarle Corp,Basic Materials,high,1.4813693,0.3402,0.3171,signatures x4 (+composite),4,distance to 52w high bottom 20% AND 12-1m momentum top 20% AND NR7 count top 20%,0.2075839677732099,dn_vol_63 z=-1.5; up_gap_freq_21 z=-0.5; amihud_21 z=-0.0,12591.14,SP500,0.00015932528770851804,0.002368295792600868
837,6,RPM,RPM International Inc,Basic Materials,mid,0.90911615,0.2137,0.2289,composite 0.21,0,,0.2125227640345221,days_since_ignition z=-1.8; dist_52w_low z=-1.5; days_since_20pct_dd z=-0.9,12542.8,SP400,0.00015871360485789215,0.0003409709738658449
91,3,GDDY,Godaddy Inc,Technology,low,0.2311836,0.3542,0.3587,signatures x30 (+composite),30,downside vol top 20% AND dollar-volume trend top 20% AND higher-low cadence top 20%,0.6668927602456091,dn_vol_63 z=+2.1; base_depth_63 z=-0.1; pullback_duration_21 z=-0.3,12504.56,SP500,0.00015822972500253562,0.009884827470925056
230,5,BAX,Baxter International Inc,Healthcare,high,1.1042396,0.2896,0.2892,composite 0.51,0,,0.5104353773194946,dist_52w_low z=+2.3; mom_12_1 z=+1.6; mom_6_1 z=+3.4,12503.55,SP500,0.00015821694470300867,0.0004400413590557092
49,2,GME,Gamestop Corp,Consumer Cyclical,mid,0.5718674,0.4099,0.4082,signatures x43 (+composite),43,distance to 52w high top 20% AND downside vol top 20% AND share of up days 63d top 20%,0.8772891286889047,days_since_20pct_dd z=+6.0; up_day_frac_63 z=+1.9; skew_63 z=-1.2,12491.45,SP400,0.0001580638341839236,0.008625193659383232
822,6,PEN,Penumbra Inc,Healthcare,low,0.013185963,0.2203,0.2104,composite 0.16,0,,0.1606867733377424,base_depth_63 z=+0.8; dn_vol_63 z=-2.0; higher_low_cadence z=+0.9,12488.42,SP400,0.00015802549328534278,0.0003394926754349663
546,6,SJM,J.M. Smucker Co,Consumer Defensive,low,-0.29087675,0.2384,0.2393,composite 0.56,0,,0.5611561210608987,dn_up_vol_asym_63 z=-0.5; days_since_ignition z=-0.6; dn_vol_63 z=-0.2,12472.02,SP500,0.0001578179715900539,0.00033904684803028794
184,4,HALO,Halozyme Therapeutics Inc,Healthcare,mid,0.54237616,0.3057,0.3098,signatures x3 (+composite),3,idiosyncratic vol top 20% AND 126d Sharpe top 20%,0.6312660008068742,skew_63 z=+2.5; mom_12_1 z=+1.5; days_since_ignition z=-1.2,12453.0,SP400,0.00015757729703856643,0.0023423127298448443
40,2,RMBS,Rambus Inc,Technology,high,3.5085752,0.4305,0.4208,signatures x11 (+composite),11,corr to SPY top 20% AND idiosyncratic vol top 20% AND share of up days 63d top 20%,0.7246217786362236,mom_12_1 z=-1.1; up_day_frac_63 z=+1.3; up_day_frac_21 z=+2.3,12374.38,SP400,0.00015658245827737056,0.008544358254229787
455,6,MKC,McCormick & Co Inc,Consumer Defensive,low,-0.30232915,0.2384,0.2393,composite 0.74,0,,0.7448386781604877,dn_vol_63 z=+0.8; ret_5 z=-1.6; down_capture_63 z=+0.6,12354.33,SP500,0.00015632875035111798,0.0003358474927097637
410,6,SEIC,SEI Investments Co,Financial,mid,0.5552497,0.2459,0.2464,composite 0.72,0,,0.7152450220759291,up_day_frac_63 z=+0.8; mom_12_1 z=+1.2; dist_52w_low z=+0.8,12345.17,SP400,0.000156212841892042,0.00033559848179349214
36,1,SWKS,Skyworks Solutions Inc,Technology,high,1.4779962,0.4504,0.4629,signatures x70 (+composite),70,downside vol top 20% AND 126d Sharpe top 20% AND share of up days 63d top 20%,0.8388660498883937,dist_52w_low z=+1.8; log_dvol_63 z=+2.7; days_since_52w_high z=-2.4,12319.21,SP500,0.00015588435023291397,0.002124719648590641
798,6,EHC,Encompass Health Corp,Healthcare,low,0.079585984,0.2216,0.2193,composite 0.26,0,,0.2606307822963091,base_depth_63 z=+0.8; dn_up_vol_asym_63 z=-1.8; dn_vol_63 z=-1.0,12301.09,SP400,0.00015565506406714358,0.00033440018472042976
67,3,ARW,Arrow Electronics Inc,Technology,high,1.4266211,0.3884,0.4079,composite 0.92 (+signatures),3,beta top 20% AND 126d Sharpe top 20% AND skew bottom 20%,0.920579150288974,mom_12_1 z=+2.6; dist_52w_low z=+2.8; log_dvol_63 z=+2.1,12237.66,SP400,0.0001548524359493281,0.009673843601681364
7,1,SANM,Sanmina Corp,Technology,high,2.469055,0.5126,0.5209,signatures x33 (+composite),33,downside vol top 20% AND 126d Sharpe top 20% AND share of up days 63d top 20%,0.9530069819701332,mom_12_1 z=+0.6; up_day_frac_63 z=+0.8; up_gap_freq_21 z=+2.0,12223.95,SP400,0.00015467895287357136,0.0021082899592092
803,6,BF-B,Brown-Forman Corp,Consumer Defensive,low,0.056414615,0.2216,0.2185,composite 0.25,0,,0.2483766355772337,base_depth_63 z=+0.5; dn_up_vol_asym_63 z=-1.3; dn_vol_63 z=-0.7,12204.37,SP500,0.00015443119221541547,0.00033177089041674126
857,6,TRU,TransUnion,Financial,mid,0.9176289,0.2078,0.2289,composite 0.18,0,,0.1761587506268357,skew_63 z=+0.6; up_day_frac_63 z=-1.3; log_dvol_63 z=+0.4,12151.27,SP400,0.00015375927745810817,0.0003303273882711058
30,1,AEIS,Advanced Energy Industries Inc,Industrials,high,2.5977023,0.4616,0.4909,signatures x19 (+composite),19,time since 20% drawdown bottom 20% AND 12-1m momentum top 20% AND net volume flow top 20%,0.8159078440067039,mom_6_1 z=-1.2; up_gap_freq_21 z=+2.0; dn_vol_63 z=+1.5,12126.08,SP400,0.0001534405291956492,0.002091410117725244
394,6,WTS,Watts Water Technologies Inc,Industrials,mid,0.89189756,0.2475,0.2464,composite 0.80,0,,0.8027003894865037,days_since_ignition z=+1.1; accum_dist_50 z=+1.4; pullback_vol_21 z=-2.0,12099.69,SP400,0.0001531065964189008,0.00032892520671419664
790,6,BJ,BJ's Wholesale Club Holdings Inc,Consumer Defensive,low,-0.3468113,0.2235,0.2215,composite 0.27,0,,0.2673684962083918,base_depth_63 z=+0.7; higher_low_cadence z=+0.7; pos_in_20d_range z=+1.1,12078.21,SP400,0.00015283479361311998,0.0003283412815524593
235,5,CR,Crane Co,Industrials,high,1.3700411,0.2896,0.2892,composite 0.49,0,,0.4885838400084173,idio_vol_63 z=-0.7; skew_63 z=-1.7; mom_12_1 z=-0.7,12075.65,SP400,0.00015280239998263588,0.0004249821400707059
332,5,WSO,Watsco Inc,Industrials,high,1.1142497,0.2659,0.2575,composite 0.18,0,,0.1824800649345768,dist_52w_low z=-1.4; mom_12_1 z=-1.3; dn_vol_63 z=+2.3,11997.88,SP400,0.00015181831691906167,0.00042224515605466547
259,5,DKS,Dicks Sporting Goods Inc,Consumer Cyclical,high,1.0151802,0.2805,0.2757,composite 0.41,0,,0.4068557084557745,mom_12_1 z=-1.9; dn_vol_63 z=+3.4; mom_6_1 z=-1.5,11994.46,SP400,0.0001517750410533368,0.0004221247949213897
113,4,MOG-A,Moog Inc,Industrials,high,1.1024035,0.3405,0.3347,signatures x5 (+composite),5,downside vol top 20% AND 126d Sharpe top 20%,0.7219330813110171,mom_12_1 z=+0.9; dist_52w_low z=+0.8; amihud_21 z=-2.2,11911.14,SP400,0.00015072072961117402,0.0022403930658447054
44,2,VIAV,Viavi Solutions Inc,Technology,high,2.0969086,0.4241,0.429,composite 0.94 (+signatures),24,up minus down capture top 20% AND downside vol top 20% AND OBV leading price top 20%,0.941820047047506,dist_52w_low z=+1.4; mom_12_1 z=+0.9; dn_vol_63 z=+2.0,11838.69,SP400,0.00014980396456094964,0.008174470851935017
172,4,MANH,Manhattan Associates Inc,Technology,low,0.33638105,0.306,0.2806,signatures x2 (+composite),2,idiosyncratic vol top 20% AND 126d Sharpe top 20%,0.4547280488813065,dn_up_vol_asym_63 z=-1.4; base_depth_63 z=+0.2; down_capture_63 z=-2.1,11826.58,SP400,0.00014965072750424546,0.0022244879855880862
547,6,PNW,Pinnacle West Capital Corp,Utilities,low,-0.12256573,0.2384,0.2393,composite 0.56,0,,0.5557261173782664,higher_low_cadence z=-3.2; dn_up_vol_asym_63 z=+1.3; down_capture_63 z=+1.4,11809.46,SP500,0.0001494340951003829,0.00032103542088128176
157,4,IT,Gartner Inc,Technology,mid,0.44440183,0.3093,0.3142,signatures x9 (+composite),9,downside vol top 20% AND higher-low cadence top 20% AND skew top 20%,0.6325592618985676,days_since_20pct_dd z=-1.0; skew_63 z=+0.9; log_dvol_63 z=-0.0,11782.97,SP500,0.00014909889694744374,0.002216285282773621
806,6,ELS,Equity Lifestyle Properties Inc,Real Estate,low,-0.18141311,0.2216,0.2154,composite 0.23,0,,0.2311528142074449,dn_vol_63 z=-0.9; base_depth_63 z=-1.9; dn_up_vol_asym_63 z=-0.6,11778.15,SP400,0.00014903790581504786,0.0003201842711227159
746,6,CCK,Crown Holdings Inc,Consumer Cyclical,mid,0.44482392,0.2264,0.2289,composite 0.30,0,,0.2959607270917461,mom_12_1 z=+1.0; log_dvol_63 z=+0.1; up_day_frac_21 z=-1.6,11712.41,SP400,0.00014820604750722522,0.000318397155660304
848,6,AFG,American Financial Group Inc,Financial,low,-0.07549855,0.2111,0.2001,composite 0.11,0,,0.1108040163238311,dn_vol_63 z=-1.2; dn_up_vol_asym_63 z=-0.7; base_depth_63 z=-0.2,11614.81,SP400,0.0001469710403450182,0.00031574393891051076
54,2,DVA,DaVita Inc,Healthcare,low,-0.018954476,0.4007,0.4175,signatures x30 (+composite),30,time since 20% drawdown bottom 20% AND gain off 52w low top 20% AND OBV leading price top 20%,0.945136294971328,dn_vol_63 z=+2.2; dn_up_vol_asym_63 z=+1.9; down_capture_63 z=+1.6,11589.91,SP500,0.0001466559616735125,0.008002691300435282
124,4,FIVE,Five Below Inc,Consumer Cyclical,high,1.0303929,0.3383,0.3397,signatures x16 (+composite),16,time since 20% drawdown bottom 20% AND 12-1m momentum top 20% AND 63d RS vs SPY top 20%,0.4745372284058711,log_dvol_63 z=+1.9; dn_vol_63 z=-0.7; mom_12_1 z=+0.6,11556.95,SP400,0.0001462388936810295,0.0021737726735068155
92,3,LFUS,Littelfuse Inc,Technology,high,1.6725256,0.3535,0.3707,composite 0.86 (+signatures),3,beta top 20% AND 126d Sharpe top 20% AND skew bottom 20%,0.8568057298751663,mom_12_1 z=+1.3; dist_52w_low z=+0.9; days_since_2x_low z=-2.0,11538.14,SP400,0.00014600087641954265,0.009120874563789468
65,3,HL,Hecla Mining Co,Basic Materials,high,2.4530566,0.3894,0.4043,signatures x50 (+composite),50,distance to 52w high bottom 20% AND 12-1m momentum top 20% AND 63d RS vs SPY top 20%,0.4364031956229285,amihud_21 z=-2.1; log_dvol_63 z=+1.8; days_since_2x_low z=+1.3,11487.24,SP400,0.00014535679993843266,0.009080638224544418
363,5,ALLY,Ally Financial Inc,Financial,high,1.1908053,0.2598,0.2573,composite 0.07,0,,0.0682977971846652,dist_52w_low z=-1.6; amihud_21 z=-2.4; dn_vol_63 z=-0.6,11443.99,SP400,0.00014480952473591775,0.0004027519314610607
116,4,AA,Alcoa Corp,Basic Materials,high,1.6675785,0.3402,0.3171,signatures x8 (+composite),8,corr to SPY top 20% AND distance to 52w high bottom 20% AND 12-1m momentum top 20%,0.2478261196329392,mom_6_1 z=-1.2; dn_vol_63 z=-0.6; log_dvol_63 z=-0.1,11392.97,SP400,0.0001441639298033788,0.0021429293071340574
551,6,CSGP,Costar Group Inc,Real Estate,low,0.25657204,0.2384,0.2393,composite 0.55,0,,0.551690253049445,dn_up_vol_asym_63 z=-1.0; dvol_trend_21_126 z=-1.1; base_depth_63 z=-0.3,11363.77,SP500,0.00014379443995566932,0.00030891951746719014
423,6,TECH,Bio-Techne Corp,Healthcare,mid,0.79482377,0.2418,0.2464,composite 0.70,0,,0.7003593229797037,log_dvol_63 z=+2.3; dist_52w_low z=+2.0; days_since_ignition z=+1.2,11361.5,SP500,0.00014376571591613848,0.0003088578084300792
402,6,PINS,Pinterest Inc,Communication Services,mid,0.9749299,0.2468,0.2464,composite 0.78,0,,0.7765580402758454,log_dvol_63 z=-2.0; mom_12_1 z=-1.2; up_day_frac_21 z=+0.6,11343.25,SP400,0.00014353478476132004,0.00030836168951938527
317,5,ELAN,Elanco Animal Health Inc,Healthcare,high,1.3039163,0.2659,0.2575,composite 0.25,0,,0.2546502626693822,dist_52w_low z=-1.2; amihud_21 z=-1.8; days_since_2x_low z=+1.2,11231.5,SP400,0.00014212072686811683,0.0003952737042067411
16,1,CGNX,Cognex Corp,Technology,high,1.9400893,0.4915,0.4984,signatures x7 (+composite),7,corr to SPY top 20% AND downside vol top 20% AND distance to 52w high vs own norm top 20%,0.8388979910865269,dist_52w_low z=+1.0; mom_12_1 z=+0.7; beta_252 z=+2.6,11161.65,SP400,0.00014123686159885288,0.001925072879323571
361,5,DECK,Deckers Outdoor Corp,Consumer Cyclical,high,1.0618944,0.2598,0.2573,composite 0.07,0,,0.0716271973665421,dist_52w_low z=-1.2; log_dvol_63 z=-0.7; up_day_frac_63 z=-1.4,11136.96,SP500,0.00014092444021734783,0.0003919465283178834
458,6,AHR,American Healthcare REIT Inc,Real Estate,low,0.010640302,0.2384,0.2393,composite 0.74,0,,0.7421593753053203,base_depth_63 z=-2.7; higher_low_cadence z=-2.4; pos_in_20d_range z=-2.0,11084.67,SP400,0.00014026277500718592,0.000301332296208304
556,6,GLPI,Gaming and Leisure Properties Inc,Real Estate,low,0.011213136,0.2384,0.2373,composite 0.53,0,,0.5340699850440036,base_depth_63 z=-3.3; dn_vol_63 z=+0.9; down_capture_63 z=+0.8,11078.24,SP400,0.00014018141131811836,0.00030115749924415267
181,4,RRX,Regal Rexnord Corp,Industrials,high,2.1472373,0.3057,0.3098,signatures x2 (+composite),2,depth below 126d high bottom 20% AND up-capture top 20% AND dollar volume vs own norm top 20%,0.7364588108855603,amihud_21 z=-1.9; dn_vol_63 z=+1.5; log_dvol_63 z=+1.7,11078.22,SP400,0.00014018115824288022,0.0020837272729480245
855,6,FHN,First Horizon Corp,Financial,mid,0.7279919,0.2078,0.2289,composite 0.18,0,,0.1786792901014625,days_since_20pct_dd z=+2.3; dist_52w_low z=-2.0; up_day_frac_63 z=-1.7,11057.95,SP400,0.00013992466648900793,0.00030060592375385245
852,6,WTRG,Essential Utilities Inc,Utilities,low,-0.38957852,0.2108,0.2001,composite 0.07,0,,0.0671516718398881,dn_vol_63 z=-1.2; dn_up_vol_asym_63 z=-0.8; higher_low_cadence z=+0.6,11013.45,SP400,0.0001393615740841082,0.00029939620914969464
595,6,AR,Antero Resources Corp,Energy,low,-0.13944283,0.2384,0.2373,composite 0.47,0,,0.4726470610339929,base_depth_63 z=+0.2; higher_low_cadence z=+1.0; down_capture_63 z=-1.4,10981.72,SP400,0.00013896007021877183,0.00029853364186003335
782,6,AMH,American Homes 4 Rent,Real Estate,low,0.046008155,0.2235,0.2215,composite 0.29,0,,0.2944208121331459,dn_vol_63 z=-1.0; base_depth_63 z=-1.8; dvol_trend_21_126 z=+0.8,10963.57,SP400,0.00013873040444014418,0.0002980402414091241
478,6,HRL,Hormel Foods Corp,Consumer Defensive,low,-0.12176339,0.2384,0.2393,composite 0.70,0,,0.7012464582847953,dn_vol_63 z=+1.0; base_depth_63 z=-2.1; dn_up_vol_asym_63 z=+1.1,10954.73,SP500,0.0001386185451848787,0.0002977999295641633
342,5,LULU,Lululemon Athletica Inc,Consumer Cyclical,high,1.245214,0.2659,0.2575,composite 0.14,0,,0.1410391786978513,log_dvol_63 z=-1.8; amihud_21 z=+0.4; up_gap_freq_21 z=-1.4,10911.97,SP500,0.00013807747032569867,0.0003840283846407722
721,6,BMRN,Biomarin Pharmaceutical Inc,Healthcare,mid,0.41812027,0.2264,0.2289,composite 0.36,0,,0.3635703809276037,days_since_20pct_dd z=+3.7; mom_12_1 z=+2.7; skew_63 z=+0.7,10882.71,SP400,0.0001377072212522747,0.00029584209482727694
703,6,BSY,Bentley Systems Inc,Technology,mid,0.4853298,0.2276,0.2338,composite 0.41,0,,0.4104652346533645,mom_12_1 z=-1.7; days_since_ignition z=-2.3; days_since_20pct_dd z=-0.8,10866.28,SP400,0.0001374993199441286,0.0002953954518846632
450,6,TXRH,Texas Roadhouse Inc,Consumer Cyclical,low,0.3203536,0.2384,0.2434,composite 0.80,0,,0.8019307514824474,base_depth_63 z=-2.9; dn_vol_63 z=+1.2; down_capture_63 z=+1.3,10736.89,SP400,0.00013586204969087074,0.0002918780367693379
728,6,COO,Cooper Companies Inc,Healthcare,mid,0.5001174,0.2264,0.2289,composite 0.34,0,,0.3417414156495903,skew_63 z=-1.8; days_since_20pct_dd z=-0.8; days_since_ignition z=+1.0,10696.24,SP500,0.0001353476742693163,0.0002907729828668882
730,6,AES,AES Corp,Utilities,mid,0.3818276,0.2264,0.2289,composite 0.34,0,,0.3382386764245667,days_since_20pct_dd z=+2.9; log_dvol_63 z=-0.7; days_since_ignition z=+0.9,10637.36,SP500,0.00013460262076818157,0.0002891723537457015
365,5,SF,Stifel Financial Corp,Financial,high,1.017127,0.2598,0.2573,composite 0.05,0,,0.0459088961873482,dist_52w_low z=-1.9; up_gap_freq_21 z=-2.2; beta_252 z=-1.2,10588.24,SP400,0.00013398106798326754,0.0003726352531567453
528,6,SCI,Service Corp International,Consumer Cyclical,low,-0.06376514,0.2384,0.2393,composite 0.59,0,,0.5870566749588522,dn_vol_63 z=-0.6; dvol_trend_21_126 z=-1.1; dn_up_vol_asym_63 z=-0.4,10535.34,SP400,0.0001333116839783418,0.00028639898107342784
656,6,CART,Maplebear Inc,Consumer Cyclical,mid,0.4512535,0.2319,0.2368,composite 0.50,0,,0.4956432560015986,skew_63 z=+1.5; up_day_frac_63 z=-1.5; days_since_ignition z=-0.0,10526.31,SP400,0.00013319742050831382,0.00028615350415487625
122,4,KNX,Knight-Swift Transportation Holdings Inc,Industrials,high,1.0578952,0.3383,0.3397,signatures x14 (+composite),14,time since 20% drawdown bottom 20% AND vol of vol bottom 20% AND 12-1m momentum vs own norm top 20%,0.5575354923078079,mom_12_1 z=+2.5; dist_52w_low z=+1.0; amihud_21 z=-2.3,10518.92,SP400,0.00013310390920781475,0.0019785272801910807
418,6,FNF,Fidelity National Financial Inc,Financial,low,0.33532602,0.2434,0.2434,composite 0.85,0,,0.8517665361461629,base_depth_63 z=-3.5; down_capture_63 z=+3.0; dn_vol_63 z=+1.3,10480.98,SP400,0.00013262382548103057,0.0002849212263345061
748,6,BXP,BXP Inc,Real Estate,mid,0.72197354,0.2264,0.2289,composite 0.29,0,,0.2889005772544406,skew_63 z=+0.9; log_dvol_63 z=-0.1; mom_12_1 z=-0.8,10461.17,SP500,0.0001323731544576359,0.0002843826994511721
614,6,DCI,Donaldson Co Inc,Industrials,mid,0.86026245,0.2365,0.2429,composite 0.59,0,,0.5858152257928293,days_since_20pct_dd z=-1.3; days_since_ignition z=+1.1; up_day_frac_63 z=+0.3,10444.67,SP400,0.00013216436738615624,0.00028393415358670906
133,4,AVTR,Avantor Inc,Healthcare,mid,0.81545043,0.3276,0.3369,signatures x7 (+composite),7,corr to SPY bottom 20% AND 126d Sharpe top 20% AND up-capture top 20%,0.8471142933628937,skew_63 z=+1.6; dist_52w_low z=+3.3; log_dvol_63 z=-0.0,10436.21,SP400,0.00013205731656041572,0.001962970170588136
874,6,HII,Huntington Ingalls Industries Inc,Industrials,mid,0.79117787,0.2068,0.2217,composite 0.10,0,,0.1038096530817695,up_day_frac_63 z=-2.5; days_since_20pct_dd z=-1.0; days_since_ignition z=-1.5,10388.63,SP500,0.00013145525056883981,0.00028241072872340565
780,6,UHS,Universal Health Services Inc,Healthcare,low,0.18150032,0.2235,0.2215,composite 0.30,0,,0.3020397273349016,base_depth_63 z=+0.6; higher_low_cadence z=+1.2; pullback_duration_21 z=-0.1,10382.61,SP500,0.00013137907492215452,0.0002822470774443713
688,6,EGP,Eastgroup Properties Inc,Real Estate,low,0.3001233,0.2314,0.236,composite 0.39,0,,0.3923374944572626,dn_vol_63 z=-1.0; pos_in_20d_range z=-1.8; base_depth_63 z=-2.0,10370.73,SP400,0.00013122874823068913,0.00028192412442195795
348,5,JEF,Jefferies Financial Group Inc,Financial,high,1.6768245,0.2659,0.2575,composite 0.11,0,,0.1091073750347595,up_day_frac_63 z=-2.1; mom_12_1 z=-0.9; dist_52w_low z=-1.0,10365.53,SP400,0.00013116294866876829,0.0003647973502351513
468,6,ERIE,Erie Indemnity Co,Financial,low,-0.39471036,0.2384,0.2393,composite 0.72,0,,0.7207512569800912,dn_vol_63 z=+1.8; jump_21 z=-1.2; dvol_trend_21_126 z=-0.6,10343.26,SP500,0.00013088114939108027,0.0002811773635191217
149,4,NYT,New York Times Co,Communication Services,low,0.07895241,0.3146,0.3154,signatures x5 (+composite),5,downside vol top 20% AND dollar-volume trend top 20% AND share of up days 63d top 20%,0.7425746108810509,dn_vol_63 z=+2.9; dn_up_vol_asym_63 z=+1.4; base_depth_63 z=-2.0,10333.44,SP400,0.0001307568894491451,0.0019436399305458852
75,3,SKYD,Skydance Corp,Communication Services,mid,0.62449414,0.365,0.3814,signatures x11 (+composite),11,downside vol top 20% AND dollar-volume trend top 20% AND share of up days 63d top 20%,0.8189340210616807,days_since_ignition z=+1.8; up_day_frac_63 z=+1.7; skew_63 z=-1.4,10321.9,SP500,0.0001306108650367284,0.008159439490245265
190,5,EVR,Evercore Inc,Financial,high,1.7481606,0.2996,0.288,signatures x2 (+composite),2,depth below 126d high bottom 20% AND up-capture top 20% AND RS line leading price vs own norm bottom 20%,0.1672798124112222,dist_52w_low z=-2.0; mom_12_1 z=-1.8; up_day_frac_63 z=-2.3,10309.77,SP400,0.00013045737490478606,0.00036283497105636236
383,6,GMED,Globus Medical Inc,Healthcare,mid,0.74499434,0.2475,0.2464,composite 0.83,0,,0.8345323334125125,up_day_frac_63 z=+1.1; days_since_ignition z=+1.2; up_day_frac_21 z=+0.3,10261.63,SP400,0.00012984822280654172,0.0002789582847969329
106,4,MOH,Molina Healthcare Inc,Healthcare,low,-0.08220988,0.344,0.3288,signatures x19 (+composite),19,up minus down capture bottom 20% AND gain off 52w low top 20% AND distance to 52w high vs own norm top 20%,0.7054983954245173,dvol_trend_21_126 z=-1.8; down_capture_63 z=+1.0; rs_newhigh_price_not_20 z=+0.0,10187.87,SP400,0.00012891488132821808,0.001916259342407805
508,6,CLX,Clorox Co,Consumer Defensive,low,0.32655886,0.2384,0.2393,composite 0.61,0,,0.6143663993626791,down_capture_63 z=+2.5; dn_vol_63 z=+0.8; base_depth_63 z=-1.8,10160.62,SP500,0.00012857006631622893,0.000276212368568484
135,4,JKHY,Jack Henry & Associates Inc,Technology,low,-0.056904934,0.3269,0.3366,signatures x5 (+composite),5,time since 20% drawdown bottom 20% AND vol of vol bottom 20% AND 12-1m momentum vs own norm top 20%,0.8181005133138429,dn_vol_63 z=+1.4; pos_in_20d_range z=-1.3; dvol_trend_21_126 z=-0.9,10134.19,SP500,0.00012823562738900423,0.0019061625506838773
188,4,ALGN,Align Technology Inc,Healthcare,high,1.349887,0.3028,0.2917,signatures x2 (+composite),2,beta top 20% AND time since 20% drawdown bottom 20% AND 12-1m momentum vs own norm top 20%,0.0929188242632856,mom_12_1 z=+1.3; log_dvol_63 z=-2.3; amihud_21 z=+0.6,10116.78,SP500,0.0001280153253941884,0.0019028878646944291
529,6,DPZ,Dominos Pizza Inc,Consumer Cyclical,low,0.105573885,0.2384,0.2393,composite 0.59,0,,0.586936425742351,dvol_trend_21_126 z=-1.4; dn_up_vol_asym_63 z=-0.7; days_since_ignition z=+1.2,10064.11,SP500,0.00012734885175450146,0.0002735887830303432
509,6,AM,Antero Midstream Corp,Energy,low,-0.07122454,0.2384,0.2393,composite 0.61,0,,0.6128087962301871,higher_low_cadence z=-2.8; ret_5 z=+1.2; pullback_duration_21 z=+1.3,10034.61,SP400,0.00012697556577821964,0.0002727868373938791
763,6,ENSG,Ensign Group Inc,Healthcare,low,-0.026762126,0.2235,0.2293,composite 0.36,0,,0.3565182590919681,dn_vol_63 z=-0.6; base_depth_63 z=-0.1; dvol_trend_21_126 z=-1.3,10028.08,SP400,0.0001268929367129613,0.0002726093219699431
37,1,RGEN,Repligen Corp,Healthcare,high,1.1351385,0.4504,0.4629,signatures x87 (+composite),87,downside vol top 20% AND 126d Sharpe top 20% AND share of up days 63d top 20%,0.8377800491518672,dist_52w_low z=+1.7; mom_12_1 z=+1.1; log_dvol_63 z=+2.7,9868.33,SP400,0.00012487149824818086,0.0017020113018429333
357,5,BIO,Bio-Rad Laboratories Inc,Healthcare,mid,0.72329044,0.2623,0.2551,composite 0.92,0,,0.923720218233096,mom_12_1 z=+1.9; days_since_20pct_dd z=+1.9; dist_52w_low z=+1.9,9865.56,SP400,0.00012483644732769607,0.0003472017491229005
53,2,PBF,PBF Energy Inc,Energy,low,-0.4411882,0.404,0.4378,signatures x84 (+composite),84,downside vol top 20% AND 126d Sharpe top 20% AND share of up days 63d top 20%,0.5190369540873461,base_depth_63 z=+1.4; dn_up_vol_asym_63 z=-1.0; dvol_trend_21_126 z=+3.0,9824.33,SP400,0.00012431473272423506,0.006783579874529254
224,5,AMG,Affiliated Managers Group Inc,Financial,high,1.0183833,0.2896,0.2892,composite 0.55,0,,0.5501589544330625,mom_12_1 z=+0.9; dist_52w_low z=+0.4; mom_6_1 z=+1.4,9819.54,SP400,0.00012425412120469642,0.00034558215282075083
336,5,WMS,Advanced Drainage Systems Inc,Industrials,high,1.3580638,0.2659,0.2575,composite 0.17,0,,0.1696077620869251,dist_52w_low z=-1.4; up_day_frac_63 z=+0.5; idio_vol_63 z=-0.5,9807.97,SP400,0.0001241077171794225,0.0003451749661798149
485,6,RYAN,Ryan Specialty Holdings Inc,Financial,low,-0.2541899,0.2384,0.2393,composite 0.68,0,,0.6814710988523716,down_capture_63 z=+0.7; pos_in_20d_range z=-0.0; dn_vol_63 z=+0.5,9797.71,SP400,0.00012397788958224784,0.00026634680616410426
833,6,SSB,SouthState Bank Corp,Financial,mid,0.69076186,0.2159,0.2289,composite 0.22,0,,0.216896475015176,skew_63 z=+1.0; days_since_20pct_dd z=+1.0; clv_21 z=-2.7,9789.57,SP400,0.00012387488796031788,0.0002661255235376359
712,6,WTFC,Wintrust Financial Corp,Financial,mid,0.8169701,0.2264,0.2289,composite 0.38,0,,0.3800038458493106,up_day_frac_63 z=-1.8; days_since_20pct_dd z=+1.9; dist_52w_low z=-1.7,9778.52,SP400,0.00012373506389123606,0.0002658251337314349
517,6,FDS,Factset Research Systems Inc,Financial,low,0.061470866,0.2384,0.2393,composite 0.60,0,,0.5974657477622372,higher_low_cadence z=+0.8; dn_up_vol_asym_63 z=-0.7; dn_vol_63 z=+1.0,9737.49,SP500,0.00012321588004015658,0.00026470974968180363
148,4,KRYS,Krystal Biotech Inc,Healthcare,mid,0.7558334,0.3146,0.3154,signatures x6 (+composite),6,downside vol top 20% AND overnight share of moves bottom 20% AND 12-1m momentum vs own norm top 20%,0.7993824018460076,days_since_20pct_dd z=+2.0; days_since_ignition z=+1.4; up_day_frac_63 z=-2.0,9673.2,SP400,0.00012240236968710037,0.0018194539065554604
490,6,DAR,Darling Ingredients Inc,Consumer Defensive,low,0.27361795,0.2384,0.2393,composite 0.66,0,,0.6596176826472866,base_depth_63 z=+0.1; down_capture_63 z=-1.9; days_since_ignition z=+1.3,9652.8,SP400,0.00012214423294418003,0.00026240748609020534
722,6,ONB,Old National Bancorp,Financial,mid,0.8108685,0.2264,0.2289,composite 0.36,0,,0.3619170427681066,days_since_20pct_dd z=+1.9; up_day_frac_63 z=-1.5; log_dvol_63 z=+1.7,9524.08,SP400,0.00012051544071140045,0.0002589082846554371
645,6,CFR,Cullen Frost Bankers Inc,Financial,mid,0.37409136,0.2319,0.237,composite 0.53,0,,0.5306348290670799,days_since_20pct_dd z=+2.1; log_dvol_63 z=+1.9; mom_12_1 z=+1.1,9506.28,SP400,0.00012029020374944057,0.000258424398813774
313,5,ALSN,Allison Transmission Holdings Inc,Consumer Cyclical,high,1.0201161,0.2659,0.2575,composite 0.26,0,,0.2558320870003081,mom_12_1 z=+0.6; up_day_frac_63 z=-1.0; up_day_frac_21 z=-2.4,9475.83,SP400,0.00011990489669934625,0.00033348585892653375
658,6,HSIC,Henry Schein Inc,Healthcare,mid,0.49615517,0.2319,0.2368,composite 0.50,0,,0.4951606396175265,mom_12_1 z=+2.9; days_since_20pct_dd z=+2.4; dist_52w_low z=+1.8,9472.95,SP500,0.00011986845386505163,0.0002575183361675588
754,6,OGE,Oge Energy Corp,Utilities,low,-0.009192011,0.2235,0.2303,composite 0.38,0,,0.377293190136558,higher_low_cadence z=-2.2; dn_up_vol_asym_63 z=+1.2; dvol_trend_21_126 z=+1.3,9469.69,SP400,0.000119827202601232,0.00025742971437858
295,5,OC,Owens Corning,Industrials,high,1.5012877,0.2659,0.2575,composite 0.30,0,,0.2965834191361596,amihud_21 z=+0.8; mom_6_1 z=+1.5; up_day_frac_63 z=-1.4,9468.45,SP400,0.00011981151193646626,0.0003332261322705176
473,6,MUSA,Murphy USA Inc,Consumer Cyclical,low,-0.6614976,0.2384,0.2393,composite 0.71,0,,0.7123244173549682,dvol_trend_21_126 z=-1.6; dn_vol_63 z=+0.9; down_capture_63 z=-1.3,9429.67,SP400,0.00011932079904967948,0.0002563417867727734
248,5,VMI,Valmont Industries Inc,Industrials,high,1.170529,0.2868,0.2855,composite 0.44,0,,0.4388532734091405,amihud_21 z=-2.0; up_gap_freq_21 z=+1.8; idio_vol_63 z=-0.6,9399.34,SP400,0.00011893701045101412,0.00033079392235218716
500,6,PODD,Insulet Corp,Healthcare,low,0.29696038,0.2384,0.2393,composite 0.64,0,,0.6407347978685827,dn_vol_63 z=+2.0; dn_up_vol_asym_63 z=+1.6; days_since_ignition z=+1.2,9391.95,SP500,0.00011884349915051506,0.00025531638374201316
400,6,TTC,Toro Co,Industrials,mid,0.43054137,0.2468,0.2464,composite 0.78,0,,0.7828622167927879,days_since_20pct_dd z=+2.8; mom_12_1 z=+1.4; up_day_frac_63 z=+0.8,9361.26,SP400,0.00011845515519756287,0.00025448208843411197
596,6,RRC,Range Resources Corp,Energy,low,-0.11249827,0.2384,0.2373,composite 0.47,0,,0.4721322440758472,base_depth_63 z=+0.6; higher_low_cadence z=+0.8; down_capture_63 z=-1.3,9351.86,SP400,0.00011833620983562899,0.00025422655321435733
209,5,FLS,Flowserve Corp,Industrials,high,1.693597,0.2947,0.2968,composite 0.58,0,,0.5808976604011815,mom_12_1 z=+0.7; days_since_52w_high z=+2.0; up_day_frac_63 z=+0.5,9322.45,SP400,0.00011796406269791886,0.0003280879084523113
496,6,FRT,Federal Realty Investment Trust,Real Estate,low,0.1695816,0.2384,0.2393,composite 0.64,0,,0.6448101189715686,base_depth_63 z=-2.6; dn_up_vol_asym_63 z=+1.6; dn_vol_63 z=-0.7,9305.44,SP500,0.00011774882220786619,0.00025296464418233475
297,5,APTV,Aptiv Plc,Consumer Cyclical,high,1.1690298,0.2659,0.2575,composite 0.29,0,,0.2899058298323275,mom_12_1 z=-1.5; amihud_21 z=+0.9; log_dvol_63 z=-1.9,9256.3,SP500,0.00011712701634771399,0.0003257598707428979
407,6,FCFS,FirstCash Holdings Inc,Financial,mid,0.5277402,0.2459,0.2464,composite 0.75,0,,0.7504741328929458,days_since_ignition z=+1.3; log_dvol_63 z=+1.9; days_since_20pct_dd z=+1.6,9238.19,SP400,0.00011689785671956267,0.000251136479977175
51,2,BRKR,Bruker Corp,Healthcare,high,1.2664468,0.4081,0.4175,signatures x20 (+composite),20,up minus down capture top 20% AND downside vol top 20% AND 126d Sharpe top 20%,0.8668784806511495,mom_12_1 z=+2.1; dist_52w_low z=+1.6; dn_vol_63 z=+2.2,9217.74,SP400,0.00011663908728854695,0.006364736888178969
558,6,ORI,Old Republic International Corp,Financial,low,-0.17075872,0.2384,0.2373,composite 0.53,0,,0.5317589454143713,base_depth_63 z=-2.9; higher_low_cadence z=-2.8; pullback_duration_21 z=+1.6,9176.86,SP400,0.00011612180150175369,0.0002494692485912649
642,6,ZION,Zions Bancorporation N.A,Financial,mid,0.9158448,0.2319,0.237,composite 0.54,0,,0.5352196847157653,days_since_20pct_dd z=+2.0; pullback_vol_21 z=+1.7; skew_63 z=-0.3,9173.17,SP400,0.00011607510912031369,0.0002493689374252123
287,5,SAIA,Saia Inc,Industrials,high,1.3911479,0.2672,0.2577,composite 0.32,0,,0.3245319675026492,log_dvol_63 z=-0.7; amihud_21 z=+0.0; up_gap_freq_21 z=-0.3,9113.39,SP400,0.00011531866723346188,0.00032073039426440566
303,5,AYI,Acuity Inc,Industrials,high,1.4676284,0.2659,0.2575,composite 0.28,0,,0.2753444012716354,dist_52w_low z=-1.3; mom_12_1 z=-1.2; up_gap_freq_21 z=+2.1,9069.87,SP400,0.00011476797551523187,0.0003191987812468144
349,5,R,Ryder System Inc,Industrials,high,1.1141431,0.2659,0.2575,composite 0.11,0,,0.108588800288598,up_day_frac_63 z=-2.6; dn_vol_63 z=-0.8; days_since_52w_high z=+2.7,9056.38,SP400,0.00011459727626709484,0.0003187240234433376
646,6,HLI,Houlihan Lokey Inc,Financial,mid,0.72045803,0.2319,0.237,composite 0.53,0,,0.5292831261476278,mom_12_1 z=-2.1; days_since_20pct_dd z=-1.2; log_dvol_63 z=+1.6,8942.69,SP400,0.00011315867007579038,0.00024310343131361044
607,6,SIRI,Sirius XM Holdings Inc,Communication Services,mid,0.3599348,0.2365,0.2429,composite 0.62,0,,0.6164519400801596,mom_12_1 z=+1.6; days_since_ignition z=-0.4; up_day_frac_21 z=+0.4,8885.08,SP400,0.00011242968685227863,0.00024153732663168841
431,6,VOYA,Voya Financial Inc,Financial,mid,0.70045453,0.2418,0.2452,composite 0.69,0,,0.6859449289460489,mom_12_1 z=+2.8; log_dvol_63 z=+2.0; dist_52w_low z=+1.6,8862.13,SP400,0.00011213928301649326,0.00024091344011111714
265,5,SPXC,SPX Technologies Inc,Industrials,high,1.6085716,0.2805,0.2752,composite 0.40,0,,0.3950524962985788,dist_52w_low z=-2.0; mom_12_1 z=-1.4; amihud_21 z=-1.8,8806.1,SP400,0.00011143029273679594,0.0003099158408596344
205,5,DY,Dycom Industries Inc,Industrials,high,1.6623731,0.2947,0.2968,composite 0.60 (+signatures),1,idiosyncratic vol top 20% AND beta top 20%,0.6026552530118672,dist_52w_low z=-1.6; mom_12_1 z=-1.2; dn_vol_63 z=+2.1,8759.65,SP400,0.00011084252549617589,0.0003082811114325406
288,5,IDCC,Interdigital Inc,Technology,high,1.3399235,0.266,0.2575,composite 0.32,0,,0.3222603846471813,mom_12_1 z=-2.1; dist_52w_low z=-1.5; amihud_21 z=+0.5,8755.72,SP400,0.000110792796211878,0.00030814280170921493
66,3,AVT,Avnet Inc,Technology,high,1.3477926,0.3884,0.4079,composite 0.92,0,,0.9205810291829816,mom_12_1 z=+2.8; dist_52w_low z=+3.4; amihud_21 z=-2.4,8730.1,SP400,0.00011046860683179866,0.006901125053894166
77,3,ARWR,Arrowhead Pharmaceuticals Inc,Healthcare,high,1.5786626,0.3624,0.3662,signatures x42 (+composite),42,distance to 52w high bottom 20% AND gain off 52w low top 20% AND dvolROC21>+30%,0.5080736075516508,up_day_frac_63 z=-1.5; amihud_21 z=-1.7; days_since_52w_high z=-1.0,8692.8,SP400,0.00010999662151263551,0.006871639485056437
109,4,MP,MP Materials Corp,Basic Materials,high,2.3378005,0.3437,0.3408,signatures x4 (+composite),4,corr to SPY top 20% AND idiosyncratic vol top 20% AND pullback from 21d high bottom 20%,0.5181162960235087,idio_vol_63 z=-0.6; mom_12_1 z=-0.7; beta_252 z=+1.9,8643.27,SP400,0.00010936988068533929,0.001625732060426086
467,6,CTRE,CareTrust REIT Inc,Real Estate,low,0.03367701,0.2384,0.2393,composite 0.72,0,,0.7231186634299587,base_depth_63 z=-2.1; pullback_duration_21 z=+1.6; pos_in_20d_range z=-1.4,8636.51,SP400,0.00010928434125484215,0.00023478005114504805
213,5,AAL,American Airlines Group Inc,Industrials,high,1.8910002,0.2939,0.2824,signatures x1 (+composite),1,depth below 126d high bottom 20% AND up-capture top 20%,0.5747142202214088,mom_12_1 z=+0.8; amihud_21 z=-1.7; days_since_52w_high z=-1.0,8605.6,SP400,0.00010889321347427023,0.0003028595814380565
504,6,PRI,Primerica Inc,Financial,low,0.2057873,0.2384,0.2393,composite 0.62,0,,0.6228627580660919,pullback_duration_21 z=+1.6; base_depth_63 z=-1.9; higher_low_cadence z=-1.7,8590.88,SP400,0.00010870695009898654,0.00023353961794532398
659,6,TTEK,Tetra Tech Inc,Industrials,mid,0.35755625,0.2319,0.2345,composite 0.49,0,,0.4931736174737294,up_day_frac_63 z=+0.4; days_since_20pct_dd z=-0.8; vol_dry_10_50 z=-0.7,8546.76,SP400,0.00010814866612361182,0.0002323402334883478
687,6,CUBE,CubeSmart,Real Estate,low,0.316187,0.2314,0.236,composite 0.39,0,,0.3944982225662686,dn_vol_63 z=-1.2; dvol_trend_21_126 z=+2.1; nr7_count_20 z=-1.7,8539.29,SP400,0.00010805414252216012,0.0002321371645424364
673,6,CYTK,Cytokinetics Inc,Healthcare,mid,0.8120195,0.2319,0.2345,composite 0.45,0,,0.4451457463775493,up_day_frac_63 z=-1.8; days_since_ignition z=+1.1; skew_63 z=-0.7,8529.09,SP400,0.00010792507415069995,0.0002318598816444047
792,6,PNR,Pentair plc,Industrials,mid,0.9336629,0.2227,0.2289,composite 0.27,0,,0.2731853812480911,mom_12_1 z=-2.5; skew_63 z=-2.3; days_since_20pct_dd z=-1.2,8523.37,SP500,0.000107852694632587,0.00023170438574472422
395,6,NEU,NewMarket Corp,Basic Materials,mid,0.63529575,0.2475,0.2464,composite 0.80,0,,0.799946082700842,skew_63 z=+1.2; up_day_frac_21 z=+1.3; log_dvol_63 z=+1.6,8518.45,SP400,0.00010779043812400035,0.0002315706375233207
761,6,BRX,Brixmor Property Group Inc,Real Estate,low,0.07696248,0.2235,0.2293,composite 0.36,0,,0.3616307296872768,base_depth_63 z=-2.4; dn_vol_63 z=-0.8; dvol_trend_21_126 z=+2.1,8426.72,SP400,0.00010662970854419243,0.00022907699436288488
286,5,GAP,Gap Inc,Consumer Cyclical,high,1.2080312,0.2672,0.2577,composite 0.33,0,,0.3278538521084948,amihud_21 z=+0.5; up_day_frac_63 z=+1.3; dn_vol_63 z=-0.9,8356.71,SP400,0.00010574381867302323,0.0002941003175605676
364,5,WAL,Western Alliance Bancorp,Financial,high,1.2876568,0.2598,0.2573,composite 0.05,0,,0.0537363686239731,amihud_21 z=-2.5; dn_vol_63 z=-1.7; up_day_frac_63 z=-1.8,8301.49,SP400,0.00010504507794047126,0.0002921569427712433
137,4,TKR,Timken Co,Industrials,high,1.3541288,0.3251,0.3254,composite 0.77 (+signatures),5,gain off 52w low top 20% AND up minus down capture bottom 20%,0.7667559767618389,mom_12_1 z=+1.7; dist_52w_low z=+1.1; amihud_21 z=-2.8,8283.75,SP400,0.00010482060020422585,0.0015581091364211218
338,5,ALV,Autoliv Inc,Consumer Cyclical,high,1.1256446,0.2659,0.2575,composite 0.16,0,,0.1628944737969441,amihud_21 z=-0.2; dist_52w_low z=-1.0; log_dvol_63 z=+0.2,8279.47,SP400,0.00010476644210326022,0.00029138198600085356
737,6,REXR,Rexford Industrial Realty Inc,Real Estate,mid,0.57850033,0.2264,0.2289,composite 0.33,0,,0.3271007951859015,skew_63 z=+3.4; log_dvol_63 z=+1.7; days_since_20pct_dd z=+1.1,8205.96,SP400,0.00010383626406541351,0.00022307572254234848
59,2,KTOS,Kratos Defense & Security Solutions Inc,Industrials,high,2.1210883,0.4002,0.4202,signatures x8 (+composite),8,accumulation-distribution days bottom 20% AND corr to SPY top 20% AND idiosyncratic vol top 20%,0.3323444087872114,mom_12_1 z=-1.7; dist_52w_low z=-1.2; days_since_52w_high z=+3.4,8205.3,SP400,0.00010382791258255432,0.005665659433719642
214,5,BAH,Booz Allen Hamilton Holding Corp,Industrials,low,0.16768625,0.2939,0.2824,signatures x2 (+composite),2,up minus down capture top 20% AND distance to 52w high bottom 20% AND pullback from 21d high bottom 20%,0.5275145238506805,dn_up_vol_asym_63 z=-0.9; base_depth_63 z=-0.3; pos_in_20d_range z=-1.2,8196.22,SP400,0.00010371301642443096,0.00028845214262506125
505,6,ADC,Agree Realty Corp,Real Estate,low,-0.20316297,0.2384,0.2393,composite 0.62,0,,0.6196291814786145,base_depth_63 z=-3.0; dn_up_vol_asym_63 z=+1.2; pos_in_20d_range z=-1.4,8182.92,SP400,0.00010354472139105645,0.0002224493894079711
442,6,COLB,Columbia Banking System Inc,Financial,mid,0.95885825,0.2418,0.2452,composite 0.65,0,,0.6528272648093476,days_since_20pct_dd z=+2.6; days_since_ignition z=+1.2; accum_dist_50 z=-1.3,8173.04,SP400,0.0001034197022234068,0.00022218080558125022
325,5,OSK,Oshkosh Corp,Industrials,high,1.4614673,0.2659,0.2575,composite 0.24,0,,0.2350834604718278,dist_52w_low z=-1.1; up_gap_freq_21 z=+0.2; beta_252 z=+2.0,8157.67,SP400,0.00010322521390288301,0.00028709544037717186
374,5,AGCO,AGCO Corp,Industrials,mid,0.8921001,0.2545,0.2517,composite 0.88,0,,0.8755716930408979,log_dvol_63 z=+3.5; skew_63 z=-1.0; days_since_ignition z=-1.0,8136.99,SP400,0.00010296353410662848,0.00028636764264730537
838,6,FR,First Industrial Realty Trust Inc,Real Estate,mid,0.4263875,0.2137,0.2289,composite 0.20,0,,0.203826243019972,skew_63 z=+1.9; days_since_20pct_dd z=+1.8; mom_12_1 z=+1.0,8120.45,SP400,0.0001027542408846725,0.00022075116758051635
886,6,WLK,Westlake Corp,Basic Materials,mid,0.6268172,0.1752,0.1779,composite 0.06,0,,0.0628343909418937,skew_63 z=+2.8; log_dvol_63 z=-0.5; up_day_frac_63 z=-1.4,8101.02,SP400,0.00010250837829080282,0.00022022297084436387
745,6,ARE,Alexandria Real Estate Equities Inc,Real Estate,mid,0.7135179,0.2264,0.2289,composite 0.30,0,,0.2967355526146119,log_dvol_63 z=-1.2; days_since_ignition z=-0.5; skew_63 z=+0.8,8091.15,SP500,0.00010238348566077223,0.00021995465886362145
867,6,PB,Prosperity Bancshares Inc,Financial,mid,0.4814741,0.2078,0.2277,composite 0.12,0,,0.1198660739534199,accum_dist_50 z=-2.3; days_since_20pct_dd z=+1.1; vol_dry_10_50 z=+1.2,8063.86,SP400,0.00010203816449830677,0.0002192127911883975
368,5,CNM,Core & Main Inc,Industrials,high,1.1420918,0.2598,0.2573,composite 0.03,0,,0.0324729251373471,mom_12_1 z=-1.1; dist_52w_low z=-1.2; log_dvol_63 z=-0.5,8019.8,SP400,0.00010148063974864651,0.00028224333820034924
868,6,WYNN,Wynn Resorts Ltd,Consumer Cyclical,mid,0.83532643,0.2078,0.2277,composite 0.12,0,,0.1195135377666172,mom_12_1 z=-1.4; log_dvol_63 z=-0.8; up_day_frac_63 z=-1.6,8000.56,SP500,0.00010123718136953931,0.0002174920061447304
809,6,UGI,UGI Corp,Utilities,low,0.025743034,0.2216,0.2127,composite 0.22,0,,0.2209635720029761,dn_vol_63 z=-1.2; dn_up_vol_asym_63 z=-1.3; base_depth_63 z=+0.0,7968.48,SP400,0.00010083124868753519,0.00021661992424582292
628,6,CBSH,Commerce Bancshares Inc,Financial,low,0.33466035,0.2361,0.2373,composite 0.45,0,,0.4466675935877105,dn_vol_63 z=-1.6; pos_in_20d_range z=-1.2; dvol_trend_21_126 z=-0.7,7857.21,SP400,9.942326460004774e-05,0.0002135950940434716
870,6,AOS,A.O. Smith Corp,Industrials,mid,0.76464224,0.2078,0.2277,composite 0.11,0,,0.1143159855365902,skew_63 z=+0.8; mom_12_1 z=-1.0; days_since_20pct_dd z=-0.8,7838.53,SP500,9.918689232760893e-05,0.00021308728575570378
415,6,MGM,MGM Resorts International,Consumer Cyclical,mid,0.8457243,0.2448,0.2357,signatures x1 (+composite),1,time since 20% drawdown bottom 20% AND 12-1m momentum vs own norm top 20%,0.2450692064353878,skew_63 z=-2.0; up_day_frac_63 z=-2.5; log_dvol_63 z=-3.5,7780.07,SP500,9.84471534064755e-05,0.00021149807416561247
471,6,NNN,NNN REIT Inc,Real Estate,low,-0.023429079,0.2384,0.2393,composite 0.71,0,,0.7141037299803843,base_depth_63 z=-2.5; pos_in_20d_range z=-1.5; dvol_trend_21_126 z=+1.4,7775.14,SP400,9.838477036026977e-05,0.00021136405409823052
583,6,PCTY,Paylocity Holding Corp,Technology,low,-0.036050905,0.2384,0.2373,composite 0.49,0,,0.4872103684886928,base_depth_63 z=+0.4; dn_up_vol_asym_63 z=-1.1; higher_low_cadence z=+0.6,7754.81,SP400,9.8127519380683e-05,0.0002108113912240164
163,4,ACM,AECOM,Industrials,mid,0.90391904,0.306,0.3102,signatures x5 (+composite),5,downside vol top 20% AND overnight share of moves bottom 20% AND share of up days 63d top 20%,0.554073772438834,mom_12_1 z=-2.6; days_since_20pct_dd z=-1.1; dist_52w_low z=-1.4,7742.38,SP400,9.797023312016831e-05,0.0014562816376211456
553,6,IDA,Idacorp Inc,Utilities,low,0.023542147,0.2384,0.2393,composite 0.54,0,,0.5440600644836424,higher_low_cadence z=-3.1; base_depth_63 z=-2.3; dn_up_vol_asym_63 z=+1.4,7674.48,SP400,9.711104268662469e-05,0.00020862765247902778
503,6,KNSL,Kinsale Capital Group Inc,Financial,low,-0.15256594,0.2384,0.2393,composite 0.62,0,,0.6243658732723569,dvol_trend_21_126 z=-1.4; dn_vol_63 z=-0.3; base_depth_63 z=-0.3,7663.8,SP400,9.697590050944876e-05,0.00020833732097402991
755,6,THG,Hanover Insurance Group Inc,Financial,low,-0.14605108,0.2235,0.2303,composite 0.37,0,,0.3737871739179449,higher_low_cadence z=-2.0; pullback_duration_21 z=+0.7; days_since_ignition z=-0.1,7661.84,SP400,9.695109913610936e-05,0.00020828403916225128
871,6,ATR,Aptargroup Inc,Healthcare,mid,0.39029717,0.2078,0.2277,composite 0.11,0,,0.1142330358455778,up_day_frac_63 z=-1.8; skew_63 z=+1.0; days_since_20pct_dd z=-0.7,7645.63,SP400,9.674598165558296e-05,0.0002078433768311637
440,6,HQY,Healthequity Inc,Healthcare,mid,0.5383985,0.2418,0.2452,composite 0.66,0,,0.663665396028218,skew_63 z=-1.6; days_since_ignition z=+1.0; accum_dist_50 z=+0.6,7531.23,SP400,9.52983912933239e-05,0.00020473345883755358
125,4,CHRD,Chord Energy Corp,Energy,low,-0.5416049,0.3303,0.3352,signatures x12 (+composite),12,12-1m momentum top 20% AND pullback from 21d high bottom 20% AND 63d RS vs SPY top 20%,0.561599540046747,down_capture_63 z=-1.9; dn_up_vol_asym_63 z=-0.7; higher_low_cadence z=+0.6,7522.6,SP400,9.518918932805909e-05,0.001414942723964573
789,6,NFG,National Fuel Gas Co,Energy,low,-0.17881943,0.2235,0.2215,composite 0.27,0,,0.2725542436700061,days_since_ignition z=-2.3; pullback_duration_21 z=+1.4; dvol_trend_21_126 z=+0.8,7446.78,SP400,9.422978110020522e-05,0.00020243771954943845
602,6,SLAB,Silicon Laboratories Inc,Technology,mid,0.5372547,0.2367,0.2452,composite 0.65,0,,0.6460216197058302,days_since_20pct_dd z=+3.2; mom_12_1 z=+1.5; up_day_frac_63 z=+0.9,7428.1,SP400,9.399340882776642e-05,0.00020192991126167067
523,6,MORN,Morningstar Inc,Financial,low,0.10315816,0.2384,0.2393,composite 0.59,0,,0.5935369803918622,higher_low_cadence z=+1.1; dn_up_vol_asym_63 z=-0.7; dvol_trend_21_126 z=-1.0,7341.03,SP400,9.289164577844915e-05,0.00019956294832719834
123,4,DBX,Dropbox Inc,Technology,low,0.31238642,0.3383,0.3397,signatures x18 (+composite),18,pullback from 21d high bottom 20% AND 63d return top 20% AND 126d Sharpe top 20%,0.5157225850575318,dvol_trend_21_126 z=+1.6; dn_up_vol_asym_63 z=-0.6; higher_low_cadence z=+0.6,7334.34,SP400,9.280699211128557e-05,0.0013795324778776387
392,6,KEX,Kirby Corp,Industrials,mid,0.584301,0.2475,0.2464,composite 0.80,0,,0.8036580813736469,mom_12_1 z=+1.8; skew_63 z=-1.3; up_day_frac_63 z=+0.6,7312.8,SP400,9.25344300797903e-05,0.00019879552712999895
264,5,AVAV,AeroVironment Inc,Industrials,high,2.0052621,0.2805,0.2757,composite 0.40 (+signatures),1,idiosyncratic vol top 20% AND beta top 20%,0.3961084347309799,mom_12_1 z=-2.4; dist_52w_low z=-1.2; days_since_52w_high z=+2.8,7294.8,SP400,9.230666236544883e-05,0.00025672818567843434
791,6,CHWY,Chewy Inc,Consumer Cyclical,mid,0.77736133,0.2227,0.2289,composite 0.28,0,,0.2774949947402355,days_since_ignition z=+1.4; up_day_frac_21 z=-2.5; skew_63 z=-0.7,7290.96,SP400,9.225807191972266e-05,0.00019820181551303702
390,6,MSM,MSC Industrial Direct Co Inc,Industrials,mid,0.6290939,0.2475,0.2464,composite 0.81,0,,0.8082052326173267,days_since_ignition z=-1.7; mom_12_1 z=+1.5; dist_52w_low z=+2.6,7277.89,SP400,9.209268725158695e-05,0.00019784651281918664
78,3,AAON,AAON Inc,Industrials,high,2.0182776,0.3617,0.3728,signatures x8 (+composite),8,corr to SPY top 20% AND idiosyncratic vol top 20% AND skew bottom 20%,0.5796651059320441,mom_12_1 z=-1.2; dist_52w_low z=-1.1; up_gap_freq_21 z=+2.0,7261.69,SP400,9.188769630867962e-05,0.005740350144054791
52,2,ALGM,Allegro Microsystems Inc,Technology,high,2.9510813,0.4081,0.4175,signatures x32 (+composite),32,time since 20% drawdown bottom 20% AND gain off 52w low top 20% AND OBV leading price top 20%,0.8153460546983624,amihud_21 z=-2.2; mom_12_1 z=+0.6; dist_52w_low z=+0.4,7224.94,SP400,9.142267055856581e-05,0.004988732827447917
385,6,APPF,Appfolio Inc,Technology,mid,0.47290933,0.2475,0.2464,composite 0.82,0,,0.8167509360118543,days_since_ignition z=+1.4; up_day_frac_63 z=+0.9; mom_12_1 z=-0.9,7200.71,SP400,9.111606990753839e-05,0.00019574840555741367
328,5,NCLH,Norwegian Cruise Line Holdings Ltd,Consumer Cyclical,high,1.9589802,0.2659,0.2575,composite 0.21 (+signatures),1,idiosyncratic vol top 20% AND beta top 20%,0.2097710003983255,mom_12_1 z=-1.8; dist_52w_low z=-1.4; log_dvol_63 z=-0.2,7183.99,SP500,9.090449900843899e-05,0.00025282841457367105
221,5,CMC,Commercial Metals Co,Industrials,high,1.4203553,0.2896,0.2892,composite 0.56,0,,0.558570762906123,up_day_frac_63 z=+1.0; days_since_52w_high z=+1.4; up_gap_freq_21 z=+1.5,7180.63,SP400,9.086198236842858e-05,0.00025271016503922465
605,6,SSD,Simpson Manufacturing Co Inc,Basic Materials,mid,0.89183444,0.2367,0.2452,composite 0.64,0,,0.6355341394535123,skew_63 z=-0.7; days_since_20pct_dd z=+1.5; days_since_ignition z=+1.0,7173.14,SP400,9.076720569173873e-05,0.00019499892619479278
285,5,AXTA,Axalta Coating Systems Ltd,Basic Materials,high,1.0540162,0.2672,0.2577,composite 0.33,0,,0.3280060425231291,mom_12_1 z=+1.4; log_dvol_63 z=-0.9; dist_52w_low z=+0.7,7148.26,SP400,9.04523800954712e-05,0.00025157095747076343
654,6,MSA,MSA Safety Inc,Industrials,mid,0.77280486,0.2319,0.2368,composite 0.51,0,,0.5079009580689312,skew_63 z=+3.3; up_day_frac_63 z=+1.1; days_since_ignition z=+0.1,7038.61,SP400,8.906489510227447e-05,0.00019134178224653782
715,6,VLY,Valley National Bancorp,Financial,mid,0.889475,0.2264,0.2289,composite 0.37,0,,0.3749948156443117,days_since_20pct_dd z=+2.4; up_day_frac_63 z=-1.7; mom_12_1 z=+0.8,7001.51,SP400,8.85954405354929e-05,0.00019033323366644226
104,4,CLF,Cleveland-Cliffs Inc,Basic Materials,high,2.2274065,0.3442,0.3397,signatures x18 (+composite),18,downside vol top 20% AND net volume flow top 20% AND OBV leading price bottom 20%,0.5348873039374102,amihud_21 z=+0.7; up_gap_freq_21 z=-0.7; dn_vol_63 z=-0.5,6989.12,SP400,8.843866042545454e-05,0.0013145992729794585
629,6,STAG,STAG Industrial Inc,Real Estate,low,0.3480809,0.2361,0.2373,composite 0.45,0,,0.4455252260309491,base_depth_63 z=-2.1; dn_vol_63 z=-0.3; dvol_trend_21_126 z=+0.4,6964.24,SP400,8.8123834829187e-05,0.00018932006370471282
161,4,FLR,Fluor Corp,Industrials,high,1.7919241,0.306,0.3102,signatures x6 (+composite),6,downside vol top 20% AND 20d/60d RV bottom 20% AND skew top 20%,0.5724896097161367,mom_12_1 z=+0.7; amihud_21 z=-0.2; days_since_52w_high z=-0.9,6954.54,SP400,8.800109333868078e-05,0.0013080950431394172
150,4,ENS,Enersys,Industrials,high,1.677997,0.3146,0.3154,signatures x9 (+composite),9,close location in range top 20% AND time since 20% drawdown bottom 20% AND 12-1m momentum top 20%,0.6827525045657125,amihud_21 z=-2.4; dist_52w_low z=+0.4; log_dvol_63 z=+1.8,6942.2,SP400,8.78449459167378e-05,0.0013057739848332834
57,2,DUOL,Duolingo Inc,Technology,mid,0.72161317,0.4007,0.4175,signatures x24 (+composite),24,up minus down capture top 20% AND distance to 52w high bottom 20% AND 126d Sharpe top 20%,0.8168414265838678,days_since_ignition z=+1.2; log_dvol_63 z=-0.5; mom_12_1 z=-1.2,6930.41,SP400,8.769575806384414e-05,0.004785363459720539
360,5,SARO,StandardAero Inc,Industrials,high,1.3076397,0.2598,0.2573,composite 0.08,0,,0.0755672381009642,dist_52w_low z=-1.5; up_day_frac_63 z=-3.6; up_day_frac_21 z=-3.1,6929.46,SP400,8.768373699003167e-05,0.00024387066040621862
69,3,QLYS,Qualys Inc,Technology,low,0.34350613,0.383,0.3931,signatures x50 (+composite),50,close location in range top 20% AND downside/upside vol bottom 20% AND downside vol top 20%,0.5145614285606921,base_depth_63 z=+1.3; dn_vol_63 z=+1.2; down_capture_63 z=-1.9,6916.57,SP400,8.752062999903938e-05,0.005467533535012516
236,5,CELH,Celsius Holdings Inc,Consumer Defensive,high,1.0591584,0.2896,0.2813,signatures x3 (+composite),3,depth below 126d high bottom 20% AND up-capture top 20% AND RS line leading price vs own norm bottom 20%,0.254018954282751,amihud_21 z=+0.4; mom_12_1 z=-1.0; log_dvol_63 z=-0.1,6905.32,SP400,8.737827517757596e-05,0.0002430210938105234
70,3,HIMS,Hims & Hers Health Inc,Healthcare,high,2.6795378,0.3775,0.3945,signatures x38 (+composite),38,accumulation-distribution days top 20% AND depth below 126d high bottom 20% AND 126d Sharpe top 20%,0.5851759020570132,mom_12_1 z=-1.3; days_since_2x_low z=-1.4; log_dvol_63 z=+0.2,6875.75,SP400,8.700410343796057e-05,0.005435265413834069
89,3,PATH,UiPath Inc,Technology,high,1.2107092,0.3542,0.3587,signatures x29 (+composite),29,depth below 126d high bottom 20% AND 63d return top 20% AND dollar volume vs own norm top 20%,0.7666563953794239,log_dvol_63 z=+2.7; up_day_frac_63 z=+1.5; amihud_21 z=-1.9,6827.14,SP400,8.638900407161956e-05,0.005396839314606135
310,5,BROS,Dutch Bros Inc,Consumer Cyclical,high,1.3483902,0.2659,0.2575,composite 0.26,0,,0.2585226632195224,dist_52w_low z=-1.2; dn_vol_63 z=+1.7; mom_6_1 z=-0.8,6824.01,SP400,8.634939779684796e-05,0.0002401595254635484
350,5,VNO,Vornado Realty Trust,Real Estate,high,1.028778,0.2659,0.2575,composite 0.11,0,,0.1057460336547494,up_gap_freq_21 z=+2.8; dn_vol_63 z=-0.9; log_dvol_63 z=-0.5,6817.1,SP400,8.626196030206465e-05,0.0002399163396650292
140,4,NOV,NOV Inc,Energy,mid,0.7969237,0.3201,0.3154,signatures x4 (+composite),4,gain off 52w low top 20% AND dollar volume bottom 20% AND pullback from 21d high bottom 20%,0.6949675930638977,days_since_20pct_dd z=+2.8; mom_12_1 z=+1.8; up_day_frac_63 z=+0.7,6773.09,SP400,8.570506824049979e-05,0.0012739657052424972
739,6,MOS,Mosaic Company,Basic Materials,mid,0.74004924,0.2264,0.2289,composite 0.31,0,,0.3115854325260819,skew_63 z=+0.8; up_day_frac_21 z=-1.9; mom_12_1 z=-0.5,6721.9,SP500,8.505732216843648e-05,0.0001827321482626545
775,6,CHE,Chemed Corp,Healthcare,low,0.035340484,0.2235,0.2215,composite 0.32,0,,0.3211574738645844,dn_vol_63 z=-0.6; base_depth_63 z=+0.0; dvol_trend_21_126 z=-1.0,6663.59,SP400,8.431948131158925e-05,0.00018114701436224015
482,6,PPC,Pilgrim's Pride Corp,Consumer Defensive,low,-0.07472027,0.2384,0.2393,composite 0.69,0,,0.690472880043891,down_capture_63 z=+1.3; dn_vol_63 z=+1.0; days_since_ignition z=-0.5,6640.85,SP400,8.403173476580454e-05,0.0001805288366072166
86,3,MTDR,Matador Resources Co,Energy,low,-0.47776613,0.3595,0.3487,signatures x7 (+composite),7,up minus down capture top 20% AND downside vol top 20% AND 21d return bottom 20%,0.6579135257821837,down_capture_63 z=-1.7; pullback_duration_21 z=+0.4; rs_newhigh_price_not_20 z=-0.2,6547.83,SP400,8.28546818331355e-05,0.005176045367365762
409,6,LNTH,Lantheus Holdings Inc,Healthcare,mid,0.57078624,0.2459,0.2464,composite 0.73,0,,0.7347136916005897,days_since_20pct_dd z=+4.2; mom_12_1 z=+1.8; log_dvol_63 z=+2.5,6526.72,SP400,8.25875609192606e-05,0.000177426258455025
145,4,HXL,Hexcel Corp,Industrials,mid,0.92233396,0.3161,0.322,signatures x6 (+composite),6,time since 20% drawdown bottom 20% AND vol of vol bottom 20% AND 12-1m momentum vs own norm top 20%,0.5541114768438397,days_since_20pct_dd z=-0.9; up_day_frac_63 z=-1.5; mom_12_1 z=+1.1,6504.37,SP400,8.230474934061995e-05,0.0012234215571043853
238,5,TEX,Terex Corp,Industrials,high,1.9442289,0.2895,0.2892,composite 0.49,0,,0.4857467100565923,days_since_ignition z=-2.0; mom_12_1 z=+0.3; clv_21 z=-2.3,6488.81,SP400,8.210785680533368e-05,0.00022836272666996787
854,6,TXNM,TXNM Energy Inc,Utilities,low,0.05323261,0.2104,0.1979,composite 0.01,0,,0.0072769564923303,base_depth_63 z=+0.7; dn_vol_63 z=-1.1; higher_low_cadence z=+1.1,6447.87,SP400,8.158981179282592e-05,0.0001752827529148488
714,6,LAD,Lithia Motors Inc,Consumer Cyclical,mid,0.5979393,0.2264,0.2289,composite 0.38,0,,0.3780922325155247,skew_63 z=+2.6; days_since_20pct_dd z=-0.8; up_day_frac_21 z=-1.7,6430.28,SP400,8.136723212086669e-05,0.0001748045758387334
55,2,CVLT,Commvault Systems Inc,Technology,mid,0.97050804,0.4007,0.4175,signatures x19 (+composite),19,downside vol top 20% AND 126d Sharpe top 20% AND share of up days 63d top 20%,0.9076147816349384,skew_63 z=-1.1; days_since_20pct_dd z=-1.0; days_since_ignition z=+1.2,6423.08,SP400,8.12761250351301e-05,0.004435058291047976
194,5,ST,Sensata Technologies Holding Plc,Technology,high,1.9263331,0.296,0.2971,composite 0.67 (+signatures),1,gain off 52w low top 20% AND beta top 20%,0.6737864223603418,mom_12_1 z=+1.3; dist_52w_low z=+0.3; amihud_21 z=-0.3,6391.93,SP400,8.08819603517003e-05,0.00022495319842676356
863,6,FAF,First American Financial Corp,Financial,mid,0.39269304,0.2078,0.2289,composite 0.14,0,,0.1447396699356385,days_since_20pct_dd z=-1.5; skew_63 z=+1.4; up_day_frac_63 z=-1.6,6361.85,SP400,8.050133519351191e-05,0.00017294433380811506
620,6,UBSI,United Bankshares Inc,Financial,mid,0.5007441,0.2365,0.2429,composite 0.56,0,,0.5585210070092488,up_day_frac_63 z=+1.1; days_since_20pct_dd z=+1.9; log_dvol_63 z=+2.1,6273.95,SP400,7.938906952181111e-05,0.0001705548076574304
271,5,CAVA,Cava Group Inc,Consumer Cyclical,high,1.3988968,0.2805,0.2744,composite 0.37 (+signatures),1,idiosyncratic vol top 20% AND beta top 20%,0.3703976491278173,beta_252 z=-2.0; mom_6_1 z=-1.0; amihud_21 z=-0.2,6148.68,SP400,7.780393276761364e-05,0.00021639242483923832
850,6,INGR,Ingredion Inc,Consumer Defensive,low,0.0980891,0.2111,0.2001,composite 0.09,0,,0.0934994025117054,dn_vol_63 z=-0.4; dvol_trend_21_126 z=-1.0; days_since_ignition z=-2.1,6101.44,SP400,7.720616905508638e-05,0.00016586519268297516
827,6,FNB,F.N.B. Corp,Financial,mid,0.835385,0.2189,0.2289,composite 0.23,0,,0.2263357728083372,days_since_20pct_dd z=+1.9; up_day_frac_21 z=-1.9; up_day_frac_63 z=-1.5,6099.86,SP400,7.718617611127196e-05,0.0001658222410183781
417,6,SFM,Sprouts Farmers Market Inc,Consumer Defensive,low,0.078735724,0.2434,0.2434,composite 0.86,0,,0.8578297271094344,higher_low_cadence z=-1.6; dn_vol_63 z=+0.5; dvol_trend_21_126 z=-0.7,6076.95,SP400,7.689627842596291e-05,0.00016519944188172068
126,4,ELF,e.l.f. Beauty Inc,Consumer Defensive,high,1.7236701,0.3303,0.3352,signatures x10 (+composite),10,time since 20% drawdown bottom 20% AND 126d Sharpe top 20% AND skew top 20%,0.534823421541144,log_dvol_63 z=-0.9; dn_vol_63 z=-1.2; amihud_21 z=+0.2,6065.43,SP400,7.675050708878438e-05,0.0011408603469832822
767,6,SWX,Southwest Gas Holdings Inc,Utilities,low,-0.09728037,0.2235,0.2293,composite 0.35,0,,0.3470392388224595,dn_vol_63 z=-0.9; dn_up_vol_asym_63 z=+1.4; dvol_trend_21_126 z=+1.7,6036.19,SP400,7.638051109059859e-05,0.00016409139767350786
726,6,GATX,GATX Corp,Industrials,mid,0.5873336,0.2264,0.2289,composite 0.35,0,,0.3472990449474212,mom_12_1 z=-1.4; dist_52w_low z=-1.4; days_since_ignition z=+1.0,6032.06,SP400,7.632825105391914e-05,0.0001639791252844029
139,4,LEA,Lear Corp,Consumer Cyclical,high,1.0070429,0.3245,0.325,signatures x2 (+composite),2,downside vol top 20% AND dollar volume bottom 20% AND 12-1m momentum vs own norm top 20%,0.4528472759794674,mom_12_1 z=+1.2; dn_vol_63 z=+1.8; amihud_21 z=+0.1,6017.62,SP400,7.614553073196965e-05,0.0011318676567388527
144,4,ANF,Abercrombie & Fitch Co,Consumer Cyclical,high,1.1080991,0.3161,0.322,signatures x2 (+composite),2,12-1m momentum top 20% AND idiosyncratic vol top 20%,0.5745977287929234,log_dvol_63 z=-0.6; up_gap_freq_21 z=-0.6; dn_vol_63 z=-0.7,5999.8,SP400,7.592004069477161e-05,0.0011285158529288602
320,5,CRUS,Cirrus Logic Inc,Technology,high,1.1507137,0.2659,0.2575,composite 0.25,0,,0.2507139797229758,dist_52w_low z=-1.4; mom_12_1 z=-1.0; mom_6_1 z=-1.5,5957.48,SP400,7.538453349083102e-05,0.00020966346323621744
252,5,M,Macy's Inc,Consumer Cyclical,high,1.1121362,0.2864,0.2855,composite 0.42,0,,0.4247409005163201,dn_vol_63 z=-0.8; beta_252 z=-2.0; idio_vol_63 z=-1.2,5866.03,SP400,7.422734696435733e-05,0.00020644503468707383
160,4,WEX,WEX Inc,Technology,mid,0.4213701,0.306,0.3102,signatures x7 (+composite),7,overnight share of moves bottom 20% AND pullback from 21d high bottom 20% AND 63d RS vs SPY top 20%,0.5750525033839704,skew_63 z=+1.2; log_dvol_63 z=+1.9; mom_12_1 z=+1.1,5844.32,SP400,7.39526337933377e-05,0.001099271270640554
476,6,HR,Healthcare Realty Trust Inc,Real Estate,low,0.12390096,0.2384,0.2393,composite 0.71,0,,0.7052278346873896,dn_vol_63 z=-0.7; dn_up_vol_asym_63 z=+1.3; base_depth_63 z=-2.0,5839.94,SP400,7.389721031618129e-05,0.00015875642034618285
637,6,HWC,Hancock Whitney Corp,Financial,mid,0.68035233,0.2319,0.239,composite 0.55,0,,0.5469061650472624,days_since_20pct_dd z=+1.9; log_dvol_63 z=+1.5; vol_cv_20 z=-1.2,5833.82,SP400,7.381976929330518e-05,0.00015859005060736385
189,4,WFRD,Weatherford International plc,Energy,high,1.2196574,0.3028,0.2917,signatures x4 (+composite),4,time since 20% drawdown bottom 20% AND 12-1m momentum top 20% AND vol of vol bottom 20%,0.0682602193045086,up_gap_freq_21 z=-1.5; up_day_frac_63 z=-2.0; amihud_21 z=+0.0,5810.71,SP400,7.352734085561457e-05,0.0010929494902783856
382,6,CROX,Crocs Inc,Consumer Cyclical,mid,0.94961315,0.2475,0.2464,composite 0.84,0,,0.8375807345572184,log_dvol_63 z=-0.7; days_since_ignition z=-0.9; mom_12_1 z=+1.3,5763.96,SP400,7.293577748642217e-05,0.0001566909346018254
127,4,LSTR,Landstar System Inc,Industrials,mid,0.7344322,0.3288,0.3256,signatures x13 (+composite),13,depth below 126d high bottom 20% AND dollar volume bottom 20% AND 12-1m momentum top 20%,0.6466984137756815,mom_12_1 z=+2.0; days_since_20pct_dd z=-0.9; dist_52w_low z=+1.0,5737.04,SP400,7.259513821586262e-05,0.001079092734572317
660,6,ORA,Ormat Technologies Inc,Utilities,mid,0.89578223,0.2319,0.2345,composite 0.49,0,,0.4923931362901128,days_since_20pct_dd z=-0.9; accum_dist_50 z=-2.4; log_dvol_63 z=+1.5,5723.52,SP400,7.242405935486836e-05,0.0001555915894649234
831,6,HOMB,Home Bancshares Inc,Financial,mid,0.4130114,0.2175,0.2289,composite 0.22,0,,0.2206650302954894,skew_63 z=+1.2; log_dvol_63 z=+2.0; days_since_20pct_dd z=+1.8,5711.42,SP400,7.227094883578327e-05,0.00015526265583098384
96,3,VAL,Valaris Ltd,Energy,mid,0.6165229,0.3515,0.3393,signatures x28 (+composite),28,depth below 126d high bottom 20% AND up minus down capture top 20% AND dollar-volume trend top 20%,0.6196436179638868,days_since_ignition z=-1.1; log_dvol_63 z=+1.6; up_day_frac_21 z=-1.8,5693.74,SP400,7.204723032525232e-05,0.004500889080807708
112,4,PEGA,Pegasystems Inc,Technology,mid,0.7341937,0.3405,0.3347,signatures x6 (+composite),6,up minus down capture top 20% AND downside vol top 20% AND dollar volume bottom 20%,0.7344780390693044,mom_12_1 z=-1.8; skew_63 z=-1.2; days_since_ignition z=+1.2,5688.41,SP400,7.197978577428343e-05,0.0010699458086867993
79,3,VFC,VF Corp,Consumer Cyclical,high,1.7412883,0.3617,0.3728,signatures x8 (+composite),8,corr to SPY top 20% AND idiosyncratic vol top 20% AND rvROC21>+20%,0.4918380844299811,log_dvol_63 z=-0.5; dist_52w_low z=-1.1; up_day_frac_63 z=+0.6,5680.79,SP400,7.188336410854555e-05,0.00449065213398603
843,6,GBCI,Glacier Bancorp Inc,Financial,mid,0.8065623,0.2137,0.2289,composite 0.18,0,,0.1832829979526508,up_day_frac_63 z=-1.9; days_since_20pct_dd z=-0.9; up_day_frac_21 z=-2.3,5674.63,SP400,7.180541693519314e-05,0.0001542625344762206
111,4,NOVT,Novanta Inc,Technology,high,1.92738,0.3405,0.3347,signatures x7 (+composite),7,downside vol top 20% AND dollar volume bottom 20% AND 12-1m momentum vs own norm top 20%,0.7571886484739623,mom_12_1 z=+2.1; dist_52w_low z=+0.9; days_since_52w_high z=-1.3,5638.63,SP400,7.134988150651023e-05,0.0010605825767192672
513,6,G,Genpact Ltd,Technology,low,0.14757447,0.2384,0.2393,composite 0.60,0,,0.6002916043500154,higher_low_cadence z=+1.0; dvol_trend_21_126 z=-1.2; down_capture_63 z=-1.2,5620.75,SP400,7.11236322435977e-05,0.00015279782834426507
419,6,MTG,MGIC Investment Corp,Financial,low,0.15521204,0.2432,0.2434,composite 0.85,0,,0.8500341958709425,dn_vol_63 z=+1.1; base_depth_63 z=-2.1; dn_up_vol_asym_63 z=+1.3,5612.22,SP400,7.101569565452367e-05,0.00015256594372463662
413,6,ACI,Albertsons Companies Inc,Consumer Defensive,low,-0.19048299,0.2448,0.255,composite 0.89,0,,0.8909189294813501,dn_vol_63 z=+3.1; dn_up_vol_asym_63 z=+2.1; down_capture_63 z=+2.3,5571.54,SP400,7.050094062011197e-05,0.00015146007428425148
444,6,ESNT,Essent Group Ltd,Financial,low,0.042262606,0.2384,0.2434,composite 0.82,0,,0.8243196524797642,dn_vol_63 z=+1.3; down_capture_63 z=+0.9; dvol_trend_21_126 z=+1.1,5562.46,SP400,7.038604446198862e-05,0.00015121323813580763
422,6,DLB,Dolby Laboratories Inc,Industrials,mid,0.60330427,0.2419,0.2464,composite 0.70,0,,0.7023482303437512,up_day_frac_63 z=+2.0; skew_63 z=+1.3; log_dvol_63 z=+2.0,5475.88,SP400,6.929048175600619e-05,0.00014885959565428
651,6,ASB,Associated Banc-Corp,Financial,mid,0.81650513,0.2319,0.2368,composite 0.51,0,,0.5117562334807576,days_since_20pct_dd z=+1.9; dist_52w_low z=-1.2; up_day_frac_63 z=+0.2,5457.76,SP400,6.906119559023579e-05,0.0001483670107413061
699,6,CHDN,Churchill Downs Inc,Consumer Cyclical,mid,0.51382136,0.2276,0.2338,composite 0.42,0,,0.4151575478563161,skew_63 z=-0.4; dist_52w_low z=-1.3; days_since_ignition z=+0.9,5451.26,SP400,6.897894613783471e-05,0.0001481903108553055
110,4,MUR,Murphy Oil Corp,Energy,low,-0.55136496,0.3437,0.3408,signatures x15 (+composite),15,corr to SPY bottom 20% AND downside vol top 20% AND 63d return top 20%,0.5179453166687961,base_depth_63 z=+0.7; down_capture_63 z=-1.9; higher_low_cadence z=+0.8,5418.37,SP400,6.856276390868522e-05,0.0010191533787849841
465,6,RYN,Rayonier Inc,Real Estate,low,0.28459033,0.2384,0.2393,composite 0.73,0,,0.7281390682188836,dn_up_vol_asym_63 z=+1.1; down_capture_63 z=+0.7; dn_vol_63 z=+0.6,5412.12,SP400,6.84836778967611e-05,0.0001471263056956036
804,6,BKH,Black Hills Corp,Utilities,low,0.08679631,0.2216,0.2179,composite 0.25,0,,0.2479783100475735,dn_vol_63 z=-0.6; rs_newhigh_price_not_20 z=-0.2; base_depth_63 z=-0.4,5394.15,SP400,6.825628979527688e-05,0.0001466377984723066
649,6,WH,Wyndham Hotels & Resorts Inc,Consumer Cyclical,mid,0.5461321,0.2319,0.2368,composite 0.52,0,,0.5155813453685794,skew_63 z=-0.9; days_since_20pct_dd z=-0.9; mom_12_1 z=-1.0,5391.44,SP400,6.822199810050658e-05,0.00014656412821214328
564,6,EXLS,ExlService Holdings Inc,Technology,low,-0.011443688,0.2384,0.2373,composite 0.52,0,,0.518535289387255,dn_up_vol_asym_63 z=-1.8; down_capture_63 z=-1.8; base_depth_63 z=+0.1,5368.6,SP400,6.79329861785311e-05,0.00014594323199733513
289,5,GXO,GXO Logistics Inc,Industrials,high,1.5222228,0.2659,0.2575,composite 0.32,0,,0.319034323635735,dist_52w_low z=-1.0; up_gap_freq_21 z=+1.7; max_up_streak_21 z=-1.6,5321.36,SP400,6.733522246600383e-05,0.00018727629244692017
366,5,EXP,Eagle Materials Inc,Basic Materials,high,1.0949023,0.2598,0.2573,composite 0.04,0,,0.0442254071563315,mom_12_1 z=-1.0; dist_52w_low z=-1.2; up_day_frac_63 z=-1.8,5262.04,SP400,6.658460130962965e-05,0.00018518862507092018
533,6,NJR,New Jersey Resources Corp,Utilities,low,-0.4084284,0.2384,0.2393,composite 0.58,0,,0.580991605101573,base_depth_63 z=-2.5; dn_up_vol_asym_63 z=+1.6; higher_low_cadence z=-2.2,5230.67,SP400,6.618765279858012e-05,0.00014219366041640297
839,6,AN,Autonation Inc,Consumer Cyclical,mid,0.52495295,0.2137,0.2289,composite 0.20,0,,0.1952145569166845,skew_63 z=-2.3; days_since_20pct_dd z=-1.1; mom_12_1 z=-1.6,5228.24,SP400,6.615690415714402e-05,0.0001421276018436366
97,4,HRB,H&R Block Inc,Consumer Cyclical,low,-0.21136889,0.3486,0.3487,signatures x15 (+composite),15,time since 20% drawdown bottom 20% AND gain off 52w low top 20% AND OBV leading price top 20%,0.7077511893399069,dn_vol_63 z=+1.4; base_depth_63 z=-1.9; higher_low_cadence z=+0.6,5221.88,SP400,6.607642623141004e-05,0.0009821951335198102
515,6,SAIC,Science Applications International Corp,Technology,low,0.17873687,0.2384,0.2393,composite 0.60,0,,0.5986513298811788,dn_vol_63 z=-1.0; higher_low_cadence z=+1.0; pos_in_20d_range z=-1.7,5220.03,SP400,6.60530167718805e-05,0.00014190441629531895
379,5,OLLI,Ollies Bargain Outlet Holdings Inc,Consumer Defensive,mid,0.8747062,0.2504,0.2486,composite 0.86,0,,0.8577299685922306,mom_12_1 z=-2.2; days_since_20pct_dd z=-1.3; up_day_frac_63 z=+1.9,5212.56,SP400,6.59584931704288e-05,0.0001834472599029418
312,5,SHC,Sotera Health Co,Healthcare,high,0.9801087,0.2659,0.2575,composite 0.26,0,,0.2563769662625791,dn_vol_63 z=-1.0; log_dvol_63 z=+1.6; idio_vol_63 z=-0.8,5208.09,SP400,6.590193085470067e-05,0.0001832899457901515
449,6,POR,Portland General Electric Co,Utilities,low,-0.023272343,0.2384,0.2434,composite 0.80,0,,0.8047791547983195,base_depth_63 z=-2.6; dn_up_vol_asym_63 z=+2.0; dn_vol_63 z=+1.1,5206.49,SP400,6.588168483564809e-05,0.00014153633684048082
436,6,MTN,Vail Resorts Inc,Consumer Cyclical,mid,0.46993256,0.2418,0.2452,composite 0.67,0,,0.6692833523740578,days_since_20pct_dd z=+2.0; dist_52w_low z=+1.7; days_since_ignition z=-0.6,5174.25,SP400,6.547372755173872e-05,0.000140659905405918
462,6,RLI,RLI Corp,Financial,low,-0.40220228,0.2384,0.2393,composite 0.73,0,,0.7341966225001315,dn_vol_63 z=+1.7; base_depth_63 z=-1.7; dvol_trend_21_126 z=-0.6,5142.96,SP400,6.507779134164182e-05,0.00013980929933930908
887,6,BYD,Boyd Gaming Corp,Consumer Cyclical,mid,0.5696552,0.17,0.176,composite 0.06,0,,0.0577801154508881,days_since_20pct_dd z=-1.2; up_day_frac_63 z=-1.9; mom_12_1 z=-1.3,5115.66,SP400,6.473234364155727e-05,0.00013906715981810665
561,6,SIGI,Selective Insurance Group Inc,Financial,low,-0.049969222,0.2384,0.2373,composite 0.53,0,,0.5255398062484499,dn_vol_63 z=-0.6; higher_low_cadence z=-2.1; streak_now z=-0.9,5052.66,SP400,6.393515664136216e-05,0.0001373545301537934
293,5,FND,Floor & Decor Holdings Inc,Consumer Cyclical,high,1.6344223,0.2659,0.2575,composite 0.31 (+signatures),1,depth below 126d high bottom 20% AND up-capture top 20%,0.3077684751647789,amihud_21 z=+0.8; log_dvol_63 z=-1.6; mom_12_1 z=-0.9,5000.77,SP400,6.327855293596337e-05,0.00017599366796829853
435,6,CNO,CNO Financial Group Inc,Financial,mid,0.40434885,0.2418,0.2452,composite 0.67,0,,0.6725523242880466,log_dvol_63 z=+2.3; mom_12_1 z=+1.2; days_since_ignition z=+0.2,4999.86,SP400,6.326703801262721e-05,0.00013591918338751183
84,3,DOCS,Doximity Inc,Healthcare,mid,0.67555815,0.3602,0.3663,signatures x41 (+composite),41,downside/upside vol bottom 20% AND downside vol top 20% AND dollar volume bottom 20%,0.6987267222429596,mom_12_1 z=-1.2; skew_63 z=+0.9; up_day_frac_21 z=+0.6,4953.46,SP400,6.267990346010256e-05,0.003915699351606808
679,6,CNX,CNX Resources Corp,Energy,low,-0.01561369,0.2314,0.236,composite 0.42,0,,0.4179129996918613,dn_vol_63 z=-0.4; higher_low_cadence z=+0.6; pullback_duration_21 z=+1.4,4917.64,SP400,6.222664570856306e-05,0.00013368406575259382
696,6,GHC,Graham Holdings Co,Industrials,mid,0.45606372,0.2276,0.2338,composite 0.43,0,,0.4276716398776869,mom_12_1 z=-1.9; up_day_frac_21 z=+0.1; log_dvol_63 z=+1.4,4902.65,SP400,6.203696581756424e-05,0.00013327656863087865
518,6,SBRA,Sabra Healthcare REIT Inc,Real Estate,low,-0.20630385,0.2384,0.2393,composite 0.60,0,,0.5960960340305282,dn_up_vol_asym_63 z=-1.3; base_depth_63 z=-2.4; pos_in_20d_range z=-1.6,4884.44,SP400,6.180654081322214e-05,0.00013278153710409856
707,6,OZK,Bank OZK,Financial,mid,0.6547635,0.2268,0.2338,composite 0.39,0,,0.3944333216449677,days_since_20pct_dd z=+2.4; dist_52w_low z=-1.9; vol_dry_10_50 z=+1.4,4866.62,SP400,6.15810507760241e-05,0.00013229710757047854
885,6,NXST,Nexstar Media Group Inc,Communication Services,mid,0.5107027,0.1824,0.1864,composite 0.07,0,,0.0683920202397245,days_since_20pct_dd z=-1.0; days_since_ignition z=+1.2; dist_52w_low z=-1.6,4848.0,SP400,6.134543772929976e-05,0.00013179093035858153
464,6,KRG,Kite Realty Group Trust,Real Estate,low,0.09913464,0.2384,0.2393,composite 0.73,0,,0.7337419301502364,dn_up_vol_asym_63 z=+2.0; base_depth_63 z=-2.5; dn_vol_63 z=-0.6,4834.37,SP400,6.117296695449566e-05,0.00013142040428993723
841,6,FLG,Flagstar Bank NA,Financial,mid,0.8365634,0.2137,0.2289,composite 0.19,0,,0.1850004336006575,log_dvol_63 z=-0.7; up_day_frac_63 z=-1.7; dist_52w_low z=-1.6,4798.47,SP400,6.071869690200352e-05,0.00013044447722725716
302,5,MIDD,Middleby Corp,Industrials,high,1.0898496,0.2659,0.2575,composite 0.28,0,,0.275404525879886,amihud_21 z=+0.7; log_dvol_63 z=-0.6; up_day_frac_63 z=-1.1,4789.95,SP400,6.061088685054856e-05,0.0001685742135480639
893,6,STWD,Starwood Property Trust Inc,Real Estate,mid,0.38108316,0.17,0.176,composite 0.01,0,,0.0089736483913415,days_since_20pct_dd z=-2.7; mom_12_1 z=-1.8; up_day_frac_63 z=-2.7,4786.28,SP400,6.0564447544346714e-05,0.00013011309697951145
246,5,HLNE,Hamilton Lane Inc,Financial,high,1.1558217,0.2882,0.2814,signatures x2 (+composite),2,63d return top 20% AND pullback from 21d high bottom 20%,0.1399043267171212,mom_12_1 z=-1.0; beta_252 z=-1.5; amihud_21 z=-0.5,4773.56,SP400,6.040349169287876e-05,0.00016799739513449953
432,6,SON,Sonoco Products Co,Consumer Cyclical,mid,0.43393758,0.2418,0.2452,composite 0.68,0,,0.6831943926008875,mom_12_1 z=+1.9; days_since_20pct_dd z=-0.7; accum_dist_50 z=-1.8,4747.97,SP400,6.007968192565665e-05,0.00012907165503602192
20,1,SYNA,Synaptics Inc,Technology,high,2.5037427,0.4616,0.4909,signatures x38 (+composite),38,corr to SPY top 20% AND downside vol top 20% AND distance to 52w high vs own norm top 20%,0.9255901606078598,dist_52w_low z=+1.6; mom_12_1 z=+1.2; days_since_2x_low z=-1.9,4739.95,SP400,5.997819875515562e-05,0.0008175089878601964
568,6,HAE,Haemonetics Corp,Healthcare,low,0.08155208,0.2384,0.2373,composite 0.51,0,,0.5095391448777592,base_depth_63 z=+0.7; dn_up_vol_asym_63 z=-1.7; dn_vol_63 z=-1.1,4709.85,SP400,5.959732052172907e-05,0.00012803537816612318
256,5,FBIN,Fortune Brands Innovations Inc,Industrials,high,1.5497831,0.2864,0.2855,composite 0.42,0,,0.4192019209812336,amihud_21 z=-0.1; up_day_frac_63 z=+0.4; mom_6_1 z=+1.1,4697.27,SP400,5.943813619692821e-05,0.0001653124972229176
331,5,LPX,Louisiana-Pacific Corp,Industrials,high,1.1497844,0.2659,0.2575,composite 0.19,0,,0.1886372005982398,mom_12_1 z=-1.1; up_gap_freq_21 z=+2.6; dist_52w_low z=-0.9,4677.18,SP400,5.918392212019932e-05,0.00016460546354820689
217,5,OPCH,Option Care Health Inc,Healthcare,low,0.08594566,0.2939,0.2824,signatures x1 (+composite),1,gain off 52w low top 20% AND idiosyncratic vol top 20%,0.4026864426523971,base_depth_63 z=+1.2; dn_up_vol_asym_63 z=-2.8; dn_vol_63 z=-0.6,4643.34,SP400,5.875571881723738e-05,0.00016341452180842537
603,6,CHH,Choice Hotels International Inc,Consumer Cyclical,mid,0.41876686,0.2367,0.2452,composite 0.65,0,,0.6457218696860354,days_since_20pct_dd z=-0.9; up_day_frac_21 z=+0.7; skew_63 z=-0.4,4638.59,SP400,5.869561344817504e-05,0.00012609820372359997
816,6,SR,Spire Inc,Utilities,low,-0.14071374,0.2203,0.2127,composite 0.18,0,,0.1847422533200056,dn_vol_63 z=-0.5; rs_newhigh_price_not_20 z=-0.3; base_depth_63 z=-0.3,4621.16,SP400,5.847505837812106e-05,0.00012562437618313997
772,6,OGS,ONE Gas Inc,Utilities,low,-0.2194326,0.2235,0.2293,composite 0.34,0,,0.3386293092434069,rs_newhigh_price_not_20 z=-0.3; dn_up_vol_asym_63 z=+0.7; days_since_ignition z=+0.1,4597.94,SP400,5.8181238026620574e-05,0.00012499314982115022
731,6,FFIN,First Financial Bankshares Inc,Financial,mid,0.5239306,0.2264,0.2289,composite 0.34,0,,0.337712699974738,log_dvol_63 z=+1.6; vol_dry_10_50 z=+0.9; days_since_20pct_dd z=+0.6,4575.01,SP400,5.789108726607338e-05,0.0001243698069925359
309,5,TREX,TREX Co Inc,Industrials,high,1.4767288,0.2659,0.2575,composite 0.27,0,,0.2663783190662648,dist_52w_low z=+0.4; dn_vol_63 z=-0.5; log_dvol_63 z=+0.1,4569.67,SP400,5.782351617748541e-05,0.00016082183037906058
674,6,CUZ,Cousins Properties Inc,Real Estate,mid,0.5795686,0.2319,0.2345,composite 0.44,0,,0.4432963453120228,up_day_frac_21 z=+0.1; accum_dist_50 z=-1.5; skew_63 z=-0.3,4552.89,SP400,5.761118605267154e-05,0.00012376848368817703
732,6,MAT,Mattel Inc,Consumer Cyclical,mid,0.6608768,0.2264,0.2289,composite 0.34,0,,0.3365872234853198,skew_63 z=+1.6; days_since_ignition z=-1.6; mom_12_1 z=-1.4,4551.2,SP400,5.758980119504726e-05,0.00012372254171781686
872,6,GNTX,Gentex Corp,Consumer Cyclical,mid,0.738401,0.2078,0.2277,composite 0.11,0,,0.1125646159240784,up_day_frac_63 z=-1.5; accum_dist_50 z=-2.6; days_since_ignition z=+1.0,4540.22,SP400,5.745086288929897e-05,0.00012342405483346515
60,2,PSN,Parsons Corp,Technology,high,1.2727121,0.4002,0.4202,signatures x10 (+composite),10,accumulation-distribution days bottom 20% AND corr to SPY top 20% AND idiosyncratic vol top 20%,0.2210518800213442,mom_12_1 z=-1.5; amihud_21 z=+1.1; dn_vol_63 z=+2.9,4496.51,SP400,5.689776695630646e-05,0.003104785236409968
218,5,ESAB,ESAB Corp,Industrials,high,1.7161044,0.2939,0.2824,signatures x1 (+composite),1,depth below 126d high bottom 20% AND up-capture top 20%,0.4018108780447477,mom_12_1 z=-1.8; mom_6_1 z=-1.4; beta_252 z=+3.6,4465.51,SP400,5.6505500337162837e-05,0.00015715609481122244
263,5,ALK,Alaska Air Group Inc,Industrials,high,2.2218611,0.2805,0.2757,composite 0.40 (+signatures),1,depth below 126d high bottom 20% AND up-capture top 20%,0.3961478915051444,log_dvol_63 z=-0.1; amihud_21 z=-0.3; idio_vol_63 z=-0.5,4451.85,SP400,5.633264994950148e-05,0.00015667535414439575
339,5,VNT,Vontier Corp,Technology,high,1.0355477,0.2659,0.2575,composite 0.15,0,,0.1500390809953628,mom_12_1 z=-1.2; dn_vol_63 z=-0.7; beta_252 z=-1.0,4439.97,SP400,5.618232325803612e-05,0.00015625725757617456
292,5,BDC,Belden Inc,Technology,high,1.4963831,0.2659,0.2575,composite 0.31,0,,0.3128151844698136,dist_52w_low z=-1.2; up_gap_freq_21 z=+2.2; log_dvol_63 z=+1.7,4424.05,SP400,5.598087536846301e-05,0.00015569698002010712
662,6,KBR,KBR Inc,Industrials,mid,0.63810843,0.2319,0.2345,composite 0.47,0,,0.4719686600985593,log_dvol_63 z=-1.6; up_day_frac_63 z=+0.8; up_day_frac_21 z=+1.2,4363.21,SP400,5.521102049398887e-05,0.00011861210916870182
434,6,GEF,Greif Inc,Consumer Cyclical,mid,0.4333977,0.2418,0.2452,composite 0.67,0,,0.6747240980163713,mom_12_1 z=+2.5; log_dvol_63 z=+3.1; days_since_ignition z=-0.9,4357.8,SP400,5.5142563642067354e-05,0.00011846504049435366
736,6,UFPI,UFP Industries Inc,Basic Materials,mid,0.700396,0.2264,0.2289,composite 0.33,0,,0.3277323439697459,log_dvol_63 z=+0.2; days_since_20pct_dd z=-0.8; mom_12_1 z=-0.6,4357.75,SP400,5.514193095397196e-05,0.00011846368126446134
881,6,IBOC,International Bancshares Corp,Financial,mid,0.39836013,0.1962,0.2026,composite 0.08,0,,0.0789511388615531,up_day_frac_63 z=-2.1; dist_52w_low z=-1.6; up_day_frac_21 z=-2.2,4287.48,SP400,5.425275110470671e-05,0.00011655341957380591
437,6,BCO,Brink's Co,Industrials,mid,0.768371,0.2418,0.2452,composite 0.67,0,,0.6654695518077377,mom_12_1 z=-1.3; days_since_ignition z=+1.1; days_since_20pct_dd z=-0.9,4263.13,SP400,5.3944632002250356e-05,0.00011589147461624993
369,5,SLM,SLM Corp,Financial,high,0.9879715,0.2598,0.2573,composite 0.03,0,,0.0257464845893113,up_day_frac_63 z=-2.6; amihud_21 z=+0.2; up_gap_freq_21 z=-0.4,4243.84,SP400,5.3700540935047756e-05,0.00014935479293600465
781,6,NWE,NorthWestern Energy Group Inc,Utilities,low,0.099520646,0.2235,0.2215,composite 0.30,0,,0.2994506113921101,dn_vol_63 z=-0.7; base_depth_63 z=-0.3; higher_low_cadence z=-1.4,4239.81,SP400,5.364954627455909e-05,0.00011525752979447557
554,6,EPR,EPR Properties,Real Estate,low,0.1363072,0.2384,0.2393,composite 0.54,0,,0.5429083024568417,dn_vol_63 z=-0.5; pos_in_20d_range z=-1.6; dvol_trend_21_126 z=+1.0,4234.18,SP400,5.3578305595017845e-05,0.00011510448050860123
862,6,FHI,Federated Hermes Inc,Financial,mid,0.6713792,0.2078,0.2289,composite 0.16,0,,0.1552686250334626,skew_63 z=+3.1; up_day_frac_63 z=-2.1; up_day_frac_21 z=-2.4,4222.79,SP400,5.343417924688733e-05,0.00011479484793913251
347,5,BC,Brunswick Corp,Consumer Cyclical,high,1.3607452,0.2659,0.2575,composite 0.12,0,,0.1158732723569597,dn_vol_63 z=-0.9; up_gap_freq_21 z=-0.5; idio_vol_63 z=-1.5,4210.54,SP400,5.327917066351606e-05,0.00014818285558568773
207,5,LIVN,LivaNova PLC,Healthcare,high,0.98120993,0.2947,0.2968,composite 0.58,0,,0.5849278880479795,mom_12_1 z=+1.3; up_day_frac_63 z=+1.0; days_since_2x_low z=-1.7,4128.16,SP400,5.223675375754664e-05,0.00014528363039292174
815,6,LOPE,Grand Canyon Education Inc,Consumer Defensive,low,0.019595252,0.2216,0.2127,composite 0.19,0,,0.1863261609686074,base_depth_63 z=+1.0; pos_in_20d_range z=+1.0; dn_vol_63 z=+0.8,4054.42,SP400,5.1303665354461136e-05,0.00011021777719976074
795,6,TCBI,Texas Capital Bancshares Inc,Financial,mid,0.88505954,0.2227,0.2289,composite 0.24,0,,0.2436779138906798,days_since_20pct_dd z=+1.9; days_since_ignition z=+1.1; up_day_frac_63 z=-1.4,4041.81,SP400,5.114410141680303e-05,0.00010987497942091962
675,6,KRC,Kilroy Realty Corp,Real Estate,mid,0.660369,0.2315,0.2345,composite 0.43,0,,0.4338495066378605,mom_12_1 z=-1.1; days_since_20pct_dd z=+1.3; log_dvol_63 z=+0.3,3981.3,SP400,5.0378422283758496e-05,0.00010823003940524353
612,6,CBT,Cabot Corp,Basic Materials,mid,0.5768852,0.2365,0.2429,composite 0.59,0,,0.5912258079111382,skew_63 z=-2.2; days_since_ignition z=+1.4; up_day_frac_21 z=-1.9,3981.27,SP400,5.0378042670901254e-05,0.00010822922386730814
717,6,CAR,Avis Budget Group Inc,Industrials,mid,0.7289167,0.2264,0.2289,composite 0.37,0,,0.3685511328288484,log_dvol_63 z=-1.5; days_since_ignition z=-0.5; up_day_frac_21 z=-2.1,3979.44,SP400,5.035488628660988e-05,0.00010817947605324951
751,6,VVV,Valvoline Inc,Consumer Cyclical,mid,0.6982587,0.2264,0.2289,composite 0.28,0,,0.2826058268387496,days_since_ignition z=-1.3; vol_dry_10_50 z=+1.3; log_dvol_63 z=+1.5,3938.59,SP400,4.983798011267384e-05,0.00010706898523123053
647,6,TNL,Travel+Leisure Co,Consumer Cyclical,mid,0.8432568,0.2319,0.2368,composite 0.52,0,,0.5248490881189649,days_since_20pct_dd z=-1.3; days_since_ignition z=+1.1; dist_52w_low z=-1.4,3844.85,SP400,4.8651816471431146e-05,0.00010452070102912378
232,5,AVNT,Avient Corp,Basic Materials,high,1.1518596,0.2896,0.2892,composite 0.50,0,,0.497595015669976,mom_12_1 z=+1.5; amihud_21 z=-3.5; dist_52w_low z=+0.9,3805.44,SP400,4.815313171464243e-05,0.00013392604415585639
486,6,FCN,FTI Consulting Inc,Industrials,low,-0.250343,0.2384,0.2393,composite 0.68,0,,0.6759415137873241,base_depth_63 z=-1.9; higher_low_cadence z=-1.9; days_since_ignition z=-1.6,3799.63,SP400,4.807961335795777e-05,0.00010329141351451673
156,4,BILL,BILL Holdings Inc,Technology,high,1.5001311,0.3096,0.3102,signatures x7 (+composite),7,beta top 20% AND pullback from 21d high bottom 20% AND 63d RS vs SPY top 20%,0.4263605071510705,amihud_21 z=+0.7; log_dvol_63 z=-0.6; dn_vol_63 z=-0.7,3748.76,SP400,4.743591648970499e-05,0.0007051126852271066
219,5,NVST,Envista Holdings Corp,Healthcare,high,1.1905657,0.2921,0.2841,signatures x4 (+composite),4,time since 20% drawdown bottom 20% AND vol of vol bottom 20% AND 12-1m momentum vs own norm top 20%,0.3672373494066452,mom_12_1 z=+1.2; dn_vol_63 z=-0.9; amihud_21 z=-1.8,3737.58,SP400,4.7294447431575126e-05,0.00013153782587980515
632,6,SLGN,Silgan Holdings Inc,Consumer Cyclical,mid,0.5376249,0.2352,0.2429,composite 0.55,0,,0.5486914686242793,skew_63 z=-0.6; dist_52w_low z=-1.4; days_since_ignition z=+1.0,3721.06,SP400,4.70854072848573e-05,0.00010115551966173749
335,5,OLED,Universal Display Corp,Technology,high,1.4111435,0.2659,0.2575,composite 0.17,0,,0.1701300946211022,mom_12_1 z=-1.3; amihud_21 z=+1.3; log_dvol_63 z=-0.5,3661.71,SP400,4.633440651562588e-05,0.00012886770916002902
266,5,BBWI,Bath & Body Works Inc,Consumer Cyclical,high,1.4216566,0.2805,0.2744,composite 0.39 (+signatures),1,idiosyncratic vol top 20% AND beta top 20%,0.3917268539047175,amihud_21 z=+1.1; log_dvol_63 z=-0.8; days_since_ignition z=-1.9,3615.5,SP400,4.574967617786372e-05,0.0001272414261282529
318,5,PVH,PVH Corp,Consumer Cyclical,high,1.2317942,0.2659,0.2575,composite 0.25,0,,0.2540490165868763,amihud_21 z=+0.2; log_dvol_63 z=-0.5; beta_252 z=-1.8,3608.44,SP400,4.566034061879424e-05,0.0001269929613326602
536,6,IRT,Independence Realty Trust Inc,Real Estate,low,0.1504017,0.2384,0.2393,composite 0.58,0,,0.5786335931217448,dvol_trend_21_126 z=+2.3; dn_up_vol_asym_63 z=+1.2; days_since_ignition z=+1.2,3560.04,SP400,4.5047898542453866e-05,9.67782557165356e-05
108,4,IPGP,IPG Photonics Corp,Technology,high,2.0352871,0.3437,0.3408,signatures x7 (+composite),7,depth below 126d high bottom 20% AND up-capture top 20% AND RS line leading price vs own norm bottom 20%,0.5825322981879946,mom_6_1 z=-1.3; beta_252 z=+2.2; up_gap_freq_21 z=+1.6,3559.72,SP400,4.504384933864335e-05,0.0006695557271888934
367,5,THO,Thor Industries Inc,Consumer Cyclical,high,1.0068886,0.2598,0.2573,composite 0.03,0,,0.0335889881779988,mom_12_1 z=-1.5; dist_52w_low z=-1.4; log_dvol_63 z=-0.6,3490.68,SP400,4.417023361652477e-05,0.00012284859669682474
639,6,EXPO,Exponent Inc,Industrials,mid,0.41182378,0.2319,0.237,composite 0.54,0,,0.5435957182877675,days_since_ignition z=-1.7; up_day_frac_63 z=+0.6; pullback_vol_21 z=-1.9,3289.23,SP400,4.162113328018661e-05,8.941639477379478e-05
406,6,ASH,Ashland Inc,Basic Materials,mid,0.87530756,0.2459,0.2464,composite 0.76,0,,0.7589821318824679,mom_12_1 z=+2.5; days_since_ignition z=-1.7; dist_52w_low z=+1.9,3249.96,SP400,4.112422005006499e-05,8.834885561637285e-05
457,6,POST,Post Holdings Inc,Consumer Defensive,low,-0.09799086,0.2384,0.2393,composite 0.74,0,,0.744333255672381,base_depth_63 z=-3.0; dn_vol_63 z=+2.9; dn_up_vol_asym_63 z=+1.8,3222.91,SP400,4.078193579045741e-05,8.7613512244632e-05
443,6,PLNT,Planet Fitness Inc,Consumer Cyclical,low,0.2818358,0.2407,0.2434,composite 0.84,0,,0.8443993927414566,down_capture_63 z=+0.9; dn_vol_63 z=+0.6; higher_low_cadence z=-1.5,3191.27,SP400,4.0381570763692757e-05,8.67533915687769e-05
275,5,PK,Park Hotels & Resorts Inc,Real Estate,mid,0.7858086,0.2767,0.279,composite 0.97,0,,0.9730639730639732,days_since_20pct_dd z=+2.4; up_day_frac_63 z=+1.3; skew_63 z=-1.4,3070.41,SP400,3.885223709950893e-05,0.00010805790269629346
277,5,WING,Wingstop Inc,Consumer Cyclical,high,1.0855428,0.2747,0.2628,composite 0.36,0,,0.3631526338336202,mom_12_1 z=-1.3; amihud_21 z=+1.4; log_dvol_63 z=-0.3,3056.61,SP400,3.867761518518048e-05,0.00010757223496553151
220,5,FOUR,Shift4 Payments Inc,Technology,high,1.4227582,0.2921,0.2841,signatures x4 (+composite),4,depth below 126d high bottom 20% AND dollar-volume trend top 20% AND up-capture top 20%,0.3558531306131959,mom_12_1 z=-1.2; amihud_21 z=+1.0; dist_52w_low z=-1.2,3039.96,SP400,3.846693004941463e-05,0.00010698626629037303
298,5,KNF,Knife River Corp,Basic Materials,high,1.2533221,0.2659,0.2575,composite 0.29,0,,0.2893064626438293,dist_52w_low z=-1.3; dn_vol_63 z=+1.6; mom_6_1 z=-1.2,3021.52,SP400,3.8233594679833715e-05,0.00010633730158347081
281,5,PII,Polaris Inc,Consumer Cyclical,high,1.4538908,0.2684,0.2601,composite 0.34,0,,0.3390990327453648,log_dvol_63 z=-0.8; amihud_21 z=+0.1; days_since_52w_high z=-1.1,3003.94,SP400,3.801114154549355e-05,0.00010571860312645666
860,6,SMG,Scotts Miracle-Gro Company,Basic Materials,mid,0.7903798,0.2078,0.2289,composite 0.16,0,,0.1609657606298143,dist_52w_low z=-1.6; up_day_frac_63 z=-1.3; vol_dry_10_50 z=+1.3,2941.29,SP400,3.72183833619662e-05,7.995778579917331e-05
666,6,COLM,Columbia Sportswear Co,Consumer Cyclical,mid,0.77639484,0.2319,0.2345,composite 0.47,0,,0.4661885748111951,days_since_ignition z=-0.4; mom_12_1 z=+1.0; log_dvol_63 z=+0.3,2941.05,SP400,3.721534645910831e-05,7.995126149569022e-05
200,5,YETI,YETI Holdings Inc,Consumer Cyclical,high,1.2388905,0.296,0.2968,composite 0.64,0,,0.6447330843172475,up_gap_freq_21 z=+1.8; mom_12_1 z=+0.5; days_since_52w_high z=-0.9,2937.8,SP400,3.717422173290777e-05,0.00010339091735018156
522,6,BHF,Brighthouse Financial Inc,Financial,low,0.09976369,0.2384,0.2393,composite 0.59,0,,0.5937042019585591,base_depth_63 z=-2.0; down_capture_63 z=+0.7; dn_up_vol_asym_63 z=+0.9,2877.31,SP400,3.640879567510138e-05,7.821851522897075e-05
226,5,CXT,Crane NXT Co,Industrials,high,1.2452494,0.2896,0.2892,composite 0.54,0,,0.5355749791442764,mom_12_1 z=-1.3; up_day_frac_63 z=+1.4; days_since_52w_high z=+2.5,2864.82,SP400,3.625075018887223e-05,0.00010082250930735487
497,6,MMS,Maximus Inc,Industrials,low,0.31442505,0.2384,0.2393,composite 0.64,0,,0.6441111704006554,down_capture_63 z=+1.1; dn_vol_63 z=+0.8; base_depth_63 z=-0.4,2862.93,SP400,3.622683457886637e-05,7.782760071194178e-05
429,6,HOG,Harley-Davidson Inc,Consumer Cyclical,mid,0.8109369,0.2418,0.2452,composite 0.69,0,,0.6912292013075887,days_since_20pct_dd z=+4.8; days_since_ignition z=-1.7; dist_52w_low z=+1.6,2803.71,SP400,3.547747879868297e-05,7.621772882748733e-05
825,6,KBH,KB Home,Consumer Cyclical,mid,0.8543299,0.2192,0.2289,composite 0.23,0,,0.2338521459462108,log_dvol_63 z=-1.0; mom_12_1 z=-1.0; skew_63 z=-0.5,2760.32,SP400,3.492843206950098e-05,7.503818912693889e-05
723,6,UMBF,UMB Financial Corp,Financial,mid,0.7728882,0.2264,0.2289,composite 0.36,0,,0.3559993364024719,days_since_20pct_dd z=+1.8; days_since_ignition z=-0.1; dist_52w_low z=-1.3,2755.18,SP400,3.486339173329458e-05,7.48984602940092e-05
766,6,MZTI,Marzetti Co,Consumer Defensive,low,-0.090111956,0.2235,0.2293,composite 0.35,0,,0.3475052045364016,days_since_ignition z=-0.3; dn_vol_63 z=+0.4; dvol_trend_21_126 z=+0.4,2734.56,SP400,3.4602471162754535e-05,7.43379138864197e-05
282,5,HGV,Hilton Grand Vacations Inc,Consumer Cyclical,high,1.1239512,0.2684,0.2601,composite 0.34,0,,0.3364009409501191,dist_52w_low z=-1.8; dn_vol_63 z=+1.7; days_since_52w_high z=-1.1,2699.36,SP400,3.41570587435979e-05,9.499942360214654e-05
733,6,GPK,Graphic Packaging Holding Co,Consumer Cyclical,mid,0.9103032,0.2264,0.2289,composite 0.34,0,,0.3359858382254799,days_since_ignition z=+1.3; log_dvol_63 z=-1.1; mom_12_1 z=-1.2,2549.18,SP400,3.2256716780275654e-05,6.929843313768334e-05
708,6,KD,Kyndryl Holdings Inc,Technology,mid,0.81767786,0.2268,0.2338,composite 0.39,0,,0.3938225102838765,mom_12_1 z=-1.5; days_since_ignition z=-1.6; up_day_frac_63 z=+0.7,2500.55,SP400,3.1641364338696485e-05,6.797644614442059e-05
308,5,VC,Visteon Corp,Consumer Cyclical,high,1.0082637,0.2659,0.2575,composite 0.27,0,,0.2681726628437437,up_day_frac_63 z=+1.6; up_gap_freq_21 z=-1.1; amihud_21 z=-1.7,2384.17,SP400,3.0168719527859867e-05,8.390684301817086e-05
749,6,EEFT,Euronet Worldwide Inc,Technology,mid,0.7185678,0.2264,0.2289,composite 0.29,0,,0.2887459891939175,days_since_20pct_dd z=-0.8; up_day_frac_21 z=-1.8; dist_52w_low z=-1.3,2376.62,SP400,3.007318362545553e-05,6.46074589333358e-05
258,5,RH,RH,Consumer Cyclical,high,2.033545,0.2816,0.2502,signatures x2 (+composite),2,depth below 126d high bottom 20% AND up-capture top 20%,0.2270850086804903,dist_52w_low z=-1.4; log_dvol_63 z=-2.4; amihud_21 z=+0.6,2218.21,SP400,2.806870120163161e-05,7.806616065605086e-05
136,4,WHR,Whirlpool Corp,Consumer Cyclical,high,1.2174737,0.3259,0.3327,signatures x16 (+composite),16,corr to SPY top 20% AND downside vol top 20% AND skew top 20%,0.0481203544345656,mom_12_1 z=-1.7; amihud_21 z=+0.5; dist_52w_low z=-1.2,1965.76,SP400,2.4874259007992638e-05,0.00036974421198263883
697,6,OLN,Olin Corp,Basic Materials,mid,0.7039837,0.2276,0.2338,composite 0.42,0,,0.4239483298833802,skew_63 z=-3.1; vol_dry_10_50 z=+2.0; pullback_vol_21 z=-4.0,1847.66,SP400,2.337984972667451e-05,5.022789405658761e-05
786,6,SAM,Boston Beer Co Inc,Consumer Defensive,low,-0.08466988,0.2235,0.2215,composite 0.28,0,,0.2780330985968419,base_depth_63 z=+0.4; pos_in_20d_range z=+0.7; dn_vol_63 z=-0.4,1753.39,SP400,2.2186979591620654e-05,4.766520201762237e-05
345,5,XRAY,DENTSPLY Sirona Inc,Healthcare,high,1.1801265,0.2659,0.2575,composite 0.13,0,,0.1298804271853416,dist_52w_low z=-1.4; amihud_21 z=+1.1; mom_12_1 z=+0.7,1698.5,SP400,2.1492414600498278e-05,5.977584352892756e-05
296,5,CPRI,Capri Holdings Ltd,Consumer Cyclical,high,1.4719332,0.2659,0.2575,composite 0.29,0,,0.2943268674327544,amihud_21 z=+0.2; mom_6_1 z=-0.7; log_dvol_63 z=+0.4,1667.27,SP400,2.1097237616115845e-05,5.867675633822493e-05
