ticker,asof,Company,Sector,SectorETF,sessions_of_history,eligible_today,beta_bucket,state_score,state_score_pooled,level_score,avg_score,both_agree,ml_score,top_states,z_mom_12_1,z_rs_lead_126,z_dist_52w_high,z_rv20_pct_252,z_vol_dry_20_250,z_obv_price_div_63,z_updown_vol_ratio_50,z_bbw_pct_252,z_dn_up_vol_asym_63,z_corr_spy_63,z_idio_vol_63,beta_252,rv20,mom_12_1,dist_52w_high,note
ILMN,2026-10-05,Illumina Inc,Healthcare,XLV,3208,True,mid,1.0,1.0,0.9696969696969696,0.9848484848484849,True,0.5186485371999294,log_dvol_63 z=+3.1; base_depth_126 z=+1.2; rs_sec_63 z=+2.0,2.8310182,0.75651115,1.5682276,0.9442326,3.0200725,-3.0447297,-0.014356647,2.3948836,-1.2241232,-0.99691176,0.9874241,0.7958479,0.55672467,1.2322255,-0.008641342,
EXPD,2026-10-05,Expeditors International Of Washington Inc,Industrials,XLI,3208,True,mid,0.993939393939394,0.9979879275653925,1.0,0.9989939637826962,True,0.5004041575778257,base_depth_126 z=+1.5; rs_sec_63 z=+2.3; corr_spy_63 z=+0.1,2.2498963,0.3528062,1.5579909,-0.18359214,-0.68318355,0.9009006,1.8358636,-0.8508888,-1.0373254,0.11182209,0.15956014,0.5278157,0.24228773,0.5365307,-0.0061438265,
WAT,2026-10-05,Waters Corp,Healthcare,XLV,3208,True,mid,0.987878787878788,0.9959758551307848,0.9818181818181818,0.9888970184744833,True,0.4524403956854084,base_depth_126 z=+1.2; corr_spy_63 z=+0.1; log_dvol_63 z=+1.6,1.2631938,0.3710877,1.3276997,-0.5797356,-0.7858347,1.2379416,1.5843769,-0.41137642,-0.5912291,0.10314174,-0.79892606,0.84343976,0.26377746,0.28466693,-0.018049568,
AWK,2026-10-05,American Water Works Co Inc,Utilities,XLU,3208,True,low,1.0,0.993963782696177,0.9156626506024096,0.9548132166492933,True,0.5812363959291166,days_since_20pct_dd z=+1.4; dvol_trend_21_126 z=-0.8; nr7_count_20 z=-1.1,0.6254394,-0.05832064,0.27613324,-1.3615364,-0.70932204,-1.4714997,-1.4789308,1.479837,-0.33308494,-0.4739853,-0.27330598,-0.45086586,0.15249799,0.067435965,-0.102058016,
MRNA,2026-10-05,Moderna Inc,Healthcare,XLV,1946,True,high,1.0,0.9919517102615694,0.9212121212121211,0.9565819157368453,True,0.5903252052667628,mom_12_1 z=+5.1; log_dvol_63 z=+6.0; amihud_21 z=-4.3,5.126615,0.5092272,1.7563761,-0.2813558,0.1667026,-1.3795062,1.0167898,0.6637342,-2.3681734,-1.4034371,4.67048,1.9683398,0.7127961,4.247444,-0.027251849,
D,2026-10-05,Dominion Energy Inc,Utilities,XLU,3208,True,low,0.993975903614458,0.9899396378269618,0.963855421686747,0.9768975297568544,True,0.6286834017986279,days_since_20pct_dd z=+1.2; dvol_trend_21_126 z=-1.0; streak_now z=-0.5,0.18498944,0.06844198,-0.77951604,-0.7157811,-0.59739333,0.20506042,-2.355189,1.8630544,1.5759398,-0.16683309,-1.9206008,-0.073700644,0.14217679,0.12861927,-0.15554932,
WBD,2026-10-05,Warner Bros. Discovery Inc,Communication Services,XLC,3208,True,mid,0.9818181818181818,0.9879275653923542,0.9636363636363636,0.9757819645143588,True,0.4680600791655092,base_depth_126 z=+1.4; days_since_20pct_dd z=+2.7; clv_21 z=+0.6,0.03480639,-0.20874923,1.418893,2.0637572,3.1222153,1.6671265,2.7666733,1.8706164,-1.6125462,-0.54452956,-0.91985476,0.49738938,0.37541422,0.47453228,-0.0012907069,
REG,2026-10-05,Regency Centers Corp,Real Estate,XLRE,3208,True,low,0.9879518072289156,0.9859154929577464,0.9819277108433736,0.98392160190056,True,0.5686532960912781,dvol_trend_21_126 z=-1.0; streak_now z=-2.2; days_since_20pct_dd z=+0.6,-0.19719388,-0.28617787,-2.1202571,-1.4731464,-0.04989655,-0.24508315,-2.0679488,-0.31129357,1.3809305,-1.3803365,-1.714213,0.052167684,0.093044214,0.08871083,-0.1387481,
ETR,2026-10-05,Entergy Corp,Utilities,XLU,3208,True,low,0.9819277108433736,0.9839034205231388,0.8012048192771084,0.8925541199001237,True,0.5931586416552075,days_since_20pct_dd z=+1.0; dvol_trend_21_126 z=-0.6; nr7_count_20 z=-1.1,-0.49650693,-1.3417923,-2.0352511,-0.5676829,0.3956469,-0.4235521,-2.3754785,0.9447753,2.0845807,0.32523286,-0.66319805,0.19811802,0.15980624,0.180553,-0.14375804,
MRVL,2026-10-05,Marvell Technology Inc,Technology,XLK,3208,True,high,0.993975903614458,0.9818913480885312,0.8848484848484849,0.9333699164685081,True,0.5621547217769112,log_dvol_63 z=+2.1; amihud_21 z=-2.1; mom_12_1 z=+1.4,1.3533664,-0.44134724,0.40560508,-0.9330089,-1.1860609,0.27278394,0.49789074,-0.34706348,0.08589785,-0.7744903,1.0531758,3.0433292,0.51011956,1.4277837,-0.17752846,
SJM,2026-10-05,J.M. Smucker Co,Consumer Defensive,XLP,3208,True,low,0.9759036144578314,0.9798792756539236,0.7108433734939759,0.8453613245739497,False,0.5138224073560039,days_since_20pct_dd z=+1.3; nr7_count_20 z=-1.5; dvol_trend_21_126 z=-0.5,2.6272614,1.2907903,0.10491089,-1.0743909,-1.0628484,0.8029543,1.1017666,-0.8845207,-0.48442376,-0.71426165,0.16941796,-0.29266348,0.18259001,0.24119808,-0.1446758,
IEX,2026-10-05,Idex Corp,Industrials,XLI,3208,True,mid,0.9757575757575756,0.977867203219316,0.987878787878788,0.982872995549052,True,0.5238112837464007,rs_sec_63 z=+2.1; base_depth_126 z=+1.1; sharpe_21 z=+1.2,2.1533556,0.3423854,1.2802013,-0.93972385,-0.9046832,1.1082829,1.1796765,-0.5570684,-0.1962054,-1.6417915,-0.48954952,0.6532089,0.15246601,0.37072563,-0.031830847,
MU,2026-10-05,Micron Technology Inc,Technology,XLK,3208,True,high,0.9879518072289156,0.9758551307847082,0.793939393939394,0.884897262362051,False,0.5449101271541941,amihud_21 z=-2.2; log_dvol_63 z=+1.9; mom_12_1 z=+1.3,1.2841007,-1.3847046,0.18993175,-1.4454442,-1.528713,0.3893025,-0.2236556,-0.90253973,0.17905752,-0.9662605,1.1328913,3.2863905,0.4696196,4.2228456,-0.15209273,
PPL,2026-10-05,PPL Corp,Utilities,XLU,3208,True,low,0.9698795180722892,0.9738430583501008,0.9518072289156626,0.9628251436328816,True,0.5790540034440773,dvol_trend_21_126 z=-1.3; days_since_20pct_dd z=+1.0; nr7_count_20 z=-0.9,-1.0737318,-0.98098034,-1.9174174,-1.1128801,-0.8413619,-1.3799195,-2.2296467,0.90221876,0.733326,-0.13747224,-0.5880711,-0.02954944,0.13977194,-0.01242428,-0.16501983,
MTD,2026-10-05,Mettler-Toledo International Inc,Healthcare,XLV,3208,True,mid,0.9696969696969696,0.971830985915493,0.8909090909090909,0.9313700384122919,True,0.4652136364835953,base_depth_126 z=+1.4; rs_sec_63 z=+1.8; log_dvol_63 z=+1.9,0.23577102,0.6637867,1.7467834,0.17457876,0.677954,-0.58071494,-0.062721245,1.6907934,-1.1619616,-1.3946761,-0.028303837,0.79606503,0.3390598,0.04282063,-0.008489643,
AEP,2026-10-05,American Electric Power Company Inc,Utilities,XLU,3208,True,low,0.963855421686747,0.9698189134808852,0.8795180722891566,0.9246684928850208,True,0.5799436066397806,days_since_20pct_dd z=+1.1; dvol_trend_21_126 z=-0.6; nr7_count_20 z=-1.0,-0.18091692,-0.7458333,-1.304842,-1.3113501,0.16572237,1.2115148,-0.69549406,-0.11072333,2.6983352,0.26257274,-1.4407021,-0.028152155,0.123928696,0.13325205,-0.14182983,
HPE,2026-10-05,Hewlett Packard Enterprise Co,Technology,XLK,2736,True,high,0.9819277108433736,0.9678068410462776,0.9757575757575756,0.9717822084019265,True,0.6344107649009739,mom_12_1 z=+2.5; log_dvol_63 z=+2.2; amihud_21 z=-1.7,2.5416107,0.20495372,1.2331703,0.9485392,-0.37034953,-0.31116936,0.9127332,-0.13516167,-0.6670439,-0.32116303,1.9363778,2.0544097,0.8123524,1.2582445,-0.027457679,
NDSN,2026-10-05,Nordson Corp,Industrials,XLI,3208,True,mid,0.9636363636363636,0.96579476861167,0.993939393939394,0.979867081275532,True,0.5424522970043382,rs_sec_63 z=+3.6; base_depth_126 z=+1.0; corr_spy_63 z=-2.2,1.4170997,0.40546468,1.2639798,-0.6263628,-0.68418264,-0.69980204,0.7888755,0.16059737,-1.2766948,-2.174347,1.1712925,0.83628666,0.17494272,0.3798932,-0.010868259,
FRT,2026-10-05,Federal Realty Investment Trust,Real Estate,XLRE,3208,True,low,0.9578313253012049,0.9637826961770624,0.6385542168674698,0.8011684565222661,False,0.5913315769314378,days_since_20pct_dd z=+1.5; streak_now z=-1.0; nr7_count_20 z=-1.0,0.9677295,-0.011829438,-1.274055,-0.9810124,0.8698293,0.5370682,-2.8496156,0.5049406,1.7174182,-1.710376,-1.9360685,0.16918273,0.10720587,0.22077519,-0.16451578,
NTAP,2026-10-05,Netapp Inc,Technology,XLK,3208,True,high,0.9759036144578314,0.9617706237424548,1.0,0.9808853118712274,True,0.5564129937073293,log_dvol_63 z=+2.6; mom_12_1 z=+1.0; days_since_52w_high z=-1.1,0.9977141,0.16436101,0.99708164,-0.04381137,-0.07015094,1.2909375,1.5870235,0.27049884,-0.17294493,-1.0848603,0.8791547,1.3100561,0.4546381,0.5709529,-0.03505817,
STT,2026-10-05,State Street Corp,Financial,XLF,3208,True,high,0.9698795180722892,0.959758551307847,0.8909090909090909,0.925333821108469,True,0.556111594785269,amihud_21 z=-2.8; mom_12_1 z=+2.0; log_dvol_63 z=+1.8,1.9843247,0.038092364,-0.31741124,-0.93293965,0.5760286,-0.2094813,-1.5933404,0.34176993,0.3661793,0.11911444,-0.37818226,1.0750453,0.17399743,0.71554464,-0.09506305,
STLD,2026-10-05,Steel Dynamics Inc,Basic Materials,XLB,3208,True,high,0.963855421686747,0.9577464788732394,0.8181818181818182,0.8879641485275288,True,0.540825702123595,mom_12_1 z=+1.5; days_since_ignition z=+1.5; log_dvol_63 z=+1.4,1.5452374,-0.51755095,-0.46668074,-0.26209942,-0.75476503,0.732448,-0.058155913,-0.9879774,1.1024674,-1.0384822,1.4149909,1.1215498,0.34452373,0.7180995,-0.16130406,
WST,2026-10-05,West Pharmaceutical Services Inc,Healthcare,XLV,3208,True,mid,0.9575757575757576,0.9557344064386318,0.9393939393939394,0.9475641729162856,True,0.4853287678732629,base_depth_126 z=+1.4; sharpe_21 z=+1.5; days_since_20pct_dd z=+2.4,0.7740857,0.40132535,1.6310916,-0.5688718,-0.77959126,-0.019415013,1.6356186,-0.12665287,0.16093266,-1.0465733,-0.81585145,0.59370965,0.24148123,0.25860012,-0.023300214,
FAST,2026-10-05,Fastenal Co,Industrials,XLI,3208,True,mid,0.9515151515151516,0.9537223340040242,0.9333333333333332,0.9435278336686788,True,0.4814902647233345,log_dvol_63 z=+1.7; rs_sec_63 z=+1.7; sharpe_21 z=+0.5,-1.30614,-0.7504558,0.64470994,-1.5190997,-0.61215425,-0.67329574,0.5215342,-0.98855865,0.058776166,-1.3103924,0.03713656,0.4996534,0.1366556,0.044205133,-0.042139072,
VTRS,2026-10-05,Viatris Inc,Healthcare,XLV,3208,True,mid,0.9454545454545454,0.9517102615694164,0.8606060606060606,0.9061581610877385,True,0.4871111373589126,days_since_20pct_dd z=+2.7; log_dvol_63 z=+1.8; base_depth_126 z=+0.9,1.5935289,-0.22437419,1.0998979,-0.98576015,-0.33502415,-0.50872874,-0.28290927,-0.34401938,0.55817366,-1.1808649,-0.28618443,0.70437443,0.21375327,0.7349717,-0.04395005,
BBY,2026-10-05,Best Buy Co Inc,Consumer Cyclical,XLY,3208,True,mid,0.9393939393939394,0.9496981891348087,0.8363636363636363,0.8930309127492225,True,0.4663532661164754,up_day_frac_63 z=+0.9; rs_sec_63 z=+1.2; sharpe_21 z=+0.1,0.79976344,0.19931605,0.77493685,-0.58002263,-1.2394544,0.028468171,0.04005838,-0.4282384,0.06674282,-0.8246519,0.41594705,0.72728527,0.31409937,0.19019392,-0.094685584,
LITE,2026-10-05,Lumentum Holdings Inc,Technology,XLK,2797,True,high,0.9578313253012049,0.9476861167002012,0.9151515151515152,0.9314188159258582,True,0.6241785385035505,amihud_21 z=-1.9; log_dvol_63 z=+1.6; mom_12_1 z=+0.6,0.5539006,-0.1878956,1.166226,-0.97431666,-0.79310304,1.1004575,0.53884465,-0.5628328,-0.31139022,-1.1605088,1.4150411,2.8637226,0.77424854,3.9918704,-0.029108841,
ON,2026-10-05,ON Semiconductor Corp,Technology,XLK,3208,True,high,0.9518072289156626,0.9456740442655936,0.6848484848484848,0.8152612645570392,False,0.4963413755174862,mom_12_1 z=+1.0; log_dvol_63 z=+1.5; days_since_52w_high z=-0.9,1.0479916,0.29883122,-0.5251601,0.0025771365,0.56329674,1.0743673,1.0546,0.06999008,0.14309856,-0.069362015,0.24293771,2.6804314,0.6546284,0.5110792,-0.36310405,
DOV,2026-10-05,Dover Corp,Industrials,XLI,3208,True,high,0.9457831325301204,0.943661971830986,0.3454545454545454,0.6445582586427657,False,0.5469692482631545,amihud_21 z=-1.9; log_dvol_63 z=+1.4; dn_vol_63 z=+1.1,0.094582334,-0.8600727,-1.156509,-0.9965348,0.5598626,0.37624842,-0.5223024,-1.4163202,1.8737862,-0.47088927,0.8913068,0.89831686,0.17171223,0.15757677,-0.18869016,
FE,2026-10-05,Firstenergy Corp,Utilities,XLU,3208,True,low,0.9518072289156626,0.9416498993963782,0.8975903614457831,0.9196201304210807,True,0.5897956576958197,days_since_20pct_dd z=+1.0; dvol_trend_21_126 z=-0.7; streak_now z=+0.3,-0.27234325,-0.90359807,-1.9980611,-0.5062422,-0.38821813,-0.66965467,-2.1126788,1.0127503,0.9415862,-0.022316886,-0.50676024,-0.06488465,0.13160999,0.07632799,-0.14927036,
EXPE,2026-10-05,Expedia Group Inc,Consumer Cyclical,XLY,3208,True,high,0.9397590361445785,0.9396378269617708,0.7090909090909091,0.8243643680263399,False,0.501707943954151,amihud_21 z=-2.1; log_dvol_63 z=+1.6; days_since_ignition z=+1.4,0.41408974,-0.05625983,-1.1740785,-0.49659812,0.8766317,0.11122638,-0.5886406,-0.66254795,0.47528,-1.0543588,0.4691865,0.9966421,0.45180514,0.40286893,-0.23817234,
VZ,2026-10-05,Verizon Communications Inc,Communication Services,XLC,3208,True,low,0.9457831325301204,0.937625754527163,0.8674698795180723,0.9025478170226177,True,0.461884248057298,days_since_20pct_dd z=+1.0; streak_now z=-0.9; dvol_trend_21_126 z=-0.7,1.0290391,0.05375955,-1.0496279,-0.40008983,-0.95694405,-0.048246957,-0.4672578,0.97815794,-0.37990808,-0.03670879,0.18200782,-0.29951465,0.21733356,0.24529372,-0.11263789,
TMO,2026-10-05,Thermo Fisher Scientific Inc,Healthcare,XLV,3208,True,mid,0.9333333333333332,0.9356136820925554,0.9151515151515152,0.9253825986220352,True,0.4854416655779812,rs_sec_63 z=+2.8; base_depth_126 z=+1.2; corr_spy_63 z=-2.3,1.0612674,0.47306898,1.3395956,-0.34254235,0.20491609,0.39237183,1.165703,0.049045593,-1.6544658,-2.2587326,0.9648355,0.55154693,0.26942763,0.18128592,-0.010049288,
ED,2026-10-05,Consolidated Edison Inc,Utilities,XLU,3208,True,low,0.9397590361445785,0.9336016096579476,0.9879518072289156,0.9607767084434315,True,0.6269125895086985,streak_now z=-0.9; days_since_20pct_dd z=+0.6; dvol_trend_21_126 z=-0.5,0.9070831,-0.8902285,-0.49756742,-1.1198916,-0.18400721,1.0205071,-0.9560357,-0.13187402,1.3100045,-0.53572583,-0.9200595,-0.46024138,0.13471417,0.15072648,-0.09575048,
ZBRA,2026-10-05,Zebra Technologies Corp,Technology,XLK,3208,True,high,0.933734939759036,0.93158953722334,0.7272727272727273,0.8294311322480337,False,0.5586959300417385,amihud_21 z=-1.8; mom_12_1 z=+0.7; dn_vol_63 z=-1.0,0.67389005,0.2946293,1.3862875,-0.95354813,-1.3452911,-1.0019896,0.6031206,-0.52502483,-2.5608504,-0.80772007,2.378259,1.7493604,0.25941578,0.2083826,-0.027367132,
MET,2026-10-05,Metlife Inc,Financial,XLF,3208,True,mid,0.9272727272727272,0.9295774647887324,0.9757575757575756,0.952667520273154,True,0.5089206712290272,rs_sec_63 z=+1.8; log_dvol_63 z=+1.6; days_since_20pct_dd z=+1.9,0.87962496,0.062751025,0.65184623,-0.73997736,-0.48165032,0.82246566,0.53052104,-1.1090596,-1.5085266,-1.2057714,0.21803391,0.6630624,0.17363729,0.25492078,-0.04012685,
PFE,2026-10-05,Pfizer Inc,Healthcare,XLV,3208,True,mid,0.9212121212121211,0.9275653923541248,0.8303030303030303,0.8789342113285776,True,0.5095850257343435,days_since_20pct_dd z=+2.5; rs_sec_63 z=+1.7; base_depth_126 z=+0.7,1.2276354,0.15137558,0.9691142,-1.4978677,-1.2511986,0.30798998,1.8572555,-0.5122678,-1.8986735,-0.429194,-1.4647908,0.29158655,0.1395005,0.13849735,-0.06162271,
HPQ,2026-10-05,HP Inc,Technology,XLK,3208,True,mid,0.9151515151515152,0.9255533199195172,0.6909090909090909,0.808231205414304,False,0.4289774762821656,log_dvol_63 z=+2.3; rs_sec_63 z=+2.0; sharpe_21 z=-0.0,1.323773,0.52158463,0.6067859,0.15296021,-0.79912186,-0.4000828,0.11512141,-0.3848301,-0.9471663,-1.2200305,1.7797712,0.75596416,0.5518562,0.25507075,-0.13138284,
PTC,2026-10-05,PTC Inc,Technology,XLK,3208,True,mid,0.9090909090909092,0.9235412474849096,0.9030303030303032,0.9132857752576065,True,0.5361785580019394,rs_sec_63 z=+3.5; base_depth_126 z=+1.1; sharpe_21 z=+0.8,-1.5312878,0.68760556,0.6675607,4.4074697,4.2187653,-2.0558457,2.9092805,2.3079555,-2.4440672,-1.1310707,5.143773,0.61721224,1.1010542,-0.26076248,-0.07039944,
DDOG,2026-10-05,Datadog Inc,Technology,XLK,1750,True,high,0.927710843373494,0.921529175050302,0.9272727272727272,0.9244009511615146,True,0.5173561992925538,log_dvol_63 z=+1.8; dn_vol_63 z=+2.2; mom_12_1 z=+0.5,0.4517989,0.1386472,1.0612663,-1.0584258,-1.1387275,1.1721737,0.48013365,0.26224062,0.8366626,-1.0953586,1.0267326,1.1520847,0.39393586,0.416903,-0.05570167,
VEEV,2026-10-05,Veeva Systems Inc,Healthcare,XLV,3208,True,mid,0.9030303030303032,0.9195171026156942,0.9454545454545454,0.9324858240351198,True,0.4504005763550984,rs_sec_63 z=+2.3; base_depth_126 z=+0.9; up_day_frac_63 z=+1.8,-0.55532587,0.3756845,0.65166533,-1.0878415,-1.2791264,0.0687554,1.9809084,-0.74216133,-1.1780273,-1.332017,1.6807438,0.560803,0.30885953,-0.054556347,-0.087117516,
LNT,2026-10-05,Alliant Energy Corp,Utilities,XLU,3208,True,low,0.933734939759036,0.9175050301810864,0.5783132530120482,0.7479091415965673,False,0.5583544936723929,days_since_20pct_dd z=+0.8; streak_now z=-0.5; nr7_count_20 z=-0.9,-0.5856891,-0.18178764,-2.8764977,-0.27465832,0.49673963,0.037160587,-2.6035154,1.2673814,2.1021748,-0.15561596,-0.47695032,-0.07322873,0.15501906,0.05737661,-0.1780373,
BIIB,2026-10-05,Biogen Inc,Healthcare,XLV,3208,True,mid,0.896969696969697,0.9154929577464788,0.9090909090909092,0.912291933418694,True,0.5257495139084261,base_depth_126 z=+1.2; log_dvol_63 z=-1.1; days_since_20pct_dd z=+3.0,1.6156998,0.8137288,1.4644271,-1.4465446,-1.0495265,-0.6789662,0.27025715,-0.5288478,-0.2645386,-0.95527065,1.0611042,0.30609512,0.24558654,0.44611913,-0.029936261,
EQIX,2026-10-05,Equinix Inc,Real Estate,XLRE,3208,True,mid,0.8909090909090909,0.9134808853118712,0.8545454545454545,0.8840131699286629,True,0.5343776574768951,corr_spy_63 z=+0.1; rs_sec_63 z=+0.9; log_dvol_63 z=+1.3,1.566595,-1.0820998,0.23346102,0.16423817,-0.71322423,0.8471675,-0.38323668,-0.5563401,0.022200974,0.10363879,0.44105667,0.4855973,0.2525809,0.3760069,-0.08511559,
BF-B,2026-10-05,Brown-Forman Corp,Consumer Defensive,XLP,3208,True,low,0.927710843373494,0.9114688128772636,0.5662650602409639,0.7388669365591137,False,0.4979815051066311,days_since_20pct_dd z=+5.1; dvol_trend_21_126 z=-0.9; streak_now z=+1.0,1.9856209,-1.0248842,1.4694881,-1.3358603,-1.6466044,-2.4181123,-0.58371484,-1.3783684,-1.3095118,-0.46841958,0.04228342,0.055257678,0.20469204,0.028381966,-0.14841665,
TECH,2026-10-05,Bio-Techne Corp,Healthcare,XLV,3208,True,mid,0.8848484848484849,0.909456740442656,0.9212121212121211,0.9153344308273885,True,0.5135077136802412,base_depth_126 z=+1.5; log_dvol_63 z=+2.4; sharpe_21 z=+0.3,1.2367178,-0.2695118,1.8879873,-2.31188,-0.38587302,0.6640736,0.32981944,-1.8690727,-0.8043751,-1.2363552,-3.3643239,0.7962607,0.021147722,0.17346445,-0.0015132839,
FTNT,2026-10-05,Fortinet Inc,Technology,XLK,3208,True,high,0.9216867469879518,0.9074446680080482,0.9575757575757576,0.9325102127919029,True,0.4625552269056952,mom_12_1 z=+1.7; log_dvol_63 z=+1.8; amihud_21 z=-1.8,1.6648649,0.38007486,1.4680557,-0.4038189,-1.2379863,-0.65840554,0.16462395,0.15115064,-0.4645867,-0.95233166,0.62850523,0.91599405,0.37470832,0.8120292,-0.0027081189,
IVZ,2026-10-05,Invesco Ltd,Financial,XLF,3208,True,high,0.9156626506024096,0.9054325955734408,0.8121212121212121,0.8587769038473265,True,0.5369106873517354,amihud_21 z=-1.9; mom_12_1 z=+0.6; log_dvol_63 z=+1.5,0.6465593,0.20736043,0.20913212,-1.1416239,-0.702047,-0.8905947,-0.656633,-0.66678005,-0.6976869,1.0773717,-1.2017468,1.7194757,0.2237788,0.4294565,-0.093879975,
CSCO,2026-10-05,Cisco Systems Inc,Technology,XLK,3208,True,high,0.9096385542168676,0.903420523138833,0.896969696969697,0.900195110054265,True,0.4963940018127415,mom_12_1 z=+1.5; log_dvol_63 z=+1.7; dn_vol_63 z=+1.3,1.5306411,-0.013831126,-0.7583015,-0.27366954,-1.243127,0.9347471,-0.49216464,-0.7025512,0.36883843,-0.8756904,1.3627423,1.0522904,0.31231365,0.62288,-0.12801209,
DELL,2026-10-05,Dell Technologies Inc,Technology,XLK,2527,True,high,0.9036144578313252,0.9014084507042254,0.9515151515151516,0.9264618011096886,True,0.6214716909755985,mom_12_1 z=+2.3; amihud_21 z=-2.9; log_dvol_63 z=+2.2,2.2685485,-0.28969926,0.80799216,-0.35995102,-0.19378324,0.867797,0.93920386,-0.9788298,-0.13519318,0.20135097,0.99040085,2.2265296,0.6599489,2.5486896,-0.0725765,
CRL,2026-10-05,Charles River Laboratories International Inc,Healthcare,XLV,3208,True,high,0.8975903614457831,0.8993963782696177,0.9454545454545454,0.9224254618620815,True,0.5443164592772096,mom_12_1 z=+2.4; log_dvol_63 z=+2.4; amihud_21 z=-2.3,2.4039664,0.58653605,1.7367369,-0.4150921,-0.07965696,-1.2139655,0.5315683,-0.85984504,-1.9922366,-1.690577,0.32322466,1.248261,0.41890812,0.67284447,-0.004771731,
RVTY,2026-10-05,Revvity Inc,Healthcare,XLV,3208,True,high,0.891566265060241,0.89738430583501,0.9090909090909092,0.9032376074629596,True,0.5368858298631252,mom_12_1 z=+2.5; log_dvol_63 z=+3.0; amihud_21 z=-2.6,2.5167294,0.98656416,1.8104893,0.41287178,2.0353305,-1.1006404,1.215972,1.2770554,-1.8645802,-2.0887456,1.177833,1.1685685,0.4820625,0.4322238,-0.0058124727,
T,2026-10-05,AT&T Inc,Communication Services,XLC,3208,True,low,0.9216867469879518,0.8953722334004024,0.5240963855421686,0.7097343094712856,False,0.4311219237557212,dvol_trend_21_126 z=-1.2; days_since_20pct_dd z=-0.9; streak_now z=-0.5,-0.7229399,-1.4610658,-0.8528679,-0.49737018,-0.9771984,0.22595665,0.20895907,-0.19445659,-0.51629376,0.15575151,0.61964583,-0.3371172,0.21693902,0.015364341,-0.15687281,
HRL,2026-10-05,Hormel Foods Corp,Consumer Defensive,XLP,3208,True,low,0.9156626506024096,0.8933601609657947,0.1867469879518072,0.540053574458801,False,0.5706634426927598,dvol_trend_21_126 z=-0.9; nr7_count_20 z=-1.0; streak_now z=-0.4,0.54352164,0.42091343,-0.4568275,-1.162786,-0.587784,0.16068277,-1.0403516,-0.6535156,1.1450492,-1.5864998,0.0746691,-0.119189836,0.16716367,-0.07471271,-0.2402573,
AVY,2026-10-05,Avery Dennison Corp,Consumer Cyclical,XLY,3208,True,mid,0.8787878787878788,0.8913480885311871,0.6545454545454545,0.7729467715383208,False,0.5019228252974527,log_dvol_63 z=+1.7; rs_sec_63 z=+1.1; clv_21 z=-0.1,0.3977842,-0.6299191,-0.11969361,-0.8744475,0.28134313,-1.2999873,-0.62833095,-1.4601854,-0.21528552,-1.0401917,1.4398422,0.44270363,0.1774646,0.087932244,-0.13332422,
EVRG,2026-10-05,Evergy Inc,Utilities,XLU,3208,True,low,0.9096385542168676,0.8893360160965795,0.9096385542168676,0.8994872851567235,True,0.6144125689343236,days_since_20pct_dd z=+1.3; dvol_trend_21_126 z=+0.2; streak_now z=-0.7,-0.20165658,-0.4580627,-0.5260066,-1.0835983,0.2946829,0.29533935,-1.6994079,0.35989478,1.5535927,-0.038054425,-0.9428087,-0.02842072,0.11567001,0.11429646,-0.100085974,
ABBV,2026-10-05,Abbvie Inc,Healthcare,XLV,3208,True,low,0.9036144578313252,0.8873239436619719,0.9698795180722892,0.9286017308671306,True,0.5266543609523137,dvol_trend_21_126 z=-1.3; days_since_20pct_dd z=+0.4; streak_now z=+0.7,-0.39011198,-0.30085397,1.1898952,-1.0653893,-1.5892923,0.53704304,0.016868401,-0.6125619,-0.29503813,-1.6051947,-0.4320475,-0.10778075,0.16985285,0.13409898,-0.013474905,
KEYS,2026-10-05,Keysight Technologies Inc,Technology,XLK,2987,True,high,0.8855421686746988,0.8853118712273642,0.9818181818181818,0.9335650265227731,True,0.5663318127136316,mom_12_1 z=+1.5; log_dvol_63 z=+1.8; days_since_52w_high z=-1.1,1.5037491,0.21582495,1.2694161,-0.50546944,-1.0106975,-0.9559927,0.3099368,0.4649699,-0.004774278,-0.9482795,0.7177725,1.8497592,0.3785999,0.8418588,-0.011781316,
DXCM,2026-10-05,Dexcom Inc,Healthcare,XLV,3208,True,mid,0.8727272727272727,0.8832997987927566,0.8787878787878788,0.8810438387903177,True,0.4326771997391413,base_depth_126 z=+1.0; clv_21 z=+0.4; log_dvol_63 z=-0.0,2.3592844,0.41154855,1.4256074,-0.7643468,-0.78523344,0.12831147,1.6103499,-0.79221654,-0.95058316,-0.8871655,-0.18522228,0.6582614,0.23456977,0.35024077,-0.061453667,
YUM,2026-10-05,Yum Brands Inc,Consumer Cyclical,XLY,3208,True,low,0.8975903614457831,0.8812877263581489,0.4939759036144578,0.6876318149863033,False,0.4548224688027813,days_since_20pct_dd z=+0.6; nr7_count_20 z=-0.9; dvol_trend_21_126 z=-0.5,-0.8529083,-0.1326208,-2.8346634,0.22675684,0.4927458,1.0888743,-0.7578752,-0.06661426,0.5554939,-1.4373106,1.9147701,0.036207702,0.27356508,0.022280646,-0.19089831,
STX,2026-10-05,Seagate Technology Holdings Plc,Technology,XLK,3208,True,high,0.8795180722891566,0.8792756539235412,0.9030303030303032,0.8911529784769222,True,0.5877133487947762,amihud_21 z=-2.2; log_dvol_63 z=+2.1; dn_vol_63 z=+1.7,0.49790284,-1.0249337,-1.3736447,-0.5733618,-0.28958988,0.80780846,-0.22400054,-0.5536034,0.7059136,-2.5489404,1.7811033,2.3009698,0.65236026,2.1509533,-0.22407499,
CI,2026-10-05,Cigna Group,Healthcare,XLV,3208,True,low,0.891566265060241,0.8772635814889336,0.5542168674698795,0.7157402244794066,False,0.5758879117127027,days_since_20pct_dd z=+0.9; nr7_count_20 z=-1.9; streak_now z=+0.7,-0.2513073,0.36715397,0.10898261,-0.5100397,-0.21480826,-1.398101,-1.1845013,-0.3440057,0.065784246,-0.747365,-0.11975149,0.19480231,0.24164353,-0.019693619,-0.120554686,
DHR,2026-10-05,Danaher Corp,Healthcare,XLV,3208,True,mid,0.8666666666666667,0.8752515090543259,0.7636363636363637,0.8194439363453447,False,0.51147989568393,rs_sec_63 z=+1.9; base_depth_126 z=+1.0; clv_21 z=+1.5,0.11082891,0.58537817,0.7667237,-0.2946955,-0.09112604,0.21569589,1.0021114,0.0930316,0.15224767,-1.8568153,2.5361092,0.4047478,0.2990443,0.008947638,-0.08346324,
C,2026-10-05,Citigroup Inc,Financial,XLF,3208,True,high,0.8734939759036144,0.8732394366197183,0.6,0.7366197183098591,False,0.5488797378987453,amihud_21 z=-1.4; days_since_ignition z=+1.2; ignition_mult_10 z=-0.7,0.2467648,-1.2615677,-0.9661225,-1.0013006,-1.0128161,0.4003935,-0.5152049,-0.32432756,1.3152717,0.04681382,0.02875307,1.3542075,0.20894729,0.44917136,-0.12676682,
PCAR,2026-10-05,Paccar Inc,Industrials,XLI,3208,True,high,0.8674698795180723,0.8712273641851107,0.2303030303030303,0.5507651972440705,False,0.5047276375164068,amihud_21 z=-2.9; log_dvol_63 z=+1.5; up_day_frac_63 z=-1.9,0.3177262,-0.2567353,-1.4598688,-1.3643848,0.83897406,-0.5123991,-2.2451284,1.4160825,0.58119905,-1.6742021,-0.23522061,0.9351272,0.16010016,0.28764164,-0.21251382,
HAS,2026-10-05,Hasbro Inc,Consumer Cyclical,XLY,3208,True,mid,0.8606060606060606,0.869215291750503,0.5575757575757576,0.7133955246631303,False,0.4731053034940398,rs_sec_63 z=+1.6; base_depth_126 z=+0.6; sharpe_21 z=-0.2,0.37801796,-1.1856089,0.23352733,-0.45047125,-0.2526883,-0.5054855,-0.7001686,-0.7203564,-1.4957361,-0.939543,0.21429114,0.74772596,0.23359194,0.2771087,-0.11682205,
WDC,2026-10-05,Western Digital Corp,Technology,XLK,3208,True,high,0.8614457831325302,0.8672032193158954,0.7696969696969697,0.8184500945064326,False,0.4978197884488788,amihud_21 z=-2.0; log_dvol_63 z=+1.7; dn_vol_63 z=+1.7,0.24679866,-0.59168994,-2.5039158,-0.8200821,-0.57566756,0.9115412,-0.9752776,-1.0821568,0.98730767,-2.215638,1.9570771,2.9122725,0.6233023,2.3692815,-0.44768298,
FCX,2026-10-05,Freeport-McMoRan Inc,Basic Materials,XLB,3208,True,high,0.8554216867469879,0.8651911468812877,0.8363636363636363,0.850777391622462,True,0.4840642499320333,mom_12_1 z=+2.3; amihud_21 z=-1.9; days_since_52w_high z=-1.0,2.3299813,0.301005,0.66962224,-0.7239298,-1.3139019,-1.400378,0.0038073892,-1.2329409,-1.1994413,-0.2604565,0.8826564,2.1572871,0.4045117,0.8868029,-0.09521435,
PANW,2026-10-05,Palo Alto Networks Inc,Technology,XLK,3208,True,high,0.8493975903614458,0.8631790744466801,0.9696969696969696,0.9164380220718249,True,0.5332782426459706,log_dvol_63 z=+2.5; amihud_21 z=-1.7; mom_12_1 z=+0.8,0.8094013,0.2193904,1.2821072,0.20210893,-0.39067614,0.25494945,-0.09129303,0.022043549,-1.0462704,-1.4157336,1.8073077,1.1809084,0.547007,0.5859532,-0.006691063,
ATO,2026-10-05,Atmos Energy Corp,Utilities,XLU,3208,True,low,0.8855421686746988,0.8611670020120724,0.993975903614458,0.9275714528132653,True,0.5790580980796135,dvol_trend_21_126 z=-1.0; streak_now z=+0.7; days_since_20pct_dd z=+0.0,-1.2466892,-0.94506955,-2.9308593,-1.4965371,-0.6036029,-0.09664318,-2.220794,0.89071643,1.493658,-1.5783613,-1.0232806,-0.157833,0.10176866,0.024818504,-0.169382,
HST,2026-10-05,Host Hotels & Resorts Inc,Real Estate,XLRE,3208,True,mid,0.8545454545454545,0.8591549295774648,0.9272727272727272,0.893213828425096,True,0.5030444480401123,log_dvol_63 z=+2.1; corr_spy_63 z=-2.1; sharpe_21 z=+0.6,1.116878,-0.70999783,-0.17322637,-1.2624849,0.049414992,1.0004382,-0.93339497,-1.0842229,1.4004602,-2.0872269,0.9001502,0.70277846,0.1359064,0.37501928,-0.11933875,
AME,2026-10-05,Ametek Inc,Industrials,XLI,3208,True,high,0.8433734939759037,0.8571428571428571,0.8303030303030303,0.8437229437229437,True,0.5051284313486522,log_dvol_63 z=+1.9; mom_12_1 z=+0.9; amihud_21 z=-1.5,0.9376215,-0.23397797,0.7221722,-0.51852125,0.37452736,0.87577295,0.5101292,0.26769334,0.025485992,-0.16063295,0.30553928,0.9408468,0.21861824,0.2641146,-0.033974882,
NTRS,2026-10-05,Northern Trust Corp,Financial,XLF,3208,True,high,0.8373493975903614,0.8551307847082495,0.8242424242424242,0.8396866044753368,True,0.551737568621515,log_dvol_63 z=+1.6; mom_12_1 z=+0.8; amihud_21 z=-1.6,0.7820901,-0.20600183,-0.6812297,-0.13327828,0.051996853,1.1292638,-0.14828482,0.85982865,1.2557448,-0.39803028,-0.53211564,0.9236735,0.22761546,0.4299044,-0.12414443,
CAT,2026-10-05,Caterpillar Inc,Industrials,XLI,3208,True,high,0.8313253012048193,0.8531187122736419,0.6060606060606061,0.729589659167124,False,0.5616189872405707,amihud_21 z=-1.6; log_dvol_63 z=+1.5; days_since_2x_low z=-1.9,0.33332285,-1.0390456,-1.5618533,-1.3825529,-0.9242878,0.76290023,-0.48706442,-1.2276605,1.3022834,-0.48823225,0.58011496,1.7287961,0.25771302,0.64572334,-0.20843497,
AES,2026-10-05,AES Corp,Utilities,XLU,3208,True,mid,0.8484848484848485,0.8511066398390342,0.8848484848484849,0.8679775623437596,True,0.5522442230007995,base_depth_126 z=+1.5; days_since_20pct_dd z=+2.9; log_dvol_63 z=-0.7,0.49802876,-1.7404851,0.9275163,-1.1774615,-0.6402007,0.9280409,-0.02857046,-1.1276877,-1.5676076,-0.5911048,-2.425068,0.3811002,0.022350583,0.08577753,-0.13514838,
SWK,2026-10-05,Stanley Black & Decker Inc,Industrials,XLI,3208,True,high,0.8253012048192772,0.8490945674044266,0.6363636363636364,0.7427291018840314,False,0.541515345390658,mom_12_1 z=+1.6; amihud_21 z=-1.8; dn_vol_63 z=-0.7,1.595247,0.6067226,0.3962642,-0.77001286,-0.21833521,0.37835014,0.19649586,-1.1680733,-0.33571163,-0.1098269,-0.7122896,1.512312,0.27422878,0.34753835,-0.13583808,
BEN,2026-10-05,Franklin Templeton Inc,Financial,XLF,3208,True,high,0.8192771084337349,0.8470824949698189,0.6303030303030303,0.7386927626364246,False,0.5762274000407537,mom_12_1 z=+1.9; amihud_21 z=-2.1; log_dvol_63 z=+1.5,1.9301864,0.34005457,0.6318581,-1.4576806,-1.0877134,-0.86506057,-0.5987983,-0.9229704,0.0001300077,0.82784414,-1.3687404,1.2438995,0.16966565,0.52133274,-0.08446772,
HUM,2026-10-05,Humana Inc,Healthcare,XLV,3208,True,mid,0.8424242424242424,0.8450704225352113,0.8242424242424242,0.8346564233888177,True,0.479032813487883,base_depth_126 z=+1.2; corr_spy_63 z=+1.0; days_since_20pct_dd z=+2.7,2.931515,0.5048238,1.5717679,-0.8347923,-1.1228667,0.09501951,0.10322466,-0.8759684,-0.44828475,0.9509139,-0.7744494,0.56988215,0.32693273,0.6014007,-0.05784834,
IQV,2026-10-05,IQVIA Holdings Inc,Healthcare,XLV,3208,True,mid,0.8363636363636363,0.8430583501006036,0.8424242424242424,0.842741296262423,True,0.4663433275167692,corr_spy_63 z=-2.5; base_depth_126 z=+1.1; rs_sec_63 z=+1.7,1.688464,0.45494246,1.1941892,-1.1723813,-0.3179444,-0.3516877,0.7715405,-0.9961256,-1.331517,-2.5429463,0.95823884,0.74369127,0.26343662,0.32925516,-0.04077144,
CMI,2026-10-05,Cummins Inc,Industrials,XLI,3208,True,high,0.8132530120481928,0.8410462776659959,0.206060606060606,0.523553441863301,False,0.52556651684467,amihud_21 z=-1.8; log_dvol_63 z=+1.6; up_day_frac_63 z=-2.1,-0.28670225,-1.0474068,-2.9451032,-1.3927401,0.21260788,-0.0058990526,-2.2878273,-0.76835847,1.4546436,-0.5874155,0.2953681,1.5609344,0.19778422,0.27944762,-0.28795528,
TROW,2026-10-05,T. Rowe Price Group Inc,Financial,XLF,3208,True,high,0.8072289156626506,0.8390342052313883,0.4181818181818181,0.6286080117066032,False,0.5223379522089615,mom_12_1 z=+1.0; days_since_52w_high z=-1.2; up_day_frac_63 z=-2.1,0.97613215,-0.4054402,-0.024315609,-0.7563786,-0.9753444,-1.5900706,-1.6747065,-1.0470239,1.5095986,-1.965674,1.1632172,0.89138305,0.15535736,0.13339143,-0.13751718,
FANG,2026-10-05,Diamondback Energy Inc,Energy,XLE,3208,True,low,0.8795180722891566,0.8370221327967807,0.3734939759036144,0.6052580543501975,False,0.5340149725704283,days_since_20pct_dd z=+1.0; dvol_trend_21_126 z=+0.9; streak_now z=-0.9,1.1006064,-0.2065995,-0.09957442,0.04165527,1.1741995,-0.73570454,-1.8870654,0.57546574,0.35678777,-1.7801777,0.8808888,-0.37173462,0.3687333,0.4514158,-0.15131393,
GLW,2026-10-05,Corning Inc,Technology,XLK,3208,True,high,0.8012048192771084,0.8350100603621731,0.7454545454545455,0.7902323029083593,False,0.5470119619160497,log_dvol_63 z=+1.5; dn_vol_63 z=+1.9; days_since_ignition z=+1.4,0.111691765,-0.64605683,-2.5905123,-0.5912864,-1.1108544,0.8196631,-0.3195008,-0.70920914,1.092756,-0.51919276,1.6794814,2.829571,0.743211,0.78469735,-0.41250244,
INTC,2026-10-05,Intel Corp,Technology,XLK,3208,True,high,0.7951807228915663,0.8329979879275654,0.7575757575757576,0.7952868727516615,False,0.5357800182498452,amihud_21 z=-2.1; log_dvol_63 z=+2.1; mom_12_1 z=+0.6,0.63414174,-0.3558,0.50569874,-0.45906207,-0.5460807,-0.51313925,-0.2313861,-0.09897995,-0.36324883,0.60731715,0.43028817,2.9269602,0.74538815,1.4576408,-0.18377241,
LH,2026-10-05,Labcorp Holdings Inc,Healthcare,XLV,3208,True,mid,0.8303030303030303,0.8309859154929577,0.7515151515151515,0.7912505335040546,False,0.5258152427389631,log_dvol_63 z=+2.3; clv_21 z=+0.1; corr_spy_63 z=-0.7,0.9898875,0.54937583,-0.6501212,0.09381042,0.90954477,-0.61855865,-0.4803892,-0.24587196,-0.33772662,-0.73434454,1.1612295,0.28763342,0.2645623,0.19830054,-0.09505046,
PM,2026-10-05,Philip Morris International Inc,Consumer Defensive,XLP,3208,True,low,0.8734939759036144,0.8289738430583501,0.8072289156626506,0.8181013793605003,True,0.4500774458665569,nr7_count_20 z=-1.5; dvol_trend_21_126 z=-0.6; streak_now z=+0.5,-0.174697,-0.020498872,-0.27683225,-1.2784069,-1.0243417,1.3906392,-0.053867634,-1.1373287,0.2236429,-1.4264594,0.33659533,-0.16023824,0.18057437,0.2216604,-0.07992255,
AMAT,2026-10-05,Applied Materials Inc,Technology,XLK,3208,True,high,0.7891566265060241,0.8269617706237424,0.7333333333333333,0.7801475519785379,False,0.5168144442498013,log_dvol_63 z=+1.9; amihud_21 z=-1.9; mom_12_1 z=+0.6,0.60036147,-0.9086814,-0.7279243,-0.53419507,-1.337957,-0.22081447,-0.4773644,0.69127256,-0.21957488,-1.1073099,1.7852774,2.6810405,0.4832353,0.96037865,-0.26607826,
SWKS,2026-10-05,Skyworks Solutions Inc,Technology,XLK,3208,True,high,0.7831325301204819,0.8249496981891348,0.7515151515151515,0.7882324248521431,False,0.5222229393688578,log_dvol_63 z=+2.7; days_since_52w_high z=-2.5; up_day_frac_63 z=+0.9,0.30091456,0.2945299,1.2543529,1.0664464,2.6074207,-2.8794286,0.13728979,-0.08800577,-1.2994798,-1.2218405,1.8377415,1.4842838,0.82724184,-0.045909733,-0.095797405,
TGT,2026-10-05,Target Corp,Consumer Defensive,XLP,3208,True,mid,0.8242424242424242,0.8229376257545271,0.8484848484848485,0.8357112371196878,True,0.433421705826353,days_since_20pct_dd z=+3.3; rs_sec_63 z=+1.6; corr_spy_63 z=-0.5,2.9957638,0.4923964,0.83372045,-0.7071466,-1.135837,-0.8249189,0.7304093,-1.2446418,-0.68838155,-0.51985687,-0.56926376,0.43926463,0.2404469,0.9065059,-0.10401168,
BMY,2026-10-05,Bristol-Myers Squibb Co,Healthcare,XLV,3208,True,low,0.8674698795180723,0.8209255533199196,0.536144578313253,0.6785350658165863,False,0.5519828900072753,days_since_20pct_dd z=+2.7; dvol_trend_21_126 z=+0.8; streak_now z=-0.5,2.4285905,0.9102858,0.35253754,-0.80267346,-0.24282692,1.8197169,0.8841314,-0.64155024,0.24240956,-0.10863411,-0.19423458,0.22231272,0.23033506,0.5604247,-0.13433743,
TXN,2026-10-05,Texas Instruments Inc,Technology,XLK,3208,True,high,0.7771084337349398,0.8189134808853119,0.806060606060606,0.812487043472959,True,0.5373462048142286,mom_12_1 z=+1.4; up_day_frac_63 z=+0.6; days_since_2x_low z=-2.1,1.4011885,-0.49718466,0.09823789,-0.84524405,-1.5986481,0.6812569,0.20972806,-0.24519432,0.002819118,-0.14722125,0.03401102,1.4746504,0.27152526,0.4282768,-0.11262491,
MO,2026-10-05,Altria Group Inc,Consumer Defensive,XLP,3208,True,low,0.8614457831325302,0.8169014084507042,0.7228915662650602,0.7698964873578822,False,0.5142642177479599,dvol_trend_21_126 z=-0.8; days_since_20pct_dd z=+0.6; nr7_count_20 z=+0.0,-0.6594733,-0.08491274,-1.165954,-1.3488055,-0.6941555,0.2290105,-1.0101624,-0.92759144,1.2753885,-1.4249083,1.787195,-0.49166957,0.15258074,0.1106221,-0.1050594,
ADI,2026-10-05,Analog Devices Inc,Technology,XLK,3208,True,high,0.7710843373493976,0.8148893360160966,0.8424242424242424,0.8286567892201695,True,0.5300747774397846,mom_12_1 z=+1.0; up_day_frac_63 z=+1.0; log_dvol_63 z=+1.4,0.95048016,-0.5160411,0.41265434,-0.3679596,-1.3531046,0.30315453,1.0448277,0.439176,-0.26230004,-0.30582333,0.17013195,1.6845274,0.32731462,0.4936018,-0.057260655,
UNP,2026-10-05,Union Pacific Corp,Industrials,XLI,3208,True,low,0.8554216867469879,0.8128772635814889,0.9216867469879518,0.8672820052847203,True,0.5367949432215945,dvol_trend_21_126 z=-1.0; days_since_20pct_dd z=+0.8; streak_now z=-0.5,1.2519671,0.1907649,-1.0469223,-0.44934914,-0.7524794,-1.5348932,-1.4541395,-0.53992283,0.4210357,-2.1831048,0.55803865,0.23390025,0.1841752,0.25892916,-0.11913117,
KLAC,2026-10-05,KLA Corp,Technology,XLK,3208,True,high,0.7650602409638554,0.8108651911468813,0.7878787878787878,0.7993719895128346,False,0.5752678891105119,log_dvol_63 z=+1.6; amihud_21 z=-1.5; up_day_frac_63 z=-1.8,-0.16538127,-0.8156271,-1.8345895,-0.77937853,-0.86022216,0.13618524,-0.77114487,-0.04210299,0.5741825,-1.1831036,1.0143203,2.7728033,0.4352889,0.52619195,-0.3262719,
ULTA,2026-10-05,Ulta Beauty Inc,Consumer Cyclical,XLY,3208,True,mid,0.8181818181818182,0.8088531187122736,0.5393939393939394,0.6741235290531065,False,0.428918940655797,log_dvol_63 z=-1.7; base_depth_126 z=+0.8; rs_sec_63 z=+1.7,-0.2870542,-1.5008188,-0.26146087,-0.78615385,-0.9667256,-0.9179161,-0.29205272,-1.1941209,-0.41514444,-0.091106415,-0.23961006,0.5630767,0.24798368,-0.0012728514,-0.2409192,
MSI,2026-10-05,Motorola Solutions Inc,Technology,XLK,3208,True,low,0.8493975903614458,0.806841046277666,0.8192771084337349,0.8130590773557005,True,0.4939894523669519,dvol_trend_21_126 z=-1.0; nr7_count_20 z=+0.1; streak_now z=+0.2,-0.5435265,-0.55871844,0.13577709,-0.8845245,-1.449746,-1.2994832,-0.61654663,-0.904592,-0.94504106,-1.5025407,1.1945215,0.14949302,0.15804315,0.06349491,-0.07740223,
DE,2026-10-05,Deere & Co,Industrials,XLI,3208,True,mid,0.8121212121212121,0.8048289738430584,0.8,0.8024144869215293,True,0.4974972100651508,rs_sec_63 z=+2.2; base_depth_126 z=+0.7; days_since_20pct_dd z=+1.8,2.4733236,0.6714412,0.87094676,-1.00681,-0.34796995,-0.7239589,-0.020498494,-1.0638102,-1.0194633,-1.6792495,1.1403494,0.48637828,0.23005009,0.51717436,-0.05184557,
AKAM,2026-10-05,Akamai Technologies Inc,Technology,XLK,3208,True,high,0.7590361445783133,0.8028169014084507,0.4,0.6014084507042254,False,0.5140152591795983,mom_12_1 z=+0.9; log_dvol_63 z=+1.6; days_since_2x_low z=-1.8,0.8720073,-0.013735598,-1.4304838,-0.46818212,0.64641285,0.39033258,-0.06606302,-0.6141246,-0.44085503,0.52486813,0.8155339,1.2965301,0.59934247,0.36520955,-0.34729525,
BRK-B,2026-10-05,Berkshire Hathaway Inc,Financial,XLF,3208,True,low,0.8433734939759037,0.8008048289738431,1.0,0.9004024144869216,True,0.5263358153147762,days_since_20pct_dd z=+0.6; streak_now z=+1.1; nr7_count_20 z=-0.9,-1.0433778,0.005764484,-0.01778427,-0.6450711,-0.48473525,1.8298444,0.701242,-0.5625489,0.337764,-1.4473473,0.07426354,0.013462288,0.119051985,0.024620889,-0.06226054,
JKHY,2026-10-05,Jack Henry & Associates Inc,Technology,XLK,3208,True,low,0.8373493975903614,0.7987927565392354,0.216867469879518,0.5078301132093768,False,0.5452447425580883,dvol_trend_21_126 z=-0.8; days_since_20pct_dd z=-1.0; nr7_count_20 z=-1.8,1.2893345,-0.009509493,-1.4730206,0.22419427,-0.4783476,-0.25673166,-0.6702976,0.32100973,-0.1260267,-1.5616533,1.9882426,-0.05554309,0.33955175,0.16402566,-0.24073575,
ABNB,2026-10-05,Airbnb Inc,Consumer Cyclical,XLY,1440,True,high,0.7530120481927711,0.7967806841046278,0.6545454545454545,0.7256630693250412,False,0.4338265131970287,mom_12_1 z=+2.3; log_dvol_63 z=+1.9; days_since_52w_high z=-1.2,2.2910564,0.23896544,0.12954247,0.51873463,0.8838062,-0.98786795,0.38102457,0.30764624,-1.2551531,-1.7224914,2.7506347,1.1083615,0.40558633,0.5248169,-0.151887,
DGX,2026-10-05,Quest Diagnostics Inc,Healthcare,XLV,3208,True,low,0.8313253012048193,0.7947686116700201,0.6987951807228916,0.7467818961964559,False,0.5060531539213928,days_since_20pct_dd z=+1.0; dvol_trend_21_126 z=+1.2; streak_now z=-0.4,1.5436105,0.5976693,-0.09627595,0.2505275,0.7321238,-1.2669201,-1.5116433,-0.094426855,-0.9856074,-1.4497863,1.9870818,-0.12887092,0.26218516,0.34616226,-0.06678989,
BDX,2026-10-05,Becton Dickinson & Co,Healthcare,XLV,3208,True,mid,0.806060606060606,0.7927565392354124,0.8181818181818182,0.8054691787086153,False,0.4792238786873032,rs_sec_63 z=+1.9; log_dvol_63 z=-0.9; base_depth_126 z=+0.7,2.4326575,0.74425447,1.3589132,-0.19069932,-1.1721349,-0.25590628,0.6002488,-0.8127718,-0.9051288,-1.1218019,0.57976365,0.3297788,0.25970316,0.26924044,-0.05870699,
MMM,2026-10-05,3M Co,Industrials,XLI,3208,True,mid,0.8,0.7907444668008048,0.7878787878787878,0.7893116273397963,False,0.5266105981422098,corr_spy_63 z=-0.2; clv_21 z=+0.0; days_since_20pct_dd z=+1.1,-0.59679496,-0.19892983,-0.4504061,-0.42855415,-0.468728,-0.11815023,-0.576702,-0.8378671,-0.25697148,-0.24391538,-0.23685127,0.7340724,0.21767616,0.07945167,-0.11355114,
AEE,2026-10-05,Ameren Corp,Utilities,XLU,3208,True,low,0.8253012048192772,0.7887323943661971,0.8554216867469879,0.8220770405565925,False,0.5793444289757078,days_since_20pct_dd z=+1.3; dvol_trend_21_126 z=+0.2; nr7_count_20 z=+0.8,-0.36836758,-0.29460922,-1.1499387,-1.0225997,0.43000528,0.7055343,-1.5245202,1.0180843,1.8329477,-0.08864139,-1.065383,-0.09540121,0.12470818,0.055818122,-0.15139207,
GS,2026-10-05,Goldman Sachs Group Inc,Financial,XLF,3208,True,high,0.7469879518072289,0.7867203219315896,0.2909090909090909,0.5388147064203402,False,0.5348275286068384,up_day_frac_63 z=-3.3; days_since_ignition z=+1.5; amihud_21 z=-1.4,-0.21940802,-0.7015531,-2.6200056,-0.7816702,0.045946702,-1.3736883,-2.6309998,0.9892268,0.5758703,-0.017430006,1.5178561,1.5950667,0.24974681,0.35793123,-0.2219726,
IFF,2026-10-05,International Flavors & Fragrances Inc,Basic Materials,XLB,3208,True,mid,0.793939393939394,0.7847082494969819,0.7212121212121212,0.7529601853545516,False,0.5116836821612825,days_since_20pct_dd z=+2.1; base_depth_126 z=+0.7; rs_sec_63 z=+0.6,1.6908599,0.75382066,0.98502207,-1.2584792,-0.29829445,-0.7879322,-0.46571544,-1.1150062,-0.4644742,-0.83250564,0.43403083,0.7175951,0.16986431,0.43014827,-0.06343388,
AMGN,2026-10-05,AMGEN Inc,Healthcare,XLV,3208,True,mid,0.7878787878787878,0.7826961770623743,0.6424242424242425,0.7125602097433084,False,0.5168333811633484,log_dvol_63 z=+2.1; days_since_20pct_dd z=+1.7; rs_sec_63 z=+0.6,2.2122223,0.72706634,-0.08611744,1.6872559,1.0727776,-0.6710689,0.15915433,0.47338194,0.47011092,-0.9491049,2.245372,0.4956786,0.469643,0.5347679,-0.09853922,
ADP,2026-10-05,Automatic Data Processing Inc,Technology,XLK,3208,True,low,0.8192771084337349,0.7806841046277666,0.6265060240963856,0.7035950643620761,False,0.4565583472910461,nr7_count_20 z=-1.8; dvol_trend_21_126 z=-0.4; days_since_20pct_dd z=-0.7,-0.2720025,0.77881694,0.19741869,-0.58757937,-1.0130618,-0.644283,-0.3558851,-0.65957075,-0.50556093,-1.4587293,1.3637714,-0.026761975,0.2429045,0.00011537755,-0.09053596,
DPZ,2026-10-05,Dominos Pizza Inc,Consumer Cyclical,XLY,3208,True,low,0.8132530120481928,0.778672032193159,0.1385542168674698,0.4586131245303144,False,0.5010174858832122,dvol_trend_21_126 z=-1.4; days_since_20pct_dd z=-1.0; streak_now z=-0.4,-1.0399143,-0.9024364,-1.6574916,-0.002717244,-0.7019069,-0.06564419,-0.94583017,0.33873218,-0.51363176,-1.4231102,1.7592807,0.10036594,0.31001738,-0.18291633,-0.3162029,
AIG,2026-10-05,American International Group Inc,Financial,XLF,3208,True,low,0.8072289156626506,0.7766599597585513,0.7349397590361446,0.755799859397348,False,0.5304465842261769,dvol_trend_21_126 z=+1.0; days_since_20pct_dd z=+0.8; nr7_count_20 z=-1.9,-0.9844009,-0.55275124,-1.2527124,-0.76141614,1.0004706,0.16830274,-0.6439155,-1.2105753,0.2179742,-1.6905056,-0.2507242,0.048077837,0.19857709,-0.017640732,-0.12281904,
LIN,2026-10-05,Linde Plc,Basic Materials,XLB,3208,True,low,0.8012048192771084,0.7746478873239436,0.7831325301204819,0.7788902087222127,False,0.4188749378745874,days_since_20pct_dd z=+0.6; streak_now z=+0.8; dvol_trend_21_126 z=-0.5,-0.7322536,0.068664744,-1.4246441,-0.69364834,-0.601206,0.7645502,0.14221467,-0.81631273,2.047308,-1.4678245,1.1327999,0.08444843,0.15362395,0.04100541,-0.11716791,
FLEX,2026-10-05,Flex Ltd,Technology,XLK,3208,True,high,0.7409638554216867,0.772635814889336,0.7151515151515152,0.7438936650204255,False,0.5052294863221085,days_since_52w_high z=+1.9; log_dvol_63 z=+1.4; dn_vol_63 z=+1.3,0.4326031,-0.9932845,-2.2763207,-0.7596816,-1.1343917,-0.9371066,-1.0763581,-0.94724166,0.9534674,0.46520627,0.4854251,2.885292,0.49399495,0.8572904,-0.3002517,
PFG,2026-10-05,Principal Financial Group Inc,Financial,XLF,3208,True,mid,0.7818181818181819,0.7706237424547284,0.8666666666666667,0.8186452045606976,False,0.524128700893873,log_dvol_63 z=+2.0; days_since_20pct_dd z=+1.9; sharpe_21 z=-1.7,2.1405804,0.10488609,0.0055984957,-0.7495608,-0.116908014,1.5663766,-0.18946919,-0.5815035,-1.3381603,-1.1178427,1.6066456,0.6091524,0.17118472,0.4549609,-0.08375971,
ALLE,2026-10-05,Allegion plc,Industrials,XLI,3208,True,mid,0.7757575757575758,0.7686116700201208,0.7272727272727273,0.7479421986464241,False,0.56987845002263,corr_spy_63 z=-2.4; rs_sec_63 z=+1.8; log_dvol_63 z=+1.6,-1.6666814,0.40695527,-0.5097304,-0.83498955,-0.17541103,-0.6854446,-0.74712664,-1.1167188,-1.1873925,-2.4163356,1.6173401,0.51334375,0.1711913,-0.117854565,-0.15112376,
A,2026-10-05,Agilent Technologies Inc,Healthcare,XLV,3208,True,high,0.7349397590361446,0.7665995975855131,0.9515151515151516,0.8590573745503324,False,0.4724561079892888,log_dvol_63 z=+2.9; days_since_52w_high z=-1.5; dn_vol_63 z=-0.7,0.49418253,0.36252022,1.4237068,0.3219637,0.5150621,-1.9629674,0.7249333,2.199466,-1.0133843,-1.2476405,0.5658399,0.84986883,0.33865327,0.08781928,-0.032533236,
PH,2026-10-05,Parker-Hannifin Corp,Industrials,XLI,3208,True,mid,0.7696969696969697,0.7645875251509054,0.9575757575757576,0.8610816413633315,False,0.5420117055148229,sharpe_21 z=-0.2; rs_sec_63 z=+0.8; base_depth_126 z=-1.0,-0.6198835,-0.94636774,-1.0455787,-0.8224808,-0.8213897,0.9003579,-0.15151595,-0.7940323,0.3124901,-1.2675024,0.8359163,0.82972753,0.18192698,0.28281194,-0.11118326,
CPT,2026-10-05,Camden Property Trust,Real Estate,XLRE,3208,True,low,0.7951807228915663,0.7625754527162978,0.5903614457831325,0.6764684492497152,False,0.5724449993077203,days_since_20pct_dd z=+0.6; dvol_trend_21_126 z=-0.1; nr7_count_20 z=-0.1,0.051411264,0.25602713,-1.0204641,-1.065922,-0.22743642,-0.43183455,-1.845822,0.700739,1.7558726,-1.4526176,-0.8718672,0.09831934,0.14302716,0.042125974,-0.17845193,
ROK,2026-10-05,Rockwell Automation Inc,Industrials,XLI,3208,True,high,0.7289156626506024,0.7605633802816901,0.8,0.7802816901408451,False,0.5400325766862462,mom_12_1 z=+0.4; up_day_frac_63 z=+0.4; amihud_21 z=-1.2,0.39866,-0.22587314,0.37141642,-0.9381278,-0.88945496,1.1589425,-0.025068756,-0.11232437,0.87264514,-2.9968545,0.08870511,1.3712255,0.20330031,0.24468431,-0.081988625,
CIEN,2026-10-05,CIENA Corp,Technology,XLK,3208,True,high,0.7228915662650602,0.7585513078470825,0.5757575757575758,0.6671544418023292,False,0.5168242979892099,amihud_21 z=-1.5; log_dvol_63 z=+1.4; dn_vol_63 z=+1.1,-0.09680667,-0.41088378,-1.7959235,-0.89418435,-0.59220314,0.84161204,-0.49677658,-0.92175406,0.28931552,-0.6241855,1.4596758,2.4799724,0.6009643,1.079523,-0.38873115,
WELL,2026-10-05,Welltower Inc,Real Estate,XLRE,3208,True,low,0.7891566265060241,0.7565392354124748,0.9759036144578314,0.8662214249351531,False,0.6120730105021092,dvol_trend_21_126 z=-1.3; days_since_20pct_dd z=+0.8; streak_now z=-0.6,-0.11234748,-0.32660246,-2.4528317,-1.1821895,-1.2705779,-0.6936336,-2.9218132,-1.157916,1.2287588,-1.2614356,0.05635635,-0.016250964,0.15231736,0.39413038,-0.11831418,
P,2026-10-05,Everpure Inc,Technology,XLK,2744,True,high,0.7168674698795181,0.7545271629778671,0.993939393939394,0.8742332784586306,False,0.6296092101402714,log_dvol_63 z=+2.0; days_since_52w_high z=-1.2; up_day_frac_63 z=+1.7,-0.8000184,0.2515597,1.6023384,-0.6063926,3.7711732,0.907412,3.5446203,1.6043397,-0.6542333,-0.7441615,0.99358773,2.4410734,0.6296519,0.11218132,-0.0010414073,
VRSK,2026-10-05,Verisk Analytics Inc,Industrials,XLI,3208,True,low,0.7831325301204819,0.7525150905432596,0.2289156626506024,0.490715376596931,False,0.5877585498780434,dvol_trend_21_126 z=-2.2; days_since_20pct_dd z=-1.2; streak_now z=-0.9,-1.0646359,0.38833535,-1.1923577,-0.45057464,-1.2004899,0.21234116,-0.72126335,-0.46965104,0.0017629634,-1.5207114,1.7401763,-0.38081542,0.37145355,-0.22401659,-0.34084105,
EXC,2026-10-05,Exelon Corp,Utilities,XLU,3208,True,low,0.7771084337349398,0.7505030181086519,0.8373493975903614,0.7939262078495066,False,0.5929746070101274,days_since_20pct_dd z=+1.3; streak_now z=+1.2; nr7_count_20 z=+0.2,-0.5159589,-0.7750211,-1.9962342,-1.0220069,0.034733422,1.1216137,-0.99315405,1.0570943,2.1386495,-0.29981816,-0.55208087,-0.2202073,0.14051753,0.016889006,-0.17875198,
NWSA,2026-10-05,News Corp,Communication Services,XLC,3208,True,mid,0.7636363636363637,0.7484909456740443,0.7090909090909091,0.7287909273824766,False,0.5270399130318154,clv_21 z=+0.3; rs_sec_63 z=+1.0; up_day_frac_63 z=+0.6,-0.27504393,0.37487474,0.15372552,-0.24354488,-0.15772282,-0.25228035,0.34255135,-0.14007148,0.16547331,-1.547183,1.4858799,0.26318988,0.25425118,0.088593245,-0.08252019,
PGR,2026-10-05,Progressive Corp,Financial,XLF,3208,True,low,0.7710843373493976,0.7464788732394366,0.463855421686747,0.6051671474630917,False,0.5461062070318591,nr7_count_20 z=-1.1; days_since_20pct_dd z=-0.7; dvol_trend_21_126 z=-0.3,-0.80354315,0.39319617,-0.08438833,-0.5365578,-0.5688545,1.4500493,-0.14713693,0.25786915,1.3686032,-0.9357572,1.8202225,-0.48904964,0.21749051,-0.021280205,-0.11136017,
BE,2026-10-05,Bloom Energy Corp,Industrials,XLI,2040,True,high,0.7108433734939759,0.744466800804829,0.8484848484848485,0.7964758246448387,False,0.4578933197011438,amihud_21 z=-1.9; log_dvol_63 z=+1.7; days_since_2x_low z=+1.2,-0.17159799,-0.585465,0.5934449,-1.1638118,0.31157658,-0.23610441,-0.37556633,-1.2967712,0.047007084,0.044450752,0.5382053,4.2175193,0.8724306,1.6767045,-0.1839843,
DLR,2026-10-05,Digital Realty Trust Inc,Real Estate,XLRE,3208,True,mid,0.7575757575757576,0.7424547283702213,0.6848484848484848,0.713651606609353,False,0.5148660043686143,rs_sec_63 z=+1.0; days_since_20pct_dd z=+1.4; clv_21 z=-1.8,-0.70885867,-1.3362265,-0.64364237,0.264608,-0.6357359,1.4558488,-0.30745432,-0.13152696,-0.77126575,-0.7442947,1.8044822,0.7958761,0.2690235,0.10418859,-0.12708654,
WEC,2026-10-05,WEC Energy Group Inc,Utilities,XLU,3208,True,low,0.7650602409638554,0.7404426559356136,0.6927710843373494,0.7166068701364815,False,0.5655915744007964,days_since_20pct_dd z=+1.0; dvol_trend_21_126 z=+0.9; streak_now z=-0.8,-0.80740464,-0.67898554,-1.387666,-0.3922302,1.3478599,0.035201933,-2.3235865,0.2888101,1.7013505,-0.0503577,-0.34725475,-0.09992427,0.14907071,-0.01500601,-0.1478356,
NUE,2026-10-05,Nucor Corp,Basic Materials,XLB,3208,True,high,0.7048192771084337,0.738430583501006,0.9393939393939394,0.8389122614474727,False,0.5063883344013138,mom_12_1 z=+2.1; up_day_frac_63 z=+1.0; amihud_21 z=-0.4,2.139054,0.006458375,0.5534313,0.31492755,-0.6111424,0.58597195,0.20214547,-0.37684134,0.062397692,-0.8939067,1.276469,0.9459377,0.3728922,0.9055689,-0.100327,
TDY,2026-10-05,Teledyne Technologies Inc,Technology,XLK,3208,True,high,0.6987951807228916,0.7364185110663984,0.5393939393939394,0.6379062252301689,False,0.5294529641215573,amihud_21 z=-1.7; up_day_frac_63 z=+0.4; dn_vol_63 z=-0.3,-0.7232881,-0.9153558,-0.883144,-1.3012431,-1.1415931,2.7536614,0.31834245,-1.1146789,0.41848293,-0.065396965,-0.6062083,1.057025,0.13870066,0.044145204,-0.11184367,
AAPL,2026-10-05,Apple Inc,Technology,XLK,3208,True,mid,0.7515151515151515,0.7344064386317908,0.7696969696969697,0.7520517041643802,False,0.4837772581858541,corr_spy_63 z=-2.6; base_depth_126 z=+0.7; log_dvol_63 z=+1.5,0.498352,-0.7278026,0.74801123,-0.40779713,-0.5925714,-0.36496496,-0.49668694,-0.7140417,0.58607024,-2.632769,1.4648527,0.68411785,0.2091274,0.28115118,-0.036051374,
VTR,2026-10-05,Ventas Inc,Real Estate,XLRE,3208,True,low,0.7590361445783133,0.7323943661971831,0.4578313253012048,0.595112845749194,False,0.5785926219576822,days_since_20pct_dd z=+1.0; streak_now z=-0.6; dvol_trend_21_126 z=-0.5,0.5022651,0.2670794,-2.519833,-0.79942834,0.46346545,0.20806259,-2.751722,-0.117285065,2.0804632,-1.2734798,0.89799994,-0.2121391,0.14791323,0.34810537,-0.19439249,
WM,2026-10-05,Waste Management Inc,Industrials,XLI,3208,True,low,0.7530120481927711,0.7303822937625755,0.7590361445783133,0.7447092191704443,False,0.5473292456881281,days_since_20pct_dd z=+0.0; dvol_trend_21_126 z=-0.4; streak_now z=+0.6,-0.7487195,-0.7728901,-2.4286458,-0.85905516,0.014807428,-0.47805962,-2.6829352,0.04400981,0.71556133,-1.2705,0.2349376,-0.37931007,0.15673633,0.03467205,-0.16013213,
MNST,2026-10-05,Monster Beverage Corp,Consumer Defensive,XLP,3208,True,low,0.7469879518072289,0.7283702213279678,0.5843373493975904,0.6563537853627791,False,0.5758627532056,days_since_20pct_dd z=+2.2; streak_now z=+1.2; nr7_count_20 z=-1.6,0.6607227,0.47172216,-0.6573287,-0.45332742,-0.46143126,-0.26454926,-0.4306632,-0.41227165,0.80496836,-0.62883395,0.5440758,0.22793828,0.2207292,0.304528,-0.13274866,
ORLY,2026-10-05,O'Reilly Automotive Inc,Consumer Cyclical,XLY,3208,True,low,0.7409638554216867,0.7263581488933601,0.3975903614457831,0.5619742551695717,False,0.434000861984029,days_since_20pct_dd z=-2.7; dvol_trend_21_126 z=-0.9; streak_now z=-2.2,-2.4617617,-0.35592446,-1.951935,-0.37647685,0.12149696,-0.5169513,-0.7463027,-1.4188577,-0.027545268,-0.65286624,1.1424462,0.015589957,0.22491083,-0.16757172,-0.2036826,
CFG,2026-10-05,Citizens Financial Group Inc,Financial,XLF,3005,True,high,0.6927710843373494,0.7243460764587525,0.6121212121212121,0.6682336442899823,False,0.548124482508561,amihud_21 z=-1.5; up_day_frac_63 z=-1.4; jump_21 z=+1.6,0.2956675,-0.39794305,-0.4099985,-0.31154773,-0.17726754,-0.072025,-1.5142939,0.8760806,1.4416338,-0.3255883,-0.61688286,0.99867016,0.23210946,0.37713814,-0.1462897,
CMCSA,2026-10-05,Comcast Corp,Communication Services,XLC,3208,True,low,0.7349397590361446,0.7223340040241448,0.0662650602409638,0.3942995321325543,False,0.4261310130633503,days_since_20pct_dd z=-0.8; streak_now z=+0.0; dvol_trend_21_126 z=-0.4,0.0425315,-0.13532776,-1.8405867,-0.19909441,-0.5306919,-0.43903613,-0.5833222,1.8498327,0.2170101,-0.6850363,1.4455546,0.14523648,0.30551276,-0.029606692,-0.32689822,
DIS,2026-10-05,Walt Disney Co,Communication Services,XLC,3208,True,mid,0.7454545454545455,0.7203219315895373,0.5696969696969697,0.6450094506432535,False,0.4335255613209531,log_dvol_63 z=-0.5; base_depth_126 z=+0.5; up_day_frac_63 z=+0.3,-0.52107114,-0.10446554,0.564123,-0.40134767,-0.56434464,-0.555115,0.6945676,-0.6013515,-0.042171728,-1.3449501,0.5861909,0.6571372,0.23763533,-0.030571654,-0.102311894,
ITW,2026-10-05,Illinois Tool Works Inc,Industrials,XLI,3208,True,mid,0.7393939393939394,0.7183098591549296,0.6060606060606061,0.6621852326077678,False,0.5596984456137324,rs_sec_63 z=+1.4; clv_21 z=+0.1; corr_spy_63 z=-1.7,-0.103656694,0.032225385,-0.9707899,-0.34500185,0.070518486,0.34839264,-0.9948429,-0.832526,0.15132904,-1.6886218,1.4983782,0.49313807,0.19279896,0.061635,-0.119294934,
LRCX,2026-10-05,Lam Research Corp,Technology,XLK,3208,True,high,0.6867469879518072,0.716297786720322,0.6666666666666666,0.6914822266934944,False,0.4979485084118475,amihud_21 z=-2.1; log_dvol_63 z=+1.7; days_since_ignition z=-1.1,0.25400725,-1.0037409,-0.44184783,-0.5454615,-0.6300065,-0.36588958,-0.37844443,0.27087054,-0.2988676,-1.197917,2.0954297,3.196233,0.55680704,0.9980934,-0.2105648,
WTW,2026-10-05,Willis Towers Watson Public Limited Co,Financial,XLF,3208,True,low,0.7289156626506024,0.7142857142857143,0.4156626506024096,0.564974182444062,False,0.5765740886634833,days_since_20pct_dd z=-1.1; streak_now z=-1.0; dvol_trend_21_126 z=-0.5,-0.75043,0.7130377,-1.4154625,-0.5633697,-0.74559873,-2.579494,-2.5735629,0.82493347,-0.36116272,-0.030220369,0.7901905,-0.11117091,0.22619325,-0.0011018758,-0.17762896,
HSIC,2026-10-05,Henry Schein Inc,Healthcare,XLV,3208,True,mid,0.7333333333333333,0.7122736418511066,0.7575757575757576,0.7349246997134321,False,0.6027246403242775,days_since_20pct_dd z=+2.4; corr_spy_63 z=-0.0; base_depth_126 z=+0.4,3.270578,0.6402605,0.91515285,-0.66403526,-0.6025233,0.05413396,-0.5118766,-0.7355367,0.7139008,-0.017725194,-1.3374491,0.49448952,0.20145169,0.37604123,-0.08624427,
NWS,2026-10-05,News Corp,Communication Services,XLC,3208,True,mid,0.7272727272727273,0.710261569416499,0.6181818181818182,0.6642216937991585,False,0.5179227446162127,log_dvol_63 z=+1.4; clv_21 z=+0.2; up_day_frac_63 z=+0.7,-0.5194519,0.2512095,-0.2260251,-0.32808375,-0.4665922,-0.5473994,0.16676068,-0.15450941,0.28778243,-1.4672956,1.6642984,0.3058761,0.25150132,0.07955476,-0.10245329,
TER,2026-10-05,Teradyne Inc,Technology,XLK,3208,True,high,0.6807228915662651,0.7082494969818913,0.8606060606060606,0.784427778793976,False,0.5395977619167682,mom_12_1 z=+0.6; log_dvol_63 z=+1.5; up_day_frac_63 z=+0.2,0.59721684,-0.71433926,0.73835564,-0.65129584,-1.7315879,-0.938673,-0.07863223,-0.21811773,-0.13160674,-1.4107531,1.5426192,3.275188,0.7143683,1.3463334,-0.088559866,
CINF,2026-10-05,Cincinnati Financial Corp,Financial,XLF,3208,True,low,0.7228915662650602,0.7062374245472837,0.6686746987951807,0.6874560616712322,False,0.6424628061906633,days_since_20pct_dd z=+1.9; dvol_trend_21_126 z=-0.5; streak_now z=+0.3,-0.5873848,-0.1179401,-1.457526,-1.2929854,0.056320887,-0.115357265,-2.3265235,-0.044368546,2.3680906,-1.4098117,0.7542789,-0.015397783,0.12327923,0.10671208,-0.16295709,
HSY,2026-10-05,Hershey Company,Consumer Defensive,XLP,3208,True,low,0.7168674698795181,0.704225352112676,0.4277108433734939,0.565968097743085,False,0.4692445477286976,dvol_trend_21_126 z=-1.0; streak_now z=+1.3; days_since_20pct_dd z=-0.7,-0.08911995,-0.9750057,-1.4581034,-1.3428918,-0.9130926,0.7862943,-0.12698992,-0.1132344,0.4166449,-1.2618511,-0.58395094,-0.1538163,0.16562992,-0.045926176,-0.31717244,
CNC,2026-10-05,Centene Corp,Healthcare,XLV,3208,True,mid,0.7212121212121212,0.7022132796780685,0.6606060606060606,0.6814096701420645,False,0.50878696501609,corr_spy_63 z=+1.6; base_depth_126 z=+0.6; log_dvol_63 z=+0.1,2.0293632,0.641491,0.9069022,-0.47973293,-0.64338154,-0.8817908,-0.97657627,-0.41182032,-0.1293579,1.6070939,-0.33919552,0.36156565,0.35431713,0.8473655,-0.076547384,
CRWD,2026-10-05,Crowdstrike Holdings Inc,Technology,XLK,1819,True,high,0.6746987951807228,0.7002012072434608,0.987878787878788,0.8440399975611244,False,0.5601945721737608,amihud_21 z=-2.1; days_since_52w_high z=-0.9; days_since_ignition z=-0.9,0.26073498,0.26332253,1.1454707,-0.10265433,-0.2188976,-1.4722792,0.32100996,0.38341564,-1.2425008,-1.4829367,2.9965744,1.4905026,0.55934083,0.7308374,-0.0056886463,
ROST,2026-10-05,Ross Stores Inc,Consumer Cyclical,XLY,3208,True,mid,0.7151515151515152,0.6981891348088531,0.8121212121212121,0.7551551734650326,False,0.5290921879152775,up_day_frac_63 z=+0.7; log_dvol_63 z=+1.3; base_depth_126 z=-1.0,1.0509309,-0.260052,-0.8484246,-0.88959485,-1.2365602,0.91837966,-0.41182107,-0.9776286,0.52313626,-1.4311508,0.52035195,0.6314695,0.20369764,0.4929081,-0.11748055,
CF,2026-10-05,CF Industries Holdings Inc,Basic Materials,XLB,3208,True,low,0.7108433734939759,0.6961770623742455,0.3313253012048193,0.5137511817895324,False,0.4391813170561174,days_since_2x_low z=-1.1; nr7_count_20 z=-1.6; streak_now z=+0.7,2.210056,-0.5022513,-0.6186234,-0.4954079,-0.6140131,-0.0933953,-0.5426507,1.6146238,-0.37561223,-1.6449924,0.5726402,-0.93014395,0.32982343,0.5656956,-0.18099679,
CAH,2026-10-05,Cardinal Health Inc,Healthcare,XLV,3208,True,low,0.7048192771084337,0.6941649899396378,0.6807228915662651,0.6874439407529515,False,0.579211871288197,days_since_20pct_dd z=-2.1; dvol_trend_21_126 z=-0.7; nr7_count_20 z=-1.0,1.0455676,0.53115314,-0.71652055,-0.24969912,-0.31227773,-1.0096134,-1.2287829,-0.018720098,0.31420323,-0.3397794,0.017664699,-0.08048085,0.23859242,0.5800689,-0.09538562,
DUK,2026-10-05,Duke Energy Corp,Utilities,XLU,3208,True,low,0.6987951807228916,0.6921529175050302,0.933734939759036,0.812943928632033,False,0.6316164778951654,days_since_20pct_dd z=+0.6; nr7_count_20 z=+1.8; streak_now z=-0.5,-0.88103545,-0.95403266,-2.372964,-1.4571187,0.3209338,-0.24328904,-2.54075,1.3816136,2.4284747,-0.55134416,-0.62989116,-0.28694564,0.1052697,0.033647824,-0.13872206,
LMT,2026-10-05,Lockheed Martin Corp,Industrials,XLI,3208,True,low,0.6927710843373494,0.6901408450704225,0.3192771084337349,0.5047089767520787,False,0.5253134556244783,days_since_20pct_dd z=-0.9; dvol_trend_21_126 z=-0.5; nr7_count_20 z=-0.8,0.01849925,-1.0340149,-1.2740868,-1.0916536,-0.76756257,0.6623261,-0.47070062,-0.7282095,-0.5638623,-0.78171605,1.1447191,0.023203738,0.17507929,0.09484375,-0.2585249,
GILD,2026-10-05,Gilead Sciences Inc,Healthcare,XLV,3208,True,mid,0.7090909090909091,0.6881287726358148,0.7393939393939394,0.7137613560148771,False,0.4914833601835702,corr_spy_63 z=-0.5; clv_21 z=-0.0; days_since_20pct_dd z=-0.9,0.69789666,-0.11970615,0.46588764,-0.8970649,-0.89859027,-1.142563,-0.48034877,-0.40571922,-0.047743846,-0.54952335,0.08637382,0.33032185,0.20388022,0.39371672,-0.06394617,
VLO,2026-10-05,Valero Energy Corp,Energy,XLE,3208,True,low,0.6867469879518072,0.6861167002012073,0.4397590361445783,0.5629378681728928,False,0.4893556624395493,days_since_20pct_dd z=+2.2; days_since_2x_low z=-1.4; dvol_trend_21_126 z=+3.0,2.573477,0.7205718,1.3021224,0.07020552,1.578153,-0.1320349,1.6720529,-0.4958172,-1.7327203,-1.1656187,0.8922117,-0.2595443,0.3946449,1.2984176,-0.006279976,
VLTO,2026-10-05,Veralto Corp,Industrials,XLI,733,True,mid,0.703030303030303,0.6841046277665996,0.793939393939394,0.7390220108529968,False,0.5681012356427481,rs_sec_63 z=+1.5; up_day_frac_63 z=+0.9; days_since_20pct_dd z=-1.0,-0.67544496,-0.2619127,0.47919658,-0.9367398,-0.4817997,0.9055083,1.0704496,-1.1981237,-0.32557687,-1.5041618,1.0453407,0.2779975,0.17553927,-0.076660335,-0.09996516,
SRE,2026-10-05,Sempra,Utilities,XLU,3208,True,low,0.6807228915662651,0.682092555331992,0.4096385542168674,0.5458655547744297,False,0.5664342673948023,days_since_20pct_dd z=-1.5; dvol_trend_21_126 z=-1.0; streak_now z=-0.5,-1.0109525,-1.301575,-1.7359896,-0.5055912,-0.4737383,-0.12049148,-2.2190518,0.6234606,0.94652855,-1.5502154,0.13904648,0.12822507,0.16969517,-0.032327373,-0.2143731,
GOOGL,2026-10-05,Alphabet Inc,Communication Services,XLC,3208,True,high,0.6686746987951807,0.6800804828973843,0.5333333333333333,0.6067069081153589,False,0.5363446967935923,days_since_52w_high z=+1.8; dn_vol_63 z=+1.1; days_since_ignition z=+1.3,-0.15515761,-0.76075876,-0.9086173,-0.51920444,-0.7027489,1.0359602,-0.008616288,-1.1956017,0.5896995,-0.95194864,1.5283879,1.3558987,0.2584742,0.3966791,-0.15102474,
XEL,2026-10-05,Xcel Energy Inc,Utilities,XLU,3208,True,low,0.6746987951807228,0.6780684104627767,0.8132530120481928,0.7456607112554847,False,0.5597563653369324,days_since_20pct_dd z=+1.4; streak_now z=+1.2; nr7_count_20 z=+0.8,-0.764868,-0.8895949,-0.8104802,-0.24277548,0.37189585,-0.43979576,-2.226249,0.90272945,1.0585234,0.41981873,-0.8584509,0.019177245,0.18425533,-0.019066196,-0.13405156,
TPR,2026-10-05,Tapestry Inc,Consumer Cyclical,XLY,3208,True,high,0.6626506024096386,0.676056338028169,0.4303030303030303,0.5531796841655996,False,0.4796223390848745,dn_vol_63 z=+1.8; mom_12_1 z=-1.0; ignition_mult_10 z=+0.5,-1.0038986,-0.55025864,-1.6424882,-0.7559244,0.7509461,-0.56290954,-1.0325302,-1.0387635,1.6801108,-2.229371,1.8320898,1.0733929,0.29325923,0.07052442,-0.28766185,
TRV,2026-10-05,Travelers Companies Inc,Financial,XLF,3208,True,low,0.6686746987951807,0.6740442655935613,0.8855421686746988,0.7797932171341301,False,0.5331373675047018,dvol_trend_21_126 z=-1.3; days_since_20pct_dd z=+0.0; streak_now z=+0.3,1.0538975,-0.053367388,-1.1398733,-0.4605565,-1.1967375,-0.1313069,-1.1573302,-0.31609204,-0.7242336,-1.6383483,1.7114717,-0.105417065,0.16688283,0.3525433,-0.09221658,
SW,2026-10-05,Smurfit WestRock plc,Consumer Cyclical,XLY,544,True,high,0.6566265060240963,0.6720321931589537,0.3212121212121212,0.4966221571855375,False,0.4879681811443868,mom_12_1 z=+1.2; amihud_21 z=-0.0; days_since_52w_high z=-3.4,1.1863222,-0.19217405,0.28919274,-1.3102736,-1.4988447,,-1.4985218,-0.85579765,0.019185096,-0.40337172,0.8927601,1.4905273,0.33569467,0.11277454,-0.17682777,
WDAY,2026-10-05,Workday Inc,Technology,XLK,3208,True,mid,0.696969696969697,0.670020120724346,0.4363636363636363,0.5531918785439911,False,0.4046351665077622,rs_sec_63 z=+1.2; base_depth_126 z=+0.2; corr_spy_63 z=-0.8,-0.3935538,0.5301715,-0.008382477,-1.069022,-1.4761513,-0.2955361,0.47175166,-1.2507042,-1.0919927,-0.8494232,2.1445568,0.36702284,0.3839244,-0.108487755,-0.2362166,
AIZ,2026-10-05,Assurant Inc,Financial,XLF,3208,True,low,0.6626506024096386,0.6680080482897385,0.6566265060240963,0.6623172771569175,False,0.6393997521159673,days_since_20pct_dd z=+1.5; streak_now z=-0.6; dvol_trend_21_126 z=+0.0,0.6948031,0.44816452,-1.2108374,-0.50686353,0.3729524,-0.39792958,-1.8244803,0.49439386,-0.24606153,-1.0803165,0.035488486,0.15742478,0.16418967,0.3367451,-0.12076968,
NXPI,2026-10-05,NXP Semiconductors NV,Technology,XLK,3208,True,high,0.6506024096385542,0.6659959758551308,0.3393939393939394,0.5026949576245351,False,0.4431307001749165,amihud_21 z=-1.4; log_dvol_63 z=+1.3; days_since_ignition z=+1.0,-0.6132051,-0.39000186,-1.1260843,-0.48577708,-0.15763101,-0.07543748,-0.92434514,-0.62807024,0.8714361,-0.95885146,0.31254593,1.8233771,0.37746027,0.0010025784,-0.2825906,
BR,2026-10-05,Broadridge Financial Solutions Inc,Technology,XLK,3208,True,low,0.6566265060240963,0.6639839034205232,0.3253012048192771,0.4946425541199001,False,0.469340647320739,days_since_20pct_dd z=-1.4; dvol_trend_21_126 z=-1.1; nr7_count_20 z=-0.6,-1.3369302,0.9279741,-1.2849514,-0.7243107,-0.89647305,-0.8130306,0.0194422,-0.58650124,-0.7668684,-0.89517075,1.8814874,0.10299151,0.24126971,-0.21691617,-0.3184114,
MAR,2026-10-05,Marriott International Inc,Consumer Cyclical,XLY,3208,True,mid,0.6909090909090909,0.6619718309859155,0.7333333333333333,0.6976525821596244,False,0.5078605707372894,corr_spy_63 z=-2.7; sharpe_21 z=+0.8; log_dvol_63 z=+1.5,0.13418953,-0.6705864,-0.81039065,-0.89567626,0.3136936,1.3217801,-0.51054525,-0.04102598,1.3976814,-2.6646264,1.4341063,0.62160695,0.19332144,0.27202874,-0.13228567,
JBL,2026-10-05,Jabil Inc,Technology,XLK,3208,True,high,0.6445783132530121,0.6599597585513078,0.6424242424242425,0.6511920004877751,False,0.514212918500577,dn_vol_63 z=+1.2; log_dvol_63 z=+1.3; days_since_ignition z=+1.2,-0.21594046,-0.34783334,-1.6470749,-0.08346084,0.74885553,0.9888371,0.14282252,-0.7711455,0.5719418,-0.18951316,1.4317386,2.0693488,0.538052,0.41996762,-0.2982421,
CPRT,2026-10-05,Copart Inc,Industrials,XLI,3208,True,low,0.6506024096385542,0.6579476861167002,0.0783132530120482,0.3681304695643742,False,0.5120489165673013,days_since_20pct_dd z=-1.0; dvol_trend_21_126 z=-0.6; nr7_count_20 z=-0.9,-0.92136914,-1.0772604,-1.2306576,0.2059802,-0.18006667,-1.503218,-0.20713146,1.1974545,-1.0855585,-1.7193003,2.4943576,0.13374475,0.34761637,-0.24657837,-0.3974722,
IT,2026-10-05,Gartner Inc,Technology,XLK,3208,True,mid,0.6848484848484848,0.6559356136820925,0.5515151515151515,0.603725382598622,False,0.5254780012600643,base_depth_126 z=+0.8; rs_sec_63 z=+1.5; log_dvol_63 z=-0.0,-0.4398611,0.2554938,0.032711104,-0.19799668,-0.97300076,-1.5820395,0.10642534,-0.33706403,-1.0826938,-1.2756447,2.0743299,0.4491373,0.5737656,-0.2401353,-0.28292087,
PNW,2026-10-05,Pinnacle West Capital Corp,Utilities,XLU,3208,True,low,0.6445783132530121,0.6539235412474849,0.7409638554216867,0.6974436983345857,False,0.6298815224178799,days_since_20pct_dd z=+0.6; streak_now z=+1.1; nr7_count_20 z=-0.0,0.25926447,-0.018599192,-1.297991,-0.049421523,-0.016689926,0.42645642,-1.3662695,0.5501064,1.9054122,0.5208151,-1.1744918,-0.12982778,0.15897557,0.1582013,-0.12889047,
ODFL,2026-10-05,Old Dominion Freight Line Inc,Industrials,XLI,3208,True,high,0.6385542168674698,0.6519114688128773,0.2363636363636363,0.4441375525882568,False,0.5093261005166966,mom_12_1 z=+1.0; amihud_21 z=-1.6; up_day_frac_63 z=-1.4,0.97765505,-0.07041761,-0.9035611,-1.1391823,-0.76278955,-0.24735805,-1.854888,-1.3513888,0.7155975,-1.7424301,-0.22244412,0.999938,0.2524757,0.3293344,-0.28719366,
AJG,2026-10-05,Arthur J. Gallagher & Co,Financial,XLF,3208,True,low,0.6385542168674698,0.6498993963782697,0.2831325301204819,0.4665159632493758,False,0.5599369494109251,days_since_20pct_dd z=-1.5; nr7_count_20 z=-1.0; dvol_trend_21_126 z=-0.5,-0.9625849,0.4017654,-1.064278,-0.38765773,-0.8903148,-0.99630326,-0.9210286,-0.121615835,-0.4020239,-1.5879064,1.4104803,-0.30642557,0.31827557,-0.12826544,-0.2667406,
PRU,2026-10-05,Prudential Wealth Advisors,Financial,XLF,3208,True,mid,0.6787878787878788,0.647887323943662,0.7818181818181819,0.7148527528809219,False,0.5459556086917932,sharpe_21 z=-2.0; corr_spy_63 z=-0.7; rs_sec_63 z=+0.6,0.90038997,-0.29801163,-0.06797297,-0.6300872,-1.0671318,0.6232721,-0.59685916,-0.41030818,0.013130068,-0.73929405,-0.073394954,0.6607579,0.1760544,0.27257404,-0.10123654,
FFIV,2026-10-05,F5 Inc,Technology,XLK,3208,True,high,0.6325301204819277,0.6458752515090543,0.9333333333333332,0.7896042924211938,False,0.5067019827224224,days_since_2x_low z=-6.0; days_since_52w_high z=-0.7; log_dvol_63 z=+1.2,-0.4043272,0.063578516,1.0581394,-0.6120579,-1.1453375,-0.010605744,-0.13087943,0.29909986,0.062439542,-0.73896825,1.1856852,1.0104766,0.326562,0.19857572,-0.007510825,
GOOG,2026-10-05,Alphabet Inc,Communication Services,XLC,3208,True,high,0.6265060240963856,0.6438631790744467,0.5454545454545454,0.594658862264496,False,0.5157674019313203,days_since_52w_high z=+1.8; days_since_ignition z=+1.2; dn_vol_63 z=+0.9,-0.20331678,-0.79330367,-0.89056385,-0.5306311,-0.64057285,0.8667286,0.04377632,-1.2664235,0.52702534,-0.9822044,1.4370211,1.3382735,0.25013357,0.3786658,-0.14886083,
BAX,2026-10-05,Baxter International Inc,Healthcare,XLV,3208,True,high,0.6204819277108434,0.641851106639839,0.4727272727272727,0.5572891896835559,False,0.5091567168120903,mom_12_1 z=+1.7; days_since_52w_high z=-3.5; dn_vol_63 z=-0.5,1.6648811,0.85089725,0.86450946,-0.97039133,-0.4621271,-1.5209624,-0.016578142,-1.0308024,-1.1785655,0.08379523,0.3796613,1.1031446,0.2698828,0.102853365,-0.1923552,
MS,2026-10-05,Morgan Stanley,Financial,XLF,3208,True,high,0.6144578313253012,0.6398390342052314,0.4909090909090909,0.5653740625571612,False,0.5284861360829864,amihud_21 z=-1.7; mom_12_1 z=+0.5; up_day_frac_63 z=-2.1,0.5445067,-0.8991465,-1.5748326,-0.76485497,-0.17955166,-0.8916266,-2.28078,1.3738437,1.1163318,0.5817771,-0.45331293,1.3995557,0.21430303,0.42995912,-0.1765901,
MCK,2026-10-05,Mckesson Corp,Healthcare,XLV,3208,True,low,0.6325301204819277,0.6378269617706237,0.5481927710843374,0.5930098664274805,False,0.5070884128800588,dvol_trend_21_126 z=-0.8; days_since_20pct_dd z=-1.0; streak_now z=+1.0,-0.518685,-0.528283,-0.13395353,-0.24912393,-0.13409787,-1.1187108,-1.5953951,-0.69559354,-0.85755545,-0.8223544,1.0172613,-0.23500669,0.2803972,0.21920055,-0.081645295,
CNP,2026-10-05,Centerpoint Energy Inc,Utilities,XLU,3208,True,low,0.6265060240963856,0.635814889336016,0.6445783132530121,0.6401966012945141,False,0.5867230373492445,days_since_20pct_dd z=+0.6; streak_now z=-0.6; nr7_count_20 z=-1.0,-0.56701994,-0.6503556,-2.3798227,-0.37504002,0.9573339,-1.2338849,-2.6137686,1.4497269,1.7790132,-0.6698068,0.082870394,-0.12699668,0.16119798,0.067883685,-0.16094564,
WAB,2026-10-05,Westinghouse Air Brake Technologies Corp,Industrials,XLI,3208,True,high,0.608433734939759,0.6338028169014085,0.6787878787878788,0.6562953478446436,False,0.5585954236163788,mom_12_1 z=+0.5; ignition_mult_10 z=+0.8; log_dvol_63 z=+1.2,0.46862575,-0.7043692,0.10878197,-0.9271066,-0.6116763,0.71123236,-0.0828529,-0.70815754,-0.66930974,-2.2048848,1.6882155,0.9738541,0.17035502,0.42589685,-0.047217496,
AMD,2026-10-05,Advanced Micro Devices Inc,Technology,XLK,3208,True,high,0.6024096385542169,0.6317907444668008,0.9636363636363636,0.7977135540515823,False,0.5305704298426899,mom_12_1 z=+1.4; days_since_52w_high z=-1.0; up_day_frac_63 z=+0.7,1.3564872,0.21304043,1.3483074,-0.9147564,-1.135784,1.1152357,0.52602977,0.52960694,-0.33400637,-0.4040541,0.9326773,3.204977,0.53476214,1.6875627,-0.021240698,
CPAY,2026-10-05,Corpay Inc,Technology,XLK,3208,True,mid,0.6727272727272727,0.6297786720321932,0.7757575757575758,0.7027681238948844,False,0.4603258330329441,base_depth_126 z=+0.6; log_dvol_63 z=+1.4; corr_spy_63 z=-1.7,1.4948767,0.53163886,0.6881818,-1.2471842,-1.1189153,-0.4493644,-0.41275978,-1.3817812,-0.7860113,-1.6777774,-0.32526213,0.8487278,0.17283079,0.46240148,-0.06021614,
CARR,2026-10-05,Carrier Global Corp,Industrials,XLI,1625,True,high,0.5963855421686747,0.6277665995975855,0.1333333333333333,0.3805499664654594,False,0.5127715069507534,amihud_21 z=-1.3; dn_vol_63 z=+0.8; up_day_frac_63 z=-1.3,-0.5060716,-0.4755134,-1.1888828,-1.1363897,0.082880266,0.07201083,-1.4168186,-0.7621874,1.5400053,-0.19431747,-0.03483013,1.2813348,0.23191036,0.018483398,-0.27136004,
ACN,2026-10-05,Accenture plc,Technology,XLK,3208,True,mid,0.6666666666666666,0.6257545271629779,0.2848484848484848,0.4553015060057313,False,0.4724404956055416,rs_sec_63 z=+1.9; clv_21 z=-2.6; sharpe_21 z=+0.1,-0.5924985,-0.7144811,-0.56512916,1.2351202,-0.20001513,-0.88241625,1.4638498,0.21701944,-1.6281202,-1.453751,2.3281472,0.2486036,0.7206797,-0.1933391,-0.3161245,
V,2026-10-05,Visa Inc,Financial,XLF,3208,True,mid,0.6606060606060606,0.6237424547283702,0.8727272727272727,0.7482348637278214,False,0.5516149171123463,rs_sec_63 z=+1.8; days_since_20pct_dd z=-1.5; base_depth_126 z=+0.4,-0.37680784,0.3183326,0.43777043,-0.62743783,-1.0850053,-0.9035364,-0.95394397,-1.0024406,-0.6639042,-1.6038076,0.5420282,0.29697108,0.18250206,0.1035672,-0.041133948,
ES,2026-10-05,Eversource Energy,Utilities,XLU,3208,True,low,0.6204819277108434,0.6217303822937625,0.8313253012048193,0.7265278417492909,False,0.5579740477646815,days_since_20pct_dd z=+1.6; streak_now z=+2.1; dvol_trend_21_126 z=+0.2,-0.027911257,-0.12029122,-0.27107885,-0.59352833,0.058343362,0.089285396,-2.0077772,0.99472237,1.1339525,-0.13873559,-1.6392951,0.069940254,0.17935161,0.029428747,-0.14520559,
LYB,2026-10-05,LyondellBasell Industries NV,Basic Materials,XLB,3208,True,low,0.6144578313253012,0.6197183098591549,0.2951807228915662,0.4574495163753606,False,0.4630701103529273,days_since_2x_low z=-1.3; dvol_trend_21_126 z=-1.3; streak_now z=+1.3,1.7024907,-1.1306926,-0.45891872,-0.78002423,-1.6415856,0.7388966,0.23149835,-0.27481952,-0.6307986,-1.831419,0.33249676,-0.38249767,0.2940249,0.39551595,-0.27975664,
REGN,2026-10-05,Regeneron Pharmaceuticals Inc,Healthcare,XLV,3208,True,mid,0.6545454545454545,0.6177062374245473,0.4181818181818181,0.5179440278031827,False,0.5012814332934634,corr_spy_63 z=-0.1; log_dvol_63 z=-0.2; sharpe_21 z=-1.9,1.2642883,-0.13372214,0.25881293,-0.5977566,-0.6159357,0.8081154,0.4955537,-0.073739484,-0.49618533,-0.050736282,0.1355352,0.4668518,0.26561695,0.41299197,-0.15461873,
WMT,2026-10-05,Walmart Inc,Consumer Defensive,XLP,3208,True,low,0.608433734939759,0.6156941649899397,0.2469879518072289,0.4313410583985843,False,0.5072572535325798,days_since_20pct_dd z=-1.8; dvol_trend_21_126 z=-0.6; streak_now z=+0.3,-1.3888056,-0.71268207,-2.8193781,-0.86181825,-0.38511178,0.44575238,-0.4380302,-0.72118765,1.4553432,-0.5928999,1.4292271,-0.050093725,0.21034549,0.07505262,-0.22076401,
MDLZ,2026-10-05,Mondelez International Inc,Consumer Defensive,XLP,3208,True,low,0.6024096385542169,0.613682092555332,0.7710843373493976,0.6923832149523648,False,0.4733620989338533,days_since_20pct_dd z=+0.4; streak_now z=+0.9; nr7_count_20 z=+0.5,0.35272768,0.46330696,0.13268606,-1.5945699,-0.88157064,0.7287121,-0.0022988606,0.25873592,-0.6923533,-1.8123353,0.52099675,-0.22791873,0.15089022,0.02099383,-0.1146698,
MKC,2026-10-05,McCormick & Co Inc,Consumer Defensive,XLP,3208,True,low,0.5963855421686747,0.6116700201207244,0.1144578313253012,0.36306392572301277,False,0.5654641363674272,streak_now z=+0.9; nr7_count_20 z=-0.7; days_since_20pct_dd z=-0.7,-0.8078096,0.14636065,-1.6476725,-0.32746598,-0.2687268,-0.7821478,-0.42877352,0.32812616,0.79539675,0.016891878,0.6398627,-0.30277613,0.28057057,-0.20284215,-0.35972548,
SO,2026-10-05,Southern Company,Utilities,XLU,3208,True,low,0.5903614457831325,0.6096579476861167,0.7951807228915663,0.7024193352888415,False,0.603063585470027,days_since_20pct_dd z=+0.7; streak_now z=+1.2; dvol_trend_21_126 z=+0.1,-1.4543899,-0.90330297,-2.4186406,-0.84438604,0.46977508,0.9069014,-1.738337,1.0008659,2.1941736,-0.4240324,-1.2380754,-0.22841105,0.13140409,-0.023312794,-0.14888293,
OKE,2026-10-05,Oneok Inc,Energy,XLE,3208,True,low,0.5843373493975904,0.607645875251509,0.6506024096385542,0.6291241424450316,False,0.5847030330858409,streak_now z=+1.0; nr7_count_20 z=-0.8; dvol_trend_21_126 z=-0.1,0.913274,-0.2636635,0.15508163,-0.5232611,-0.4598643,0.80220765,-0.50400096,0.52893215,-0.23649402,-1.5319363,0.37264642,-0.42185336,0.24585669,0.3929579,-0.11286927,
EW,2026-10-05,Edwards Lifesciences Corp,Healthcare,XLV,3208,True,mid,0.6484848484848484,0.6056338028169014,0.6484848484848484,0.627059325650875,False,0.4711128929303568,days_since_20pct_dd z=+2.5; corr_spy_63 z=-1.8; log_dvol_63 z=+0.0,1.1476557,0.09824067,0.52275467,-0.0044753617,-0.90663505,0.65821916,1.6476338,-0.5966313,0.3116414,-1.8173857,-0.2872033,0.5627235,0.28717765,0.17129807,-0.094090745,
MOS,2026-10-05,Mosaic Company,Basic Materials,XLB,3208,True,mid,0.6424242424242425,0.6036217303822937,0.1272727272727272,0.36544722882751046,False,0.5251258357068759,rs_sec_63 z=+0.6; sharpe_21 z=-1.7; base_depth_126 z=-0.2,-0.6168033,-1.361511,-0.9283458,-0.75012,-0.45337704,-0.095352896,-0.6841614,1.6876451,-1.1082894,-1.011321,0.39484158,0.74557406,0.3363488,-0.2461338,-0.3868903,
COHR,2026-10-05,Coherent Corp,Technology,XLK,3208,True,high,0.5903614457831325,0.6016096579476862,0.7818181818181819,0.6917139198829341,False,0.4785106878299022,log_dvol_63 z=+1.6; amihud_21 z=-1.6; dn_vol_63 z=+1.4,0.3420727,-1.1706365,-0.40146938,-0.32105374,0.07002747,0.37795934,-0.13448338,-0.69552666,0.38593224,-0.9454949,2.2548938,3.2273426,0.86160755,1.3442681,-0.24172723,
TRGP,2026-10-05,Targa Resources Corp,Energy,XLE,3208,True,low,0.5783132530120482,0.5995975855130785,0.6325301204819277,0.6160638529975031,False,0.5154961886746875,days_since_2x_low z=-2.1; streak_now z=+1.0; dvol_trend_21_126 z=-0.4,0.99319553,0.24229531,0.2731931,-0.74435616,-0.62536335,0.03574981,-0.7162198,-0.7122896,-0.2475938,-1.8753464,0.91934294,-0.16524416,0.23276946,0.8435416,-0.06670133,
MPWR,2026-10-05,Monolithic Power System Inc,Technology,XLK,3208,True,high,0.5843373493975904,0.5975855130784709,0.6909090909090909,0.6442473019937809,False,0.523815967958437,log_dvol_63 z=+1.7; amihud_21 z=-1.6; days_since_ignition z=-1.0,-0.2783432,-1.4385005,0.21939182,-0.19148798,-0.083240956,0.14121006,0.3730412,0.9827926,-0.1582525,-1.8807354,1.176647,2.550403,0.53629625,0.3111003,-0.13403769,
BRO,2026-10-05,Brown & Brown Inc,Financial,XLF,3208,True,low,0.572289156626506,0.5955734406438632,0.1746987951807229,0.3851361179122931,False,0.6236767955444921,days_since_20pct_dd z=-1.1; dvol_trend_21_126 z=-0.7; nr7_count_20 z=-0.0,-1.0039268,-0.0792227,-1.1524891,-0.56847596,-0.9234851,-1.2631236,-1.081537,0.61525744,-0.02124196,-1.3980135,1.4206485,-0.32859167,0.29590824,-0.21603167,-0.36282393,
AOS,2026-10-05,A.O. Smith Corp,Industrials,XLI,3208,True,mid,0.6363636363636364,0.5935613682092555,0.2666666666666666,0.43011401743796107,False,0.5298847784178274,corr_spy_63 z=-0.1; days_since_20pct_dd z=-0.8; rs_sec_63 z=+0.6,-1.0402076,-1.7700601,-1.4163749,-1.0719166,-0.2948206,-0.38589057,-0.53175795,-1.3142458,-0.16387086,-0.0955926,0.8321525,0.7658817,0.20413403,-0.15855928,-0.29594672,
IRM,2026-10-05,Iron Mountain Inc,Real Estate,XLRE,3208,True,high,0.5783132530120482,0.5915492957746479,0.5575757575757576,0.5745625266752028,False,0.5344062229446771,log_dvol_63 z=+1.3; jump_21 z=-1.6; days_since_2x_low z=+0.7,-0.54065335,-1.0042697,-0.37568882,-0.9530033,-0.5879015,1.9081367,-0.64455897,-1.067252,0.53803456,-0.13662389,0.068728924,1.0916604,0.24237818,0.1416494,-0.15946825,
NVR,2026-10-05,NVR Inc,Consumer Cyclical,XLY,3208,True,mid,0.6303030303030303,0.5895372233400402,0.2121212121212121,0.4008292177306262,False,0.4817630876295474,log_dvol_63 z=+2.4; corr_spy_63 z=-0.6; days_since_20pct_dd z=-0.8,-1.2618824,-0.97830784,-1.1678637,-0.6803707,2.3225846,-1.8817147,-1.7816623,-1.0284798,0.52121955,-0.5602326,0.28651226,0.54432786,0.22751877,-0.2103248,-0.27192563,
DAL,2026-10-05,Delta Air Lines Inc,Industrials,XLI,3208,True,high,0.572289156626506,0.5875251509054326,0.6181818181818182,0.6028534845436253,False,0.5187882654003039,mom_12_1 z=+0.6; log_dvol_63 z=+0.5; days_since_ignition z=-1.2,0.5534993,-0.71039426,0.1677265,-1.01926,-0.3791919,0.5143432,0.04409998,-0.5405239,0.5289657,0.58814746,-1.4146925,1.6931655,0.26104262,0.39473596,-0.12954499,
MSCI,2026-10-05,MSCI Inc,Financial,XLF,3208,True,mid,0.6242424242424243,0.5855130784708249,0.4303030303030303,0.5079080543869277,False,0.5775507613882744,days_since_20pct_dd z=+2.0; clv_21 z=+0.1; base_depth_126 z=-0.9,-0.2283741,0.107129104,-0.72479796,-0.42611173,-0.46217552,-0.39869568,-0.4298459,-1.2556329,1.1505263,-1.2954311,0.9733461,0.35031,0.25032535,0.039461732,-0.1402742,
CSX,2026-10-05,CSX Corp,Industrials,XLI,3208,True,mid,0.6181818181818182,0.5835010060362174,0.6363636363636364,0.6099323211999268,False,0.5614383813607616,corr_spy_63 z=-2.6; rs_sec_63 z=+0.7; days_since_20pct_dd z=+0.9,1.4269279,-0.5487818,-0.27403688,-0.63901424,-0.73306936,0.5525543,-1.6525584,-0.43348464,-0.13365036,-2.619438,0.5240997,0.43328556,0.17455773,0.39498797,-0.11268941,
SOLV,2026-10-05,Solventum Corp,Healthcare,XLV,614,True,mid,0.6121212121212121,0.5814889336016097,0.7454545454545455,0.6634717395280776,False,0.5153023980647219,base_depth_126 z=+0.7; log_dvol_63 z=+0.1; rs_sec_63 z=+0.8,0.9561578,0.29017153,1.1106322,-1.5530071,-1.1766179,-0.27111566,0.6795711,-1.3251165,-0.82286984,-1.44181,0.36276346,0.57510054,0.18662986,0.23914215,-0.065102,
DVN,2026-10-05,Devon Energy Corp,Energy,XLE,3208,True,low,0.5662650602409639,0.579476861167002,0.2650602409638554,0.4222685510654287,False,0.4950658317577134,days_since_2x_low z=-1.2; days_since_20pct_dd z=+0.7; streak_now z=+1.2,1.8399951,-0.8901253,1.0730473,-0.12622425,0.095072,-0.17250715,0.006140034,-0.5879998,-0.56227976,-1.6430304,0.44786894,-0.5257035,0.35544044,0.44847503,-0.07732474,
DRI,2026-10-05,Darden Restaurants Inc,Consumer Cyclical,XLY,3208,True,low,0.5602409638554217,0.5774647887323944,0.3493975903614458,0.4634311895469201,False,0.5058134672794047,days_since_20pct_dd z=+0.9; dvol_trend_21_126 z=+0.3; nr7_count_20 z=-1.1,0.19742003,0.9085444,-0.718786,0.13462399,-0.005646179,0.47582656,0.18356113,0.54070044,0.31667852,-1.4031729,1.2342124,0.24178205,0.32264376,0.16262375,-0.1307451,
DOW,2026-10-05,Dow Inc,Basic Materials,XLB,1877,True,low,0.5542168674698795,0.5754527162977867,0.2891566265060241,0.4323046714019054,False,0.4470723503510638,days_since_2x_low z=-1.4; dvol_trend_21_126 z=-1.4; streak_now z=+1.4,1.4027275,-1.0751573,-0.40725255,-1.0971977,-1.2811574,0.70004857,-0.044792667,-0.8338326,-0.33923912,-2.116626,0.09743955,-0.077222496,0.23815799,0.34480536,-0.3183407,
CBOE,2026-10-05,Cboe Global Markets Inc,Financial,XLF,3208,True,low,0.5481927710843374,0.5734406438631791,0.0903614457831325,0.3319010448231558,False,0.5747860575657316,days_since_20pct_dd z=-2.7; dvol_trend_21_126 z=-1.0; streak_now z=+0.3,-0.26825786,0.15490039,-2.4261303,0.5333282,0.27309453,0.50701565,-0.48243132,-0.25261313,0.12712845,-0.8769967,1.364252,-0.35059306,0.3813135,0.24517475,-0.24881737,
MRK,2026-10-05,Merck & Co Inc,Healthcare,XLV,3208,True,low,0.5421686746987951,0.5714285714285714,0.5,0.5357142857142857,False,0.5302948798197055,days_since_2x_low z=-4.7; dvol_trend_21_126 z=+0.3; nr7_count_20 z=+1.0,2.2320344,0.73881376,0.3200946,-0.93242127,-0.66429675,0.53724873,-0.11661583,-0.9210604,-1.0166687,-0.29574138,1.7340926,0.16949241,0.2149152,0.7416277,-0.105508074,
AFL,2026-10-05,Aflac Inc,Financial,XLF,3208,True,low,0.536144578313253,0.5694164989939637,0.927710843373494,0.7485636711837289,False,0.6347874459466842,dvol_trend_21_126 z=-1.2; streak_now z=+0.7; days_since_20pct_dd z=+0.0,-0.8392946,0.13373871,-2.370427,-0.76701427,-0.7531632,0.65815806,-2.607969,-0.23788708,0.72774893,-1.2216759,-0.5568936,-0.1595137,0.12793653,0.09253597,-0.13265261,
BALL,2026-10-05,Ball Corp,Consumer Cyclical,XLY,3208,True,low,0.5301204819277109,0.5674044265593562,0.6144578313253012,0.5909311289423287,False,0.5260204797284063,dvol_trend_21_126 z=-1.1; days_since_20pct_dd z=+0.2; nr7_count_20 z=-0.0,1.1266655,-0.4328321,-0.1676031,-0.5411734,-0.95162296,-0.49164358,-1.0301702,0.085006855,0.39419264,-1.1721326,-0.62029725,0.18329905,0.2069076,0.26405126,-0.15545247,
GWW,2026-10-05,W.W. Grainger Inc,Industrials,XLI,3208,True,mid,0.6060606060606061,0.5653923541247485,0.6303030303030303,0.5978476922138893,False,0.5402185593265013,corr_spy_63 z=-3.2; log_dvol_63 z=+1.5; sharpe_21 z=-0.6,0.89130455,-0.4165364,0.027398763,-0.55181444,-0.044938345,-0.26999104,-1.6254321,-1.1823796,0.778748,-3.1967947,0.71419,0.52175134,0.19821736,0.3878776,-0.091947384,
MAS,2026-10-05,Masco Corp,Industrials,XLI,3208,True,high,0.5662650602409639,0.5633802816901409,0.4424242424242424,0.5029022620571917,False,0.4934487004544101,dn_vol_63 z=+2.1; amihud_21 z=-0.5; days_since_52w_high z=-0.4,-0.47649184,-0.3214272,-0.6353619,-0.8651274,-0.55993307,0.47042382,-1.531604,-1.5578744,1.7921517,0.31487444,1.0362357,1.142958,0.25424385,0.024625279,-0.17790262,
WRB,2026-10-05,W.R. Berkley Corp,Financial,XLF,3208,True,low,0.5240963855421686,0.5613682092555332,0.7289156626506024,0.6451419359530678,False,0.5563924089885967,dvol_trend_21_126 z=+2.7; days_since_20pct_dd z=+0.9; streak_now z=+1.2,-1.5059049,-0.11058336,-0.5262743,-1.0187776,2.2000866,-0.112334065,-1.7044412,-0.6299247,0.18689778,-1.5834446,-0.871675,-0.32533073,0.16270265,-0.06357121,-0.09787178,
NOW,2026-10-05,ServiceNow Inc,Technology,XLK,3208,True,mid,0.6,0.5593561368209256,0.4727272727272727,0.5160417047740992,False,0.4119415518045017,base_depth_126 z=+0.5; rs_sec_63 z=+0.8; days_since_20pct_dd z=-0.8,-0.9480033,0.2584448,-0.47845435,-0.8404476,-1.313131,-0.32940394,0.9877948,-1.3208392,-0.94096166,-1.4862815,1.2609792,0.6477461,0.43782687,-0.20014288,-0.29479805,
PWR,2026-10-05,Quanta Services Inc,Industrials,XLI,3208,True,high,0.5602409638554217,0.5573440643863179,0.5696969696969697,0.5635205170416437,False,0.5391967719445429,days_since_52w_high z=+2.9; log_dvol_63 z=+1.3; ignition_mult_10 z=-0.7,-0.030567558,-1.4536674,-0.57538235,-0.7171666,-1.044106,1.0273741,0.37786612,-0.7576149,-0.52897435,-1.4095875,1.6791875,1.6393496,0.3440007,0.47421527,-0.1332597,
NEM,2026-10-05,Newmont Corp,Basic Materials,XLB,3208,True,high,0.5542168674698795,0.5553319919517102,0.6606060606060606,0.6079690262788855,False,0.4630196123879013,dn_vol_63 z=-0.5; days_since_52w_high z=-0.7; amihud_21 z=-1.2,0.19943698,0.2833888,0.111781724,-1.548371,-0.90652555,-1.5410565,-0.100564964,-0.78267515,-1.1057657,0.58642614,0.2571867,1.616906,0.3014409,0.52323645,-0.14213096,
PG,2026-10-05,Procter & Gamble Co,Consumer Defensive,XLP,3208,True,low,0.5180722891566265,0.5533199195171026,0.9457831325301204,0.7495515260236114,False,0.5038292608893105,dvol_trend_21_126 z=-0.8; days_since_20pct_dd z=-1.0; nr7_count_20 z=+0.7,-0.37513867,-0.10264126,-0.6223033,-0.6580862,-1.5159125,1.339439,0.518967,-0.85426617,0.46871513,0.49641,-0.06032921,-0.032048773,0.17190282,-0.005324331,-0.11428047,
PPG,2026-10-05,PPG Industries Inc,Basic Materials,XLB,3208,True,high,0.5481927710843374,0.5513078470824949,0.3636363636363636,0.4574721053594293,False,0.4851836485102506,log_dvol_63 z=-1.0; mom_12_1 z=+1.0; amihud_21 z=-0.4,0.9917068,0.3085337,-0.81362504,-1.1184866,-0.800381,0.44867906,-0.66736853,-1.342484,1.1032658,0.37497163,0.48022825,1.0401434,0.19460396,0.08733577,-0.19637209,
RMD,2026-10-05,Resmed Inc,Healthcare,XLV,3208,True,mid,0.593939393939394,0.5492957746478874,0.4,0.4746478873239437,False,0.5289989535207098,corr_spy_63 z=-1.7; base_depth_126 z=+0.5; days_since_20pct_dd z=-0.9,-0.8315262,-1.4210563,-0.45851922,-0.6902899,-0.29327735,-0.8475594,-0.29334298,-1.2274829,0.04971652,-1.7193563,0.43931642,0.4035952,0.20650107,-0.16275749,-0.20940132,
PSX,2026-10-05,Phillips 66,Energy,XLE,3208,True,low,0.5120481927710844,0.5472837022132797,0.5421686746987951,0.5447261884560375,False,0.4804495731994283,days_since_2x_low z=-2.3; days_since_20pct_dd z=+1.3; dvol_trend_21_126 z=+2.2,2.3982008,0.41912884,0.98034203,-0.3566308,1.1308267,-2.286682,-0.4141834,-0.8036102,-2.1415746,-1.4337168,0.9085196,-0.2337685,0.2932601,0.94309336,-0.026703212,
DG,2026-10-05,Dollar General Corp,Consumer Defensive,XLP,3208,True,mid,0.5878787878787879,0.545271629778672,0.3818181818181818,0.4635449057984269,False,0.4724370496971821,log_dvol_63 z=-1.0; corr_spy_63 z=+0.1; base_depth_126 z=+0.6,0.91113895,-0.43230864,0.4053548,-0.5441502,-0.75024,-0.27480662,0.21074326,-0.6553583,-0.29774562,0.06872601,-0.3841351,0.57597446,0.31118503,0.32076544,-0.23846768,
CHD,2026-10-05,Church & Dwight Co Inc,Consumer Defensive,XLP,3208,True,low,0.5060240963855421,0.5432595573440644,0.8734939759036144,0.7083767666238394,False,0.4939058254649286,nr7_count_20 z=+0.8; streak_now z=+0.7; dvol_trend_21_126 z=-0.4,0.6680102,0.4089483,0.16576679,-1.6923263,-0.8293676,-1.0343432,-1.6068519,-1.5547475,-0.0490103,1.3918847,0.04167336,-0.04210403,0.14476986,0.12971516,-0.09218276,
KVUE,2026-10-05,Kenvue Inc,Consumer Defensive,XLP,838,True,low,0.5,0.5412474849094567,0.7168674698795181,0.6290574773944875,False,0.5402536936555774,dvol_trend_21_126 z=+0.9; days_since_20pct_dd z=+0.1; streak_now z=+0.4,1.5302782,0.24706742,0.48337698,-0.37524474,-0.451843,-0.31465057,-0.036640745,-0.73165715,0.85362196,0.32090276,-0.8029856,0.14965068,0.19487011,0.26267645,-0.116063304,
IR,2026-10-05,Ingersoll Rand Inc,Industrials,XLI,2342,True,high,0.5421686746987951,0.5392354124748491,0.2,0.3696177062374245,False,0.4731542411240277,log_dvol_63 z=+2.3; amihud_21 z=-1.7; days_since_ignition z=-1.7,-0.9264703,-1.3627554,-0.8191128,-0.7965951,1.304773,-0.103131674,-0.8020361,-0.8961141,-0.7692548,-1.7213407,1.0613934,1.186982,0.25574967,-0.10341115,-0.22139716,
KDP,2026-10-05,Keurig Dr Pepper Inc,Consumer Defensive,XLP,3208,True,low,0.4939759036144578,0.5372233400402414,0.6024096385542169,0.5698164892972292,False,0.4886982732426319,nr7_count_20 z=-1.9; dvol_trend_21_126 z=-0.5; days_since_2x_low z=+0.0,2.6301398,0.24539547,0.6896628,-0.36294383,-0.6445603,-1.4825824,-0.021566313,-0.8481979,-0.6121591,-0.11514531,0.9885099,0.062250163,0.26371828,0.30859643,-0.080012396,
CRM,2026-10-05,Salesforce Inc,Technology,XLK,3208,True,mid,0.5818181818181818,0.5352112676056338,0.3272727272727272,0.43124199743918046,False,0.4589307880704863,clv_21 z=-3.0; rs_sec_63 z=+1.5; log_dvol_63 z=+1.4,0.058650754,0.48084328,0.570143,-0.72521216,-0.5179185,-1.1521995,0.4936303,-0.53316045,-1.664516,-1.4856067,2.4985745,0.45332128,0.35168338,0.114385985,-0.14193065,
GPC,2026-10-05,Genuine Parts Co,Consumer Cyclical,XLY,3208,True,mid,0.5757575757575758,0.5331991951710262,0.4909090909090909,0.5120541430400586,False,0.5261144424343487,base_depth_126 z=+0.5; log_dvol_63 z=+0.4; sharpe_21 z=-1.4,0.63067406,0.9099618,0.35184306,-0.75672966,-1.64096,-0.77184457,-0.33689827,-0.66202176,-0.24570969,-1.0835646,-0.13623726,0.48236054,0.19651246,0.007992737,-0.14371677,
SNDK,2026-10-05,Sandisk Corp,Technology,XLK,392,True,high,0.536144578313253,0.5311871227364185,0.6484848484848484,0.5898359856106334,False,0.4738792035816714,days_since_52w_high z=-1.5; ignition_mult_10 z=-0.7; days_since_ignition z=-0.3,,-1.0966623,,,,,-0.98179424,,0.55307305,-0.82390124,0.766382,4.0603595,0.6493723,11.526099,-0.27617764,
APA,2026-10-05,APA Corp,Energy,XLE,3208,True,low,0.4879518072289157,0.5291750503018109,0.2349397590361445,0.3820574046689777,False,0.4937773291093077,days_since_2x_low z=-1.9; dvol_trend_21_126 z=+0.6; streak_now z=+1.2,1.6830274,0.06414346,1.3098141,-0.38489568,-0.46922296,-0.67621356,0.017930957,-0.7254065,-1.3347454,-1.3770419,0.37367994,-0.7294509,0.41670418,0.9146094,-0.07567454,
META,2026-10-05,Meta Platforms Inc,Communication Services,XLC,3208,True,high,0.5301204819277109,0.5271629778672032,0.7393939393939394,0.6332784586305713,False,0.4772905255154575,log_dvol_63 z=+1.6; mom_12_1 z=-1.2; days_since_ignition z=-1.6,-1.2376827,0.1368259,0.7014066,0.35510832,1.6113609,-0.42961207,1.5391569,0.72221744,-0.32107666,-1.6081622,2.159599,1.4579008,0.55495185,-0.15787327,-0.048626583,
O,2026-10-05,Realty Income Corp,Real Estate,XLRE,3208,True,low,0.4819277108433735,0.5251509054325956,0.608433734939759,0.5667923201861773,False,0.5456089140945491,days_since_20pct_dd z=+1.1; dvol_trend_21_126 z=+2.2; nr7_count_20 z=-1.5,0.17956345,-0.22191875,-1.5477171,-0.70460737,1.8033246,-0.77621007,-3.2689233,2.1892867,0.4823195,-0.63864595,-1.0774297,-0.00992576,0.13183735,0.078924984,-0.18833783,
CVX,2026-10-05,Chevron Corp,Energy,XLE,3208,True,low,0.4759036144578313,0.5231388329979879,0.6746987951807228,0.5989188140893553,False,0.5026143878211419,dvol_trend_21_126 z=+0.5; streak_now z=-1.0; nr7_count_20 z=+0.8,2.3475325,0.20583543,0.6625741,-0.49720192,-0.19730319,-1.2515552,-0.59835047,-0.66471815,-1.4287755,-1.687051,0.20665787,-0.49171245,0.21944945,0.4321383,-0.051933132,
LUV,2026-10-05,Southwest Airlines Co,Industrials,XLI,3208,True,high,0.5240963855421686,0.5211267605633803,0.4545454545454545,0.48783610755441736,False,0.5214567709260177,log_dvol_63 z=-0.7; amihud_21 z=-0.3; mom_12_1 z=+0.4,0.4300876,-0.38289183,-0.47665715,-1.3319829,-0.91474396,1.7808788,0.72965455,-0.58567286,0.81071645,1.301181,-1.2441546,1.5574656,0.24386324,0.22009288,-0.23041117,
NEE,2026-10-05,NextEra Energy Inc,Utilities,XLU,3208,True,low,0.4698795180722891,0.5191146881287726,0.4819277108433735,0.500521199486073,False,0.6191135042328497,days_since_20pct_dd z=-1.1; streak_now z=-0.6; dvol_trend_21_126 z=-0.0,0.052511882,-0.9762879,-0.85276365,-0.63051385,0.5914991,-0.4048321,-1.5998034,0.8991652,1.6208284,0.12919809,-2.155575,0.17933767,0.15556248,0.10611134,-0.21603516,
ZBH,2026-10-05,Zimmer Biomet Holdings Inc,Healthcare,XLV,3208,True,low,0.463855421686747,0.5171026156941649,0.4216867469879518,0.46939468134105833,False,0.5334691408850952,days_since_20pct_dd z=+1.8; streak_now z=+0.8; dvol_trend_21_126 z=-0.1,1.2196494,0.2367842,0.9910771,0.30917382,-0.21220696,-0.28120223,0.1799646,-0.22752886,-0.61552215,-1.3011639,0.7617559,0.2028247,0.33260345,0.005511132,-0.13407059,
FTV,2026-10-05,Fortive Corp,Technology,XLK,2558,True,mid,0.5696969696969697,0.5150905432595574,0.6,0.5575452716297786,False,0.4362342091558464,log_dvol_63 z=-0.8; rs_sec_63 z=-1.1; sharpe_21 z=-0.1,0.81040806,-0.46253076,0.16846101,-0.42265987,-1.28671,0.29716817,-1.0347414,-0.6017699,0.60853,-0.9414308,1.0244254,0.61883307,0.22467013,0.16020124,-0.11013234,
MA,2026-10-05,Mastercard Incorporated,Financial,XLF,3208,True,mid,0.5636363636363636,0.5130784708249497,0.806060606060606,0.6595695384427779,False,0.5523205394803671,rs_sec_63 z=+2.6; days_since_20pct_dd z=-2.1; corr_spy_63 z=-1.6,-0.9025919,0.3856182,0.030357083,-0.97657603,-1.341224,-1.3760182,-1.1772352,-1.1195499,-1.2167695,-1.5539713,0.8296937,0.29863775,0.1690696,0.0208371,-0.060941663,
AMP,2026-10-05,Ameriprise Financial Inc,Financial,XLF,3208,True,mid,0.5575757575757576,0.5110663983903421,0.703030303030303,0.6070483507103226,False,0.5442478015605199,sharpe_21 z=-2.1; up_day_frac_63 z=+0.4; base_depth_126 z=-0.9,-0.017828498,0.30604094,-0.74790156,-0.15344657,0.34874886,0.4032739,-0.21977153,2.310802,0.91076463,-1.2474765,0.6745394,0.79797256,0.25910738,0.16696362,-0.13556658,
QCOM,2026-10-05,Qualcomm Inc,Technology,XLK,3208,True,high,0.5180722891566265,0.5090543259557344,0.5212121212121212,0.5151332235839279,False,0.4826227074359325,days_since_2x_low z=-0.9; ignition_mult_10 z=-0.4; days_since_52w_high z=-0.2,-0.5180306,-0.32693332,-0.8011727,0.44497928,-0.08043316,-0.430583,-0.23647206,-0.2931383,-0.24197456,-1.1339016,0.8054153,2.1186168,0.57165134,0.019132081,-0.29807127,
JNJ,2026-10-05,Johnson & Johnson,Healthcare,XLV,3208,True,low,0.4578313253012048,0.5070422535211268,0.9397590361445785,0.7234006448328526,False,0.6475219303722207,streak_now z=-2.0; nr7_count_20 z=-0.8; dvol_trend_21_126 z=-0.1,1.6377203,1.1464632,-0.6908512,-0.79338473,-0.30152094,1.701311,-0.51364017,-0.48784307,0.9249444,-0.9975103,0.7562712,-0.18146883,0.14460355,0.5308347,-0.10011746,
SCHW,2026-10-05,Charles Schwab Corp,Financial,XLF,3208,True,mid,0.5515151515151515,0.5050301810865191,0.5757575757575758,0.5403938784220474,False,0.5574711738910582,days_since_20pct_dd z=+2.0; sharpe_21 z=-1.7; base_depth_126 z=-0.9,0.20702255,0.14821666,-0.4330196,0.445584,-0.28089097,-0.07778907,-0.86577046,1.4213533,1.0453451,-0.9439051,-0.18445529,0.4680859,0.2767784,0.20594168,-0.14467825,
EBAY,2026-10-05,EBay Inc,Consumer Cyclical,XLY,3208,True,mid,0.5454545454545454,0.5030181086519114,0.5151515151515151,0.5090848119017133,False,0.4911232465300142,corr_spy_63 z=-1.8; sharpe_21 z=-0.2; clv_21 z=-0.3,-0.50279504,-0.70909697,-0.27866313,-0.801294,0.16459315,-0.46845305,-0.97863364,-0.7879357,0.48316985,-1.8485992,0.27965695,0.7171234,0.24132831,0.21277243,-0.09677579,
USB,2026-10-05,U.S. Bancorp,Financial,XLF,3208,True,mid,0.5393939393939394,0.5010060362173038,0.6787878787878788,0.5898969575025913,False,0.572359462551421,corr_spy_63 z=-0.0; days_since_20pct_dd z=+1.9; sharpe_21 z=-2.0,1.007994,-0.2190439,-0.3314546,-0.28758734,-0.15649156,0.3360521,-1.1239419,0.7167361,1.763175,-0.02858256,-1.2164645,0.72967535,0.1932786,0.3642478,-0.12519816,
JPM,2026-10-05,JPMorgan Chase & Co,Financial,XLF,3208,True,mid,0.5333333333333333,0.4989939637826961,0.896969696969697,0.6979818303761965,False,0.5676585584010799,corr_spy_63 z=-0.0; sharpe_21 z=-2.0; base_depth_126 z=-1.0,-0.999445,-0.69691867,-1.0353315,-0.6857694,-0.26903513,2.6127656,-0.09891801,0.2561657,1.0087721,-4.139855e-06,-0.4391043,0.79126024,0.18342398,0.1997609,-0.09309685,
TRMB,2026-10-05,Trimble Inc,Technology,XLK,3208,True,high,0.5120481927710844,0.4969818913480885,0.1878787878787878,0.34243033961343816,False,0.5640841625059725,mom_12_1 z=-1.5; log_dvol_63 z=+1.5; amihud_21 z=-1.4,-1.51412,-1.1573836,-1.3530469,-0.92621124,-0.25617802,-3.0125036,-0.9585144,-1.0135818,-0.6765174,-1.6318394,1.0953293,1.1074984,0.23344214,-0.25071687,-0.3033641,
IBKR,2026-10-05,Interactive Brokers Group Inc,Financial,XLF,3208,True,high,0.5060240963855421,0.4949698189134809,0.5515151515151515,0.5232424852143163,False,0.5197550170682638,up_day_frac_63 z=-2.4; jump_21 z=-1.7; mom_12_1 z=-0.8,-0.75972795,-0.6829092,-0.2761432,-0.9430973,-0.55945706,0.4142091,-1.0371966,-0.6764196,0.6202722,0.49330795,0.5219228,2.0032284,0.2826555,0.31562024,-0.09741142,
DVA,2026-10-05,DaVita Inc,Healthcare,XLV,3208,True,low,0.4518072289156626,0.4929577464788732,0.1204819277108433,0.3067198370948582,False,0.5478423372735184,days_since_2x_low z=-0.9; dvol_trend_21_126 z=-1.1; streak_now z=+1.1,0.45050928,-0.30124018,-1.160831,0.10083471,-0.7964958,1.2754092,-0.63364136,-0.30219665,1.898119,-1.3931996,0.85529095,-0.020853607,0.3545144,0.3751703,-0.27786982,
NSC,2026-10-05,Norfolk Southern Corp,Industrials,XLI,3208,True,mid,0.5272727272727272,0.4909456740442656,0.509090909090909,0.5000182915675873,False,0.5587813427486574,corr_spy_63 z=-2.2; days_since_20pct_dd z=+1.8; rs_sec_63 z=+0.8,-0.07314155,-0.41686377,-0.5462995,-0.68478346,-0.47766075,-0.35612917,-1.6070071,-0.59054303,-0.00758587,-2.198843,-0.14099763,0.25088903,0.15800515,0.11836511,-0.114663824,
ESS,2026-10-05,Essex Property Trust Inc,Real Estate,XLRE,3208,True,low,0.4457831325301205,0.4889336016096579,0.891566265060241,0.6902499333349494,False,0.5107117905528628,days_since_20pct_dd z=+0.9; dvol_trend_21_126 z=+0.5; nr7_count_20 z=-0.9,-0.1016675,-0.16273339,-0.16644399,-1.1901937,0.41707674,0.7204273,-1.2974788,-1.2844287,1.8364077,-1.5834042,-0.5828261,0.15335858,0.12552017,0.087471545,-0.095020175,
CB,2026-10-05,Chubb Limited,Financial,XLF,3208,True,low,0.4397590361445783,0.4869215291750503,0.9036144578313252,0.6952679935031878,False,0.6362589292322688,streak_now z=-1.0; nr7_count_20 z=+0.1; days_since_20pct_dd z=+0.0,0.6050307,0.07873145,-1.3315219,-1.0248017,-0.31722438,1.0949054,-2.4552,-0.77211636,1.2434312,-1.4668233,0.60505474,-0.34021753,0.13003182,0.24522081,-0.09407133,
ELV,2026-10-05,Elevance Health Inc,Healthcare,XLV,3208,True,mid,0.5212121212121212,0.4849094567404426,0.4969696969696969,0.4909395768550697,False,0.5107688409009356,log_dvol_63 z=-1.1; corr_spy_63 z=-0.1; base_depth_126 z=+0.4,1.3856697,0.28432333,0.690306,-0.5519046,-0.9582277,-0.82635653,-0.6249732,-0.46562314,0.17863971,-0.113254346,0.22731626,0.31952822,0.26380768,0.23793428,-0.091722175,
CDNS,2026-10-05,Cadence Design Systems Inc,Technology,XLK,3208,True,high,0.5,0.482897384305835,0.4969696969696969,0.48993354063776595,False,0.4586386488517583,mom_12_1 z=-1.5; log_dvol_63 z=+1.4; dn_vol_63 z=+1.1,-1.4581941,-0.10822409,-0.42459744,-0.43683943,0.5411349,1.3777686,1.4826617,2.113518,0.7042323,-1.1873372,1.326649,1.5877393,0.36972338,-0.12199052,-0.15169549,
GIS,2026-10-05,General Mills Inc,Consumer Defensive,XLP,3208,True,low,0.4337349397590361,0.4808853118712273,0.0542168674698795,0.2675510896705534,False,0.511656229105324,dvol_trend_21_126 z=+0.4; nr7_count_20 z=+0.9; streak_now z=-0.4,-0.17856498,1.3660709,-1.2195393,0.030061234,0.44157934,1.289071,0.107776485,1.9010112,0.3117787,0.11460055,1.8818183,-0.33930084,0.27985612,-0.1712504,-0.34352183,
EXR,2026-10-05,Extra Space Storage Inc,Real Estate,XLRE,3208,True,mid,0.5151515151515151,0.4788732394366197,0.3878787878787879,0.4333760136577038,False,0.5111075116154346,days_since_20pct_dd z=+1.7; up_day_frac_63 z=-1.5; clv_21 z=-1.4,0.0023683286,-0.08309238,-0.2900798,-0.56053436,1.6711619,0.81996346,-0.80170876,-0.46489108,0.19826113,-1.0011793,-1.2589153,0.36445957,0.19719933,0.03147574,-0.15362072,
UNH,2026-10-05,Unitedhealth Group Inc,Healthcare,XLV,3208,True,mid,0.509090909090909,0.4768611670020121,0.4666666666666667,0.4717639168343394,False,0.5054431853747542,corr_spy_63 z=+0.0; log_dvol_63 z=-0.5; up_day_frac_63 z=-1.5,0.73997957,0.30399385,0.2251146,-0.7010496,-0.66350543,0.74415815,-0.48882475,-0.56813467,0.07729375,0.046481345,-0.8125223,0.42991874,0.21028757,0.15655597,-0.17483835,
NDAQ,2026-10-05,Nasdaq Inc,Financial,XLF,3208,True,mid,0.503030303030303,0.4748490945674044,0.5636363636363636,0.519242729101884,False,0.5138085038673098,rs_sec_63 z=+1.4; up_day_frac_63 z=-2.1; log_dvol_63 z=+1.1,-0.21858524,-0.039467882,-0.09975637,-0.33922017,-0.49380934,-2.1285388,-1.8614901,-0.61296177,-0.7697033,-1.1212647,0.6811798,0.6686296,0.23883279,0.14123908,-0.08510252,
NOC,2026-10-05,Northrop Grumman Corp,Industrials,XLI,3208,True,low,0.4277108433734939,0.4728370221327967,0.1506024096385542,0.3117197158856755,False,0.4732179514340193,days_since_20pct_dd z=-1.4; streak_now z=-2.7; nr7_count_20 z=+0.7,-1.4249091,-0.75128967,-2.9089012,-0.67003256,0.47913438,0.4430364,-1.0877134,-0.08077916,0.916276,-0.1702856,-0.0071460097,0.06867318,0.2187391,-0.112656,-0.37935358,
CTSH,2026-10-05,Cognizant Technology Solutions Corp,Technology,XLK,3208,True,low,0.4216867469879518,0.4708249496981891,0.072289156626506,0.2715570531623476,False,0.5148638770841741,dvol_trend_21_126 z=-0.9; streak_now z=-0.9; days_since_20pct_dd z=-0.9,-0.27014723,-1.0421989,-1.2886456,0.25260976,-0.5543441,-0.85069954,0.9577657,-0.60611683,-1.6905437,-1.9571269,2.0679998,0.21716042,0.45683187,-0.013453833,-0.31950477,
WMB,2026-10-05,Williams Cos Inc,Energy,XLE,3208,True,low,0.4156626506024096,0.4688128772635815,0.7469879518072289,0.6079004145354052,False,0.5432176569450001,days_since_20pct_dd z=+0.8; nr7_count_20 z=-1.1; streak_now z=+1.1,-0.8589609,-0.8022351,-1.5608132,-0.6433584,0.37637833,1.2996817,-0.5796729,-0.103902,0.5024581,-0.8991565,1.071102,0.025901137,0.21189715,0.18256488,-0.10276096,
INCY,2026-10-05,Incyte Corp,Healthcare,XLV,3208,True,mid,0.4969696969696969,0.4668008048289738,0.296969696969697,0.3818852508993354,False,0.461362263726542,days_since_20pct_dd z=+2.4; log_dvol_63 z=+1.4; up_day_frac_63 z=-1.9,1.2378832,-0.26691964,0.10185935,-1.0073819,-0.31475943,-2.381112,-2.2514105,-0.17667536,-0.41975397,-0.8614645,0.22778797,0.43679956,0.2556384,0.48354197,-0.13929117,
GEV,2026-10-05,GE Vernova Inc,Industrials,XLI,613,True,high,0.4939759036144578,0.4647887323943662,0.7636363636363637,0.614212548015365,False,0.5852073962511536,mom_12_1 z=-1.3; days_since_52w_high z=-0.7; days_since_2x_low z=-1.7,-1.3191986,-1.3054849,-0.8574305,-0.354237,-1.1719998,2.139441,0.21332051,-0.59746003,1.3913693,-1.7733852,0.25308904,1.9706168,0.4602033,0.55712956,-0.17219923,
DLTR,2026-10-05,Dollar Tree Inc,Consumer Defensive,XLP,3208,True,mid,0.4909090909090909,0.4627766599597585,0.3636363636363636,0.413206511798061,False,0.4948269695031647,up_day_frac_63 z=+1.1; log_dvol_63 z=-0.2; clv_21 z=-1.9,1.2063749,0.6235476,0.3552242,-0.3893645,-0.5367675,1.7857945,0.11751331,-0.8537751,0.30518293,-0.6251574,-0.49920633,0.793997,0.374604,0.4521276,-0.20512636,
JBHT,2026-10-05,J.B. Hunt Transport Services Inc,Industrials,XLI,3208,True,mid,0.4848484848484848,0.4607645875251509,0.3090909090909091,0.38492774830803,False,0.4585358977913649,log_dvol_63 z=+2.0; base_depth_126 z=-1.1; clv_21 z=-0.1,2.463656,-0.0994464,-0.69150245,1.0795319,0.32389614,0.39491466,-0.6437024,1.9675066,1.0882734,-1.4108483,1.4962436,0.77006346,0.55626076,1.0004427,-0.23229419,
MCHP,2026-10-05,Microchip Technology Inc,Technology,XLK,3208,True,high,0.4879518072289157,0.4587525150905432,0.3515151515151515,0.40513383330284736,False,0.4747159588903706,mom_12_1 z=+0.3; days_since_ignition z=+0.1; ignition_mult_10 z=+0.5,0.30267924,-0.42068195,-0.11153336,-0.73254335,-1.0909675,-0.019969188,-0.40373605,-0.24772006,-0.5773571,0.12922017,0.76187146,2.20512,0.36651435,0.13450652,-0.22205889,
PKG,2026-10-05,Packaging Corp Of America,Consumer Cyclical,XLY,3208,True,mid,0.4787878787878787,0.4567404426559356,0.6727272727272727,0.5647338576916041,False,0.4789634081517246,up_day_frac_63 z=-1.7; log_dvol_63 z=+0.2; corr_spy_63 z=-0.6,-0.5769616,-0.28466013,-0.2528273,-0.87125444,-1.2010269,-0.85599846,-1.2144774,-0.91919816,-0.44793576,-0.5632416,1.1550275,0.74503654,0.20869093,0.10816881,-0.11226197,
ADBE,2026-10-05,Adobe Inc,Technology,XLK,3208,True,mid,0.4727272727272727,0.4547283702213279,0.3151515151515151,0.3849399426864215,False,0.4380526488011373,log_dvol_63 z=-1.8; up_day_frac_63 z=+1.3; corr_spy_63 z=-1.6,-0.40351644,0.81412417,-0.5401906,-0.56120825,-0.21641065,1.5918595,1.517838,-0.43095148,-0.87918466,-1.6496867,1.9163285,0.36040166,0.3683637,-0.18700925,-0.34344244,
MTB,2026-10-05,M & T Bank Corp,Financial,XLF,3208,True,mid,0.4666666666666667,0.4527162977867203,0.4484848484848485,0.4506005731357844,False,0.5682783852758971,days_since_20pct_dd z=+1.9; log_dvol_63 z=+1.4; corr_spy_63 z=-0.3,0.30898127,-0.52061677,-0.4674445,-0.45835167,0.16009094,0.26231563,-2.3265603,0.9432094,1.2283715,-0.33295715,-0.9153093,0.62277675,0.18005978,0.26227462,-0.1417523,
AMCR,2026-10-05,Amcor Plc,Consumer Cyclical,XLY,1820,True,mid,0.4606060606060606,0.4507042253521127,0.4242424242424242,0.4374733247972684,False,0.5138514754963257,corr_spy_63 z=-0.3; log_dvol_63 z=+0.5; sharpe_21 z=-1.5,1.278561,1.0022368,-0.017939359,-1.2106687,-0.9795096,-0.3227421,-1.2730628,-1.0947857,0.02457454,-0.27801275,0.5343311,0.80817187,0.19658653,0.16623217,-0.14266598,
CVS,2026-10-05,CVS Health Corp,Healthcare,XLV,3208,True,low,0.4096385542168674,0.448692152917505,0.2108433734939759,0.32976776320574047,False,0.5027514945136556,days_since_20pct_dd z=-0.9; nr7_count_20 z=+0.4; streak_now z=+0.7,0.7115022,0.3053288,-0.44869474,-0.42190257,0.20696306,-0.9697445,-3.2038763,0.4244477,0.28522936,-0.31663644,-0.64473987,0.16421121,0.2509605,0.29483703,-0.20899998,
URI,2026-10-05,United Rentals Inc,Industrials,XLI,3208,True,high,0.4819277108433735,0.4466800804828973,0.6727272727272727,0.559703676605085,False,0.5177666725057845,mom_12_1 z=-1.1; days_since_ignition z=+1.3; up_day_frac_63 z=+0.5,-1.1390401,-0.8838897,0.3022523,-0.43470454,-0.32949087,0.4366168,-0.25603753,-0.8273533,0.069228135,-1.8025185,0.54957443,0.9838961,0.31237447,0.024295395,-0.087388024,
PODD,2026-10-05,Insulet Corp,Healthcare,XLV,3208,True,mid,0.4545454545454545,0.4446680080482897,0.0909090909090909,0.2677885494786903,False,0.5243654124593635,clv_21 z=-0.1; rs_sec_63 z=-0.7; days_since_20pct_dd z=-0.7,-1.2853206,-1.5656347,-1.6284281,-0.64515007,0.9459228,1.4135133,0.15643573,-0.61223686,1.6488343,-1.194461,1.3578156,0.29870313,0.31212887,-0.5176964,-0.6178427,
CME,2026-10-05,CME Group Inc,Financial,XLF,3208,True,low,0.4036144578313253,0.4426559356136821,0.4518072289156626,0.44723158226467236,False,0.5218001301482026,days_since_20pct_dd z=-1.8; dvol_trend_21_126 z=-2.0; nr7_count_20 z=-0.9,-0.7154519,-1.197194,-1.5873295,-0.23409441,-1.4469343,-0.9484269,-0.83916664,-0.5551903,-1.0131015,-0.9973602,0.8251869,-0.29093271,0.21928449,0.0987009,-0.15170906,
SHW,2026-10-05,Sherwin-Williams Co,Basic Materials,XLB,3208,True,mid,0.4484848484848485,0.4406438631790744,0.3939393939393939,0.4172916285592342,False,0.4588265144416018,corr_spy_63 z=-0.3; clv_21 z=+0.2; days_since_20pct_dd z=-1.0,-0.83376306,-0.044680256,-0.985057,-0.97199315,-0.87544984,-0.28165755,-0.8760518,-1.34537,-0.28711686,-0.28013763,1.7200601,0.81326556,0.21618968,-0.024682201,-0.15098777,
TSCO,2026-10-05,Tractor Supply Co,Consumer Cyclical,XLY,3208,True,mid,0.4424242424242424,0.4386317907444668,0.2363636363636363,0.33749771355405156,False,0.4295814984852148,base_depth_126 z=-1.3; rs_sec_63 z=+0.9; days_since_20pct_dd z=-1.0,-1.7855808,-1.4557531,-1.9239781,-0.4147775,0.27467653,-0.2421496,0.37117928,0.032199427,-0.69124764,-0.90174145,0.5649646,0.3946853,0.28111327,-0.36985576,-0.447235,
AZO,2026-10-05,Autozone Inc,Consumer Cyclical,XLY,3208,True,low,0.3975903614457831,0.4366197183098591,0.108433734939759,0.27252672662480903,False,0.4156976588921573,days_since_20pct_dd z=-1.6; dvol_trend_21_126 z=+0.4; nr7_count_20 z=-1.8,-2.7067068,-0.3102123,-2.372541,-0.65224963,1.6001828,-0.88539815,-0.9542411,-0.9324323,0.3545208,-1.2480881,0.5978869,0.107783005,0.2576236,-0.30224672,-0.33975226,
F,2026-10-05,Ford Motor Co,Consumer Cyclical,XLY,3208,True,high,0.4759036144578313,0.4346076458752515,0.2787878787878788,0.35669776233156514,False,0.4484098642929066,amihud_21 z=+0.8; log_dvol_63 z=-0.1; mom_12_1 z=+0.7,0.65840954,-0.0950223,-1.2762948,-0.33879194,-0.69264126,1.0946088,-1.3826426,0.73608685,0.31122413,-2.02908,-0.21483564,1.168234,0.31646055,0.23419346,-0.30924705,
HWM,2026-10-05,Howmet Aerospace Inc,Industrials,XLI,2437,True,high,0.4698795180722891,0.4325955734406438,0.5272727272727272,0.4799341503566855,False,0.501894315757741,mom_12_1 z=-1.3; amihud_21 z=-1.6; dn_vol_63 z=+2.4,-1.3001034,-0.95015365,-3.952896,0.550311,1.6259658,2.1615484,-1.496318,-1.2502284,2.9932213,-1.2172556,1.502356,1.0641588,0.44812772,0.36608922,-0.2590936,
KIM,2026-10-05,Kimco Realty Corp,Real Estate,XLRE,3208,True,low,0.3915662650602409,0.4305835010060362,0.7650602409638554,0.5978218709849458,False,0.6010703787108366,days_since_20pct_dd z=+2.3; dvol_trend_21_126 z=+0.4; nr7_count_20 z=+2.1,0.4606963,-0.20997173,-0.8734644,-1.1574825,0.4098567,-0.99441856,-3.2945392,0.3513426,0.75092316,-1.6114923,-1.5361675,0.096335806,0.11219465,0.15957756,-0.16356729,
FIX,2026-10-05,Comfort Systems USA Inc,Industrials,XLI,3208,True,high,0.463855421686747,0.4285714285714285,0.6242424242424243,0.5264069264069264,False,0.5667209718785264,days_since_52w_high z=+2.5; amihud_21 z=-1.5; days_since_2x_low z=+2.2,-0.313385,-1.193227,-0.7886138,-0.9691372,-1.3745239,0.13587838,-0.5611845,-1.0561033,0.35898373,-1.2818801,0.74855673,2.4091344,0.41494977,0.9009169,-0.17327045,
WFC,2026-10-05,Wells Fargo & Co,Financial,XLF,3208,True,mid,0.4363636363636363,0.4265593561368209,0.6666666666666666,0.5466130114017438,False,0.5306245440813951,corr_spy_63 z=-0.1; up_day_frac_63 z=+0.1; rs_sec_63 z=-0.6,-0.7537082,-1.1042953,-1.2208183,-0.24445117,-0.60843354,0.50230885,-0.4569076,0.9456458,1.0837197,-0.0942384,-0.52848864,0.7608974,0.25152785,0.13211103,-0.15322517,
HON,2026-10-05,Honeywell International Inc,Industrials,XLI,3208,True,mid,0.4303030303030303,0.4245472837022133,0.7151515151515152,0.5698493994268643,False,0.4587768120398966,days_since_20pct_dd z=-1.7; clv_21 z=+1.3; log_dvol_63 z=-0.4,-0.59139293,-1.3412718,-1.6884347,-1.0938542,-1.495562,0.9529284,-0.3529358,-0.96034646,0.25259092,-1.5090395,1.1900766,0.7090126,0.16296628,0.014959858,-0.1702771,
MRSH,2026-10-05,Marsh,Financial,XLF,3208,True,low,0.3855421686746988,0.4225352112676056,0.5301204819277109,0.47632784659765826,False,0.5776109423019554,days_since_20pct_dd z=-1.2; dvol_trend_21_126 z=+0.2; nr7_count_20 z=-0.8,-0.49870852,0.36590558,-0.5063285,-0.9904018,-0.46022853,0.5632078,0.026355015,-0.39789078,-0.66922057,-1.5378743,0.8417289,-0.29507995,0.19076839,-0.040594924,-0.16200481,
EMR,2026-10-05,Emerson Electric Co,Industrials,XLI,3208,True,high,0.4578313253012048,0.4205231388329979,0.8545454545454545,0.6375342966892262,False,0.5240929149913892,amihud_21 z=+0.1; up_day_frac_63 z=+1.4; log_dvol_63 z=+0.7,-0.26667407,0.272628,1.1500257,-0.93929106,-0.78446263,-0.3976364,0.8442057,-0.15097645,-0.11775668,-0.8590964,0.8622149,1.5400714,0.23021933,0.14670593,-0.020856582,
LDOS,2026-10-05,Leidos Holdings Inc,Technology,XLK,3208,True,mid,0.4242424242424242,0.4185110663983903,0.2424242424242424,0.33046765441131637,False,0.471944285449618,corr_spy_63 z=+0.2; clv_21 z=-1.9; days_since_20pct_dd z=-0.9,-1.7575516,-2.6263611,-1.8061229,-0.38887134,0.05707689,-0.4965425,0.3433167,-0.34609446,-0.24953973,0.17608978,1.2740307,0.38585752,0.28939492,-0.30810636,-0.41277504,
AMT,2026-10-05,American Tower Corp,Real Estate,XLRE,3208,True,low,0.3795180722891566,0.4164989939637827,0.572289156626506,0.49439407529514434,False,0.5239611232162801,dvol_trend_21_126 z=-0.9; streak_now z=+0.8; days_since_20pct_dd z=+0.1,-0.3187786,0.3645723,-0.068343215,-1.0548956,-1.0285988,-1.4218268,-0.48427823,0.5775471,-0.14822961,-0.09486247,-0.32298344,-0.071619175,0.18808752,-0.04271992,-0.1555491,
MPC,2026-10-05,Marathon Petroleum Corp,Energy,XLE,3208,True,low,0.3734939759036144,0.414486921529175,0.4337349397590361,0.42411093064410554,False,0.5069745635264676,days_since_20pct_dd z=+2.2; days_since_2x_low z=-1.3; dvol_trend_21_126 z=+3.3,2.4467762,0.81733584,1.0613421,-0.08935702,1.9894437,0.09392406,2.061939,-0.56897306,-1.7637644,-1.3780414,1.3540063,-0.12650701,0.37809435,1.0504884,-0.009596298,
NKE,2026-10-05,Nike Inc,Consumer Cyclical,XLY,3208,True,mid,0.4181818181818181,0.4124748490945674,0.0606060606060606,0.236540454850314,False,0.4334919649516337,log_dvol_63 z=+2.1; up_day_frac_63 z=-1.7; sharpe_21 z=-1.9,-2.1291285,-0.2056091,-2.1840537,-0.8311174,2.620902,-1.0326363,-1.5122906,-0.48415178,-0.016112033,-1.1833646,-0.5015731,0.6753539,0.23307638,-0.46294326,-0.5308943,
CCI,2026-10-05,Crown Castle Inc,Real Estate,XLRE,3208,True,low,0.3674698795180723,0.4104627766599598,0.2048192771084337,0.30764102688419676,False,0.5042705603034222,dvol_trend_21_126 z=-0.8; nr7_count_20 z=-1.0; streak_now z=+0.8,-0.75622123,0.5007616,-1.3187718,-0.7748639,0.04428465,-0.60190254,-0.6156002,1.9084064,0.6317697,0.22569168,0.27699858,0.15312454,0.22999771,-0.16117471,-0.29293445,
EG,2026-10-05,Everest Group Ltd,Financial,XLF,3208,True,low,0.3614457831325301,0.4084507042253521,0.8433734939759037,0.625912099100628,False,0.58988960709341,dvol_trend_21_126 z=+0.9; streak_now z=-1.0; nr7_count_20 z=+0.9,0.79841703,0.34731165,0.41770324,-0.8526813,0.6090421,-1.8950837,-2.2510912,-1.1924305,-0.3125825,-1.888499,-0.7186067,-0.012695426,0.165368,0.11376468,-0.08044868,
BAC,2026-10-05,Bank Of America Corp,Financial,XLF,3208,True,mid,0.4121212121212121,0.4064386317907444,0.5878787878787879,0.4971587098347662,False,0.5929525404689518,base_depth_126 z=-1.9; rs_sec_63 z=-1.2; sharpe_21 z=-2.5,0.24699001,-0.25072333,-1.3597667,0.3316548,0.69622153,0.53970003,-0.40065143,2.1556304,1.9263448,-0.5761136,-0.34269652,0.72970146,0.24524248,0.26895666,-0.16793637,
CTAS,2026-10-05,Cintas Corp,Industrials,XLI,3208,True,low,0.3554216867469879,0.4044265593561368,0.5120481927710844,0.4582373760636106,False,0.4833736272468442,days_since_20pct_dd z=-1.8; dvol_trend_21_126 z=-0.1; streak_now z=+0.3,-0.8074094,-0.54620814,-0.23344001,-0.3142494,-0.3600333,-0.3727961,-1.4569783,-0.7930016,-0.5979579,-2.318683,1.3423803,0.17686401,0.21506487,0.0007960179,-0.10613869,
RJF,2026-10-05,Raymond James Financial Inc,Financial,XLF,3208,True,mid,0.406060606060606,0.4024144869215292,0.593939393939394,0.49817694043046157,False,0.5378032723532812,sharpe_21 z=-2.3; up_day_frac_63 z=-2.2; days_since_20pct_dd z=+1.9,-0.3998785,-0.12879665,-0.42845196,-0.67844254,-0.19694774,-1.2741971,-0.57313067,0.8992879,0.3002903,-0.33762965,-0.34472433,0.75368077,0.20143314,0.09961183,-0.11699561,
COST,2026-10-05,Costco Wholesale Corp,Consumer Defensive,XLP,3208,True,low,0.3493975903614458,0.4004024144869215,0.5602409638554217,0.4803216891711716,False,0.4858758211409144,streak_now z=+1.2; nr7_count_20 z=+0.6; days_since_20pct_dd z=-0.7,-1.0091326,-0.7069059,-1.5350255,-0.73471737,0.06680326,1.2202284,0.3180628,-0.73889804,0.39891678,-1.4339437,0.5414356,-0.107646555,0.16619945,0.015313899,-0.15641743,
CSGP,2026-10-05,Costar Group Inc,Real Estate,XLRE,3208,True,mid,0.4,0.3983903420523139,0.109090909090909,0.2537406255716114,False,0.5340569697667269,up_day_frac_63 z=-2.3; log_dvol_63 z=-0.2; clv_21 z=-0.1,-2.0166154,-1.4752063,-1.9085205,-1.0371355,-0.655852,-3.047269,-2.2197688,-0.08556063,-0.98126,-0.7292571,1.4593132,0.25548086,0.33138075,-0.6224076,-0.67550445,
GM,2026-10-05,General Motors Company,Consumer Cyclical,XLY,3208,True,high,0.4518072289156626,0.3963782696177062,0.696969696969697,0.5466739832937016,False,0.4904817731645625,amihud_21 z=+1.2; log_dvol_63 z=-0.4; mom_12_1 z=+0.6,0.6347454,-0.9556174,-0.1363071,0.79411834,0.30677974,1.1250871,-0.77627593,0.2633257,0.24639343,-0.78497505,0.38399577,1.1134194,0.41105554,0.47895774,-0.12470415,
SLB,2026-10-05,SLB Ltd,Energy,XLE,3208,True,mid,0.3939393939393939,0.3943661971830985,0.3333333333333333,0.3638497652582159,False,0.5221845755638896,sharpe_21 z=-1.5; clv_21 z=-1.5; days_since_20pct_dd z=+0.5,2.4567368,0.8790309,0.26207057,-0.48563918,-0.8001156,0.19952749,-0.6020653,0.4411891,-1.551948,-1.0090884,1.9215614,0.7673803,0.29914895,0.72423124,-0.16406076,
SYF,2026-10-05,Synchrony Financial,Financial,XLF,3043,True,high,0.4457831325301205,0.3923541247484909,0.4484848484848485,0.4204194866166697,False,0.5274419807457044,days_since_52w_high z=+1.8; log_dvol_63 z=+0.5; up_day_frac_63 z=+0.1,-0.6967161,-1.2311975,-0.8848873,-0.75811374,-1.1227161,0.6097835,-0.013677252,-0.21713878,1.0014488,-0.37476847,0.40501884,1.2396437,0.22711839,0.1550972,-0.18014678,
CL,2026-10-05,Colgate-Palmolive Co,Consumer Defensive,XLP,3208,True,low,0.3433734939759036,0.3903420523138833,0.7771084337349398,0.5837252430244115,False,0.5299189467722932,nr7_count_20 z=+1.5; dvol_trend_21_126 z=+0.3; streak_now z=+0.4,0.60989773,0.37215373,-0.22841166,-1.2505141,-0.49396685,-0.4960255,-1.5314089,-0.8491864,0.5105407,-0.13824953,0.20130932,-0.1174775,0.1575485,0.17919594,-0.121888295,
GPN,2026-10-05,Global Payments Inc,Technology,XLK,3208,True,high,0.4397590361445783,0.3883299798792756,0.4606060606060606,0.42446802024266805,False,0.5049718636058749,amihud_21 z=+1.0; mom_12_1 z=+0.9; days_since_52w_high z=-1.6,0.8651104,0.5528684,0.82935506,-0.6273195,-1.1301185,-0.15059276,-0.6470204,-0.54157,-0.67462844,-1.6961175,0.938546,1.0952214,0.32458004,0.07275264,-0.1404602,
ECL,2026-10-05,Ecolab Inc,Basic Materials,XLB,3208,True,mid,0.3878787878787879,0.386317907444668,0.6121212121212121,0.49921955978294,False,0.4755154023072361,days_since_20pct_dd z=-1.7; sharpe_21 z=-0.4; up_day_frac_63 z=-1.5,-1.1729617,-1.0083947,-0.7951341,-0.87068623,-1.2971342,-0.5444616,-0.8347327,-1.3289087,0.010826838,-1.4267489,0.62481284,0.48468354,0.17416959,0.026519403,-0.09687393,
BKR,2026-10-05,Baker Hughes Co,Energy,XLE,3208,True,mid,0.3818181818181818,0.3843058350100604,0.3575757575757576,0.370940796292909,False,0.4784837619568677,days_since_20pct_dd z=-1.3; rs_sec_63 z=-1.1; base_depth_126 z=-1.2,0.34866902,-0.46259397,-1.1344013,-0.21138425,-0.14714588,0.29595476,0.3452431,-0.23377348,-0.018941106,-0.8992761,0.6266235,0.72058505,0.33539724,0.33543605,-0.17932577,
PNC,2026-10-05,PNC Financial Services Group Inc,Financial,XLF,3208,True,mid,0.3757575757575757,0.3822937625754527,0.5818181818181818,0.4820559721968173,False,0.5924599758468045,rs_sec_63 z=-1.4; corr_spy_63 z=-0.2; days_since_20pct_dd z=+1.9,0.34345293,-0.18529753,-0.85002667,-0.28314266,-0.30751318,1.6014074,-0.8738044,0.93613124,2.4224496,-0.17014849,-1.4472064,0.59159327,0.18502763,0.27799702,-0.14936668,
KHC,2026-10-05,Kraft Heinz Co,Consumer Defensive,XLP,2810,True,low,0.3373493975903614,0.380281690140845,0.2228915662650602,0.3015866282029526,False,0.4975579778872077,dvol_trend_21_126 z=+2.4; streak_now z=-2.9; days_since_20pct_dd z=+0.6,1.1614685,0.43549168,-0.6428473,-1.6939209,1.1930497,-0.19276178,-0.6181347,1.4091572,0.0703862,-0.48880133,1.1089587,-0.095314346,0.16799754,0.025425341,-0.21006905,
HBAN,2026-10-05,Huntington Bancshares Inc,Financial,XLF,3208,True,mid,0.3696969696969697,0.3782696177062374,0.3393939393939394,0.3588317785500884,False,0.5215867283055181,rs_sec_63 z=-1.5; corr_spy_63 z=+0.4; base_depth_126 z=-1.3,-0.6053313,-0.2589096,-1.052584,-0.053132456,0.1749421,-0.2832849,-1.5547365,0.38789478,1.6955317,0.37579107,-0.74404776,0.8344914,0.26939654,0.029481873,-0.19120026,
ANET,2026-10-05,Arista Networks Inc,Technology,XLK,3081,True,high,0.4337349397590361,0.3762575452716298,0.8727272727272727,0.6244924089994512,False,0.4792642499699813,days_since_ignition z=+1.5; days_since_2x_low z=+1.6; dn_vol_63 z=-0.3,-0.8494345,-0.3415815,0.7607224,-1.2068243,-1.5087652,0.6737654,0.21102461,-0.96229124,-0.52637357,-0.9627851,0.3983364,2.0379314,0.36247438,0.32521108,-0.03718184,
ALB,2026-10-05,Albemarle Corp,Basic Materials,XLB,3208,True,high,0.4277108433734939,0.3742454728370221,0.2181818181818181,0.2962136455094201,False,0.5033064649993014,log_dvol_63 z=-0.2; amihud_21 z=-0.0; dn_vol_63 z=-1.5,0.5549552,-0.46934536,-0.7792119,-0.948207,-0.31817973,-0.3357721,-0.43723193,-0.18104069,0.23255269,-0.96367556,-1.265534,1.4781183,0.41799468,0.520677,-0.5249369,
ADSK,2026-10-05,Autodesk Inc,Technology,XLK,3208,True,mid,0.3636363636363636,0.3722334004024145,0.2303030303030303,0.3012682153527224,False,0.4699417218998777,days_since_20pct_dd z=-1.0; corr_spy_63 z=-1.8; sharpe_21 z=-0.5,-1.9274974,0.1561107,-1.7188244,-0.14781754,0.053290386,-1.9758385,-0.46410263,-0.4996147,-0.55045784,-1.758295,2.4071836,0.50163156,0.41528356,-0.2598548,-0.32078484,
FITB,2026-10-05,Fifth Third Bancorp,Financial,XLF,3208,True,mid,0.3575757575757576,0.3702213279678068,0.5212121212121212,0.44571672458996403,False,0.5551634838065131,corr_spy_63 z=+0.0; rs_sec_63 z=-1.2; base_depth_126 z=-1.0,0.15131876,-0.49551046,-0.51062006,-0.64545304,-0.60667545,0.25968993,-1.6868767,-0.16114914,1.8175763,0.015358783,-1.1408772,0.8290904,0.20419791,0.2739526,-0.13912474,
GE,2026-10-05,GE Aerospace,Industrials,XLI,3208,True,high,0.4216867469879518,0.3682092555331992,0.5636363636363636,0.4659228095847814,False,0.4996559300991441,mom_12_1 z=-2.0; amihud_21 z=-1.5; days_since_2x_low z=+1.4,-2.0380247,-0.64748704,-3.0470853,-1.0116968,-0.045772683,1.8908458,-0.98511463,-1.1168969,1.8539028,-1.1801138,0.39218077,1.2346472,0.23811583,0.1179313,-0.21097152,
SBUX,2026-10-05,Starbucks Corp,Consumer Cyclical,XLY,3208,True,mid,0.3515151515151515,0.3661971830985915,0.406060606060606,0.38612889457959876,False,0.4713695792351423,log_dvol_63 z=-0.7; days_since_20pct_dd z=+2.4; sharpe_21 z=-2.4,1.5757439,0.08981731,0.23559923,-0.85139334,-0.53992635,0.7735165,-0.45796663,-0.43103945,0.28669435,-0.99366575,-0.78907907,0.5457524,0.1684627,0.25138855,-0.14059858,
PEP,2026-10-05,PepsiCo Inc,Consumer Defensive,XLP,3208,True,low,0.3313253012048193,0.3641851106639839,0.3795180722891566,0.37185159147657026,False,0.534622690777297,days_since_20pct_dd z=-1.3; dvol_trend_21_126 z=+0.5; streak_now z=-0.4,0.3398458,-0.5374794,-1.9429966,-1.2315747,0.55942357,-0.8998215,-1.8592814,0.94647795,0.8882333,-0.7476053,-0.09051943,-0.24109386,0.14619116,0.012954914,-0.2449563,
SBAC,2026-10-05,SBA Communications Corp,Real Estate,XLRE,3208,True,low,0.3253012048192771,0.3621730382293762,0.1325301204819277,0.24735157935565194,False,0.504554801061337,dvol_trend_21_126 z=-0.6; streak_now z=+0.9; nr7_count_20 z=-0.9,0.66681534,-0.6681016,-1.2876897,-0.6308348,-0.19834895,-1.3762333,-1.7277153,1.9216002,-0.12110361,0.33189285,0.2139267,0.111487955,0.22712655,0.024568843,-0.2697086,
CLX,2026-10-05,Clorox Co,Consumer Defensive,XLP,3208,True,mid,0.3454545454545454,0.3601609657947686,0.1151515151515151,0.23765624047314185,False,0.513528817238555,corr_spy_63 z=+1.6; base_depth_126 z=-1.2; log_dvol_63 z=+1.3,-0.76853275,-0.384908,-1.5582672,-0.291275,0.63172,-1.2038372,-1.0879121,-0.17914152,0.003341938,1.5555594,0.93703663,0.32101974,0.31304887,-0.19276433,-0.34822407,
PLD,2026-10-05,Prologis Inc,Real Estate,XLRE,3208,True,mid,0.3393939393939394,0.358148893360161,0.3454545454545454,0.35180171940735316,False,0.5504296144459279,days_since_20pct_dd z=+2.5; corr_spy_63 z=-1.7; up_day_frac_63 z=-1.7,0.8291994,-0.032097105,-0.82042015,-0.89175403,-0.26535422,1.1166637,-1.977233,-0.28092226,0.7795915,-1.7148006,-0.64612585,0.4515601,0.1502294,0.21916607,-0.1581553,
CDW,2026-10-05,CDW Corp,Technology,XLK,3208,True,mid,0.3333333333333333,0.3561368209255533,0.2181818181818181,0.2871593195536857,False,0.46124205120187,clv_21 z=-2.0; up_day_frac_63 z=-1.8; base_depth_126 z=+0.0,0.17210616,0.36050412,0.49652648,-0.26779625,-1.2369949,-0.65730864,-0.94870526,0.14032213,-0.4797498,-1.0428636,1.5981963,0.8028906,0.4877599,-0.014840049,-0.15894043,
L,2026-10-05,Loews Corp,Financial,XLF,3208,True,low,0.3192771084337349,0.3541247484909456,0.8614457831325302,0.6077852658117379,False,0.6441557048739395,dvol_trend_21_126 z=+1.2; days_since_20pct_dd z=+0.8; streak_now z=-0.6,-2.014267,-0.2605302,-3.286425,-1.0871683,2.3648896,0.4214245,-3.469913,-0.33229348,1.7928805,-1.9016907,-1.0213301,0.0005854266,0.10286062,0.08481539,-0.12627691,
GL,2026-10-05,Globe Life Inc,Financial,XLF,3208,True,mid,0.3272727272727272,0.352112676056338,0.696969696969697,0.5245411865130175,False,0.6611912968623814,corr_spy_63 z=-0.0; sharpe_21 z=-2.2; up_day_frac_63 z=-1.7,0.6229865,0.18524714,-0.17080073,-0.35021427,-0.25296065,-0.6787567,-1.8271593,-0.30936798,1.1033448,-0.020107677,-0.260214,0.29378673,0.11503947,0.2761825,-0.13207445,
EOG,2026-10-05,EOG Resources Inc,Energy,XLE,3208,True,low,0.3132530120481928,0.3501006036217304,0.6626506024096386,0.5063756030156845,False,0.5421882007290362,streak_now z=+1.1; days_since_20pct_dd z=+0.2; nr7_count_20 z=-0.8,2.4530814,-0.107041895,0.74617434,0.06880674,-1.0136833,0.7897456,-0.26593557,-0.38035086,0.032847635,-1.5189024,2.2007766,-0.57697326,0.31347385,0.368061,-0.06538662,
FDX,2026-10-05,Fedex Corp,Industrials,XLI,3208,True,high,0.4156626506024096,0.3480885311871227,0.4666666666666667,0.4073775989268947,False,0.5548960839182774,mom_12_1 z=+1.4; amihud_21 z=+0.3; dn_vol_63 z=-0.5,1.4002669,-0.25405884,-0.41807038,-0.38252193,-0.6248365,-0.7329655,-1.5789475,0.09824376,0.12793522,-0.4573683,-0.7102251,0.8983293,0.2589386,0.68247145,-0.1563983,
IBM,2026-10-05,International Business Machines Corp,Technology,XLK,3208,True,high,0.4096385542168674,0.3460764587525151,0.1393939393939394,0.24273519907322724,False,0.4802861512252903,mom_12_1 z=-2.1; amihud_21 z=-0.1; dn_vol_63 z=+2.7,-2.1366618,0.011322503,-2.398844,-0.6286197,-0.7050885,-1.0090823,-0.36955735,-0.29963192,2.073059,-2.1217108,2.0960557,0.87892324,0.34851354,-0.16011526,-0.32873276,
ARE,2026-10-05,Alexandria Real Estate Equities Inc,Real Estate,XLRE,3208,True,mid,0.3212121212121212,0.3440643863179074,0.1878787878787878,0.2659715870983476,False,0.520105397899275,log_dvol_63 z=-1.2; corr_spy_63 z=-2.0; rs_sec_63 z=+0.7,-0.771164,0.5681585,-0.91432774,-0.62704057,-1.0454416,-0.20418748,-0.34776607,-0.17181534,-0.5552783,-1.9977742,1.0891167,0.71363467,0.40767875,-0.34258455,-0.4302886,
APD,2026-10-05,Air Products & Chemicals Inc,Basic Materials,XLB,3208,True,low,0.3072289156626506,0.3420523138832998,0.8253012048192772,0.5836767593512885,False,0.4543287772833816,days_since_20pct_dd z=+0.9; nr7_count_20 z=+0.3; streak_now z=+0.8,0.7621641,-0.4871769,0.28607053,-0.622605,-0.44977614,0.016045695,-1.2712668,-0.44050327,0.29702562,-0.8006702,-0.8252647,0.14250074,0.18211143,0.14662765,-0.10667935,
APH,2026-10-05,Amphenol Corp,Technology,XLK,3208,True,high,0.4036144578313253,0.3400402414486921,0.703030303030303,0.5215352722394976,False,0.4802942460576093,days_since_52w_high z=+1.7; up_day_frac_63 z=-1.3; days_since_ignition z=+1.1,-0.6361126,-1.0859052,0.74536383,-0.80338305,-1.9571139,-1.4204719,-0.004068257,-0.7395857,0.03172994,-1.5805811,0.83412653,1.745647,0.36942777,0.33541152,-0.020778105,
FERG,2026-10-05,Ferguson Enterprises Inc,Industrials,XLI,1382,True,high,0.3975903614457831,0.3380281690140845,0.1636363636363636,0.25083226632522404,False,0.5096260656548787,mom_12_1 z=-1.1; days_since_52w_high z=+1.6; parkinson_cc_20 z=+2.1,-1.1057603,-1.2561846,-0.97127783,-1.2216903,-0.4995639,1.173179,1.7098336,-1.0404856,-0.12859696,-0.7732068,0.14360815,1.1709021,0.19993415,-0.021203859,-0.17000423,
STZ,2026-10-05,Constellation Brands Inc,Consumer Defensive,XLP,3208,True,low,0.3012048192771084,0.3360160965794768,0.2771084337349397,0.30656226515720825,False,0.4773742488999719,days_since_20pct_dd z=-0.8; dvol_trend_21_126 z=-0.4; nr7_count_20 z=-0.9,0.2998513,-0.545762,-0.8345551,-0.64355224,-0.30189443,-0.2737629,-1.4488269,0.002181352,0.865444,-0.6623962,0.18431664,0.01862242,0.26120248,-0.054427277,-0.31812066,
COR,2026-10-05,Cencora Inc,Healthcare,XLV,3208,True,low,0.2951807228915662,0.3340040241448692,0.5180722891566265,0.42603815665074785,False,0.5393928856261349,days_since_20pct_dd z=-2.3; dvol_trend_21_126 z=-0.7; nr7_count_20 z=-1.5,-0.9258427,-0.9258736,-1.2812747,-0.34423932,-0.4718814,-1.025989,-1.3887795,-0.3878975,-0.08983961,-1.1032398,0.71363,-0.14930922,0.24969018,0.101175696,-0.16091633,
ALL,2026-10-05,Allstate Corp,Financial,XLF,3208,True,low,0.2891566265060241,0.3319919517102616,0.3072289156626506,0.3196104336864561,False,0.6044234999925228,dvol_trend_21_126 z=+2.1; days_since_20pct_dd z=+1.0; streak_now z=+0.3,0.17777535,-0.091530964,-3.5576386,0.12973103,3.3242712,-2.0499103,-2.8281133,3.2091718,1.3103535,-1.1562114,1.679483,-0.37310058,0.26072335,0.27708223,-0.1860428,
OMC,2026-10-05,Omnicom Group Inc,Communication Services,XLC,3208,True,mid,0.3151515151515151,0.3299798792756539,0.3212121212121212,0.3255960002438876,False,0.4992552990155492,clv_21 z=-1.9; days_since_20pct_dd z=+1.4; log_dvol_63 z=+0.3,0.7191192,0.52414376,-0.07034165,-0.90265495,-1.0343903,-0.34356937,-2.071405,-0.38441035,0.020544147,-0.65904975,0.831672,0.39461076,0.23909831,0.13657765,-0.15123613,
ORCL,2026-10-05,Oracle Corp,Technology,XLK,3208,True,high,0.3915662650602409,0.3279678068410462,0.1757575757575757,0.25186269129931094,False,0.4408800279769165,mom_12_1 z=-2.4; days_since_52w_high z=+2.5; amihud_21 z=-1.4,-2.372601,-0.019683052,-1.6347536,-0.79725546,0.13231678,0.42784867,0.12430078,-0.73791087,0.06226078,0.92249334,0.09502523,2.0224288,0.44925457,-0.46050394,-0.5539955,
JCI,2026-10-05,Johnson Controls International plc,Industrials,XLI,3208,True,high,0.3855421686746988,0.3259557344064386,0.8787878787878788,0.6023718065971587,False,0.5332920049422334,amihud_21 z=-0.1; days_since_52w_high z=-0.8; log_dvol_63 z=+0.7,0.05869418,-0.45959,1.0509875,-0.011482813,-0.95700616,-0.98357147,-0.37622008,0.20032649,-0.27139616,-0.86515534,0.5252615,1.0647819,0.3112939,0.3166133,-0.0043165917,
DD,2026-10-05,DuPont de Nemours Inc,Basic Materials,XLB,3208,True,high,0.3795180722891566,0.323943661971831,0.3818181818181818,0.3528809218950064,False,0.4933411679167914,log_dvol_63 z=-0.6; amihud_21 z=+0.1; mom_12_1 z=+0.5,0.50724244,-0.5145377,-0.9049259,-0.9524329,-1.0182883,0.050235044,-1.2414161,-0.82558733,0.3487552,-0.57459056,-0.6477852,1.134534,0.19245572,0.31256542,-0.16245922,
RL,2026-10-05,Ralph Lauren Corp,Consumer Cyclical,XLY,3208,True,high,0.3734939759036144,0.3219315895372233,0.509090909090909,0.41551124931406613,False,0.5145466856484673,mom_12_1 z=-2.2; amihud_21 z=-1.4; days_since_52w_high z=+1.4,-2.164099,-1.1843326,-0.78176945,-0.6442129,0.44820276,1.4151641,-0.35598883,-0.22677161,1.0406497,-1.3485689,0.16676794,1.2338434,0.27562878,0.07594813,-0.12837309,
TPL,2026-10-05,Texas Pacific Land Corp,Energy,XLE,3208,True,mid,0.3090909090909091,0.3199195171026157,0.1575757575757575,0.23874763733918658,False,0.5299560051391705,rs_sec_63 z=-1.3; corr_spy_63 z=-0.5; log_dvol_63 z=+0.3,-0.323995,-1.3304346,-0.7741305,-0.30542624,-0.24401097,-0.12669346,-0.58018714,-0.21897756,0.66344553,-0.4663167,0.0091188075,0.41207832,0.46784532,0.14313835,-0.36742082,
NCLH,2026-10-05,Norwegian Cruise Line Holdings Ltd,Consumer Cyclical,XLY,3208,True,high,0.3674698795180723,0.317907444668008,0.0121212121212121,0.16501432839461005,False,0.5025875910817229,mom_12_1 z=-1.8; log_dvol_63 z=-0.2; amihud_21 z=-1.4,-1.7982222,-0.60803956,-1.4749708,-1.492724,0.165314,-0.32076088,-1.5100089,-1.3576167,0.59000397,-1.1445949,-0.19461188,1.9492782,0.3199489,-0.36548635,-0.40827695,
HLT,2026-10-05,Hilton Worldwide Holdings Inc,Consumer Cyclical,XLY,3201,True,mid,0.303030303030303,0.3158953722334004,0.4848484848484848,0.4003719285409426,False,0.5036483804466844,corr_spy_63 z=-2.3; base_depth_126 z=-1.3; log_dvol_63 z=+1.3,-0.47637138,-1.5007185,-1.3111087,-0.92111963,-0.5756904,1.586993,-1.1769582,-0.51708436,1.3276589,-2.336142,1.4098307,0.5817587,0.18295324,0.21651016,-0.11658121,
GNRC,2026-10-05,Generac Holdings Inc,Industrials,XLI,3208,True,high,0.3614457831325301,0.3138832997987927,0.3696969696969697,0.3417901347478812,False,0.603450988438749,log_dvol_63 z=+1.6; amihud_21 z=-0.3; up_day_frac_63 z=-1.9,-0.43663102,-0.8643956,-0.65309805,1.0130152,1.7143315,-0.021223627,-0.32797962,0.002163308,-0.60402334,-0.46168137,1.2749969,2.0688396,0.7309817,0.07665156,-0.2740521,
WSM,2026-10-05,Williams-Sonoma Inc,Consumer Cyclical,XLY,3208,True,high,0.3554216867469879,0.3118712273641851,0.7757575757575758,0.5438144015608805,False,0.4907607873154967,log_dvol_63 z=+0.3; dn_vol_63 z=-0.9; days_since_2x_low z=+1.1,-0.8005214,0.10365348,0.6306255,-0.6884129,0.31386903,0.4059251,-0.02321222,-0.7801278,0.13461208,-0.09236248,-1.1159464,1.224837,0.26699993,0.15171278,-0.06351761,
ICE,2026-10-05,Intercontinental Exchange Inc,Financial,XLF,3208,True,mid,0.296969696969697,0.3098591549295774,0.4121212121212121,0.36099018352539475,False,0.4794936127783542,rs_sec_63 z=+1.8; corr_spy_63 z=-2.1; days_since_20pct_dd z=-1.1,-0.6557619,-2.130824,-0.612375,-0.9529834,-1.7162806,-0.879729,0.012965864,-1.2095455,-0.81913,-2.059813,0.741635,0.25010937,0.17847529,0.032608535,-0.1268511,
UPS,2026-10-05,United Parcel Service Inc,Industrials,XLI,3208,True,mid,0.2909090909090909,0.3078470824949698,0.2909090909090909,0.29937808670203037,False,0.5013283966880091,log_dvol_63 z=-0.7; sharpe_21 z=-1.4; corr_spy_63 z=-1.0,2.373523,0.39546263,0.14033997,-0.34460786,-1.0239757,0.20183668,-1.2594483,-0.2362789,0.5646628,-0.9662778,0.44497827,0.7539188,0.2929105,0.2889851,-0.20299043,
KEY,2026-10-05,Keycorp,Financial,XLF,3208,True,mid,0.2848484848484848,0.3058350100603622,0.4424242424242424,0.3741296262423023,False,0.5517612258262078,corr_spy_63 z=+0.2; rs_sec_63 z=-1.3; days_since_20pct_dd z=+2.2,0.082445435,-0.5244673,-0.33647636,0.07260681,0.3653828,0.1885537,-1.6180892,0.856666,1.7013016,0.18364285,-1.2004972,0.83091015,0.21470569,0.24823387,-0.15358251,
VRT,2026-10-05,Vertiv Holdings Co,Industrials,XLI,2034,True,high,0.3493975903614458,0.3038229376257545,0.5878787878787879,0.4458508627522712,False,0.5482630016886109,days_since_52w_high z=+1.4; log_dvol_63 z=+0.7; days_since_2x_low z=-1.2,-0.7164074,-0.9810115,-1.3110654,-0.32783452,-0.8151815,2.5234022,-0.17847528,-0.65441,1.4810073,-0.44732666,0.5040179,2.694298,0.6178159,0.66450286,-0.33216217,
ECHO,2026-10-05,EchoStar Corp,Communication Services,XLC,3208,True,high,0.3433734939759036,0.3018108651911468,0.2727272727272727,0.2872690689592098,False,0.4368121778595984,dn_vol_63 z=-1.3; days_since_ignition z=+1.3; days_since_2x_low z=+1.3,-0.6527029,-0.33687323,-0.6005073,-0.6182504,-0.93356776,-0.48561454,-0.40112984,-0.64433,-0.13519695,1.7453768,-1.0976783,1.4921724,0.38081554,0.13658229,-0.33303905,
COF,2026-10-05,Capital One Financial Corp,Financial,XLF,3208,True,high,0.3373493975903614,0.2997987927565392,0.2848484848484848,0.292323638802512,False,0.5057463337144334,mom_12_1 z=-1.1; days_since_52w_high z=+1.9; log_dvol_63 z=+0.7,-1.1145765,0.2676514,-1.553967,-0.98056537,-0.90802217,0.057687987,-0.29914424,-0.31320274,0.4843839,0.14593357,-0.5570063,1.3322735,0.2038567,0.04746577,-0.239631,
EIX,2026-10-05,Edison International,Utilities,XLU,3208,True,low,0.2831325301204819,0.2977867203219316,0.0120481927710843,0.15491745654650796,False,0.5998083029296984,streak_now z=+2.0; dvol_trend_21_126 z=+0.4; days_since_20pct_dd z=-1.0,0.05399623,0.16229308,-1.2034949,0.049246803,0.8484889,2.4072504,-0.70755243,0.00713484,2.1852796,-1.1881118,3.623013,0.056654766,0.31658235,0.09015734,-0.335457,
TMUS,2026-10-05,T-Mobile US Inc,Communication Services,XLC,3208,True,low,0.2771084337349397,0.2957746478873239,0.2409638554216867,0.2683692516545053,False,0.4176168154513282,days_since_20pct_dd z=-1.5; dvol_trend_21_126 z=-0.8; nr7_count_20 z=-0.9,-1.1756607,-1.3557798,-1.4092695,-0.099658705,-0.32832026,0.6862791,-0.79830456,0.83908945,1.11259,-0.014343589,1.8787636,-0.334578,0.30040428,-0.16576025,-0.27227932,
PHM,2026-10-05,PulteGroup Inc,Consumer Cyclical,XLY,3208,True,high,0.3313253012048193,0.2937625754527163,0.2666666666666666,0.2802146210596914,False,0.5004500601013362,log_dvol_63 z=-0.7; amihud_21 z=+0.1; mom_12_1 z=-1.0,-1.0425892,-0.82586616,-0.7264962,-1.1624292,0.16471438,1.1273582,-0.9877502,-1.3630583,1.2342939,-0.23605625,-0.35206822,0.9188288,0.26220393,-0.07253532,-0.20611668,
ADM,2026-10-05,Archer Daniels Midland Co,Consumer Defensive,XLP,3208,True,low,0.2710843373493976,0.2917505030181087,0.6867469879518072,0.48924874548495795,False,0.5025554816425015,days_since_20pct_dd z=+2.5; streak_now z=+1.2; nr7_count_20 z=+1.1,1.6122864,0.40558323,0.9830338,-0.3310455,-0.040499467,-1.0754933,-1.518721,-0.03465257,-0.6153948,-0.98304987,0.15129554,-0.01395955,0.25854754,0.46921653,-0.07076055,
CASY,2026-10-05,Casey's General Stores Inc,Consumer Cyclical,XLY,3208,True,low,0.2650602409638554,0.289738430583501,0.0180722891566265,0.15390535987006376,False,0.433228649269353,days_since_20pct_dd z=-6.0; days_since_2x_low z=-1.7; streak_now z=-0.9,-0.4126623,-0.48214018,-4.7905693,1.6808769,2.038317,0.62044615,-1.7984385,0.46869856,2.5417576,-1.7403603,1.7567108,-0.071338184,0.62158227,0.35564762,-0.3341672,
LYV,2026-10-05,Live Nation Entertainment Inc,Communication Services,XLC,3208,True,mid,0.2787878787878788,0.2877263581488933,0.5272727272727272,0.40749954271081024,False,0.4774451714792991,corr_spy_63 z=-1.9; rs_sec_63 z=-0.9; log_dvol_63 z=+0.5,-0.65723383,-0.5635222,-0.011273889,-1.6146281,-1.1989375,0.85020036,-1.010977,-1.7145042,0.81455827,-1.9061813,-0.32882646,0.64855134,0.15202427,0.13289084,-0.09817702,
TYL,2026-10-05,Tyler Technologies Inc,Technology,XLK,3208,True,low,0.2590361445783132,0.2857142857142857,0.0963855421686747,0.1910499139414802,False,0.5130279560081877,days_since_20pct_dd z=-1.2; dvol_trend_21_126 z=-0.9; streak_now z=+0.5,-0.9573247,0.16162063,-1.1012367,-0.333917,-0.3396763,-2.0021477,-1.1653191,-0.4945555,-0.04840461,-1.3664311,1.6288252,0.048294287,0.3800801,-0.23870413,-0.37394884,
BSX,2026-10-05,Boston Scientific Corp,Healthcare,XLV,3208,True,low,0.253012048192771,0.2837022132796781,0.0602409638554216,0.17197158856754985,False,0.5178806547396522,days_since_20pct_dd z=-1.8; streak_now z=-2.1; dvol_trend_21_126 z=-0.7,-1.988332,-0.68203557,-2.3206496,-0.33197758,0.45101318,-0.66991216,-0.46800032,-1.0892423,0.35599503,-0.83788973,1.0284504,0.19000442,0.3518933,-0.5120557,-0.59867483,
RF,2026-10-05,Regions Financial Corp,Financial,XLF,3208,True,mid,0.2727272727272727,0.2816901408450704,0.4606060606060606,0.3711481007255655,False,0.5683898537732669,days_since_20pct_dd z=+2.1; sharpe_21 z=-2.3; clv_21 z=-2.3,0.18520306,-0.35062543,-0.5097333,-0.5327536,-0.85018164,-0.888607,-1.3635594,1.7504319,1.0024903,-0.33112836,-0.93141294,0.7602832,0.19517994,0.20880622,-0.15785208,
MLM,2026-10-05,Martin Marietta Materials Inc,Basic Materials,XLB,3208,True,mid,0.2666666666666666,0.2796780684104628,0.1696969696969697,0.22468751905371626,False,0.4877460553273283,rs_sec_63 z=-1.6; log_dvol_63 z=+2.0; base_depth_126 z=-1.8,-1.7259634,-1.7084868,-2.5691166,-1.1278257,2.6088514,0.77614605,-1.0071163,-0.44980898,1.565586,-1.5036383,1.2135143,0.83908755,0.21123378,-0.18485889,-0.3142037,
CHRW,2026-10-05,C.H. Robinson Worldwide Inc,Industrials,XLI,3208,True,mid,0.2606060606060606,0.2776659959758551,0.2242424242424242,0.25095421010913965,False,0.459576911412229,base_depth_126 z=-2.7; rs_sec_63 z=-1.4; clv_21 z=+1.3,-0.43790373,0.0601306,-2.1342642,0.40482333,-0.36816028,0.3107957,-1.5767493,-0.7535261,1.4722365,-1.7747416,2.0689554,0.59544754,0.49582765,0.10029614,-0.32859558,
PNR,2026-10-05,Pentair plc,Industrials,XLI,3208,True,high,0.3253012048192771,0.2756539235412474,0.006060606060606,0.1408572648009267,False,0.5117611987239549,mom_12_1 z=-2.5; days_since_52w_high z=+2.5; dn_vol_63 z=+2.2,-2.5019312,-1.3861716,-3.0965686,-0.8618753,0.29204863,-0.45983967,-2.3850374,0.08390816,1.8280545,-2.3539498,2.3018763,0.9332173,0.19596551,-0.45928484,-0.53114414,
TFC,2026-10-05,Truist Financial Corp,Financial,XLF,3208,True,mid,0.2545454545454545,0.2736418511066398,0.4545454545454545,0.3640936528260471,False,0.5856146489033502,clv_21 z=-2.4; sharpe_21 z=-2.1; rs_sec_63 z=-0.8,0.10683149,-0.8318461,-0.4053771,-0.33075577,0.10331892,0.94536257,-0.39941937,0.9829274,1.4713565,-0.576442,-0.7360594,0.71951944,0.20444743,0.1865268,-0.15017025,
GEHC,2026-10-05,GE HealthCare Technologies Inc,Healthcare,XLV,933,True,mid,0.2484848484848484,0.2716297786720322,0.1939393939393939,0.23278458630571305,False,0.5203791521694099,corr_spy_63 z=-2.4; log_dvol_63 z=-0.2; days_since_20pct_dd z=-0.8,-0.7241208,-1.5989075,-1.2324312,-0.8016516,-0.5205679,-1.8387874,0.13438009,-0.77567965,-0.96522963,-2.4484007,1.622928,0.76677066,0.22902529,-0.09069651,-0.26662266,
UAL,2026-10-05,United Airlines Holdings Inc,Industrials,XLI,3208,True,high,0.3192771084337349,0.2696177062374245,0.3575757575757576,0.31359673190659104,False,0.4809910263701819,log_dvol_63 z=-0.0; amihud_21 z=-0.1; days_since_52w_high z=-0.4,-0.45978794,-0.70386666,-0.2126274,-0.9184211,-0.9899797,1.6848413,0.11872652,-1.0440363,0.5915546,0.9254361,-1.8084769,2.1688366,0.3434907,0.14583994,-0.2073215,
LLY,2026-10-05,Lilly(Eli) & Co,Healthcare,XLV,3208,True,mid,0.2424242424242424,0.2676056338028169,0.5333333333333333,0.4004694835680751,False,0.532262596123516,rs_sec_63 z=-1.2; corr_spy_63 z=-2.0; sharpe_21 z=-0.6,0.033258256,0.46699595,-0.14344274,-1.396601,-1.2541327,0.99542916,-0.9116397,-1.053611,0.34013572,-1.9825921,-0.69366294,0.28157192,0.19436842,0.4233256,-0.11567712,
ARES,2026-10-05,Ares Management Corp,Financial,XLF,3105,True,high,0.3132530120481928,0.2655935613682093,0.1818181818181818,0.22370587159319555,False,0.5141353360911759,log_dvol_63 z=+0.5; days_since_52w_high z=+1.5; dn_vol_63 z=-0.3,-0.8311684,0.44847155,-1.3469757,-1.1408234,-0.9952931,-0.5628474,-0.7713734,-0.322003,-0.8366386,-0.06505829,0.21190834,1.7111511,0.26612437,-0.03172047,-0.32681265,
PSA,2026-10-05,Public Storage,Real Estate,XLRE,3208,True,mid,0.2363636363636363,0.2635814889336016,0.303030303030303,0.2833058959819523,False,0.5177821850941039,rs_sec_63 z=-1.1; up_day_frac_63 z=-2.0; days_since_20pct_dd z=+1.5,0.27164316,0.011710896,-0.58477455,-0.98733425,-0.9978994,0.7576678,-1.9375845,-0.60657334,1.1705003,-0.9821903,-0.45164466,0.4031018,0.182015,0.08987914,-0.15198979,
IDXX,2026-10-05,Idexx Laboratories Inc,Healthcare,XLV,3208,True,high,0.3072289156626506,0.2615694164989939,0.2484848484848484,0.25502713249192116,False,0.4601837999186789,amihud_21 z=+0.2; mom_12_1 z=-1.1; log_dvol_63 z=+0.4,-1.1465117,-1.7964519,-1.5658648,-0.74097925,-0.7341574,2.5538917,1.3430843,-0.91899574,0.642622,-2.2061741,-0.24962811,0.86528754,0.21419656,-0.16494706,-0.3154757,
APP,2026-10-05,Applovin Corp,Communication Services,XLC,1355,True,high,0.3012048192771084,0.2595573440643863,0.0666666666666666,0.16311200536552645,False,0.5030782308070936,mom_12_1 z=-1.6; days_since_52w_high z=+2.7; up_day_frac_63 z=-2.7,-1.5558087,-0.17634495,-2.336775,-0.7975896,-0.2270388,-0.6004459,-1.929794,-0.6084936,2.022579,-0.47991765,-0.34808972,2.1119113,0.5251936,-0.54130834,-0.617932,
GRMN,2026-10-05,Garmin Ltd,Technology,XLK,3208,True,high,0.2951807228915662,0.2575452716297787,0.5818181818181818,0.41968172672398024,False,0.5241750702695529,mom_12_1 z=-1.2; up_day_frac_63 z=-2.9; dn_vol_63 z=-0.3,-1.1523944,0.06984708,-0.08772806,-0.6535013,-0.6183844,-2.4034307,-2.018012,-0.5896249,-1.0119369,-2.3564403,1.426646,0.96500015,0.24102172,0.08897782,-0.087992735,
DHI,2026-10-05,D.R. Horton Inc,Consumer Cyclical,XLY,3208,True,high,0.2891566265060241,0.255533199195171,0.109090909090909,0.18231205414304,False,0.4477567457125095,log_dvol_63 z=-0.6; amihud_21 z=-0.2; mom_12_1 z=-1.1,-1.1453415,-0.85255915,-0.54241544,-1.2364731,0.63803345,1.0187805,-0.53682166,-1.2502215,0.713252,0.44259688,-0.42483228,0.8938157,0.27111205,-0.1477031,-0.23488168,
APO,2026-10-05,Apollo Global Management Inc,Financial,XLF,3208,True,high,0.2831325301204819,0.2535211267605634,0.1515151515151515,0.20251813913785743,False,0.504750871012528,log_dvol_63 z=+0.2; amihud_21 z=-0.3; days_since_2x_low z=+1.3,-0.61235327,0.09459268,-0.7783849,-1.1298276,-0.8805627,-0.052016895,-0.92626524,0.085977815,0.03507802,-0.04852734,-0.013152871,1.2033197,0.23136014,0.07455423,-0.23803966,
COO,2026-10-05,Cooper Companies Inc,Healthcare,XLV,3208,True,mid,0.2303030303030303,0.2515090543259557,0.0848484848484848,0.16817876958722025,False,0.5505943472434183,rs_sec_63 z=-1.8; base_depth_126 z=-1.3; clv_21 z=-0.2,0.31040943,-0.19717672,-1.5337356,2.512891,3.1128676,0.28264,-1.0297526,1.1200689,1.6918329,-1.143549,2.04298,0.5015216,0.6514655,0.02199069,-0.3680285,
NVDA,2026-10-05,NVIDIA Corp,Technology,XLK,3208,True,high,0.2771084337349397,0.249496981891348,0.8666666666666667,0.5580818242790073,False,0.4653666599619675,log_dvol_63 z=-0.8; days_since_52w_high z=-1.1; dn_vol_63 z=-0.6,-1.0547187,-0.97480863,1.2866622,-1.1130209,-1.0054284,-0.5029118,0.64473975,-0.059909474,-0.38680887,-1.0042168,-0.13181512,1.8836882,0.25524682,0.21097648,-0.004997968,
KMB,2026-10-05,Kimberly-Clark Corp,Consumer Defensive,XLP,3208,True,low,0.2469879518072289,0.2474849094567404,0.3373493975903614,0.2924171535235509,False,0.4701439905012572,days_since_20pct_dd z=-1.4; dvol_trend_21_126 z=+0.1; streak_now z=+0.8,-0.44690573,0.66685903,-0.44892502,-0.5342051,-0.5602611,-0.05356505,-1.5873442,-0.41532826,0.3920766,0.8480053,0.66688144,0.029817864,0.22334011,-0.08554278,-0.18711041,
ISRG,2026-10-05,Intuitive Surgical Inc,Healthcare,XLV,3208,True,high,0.2710843373493976,0.2454728370221328,0.2242424242424242,0.2348576306322785,False,0.4782858947048867,amihud_21 z=+0.5; mom_12_1 z=-1.3; dn_vol_63 z=+2.3,-1.3159728,-1.3150178,-1.5921142,-0.18367895,-0.13087277,0.5825509,1.7983116,0.8484914,1.2145813,-1.2297263,2.4575753,0.933595,0.31751332,-0.1651882,-0.32688612,
TKO,2026-10-05,TKO Group Holdings Inc,Communication Services,XLC,3208,True,mid,0.2242424242424242,0.2434607645875251,0.1636363636363636,0.20354856411194436,False,0.4956714950923285,days_since_20pct_dd z=-1.2; rs_sec_63 z=-0.9; up_day_frac_63 z=-1.7,-1.2459708,-0.6057778,-0.9669124,-0.5617136,-0.10439045,-0.55969393,-0.42619187,0.12993258,0.11942625,-1.2674795,-0.38816163,0.43951803,0.27791375,-0.032114584,-0.21046765,
STE,2026-10-05,Steris Plc,Healthcare,XLV,3208,True,mid,0.2181818181818181,0.2414486921529175,0.2606060606060606,0.2510273763794891,False,0.5227817401400728,days_since_20pct_dd z=-1.6; up_day_frac_63 z=-2.2; corr_spy_63 z=-1.5,-1.1130008,-0.2682395,-1.6198682,-1.0637186,-0.83194804,-2.379592,-2.2321756,-0.8106444,-0.38226607,-1.525358,1.3517778,0.43100548,0.17382222,-0.05906127,-0.20990191,
AVGO,2026-10-05,Broadcom Inc,Technology,XLK,3208,True,high,0.2650602409638554,0.2394366197183098,0.4787878787878787,0.35911224925309426,False,0.488100570539991,mom_12_1 z=-2.6; days_since_52w_high z=+2.0; amihud_21 z=-1.3,-2.6159484,-0.7278889,-1.7392443,-0.8953157,-0.20163894,-0.124955565,-0.99074924,-0.851771,0.68681675,-0.81684566,-0.35406306,2.1637857,0.34040618,0.062042624,-0.2651618,
LII,2026-10-05,Lennox International Inc,Industrials,XLI,3208,True,high,0.2590361445783132,0.2374245472837022,0.0363636363636363,0.13689409182366924,False,0.6265460006767372,mom_12_1 z=-1.5; dn_vol_63 z=+3.0; log_dvol_63 z=+0.3,-1.5352548,-0.41008908,-2.1937313,-1.4246298,-0.14739634,-0.07576753,-2.1074884,-1.1877693,3.4482415,-0.8305105,2.5811877,1.3615773,0.21432604,-0.28803736,-0.38270494,
CMS,2026-10-05,CMS Energy Corp,Utilities,XLU,3208,True,low,0.2409638554216867,0.2354124748490945,0.3855421686746988,0.3104773217618967,False,0.5954483588816026,days_since_20pct_dd z=-1.9; streak_now z=+1.1; dvol_trend_21_126 z=-0.1,-1.0772866,-0.6998529,-3.1102405,-1.0404358,1.2626953,0.4706366,-1.900885,1.6118765,3.1345274,-0.66369647,-1.0966247,-0.14518717,0.12767093,-0.015274146,-0.19054194,
PAYX,2026-10-05,Paychex Inc,Technology,XLK,3208,True,low,0.2349397590361445,0.2334004024144869,0.0421686746987951,0.137784538556641,False,0.4343190779385281,dvol_trend_21_126 z=+0.8; days_since_20pct_dd z=-1.1; nr7_count_20 z=+0.9,0.15375055,0.6964032,-0.64093554,0.6913158,-0.08504988,0.0984167,-0.50116724,3.3879302,0.5189818,-1.1659651,2.30741,0.05164468,0.3916587,0.058086887,-0.22034696,
OTIS,2026-10-05,Otis Worldwide Corp,Industrials,XLI,1625,True,mid,0.2121212121212121,0.2313883299798792,0.1515151515151515,0.19145174074751536,False,0.5300986087793436,days_since_20pct_dd z=-1.9; base_depth_126 z=-1.4; corr_spy_63 z=-1.6,-1.6606047,-0.89727545,-2.169373,0.11921264,1.8128781,-0.048895396,-1.093432,0.8798345,-0.19741213,-1.5859383,0.78925896,0.27059522,0.26235077,-0.20836681,-0.29486695,
TEL,2026-10-05,TE Connectivity plc,Technology,XLK,3208,True,high,0.253012048192771,0.2293762575452716,0.3757575757575757,0.30256691665142366,False,0.4999859053811244,mom_12_1 z=-1.3; amihud_21 z=-0.1; days_since_52w_high z=+1.2,-1.2906488,-1.3394696,-0.74998593,-0.74466485,-1.396818,-2.6998968,-0.76043874,-0.40374878,0.0049883146,-1.2614497,1.0514985,1.5830951,0.29771206,-0.04261672,-0.12640798,
VMRK,2026-10-05,Vivmark Residential,Real Estate,XLRE,3208,True,low,0.2289156626506024,0.2273641851106639,0.3915662650602409,0.3094652250854524,False,0.4762504726521939,dvol_trend_21_126 z=+2.8; days_since_20pct_dd z=+0.2; streak_now z=+0.3,0.058829498,0.17975871,-0.9436869,0.17620139,3.4188554,0.83383226,-0.5090019,2.1157541,1.531133,-1.2537807,1.6338916,0.14582771,0.236517,0.058097806,-0.1495814,
HIG,2026-10-05,Hartford Insurance Group Inc,Financial,XLF,3208,True,low,0.2228915662650602,0.2253521126760563,0.6204819277108434,0.42291702019344984,False,0.5709622639272506,dvol_trend_21_126 z=+0.3; streak_now z=+1.1; days_since_20pct_dd z=+0.0,-0.97318506,-0.91779464,-2.6059353,-0.018902602,1.6067716,0.6854746,-2.3548307,1.855114,0.5246123,-1.8154293,0.51923805,-0.09360502,0.2029928,0.07198284,-0.13217202,
VST,2026-10-05,Vistra Corp,Utilities,XLU,2493,True,high,0.2469879518072289,0.2233400402414486,0.2545454545454545,0.23894274739345156,False,0.5270884308810329,mom_12_1 z=-1.3; log_dvol_63 z=+0.3; days_since_52w_high z=+2.7,-1.3458418,-1.3000952,-1.2481825,-1.0803987,0.3129844,1.5256027,-0.30646956,-0.6341481,1.2002708,-1.3364487,-0.5047219,1.4482715,0.30915794,-0.28536585,-0.3287348,
ZTS,2026-10-05,Zoetis Inc,Healthcare,XLV,3208,True,mid,0.206060606060606,0.221327967806841,0.103030303030303,0.16217913541857198,False,0.4735591101736777,base_depth_126 z=-2.1; log_dvol_63 z=-0.4; corr_spy_63 z=-1.9,-1.8344879,-0.1555654,-1.9947482,-0.65761065,-0.9390976,-0.46431595,-0.29363602,-0.33943608,-0.36156505,-1.8952627,0.38910687,0.55916476,0.22316302,-0.4692114,-0.5108442,
MDT,2026-10-05,Medtronic Plc,Healthcare,XLV,3208,True,low,0.216867469879518,0.2193158953722334,0.3674698795180723,0.29339288744515285,False,0.4872474546248562,dvol_trend_21_126 z=+4.4; days_since_20pct_dd z=-1.0; nr7_count_20 z=+1.0,-0.62773585,-0.25125992,-0.7837236,-0.31934398,4.6077266,0.34368467,-0.19333293,-0.17718247,-0.07349184,-1.5994089,1.1957402,0.1575264,0.20776308,-0.0008027566,-0.14524813,
FSLR,2026-10-05,First Solar Inc,Technology,XLK,3208,True,high,0.2409638554216867,0.2173038229376257,0.2424242424242424,0.22986403268093406,False,0.4565827454715093,amihud_21 z=+0.7; log_dvol_63 z=-0.3; days_since_52w_high z=-0.4,-0.7559232,0.15302366,-1.1280408,0.30688295,0.22739094,1.1178801,0.08446853,0.43158916,0.8890943,1.271827,-0.8420117,1.8233026,0.609225,-0.106449,-0.45112947,
BX,2026-10-05,Blackstone Inc,Financial,XLF,3208,True,high,0.2349397590361445,0.2152917505030181,0.0848484848484848,0.15007011767575146,False,0.4663908050285215,amihud_21 z=+0.2; mom_12_1 z=-1.2; log_dvol_63 z=+0.3,-1.2376494,0.52373415,-1.1799544,-0.9043692,-0.5736635,0.88316715,-0.9022694,1.1735061,0.11366272,-0.40982965,0.67141664,1.3719494,0.28344372,-0.13996288,-0.31659356,
HUBB,2026-10-05,Hubbell Inc,Industrials,XLI,3208,True,high,0.2289156626506024,0.2132796780684104,0.3878787878787879,0.3005792329735991,False,0.5126889810327576,log_dvol_63 z=+0.3; amihud_21 z=-0.4; dn_vol_63 z=-0.1,-0.64769936,-1.830927,-0.5467667,-0.92312455,-0.6142022,-0.031767793,0.093350664,-0.7160111,0.07113498,-0.784013,0.403126,1.2063652,0.2559742,0.100005135,-0.14484799,
KMI,2026-10-05,Kinder Morgan Inc,Energy,XLE,3208,True,low,0.2108433734939759,0.2112676056338028,0.7891566265060241,0.5002121160699134,False,0.5596788188081072,dvol_trend_21_126 z=+0.8; days_since_20pct_dd z=+0.5; streak_now z=+1.0,-0.44534847,-1.0158734,-0.5429417,-0.43704674,0.52807194,0.4325636,-1.0777267,-0.5038182,0.16758865,-1.1463544,0.35026714,-0.11633737,0.19271755,0.16478842,-0.08923906,
CBRE,2026-10-05,CBRE Group Inc,Real Estate,XLRE,3208,True,high,0.2228915662650602,0.2092555331991951,0.0727272727272727,0.1409914029632339,False,0.467868072125897,mom_12_1 z=-1.3; days_since_52w_high z=+1.6; up_day_frac_63 z=-1.4,-1.2655355,-1.1204933,-2.1259959,-0.36047488,0.24902707,1.0623537,-0.25937495,0.23314302,0.1125627,-0.3037299,1.1468146,0.85770553,0.27052152,-0.044271663,-0.2574741,
AMZN,2026-10-05,Amazon.com Inc,Consumer Cyclical,XLY,3208,True,high,0.216867469879518,0.2072434607645875,0.3939393939393939,0.30059142735199074,False,0.4659572032295567,log_dvol_63 z=+0.4; up_day_frac_63 z=-2.9; dn_vol_63 z=-0.4,-0.58361125,-0.8884528,-0.6161815,-0.82869846,-1.0539858,-2.7224348,-1.3871047,-1.1057596,-1.748204,-1.7558404,2.7127292,1.4364086,0.21374574,0.16406631,-0.12465187,
TXT,2026-10-05,Textron Inc,Industrials,XLI,3208,True,mid,0.2,0.2052313883299799,0.1818181818181818,0.19352478507408083,False,0.4713179562313776,base_depth_126 z=-2.0; days_since_20pct_dd z=-1.3; rs_sec_63 z=-1.1,-0.9974101,-0.8030404,-1.8763351,-0.91214526,1.042711,0.29352587,-1.8480313,-0.35996974,1.1511098,-1.0146242,0.80798024,0.69997334,0.18490185,-0.08022485,-0.25369826,
HII,2026-10-05,Huntington Ingalls Industries Inc,Industrials,XLI,3208,True,mid,0.1939393939393939,0.2032193158953722,0.0969696969696969,0.15009450643253455,False,0.4898071701777567,corr_spy_63 z=+0.2; base_depth_126 z=-1.6; up_day_frac_63 z=-2.2,-0.43011636,-1.4898459,-1.9255216,-0.6837839,-0.1067552,-1.3482933,-1.6104679,-0.68147725,-0.6114057,0.24441871,0.47505683,0.7949348,0.23939368,0.047274224,-0.4154803,
UDR,2026-10-05,UDR Inc,Real Estate,XLRE,3208,True,low,0.2048192771084337,0.2012072434607646,0.4457831325301205,0.3234951879954425,False,0.5319175914208519,nr7_count_20 z=+0.8; dvol_trend_21_126 z=-0.1; streak_now z=+0.4,0.15776703,0.44575676,-0.9755656,-0.8642533,0.34275252,-0.8010625,-2.7644956,-0.02367024,1.7505502,-1.7212805,-0.4245284,0.15189117,0.14502536,0.043654684,-0.1849522,
KO,2026-10-05,Coca-Cola Co,Consumer Defensive,XLP,3208,True,low,0.1987951807228915,0.1991951710261569,0.9578313253012049,0.5785132481636809,False,0.5185835377844172,nr7_count_20 z=+1.6; dvol_trend_21_126 z=-0.0; streak_now z=+0.3,2.4635243,0.7876159,-0.12262916,-1.2899889,-0.537697,1.6652602,0.41565734,-1.11452,-0.3423621,-0.1897898,1.2441461,-0.24572419,0.12300041,0.37110618,-0.059074257,
AXP,2026-10-05,American Express Co,Financial,XLF,3208,True,high,0.2108433734939759,0.1971830985915492,0.1454545454545454,0.1713188220230473,False,0.5315611954851375,mom_12_1 z=-1.3; amihud_21 z=-1.7; days_since_52w_high z=+1.9,-1.3181939,-0.53295213,-1.8664925,-0.75994414,0.6168766,-0.48457766,-1.3752311,0.06385408,1.2410191,-0.594125,0.19475454,0.9650638,0.20125192,0.008677909,-0.20902394,
ABT,2026-10-05,Abbott Laboratories,Healthcare,XLV,3208,True,low,0.1927710843373494,0.1951710261569416,0.253012048192771,0.2240915371748563,False,0.477591864784289,dvol_trend_21_126 z=-1.2; days_since_20pct_dd z=-1.2; nr7_count_20 z=+0.8,-1.2108301,0.8978549,-1.3563043,-0.43820554,-0.88757503,1.2510445,0.30638933,-0.50922096,-1.2176837,-1.6200747,1.9120244,0.046344846,0.21491484,-0.16306071,-0.24345347,
BA,2026-10-05,Boeing Co,Industrials,XLI,3208,True,high,0.2048192771084337,0.193158953722334,0.103030303030303,0.14809462837631848,False,0.5034763993284787,log_dvol_63 z=-0.8; amihud_21 z=+0.1; ignition_mult_10 z=-0.7,-0.3871376,-0.32243934,-0.38038653,-0.060628746,0.50627214,1.6675634,-0.48417065,-0.10753882,0.43340027,0.45127338,0.27562383,1.2388315,0.37276044,-0.03182633,-0.24230392,
CRH,2026-10-05,CRH Plc,Basic Materials,XLB,3208,True,high,0.1987951807228915,0.1911468812877263,0.0424242424242424,0.11678556185598435,False,0.4881793143175665,mom_12_1 z=-2.6; days_since_52w_high z=+3.0; log_dvol_63 z=+0.4,-2.5734296,-1.9414716,-3.217139,-1.1193326,-0.25069997,1.2973238,-0.9092802,-0.25367397,2.1738129,-1.1617353,0.55646586,1.2741617,0.24296717,-0.23170169,-0.36467957,
APTV,2026-10-05,Aptiv Plc,Consumer Cyclical,XLY,3208,True,high,0.1927710843373494,0.1891348088531187,0.1272727272727272,0.15820376806292297,False,0.5527273349288867,amihud_21 z=+0.9; log_dvol_63 z=-0.9; mom_12_1 z=-1.6,-1.598633,0.5314182,-1.9344397,-0.63132024,0.52111316,-0.30200598,-1.7307951,-1.0591972,1.4371328,-2.5336955,1.6413109,1.1641457,0.3338953,-0.46737638,-0.5064658,
RTX,2026-10-05,RTX Corp,Industrials,XLI,3208,True,mid,0.1878787878787878,0.187122736418511,0.3515151515151515,0.26931894396683126,False,0.5534385526463054,base_depth_126 z=-1.8; sharpe_21 z=-3.0; corr_spy_63 z=-1.6,-0.2167801,0.045350496,-1.6100541,-1.2884344,-0.7540444,0.612161,-1.1485451,-0.40862048,0.32966793,-1.6261425,0.2251721,0.3443565,0.12331783,0.23105192,-0.18585752,
XYL,2026-10-05,Xylem Inc,Industrials,XLI,3208,True,mid,0.1818181818181818,0.1851106639839034,0.1757575757575757,0.18043411987073954,False,0.4795282530196615,corr_spy_63 z=-2.2; days_since_20pct_dd z=-1.1; base_depth_126 z=-1.4,-1.9695652,-1.6828794,-2.3781826,-0.08340275,1.855488,0.1660292,-1.3369426,0.12903462,0.75172335,-2.216682,1.7263399,0.7739378,0.25235033,-0.26580507,-0.32679263,
INVH,2026-10-05,Invitation Homes Inc,Real Estate,XLRE,2412,True,low,0.1867469879518072,0.1830985915492957,0.7530120481927711,0.46805531987103344,False,0.58071903166469,dvol_trend_21_126 z=+0.1; days_since_20pct_dd z=-0.8; streak_now z=+0.5,0.3251115,0.30061734,-0.47668368,-1.5693375,-0.33910426,-1.2398779,-1.9708806,-0.34742922,0.8379072,-1.1329437,-1.0232855,0.084223434,0.116922356,0.024888542,-0.14694013,
VRTX,2026-10-05,Vertex Pharmaceuticals Inc,Healthcare,XLV,3208,True,mid,0.1757575757575757,0.1810865191146881,0.5454545454545454,0.36327053228461675,False,0.5066660620940446,sharpe_21 z=-2.3; rs_sec_63 z=-0.8; corr_spy_63 z=-1.6,1.2558876,0.8453262,-0.050717343,-0.8777145,-1.2433906,1.0025582,0.39592156,-0.9486325,-0.096033126,-1.6361628,-0.047920454,0.49740586,0.19498204,0.36470592,-0.10129406,
XYZ,2026-10-05,Block Inc,Technology,XLK,2713,True,high,0.1867469879518072,0.1790744466800805,0.4242424242424242,0.30165843546125237,False,0.4389635298706436,log_dvol_63 z=-2.1; amihud_21 z=+0.4; days_since_52w_high z=-1.2,0.23233801,-0.1951629,0.89859927,-0.99403054,-0.9294685,-1.7304574,-1.1972758,-0.5178536,-0.08334549,-0.51225567,-1.0737104,1.8696632,0.2992634,0.08540562,-0.1229866,
BG,2026-10-05,Bunge Global SA,Consumer Defensive,XLP,3208,True,low,0.180722891566265,0.1770623742454728,0.1265060240963855,0.15178419917092917,False,0.5438725969389269,dvol_trend_21_126 z=+1.0; nr7_count_20 z=-1.0; streak_now z=+0.9,1.3209044,-0.60380405,-0.4456943,-0.20981386,1.1542019,0.6714494,-0.5228063,1.0470686,0.41423744,-1.2591559,1.4287425,-0.06671701,0.29531455,0.483994,-0.19925348,
SMCI,2026-10-05,Super Micro Computer Inc,Technology,XLK,3208,True,high,0.180722891566265,0.1750503018108652,0.593939393939394,0.3844948478751296,False,0.5199555564761681,log_dvol_63 z=-0.5; amihud_21 z=+0.3; dn_vol_63 z=-1.1,-0.6225167,-0.21753445,0.905435,-0.65165955,-0.31914988,0.076035276,1.5525746,-0.7238089,-1.4662583,0.30777746,-0.3481117,3.738694,0.68045294,-0.27866668,-0.26522627,
NI,2026-10-05,NiSource Inc,Utilities,XLU,3208,True,low,0.1746987951807229,0.1730382293762575,0.3554216867469879,0.2642299580616227,False,0.5974879066650866,days_since_20pct_dd z=-5.0; nr7_count_20 z=-0.9; streak_now z=+0.3,-1.3211973,-0.9469008,-3.4536338,-0.96806455,1.0229663,0.06878552,-2.103705,0.57566774,2.4458106,-0.45570284,-0.30300635,0.16184814,0.13348375,-0.0075232857,-0.19091609,
BKNG,2026-10-05,Booking Holdings Inc,Consumer Cyclical,XLY,3208,True,high,0.1746987951807229,0.1710261569416499,0.1212121212121212,0.14611913907688556,False,0.442844207851629,mom_12_1 z=-1.4; days_since_52w_high z=+2.1; log_dvol_63 z=+0.4,-1.3777388,0.22030601,-2.1463869,-0.37250388,0.6110113,-1.9175172,-1.6279263,-0.22110018,0.19763857,-1.6490624,1.8563117,0.8694853,0.3800319,-0.09466244,-0.2898552,
VRSN,2026-10-05,Verisign Inc,Technology,XLK,3208,True,low,0.1686746987951807,0.1690140845070422,0.4759036144578313,0.32245884948243675,False,0.4815259374313844,streak_now z=+1.5; nr7_count_20 z=+0.1; dvol_trend_21_126 z=-0.4,-0.0967833,0.41942224,0.8623827,-0.6501234,-0.6882123,1.6483519,0.7472629,-0.67202365,-0.6328009,-0.796017,1.1011889,0.05044485,0.2586011,0.0782939,-0.06196257,
INTU,2026-10-05,Intuit Inc,Technology,XLK,3208,True,mid,0.1696969696969697,0.1670020120724346,0.0666666666666666,0.1168343393695506,False,0.4667065568986877,days_since_20pct_dd z=-1.0; corr_spy_63 z=-1.7; clv_21 z=-1.6,-1.7510124,-1.8235556,-1.9095658,-0.523642,-0.43307248,-0.840591,-0.22224274,0.07327033,-0.6688781,-1.6511505,1.1108824,0.3024224,0.41739222,-0.48938504,-0.5830449,
MAA,2026-10-05,Mid-America Apartment Communities Inc,Real Estate,XLRE,3208,True,low,0.1626506024096385,0.1649899396378269,0.4036144578313253,0.28430219873457613,False,0.5794251269538584,dvol_trend_21_126 z=+0.7; days_since_20pct_dd z=-0.1; streak_now z=+0.5,-0.10219083,0.38060212,-0.61423635,-0.9353733,1.0796617,-0.5728373,-2.4791842,2.0901031,1.9903524,-1.5116487,-0.85186785,0.063479505,0.1495576,-0.011722478,-0.1841392,
GEN,2026-10-05,Gen Digital Inc,Technology,XLK,3208,True,mid,0.1636363636363636,0.1629778672032193,0.206060606060606,0.18451923663191266,False,0.4231440360942172,rs_sec_63 z=-1.8; base_depth_126 z=-2.1; log_dvol_63 z=+1.7,0.10952883,0.047637124,-1.6472081,1.4421471,2.745084,0.49816447,-0.49810582,3.8510468,1.5158074,-1.2068809,2.091503,0.8334008,0.63919955,0.1380048,-0.29605052,
EL,2026-10-05,Estee Lauder Cos. Inc,Consumer Defensive,XLP,3208,True,high,0.1686746987951807,0.1609657947686116,0.406060606060606,0.2835132004146088,False,0.471403016058754,log_dvol_63 z=-2.1; amihud_21 z=+0.7; mom_12_1 z=+0.9,0.88686305,0.6603693,0.75702983,-0.6741607,-1.1278023,-0.35185885,0.30896494,-0.8720081,-1.7089355,-0.5024341,0.108377,1.4161217,0.33302343,0.15235746,-0.22497724,
AXON,2026-10-05,Axon Enterprise Inc,Industrials,XLI,3208,True,high,0.1626506024096385,0.158953722334004,0.0787878787878787,0.11887080056094135,False,0.4895748478302801,mom_12_1 z=-1.3; days_since_52w_high z=+2.3; dn_vol_63 z=+1.8,-1.2858483,-0.120071575,-1.5810539,-0.7238876,0.0912894,0.21266536,-1.1899949,-0.6521493,1.0541315,-0.09176655,1.1546506,1.5534124,0.4877818,-0.25311923,-0.4609958,
VICI,2026-10-05,VICI Properties Inc,Real Estate,XLRE,2181,True,low,0.1566265060240964,0.1569416498993963,0.3614457831325301,0.25919371651596324,False,0.5559479123098049,days_since_20pct_dd z=-6.0; streak_now z=-1.8; dvol_trend_21_126 z=+0.1,-1.8900206,-0.36721882,-3.1326585,-0.6534413,-0.20820634,1.2924379,-0.6777917,1.5259808,1.1917696,-0.55923563,0.17044894,0.014623883,0.14918727,-0.17760009,-0.26951736,
PYPL,2026-10-05,PayPal Holdings Inc,Financial,XLF,2810,True,high,0.1566265060240964,0.1549295774647887,0.3151515151515151,0.2350405463081519,False,0.489719926718345,amihud_21 z=+1.6; log_dvol_63 z=-1.5; ignition_mult_10 z=-0.5,-0.41076693,0.31863385,-0.3831437,-0.67190844,-1.0659173,0.115984045,-0.25200194,-1.1748583,-0.9568838,-1.5197281,2.197892,1.1226013,0.29694143,-0.16854648,-0.3054753,
BNY,2026-10-05,Bank Of New York Mellon Corp,Financial,XLF,3208,True,mid,0.1575757575757575,0.1529175050301811,0.6242424242424243,0.3885799646363027,False,0.5336872409442106,base_depth_126 z=-3.0; rs_sec_63 z=-1.8; sharpe_21 z=-3.5,0.8271878,-0.47410664,-2.27789,-0.6318445,1.1973778,-0.38994402,-2.6837072,1.935195,0.85940534,-0.7603482,1.0435693,0.7632734,0.16441658,0.57298714,-0.13320066,
ETN,2026-10-05,Eaton Corp Plc,Industrials,XLI,3208,True,high,0.1506024096385542,0.1509054325955734,0.7212121212121212,0.4360587769038473,False,0.4799514224631682,amihud_21 z=+0.4; log_dvol_63 z=+0.4; mom_12_1 z=-0.9,-0.9280569,0.0078049065,-0.04661195,-0.08111065,-0.89538807,0.07417575,0.10150397,0.037439756,-0.060963564,-1.3515004,1.8264773,1.7433399,0.41488507,0.0657914,-0.09497907,
RSG,2026-10-05,Republic Services Inc,Industrials,XLI,3208,True,low,0.1506024096385542,0.1488933601609658,0.8493975903614458,0.4991454752612058,False,0.5634010139765933,days_since_20pct_dd z=-1.3; dvol_trend_21_126 z=-0.4; streak_now z=+0.6,-0.88098174,-1.2471613,-0.14765072,-0.7344984,-0.16902216,-1.0748345,-1.8607587,0.49103975,0.17330942,-1.4417036,0.63597476,-0.3707263,0.15621573,0.0203004,-0.07997253,
CVNA,2026-10-05,Carvana Co,Consumer Cyclical,XLY,2352,True,high,0.144578313253012,0.1468812877263581,0.2121212121212121,0.1795012499237851,False,0.4632710215936243,log_dvol_63 z=-0.3; amihud_21 z=+0.1; mom_12_1 z=-1.1,-1.0680491,-1.6203352,-1.2743545,-0.43922907,-0.64188415,1.3221002,-0.19622551,0.1520159,0.741521,-0.56955826,-0.6156797,2.3524115,0.47004434,-0.06982343,-0.34564272,
TDG,2026-10-05,Transdigm Group Incorporated,Industrials,XLI,3208,True,mid,0.1515151515151515,0.1448692152917505,0.2545454545454545,0.1997073349186025,False,0.5113937705279135,days_since_20pct_dd z=-2.0; rs_sec_63 z=-1.3; base_depth_126 z=-1.9,-1.4105723,-0.838467,-2.3135812,-1.0023376,0.12848338,0.36066863,-1.0964496,-0.93171877,0.79963803,-0.48663658,0.046239085,0.7246401,0.19985074,-0.09812986,-0.2531527,
SPG,2026-10-05,Simon Property Group Inc,Real Estate,XLRE,3208,True,mid,0.1454545454545454,0.1428571428571428,0.503030303030303,0.3229437229437229,False,0.552366385692595,base_depth_126 z=-1.8; rs_sec_63 z=-0.9; up_day_frac_63 z=-2.1,-0.44367945,-0.93152666,-1.7688421,-0.9675279,-1.0699035,1.2795188,-1.8996154,-1.0060295,1.3872794,-1.7676167,-0.9603093,0.24731971,0.12853886,0.18355326,-0.14649197,
MSFT,2026-10-05,Microsoft Corp,Technology,XLK,3208,True,high,0.1385542168674698,0.1408450704225352,0.5151515151515151,0.3279982927870252,False,0.5488564964055551,amihud_21 z=+0.1; days_since_52w_high z=+1.9; up_day_frac_63 z=+0.6,-0.84970933,0.46817797,0.7077143,-0.53493655,-1.4471331,-0.9360908,1.5604078,-0.60449857,-2.3126287,-0.39101747,1.7687788,0.9653918,0.21255833,-0.002759002,-0.04373865,
PEG,2026-10-05,Public Service Enterprise Group Inc,Utilities,XLU,3208,True,low,0.144578313253012,0.1388329979879275,0.3433734939759036,0.24110324598191557,False,0.6469544673551808,days_since_20pct_dd z=-3.2; dvol_trend_21_126 z=+0.6; streak_now z=+1.1,-1.1848673,-0.9781078,-2.317365,-0.42490324,1.8343613,0.007322352,-2.549675,1.9301811,1.5697749,-0.72610265,-1.4955735,0.112726636,0.17106551,-0.07268005,-0.19582583,
ALGN,2026-10-05,Align Technology Inc,Healthcare,XLV,3208,True,high,0.1325301204819277,0.1368209255533199,0.0484848484848484,0.09265288701908415,False,0.5490177762352358,log_dvol_63 z=-2.3; amihud_21 z=+0.6; mom_12_1 z=+1.4,1.4297061,-0.7163279,0.24919654,-0.50181484,-0.63322526,-0.79614234,-0.8424833,-0.5524218,0.4453022,-1.7673923,-0.3315608,1.3491962,0.31327325,0.24211347,-0.2982938,
SNA,2026-10-05,Snap-on Inc,Industrials,XLI,3208,True,mid,0.1393939393939394,0.1348088531187122,0.4787878787878787,0.30679836595329546,False,0.5825350428759585,clv_21 z=-2.5; base_depth_126 z=-1.5; up_day_frac_63 z=-2.1,-0.3487345,-0.08612714,-1.2778697,-1.4432249,-0.79231256,1.1671084,-0.5342114,-0.9606283,0.22545835,-1.2094338,-1.0894877,0.5514412,0.09454748,0.13023506,-0.1260945,
CMG,2026-10-05,Chipotle Mexican Grill,Consumer Cyclical,XLY,3208,True,mid,0.1333333333333333,0.1327967806841046,0.1454545454545454,0.139125663069325,False,0.4758772245191329,corr_spy_63 z=-2.3; log_dvol_63 z=-0.6; sharpe_21 z=-2.0,-0.37974826,-0.24284711,-0.3174841,-0.6176961,-0.73320055,1.1667615,0.23728444,0.084870964,-0.012910867,-2.2592182,2.0353322,0.6822717,0.3337421,-0.06704745,-0.27954227,
HOOD,2026-10-05,Robinhood Markets Inc,Financial,XLF,1282,True,high,0.1265060240963855,0.1307847082494969,0.3090909090909091,0.219937808670203,False,0.4870866363119736,days_since_52w_high z=+2.9; mom_12_1 z=-1.2; up_day_frac_63 z=-1.7,-1.1784599,-0.13447724,-0.36059362,-1.278169,-0.79435253,-0.62786597,-0.8865879,-0.95374227,-0.5917731,-0.2238367,0.80967045,3.1393075,0.5192495,-0.14399448,-0.25835174,
OXY,2026-10-05,Occidental Petroleum Corp,Energy,XLE,3208,True,low,0.1385542168674698,0.1287726358148893,0.4698795180722891,0.2993260769435892,False,0.5050147460230245,days_since_2x_low z=+0.3; streak_now z=+1.8; nr7_count_20 z=-1.5,2.0288272,-1.0385486,0.7052621,-0.14610292,-0.6802787,0.58810323,0.60837775,-0.11108152,-0.52769166,-1.4993025,0.6630074,-0.61638075,0.36925897,0.39123905,-0.12752955,
FISV,2026-10-05,Fiserv Inc,Technology,XLK,3207,True,mid,0.1272727272727272,0.1267605633802817,0.0020120724346076,0.06438631790744465,False,0.3396984089693576,log_dvol_63 z=-1.0; days_since_20pct_dd z=-1.0; clv_21 z=-1.7,-1.2204704,-1.0201005,,,,,-1.0854747,,-0.16851325,-0.7456926,0.5964672,0.64975274,0.3805254,-0.5807093,,
XOM,2026-10-05,ExxonMobil Holdings Corp,Energy,XLE,3208,True,low,0.1325301204819277,0.124748490945674,0.7048192771084337,0.41478388402705385,False,0.4587926810100064,days_since_20pct_dd z=-2.7; days_since_2x_low z=+0.2; nr7_count_20 z=-1.6,2.0957167,-0.63205403,0.6021405,-0.47602022,-1.1790391,-0.41619757,-0.050651863,-1.0618535,-1.329999,-1.8885864,0.122396015,-0.5617925,0.23847969,0.49978697,-0.057977054,
COP,2026-10-05,Conoco Phillips,Energy,XLE,3208,True,low,0.1265060240963855,0.1227364185110664,0.4879518072289157,0.305344112869991,False,0.4939842056116303,days_since_2x_low z=+0.2; days_since_20pct_dd z=-0.0; dvol_trend_21_126 z=-0.1,2.3884227,0.0425326,0.6864657,-0.068782955,-0.8391274,-0.12684311,0.18647525,0.09065715,-0.47644868,-1.5676762,0.55708265,-0.5177919,0.32808223,0.49923742,-0.093348406,
DOC,2026-10-05,Healthpeak Properties Inc,Real Estate,XLRE,3208,True,mid,0.1212121212121212,0.1207243460764587,0.2787878787878788,0.19975611243216876,False,0.5451204274692877,clv_21 z=-2.1; sharpe_21 z=-2.1; corr_spy_63 z=-1.7,0.80455226,0.11500161,-0.26257908,-0.6886752,-1.399308,-0.32346833,-1.7129141,-0.33709574,1.1528986,-1.6941864,-0.75725865,0.43949217,0.18930301,0.16573244,-0.1708715,
RDDT,2026-10-05,Reddit Inc,Communication Services,XLC,617,True,high,0.1204819277108433,0.1187122736418511,0.0909090909090909,0.104810682275471,False,0.4195911220582139,log_dvol_63 z=+0.2; mom_12_1 z=-1.1; amihud_21 z=-0.4,-1.1447036,-0.48299104,-0.43298328,-1.3389769,-0.21896663,-1.7053752,-1.4046111,-0.76034963,0.9727826,-0.76467586,0.35389933,2.0295346,0.4763254,-0.22362131,-0.4291461,
SYY,2026-10-05,Sysco Corp,Consumer Defensive,XLP,3208,True,low,0.1204819277108433,0.1167002012072434,0.5963855421686747,0.35654287168795906,False,0.5128843295163459,dvol_trend_21_126 z=+1.4; nr7_count_20 z=+1.5; streak_now z=-0.5,-0.4229373,0.00012328805,-1.0810424,0.059294283,1.2117957,-0.6298765,-1.3637931,-0.05016205,0.83929276,-1.4381229,-0.2291671,0.15842628,0.2307989,0.0013267949,-0.1505974,
LULU,2026-10-05,Lululemon Athletica Inc,Consumer Cyclical,XLY,3208,True,high,0.1144578313253012,0.1146881287726358,0.0303030303030303,0.07249557953783305,False,0.5142920172340456,log_dvol_63 z=-1.8; amihud_21 z=+0.6; dn_vol_63 z=+0.9,-0.48264706,-0.746063,-1.0912219,-0.8214863,0.81911784,-1.0300791,-1.3248042,-0.77333593,0.6660185,-0.8086274,1.0870316,1.2453514,0.34877703,-0.31666666,-0.5878396,
GD,2026-10-05,General Dynamics Corp,Industrials,XLI,3208,True,mid,0.1151515151515151,0.1126760563380281,0.3696969696969697,0.24118651301749888,False,0.6096173939272996,base_depth_126 z=-2.1; sharpe_21 z=-2.8; clv_21 z=-2.0,-0.5231762,0.1984907,-2.0286486,-0.9524647,0.15323228,0.83635837,-1.5679796,0.5747159,1.6217523,-1.1018391,-0.54732025,0.3988735,0.1490896,0.091701016,-0.1707,
TTWO,2026-10-05,Take-Two Interactive Software Inc,Communication Services,XLC,3208,True,mid,0.109090909090909,0.1106639839034205,0.1393939393939394,0.12502896164867994,False,0.4463226944951982,rs_sec_63 z=-1.8; base_depth_126 z=-2.2; days_since_20pct_dd z=-1.5,-1.8867993,0.19542171,-2.1835103,-0.42855126,0.362053,-0.88682634,-2.0021038,-0.68780357,0.5583932,-2.1967564,1.2381445,0.6497153,0.31206974,-0.16661476,-0.2349402,
BLK,2026-10-05,Blackrock Inc,Financial,XLF,3208,True,high,0.108433734939759,0.1086519114688128,0.296969696969697,0.2028108042192549,False,0.4954140930927486,amihud_21 z=+0.7; mom_12_1 z=-1.4; days_since_52w_high z=+2.1,-1.3865346,0.21146938,-0.47907823,-0.6715584,-1.2852716,-2.302279,-0.54535913,-1.4029031,-0.9693031,-0.5595653,1.2310721,1.1975156,0.22169958,-0.013955725,-0.10713594,
TSN,2026-10-05,Tyson Foods Inc,Consumer Defensive,XLP,3208,True,low,0.1144578313253012,0.1066398390342052,0.2710843373493976,0.1888620881918014,False,0.4850834841018668,days_since_20pct_dd z=-1.6; dvol_trend_21_126 z=+0.2; streak_now z=-0.4,-0.4026956,-0.1575191,-1.7154659,-1.5446738,0.90528846,0.93982625,-0.65278274,-1.0189075,0.9082396,-1.1807632,1.1533107,-0.061390113,0.17012915,-0.015434131,-0.24247783,
HAL,2026-10-05,Halliburton Co,Energy,XLE,3208,True,mid,0.103030303030303,0.1046277665995975,0.1212121212121212,0.11291994390585935,False,0.4476027128691894,rs_sec_63 z=-1.2; up_day_frac_63 z=-1.7; sharpe_21 z=-1.9,1.2706095,0.1417737,-0.18607362,-0.7570334,-1.0259132,-0.35198238,-0.9967191,0.51663405,-0.13661715,-1.4894186,0.29053912,0.24792577,0.25124156,0.56050265,-0.24128856,
KKR,2026-10-05,KKR & Co Inc,Financial,XLF,3208,True,high,0.1024096385542168,0.1026156941649899,0.1151515151515151,0.1088836046582525,False,0.4929620948095125,amihud_21 z=+0.4; log_dvol_63 z=-0.1; mom_12_1 z=-0.9,-0.94807094,0.22710966,-1.3998036,-0.97436184,-0.67404824,0.15937065,-0.63098496,0.36689878,0.13925451,-0.53738105,0.46555814,1.4893664,0.2634512,-0.112929024,-0.37536362,
NRG,2026-10-05,NRG Energy Inc,Utilities,XLU,3208,True,high,0.0963855421686747,0.1006036217303823,0.0545454545454545,0.0775745381379184,False,0.5128419993650285,mom_12_1 z=-2.2; amihud_21 z=+0.1; days_since_52w_high z=+2.2,-2.1554594,-1.3593161,-3.4314997,-1.255224,1.1171297,-1.0981718,-2.1600947,0.6787261,1.4887611,-1.8602059,1.5466739,1.3792155,0.32745343,-0.32323948,-0.4870441,
DASH,2026-10-05,DoorDash Inc,Consumer Cyclical,XLY,1441,True,high,0.0903614457831325,0.0985915492957746,0.3333333333333333,0.21596244131455394,False,0.4688465631001202,mom_12_1 z=-1.6; days_since_52w_high z=+2.9; amihud_21 z=-0.1,-1.5722693,-0.017936055,-1.2011164,-0.35711417,-0.41887537,0.42676526,0.47565666,-0.8151455,0.47988513,-0.8064874,0.60354984,1.4174727,0.46498036,-0.17805175,-0.32830122,
ROL,2026-10-05,Rollins Inc,Consumer Cyclical,XLY,3208,True,low,0.108433734939759,0.096579476861167,0.0301204819277108,0.0633499793944389,False,0.5081855596958558,days_since_20pct_dd z=-1.4; dvol_trend_21_126 z=+0.6; streak_now z=-0.9,-3.044972,-0.17539725,-3.5910873,0.6841383,2.3522866,-0.29508576,-2.3273284,2.0734684,1.6007724,-1.0354643,1.9864041,0.08187789,0.32612604,-0.3786872,-0.54600465,
IP,2026-10-05,International Paper Co,Consumer Cyclical,XLY,3208,True,high,0.0843373493975903,0.0945674044265593,0.0242424242424242,0.05940491433449175,False,0.5248922175574523,amihud_21 z=+0.4; log_dvol_63 z=+0.1; days_since_ignition z=-1.3,-1.0178069,-0.1487149,-1.5329046,-0.9322646,-0.38246793,0.36418846,-1.2647709,-0.6088494,0.022643844,0.07911615,0.95809054,1.2273893,0.3265819,-0.18016523,-0.3387708,
EME,2026-10-05,Emcor Group Inc,Industrials,XLI,3208,True,high,0.0783132530120482,0.0925553319919517,0.3272727272727272,0.20991402963233946,False,0.541642378881817,mom_12_1 z=-1.4; days_since_52w_high z=+2.4; days_since_2x_low z=+2.9,-1.4390503,-1.4357152,-0.9842115,-0.77608293,-0.37804103,-1.2277497,-0.7567916,-1.089548,-0.7182928,-0.52201945,1.9790523,1.8576773,0.31487212,0.124963336,-0.18105541,
FDS,2026-10-05,Factset Research Systems Inc,Financial,XLF,3208,True,low,0.1024096385542168,0.090543259557344,0.1626506024096385,0.12659693098349126,False,0.561425032031654,days_since_20pct_dd z=-1.1; dvol_trend_21_126 z=+0.1; nr7_count_20 z=+0.0,1.022802,0.76309824,0.4073673,-0.28664628,-0.55414754,-1.011159,0.19081616,-0.85404253,-0.62884015,-1.0938241,1.5555001,0.0662194,0.50924957,0.13014132,-0.1374189,
LEN,2026-10-05,Lennar Corp,Consumer Cyclical,XLY,3208,True,high,0.072289156626506,0.0885311871227364,0.0969696969696969,0.09275044204621666,False,0.4762854972711253,log_dvol_63 z=-1.3; mom_12_1 z=-1.2; amihud_21 z=-0.2,-1.1828046,-1.2836852,-1.4133073,1.0193686,1.5328585,0.26814675,-0.6678949,-0.7481072,0.6367816,-0.1873104,0.94958246,0.9319264,0.4610268,-0.32868034,-0.43468234,
VMC,2026-10-05,Vulcan Materials Co,Basic Materials,XLB,3208,True,mid,0.0969696969696969,0.0865191146881287,0.2484848484848484,0.16750198158648855,False,0.4423881085010157,base_depth_126 z=-2.4; rs_sec_63 z=-1.6; days_since_20pct_dd z=-1.3,-1.9502085,-0.7353179,-2.588716,-1.1560329,0.35229197,-0.20169953,-1.3192501,-0.8736739,1.0327779,-1.3689998,1.0111772,0.8072788,0.2122216,-0.13579483,-0.25403237,
MCD,2026-10-05,McDonald's Corp,Consumer Cyclical,XLY,3208,True,low,0.0963855421686747,0.0845070422535211,0.180722891566265,0.13261496690989305,False,0.4798699240921099,days_since_20pct_dd z=-3.1; dvol_trend_21_126 z=+1.2; streak_now z=+1.3,-1.6346313,-0.63387144,-3.4638584,0.26243314,2.7370605,-0.5604475,-1.3752816,2.1746793,1.3630943,-0.87317675,1.0979853,0.006539875,0.21820837,-0.11195179,-0.30473116,
HD,2026-10-05,Home Depot Inc,Consumer Cyclical,XLY,3208,True,mid,0.0909090909090909,0.0824949698189134,0.1333333333333333,0.10791415157612336,False,0.4495192816531438,rs_sec_63 z=-1.4; base_depth_126 z=-1.7; clv_21 z=-2.8,-1.7079834,-0.76086825,-2.1786408,-1.0649259,1.2550386,-0.7656279,-1.7421484,0.20704903,1.4812617,-0.3282908,0.59162956,0.7015381,0.19703016,-0.1719771,-0.27758497,
BXP,2026-10-05,BXP Inc,Real Estate,XLRE,3208,True,mid,0.0848484848484848,0.0804828973843058,0.2727272727272727,0.17660508505578926,False,0.5389612616396319,corr_spy_63 z=-2.0; sharpe_21 z=-2.3; clv_21 z=-2.3,-0.77139956,-0.4946614,-0.5000353,-0.5479517,-0.74442637,0.76012284,-1.2423464,-0.19781552,0.32487273,-1.9762601,-0.40509963,0.7207234,0.21987292,-0.06616473,-0.19867651,
CEG,2026-10-05,Constellation Energy Corp,Utilities,XLU,1162,True,high,0.0662650602409638,0.0784708249496981,0.303030303030303,0.19075056399000054,False,0.5306474250179293,mom_12_1 z=-1.6; days_since_52w_high z=+2.9; log_dvol_63 z=+0.4,-1.5627912,-1.0152745,-1.4374948,-0.7643222,-0.40053418,-0.1916222,-0.7651203,-0.32626733,0.17934789,-0.9031541,-0.6661632,1.3206372,0.402047,-0.19811043,-0.3479137,
DECK,2026-10-05,Deckers Outdoor Corp,Consumer Cyclical,XLY,3208,True,high,0.0602409638554216,0.0764587525150905,0.0181818181818181,0.047320285348454304,False,0.4517006352224655,log_dvol_63 z=-0.7; amihud_21 z=-0.5; up_day_frac_63 z=-1.6,-0.80551416,-0.78633857,-0.43216488,-0.98161614,0.6854582,-1.4689077,-1.1240048,-1.2490348,0.82112944,-0.46845922,-0.7824022,1.058251,0.2865597,-0.18593451,-0.3441001,
MCO,2026-10-05,Moody's Corp,Financial,XLF,3208,True,mid,0.0787878787878787,0.0744466800804829,0.3757575757575757,0.22510212791902928,False,0.5315464277643449,sharpe_21 z=-2.3; rs_sec_63 z=-0.9; base_depth_126 z=-1.1,-0.6924964,-0.110909574,-1.6078339,-0.8279155,-0.810872,0.22083403,-0.7786269,-0.34331518,0.4107923,-1.1270081,0.71010894,0.51827055,0.20405269,0.054968428,-0.17506284,
PLTR,2026-10-05,Palantir Technologies Inc,Technology,XLK,1490,True,high,0.0542168674698795,0.0724346076458752,0.4848484848484848,0.27864154624718,False,0.4634054687241172,days_since_52w_high z=+3.0; mom_12_1 z=-1.3; log_dvol_63 z=+0.3,-1.2647307,-0.09225571,0.58177817,-1.4890345,-1.3411028,-1.050222,0.5127117,-0.28855917,-1.4843699,-0.6563143,1.2401363,1.9268025,0.26702294,-0.024164684,-0.08731693,
UBER,2026-10-05,Uber Technologies Inc,Technology,XLK,1841,True,high,0.0481927710843373,0.0704225352112676,0.0606060606060606,0.0655142979086641,False,0.4302641331255022,log_dvol_63 z=-0.4; mom_12_1 z=-1.3; days_since_52w_high z=+2.5,-1.2962406,-0.6762639,-1.6885197,-1.2041656,0.16435495,-0.719543,-0.075830214,-0.7247167,0.41898012,-1.3600125,0.30668974,0.8780513,0.2436725,-0.213746,-0.3140826,
TT,2026-10-05,Trane Technologies plc,Industrials,XLI,3208,True,high,0.0421686746987951,0.0684104627766599,0.503030303030303,0.28572038290348145,False,0.5338640648056241,log_dvol_63 z=+0.2; mom_12_1 z=-1.1; ignition_mult_10 z=+1.1,-1.120943,-1.4403701,0.033684403,-0.749994,-0.6374926,-0.9521551,-0.73212475,0.094315074,0.5257238,-0.6774254,-0.21033324,1.0858392,0.22904615,0.056068067,-0.06720511,
PCG,2026-10-05,PG&E Corp,Utilities,XLU,3208,True,low,0.0903614457831325,0.0663983903420523,0.0060240963855421,0.036211243363797205,False,0.5796790926993937,dvol_trend_21_126 z=+0.7; days_since_20pct_dd z=-1.0; streak_now z=+0.7,-0.8567499,-0.5621332,-1.9237852,0.119936004,1.4845126,2.0936792,-0.77089536,1.1687963,2.4434497,-0.72204036,4.0821447,0.14623839,0.32280383,-0.09887639,-0.34902635,
HCA,2026-10-05,HCA Healthcare Inc,Healthcare,XLV,3208,True,low,0.0843373493975903,0.0643863179074446,0.0843373493975903,0.07436183365251745,False,0.483022981391689,days_since_20pct_dd z=-1.0; nr7_count_20 z=+0.9; dvol_trend_21_126 z=+0.0,-1.1625073,-2.303602,-0.92911816,-0.39341125,0.46267682,-2.4091206,-1.12201,-1.1785209,-0.45901734,-0.71098906,1.8680922,0.1788724,0.2782252,-0.036207214,-0.21432379,
LOW,2026-10-05,Lowe's Cos. Inc,Consumer Cyclical,XLY,3208,True,mid,0.0727272727272727,0.062374245472837,0.0727272727272727,0.06755075910005484,False,0.4290683095081402,base_depth_126 z=-2.2; rs_sec_63 z=-1.1; clv_21 z=-2.2,-1.7348334,-1.1457369,-2.9469469,-1.7945083,0.95074964,-1.1974376,-2.108952,-0.032759484,0.97769225,-0.88555294,0.7772425,0.6254623,0.17579374,-0.1669116,-0.38075382,
ERIE,2026-10-05,Erie Indemnity Co,Financial,XLF,3208,True,low,0.0783132530120482,0.0603621730382293,0.1927710843373494,0.12656662868778934,False,0.602642196156643,days_since_2x_low z=+0.9; nr7_count_20 z=+1.8; dvol_trend_21_126 z=-0.5,-0.6687216,-0.647156,-0.55326104,-0.77701837,-0.420597,0.09546925,-0.70158744,0.55220056,0.41427848,-1.0457808,2.18804,-0.39844826,0.30380642,-0.16136293,-0.31419966,
SNPS,2026-10-05,Synopsys Inc,Technology,XLK,3208,True,high,0.036144578313253,0.0583501006036217,0.4121212121212121,0.23523565636241692,False,0.4483787944607952,log_dvol_63 z=+0.3; amihud_21 z=-0.2; days_since_ignition z=-2.1,-0.7450406,-0.19003154,0.8963332,0.046999663,0.021075394,-1.2123394,0.6718355,1.4497974,-1.4254407,-0.9718226,0.92594534,1.6501383,0.53962237,-0.11639605,-0.09455398,
J,2026-10-05,Jacobs Solutions Inc,Industrials,XLI,3208,True,high,0.0301204819277108,0.056338028169014,0.4363636363636363,0.24635083226632515,False,0.5537963291703072,amihud_21 z=+0.6; mom_12_1 z=-1.3; days_since_52w_high z=+2.6,-1.3169469,0.30652308,-0.68687123,-0.63904846,-1.1971027,-0.6214511,-0.25516388,-0.5173011,-0.548989,-1.279544,0.41921645,0.856779,0.2557507,-0.03167832,-0.16796869,
CHTR,2026-10-05,Charter Communications Inc,Communication Services,XLC,3208,True,mid,0.0666666666666666,0.0543259557344064,0.006060606060606,0.0301932808975062,False,0.5155582187606862,log_dvol_63 z=-1.3; base_depth_126 z=-2.0; sharpe_21 z=-2.4,-1.0460229,0.031138731,-1.547545,-0.40606052,0.21219255,-0.003447868,0.122439876,0.9241477,-0.22843643,-1.053061,1.1584289,0.27593592,0.4822604,-0.43852225,-0.6213282,
NFLX,2026-10-05,Netflix Inc,Communication Services,XLC,3208,True,mid,0.0606060606060606,0.0523138832997987,0.0787878787878787,0.0655508810438387,False,0.4414078411512115,base_depth_126 z=-2.2; days_since_20pct_dd z=-1.0; log_dvol_63 z=-0.3,-1.7324191,-1.1978772,-2.1669905,-0.5113674,-0.37191337,-0.4278959,-0.871505,0.4381817,0.7170571,-0.6633763,0.58151674,0.31302297,0.3202665,-0.28887856,-0.4593945,
EXE,2026-10-05,Expand Energy Corp,Energy,XLE,1399,True,low,0.072289156626506,0.0503018108651911,0.3012048192771084,0.17575331507114975,False,0.5142972492036584,days_since_2x_low z=+0.2; days_since_20pct_dd z=-1.1; nr7_count_20 z=-0.8,-0.8847659,-1.2518002,-2.0458598,-0.3625585,-0.29189157,0.081064984,0.04549266,1.2677518,-0.15395696,-1.3698539,0.3319227,0.038017206,0.27929407,-0.060980614,-0.30538562,
KR,2026-10-05,Kroger Co,Consumer Defensive,XLP,3208,True,low,0.0662650602409638,0.0482897384305835,0.1024096385542168,0.07534968849240015,False,0.4816814351239739,days_since_20pct_dd z=-2.1; dvol_trend_21_126 z=+0.4; streak_now z=-0.9,-1.5170864,-0.9333628,-2.0374577,0.1267975,0.76178056,0.69920427,-0.23759252,-0.31044734,0.30827838,-0.060723078,0.75012594,-0.6234195,0.3157825,-0.09830848,-0.22309893,
SPGI,2026-10-05,S&P Global Inc,Financial,XLF,3208,True,mid,0.0545454545454545,0.0462776659959758,0.2,0.1231388329979879,False,0.5195534911414621,days_since_20pct_dd z=-1.6; sharpe_21 z=-2.5; clv_21 z=-2.4,-0.5620716,-0.14981145,-1.6400965,-0.80013347,-0.67617685,-0.98175585,-1.4301358,-0.25091276,0.18389674,-1.2198846,0.8103784,0.33128273,0.2053839,0.008116425,-0.24661091,
WY,2026-10-05,Weyerhaeuser Co,Real Estate,XLRE,3208,True,mid,0.0484848484848484,0.0442655935613682,0.0303030303030303,0.03728431193219925,False,0.485862854667923,base_depth_126 z=-2.8; sharpe_21 z=-2.7; rs_sec_63 z=-1.2,-0.090570726,-0.34856564,-2.2448301,-0.21998931,0.9107811,0.13533019,-3.0768998,2.5468955,0.43031085,-0.82782984,1.7904142,0.2893484,0.25020683,-0.05085792,-0.31592315,
TJX,2026-10-05,TJX Companies Inc,Consumer Cyclical,XLY,3208,True,low,0.0602409638554216,0.0422535211267605,0.144578313253012,0.09341591718988625,False,0.4252146333487372,days_since_20pct_dd z=-4.0; dvol_trend_21_126 z=+1.3; nr7_count_20 z=-1.0,-3.63426,-0.9421626,-3.4861484,0.48788947,3.3332717,-0.26738292,-1.6410757,0.15378524,1.5395948,-0.84553427,1.6360251,0.12598722,0.24377704,-0.060967393,-0.20685825,
LHX,2026-10-05,L3Harris Technologies Inc,Industrials,XLI,3208,True,mid,0.0424242424242424,0.0402414486921529,0.0363636363636363,0.0383025425278946,False,0.4727780875167344,base_depth_126 z=-2.8; rs_sec_63 z=-1.3; days_since_20pct_dd z=-1.1,-1.2477136,-1.6173233,-2.728754,-1.5828321,0.49231833,0.47730476,-0.9272005,-0.27082232,1.9553019,-1.4856,1.1569216,0.2636638,0.15104501,-0.104293786,-0.36763522,
TSLA,2026-10-05,Tesla Inc,Consumer Cyclical,XLY,3208,True,high,0.0240963855421686,0.0382293762575452,0.1939393939393939,0.11608438509846955,False,0.5471838151430519,log_dvol_63 z=-2.3; amihud_21 z=+0.4; mom_12_1 z=-1.1,-1.1446028,-0.48759946,0.057413746,-0.91682845,-1.1573057,-0.9895855,0.3474922,-0.758101,1.0730371,0.4504063,-0.6735642,2.2262247,0.32563856,-0.13676606,-0.24076334,
FICO,2026-10-05,Fair Isaac Corp,Technology,XLK,3208,True,mid,0.0363636363636363,0.0362173038229376,0.0545454545454545,0.04538137918419605,False,0.508590014275447,rs_sec_63 z=-2.4; base_depth_126 z=-2.4; corr_spy_63 z=-1.9,-1.396316,-0.2123241,-2.3874521,2.8421717,5.109939,0.07421271,-1.6465558,2.8254542,2.224009,-1.8997328,3.3888817,0.4549579,1.2370337,-0.37303606,-0.6344074,
RCL,2026-10-05,Royal Caribbean Group,Consumer Cyclical,XLY,3208,True,high,0.0180722891566265,0.0342052313883299,0.2606060606060606,0.14740564599719524,False,0.4810779692803664,mom_12_1 z=-2.0; days_since_52w_high z=+2.5; amihud_21 z=-1.4,-1.9547575,-0.8630726,-0.9436505,-0.3217763,2.0612028,-1.7146711,-1.198132,-0.08415425,0.17706706,-1.964694,0.23062895,1.5764942,0.44475898,-0.158838,-0.21552125,
EFX,2026-10-05,Equifax Inc,Industrials,XLI,3208,True,mid,0.0303030303030303,0.0321931589537223,0.0424242424242424,0.03730870068898235,False,0.4820687131051782,sharpe_21 z=-2.6; base_depth_126 z=-1.5; clv_21 z=-2.0,-0.78978616,-0.58831966,-1.8959779,-0.9600354,0.36359662,-0.3966732,-0.7028532,1.4530734,0.116426304,-1.5855736,1.5775999,0.5640114,0.29953763,-0.17688265,-0.4097887,
UHS,2026-10-05,Universal Health Services Inc,Healthcare,XLV,3208,True,low,0.0542168674698795,0.0301810865191146,0.1987951807228915,0.11448813362100306,False,0.5095190115624874,days_since_2x_low z=+0.6; streak_now z=+1.2; days_since_20pct_dd z=-0.7,-1.2176204,-1.8695424,-0.93644893,-0.62470526,-0.23987772,-0.16537032,0.4210579,-1.2123456,-0.3629999,-2.0343928,0.19339933,0.17960364,0.24651259,-0.17316848,-0.28219575,
WYNN,2026-10-05,Wynn Resorts Ltd,Consumer Cyclical,XLY,3208,True,mid,0.0242424242424242,0.028169014084507,0.0242424242424242,0.0262057191634656,False,0.4547853452594795,log_dvol_63 z=-1.0; base_depth_126 z=-1.8; rs_sec_63 z=-1.0,-1.6395224,-1.0836532,-2.7312307,-0.7403009,2.1466258,-0.35059536,-2.2284021,0.8934563,1.1131521,-1.4764276,-0.6983398,0.84086984,0.2451181,-0.3069046,-0.4230159,
COIN,2026-10-05,Coinbase Global Inc,Financial,XLF,1356,True,high,0.0120481927710843,0.0261569416498993,0.1696969696969697,0.0979269556734345,False,0.4680461199429786,log_dvol_63 z=-0.9; amihud_21 z=+0.2; mom_12_1 z=-1.2,-1.1862011,-1.1695242,-1.0867581,0.43079215,0.10490326,-0.567678,0.5637932,-0.30750155,-0.31192344,-1.0700871,0.4264273,2.8774905,0.757621,-0.48208672,-0.5319773,
FIS,2026-10-05,Fidelity National Information Services Inc,Technology,XLK,3208,True,mid,0.0181818181818181,0.0241448692152917,0.0181818181818181,0.021163343698554903,False,0.5332342645699144,rs_sec_63 z=-1.5; clv_21 z=-2.8; log_dvol_63 z=-0.3,-1.1161255,-0.7432563,-1.8355287,-0.27944234,0.63651747,-1.1658808,-1.3524721,0.6371934,0.13732076,-1.2818147,1.5999566,0.36983043,0.3311172,-0.34696865,-0.4957631,
LVS,2026-10-05,Las Vegas Sands Corp,Consumer Cyclical,XLY,3208,True,mid,0.0121212121212121,0.0221327967806841,0.0121212121212121,0.0171270044509481,False,0.4311127092766252,base_depth_126 z=-1.9; sharpe_21 z=-3.6; log_dvol_63 z=-0.5,-0.9763241,-0.8099782,-2.466288,-1.2191694,0.8226331,-1.1525234,-2.169323,1.051174,0.80365974,-1.8468007,-1.0156565,0.6239641,0.17141837,-0.17394924,-0.4712349,
FOXA,2026-10-05,Fox Corp,Communication Services,XLC,1883,True,low,0.0481927710843373,0.0201207243460764,0.1686746987951807,0.09439771157062855,False,0.431860089575686,days_since_2x_low z=+0.6; days_since_20pct_dd z=-0.9; nr7_count_20 z=+0.2,-0.6185449,-0.0161343,-0.79487383,-0.6291186,0.22115423,-1.3403459,-1.0214611,-0.4386002,-0.58318293,-0.83269507,0.7346147,0.11629356,0.25415906,0.10123673,-0.1632173,
SYK,2026-10-05,Stryker Corp,Healthcare,XLV,3208,True,low,0.0421686746987951,0.0181086519114688,0.036144578313253,0.027126615112360898,False,0.5021002841316051,days_since_20pct_dd z=-2.2; nr7_count_20 z=+0.8; dvol_trend_21_126 z=+0.1,-1.6680293,-0.9912746,-2.540762,1.1784072,1.4006076,-0.28406882,-1.5020992,-0.9080952,1.3048099,-1.4464978,2.7730517,0.16535966,0.4065291,-0.15278599,-0.2653676,
AON,2026-10-05,Aon Plc,Financial,XLF,3208,True,low,0.036144578313253,0.0160965794768611,0.0481927710843373,0.0321446752805992,False,0.565917082970507,days_since_20pct_dd z=-1.6; dvol_trend_21_126 z=+1.2; nr7_count_20 z=+0.9,-0.9572213,0.49703985,-2.9770796,-0.39722928,1.8396294,0.15640123,-2.7781005,2.1687324,1.1239508,-1.111644,2.0089092,-0.24597491,0.2575781,-0.0890417,-0.28683862,
FOX,2026-10-05,Fox Corp,Communication Services,XLC,1882,True,low,0.0301204819277108,0.0140845070422535,0.2590361445783132,0.13656032581028335,False,0.479031389969508,days_since_2x_low z=+0.6; nr7_count_20 z=+1.9; days_since_20pct_dd z=-1.0,-0.58921915,-0.12189217,-0.75821555,-0.57559544,-0.6571713,-1.4440507,-0.6696726,-0.4822248,-0.68412554,-0.7895572,0.9042646,0.06975267,0.2633583,0.09332726,-0.15971906,
ACGL,2026-10-05,Arch Capital Group Ltd,Financial,XLF,3208,True,low,0.0240963855421686,0.0120724346076458,0.5060240963855421,0.259048265496594,False,0.622525110089244,days_since_2x_low z=+0.5; dvol_trend_21_126 z=+3.8; nr7_count_20 z=+1.1,-0.16260435,0.081940815,-0.34911972,-0.42319793,4.271158,0.5969102,-0.86709017,-0.92115283,0.72937495,-1.2781591,-0.6600614,-0.30403802,0.18776242,0.12067804,-0.11887194,
DTE,2026-10-05,DTE Energy Co,Utilities,XLU,3208,True,low,0.0180722891566265,0.0100603621730382,0.3132530120481928,0.16165668711061548,False,0.5986785966129632,days_since_20pct_dd z=-2.0; dvol_trend_21_126 z=+1.1; streak_now z=+1.0,-0.9581892,-0.46922806,-2.9911554,-0.31396735,1.8256621,0.13006161,-2.4359705,2.2321172,2.082551,-0.46838182,-0.88313156,-0.017189095,0.15421537,0.008805754,-0.189831,
MGM,2026-10-05,MGM Resorts International,Consumer Cyclical,XLY,3208,True,mid,0.006060606060606,0.0080482897384305,0.0484848484848484,0.02826656911163945,False,0.4834727536537943,base_depth_126 z=-3.2; rs_sec_63 z=-2.2; log_dvol_63 z=-3.5,1.1098,0.22673084,-2.5955117,0.48473522,0.84248173,-0.5326843,-4.212063,4.881274,2.892836,-1.4385091,-0.517278,0.84424776,0.42949715,0.18359715,-0.41519675,
GDDY,2026-10-05,Godaddy Inc,Technology,XLK,2875,True,low,0.0120481927710843,0.0060362173038229,0.0240963855421686,0.01506630142299575,False,0.4822081298567081,days_since_2x_low z=+0.9; dvol_trend_21_126 z=+0.7; streak_now z=+1.8,-0.8326094,-0.77574855,-0.33604816,0.502872,0.64321697,0.068869635,0.13188596,-0.57771313,0.28399062,-1.2950873,2.6527429,0.23544094,0.6301114,-0.22664182,-0.2847103,
EQT,2026-10-05,EQT Corp,Energy,XLE,3208,True,low,0.0060240963855421,0.0040241448692152,0.1566265060240964,0.0803253254466558,False,0.518655462695332,days_since_2x_low z=+0.6; days_since_20pct_dd z=-1.0; streak_now z=+1.3,-0.7216676,-1.2906812,-1.4894083,-0.057528827,-0.23715492,0.23108774,-0.0153407715,0.6824098,-0.8054788,-1.1929587,-0.5299033,0.16195112,0.2854102,0.009066338,-0.24641198,
CCL,2026-10-05,Carnival Corp Ltd,Consumer Cyclical,XLY,3208,True,high,0.0060240963855421,0.0020120724346076,0.1575757575757575,0.07979391500518256,False,0.5133587814285435,mom_12_1 z=-1.7; log_dvol_63 z=-0.1; days_since_52w_high z=+1.9,-1.739326,-0.212818,-0.68403816,0.24800847,1.2957536,-2.0546932,-1.466736,0.44474244,-0.5981156,-1.0273504,0.6375833,2.0341413,0.5209252,-0.17305666,-0.23682812,
CTVA,2026-10-05,Corteva Inc,Basic Materials,XLB,1828,False,,,,,,False,,,,,,,,,,,,,,,,,,fails liquidity / price eligibility today or no completed session (e.g. CTVA unadjusted spin-off)
FDXF,2026-10-05,FedEx Freight Holding Company Inc,Industrials,XLI,71,False,,,,,,False,,,,,,,,,,,,,,,,,,insufficient history (71 sessions; 252 needed)
HONA,2026-10-05,Honeywell Aerospace Inc,Industrials,XLI,58,False,,,,,,False,,,,,,,,,,,,,,,,,,insufficient history (58 sessions; 252 needed)
Q,2026-10-05,Qnity Electronics Inc,Technology,XLK,216,False,,,,,,False,,,,,,,,,,,,,,,,,,insufficient history (216 sessions; 252 needed)
SKYD,2026-10-05,Skydance Corp,Communication Services,XLC,0,False,,,,,,False,,,,,,,,,,,,,,,,,,insufficient history (0 sessions; 252 needed)
VYLR,2026-10-05,Vylor Inc,Basic Materials,XLB,0,False,,,,,,False,,,,,,,,,,,,,,,,,,insufficient history (0 sessions; 252 needed)
