"No.","Ticker","Company","Sector","Industry","Performance (Week)","Performance (Month)","Performance (Quarter)","Performance (YTD)","Performance (Year)","Performance (3 Years)","Change from Open","Relative Volume","Change","Relative Strength Index (14)","Volatility (Week)","Volatility (Month)","Market Cap","Short Float"
1,"AADX","Applied Aerospace & Defense Inc","Industrials","Aerospace & Defense",-1.41%,-5.19%,-48.99%,-42.75%,,,-5.64%,1.40,-5.94%,38.43,5.56%,5.73%,2048.03,7.18%
2,"AAMI","Acadian Asset Management Inc","Financial","Asset Management",2.47%,4.20%,22.78%,104.49%,107.85%,425.77%,1.81%,0.59,2.06%,61.60,3.92%,3.45%,3410.98,3.04%
3,"AAP","Advance Auto Parts Inc","Consumer Cyclical","Auto Parts",-1.68%,-8.47%,-30.00%,-0.51%,-36.26%,-26.17%,0.51%,0.53,1.09%,34.41,3.83%,3.87%,2361.64,17.38%
4,"AAT","American Assets Trust Inc","Real Estate","REIT - Diversified",-0.34%,-2.73%,-13.78%,13.87%,5.67%,17.21%,0.45%,0.34,0.03%,41.35,1.89%,1.68%,1323.61,4.15%
5,"ABAT","American Battery Technology Company","Industrials","Waste Management",-2.20%,-18.38%,-15.59%,-33.53%,-54.51%,-68.99%,1.37%,0.67,1.37%,43.47,6.22%,5.62%,316.53,16.73%
6,"ABCB","Ameris Bancorp","Financial","Banks - Regional",-0.22%,-5.33%,-9.89%,9.41%,10.12%,114.46%,-0.19%,0.43,-0.22%,39.16,1.97%,1.70%,5453.03,4.34%
7,"ABEO","Abeona Therapeutics Inc","Healthcare","Biotechnology",-3.31%,-13.74%,-21.91%,-2.94%,-5.45%,18.95%,0.89%,0.84,1.69%,36.06,4.00%,4.26%,292.50,31.06%
8,"ABG","Asbury Automotive Group Inc","Consumer Cyclical","Auto & Truck Dealerships",-5.05%,-20.80%,-18.27%,-26.63%,-32.67%,-17.98%,-1.48%,0.74,-3.00%,29.77,4.49%,3.69%,3062.59,7.32%
9,"ABM","ABM Industries Inc","Industrials","Specialty Business Services",-0.14%,3.64%,8.37%,15.72%,5.11%,20.18%,0.25%,0.29,-0.04%,51.58,1.87%,2.79%,2869.19,3.49%
10,"ABOS","Acumen Pharmaceuticals Inc","Healthcare","Biotechnology",-9.35%,-32.52%,-18.87%,-1.18%,20.52%,-53.46%,3.19%,1.64,2.21%,32.14,9.79%,7.85%,150.78,4.54%
11,"ABR","Arbor Realty Trust Inc","Real Estate","REIT - Mortgage",-14.34%,-32.66%,-29.25%,-54.96%,-71.95%,-73.99%,-3.77%,1.40,-1.83%,17.01,5.80%,4.09%,652.02,23.64%
12,"ABSI","Absci Corp","Healthcare","Biotechnology",18.28%,27.56%,-0.93%,221.63%,232.10%,719.34%,0.94%,0.91,1.40%,64.88,6.58%,7.47%,1926.37,25.16%
13,"ABUS","Arbutus Biopharma Corp","Healthcare","Biotechnology",-2.89%,-7.82%,-8.89%,-1.88%,7.75%,148.39%,6.05%,0.56,6.05%,43.71,5.02%,2.51%,934.94,11.74%
14,"ABX","Abacus Global Management Inc","Financial","Insurance - Life",0.18%,-15.54%,-30.21%,-3.68%,34.56%,18.49%,-0.30%,0.39,-0.42%,39.58,3.62%,4.53%,805.32,14.02%
15,"ACA","Arcosa Inc","Industrials","Engineering & Construction",0.12%,0.85%,1.35%,37.99%,58.88%,107.01%,-0.03%,0.38,0.14%,65.99,0.32%,0.26%,7204.51,3.25%
16,"ACAD","Acadia Pharmaceuticals Inc","Healthcare","Biotechnology",-3.80%,-29.11%,-24.62%,-26.06%,-9.40%,-10.06%,-1.32%,0.60,-1.00%,15.87,3.13%,3.74%,3403.04,5.69%
17,"ACCO","Acco Brands Corp","Industrials","Business Equipment & Supplies",0.47%,0.00%,6.90%,16.36%,5.09%,-19.18%,2.00%,0.44,0.93%,55.32,2.15%,2.66%,400.63,7.67%
18,"ACDC","ProFrac Holding Corp","Energy","Oil & Gas Equipment & Services",11.25%,-2.44%,6.05%,28.41%,19.78%,-44.84%,9.30%,0.68,9.06%,54.99,5.99%,5.93%,909.70,18.26%
19,"ACEL","Accel Entertainment Inc","Consumer Cyclical","Gambling",0.64%,-6.10%,-10.78%,-2.89%,-0.35%,2.98%,1.94%,1.06,2.22%,43.23,2.32%,1.96%,899.68,4.34%
20,"ACH","Accendra Health Inc","Healthcare","Medical Distribution",-21.65%,-58.25%,-84.18%,-81.81%,-89.30%,-96.72%,-0.16%,0.43,0.81%,16.01,12.03%,9.75%,39.17,12.77%
21,"ACHC","Acadia Healthcare Company Inc","Healthcare","Medical Care Facilities",2.77%,1.07%,-10.14%,102.14%,5.69%,-57.67%,1.28%,0.28,2.22%,51.96,4.04%,4.42%,2670.41,24.71%
22,"ACHR","Archer Aviation Inc","Industrials","Aerospace & Defense",-8.23%,-17.16%,-3.21%,-36.55%,-58.76%,-2.81%,-1.81%,0.56,-2.42%,34.14,5.86%,4.95%,3674.40,14.65%
23,"ACHV","Achieve Life Sciences Inc","Healthcare","Biotechnology",-8.84%,-14.98%,8.36%,42.15%,124.29%,76.63%,-3.46%,0.73,-2.42%,40.79,6.19%,5.49%,727.00,22.91%
24,"ACIC","American Coastal Insurance Corp","Financial","Insurance - Property & Casualty",-0.14%,-3.07%,-19.73%,-22.16%,-15.69%,38.72%,-0.35%,0.37,-0.89%,46.43,2.26%,2.06%,448.15,7.52%
25,"ACIW","ACI Worldwide Inc","Technology","Software - Infrastructure",4.55%,-3.18%,-7.89%,7.15%,-4.46%,143.60%,2.13%,0.46,2.15%,52.54,2.39%,2.38%,5171.94,6.49%
26,"ACLS","Axcelis Technologies Inc","Technology","Semiconductor Equipment & Materials",15.40%,29.66%,8.79%,78.12%,61.31%,-9.96%,-2.13%,0.54,-3.16%,67.61,4.66%,4.22%,4419.21,4.71%
27,"ACMR","ACM Research Inc","Technology","Semiconductor Equipment & Materials",2.68%,12.34%,-17.62%,97.68%,87.64%,350.78%,-6.01%,1.06,-6.47%,52.04,5.52%,5.77%,5431.56,7.11%
28,"ACNB","ACNB Corp","Financial","Banks - Regional",1.40%,-2.36%,8.14%,33.73%,47.79%,99.63%,0.38%,1.01,0.45%,51.73,2.13%,2.29%,651.53,4.42%
29,"ACR","ACRES Commercial Realty Corp","Real Estate","REIT - Mortgage",2.51%,-24.96%,-39.72%,-50.28%,-48.62%,29.23%,-3.19%,0.32,-2.66%,26.09,5.45%,4.81%,142.73,2.78%
30,"ACRE","Ares Commercial Real Estate Corp","Real Estate","REIT - Mortgage",-9.49%,-18.24%,-16.03%,-22.18%,-20.51%,-59.03%,-2.87%,1.93,-2.87%,21.30,3.70%,2.57%,206.39,4.06%
31,"ACRS","Aclaris Therapeutics Inc","Healthcare","Biotechnology",-20.81%,-27.73%,-23.49%,42.86%,131.18%,-27.36%,-1.15%,3.29,-2.05%,29.81,8.94%,7.33%,632.95,14.47%
32,"ACT","Enact Holdings Inc","Financial","Insurance - Specialty",-1.62%,-6.73%,1.49%,16.50%,25.56%,68.97%,1.27%,0.36,2.03%,42.91,3.72%,2.47%,6349.00,9.57%
33,"ACTG","Acacia Research Corp","Industrials","Business Equipment & Supplies",0.81%,-3.88%,-2.58%,15.91%,31.76%,23.86%,-0.34%,0.23,-0.12%,40.61,1.83%,2.27%,423.04,2.13%
34,"ACU","Acme United Corp","Consumer Defensive","Household & Personal Products",-1.21%,-0.26%,32.60%,56.25%,57.90%,120.77%,-1.32%,0.93,-0.81%,55.98,2.77%,2.69%,241.48,2.11%
35,"ACVA","ACV Auctions Inc","Consumer Cyclical","Auto & Truck Dealerships",0.05%,56.19%,43.55%,30.49%,3.41%,-27.53%,0.05%,0.40,0.14%,77.41,0.28%,1.85%,1777.04,9.65%
36,"ADAM","Adamas Trust Inc","Real Estate","REIT - Mortgage",-2.93%,-19.85%,-14.75%,6.51%,11.39%,-5.53%,-0.45%,0.95,-0.45%,14.80,3.16%,2.62%,698.81,3.79%
37,"ADCT","Adc Therapeutics SA","Healthcare","Drug Manufacturers - Specialty & Generic",-3.17%,-7.58%,-9.63%,-65.44%,-70.10%,41.86%,8.93%,0.76,7.96%,53.11,8.04%,8.34%,155.75,5.44%
38,"ADEA","Adeia Inc","Technology","Software - Application",4.74%,2.51%,-8.07%,51.30%,50.95%,204.20%,0.81%,0.56,1.40%,52.54,4.67%,3.74%,2878.31,6.97%
39,"ADIG","ADI Global Distribution Inc","Technology","Computer Hardware",-3.56%,-12.49%,,-18.77%,,,0.39%,0.27,0.22%,36.23,8.20%,5.84%,1356.75,5.50%
40,"ADMA","Adma Biologics Inc","Healthcare","Biotechnology",-0.05%,5.58%,9.83%,-44.54%,-31.00%,194.90%,4.82%,0.88,4.06%,59.55,5.24%,4.02%,2265.60,11.28%
41,"ADNT","Adient plc","Consumer Cyclical","Auto Parts",2.57%,-10.37%,-8.65%,-8.50%,-32.20%,-49.97%,0.86%,0.28,1.33%,45.24,4.51%,4.43%,1352.28,8.95%
42,"ADPT","Adaptive Biotechnologies Corp","Healthcare","Diagnostics & Research",1.44%,17.70%,38.90%,78.08%,101.11%,510.13%,1.26%,0.38,2.01%,61.24,4.56%,4.66%,4615.51,8.71%
43,"ADTN","ADTRAN Holdings Inc","Technology","Communication Equipment",4.19%,-0.91%,-43.50%,-18.47%,-23.41%,-9.17%,-0.34%,0.69,0.64%,43.44,4.06%,4.26%,577.30,16.77%
44,"ADUS","Addus HomeCare Corp","Healthcare","Medical Care Facilities",1.13%,-4.65%,6.79%,5.38%,-1.47%,35.87%,1.51%,0.56,1.71%,44.98,2.49%,2.48%,2113.37,4.85%
45,"ADV","Advantage Solutions Inc","Communication Services","Advertising Agencies",-13.69%,-13.66%,-31.13%,25.27%,-26.01%,-62.76%,-0.33%,0.28,-0.29%,34.70,9.43%,5.81%,353.38,13.71%
46,"AEBI","Aebi Schmidt Holding AG","Industrials","Farm & Heavy Construction Machinery",3.48%,-11.26%,-3.14%,-11.64%,-9.86%,,2.15%,0.40,2.25%,41.05,3.89%,4.36%,865.66,4.95%
47,"AEHR","Aehr Test Systems","Technology","Semiconductor Equipment & Materials",8.07%,39.56%,59.01%,427.20%,243.14%,140.76%,-0.05%,0.76,-0.72%,58.73,7.32%,8.03%,3476.35,16.42%
48,"AEO","American Eagle Outfitters Inc","Consumer Cyclical","Apparel Retail",2.51%,4.32%,7.42%,-32.71%,4.75%,9.54%,0.03%,0.54,0.20%,60.64,4.99%,4.23%,2973.59,10.85%
49,"AESI","Atlas Energy Solutions Inc","Energy","Oil & Gas Equipment & Services",4.88%,-2.05%,-7.73%,36.94%,10.73%,-38.08%,5.05%,0.84,7.14%,52.48,6.71%,5.92%,1612.53,29.97%
50,"AEVA","Aeva Technologies Inc","Technology","Software - Infrastructure",-0.77%,-7.21%,-34.35%,6.63%,-13.39%,310.67%,-3.67%,0.46,-4.07%,40.80,6.60%,5.83%,987.04,15.08%
51,"AFRI","Forafric Global PLC","Consumer Defensive","Farm Products",-1.88%,-1.71%,8.10%,-0.82%,25.89%,-4.54%,-4.45%,2.02,-2.67%,47.84,2.13%,2.99%,294.98,3.52%
52,"AGEN","Agenus Inc","Healthcare","Biotechnology",-9.76%,3.28%,143.14%,171.02%,105.56%,-59.48%,1.67%,0.18,1.79%,53.87,11.15%,7.50%,384.32,17.05%
53,"AGIO","Agios Pharmaceuticals Inc","Healthcare","Biotechnology",-6.73%,-5.91%,-29.17%,14.51%,-23.03%,27.07%,-1.73%,0.28,-1.98%,37.00,3.67%,3.97%,1860.96,12.97%
54,"AGL","Agilon Health Inc","Healthcare","Medical Care Facilities",4.78%,-3.64%,-22.46%,383.98%,194.97%,-81.65%,-2.73%,0.35,-0.96%,44.64,5.53%,6.40%,1399.21,8.96%
55,"AGM","Federal Agricultural Mortgage Corp","Financial","Credit Services",0.31%,-4.33%,8.04%,23.24%,32.65%,43.91%,-0.25%,0.41,0.74%,47.33,2.93%,2.46%,2282.75,4.06%
56,"AGNT","AGNT Inc","Real Estate","Real Estate Services",8.12%,-6.06%,-23.49%,-58.07%,-64.66%,-74.24%,4.55%,0.56,3.97%,48.37,5.21%,5.50%,634.21,14.78%
57,"AGX","Argan Inc","Industrials","Engineering & Construction",8.40%,-6.49%,-41.94%,22.90%,46.83%,730.06%,0.02%,0.40,0.32%,41.28,3.84%,4.69%,5402.39,9.59%
58,"AGYS","Agilysys Inc","Technology","Software - Application",2.73%,-12.61%,-11.59%,-16.06%,-4.86%,48.90%,-0.06%,0.72,0.49%,42.11,3.82%,3.69%,2813.53,6.38%
59,"AHCO","AdaptHealth Corp","Healthcare","Medical Devices",0.18%,-11.84%,-44.24%,-43.17%,-37.73%,-29.69%,2.54%,0.41,1.07%,41.44,3.43%,4.32%,771.71,11.16%
60,"AHRT","AH Realty Trust Inc","Real Estate","REIT - Diversified",1.72%,-7.67%,-15.48%,-9.35%,-14.02%,-39.53%,-2.10%,0.61,-0.48%,38.09,3.47%,2.81%,575.57,3.65%
61,"AI","C3.ai Inc","Technology","Software - Infrastructure",7.25%,2.43%,25.03%,-17.17%,-41.73%,-53.92%,1.54%,0.52,1.41%,59.52,4.81%,4.64%,1795.11,29.73%
62,"AII","American Integrity Insurance Group Inc","Financial","Insurance - Property & Casualty",1.97%,-2.63%,33.02%,29.10%,18.31%,,-0.88%,0.37,-2.25%,51.48,3.18%,3.56%,499.09,2.02%
63,"AIN","Albany International Corp","Consumer Cyclical","Textile Manufacturing",2.73%,-1.39%,-16.11%,21.74%,11.39%,-26.67%,2.46%,0.40,1.38%,54.23,2.20%,2.83%,1752.85,3.82%
64,"AIOT","PowerFleet Inc","Technology","Software - Application",7.44%,-7.40%,-34.69%,-47.09%,-44.70%,50.53%,-0.18%,0.69,0.18%,42.71,5.82%,3.76%,377.84,11.47%
65,"AIP","Arteris Inc","Technology","Semiconductors",5.21%,17.63%,-22.33%,56.94%,121.54%,291.72%,-1.52%,0.41,-1.36%,52.92,3.86%,4.69%,1195.65,6.51%
66,"AIR","AAR Corp","Industrials","Aerospace & Defense",-9.80%,-17.39%,-24.02%,25.39%,26.90%,75.38%,1.23%,0.72,1.27%,32.75,7.45%,4.74%,4172.45,4.08%
67,"AIRJ","AirJoule Technologies Corp","Industrials","Building Products & Equipment",-5.57%,-14.27%,-15.69%,-3.17%,-22.30%,-64.01%,-2.68%,0.57,-2.68%,32.24,4.65%,4.44%,286.91,14.86%
68,"AIRO","AIRO Group Holdings Inc","Industrials","Aerospace & Defense",-5.24%,-6.71%,-3.72%,-19.25%,-65.97%,,0.38%,0.46,0.23%,37.82,4.63%,5.13%,208.42,16.79%
69,"AIRS","Airsculpt Technologies Inc","Healthcare","Medical Care Facilities",1.86%,-24.61%,-54.62%,-3.28%,-75.26%,-72.08%,5.80%,0.54,8.19%,37.27,8.74%,8.79%,138.06,29.33%
70,"AKBA","Akebia Therapeutics Inc","Healthcare","Drug Manufacturers - Specialty & Generic",0.15%,-9.04%,-34.24%,-44.45%,-68.40%,-13.17%,2.22%,1.10,3.40%,45.01,5.11%,5.87%,247.85,7.61%
71,"AKR","Acadia Realty Trust","Real Estate","REIT - Retail",-3.46%,-8.32%,-13.20%,-9.48%,-6.99%,34.73%,0.42%,0.59,-0.20%,19.85,1.77%,1.80%,2595.97,9.29%
72,"AKTS","Aktis Oncology Inc","Healthcare","Biotechnology",-4.91%,-30.96%,-33.28%,-31.85%,,,-0.38%,0.46,-0.65%,25.85,4.71%,5.78%,1023.40,10.33%
73,"ALCO","Alico Inc","Consumer Defensive","Farm Products",-2.02%,-4.08%,-8.73%,5.44%,14.34%,55.62%,0.55%,0.32,0.13%,39.91,1.59%,2.06%,284.58,3.42%
74,"ALEC","Alector Inc","Healthcare","Biotechnology",15.10%,-11.95%,14.51%,41.67%,-33.43%,-65.90%,-18.75%,118.98,22.10%,57.61,6.29%,7.76%,246.76,7.41%
75,"ALG","Alamo Group Inc","Industrials","Farm & Heavy Construction Machinery",4.48%,-3.93%,-0.82%,-1.83%,-14.02%,-5.00%,1.72%,0.68,2.35%,52.47,3.07%,3.18%,2005.66,4.50%
76,"ALGT","Allegiant Travel","Industrials","Airlines",-1.37%,-0.47%,-32.07%,-11.46%,20.24%,-1.02%,-1.96%,0.40,-2.72%,41.92,4.10%,4.18%,2064.00,9.72%
77,"ALH","Alliance Laundry Holdings Inc","Consumer Cyclical","Furnishings, Fixtures & Appliances",-2.51%,-6.00%,-17.78%,4.77%,,,1.72%,0.56,0.09%,38.33,3.01%,2.79%,4238.19,5.43%
78,"ALHC","Alignment Healthcare Inc","Healthcare","Healthcare Plans",3.79%,-39.23%,-65.78%,-58.33%,-50.48%,14.63%,0.87%,0.87,3.66%,30.32,5.29%,7.70%,1707.34,12.41%
79,"ALKS","Alkermes plc","Healthcare","Drug Manufacturers - Specialty & Generic",6.41%,-8.86%,-22.63%,52.70%,37.56%,61.61%,1.52%,0.91,2.34%,43.14,3.04%,3.35%,7167.74,9.31%
80,"ALKT","Alkami Technology Inc","Technology","Software - Application",5.56%,-29.64%,-23.64%,-38.73%,-42.52%,-17.58%,1.47%,0.31,1.76%,30.04,3.87%,5.06%,1511.63,10.96%
81,"ALLO","Allogene Therapeutics Inc","Healthcare","Biotechnology",-8.59%,-24.75%,-30.70%,8.76%,12.03%,-52.70%,-0.67%,0.67,-0.67%,24.75,4.48%,4.81%,514.79,24.92%
82,"ALMR","Alamar Biosciences Inc","Healthcare","Medical Devices",10.00%,17.34%,42.17%,58.72%,,,3.88%,0.40,4.39%,62.97,6.07%,6.82%,2489.12,5.92%
83,"ALMS","Alumis Inc","Healthcare","Biotechnology",-1.40%,-37.85%,-75.88%,-27.66%,75.62%,,1.88%,0.49,3.07%,23.09,6.02%,7.22%,942.47,6.60%
84,"ALMU","Aeluma Inc","Technology","Semiconductors",-0.94%,-1.48%,-27.73%,-26.38%,-29.82%,321.32%,-4.39%,0.78,-3.66%,43.94,6.17%,6.09%,244.13,24.61%
85,"ALNT","Allient Inc","Technology","Electronic Components",3.72%,31.55%,43.79%,120.78%,171.37%,301.32%,-0.60%,0.42,0.31%,67.59,4.95%,4.62%,2017.69,3.88%
86,"ALOY","REalloys Inc","Basic Materials","Other Industrial Metals & Mining",-3.44%,-19.18%,-33.25%,0.43%,34.16%,230.49%,-0.85%,0.30,0.12%,39.45,5.42%,5.88%,564.37,17.88%
87,"ALRM","Alarm.com Holdings Inc","Technology","Software - Application",3.85%,-1.57%,9.84%,9.45%,6.98%,-6.60%,1.88%,0.37,2.12%,59.40,2.07%,2.39%,2741.26,6.39%
88,"ALRS","Alerus Financial Corp","Financial","Banks - Regional",0.81%,-3.15%,4.12%,43.52%,46.78%,83.22%,-0.77%,0.24,-1.07%,47.61,2.57%,2.13%,805.66,6.12%
89,"ALT","Altimmune Inc","Healthcare","Biotechnology",-9.46%,-17.03%,-11.26%,-25.76%,-31.46%,3.08%,-1.83%,0.70,-2.01%,29.78,3.78%,4.28%,521.31,28.17%
90,"ALTG","Alta Equipment Group Inc","Industrials","Industrial Distribution",13.23%,14.22%,7.29%,42.28%,-0.83%,-41.82%,0.61%,0.65,1.00%,57.56,6.05%,5.67%,213.80,3.45%
91,"ALTI","AlTi Global Inc","Financial","Asset Management",-5.99%,-24.35%,-27.56%,-37.39%,-20.63%,-56.64%,-0.51%,0.11,-0.17%,32.95,3.63%,5.73%,453.02,2.83%
92,"ALTO","Alto Ingredients Inc","Basic Materials","Specialty Chemicals",4.26%,-5.06%,-32.28%,32.85%,244.70%,-3.13%,2.03%,0.35,1.49%,44.34,3.76%,3.63%,296.79,9.54%
93,"ALX","Alexander's Inc","Real Estate","REIT - Retail",-2.00%,-7.25%,-9.72%,12.01%,0.27%,42.92%,-0.05%,0.90,0.10%,32.65,1.77%,1.95%,1246.73,11.22%
94,"ALXO","Alx Oncology Holdings Inc","Healthcare","Biotechnology",-10.07%,-38.42%,-47.03%,10.62%,-42.66%,-80.93%,2.46%,1.14,2.46%,27.25,11.40%,7.37%,172.85,6.42%
95,"AMAL","Amalgamated Financial Corp","Financial","Banks - Regional",1.07%,-2.56%,4.33%,49.19%,76.46%,173.06%,-0.84%,0.46,-0.84%,49.89,2.61%,2.38%,1428.78,7.22%
96,"AMBA","Ambarella Inc","Technology","Semiconductor Equipment & Materials",-1.05%,7.23%,-5.38%,-4.07%,-19.25%,30.59%,-1.86%,0.38,-1.01%,47.60,4.21%,6.26%,2999.80,13.55%
97,"AMBP","Ardagh Metal Packaging SA","Consumer Cyclical","Packaging & Containers",2.04%,-11.96%,-5.48%,9.51%,14.54%,56.44%,2.28%,0.51,1.12%,39.91,2.43%,2.70%,2683.65,6.79%
98,"AMBQ","Ambiq Micro Inc","Technology","Semiconductors",-2.48%,18.03%,-11.76%,133.70%,123.28%,,-4.18%,0.57,-2.31%,52.02,6.38%,5.67%,1610.81,10.54%
99,"AMC","AMC Entertainment Holdings Inc","Communication Services","Entertainment",-13.83%,11.61%,64.83%,81.73%,-7.35%,-65.84%,4.23%,0.62,2.35%,52.72,10.73%,7.29%,2530.53,4.88%
100,"AMCX","AMC Global Media Inc","Communication Services","Entertainment",-7.65%,-13.14%,11.21%,16.70%,37.67%,-0.54%,0.09%,0.62,-0.45%,37.53,4.91%,4.02%,458.29,22.95%
101,"AMLX","Amylyx Pharmaceuticals Inc","Healthcare","Drug Manufacturers - Specialty & Generic",-7.00%,-18.26%,52.78%,129.80%,106.86%,56.22%,-0.57%,0.29,-0.11%,36.97,4.55%,4.75%,3484.24,12.72%
102,"AMN","AMN Healthcare Services Inc","Healthcare","Medical Care Facilities",6.14%,8.84%,9.37%,130.74%,77.13%,-56.25%,-0.24%,0.43,-0.73%,62.92,2.97%,3.34%,1408.38,9.10%
103,"AMPH","Amphastar Pharmaceuticals Inc","Healthcare","Drug Manufacturers - Specialty & Generic",-6.46%,7.47%,27.59%,-4.33%,-4.22%,-44.99%,0.75%,0.45,0.75%,60.81,4.02%,3.76%,1089.82,16.16%
104,"AMPL","Amplitude Inc","Technology","Software - Application",9.41%,7.39%,58.86%,25.66%,43.50%,35.11%,0.56%,0.74,0.21%,65.26,4.62%,5.00%,1817.67,7.75%
105,"AMPX","Amprius Technologies Inc","Industrials","Electrical Equipment & Parts",-1.46%,-1.77%,-19.29%,19.89%,-25.75%,109.29%,-3.67%,0.90,-2.17%,43.41,7.49%,5.41%,1381.88,16.66%
106,"AMPY","Amplify Energy Corp","Energy","Oil & Gas E&P",5.75%,-9.58%,11.33%,-3.05%,-11.74%,-34.75%,2.56%,0.52,1.62%,48.31,3.42%,3.29%,183.69,12.36%
107,"AMR","Alpha Metallurgical Resources Inc","Basic Materials","Coking Coal",-0.98%,-19.96%,14.33%,-13.04%,2.49%,-28.46%,-1.16%,0.38,1.33%,42.46,3.73%,5.00%,2203.87,12.70%
108,"AMRC","Ameresco Inc","Industrials","Engineering & Construction",6.23%,-5.20%,-15.32%,-26.31%,-42.18%,-34.77%,-0.02%,0.59,0.07%,44.86,4.78%,4.84%,1145.44,16.97%
109,"AMRX","Amneal Pharmaceuticals Inc","Healthcare","Drug Manufacturers - Specialty & Generic",-0.63%,13.99%,19.47%,61.67%,96.05%,422.31%,-0.15%,0.61,0.34%,65.31,3.68%,4.33%,6505.24,7.86%
110,"AMSC","American Superconductor Corp","Industrials","Specialty Industrial Machinery",1.67%,2.65%,-16.23%,3.47%,-49.78%,337.94%,-0.93%,0.50,-0.77%,49.54,4.26%,3.76%,1442.61,8.40%
111,"AMSF","Amerisafe Inc","Financial","Insurance - Specialty",-1.64%,-11.17%,-34.08%,-39.16%,-44.39%,-46.95%,-0.81%,0.34,-0.93%,25.36,2.36%,2.42%,433.19,6.17%
112,"AMTB","Amerant Bancorp Inc","Financial","Banks - Regional",0.32%,0.02%,15.05%,50.67%,58.04%,58.98%,-0.99%,0.29,-0.56%,52.85,2.93%,2.73%,1151.98,5.42%
113,"AMTX","Aemetis Inc","Basic Materials","Specialty Chemicals",-4.66%,-3.88%,-0.62%,26.55%,-33.62%,-55.69%,3.47%,0.51,2.27%,44.55,5.47%,6.93%,126.94,13.72%
114,"ANAB","AnaptysBio Inc","Healthcare","Biotechnology",-2.68%,-13.96%,-26.57%,52.99%,139.72%,275.74%,1.85%,0.53,1.87%,33.92,3.93%,4.50%,1478.02,19.49%
115,"ANDE","Andersons Inc","Consumer Defensive","Food Distribution",2.07%,-2.40%,-0.26%,27.56%,64.26%,35.35%,-0.05%,0.60,0.16%,48.81,2.79%,2.90%,2304.40,4.21%
116,"ANF","Abercrombie & Fitch Co","Consumer Cyclical","Apparel Retail",2.91%,-3.80%,55.12%,9.71%,63.46%,153.19%,0.82%,0.77,1.60%,56.07,3.18%,3.86%,5859.66,12.69%
117,"ANGI","Angi Inc","Communication Services","Internet Content & Information",12.05%,28.19%,-3.26%,-51.82%,-61.83%,-64.60%,3.66%,0.83,2.98%,70.12,7.23%,6.34%,252.67,14.24%
118,"ANGO","Angiodynamic Inc","Healthcare","Medical Instruments & Supplies",0.39%,0.84%,19.36%,21.50%,34.02%,118.18%,3.79%,0.59,3.24%,54.41,3.38%,3.27%,656.05,3.61%
119,"ANIK","Anika Therapeutics Inc","Healthcare","Drug Manufacturers - Specialty & Generic",-4.35%,-5.81%,24.64%,105.84%,118.09%,4.00%,3.13%,0.70,3.56%,44.47,3.80%,3.11%,264.72,3.04%
120,"ANIP","ANI Pharmaceuticals Inc","Healthcare","Drug Manufacturers - Specialty & Generic",-3.25%,0.57%,-15.80%,-8.28%,-19.23%,23.49%,-0.18%,0.32,0.30%,44.17,2.63%,2.98%,1663.05,12.34%
121,"ANNX","Annexon Inc","Healthcare","Biotechnology",4.61%,-13.33%,-34.76%,-16.43%,31.50%,101.68%,-1.06%,0.68,0.12%,45.97,6.48%,5.73%,795.29,19.93%
122,"ANRO","Alto Neuroscience Inc","Healthcare","Biotechnology",-8.05%,-32.65%,-4.61%,37.72%,255.81%,,-5.16%,0.47,-1.15%,24.39,7.18%,6.47%,962.02,11.72%
123,"ANTX","AN2 Therapeutics Inc","Healthcare","Biotechnology",11.46%,-6.15%,29.86%,389.82%,329.54%,-63.17%,-1.86%,0.82,-2.21%,56.55,9.36%,7.20%,210.72,8.47%
124,"AOMR","Angel Oak Mortgage REIT Inc","Real Estate","REIT - Mortgage",-0.47%,-11.09%,-18.04%,-14.81%,-22.71%,-2.01%,0.76%,0.50,0.20%,30.09,3.05%,2.50%,170.28,4.23%
125,"AORT","Artivion Inc","Healthcare","Medical Devices",-0.09%,-10.50%,-6.26%,-49.73%,-44.14%,59.24%,2.99%,0.53,2.78%,39.92,3.89%,4.01%,1117.98,7.11%
126,"AOSL","Alpha & Omega Semiconductor Ltd","Technology","Semiconductors",6.29%,18.94%,-16.36%,46.79%,3.05%,0.31%,-2.55%,0.43,-3.84%,56.91,4.27%,4.10%,881.28,11.93%
127,"AP","Ampco-Pittsburgh Corp","Industrials","Metal Fabrication",9.74%,14.78%,32.05%,82.83%,338.96%,276.25%,0.78%,0.56,0.46%,65.75,5.24%,4.58%,201.32,5.98%
128,"APAM","Artisan Partners Asset Management Inc","Financial","Asset Management",-3.94%,-16.35%,-4.47%,-14.40%,-20.63%,-1.13%,-0.86%,0.81,-1.32%,26.36,2.42%,2.66%,2790.52,5.37%
129,"APC","ARKO Petroleum Corp","Energy","Oil & Gas Refining & Marketing",-1.99%,-14.65%,-18.36%,-11.04%,,,1.61%,1.51,1.87%,34.18,4.69%,3.99%,751.14,6.78%
130,"APEI","American Public Education Inc","Consumer Defensive","Education & Training Services",9.74%,-1.77%,-24.88%,17.92%,16.17%,806.92%,1.75%,0.55,1.93%,53.13,3.50%,3.76%,815.79,11.53%
131,"APLE","Apple Hospitality REIT Inc","Real Estate","REIT - Hotel & Motel",0.58%,5.55%,0.64%,38.78%,37.73%,10.39%,1.20%,0.57,-0.39%,61.57,1.60%,1.87%,3882.38,7.53%
132,"APMD","Apnimed Inc","Healthcare","Biotechnology",0.23%,-21.90%,,-1.27%,,,0.98%,0.60,0.98%,40.90,11.59%,10.15%,904.22,2.27%
133,"APOG","Apogee Enterprises Inc","Industrials","Building Products & Equipment",-0.76%,-5.38%,-7.27%,-0.76%,-18.67%,-19.98%,0.04%,0.67,1.46%,40.32,3.01%,2.71%,754.07,4.63%
134,"APPN","Appian Corp","Technology","Software - Infrastructure",6.30%,-8.81%,50.83%,5.10%,24.00%,-9.82%,1.65%,0.33,1.49%,52.32,4.92%,5.25%,2666.37,10.82%
135,"APPS","Digital Turbine Inc","Technology","Software - Application",0.62%,3.77%,8.71%,125.80%,78.36%,106.78%,1.08%,0.55,1.07%,50.51,7.31%,7.56%,1366.27,9.51%
136,"AQST","Aquestive Therapeutics Inc","Healthcare","Drug Manufacturers - Specialty & Generic",-4.00%,-14.77%,5.31%,-29.41%,-21.38%,252.12%,-0.44%,0.29,0.22%,44.78,3.88%,4.97%,572.34,22.85%
137,"ARCB","ArcBest Corp","Industrials","Trucking",3.10%,-4.61%,-9.74%,76.59%,82.01%,34.12%,-1.06%,0.37,-1.21%,47.35,2.92%,3.46%,2928.25,6.16%
138,"ARCT","Arcturus Therapeutics Holdings Inc","Healthcare","Biotechnology",-6.22%,-12.85%,78.44%,121.23%,-39.89%,-46.63%,4.24%,0.79,4.08%,48.97,6.82%,8.23%,385.45,20.99%
139,"ARDT","Ardent Health Inc","Healthcare","Medical Care Facilities",1.71%,-1.03%,-1.58%,20.60%,-24.05%,,3.09%,0.38,2.99%,49.96,3.28%,3.55%,1501.95,20.81%
140,"ARDX","Ardelyx Inc","Healthcare","Biotechnology",-0.73%,-8.76%,-37.08%,-41.94%,-35.65%,-16.21%,1.04%,0.84,1.35%,34.96,3.00%,3.60%,843.50,10.69%
141,"AREC","American Resources Corp","Industrials","Waste Management",-3.33%,-27.50%,-4.94%,-27.56%,-51.44%,12.99%,-1.17%,0.80,-1.17%,30.99,4.91%,5.03%,189.24,15.97%
142,"ARHS","Arhaus Inc","Consumer Cyclical","Specialty Retail",6.12%,21.66%,25.55%,-4.34%,-2.78%,22.35%,-0.29%,1.03,-0.20%,66.64,5.03%,5.25%,1448.68,12.36%
143,"ARKO","ARKO Corp","Consumer Cyclical","Specialty Retail",-1.29%,-12.94%,-46.43%,-7.38%,-6.35%,-44.01%,0.36%,0.30,0.84%,36.59,3.24%,3.54%,471.74,8.92%
144,"ARL","American Realty Investors Inc","Real Estate","Real Estate Services",-4.02%,-8.71%,-26.27%,-4.73%,0.59%,5.74%,-3.59%,0.09,-4.61%,46.34,5.05%,4.45%,247.13,2.43%
145,"ARLO","Arlo Technologies Inc","Industrials","Building Products & Equipment",1.41%,-5.21%,-2.98%,-8.67%,-25.93%,34.36%,0.13%,0.36,-0.02%,44.08,3.37%,4.23%,1375.00,11.86%
146,"ARMP","Armata Pharmaceuticals Inc","Healthcare","Biotechnology",-3.77%,-34.10%,-31.50%,-42.08%,16.59%,39.90%,2.75%,0.24,3.34%,38.42,8.56%,11.10%,135.25,8.32%
147,"AROC","Archrock Inc","Energy","Oil & Gas Equipment & Services",-0.20%,-6.36%,-19.62%,17.18%,21.43%,151.78%,0.40%,0.64,0.53%,41.89,2.77%,3.03%,5346.06,4.46%
148,"AROW","Arrow Financial Corp","Financial","Banks - Regional",-0.61%,-4.79%,-7.98%,19.62%,36.09%,117.87%,-0.45%,0.30,-0.61%,44.93,2.19%,2.13%,695.77,3.43%
149,"ARQT","Arcutis Biotherapeutics Inc","Healthcare","Biotechnology",-7.61%,6.72%,-8.75%,-13.05%,26.76%,469.98%,0.64%,0.50,0.36%,47.46,3.85%,5.07%,3173.72,16.86%
150,"ARR","ARMOUR Residential REIT Inc","Real Estate","REIT - Mortgage",-2.72%,-15.69%,-19.91%,-23.12%,-12.20%,-27.89%,0.22%,0.96,0.07%,17.95,3.31%,2.38%,1925.13,11.55%
151,"ARRY","Array Technologies Inc","Technology","Solar",2.79%,-13.28%,-40.53%,-57.30%,-56.59%,-79.09%,-3.98%,0.47,-3.51%,39.43,4.68%,4.73%,606.31,23.26%
152,"ARTV","Artiva Biotherapeutics Inc","Healthcare","Biotechnology",-0.85%,-37.17%,-26.27%,62.94%,136.95%,,3.56%,0.92,2.34%,26.11,5.20%,6.04%,341.74,6.20%
153,"ARVN","Arvinas Inc","Healthcare","Biotechnology",-0.47%,-19.71%,-12.98%,-36.97%,-22.22%,-59.85%,0.20%,0.40,0.88%,33.79,4.20%,4.26%,488.76,8.51%
154,"ARX","Accelerant Holdings","Financial","Insurance Brokers",-0.05%,0.15%,46.47%,20.67%,32.42%,,0.10%,0.27,0.00%,69.16,0.26%,0.41%,4285.13,8.07%
155,"ASAN","Asana Inc","Technology","Software - Application",3.65%,-11.25%,19.56%,-34.68%,-34.40%,-43.75%,3.65%,0.41,3.89%,49.04,7.14%,6.36%,2050.42,24.66%
156,"ASB","Associated Banc-Corp","Financial","Banks - Regional",0.70%,-5.65%,-5.01%,13.21%,12.16%,72.87%,-0.26%,0.38,0.56%,43.08,1.93%,1.84%,5507.37,4.55%
157,"ASC","Ardmore Shipping Corp","Industrials","Marine Shipping",6.27%,7.03%,24.84%,82.13%,59.67%,54.30%,-2.39%,0.69,-0.06%,64.57,3.49%,3.18%,787.93,7.39%
158,"ASH","Ashland Inc","Basic Materials","Specialty Chemicals",1.12%,-5.97%,4.72%,17.32%,41.45%,-13.64%,-0.20%,0.34,-0.99%,42.76,2.10%,2.52%,3151.98,9.74%
159,"ASIC","Ategrity Specialty Insurance Company Holdings","Financial","Insurance - Property & Casualty",-1.52%,-4.37%,5.59%,24.54%,47.91%,,-1.19%,0.47,-0.02%,46.76,3.42%,3.52%,1254.01,3.49%
160,"ASIX","AdvanSix Inc","Basic Materials","Chemicals",4.43%,-4.19%,-21.42%,-4.75%,-15.92%,-42.16%,2.16%,0.25,1.60%,48.57,3.50%,3.31%,444.95,1.97%
161,"ASLE","AerSale Corp","Industrials","Airports & Air Services",-6.67%,-11.97%,-18.47%,-30.17%,-36.99%,-66.81%,-1.29%,0.70,-1.49%,26.85,2.74%,2.70%,236.96,8.55%
162,"ASMB","Assembly Biosciences Inc","Healthcare","Biotechnology",-3.26%,-36.78%,-21.15%,-32.84%,-2.06%,140.93%,0.71%,0.49,1.33%,27.74,4.03%,5.48%,465.04,14.36%
163,"ASO","Academy Sports and Outdoors Inc","Consumer Cyclical","Specialty Retail",4.51%,16.30%,11.89%,1.68%,-5.66%,16.62%,3.93%,0.89,4.25%,58.57,2.80%,4.01%,3128.20,13.50%
164,"ASPI","ASP Isotopes Inc","Basic Materials","Specialty Chemicals",12.31%,-25.13%,-42.29%,-45.42%,-68.74%,220.88%,-0.68%,1.71,0.34%,39.23,9.23%,6.89%,447.66,19.05%
165,"ASPN","Aspen Aerogels Inc","Basic Materials","Specialty Chemicals",9.57%,18.51%,10.21%,100.18%,-27.00%,-25.17%,-0.44%,0.48,-0.44%,60.88,5.40%,4.85%,470.14,11.09%
166,"ASST","Strive Inc","Financial","Asset Management",5.06%,13.60%,139.91%,106.43%,-41.41%,-7.67%,0.23%,1.12,1.46%,71.28,6.39%,6.85%,2973.64,27.65%
167,"ASTE","Astec Industries Inc","Industrials","Farm & Heavy Construction Machinery",3.06%,-0.08%,-24.34%,-2.20%,-14.34%,-5.26%,0.78%,0.36,0.87%,51.09,2.72%,2.92%,975.53,2.78%
168,"ASTH","Astrana Health Inc","Healthcare","Medical Care Facilities",3.71%,-3.69%,-22.54%,46.86%,26.73%,13.01%,1.97%,0.34,1.55%,49.82,3.86%,5.05%,1807.33,8.34%
169,"ASUR","Asure Software Inc","Technology","Software - Application",3.35%,-12.80%,-3.64%,-15.30%,-4.10%,-12.13%,4.43%,0.68,3.89%,44.66,3.08%,3.54%,230.41,4.12%
170,"ASYS","Amtech Systems Inc","Technology","Semiconductor Equipment & Materials",12.05%,23.59%,-0.62%,41.51%,93.68%,133.38%,-1.11%,0.43,-1.39%,68.48,3.17%,4.18%,310.94,12.39%
171,"ATEC","Alphatec Holdings Inc","Healthcare","Medical Devices",3.93%,11.95%,11.35%,-50.36%,-25.18%,-6.32%,4.66%,0.70,4.14%,57.86,4.25%,4.66%,1613.24,11.93%
172,"ATEN","A10 Networks Inc","Technology","Software - Infrastructure",9.88%,13.40%,-23.27%,58.39%,53.03%,143.65%,0.86%,0.35,1.41%,60.39,4.55%,3.75%,2034.51,14.01%
173,"ATEX","Anterix Inc","Communication Services","Telecom Services",1.90%,-4.36%,-17.44%,281.60%,269.41%,165.38%,-1.87%,0.25,-1.22%,49.30,5.83%,4.99%,1633.54,8.62%
174,"ATKR","Atkore Inc","Industrials","Electrical Equipment & Parts",0.19%,1.21%,36.85%,49.85%,48.23%,-32.86%,0.03%,0.62,0.17%,71.36,0.16%,0.22%,3201.03,3.99%
175,"ATLC","Atlanticus Holdings Corp","Financial","Credit Services",7.70%,-3.00%,-3.67%,40.11%,65.36%,217.45%,2.67%,0.53,2.08%,53.03,3.32%,3.42%,1423.03,5.90%
176,"ATLO","Ames National Corp","Financial","Banks - Regional",0.27%,-0.55%,9.65%,38.83%,59.06%,96.64%,-1.92%,0.24,-1.50%,50.81,2.43%,2.26%,282.32,3.60%
177,"ATMU","Atmus Filtration Technologies Inc","Consumer Cyclical","Auto Parts",5.27%,-3.11%,-8.77%,-10.69%,4.18%,126.15%,1.60%,0.38,1.45%,52.90,2.87%,2.84%,3782.84,3.82%
178,"ATNI","ATN International Inc","Communication Services","Telecom Services",-1.87%,-9.77%,15.61%,22.96%,84.44%,-13.37%,0.45%,0.56,0.45%,39.34,3.72%,3.18%,431.84,2.85%
179,"ATOM","Atomera Inc","Technology","Semiconductor Equipment & Materials",10.67%,16.57%,-32.26%,107.82%,-7.77%,-28.57%,-3.10%,0.83,-2.49%,54.59,5.54%,4.97%,179.23,17.56%
180,"ATRC","Atricure Inc","Healthcare","Medical Instruments & Supplies",-4.98%,5.79%,69.21%,40.29%,59.44%,35.10%,2.38%,0.55,0.65%,54.19,5.22%,4.24%,2823.08,8.76%
181,"ATRO","Astronics Corp","Industrials","Aerospace & Defense",2.21%,-7.23%,-1.49%,59.76%,83.47%,444.66%,1.32%,0.23,1.40%,45.47,3.53%,4.18%,2980.50,9.48%
182,"AUB","Atlantic Union Bankshares Corp","Financial","Banks - Regional",0.05%,-5.40%,-7.22%,9.26%,8.10%,33.69%,0.08%,0.53,-0.64%,40.88,1.99%,1.86%,5508.37,5.83%
183,"AUPH","Aurinia Pharmaceuticals Inc","Healthcare","Biotechnology",-4.85%,-2.48%,-3.09%,-1.44%,38.50%,116.23%,-0.32%,0.49,-0.70%,39.68,1.97%,2.45%,2091.51,7.26%
184,"AURA","Aura Biosciences Inc","Healthcare","Biotechnology",3.27%,-13.82%,-9.66%,16.53%,4.98%,-27.17%,4.29%,0.40,4.29%,42.91,3.60%,4.42%,658.64,10.59%
185,"AVA","Avista Corp","Utilities","Utilities - Diversified",1.48%,-6.18%,-14.39%,-8.39%,-4.50%,11.30%,-0.07%,0.49,-0.01%,33.52,1.71%,1.51%,2956.89,5.00%
186,"AVAH","Aveanna Healthcare Holdings Inc","Healthcare","Medical Care Facilities",-2.64%,-9.42%,28.70%,51.23%,43.17%,983.79%,-1.71%,0.59,-1.86%,42.15,3.30%,3.66%,2697.03,4.74%
187,"AVBC","Avidia Bancorp Inc","Financial","Banks - Regional",1.57%,0.01%,6.22%,31.18%,47.50%,,-1.03%,0.23,-0.85%,53.58,1.59%,1.79%,440.37,2.77%
188,"AVBH","Avidbank Holdings Inc","Financial","Banks - Regional",0.75%,-0.17%,-2.15%,19.15%,23.86%,49.98%,0.65%,0.41,1.23%,52.38,1.71%,1.66%,347.32,4.59%
189,"AVBP","ArriVent BioPharma Inc","Healthcare","Biotechnology",-2.68%,-8.11%,-16.57%,41.72%,43.72%,,1.66%,0.74,0.87%,44.25,5.42%,4.83%,1406.01,25.31%
190,"AVEX","AEVEX Corp","Industrials","Aerospace & Defense",-3.74%,-9.22%,-14.95%,-35.61%,,,1.96%,0.65,2.31%,39.32,6.01%,6.00%,1878.08,10.85%
191,"AVIR","Atea Pharmaceuticals Inc","Healthcare","Biotechnology",-0.67%,-11.25%,5.84%,44.68%,78.10%,71.59%,0.88%,0.24,0.68%,46.31,3.71%,3.94%,414.26,11.96%
192,"AVLN","Avalyn Pharma Inc","Healthcare","Biotechnology",-3.00%,-22.49%,-3.34%,5.65%,,,-1.82%,1.16,-2.35%,35.18,6.41%,7.28%,1217.83,7.86%
193,"AVNT","Avient Corp","Basic Materials","Specialty Chemicals",1.34%,-2.72%,9.56%,33.62%,27.30%,23.79%,1.39%,0.31,1.39%,52.67,2.71%,2.46%,3828.63,4.54%
194,"AVNW","Aviat Networks Inc","Technology","Communication Equipment",3.43%,6.05%,-0.25%,-4.17%,-10.09%,-29.64%,-0.83%,0.28,-0.92%,53.43,2.57%,3.16%,263.47,8.93%
195,"AVO","Mission Produce Inc","Consumer Defensive","Food Distribution",-1.29%,2.88%,-3.85%,11.48%,6.61%,34.99%,1.27%,0.41,0.95%,51.32,2.43%,3.57%,1133.82,9.65%
196,"AVPT","AvePoint Inc","Technology","Software - Infrastructure",5.21%,5.98%,14.96%,3.54%,-4.82%,106.34%,3.47%,0.87,2.22%,64.89,4.46%,3.45%,3042.76,7.77%
197,"AVR","Anteris Technologies Global Corp","Healthcare","Medical Devices",-3.42%,-14.28%,-24.65%,49.80%,73.43%,,-2.54%,1.94,-3.05%,35.29,4.27%,4.20%,728.50,7.90%
198,"AVTX","Avalo Therapeutics Inc","Healthcare","Biotechnology",-2.73%,-22.79%,-23.80%,-19.22%,9.47%,-61.51%,-2.85%,0.46,-2.14%,32.69,5.31%,6.14%,786.69,26.90%
199,"AVXL","Anavex Life Sciences Corp","Healthcare","Biotechnology",-25.53%,-38.60%,-35.42%,-50.84%,-82.43%,-72.70%,-2.78%,1.45,-3.85%,20.82,10.03%,5.91%,162.22,15.73%
200,"AWR","American States Water Co","Utilities","Utilities - Regulated Water",0.41%,-8.89%,-1.80%,12.69%,15.45%,3.18%,-1.37%,0.45,-1.38%,36.39,1.81%,1.70%,3237.42,2.64%
201,"AX","Axos Financial Inc","Financial","Banks - Regional",1.45%,-8.30%,-9.64%,3.28%,4.49%,134.31%,-0.82%,0.53,0.07%,40.10,2.93%,2.41%,5059.79,5.89%
202,"AXGN","Axogen Inc","Healthcare","Medical Devices",-13.51%,-20.38%,-15.86%,14.57%,109.73%,694.49%,0.08%,0.87,0.29%,28.02,5.18%,5.04%,2200.18,7.09%
203,"AXTI","AXT Inc","Technology","Semiconductor Equipment & Materials",15.09%,50.87%,45.81%,418.59%,1552.83%,3291.60%,-2.71%,0.52,-1.26%,61.47,9.16%,8.87%,5559.95,14.03%
204,"AZTA","Azenta Inc","Healthcare","Medical Instruments & Supplies",17.87%,29.47%,59.12%,21.38%,24.41%,-18.44%,2.36%,1.92,4.18%,79.91,6.70%,4.18%,1768.55,12.48%
205,"AZZ","AZZ Inc","Industrials","Specialty Business Services",3.30%,1.56%,-3.10%,30.24%,28.81%,216.67%,-0.53%,0.22,0.14%,55.00,2.08%,2.40%,4194.89,3.48%
206,"BALY","Ballys Corp","Consumer Cyclical","Resorts & Casinos",-2.36%,33.50%,10.87%,-17.25%,3.09%,,-2.36%,0.41,-2.98%,64.61,3.90%,7.63%,689.92,11.11%
207,"BANC","Banc of California Inc","Financial","Banks - Regional",0.14%,-5.78%,-14.03%,-8.32%,3.42%,46.64%,-1.04%,0.28,-0.31%,40.80,2.70%,2.24%,2801.69,7.15%
208,"BAND","Bandwidth Inc","Technology","Software - Infrastructure",0.69%,30.45%,-9.07%,297.61%,281.79%,467.74%,-2.31%,0.38,-3.62%,59.75,6.76%,8.78%,1976.86,15.98%
209,"BANF","Bancfirst Corp","Financial","Banks - Regional",1.03%,-3.00%,-5.18%,2.24%,-14.33%,24.71%,0.53%,0.45,0.29%,47.03,2.06%,1.89%,3641.97,4.52%
210,"BANR","Banner Corp","Financial","Banks - Regional",-0.65%,-4.77%,0.60%,8.08%,5.41%,57.50%,-0.12%,0.21,-0.23%,39.47,2.14%,1.83%,2481.44,3.82%
211,"BATRA","Atlanta Braves Holdings Inc","Communication Services","Entertainment",-3.23%,2.95%,0.90%,35.76%,28.59%,42.24%,-0.15%,0.31,0.11%,54.32,2.77%,2.05%,3349.23,4.83%
212,"BATRK","Atlanta Braves Holdings Inc","Communication Services","Entertainment",-3.80%,2.85%,-1.22%,32.38%,27.22%,39.68%,0.80%,0.42,0.37%,51.42,2.56%,2.22%,3358.00,7.88%
213,"BBAI","BigBear.ai Holdings Inc","Technology","Information Technology Services",-2.44%,-12.92%,-24.34%,-51.94%,-63.91%,81.47%,-1.33%,0.82,-2.08%,35.57,5.97%,4.52%,1244.29,31.69%
214,"BBCP","Concrete Pumping Holdings Inc","Industrials","Engineering & Construction",-0.31%,9.05%,-11.72%,47.08%,39.79%,31.21%,0.40%,0.23,0.20%,51.36,3.57%,3.87%,497.36,5.59%
215,"BBNX","Beta Bionics Inc","Healthcare","Medical Devices",-7.14%,-4.34%,12.09%,-37.46%,-14.40%,,0.77%,0.29,0.50%,46.47,6.66%,8.19%,1027.94,23.63%
216,"BBSI","Barrett Business Services Inc","Industrials","Staffing & Employment Services",0.68%,-8.19%,-18.37%,-14.22%,-30.81%,34.55%,1.60%,0.87,1.80%,40.18,3.20%,3.06%,752.75,5.13%
217,"BBT","Beacon Financial Corp","Financial","Banks - Regional",2.08%,-9.82%,-6.09%,7.66%,18.58%,39.71%,0.04%,0.22,0.17%,34.93,2.03%,2.16%,2379.43,5.55%
218,"BBUC","Brookfield Business Corp","Industrials","Conglomerates",1.15%,-6.18%,-15.19%,-28.59%,-24.78%,51.34%,0.67%,0.33,0.08%,40.09,2.28%,2.59%,5263.70,1.97%
219,"BBW","Build A Bear Workshop Inc","Consumer Cyclical","Specialty Retail",0.95%,-11.94%,-14.21%,-58.22%,-58.07%,-6.06%,0.35%,0.22,0.16%,37.83,3.49%,4.39%,315.37,24.82%
220,"BCAL","California Bancorp","Financial","Banks - Regional",0.83%,0.46%,5.63%,16.60%,27.01%,48.10%,0.00%,0.63,-0.05%,55.09,2.52%,2.01%,699.92,3.19%
221,"BCAX","Bicara Therapeutics Inc","Healthcare","Biotechnology",-6.60%,-24.76%,-42.24%,4.34%,3.05%,,-2.34%,0.58,-0.40%,23.59,5.10%,5.35%,1162.00,25.72%
222,"BCBP","BCB Bancorp Inc (NJ)","Financial","Banks - Regional",-0.58%,-1.73%,-16.42%,5.33%,-0.47%,-24.17%,0.00%,1.26,0.00%,41.23,2.34%,2.82%,247.37,4.06%
223,"BCC","Boise Cascade Co","Basic Materials","Lumber & Wood Production",-1.09%,-1.77%,3.20%,2.92%,-2.42%,-17.51%,1.56%,0.29,1.02%,46.28,3.16%,2.87%,2643.08,4.76%
224,"BCML","BayCom Corp","Financial","Banks - Regional",0.98%,2.48%,-6.83%,6.03%,10.94%,58.56%,-0.31%,0.55,-0.05%,58.42,2.79%,2.13%,340.42,2.10%
225,"BCO","Brink's Co","Industrials","Security & Protection Services",-0.89%,-2.38%,-0.09%,-11.06%,-9.59%,44.31%,1.46%,0.53,1.98%,43.89,4.10%,3.21%,4276.30,13.20%
226,"BCPC","Balchem Corp","Basic Materials","Specialty Chemicals",-1.02%,-2.78%,-0.68%,8.87%,14.99%,32.46%,0.41%,0.44,0.24%,45.48,1.90%,1.90%,5322.35,1.96%
227,"BCRX","Biocryst Pharmaceuticals Inc","Healthcare","Drug Manufacturers - Specialty & Generic",-4.49%,-19.82%,-26.39%,3.72%,13.15%,22.02%,-0.98%,0.51,-0.98%,34.66,3.53%,3.64%,2067.28,15.87%
228,"BDC","Belden Inc","Technology","Communication Equipment",2.62%,-5.23%,4.93%,-3.30%,-4.49%,19.65%,-0.15%,0.21,0.21%,48.01,3.81%,3.37%,4404.16,10.58%
229,"BDN","Brandywine Realty Trust","Real Estate","REIT - Office",-2.84%,-10.16%,-14.64%,-6.16%,-33.17%,-31.33%,-2.14%,0.47,-1.44%,29.93,2.45%,2.68%,479.76,7.01%
230,"BDTX","Black Diamond Therapeutics Inc","Healthcare","Biotechnology",5.19%,-8.33%,-7.45%,-20.78%,-50.51%,-23.61%,1.45%,0.70,1.85%,46.75,3.86%,4.23%,110.60,11.15%
231,"BEAM","Beam Therapeutics Inc","Healthcare","Biotechnology",2.97%,-15.31%,-34.20%,-9.99%,-3.11%,12.08%,1.92%,0.59,1.84%,45.80,4.33%,5.03%,2577.03,27.18%
232,"BELFA","Bel Fuse Inc","Technology","Electronic Components",3.80%,3.21%,-4.45%,37.10%,83.57%,347.46%,-0.31%,0.35,-0.57%,53.17,3.95%,3.74%,3600.96,10.88%
233,"BELFB","Bel Fuse Inc","Technology","Electronic Components",4.19%,7.75%,2.76%,52.37%,85.99%,444.72%,0.09%,0.55,0.21%,56.18,3.89%,3.55%,3629.09,5.95%
234,"BETA","BETA Technologies Inc","Industrials","Aerospace & Defense",-7.34%,1.87%,24.93%,-24.85%,,,-4.38%,0.39,-4.38%,46.19,6.07%,7.13%,4959.55,9.06%
235,"BETR","Better Home & Finance Holding Co","Financial","Mortgage Finance",7.69%,-17.77%,-61.05%,-66.68%,-81.97%,-49.04%,-7.85%,0.73,-7.93%,39.87,11.77%,8.94%,206.36,50.89%
236,"BFC","Bank First Corp","Financial","Banks - Regional",1.22%,-1.25%,2.23%,25.51%,19.14%,98.14%,0.06%,0.37,0.20%,53.05,1.68%,1.80%,1694.99,6.56%
237,"BFH","Bread Financial Holdings Inc","Financial","Credit Services",-2.98%,-9.70%,-4.03%,32.70%,76.33%,232.10%,0.36%,0.33,0.19%,37.71,3.18%,3.45%,3774.12,7.49%
238,"BFLY","Butterfly Network Inc","Healthcare","Medical Devices",-0.99%,24.27%,19.52%,138.41%,288.82%,674.32%,2.25%,0.58,1.22%,55.86,5.89%,7.01%,2457.73,16.53%
239,"BFS","Saul Centers Inc","Real Estate","REIT - Retail",-0.61%,-7.62%,-17.99%,-4.77%,-4.83%,-13.67%,-0.15%,0.37,-0.45%,27.55,2.38%,2.20%,742.13,3.77%
240,"BFST","Business First Bancshares Inc","Financial","Banks - Regional",0.83%,-1.79%,2.03%,18.30%,32.33%,63.19%,0.15%,0.52,0.08%,50.45,1.97%,1.59%,1006.60,3.62%
241,"BGC","BGC Group Inc","Financial","Capital Markets",3.02%,-0.21%,9.33%,35.78%,31.65%,123.71%,2.84%,0.70,2.93%,55.84,3.35%,3.07%,5765.04,3.27%
242,"BGS","B&G Foods Inc","Consumer Defensive","Packaged Foods",-18.46%,-25.74%,-36.84%,-41.98%,-43.68%,-67.72%,-6.90%,1.79,-7.25%,24.36,5.35%,3.89%,202.78,17.23%
243,"BH","Biglari Holdings Inc","Consumer Cyclical","Restaurants",8.29%,-3.92%,-10.10%,11.43%,12.01%,137.63%,1.11%,0.29,1.83%,56.67,3.39%,4.57%,1179.78,7.55%
244,"BHB","Bar Harbor Bankshares Inc","Financial","Banks - Regional",0.22%,-2.23%,4.87%,26.55%,29.34%,62.24%,-0.24%,0.59,-0.39%,46.72,2.15%,2.34%,658.82,3.71%
245,"BHE","Benchmark Electronics Inc","Technology","Electronic Components",5.17%,22.27%,7.48%,103.62%,128.29%,260.68%,-0.66%,0.49,-0.37%,69.63,3.48%,3.42%,3127.51,3.91%
246,"BHR","Braemar Hotels & Resorts Inc","Real Estate","REIT - Hotel & Motel",-3.41%,-13.80%,-25.42%,-44.13%,-40.83%,-40.83%,-3.41%,0.45,-3.41%,23.94,2.74%,3.33%,110.12,4.16%
247,"BHRB","Burke & Herbert Financial Services Corp","Financial","Banks - Regional",0.70%,-4.06%,-0.32%,11.60%,15.40%,45.91%,-0.46%,0.71,-0.46%,44.51,1.98%,1.89%,1403.81,4.50%
248,"BHVN","Biohaven Ltd","Healthcare","Biotechnology",-1.58%,-17.66%,-16.01%,15.67%,-17.40%,-45.92%,2.82%,0.52,1.47%,44.60,5.29%,6.80%,1972.58,15.91%
249,"BIOA","BioAge Labs Inc","Healthcare","Drug Manufacturers - Specialty & Generic",-9.63%,-31.70%,-73.41%,-50.95%,15.66%,,-2.13%,0.71,-1.83%,24.48,5.53%,5.84%,297.82,9.94%
250,"BIPC","Brookfield Infrastructure Corp","Utilities","Utilities - Regulated Gas",3.27%,-2.97%,-7.39%,-20.41%,-16.22%,7.29%,-1.30%,0.66,-1.41%,46.15,2.21%,2.35%,4915.64,7.71%
251,"BJRI","BJ's Restaurant Inc","Consumer Cyclical","Restaurants",2.33%,4.41%,1.93%,55.88%,94.85%,164.72%,-1.43%,0.61,-0.83%,50.41,3.92%,3.51%,1306.55,10.61%
252,"BKD","Brookdale Senior Living Inc","Healthcare","Medical Care Facilities",-3.31%,-10.59%,-30.77%,-1.07%,32.44%,182.41%,-3.13%,0.46,-1.70%,22.02,3.08%,3.05%,2549.38,20.92%
253,"BKE","Buckle Inc","Consumer Cyclical","Apparel Retail",-0.22%,-1.00%,0.67%,-14.94%,-20.98%,65.13%,0.25%,0.43,0.18%,55.80,2.36%,2.37%,2213.85,12.37%
254,"BKH","Black Hills Corp","Utilities","Utilities - Regulated Gas",1.95%,-3.02%,-2.95%,2.41%,18.15%,47.09%,0.18%,0.55,0.18%,48.65,2.40%,2.02%,5420.83,14.27%
255,"BKKT","Bakkt Inc","Technology","Software - Infrastructure",-5.76%,-10.03%,-8.94%,-24.91%,-81.33%,-73.31%,-3.46%,0.77,-2.72%,44.13,7.19%,7.70%,339.80,22.82%
256,"BKSY","BlackSky Technology Inc","Industrials","Specialty Business Services",-6.51%,4.00%,-15.73%,14.43%,-15.93%,133.21%,-1.58%,0.53,-2.12%,43.21,6.92%,6.42%,878.04,19.57%
257,"BKTI","BK Technologies Corp","Technology","Communication Equipment",1.07%,3.79%,-7.12%,1.38%,-3.04%,491.71%,0.87%,0.45,-0.46%,55.15,2.13%,2.77%,285.04,6.92%
258,"BKU","BankUnited Inc","Financial","Banks - Regional",0.70%,-5.51%,-11.12%,-2.69%,13.10%,96.17%,-0.68%,0.29,-0.02%,40.42,2.15%,2.04%,3089.56,4.73%
259,"BKV","BKV Corp","Energy","Oil & Gas E&P",1.37%,-15.56%,-16.95%,-18.23%,-7.58%,,2.35%,0.36,2.92%,41.65,3.37%,4.12%,2429.52,27.02%
260,"BL","BlackLine Inc","Technology","Software - Application",4.41%,-16.55%,-4.45%,-49.85%,-46.27%,-47.12%,0.98%,0.30,1.17%,44.24,3.26%,3.95%,1611.81,12.43%
261,"BLBD","Blue Bird Corp","Industrials","Farm & Heavy Construction Machinery",0.30%,-10.23%,-28.21%,21.59%,5.97%,177.55%,0.95%,0.33,1.09%,40.50,3.17%,3.43%,1810.24,13.56%
262,"BLFS","Biolife Solutions Inc","Healthcare","Medical Instruments & Supplies",-4.10%,5.67%,34.43%,55.27%,41.20%,183.14%,1.04%,0.38,0.66%,54.97,3.58%,2.71%,1836.83,8.27%
263,"BLKB","Blackbaud Inc","Technology","Software - Application",-0.01%,-12.59%,40.54%,-33.11%,-32.81%,-38.77%,1.92%,0.45,1.43%,44.59,3.40%,3.41%,1922.62,10.63%
264,"BLMN","Bloomin Brands Inc","Consumer Cyclical","Restaurants",3.03%,-16.24%,2.13%,32.09%,9.69%,-65.63%,-4.00%,0.64,-3.89%,42.06,6.42%,5.52%,697.81,10.84%
265,"BLND","Blend Labs Inc","Technology","Software - Application",-5.99%,-32.14%,-43.70%,-66.29%,-69.59%,-13.16%,-0.03%,0.63,-0.51%,27.55,6.33%,6.08%,242.36,7.29%
266,"BLX","Bladex Inc","Financial","Banks - Regional",0.02%,-1.54%,-3.56%,23.28%,22.08%,162.07%,0.72%,0.72,0.37%,49.08,2.19%,2.01%,1928.73,2.57%
267,"BLZE","Backblaze Inc","Technology","Software - Infrastructure",2.88%,4.66%,-12.06%,198.93%,43.76%,166.86%,-2.72%,0.33,-2.99%,49.37,5.04%,5.71%,862.26,9.40%
268,"BMBL","Bumble Inc","Communication Services","Internet Content & Information",0.00%,-11.85%,-18.91%,-29.13%,-56.83%,-81.76%,0.40%,0.40,-0.39%,35.18,4.49%,4.42%,333.88,13.61%
269,"BMI","Badger Meter Inc","Technology","Scientific & Technical Instruments",-0.81%,-7.73%,-14.67%,-28.04%,-30.67%,-11.84%,-1.35%,0.46,-1.78%,42.59,3.55%,3.15%,3637.85,13.26%
270,"BMRC","Bank of Marin Bancorp","Financial","Banks - Regional",0.20%,0.68%,-3.11%,5.83%,15.56%,52.33%,-1.02%,0.26,-0.66%,48.54,2.50%,2.26%,445.76,5.60%
271,"BNAI","Brand Engagement Network Inc","Technology","Software - Infrastructure",-0.17%,-44.35%,-61.22%,156.90%,-0.91%,-94.34%,-1.32%,0.77,-1.00%,20.41,6.83%,8.25%,44.63,12.54%
272,"BNED","Barnes & Noble Education Inc","Consumer Cyclical","Specialty Retail",3.22%,-5.41%,1.50%,25.57%,17.88%,-88.57%,-0.90%,0.17,-1.45%,51.15,2.42%,3.99%,400.04,9.33%
273,"BNL","Broadstone Net Lease Inc","Real Estate","REIT - Diversified",-1.70%,-11.26%,-13.46%,6.62%,-0.86%,33.68%,-0.11%,0.45,-0.22%,26.78,1.65%,1.83%,3553.80,10.62%
274,"BNTC","Benitec Biopharma Inc","Healthcare","Biotechnology",-2.00%,-21.06%,-26.93%,-27.10%,-29.05%,227.33%,9.11%,1.94,9.35%,39.15,7.30%,6.97%,342.52,6.43%
275,"BOBS","Bob's Discount Furniture Inc","Consumer Cyclical","Specialty Retail",2.16%,-13.63%,-12.73%,-16.53%,,,0.42%,0.37,0.00%,41.09,4.98%,6.00%,1854.45,21.04%
276,"BOC","Boston Omaha Corp","Industrials","Conglomerates",0.41%,-3.74%,-6.32%,7.39%,-0.12%,-15.87%,0.87%,0.90,0.56%,43.87,2.21%,2.54%,400.21,6.70%
277,"BOH","Bank of Hawaii Corp","Financial","Banks - Regional",-2.49%,-10.40%,-16.95%,0.45%,5.65%,42.57%,-1.79%,0.66,-0.87%,25.63,2.44%,1.97%,2709.25,9.89%
278,"BOOT","Boot Barn Holdings Inc","Consumer Cyclical","Apparel Retail",-3.11%,-17.05%,-22.65%,-30.73%,-28.67%,58.49%,-1.21%,0.54,0.30%,35.21,3.83%,4.19%,3702.02,10.86%
279,"BORR","Borr Drilling Ltd","Energy","Oil & Gas Drilling",3.13%,-10.29%,-7.28%,2.62%,44.60%,-39.30%,5.50%,1.27,5.77%,47.06,4.14%,4.66%,1275.85,11.16%
280,"BOW","Bowhead Specialty Holdings Inc","Financial","Insurance - Property & Casualty",-0.10%,0.37%,5.52%,18.31%,33.62%,,0.01%,0.37,-0.01%,58.91,0.27%,0.33%,1112.33,2.75%
281,"BOX","Box Inc","Technology","Software - Infrastructure",12.18%,-2.24%,21.86%,17.54%,9.35%,40.23%,1.90%,0.41,1.93%,60.62,3.73%,3.13%,4823.40,12.68%
282,"BPRN","Princeton Bancorp Inc","Financial","Banks - Regional",0.68%,0.84%,15.44%,26.16%,40.77%,51.38%,-0.24%,0.61,0.10%,57.44,2.74%,2.19%,298.18,1.53%
283,"BRBR","Bellring Brands Inc","Consumer Defensive","Packaged Foods",0.84%,-24.95%,-44.01%,-70.80%,-77.69%,-80.97%,4.77%,0.66,5.05%,31.94,4.82%,4.94%,907.55,11.36%
284,"BRBS","Blue Ridge Bankshares Inc (VA)","Financial","Banks - Regional",2.74%,-0.38%,13.73%,7.60%,14.79%,17.85%,0.13%,0.97,0.13%,54.81,1.97%,2.34%,347.75,3.16%
285,"BRCB","Black Rock Coffee Bar Inc","Consumer Cyclical","Restaurants",-2.54%,-26.38%,-10.36%,-68.90%,-69.60%,,-1.14%,0.51,-0.57%,33.73,3.59%,5.75%,346.51,8.45%
286,"BRCC","BRC Inc","Consumer Defensive","Packaged Foods",3.38%,8.91%,-20.72%,-15.72%,-40.41%,-70.49%,2.58%,0.53,3.38%,53.82,4.96%,5.30%,234.16,4.64%
287,"BRSL","Brightstar Lottery PLC","Consumer Cyclical","Gambling",2.38%,-10.89%,-9.70%,-34.72%,-44.81%,-59.70%,2.56%,0.59,2.59%,42.42,2.80%,3.20%,1859.32,10.21%
288,"BRSP","BrightSpire Capital Inc","Real Estate","REIT - Mortgage",-7.14%,-19.10%,-29.80%,-32.68%,-30.06%,-31.40%,0.27%,0.90,-1.05%,17.47,3.06%,2.98%,477.00,3.70%
289,"BRT","BRT Apartments Corp","Real Estate","REIT - Residential",-0.81%,-8.18%,-9.41%,-8.37%,-14.09%,-20.48%,1.13%,0.81,1.28%,36.91,2.08%,2.11%,253.14,3.26%
290,"BRUN","Boost Run Inc","Technology","Software - Infrastructure",-9.91%,-13.64%,-49.86%,15.74%,20.51%,,-11.01%,1.19,-11.39%,38.81,7.58%,7.99%,1226.65,13.18%
291,"BRZE","Braze Inc","Technology","Software - Application",14.50%,-20.21%,8.73%,-22.63%,-6.65%,-42.23%,3.19%,0.35,4.37%,51.43,6.50%,5.51%,3013.40,9.32%
292,"BSRR","Sierra Bancorp","Financial","Banks - Regional",0.00%,-2.31%,-2.40%,21.70%,37.95%,108.00%,-0.75%,0.80,0.03%,47.31,1.95%,1.83%,515.55,3.79%
293,"BSVN","Bank7 Corp","Financial","Banks - Regional",-0.57%,6.20%,7.63%,35.92%,19.86%,151.81%,0.36%,0.35,0.40%,59.98,2.28%,2.71%,530.59,3.87%
294,"BTBT","Bit Digital Inc","Financial","Capital Markets",-7.74%,-4.91%,-6.06%,-17.99%,-55.71%,-25.48%,-6.06%,0.59,-4.91%,45.49,6.88%,7.37%,558.98,18.41%
295,"BTDR","Bitdeer Technologies Group","Technology","Software - Application",-2.43%,-9.64%,-16.41%,-3.99%,-44.58%,34.53%,-5.34%,0.63,-2.34%,44.90,6.76%,6.94%,2925.03,35.30%
296,"BTSG","BrightSpring Health Services Inc","Healthcare","Health Information Services",9.36%,0.65%,-11.89%,65.10%,118.02%,,2.37%,0.48,2.62%,60.12,3.19%,3.53%,12233.95,6.04%
297,"BTU","Peabody Energy Corp","Energy","Thermal Coal",1.66%,-7.50%,12.78%,-13.91%,-20.10%,6.93%,2.68%,0.50,3.06%,46.88,3.62%,4.52%,3116.75,10.09%
298,"BULL","Webull Corp","Technology","Software - Application",3.40%,-27.10%,0.27%,-6.18%,-48.63%,-32.19%,-1.09%,0.60,-0.69%,39.93,4.14%,5.26%,3861.72,11.65%
299,"BUR","Burford Capital Limited","Financial","Asset Management",-9.29%,-17.09%,-17.09%,-60.03%,-70.14%,-72.58%,-1.52%,0.51,-2.33%,35.05,5.66%,4.88%,782.82,7.14%
300,"BUSE","First Busey Corp","Financial","Banks - Regional",-0.37%,-3.35%,1.47%,24.64%,27.97%,53.15%,-0.17%,0.55,-0.27%,44.38,2.22%,1.70%,2448.46,5.65%
301,"BV","BrightView Holdings Inc","Industrials","Specialty Business Services",1.17%,-8.38%,-27.46%,-18.07%,-25.32%,36.40%,1.27%,0.48,0.97%,42.32,3.17%,3.04%,961.19,5.46%
302,"BVFL","BV Financial Inc","Financial","Banks - Regional",3.55%,-0.68%,4.45%,19.19%,37.72%,114.71%,1.80%,0.67,1.84%,56.27,2.51%,2.89%,183.15,2.05%
303,"BVS","Bioventus Inc","Healthcare","Medical Devices",-4.42%,-6.69%,16.62%,80.11%,90.88%,325.40%,2.06%,0.27,2.06%,48.47,3.23%,3.55%,1126.83,6.20%
304,"BW","Babcock & Wilcox Enterprises Inc","Industrials","Specialty Industrial Machinery",-2.52%,-21.39%,-47.76%,-11.59%,95.98%,67.31%,-0.62%,0.71,-1.67%,31.58,5.53%,6.21%,834.95,16.77%
305,"BWB","Bridgewater Bancshares Inc","Financial","Banks - Regional",-0.19%,-4.41%,-2.92%,17.46%,19.43%,112.93%,-0.15%,0.38,-0.58%,44.20,2.35%,2.49%,574.12,3.48%
306,"BWFG","Bankwell Financial Group Inc","Financial","Banks - Regional",-0.18%,-0.17%,15.05%,44.13%,51.92%,166.94%,-0.77%,0.44,-0.92%,49.50,2.10%,2.09%,526.47,8.96%
307,"BWIN","Baldwin Insurance Group Inc","Financial","Insurance Brokers",-0.05%,1.87%,16.50%,32.35%,10.43%,34.31%,0.08%,0.21,0.11%,57.31,0.31%,1.69%,4461.38,13.37%
308,"BWMN","Bowman Consulting Group Ltd","Industrials","Engineering & Construction",0.34%,0.34%,50.71%,29.48%,3.12%,58.06%,0.25%,0.71,0.36%,80.56,0.14%,0.29%,741.11,4.18%
309,"BXC","Bluelinx Hldgs Inc","Industrials","Industrial Distribution",0.05%,-3.03%,39.81%,21.99%,3.51%,-5.15%,3.19%,0.99,1.77%,47.79,5.24%,5.55%,589.05,5.77%
310,"BXDC","Blackstone Digital Infrastructure Trust Inc","Real Estate","REIT - Specialty",-5.40%,-16.54%,-17.82%,-14.25%,,,-0.52%,0.64,-0.69%,23.97,4.25%,3.21%,1726.24,4.51%
311,"BXMT","Blackstone Mortgage Trust Inc","Real Estate","REIT - Mortgage",-12.62%,-23.42%,-36.77%,-43.31%,-42.38%,-43.68%,-0.60%,0.72,-0.51%,14.29,3.71%,2.76%,1827.74,6.92%
312,"BY","Byline Bancorp Inc","Financial","Banks - Regional",1.51%,-2.53%,1.97%,29.47%,36.59%,93.04%,-0.37%,0.26,-0.00%,50.90,1.82%,1.72%,1705.33,3.59%
313,"BZAI","Blaize Holdings Inc","Technology","Software - Application",-12.81%,-13.73%,-66.37%,-77.84%,-89.00%,-95.90%,-9.01%,0.74,-9.96%,34.90,7.04%,10.30%,62.60,13.34%
314,"BZH","Beazer Homes USA Inc","Consumer Cyclical","Residential Construction",0.19%,0.68%,21.90%,64.90%,33.59%,41.99%,0.10%,0.40,0.07%,64.87,0.17%,0.19%,891.77,8.51%
315,"CABA","Cabaletta Bio Inc","Healthcare","Biotechnology",2.00%,-41.38%,-34.19%,-6.85%,-16.39%,-85.85%,2.00%,0.76,2.00%,33.67,6.04%,7.85%,345.87,25.03%
316,"CABO","Cable One Inc","Communication Services","Telecom Services",-12.49%,-57.79%,-74.20%,-90.25%,-93.84%,-98.22%,-7.33%,1.29,-9.91%,28.76,17.12%,12.39%,62.41,20.46%
317,"CAC","Camden National Corp","Financial","Banks - Regional",-0.57%,-0.81%,5.83%,31.57%,48.79%,103.48%,-0.68%,0.48,-0.20%,50.51,2.39%,2.63%,964.40,4.46%
318,"CADL","Candel Therapeutics Inc","Healthcare","Biotechnology",-7.24%,-19.97%,5.38%,83.72%,86.69%,1106.98%,1.07%,0.62,1.96%,41.03,6.17%,6.47%,794.26,20.12%
319,"CAKE","Cheesecake Factory Inc","Consumer Cyclical","Restaurants",3.52%,1.57%,40.03%,115.65%,96.14%,266.53%,-1.03%,0.33,-0.72%,58.31,3.07%,3.33%,5416.88,21.60%
320,"CAL","Caleres Inc","Consumer Cyclical","Apparel Retail",-1.84%,1.57%,3.02%,1.07%,-13.99%,-53.78%,-0.08%,0.33,0.65%,48.06,4.44%,5.17%,424.41,12.82%
321,"CALM","Cal-Maine Foods Inc","Consumer Defensive","Farm Products",-2.85%,-13.94%,-23.39%,-17.76%,-29.31%,48.48%,-1.30%,1.42,-1.85%,24.96,4.32%,3.09%,3056.51,11.75%
322,"CALX","Calix Inc","Technology","Software - Infrastructure",4.22%,-6.69%,-9.95%,-34.65%,-41.88%,-18.59%,-0.40%,0.30,-0.63%,43.42,3.46%,3.09%,2177.93,9.80%
323,"CALY","Callaway Golf Co","Consumer Cyclical","Leisure",0.42%,-8.59%,-20.91%,23.14%,44.86%,7.16%,-0.48%,0.42,-0.55%,35.70,2.69%,2.60%,2565.20,4.19%
324,"CAMP","CAMP4 Therapeutics Corp","Healthcare","Biotechnology",4.41%,-10.47%,-8.64%,-34.42%,32.67%,,0.25%,1.75,0.50%,48.80,7.51%,8.71%,252.26,3.03%
325,"CAPR","Capricor Therapeutics Inc","Healthcare","Biotechnology",-5.63%,-11.42%,-63.01%,-71.52%,11.68%,189.44%,-6.06%,0.68,-8.16%,43.76,7.95%,7.14%,477.90,37.38%
326,"CARE","Carter Bankshares Inc","Financial","Banks - Regional",3.19%,-3.67%,-5.31%,55.67%,60.57%,155.47%,-0.11%,0.22,-0.47%,47.54,2.56%,2.44%,678.33,10.61%
327,"CARG","CarGurus Inc","Communication Services","Internet Content & Information",-3.34%,-13.00%,-14.72%,-22.35%,-21.38%,73.85%,-0.20%,0.98,-0.80%,31.06,4.38%,3.81%,2652.61,10.15%
328,"CARL","Carlsmed Inc","Healthcare","Health Information Services",5.16%,-3.92%,18.63%,20.75%,14.98%,,0.02%,0.77,4.50%,51.59,5.75%,4.84%,407.15,10.41%
329,"CARS","Cars.com","Communication Services","Internet Content & Information",-4.89%,-15.95%,-11.68%,-18.77%,-19.82%,-41.88%,0.00%,1.15,-1.20%,32.72,4.77%,3.97%,530.51,15.18%
330,"CASH","Pathward Financial Inc","Financial","Banks - Regional",2.56%,-10.43%,-18.02%,4.42%,0.65%,55.89%,-0.05%,0.59,0.24%,37.44,2.56%,2.12%,1540.14,13.37%
331,"CASS","Cass Information Systems Inc","Industrials","Specialty Business Services",-0.59%,-3.74%,2.53%,29.90%,36.57%,45.92%,-0.40%,0.16,-0.24%,41.34,1.78%,1.90%,690.67,3.87%
332,"CATX","Perspective Therapeutics Inc","Healthcare","Medical Devices",2.80%,-17.63%,-24.85%,-6.55%,-29.40%,-10.76%,-6.55%,2.85,-6.88%,39.84,5.61%,6.33%,293.37,24.00%
333,"CATY","Cathay General Bancorp","Financial","Banks - Regional",0.23%,-2.72%,-0.94%,25.81%,26.02%,77.03%,0.13%,0.41,0.07%,46.20,2.06%,1.82%,4061.54,4.72%
334,"CBAN","Colony Bankcorp Inc","Financial","Banks - Regional",-0.42%,-4.72%,1.61%,15.01%,21.99%,105.25%,-0.27%,0.28,0.22%,41.37,2.40%,2.24%,434.91,5.38%
335,"CBFV","CB Financial Services Inc","Financial","Banks - Regional",0.94%,-0.51%,0.30%,7.26%,12.96%,73.66%,1.47%,0.24,1.47%,51.77,0.94%,1.25%,190.00,1.83%
336,"CBIO","Crescent Biopharma Inc","Healthcare","Biotechnology",-3.06%,-30.95%,-17.29%,18.76%,20.18%,-90.15%,-2.32%,0.26,-1.64%,34.41,6.58%,8.55%,523.18,11.02%
337,"CBK","Commercial Bancgroup Inc","Financial","Banks - Regional",-1.17%,-7.37%,-4.63%,28.73%,30.16%,,-0.24%,0.19,-0.83%,36.62,2.64%,2.42%,433.18,4.34%
338,"CBL","CBL& Associates Properties Inc","Real Estate","REIT - Retail",5.03%,0.07%,2.67%,49.15%,84.38%,165.77%,0.63%,0.18,0.48%,55.59,2.44%,2.42%,1700.62,4.11%
339,"CBLL","Ceribell Inc","Healthcare","Medical Devices",-0.08%,-0.33%,23.38%,11.67%,93.75%,,3.46%,0.44,3.38%,55.54,4.00%,3.70%,939.88,7.11%
340,"CBNA","Chain Bridge Bancorp Inc","Financial","Banks - Regional",-0.51%,0.83%,13.01%,36.37%,47.53%,,1.00%,0.16,-0.06%,52.59,3.43%,4.23%,310.21,4.76%
341,"CBNK","Capital Bancorp Inc","Financial","Banks - Regional",11.74%,10.12%,15.68%,43.27%,32.98%,111.20%,-0.32%,2.08,-0.22%,75.79,2.70%,2.12%,657.48,6.47%
342,"CBRL","Cracker Barrel Old Country Store Inc","Consumer Cyclical","Restaurants",2.81%,2.20%,11.59%,117.47%,25.00%,-18.00%,-1.27%,0.53,-0.94%,59.47,5.20%,5.28%,1234.68,26.08%
343,"CBT","Cabot Corp","Basic Materials","Specialty Chemicals",-0.80%,-4.15%,-10.97%,17.42%,3.53%,15.36%,0.95%,0.49,1.14%,42.26,2.20%,2.43%,4018.15,9.18%
344,"CBU","Community Financial System Inc","Financial","Banks - Regional",0.03%,-4.70%,-9.49%,5.34%,2.97%,42.91%,-0.24%,0.48,-0.30%,40.35,2.10%,1.70%,3183.60,3.95%
345,"CBZ","Cbiz Inc","Industrials","Specialty Business Services",0.06%,-0.30%,47.96%,8.51%,-3.48%,4.26%,0.21%,0.44,0.10%,69.69,0.12%,0.24%,3007.71,4.21%
346,"CC","Chemours Company","Basic Materials","Specialty Chemicals",-1.88%,-10.43%,-26.45%,17.60%,-14.04%,-47.64%,1.43%,0.46,1.13%,39.14,3.29%,3.20%,2086.67,10.56%
347,"CCB","Coastal Financial Corp","Financial","Banks - Regional",8.76%,-16.99%,-47.64%,-64.36%,-62.65%,-2.31%,1.23%,0.41,1.66%,37.29,8.77%,4.96%,624.22,8.98%
348,"CCBG","Capital City Bank Group Inc","Financial","Banks - Regional",0.16%,-4.16%,0.55%,15.86%,16.60%,61.92%,-0.48%,0.23,-0.68%,44.55,1.74%,1.90%,844.03,4.41%
349,"CCCC","C4 Therapeutics Inc","Healthcare","Biotechnology",-2.57%,-18.85%,-30.23%,58.90%,33.70%,85.06%,0.83%,0.51,2.88%,37.74,8.40%,5.93%,373.38,35.52%
350,"CCNE","CNB Financial Corp (PA)","Financial","Banks - Regional",0.89%,-0.60%,2.28%,30.46%,42.02%,87.70%,0.04%,0.25,0.12%,51.94,2.27%,2.02%,1011.33,3.02%
351,"CCO","Clear Channel Outdoor Holdings Inc","Communication Services","Advertising Agencies",1.56%,0.70%,-0.55%,8.45%,61.94%,96.45%,0.28%,0.34,0.28%,57.05,1.23%,0.92%,1220.14,8.17%
352,"CCOI","Cogent Communications Holdings Inc","Communication Services","Telecom Services",15.04%,-14.35%,-26.66%,-60.35%,-79.49%,-86.09%,2.25%,0.52,1.04%,45.84,8.46%,8.07%,437.79,14.17%
353,"CCS","Century Communities Inc","Real Estate","Real Estate - Development",-4.94%,-8.32%,-10.48%,-1.32%,-8.94%,-5.86%,-1.82%,0.35,-2.18%,34.26,3.16%,2.90%,1665.24,7.50%
354,"CCSI","Consensus Cloud Solutions Inc","Technology","Software - Infrastructure",4.37%,2.32%,-1.98%,64.74%,29.25%,52.90%,1.94%,0.26,1.66%,49.76,3.56%,3.84%,658.70,6.28%
355,"CD","Chaince Digital Holdings Inc","Financial","Capital Markets",4.06%,86.40%,56.70%,36.52%,-76.93%,470.17%,0.67%,0.24,0.67%,73.49,18.47%,15.79%,746.35,6.52%
356,"CDNA","Caredx Inc","Healthcare","Diagnostics & Research",6.93%,38.54%,143.99%,266.64%,354.74%,908.38%,3.08%,0.86,2.87%,83.16,4.82%,4.98%,3573.50,13.38%
357,"CDNL","Cardinal Infrastructure Group Inc","Industrials","Engineering & Construction",4.33%,-18.19%,-61.87%,19.60%,,,-5.80%,0.32,-5.89%,36.86,8.91%,7.31%,1372.92,13.91%
358,"CDRE","Cadre Holdings Inc","Industrials","Aerospace & Defense",-2.58%,-15.03%,-13.44%,-37.83%,-30.77%,-5.41%,2.12%,0.63,1.55%,31.31,3.62%,3.83%,1087.14,7.23%
359,"CDXS","Codexis Inc","Healthcare","Biotechnology",2.21%,-2.11%,-46.54%,-14.72%,-45.28%,-33.49%,-1.63%,0.62,2.21%,45.02,4.58%,5.38%,152.22,3.96%
360,"CDZI","Cadiz Inc","Industrials","Pollution & Treatment Controls",2.37%,-8.60%,-10.17%,-34.67%,-23.96%,20.56%,-4.31%,0.48,-4.31%,48.53,6.80%,6.58%,310.34,17.13%
361,"CECO","Ceco Environmental Corp","Industrials","Pollution & Treatment Controls",5.15%,2.19%,-3.63%,26.95%,51.11%,385.81%,3.05%,0.43,3.15%,55.89,3.89%,4.90%,4450.13,3.81%
362,"CELC","Celcuity Inc","Healthcare","Biotechnology",-8.48%,-24.42%,-37.02%,-26.92%,44.30%,702.71%,0.24%,0.97,1.09%,32.20,6.86%,4.88%,3566.44,28.20%
363,"CENT","Central Garden & Pet Co","Consumer Defensive","Packaged Foods",0.68%,-4.20%,-6.64%,24.26%,24.38%,17.40%,0.30%,0.37,0.35%,43.10,1.93%,2.02%,2215.66,4.93%
364,"CENTA","Central Garden & Pet Co","Consumer Defensive","Packaged Foods",0.78%,-4.42%,-7.94%,18.07%,18.60%,9.54%,0.63%,0.39,0.54%,42.41,2.23%,2.42%,2219.86,3.09%
365,"CENX","Century Aluminum Co","Basic Materials","Aluminum",-1.82%,-22.71%,-18.90%,-6.28%,22.93%,483.78%,2.94%,0.47,3.09%,33.12,3.60%,3.96%,3635.03,14.21%
366,"CERS","Cerus Corp","Healthcare","Medical Devices",-5.16%,-9.59%,-27.84%,12.80%,48.00%,64.79%,1.47%,0.38,1.91%,36.84,4.71%,3.88%,468.27,9.44%
367,"CERT","Certara Inc","Healthcare","Health Information Services",6.73%,19.86%,35.91%,10.61%,-25.44%,-32.05%,4.93%,0.57,4.11%,71.79,3.87%,4.31%,1486.44,29.67%
368,"CEVA","Ceva Inc","Technology","Semiconductors",5.37%,38.25%,-14.51%,69.86%,30.46%,95.69%,-0.53%,0.47,-1.47%,66.11,4.44%,4.74%,1029.16,11.72%
369,"CFBK","CF Bankshares Inc","Financial","Banks - Regional",1.02%,-1.62%,9.37%,38.68%,44.41%,119.68%,0.58%,0.26,0.52%,50.79,2.27%,2.26%,224.63,2.60%
370,"CFFI","C & F Financial Corp","Financial","Banks - Regional",5.09%,5.16%,24.39%,37.09%,47.10%,87.05%,1.54%,2.29,1.23%,65.73,3.35%,2.91%,323.58,1.66%
371,"CFFN","Capitol Federal Financial","Financial","Banks - Regional",1.77%,-2.16%,2.87%,27.18%,37.91%,85.86%,0.35%,0.43,0.35%,48.15,2.66%,2.02%,1082.26,6.19%
372,"CGEM","Cullinan Therapeutics Inc","Healthcare","Biotechnology",6.42%,-28.20%,-12.39%,53.72%,169.66%,84.36%,2.12%,0.64,2.58%,36.27,6.10%,6.75%,1023.89,19.85%
373,"CGON","Cg Oncology Inc","Healthcare","Biotechnology",-2.86%,-9.03%,-2.28%,62.86%,69.81%,,-0.01%,0.35,0.36%,39.23,4.83%,4.50%,5993.89,19.05%
374,"CHCI","Comstock Holding Co Inc","Real Estate","Real Estate Services",-2.46%,-9.03%,19.74%,63.94%,33.87%,317.76%,0.85%,0.97,1.49%,47.34,4.40%,5.48%,195.87,3.07%
375,"CHCO","City Holding Co","Financial","Banks - Regional",1.92%,-1.58%,7.44%,19.68%,16.23%,53.68%,0.04%,0.44,-0.11%,52.16,2.00%,1.67%,2003.73,7.14%
376,"CHCT","Community Healthcare Trust Inc","Real Estate","REIT - Healthcare Facilities",-3.99%,-7.79%,-23.71%,-16.33%,-8.53%,-52.10%,0.73%,0.54,0.87%,30.60,2.24%,1.87%,393.68,3.50%
377,"CHEF","Chefs' Warehouse Inc","Consumer Defensive","Food Distribution",1.37%,-0.81%,15.35%,81.76%,104.35%,477.42%,-3.92%,0.57,-2.69%,55.28,3.15%,3.38%,4621.79,12.60%
378,"CHMG","Chemung Financial Corp","Financial","Banks - Regional",0.87%,-2.52%,10.91%,47.74%,56.94%,106.88%,0.52%,0.88,0.62%,51.52,2.09%,2.12%,397.48,4.03%
379,"CHPT","ChargePoint Holdings Inc","Consumer Cyclical","Specialty Retail",2.74%,-1.10%,54.03%,35.24%,-24.79%,-89.21%,-2.71%,0.51,-3.34%,52.75,11.03%,10.45%,241.11,23.83%
380,"CHRS","Coherus Oncology Inc","Healthcare","Biotechnology",0.86%,-16.07%,-31.15%,-19.03%,-29.89%,-66.86%,-0.88%,1.20,-0.88%,40.32,5.56%,6.78%,177.64,19.80%
381,"CIA","Citizens Inc","Financial","Insurance - Life",-0.33%,-9.37%,-35.17%,-25.51%,-30.81%,30.84%,2.51%,0.20,1.64%,44.88,4.59%,5.01%,182.22,10.20%
382,"CIFR","Cipher Digital Inc","Technology","Information Technology Services",-9.77%,-13.04%,-26.21%,2.34%,2.76%,516.53%,-4.28%,0.88,-3.85%,40.62,6.74%,8.09%,6269.04,21.22%
383,"CIM","Chimera Investment Corp","Real Estate","REIT - Mortgage",-9.49%,-20.44%,-29.41%,-25.95%,-31.25%,-40.54%,-0.70%,1.23,-0.59%,15.78,3.32%,2.34%,770.57,4.15%
384,"CIVB","Civista Bancshares Inc","Financial","Banks - Regional",0.45%,-2.68%,-4.01%,20.75%,31.20%,69.60%,-0.22%,0.25,-0.56%,44.50,2.42%,2.02%,557.61,3.15%
385,"CIX","Compx International Inc","Industrials","Security & Protection Services",-3.08%,4.95%,49.23%,62.05%,64.10%,116.77%,-0.32%,0.69,0.83%,57.19,4.78%,6.64%,465.21,3.25%
386,"CLB","Core Laboratories Inc","Energy","Oil & Gas Equipment & Services",4.19%,-16.60%,-4.04%,-34.81%,-13.92%,-52.33%,3.57%,1.18,5.34%,39.11,3.62%,4.05%,479.49,9.69%
387,"CLBK","Columbia Financial Inc","Financial","Banks - Regional",3.90%,-3.21%,16.07%,60.33%,67.33%,55.33%,-0.74%,0.26,-0.74%,50.25,2.83%,2.10%,3052.60,7.30%
388,"CLDT","Chatham Lodging Trust","Real Estate","REIT - Hotel & Motel",2.93%,5.62%,7.36%,101.47%,109.47%,42.18%,0.37%,0.38,0.29%,62.91,2.88%,2.62%,638.88,2.95%
389,"CLDX","Celldex Therapeutics Inc","Healthcare","Biotechnology",3.57%,-17.16%,-18.32%,20.08%,23.49%,18.34%,2.47%,0.52,3.05%,36.67,4.05%,5.46%,2561.24,11.79%
390,"CLFD","Clearfield Inc","Technology","Communication Equipment",8.46%,17.43%,2.35%,14.08%,-7.13%,23.76%,-0.17%,0.23,-0.67%,64.00,3.32%,3.36%,451.73,12.33%
391,"CLMB","Climb Global Solutions Inc","Technology","Electronics & Computer Distribution",2.05%,18.10%,30.92%,29.51%,-4.91%,215.90%,2.07%,0.68,1.46%,71.01,5.28%,4.60%,621.03,9.49%
392,"CLMT","Calumet Inc","Basic Materials","Specialty Chemicals",6.12%,4.35%,50.20%,180.97%,200.32%,211.20%,0.96%,0.35,0.99%,59.20,4.77%,4.48%,4907.25,6.49%
393,"CLNE","Clean Energy Fuels Corp","Energy","Oil & Gas Refining & Marketing",-1.26%,-3.09%,-26.29%,-25.24%,-42.49%,-56.02%,0.00%,0.25,0.64%,41.65,2.78%,4.36%,346.09,4.82%
394,"CLOV","Clover Health Investments Corp","Healthcare","Healthcare Plans",5.34%,7.20%,-8.77%,94.10%,76.12%,330.32%,3.90%,0.71,4.14%,54.23,4.37%,4.83%,2422.82,5.71%
395,"CLPT","ClearPoint Neuro Inc","Healthcare","Medical Devices",-26.98%,-20.43%,-36.04%,-18.28%,-59.17%,130.51%,3.04%,0.76,2.61%,35.08,8.61%,5.91%,341.03,15.99%
396,"CLSK","Cleanspark Inc","Financial","Capital Markets",-8.43%,-2.90%,-2.12%,20.70%,-23.37%,246.03%,-5.20%,0.70,-4.12%,42.21,6.29%,6.79%,3137.02,32.03%
397,"CLVT","Clarivate Plc","Technology","Information Technology Services",-14.04%,-31.63%,-41.43%,-55.99%,-62.21%,-77.38%,0.68%,0.56,-0.68%,23.29,6.40%,5.51%,940.30,14.48%
398,"CLW","Clearwater Paper Corp","Basic Materials","Paper & Paper Products",1.15%,-2.81%,28.31%,15.62%,-1.23%,-45.12%,0.54%,0.37,1.56%,47.45,4.23%,3.93%,324.47,4.47%
399,"CLYM","Climb Bio Inc","Healthcare","Biotechnology",-4.84%,-23.43%,-16.75%,179.30%,464.25%,341.58%,1.94%,0.70,2.12%,32.99,5.11%,7.25%,641.68,16.42%
400,"CMC","Commercial Metals Co","Industrials","Metal Fabrication",2.56%,-3.79%,7.41%,-4.44%,12.85%,38.87%,3.48%,0.39,4.03%,51.49,2.88%,2.66%,7317.10,5.64%
401,"CMCL","Caledonia Mining Corp Plc","Basic Materials","Gold",4.03%,-7.90%,28.19%,-7.38%,-34.31%,141.43%,0.58%,1.00,0.96%,52.03,3.59%,3.74%,468.68,13.26%
402,"CMCO","Columbus Mckinnon Corp","Industrials","Farm & Heavy Construction Machinery",3.73%,-6.96%,27.87%,-1.56%,12.90%,-51.41%,2.05%,0.24,1.47%,51.83,4.05%,4.42%,490.13,8.15%
403,"CMDB","Costamare Bulkers Holdings Ltd","Industrials","Marine Shipping",2.09%,1.31%,20.58%,46.01%,58.45%,,-0.53%,0.36,0.58%,51.98,4.45%,4.68%,546.79,3.49%
404,"CMP","Compass Minerals International Inc","Basic Materials","Other Industrial Metals & Mining",2.55%,-8.67%,-20.44%,16.90%,22.13%,-12.43%,4.89%,0.31,3.42%,41.69,2.65%,2.79%,963.89,6.42%
405,"CMPR","Cimpress plc","Industrials","Specialty Business Services",-5.06%,-14.03%,-21.03%,14.13%,17.34%,12.53%,1.29%,0.35,1.28%,29.25,4.30%,3.62%,1850.56,11.12%
406,"CMPX","Compass Therapeutics Inc","Healthcare","Biotechnology",-15.80%,-60.57%,-59.72%,-82.60%,-74.74%,-52.80%,3.84%,2.77,9.09%,20.36,10.63%,7.77%,168.31,30.50%
407,"CMRC","Commerce.com Inc","Technology","Software - Application",1.58%,28.29%,0.94%,-21.84%,-33.88%,-65.93%,-0.92%,0.28,-0.92%,56.82,3.98%,6.16%,266.80,9.50%
408,"CMRE","Costamare Inc","Industrials","Marine Shipping",4.16%,-0.38%,5.67%,-2.90%,28.52%,121.75%,-0.70%,0.43,-0.70%,55.41,2.83%,2.69%,1853.55,5.31%
409,"CMT","Core Molding Technologies","Basic Materials","Specialty Chemicals",5.02%,-1.71%,1.50%,17.86%,25.16%,-13.79%,2.34%,0.28,2.65%,50.24,3.08%,3.49%,209.10,2.98%
410,"CMTG","Claros Mortgage Trust Inc","Real Estate","REIT - Mortgage",-5.91%,-25.31%,-46.65%,-60.95%,-64.11%,-88.86%,-2.05%,4.88,-2.85%,27.11,4.21%,5.11%,168.59,3.84%
411,"CMTV","Community Bancorp Inc Vermont","Financial","Banks - Regional",2.20%,2.54%,7.76%,70.07%,87.88%,163.41%,1.46%,0.22,1.27%,58.23,2.73%,3.54%,237.09,4.87%
412,"CNDT","Conduent Inc","Technology","Information Technology Services",8.92%,-9.52%,8.92%,-10.94%,-37.82%,-51.28%,3.01%,0.49,3.64%,56.31,6.78%,6.63%,265.94,3.83%
413,"CNK","Cinemark Holdings Inc","Communication Services","Entertainment",-6.34%,2.73%,22.18%,54.67%,27.33%,92.43%,-1.47%,0.29,-0.29%,48.66,3.77%,3.31%,4166.50,7.01%
414,"CNMD","Conmed Corp","Healthcare","Medical Devices",2.14%,-3.93%,38.66%,16.94%,-1.36%,-50.89%,2.35%,0.21,2.50%,54.44,2.90%,3.10%,1421.97,7.16%
415,"CNNE","Cannae Holdings Inc","Consumer Cyclical","Restaurants",0.51%,-1.14%,8.45%,-0.45%,-15.58%,-14.19%,0.71%,0.33,0.77%,54.48,2.24%,2.67%,679.24,11.94%
416,"CNO","CNO Financial Group Inc","Financial","Insurance - Life",1.36%,-4.14%,2.80%,28.02%,37.37%,133.25%,0.95%,0.24,0.95%,51.00,2.06%,2.05%,5030.39,2.42%
417,"CNOB","ConnectOne Bancorp Inc","Financial","Banks - Regional",0.02%,-4.54%,-4.95%,16.72%,20.26%,72.23%,-1.05%,0.47,-0.57%,41.36,2.16%,1.86%,1540.03,3.85%
418,"CNR","Core Natural Resources Inc","Energy","Thermal Coal",3.48%,-6.11%,15.56%,3.36%,2.98%,-7.74%,1.80%,0.72,2.83%,49.15,3.23%,3.33%,4540.72,3.93%
419,"CNS","Cohen & Steers Inc","Financial","Asset Management",-0.87%,-7.42%,-7.65%,16.49%,11.41%,20.74%,0.21%,0.51,0.18%,36.48,2.42%,2.99%,3760.45,5.53%
420,"CNTB","Connect Biopharma Holdings Ltd","Healthcare","Biotechnology",-14.19%,-51.98%,-58.07%,-67.14%,-37.81%,-1.41%,1.08%,0.44,-0.03%,30.08,26.84%,17.48%,58.35,16.35%
421,"CNTN","Canton Strategic Holdings Inc","Healthcare","Biotechnology",-14.05%,2.76%,-7.52%,-23.69%,-20.55%,-96.72%,2.31%,1.01,2.76%,51.29,8.46%,7.70%,184.23,9.53%
422,"CNTX","Context Therapeutics Inc","Healthcare","Biotechnology",-1.59%,-11.54%,-54.13%,-78.16%,-70.81%,-75.30%,3.58%,0.39,3.68%,35.04,7.70%,7.49%,29.50,9.08%
423,"CNX","CNX Resources Corp","Energy","Oil & Gas E&P",2.21%,-14.22%,-2.56%,-11.88%,-1.46%,48.90%,4.52%,0.53,2.86%,38.84,2.51%,2.60%,4793.37,10.84%
424,"CNXC","Concentrix Corp","Technology","Information Technology Services",-0.08%,-22.59%,11.29%,-38.84%,-47.31%,-67.48%,3.16%,0.52,2.09%,43.32,11.09%,7.86%,1549.90,18.19%
425,"CNXN","PC Connection Inc","Technology","Electronics & Computer Distribution",3.21%,10.83%,24.60%,60.28%,51.45%,73.63%,0.06%,0.84,0.22%,76.43,2.37%,2.65%,2336.54,4.91%
426,"COAG","Hemab Therapeutics Holdings Inc","Healthcare","Biotechnology",-6.67%,-30.34%,-1.84%,14.48%,,,-0.64%,0.32,-0.64%,22.87,6.18%,7.30%,1443.86,9.16%
427,"COCO","Vita Coco Company Inc","Consumer Defensive","Beverages - Non-Alcoholic",-3.20%,1.34%,-14.85%,5.29%,31.27%,111.26%,-0.67%,0.63,-0.28%,42.03,3.42%,4.27%,3203.67,12.04%
428,"CODI","Compass Diversified Holdings","Industrials","Conglomerates",-1.62%,-4.61%,9.63%,129.54%,63.72%,-39.66%,1.74%,0.45,0.81%,45.58,3.42%,2.94%,828.96,7.19%
429,"COFS","Choiceone Financial Services Inc","Financial","Banks - Regional",0.41%,-2.81%,-0.20%,12.07%,16.41%,80.49%,0.26%,0.17,-0.08%,48.08,2.11%,1.96%,494.80,3.71%
430,"COGT","Cogent Biosciences Inc","Healthcare","Biotechnology",-3.47%,-12.00%,-23.13%,-13.41%,95.15%,208.79%,-1.62%,0.59,-0.85%,33.92,3.54%,3.95%,5336.76,11.63%
431,"COHU","Cohu Inc","Technology","Semiconductor Equipment & Materials",13.24%,62.72%,46.79%,221.52%,270.75%,115.61%,2.40%,0.44,1.82%,74.43,4.02%,5.46%,3541.70,18.90%
432,"COLL","Collegium Pharmaceutical Inc","Healthcare","Drug Manufacturers - Specialty & Generic",-3.04%,-7.41%,-39.78%,-52.61%,-36.60%,-4.68%,-0.76%,0.71,-0.35%,30.38,3.88%,3.96%,714.36,17.82%
433,"COMP","Compass Inc","Real Estate","Real Estate Services",2.92%,-15.32%,-21.16%,-11.39%,19.61%,270.18%,1.36%,1.23,1.58%,39.21,4.71%,4.75%,7189.45,6.45%
434,"CON","Concentra Group Holdings Parent Inc","Healthcare","Medical Care Facilities",2.56%,5.09%,14.65%,84.27%,74.77%,,0.76%,0.52,1.73%,62.33,3.21%,2.72%,4624.43,2.68%
435,"CORZ","Core Scientific Inc","Technology","Software - Infrastructure",-1.79%,-9.36%,-24.68%,11.44%,-8.95%,,-1.37%,0.77,-1.37%,40.68,5.34%,5.58%,5213.75,20.47%
436,"COSO","CoastalSouth Bancshares Inc","Financial","Banks - Regional",1.51%,-2.67%,1.54%,15.96%,25.51%,82.53%,-0.88%,1.73,-0.07%,50.23,2.15%,2.02%,322.29,2.55%
437,"COTY","Coty Inc","Consumer Defensive","Household & Personal Products",2.34%,-6.39%,23.00%,-10.95%,-31.60%,-73.37%,3.05%,0.42,3.11%,54.71,4.32%,4.14%,2415.55,11.83%
438,"COUR","Coursera Inc","Consumer Defensive","Education & Training Services",12.28%,-13.31%,-10.17%,-29.21%,-49.17%,-71.10%,4.10%,0.72,3.78%,48.18,5.63%,4.21%,1377.53,10.43%
439,"CPF","Central Pacific Financial Corp","Financial","Banks - Regional",0.74%,-3.12%,-4.14%,17.55%,20.93%,124.45%,0.74%,0.26,0.58%,44.60,2.33%,2.10%,943.13,2.80%
440,"CPK","Chesapeake Utilities Corp","Utilities","Utilities - Regulated Gas",-0.28%,-4.00%,2.10%,1.75%,-6.98%,33.61%,-0.19%,0.46,-0.34%,41.56,2.26%,2.19%,3060.16,4.26%
441,"CPRI","Capri Holdings Ltd","Consumer Cyclical","Luxury Goods",-3.24%,8.09%,-26.31%,-41.35%,-33.50%,-72.11%,-0.27%,0.36,-0.89%,48.01,4.82%,5.23%,1626.48,13.06%
442,"CPS","Cooper-Standard Holdings Inc","Consumer Cyclical","Auto Parts",1.72%,-16.81%,-19.21%,-32.55%,-39.38%,78.73%,1.03%,0.35,1.44%,40.57,6.11%,5.13%,393.50,3.80%
443,"CPSS","Consumer Portfolio Service Inc","Financial","Credit Services",3.23%,5.11%,2.89%,-0.75%,19.95%,5.23%,1.98%,0.57,1.87%,48.89,4.74%,5.16%,202.84,1.82%
444,"CRAI","CRA International Inc","Industrials","Consulting Services",3.71%,-0.73%,10.27%,-14.63%,-12.51%,70.49%,0.47%,0.49,0.56%,55.61,4.24%,3.53%,1075.49,4.93%
445,"CRBP","Corbus Pharmaceuticals Holdings Inc","Healthcare","Biotechnology",-14.23%,-48.21%,-36.73%,-27.09%,-59.98%,-8.41%,-3.81%,0.87,-3.18%,24.83,7.08%,8.56%,114.79,15.89%
446,"CRBU","Caribou Biosciences Inc","Healthcare","Biotechnology",-1.22%,-22.61%,-36.72%,-23.58%,-46.48%,-73.53%,-0.41%,1.42,-0.41%,33.11,3.43%,4.62%,130.25,13.30%
447,"CRC","California Resources Corp","Energy","Oil & Gas E&P",3.29%,0.23%,4.85%,19.76%,1.33%,1.99%,2.19%,0.27,2.13%,52.31,2.72%,2.98%,4755.86,4.50%
448,"CRCT","Cricut Inc","Technology","Computer Hardware",1.67%,10.02%,48.29%,30.02%,7.81%,-15.67%,-1.29%,0.60,-1.29%,70.14,3.92%,3.37%,1347.99,11.00%
449,"CRD-A","Crawford & Co","Financial","Insurance Brokers",0.13%,-6.13%,11.25%,12.14%,19.36%,38.03%,0.45%,0.27,-0.42%,49.91,3.22%,4.13%,588.57,3.44%
450,"CRGY","Crescent Energy Co","Energy","Oil & Gas E&P",5.35%,-2.04%,45.32%,62.99%,51.27%,27.92%,2.28%,0.41,2.13%,53.89,3.23%,3.21%,4518.28,11.24%
451,"CRI","Carters Inc","Consumer Cyclical","Apparel Retail",3.03%,-3.65%,-19.79%,-1.52%,6.85%,-51.58%,1.78%,0.38,1.10%,49.53,2.79%,3.94%,1172.50,16.61%
452,"CRK","Comstock Resources Inc","Energy","Oil & Gas E&P",3.31%,-12.31%,-7.55%,-43.44%,-38.82%,20.83%,2.99%,0.88,2.58%,45.70,4.64%,4.76%,3849.36,32.70%
453,"CRMD","CorMedix Inc","Healthcare","Biotechnology",-7.54%,-13.87%,-17.76%,-37.27%,-35.67%,105.49%,1.38%,1.07,1.46%,35.43,3.01%,3.00%,568.60,22.67%
454,"CRML","Critical Metals Corp","Basic Materials","Other Industrial Metals & Mining",-5.36%,-1.63%,-17.26%,4.32%,-9.27%,-33.21%,-4.74%,1.87,2.99%,49.30,5.13%,6.94%,1064.22,31.23%
455,"CRNC","Cerence Inc","Technology","Software - Application",1.73%,-6.54%,-23.04%,-25.77%,-36.77%,-56.52%,-1.06%,0.92,-1.92%,45.77,3.83%,4.31%,358.90,14.71%
456,"CRSP","CRISPR Therapeutics AG","Healthcare","Biotechnology",2.77%,-1.59%,-8.52%,6.01%,-17.94%,29.28%,0.40%,0.67,0.29%,51.09,4.55%,4.78%,5375.14,21.24%
457,"CRSR","Corsair Gaming Inc","Technology","Computer Hardware",0.47%,6.21%,52.56%,128.33%,68.90%,-4.15%,-3.05%,0.36,-1.65%,58.14,4.22%,4.26%,1467.19,19.58%
458,"CRVL","Corvel Corp","Financial","Insurance Brokers",3.47%,11.24%,18.76%,12.90%,3.48%,16.27%,1.18%,0.49,1.23%,73.15,1.87%,2.54%,3859.47,4.23%
459,"CRVS","Corvus Pharmaceuticals Inc","Healthcare","Biotechnology",-9.77%,-26.89%,-31.48%,39.09%,48.96%,618.79%,-1.74%,0.49,-1.74%,29.42,6.13%,5.60%,900.94,26.51%
460,"CSIQ","Canadian Solar Inc","Technology","Solar",5.47%,-18.77%,-23.41%,-53.77%,-27.70%,-48.98%,-1.88%,0.33,-1.74%,38.02,6.84%,5.66%,746.19,38.53%
461,"CSQR","Csquare Inc","Technology","Information Technology Services",9.36%,-3.87%,,-15.55%,,,-0.28%,0.53,1.38%,48.07,5.43%,5.52%,2941.09,3.35%
462,"CSR","Centerspace","Real Estate","REIT - Residential",-1.26%,4.92%,-3.17%,-17.61%,-6.85%,-5.03%,0.97%,0.49,0.86%,48.19,2.06%,2.10%,971.83,5.50%
463,"CSTL","Castle Biosciences Inc","Healthcare","Diagnostics & Research",-1.07%,8.87%,49.16%,-8.62%,56.45%,139.20%,0.01%,0.18,-0.04%,59.48,4.66%,4.32%,1085.88,6.35%
464,"CSTM","Constellium SE","Basic Materials","Aluminum",3.21%,-4.00%,-14.76%,34.85%,64.64%,52.12%,4.10%,0.56,4.18%,46.92,3.55%,3.03%,3445.12,5.76%
465,"CSV","Carriage Services Inc","Consumer Cyclical","Personal Services",3.35%,-4.22%,-16.82%,-23.33%,-32.21%,31.08%,0.60%,0.22,0.81%,48.84,3.65%,2.90%,515.06,4.12%
466,"CSW","CSW Industrials Inc","Industrials","Specialty Industrial Machinery",2.49%,-0.92%,11.50%,3.15%,21.21%,71.29%,0.88%,0.40,0.02%,52.24,3.02%,2.96%,4933.05,6.76%
467,"CTBI","Community Trust Bancorp Inc","Financial","Banks - Regional",1.66%,-1.24%,6.08%,35.45%,38.56%,117.85%,0.30%,0.56,0.34%,53.76,2.19%,1.90%,1389.30,3.43%
468,"CTEV","Claritev Corp","Healthcare","Health Information Services",4.91%,-39.70%,-25.45%,-44.86%,-53.86%,-65.33%,-0.83%,0.95,-0.62%,32.88,7.20%,7.75%,399.49,10.84%
469,"CTGO","Contango Silver & Gold Inc","Basic Materials","Gold",-1.07%,-16.74%,0.83%,-36.51%,-33.72%,-10.76%,0.29%,0.50,0.53%,38.87,4.33%,4.71%,560.74,9.70%
470,"CTKB","Cytek BioSciences Inc","Healthcare","Medical Devices",3.07%,25.87%,29.74%,17.15%,49.02%,8.75%,0.79%,1.23,0.79%,72.02,4.15%,4.71%,768.99,4.41%
471,"CTMX","CytomX Therapeutics Inc","Healthcare","Biotechnology",-4.84%,-30.44%,-33.34%,-39.91%,-22.43%,108.11%,-0.40%,0.39,-0.01%,32.04,5.50%,6.20%,557.75,21.89%
472,"CTNM","Contineum Therapeutics Inc","Healthcare","Biotechnology",-0.62%,-27.99%,-13.11%,10.69%,11.47%,,-3.72%,0.68,-3.57%,40.87,12.31%,7.98%,475.96,8.25%
473,"CTO","CTO Realty Growth Inc","Real Estate","REIT - Diversified",-0.76%,-5.11%,-5.68%,10.40%,25.23%,26.24%,-1.09%,0.44,-1.05%,38.85,1.73%,1.68%,761.90,3.92%
474,"CTOS","Custom Truck One Source Inc","Industrials","Rental & Leasing Services",6.61%,11.02%,3.71%,72.31%,52.22%,62.97%,0.81%,0.43,1.48%,59.35,3.83%,3.27%,2257.99,7.78%
475,"CTRE","CareTrust REIT Inc","Real Estate","REIT - Healthcare Facilities",-2.22%,-7.62%,-12.46%,1.19%,3.10%,79.02%,0.33%,0.75,0.80%,35.18,1.50%,1.98%,8645.97,6.93%
476,"CTRI","Centuri Holdings Inc","Utilities","Utilities - Regulated Gas",4.07%,1.07%,-21.98%,-17.90%,2.12%,,-0.17%,0.29,-0.86%,50.17,3.47%,3.38%,2092.97,5.62%
477,"CTRN","Citi Trends Inc","Consumer Cyclical","Apparel Retail",-6.56%,-31.32%,-16.74%,14.26%,46.06%,113.42%,-0.93%,0.22,-0.89%,24.89,5.19%,5.12%,396.00,12.20%
478,"CTS","CTS Corp","Technology","Electronic Components",5.04%,10.22%,5.36%,45.37%,57.09%,48.70%,1.76%,0.52,1.17%,68.41,2.82%,2.63%,1779.60,3.71%
479,"CUBI","Customers Bancorp Inc","Financial","Banks - Regional",0.05%,-4.78%,-1.08%,3.71%,17.62%,127.10%,0.45%,0.68,0.48%,42.96,2.43%,2.21%,2561.82,8.01%
480,"CURB","Curbline Properties Corp","Real Estate","REIT - Retail",-0.46%,-4.05%,-7.93%,21.59%,19.98%,,-0.91%,0.39,-0.18%,40.07,2.02%,2.06%,3246.38,12.97%
481,"CURI","CuriosityStream Inc","Communication Services","Broadcasting",0.18%,0.18%,6.03%,-23.54%,-43.37%,364.21%,-0.16%,0.16,-0.16%,52.40,4.57%,4.21%,172.39,6.09%
482,"CURV","Torrid Holdings Inc","Consumer Cyclical","Apparel Retail",4.17%,12.11%,34.41%,155.52%,42.86%,28.87%,1.21%,0.26,0.00%,58.80,6.13%,7.47%,249.30,12.79%
483,"CV","CapsoVision Inc","Healthcare","Medical Devices",-7.11%,7.68%,13.37%,-39.87%,34.20%,,3.51%,0.25,4.18%,51.15,5.82%,6.97%,342.05,7.06%
484,"CVBF","CVB Financial Corp","Financial","Banks - Regional",0.45%,-0.85%,-1.29%,19.83%,17.43%,36.32%,0.04%,0.72,0.04%,49.42,2.15%,1.83%,3922.82,5.87%
485,"CVCO","Cavco Industries Inc","Consumer Cyclical","Residential Construction",2.06%,1.44%,-1.71%,-3.68%,-0.25%,122.57%,-2.88%,1.10,-2.75%,54.66,3.36%,3.06%,4375.42,4.82%
486,"CVEO","Civeo Corp","Consumer Cyclical","Lodging",3.15%,-1.64%,4.71%,45.19%,49.91%,64.06%,1.87%,0.25,0.11%,48.82,3.49%,3.00%,343.23,11.91%
487,"CVGI","Commercial Vehicle Group Inc","Consumer Cyclical","Auto Parts",1.34%,-3.24%,-38.53%,108.31%,64.82%,-60.58%,-1.33%,0.61,1.34%,42.82,3.53%,4.09%,121.88,4.71%
488,"CVI","CVR Energy Inc","Energy","Oil & Gas Refining & Marketing",11.01%,29.27%,96.63%,121.44%,52.51%,92.39%,2.48%,0.37,2.75%,77.35,5.75%,5.52%,5663.43,19.79%
489,"CVLG","Covenant Logistics Group Inc","Industrials","Trucking",0.76%,-4.14%,-25.35%,49.53%,52.37%,50.08%,-1.80%,0.40,-2.38%,41.30,2.85%,3.55%,836.37,8.40%
490,"CVLT","Commvault Systems Inc","Technology","Software - Application",2.80%,11.02%,-0.97%,21.43%,-15.57%,124.79%,1.36%,0.44,1.30%,61.38,3.83%,3.80%,6309.11,8.25%
491,"CVRX","CVRx Inc","Healthcare","Medical Devices",-39.96%,-48.34%,-72.91%,-78.10%,-82.15%,-89.37%,-0.31%,0.59,0.32%,22.31,21.87%,10.27%,41.42,11.03%
492,"CVSA","Covista Inc","Consumer Defensive","Education & Training Services",7.21%,-1.30%,-7.06%,21.76%,-15.16%,188.96%,0.12%,0.57,0.40%,51.29,3.02%,2.91%,4288.37,5.86%
493,"CWBC","Community West Bancshares","Financial","Banks - Regional",0.81%,0.58%,-1.76%,18.02%,27.33%,88.33%,0.17%,0.34,0.09%,56.45,2.27%,2.19%,720.44,6.18%
494,"CWCO","Consolidated Water Co Ltd","Utilities","Utilities - Regulated Water",9.48%,4.00%,5.12%,-14.60%,-9.93%,-2.90%,0.60%,0.50,-0.04%,64.85,3.06%,2.24%,482.61,4.15%
495,"CWH","Camping World Holdings Inc","Consumer Cyclical","Auto & Truck Dealerships",-13.64%,-33.56%,-33.26%,-54.11%,-72.81%,-74.76%,-10.34%,3.68,-11.23%,26.55,4.32%,5.54%,461.21,18.93%
496,"CWK","Cushman & Wakefield Ltd","Real Estate","Real Estate Services",0.89%,-11.24%,-13.36%,-26.10%,-24.51%,70.93%,0.80%,2.02,0.38%,37.63,4.31%,3.83%,2808.35,7.05%
497,"CWST","Casella Waste Systems Inc","Industrials","Waste Management",2.11%,-13.17%,-15.85%,-14.93%,-9.22%,8.83%,-0.22%,0.55,0.66%,41.30,4.64%,3.29%,5302.36,8.15%
498,"CWT","California Water Service Group","Utilities","Utilities - Regulated Water",0.31%,-9.36%,-7.83%,5.70%,0.88%,-4.93%,-0.17%,0.37,-0.35%,36.00,2.34%,1.87%,2832.23,3.94%
499,"CXDO","Crexendo Inc","Communication Services","Telecom Services",2.73%,1.69%,-23.51%,-6.96%,-4.90%,205.58%,1.01%,0.55,1.69%,51.32,3.02%,3.33%,200.19,5.18%
500,"CXM","Sprinklr Inc","Technology","Software - Application",4.42%,-16.67%,-4.94%,-33.16%,-33.08%,-62.99%,-0.19%,0.40,0.00%,39.07,4.04%,4.71%,1207.29,11.55%
501,"CXT","Crane NXT Co","Industrials","Business Equipment & Supplies",4.43%,-0.77%,-0.57%,5.39%,-25.37%,-7.76%,2.34%,0.22,1.69%,55.03,3.50%,3.48%,2855.33,16.10%
502,"CXW","CoreCivic Inc","Industrials","Security & Protection Services",5.73%,-0.46%,14.35%,75.33%,69.05%,201.04%,-0.58%,1.09,0.23%,51.59,4.92%,5.14%,3313.48,15.15%
503,"CYH","Community Health Systems Inc","Healthcare","Medical Care Facilities",-3.38%,-4.04%,-26.90%,-10.50%,-10.50%,1.17%,1.91%,0.60,2.66%,42.55,4.26%,3.99%,393.76,12.33%
504,"CYRX","CryoPort Inc","Industrials","Integrated Freight & Logistics",2.78%,12.64%,18.62%,86.08%,84.55%,45.83%,2.49%,0.62,2.49%,69.86,2.92%,3.43%,904.79,5.75%
505,"CYTK","Cytokinetics Inc","Healthcare","Biotechnology",-3.72%,-13.86%,-25.55%,0.25%,11.81%,131.89%,-2.82%,1.12,-2.90%,28.83,3.20%,3.29%,8855.80,13.03%
506,"CZFS","Citizens Financial Services Inc","Financial","Banks - Regional",-0.61%,-4.35%,9.79%,40.21%,40.12%,76.31%,-0.27%,0.72,-1.17%,48.25,2.79%,2.54%,384.55,1.69%
507,"CZNC","Citizens & Northern Corp","Financial","Banks - Regional",-0.35%,-1.39%,9.60%,26.28%,30.82%,40.33%,-0.12%,0.19,-0.62%,48.91,2.31%,1.99%,456.80,2.37%
508,"CZWI","Citizens Community Bancorp Inc MD","Financial","Banks - Regional",1.14%,-2.15%,-8.29%,19.87%,34.51%,130.17%,-0.14%,0.11,0.28%,48.97,1.89%,2.71%,206.13,2.63%
509,"DAKT","Daktronics Inc","Technology","Electronic Components",4.87%,-8.21%,-12.48%,-9.56%,-10.24%,102.26%,-0.28%,0.24,-0.45%,45.72,2.52%,3.11%,859.89,4.70%
510,"DAN","Dana Inc","Consumer Cyclical","Auto Parts",3.66%,-10.81%,10.55%,18.32%,41.06%,108.87%,0.37%,0.25,0.84%,42.71,3.70%,3.31%,3024.40,4.29%
511,"DAVE","Dave Inc","Technology","Software - Application",15.34%,-5.37%,-3.66%,67.06%,81.83%,7124.41%,6.73%,0.52,6.73%,57.03,4.10%,5.25%,4718.14,22.39%
512,"DBD","Diebold Nixdorf Inc","Technology","Software - Application",5.92%,-5.42%,-22.82%,-5.00%,10.80%,256.33%,1.14%,0.36,1.14%,47.42,3.57%,3.01%,2189.38,9.06%
513,"DBI","Designer Brands Inc","Consumer Cyclical","Footwear & Accessories",-4.77%,16.31%,10.11%,-19.38%,66.39%,-50.00%,-1.16%,0.88,-1.16%,49.28,4.91%,5.88%,306.23,15.00%
514,"DC","Dakota Gold Corp","Basic Materials","Gold",-3.79%,-2.85%,41.56%,4.68%,32.42%,137.82%,0.94%,0.50,0.43%,46.47,4.07%,4.76%,797.73,6.81%
515,"DCH","Dauch Corp","Consumer Cyclical","Auto Parts",11.46%,-14.61%,9.96%,-11.14%,-8.43%,-18.05%,1.89%,0.52,1.71%,46.03,5.62%,5.01%,1353.33,8.11%
516,"DCO","Ducommun Inc","Industrials","Aerospace & Defense",3.93%,5.50%,-2.37%,84.68%,85.32%,303.13%,1.02%,0.33,0.17%,53.46,2.37%,3.60%,2652.79,6.08%
517,"DCOM","Dime Commercial Bancshares Inc","Financial","Banks - Regional",0.24%,-3.04%,0.12%,31.89%,31.15%,99.73%,-0.36%,0.43,-0.49%,43.13,2.06%,1.84%,1752.39,9.40%
518,"DCTH","Delcath Systems Inc","Healthcare","Medical Devices",-0.82%,-4.85%,16.67%,55.25%,41.26%,330.77%,3.36%,0.39,3.64%,47.66,2.84%,2.79%,544.08,7.20%
519,"DDD","3D Systems Corp","Technology","Computer Hardware",-0.99%,4.97%,21.43%,96.89%,11.70%,-16.23%,-7.07%,0.85,-7.80%,51.17,4.72%,5.60%,579.03,27.38%
520,"DEA","Easterly Government Properties Inc","Real Estate","REIT - Office",2.00%,-4.42%,-6.87%,9.65%,3.08%,-13.52%,-1.00%,0.55,-0.71%,41.74,2.23%,1.87%,1099.52,4.65%
521,"DEC","Diversified Energy Co","Energy","Oil & Gas Integrated",1.25%,-12.60%,-1.29%,-5.11%,0.29%,-22.81%,2.69%,0.34,2.38%,43.48,2.35%,2.82%,972.38,11.44%
522,"DEI","Douglas Emmett Inc","Real Estate","REIT - Office",0.95%,-13.45%,-19.92%,-11.17%,-36.94%,-15.81%,-0.89%,0.51,-0.59%,31.84,3.05%,2.99%,1635.05,19.07%
523,"DFH","Dream Finders Homes Inc","Consumer Cyclical","Residential Construction",-6.80%,-26.52%,-38.81%,-40.70%,-61.62%,-52.10%,-4.25%,1.01,-5.67%,31.45,6.31%,5.77%,918.02,26.51%
524,"DFIN","Donnelley Financial Solutions Inc","Technology","Software - Application",0.68%,-2.17%,6.56%,2.82%,-9.73%,-12.48%,2.07%,0.39,3.11%,49.89,3.09%,3.08%,1180.24,4.50%
525,"DFTX","Definium Therapeutics Inc","Healthcare","Biotechnology",-4.95%,-3.93%,-17.92%,172.65%,190.66%,1085.30%,-2.52%,0.98,-2.39%,40.48,5.08%,4.99%,4905.36,9.29%
526,"DGICA","Donegal Group Inc","Financial","Insurance - Property & Casualty",1.44%,-5.87%,-4.99%,-8.51%,-5.34%,27.38%,0.22%,0.35,0.05%,43.45,2.12%,2.29%,669.50,5.08%
527,"DGII","Digi International Inc","Technology","Communication Equipment",-4.04%,6.80%,6.98%,73.38%,106.09%,196.44%,-0.66%,0.37,-0.73%,52.68,4.05%,3.49%,2848.30,4.59%
528,"DHC","Diversified Healthcare Trust","Real Estate","REIT - Healthcare Facilities",-4.18%,-0.56%,-17.10%,57.26%,74.14%,305.70%,-1.07%,0.20,-1.33%,36.72,3.13%,2.98%,1846.77,6.17%
529,"DHT","DHT Holdings Inc","Energy","Oil & Gas Midstream",8.48%,17.67%,37.41%,94.58%,100.49%,146.71%,-4.59%,1.77,0.33%,70.85,3.84%,3.69%,3830.65,9.78%
530,"DIBS","1stdibs.com Inc","Communication Services","Internet Content & Information",1.76%,-16.49%,-12.53%,-32.39%,55.17%,9.76%,1.00%,0.68,0.75%,43.40,4.84%,5.72%,136.14,5.52%
531,"DIN","Dine Brands Global Inc","Consumer Cyclical","Restaurants",1.53%,-8.95%,-17.31%,-8.87%,4.42%,-40.98%,-2.72%,0.96,-2.11%,46.59,5.34%,4.50%,370.78,15.41%
532,"DIOD","Diodes Inc","Technology","Semiconductors",6.75%,14.38%,12.35%,108.50%,95.65%,30.04%,-0.43%,0.26,-0.93%,63.90,3.42%,4.13%,4737.56,5.31%
533,"DJCO","Daily Journal Corp","Technology","Software - Application",-0.05%,6.49%,16.69%,35.18%,59.87%,125.21%,1.19%,0.29,0.35%,56.89,3.17%,3.57%,907.72,13.36%
534,"DJT","Trump Media & Technology Group Corp","Communication Services","Internet Content & Information",-4.73%,-8.73%,6.87%,-34.37%,-49.89%,-45.11%,-3.13%,0.81,-2.48%,43.72,4.63%,4.01%,2414.98,9.12%
535,"DK","Delek US Holdings Inc","Energy","Oil & Gas Refining & Marketing",12.20%,4.56%,44.69%,155.23%,135.02%,204.87%,1.97%,0.36,2.04%,57.47,5.36%,5.43%,4635.28,9.12%
536,"DLO","DLocal Limited","Technology","Software - Infrastructure",7.05%,-6.24%,-0.57%,4.63%,5.38%,-17.39%,0.37%,1.27,7.64%,57.54,2.31%,2.64%,4173.84,20.46%
537,"DLX","Deluxe Corp","Industrials","Conglomerates",-3.92%,-5.96%,-5.73%,2.75%,16.83%,24.63%,0.64%,0.65,1.48%,41.44,3.52%,2.55%,1052.17,9.10%
538,"DMAC","DiaMedica Therapeutics Inc","Healthcare","Biotechnology",1.80%,29.12%,6.01%,6.41%,19.80%,266.67%,2.92%,0.74,2.92%,73.26,6.39%,5.72%,456.75,17.95%
539,"DMC","Del Monte Corp","Consumer Defensive","Farm Products",-3.23%,-5.99%,2.31%,-16.73%,-16.12%,14.87%,0.24%,0.51,0.00%,38.38,2.15%,2.47%,1398.83,6.28%
540,"DMRA","Damora Therapeutics Inc","Healthcare","Biotechnology",-1.69%,-27.14%,-32.00%,-11.34%,438.26%,27.28%,-0.92%,0.81,-1.21%,31.51,6.18%,7.58%,1259.41,9.83%
541,"DMRC","Digimarc Corp","Technology","Software - Application",27.24%,13.99%,-5.74%,-4.95%,-35.66%,-80.61%,-2.27%,0.53,-1.97%,58.93,15.97%,9.32%,140.13,12.88%
542,"DNA","Ginkgo Bioworks Holdings Inc","Healthcare","Biotechnology",36.71%,105.76%,53.10%,72.08%,-11.40%,-79.34%,14.13%,5.57,15.79%,80.66,11.47%,9.36%,962.96,14.59%
543,"DNLI","Denali Therapeutics Inc","Healthcare","Biotechnology",-5.34%,-12.89%,-24.52%,20.29%,28.79%,-6.05%,-1.14%,0.58,-0.70%,35.37,3.85%,3.75%,3174.57,11.45%
544,"DNOW","Dnow Inc","Industrials","Industrial Distribution",-0.71%,1.43%,26.58%,20.95%,1.62%,39.59%,2.27%,0.32,1.68%,55.02,2.92%,3.01%,2897.15,5.37%
545,"DNTH","Dianthus Therapeutics Inc","Healthcare","Biotechnology",1.61%,-17.25%,-6.80%,116.56%,155.42%,643.71%,0.91%,0.49,1.17%,32.70,3.57%,4.84%,4991.86,18.98%
546,"DNUT","Krispy Kreme Inc","Consumer Defensive","Grocery Stores",-0.69%,-14.07%,-13.55%,-28.61%,-24.07%,-76.93%,-0.69%,0.63,-0.69%,31.41,3.07%,3.11%,497.95,20.61%
547,"DOLE","Dole plc","Consumer Defensive","Farm Products",-1.07%,-7.61%,-9.57%,-14.33%,-4.52%,11.18%,0.80%,0.28,0.72%,39.36,1.56%,1.97%,1213.01,4.12%
548,"DORM","Dorman Products Inc","Consumer Cyclical","Auto Parts",-0.21%,-4.79%,-11.60%,0.21%,-21.45%,61.60%,1.06%,0.58,0.31%,42.72,2.90%,2.71%,3663.31,6.11%
549,"DOUG","Douglas Elliman Inc","Real Estate","Real Estate Services",4.58%,-12.09%,-17.95%,-32.49%,-44.06%,-25.23%,3.90%,0.60,3.23%,42.77,3.49%,3.69%,145.42,3.02%
550,"DRH","Diamondrock Hospitality Co","Real Estate","REIT - Hotel & Motel",-0.95%,3.81%,6.55%,39.73%,58.77%,60.89%,-0.16%,0.47,-0.40%,54.03,2.30%,2.22%,2569.54,7.03%
551,"DRUG","Bright Minds Biosciences Inc","Healthcare","Biotechnology",-0.63%,-24.53%,-20.58%,-34.22%,-3.61%,3211.94%,1.27%,0.25,1.27%,29.01,5.95%,5.47%,506.37,12.33%
552,"DRVN","Driven Brands Holdings Inc","Consumer Cyclical","Auto & Truck Dealerships",-1.37%,-14.59%,-23.34%,-21.73%,-25.89%,-0.18%,-0.52%,0.54,-0.69%,36.99,3.29%,3.77%,1913.58,17.02%
553,"DSGN","Design Therapeutics Inc","Healthcare","Biotechnology",2.50%,-15.71%,-13.88%,35.06%,107.34%,436.80%,2.28%,0.99,2.66%,43.98,5.12%,5.55%,792.81,15.79%
554,"DSGR","Distribution Solutions Group Inc","Industrials","Industrial Distribution",0.09%,0.86%,30.03%,27.89%,18.15%,20.38%,0.26%,0.86,0.14%,70.91,0.22%,0.21%,1620.32,6.56%
555,"DSP","Viant Technology Inc","Technology","Software - Application",-3.59%,-12.24%,-6.94%,-1.99%,35.79%,115.33%,-3.59%,0.89,-3.59%,44.56,4.31%,5.45%,784.69,8.56%
556,"DTIL","Precision Biosciences Inc","Healthcare","Biotechnology",0.16%,-15.20%,-32.43%,50.24%,14.89%,-33.74%,-1.73%,0.49,-0.95%,36.13,4.43%,5.54%,172.51,9.32%
557,"DUOT","Duos Technologies Group Inc","Technology","Software - Application",2.00%,4.44%,-3.37%,-18.49%,15.93%,100.22%,-0.22%,0.47,0.66%,52.77,4.05%,4.33%,288.60,19.63%
558,"DV","DoubleVerify Holdings Inc","Communication Services","Advertising Agencies",0.64%,1.01%,17.88%,17.88%,19.55%,-51.00%,-0.04%,0.52,-0.04%,66.23,0.22%,0.35%,2090.04,4.77%
559,"DX","Dynex Capital Inc","Real Estate","REIT - Mortgage",-3.66%,-14.93%,-17.12%,-22.09%,-14.26%,-4.53%,-0.55%,1.17,-0.95%,15.17,3.02%,2.17%,2708.74,6.72%
560,"DXC","DXC Technology Co","Technology","Information Technology Services",11.40%,-1.20%,13.48%,-21.30%,-16.45%,-45.72%,4.91%,0.78,3.87%,56.17,4.82%,4.12%,1842.24,15.47%
561,"DXPE","DXP Enterprises Inc","Industrials","Industrial Distribution",1.95%,7.70%,25.67%,77.76%,53.71%,464.86%,0.56%,0.56,0.61%,59.53,3.83%,2.89%,3028.33,2.67%
562,"DYN","Dyne Therapeutics Inc","Healthcare","Biotechnology",-5.72%,-38.26%,-35.35%,-21.24%,17.96%,63.19%,0.62%,1.24,1.35%,23.39,5.08%,5.72%,2876.83,14.87%
563,"EAF","GrafTech International Ltd","Industrials","Electrical Equipment & Parts",-10.37%,41.69%,65.92%,-42.45%,-32.88%,-74.42%,-6.61%,0.63,-5.44%,52.86,11.95%,12.75%,232.92,10.15%
564,"EAT","Brinker International Inc","Consumer Cyclical","Restaurants",-3.94%,-15.03%,10.94%,35.51%,53.63%,536.80%,-3.56%,0.88,-3.72%,39.13,4.46%,4.26%,8145.06,13.43%
565,"EBC","Eastern Bankshares Inc","Financial","Banks - Regional",0.97%,-3.37%,-5.26%,15.76%,17.03%,78.54%,-0.35%,0.52,-0.61%,43.75,1.92%,1.82%,4875.29,7.97%
566,"EBF","Ennis Inc","Industrials","Specialty Business Services",0.38%,5.61%,6.11%,24.90%,23.87%,18.55%,-0.90%,0.53,-0.29%,67.28,1.90%,1.90%,569.09,9.56%
567,"EBMT","Eagle Bancorp Montana Inc","Financial","Banks - Regional",-1.36%,-7.67%,-10.57%,5.88%,24.16%,79.93%,-0.29%,0.17,-0.85%,33.43,2.66%,2.51%,167.83,3.01%
568,"EBS","Emergent Biosolutions Inc","Healthcare","Drug Manufacturers - Specialty & Generic",1.13%,11.36%,-16.31%,-43.87%,-24.18%,133.59%,6.24%,1.12,9.60%,58.83,4.18%,5.21%,355.72,20.30%
569,"ECBK","ECB Bancorp Inc","Financial","Banks - Regional",-1.79%,-3.25%,4.41%,19.90%,31.88%,98.38%,2.21%,0.30,2.06%,52.10,2.80%,2.86%,182.18,1.78%
570,"ECPG","Encore Capital Group Inc","Financial","Credit Services",1.74%,1.28%,8.87%,80.63%,137.64%,101.13%,1.59%,0.21,2.35%,52.39,2.49%,3.22%,2082.12,6.35%
571,"ECVT","Ecovyst Inc","Basic Materials","Specialty Chemicals",2.77%,1.06%,-12.63%,6.05%,19.84%,5.29%,1.96%,0.26,1.96%,50.81,2.52%,2.61%,1129.54,4.92%
572,"EDIT","Editas Medicine Inc","Healthcare","Biotechnology",7.97%,-12.01%,-27.73%,32.20%,-30.87%,-62.20%,3.44%,1.18,3.44%,48.35,5.03%,6.52%,416.20,21.63%
573,"EE","Excelerate Energy Inc","Energy","Oil & Gas Midstream",5.46%,-12.76%,-10.70%,23.47%,33.82%,121.43%,6.23%,0.87,6.43%,46.27,2.75%,3.79%,3927.37,7.83%
574,"EFC","Ellington Financial Inc","Real Estate","REIT - Mortgage",-5.25%,-13.42%,-14.25%,-14.88%,-13.35%,-5.80%,0.08%,1.09,-0.27%,16.60,2.45%,1.86%,1489.79,6.18%
575,"EFOR","Everforth Inc","Technology","Information Technology Services",9.75%,13.20%,96.13%,-25.20%,-25.91%,-54.32%,5.20%,0.68,5.20%,63.73,5.29%,5.30%,1477.23,9.23%
576,"EFSC","Enterprise Financial Services Corp","Financial","Banks - Regional",-0.33%,-6.97%,-7.83%,11.02%,4.26%,58.64%,-0.30%,0.25,-0.22%,37.00,2.23%,1.83%,2169.74,3.91%
577,"EFSI","Eagle Financial Services Inc","Financial","Banks - Regional",-0.52%,10.01%,13.33%,14.76%,22.87%,43.17%,0.37%,0.49,0.35%,58.64,1.58%,2.74%,247.15,3.24%
578,"EGAN","eGain Corp","Technology","Software - Application",4.59%,-16.60%,-6.02%,-42.37%,-40.22%,-7.63%,4.22%,3.66,1.02%,48.15,4.35%,4.73%,155.20,9.74%
579,"EGBN","Eagle Bancorp Inc (MD)","Financial","Banks - Regional",-0.56%,1.91%,5.88%,32.07%,34.97%,39.36%,-0.32%,0.38,-0.32%,53.63,2.73%,2.25%,862.40,10.76%
580,"EGHT","8X8 Inc","Technology","Software - Application",2.25%,18.49%,15.48%,15.48%,10.44%,-6.76%,-0.66%,0.30,-0.22%,63.18,5.37%,5.85%,328.59,2.51%
581,"EGY","VAALCO Energy Inc","Energy","Oil & Gas E&P",1.98%,-2.75%,12.31%,61.37%,46.48%,50.62%,1.80%,0.76,2.51%,49.74,2.27%,2.86%,617.90,7.98%
582,"EIG","Employers Holdings Inc","Financial","Insurance - Specialty",3.36%,-1.05%,-4.36%,14.35%,15.91%,23.32%,-0.29%,0.24,0.48%,56.45,2.23%,2.09%,886.65,5.67%
583,"EIKN","Eikon Therapeutics Inc","Healthcare","Biotechnology",-6.51%,-32.53%,-36.25%,-56.63%,,,-0.34%,0.72,0.89%,32.87,6.37%,8.02%,400.55,21.59%
584,"ELA","Envela Corp","Consumer Cyclical","Luxury Goods",-1.19%,-11.97%,-48.62%,-9.61%,60.84%,176.14%,0.54%,0.37,-0.54%,31.26,3.59%,4.07%,314.03,6.70%
585,"ELDN","Eledon Pharmaceuticals Inc","Healthcare","Biotechnology",-3.98%,-13.48%,-35.50%,67.88%,-10.74%,57.45%,0.20%,0.62,1.81%,35.38,5.30%,5.61%,206.00,10.27%
586,"ELE","Elemental Royalty Corp","Basic Materials","Gold",-8.81%,-17.11%,10.70%,5.80%,3.75%,129.89%,-1.02%,0.65,-1.18%,34.22,4.42%,4.37%,1300.17,17.04%
587,"ELMD","Electromed Inc","Healthcare","Medical Devices",0.32%,2.35%,-38.16%,-2.95%,12.72%,171.73%,0.61%,0.43,0.57%,40.36,3.35%,3.48%,234.20,3.01%
588,"ELMT","Elmet Group Co","Industrials","Aerospace & Defense",14.54%,30.43%,33.19%,18.62%,,,-3.39%,0.83,-3.52%,58.37,8.14%,9.73%,650.35,14.20%
589,"ELTX","Elicio Therapeutics Inc","Healthcare","Biotechnology",-1.09%,-26.81%,-34.65%,-77.01%,-83.43%,-75.57%,-5.19%,0.29,-4.70%,29.32,6.20%,6.57%,48.09,8.80%
590,"ELVN","Enliven Therapeutics Inc","Healthcare","Biotechnology",0.60%,-22.41%,-9.10%,200.55%,136.03%,220.98%,-1.46%,0.38,-1.46%,32.50,3.86%,4.06%,3391.31,14.14%
591,"EMBC","Embecta Corp","Healthcare","Medical Instruments & Supplies",-2.83%,1.26%,70.98%,-51.50%,-59.76%,-57.97%,3.08%,0.48,1.98%,60.34,5.10%,4.84%,326.47,10.67%
592,"ENOV","Enovis Corp","Healthcare","Medical Devices",1.27%,-5.21%,-27.94%,-30.97%,-42.57%,-63.50%,2.77%,0.33,3.49%,40.50,3.61%,5.31%,1060.55,16.86%
593,"ENR","Energizer Holdings Inc","Industrials","Electrical Equipment & Parts",-4.36%,3.23%,3.03%,7.18%,-14.01%,-25.98%,-3.06%,0.41,-3.58%,48.28,3.79%,3.52%,1459.89,12.68%
594,"ENS","Enersys","Industrials","Electrical Equipment & Parts",9.75%,8.52%,-0.33%,33.10%,70.22%,110.87%,-0.14%,0.55,-0.50%,65.75,3.03%,2.48%,7044.49,8.48%
595,"ENTA","Enanta Pharmaceuticals Inc","Healthcare","Biotechnology",1.59%,-8.59%,-10.13%,-18.73%,24.07%,28.29%,-2.32%,0.33,-1.11%,49.70,5.90%,4.41%,373.28,9.37%
596,"ENVA","Enova International Inc","Financial","Credit Services",4.47%,-23.82%,-25.05%,12.99%,56.83%,258.70%,2.59%,0.42,2.74%,37.29,2.95%,3.00%,4422.64,8.65%
597,"ENVX","Enovix Corp","Industrials","Electrical Equipment & Parts",5.62%,-19.93%,-45.87%,-63.08%,-77.36%,-72.93%,-4.65%,0.46,-3.63%,36.64,9.85%,6.42%,592.19,27.89%
598,"EOLS","Evolus Inc","Healthcare","Drug Manufacturers - Specialty & Generic",-7.35%,-18.51%,6.27%,10.90%,13.46%,-14.14%,4.31%,0.63,3.29%,38.55,5.29%,4.63%,487.12,9.56%
599,"EOSE","Eos Energy Enterprises Inc","Industrials","Electrical Equipment & Parts",0.32%,-12.01%,-35.03%,-73.13%,-75.56%,59.58%,-4.06%,0.84,-4.06%,38.00,5.87%,7.72%,1121.57,33.65%
600,"EPAC","Enerpac Tool Group Corp","Industrials","Specialty Industrial Machinery",2.59%,-2.16%,5.34%,-5.48%,-12.49%,33.12%,0.87%,0.25,1.41%,53.31,2.38%,2.42%,1848.28,3.58%
601,"EPC","Edgewell Personal Care Co","Consumer Defensive","Household & Personal Products",-5.86%,-6.55%,0.09%,56.20%,30.30%,-25.19%,-0.96%,0.37,-1.25%,42.99,3.31%,3.28%,1227.47,9.99%
602,"EPM","Evolution Petroleum Corp","Energy","Oil & Gas E&P",4.78%,-2.30%,0.42%,2.12%,-26.37%,-41.69%,0.98%,0.51,0.98%,49.70,2.65%,3.70%,145.23,8.51%
603,"EPRT","Essential Properties Realty Trust Inc","Real Estate","REIT - Retail",-2.09%,-12.97%,-17.36%,-12.85%,-13.49%,20.96%,-0.29%,0.38,-0.20%,22.25,1.53%,2.01%,5636.26,6.59%
604,"EPSN","Epsilon Energy Ltd","Energy","Oil & Gas E&P",1.46%,-3.40%,12.40%,30.33%,17.19%,16.74%,5.72%,0.83,5.35%,53.32,3.19%,3.54%,183.13,9.07%
605,"EQBK","Equity Bancshares Inc","Financial","Banks - Regional",-0.50%,-6.29%,-1.87%,7.03%,18.32%,93.87%,-0.62%,0.47,0.13%,38.79,2.05%,2.19%,984.12,3.02%
606,"ERAS","Erasca Inc","Healthcare","Biotechnology",0.84%,-12.37%,-22.40%,283.01%,488.76%,572.08%,-3.34%,0.52,-3.34%,38.09,5.31%,6.36%,4983.41,13.37%
607,"ERII","Energy Recovery Inc","Industrials","Pollution & Treatment Controls",1.25%,-11.05%,-22.68%,-49.56%,-56.85%,-66.11%,0.80%,0.25,0.51%,36.37,2.12%,2.92%,347.32,6.92%
608,"EROC","ERock Inc","Industrials","Specialty Industrial Machinery",3.20%,4.70%,-7.96%,-39.00%,,,-2.31%,1.16,-3.08%,48.57,7.78%,8.24%,2689.84,32.16%
609,"ESCA","Escalade Inc","Consumer Cyclical","Leisure",-1.14%,-5.64%,4.53%,41.96%,50.43%,20.74%,-1.49%,0.80,-0.57%,41.22,3.34%,2.72%,263.62,3.58%
610,"ESE","Esco Technologies Inc","Technology","Scientific & Technical Instruments",3.37%,0.41%,-17.49%,40.74%,31.98%,159.88%,0.22%,0.38,0.02%,52.89,2.40%,2.78%,7124.61,2.64%
611,"ESNT","Essent Group Ltd","Financial","Insurance - Specialty",-3.07%,-11.69%,-4.81%,-5.41%,0.28%,29.43%,2.23%,0.55,2.11%,36.28,3.77%,2.33%,5526.50,3.33%
612,"ESOA","Energy Services of America Corp","Industrials","Engineering & Construction",-0.81%,-2.21%,-34.32%,35.13%,10.51%,176.69%,0.27%,0.23,0.27%,39.52,2.71%,3.02%,206.00,3.48%
613,"ESP","Espey Manufacturing & Electronics Corp","Industrials","Electrical Equipment & Parts",-4.20%,1.51%,4.91%,34.74%,62.82%,323.53%,-0.59%,1.04,-0.73%,49.11,3.78%,3.64%,190.62,2.59%
614,"ESQ","Esquire Financial Holdings Inc","Financial","Banks - Regional",-0.09%,-1.37%,-0.77%,17.15%,18.52%,163.33%,-0.49%,0.43,-0.29%,49.16,3.04%,2.76%,1447.42,9.70%
615,"ESRT","Empire State Realty Trust Inc","Real Estate","REIT - Diversified",2.30%,-6.03%,-24.62%,-36.30%,-46.55%,-44.67%,0.32%,1.24,-0.40%,42.91,2.84%,3.49%,719.09,8.19%
616,"ESTA","Establishment Labs Holdings Inc","Healthcare","Medical Devices",0.31%,-9.35%,-28.01%,-10.07%,58.20%,57.93%,0.85%,0.46,2.31%,39.54,4.27%,3.99%,1953.28,16.03%
617,"ETD","Ethan Allen Interiors Inc","Consumer Cyclical","Furnishings, Fixtures & Appliances",-0.75%,-3.80%,13.10%,5.97%,-16.31%,-16.26%,0.62%,0.36,-0.09%,48.50,2.32%,2.63%,530.30,13.24%
618,"ETON","Eton Pharmaceuticals Inc","Healthcare","Drug Manufacturers - Specialty & Generic",-5.23%,-6.37%,48.61%,231.67%,181.41%,1302.12%,0.58%,0.47,1.31%,50.02,9.69%,6.06%,1603.08,5.68%
619,"EU","enCore Energy Corp","Energy","Uranium",-14.17%,-18.25%,-18.25%,-58.47%,-68.31%,-66.45%,-0.96%,0.21,0.98%,43.05,8.01%,11.46%,200.11,21.12%
620,"EVC","Entravision Communications Corp","Communication Services","Advertising Agencies",1.10%,-12.48%,-38.15%,151.20%,224.24%,105.59%,0.00%,0.24,-0.27%,32.09,3.89%,4.16%,679.26,12.34%
621,"EVCM","EverCommerce Inc","Technology","Software - Application",15.29%,15.87%,-8.75%,-24.12%,-16.70%,-8.48%,3.01%,0.33,2.78%,56.45,9.70%,8.12%,1623.29,13.86%
622,"EVER","EverQuote Inc","Communication Services","Internet Content & Information",3.28%,-24.14%,-24.02%,-28.89%,-13.79%,152.96%,-0.78%,0.42,-1.54%,35.64,5.09%,5.93%,676.61,25.02%
623,"EVEX","Eve Holding Inc","Industrials","Aerospace & Defense",-15.22%,-24.98%,-33.51%,-57.51%,-63.06%,-78.99%,-2.81%,0.56,-2.56%,26.56,6.53%,5.49%,590.86,13.01%
624,"EVGO","EVgo Inc","Consumer Cyclical","Specialty Retail",0.75%,-6.25%,-25.82%,-53.61%,-72.89%,-55.88%,-2.17%,0.62,-2.17%,46.34,5.56%,6.55%,424.59,30.08%
625,"EVH","Evolent Health Inc","Healthcare","Health Information Services",-2.33%,-16.31%,-34.95%,-10.87%,-56.68%,-86.60%,3.57%,0.25,3.03%,39.23,6.14%,5.37%,403.06,13.74%
626,"EVI","EVI Industries Inc","Industrials","Industrial Distribution",-3.30%,48.27%,20.52%,-21.59%,-34.60%,-20.20%,-0.10%,0.99,0.16%,66.15,5.57%,7.05%,248.82,2.39%
627,"EVLV","Evolv Technologies Holdings Inc","Industrials","Security & Protection Services",-2.69%,-8.95%,-26.30%,-36.80%,-39.34%,1.00%,-0.55%,0.45,-0.98%,29.82,3.72%,3.51%,819.60,6.53%
628,"EVMN","Evommune Inc","Healthcare","Biotechnology",-18.01%,-42.67%,-48.43%,-59.82%,,,0.28%,1.64,-0.59%,18.86,8.48%,7.27%,249.66,13.76%
629,"EVTC","Evertec Inc","Technology","Software - Infrastructure",6.18%,-4.45%,2.13%,0.41%,-10.29%,-22.31%,7.06%,0.68,7.27%,55.80,2.74%,3.06%,1745.38,4.63%
630,"EWTX","Edgewise Therapeutics Inc","Healthcare","Biotechnology",4.28%,-1.09%,-3.80%,67.20%,165.12%,513.78%,-0.14%,0.82,0.22%,46.86,4.27%,4.99%,4506.16,11.65%
631,"EXPO","Exponent Inc","Industrials","Engineering & Construction",6.71%,-1.97%,10.63%,-1.14%,2.34%,-20.91%,2.37%,0.48,2.04%,55.37,4.03%,2.80%,3264.99,6.57%
632,"EXTR","Extreme Networks Inc","Technology","Communication Equipment",11.12%,6.60%,-22.27%,40.15%,15.01%,2.80%,1.46%,0.64,0.93%,57.34,3.39%,3.05%,3084.21,6.03%
633,"EYE","National Vision Holdings Inc","Consumer Cyclical","Specialty Retail",2.79%,-1.78%,-16.23%,-35.82%,-42.60%,9.08%,0.61%,0.45,1.04%,43.29,3.36%,4.34%,1310.18,20.42%
634,"EYPT","EyePoint Inc","Healthcare","Biotechnology",-4.38%,-30.67%,-77.43%,-82.68%,-76.95%,-62.59%,-2.91%,0.45,-2.62%,28.69,7.28%,7.91%,272.86,24.54%
635,"FA","First Advantage Corp","Industrials","Specialty Business Services",-0.16%,-11.61%,-7.38%,27.87%,17.89%,32.34%,3.39%,0.50,2.71%,39.90,4.66%,3.72%,3191.18,13.18%
636,"FBIZ","First Business Financial Services Inc","Financial","Banks - Regional",2.14%,-1.58%,11.94%,30.58%,41.18%,135.40%,-0.14%,0.69,-0.04%,53.09,2.07%,1.84%,593.33,4.01%
637,"FBK","FB Financial Corp","Financial","Banks - Regional",0.97%,-7.40%,-7.31%,-5.42%,-9.31%,80.61%,-1.00%,0.55,-1.21%,38.43,1.72%,1.84%,2637.59,4.45%
638,"FBLA","FB Bancorp Inc","Financial","Banks - Regional",4.35%,8.50%,14.59%,33.58%,42.80%,,1.27%,0.43,1.21%,74.64,1.93%,1.56%,273.75,4.12%
639,"FBNC","First Bancorp","Financial","Banks - Regional",-1.13%,-3.09%,-1.27%,22.77%,19.20%,124.22%,-0.10%,0.39,0.04%,45.23,2.55%,2.16%,2579.89,5.41%
640,"FBP","First Bancorp PR","Financial","Banks - Regional",1.40%,-4.62%,3.10%,30.90%,23.12%,97.20%,0.28%,0.47,0.35%,46.22,2.15%,1.91%,4142.65,4.92%
641,"FBRT","Franklin BSP Realty Trust Inc","Real Estate","REIT - Mortgage",-7.67%,-27.37%,-20.88%,-38.23%,-43.99%,-52.60%,-1.04%,0.42,-1.19%,21.42,5.10%,3.92%,514.48,8.98%
642,"FBYD","Falcon's Beyond Global Inc","Industrials","Conglomerates",1.67%,6.38%,-54.74%,-43.37%,-27.97%,31.44%,0.35%,0.21,-0.76%,54.29,9.62%,10.58%,1030.71,5.76%
643,"FC","Franklin Covey Co","Consumer Defensive","Education & Training Services",2.99%,-5.13%,-19.52%,4.03%,-10.71%,-57.91%,-0.08%,0.26,0.73%,40.75,2.97%,3.51%,197.15,8.65%
644,"FCAP","First Capital Inc","Financial","Banks - Regional",4.36%,-1.70%,2.29%,6.88%,35.81%,132.89%,1.79%,0.64,0.60%,55.44,3.51%,2.98%,211.63,4.47%
645,"FCBC","First Community Bankshares Inc","Financial","Banks - Regional",0.87%,-2.02%,8.39%,46.51%,44.71%,70.30%,0.07%,0.82,-0.10%,53.60,2.42%,2.26%,906.82,4.34%
646,"FCBM","First Carolina Financial Services Inc","Financial","Banks - Regional",-0.32%,-1.10%,-0.79%,-4.91%,,,-0.79%,0.56,-0.47%,45.48,1.88%,2.15%,391.47,0.36%
647,"FCCO","First Community Corp","Financial","Banks - Regional",0.95%,-3.41%,0.43%,10.89%,19.87%,85.76%,0.89%,0.33,0.64%,46.20,3.22%,2.76%,309.06,2.24%
648,"FCEL","Fuelcell Energy Inc","Industrials","Electrical Equipment & Parts",10.38%,21.44%,-31.38%,143.71%,74.49%,-51.33%,-0.97%,0.67,-3.55%,52.19,5.66%,6.92%,1424.38,32.72%
649,"FCF","First Commonwealth Financial Corp","Financial","Banks - Regional",-0.15%,-2.93%,1.33%,21.83%,22.19%,65.25%,0.20%,0.52,-0.10%,42.97,2.07%,1.69%,2075.69,3.91%
650,"FCFS","FirstCash Holdings Inc","Financial","Credit Services",-2.56%,-5.60%,-5.31%,32.63%,39.26%,109.21%,0.75%,0.28,0.49%,43.39,2.43%,2.67%,9168.36,6.19%
651,"FCPT","Four Corners Property Trust Inc","Real Estate","REIT - Retail",-2.77%,-14.01%,-15.27%,-7.11%,-11.71%,-2.26%,-0.37%,0.48,-0.60%,16.47,1.89%,1.89%,2350.98,4.20%
652,"FDBC","Fidelity D&D Bancorp Inc","Financial","Banks - Regional",0.95%,0.62%,7.35%,27.18%,26.89%,23.68%,0.31%,0.42,0.08%,53.66,2.26%,2.33%,321.56,1.11%
653,"FDMT","4D Molecular Therapeutics Inc","Healthcare","Biotechnology",-11.06%,-11.90%,1.01%,72.67%,51.46%,5.28%,-6.57%,2.74,-5.27%,38.59,5.77%,6.22%,715.41,23.82%
654,"FEIM","Frequency Electronics Inc","Technology","Communication Equipment",3.21%,42.16%,36.84%,58.14%,143.88%,1206.28%,-0.68%,1.55,-1.03%,59.08,5.27%,5.74%,959.81,9.90%
655,"FELE","Franklin Electric Co Inc","Industrials","Specialty Industrial Machinery",2.17%,0.43%,-2.99%,4.36%,3.51%,12.00%,1.58%,0.33,1.06%,56.18,2.05%,1.77%,4407.87,1.76%
656,"FENC","Fennec Pharmaceuticals Inc","Healthcare","Biotechnology",-4.66%,-16.81%,-0.57%,35.58%,5.67%,61.11%,2.35%,0.35,2.35%,42.53,5.58%,4.67%,366.11,1.81%
657,"FET","Forum Energy Technologies Inc","Energy","Oil & Gas Equipment & Services",7.61%,9.08%,88.08%,141.68%,245.60%,301.72%,7.24%,1.20,7.41%,71.14,3.50%,3.90%,1024.54,6.26%
658,"FF","Futurefuel Corp","Basic Materials","Specialty Chemicals",1.95%,-2.28%,13.58%,62.36%,31.45%,6.38%,0.37%,0.18,0.37%,46.87,3.02%,3.34%,227.17,4.70%
659,"FFBC","First Financial Bancorp","Financial","Banks - Regional",-0.81%,-3.56%,-7.72%,26.55%,21.45%,59.83%,-0.59%,0.38,-0.65%,43.60,2.07%,1.79%,3323.54,5.90%
660,"FFIN","First Financial Bankshares Inc","Financial","Banks - Regional",-0.28%,-4.14%,-7.82%,6.99%,-4.60%,30.87%,-0.66%,0.46,-0.59%,38.95,2.12%,1.88%,4580.63,6.53%
661,"FG","F&G Annuities & Life Inc","Financial","Insurance - Life",4.91%,-8.85%,-21.31%,-26.52%,-27.18%,-18.04%,2.67%,0.47,3.42%,45.89,3.83%,3.40%,2968.30,3.13%
662,"FGBI","First Guaranty Bancshares Inc","Financial","Banks - Regional",5.10%,1.24%,-13.51%,59.12%,-3.12%,-21.82%,2.70%,3.30,2.83%,53.22,4.32%,4.32%,141.33,4.91%
663,"FHTX","Foghorn Therapeutics Inc","Healthcare","Biotechnology",-41.62%,-57.80%,-65.75%,-61.94%,-55.71%,-51.65%,1.23%,1.64,1.73%,13.59,27.67%,10.88%,122.04,6.37%
664,"FIBK","First Interstate BancSystem Inc","Financial","Banks - Regional",-1.43%,-4.46%,-8.55%,3.50%,12.29%,45.39%,-0.72%,1.24,-0.53%,39.36,2.06%,1.83%,3412.86,12.21%
665,"FIGS","Figs Inc","Consumer Cyclical","Apparel Manufacturing",-0.66%,-10.99%,36.67%,19.10%,90.30%,122.53%,0.30%,0.30,0.07%,50.23,4.55%,5.01%,2247.88,11.08%
666,"FINW","FinWise Bancorp","Financial","Banks - Regional",-1.67%,-20.00%,-20.00%,-37.57%,-39.26%,33.33%,0.45%,0.22,0.27%,20.50,2.89%,3.81%,155.49,1.53%
667,"FIP","FTAI Infrastructure Inc","Industrials","Conglomerates",-6.75%,-20.03%,-38.61%,-41.54%,-46.31%,-6.10%,-0.92%,0.41,0.37%,33.31,8.30%,6.86%,318.50,17.75%
668,"FISI","Financial Institutions Inc","Financial","Banks - Regional",0.48%,-3.49%,3.20%,27.50%,46.70%,131.05%,-0.35%,0.46,-0.60%,44.84,2.14%,1.91%,783.16,3.47%
669,"FIVN","Five9 Inc","Technology","Software - Infrastructure",0.35%,1.99%,39.20%,73.47%,52.54%,-43.52%,1.49%,0.61,1.22%,53.01,5.07%,5.88%,2598.88,12.24%
670,"FIZZ","National Beverage Corp","Consumer Defensive","Beverages - Non-Alcoholic",2.32%,-6.79%,3.06%,4.97%,-11.19%,-22.66%,0.12%,0.47,-0.21%,44.67,2.21%,3.04%,2832.54,17.63%
671,"FJET","Starfighters Space Inc","Industrials","Aerospace & Defense",-14.40%,-43.35%,-65.91%,-86.48%,,,-7.35%,1.89,-8.43%,23.27,7.54%,10.19%,86.62,11.80%
672,"FLG","Flagstar Bank NA","Financial","Banks - Regional",-2.70%,-13.09%,-20.58%,-6.95%,-2.54%,-65.01%,0.30%,0.89,0.13%,20.58,2.70%,2.10%,4862.82,13.26%
673,"FLGT","Fulgent Genetics Inc","Healthcare","Diagnostics & Research",-3.26%,10.08%,2.91%,-17.66%,-5.04%,-19.07%,1.22%,0.41,0.70%,57.28,3.11%,3.16%,595.19,13.16%
674,"FLNC","Fluence Energy Inc","Utilities","Utilities - Renewable",0.13%,-26.37%,-53.64%,-62.03%,-45.54%,-63.58%,-1.18%,0.56,-1.31%,32.61,5.06%,5.54%,1386.32,25.18%
675,"FLNG","Flex Lng Ltd","Energy","Oil & Gas Midstream",2.10%,0.66%,3.54%,26.04%,22.36%,8.75%,0.15%,0.44,0.66%,51.50,2.04%,2.17%,1670.19,13.75%
676,"FLO","Flowers Foods Inc","Consumer Defensive","Packaged Foods",-1.98%,-14.14%,-35.60%,-49.10%,-57.92%,-74.38%,-0.21%,0.74,-0.57%,23.61,3.10%,3.59%,1174.40,23.71%
677,"FLOC","Flowco Holdings Inc","Energy","Oil & Gas Equipment & Services",-1.37%,-12.68%,-2.45%,0.52%,21.37%,,0.76%,0.65,1.41%,38.99,3.84%,3.99%,1691.45,9.70%
678,"FLR","Fluor Corp","Industrials","Engineering & Construction",3.41%,-11.48%,4.71%,28.44%,18.02%,45.22%,1.25%,0.41,2.00%,45.94,4.32%,3.62%,6807.42,7.83%
679,"FLWS","1-800 Flowers.com Inc","Consumer Cyclical","Specialty Retail",-3.41%,-28.77%,-32.36%,-35.11%,-44.32%,-62.28%,-0.39%,0.47,-0.39%,31.10,6.08%,7.65%,163.67,25.51%
680,"FLXS","Flexsteel Industries Inc","Consumer Cyclical","Furnishings, Fixtures & Appliances",-0.82%,8.01%,24.82%,119.83%,92.06%,325.54%,-2.13%,0.33,-2.26%,58.26,3.72%,3.89%,355.21,10.93%
681,"FLY","Firefly Aerospace Inc","Industrials","Aerospace & Defense",-7.65%,5.72%,-13.23%,-0.47%,-18.65%,,-4.44%,0.90,-4.52%,48.03,7.65%,7.22%,3727.27,10.75%
682,"FLYW","Flywire Corp","Technology","Software - Infrastructure",3.41%,-4.33%,-3.56%,26.34%,32.03%,-40.39%,1.88%,0.30,1.76%,53.51,2.76%,2.92%,2176.64,10.39%
683,"FLYX","flyExclusive Inc","Industrials","Airlines",-0.56%,3.65%,-32.80%,-70.24%,-71.95%,-88.40%,-1.36%,0.16,-2.15%,49.08,7.06%,6.87%,124.85,13.65%
684,"FMAO","Farmers & Merchants Bancorp Inc","Financial","Banks - Regional",1.44%,0.78%,17.05%,43.47%,40.18%,100.48%,-0.13%,0.76,-0.07%,58.39,2.86%,2.46%,488.47,2.20%
685,"FMBH","First Mid Bancshares Inc","Financial","Banks - Regional",1.04%,-2.30%,3.69%,27.96%,33.15%,85.31%,0.07%,0.78,-0.15%,49.94,1.93%,1.62%,1327.56,2.30%
686,"FMC","FMC Corp","Basic Materials","Agricultural Inputs",-1.30%,-29.97%,-21.57%,-34.46%,-71.81%,-85.69%,5.70%,1.09,7.70%,37.48,5.26%,5.49%,1413.92,23.22%
687,"FMNB","Farmers National Banc Corp","Financial","Banks - Regional",0.56%,-3.00%,6.93%,15.20%,7.53%,34.13%,0.10%,0.35,0.03%,46.64,2.01%,1.73%,909.16,3.77%
688,"FNKO","Funko Inc","Consumer Cyclical","Leisure",7.97%,3.60%,9.17%,73.38%,80.28%,-16.62%,1.11%,0.34,0.60%,56.31,5.35%,4.87%,330.63,16.73%
689,"FNLC","First Bancorp Inc (ME)","Financial","Banks - Regional",-0.32%,-2.40%,0.97%,29.31%,32.16%,44.26%,-0.38%,2.20,-0.06%,46.69,3.20%,2.73%,385.74,1.63%
690,"FNRN","First Northern Community Bancorp","Financial","Banks - Regional",3.65%,3.06%,0.96%,40.45%,47.86%,118.21%,0.51%,0.35,0.51%,64.64,2.50%,2.14%,292.99,3.67%
691,"FOA","Finance of America Companies Inc","Financial","Credit Services",-1.87%,-23.88%,-50.73%,-45.77%,-41.12%,5.89%,-2.09%,0.42,-2.74%,29.32,5.68%,4.52%,333.44,8.39%
692,"FOR","Forestar Group Inc","Real Estate","Real Estate - Development",-2.37%,-7.27%,-15.07%,4.21%,-5.04%,-2.37%,-0.28%,0.39,-0.32%,35.32,3.49%,2.78%,1309.47,3.95%
693,"FOSL","Fossil Group Inc","Consumer Cyclical","Footwear & Accessories",16.53%,36.75%,70.27%,86.57%,170.85%,294.11%,2.41%,0.97,3.16%,70.33,7.49%,6.83%,414.86,13.03%
694,"FOXF","Fox Factory Holding Corp","Consumer Cyclical","Auto Parts",3.04%,-6.98%,13.59%,12.86%,-24.57%,-79.49%,3.59%,1.16,3.54%,50.84,5.00%,4.08%,811.62,6.94%
695,"FPI","Farmland Partners Inc","Real Estate","REIT - Specialty",5.31%,7.41%,18.06%,16.72%,7.86%,23.94%,0.53%,1.20,0.62%,64.85,3.94%,2.41%,493.46,9.38%
696,"FRAF","Franklin Financial Services Corp","Financial","Banks - Regional",0.49%,-0.22%,2.17%,25.62%,38.81%,120.26%,-0.33%,0.55,-0.16%,52.06,2.58%,2.64%,283.74,5.17%
697,"FRBA","First Bank (NJ)","Financial","Banks - Regional",0.09%,-2.51%,1.23%,7.50%,11.08%,60.28%,-0.48%,0.60,-0.53%,47.71,2.19%,2.11%,438.02,1.81%
698,"FRD","Friedman Industries Inc","Basic Materials","Steel",6.23%,-7.68%,29.28%,104.37%,98.18%,225.62%,1.34%,0.19,1.94%,54.41,4.21%,4.17%,302.03,2.19%
699,"FRME","First Merchants Corp","Financial","Banks - Regional",-0.87%,-4.94%,-6.58%,6.78%,5.37%,42.52%,-0.76%,0.57,-0.32%,40.03,1.78%,1.76%,2513.32,3.86%
700,"FROG","JFrog Ltd","Technology","Software - Application",8.81%,6.64%,0.45%,54.71%,101.02%,299.46%,-0.02%,0.43,1.18%,56.94,5.38%,5.67%,11914.61,6.56%
701,"FRPH","FRP Holdings Inc","Real Estate","Real Estate Services",-3.72%,-9.51%,-17.49%,-10.90%,-16.10%,-25.96%,0.02%,0.50,0.12%,26.83,1.73%,2.12%,389.82,4.34%
702,"FRSH","Freshworks Inc","Technology","Software - Application",3.10%,-3.30%,24.46%,5.46%,14.12%,-31.36%,0.85%,0.19,1.08%,54.92,3.94%,3.64%,3370.73,11.43%
703,"FRST","Primis Financial Corp","Financial","Banks - Regional",0.22%,-3.33%,-1.05%,11.96%,48.19%,95.17%,-0.04%,0.22,-0.29%,44.42,2.21%,2.03%,386.23,3.58%
704,"FSBC","Five Star Bancorp","Financial","Banks - Regional",0.45%,-6.11%,-10.96%,21.79%,35.87%,118.09%,0.06%,0.34,-0.17%,41.36,2.08%,2.16%,1069.18,5.01%
705,"FSBW","FS Bancorp Inc","Financial","Banks - Regional",0.02%,2.46%,3.73%,8.04%,11.09%,53.61%,0.47%,0.30,0.34%,56.72,2.02%,1.87%,349.71,2.27%
706,"FSLY","Fastly Inc","Technology","Software - Application",2.97%,21.50%,38.03%,152.06%,190.60%,62.82%,0.83%,0.33,-0.58%,52.81,5.47%,10.00%,4087.64,14.48%
707,"FSS","Federal Signal Corp","Industrials","Farm & Heavy Construction Machinery",2.79%,0.90%,-6.61%,8.86%,-0.22%,100.23%,2.44%,0.44,1.61%,55.25,3.30%,2.81%,7216.04,6.51%
708,"FSTR","L.B. Foster Co","Industrials","Railroads",-2.67%,-2.02%,-13.38%,35.79%,37.68%,94.03%,-1.81%,2.15,-1.81%,41.83,2.85%,2.55%,384.97,3.11%
709,"FSUN","Firstsun Capital Bancorp","Financial","Banks - Regional",0.62%,-2.77%,2.53%,5.00%,0.37%,36.31%,0.44%,0.25,-0.01%,51.00,2.30%,2.05%,1736.70,4.68%
710,"FTDR","Frontdoor Inc","Consumer Cyclical","Personal Services",6.71%,-5.92%,-0.77%,34.88%,13.23%,165.49%,1.14%,0.52,0.74%,50.74,3.05%,3.10%,5360.93,4.91%
711,"FTK","Flotek Industries Inc","Energy","Oil & Gas Equipment & Services",7.77%,29.06%,36.79%,77.83%,92.46%,620.94%,-2.42%,0.35,-0.97%,59.00,6.44%,5.98%,1109.79,24.96%
712,"FTRE","Fortrea Holdings Inc","Healthcare","Biotechnology",3.50%,11.50%,18.77%,20.35%,119.69%,-24.48%,3.96%,0.79,3.81%,61.92,5.28%,5.29%,1974.38,13.33%
713,"FUBO","fuboTV Inc","Communication Services","Broadcasting",-9.46%,-26.18%,-13.13%,-71.71%,-81.99%,-70.66%,-0.85%,0.50,-1.20%,32.44,5.59%,5.98%,934.32,20.97%
714,"FUL","H.B. Fuller Company","Basic Materials","Specialty Chemicals",2.33%,-5.87%,-12.25%,-15.04%,-14.78%,-27.89%,-0.47%,0.35,0.64%,40.40,2.96%,3.40%,2719.43,5.46%
715,"FULC","Fulcrum Therapeutics Inc","Healthcare","Biotechnology",-0.13%,-3.26%,-1.46%,-67.15%,-59.71%,-12.38%,0.41%,0.54,0.68%,42.00,2.04%,1.71%,283.45,9.76%
716,"FULT","Fulton Financial Corp","Financial","Banks - Regional",-0.76%,-4.50%,-5.92%,17.93%,24.23%,85.48%,-0.24%,0.46,-0.06%,40.06,2.07%,1.80%,4352.07,5.41%
717,"FUN","Six Flags Entertainment Corp","Consumer Cyclical","Leisure",4.59%,-19.69%,-36.84%,-21.32%,-49.48%,-66.87%,4.05%,0.77,4.05%,40.62,7.14%,5.37%,1234.96,21.55%
718,"FUNC","First United Corp","Financial","Banks - Regional",-0.40%,-0.63%,-0.67%,16.63%,20.86%,169.37%,0.26%,0.34,0.10%,49.91,3.41%,3.21%,281.81,1.51%
719,"FVCB","FVCBankcorp Inc","Financial","Banks - Regional",-0.03%,-3.75%,2.80%,27.56%,39.94%,55.10%,-0.15%,0.21,-0.26%,43.64,2.26%,2.13%,320.00,2.47%
720,"FVR","FrontView REIT Inc","Real Estate","REIT - Diversified",-6.53%,-13.86%,-20.35%,11.71%,18.53%,,-0.68%,0.54,-1.15%,28.80,4.00%,3.26%,489.20,2.54%
721,"FWDI","Forward Industries Inc","Financial","Capital Markets",-1.68%,18.49%,83.86%,19.74%,-64.87%,5.39%,-4.75%,1.24,-3.00%,59.46,7.38%,7.93%,603.82,9.81%
722,"FWRD","Forward Air Corp","Industrials","Integrated Freight & Logistics",1.02%,-5.43%,17.75%,-38.30%,-34.17%,-78.15%,-2.87%,0.44,-3.05%,46.45,5.50%,5.43%,521.07,7.67%
723,"FWRG","First Watch Restaurant Group Inc","Consumer Cyclical","Restaurants",2.17%,-11.37%,-19.36%,-31.23%,-36.22%,-40.30%,-2.54%,0.95,-1.89%,40.61,4.42%,4.63%,639.96,10.82%
724,"FXNC","First National Corp (Strasburg, VA)","Financial","Banks - Regional",-0.14%,-3.36%,2.18%,18.62%,33.60%,69.53%,-0.53%,0.36,-0.40%,45.11,3.45%,2.84%,270.73,2.31%
725,"GABC","German American Bancorp Inc","Financial","Banks - Regional",0.14%,-0.74%,3.69%,26.14%,26.30%,82.03%,0.28%,0.42,0.04%,51.47,1.94%,1.75%,1857.14,3.59%
726,"GALT","Galectin Therapeutics Inc","Healthcare","Biotechnology",-5.28%,-14.43%,-19.25%,-10.52%,-14.03%,73.14%,-3.31%,0.59,-4.55%,44.63,5.75%,6.14%,375.41,19.63%
727,"GATX","GATX Corp","Industrials","Rental & Leasing Services",-4.45%,-2.32%,-0.56%,2.12%,-1.51%,63.26%,1.20%,0.38,1.27%,42.98,3.33%,2.46%,6113.96,6.59%
728,"GBCI","Glacier Bancorp Inc","Financial","Banks - Regional",-0.74%,-5.66%,-15.85%,-0.72%,-9.24%,48.86%,-0.42%,0.40,-0.40%,35.41,1.96%,1.94%,5694.82,7.44%
729,"GBFH","GBank Financial Holdings Inc","Financial","Banks - Regional",-6.25%,-10.20%,-42.98%,-47.14%,-55.99%,38.88%,-0.36%,0.21,-0.08%,28.80,3.79%,3.35%,260.06,7.77%
730,"GBX","Greenbrier Cos. Inc","Industrials","Railroads",-2.70%,-4.29%,-10.54%,-12.38%,-11.03%,6.02%,1.00%,0.25,0.92%,35.62,2.86%,2.27%,1267.12,9.94%
731,"GCBC","Greene County Bancorp Inc","Financial","Banks - Regional",0.53%,-1.65%,0.70%,55.15%,56.49%,44.01%,0.47%,0.28,0.67%,48.96,1.95%,2.38%,587.21,2.69%
732,"GCMG","GCM Grosvenor Inc","Financial","Asset Management",1.44%,-1.83%,-1.90%,15.78%,9.40%,70.65%,-1.09%,0.34,0.43%,51.17,3.17%,2.82%,2657.76,2.02%
733,"GCO","Genesco Inc","Consumer Cyclical","Apparel Retail",0.15%,1.46%,4.49%,41.07%,15.70%,22.30%,0.34%,0.26,0.41%,52.72,3.38%,4.04%,378.08,13.73%
734,"GCT","GigaCloud Technology Inc","Technology","Software - Infrastructure",3.64%,7.20%,61.87%,38.84%,94.91%,541.59%,0.34%,0.62,1.46%,60.42,4.74%,4.92%,1947.46,13.00%
735,"GDOT","Green Dot Corp","Financial","Credit Services",1.54%,-6.02%,-6.02%,-2.42%,-4.36%,-6.16%,0.24%,0.45,0.00%,36.11,1.86%,1.94%,712.31,3.04%
736,"GDYN","Grid Dynamics Holdings Inc","Technology","Information Technology Services",3.59%,-4.12%,33.26%,-12.93%,-6.84%,-33.26%,-1.94%,0.29,-1.97%,51.19,4.22%,3.51%,637.85,7.29%
737,"GEF","Greif Inc","Consumer Cyclical","Packaging & Containers",1.21%,-2.84%,12.45%,22.02%,36.33%,25.16%,1.21%,0.54,0.52%,49.09,2.56%,2.36%,4358.86,6.61%
738,"GEMI","Gemini Space Station Inc","Financial","Capital Markets",-9.13%,-2.38%,12.77%,-52.37%,-80.93%,,1.39%,0.65,1.18%,46.75,8.21%,9.36%,612.61,27.82%
739,"GENB","Generate Biomedicines Inc","Healthcare","Biotechnology",-6.41%,-14.60%,-13.96%,-6.97%,,,0.83%,0.92,1.94%,38.63,6.24%,5.86%,1791.15,13.00%
740,"GENC","Gencor Industries Inc","Industrials","Farm & Heavy Construction Machinery",1.59%,-3.01%,15.69%,35.69%,23.58%,25.88%,0.49%,0.87,-0.03%,50.93,2.49%,3.09%,257.76,1.13%
741,"GENI","Genius Sports Limited","Communication Services","Internet Content & Information",0.19%,-19.25%,-4.77%,-44.09%,-48.44%,22.01%,3.03%,0.69,2.35%,45.07,6.23%,6.42%,1710.57,15.62%
742,"GEO","Geo Group Inc","Industrials","Security & Protection Services",6.52%,4.24%,10.89%,99.69%,59.28%,284.13%,-2.16%,1.56,2.65%,56.32,4.18%,4.30%,4236.83,7.65%
743,"GERN","Geron Corp","Healthcare","Biotechnology",-4.74%,-21.14%,-20.08%,-9.79%,-11.79%,-35.63%,-1.42%,0.51,-0.77%,31.20,3.77%,4.76%,765.06,13.05%
744,"GEVO","Gevo Inc","Basic Materials","Specialty Chemicals",-2.61%,-20.43%,-10.62%,-34.75%,-39.02%,24.29%,0.38%,0.67,-0.38%,29.63,4.16%,4.63%,322.64,10.28%
745,"GFF","Griffon Corp","Industrials","Building Products & Equipment",-1.42%,-3.10%,2.57%,28.61%,21.70%,142.06%,0.93%,0.64,0.80%,46.93,2.64%,2.39%,4290.31,4.66%
746,"GHC","Graham Holdings Co","Industrials","Conglomerates",2.05%,3.61%,0.71%,5.90%,0.17%,97.47%,1.60%,0.32,1.20%,55.52,2.11%,2.20%,4926.93,7.20%
747,"GHM","Graham Corp","Industrials","Specialty Industrial Machinery",5.27%,6.83%,-13.47%,42.97%,63.89%,459.60%,0.40%,0.56,0.37%,55.66,3.31%,3.66%,1077.81,8.10%
748,"GIC","Global Industrial Co","Industrials","Industrial Distribution",2.93%,11.21%,32.56%,49.08%,21.47%,27.29%,1.81%,0.55,-0.11%,74.41,2.83%,2.26%,1659.99,4.95%
749,"GIII","G-III Apparel Group Ltd","Consumer Cyclical","Apparel Manufacturing",0.53%,0.17%,-19.59%,-5.82%,-0.78%,15.92%,-1.45%,0.32,-0.35%,34.49,2.52%,2.89%,1169.46,21.96%
750,"GKOS","Glaukos Corp","Healthcare","Medical Devices",3.21%,-9.26%,8.63%,44.93%,87.21%,133.78%,-0.48%,0.40,-0.06%,46.80,4.60%,4.23%,9652.38,7.36%
751,"GLIBA","Liberty Capital Corp","Communication Services","Telecom Services",-0.47%,-12.49%,2.32%,-36.70%,-37.88%,,1.48%,0.23,0.78%,36.42,2.76%,2.87%,934.00,9.37%
752,"GLIBK","Liberty Capital Corp","Communication Services","Telecom Services",0.39%,-10.47%,4.18%,-37.03%,-32.42%,,0.60%,0.23,0.82%,38.87,2.88%,3.04%,934.38,8.89%
753,"GLNG","Golar Lng","Energy","Oil & Gas Midstream",2.40%,-3.90%,-1.06%,34.26%,27.12%,120.77%,1.32%,0.61,1.52%,48.48,2.96%,2.54%,5100.91,10.54%
754,"GLOB","Globant SA","Technology","Information Technology Services",5.46%,-11.68%,12.60%,-45.48%,-40.83%,-81.98%,2.23%,0.22,1.53%,47.12,4.41%,4.40%,1538.77,26.54%
755,"GLRE","Greenlight Capital Re Ltd","Financial","Insurance - Reinsurance",-0.21%,-4.52%,-9.99%,1.37%,17.48%,32.32%,0.34%,0.53,0.20%,40.05,2.27%,2.05%,482.43,3.25%
756,"GLSI","Greenwich LifeSciences Inc","Healthcare","Biotechnology",-7.80%,9.66%,-7.70%,-18.42%,57.10%,101.41%,1.24%,0.62,0.94%,49.22,7.66%,7.42%,251.59,21.32%
757,"GLUE","Monte Rosa Therapeutics Inc","Healthcare","Biotechnology",-11.10%,-27.60%,-57.33%,-33.61%,34.51%,128.81%,-1.35%,0.94,-0.85%,23.18,6.99%,5.43%,888.17,32.02%
758,"GMRS","GMR Solutions Inc","Healthcare","Medical Care Facilities",-1.65%,-26.51%,-33.14%,-27.00%,,,1.86%,0.21,-0.35%,33.13,6.70%,6.27%,532.38,7.17%
759,"GNE","Genie Energy Ltd","Utilities","Utilities - Regulated Electric",1.94%,6.53%,14.30%,18.36%,6.39%,3.89%,-0.24%,1.07,-0.73%,62.50,2.57%,2.16%,429.28,4.45%
760,"GNK","Genco Shipping & Trading Limited","Industrials","Marine Shipping",6.13%,0.84%,9.95%,49.32%,59.81%,92.31%,-0.54%,0.56,-0.54%,57.17,2.88%,2.93%,1199.50,4.08%
761,"GNL","Global Net Lease Inc","Real Estate","REIT - Diversified",-3.24%,-10.13%,-8.42%,-4.48%,0.30%,-4.26%,-0.67%,0.36,-0.43%,17.70,2.19%,1.55%,1900.16,6.07%
762,"GNW","Genworth Financial Inc","Financial","Insurance - Life",3.14%,-6.79%,1.42%,7.14%,8.22%,63.98%,1.63%,0.73,1.31%,47.88,3.44%,2.71%,3655.71,2.64%
763,"GO","Grocery Outlet Holding Corp","Consumer Defensive","Grocery Stores",3.90%,-6.24%,12.95%,14.18%,-29.98%,-59.16%,-1.01%,0.52,-0.75%,53.28,6.16%,4.33%,1142.69,23.29%
764,"GOGO","Gogo Inc","Communication Services","Telecom Services",-5.18%,-20.57%,-40.70%,-54.83%,-75.89%,-81.76%,-0.71%,0.35,-0.24%,29.33,4.39%,5.00%,285.24,17.84%
765,"GOLD","Gold.com Inc","Financial","Capital Markets",-2.00%,3.40%,-1.06%,25.97%,60.71%,50.13%,-0.86%,0.46,-0.70%,42.18,3.16%,4.69%,1224.35,17.66%
766,"GOLF","Acushnet Holdings Corp","Consumer Cyclical","Leisure",-0.05%,-3.28%,-26.91%,4.92%,3.95%,60.93%,0.00%,0.33,0.12%,43.50,2.46%,2.31%,4891.42,10.09%
767,"GOOD","Gladstone Commercial Corp","Real Estate","REIT - Diversified",4.33%,-0.08%,3.83%,21.93%,6.99%,10.91%,0.54%,1.30,0.54%,59.82,2.00%,1.76%,634.59,8.25%
768,"GPGI","GPGI Inc","Industrials","Metal Fabrication",9.15%,-9.06%,-19.81%,-34.16%,-37.68%,156.74%,-1.21%,0.44,-1.59%,50.98,5.26%,5.39%,3680.07,14.39%
769,"GPI","Group 1 Automotive Inc","Consumer Cyclical","Auto & Truck Dealerships",0.50%,-14.38%,-17.89%,-38.11%,-45.65%,-1.22%,-0.40%,0.87,-2.57%,40.58,5.58%,4.44%,2902.23,11.04%
770,"GPOR","Gulfport Energy Corp","Energy","Oil & Gas E&P",4.16%,-12.89%,-4.92%,-23.83%,-14.69%,35.41%,2.46%,0.59,2.60%,44.32,2.55%,2.91%,2801.44,7.44%
771,"GPRE","Green Plains Inc","Basic Materials","Chemicals",3.48%,2.37%,-3.07%,56.28%,58.70%,-45.36%,0.89%,0.21,0.56%,52.89,2.93%,3.59%,1073.51,17.61%
772,"GPRO","GoPro Inc","Technology","Consumer Electronics",1.50%,-2.88%,92.58%,-4.26%,-40.27%,-53.45%,1.12%,0.32,0.00%,58.92,5.58%,10.71%,252.64,25.32%
773,"GRAL","GRAIL Inc","Healthcare","Diagnostics & Research",11.44%,83.33%,114.86%,72.69%,125.50%,,4.31%,1.21,3.17%,83.18,7.75%,7.65%,6601.87,20.39%
774,"GRBK","Green Brick Partners Inc","Consumer Cyclical","Residential Construction",-3.38%,-6.80%,-11.82%,5.28%,-14.73%,63.37%,-0.95%,0.45,-1.04%,39.29,2.70%,2.67%,2837.41,6.29%
775,"GRC","Gorman-Rupp Co","Industrials","Specialty Industrial Machinery",2.43%,3.74%,-2.39%,63.17%,64.06%,140.17%,0.88%,0.38,0.84%,59.43,3.05%,2.71%,2057.67,3.70%
776,"GRDN","Guardian Pharmacy Services Inc","Healthcare","Medical Care Facilities",4.14%,5.72%,6.15%,41.00%,77.22%,,-0.57%,0.17,0.11%,52.51,3.55%,4.26%,2687.26,11.52%
777,"GRND","Grindr Inc","Technology","Software - Application",-14.05%,-14.32%,-13.94%,-0.91%,-5.11%,125.49%,0.28%,0.53,-0.10%,30.95,7.70%,4.36%,2332.12,28.37%
778,"GRNT","Granite Ridge Resources Inc","Energy","Oil & Gas E&P",5.92%,-10.14%,2.35%,-2.87%,-16.39%,-20.88%,1.24%,0.82,2.13%,42.82,3.23%,3.29%,602.12,8.92%
779,"GRPN","Groupon Inc","Communication Services","Internet Content & Information",-2.74%,1.80%,-28.49%,9.03%,-16.38%,32.14%,-0.47%,0.29,-0.57%,44.27,4.99%,5.31%,780.78,39.89%
780,"GSBC","Great Southern Bancorp Inc","Financial","Banks - Regional",1.70%,-0.71%,2.33%,28.84%,29.54%,63.10%,-0.07%,0.60,0.06%,53.23,2.21%,1.89%,864.34,7.86%
781,"GSHD","Goosehead Insurance Inc","Financial","Insurance Brokers",3.36%,-31.60%,-17.48%,-37.70%,-36.45%,-31.18%,0.75%,0.24,0.82%,34.36,5.50%,6.53%,1629.53,9.68%
782,"GSIT","GSI Technology Inc","Technology","Semiconductors",2.12%,4.03%,-13.90%,-10.71%,12.93%,135.96%,-1.16%,0.43,-1.16%,49.56,3.38%,4.53%,213.11,12.57%
783,"GSM","Ferroglobe Plc","Basic Materials","Other Industrial Metals & Mining",8.65%,-4.30%,26.02%,-6.57%,-13.99%,-11.53%,1.76%,0.44,1.76%,57.01,4.56%,4.41%,810.06,4.04%
784,"GT","Goodyear Tire & Rubber Co","Consumer Cyclical","Auto Parts",-6.82%,-23.44%,-33.37%,-46.60%,-39.41%,-59.54%,-3.35%,1.17,-3.35%,29.88,3.70%,4.30%,1346.70,17.70%
785,"GTM","ZoomInfo Technologies Inc","Technology","Software - Application",4.04%,-9.34%,24.92%,-63.27%,-64.17%,-77.39%,1.49%,0.40,0.67%,46.04,5.39%,5.29%,1087.30,15.10%
786,"GTN","Gray Media Inc","Communication Services","Broadcasting",1.85%,-6.12%,19.87%,-3.41%,-17.40%,-24.47%,2.07%,0.60,2.97%,51.38,3.49%,3.65%,488.16,5.52%
787,"GTX","Garrett Motion Inc","Consumer Cyclical","Auto Parts",4.40%,-1.21%,-16.28%,54.89%,100.43%,266.82%,-0.49%,0.35,-0.27%,52.35,2.96%,2.94%,5034.97,3.91%
788,"GTY","Getty Realty Corp","Real Estate","REIT - Retail",-1.49%,-14.16%,-18.98%,2.40%,4.93%,4.55%,-0.44%,0.42,-0.62%,19.33,1.89%,2.09%,1735.74,10.31%
789,"GVA","Granite Construction Inc","Industrials","Engineering & Construction",3.70%,0.48%,-16.67%,4.07%,9.89%,219.20%,0.67%,0.43,0.11%,55.50,2.34%,2.67%,5253.93,8.87%
790,"GWRS","Global Water Resources Inc","Utilities","Utilities - Regulated Water",1.38%,-9.64%,14.65%,-4.62%,-19.72%,-18.83%,-0.37%,0.17,-0.86%,40.93,2.85%,2.64%,232.09,3.28%
791,"GYRE","Gyre Therapeutics Inc","Healthcare","Biotechnology",-2.94%,12.89%,3.71%,2.97%,-1.89%,12.71%,1.68%,0.44,2.25%,55.69,4.42%,4.95%,770.87,7.32%
792,"HAE","Haemonetics Corp","Healthcare","Medical Devices",-0.35%,2.50%,40.79%,31.53%,108.80%,20.43%,1.09%,0.35,0.71%,57.01,2.15%,2.39%,4796.46,7.67%
793,"HAFC","Hanmi Financial Corp","Financial","Banks - Regional",0.53%,-0.22%,-1.25%,17.53%,28.31%,98.55%,0.22%,0.38,0.31%,51.23,2.30%,1.85%,941.91,4.33%
794,"HAPN","Happen Inc","Financial","Banks - Regional",4.23%,-11.66%,-20.31%,-18.00%,5.22%,170.57%,0.33%,0.33,0.98%,38.61,3.71%,3.13%,1792.36,5.68%
795,"HASI","HA Sustainable Infrastructure Capital Inc","Financial","Asset Management",0.86%,-8.23%,-2.90%,16.32%,19.28%,154.60%,0.52%,0.62,0.80%,43.28,2.25%,2.46%,4697.80,11.17%
796,"HAWK","HawkEye 360 Inc","Industrials","Aerospace & Defense",-9.61%,-19.06%,-29.34%,-58.52%,,,-5.15%,0.94,-5.34%,25.28,3.71%,4.83%,1373.40,5.87%
797,"HBB","Hamilton Beach Brands Holding Co","Consumer Cyclical","Furnishings, Fixtures & Appliances",-2.29%,16.08%,72.16%,123.34%,146.91%,209.00%,-2.80%,0.70,-3.29%,63.09,5.46%,4.89%,493.87,6.56%
798,"HBCP","Home Bancorp Inc","Financial","Banks - Regional",0.85%,-3.26%,-1.34%,17.01%,24.09%,109.51%,0.15%,1.25,0.15%,45.17,2.25%,1.90%,532.29,4.62%
799,"HBNC","Horizon Bancorp Inc (IN)","Financial","Banks - Regional",1.50%,-1.75%,-1.60%,13.94%,21.69%,88.54%,0.03%,0.75,-0.80%,47.74,2.20%,1.87%,992.23,4.03%
800,"HBT","HBT Financial Inc","Financial","Banks - Regional",1.56%,0.28%,13.12%,41.04%,46.07%,100.11%,0.66%,0.33,0.33%,57.06,2.17%,1.87%,1325.89,5.95%
801,"HCC","Warrior Met Coal Inc","Basic Materials","Coking Coal",0.69%,-10.55%,18.83%,4.77%,43.96%,87.67%,2.78%,0.43,3.39%,48.26,3.77%,3.93%,4877.86,7.37%
802,"HCI","HCI Group Inc","Financial","Insurance - Property & Casualty",6.36%,-1.83%,3.34%,-2.74%,-3.64%,244.56%,1.03%,0.35,1.19%,57.69,2.80%,2.37%,2319.10,5.41%
803,"HCKT","Hackett Group Inc","Technology","Information Technology Services",9.90%,-3.00%,0.07%,-45.25%,-43.67%,-54.59%,-0.02%,0.33,-0.30%,52.06,4.43%,3.83%,267.38,5.70%
804,"HCSG","Healthcare Services Group Inc","Healthcare","Medical Care Facilities",1.95%,-2.42%,-13.14%,10.80%,29.97%,105.28%,1.80%,0.57,1.51%,45.35,2.16%,2.34%,1453.97,4.49%
805,"HDSN","Hudson Technologies Inc","Basic Materials","Specialty Chemicals",1.67%,-1.24%,-18.09%,-24.31%,-45.13%,-60.99%,-0.67%,0.49,-0.86%,44.41,2.07%,2.52%,218.23,7.82%
806,"HE","Hawaiian Electric Industries Inc","Utilities","Utilities - Regulated Electric",-0.71%,-19.87%,-33.44%,-27.75%,-20.37%,-24.18%,-0.15%,0.63,-0.15%,16.79,2.86%,2.89%,1534.91,10.92%
807,"HELE","Helen of Troy Ltd","Consumer Defensive","Household & Personal Products",-10.01%,-6.88%,-6.42%,23.48%,-0.76%,-75.52%,-1.35%,0.50,-1.87%,39.29,5.02%,4.38%,611.18,12.99%
808,"HFWA","Heritage Financial Corp","Financial","Banks - Regional",-0.30%,-3.95%,-4.64%,18.71%,15.35%,69.13%,-0.09%,0.55,-0.23%,44.81,2.41%,1.91%,1148.70,7.51%
809,"HG","Hamilton Insurance Group Ltd","Financial","Insurance - Reinsurance",3.52%,-4.74%,1.24%,31.94%,49.82%,,1.03%,0.28,0.79%,51.43,3.04%,2.35%,3392.34,2.09%
810,"HGV","Hilton Grand Vacations Inc","Consumer Cyclical","Resorts & Casinos",-4.77%,-18.24%,-33.19%,-23.52%,-21.74%,-9.48%,-3.04%,0.45,-1.82%,24.09,3.29%,3.41%,2660.11,11.91%
811,"HIFS","Hingham Institution For Savings","Financial","Banks - Regional",-2.93%,-3.37%,-2.28%,1.40%,3.06%,65.24%,-0.88%,0.87,-0.20%,41.59,3.30%,3.09%,626.18,16.61%
812,"HIMS","Hims & Hers Health Inc","Healthcare","Drug Manufacturers - Specialty & Generic",2.70%,6.24%,-18.28%,-8.97%,-43.74%,368.41%,2.20%,0.51,1.92%,52.03,5.42%,5.25%,6896.02,24.98%
813,"HIPO","Hippo Holdings Inc","Financial","Insurance - Property & Casualty",4.17%,-6.01%,13.07%,6.83%,-11.81%,365.73%,-0.32%,0.19,-0.32%,53.96,3.05%,2.98%,848.03,4.35%
814,"HIW","Highwoods Properties Inc","Real Estate","REIT - Office",0.76%,-4.44%,-7.66%,14.77%,-8.65%,52.20%,-0.19%,0.33,-0.13%,43.61,2.84%,2.41%,3268.70,11.27%
815,"HLF","Herbalife Ltd","Consumer Defensive","Packaged Foods",-1.11%,2.38%,-5.18%,-3.34%,43.88%,-0.88%,-0.80%,0.34,-0.80%,53.69,3.01%,3.64%,1305.85,8.86%
816,"HLIO","Helios Technologies Inc","Industrials","Specialty Industrial Machinery",3.95%,-0.66%,-10.47%,33.92%,35.75%,32.31%,-1.17%,0.27,-0.10%,53.38,3.39%,2.98%,2360.41,3.11%
817,"HLIT","Harmonic Inc","Technology","Communication Equipment",5.81%,-3.53%,-16.64%,13.20%,4.72%,22.48%,0.13%,0.56,0.22%,47.69,3.38%,3.48%,1221.00,5.89%
818,"HLLY","Holley Inc","Consumer Cyclical","Auto Parts",-3.31%,-24.52%,-4.88%,-43.34%,-23.03%,-50.63%,-0.43%,0.35,0.00%,35.08,4.60%,5.16%,281.13,4.36%
819,"HLMN","Hillman Solutions Corp","Industrials","Tools & Accessories",-0.65%,-8.02%,-9.20%,-18.43%,-23.30%,-11.59%,0.94%,0.42,0.34%,40.02,3.56%,3.20%,1374.25,3.07%
820,"HMH","HMH Holding Inc","Energy","Oil & Gas Equipment & Services",0.18%,-3.52%,3.23%,2.19%,,,5.49%,0.62,5.49%,52.34,5.85%,4.93%,851.65,7.34%
821,"HMN","Horace Mann Educators Corp","Financial","Insurance - Property & Casualty",1.77%,-11.87%,-15.01%,-0.90%,3.05%,55.24%,0.98%,0.31,1.11%,35.69,1.91%,2.04%,1853.51,2.78%
822,"HNGE","Hinge Health Inc","Healthcare","Health Information Services",6.96%,8.95%,10.74%,112.89%,92.80%,,-0.11%,0.59,1.25%,62.95,3.77%,4.32%,7979.66,9.09%
823,"HNI","HNI Corp","Consumer Cyclical","Furnishings, Fixtures & Appliances",1.51%,-1.37%,18.09%,13.15%,1.34%,36.10%,2.12%,0.49,1.60%,53.75,3.24%,2.73%,3433.53,5.99%
824,"HNRG","Hallador Energy Co","Utilities","Utilities - Independent Power Producers",-3.89%,-14.15%,-10.95%,-27.36%,-28.27%,1.47%,2.75%,0.58,2.52%,37.28,4.69%,4.24%,651.98,10.84%
825,"HNST","Honest Company Inc","Consumer Defensive","Household & Personal Products",-2.49%,-11.66%,31.17%,100.31%,40.82%,341.71%,0.74%,0.32,0.16%,47.30,3.39%,3.90%,554.45,11.75%
826,"HNVR","Hanover Bancorp Inc","Financial","Banks - Regional",-0.43%,-4.47%,10.72%,10.86%,16.35%,43.69%,-0.27%,0.85,-0.08%,42.51,3.09%,2.75%,180.76,1.57%
827,"HOG","Harley-Davidson Inc","Consumer Cyclical","Recreational Vehicles",9.51%,-2.37%,4.35%,31.84%,-4.78%,-10.04%,4.63%,1.10,10.04%,56.27,3.28%,3.54%,2811.52,18.00%
828,"HOMB","Home Bancshares Inc","Financial","Banks - Regional",-0.52%,-4.30%,0.18%,3.35%,2.17%,34.67%,0.14%,0.39,0.14%,39.65,2.04%,1.65%,5743.58,5.31%
829,"HOPE","Hope Bancorp Inc","Financial","Banks - Regional",0.26%,-2.32%,2.43%,24.77%,26.86%,56.11%,0.11%,0.59,-0.04%,46.97,2.47%,1.97%,1746.87,5.52%
830,"HOS","Hornbeck Offshore Services Inc","Industrials","Marine Shipping",0.19%,-15.28%,-8.46%,26.87%,19.27%,-20.13%,4.33%,1.07,4.81%,36.71,5.77%,4.63%,1767.36,5.88%
831,"HOV","Hovnanian Enterprises Inc","Consumer Cyclical","Residential Construction",-1.16%,-7.47%,-11.75%,14.99%,-14.51%,31.29%,-2.64%,0.57,-3.48%,42.17,4.55%,3.72%,652.94,10.09%
832,"HP","Helmerich & Payne Inc","Energy","Oil & Gas Drilling",7.74%,-10.33%,26.83%,40.76%,75.14%,7.59%,5.02%,0.52,4.69%,50.47,3.71%,3.62%,4034.54,7.61%
833,"HPK","HighPeak Energy Inc","Energy","Oil & Gas E&P",8.18%,-0.95%,24.03%,73.23%,13.88%,-44.37%,4.73%,0.57,4.60%,54.41,5.21%,5.57%,1038.30,35.32%
834,"HPP","Hudson Pacific Properties Inc","Real Estate","REIT - Office",-2.85%,-12.30%,-30.34%,3.16%,-41.32%,-73.42%,-1.56%,0.23,-2.68%,35.45,4.22%,4.89%,619.84,12.71%
835,"HQI","HireQuest Inc","Industrials","Staffing & Employment Services",-3.19%,14.92%,57.20%,81.73%,104.50%,25.33%,1.65%,0.81,1.54%,61.83,6.54%,5.07%,265.49,3.89%
836,"HQY","Healthequity Inc","Healthcare","Health Information Services",2.75%,-8.01%,-6.30%,-0.81%,2.57%,25.08%,0.54%,0.51,0.92%,42.35,2.69%,2.56%,7516.24,5.96%
837,"HRI","Herc Holdings Inc","Industrials","Rental & Leasing Services",2.72%,-1.00%,3.72%,-7.30%,7.30%,29.47%,-1.42%,0.37,-0.60%,47.42,6.68%,5.50%,4598.33,7.44%
838,"HRMY","Harmony Biosciences Holdings Inc","Healthcare","Biotechnology",1.60%,-2.89%,6.25%,8.63%,49.01%,26.09%,2.19%,0.35,2.55%,51.77,3.55%,3.17%,2367.31,9.22%
839,"HROW","Harrow Inc","Healthcare","Drug Manufacturers - Specialty & Generic",-2.69%,-19.63%,-33.37%,-37.24%,-32.31%,117.31%,-0.16%,0.62,0.89%,28.47,4.06%,3.88%,1152.75,23.55%
840,"HRTG","Heritage Insurance Holdings Inc","Financial","Insurance - Property & Casualty",2.34%,-2.58%,25.14%,16.33%,37.81%,501.39%,0.11%,0.24,0.14%,54.18,1.93%,2.55%,1012.04,3.57%
841,"HRTX","Heron Therapeutics Inc","Healthcare","Biotechnology",24.78%,10.33%,-14.47%,-71.99%,-72.42%,-63.95%,1.42%,0.83,4.75%,61.05,13.23%,8.51%,69.12,23.08%
842,"HSHP","Himalaya Shipping Ltd","Industrials","Marine Shipping",3.84%,1.68%,26.28%,117.59%,149.36%,331.54%,-0.64%,1.09,-0.96%,55.97,3.03%,3.21%,848.82,4.51%
843,"HSTM","Healthstream Inc","Healthcare","Health Information Services",7.30%,5.13%,9.90%,35.53%,14.28%,40.65%,1.22%,0.40,1.45%,73.08,2.44%,2.42%,956.63,6.02%
844,"HTB","HomeTrust Bancshares Inc","Financial","Banks - Regional",2.45%,-0.95%,-4.87%,8.56%,14.53%,126.62%,-0.10%,0.35,0.05%,47.86,1.93%,2.02%,778.16,7.60%
845,"HTFL","Heartflow Inc","Healthcare","Health Information Services",2.24%,2.68%,87.03%,75.09%,35.60%,,3.51%,0.42,3.49%,63.13,4.37%,4.98%,4438.11,8.68%
846,"HTH","Hilltop Holdings Inc","Financial","Financial Conglomerates",0.82%,-1.20%,-0.12%,13.24%,15.97%,34.81%,0.30%,0.42,-0.04%,49.96,1.95%,1.65%,2201.70,6.68%
847,"HTLD","Heartland Express Inc","Industrials","Trucking",2.71%,-4.94%,-21.09%,30.12%,34.59%,-18.80%,-0.76%,0.33,-1.26%,44.84,2.49%,3.14%,908.66,7.50%
848,"HTO","H2O America","Utilities","Utilities - Regulated Water",-4.62%,-9.33%,-5.24%,19.49%,24.20%,-2.05%,-3.04%,0.75,-2.65%,24.68,2.23%,2.06%,2450.14,13.22%
849,"HTZ","Hertz Global Holdings Inc","Industrials","Rental & Leasing Services",5.92%,-21.15%,-14.76%,-65.18%,-71.36%,-83.46%,0.11%,0.46,1.70%,42.23,5.54%,5.25%,638.04,33.97%
850,"HUBG","Hub Group Inc","Industrials","Integrated Freight & Logistics",-3.71%,-20.36%,-36.85%,-31.71%,-14.81%,-26.19%,-4.12%,0.29,-2.25%,24.21,3.53%,4.33%,1779.57,6.11%
851,"HUCK","Huckleberry.ai Inc","Technology","Software - Application",-3.96%,-16.12%,-11.94%,-62.29%,-79.11%,-65.48%,-0.97%,0.37,-0.66%,26.00,5.07%,4.76%,149.53,18.61%
852,"HUN","Huntsman Corp","Basic Materials","Chemicals",1.91%,-6.44%,-19.83%,-12.05%,-5.53%,-62.01%,2.87%,0.46,3.11%,42.05,3.90%,3.56%,1542.46,7.88%
853,"HURN","Huron Consulting Group Inc","Industrials","Consulting Services",1.29%,0.98%,50.72%,-7.67%,6.21%,58.50%,-1.86%,0.49,-1.54%,54.32,2.97%,3.24%,2540.09,4.82%
854,"HUT","Hut 8 Corp","Financial","Capital Markets",-4.88%,0.11%,-8.84%,91.97%,119.93%,843.21%,-2.01%,0.68,-1.61%,45.64,6.40%,7.64%,10870.26,14.83%
855,"HVT","Haverty Furniture Cos. Inc","Consumer Cyclical","Home Improvement Retail",0.17%,0.93%,10.98%,19.34%,29.72%,4.20%,1.41%,0.47,1.37%,53.85,2.10%,2.21%,435.93,4.72%
856,"HWBK","Hawthorn Bancshares Inc","Financial","Banks - Regional",0.27%,-2.36%,2.56%,10.79%,27.25%,138.26%,-0.25%,0.67,0.04%,48.78,2.49%,3.06%,266.67,2.42%
857,"HWC","Hancock Whitney Corp","Financial","Banks - Regional",0.80%,-2.90%,-2.37%,15.28%,17.46%,107.14%,0.84%,0.47,0.44%,46.16,1.85%,1.84%,5889.17,7.85%
858,"HWKN","Hawkins Inc","Basic Materials","Specialty Chemicals",3.54%,2.34%,-2.86%,-6.83%,-27.62%,123.32%,1.25%,0.46,0.72%,62.50,2.48%,3.09%,2763.03,6.61%
859,"HY","Hyster Yale Inc","Industrials","Farm & Heavy Construction Machinery",0.53%,-6.10%,1.17%,7.84%,-12.75%,-25.78%,3.02%,0.39,2.59%,46.08,4.14%,3.77%,574.49,7.43%
860,"HYMC","Hycroft Mining Holding Corp","Basic Materials","Gold",-4.51%,-19.68%,-13.79%,-21.26%,199.93%,589.85%,-0.61%,0.76,0.03%,36.94,5.22%,5.89%,1743.94,26.37%
861,"HYPR","Hyperfine Inc","Healthcare","Medical Devices",3.24%,3.11%,-29.26%,-11.88%,-41.69%,-54.58%,-6.19%,1.53,-3.45%,54.77,9.26%,5.71%,91.52,4.99%
862,"HZO","Marinemax Inc","Consumer Cyclical","Specialty Retail",-0.02%,0.38%,47.12%,116.10%,86.07%,67.77%,0.13%,1.47,0.02%,72.89,0.21%,0.25%,1156.46,11.91%
863,"IA","Innovative Solutions And Support Inc","Industrials","Aerospace & Defense",1.78%,4.83%,5.17%,1.56%,59.50%,157.86%,1.46%,0.33,1.30%,53.49,2.95%,3.88%,344.32,4.81%
864,"IART","Integra Lifesciences Holdings Corp","Healthcare","Medical Devices",-18.78%,-19.62%,-24.31%,6.40%,-10.71%,-64.98%,4.88%,1.25,4.22%,31.39,5.28%,4.50%,1027.77,10.23%
865,"IBCP","Independent Bank Corp (Ionia, MI)","Financial","Banks - Regional",1.04%,-2.84%,0.56%,10.54%,16.49%,98.89%,-0.80%,0.47,-1.13%,46.51,2.01%,1.74%,798.29,3.59%
866,"IBEX","IBEX Ltd","Technology","Information Technology Services",-2.03%,10.20%,30.70%,13.75%,14.53%,176.10%,-1.05%,0.30,-0.34%,63.92,3.30%,4.64%,576.69,3.52%
867,"IBOC","International Bancshares Corp","Financial","Banks - Regional",0.33%,-2.49%,-8.19%,5.00%,1.59%,60.48%,0.52%,0.31,-0.11%,44.55,1.56%,1.52%,4338.49,3.88%
868,"IBP","Installed Building Products Inc","Consumer Cyclical","Residential Construction",-1.97%,-19.13%,-13.48%,-25.40%,-20.18%,63.97%,1.48%,0.49,-0.40%,34.30,4.19%,4.52%,5109.31,11.02%
869,"IBRX","ImmunityBio Inc","Healthcare","Biotechnology",20.83%,25.70%,17.52%,419.95%,305.31%,595.61%,-3.51%,1.85,0.10%,70.32,8.46%,6.75%,10911.02,31.27%
870,"IBTA","Ibotta Inc","Technology","Software - Application",2.88%,10.40%,23.16%,81.36%,37.78%,,-1.85%,0.30,-0.93%,58.01,5.49%,4.49%,955.38,38.30%
871,"ICFI","ICF International Inc","Industrials","Consulting Services",-0.17%,-7.93%,7.64%,-2.86%,-11.98%,-33.01%,-1.86%,0.25,1.23%,42.50,2.80%,2.67%,1486.05,3.48%
872,"ICHR","Ichor Holdings Ltd","Technology","Semiconductor Equipment & Materials",7.56%,21.00%,-24.82%,246.77%,209.04%,114.82%,2.09%,0.49,1.57%,60.05,5.09%,4.53%,2393.70,7.62%
873,"ICUI","ICU Medical Inc","Healthcare","Medical Instruments & Supplies",-0.90%,-2.25%,4.62%,13.93%,33.16%,38.93%,2.01%,0.28,1.99%,49.29,2.52%,2.90%,4064.89,6.17%
874,"IDCC","Interdigital Inc","Technology","Software - Application",4.91%,2.17%,24.34%,7.80%,1.21%,330.30%,2.42%,0.42,2.41%,57.75,3.82%,3.30%,8856.88,11.55%
875,"IDN","Intellicheck Inc","Technology","Software - Application",-2.35%,-20.66%,-46.36%,-65.79%,-56.31%,4.34%,-2.35%,0.28,0.66%,28.47,2.92%,3.81%,46.31,5.67%
876,"IDR","Idaho Strategic Resources Inc","Basic Materials","Gold",-3.90%,-12.00%,-11.75%,-31.42%,-21.10%,489.33%,-0.33%,0.84,-0.00%,39.02,4.96%,4.57%,437.43,10.14%
877,"IDT","IDT Corp","Communication Services","Telecom Services",16.23%,17.63%,32.37%,57.88%,63.14%,199.56%,1.56%,0.71,2.37%,78.12,6.78%,3.80%,2145.46,2.75%
878,"IDYA","Ideaya Biosciences Inc","Healthcare","Biotechnology",-0.89%,-5.23%,-6.49%,9.57%,37.05%,43.10%,0.82%,0.44,1.39%,48.63,4.72%,3.61%,3654.97,11.03%
879,"IE","Ivanhoe Electric Inc","Basic Materials","Copper",-1.83%,6.26%,14.28%,-34.64%,-16.04%,-2.38%,-0.52%,0.62,0.05%,52.05,7.06%,6.75%,1666.92,9.30%
880,"IHRT","iHeartMedia Inc","Communication Services","Broadcasting",-8.56%,-28.52%,-49.63%,-51.20%,-28.77%,-28.77%,4.64%,1.24,4.64%,27.16,6.73%,5.54%,359.69,5.31%
881,"III","Information Services Group Inc","Technology","Information Technology Services",9.50%,14.62%,44.83%,1.73%,1.91%,30.67%,4.26%,1.50,3.16%,75.56,3.76%,2.97%,284.67,1.76%
882,"IIIN","Insteel Industries Inc","Industrials","Metal Fabrication",1.41%,-4.34%,1.79%,-6.21%,-20.97%,4.17%,0.18%,0.17,0.48%,46.91,2.11%,2.18%,574.98,4.43%
883,"IIIV","i3 Verticals Inc","Technology","Software - Infrastructure",1.95%,-11.18%,-31.35%,-41.68%,-55.54%,-24.62%,3.02%,0.42,2.88%,42.10,4.87%,4.64%,386.70,20.45%
884,"IIPR","Innovative Industrial Properties Inc","Real Estate","REIT - Industrial",-7.90%,-10.48%,-17.73%,7.37%,-9.94%,-29.52%,0.77%,0.65,0.65%,25.80,2.68%,2.08%,1402.00,13.94%
885,"IKT","Inhibikase Therapeutics Inc","Healthcare","Biotechnology",-2.20%,-20.44%,-2.20%,-2.20%,20.78%,122.78%,0.25%,0.36,0.25%,36.20,5.22%,4.61%,279.77,17.09%
886,"ILPT","Industrial Logistics Properties Trust","Real Estate","REIT - Industrial",-1.99%,-13.53%,-17.34%,28.61%,27.46%,179.41%,0.21%,0.34,0.64%,29.50,2.81%,2.51%,475.56,1.75%
887,"IMAX","Imax Corp","Communication Services","Entertainment",-7.00%,0.54%,39.28%,41.23%,54.90%,174.16%,-1.51%,0.29,-0.99%,46.93,3.79%,3.50%,2862.78,14.86%
888,"IMKTA","Ingles Markets Inc","Consumer Defensive","Grocery Stores",1.55%,4.57%,-6.22%,26.05%,19.48%,8.15%,-0.05%,0.56,-0.28%,61.42,2.31%,2.03%,1606.07,7.90%
889,"IMMR","Immersion Corp","Technology","Software - Application",1.03%,-3.11%,12.69%,7.72%,4.05%,13.02%,-1.41%,0.32,-0.88%,48.87,1.90%,2.46%,243.23,8.23%
890,"IMMX","Immix Biopharma Inc","Healthcare","Biotechnology",-12.21%,-27.19%,-16.23%,92.52%,388.79%,168.51%,3.80%,0.64,4.02%,35.91,10.44%,7.61%,834.75,16.34%
891,"IMNM","Immunome Inc","Healthcare","Biotechnology",-1.57%,-21.43%,-12.51%,-0.65%,72.37%,184.15%,2.45%,0.49,2.11%,34.84,3.88%,4.66%,2423.74,15.77%
892,"IMRX","Immuneering Corp","Healthcare","Biotechnology",-1.08%,-18.35%,-19.31%,-37.46%,-31.98%,-44.84%,0.61%,0.42,1.11%,35.93,3.18%,4.27%,266.23,27.95%
893,"IMVT","Immunovant Inc","Healthcare","Biotechnology",-0.03%,-14.42%,-16.49%,31.71%,98.11%,-8.55%,-1.50%,0.33,-0.42%,28.09,3.40%,3.66%,6915.38,20.34%
894,"IMXI","International Money Express Inc","Technology","Software - Infrastructure",1.29%,-18.40%,-19.12%,-23.18%,-16.01%,-28.27%,3.06%,1.00,2.52%,40.22,3.22%,3.78%,356.50,7.21%
895,"INBK","First Internet Bancorp","Financial","Banks - Regional",3.34%,-5.51%,-0.51%,29.53%,20.68%,59.86%,-1.99%,0.36,-2.13%,46.78,3.24%,3.60%,236.09,2.81%
896,"INBX","Inhibrx Biosciences Inc","Healthcare","Biotechnology",-3.51%,-19.72%,-2.59%,24.23%,175.30%,,0.37%,0.32,1.19%,41.54,5.43%,7.09%,1444.47,30.93%
897,"INDB","Independent Bank Corp","Financial","Banks - Regional",0.47%,-3.58%,-5.32%,9.35%,15.06%,64.56%,-0.20%,0.37,-0.19%,43.94,2.16%,1.85%,3779.43,4.72%
898,"INDI","Indie Semiconductor Inc","Technology","Semiconductors",-0.17%,-16.57%,-29.73%,-17.99%,-32.36%,-48.21%,-2.53%,0.32,-2.53%,36.81,4.29%,4.95%,671.08,28.85%
899,"INDV","Indivior Pharmaceuticals Inc","Healthcare","Drug Manufacturers - Specialty & Generic",-2.77%,2.96%,-12.17%,-0.06%,54.77%,76.48%,-0.39%,0.41,0.42%,49.59,2.90%,2.61%,4232.62,9.23%
900,"INFQ","Infleqtion Inc","Technology","Software - Infrastructure",-10.86%,-0.51%,8.02%,-19.26%,-12.84%,,-3.89%,0.78,-4.22%,43.46,4.97%,5.99%,2838.37,11.08%
901,"INFU","InfuSystem Holdings Inc","Healthcare","Medical Devices",5.32%,11.28%,39.88%,51.11%,30.83%,36.77%,2.45%,0.56,3.00%,71.43,2.77%,3.18%,269.96,4.32%
902,"INGN","Inogen Inc","Healthcare","Medical Devices",10.02%,9.82%,-8.49%,-10.94%,-30.81%,24.43%,0.42%,0.62,0.25%,66.19,4.61%,3.61%,158.83,5.34%
903,"INN","Summit Hotel Properties Inc","Real Estate","REIT - Hotel & Motel",3.64%,5.45%,-7.06%,23.86%,11.50%,2.24%,0.79%,0.58,0.20%,58.90,2.66%,2.71%,728.39,2.21%
904,"INNV","InnovAge Holding Corp","Healthcare","Medical Care Facilities",0.84%,-16.76%,-23.05%,72.74%,78.94%,60.09%,-0.50%,0.56,0.06%,32.38,3.95%,5.21%,1223.28,3.74%
905,"INOD","Innodata Inc","Technology","Information Technology Services",2.66%,24.56%,-1.57%,34.57%,-18.51%,726.08%,-3.17%,0.66,-2.15%,58.67,7.70%,6.57%,2357.44,14.76%
906,"INR","Infinity Natural Resources Inc","Energy","Oil & Gas E&P",6.26%,-15.35%,4.76%,-9.61%,-2.31%,,0.64%,0.33,3.14%,46.71,3.76%,3.98%,844.45,21.68%
907,"INSE","Inspired Entertainment Inc","Consumer Cyclical","Gambling",-4.01%,-31.48%,-49.14%,-59.08%,-59.68%,-65.53%,8.50%,1.37,10.53%,33.24,14.67%,7.22%,100.95,5.15%
908,"INSG","Inseego Corp","Technology","Communication Equipment",26.21%,12.90%,-44.38%,-55.70%,-73.67%,16.07%,-2.36%,0.70,-1.30%,53.72,9.76%,6.42%,74.71,21.28%
909,"INSP","Inspire Medical Systems Inc","Healthcare","Medical Devices",0.80%,13.55%,40.89%,-23.50%,-7.86%,-60.17%,1.06%,0.26,0.84%,54.97,5.74%,5.47%,2039.91,14.41%
910,"INSW","International Seaways Inc","Energy","Oil & Gas Midstream",7.87%,14.27%,37.08%,161.71%,173.75%,257.77%,-1.61%,1.39,0.88%,71.44,3.77%,3.83%,5786.74,6.60%
911,"INTA","Intapp Inc","Technology","Software - Application",3.95%,-14.67%,30.55%,-19.71%,-6.46%,4.84%,0.79%,0.30,0.82%,47.89,3.83%,3.86%,2814.66,4.36%
912,"INTT","Intest Corp","Technology","Semiconductor Equipment & Materials",28.98%,39.20%,3.59%,102.19%,91.91%,3.45%,15.12%,3.63,22.79%,76.73,4.21%,4.22%,193.72,3.91%
913,"INV","Innventure Inc","Financial","Asset Management",-27.82%,-54.71%,-89.10%,-88.08%,-90.08%,-95.32%,-0.36%,0.50,-1.13%,25.50,16.41%,14.32%,42.16,19.54%
914,"INVA","Innoviva Inc","Healthcare","Biotechnology",-3.46%,-4.00%,-7.89%,2.53%,17.25%,54.91%,-0.17%,0.51,-0.02%,42.64,2.57%,2.40%,1480.67,10.02%
915,"INVX","Innovex International Inc","Energy","Oil & Gas Equipment & Services",0.80%,-5.55%,20.96%,33.01%,54.73%,14.98%,5.74%,0.40,6.52%,52.80,3.36%,3.60%,2034.44,5.70%
916,"IOSP","Innospec Inc","Basic Materials","Specialty Chemicals",0.41%,5.55%,20.36%,28.41%,24.76%,-2.28%,0.68%,0.35,0.90%,63.99,2.58%,2.33%,2420.86,2.11%
917,"IOVA","Iovance Biotherapeutics Inc","Healthcare","Biotechnology",29.30%,63.33%,226.67%,420.51%,507.26%,239.95%,1.14%,0.62,-0.04%,79.78,8.62%,6.54%,6436.73,22.15%
918,"IPAR","Interparfums Inc","Consumer Defensive","Household & Personal Products",-4.30%,-1.00%,-7.67%,33.06%,19.44%,-14.19%,-0.96%,0.53,-0.95%,46.40,3.42%,2.82%,3614.81,11.56%
919,"IPI","Intrepid Potash Inc","Basic Materials","Agricultural Inputs",2.63%,-18.87%,-5.36%,19.69%,12.93%,45.25%,0.27%,0.45,1.31%,35.16,3.96%,4.37%,446.63,3.32%
920,"IPSC","Century Therapeutics Inc","Healthcare","Biotechnology",-10.18%,-28.23%,-35.06%,50.78%,192.23%,-11.76%,-5.06%,1.05,-1.96%,26.65,6.44%,5.98%,271.62,23.88%
921,"IRD","Opus Genetics Inc","Healthcare","Biotechnology",-12.57%,-4.02%,9.01%,119.65%,134.84%,27.97%,-4.02%,1.10,-3.60%,42.83,8.50%,9.68%,367.31,18.85%
922,"IRMD","Iradimed Corp","Healthcare","Medical Devices",-0.34%,-0.26%,-13.84%,-11.22%,21.86%,107.76%,1.27%,0.48,1.13%,53.32,2.43%,2.59%,1104.35,8.40%
923,"IRON","Disc Medicine Inc","Healthcare","Biotechnology",-1.24%,-19.22%,-19.61%,-19.26%,-5.41%,41.88%,-1.55%,0.65,-0.61%,29.39,3.62%,4.11%,2461.56,25.60%
924,"IRT","Independence Realty Trust Inc","Real Estate","REIT - Residential",-0.51%,-9.33%,-15.70%,-16.33%,-10.33%,10.83%,1.14%,0.49,0.80%,34.21,2.26%,2.10%,3534.76,6.72%
925,"IRTC","iRhythm Holdings Inc","Healthcare","Medical Devices",-3.34%,-11.82%,-12.99%,-38.66%,-38.02%,29.91%,-1.71%,0.49,-1.39%,38.70,3.44%,3.61%,3587.53,9.47%
926,"IRWD","Ironwood Pharmaceuticals Inc","Healthcare","Drug Manufacturers - Specialty & Generic",-11.65%,-15.15%,-18.57%,8.01%,134.84%,-62.63%,1.11%,0.55,0.00%,33.74,4.61%,4.49%,601.47,11.77%
927,"ISBA","Isabella Bank Corp","Financial","Banks - Regional",0.31%,-4.24%,-6.45%,-24.00%,7.98%,84.91%,-0.58%,1.18,-0.32%,45.41,2.50%,2.82%,289.89,4.51%
928,"ISTR","Investar Holding Corp","Financial","Banks - Regional",0.55%,-3.96%,1.04%,10.38%,29.18%,164.98%,0.38%,0.25,0.28%,44.00,2.31%,1.90%,406.32,2.30%
929,"ITG","ITG Inc","Industrials","Engineering & Construction",-0.21%,-45.48%,-48.16%,-60.83%,,,2.77%,0.51,2.47%,27.09,21.65%,10.70%,875.31,1.17%
930,"ITGR","Integer Holdings Corp","Healthcare","Medical Devices",0.13%,0.83%,37.70%,61.35%,20.47%,61.49%,0.07%,0.28,0.07%,74.97,0.09%,0.20%,4302.11,7.61%
931,"ITIC","Investors Title Co","Financial","Insurance - Specialty",1.53%,-1.90%,6.20%,17.73%,10.74%,127.10%,1.65%,0.53,1.28%,52.46,2.12%,2.41%,554.89,6.06%
932,"ITRI","Itron Inc","Technology","Scientific & Technical Instruments",-1.35%,-8.64%,3.38%,-5.99%,-30.41%,51.00%,0.94%,1.04,0.91%,34.57,2.81%,2.67%,3822.36,14.19%
933,"IVR","Invesco Mortgage Capital Inc","Real Estate","REIT - Mortgage",-8.20%,-19.19%,-26.82%,-31.78%,-26.06%,-33.90%,0.66%,0.90,0.49%,17.76,3.88%,2.63%,617.61,9.68%
934,"IVT","InvenTrust Properties Corp","Real Estate","REIT - Retail",-1.64%,-7.17%,-15.48%,7.11%,8.03%,26.18%,0.18%,0.39,-0.61%,28.36,1.89%,1.85%,2356.11,6.51%
935,"IVVD","Invivyd Inc","Healthcare","Biotechnology",-15.13%,-3.44%,-14.39%,-67.36%,-30.49%,-50.53%,-1.27%,1.27,-1.92%,45.86,11.27%,9.59%,237.66,11.68%
936,"JACK","Jack In The Box Inc","Consumer Cyclical","Restaurants",-10.01%,-18.68%,-21.38%,-34.94%,-38.17%,-81.16%,-1.61%,0.32,-0.98%,30.13,5.11%,5.30%,236.44,36.68%
937,"JAKK","Jakks Pacific Inc","Consumer Cyclical","Leisure",8.71%,14.14%,20.61%,62.62%,45.24%,55.00%,1.37%,0.54,1.11%,74.61,4.46%,3.04%,314.17,5.14%
938,"JANX","Janux Therapeutics Inc","Healthcare","Biotechnology",-0.38%,-16.58%,2.27%,19.69%,-31.18%,61.15%,-2.61%,0.37,-2.44%,44.16,3.75%,4.31%,1009.82,10.19%
939,"JBGS","JBG SMITH Properties","Real Estate","REIT - Diversified",4.43%,-9.62%,-29.01%,-37.56%,-50.76%,-24.14%,1.05%,0.58,0.57%,40.09,3.50%,3.14%,792.46,21.42%
940,"JBI","Janus International Group Inc","Industrials","Building Products & Equipment",1.66%,-12.54%,-15.57%,-33.00%,-56.23%,-57.99%,4.58%,0.63,4.08%,45.88,5.28%,4.15%,597.82,5.26%
941,"JBIO","Jade Biosciences Inc","Healthcare","Biotechnology",0.35%,-27.46%,-35.86%,-6.68%,62.53%,-71.11%,1.05%,0.41,1.98%,28.12,6.05%,6.46%,915.81,20.15%
942,"JBLU","Jetblue Airways Corp","Industrials","Airlines",-3.32%,-11.50%,-28.67%,-10.33%,-15.53%,-13.01%,-2.39%,0.49,-1.69%,32.83,3.02%,3.64%,1539.44,29.49%
943,"JBSS","Sanfilippo (John B.) & Son Inc","Consumer Defensive","Packaged Foods",1.99%,-5.83%,-21.01%,0.66%,11.49%,-25.97%,-0.66%,0.62,0.58%,43.76,2.47%,2.59%,805.85,6.44%
944,"JBTM","JBT Marel Corp","Industrials","Specialty Industrial Machinery",-0.58%,-6.06%,-22.44%,-26.65%,-23.70%,7.00%,1.73%,0.44,1.76%,44.28,3.39%,2.77%,5732.91,7.85%
945,"JCAP","Jefferson Capital Inc","Financial","Credit Services",1.84%,-7.97%,8.16%,-11.93%,8.34%,,2.00%,0.32,2.21%,43.15,2.68%,3.10%,1129.85,4.70%
946,"JILL","J.Jill Inc","Consumer Cyclical","Apparel Retail",2.66%,28.30%,58.68%,81.23%,52.08%,-9.42%,-0.50%,1.95,0.10%,72.20,2.86%,4.60%,369.56,12.04%
947,"JJSF","J&J Snack Foods Corp","Consumer Defensive","Packaged Foods",1.08%,-8.57%,2.16%,-13.04%,-18.81%,-50.99%,0.25%,0.42,0.43%,41.99,2.13%,2.35%,1468.19,7.74%
948,"JMSB","John Marshall Bancorp Inc","Financial","Banks - Regional",-0.15%,-1.14%,5.42%,15.38%,17.26%,26.73%,0.24%,0.81,0.24%,51.09,1.73%,2.53%,325.50,2.76%
949,"JOBY","Joby Aviation Inc","Industrials","Airports & Air Services",-5.50%,-15.95%,-28.89%,-56.26%,-68.38%,-9.36%,-3.12%,0.45,-2.96%,30.52,3.89%,4.10%,5738.63,19.42%
950,"JOE","St. Joe Co","Real Estate","Real Estate - Diversified",-0.45%,-0.58%,10.20%,10.65%,33.35%,23.27%,0.43%,0.46,0.47%,51.32,2.03%,2.30%,3739.76,2.29%
951,"JOUT","Johnson Outdoors Inc","Consumer Cyclical","Leisure",1.36%,-1.31%,3.21%,5.64%,7.38%,-16.20%,-0.72%,0.90,-0.15%,49.92,2.07%,2.77%,465.03,5.58%
952,"JRVR","James River Group Holdings Inc","Financial","Insurance - Specialty",0.44%,-17.54%,-24.23%,-45.68%,-38.19%,-77.01%,-1.00%,0.71,-1.00%,29.38,2.57%,3.12%,159.79,4.94%
953,"JXN","Jackson Financial Inc","Financial","Insurance - Life",1.86%,-3.65%,22.86%,25.89%,29.32%,268.34%,1.78%,0.37,2.08%,54.37,2.58%,3.15%,9093.26,7.03%
954,"KAI","Kadant Inc","Industrials","Specialty Industrial Machinery",1.45%,-8.00%,-9.64%,-3.95%,-9.80%,20.86%,1.58%,0.33,1.83%,44.65,3.08%,3.22%,3232.74,8.57%
955,"KALU","Kaiser Aluminum Corp","Basic Materials","Aluminum",2.95%,-2.94%,-8.66%,35.85%,99.13%,132.44%,2.26%,0.28,2.64%,50.77,4.26%,3.57%,2551.11,5.93%
956,"KARD","Kardigan Inc","Healthcare","Biotechnology",2.57%,-26.90%,-36.38%,-6.71%,,,2.64%,0.53,2.50%,36.76,6.22%,8.08%,1417.52,4.02%
957,"KBH","KB Home","Consumer Cyclical","Residential Construction",-5.56%,-13.55%,-22.94%,-19.84%,-31.23%,2.54%,-0.79%,0.36,-1.16%,29.68,3.24%,3.28%,2749.38,14.59%
958,"KE","Kimball Electronics Inc","Industrials","Electrical Equipment & Parts",3.61%,16.71%,15.81%,2.53%,-2.38%,4.79%,-0.23%,0.44,-0.92%,66.44,3.38%,3.74%,684.37,7.83%
959,"KEEL","Keel Infrastructure Corp","Technology","Information Technology Services",-5.67%,1.36%,-23.52%,44.50%,12.81%,236.21%,-5.94%,0.79,-6.20%,44.04,5.57%,6.81%,2097.09,18.27%
960,"KELYA","Kelly Services Inc","Industrials","Staffing & Employment Services",-4.05%,-5.03%,17.47%,80.34%,21.70%,-15.54%,0.19%,0.33,0.95%,43.78,3.03%,2.59%,573.75,4.00%
961,"KFRC","Kforce Inc","Industrials","Staffing & Employment Services",1.98%,-3.07%,-3.87%,69.13%,73.79%,-11.87%,-0.34%,0.18,-1.07%,45.58,3.15%,3.35%,936.53,9.37%
962,"KFY","Korn Ferry","Industrials","Staffing & Employment Services",1.31%,-15.59%,-0.72%,9.43%,3.76%,50.89%,0.33%,0.38,0.45%,30.64,2.30%,2.75%,3941.60,4.02%
963,"KGEI","Kolibri Global Energy Inc","Energy","Oil & Gas E&P",-0.23%,2.15%,31.72%,63.23%,13.74%,69.42%,4.14%,1.01,4.14%,53.48,4.48%,4.21%,230.63,2.10%
964,"KGS","Kodiak Gas Services Inc","Energy","Oil & Gas Equipment & Services",2.54%,-12.38%,-20.51%,44.55%,56.97%,213.39%,-1.71%,0.40,-0.50%,40.77,3.90%,3.98%,5465.68,7.79%
965,"KIDS","OrthoPediatrics corp","Healthcare","Medical Devices",-0.93%,-0.97%,12.87%,25.96%,19.18%,-22.19%,1.45%,0.64,0.95%,48.63,3.55%,3.69%,584.07,4.86%
966,"KINS","Kingstone Cos. Inc","Financial","Insurance - Property & Casualty",4.20%,-7.34%,-7.57%,11.32%,24.49%,1035.45%,0.40%,0.37,1.27%,47.67,2.71%,2.65%,271.21,2.90%
967,"KLC","KinderCare Learning Companies Inc","Consumer Defensive","Education & Training Services",-5.77%,-29.59%,-62.79%,-56.16%,-72.47%,,2.38%,0.64,1.83%,23.97,7.11%,5.48%,224.47,11.47%
968,"KLIC","Kulicke & Soffa Industries Inc","Technology","Semiconductor Equipment & Materials",8.26%,25.92%,-6.25%,117.84%,146.03%,109.43%,-0.94%,0.25,-1.51%,66.44,3.14%,3.64%,5193.66,4.43%
969,"KLRA","Kailera Therapeutics Inc","Healthcare","Biotechnology",-2.79%,-31.32%,-51.39%,-58.42%,,,3.15%,1.37,4.04%,32.04,7.59%,7.46%,1401.45,10.51%
970,"KLTR","Kaltura Inc","Technology","Software - Application",0.38%,-14.71%,1.16%,-20.43%,-13.58%,-27.90%,-0.38%,0.11,-0.38%,35.87,4.46%,3.77%,199.08,2.32%
971,"KMPR","Kemper Corp","Financial","Insurance - Property & Casualty",2.59%,-9.43%,-11.91%,-35.90%,-48.69%,-37.34%,2.34%,0.28,1.23%,45.56,3.44%,3.42%,1531.13,9.03%
972,"KMT","Kennametal Inc","Industrials","Tools & Accessories",3.08%,11.38%,-1.71%,15.38%,49.89%,34.01%,0.59%,0.58,0.55%,65.01,4.14%,3.17%,2504.06,10.14%
973,"KMTS","Kestra Medical Technologies Ltd","Healthcare","Medical Instruments & Supplies",-1.39%,10.34%,-0.39%,4.60%,11.76%,,0.43%,0.34,1.13%,59.44,5.72%,5.97%,1652.24,12.85%
974,"KN","Knowles Corp","Technology","Electronic Components",5.38%,12.89%,13.74%,83.12%,63.17%,168.05%,-1.90%,0.34,-2.02%,64.18,3.24%,2.90%,3351.65,5.52%
975,"KNF","Knife River Corp","Basic Materials","Building Materials",-3.22%,-16.87%,-36.66%,-26.58%,-28.94%,5.39%,3.07%,0.61,2.62%,33.83,4.05%,3.95%,2931.83,7.98%
976,"KNSA","Kiniksa Pharmaceuticals International Plc","Healthcare","Drug Manufacturers - Specialty & Generic",0.55%,-4.91%,13.72%,85.50%,98.80%,368.01%,0.51%,0.52,0.96%,50.56,3.25%,3.31%,5970.34,8.61%
977,"KNTK","Kinetik Holdings Inc","Energy","Oil & Gas Midstream",4.29%,-1.70%,8.72%,48.14%,38.50%,64.47%,1.40%,0.50,1.67%,54.42,3.45%,2.96%,8671.86,9.67%
978,"KOD","Kodiak Sciences Inc","Healthcare","Biotechnology",5.03%,159.74%,146.58%,237.77%,527.09%,5235.59%,2.32%,2.50,-0.01%,85.25,20.74%,9.21%,5935.50,18.57%
979,"KODK","Eastman Kodak Co","Industrials","Specialty Business Services",5.06%,10.11%,24.23%,19.09%,49.48%,159.00%,2.49%,0.68,2.70%,64.82,3.23%,2.82%,986.34,10.06%
980,"KOP","Koppers Holdings Inc","Basic Materials","Specialty Chemicals",2.22%,0.71%,0.93%,74.28%,74.80%,24.36%,2.49%,0.49,2.51%,56.39,2.22%,2.58%,892.53,4.30%
981,"KOPN","Kopin Corp","Technology","Electronic Components",0.84%,12.18%,26.55%,104.70%,69.86%,309.40%,-2.64%,0.55,-2.44%,53.55,5.53%,5.35%,890.33,14.83%
982,"KOS","Kosmos Energy Ltd","Energy","Oil & Gas E&P",0.78%,-7.80%,17.65%,186.53%,48.57%,-63.33%,3.59%,0.65,3.59%,45.74,5.96%,5.26%,1548.26,4.89%
983,"KPTI","Karyopharm Therapeutics Inc","Healthcare","Biotechnology",-60.41%,-63.77%,-93.62%,-91.29%,-89.95%,-96.74%,-20.07%,1.35,-20.06%,17.30,22.41%,12.59%,14.55,42.33%
984,"KREF","KKR Real Estate Finance Trust Inc","Real Estate","REIT - Mortgage",-2.48%,-19.25%,-14.14%,-25.73%,-32.54%,-45.97%,-0.57%,0.45,-0.89%,29.15,3.56%,3.50%,360.26,12.99%
985,"KRG","Kite Realty Group Trust","Real Estate","REIT - Retail",-2.16%,-7.00%,-15.90%,1.83%,10.00%,20.49%,-1.39%,0.30,-0.52%,20.89,1.73%,1.56%,4861.10,7.04%
986,"KRMD","KORU Medical Systems Inc","Healthcare","Medical Instruments & Supplies",-2.12%,-6.99%,-34.75%,-48.45%,-22.21%,13.88%,-0.50%,0.74,1.18%,35.42,6.22%,4.52%,138.29,2.29%
987,"KRNY","Kearny Financial Corp","Financial","Banks - Regional",1.25%,-7.70%,-0.27%,25.30%,40.47%,31.89%,-0.05%,0.42,-0.38%,40.46,2.45%,2.15%,602.87,5.05%
988,"KRO","Kronos Worldwide Inc","Basic Materials","Specialty Chemicals",-1.65%,-5.38%,33.93%,80.90%,39.78%,17.93%,2.25%,0.45,2.77%,48.65,3.93%,4.11%,920.28,5.03%
989,"KROS","Keros Therapeutics Inc","Healthcare","Biotechnology",1.41%,2.96%,-1.81%,-43.81%,-28.24%,-65.17%,-1.72%,0.41,0.70%,53.73,3.63%,3.89%,226.81,7.40%
990,"KRRO","Korro Bio Inc","Healthcare","Biotechnology",2.63%,-16.01%,-32.64%,21.85%,-78.88%,-27.70%,0.62%,0.40,1.24%,36.17,5.64%,9.03%,143.73,15.11%
991,"KRT","Karat Packaging Inc","Consumer Cyclical","Packaging & Containers",3.71%,17.32%,61.96%,144.63%,131.31%,152.32%,1.01%,1.03,1.18%,73.90,2.92%,3.59%,1100.48,5.13%
992,"KRUS","Kura Sushi USA Inc","Consumer Cyclical","Restaurants",4.39%,-6.84%,-23.39%,-22.56%,-32.47%,-39.69%,-2.98%,1.11,-2.42%,47.82,4.50%,5.07%,492.37,21.71%
993,"KRYS","Krystal Biotech Inc","Healthcare","Biotechnology",-0.89%,-10.07%,-9.37%,35.51%,82.20%,191.21%,3.17%,0.49,3.66%,46.06,2.81%,3.03%,9888.38,12.18%
994,"KSS","Kohl's Corp","Consumer Cyclical","Department Stores",8.65%,2.13%,17.85%,-3.22%,16.81%,5.85%,4.07%,1.07,5.01%,63.28,4.67%,4.85%,2239.43,30.83%
995,"KTB","Kontoor Brands Inc","Consumer Cyclical","Apparel Manufacturing",-1.48%,-13.17%,-27.45%,4.71%,-22.32%,49.46%,-0.56%,0.50,-1.14%,36.07,2.73%,3.35%,3496.20,11.45%
996,"KURA","Kura Oncology Inc","Healthcare","Biotechnology",0.15%,-19.20%,-11.38%,2.27%,11.03%,21.16%,-0.97%,0.46,-0.23%,38.84,3.98%,4.16%,945.25,17.14%
997,"KVHI","KVH Industries Inc","Communication Services","Telecom Services",-5.80%,-2.34%,-22.24%,-0.94%,25.54%,34.86%,-1.50%,0.19,-1.50%,39.49,3.68%,3.72%,125.26,7.21%
998,"KWR","Quaker Houghton","Basic Materials","Specialty Chemicals",0.73%,0.76%,5.30%,17.65%,20.52%,3.73%,0.61%,0.65,0.51%,54.63,2.63%,2.57%,2779.81,13.44%
999,"KWY","Kingsway Corp","Financial","Asset Management",1.54%,-7.32%,-8.05%,-30.54%,-36.45%,26.58%,-0.30%,0.21,-0.94%,44.75,3.56%,3.67%,270.27,6.61%
1000,"KYMR","Kymera Therapeutics Inc","Healthcare","Biotechnology",-4.51%,-8.81%,-10.31%,37.44%,84.70%,579.87%,-1.55%,0.66,-0.42%,35.89,4.64%,4.48%,8892.44,14.12%
1001,"KYTX","Kyverna Therapeutics Inc","Healthcare","Biotechnology",-6.38%,-23.53%,-34.04%,-32.07%,15.67%,,2.32%,0.88,2.65%,33.79,5.72%,5.68%,394.87,22.51%
1002,"LADR","Ladder Capital Corp","Real Estate","REIT - Mortgage",-4.73%,-12.78%,-13.05%,-22.07%,-19.73%,-12.41%,-0.52%,0.65,-0.64%,17.05,2.26%,1.92%,1086.60,5.42%
1003,"LAND","Gladstone Land Corp","Real Estate","REIT - Specialty",3.90%,-0.26%,13.73%,6.39%,5.47%,-30.11%,1.94%,0.59,1.83%,63.61,2.97%,2.59%,419.94,9.62%
1004,"LARK","Landmark Bancorp Inc","Financial","Banks - Regional",-1.85%,-2.03%,2.68%,19.74%,23.33%,103.95%,-0.06%,0.14,0.00%,44.81,1.74%,1.99%,191.31,2.31%
1005,"LASR","nLIGHT Inc","Technology","Semiconductors",0.47%,-4.18%,-32.66%,5.93%,28.80%,296.56%,-2.01%,0.32,-2.08%,41.34,3.83%,4.13%,2292.32,5.25%
1006,"LAUR","Laureate Education Inc","Consumer Defensive","Education & Training Services",3.38%,8.18%,-2.43%,15.51%,31.88%,202.50%,-0.28%,0.71,0.70%,63.29,2.77%,2.65%,5357.28,3.58%
1007,"LAW","CS Disco Inc","Technology","Software - Application",1.68%,-3.21%,6.28%,-45.49%,-33.91%,-32.43%,0.71%,0.21,1.19%,51.25,3.66%,3.75%,274.60,5.83%
1008,"LBRT","Liberty Energy Inc","Energy","Oil & Gas Equipment & Services",4.54%,-2.80%,-16.27%,7.31%,53.45%,19.41%,2.06%,0.43,2.59%,53.40,5.02%,4.76%,3232.83,10.77%
1009,"LBRX","LB Pharmaceuticals Inc","Healthcare","Biotechnology",-5.46%,-24.62%,4.46%,60.92%,138.01%,,-1.32%,0.84,-3.16%,29.26,4.42%,4.82%,1155.53,23.48%
1010,"LCID","Lucid Group Inc","Consumer Cyclical","Auto Manufacturers",5.00%,-10.98%,-31.69%,-61.26%,-83.47%,-92.06%,-0.81%,0.40,-0.85%,38.91,5.41%,5.85%,1613.72,56.88%
1011,"LCII","LCI Industries","Consumer Cyclical","Recreational Vehicles",-3.24%,-18.10%,-21.80%,-31.80%,-12.35%,-28.30%,-1.11%,0.45,-0.07%,29.78,2.73%,3.21%,2011.78,9.39%
1012,"LCLN","Lincoln International Inc","Financial","Capital Markets",3.98%,-10.86%,6.53%,6.24%,,,2.07%,0.22,1.42%,45.89,3.32%,4.34%,2443.91,2.46%
1013,"LCNB","LCNB Corp","Financial","Banks - Regional",1.43%,-0.05%,7.67%,16.47%,27.35%,38.23%,0.95%,0.18,0.79%,51.76,2.18%,2.57%,272.13,1.35%
1014,"LCTX","Lineage Cell Therapeutics Inc","Healthcare","Biotechnology",-3.48%,-14.80%,-29.00%,-43.88%,-44.54%,-29.00%,0.77%,0.79,0.74%,40.13,7.69%,6.35%,237.03,15.50%
1015,"LCUT","Lifetime Brands Inc","Consumer Cyclical","Furnishings, Fixtures & Appliances",-1.64%,2.94%,14.51%,129.59%,131.35%,77.82%,-2.59%,1.35,-0.56%,54.04,5.45%,4.85%,208.49,12.26%
1016,"LDI","LoanDepot Inc","Financial","Mortgage Finance",-0.80%,-35.64%,-47.85%,-70.78%,-79.84%,-59.94%,-6.94%,0.52,-4.79%,32.71,7.28%,8.75%,204.55,18.50%
1017,"LE","Lands' End Inc","Consumer Cyclical","Apparel Retail",0.10%,-3.60%,-13.44%,-28.17%,-31.38%,46.90%,1.76%,0.37,1.36%,44.06,3.38%,3.35%,308.15,17.55%
1018,"LEE","Lee Enterprises Inc","Communication Services","Publishing",3.21%,-12.16%,-24.86%,46.52%,31.92%,-32.45%,2.91%,0.43,4.59%,43.59,4.76%,5.41%,156.45,12.07%
1019,"LEGH","Legacy Housing Corp","Consumer Cyclical","Residential Construction",0.36%,4.79%,12.71%,49.72%,17.37%,56.20%,-0.49%,0.43,-0.43%,60.19,2.96%,3.09%,695.06,9.21%
1020,"LENZ","LENZ Therapeutics Inc","Healthcare","Biotechnology",-11.37%,-39.80%,-40.51%,-78.06%,-92.80%,-69.36%,-2.51%,0.53,-1.96%,28.35,5.98%,6.08%,110.27,39.12%
1021,"LEU","Centrus Energy Corp","Energy","Uranium",1.28%,-16.60%,-14.17%,-41.44%,-58.61%,162.93%,0.57%,0.62,2.08%,40.67,4.34%,5.27%,2907.71,27.52%
1022,"LFCR","Lifecore Biomedical Inc","Healthcare","Drug Manufacturers - Specialty & Generic",0.08%,50.00%,34.26%,-20.23%,-6.52%,-3.05%,-0.23%,3.98,-0.23%,77.98,1.49%,4.45%,247.33,7.79%
1023,"LFMD","LifeMD Inc","Healthcare","Health Information Services",-5.97%,-9.67%,-43.55%,-19.21%,-60.47%,-57.29%,-3.70%,0.58,0.55%,34.05,5.30%,5.55%,132.79,18.88%
1024,"LFST","LifeStance Health Group Inc","Healthcare","Medical Care Facilities",1.73%,-6.12%,10.50%,71.09%,118.60%,90.89%,1.65%,0.31,1.82%,46.60,3.33%,3.60%,4603.04,6.23%
1025,"LFTO","Liftoff Mobile Inc","Communication Services","Advertising Agencies",-2.62%,-18.54%,-31.81%,-39.24%,,,1.40%,0.39,0.66%,31.92,4.30%,5.06%,2582.30,7.70%
1026,"LGIH","LGI Homes Inc","Consumer Cyclical","Residential Construction",-3.86%,-13.48%,-20.01%,9.71%,-11.36%,-49.50%,-1.67%,0.37,-2.10%,38.70,4.95%,4.46%,1095.69,16.21%
1027,"LGN","Legence Corp","Industrials","Engineering & Construction",3.56%,5.09%,-21.43%,28.51%,74.64%,,3.04%,0.66,3.17%,50.30,4.94%,4.76%,5977.66,5.94%
1028,"LGND","Ligand Pharmaceuticals Inc","Healthcare","Biotechnology",-1.95%,6.29%,-3.59%,62.89%,70.16%,429.89%,1.33%,0.33,1.65%,60.79,3.64%,3.14%,6139.60,13.53%
1029,"LIF","Life360 Inc","Technology","Software - Application",6.47%,-2.99%,-24.38%,-33.63%,-60.52%,,-2.10%,0.39,-1.23%,49.53,3.69%,3.62%,3468.44,10.57%
1030,"LILA","Liberty Latin America Ltd","Communication Services","Telecom Services",4.06%,0.74%,17.18%,76.05%,57.32%,67.23%,4.68%,0.53,3.58%,58.39,2.56%,2.65%,1723.12,3.32%
1031,"LILAK","Liberty Latin America Ltd","Communication Services","Telecom Services",4.72%,1.22%,17.93%,73.43%,53.30%,66.94%,4.97%,0.52,3.36%,58.27,2.90%,3.08%,1719.61,5.53%
1032,"LIME","Neutron Holdings Inc","Industrials","Rental & Leasing Services",-7.24%,-30.91%,11.03%,-0.65%,,,-1.09%,0.45,-1.45%,31.90,4.96%,7.34%,1743.20,2.52%
1033,"LINC","Lincoln Educational Services Corp","Consumer Defensive","Education & Training Services",2.97%,-12.23%,-59.83%,-7.39%,-1.48%,159.15%,0.79%,0.37,2.08%,31.22,4.87%,4.82%,709.45,9.61%
1034,"LIND","Lindblad Expeditions Holdings Inc","Consumer Cyclical","Travel Services",19.77%,36.43%,38.29%,146.19%,184.46%,407.87%,1.89%,0.61,2.07%,77.65,5.39%,4.70%,2329.50,10.67%
1035,"LION","Lionsgate Studios Corp","Financial","Shell Companies",2.10%,0.90%,-19.66%,22.67%,72.31%,6.02%,0.90%,0.41,0.36%,46.82,3.49%,3.73%,3332.67,6.10%
1036,"LIVN","LivaNova PLC","Healthcare","Medical Devices",-1.15%,-6.00%,-8.68%,24.05%,43.01%,47.57%,2.01%,0.39,1.67%,44.00,2.60%,2.69%,4205.01,9.80%
1037,"LKFN","Lakeland Financial Corp","Financial","Banks - Regional",-0.09%,-2.20%,-4.65%,2.89%,-8.09%,23.29%,-0.54%,0.44,-0.61%,44.41,1.93%,1.90%,1459.40,10.04%
1038,"LMAT","Lemaitre Vascular Inc","Healthcare","Medical Instruments & Supplies",-1.06%,1.21%,-22.93%,0.45%,-7.27%,41.31%,3.24%,0.38,3.17%,49.58,2.86%,2.34%,1863.08,7.95%
1039,"LMB","Limbach Holdings Inc","Industrials","Building Products & Equipment",2.35%,0.31%,-36.36%,-36.16%,-44.29%,76.75%,0.69%,0.36,1.23%,48.33,5.43%,4.73%,592.70,8.68%
1040,"LMND","Lemonade Inc","Financial","Insurance - Property & Casualty",5.35%,-16.02%,-40.38%,-35.01%,-15.15%,301.20%,0.45%,0.57,-0.50%,41.72,3.51%,4.16%,3580.24,15.82%
1041,"LMNR","Limoneira Co","Consumer Defensive","Farm Products",-1.06%,-20.52%,-11.29%,-5.57%,-21.04%,-19.28%,0.02%,1.06,-0.56%,34.34,2.92%,3.34%,216.17,5.46%
1042,"LMRI","Lumexa Imaging Holdings Inc","Healthcare","Medical Devices",5.67%,-9.92%,-12.77%,-42.05%,,,1.23%,0.77,3.88%,47.83,4.04%,4.75%,1029.92,8.32%
1043,"LNN","Lindsay Corp","Industrials","Farm & Heavy Construction Machinery",1.18%,-6.19%,0.01%,-2.22%,-18.37%,1.21%,-0.43%,0.52,0.79%,49.81,2.12%,2.70%,1171.95,7.63%
1044,"LNTH","Lantheus Holdings Inc","Healthcare","Drug Manufacturers - Specialty & Generic",0.49%,-0.74%,-3.07%,50.61%,86.20%,46.56%,0.43%,0.28,0.27%,48.82,0.39%,0.41%,6545.04,6.41%
1045,"LOB","Live Oak Bancshares Inc","Financial","Banks - Regional",0.02%,-7.04%,-10.54%,7.06%,5.95%,26.29%,-0.60%,0.29,0.26%,33.03,2.21%,2.19%,1702.15,5.83%
1046,"LOCO","El Pollo Loco Holdings Inc","Consumer Cyclical","Restaurants",1.84%,-4.27%,-11.52%,37.28%,52.44%,65.44%,0.63%,0.48,0.98%,43.02,2.79%,2.45%,437.02,6.70%
1047,"LODE","Comstock Inc","Basic Materials","Other Precious Metals & Mining",-7.42%,-30.42%,-42.11%,-40.41%,-36.71%,-47.53%,-3.01%,1.02,-1.73%,25.82,6.25%,6.53%,170.26,10.22%
1048,"LOVE","Lovesac Company","Consumer Cyclical","Furnishings, Fixtures & Appliances",-2.52%,-5.76%,-18.44%,1.91%,-10.20%,-15.12%,0.75%,0.57,2.26%,48.32,4.01%,5.20%,216.81,23.11%
1049,"LPG","Dorian LPG Ltd","Energy","Oil & Gas Midstream",4.94%,6.49%,49.19%,151.10%,117.36%,175.92%,-1.63%,0.71,-0.29%,63.34,3.90%,3.65%,2440.58,5.76%
1050,"LPTH","Lightpath Technologies Inc","Technology","Electronic Components",10.63%,12.81%,-14.37%,0.69%,39.96%,660.49%,-2.55%,0.57,-1.49%,53.01,5.31%,5.93%,761.64,17.03%
1051,"LQDA","Liquidia Corp","Healthcare","Drug Manufacturers - Specialty & Generic",-61.54%,-58.72%,-65.12%,-17.86%,26.30%,309.39%,0.19%,2.69,-1.08%,20.27,38.93%,12.39%,2535.78,15.98%
1052,"LQDT","Liquidity Services Inc","Consumer Cyclical","Internet Retail",-0.54%,6.41%,13.32%,42.18%,56.60%,129.60%,-0.59%,0.75,-0.31%,54.35,3.10%,2.65%,1350.24,4.38%
1053,"LRMR","Larimar Therapeutics Inc","Healthcare","Biotechnology",-9.93%,-25.45%,-16.27%,-25.06%,-41.37%,-19.35%,-3.54%,0.57,-3.54%,26.66,5.20%,6.01%,296.59,28.90%
1054,"LRN","Stride Inc","Consumer Defensive","Education & Training Services",2.51%,-8.41%,-13.71%,21.03%,-45.26%,72.11%,-0.21%,0.29,-0.39%,43.74,2.70%,2.76%,3265.96,19.96%
1055,"LTBR","Lightbridge Corp","Industrials","Electrical Equipment & Parts",-1.64%,-14.79%,-22.55%,-49.57%,-69.95%,44.21%,-2.09%,0.53,-0.25%,37.37,4.62%,4.61%,238.76,14.19%
1056,"LTC","LTC Properties Inc","Real Estate","REIT - Healthcare Facilities",-0.61%,2.21%,9.17%,24.57%,18.96%,34.21%,-0.43%,0.53,-0.41%,55.28,1.67%,2.07%,2308.54,5.29%
1057,"LTH","Life Time Group Holdings Inc","Consumer Cyclical","Leisure",2.55%,-5.78%,-3.22%,52.75%,49.16%,188.15%,-2.15%,0.39,-0.95%,46.36,2.64%,3.46%,9072.56,5.99%
1058,"LTRX","Lantronix Inc","Technology","Communication Equipment",-1.04%,36.88%,33.30%,21.93%,36.10%,70.12%,-0.49%,0.33,-0.63%,70.13,5.17%,5.60%,334.95,5.95%
1059,"LUCD","Lucid Diagnostics Inc","Healthcare","Medical Devices",-25.13%,-36.59%,-41.44%,-44.66%,-42.00%,-51.74%,-3.19%,1.21,-3.84%,24.33,14.10%,8.87%,122.59,8.01%
1060,"LUMN","Lumen Technologies Inc","Communication Services","Telecom Services",2.44%,-18.02%,-12.04%,-27.09%,-13.65%,319.61%,-1.57%,0.46,-1.48%,36.76,4.27%,4.98%,5842.93,7.35%
1061,"LUNR","Intuitive Machines Inc","Industrials","Aerospace & Defense",-6.74%,-3.57%,-20.59%,-12.66%,23.91%,263.46%,-2.98%,0.88,-3.64%,43.70,6.95%,6.46%,3245.00,23.78%
1062,"LVWR","LiveWire Group Inc","Consumer Cyclical","Recreational Vehicles",-2.56%,32.17%,65.25%,-65.61%,-71.37%,-79.95%,-0.65%,0.02,-3.18%,56.01,10.28%,11.88%,312.23,28.08%
1063,"LWAY","Lifeway Foods Inc","Consumer Defensive","Packaged Foods",-1.52%,-18.02%,-28.24%,-13.19%,-17.35%,79.79%,-0.78%,0.93,-0.83%,19.93,2.96%,3.37%,317.77,5.22%
1064,"LWLG","Lightwave Logic Inc","Basic Materials","Specialty Chemicals",8.90%,6.35%,-19.15%,68.06%,15.85%,20.20%,-3.11%,1.02,-4.47%,49.48,7.28%,5.75%,839.44,17.19%
1065,"LXEO","Lexeo Therapeutics Inc","Healthcare","Biotechnology",14.49%,-25.72%,-24.95%,-63.80%,-45.69%,,0.98%,1.19,1.84%,38.62,10.41%,7.20%,295.11,29.86%
1066,"LXFR","Luxfer Holdings PLC","Industrials","Specialty Industrial Machinery",-0.12%,0.41%,2.98%,27.57%,25.07%,32.36%,-0.06%,0.37,-0.06%,53.84,0.20%,0.35%,465.85,1.92%
1067,"LXP","LXP Industrial Trust","Real Estate","REIT - Industrial",0.09%,0.40%,8.29%,22.96%,30.27%,41.12%,0.04%,0.52,0.02%,63.74,0.11%,0.18%,3594.33,2.75%
1068,"LXRX","Lexicon Pharmaceuticals Inc","Healthcare","Biotechnology",-7.32%,-22.08%,-25.70%,53.13%,24.89%,67.71%,-3.51%,0.35,-3.24%,32.10,6.80%,5.70%,783.57,13.15%
1069,"LXU","LSB Industries Inc","Basic Materials","Chemicals",3.15%,-9.62%,-7.56%,19.41%,12.90%,2.73%,2.42%,0.32,2.94%,44.46,3.31%,4.10%,730.77,6.87%
1070,"LYEL","Lyell Immunopharma Inc","Healthcare","Biotechnology",-7.87%,-37.34%,-43.60%,-70.85%,-49.45%,-69.89%,-5.55%,0.70,-3.10%,22.98,4.66%,5.89%,219.89,13.41%
1071,"LYTS","LSI Industries Inc","Technology","Electronic Components",0.33%,4.57%,-15.58%,14.79%,-9.04%,29.98%,-1.68%,0.39,-1.04%,51.71,2.43%,3.13%,783.60,8.06%
1072,"LZ","LegalZoom.com Inc","Industrials","Specialty Business Services",6.51%,-9.30%,-20.80%,-41.54%,-43.31%,-45.44%,4.03%,0.89,3.66%,47.36,3.79%,4.14%,994.19,10.27%
1073,"LZB","La-Z-Boy Inc","Consumer Cyclical","Furnishings, Fixtures & Appliances",-1.91%,-8.39%,-25.15%,-21.49%,-14.94%,-2.27%,-1.51%,0.58,-2.27%,32.61,2.43%,2.59%,1171.95,5.00%
1074,"LZM","Lifezone Metals Ltd","Basic Materials","Other Industrial Metals & Mining",-0.90%,-10.02%,7.77%,-10.65%,-29.87%,-69.33%,-0.90%,0.55,-0.90%,45.45,4.62%,4.95%,343.04,8.17%
1075,"MAC","Macerich Co","Real Estate","REIT - Retail",1.99%,-0.18%,-9.69%,24.70%,27.60%,129.88%,-0.18%,0.30,-0.13%,49.40,2.22%,2.10%,6787.43,11.54%
1076,"MAGN","Magnera Corp","Consumer Defensive","Household & Personal Products",-1.09%,-5.00%,-6.43%,-22.19%,0.51%,-51.54%,0.00%,0.32,0.94%,47.91,3.59%,3.33%,421.73,5.61%
1077,"MAMA","Mama's Creations Inc","Consumer Defensive","Packaged Foods",-2.25%,-19.46%,-30.06%,-4.71%,20.81%,201.05%,-0.66%,0.32,-0.58%,34.04,3.20%,5.33%,606.07,8.44%
1078,"MAN","ManpowerGroup","Industrials","Staffing & Employment Services",-4.51%,-11.48%,38.40%,83.14%,38.86%,-25.43%,0.33%,0.34,0.53%,38.66,5.32%,4.21%,2532.12,9.92%
1079,"MANE","Veradermics Inc","Healthcare","Biotechnology",2.76%,20.89%,1.18%,247.57%,,,1.36%,0.37,1.21%,60.82,5.49%,5.49%,4937.29,13.58%
1080,"MARA","MARA Holdings Inc","Financial","Capital Markets",-10.59%,-6.66%,-10.15%,20.57%,-42.47%,45.92%,-5.11%,0.78,-3.59%,41.64,6.76%,7.02%,4182.46,27.68%
1081,"MASS","908 Devices Inc","Healthcare","Medical Devices",7.55%,24.90%,55.39%,138.86%,38.26%,101.28%,-1.18%,0.68,-1.18%,71.25,4.75%,5.06%,518.32,8.39%
1082,"MATV","Mativ Holdings Inc","Basic Materials","Specialty Chemicals",1.81%,-3.72%,55.34%,-0.78%,8.60%,-11.30%,2.33%,0.36,1.30%,53.60,3.40%,3.16%,665.30,2.48%
1083,"MATW","Matthews International Corp","Industrials","Conglomerates",-1.70%,-9.06%,-28.93%,-26.54%,-22.41%,-49.72%,-0.53%,5.03,-0.53%,37.79,3.75%,3.19%,598.93,20.44%
1084,"MATX","Matson Inc","Industrials","Marine Shipping",2.88%,3.42%,15.79%,86.06%,128.99%,155.59%,-0.53%,0.50,-0.53%,55.12,3.66%,3.02%,6874.24,4.80%
1085,"MAX","MediaAlpha Inc","Communication Services","Internet Content & Information",4.13%,-21.60%,-29.92%,-26.02%,-14.62%,19.30%,0.95%,0.99,-0.42%,30.96,4.43%,5.26%,586.91,10.81%
1086,"MAZE","Maze Therapeutics Inc","Healthcare","Biotechnology",-0.89%,2.86%,-18.97%,-35.77%,-1.84%,,-0.22%,0.43,0.68%,51.39,5.77%,6.84%,1478.16,16.48%
1087,"MBC","MasterBrand Inc","Consumer Cyclical","Furnishings, Fixtures & Appliances",0.22%,-14.63%,-22.67%,-36.82%,-47.52%,-38.98%,-1.41%,0.33,-0.64%,38.07,4.71%,5.65%,1419.34,8.98%
1088,"MBI","MBIA Inc","Financial","Insurance - Specialty",2.44%,-7.64%,-33.61%,-38.34%,-39.19%,46.89%,-0.79%,0.23,0.34%,40.24,2.32%,2.58%,225.24,6.79%
1089,"MBIN","Merchants Bancorp","Financial","Banks - Regional",-3.08%,-5.02%,5.27%,46.68%,55.30%,82.60%,0.46%,0.66,0.02%,37.80,2.96%,2.73%,2295.07,13.25%
1090,"MBUU","Malibu Boats Inc","Consumer Cyclical","Recreational Vehicles",-2.54%,-15.51%,-12.08%,-20.09%,-30.34%,-53.98%,-1.73%,0.37,-2.03%,34.43,3.00%,3.63%,443.60,7.51%
1091,"MBWM","Mercantile Bank Corp","Financial","Banks - Regional",0.03%,-3.77%,3.47%,23.49%,32.32%,92.42%,0.02%,0.43,-0.17%,47.33,2.04%,2.11%,1026.79,3.58%
1092,"MBX","MBX Biosciences Inc","Healthcare","Biotechnology",1.32%,-5.08%,-5.97%,84.84%,249.31%,,-0.05%,0.28,-0.36%,45.81,6.94%,5.53%,2807.74,13.54%
1093,"MC","Moelis & Co","Financial","Capital Markets",-3.04%,-18.52%,-19.34%,-18.05%,-17.48%,26.25%,0.49%,0.44,0.03%,29.14,3.29%,3.45%,4570.08,7.31%
1094,"MCB","Metropolitan Bank Holding Corp","Financial","Banks - Regional",-0.14%,-3.86%,-8.81%,15.92%,18.84%,163.85%,-1.26%,0.66,-0.82%,44.61,2.26%,2.09%,1097.45,5.68%
1095,"MCBS","MetroCity Bankshares Inc","Financial","Banks - Regional",1.11%,-0.86%,-1.85%,32.88%,28.10%,76.06%,0.36%,0.51,0.10%,52.86,2.02%,1.79%,1014.98,3.64%
1096,"MCFT","MasterCraft Boat Holdings Inc","Consumer Cyclical","Recreational Vehicles",-0.75%,-15.47%,-17.73%,4.28%,-8.41%,-9.58%,-1.84%,0.31,-1.89%,38.91,3.80%,4.92%,479.97,5.11%
1097,"MCHB","Mechanics Bancorp","Financial","Banks - Regional",0.30%,-5.52%,-6.88%,2.29%,12.60%,112.12%,0.64%,0.44,0.44%,36.67,2.35%,1.94%,3463.74,13.91%
1098,"MCRI","Monarch Casino & Resort Inc","Consumer Cyclical","Resorts & Casinos",1.56%,-1.24%,-6.08%,24.45%,14.85%,92.93%,1.45%,0.35,1.31%,48.83,1.70%,2.21%,2134.48,4.77%
1099,"MCS","Marcus Corp","Communication Services","Entertainment",-6.17%,-2.32%,22.74%,73.63%,75.44%,71.53%,-0.88%,0.42,-0.48%,40.04,3.34%,2.63%,811.50,3.76%
1100,"MCY","Mercury General Corp","Financial","Insurance - Property & Casualty",3.67%,-3.37%,-7.54%,8.95%,17.89%,263.92%,0.44%,0.44,0.21%,53.48,1.76%,2.07%,5676.22,4.73%
1101,"MD","Pediatrix Medical Group Inc","Healthcare","Medical Care Facilities",1.58%,-2.01%,-1.90%,23.14%,50.51%,102.93%,1.70%,0.20,1.42%,51.90,2.97%,3.11%,2140.21,5.91%
1102,"MDWD","MediWound Ltd","Healthcare","Biotechnology",-2.28%,3.04%,-8.89%,-26.26%,-20.81%,42.54%,0.98%,0.23,0.68%,50.40,2.45%,3.61%,175.74,18.85%
1103,"MDXG","Mimedx Group Inc","Healthcare","Biotechnology",-0.51%,5.10%,10.86%,-31.22%,-35.42%,-38.41%,1.66%,0.44,1.44%,52.84,3.21%,3.97%,678.67,9.41%
1104,"MEC","Mayville Engineering Company Inc","Industrials","Metal Fabrication",-1.65%,-14.71%,-49.90%,-11.47%,20.88%,50.52%,1.30%,0.49,0.81%,37.11,8.30%,6.59%,422.61,8.41%
1105,"MEI","Methode Electronics Inc","Technology","Electronic Components",10.88%,1.76%,-0.70%,134.79%,91.29%,-32.95%,-2.50%,0.28,-0.95%,55.79,6.15%,7.06%,555.70,9.44%
1106,"METC","Ramaco Resources Inc","Basic Materials","Coking Coal",-9.74%,-34.37%,-33.34%,-54.97%,-78.53%,-10.65%,-1.27%,0.62,0.01%,30.04,6.27%,6.79%,472.89,31.94%
1107,"MFA","MFA Financial Inc","Real Estate","REIT - Mortgage",-8.61%,-17.47%,-21.79%,-21.37%,-20.52%,-16.44%,0.55%,1.82,-4.31%,16.03,3.01%,2.19%,739.96,4.93%
1108,"MFIN","Medallion Financial Corp","Financial","Credit Services",-0.75%,-0.42%,20.32%,16.23%,19.84%,81.21%,0.59%,0.44,0.42%,54.46,2.53%,2.59%,274.61,5.92%
1109,"MG","Mistras Group Inc","Industrials","Security & Protection Services",-4.66%,7.99%,23.77%,62.71%,110.68%,296.60%,-0.08%,0.94,-0.32%,56.24,2.09%,2.69%,655.79,6.08%
1110,"MGEE","MGE Energy Inc","Utilities","Utilities - Regulated Electric",3.52%,-8.05%,-14.10%,-9.01%,-13.70%,0.98%,0.98%,0.34,0.82%,38.53,2.34%,2.15%,2696.02,4.64%
1111,"MGNI","Magnite Inc","Communication Services","Advertising Agencies",7.04%,1.69%,22.06%,54.32%,23.38%,235.30%,0.33%,0.27,1.28%,55.99,4.78%,4.01%,3592.33,8.15%
1112,"MGNX","Macrogenics Inc","Healthcare","Biotechnology",-8.74%,-12.82%,-22.00%,130.12%,108.15%,-22.49%,0.68%,0.60,3.49%,42.76,7.41%,5.61%,236.01,11.44%
1113,"MGPI","MGP Ingredients Inc","Consumer Defensive","Beverages - Wineries & Distilleries",1.56%,-20.56%,-21.95%,-46.58%,-47.28%,-87.20%,1.88%,0.50,1.49%,31.37,4.41%,4.07%,277.96,6.95%
1114,"MGRC","McGrath Rentcorp","Industrials","Rental & Leasing Services",1.28%,5.85%,2.42%,10.86%,0.91%,17.28%,-0.25%,0.64,-1.05%,59.43,2.63%,1.97%,2841.33,2.16%
1115,"MGTX","MeiraGTx Holdings plc","Healthcare","Biotechnology",-1.76%,-21.87%,-25.55%,37.30%,29.17%,139.36%,1.53%,0.56,1.16%,31.29,5.20%,4.59%,1048.31,5.45%
1116,"MGY","Magnolia Oil & Gas Corp","Energy","Oil & Gas E&P",1.96%,-11.15%,-6.26%,10.44%,2.26%,12.18%,0.73%,0.51,0.44%,40.28,2.71%,3.03%,5728.71,10.70%
1117,"MH","McGraw Hill Inc","Consumer Defensive","Education & Training Services",1.12%,-4.46%,20.84%,-23.39%,5.42%,,-0.16%,0.22,-1.63%,47.05,4.82%,4.43%,2418.15,9.62%
1118,"MHO","MI Homes Inc","Consumer Cyclical","Residential Construction",-2.98%,-9.61%,-11.30%,4.18%,-9.97%,67.42%,-0.70%,0.51,-1.08%,32.43,2.90%,2.52%,3370.23,6.19%
1119,"MIAX","Miami International Holdings Inc","Financial","Capital Markets",0.50%,-20.21%,-22.05%,-23.21%,-19.03%,,0.80%,0.51,3.24%,32.23,3.26%,3.85%,3381.72,7.92%
1120,"MIR","Mirion Technologies Inc","Industrials","Specialty Industrial Machinery",2.72%,-12.05%,-8.22%,-37.06%,-35.32%,99.19%,1.38%,0.56,0.96%,43.10,4.70%,4.10%,3670.82,16.93%
1121,"MIRM","Mirum Pharmaceuticals Inc","Healthcare","Biotechnology",-6.21%,-18.02%,-35.70%,4.44%,13.09%,178.43%,-1.01%,0.73,-0.52%,25.28,4.64%,4.20%,5356.75,11.68%
1122,"MITK","Mitek Systems Inc","Technology","Software - Application",1.82%,-6.99%,-9.76%,66.19%,80.75%,63.55%,-1.67%,0.27,-1.22%,49.01,4.66%,4.20%,791.11,9.58%
1123,"MITT","TPG Mortgage Investment Trust Inc","Real Estate","REIT - Mortgage",-5.79%,-15.81%,-26.07%,-33.10%,-22.55%,11.81%,-0.18%,1.23,-1.04%,22.60,2.81%,2.41%,181.28,3.89%
1124,"MKTW","Marketwise Inc","Financial","Financial Data & Stock Exchanges",3.59%,12.82%,8.32%,39.98%,35.53%,-18.90%,1.94%,0.43,1.94%,64.09,3.63%,4.11%,323.37,4.21%
1125,"MLAB","Mesa Laboratories Inc","Technology","Scientific & Technical Instruments",3.63%,7.23%,43.32%,75.57%,88.10%,39.02%,3.36%,0.59,3.98%,65.32,2.68%,3.50%,771.22,7.53%
1126,"MLKN","MillerKnoll Inc","Consumer Cyclical","Furnishings, Fixtures & Appliances",1.96%,-7.65%,1.46%,13.12%,18.36%,-12.31%,2.42%,0.30,2.16%,46.51,3.21%,4.16%,1422.62,5.74%
1127,"MLP","Maui Land & Pineapple Co Inc","Real Estate","Real Estate Services",-1.55%,-3.16%,-7.17%,-6.02%,-11.31%,18.89%,-2.16%,0.08,1.34%,46.29,2.80%,3.35%,316.16,3.60%
1128,"MLR","Miller Industries Inc","Consumer Cyclical","Auto Parts",0.51%,-1.60%,13.61%,45.32%,34.09%,37.79%,0.32%,1.07,-0.16%,50.27,2.62%,2.88%,616.49,3.83%
1129,"MLYS","Mineralys Therapeutics Inc","Healthcare","Biotechnology",-8.23%,-16.80%,-22.78%,-35.19%,-38.20%,139.02%,-1.92%,0.57,-0.47%,34.71,5.28%,5.71%,2079.33,15.11%
1130,"MMED","MiniMed Group Inc","Healthcare","Medical Instruments & Supplies",-3.47%,-17.03%,28.69%,3.83%,,,1.78%,3.31,0.41%,41.72,3.18%,4.11%,5565.10,50.04%
1131,"MMI","Marcus & Millichap Inc","Real Estate","Real Estate Services",-0.71%,-10.48%,-10.26%,5.33%,-0.50%,-0.29%,0.97%,0.60,0.61%,36.40,3.10%,2.49%,1088.60,4.82%
1132,"MMS","Maximus Inc","Industrials","Specialty Business Services",3.76%,-7.48%,-4.91%,-37.37%,-40.75%,-27.14%,2.87%,0.39,2.68%,44.12,2.79%,2.79%,2830.46,6.44%
1133,"MMSI","Merit Medical Systems Inc","Healthcare","Medical Instruments & Supplies",-0.09%,-1.86%,20.49%,-1.38%,3.22%,30.30%,1.78%,0.35,1.82%,50.61,1.95%,2.19%,5190.03,6.77%
1134,"MNKD","Mannkind Corp","Healthcare","Biotechnology",12.54%,-4.80%,-10.66%,-33.51%,-34.55%,-7.37%,-1.31%,0.33,-0.79%,52.22,9.35%,6.05%,1212.22,9.58%
1135,"MNPR","Monopar Therapeutics Inc","Healthcare","Biotechnology",-5.25%,-33.09%,-16.69%,21.48%,-20.19%,2789.86%,0.78%,0.63,1.74%,23.56,4.07%,4.62%,532.46,21.37%
1136,"MNRO","Monro Inc","Consumer Cyclical","Auto Parts",2.31%,8.81%,-20.84%,-31.59%,-26.01%,-49.26%,-2.83%,0.34,-3.31%,53.83,3.59%,4.64%,428.63,31.05%
1137,"MNSB","MainStreet Bancshares Inc","Financial","Banks - Regional",1.58%,-0.24%,4.55%,23.53%,24.07%,24.20%,1.00%,2.56,0.86%,55.16,2.49%,2.00%,179.09,4.17%
1138,"MNTK","Montauk Renewables Inc","Basic Materials","Specialty Chemicals",13.75%,41.56%,94.21%,90.72%,28.43%,-66.58%,10.21%,3.87,10.98%,67.69,7.37%,10.41%,453.36,3.55%
1139,"MNTN","MNTN Inc","Technology","Software - Application",-0.74%,-24.85%,-10.09%,-15.28%,-43.71%,,3.00%,0.30,2.28%,37.26,6.24%,4.82%,756.63,10.61%
1140,"MOBI","Mobia Medical Inc","Healthcare","Medical Devices",5.32%,-20.03%,-24.70%,-33.57%,,,2.31%,0.41,1.31%,41.55,8.34%,7.68%,309.60,3.71%
1141,"MOG-A","Moog Inc","Industrials","Aerospace & Defense",1.36%,6.79%,-4.07%,62.28%,89.78%,252.74%,-0.44%,0.48,0.64%,60.33,3.00%,2.99%,12523.49,2.57%
1142,"MOV","Movado Group Inc","Consumer Cyclical","Luxury Goods",-0.45%,-0.89%,-12.06%,61.64%,70.14%,18.78%,-1.54%,0.40,-0.98%,44.77,2.83%,2.50%,531.83,8.10%
1143,"MPAA","Motorcar Parts of America Inc","Consumer Cyclical","Auto Parts",1.04%,-9.75%,-25.49%,-13.78%,-35.24%,40.18%,1.04%,0.35,1.04%,41.02,3.54%,3.38%,201.45,6.59%
1144,"MPB","Mid Penn Bancorp Inc","Financial","Banks - Regional",1.18%,-1.76%,4.42%,17.72%,26.67%,79.36%,-0.12%,0.25,0.18%,49.51,2.47%,2.06%,923.85,3.36%
1145,"MPLT","MapLight Therapeutics Inc","Healthcare","Biotechnology",-9.62%,-28.12%,-74.51%,-46.23%,,,-3.72%,0.20,-3.82%,26.01,5.88%,6.43%,524.90,27.32%
1146,"MPTI","M-tron Industries Inc","Technology","Electronic Components",1.21%,5.30%,-11.81%,47.96%,45.23%,328.88%,-1.59%,0.81,-0.99%,48.25,3.31%,3.75%,331.86,9.31%
1147,"MQ","Marqeta Inc","Technology","Software - Infrastructure",0.12%,-0.41%,6.15%,-11.00%,-17.27%,-24.91%,2.48%,0.47,2.18%,56.73,3.18%,2.87%,1760.31,5.21%
1148,"MRAM","Everspin Technologies Inc","Technology","Semiconductors",0.08%,14.48%,2.63%,95.53%,59.31%,84.40%,-3.38%,0.64,-3.64%,56.05,4.54%,5.32%,441.83,18.00%
1149,"MRBK","Meridian Corp","Financial","Banks - Regional",-0.60%,-2.49%,-3.19%,8.05%,24.97%,93.63%,-0.76%,0.49,0.13%,41.99,2.92%,2.35%,226.59,2.67%
1150,"MRCY","Mercury Systems Inc","Industrials","Aerospace & Defense",4.83%,-0.85%,-27.49%,15.04%,0.59%,132.46%,-1.08%,0.35,-1.04%,44.86,3.75%,4.14%,5111.86,8.38%
1151,"MRTN","Marten Transport Ltd","Industrials","Trucking",1.43%,-7.45%,-23.98%,15.16%,23.40%,-32.38%,-1.32%,0.58,-1.76%,38.07,1.80%,2.35%,1070.18,6.18%
1152,"MRVI","Maravai LifeSciences Holdings Inc","Healthcare","Biotechnology",6.80%,10.56%,37.64%,150.72%,163.71%,-15.65%,1.48%,0.45,3.15%,64.68,4.28%,4.84%,2115.95,11.12%
1153,"MRX","Marex Group Ltd","Financial","Capital Markets",4.14%,-1.86%,10.46%,93.53%,147.63%,,1.89%,0.25,2.05%,55.77,4.23%,4.54%,5340.14,3.88%
1154,"MSBI","Midland States Bancorp Inc","Financial","Banks - Regional",-0.51%,-1.58%,8.98%,55.88%,96.08%,58.27%,0.09%,0.32,-0.42%,50.09,2.52%,2.31%,684.81,5.38%
1155,"MSEX","Middlesex Water Co","Utilities","Utilities - Regulated Water",1.32%,-9.13%,-4.80%,5.40%,-0.80%,-19.77%,-0.80%,0.74,-0.78%,36.99,2.07%,1.95%,1001.39,4.69%
1156,"MSGE","Madison Square Garden Entertainment Corp","Communication Services","Entertainment",-2.67%,2.29%,6.14%,47.68%,74.61%,142.86%,-0.52%,0.51,-0.36%,50.51,4.04%,3.27%,3764.81,3.76%
1157,"MTH","Meritage Homes Corp","Consumer Cyclical","Residential Construction",-3.89%,-7.41%,-20.23%,-5.06%,-16.41%,6.92%,-1.70%,0.46,-2.16%,39.51,3.61%,3.14%,4071.43,7.28%
1158,"MTRN","Materion Corp","Basic Materials","Other Industrial Metals & Mining",20.75%,31.51%,27.98%,154.47%,154.26%,230.09%,2.05%,0.76,1.34%,78.38,5.38%,3.92%,6590.85,2.91%
1159,"MTRX","Matrix Service Co","Industrials","Engineering & Construction",8.62%,-0.85%,-15.98%,-10.60%,-18.28%,-11.21%,3.05%,0.71,1.75%,52.95,4.73%,4.00%,295.93,4.27%
1160,"MTUS","Metallus Inc","Basic Materials","Steel",11.28%,10.18%,13.68%,23.02%,25.28%,1.83%,3.99%,1.07,6.13%,66.20,3.74%,3.19%,875.00,5.91%
1161,"MTW","Manitowoc Co Inc","Industrials","Farm & Heavy Construction Machinery",7.42%,16.45%,94.09%,98.62%,126.81%,67.01%,1.64%,0.71,2.56%,69.14,4.84%,4.18%,858.82,3.88%
1162,"MTX","Minerals Technologies Inc","Basic Materials","Specialty Chemicals",-0.59%,-6.18%,-9.06%,9.05%,5.96%,29.11%,-0.00%,0.58,0.06%,39.18,1.95%,2.37%,2069.07,2.93%
1163,"MUR","Murphy Oil Corp","Energy","Oil & Gas E&P",5.76%,3.86%,17.88%,24.03%,27.29%,-8.00%,2.78%,0.50,2.92%,57.65,3.01%,3.09%,5557.38,7.48%
1164,"MUX","McEwen Inc","Basic Materials","Other Precious Metals & Mining",-1.77%,-13.34%,-1.93%,-3.84%,2.24%,192.28%,-0.06%,0.40,0.34%,40.93,3.18%,3.78%,1092.16,21.79%
1165,"MVBF","MVB Financial Corp","Financial","Banks - Regional",2.29%,-1.81%,6.04%,17.50%,15.80%,35.19%,-0.07%,0.35,-0.36%,51.24,3.16%,2.53%,393.56,2.69%
1166,"MVST","Microvast Holdings Inc","Consumer Cyclical","Auto Parts",-4.50%,-11.86%,-42.34%,-77.96%,-86.47%,-62.83%,-4.34%,0.46,-4.31%,38.42,6.56%,6.98%,237.26,10.58%
1167,"MWA","Mueller Water Products Inc","Industrials","Specialty Industrial Machinery",1.62%,-7.99%,-12.39%,-7.68%,-15.29%,72.61%,1.71%,0.36,1.52%,39.72,1.97%,1.93%,3433.20,3.90%
1168,"MXL","MaxLinear Inc","Technology","Semiconductors",17.61%,78.05%,23.34%,507.29%,543.46%,395.32%,0.06%,0.65,-0.08%,71.44,8.20%,7.78%,9599.87,5.68%
1169,"MYE","Myers Industries Inc","Consumer Cyclical","Packaging & Containers",1.76%,3.46%,6.00%,71.11%,90.90%,83.78%,1.66%,0.25,1.27%,55.03,3.11%,2.93%,1205.01,3.28%
1170,"MYFW","First Western Financial Inc","Financial","Banks - Regional",-1.21%,-4.07%,-8.27%,12.46%,32.42%,75.71%,0.17%,0.15,0.20%,42.70,2.02%,2.29%,294.43,2.17%
1171,"MYGN","Myriad Genetics Inc","Healthcare","Diagnostics & Research",5.78%,38.85%,-23.46%,-27.07%,-44.35%,-71.05%,-0.55%,0.43,-1.21%,65.87,6.04%,6.65%,428.99,10.55%
1172,"MYRG","MYR Group Inc","Industrials","Engineering & Construction",6.39%,7.07%,-27.41%,39.22%,52.44%,138.82%,0.06%,0.32,-0.19%,55.39,3.74%,3.54%,4736.01,4.64%
1173,"MZTI","Marzetti Co","Consumer Defensive","Packaged Foods",-2.58%,-6.77%,-13.31%,-40.10%,-41.55%,-41.41%,-0.98%,0.47,-1.04%,35.43,3.05%,3.12%,2687.89,13.30%
1174,"NABL","N-able Inc","Technology","Information Technology Services",7.04%,8.65%,-1.03%,-42.05%,-45.06%,-66.96%,1.05%,0.51,2.48%,58.11,5.30%,5.66%,818.91,7.60%
1175,"NAGE","Niagen Bioscience Inc","Consumer Defensive","Packaged Foods",-8.37%,-12.20%,-20.85%,-57.06%,-60.60%,97.88%,-2.13%,0.57,-2.13%,33.45,5.03%,3.19%,216.07,7.69%
1176,"NAT","Nordic American Tankers Ltd","Energy","Oil & Gas Midstream",6.61%,16.97%,41.00%,141.42%,149.40%,107.63%,-3.15%,2.18,-1.37%,67.44,4.63%,4.09%,1758.59,8.15%
1177,"NATH","Nathan's Famous Inc","Consumer Cyclical","Restaurants",0.08%,3.48%,0.54%,8.54%,-7.34%,48.22%,-0.12%,0.78,0.07%,62.50,0.23%,1.02%,416.18,4.62%
1178,"NATL","NCR Atleos Corp","Technology","Software - Application",0.01%,0.30%,1.95%,20.06%,15.89%,,0.85%,2.33,0.74%,48.60,1.38%,1.23%,3381.16,6.07%
1179,"NATR","Nature's Sunshine Products Inc","Consumer Defensive","Packaged Foods",-2.46%,-9.31%,-42.46%,-42.01%,-19.31%,-23.83%,-0.36%,0.51,0.52%,22.87,2.66%,2.81%,220.20,5.02%
1180,"NAUT","Nautilus Biotechnology Inc","Healthcare","Biotechnology",90.99%,130.56%,25.44%,8.72%,140.20%,-31.06%,-2.97%,19.92,8.16%,84.58,25.21%,13.39%,269.78,5.53%
1181,"NAVI","Navient Corp","Financial","Credit Services",2.14%,-4.54%,8.38%,-30.38%,-31.90%,-47.17%,-0.55%,0.49,-1.52%,45.08,3.64%,3.84%,848.74,13.03%
1182,"NAVN","Navan Inc","Technology","Software - Application",9.13%,-21.31%,-19.98%,27.66%,,,1.58%,0.43,1.75%,44.12,4.70%,5.02%,5683.16,8.36%
1183,"NB","NioCorp Developments Ltd","Basic Materials","Other Industrial Metals & Mining",-0.43%,-15.73%,-22.18%,-34.81%,-56.49%,-5.60%,-0.72%,0.61,-0.43%,37.24,3.86%,4.39%,503.91,7.38%
1184,"NBBK","NB Bancorp Inc","Financial","Banks - Regional",-0.36%,-2.14%,7.81%,13.42%,27.07%,,-0.22%,0.32,-0.40%,48.89,2.10%,1.94%,917.80,4.72%
1185,"NBHC","National Bank Holdings Corp","Financial","Banks - Regional",-3.91%,-9.01%,-13.98%,0.21%,-0.50%,25.21%,0.24%,1.18,0.08%,19.95,2.18%,1.74%,1696.52,4.69%
1186,"NBN","Northeast Bank","Financial","Banks - Regional",0.15%,-4.01%,-4.69%,21.67%,33.60%,185.12%,-0.57%,0.45,-0.32%,43.64,3.03%,2.85%,1081.82,5.42%
1187,"NBR","Nabors Industries Ltd","Energy","Oil & Gas Drilling",5.62%,-9.77%,7.42%,54.48%,96.08%,-20.00%,4.14%,0.41,5.33%,48.46,3.79%,3.85%,1274.28,7.20%
1188,"NBTB","NBT Bancorp Inc","Financial","Banks - Regional",0.59%,-0.99%,3.00%,23.12%,23.27%,56.52%,-0.78%,0.45,-0.80%,48.67,1.89%,1.70%,2656.20,4.67%
1189,"NC","Nacco Industries Inc","Energy","Thermal Coal",-1.38%,-8.79%,-21.29%,-24.02%,-10.58%,9.75%,2.64%,0.49,2.79%,39.28,3.17%,2.97%,281.19,1.86%
1190,"NCMI","National Cinemedia Inc","Communication Services","Advertising Agencies",-5.20%,-15.86%,-45.16%,-46.14%,-52.71%,-48.27%,-0.71%,1.26,-0.71%,32.31,7.11%,5.11%,197.08,11.03%
1191,"NCNO","Ncino Inc","Technology","Software - Application",2.90%,-19.00%,5.98%,-25.35%,-27.03%,-35.94%,2.41%,0.23,2.46%,43.97,4.95%,4.27%,2023.80,19.56%
1192,"NE","Noble Corp Plc","Energy","Oil & Gas Drilling",0.31%,-8.26%,11.42%,51.35%,42.94%,-11.46%,3.74%,0.68,5.01%,45.52,2.73%,3.55%,6823.11,11.52%
1193,"NECB","NorthEast Community Bancorp Inc","Financial","Banks - Regional",-0.60%,-1.60%,-1.05%,17.07%,31.23%,79.53%,-0.68%,0.29,-0.68%,46.65,2.60%,2.08%,364.39,1.38%
1194,"NEO","Neogenomics Inc","Healthcare","Diagnostics & Research",-3.11%,7.04%,28.90%,58.93%,105.38%,53.70%,1.25%,0.33,1.19%,54.11,4.61%,4.54%,2401.20,13.26%
1195,"NEOG","Neogen Corp","Healthcare","Medical Devices",-8.53%,7.82%,33.65%,79.54%,107.10%,-27.12%,3.55%,0.87,3.29%,50.68,5.07%,4.23%,2737.23,5.17%
1196,"NERV","Minerva Neurosciences Inc","Healthcare","Biotechnology",-2.65%,-29.42%,-30.61%,-17.66%,57.62%,-46.78%,0.30%,0.20,0.91%,34.21,5.74%,7.16%,158.04,6.43%
1197,"NESR","National Energy Services Reunited Corp","Energy","Oil & Gas Equipment & Services",-16.84%,-28.14%,-10.73%,58.30%,140.91%,323.76%,2.23%,0.97,0.49%,22.11,8.29%,4.82%,2500.11,4.73%
1198,"NEWT","NewtekOne Inc","Financial","Banks - Regional",0.86%,-8.32%,-21.07%,-0.56%,-0.56%,-18.63%,0.95%,0.35,0.95%,34.09,2.72%,2.44%,326.00,15.48%
1199,"NEXN","Nexxen International Ltd","Communication Services","Advertising Agencies",-0.05%,-8.69%,-6.55%,34.18%,2.16%,155.09%,-0.05%,0.38,-0.40%,39.87,4.10%,3.50%,499.75,4.88%
1200,"NEXT","NextDecade Corp","Energy","Oil & Gas Equipment & Services",0.75%,-10.93%,-15.38%,25.41%,-6.12%,47.52%,1.06%,0.55,1.99%,42.14,5.76%,4.56%,1759.22,17.04%
1201,"NG","Novagold Resources Inc","Basic Materials","Gold",-2.79%,-22.30%,5.98%,-30.64%,-35.29%,89.58%,-1.90%,0.59,-1.30%,36.58,3.62%,4.72%,2836.54,7.63%
1202,"NGNE","Neurogene Inc","Healthcare","Biotechnology",-7.99%,-30.33%,-28.79%,27.20%,17.29%,63.36%,1.92%,0.56,2.16%,28.11,5.80%,6.39%,524.37,19.52%
1203,"NGS","Natural Gas Services Group Inc","Energy","Oil & Gas Equipment & Services",3.62%,-4.87%,-12.45%,0.85%,25.27%,161.03%,2.30%,0.47,2.30%,46.08,3.06%,3.31%,437.70,3.97%
1204,"NGVC","Natural Grocers by Vitamin Cottage Inc","Consumer Defensive","Grocery Stores",-1.63%,10.87%,-10.49%,20.56%,-24.88%,139.10%,-0.59%,0.36,-1.34%,55.24,2.97%,3.54%,695.98,9.49%
1205,"NGVT","Ingevity Corp","Basic Materials","Specialty Chemicals",0.15%,4.33%,-0.69%,23.10%,32.43%,73.17%,0.19%,0.40,0.61%,58.94,3.00%,2.77%,2504.51,4.26%
1206,"NHC","National Healthcare Corp","Healthcare","Medical Care Facilities",2.22%,4.21%,6.74%,68.49%,90.39%,243.67%,1.52%,0.54,1.46%,58.63,2.54%,2.73%,3617.47,5.37%
1207,"NHI","National Health Investors Inc","Real Estate","REIT - Healthcare Facilities",-2.17%,-9.06%,-15.42%,-14.37%,-16.69%,25.58%,-0.23%,0.66,-0.50%,27.90,1.47%,1.80%,3211.44,4.19%
1208,"NHP","National Healthcare Properties Inc","Real Estate","REIT - Healthcare Facilities",-2.42%,-1.63%,1.48%,36.07%,,,-2.78%,0.38,-2.24%,41.17,3.39%,3.12%,365.26,8.74%
1209,"NIC","Nicolet Bankshares Inc","Financial","Banks - Regional",-0.76%,-3.15%,0.18%,36.43%,23.89%,133.01%,-1.14%,0.60,-0.59%,43.98,2.16%,2.15%,3468.15,5.55%
1210,"NJR","New Jersey Resources Corp","Utilities","Utilities - Regulated Gas",1.38%,-4.89%,-11.09%,10.79%,8.76%,24.50%,-0.75%,0.63,-0.96%,36.56,1.93%,1.86%,5184.52,4.03%
1211,"NKSH","National Bankshares Inc","Financial","Banks - Regional",1.37%,3.11%,19.18%,28.67%,48.72%,78.94%,0.75%,1.00,1.13%,59.73,2.45%,2.09%,274.85,1.88%
1212,"NKTR","Nektar Therapeutics","Healthcare","Biotechnology",-30.43%,-44.98%,-43.90%,-0.61%,-30.60%,432.57%,-3.56%,1.14,-3.58%,21.03,10.18%,6.53%,1434.69,17.35%
1213,"NKTX","Nkarta Inc","Healthcare","Biotechnology",-5.24%,-9.32%,-25.15%,36.76%,18.78%,86.03%,-1.56%,0.73,-1.75%,40.49,4.96%,7.16%,181.21,6.09%
1214,"NL","NLI Holdings Inc","Industrials","Security & Protection Services",0.64%,1.66%,16.83%,28.79%,14.74%,64.04%,0.21%,0.07,0.93%,57.05,2.80%,3.61%,344.49,1.84%
1215,"NLOP","Net Lease Office Properties","Real Estate","REIT - Office",-3.29%,-13.11%,-13.03%,-8.82%,-8.37%,,-0.96%,0.47,-0.91%,20.37,2.63%,2.59%,143.27,6.21%
1216,"NMAX","Newsmax Inc","Communication Services","Broadcasting",-9.82%,-9.48%,12.47%,27.17%,-22.66%,,3.26%,0.68,3.26%,41.77,6.35%,5.47%,1269.65,7.78%
1217,"NMIH","NMI Holdings Inc","Financial","Insurance - Specialty",-3.61%,-13.00%,-4.20%,-3.19%,7.54%,44.55%,1.75%,0.55,1.70%,34.00,4.40%,2.79%,2970.35,2.68%
1218,"NMRA","Neumora Therapeutics Inc","Healthcare","Biotechnology",-26.96%,-62.57%,-70.79%,-71.77%,-72.39%,-95.79%,1.06%,1.54,1.08%,18.71,14.97%,12.13%,94.94,8.80%
1219,"NMRK","Newmark Group Inc","Real Estate","Real Estate Services",1.20%,-15.25%,-19.23%,-27.10%,-30.47%,114.60%,0.40%,0.26,-0.08%,31.98,3.84%,3.43%,2290.73,4.07%
1220,"NN","NextNav Inc","Technology","Software - Infrastructure",-5.91%,-14.76%,-20.67%,-19.48%,-6.63%,166.38%,-3.95%,0.59,-4.16%,38.48,6.18%,6.02%,2261.90,16.63%
1221,"NNE","Nano Nuclear Energy Inc","Industrials","Specialty Industrial Machinery",-3.59%,-11.73%,-17.46%,-35.11%,-64.98%,,-0.77%,0.94,-0.26%,40.27,4.78%,5.43%,836.56,34.49%
1222,"NNI","Nelnet Inc","Financial","Credit Services",0.70%,-1.85%,-5.90%,-6.05%,-3.66%,40.60%,1.02%,0.39,0.85%,44.62,1.48%,1.64%,4469.53,3.20%
1223,"NODK","NI Holdings Inc","Financial","Insurance - Property & Casualty",1.27%,-1.50%,-2.52%,13.53%,13.53%,17.97%,1.27%,0.14,0.73%,52.23,2.20%,2.97%,308.11,1.19%
1224,"NOG","Northern Oil and Gas Inc","Energy","Oil & Gas E&P",4.95%,-5.91%,31.82%,13.46%,-2.72%,-35.32%,2.01%,0.47,2.22%,50.94,3.30%,3.30%,2595.54,21.15%
1225,"NOVT","Novanta Inc","Technology","Scientific & Technical Instruments",5.20%,1.51%,1.10%,25.62%,42.99%,4.91%,-0.02%,0.41,0.13%,57.99,2.96%,3.32%,5652.62,13.24%
1226,"NP","Neptune Insurance Holdings Inc","Financial","Insurance Brokers",-3.60%,-19.76%,-20.69%,-8.09%,-11.84%,,-4.08%,0.32,-2.30%,28.25,4.42%,4.25%,3677.79,4.54%
1227,"NPB","Northpointe Bancshares Inc","Financial","Banks - Regional",1.99%,-10.46%,-16.02%,-8.16%,-12.04%,,0.13%,0.53,0.39%,38.50,2.84%,2.46%,532.90,3.46%
1228,"NPCE","NeuroPace Inc","Healthcare","Medical Devices",-9.01%,-12.71%,-27.67%,-16.61%,17.90%,63.80%,1.86%,0.38,1.38%,34.39,4.30%,3.90%,441.93,3.57%
1229,"NPK","National Presto Industries Inc","Industrials","Aerospace & Defense",3.95%,5.09%,22.40%,42.43%,29.41%,119.82%,0.62%,0.96,0.88%,58.52,2.49%,2.95%,1085.11,4.65%
1230,"NPKI","NPK International Inc","Industrials","Building Products & Equipment",4.15%,-8.08%,-12.10%,1.18%,8.07%,85.83%,1.95%,0.42,2.29%,41.73,3.06%,3.04%,1024.05,3.45%
1231,"NPO","Enpro Inc","Industrials","Specialty Industrial Machinery",9.27%,13.78%,3.86%,56.89%,47.20%,176.32%,1.42%,0.55,1.02%,69.62,3.41%,3.42%,7111.29,2.64%
1232,"NPWR","NET Power Inc","Industrials","Specialty Industrial Machinery",-15.06%,-27.20%,-18.21%,-41.89%,-60.80%,-91.17%,-4.68%,0.61,-4.68%,27.45,5.84%,5.74%,297.93,6.82%
1233,"NRC","NRC Health","Healthcare","Health Information Services",4.09%,-1.74%,-8.30%,11.24%,71.01%,-54.99%,2.16%,0.47,2.61%,49.00,5.21%,4.55%,461.87,5.47%
1234,"NRDS","Nerdwallet Inc","Communication Services","Internet Content & Information",2.17%,-12.16%,-8.37%,-35.76%,-21.08%,0.40%,0.46%,0.55,0.87%,42.85,3.73%,3.59%,556.45,15.98%
1235,"NREF","NexPoint Real Estate Finance Inc","Real Estate","REIT - Mortgage",1.07%,-11.52%,-3.43%,10.97%,10.11%,6.64%,-1.30%,0.53,-1.17%,39.14,3.55%,2.84%,294.50,2.93%
1236,"NRGV","Energy Vault Holdings Inc","Utilities","Utilities - Renewable",-5.80%,0.66%,0.66%,-17.25%,14.22%,76.62%,-3.17%,0.43,-3.17%,44.45,6.36%,7.31%,693.72,23.79%
1237,"NRIM","Northrim Bancorp Inc","Financial","Banks - Regional",1.41%,-4.25%,-8.28%,-6.56%,16.41%,152.89%,-0.06%,0.53,0.42%,43.01,2.48%,2.27%,553.12,4.25%
1238,"NRIX","Nurix Therapeutics Inc","Healthcare","Biotechnology",-3.21%,-9.52%,-6.11%,20.77%,144.24%,232.99%,0.17%,0.33,-0.35%,33.94,3.68%,4.02%,2377.64,18.19%
1239,"NSIT","Insight Enterprises Inc","Technology","Electronics & Computer Distribution",2.42%,0.37%,42.44%,96.07%,43.30%,12.25%,-0.48%,0.43,-0.58%,56.16,3.05%,3.81%,4688.04,3.49%
1240,"NSP","Insperity Inc","Industrials","Staffing & Employment Services",-0.09%,-9.55%,2.90%,21.05%,-5.01%,-51.22%,1.69%,0.37,0.84%,40.15,4.31%,4.15%,1790.22,8.41%
1241,"NSSC","NAPCO Security Technologies Inc","Industrials","Security & Protection Services",3.67%,-1.90%,-5.35%,-12.84%,-14.76%,67.10%,0.57%,0.27,0.48%,51.80,2.17%,2.55%,1300.00,7.42%
1242,"NTB","Bank of N T Butterfield & Son Ltd","Financial","Banks - Diversified",-0.40%,-3.95%,-3.50%,17.55%,38.55%,120.91%,-0.21%,0.25,-0.33%,44.27,1.85%,1.82%,2303.13,2.30%
1243,"NTCT","Netscout Systems Inc","Technology","Software - Infrastructure",4.19%,9.50%,-3.09%,51.75%,54.66%,57.51%,0.47%,0.45,0.25%,65.73,2.90%,2.39%,2985.56,5.34%
1244,"NTGR","Netgear Inc","Technology","Communication Equipment",5.48%,9.94%,8.09%,-5.48%,-29.93%,101.09%,-0.23%,0.36,-1.59%,58.73,2.84%,3.25%,630.16,8.35%
1245,"NTLA","Intellia Therapeutics Inc","Healthcare","Biotechnology",8.41%,-2.37%,-28.97%,37.71%,-37.98%,-59.42%,1.31%,1.09,0.98%,52.77,5.28%,4.97%,1734.77,34.85%
1246,"NTST","Netstreit Corp","Real Estate","REIT - Retail",-3.67%,-14.51%,-20.47%,-0.99%,-5.49%,15.51%,-0.14%,0.57,-0.31%,22.02,2.02%,2.25%,1780.97,14.11%
1247,"NUAI","New Era Energy & Digital Inc","Technology","Software - Infrastructure",-14.30%,13.19%,36.81%,103.58%,275.16%,-43.46%,-5.32%,0.75,-5.17%,47.51,7.48%,9.03%,635.63,30.78%
1248,"NUS","Nu Skin Enterprises Inc","Consumer Defensive","Household & Personal Products",0.11%,-1.17%,-10.15%,-51.72%,-59.15%,-76.13%,0.54%,0.35,0.76%,46.89,2.98%,3.48%,226.10,10.09%
1249,"NUTX","Nutex Health Inc","Healthcare","Medical Care Facilities",2.96%,10.81%,16.57%,33.06%,103.04%,648.85%,1.17%,0.82,1.17%,61.56,4.22%,5.29%,1499.98,26.83%
1250,"NUVB","Nuvation Bio Inc","Healthcare","Biotechnology",-10.18%,-25.70%,-11.29%,-43.86%,35.58%,302.40%,-1.57%,1.29,-2.14%,27.60,5.22%,4.81%,1771.18,23.09%
1251,"NVAX","Novavax Inc","Healthcare","Biotechnology",1.99%,6.53%,16.44%,63.91%,16.44%,54.49%,5.51%,0.95,5.31%,65.90,5.64%,5.60%,1816.87,31.82%
1252,"NVCR","NovoCure Ltd","Healthcare","Medical Devices",-3.92%,-13.78%,-14.16%,17.63%,3.75%,5.62%,2.70%,0.61,1.81%,37.96,4.57%,4.40%,1771.14,11.27%
1253,"NVCT","Nuvectis Pharma Inc","Healthcare","Biotechnology",-0.12%,-14.71%,8.26%,175.30%,246.13%,91.21%,-5.44%,0.47,-5.18%,45.48,6.45%,7.09%,678.51,11.16%
1254,"NVEC","NVE Corp","Technology","Semiconductors",3.00%,14.76%,22.77%,90.64%,65.26%,43.04%,1.48%,0.45,1.51%,62.89,2.71%,3.39%,547.11,11.52%
1255,"NVGS","Navigator Holdings Ltd","Energy","Oil & Gas Midstream",3.25%,4.62%,17.79%,36.63%,50.16%,66.65%,-1.60%,0.63,-0.73%,56.01,3.27%,3.19%,1455.24,4.31%
1256,"NVRI","Enviri Corp","Industrials","Waste Management",6.54%,-11.45%,-8.50%,15.04%,72.22%,197.47%,0.51%,0.14,2.00%,49.45,3.94%,4.01%,581.14,12.35%
1257,"NVTS","Navitas Semiconductor Corp","Technology","Semiconductors",2.77%,8.60%,-13.83%,68.84%,54.16%,90.74%,-2.19%,1.56,-2.78%,51.00,8.11%,5.84%,3147.48,17.85%
1258,"NWBI","Northwest Bancshares Inc","Financial","Banks - Regional",0.00%,-2.51%,0.60%,26.00%,21.25%,45.11%,-0.33%,0.48,-0.46%,45.76,2.30%,1.78%,2214.46,6.25%
1259,"NWE","NorthWestern Energy Group Inc","Utilities","Utilities - Regulated Electric",1.97%,-2.12%,-1.91%,7.53%,20.21%,43.62%,0.52%,0.89,0.19%,50.36,2.38%,2.09%,4269.31,3.26%
1260,"NWFL","Norwood Financial Corp","Financial","Banks - Regional",-0.24%,-2.42%,7.03%,20.57%,32.68%,25.72%,0.42%,0.38,0.36%,48.56,2.53%,2.10%,368.71,1.67%
1261,"NWL","Newell Brands Inc","Consumer Defensive","Household & Personal Products",0.64%,-9.80%,-1.17%,47.18%,1.58%,-27.87%,2.34%,0.27,1.39%,44.52,3.87%,4.28%,2331.80,9.65%
1262,"NWN","Northwest Natural Holding Co","Utilities","Utilities - Regulated Gas",1.12%,-4.18%,-4.99%,1.25%,6.61%,24.15%,-0.18%,0.39,-0.12%,40.83,1.70%,1.68%,1992.07,4.45%
1263,"NWPX","NWPX Infrastructure Inc","Basic Materials","Steel",3.56%,-3.23%,-21.14%,70.88%,104.76%,259.41%,0.35%,0.28,0.75%,51.56,2.82%,2.88%,1029.06,7.77%
1264,"NX","Quanex Building Products Corp","Industrials","Building Products & Equipment",0.00%,3.30%,16.75%,26.01%,31.57%,-30.19%,2.16%,0.64,2.00%,46.05,3.97%,4.75%,888.11,9.27%
1265,"NXDR","Nextdoor Holdings Inc","Communication Services","Internet Content & Information",1.86%,9.56%,10.54%,17.38%,19.66%,31.12%,1.33%,0.36,1.02%,53.38,4.24%,4.47%,953.58,2.81%
1266,"NXDT","NexPoint Diversified Real Estate Trust","Real Estate","REIT - Diversified",-1.53%,-5.50%,-3.20%,34.46%,45.07%,-31.39%,-2.83%,0.39,-2.83%,45.12,2.69%,2.98%,273.49,2.57%
1267,"NXH","Neighborhood Intelligence Inc","Consumer Cyclical","Internet Retail",-31.17%,-45.32%,-61.81%,-61.04%,-82.30%,-86.47%,-15.60%,5.80,-22.93%,14.15,7.60%,5.90%,203.12,15.82%
1268,"NXRT","NexPoint Residential Trust Inc","Real Estate","REIT - Residential",-6.81%,-21.99%,-36.11%,-38.58%,-41.53%,-37.37%,-0.54%,0.62,-0.97%,22.37,4.38%,3.58%,474.28,11.76%
1269,"OABI","OmniAb Inc","Healthcare","Biotechnology",1.79%,1.58%,107.97%,160.81%,196.01%,-5.76%,-0.31%,0.45,-0.92%,59.89,6.07%,6.30%,701.51,6.01%
1270,"OBIO","Orchestra BioMed Holdings Inc","Healthcare","Biotechnology",2.39%,27.24%,52.30%,45.33%,122.55%,-21.37%,2.39%,0.64,1.36%,56.93,5.56%,6.84%,362.50,5.73%
1271,"OBK","Origin Bancorp Inc","Financial","Banks - Regional",1.03%,-1.46%,4.38%,42.40%,55.01%,85.95%,0.07%,0.68,-0.12%,51.90,1.91%,1.75%,1652.15,2.56%
1272,"OBT","Orange County Bancorp Inc","Financial","Banks - Regional",0.34%,-1.54%,3.61%,32.43%,51.84%,71.74%,0.66%,0.80,0.21%,50.17,2.77%,3.27%,506.93,1.39%
1273,"OCFC","OceanFirst Financial Corp","Financial","Banks - Regional",1.24%,-12.20%,-10.72%,-5.70%,-5.17%,18.95%,0.64%,0.44,0.88%,33.47,2.52%,2.19%,1666.57,5.91%
1274,"OCGN","Ocugen Inc","Healthcare","Biotechnology",-0.97%,-24.44%,-32.00%,-24.44%,-42.37%,146.62%,-0.97%,0.98,0.00%,39.86,5.53%,6.77%,345.89,32.08%
1275,"OCUL","Ocular Therapeutix Inc","Healthcare","Biotechnology",-8.56%,-34.21%,-32.24%,-42.34%,-38.65%,134.90%,2.34%,1.73,0.57%,25.90,11.80%,6.91%,1537.31,14.91%
1276,"ODC","Oil-Dri Corp Of America","Basic Materials","Specialty Chemicals",-1.24%,-0.64%,-12.14%,80.97%,46.06%,171.81%,-1.49%,1.36,-1.22%,45.82,2.76%,2.79%,1189.46,7.33%
1277,"ODD","ODDITY Tech Ltd","Consumer Defensive","Household & Personal Products",14.12%,42.14%,14.64%,-50.01%,-66.12%,-22.51%,5.16%,0.57,6.27%,65.63,5.43%,8.37%,926.41,22.31%
1278,"ODTX","Odyssey Therapeutics Inc","Healthcare","Biotechnology",-3.33%,-21.38%,30.45%,3.77%,,,1.15%,0.43,0.14%,43.31,8.64%,9.62%,997.45,11.25%
1279,"OEC","Orion S.A","Basic Materials","Specialty Chemicals",0.51%,-1.17%,4.42%,11.74%,-18.17%,-70.71%,2.97%,0.34,1.90%,48.40,4.94%,4.62%,333.49,4.35%
1280,"OFG","OFG Bancorp","Financial","Banks - Regional",0.35%,-2.73%,3.03%,25.38%,20.47%,68.35%,0.41%,0.34,0.18%,46.30,2.25%,1.82%,2171.60,4.97%
1281,"OFIX","Orthofix Medical Inc","Healthcare","Medical Devices",-4.69%,0.74%,-19.98%,-38.13%,-35.80%,-20.38%,3.18%,0.53,3.18%,49.63,4.42%,4.25%,382.03,6.23%
1282,"OFLX","Omega Flex Inc","Industrials","Specialty Industrial Machinery",1.46%,-0.60%,-13.90%,-11.54%,-15.44%,-66.66%,-0.44%,0.36,-1.09%,47.33,3.24%,2.95%,262.89,2.89%
1283,"OFRM","Once Upon a Farm PBC","Consumer Defensive","Packaged Foods",-0.79%,-6.80%,-24.56%,-22.33%,,,0.37%,0.24,0.56%,47.19,4.77%,4.29%,684.88,25.97%
1284,"OGS","ONE Gas Inc","Utilities","Utilities - Regulated Gas",1.93%,-9.31%,-6.16%,-5.44%,-8.38%,9.07%,0.64%,0.27,0.65%,36.88,1.64%,1.83%,4591.34,6.15%
1285,"OI","O-I Glass Inc","Consumer Cyclical","Packaging & Containers",-4.73%,-21.67%,-44.21%,-62.69%,-57.44%,-65.30%,3.51%,0.75,-1.66%,24.25,3.76%,4.02%,846.17,11.41%
1286,"OII","Oceaneering International Inc","Energy","Oil & Gas Equipment & Services",0.68%,-10.87%,15.73%,92.07%,89.47%,98.25%,4.42%,0.34,4.14%,46.34,3.35%,3.48%,4593.66,7.70%
1287,"OIS","Oil States International Inc","Energy","Oil & Gas Equipment & Services",4.03%,-2.43%,10.41%,27.70%,37.44%,15.73%,3.41%,0.74,5.04%,56.69,2.96%,3.15%,521.49,4.45%
1288,"OKUR","OnKure Therapeutics Inc","Healthcare","Biotechnology",-7.20%,-28.06%,-41.53%,-11.68%,-5.49%,-96.54%,0.05%,1.71,0.05%,26.06,10.96%,7.89%,103.72,4.94%
1289,"OLMA","Olema Pharmaceuticals Inc","Healthcare","Biotechnology",-5.77%,-24.39%,-35.76%,-67.55%,-26.91%,-36.22%,-2.01%,0.48,-1.36%,26.41,4.94%,5.66%,709.89,22.86%
1290,"OLP","One Liberty Properties Inc","Real Estate","REIT - Diversified",0.00%,-7.08%,-11.90%,8.72%,-0.76%,22.01%,0.18%,0.77,0.14%,25.99,1.86%,1.91%,481.46,2.61%
1291,"OMCL","Omnicell Inc","Healthcare","Health Information Services",0.59%,-2.15%,-23.20%,-24.79%,10.08%,-22.02%,2.44%,0.20,1.40%,50.49,2.84%,2.83%,1554.10,7.47%
1292,"OMDA","Omada Health Inc","Healthcare","Health Information Services",7.69%,-6.32%,-9.21%,32.32%,-4.61%,,2.16%,0.32,2.51%,49.52,4.46%,4.95%,1278.25,15.02%
1293,"OMER","Omeros Corp","Healthcare","Biotechnology",-2.52%,-0.89%,83.35%,10.28%,313.54%,588.73%,0.64%,0.22,1.77%,53.60,3.42%,4.28%,1371.04,18.03%
1294,"ONB","Old National Bancorp","Financial","Banks - Regional",-0.85%,-3.79%,-5.42%,12.04%,12.70%,72.87%,0.23%,0.57,0.15%,43.39,2.49%,1.98%,9562.84,6.23%
1295,"ONDS","Ondas Inc","Technology","Communication Equipment",-3.03%,-2.40%,1.32%,-23.70%,-24.85%,1241.84%,-2.40%,0.57,2.86%,47.17,4.95%,4.85%,4336.52,44.04%
1296,"ONEW","Onewater Marine Inc","Consumer Cyclical","Specialty Retail",-2.97%,-19.95%,-12.72%,-12.48%,-41.47%,-59.37%,-3.27%,0.20,-3.56%,36.78,6.60%,7.29%,157.83,9.98%
1297,"ONIT","Onity Group Inc","Financial","Mortgage Finance",-5.80%,-20.41%,-26.88%,-39.35%,-26.79%,23.92%,1.80%,1.29,1.87%,24.93,5.28%,3.96%,232.00,5.50%
1298,"ONL","Orion Properties Inc","Real Estate","REIT - Office",-4.17%,-10.58%,-13.47%,6.43%,-9.57%,-44.26%,0.64%,0.75,-0.19%,33.41,2.37%,2.77%,137.22,3.64%
1299,"ONT","Onterris Inc","Industrials","Waste Management",-6.28%,-21.96%,-36.22%,-44.74%,-51.64%,-49.93%,7.69%,0.81,7.95%,36.74,8.11%,6.80%,481.81,13.69%
1300,"OOMA","Ooma Inc","Technology","Software - Application",-1.06%,-10.37%,3.74%,78.64%,80.80%,66.57%,3.74%,0.55,0.75%,41.94,3.78%,3.79%,578.36,6.78%
1301,"OPAL","OPAL Fuels Inc","Industrials","Engineering & Construction",-1.40%,-10.36%,-14.26%,-24.64%,-22.16%,-76.37%,0.27%,0.47,2.00%,38.18,5.35%,5.67%,310.04,15.15%
1302,"OPBK","OP Bancorp","Financial","Banks - Regional",1.22%,0.30%,4.13%,9.04%,11.65%,71.64%,-0.67%,0.42,-0.54%,53.54,1.78%,1.90%,229.91,1.52%
1303,"OPCH","Option Care Health Inc","Healthcare","Medical Care Facilities",1.66%,-4.82%,7.93%,-26.93%,-15.35%,-28.41%,3.10%,0.26,2.83%,49.20,2.29%,2.74%,3487.00,8.22%
1304,"OPEN","Opendoor Technologies Inc","Real Estate","Real Estate Services",-4.53%,-25.88%,-51.57%,-60.21%,-71.39%,-12.12%,-4.13%,0.51,-4.92%,28.69,5.07%,4.91%,2252.93,26.24%
1305,"OPFI","OppFi Inc","Financial","Credit Services",-0.49%,-16.80%,-35.76%,-41.78%,-43.82%,175.28%,1.84%,0.47,2.01%,32.15,2.68%,3.69%,518.91,6.33%
1306,"OPK","Opko Health Inc","Healthcare","Diagnostics & Research",-3.68%,-2.48%,5.37%,24.60%,0.64%,3.97%,1.29%,0.41,0.64%,48.83,2.47%,3.92%,1171.73,9.38%
1307,"OPLN","Openlane Inc","Consumer Cyclical","Auto & Truck Dealerships",2.83%,2.18%,-13.38%,19.74%,25.78%,139.81%,0.68%,0.50,0.37%,55.24,2.07%,2.21%,4378.95,2.29%
1308,"OPRT","Oportun Financial Corp","Financial","Credit Services",3.02%,15.11%,50.18%,61.25%,47.07%,26.37%,2.03%,1.00,2.16%,63.23,3.37%,4.12%,392.27,2.89%
1309,"OPTU","Optimum Communications Inc","Communication Services","Telecom Services",-2.77%,-5.58%,-16.78%,-40.48%,-60.72%,-67.70%,6.80%,0.22,7.23%,49.00,7.92%,7.95%,374.57,10.47%
1310,"OPTX","Syntec Optics Holdings Inc","Technology","Electronic Components",36.18%,24.42%,0.57%,237.59%,522.90%,-9.17%,5.17%,3.19,5.63%,66.80,8.68%,7.41%,388.90,16.35%
1311,"ORA","Ormat Technologies Inc","Utilities","Utilities - Renewable",1.27%,-12.17%,-16.86%,-17.17%,-9.67%,38.52%,-0.57%,0.66,-1.46%,40.21,3.04%,3.13%,5627.44,9.93%
1312,"ORC","Orchid Island Capital Inc","Real Estate","REIT - Mortgage",-10.39%,-21.93%,-24.82%,-29.31%,-28.61%,-34.99%,0.00%,1.50,-0.39%,14.74,4.54%,2.70%,1004.80,8.22%
1313,"ORGO","Organogenesis Holdings Inc","Healthcare","Drug Manufacturers - Specialty & Generic",-3.99%,-19.21%,-47.00%,-74.42%,-69.11%,-53.43%,0.38%,0.76,-0.38%,31.29,4.14%,4.89%,170.50,19.83%
1314,"ORIC","ORIC Pharmaceuticals Inc","Healthcare","Biotechnology",-6.44%,-2.55%,14.11%,51.77%,7.35%,97.38%,-2.09%,0.64,1.72%,44.19,6.74%,5.64%,1286.85,25.70%
1315,"ORKA","Oruka Therapeutics Inc","Healthcare","Biotechnology",0.01%,-7.46%,-0.35%,177.80%,325.47%,536.42%,-0.53%,0.32,-0.38%,37.80,3.81%,5.15%,5574.95,12.97%
1316,"ORMP","Oramed Pharmaceuticals Inc","Healthcare","Biotechnology",-4.26%,-7.76%,5.76%,71.16%,99.92%,104.10%,1.06%,0.37,1.28%,42.82,3.30%,3.42%,189.16,4.20%
1317,"ORN","Orion Group Holdings Inc","Industrials","Engineering & Construction",10.78%,1.09%,-35.09%,-6.94%,9.08%,77.88%,1.10%,0.28,-0.54%,51.60,4.17%,3.44%,374.59,7.10%
1318,"ORRF","Orrstown Financial Services Inc","Financial","Banks - Regional",0.10%,-2.21%,2.80%,17.22%,23.10%,99.14%,-0.19%,0.36,-0.36%,47.72,2.53%,2.22%,816.69,3.25%
1319,"OSBC","Old Second Bancorporation Inc","Financial","Banks - Regional",0.10%,-3.13%,8.20%,27.56%,44.12%,82.64%,-0.66%,0.74,-0.30%,48.04,1.99%,1.90%,1265.53,5.15%
1320,"OSCR","Oscar Health Inc","Healthcare","Healthcare Plans",7.03%,-1.56%,1.98%,120.85%,46.52%,474.92%,2.47%,0.58,2.57%,54.44,4.18%,5.63%,9796.59,7.07%
1321,"OSG","Octave Specialty Group Inc","Financial","Insurance - Specialty",11.83%,-2.65%,-27.80%,-41.07%,-48.89%,-62.63%,-0.33%,0.36,-0.33%,51.77,5.03%,4.57%,206.56,4.09%
1322,"OSIS","OSI Systems Inc","Technology","Electronic Components",2.53%,-4.21%,-9.51%,-22.40%,-21.23%,69.68%,0.11%,0.40,0.58%,43.21,2.70%,3.03%,3155.40,14.11%
1323,"OSPN","OneSpan Inc","Technology","Software - Infrastructure",2.29%,9.16%,23.41%,42.45%,15.91%,74.52%,1.16%,0.37,0.94%,66.63,2.82%,3.05%,674.02,10.97%
1324,"OSS","One Stop Systems Inc","Technology","Computer Hardware",-5.50%,-13.73%,-39.47%,17.27%,49.29%,345.50%,-2.66%,0.74,-2.77%,33.74,6.03%,4.81%,210.04,23.24%
1325,"OSUR","Orasure Technologies Inc","Healthcare","Medical Instruments & Supplies",1.27%,11.73%,-7.41%,65.29%,25.79%,-32.89%,1.01%,0.48,0.88%,61.87,3.59%,4.09%,275.87,4.93%
1326,"OSW","OneSpaWorld Holdings Limited","Consumer Cyclical","Leisure",2.24%,4.59%,-14.72%,12.30%,11.28%,112.12%,-1.06%,0.30,-1.39%,51.02,2.87%,3.09%,2364.03,6.83%
1327,"OTTR","Otter Tail Corp","Industrials","Conglomerates",0.48%,-0.38%,-2.11%,10.05%,11.51%,19.97%,0.14%,0.57,0.07%,48.55,1.95%,2.04%,3733.82,12.55%
1328,"OUST","Ouster Inc","Technology","Electronic Components",7.41%,22.61%,-0.30%,103.00%,47.12%,855.00%,-0.90%,1.11,-1.04%,61.67,6.68%,5.97%,3167.90,9.81%
1329,"OUT","Outfront Media Inc","Real Estate","REIT - Specialty",3.60%,-1.65%,-12.93%,19.98%,59.31%,243.48%,1.03%,0.20,0.75%,53.12,2.29%,2.17%,5092.90,5.60%
1330,"OVBC","Ohio Valley Banc Corp","Financial","Banks - Regional",-0.81%,-4.58%,6.43%,10.88%,22.75%,84.02%,-1.03%,0.16,-0.63%,44.52,2.43%,2.66%,208.84,1.64%
1331,"OVID","Ovid Therapeutics Inc","Healthcare","Biotechnology",-4.27%,-15.29%,-14.67%,44.48%,27.99%,-34.03%,-1.46%,0.49,-1.05%,35.59,5.39%,4.79%,459.93,11.69%
1332,"OVLY","Oak Valley Bancorp","Financial","Banks - Regional",-0.77%,-1.43%,1.57%,13.16%,23.69%,35.73%,0.31%,0.98,-0.22%,48.48,2.31%,2.22%,286.16,1.26%
1333,"OXM","Oxford Industries Inc","Consumer Cyclical","Apparel Manufacturing",-1.70%,-30.63%,-29.51%,-25.70%,-37.46%,-72.92%,1.58%,1.18,1.93%,28.16,4.29%,4.81%,380.60,26.42%
1334,"PACB","Pacific Biosciences of California Inc","Healthcare","Medical Devices",57.60%,107.30%,72.75%,44.11%,80.87%,-67.22%,6.52%,2.24,6.10%,87.99,15.73%,8.47%,837.66,17.15%
1335,"PACK","Ranpak Holdings Corp","Consumer Cyclical","Packaging & Containers",-8.84%,-9.46%,-38.80%,-26.70%,-32.10%,-15.63%,-2.57%,0.56,-3.04%,35.13,4.57%,4.61%,340.07,3.97%
1336,"PACS","PACS Group Inc","Healthcare","Medical Care Facilities",-1.13%,-1.15%,-2.40%,10.90%,210.99%,,-0.99%,0.33,-0.64%,49.42,4.37%,3.71%,6741.14,8.24%
1337,"PAGS","PagSeguro Digital Ltd","Technology","Software - Infrastructure",25.14%,11.82%,25.14%,16.72%,21.91%,36.16%,7.92%,6.79,23.48%,73.85,3.49%,3.50%,3090.90,12.96%
1338,"PAHC","Phibro Animal Health Corp","Healthcare","Drug Manufacturers - Specialty & Generic",5.78%,-2.11%,14.02%,1.08%,-1.45%,192.53%,1.68%,0.58,1.41%,62.87,3.87%,3.55%,1533.32,5.46%
1339,"PAL","Proficient Auto Logistics Inc","Industrials","Integrated Freight & Logistics",0.57%,-29.00%,-44.18%,-63.17%,-41.90%,,-0.56%,0.41,-0.28%,23.68,4.88%,6.73%,99.59,13.66%
1340,"PALI","Palisade Bio Inc","Healthcare","Biotechnology",-2.57%,-28.53%,-29.74%,-37.81%,-8.66%,-82.94%,0.79%,0.45,1.49%,35.87,7.43%,7.33%,254.70,18.42%
1341,"PAMT","PAMT Corp","Industrials","Trucking",1.07%,-3.01%,-7.69%,1.32%,7.84%,-42.43%,0.00%,0.43,0.00%,49.24,5.36%,6.32%,256.33,1.79%
1342,"PANL","Pangaea Logistics Solutions Ltd","Industrials","Marine Shipping",6.30%,2.71%,25.59%,23.76%,67.29%,42.87%,0.77%,1.12,1.01%,61.25,3.05%,3.08%,557.51,3.28%
1343,"PAR","Par Technology Corp","Technology","Software - Application",9.49%,-20.98%,-18.39%,-58.83%,-61.41%,-62.44%,4.84%,0.50,4.81%,41.81,4.68%,5.27%,617.75,22.27%
1344,"PARR","Par Pacific Holdings Inc","Energy","Oil & Gas Refining & Marketing",10.96%,5.54%,40.77%,146.21%,152.09%,166.37%,1.14%,0.43,3.00%,60.95,5.28%,5.52%,4334.52,9.39%
1345,"PATK","Patrick Industries Inc","Consumer Cyclical","Recreational Vehicles",-2.81%,-17.81%,-23.56%,-38.16%,-35.42%,38.74%,0.01%,0.46,-0.15%,29.98,3.07%,3.42%,2153.79,16.20%
1346,"PAX","Patria Investments Ltd","Financial","Asset Management",10.74%,-1.50%,0.63%,-29.89%,-22.10%,-21.99%,5.19%,2.96,9.11%,62.14,2.20%,2.51%,1797.93,8.75%
1347,"PAY","Paymentus Holdings Inc","Technology","Software - Infrastructure",5.61%,-14.07%,10.83%,0.02%,-2.72%,112.64%,3.84%,0.41,2.49%,41.54,3.45%,4.35%,3979.40,5.77%
1348,"PAYO","Payoneer Global Inc","Technology","Software - Infrastructure",0.22%,-0.33%,0.79%,27.33%,16.74%,16.74%,0.22%,1.02,0.08%,56.78,0.28%,0.45%,2424.81,5.38%
1349,"PAYS","PaySign Inc","Technology","Software - Infrastructure",14.21%,12.09%,70.50%,182.08%,129.13%,693.82%,1.59%,0.76,2.09%,67.82,5.49%,5.32%,820.22,5.02%
1350,"PBF","PBF Energy Inc","Energy","Oil & Gas Refining & Marketing",12.30%,10.90%,72.39%,208.05%,173.73%,81.61%,3.61%,0.63,3.42%,65.67,5.80%,6.20%,9902.88,11.06%
1351,"PBFS","Pioneer Bancorp Inc","Financial","Banks - Regional",-1.52%,-3.22%,2.95%,29.45%,33.10%,106.26%,-1.58%,1.44,-1.80%,42.43,2.95%,2.83%,433.49,1.45%
1352,"PBH","Prestige Consumer Healthcare Inc","Healthcare","Drug Manufacturers - Specialty & Generic",-2.73%,-13.15%,-9.46%,-26.00%,-28.63%,-20.48%,1.20%,0.33,0.86%,40.96,2.37%,3.11%,2162.65,10.27%
1353,"PBI","Pitney Bowes Inc","Industrials","Integrated Freight & Logistics",3.00%,-4.03%,-0.99%,59.61%,51.72%,352.31%,0.66%,0.40,0.66%,51.91,3.42%,2.66%,2312.86,13.62%
1354,"PBLS","Parabilis Medicines Inc","Healthcare","Biotechnology",-9.55%,-27.71%,-2.93%,-11.66%,,,-3.03%,0.62,-2.71%,34.06,8.68%,8.39%,3639.29,7.86%
1355,"PBYI","Puma Biotechnology Inc","Healthcare","Biotechnology",-2.04%,2.23%,20.85%,61.68%,87.52%,295.88%,1.58%,0.64,1.16%,53.67,3.58%,4.13%,496.59,11.01%
1356,"PCB","PCB Bancorp","Financial","Banks - Regional",2.61%,0.89%,-1.12%,30.76%,36.96%,83.83%,1.18%,0.37,1.07%,58.82,2.64%,1.95%,397.60,2.62%
1357,"PCRX","Pacira BioSciences Inc","Healthcare","Drug Manufacturers - Specialty & Generic",-0.71%,-5.23%,-2.36%,-2.59%,1.49%,-13.25%,-0.79%,0.48,0.00%,50.71,3.08%,3.17%,1004.92,19.80%
1358,"PCT","PureCycle Technologies Inc","Industrials","Pollution & Treatment Controls",-12.66%,-35.60%,-43.08%,-52.62%,-70.05%,-20.82%,-6.33%,2.41,-7.29%,22.72,7.47%,6.27%,817.68,29.13%
1359,"PCVX","Vaxcyte Inc","Healthcare","Biotechnology",25.97%,19.99%,20.98%,59.08%,72.06%,49.95%,-15.79%,15.41,29.96%,76.25,3.53%,3.63%,10922.30,11.10%
1360,"PCYO","Pure Cycle Corp","Utilities","Utilities - Regulated Water",-0.87%,-2.56%,1.74%,-1.41%,-2.48%,12.05%,-0.69%,0.52,-0.60%,40.67,1.40%,1.48%,261.09,2.20%
1361,"PD","Pagerduty Inc","Technology","Software - Application",6.74%,9.62%,50.35%,17.90%,-3.58%,-27.37%,3.25%,0.52,0.76%,66.52,4.22%,3.75%,1215.64,11.90%
1362,"PDEX","Pro-Dex Inc","Healthcare","Medical Instruments & Supplies",-9.97%,4.42%,9.53%,67.57%,89.48%,327.59%,0.73%,0.35,0.64%,43.50,4.67%,6.08%,206.55,10.34%
1363,"PDFS","PDF Solutions Inc","Technology","Software - Application",12.68%,28.99%,8.58%,96.49%,114.71%,75.74%,1.27%,0.49,1.01%,70.81,4.41%,4.71%,2367.26,8.62%
1364,"PDLB","Ponce Financial Group Inc","Financial","Banks - Regional",1.14%,-0.29%,1.89%,25.02%,40.87%,163.74%,0.64%,0.19,0.44%,53.73,1.67%,1.69%,494.40,1.97%
1365,"PDM","Piedmont Realty Trust Inc","Real Estate","REIT - Office",-1.15%,-7.17%,-5.91%,7.85%,2.92%,85.75%,-0.06%,0.41,-0.06%,41.56,2.48%,2.66%,1125.57,4.03%
1366,"PDYN","Palladyne AI Corp","Technology","Software - Infrastructure",-1.16%,-8.12%,-2.82%,22.50%,-47.13%,563.78%,-2.09%,1.20,-2.09%,37.65,4.45%,4.52%,257.47,18.41%
1367,"PEB","Pebblebrook Hotel Trust","Real Estate","REIT - Hotel & Motel",2.35%,8.12%,4.24%,69.35%,73.33%,46.45%,1.64%,0.46,0.52%,65.31,2.53%,2.83%,2163.19,16.62%
1368,"PEBK","Peoples Bancorp Of North Carolina Inc","Financial","Banks - Regional",2.29%,1.92%,4.95%,22.50%,46.49%,111.26%,0.36%,0.12,-0.29%,53.81,2.49%,2.30%,241.07,1.98%
1369,"PEBO","Peoples Bancorp Inc (Marietta, OH)","Financial","Banks - Regional",-4.42%,-5.75%,-2.86%,24.48%,24.89%,45.39%,-0.21%,0.80,-0.27%,35.59,2.41%,1.72%,1343.53,5.29%
1370,"PECO","Phillips Edison & Company Inc","Real Estate","REIT - Retail",0.11%,-3.96%,-11.02%,5.79%,11.50%,12.66%,-0.05%,0.66,-0.34%,41.78,1.64%,1.61%,5309.60,3.77%
1371,"PENG","Penguin Solutions Inc","Technology","Information Technology Services",11.13%,25.64%,-2.57%,212.37%,120.18%,154.90%,0.10%,0.78,-0.42%,63.14,5.22%,5.03%,3130.93,14.45%
1372,"PENN","PENN Entertainment Inc","Consumer Cyclical","Resorts & Casinos",0.23%,-11.19%,-26.49%,3.56%,-19.61%,-25.63%,3.21%,0.55,3.42%,36.53,4.64%,3.83%,2047.86,12.36%
1373,"PESI","Perma-Fix Environmental Services Inc","Industrials","Waste Management",-2.67%,-17.18%,6.15%,20.90%,51.46%,49.23%,-1.79%,0.17,-2.17%,34.20,3.95%,4.65%,322.99,14.66%
1374,"PFBC","Preferred Bank (Los Angeles, CA)","Financial","Banks - Regional",-2.35%,2.13%,1.18%,12.74%,18.25%,69.25%,0.42%,0.41,-0.02%,52.79,2.72%,2.19%,1261.86,10.38%
1375,"PFIS","Peoples Financial Services Corp","Financial","Banks - Regional",0.13%,-2.06%,3.58%,42.58%,44.96%,73.19%,-0.10%,0.26,0.23%,48.46,2.72%,2.34%,695.22,2.68%
1376,"PFS","Provident Financial Services Inc","Financial","Banks - Regional",-0.22%,-4.58%,-4.54%,13.82%,14.17%,47.03%,-0.49%,0.61,-0.44%,39.94,2.07%,1.75%,2931.92,5.01%
1377,"PFSI","PennyMac Financial Services Inc","Financial","Mortgage Finance",-1.40%,-14.28%,-22.61%,-52.39%,-49.03%,-5.68%,-0.03%,0.57,1.24%,28.17,3.42%,2.62%,3260.96,8.75%
1378,"PGC","Peapack-Gladstone Financial Corp","Financial","Banks - Regional",0.73%,-3.27%,-5.51%,59.57%,60.67%,69.94%,0.11%,0.19,-0.31%,44.84,2.69%,2.10%,787.83,6.22%
1379,"PGEN","Precigen Inc","Healthcare","Biotechnology",1.15%,10.64%,43.38%,89.00%,143.08%,476.64%,-7.28%,1.51,-7.49%,55.25,5.93%,5.18%,2828.48,25.74%
1380,"PGNY","Progyny Inc","Healthcare","Healthcare Plans",-0.36%,-4.44%,-17.39%,-0.98%,23.49%,-23.71%,0.70%,0.41,0.78%,42.07,2.77%,2.80%,1950.97,6.32%
1381,"PHAT","Phathom Pharmaceuticals Inc","Healthcare","Biotechnology",-7.22%,-24.65%,-40.96%,-58.89%,-44.15%,-35.05%,-1.88%,0.57,-1.45%,31.46,4.63%,5.49%,551.69,19.75%
1382,"PHIN","PHINIA Inc","Consumer Cyclical","Auto Parts",-1.42%,-12.48%,-23.51%,-4.48%,5.63%,127.59%,0.45%,0.62,0.17%,32.97,2.79%,2.99%,2193.88,10.68%
1383,"PHR","Phreesia Inc","Healthcare","Health Information Services",2.48%,-6.76%,-5.48%,-38.83%,-55.52%,-42.31%,2.37%,0.37,2.78%,47.49,3.84%,3.59%,642.43,5.48%
1384,"PI","Impinj Inc","Technology","Semiconductors",6.35%,7.43%,36.17%,8.10%,1.58%,268.41%,-0.90%,0.29,-0.79%,63.74,3.42%,4.05%,5747.65,10.19%
1385,"PII","Polaris Inc","Consumer Cyclical","Recreational Vehicles",0.81%,-13.69%,-17.85%,-16.64%,-18.00%,-45.73%,-1.10%,0.49,-1.83%,32.47,2.70%,3.60%,3000.24,8.31%
1386,"PINE","Alpine Income Property Trust Inc","Real Estate","REIT - Retail",4.23%,-9.63%,-12.15%,5.29%,25.12%,5.23%,0.09%,0.51,-0.42%,39.78,2.98%,2.38%,315.75,2.16%
1387,"PIPR","Piper Sandler Co's","Financial","Capital Markets",-7.89%,-15.07%,-12.05%,-20.95%,-21.41%,88.91%,1.59%,0.85,1.03%,32.92,5.25%,3.49%,4666.81,3.53%
1388,"PJT","PJT Partners Inc","Financial","Capital Markets",-7.18%,-25.50%,-17.87%,-17.21%,-22.88%,77.34%,0.20%,0.49,-0.19%,22.19,3.34%,3.32%,3538.95,8.01%
1389,"PK","Park Hotels & Resorts Inc","Real Estate","REIT - Hotel & Motel",-1.99%,2.17%,8.81%,47.29%,38.93%,45.20%,-0.66%,0.65,-0.79%,52.27,2.15%,2.56%,3102.02,18.61%
1390,"PKBK","Parke Bancorp Inc","Financial","Banks - Regional",-2.75%,-3.86%,-0.41%,30.69%,54.80%,99.43%,-0.71%,0.47,-0.44%,36.01,2.60%,2.37%,384.90,2.44%
1391,"PKE","Park Aerospace Corp","Industrials","Aerospace & Defense",0.64%,-2.69%,-18.82%,40.44%,52.05%,89.68%,-1.06%,0.24,-1.48%,41.11,2.56%,3.36%,651.88,6.21%
1392,"PKOH","Park-Ohio Holdings Corp","Industrials","Specialty Industrial Machinery",1.74%,7.42%,36.80%,130.49%,131.15%,147.63%,1.50%,0.43,1.89%,60.38,3.70%,3.31%,699.34,2.72%
1393,"PLAB","Photronics Inc","Technology","Semiconductor Equipment & Materials",1.34%,9.68%,12.19%,-3.41%,26.68%,53.39%,-1.41%,0.36,-1.85%,56.24,2.58%,2.81%,1823.53,7.65%
1394,"PLAY","Dave & Buster's Entertainment Inc","Communication Services","Entertainment",4.84%,-22.49%,-37.37%,-58.54%,-64.31%,-81.18%,-1.90%,0.95,-0.44%,37.42,5.05%,6.55%,234.07,29.75%
1395,"PLBC","Plumas Bancorp","Financial","Banks - Regional",-0.22%,-0.74%,6.57%,39.19%,46.50%,83.98%,-0.06%,0.25,-0.54%,52.12,1.71%,2.04%,432.89,4.60%
1396,"PLBY","Playboy Inc","Consumer Cyclical","Apparel Manufacturing",0.97%,-11.86%,-11.86%,-44.68%,-28.77%,60.00%,-0.81%,0.49,0.00%,37.66,4.06%,3.82%,124.60,4.87%
1397,"PLGO","Pelagos Insurance Capital Ltd","Financial","Insurance - Diversified",2.84%,-3.76%,0.49%,25.70%,35.91%,69.54%,1.32%,0.63,1.44%,55.23,1.91%,1.97%,2035.11,6.38%
1398,"PLMR","Palomar Holdings Inc","Financial","Insurance - Property & Casualty",3.61%,-6.34%,-12.25%,-5.40%,9.37%,152.45%,0.12%,0.39,0.79%,44.94,3.12%,2.97%,3355.18,3.64%
1399,"PLOW","Douglas Dynamics Inc","Consumer Cyclical","Auto Parts",2.90%,-1.49%,-7.91%,24.61%,29.74%,37.04%,0.98%,0.17,0.43%,51.48,2.57%,2.38%,938.91,2.18%
1400,"PLPC","Preformed Line Products Co","Industrials","Electrical Equipment & Parts",-1.73%,4.21%,25.39%,97.94%,104.84%,155.89%,-1.50%,0.52,-2.45%,48.43,3.60%,4.08%,2000.28,5.81%
1401,"PLSE","Pulse Biosciences Inc","Healthcare","Medical Instruments & Supplies",-5.37%,-9.50%,76.63%,260.60%,156.66%,1090.14%,3.34%,0.36,3.36%,48.67,5.61%,7.87%,3599.50,14.92%
1402,"PLTK","Playtika Holding Corp","Communication Services","Electronic Gaming & Multimedia",2.58%,-2.46%,-42.04%,-44.68%,-42.04%,-76.33%,0.23%,0.29,0.23%,39.42,3.23%,4.12%,833.40,9.32%
1403,"PLUG","Plug Power Inc","Industrials","Electrical Equipment & Parts",1.03%,-10.94%,-24.23%,-4.61%,-50.68%,-70.64%,-1.09%,0.85,-1.09%,37.53,4.69%,4.56%,2625.61,21.54%
1404,"PLUS","ePlus Inc","Technology","Software - Application",3.80%,2.13%,10.71%,5.83%,26.96%,45.47%,-0.63%,0.70,-0.63%,58.17,2.72%,2.80%,2421.46,5.53%
1405,"PLX","Protalix BioTherapeutics Inc","Healthcare","Biotechnology",-0.91%,1.74%,12.94%,48.08%,9.69%,66.59%,-0.54%,1.18,-1.64%,50.61,4.17%,3.57%,214.76,3.72%
1406,"PLXS","Plexus Corp","Technology","Electronic Components",3.83%,13.65%,7.49%,87.15%,89.52%,196.93%,-0.07%,0.49,0.72%,66.21,2.83%,2.67%,7332.14,3.33%
1407,"PMT","Pennymac Mortgage Investment Trust","Real Estate","REIT - Mortgage",-2.66%,-18.43%,-25.90%,-37.41%,-37.66%,-33.82%,0.83%,1.07,0.71%,24.05,3.63%,2.55%,684.98,11.81%
1408,"PMTS","CPI Card Group Inc","Financial","Credit Services",-0.42%,-13.84%,28.70%,68.15%,61.98%,39.23%,-0.62%,0.57,-0.70%,45.50,2.52%,3.88%,286.15,3.59%
1409,"PNRG","PrimeEnergy Resources Corp","Energy","Oil & Gas E&P",0.86%,-3.16%,15.66%,21.96%,27.54%,91.00%,2.44%,0.81,1.90%,52.73,3.02%,3.45%,330.05,9.82%
1410,"PNTG","Pennant Group Inc","Healthcare","Medical Care Facilities",-1.19%,4.86%,1.80%,43.56%,56.28%,271.10%,2.41%,0.42,2.99%,55.11,3.87%,3.81%,1411.59,3.19%
1411,"POR","Portland General Electric Co","Utilities","Utilities - Regulated Electric",1.43%,-8.87%,-14.78%,-6.63%,3.80%,12.25%,0.58%,0.92,0.58%,31.48,3.46%,2.07%,5270.00,5.49%
1412,"POWI","Power Integrations Inc","Technology","Semiconductors",4.45%,7.14%,-18.98%,52.36%,40.28%,-27.90%,0.78%,0.54,-0.57%,55.01,3.98%,4.21%,3025.41,10.70%
1413,"POWW","Outdoor Holding Co","Industrials","Aerospace & Defense",0.20%,6.29%,-4.03%,33.02%,54.73%,15.46%,-0.24%,0.47,-0.67%,54.03,2.68%,3.06%,263.99,2.98%
1414,"PPHC","Public Policy Holding Company Inc","Industrials","Consulting Services",-5.30%,-5.38%,35.13%,-12.76%,,,1.00%,0.23,0.90%,45.08,8.03%,7.69%,321.35,1.35%
1415,"PPIH","Perma-Pipe International Holdings Inc","Industrials","Building Products & Equipment",0.64%,16.33%,27.93%,5.68%,42.98%,319.96%,-0.11%,0.43,0.71%,67.81,2.82%,3.54%,262.94,5.85%
1416,"PPTA","Perpetua Resources Corp","Basic Materials","Other Precious Metals & Mining",-6.42%,-18.49%,2.14%,-15.66%,-6.51%,476.80%,-0.01%,0.56,0.19%,33.95,4.35%,3.97%,2554.29,10.13%
1417,"PRAA","PRA Group Inc","Financial","Credit Services",-3.57%,1.82%,7.24%,9.30%,30.20%,7.60%,1.92%,0.67,2.46%,48.03,5.86%,4.67%,727.93,2.96%
1418,"PRAX","Praxis Precision Medicines Inc","Healthcare","Biotechnology",-0.37%,-19.87%,-12.15%,-3.45%,423.33%,1049.84%,-4.86%,0.90,-3.70%,35.96,4.43%,4.64%,7945.61,14.45%
1419,"PRCH","Porch Group Inc","Financial","Insurance - Property & Casualty",2.84%,-4.17%,17.90%,89.57%,1.69%,2337.36%,2.66%,0.30,-0.01%,59.50,5.88%,5.15%,1964.77,19.19%
1420,"PRCT","Procept BioRobotics Corp","Healthcare","Medical Devices",3.94%,-16.10%,-14.74%,-43.01%,-50.15%,-40.03%,4.43%,0.34,4.49%,42.70,7.12%,5.88%,1026.92,13.62%
1421,"PRDO","Perdoceo Education Corp","Consumer Defensive","Education & Training Services",5.88%,-4.26%,-9.63%,8.33%,-13.18%,82.30%,-0.55%,0.36,-0.42%,47.93,3.06%,3.22%,1988.36,6.67%
1422,"PRG","PROG Holdings Inc","Industrials","Rental & Leasing Services",-2.49%,-19.04%,-28.83%,5.61%,-2.91%,3.61%,0.47%,0.46,0.47%,23.43,3.65%,3.54%,1240.57,7.13%
1423,"PRGO","Perrigo Company plc","Healthcare","Drug Manufacturers - Specialty & Generic",-4.30%,1.26%,29.13%,3.81%,-35.81%,-53.13%,1.76%,0.31,1.33%,54.01,3.94%,4.61%,2005.22,16.39%
1424,"PRGS","Progress Software Corp","Technology","Software - Infrastructure",-6.78%,-17.65%,-6.30%,-14.48%,-20.43%,-28.88%,-0.44%,0.64,-0.44%,33.92,6.31%,4.58%,1501.65,11.72%
1425,"PRK","Park National Corp","Financial","Banks - Regional",0.64%,-6.64%,-0.88%,20.03%,14.05%,91.14%,0.18%,0.54,-0.27%,41.83,1.76%,2.00%,3299.53,4.24%
1426,"PRKS","United Parks & Resorts Inc","Consumer Cyclical","Leisure",6.09%,-16.30%,-28.23%,-6.36%,-38.43%,-23.03%,0.89%,0.70,4.72%,40.56,5.03%,4.32%,1541.20,13.01%
1427,"PRLB","Proto Labs Inc","Industrials","Metal Fabrication",0.75%,22.76%,31.29%,92.98%,96.64%,278.41%,-0.58%,0.44,-0.59%,70.27,3.15%,3.36%,2335.50,3.20%
1428,"PRLD","Prelude Therapeutics Inc","Healthcare","Biotechnology",-4.48%,-28.86%,-24.85%,28.79%,154.08%,34.35%,1.49%,0.56,1.77%,31.93,6.08%,7.21%,298.07,8.11%
1429,"PRM","Perimeter Solutions Inc","Basic Materials","Specialty Chemicals",0.39%,-12.67%,-16.30%,1.67%,25.40%,612.21%,2.00%,0.26,1.97%,40.76,5.84%,4.22%,4581.60,4.70%
1430,"PRME","Prime Medicine Inc","Healthcare","Biotechnology",8.79%,-15.70%,-21.61%,-9.87%,-50.51%,-64.82%,4.25%,0.83,4.95%,48.36,5.88%,7.68%,567.27,32.98%
1431,"PROK","ProKidney Corp","Healthcare","Biotechnology",1.94%,-14.52%,-15.84%,-26.73%,-40.10%,-65.45%,-3.46%,0.48,-4.58%,44.81,5.72%,6.89%,496.17,19.13%
1432,"PRSU","Pursuit Attractions and Hospitality Inc","Consumer Cyclical","Travel Services",6.14%,9.79%,-3.43%,56.47%,47.66%,99.02%,0.63%,0.34,0.61%,70.70,2.75%,2.69%,1436.82,7.06%
1433,"PRTA","Prothena Corp Plc","Healthcare","Biotechnology",-7.05%,-15.57%,-16.27%,-15.13%,-18.30%,-82.77%,-2.58%,0.99,-3.05%,39.47,5.13%,4.24%,416.09,19.16%
1434,"PRTH","Priority Technology Holdings Inc","Technology","Software - Infrastructure",0.26%,43.73%,11.76%,42.94%,11.60%,144.97%,0.26%,0.66,0.13%,78.14,0.30%,2.24%,642.45,6.62%
1435,"PRVA","Privia Health Group Inc","Healthcare","Health Information Services",2.46%,-1.50%,-25.23%,-14.13%,-15.48%,-9.83%,-0.05%,0.67,0.29%,49.48,2.99%,2.97%,2600.63,4.13%
1436,"PSFE","Paysafe Limited","Technology","Software - Infrastructure",-6.32%,-16.94%,-30.20%,-30.29%,-57.50%,-48.02%,4.25%,0.55,4.63%,37.17,6.10%,4.66%,294.48,13.90%
1437,"PSIX","Power Solutions International Inc","Industrials","Specialty Industrial Machinery",-0.42%,24.52%,30.58%,-20.63%,-50.86%,1295.38%,1.18%,0.28,1.11%,58.38,4.18%,5.21%,1046.02,21.00%
1438,"PSMT","Pricesmart Inc","Consumer Defensive","Discount Stores",-0.28%,-0.71%,-10.14%,40.61%,39.98%,134.57%,0.79%,0.79,1.06%,50.76,2.30%,2.21%,5322.99,7.59%
1439,"PSNL","Personalis Inc","Healthcare","Diagnostics & Research",0.16%,-2.88%,16.92%,105.35%,122.69%,1262.15%,1.40%,0.17,0.40%,53.68,2.19%,2.70%,1745.73,11.49%
1440,"PSTL","Postal Realty Trust Inc","Real Estate","REIT - Office",-2.56%,-5.14%,-8.29%,40.18%,47.30%,74.71%,0.11%,0.77,-0.29%,39.32,2.05%,2.36%,807.73,8.78%
1441,"PTCT","PTC Therapeutics Inc","Healthcare","Biotechnology",-3.12%,-10.52%,-28.37%,-15.89%,-2.26%,187.79%,0.74%,0.40,0.68%,40.24,3.73%,3.16%,5332.31,12.04%
1442,"PTEN","Patterson-UTI Energy Inc","Energy","Oil & Gas Drilling",7.62%,-6.96%,27.62%,91.11%,110.02%,-4.36%,4.54%,0.62,4.17%,52.09,3.37%,3.71%,4453.46,9.20%
1443,"PTGX","Protagonist Therapeutics Inc","Healthcare","Biotechnology",-0.50%,-4.75%,0.62%,62.27%,118.61%,773.24%,1.26%,0.70,1.19%,47.35,2.96%,3.45%,9170.86,13.30%
1444,"PTLO","Portillos Inc","Consumer Cyclical","Restaurants",-0.58%,-20.46%,-27.09%,-22.92%,-48.15%,-77.85%,-0.86%,0.64,-0.30%,27.04,4.82%,4.31%,265.77,15.97%
1445,"PTON","Peloton Interactive Inc","Consumer Cyclical","Leisure",3.93%,-7.27%,-14.28%,-19.01%,-41.86%,-2.56%,1.40%,0.62,1.40%,46.64,3.89%,3.49%,2189.40,14.88%
1446,"PTRN","Pattern Group Inc","Consumer Cyclical","Internet Retail",4.11%,-15.20%,-38.30%,51.30%,22.61%,,1.28%,0.36,0.75%,35.00,4.13%,4.82%,3097.39,16.13%
1447,"PUBM","PubMatic Inc","Technology","Software - Application",0.55%,9.15%,38.98%,108.70%,119.33%,55.69%,1.10%,0.63,0.50%,61.43,3.52%,3.91%,843.21,6.62%
1448,"PUMP","ProPetro Holding Corp","Energy","Oil & Gas Equipment & Services",4.54%,-13.51%,-20.96%,2.23%,76.12%,6.13%,4.55%,0.59,4.87%,42.93,4.48%,4.86%,1194.08,15.57%
1449,"PURR","Hyperliquid Strategies Inc","Financial","Capital Markets",6.25%,0.51%,56.91%,260.53%,,,2.84%,0.93,7.95%,56.47,6.18%,8.46%,3053.69,11.60%
1450,"PVLA","Palvella Therapeutics Inc","Healthcare","Biotechnology",-4.78%,-14.36%,-8.62%,27.20%,102.41%,452.93%,0.49%,0.49,0.51%,34.12,5.19%,4.34%,1918.41,25.45%
1451,"PWP","Perella Weinberg Partners","Financial","Capital Markets",7.17%,-7.32%,-3.80%,-9.31%,-25.07%,58.48%,-0.82%,0.92,-0.82%,54.62,7.69%,6.49%,1495.48,9.70%
1452,"PXED","Phoenix Education Partners Inc","Consumer Defensive","Education & Training Services",-1.53%,-16.31%,-28.33%,-17.19%,,,-0.28%,0.29,-0.08%,26.50,4.75%,3.77%,904.43,13.42%
1453,"PZZA","Papa John's International Inc","Consumer Cyclical","Restaurants",-5.53%,-15.83%,-45.55%,-50.69%,-59.91%,-70.55%,-2.52%,1.59,-2.32%,29.48,3.05%,3.78%,624.86,21.53%
1454,"QBTS","D-Wave Quantum Inc","Technology","Computer Hardware",-7.87%,-8.09%,-26.59%,-40.88%,-52.72%,1604.14%,-1.78%,0.99,-1.97%,37.31,5.17%,5.36%,5869.03,18.58%
1455,"QCRH","QCR Holding Inc","Financial","Banks - Regional",0.57%,-2.22%,4.85%,20.71%,33.62%,105.20%,-0.40%,0.96,-0.40%,50.00,2.09%,1.80%,1646.57,3.04%
1456,"QDEL","QuidelOrtho Corp","Healthcare","Medical Devices",9.54%,-14.84%,-30.22%,-58.46%,-60.43%,-83.92%,9.14%,0.96,10.15%,50.05,5.01%,5.65%,813.53,20.88%
1457,"QLYS","Qualys Inc","Technology","Software - Infrastructure",12.49%,12.15%,24.11%,47.13%,49.19%,26.33%,1.35%,0.52,1.32%,62.55,4.56%,5.30%,6764.71,10.13%
1458,"QNST","QuinStreet Inc","Communication Services","Advertising Agencies",5.97%,-19.73%,-7.45%,4.79%,-1.39%,72.88%,1.20%,0.49,0.59%,34.91,4.09%,4.67%,861.66,11.18%
1459,"QTRX","Quanterix Corp","Healthcare","Medical Devices",8.38%,47.87%,-4.62%,-40.02%,-37.25%,-85.25%,5.53%,1.08,4.81%,66.62,8.45%,7.54%,180.43,11.91%
1460,"QTWO","Q2 Holdings Inc","Technology","Software - Application",4.78%,-9.91%,7.01%,-19.99%,-14.61%,83.39%,3.51%,0.29,2.40%,46.61,2.64%,3.00%,3599.84,8.67%
1461,"QUAD","Quad/Graphics Inc","Industrials","Specialty Business Services",0.37%,-8.83%,14.07%,50.63%,58.74%,87.40%,-0.57%,0.53,0.26%,45.22,3.24%,3.68%,486.40,5.97%
1462,"QUBT","Quantum Computing Inc","Technology","Computer Hardware",-7.99%,-0.94%,-9.26%,-23.15%,-67.97%,811.98%,-3.84%,0.88,-3.61%,39.06,5.06%,4.42%,1784.75,32.24%
1463,"QUIK","Quicklogic Corp","Technology","Semiconductors",6.23%,9.24%,-23.04%,92.85%,90.00%,34.14%,-1.78%,0.40,-2.36%,54.55,4.10%,4.20%,212.30,10.08%
1464,"RAIL","FreightCar America Inc","Industrials","Railroads",-3.43%,-2.19%,-15.14%,-38.06%,-27.83%,157.77%,-0.20%,0.26,-0.63%,43.65,3.82%,4.17%,224.84,3.38%
1465,"RAMP","LiveRamp Holdings Inc","Technology","Software - Infrastructure",0.20%,-0.14%,0.36%,28.38%,37.56%,30.25%,0.12%,0.52,0.15%,52.56,0.50%,0.42%,2292.36,13.52%
1466,"RAPP","Rapport Therapeutics Inc","Healthcare","Biotechnology",-2.99%,-31.92%,-18.33%,6.92%,13.67%,,-0.09%,0.23,0.84%,25.73,5.48%,6.41%,1556.41,7.81%
1467,"RARE","Ultragenyx Pharmaceutical Inc","Healthcare","Biotechnology",2.35%,-0.68%,-58.88%,-35.87%,-52.74%,-57.82%,-3.54%,0.71,-3.10%,36.48,5.08%,5.80%,1454.07,18.43%
1468,"RBB","RBB Bancorp","Financial","Banks - Regional",-0.51%,-1.78%,-1.48%,26.91%,41.67%,104.49%,-0.09%,0.23,0.02%,44.14,2.29%,2.08%,443.12,3.87%
1469,"RBBN","Ribbon Communications Inc","Technology","Software - Application",-0.31%,-13.33%,-18.65%,-40.11%,-55.32%,-29.32%,-2.56%,1.89,-2.56%,39.68,5.12%,5.46%,308.42,3.55%
1470,"RBCAA","Republic Bancorp Inc (KY)","Financial","Banks - Regional",0.36%,-1.82%,3.92%,35.94%,30.71%,111.80%,0.15%,0.83,0.10%,47.88,1.93%,1.92%,1640.99,5.70%
1471,"RBKB","Rhinebeck Bancorp Inc","Financial","Banks - Regional",4.33%,3.52%,8.35%,53.97%,57.77%,178.30%,1.53%,0.35,0.68%,62.48,1.58%,1.74%,207.02,4.51%
1472,"RC","Ready Capital Corp","Real Estate","REIT - Mortgage",-14.23%,-36.65%,-33.63%,-48.85%,-70.42%,-88.76%,-1.20%,0.99,-1.33%,23.01,7.49%,5.79%,184.19,12.66%
1473,"RCAT","Red Cat Holdings Inc","Industrials","Aerospace & Defense",-2.23%,-25.59%,-31.15%,-19.86%,-50.70%,571.78%,-2.23%,0.56,-0.70%,31.67,4.02%,5.45%,970.50,26.55%
1474,"RCKT","Rocket Pharmaceuticals Inc","Healthcare","Biotechnology",0.03%,-31.11%,-35.85%,-25.62%,-17.11%,-86.46%,1.20%,0.76,1.99%,30.24,5.27%,6.68%,286.61,14.32%
1475,"RCKY","Rocky Brands Inc","Consumer Cyclical","Footwear & Accessories",1.74%,5.27%,15.00%,56.20%,50.31%,237.86%,-1.88%,0.33,-1.98%,55.72,2.91%,3.04%,343.23,3.03%
1476,"RCMT","RCM Technologies Inc","Industrials","Conglomerates",3.57%,3.97%,52.64%,106.02%,67.01%,120.18%,0.26%,0.42,0.26%,64.43,2.84%,3.23%,299.50,4.44%
1477,"RCUS","Arcus Biosciences Inc","Healthcare","Biotechnology",-0.72%,-17.59%,-17.92%,4.20%,85.99%,51.59%,3.50%,0.62,1.60%,40.15,4.74%,4.89%,3161.69,16.25%
1478,"RDN","Radian Group Inc","Financial","Insurance - Specialty",2.03%,-8.53%,-11.46%,-6.45%,-3.39%,27.73%,4.70%,1.25,3.38%,45.46,3.91%,2.53%,4454.58,4.27%
1479,"RDNT","Radnet Inc","Healthcare","Diagnostics & Research",-1.96%,-5.66%,3.79%,-1.33%,-9.33%,145.30%,0.72%,0.28,0.67%,44.92,3.92%,3.64%,5540.32,13.73%
1480,"RDNW","RideNow Group Inc","Consumer Cyclical","Auto & Truck Dealerships",-18.55%,-13.68%,-15.41%,-8.51%,16.90%,-7.85%,-5.25%,1.28,-6.13%,31.18,10.26%,6.21%,197.01,5.48%
1481,"RDVT","Red Violet Inc","Technology","Software - Application",1.90%,4.80%,19.13%,40.65%,55.65%,303.43%,0.73%,0.43,1.05%,62.50,3.01%,3.45%,1285.36,4.56%
1482,"RDW","Redwire Corp","Industrials","Aerospace & Defense",-5.76%,1.78%,3.38%,38.88%,-1.63%,267.77%,-3.43%,0.96,-2.99%,44.83,7.13%,6.50%,2638.67,17.73%
1483,"RDZN","Roadzen Inc","Technology","Software - Application",-4.38%,-10.45%,-5.51%,-50.21%,16.50%,-71.01%,-2.10%,0.38,-1.64%,44.33,9.54%,7.69%,102.20,4.20%
1484,"REA","Rare Earths Americas Inc","Basic Materials","Other Industrial Metals & Mining",-0.49%,-16.13%,-15.85%,-59.24%,,,0.89%,0.62,1.60%,37.27,5.74%,5.60%,209.02,3.93%
1485,"REAL","Therealreal Inc","Consumer Cyclical","Luxury Goods",7.66%,-5.72%,-13.22%,-39.89%,-13.69%,496.54%,5.39%,0.56,6.57%,47.42,3.87%,4.44%,1154.05,15.13%
1486,"REAX","Real REMAX Group Inc","Real Estate","Real Estate Services",3.65%,-9.70%,-26.15%,-54.48%,-59.57%,7.89%,2.13%,0.26,1.25%,42.79,5.70%,8.08%,607.53,5.29%
1487,"REF","Reformation Inc","Consumer Cyclical","Apparel Retail",3.51%,-6.28%,,-14.77%,,,-3.68%,0.34,-0.51%,43.21,4.72%,6.59%,755.27,12.31%
1488,"REFI","Chicago Atlantic Real Estate Finance Inc","Real Estate","REIT - Mortgage",-6.57%,-8.29%,-7.18%,-18.76%,-21.33%,-30.51%,-0.90%,0.75,-0.99%,32.09,2.39%,2.17%,255.19,6.07%
1489,"REI","Ring Energy Inc","Energy","Oil & Gas E&P",4.19%,-9.01%,22.96%,56.89%,24.08%,-22.01%,4.19%,0.36,4.19%,47.35,4.12%,3.84%,355.61,3.24%
1490,"RELL","Richardson Electronics Ltd","Technology","Electronic Components",11.16%,12.01%,17.77%,74.82%,98.33%,79.43%,0.05%,1.49,0.16%,63.18,4.18%,3.68%,278.85,7.64%
1491,"RELY","Remitly Global Inc","Technology","Software - Infrastructure",4.82%,-14.77%,-4.91%,66.27%,43.05%,-11.31%,5.40%,0.52,5.40%,52.17,3.54%,4.46%,4857.09,9.44%
1492,"RENT","Rent the Runway Inc","Consumer Cyclical","Apparel Retail",-4.35%,-60.61%,-54.97%,-80.53%,-68.05%,-87.25%,0.65%,0.81,-0.65%,24.27,8.69%,13.68%,52.01,7.24%
1493,"REPL","Replimune Group Inc","Healthcare","Biotechnology",3.74%,-14.78%,13.21%,34.05%,175.48%,-19.12%,-0.84%,0.45,-0.31%,46.95,6.89%,5.96%,1227.68,25.68%
1494,"REPX","Riley Exploration Permian Inc","Energy","Oil & Gas E&P",7.98%,2.92%,30.72%,64.09%,59.50%,56.39%,2.68%,0.50,2.68%,62.17,3.02%,3.36%,959.70,5.16%
1495,"RES","RPC Inc","Energy","Oil & Gas Equipment & Services",7.94%,-4.40%,10.84%,13.69%,29.12%,-25.48%,5.19%,1.08,5.55%,56.63,3.04%,3.29%,1370.95,11.43%
1496,"REX","REX American Resources Corp","Basic Materials","Chemicals",3.74%,6.21%,-4.07%,36.77%,39.75%,131.07%,2.09%,0.75,1.92%,57.91,3.01%,3.14%,1466.50,3.39%
1497,"REZI","Resideo Technologies Inc","Industrials","Industrial Distribution",1.78%,-5.05%,-17.79%,-24.08%,-38.15%,70.91%,0.79%,0.28,1.06%,41.70,3.28%,3.32%,2815.95,7.17%
1498,"RFIL","RF Industries Ltd","Industrials","Electrical Equipment & Parts",5.41%,-17.99%,-50.51%,44.44%,10.58%,186.89%,-0.49%,0.31,-0.61%,37.14,3.83%,5.93%,90.56,8.37%
1499,"RGCO","RGC Resources Inc","Utilities","Utilities - Regulated Gas",0.74%,0.14%,-8.26%,2.16%,0.55%,30.85%,0.69%,0.57,-0.18%,53.62,2.60%,2.33%,226.73,1.50%
1500,"RGNX","Regenxbio Inc","Healthcare","Biotechnology",5.62%,-14.24%,-47.47%,-45.21%,-24.35%,-50.16%,1.28%,1.33,6.19%,44.22,5.04%,5.59%,520.85,12.98%
1501,"RGR","Sturm, Ruger & Co Inc","Industrials","Aerospace & Defense",5.63%,19.30%,16.00%,36.00%,-0.30%,-13.81%,0.08%,1.67,0.08%,76.24,1.91%,2.27%,709.52,3.96%
1502,"RGTI","Rigetti Computing Inc","Technology","Computer Hardware",-5.83%,-1.05%,-9.24%,-32.19%,-62.51%,1141.32%,-1.25%,0.72,-1.51%,41.76,4.83%,5.47%,5013.20,19.08%
1503,"RH","RH","Consumer Cyclical","Specialty Retail",-3.48%,-19.63%,-28.02%,-34.23%,-43.21%,-50.94%,-2.34%,0.91,-2.18%,28.47,3.68%,4.79%,2230.90,32.30%
1504,"RHLD","Resolute Holdings Management Inc","Industrials","Specialty Business Services",-8.14%,-17.62%,-19.85%,-44.72%,47.20%,,-1.97%,1.02,-1.55%,35.10,4.90%,4.65%,892.29,16.13%
1505,"RHP","Ryman Hospitality Properties Inc","Real Estate","REIT - Hotel & Motel",-0.61%,-0.74%,-4.66%,28.24%,33.38%,45.06%,-0.37%,0.27,-0.26%,45.54,2.24%,2.32%,8277.73,4.37%
1506,"RICK","RCI Hospitality Holdings Inc","Consumer Cyclical","Restaurants",-4.24%,-8.14%,-1.09%,10.74%,-15.36%,-54.50%,-0.30%,0.25,-0.83%,34.24,2.60%,3.13%,201.82,11.91%
1507,"RIG","Transocean Ltd","Energy","Oil & Gas Drilling",5.35%,-7.60%,10.80%,34.68%,65.06%,-27.00%,5.35%,0.93,7.59%,51.91,2.78%,3.82%,6212.53,27.43%
1508,"RIGL","Rigel Pharmaceuticals","Healthcare","Biotechnology",-2.35%,-0.62%,13.25%,12.54%,68.89%,354.72%,2.51%,0.63,2.23%,56.76,3.70%,3.31%,900.37,17.67%
1509,"RILY","BRC Group Holdings Inc","Financial","Financial Conglomerates",-11.29%,-31.41%,-34.72%,4.28%,-18.01%,-87.75%,1.46%,1.67,0.21%,24.79,7.56%,5.05%,195.77,17.55%
1510,"RIOT","Riot Platforms Inc","Financial","Capital Markets",-12.10%,-10.10%,-10.23%,50.00%,-2.24%,110.93%,-4.16%,0.48,-3.67%,39.27,7.20%,6.59%,7131.80,14.71%
1511,"RJET","Republic Airways Holdings Inc","Industrials","Airlines",-4.30%,2.15%,-15.76%,-4.25%,-6.93%,39.60%,-1.01%,0.33,-0.28%,42.59,3.39%,3.77%,823.56,7.69%
1512,"RLAY","Relay Therapeutics Inc","Healthcare","Biotechnology",6.87%,-0.55%,-4.23%,123.46%,244.98%,111.70%,-0.66%,0.49,-0.29%,52.25,4.89%,4.64%,4142.88,25.93%
1513,"RLGT","Radiant Logistics Inc","Industrials","Integrated Freight & Logistics",6.74%,11.06%,-1.58%,47.55%,56.45%,61.31%,-0.53%,0.35,-0.21%,62.01,3.09%,3.65%,437.99,2.23%
1514,"RLJ","RLJ Lodging Trust","Real Estate","REIT - Hotel & Motel",1.34%,3.01%,-1.51%,50.58%,59.12%,16.15%,-0.10%,0.56,-0.02%,54.72,2.26%,2.40%,1718.05,8.95%
1515,"RLMD","Relmada Therapeutics Inc","Healthcare","Biotechnology",-8.18%,-20.37%,-45.71%,-27.95%,50.00%,16.00%,-3.33%,0.65,-3.33%,26.63,4.05%,5.18%,371.21,15.59%
1516,"RM","Regional Management Corp","Financial","Credit Services",7.13%,-1.60%,-22.16%,-15.87%,-16.26%,23.95%,1.87%,0.71,2.52%,54.25,2.78%,2.55%,300.76,4.54%
1517,"RMBI","Richmond Mutual Bancorporation Inc","Financial","Banks - Regional",2.12%,-2.71%,5.25%,9.90%,7.34%,46.95%,0.46%,0.38,-0.06%,48.46,1.96%,2.24%,258.59,1.76%
1518,"RMNI","Rimini Street Inc","Technology","Software - Application",0.43%,-17.10%,-10.99%,8.97%,-12.65%,87.08%,-0.29%,0.34,-0.29%,35.46,3.07%,3.33%,394.70,5.65%
1519,"RMR","RMR Group Inc","Real Estate","Real Estate Services",-4.43%,-8.81%,-10.20%,18.72%,12.96%,-25.42%,-0.56%,0.54,-0.23%,25.56,2.52%,2.10%,567.50,8.27%
1520,"RNA","Atrium Therapeutics Inc","Healthcare","Biotechnology",-4.63%,-45.00%,-39.35%,-44.92%,,,2.42%,0.83,2.42%,26.82,5.58%,6.96%,137.36,20.47%
1521,"RNAC","Cartesian Therapeutics Inc","Healthcare","Biotechnology",1.49%,-19.76%,-27.19%,1.49%,-28.19%,-76.77%,-0.58%,0.89,-0.58%,32.20,6.32%,5.85%,221.40,13.16%
1522,"RNGR","Ranger Energy Services Inc","Energy","Oil & Gas Equipment & Services",5.44%,-4.91%,3.14%,15.09%,15.26%,22.17%,2.75%,0.30,2.75%,51.02,2.47%,3.29%,376.54,2.37%
1523,"RNST","Renasant Corp","Financial","Banks - Regional",-0.29%,-3.53%,-6.44%,12.85%,7.94%,51.24%,0.24%,0.59,-0.44%,42.69,2.14%,1.74%,3632.87,5.35%
1524,"ROAD","Construction Partners Inc","Industrials","Engineering & Construction",-0.97%,-11.78%,-12.66%,-16.55%,-27.91%,131.84%,-0.24%,0.58,-0.55%,37.62,3.70%,3.59%,5140.92,8.11%
1525,"ROCK","Gibraltar Industries Inc","Industrials","Building Products & Equipment",1.67%,-9.92%,-4.45%,-16.61%,-36.88%,-36.92%,2.94%,0.40,2.68%,43.74,4.37%,4.22%,1223.80,6.60%
1526,"ROG","Rogers Corp","Technology","Electronic Components",16.93%,26.51%,19.78%,74.48%,92.33%,22.53%,-0.42%,0.49,-0.14%,74.96,6.87%,4.30%,2854.82,3.56%
1527,"ROOT","Root Inc","Financial","Insurance - Property & Casualty",-0.50%,-16.06%,-26.89%,-35.63%,-46.41%,418.92%,-1.07%,0.43,0.51%,34.81,2.92%,3.89%,720.07,17.56%
1528,"RPAY","Repay Holdings Corp","Technology","Software - Infrastructure",4.59%,1.09%,-2.91%,7.46%,-25.29%,-39.84%,3.22%,0.22,2.68%,55.68,3.51%,4.02%,345.88,6.18%
1529,"RPC","Ridgepost Capital Inc","Financial","Asset Management",7.50%,-7.94%,2.47%,-19.67%,-27.64%,-25.73%,3.68%,0.69,3.41%,49.26,3.08%,3.36%,868.69,8.11%
1530,"RPD","Rapid7 Inc","Technology","Software - Infrastructure",4.38%,7.38%,9.97%,-18.97%,-33.60%,-73.29%,0.96%,0.22,1.04%,52.94,6.21%,7.04%,830.16,12.01%
1531,"RR","Richtech Robotics Inc","Industrials","Specialty Industrial Machinery",10.19%,0.58%,-5.21%,-46.44%,-72.01%,,3.59%,0.81,2.98%,52.73,7.02%,5.55%,389.43,24.28%
1532,"RRBI","Red River Bancshares Inc","Financial","Banks - Regional",3.09%,-0.62%,5.70%,43.99%,58.96%,127.14%,-0.42%,0.51,-0.54%,57.13,2.05%,1.87%,677.17,5.56%
1533,"RRR","Red Rock Resorts Inc","Consumer Cyclical","Resorts & Casinos",2.57%,-9.36%,-21.79%,-15.19%,-13.01%,37.08%,3.00%,0.50,2.85%,44.14,4.22%,3.64%,5434.07,10.20%
1534,"RSI","Rush Street Interactive Inc","Consumer Cyclical","Gambling",9.90%,-19.74%,-33.50%,10.58%,11.56%,438.50%,5.64%,0.95,7.38%,40.34,4.35%,4.97%,4979.92,8.21%
1535,"RSVR","Reservoir Media Inc","Communication Services","Entertainment",0.94%,-1.33%,-5.21%,27.34%,23.59%,58.03%,-0.92%,0.33,1.26%,52.42,3.80%,3.81%,635.57,1.81%
1536,"RUM","RUM Group Inc","Communication Services","Internet Content & Information",-6.75%,-18.20%,19.47%,17.01%,-13.61%,44.15%,-2.57%,1.00,-2.38%,40.82,7.00%,7.21%,3666.51,21.57%
1537,"RUN","Sunrun Inc","Technology","Solar",-0.59%,-14.61%,-37.50%,-58.56%,-60.10%,-23.83%,0.20%,0.83,-1.10%,36.23,4.47%,4.72%,1836.46,30.60%
1538,"RUSHA","Rush Enterprises Inc","Consumer Cyclical","Auto & Truck Dealerships",0.15%,-5.01%,-0.96%,32.37%,38.10%,79.13%,0.85%,0.42,0.89%,43.40,2.60%,2.44%,5796.89,7.19%
1539,"RVLV","Revolve Group Inc","Consumer Cyclical","Internet Retail",-0.97%,-2.21%,-6.68%,-30.33%,-5.97%,50.46%,2.46%,0.31,1.37%,45.27,3.10%,3.95%,1495.23,10.47%
1540,"RWT","Redwood Trust Inc","Real Estate","REIT - Mortgage",-5.15%,-21.88%,-25.85%,-36.71%,-40.78%,-47.05%,-0.57%,0.45,-0.85%,32.29,5.34%,4.93%,439.64,19.21%
1541,"RXO","RXO Inc","Industrials","Trucking",41.30%,42.36%,5.96%,125.25%,71.10%,51.93%,-1.82%,10.65,21.78%,81.45,6.53%,5.40%,4695.66,9.05%
1542,"RXRX","Recursion Pharmaceuticals Inc","Healthcare","Biotechnology",26.64%,36.22%,22.03%,14.57%,-14.65%,-34.10%,12.37%,3.55,13.73%,70.73,6.58%,6.70%,2512.86,37.13%
1543,"RXST","RxSight Inc","Healthcare","Medical Devices",1.61%,-27.45%,-15.57%,-54.46%,-46.08%,-81.90%,0.96%,0.22,1.39%,32.65,4.04%,5.28%,197.36,10.31%
1544,"RXT","Rackspace Technology Inc","Technology","Software - Infrastructure",2.01%,17.52%,-42.81%,298.22%,156.05%,119.68%,-5.00%,0.44,-6.16%,51.47,6.78%,8.04%,985.42,27.36%
1545,"RYAM","Rayonier Advanced Materials Inc","Basic Materials","Chemicals",-12.10%,-16.31%,0.90%,21.62%,-6.36%,111.94%,0.61%,0.72,0.61%,30.24,5.30%,3.88%,484.58,8.11%
1546,"RYTM","Rhythm Pharmaceuticals Inc","Healthcare","Biotechnology",-8.10%,-13.65%,-20.87%,-15.38%,-8.53%,291.08%,-3.57%,0.98,-2.43%,26.07,3.54%,3.57%,6236.28,15.56%
1547,"RYZ","Ryerson Holding Corp","Industrials","Metal Fabrication",10.99%,4.54%,5.48%,7.15%,10.45%,-6.32%,5.52%,0.47,5.44%,62.68,4.09%,3.35%,1399.18,3.59%
1548,"RZLT","Rezolute Inc","Healthcare","Biotechnology",-0.12%,-8.04%,-16.00%,76.91%,-54.12%,269.47%,2.08%,1.80,4.11%,48.54,7.64%,6.42%,403.82,20.20%
1549,"SABR","Sabre Corp","Technology","Software - Infrastructure",-4.52%,-2.67%,-1.23%,47.43%,8.38%,-47.79%,1.78%,0.82,1.78%,42.40,4.87%,6.07%,809.19,9.32%
1550,"SABS","SAB Biotherapeutics Inc","Healthcare","Biotechnology",-2.64%,-15.86%,-19.74%,-16.31%,51.94%,-54.08%,4.33%,1.37,5.03%,36.58,5.81%,4.63%,284.79,4.42%
1551,"SAFE","Safehold Inc","Real Estate","REIT - Diversified",-2.33%,-20.82%,-25.65%,-12.89%,-22.82%,-23.88%,-1.12%,0.80,-1.12%,23.22,2.94%,3.00%,844.48,7.22%
1552,"SAFT","Safety Insurance Group Inc","Financial","Insurance - Property & Casualty",0.22%,0.68%,32.60%,33.23%,46.38%,48.88%,-0.05%,0.30,-0.11%,71.41,0.21%,0.21%,1523.86,3.06%
1553,"SAH","Sonic Automotive Inc","Consumer Cyclical","Auto & Truck Dealerships",-1.09%,-22.22%,-29.21%,-0.15%,-18.87%,44.83%,0.44%,0.56,-1.69%,34.55,5.11%,4.66%,1952.85,20.40%
1554,"SAM","Boston Beer Co Inc","Consumer Defensive","Beverages - Brewers",0.91%,-2.86%,-8.89%,-14.48%,-26.41%,-53.62%,-0.05%,0.28,-0.38%,43.75,2.38%,3.52%,1717.38,21.26%
1555,"SAMG","Silvercrest Asset Management Group Inc","Financial","Asset Management",2.22%,6.63%,-0.56%,-30.15%,-30.83%,-35.15%,0.95%,0.48,0.66%,62.81,4.68%,3.80%,125.71,3.25%
1556,"SANA","Sana Biotechnology Inc","Healthcare","Biotechnology",-0.70%,-25.78%,-29.38%,-28.52%,-26.53%,-22.83%,0.32%,0.91,0.67%,37.66,5.73%,6.41%,870.96,22.15%
1557,"SATL","Satellogic Inc","Industrials","Aerospace & Defense",-12.81%,13.93%,9.44%,182.09%,50.71%,358.70%,-6.47%,1.38,-7.94%,48.49,9.58%,8.75%,810.98,17.40%
1558,"SB","Safe Bulkers Inc","Industrials","Marine Shipping",5.39%,-3.50%,29.20%,80.39%,94.52%,174.29%,-0.63%,0.72,-1.31%,53.92,3.41%,3.73%,989.78,5.37%
1559,"SBC","SBC Medical Group Holdings Inc","Industrials","Consulting Services",5.57%,24.07%,79.39%,23.20%,25.53%,-50.33%,2.91%,1.87,4.32%,70.14,5.40%,5.36%,546.12,3.78%
1560,"SBCF","Seacoast Banking Corp Of Florida","Financial","Banks - Regional",0.14%,-5.19%,-0.14%,3.74%,5.42%,50.90%,-0.20%,0.48,-0.26%,42.22,2.24%,2.03%,3155.94,5.46%
1561,"SBET","Sharplink Inc","Financial","Capital Markets",-0.89%,4.84%,72.75%,5.31%,-48.21%,-51.27%,-1.62%,0.65,0.70%,56.46,6.05%,6.34%,2045.16,15.10%
1562,"SBGI","Sinclair Inc","Communication Services","Broadcasting",-1.16%,-9.10%,-14.33%,-17.24%,-12.74%,28.68%,2.28%,0.50,1.87%,37.15,2.82%,3.03%,915.69,9.41%
1563,"SBH","Sally Beauty Holdings Inc","Consumer Cyclical","Specialty Retail",-3.71%,-1.08%,13.54%,14.25%,-1.85%,104.42%,0.08%,0.45,0.32%,49.53,3.44%,3.42%,1525.34,21.55%
1564,"SBMT","Silver Bow Mining Corp","Basic Materials","Other Industrial Metals & Mining",2.38%,0.82%,28.94%,-20.00%,,,4.12%,0.50,4.88%,55.59,5.23%,6.33%,253.94,0.54%
1565,"SBRA","Sabra Healthcare REIT Inc","Real Estate","REIT - Healthcare Facilities",-2.98%,-8.12%,-4.14%,1.53%,6.01%,41.06%,0.84%,0.51,0.37%,30.44,1.85%,1.85%,4912.55,8.38%
1566,"SBSI","Southside Bancshares Inc","Financial","Banks - Regional",-0.31%,-5.50%,-11.32%,0.87%,8.71%,8.09%,-0.24%,0.46,-0.24%,39.54,2.13%,2.11%,913.76,3.12%
1567,"SCHL","Scholastic Corp","Communication Services","Publishing",10.69%,-3.00%,-17.87%,25.45%,29.38%,-0.16%,3.19%,0.75,2.68%,54.80,4.11%,4.17%,684.28,13.12%
1568,"SCL","Stepan Co","Basic Materials","Specialty Chemicals",-0.80%,1.65%,12.21%,33.89%,29.07%,-9.58%,0.70%,0.33,0.65%,53.50,2.29%,2.39%,1441.47,3.09%
1569,"SCSC","Scansource Inc","Technology","Electronics & Computer Distribution",6.09%,5.95%,18.96%,56.94%,38.97%,96.60%,-0.95%,0.46,-0.70%,63.70,3.02%,2.95%,1234.76,5.30%
1570,"SCTX","Scribe Therapeutics Inc","Healthcare","Biotechnology",-27.56%,-48.82%,,-36.92%,,,-8.15%,3.28,-6.08%,30.85,14.60%,13.72%,298.55,6.54%
1571,"SD","Sandridge Energy Inc","Energy","Oil & Gas E&P",1.76%,-3.29%,2.74%,-2.87%,17.88%,6.47%,1.83%,0.57,1.61%,46.50,2.14%,2.43%,513.09,6.28%
1572,"SDGR","Schrodinger Inc","Healthcare","Health Information Services",8.20%,54.13%,93.57%,78.52%,55.03%,14.53%,5.35%,2.44,5.31%,73.63,6.55%,7.68%,2387.80,17.65%
1573,"SDRL","Seadrill Ltd","Energy","Oil & Gas Drilling",0.04%,-8.93%,17.76%,31.79%,44.48%,8.39%,3.37%,0.79,3.99%,46.63,3.05%,3.60%,2840.90,7.74%
1574,"SEG","Seaport Entertainment Group Inc","Real Estate","Real Estate Services",-2.56%,-13.76%,-15.00%,13.81%,-5.30%,,0.22%,0.83,0.54%,21.41,3.38%,3.16%,288.22,5.43%
1575,"SEI","Solaris Energy Infrastructure Inc","Energy","Oil & Gas Equipment & Services",8.91%,41.64%,15.24%,63.82%,68.71%,660.71%,0.20%,0.37,0.51%,65.96,5.44%,5.53%,6037.28,27.70%
1576,"SENEA","Seneca Foods Corp","Consumer Defensive","Packaged Foods",-2.20%,-12.62%,0.59%,61.36%,60.85%,231.31%,0.75%,0.94,0.48%,42.70,2.63%,3.24%,1210.00,5.38%
1577,"SENS","Senseonics Holdings Inc","Healthcare","Medical Devices",4.12%,3.48%,92.21%,85.60%,10.64%,-5.92%,4.12%,0.76,3.69%,63.76,4.29%,5.08%,541.70,10.85%
1578,"SEPN","Septerna Inc","Healthcare","Biotechnology",-4.25%,3.40%,6.20%,36.49%,84.01%,,0.32%,0.56,0.91%,46.99,4.68%,4.77%,1776.19,9.72%
1579,"SERV","Serve Robotics Inc","Industrials","Integrated Freight & Logistics",8.35%,-0.62%,-20.66%,-53.76%,-63.41%,,3.90%,0.65,4.01%,54.58,5.87%,4.96%,416.20,40.13%
1580,"SES","SES AI Corp","Consumer Cyclical","Auto Parts",57.91%,65.82%,3.96%,-53.31%,-59.20%,-62.14%,-6.62%,1.05,-5.01%,71.92,18.73%,11.45%,312.03,20.70%
1581,"SEVN","Seven Hills Realty Trust","Real Estate","REIT - Mortgage",-3.62%,-7.34%,-16.96%,-21.81%,-31.46%,-30.17%,2.18%,1.50,3.09%,35.78,2.69%,2.04%,157.65,4.79%
1582,"SEZL","Sezzle Inc","Financial","Credit Services",2.01%,-10.15%,-37.80%,74.05%,29.17%,5755.82%,3.79%,0.55,2.86%,42.45,4.24%,4.41%,3720.41,25.11%
1583,"SFBS","ServisFirst Bancshares Inc","Financial","Banks - Regional",-2.93%,-6.31%,-7.45%,10.93%,-1.82%,47.34%,-1.37%,0.47,-0.83%,32.95,2.68%,2.29%,4352.18,5.55%
1584,"SFIX","Stitch Fix Inc","Consumer Cyclical","Apparel Retail",7.89%,-13.19%,-28.36%,-49.24%,-37.44%,-14.45%,2.11%,1.23,2.11%,43.60,7.39%,5.51%,356.06,13.25%
1585,"SFL","SFL Corp Ltd","Industrials","Marine Shipping",4.87%,6.62%,22.65%,72.28%,73.61%,23.33%,-0.85%,0.71,0.04%,61.00,3.21%,2.99%,2024.13,3.61%
1586,"SFNC","Simmons First National Corp","Financial","Banks - Regional",0.13%,-0.52%,0.48%,21.27%,17.84%,36.72%,-0.13%,0.54,-0.17%,48.97,2.27%,2.04%,3303.59,4.42%
1587,"SFST","Southern First Bancshares Inc","Financial","Banks - Regional",1.63%,-3.16%,-0.35%,18.22%,38.67%,125.24%,-0.32%,0.43,0.09%,47.73,2.40%,2.33%,576.88,4.70%
1588,"SG","Sweetgreen Inc","Consumer Cyclical","Restaurants",10.01%,35.70%,17.12%,34.10%,10.01%,-19.92%,-1.41%,0.54,-0.38%,73.29,5.76%,6.09%,1079.11,25.24%
1589,"SGC","SuperiorGroup of Companies Inc","Consumer Cyclical","Apparel Manufacturing",4.06%,4.40%,0.38%,34.92%,25.58%,64.28%,0.93%,0.36,0.62%,58.56,3.05%,3.15%,208.25,4.33%
1590,"SGHC","Super Group (SGHC) Limited","Consumer Cyclical","Gambling",-0.73%,-17.89%,-21.65%,0.00%,-15.18%,251.50%,3.42%,1.04,3.42%,32.03,3.41%,3.38%,5911.71,17.65%
1591,"SGHT","Sight Sciences Inc","Healthcare","Medical Devices",-5.13%,4.95%,64.39%,10.91%,167.32%,124.36%,2.98%,1.30,3.10%,57.25,5.38%,4.27%,484.49,3.52%
1592,"SGMT","Sagimet Biosciences Inc","Healthcare","Biotechnology",-10.06%,-18.13%,16.26%,51.02%,22.64%,24.34%,-1.43%,1.08,-2.18%,39.64,9.22%,6.83%,550.64,17.87%
1593,"SGP","SpyGlass Pharma Inc","Healthcare","Biotechnology",-2.04%,-12.21%,30.38%,6.04%,,,0.35%,0.97,2.13%,42.37,6.81%,6.03%,851.25,8.80%
1594,"SGRY","Surgery Partners Inc","Healthcare","Medical Care Facilities",-8.78%,-5.43%,-21.96%,-13.27%,-36.64%,-50.75%,1.06%,0.15,0.60%,43.56,4.76%,5.31%,1754.30,17.04%
1595,"SHAK","Shake Shack Inc","Consumer Cyclical","Restaurants",8.80%,-9.70%,13.95%,-22.90%,-35.35%,11.15%,2.59%,0.54,2.62%,53.06,4.10%,4.52%,2678.33,9.47%
1596,"SHAZ","SharonAI Holdings Inc","Technology","Information Technology Services",-10.55%,-13.91%,-34.05%,2390.83%,-13.95%,-99.13%,-6.16%,0.51,-6.86%,38.06,7.06%,7.66%,1694.43,7.69%
1597,"SHBI","Shore Bancshares Inc","Financial","Banks - Regional",0.48%,-1.67%,1.37%,29.58%,40.90%,120.08%,-0.39%,0.58,-0.39%,47.28,2.12%,1.86%,764.56,3.37%
1598,"SHEN","Shenandoah Telecommunications Co","Communication Services","Telecom Services",-2.71%,-12.02%,-13.87%,-4.48%,-20.10%,-49.81%,1.49%,0.52,1.68%,35.40,5.31%,4.15%,611.34,6.73%
1599,"SHIM","Shimmick Corp","Industrials","Engineering & Construction",0.32%,-15.76%,-16.89%,6.16%,9.73%,,-0.96%,0.22,-1.59%,39.73,4.91%,5.71%,128.14,1.50%
1600,"SHLS","Shoals Technologies Group Inc","Technology","Solar",7.82%,13.80%,-20.32%,-5.88%,-5.88%,-47.02%,-3.28%,0.29,-3.61%,54.31,5.04%,6.02%,1346.40,9.06%
1601,"SHO","Sunstone Hotel Investors Inc","Real Estate","REIT - Hotel & Motel",0.35%,2.99%,1.34%,26.84%,21.80%,21.42%,-0.70%,0.24,-0.44%,59.19,1.68%,1.68%,2108.55,8.49%
1602,"SHOE","Shoe Station Group Inc","Consumer Cyclical","Apparel Retail",-4.69%,-7.77%,-16.62%,-25.41%,-43.36%,-48.21%,-0.55%,0.33,0.08%,38.83,3.82%,5.21%,342.24,48.82%
1603,"SHOO","Steven Madden Ltd","Consumer Cyclical","Footwear & Accessories",1.94%,8.20%,14.74%,9.92%,32.94%,45.72%,-0.63%,0.55,-0.44%,58.38,2.87%,3.24%,3349.31,5.10%
1604,"SI","Shoulder Innovations Inc","Healthcare","Medical Devices",7.54%,-5.33%,-9.59%,34.99%,58.35%,,2.62%,0.34,1.54%,53.42,6.89%,5.62%,401.87,3.68%
1605,"SIBN","SI-BONE Inc","Healthcare","Medical Devices",3.89%,4.56%,12.66%,-1.17%,34.41%,-4.37%,6.91%,0.76,7.80%,59.64,3.81%,3.54%,873.51,13.90%
1606,"SIDU","Sidus Space Inc","Industrials","Aerospace & Defense",-12.94%,-17.45%,-24.24%,-44.27%,59.09%,-87.23%,-3.31%,0.98,-3.31%,34.86,7.56%,5.79%,177.15,16.61%
1607,"SIG","Signet Jewelers Ltd","Consumer Cyclical","Luxury Goods",-0.84%,24.89%,22.73%,23.59%,6.47%,56.15%,0.97%,0.58,1.84%,58.69,3.97%,4.33%,3820.18,15.95%
1608,"SIGA","SIGA Technologies Inc","Healthcare","Drug Manufacturers - Specialty & Generic",2.17%,9.44%,-3.68%,-34.60%,-55.35%,-11.94%,3.97%,0.51,4.59%,63.92,4.03%,4.77%,253.99,9.07%
1609,"SIGI","Selective Insurance Group Inc","Financial","Insurance - Property & Casualty",0.62%,-8.14%,-12.63%,2.32%,2.51%,-18.98%,0.27%,0.27,0.02%,37.77,1.85%,1.89%,5099.66,2.55%
1610,"SION","Sionna Therapeutics Inc","Healthcare","Biotechnology",-5.30%,-28.17%,-89.21%,-88.21%,-83.84%,,-2.05%,0.33,-1.25%,26.91,5.28%,8.70%,219.21,15.23%
1611,"SITC","SITE Centers Corp","Real Estate","REIT - Retail",9.67%,16.55%,0.34%,-32.01%,-34.84%,-0.14%,-1.91%,0.75,-2.19%,63.89,4.82%,3.06%,175.53,11.68%
1612,"SKT","Tanger Inc","Real Estate","REIT - Retail",1.07%,-5.40%,-11.94%,5.31%,3.30%,56.89%,-0.02%,0.43,0.09%,35.99,1.94%,1.80%,4037.17,6.10%
1613,"SKWD","Skyward Specialty Insurance Group Inc","Financial","Insurance - Property & Casualty",3.21%,-4.78%,-11.37%,8.22%,19.54%,91.86%,0.72%,0.23,0.55%,46.40,2.61%,2.43%,2455.69,5.18%
1614,"SKY","Champion Homes Inc","Consumer Cyclical","Residential Construction",-0.60%,0.22%,4.03%,2.12%,13.03%,43.73%,-1.97%,0.36,-2.05%,49.03,3.38%,3.41%,4684.12,5.42%
1615,"SKYH","Sky Harbour Group Corp","Real Estate","Real Estate - Development",-6.30%,-10.27%,-7.87%,3.94%,-6.49%,107.18%,-1.24%,0.47,0.36%,29.40,3.60%,2.56%,761.04,12.27%
1616,"SKYW","Skywest Inc","Industrials","Airlines",-4.00%,0.47%,-1.16%,-3.70%,-3.33%,134.00%,0.20%,0.27,0.27%,44.68,3.05%,2.81%,3754.32,4.74%
1617,"SLAB","Silicon Laboratories Inc","Technology","Semiconductors",0.86%,1.01%,2.36%,70.57%,66.02%,97.03%,0.34%,0.40,0.08%,69.37,0.44%,0.52%,7438.69,7.97%
1618,"SLDB","Solid Biosciences Inc","Healthcare","Biotechnology",-2.34%,-31.77%,-36.23%,26.06%,20.51%,206.47%,2.89%,0.70,3.80%,34.19,5.38%,5.57%,762.37,19.55%
1619,"SLDE","Slide Insurance Holdings Inc","Financial","Insurance - Property & Casualty",5.36%,-2.60%,15.91%,23.64%,53.02%,,1.16%,0.49,2.02%,54.29,3.05%,3.42%,2813.50,9.37%
1620,"SLDP","Solid Power Inc","Consumer Cyclical","Auto Parts",2.12%,-6.94%,-4.23%,-45.69%,-46.57%,25.43%,-1.28%,0.53,-0.94%,44.78,4.79%,4.60%,526.64,14.10%
1621,"SLG","SL Green Realty Corp","Real Estate","REIT - Office",-1.25%,-11.30%,-3.11%,6.18%,-17.91%,41.38%,0.09%,0.29,-0.22%,33.17,3.57%,3.24%,3720.84,16.03%
1622,"SLNH","Soluna Holdings Inc","Financial","Capital Markets",-14.41%,-15.83%,-13.68%,-13.68%,-54.50%,-79.80%,-5.61%,1.12,-5.61%,34.41,6.34%,6.26%,249.17,13.19%
1623,"SLP","Simulations Plus Inc","Healthcare","Health Information Services",0.08%,0.41%,1.18%,1.45%,15.45%,-55.56%,-0.03%,1.60,-0.03%,63.84,0.17%,0.15%,374.06,17.27%
1624,"SLS","SELLAS Life Sciences Group Inc","Healthcare","Biotechnology",0.17%,-15.26%,-14.00%,207.96%,520.86%,723.40%,-1.36%,0.69,-1.11%,45.89,6.77%,7.37%,2344.59,29.58%
1625,"SLVM","Sylvamo Corp","Basic Materials","Paper & Paper Products",-3.41%,-4.91%,-12.74%,-29.83%,-24.52%,-19.63%,5.03%,0.58,4.02%,41.76,4.39%,3.10%,1343.37,8.84%
1626,"SM","SM Energy Co","Energy","Oil & Gas E&P",6.62%,-4.87%,28.12%,91.28%,38.38%,-1.73%,1.09%,0.34,1.50%,51.75,4.18%,3.66%,8508.04,5.72%
1627,"SMA","Smartstop Self Storage REIT Inc","Real Estate","REIT - Industrial",4.51%,-1.49%,0.21%,5.39%,-9.27%,,-0.16%,0.75,0.30%,51.69,3.09%,2.31%,1934.98,9.52%
1628,"SMBC","Southern Missouri Bancorp Inc","Financial","Banks - Regional",0.97%,-1.65%,-4.87%,22.12%,40.11%,80.18%,0.02%,0.74,-0.54%,45.94,1.80%,1.72%,795.12,3.64%
1629,"SMBK","SmartFinancial Inc","Financial","Banks - Regional",2.67%,-1.45%,9.45%,38.12%,45.56%,138.85%,0.18%,0.16,0.20%,52.93,2.61%,2.10%,873.56,3.29%
1630,"SMC","Summit Midstream Corp","Energy","Oil & Gas Midstream",2.47%,-8.69%,4.00%,17.76%,42.81%,57.01%,1.55%,0.90,1.87%,42.46,3.02%,3.08%,638.04,2.48%
1631,"SMHI","SEACOR Marine Holdings Inc","Industrials","Marine Shipping",0.83%,-12.32%,13.11%,41.86%,37.30%,-35.74%,2.77%,0.30,3.26%,40.05,3.84%,3.17%,231.72,4.29%
1632,"SMID","Smith-Midland Corp","Basic Materials","Building Materials",-7.84%,-15.42%,-24.52%,-38.86%,-38.52%,18.51%,-0.13%,0.67,0.14%,26.55,4.19%,3.59%,117.87,4.45%
1633,"SMP","Standard Motor Products Inc","Consumer Cyclical","Auto Parts",-0.55%,-4.22%,0.51%,2.12%,-8.93%,13.34%,0.21%,0.29,0.29%,48.13,2.11%,3.00%,840.67,5.32%
1634,"SMPL","Simply Good Foods Co","Consumer Defensive","Packaged Foods",3.75%,-13.32%,-24.37%,-50.40%,-59.64%,-70.63%,1.12%,0.38,1.32%,46.44,2.99%,3.90%,881.07,9.54%
1635,"SMR","NuScale Power Corp","Industrials","Specialty Industrial Machinery",-2.47%,-20.87%,-13.90%,-45.55%,-80.77%,64.85%,-0.71%,0.54,-0.45%,38.93,5.07%,6.49%,3315.32,18.87%
1636,"SMRT","SmartRent Inc","Technology","Software - Application",2.94%,-7.89%,14.49%,-39.36%,-11.23%,-54.29%,2.51%,0.32,2.08%,51.77,3.07%,3.75%,234.72,5.00%
1637,"SMTI","Sanara MedTech Inc","Healthcare","Medical Instruments & Supplies",-0.17%,0.92%,41.35%,50.06%,12.34%,13.62%,0.86%,0.71,0.54%,62.80,0.55%,0.65%,321.94,6.35%
1638,"SND","Smart Sand Inc","Energy","Oil & Gas Equipment & Services",3.43%,1.59%,16.65%,41.63%,170.11%,220.02%,1.97%,0.47,1.78%,61.14,3.74%,4.24%,230.44,7.04%
1639,"SNDA","Sonida Senior Living Inc","Healthcare","Medical Care Facilities",-0.40%,-1.11%,-8.48%,14.87%,40.51%,312.54%,-0.96%,0.43,-0.64%,39.49,3.01%,3.24%,1799.82,7.51%
1640,"SNDX","Syndax Pharmaceuticals Inc","Healthcare","Biotechnology",0.34%,-13.35%,-22.89%,-14.71%,14.87%,39.56%,1.70%,0.53,1.82%,43.83,4.36%,4.20%,1600.21,25.46%
1641,"SNEX","StoneX Group Inc","Financial","Capital Markets",2.38%,-2.98%,-16.70%,59.58%,50.23%,265.78%,2.12%,0.52,2.52%,49.40,2.83%,3.55%,8138.01,4.50%
1642,"SNFCA","Security National Financial Corp","Financial","Insurance - Life",3.86%,2.93%,-3.84%,6.51%,11.85%,33.93%,1.33%,0.68,0.77%,61.48,1.67%,2.14%,249.16,1.36%
1643,"SOC","Sable Offshore Corp","Energy","Oil & Gas Drilling",2.52%,-22.46%,-13.48%,-59.42%,-80.83%,-65.14%,4.57%,0.62,4.27%,38.69,8.75%,7.63%,702.24,27.49%
1644,"SONO","Sonos Inc","Technology","Consumer Electronics",-1.78%,9.22%,25.18%,0.51%,3.76%,40.19%,0.86%,0.67,-0.28%,62.19,3.59%,3.86%,2087.89,8.01%
1645,"SOUN","SoundHound AI Inc","Technology","Software - Application",2.00%,-11.77%,-10.44%,-40.35%,-66.68%,194.40%,1.48%,0.50,1.83%,41.60,4.37%,3.86%,2675.33,40.77%
1646,"SPB","Spectrum Brands Holdings Inc","Consumer Defensive","Household & Personal Products",-7.34%,-13.18%,-7.93%,29.93%,39.54%,2.27%,-1.64%,0.44,-1.99%,25.39,3.20%,2.41%,1765.17,17.85%
1647,"SPCE","Virgin Galactic Holdings Inc","Industrials","Aerospace & Defense",-3.82%,2.03%,17.51%,-5.92%,-29.44%,-90.68%,-0.33%,0.65,-0.33%,48.13,5.05%,5.56%,457.82,22.48%
1648,"SPFI","South Plains Financial Inc","Financial","Banks - Regional",1.01%,-5.61%,0.09%,10.18%,9.98%,59.03%,-0.82%,0.31,-0.63%,42.93,2.49%,2.02%,805.34,3.76%
1649,"SPHR","Sphere Entertainment Co","Communication Services","Entertainment",-19.07%,-21.49%,-28.26%,18.08%,78.29%,195.36%,-8.91%,4.17,-12.46%,22.33,4.55%,4.07%,4031.89,23.88%
1650,"SPIR","Spire Global Inc","Industrials","Specialty Business Services",-6.81%,-7.91%,-35.03%,45.87%,-20.32%,155.61%,-3.13%,0.67,-1.53%,36.87,7.02%,5.85%,444.42,11.21%
1651,"SPNT","SiriusPoint Ltd","Financial","Insurance - Reinsurance",-0.67%,-0.71%,0.71%,12.67%,32.67%,136.92%,1.08%,0.32,1.00%,51.05,2.43%,2.42%,2865.05,5.29%
1652,"SPOK","Spok Holdings Inc","Healthcare","Health Information Services",5.79%,2.72%,4.68%,-16.83%,-31.39%,-25.88%,0.92%,0.82,0.73%,62.42,1.78%,1.73%,229.47,3.32%
1653,"SPRB","Spruce Biosciences Inc","Healthcare","Biotechnology",-4.28%,-21.20%,-10.43%,-47.80%,415.59%,-70.85%,-0.08%,0.95,-0.51%,35.54,6.14%,6.15%,130.69,16.58%
1654,"SPRY","ARS Pharmaceuticals Inc","Healthcare","Biotechnology",3.51%,-24.60%,-47.80%,-63.30%,-58.54%,7.14%,4.01%,0.66,5.04%,39.91,6.88%,5.85%,425.14,35.36%
1655,"SPSC","SPS Commerce Inc","Technology","Software - Application",0.64%,-3.19%,33.80%,-8.53%,-23.04%,-50.89%,-0.92%,0.59,-1.00%,52.19,3.47%,4.09%,2934.91,9.23%
1656,"SPT","Sprout Social Inc","Technology","Software - Application",8.50%,-9.63%,25.15%,-8.83%,-17.73%,-78.79%,1.53%,0.30,1.83%,51.35,6.05%,5.50%,623.00,8.43%
1657,"SPTX","Seaport Therapeutics Inc","Healthcare","Biotechnology",-5.36%,-23.48%,1.96%,-11.49%,,,-0.98%,0.48,0.91%,37.58,10.72%,9.22%,994.96,22.82%
1658,"SR","Spire Inc","Utilities","Utilities - Regulated Gas",1.58%,-6.33%,-3.68%,-5.62%,-5.15%,37.32%,0.46%,0.31,0.66%,43.87,1.80%,2.04%,4614.37,5.04%
1659,"SRBK","SR Bancorp Inc","Financial","Banks - Regional",-2.62%,-4.72%,-2.36%,18.04%,24.95%,116.80%,0.43%,0.88,0.43%,30.73,2.75%,1.90%,133.23,4.00%
1660,"SRCE","1st Source Corp","Financial","Banks - Regional",1.62%,0.31%,6.37%,39.09%,43.47%,103.31%,0.48%,0.42,0.08%,55.69,1.84%,1.56%,2093.11,4.01%
1661,"SRI","Stoneridge Inc","Consumer Cyclical","Auto Parts",-0.46%,-7.14%,-6.75%,14.67%,-12.64%,-63.64%,-0.90%,0.42,-1.20%,39.27,3.20%,3.31%,189.37,3.75%
1662,"SRPT","Sarepta Therapeutics Inc","Healthcare","Biotechnology",-7.42%,-24.29%,-12.05%,-19.12%,-23.12%,-85.66%,0.12%,0.43,-0.54%,37.39,3.94%,5.68%,1838.44,25.32%
1663,"SRRK","Scholar Rock Holding Corp","Healthcare","Biotechnology",-8.81%,-19.91%,-20.79%,1.70%,19.56%,515.38%,-4.84%,1.15,-4.29%,34.01,4.28%,5.09%,5455.98,19.30%
1664,"SRTA","Strata Critical Medical Inc","Healthcare","Medical Care Facilities",-7.46%,-9.87%,-7.64%,0.62%,-10.54%,103.35%,1.68%,1.03,2.32%,35.02,4.61%,3.79%,428.16,6.56%
1665,"SRZN","Surrozen Inc","Healthcare","Biotechnology",-5.99%,23.63%,21.10%,23.30%,103.62%,316.53%,-4.89%,0.52,-4.96%,57.51,7.31%,9.30%,327.52,36.05%
1666,"SSMR","Sunshine Silver Mining & Refining Co","Basic Materials","Other Industrial Metals & Mining",3.59%,-13.59%,12.26%,2.83%,,,-0.48%,0.38,0.29%,44.84,4.24%,6.10%,2216.99,2.33%
1667,"SSP","E.W. Scripps Co","Communication Services","Broadcasting",0.93%,-18.47%,-13.81%,-31.95%,9.48%,-45.75%,-0.55%,0.68,-0.91%,36.28,6.05%,5.39%,251.59,8.41%
1668,"SSRM","SSR Mining Inc","Basic Materials","Gold",-0.25%,-13.20%,12.86%,54.00%,44.57%,167.27%,0.92%,0.68,1.46%,44.16,3.38%,3.33%,6883.32,4.28%
1669,"SSTK","Shutterstock Inc","Communication Services","Internet Content & Information",-1.60%,-30.76%,-54.19%,-79.08%,-82.10%,-89.18%,5.55%,0.55,4.86%,32.31,7.81%,6.39%,147.61,9.13%
1670,"STAA","Staar Surgical Co","Healthcare","Medical Instruments & Supplies",6.33%,-5.87%,-16.42%,-3.90%,-18.24%,-41.42%,-0.63%,0.25,-1.25%,49.79,3.81%,4.61%,1112.70,15.27%
1671,"STBA","S & T Bancorp Inc","Financial","Banks - Regional",0.83%,-1.18%,1.56%,25.84%,32.48%,80.34%,-0.08%,0.35,-0.24%,48.71,2.21%,1.79%,1746.35,6.17%
1672,"STC","Stewart Information Services Corp","Financial","Insurance - Property & Casualty",-11.21%,-26.63%,-25.25%,-27.29%,-29.47%,20.61%,-0.90%,0.59,-0.90%,18.83,5.95%,3.48%,1559.33,4.05%
1673,"STEP","StepStone Group Inc","Financial","Asset Management",6.65%,-9.69%,7.23%,-27.45%,-30.47%,54.01%,1.24%,0.35,1.56%,47.74,3.39%,4.15%,5548.50,6.95%
1674,"STGW","Stagwell Inc","Communication Services","Advertising Agencies",4.01%,-3.93%,11.04%,74.85%,56.59%,108.03%,-1.50%,2.07,2.27%,52.97,3.20%,3.25%,2090.26,8.66%
1675,"STLN","Starling Oncology Inc","Healthcare","Medical Care Facilities",-5.27%,5.36%,8.45%,76.68%,72.80%,362.49%,-0.63%,0.48,-0.95%,47.68,4.40%,5.81%,628.88,10.07%
1676,"STNE","StoneCo Ltd","Technology","Software - Infrastructure",27.51%,14.54%,10.68%,-3.26%,-20.38%,41.94%,8.64%,6.64,23.77%,74.27,4.26%,4.05%,2874.98,6.32%
1677,"STNG","Scorpio Tankers Inc","Energy","Oil & Gas Midstream",3.15%,7.12%,15.46%,68.82%,49.76%,67.43%,-4.34%,0.62,-0.49%,60.55,3.27%,3.21%,4297.49,5.65%
1678,"STOK","Stoke Therapeutics Inc","Healthcare","Biotechnology",-0.53%,-15.42%,-23.18%,-20.09%,-0.76%,567.50%,-1.76%,0.38,-1.00%,34.04,3.82%,4.20%,1636.71,20.85%
1679,"STRA","Strategic Education Inc","Consumer Defensive","Education & Training Services",4.24%,-3.39%,-5.74%,-1.34%,-7.30%,1.34%,-0.72%,0.23,-0.75%,47.88,2.50%,2.86%,1757.18,7.36%
1680,"STRO","Sutro Biopharma Inc","Healthcare","Biotechnology",-5.40%,-26.17%,-52.80%,31.07%,66.92%,-55.13%,-1.72%,0.48,-1.21%,27.32,6.10%,6.20%,251.45,14.45%
1681,"STRT","Strattec Security Corp","Consumer Cyclical","Auto Parts",-0.58%,-11.04%,-12.46%,-13.05%,-6.94%,191.01%,0.69%,0.39,0.62%,36.66,3.21%,3.17%,263.83,6.99%
1682,"STRW","Strawberry Fields Reit Inc","Real Estate","REIT - Healthcare Facilities",0.19%,-4.20%,-3.28%,0.19%,10.48%,120.59%,-1.98%,0.52,-2.78%,42.16,3.53%,2.85%,734.48,1.78%
1683,"STRZ","Starz Entertainment Corp","Communication Services","Entertainment",6.09%,-15.27%,-21.54%,94.94%,57.41%,,-1.39%,0.24,-1.90%,42.44,8.07%,7.67%,390.58,4.52%
1684,"STTK","Shattuck Labs Inc","Healthcare","Biotechnology",1.75%,-6.00%,-9.89%,79.24%,178.40%,367.31%,-2.79%,0.49,-2.79%,49.17,9.44%,6.24%,656.60,7.90%
1685,"STUB","Stubhub Holdings Inc","Communication Services","Internet Content & Information",2.64%,-16.69%,-59.79%,-59.79%,-67.91%,,0.55%,0.46,0.55%,34.16,5.61%,5.14%,2078.57,9.76%
1686,"STXS","Stereotaxis Inc","Healthcare","Medical Instruments & Supplies",-5.56%,-14.39%,-34.62%,-48.26%,-62.10%,-19.59%,0.85%,0.60,0.85%,33.39,4.66%,4.69%,119.24,7.25%
1687,"SUJA","Suja Life Inc","Consumer Defensive","Beverages - Non-Alcoholic",3.58%,-9.13%,-14.50%,-48.56%,,,-3.34%,0.32,-4.54%,52.49,8.48%,7.52%,357.67,13.94%
1688,"SUPN","Supernus Pharmaceuticals Inc","Healthcare","Drug Manufacturers - Specialty & Generic",-4.45%,-3.08%,-11.11%,-14.26%,-11.86%,55.76%,0.70%,1.18,0.55%,45.36,3.72%,3.14%,2481.22,9.15%
1689,"SVC","Service Properties Trust","Real Estate","REIT - Hotel & Motel",-3.42%,-16.62%,-27.15%,-31.03%,-51.93%,-82.57%,-0.39%,0.41,-0.55%,29.33,3.65%,3.38%,821.74,4.07%
1690,"SVCO","Silvaco Group Inc","Technology","Software - Application",9.20%,39.50%,-10.64%,119.75%,53.45%,,-2.41%,0.43,-2.73%,65.86,7.11%,6.13%,301.58,10.50%
1691,"SVIA","Silvia Inc","Financial","Capital Markets",12.33%,66.57%,173.81%,24.10%,-56.80%,,2.12%,1.20,2.36%,73.12,10.42%,11.00%,387.14,2.83%
1692,"SVRA","Savara Inc","Healthcare","Biotechnology",-4.93%,-10.24%,-22.38%,-20.07%,38.11%,27.85%,-0.62%,0.77,0.21%,35.93,5.22%,4.51%,990.31,42.09%
1693,"SVV","Savers Value Village Inc","Consumer Cyclical","Specialty Retail",-0.87%,-9.75%,-3.75%,-0.77%,-30.15%,-38.74%,-2.13%,0.32,0.20%,41.92,3.47%,3.90%,1429.72,13.93%
1694,"SWBI","Smith & Wesson Brands Inc","Industrials","Aerospace & Defense",5.06%,20.13%,-4.53%,49.34%,48.74%,12.48%,0.82%,0.65,0.68%,68.21,2.19%,3.54%,660.93,6.47%
1695,"SWIM","Latham Group Inc","Industrials","Building Products & Equipment",2.90%,-7.52%,8.12%,0.63%,-13.65%,162.97%,-0.47%,0.37,-0.31%,48.19,3.57%,4.51%,751.77,6.78%
1696,"SWMR","Swarmer Inc","Technology","Software - Infrastructure",-16.83%,-54.32%,-62.40%,20.96%,,,-1.56%,1.20,-1.56%,26.60,13.33%,13.25%,251.14,25.48%
1697,"SWX","Southwest Gas Holdings Inc","Utilities","Utilities - Regulated Gas",1.83%,-6.00%,-8.48%,4.18%,6.35%,42.26%,0.77%,0.74,0.82%,40.69,1.61%,1.73%,6039.51,3.07%
1698,"SXC","SunCoke Energy Inc","Basic Materials","Coking Coal",4.24%,-1.38%,27.04%,39.57%,19.21%,5.67%,1.20%,0.42,1.51%,57.28,3.61%,3.49%,852.92,4.85%
1699,"SXI","Standex International Corp","Industrials","Specialty Industrial Machinery",4.29%,5.09%,-6.48%,33.66%,35.96%,94.72%,0.05%,0.66,0.64%,58.74,3.64%,3.24%,3566.83,5.57%
1700,"SXT","Sensient Technologies Corp","Basic Materials","Specialty Chemicals",0.67%,-4.81%,5.21%,38.09%,36.71%,129.99%,0.71%,0.25,0.89%,49.82,2.38%,2.10%,5522.10,3.69%
1701,"SYBT","Stock Yards Bancorp Inc","Financial","Banks - Regional",0.06%,-2.76%,1.81%,20.19%,12.15%,94.14%,-0.83%,0.60,-0.73%,45.29,2.31%,2.17%,2425.22,4.67%
1702,"SYNA","Synaptics Inc","Technology","Semiconductors",19.40%,22.68%,0.39%,61.89%,73.24%,32.97%,-0.86%,1.40,-1.05%,69.90,3.52%,4.35%,4756.34,6.57%
1703,"SYRE","Spyre Therapeutics Inc","Healthcare","Biotechnology",7.83%,6.02%,-1.83%,182.37%,482.16%,767.78%,-0.55%,0.30,-0.74%,52.80,5.79%,4.57%,8156.51,15.35%
1704,"TALO","Talos Energy Inc","Energy","Oil & Gas E&P",4.81%,-0.22%,26.94%,56.55%,75.32%,16.02%,2.81%,0.47,2.81%,56.48,3.13%,3.42%,2880.40,7.37%
1705,"TARA","Protara Therapeutics Inc","Healthcare","Biotechnology",-19.85%,-34.38%,-38.99%,-51.13%,-47.48%,55.06%,-3.87%,1.40,-3.52%,17.96,9.32%,6.24%,153.95,8.46%
1706,"TARS","Tarsus Pharmaceuticals Inc","Healthcare","Biotechnology",-3.42%,-10.84%,5.15%,-9.40%,13.83%,300.57%,1.32%,0.23,1.62%,46.22,3.73%,4.08%,3471.25,13.89%
1707,"TATT","TAT Technologies Ltd","Industrials","Aerospace & Defense",-5.09%,-13.28%,-26.40%,-24.26%,-19.94%,306.61%,-2.61%,0.53,-3.87%,30.89,3.50%,3.76%,439.66,13.72%
1708,"TAYD","Taylor Devices Inc","Industrials","Specialty Industrial Machinery",-11.38%,-4.64%,1.37%,-1.25%,36.25%,177.28%,4.55%,1.39,5.02%,43.93,6.61%,4.08%,186.18,4.51%
1709,"TBBK","Bancorp Inc","Financial","Banks - Regional",-1.34%,-28.40%,-26.09%,-28.17%,-36.30%,40.17%,-0.86%,1.05,-0.64%,27.04,3.37%,3.11%,1978.16,7.41%
1710,"TBCH","Turtle Beach Corp","Technology","Consumer Electronics",9.61%,11.10%,10.05%,-0.86%,-10.14%,59.34%,-0.64%,0.40,-0.57%,68.14,3.76%,3.27%,249.13,32.43%
1711,"TBI","TrueBlue Inc","Industrials","Staffing & Employment Services",-6.75%,-9.48%,12.25%,97.36%,48.18%,-39.85%,-1.97%,0.23,-2.18%,43.25,5.27%,4.97%,273.39,3.04%
1712,"TBLA","Taboola.com Ltd","Communication Services","Internet Content & Information",-4.26%,-15.89%,-40.06%,-29.39%,-1.06%,-18.22%,-0.15%,0.50,0.77%,29.12,4.03%,3.41%,879.35,4.94%
1713,"TCBI","Texas Capital Bancshares Inc","Financial","Banks - Regional",-1.06%,-4.21%,-10.08%,3.49%,10.59%,59.48%,-0.10%,0.46,-0.07%,38.30,2.08%,1.78%,4073.36,10.88%
1714,"TCBK","Trico Bancshares","Financial","Banks - Regional",0.65%,-3.83%,-2.78%,10.26%,18.59%,63.98%,-0.46%,0.25,-0.69%,42.66,2.14%,1.80%,1669.57,5.06%
1715,"TCBX","Third Coast Bancshares Inc","Financial","Banks - Regional",-0.71%,-4.42%,6.07%,12.80%,14.58%,157.35%,-0.38%,0.23,-1.12%,41.79,2.48%,2.32%,714.08,3.84%
1716,"TCI","Transcontinental Realty Investors Inc","Real Estate","Real Estate Services",5.89%,17.77%,0.40%,-22.11%,-0.04%,51.80%,1.78%,0.61,2.84%,71.06,2.78%,4.06%,400.62,2.53%
1717,"TCMD","Tactile Systems Technology Inc","Healthcare","Medical Devices",-2.30%,1.29%,-29.20%,-23.12%,46.68%,65.15%,1.11%,0.48,0.88%,43.55,2.89%,3.08%,505.04,12.98%
1718,"TCX","Tucows Inc","Technology","Software - Infrastructure",-2.01%,-12.83%,-24.34%,-58.09%,-48.11%,-52.30%,0.08%,0.58,0.08%,35.43,4.15%,4.80%,105.08,10.46%
1719,"TDAY","USA TODAY Co Inc","Communication Services","Publishing",15.42%,13.64%,-14.31%,42.77%,76.74%,192.92%,-0.51%,1.06,4.29%,67.46,4.70%,3.91%,1079.47,23.12%
1720,"TDC","Teradata Corp","Technology","Software - Infrastructure",3.85%,2.99%,-18.68%,-2.60%,33.68%,-34.26%,-1.79%,0.27,-1.63%,55.41,2.86%,3.00%,2757.45,17.13%
1721,"TDOC","Teladoc Health Inc","Healthcare","Health Information Services",-2.89%,-11.59%,-39.92%,-18.29%,-36.51%,-69.16%,4.00%,0.75,3.62%,36.53,3.97%,3.64%,1039.24,15.32%
1722,"TDS","Telephone And Data Systems Inc","Communication Services","Telecom Services",2.42%,-5.89%,1.00%,-13.19%,-9.96%,113.90%,0.34%,0.91,0.57%,49.60,3.60%,2.89%,3829.73,5.99%
1723,"TDUP","ThredUp Inc","Consumer Cyclical","Internet Retail",-2.27%,-19.48%,-68.57%,-66.35%,-77.20%,-37.50%,0.43%,0.26,-0.92%,28.10,4.41%,5.20%,282.37,20.38%
1724,"TDW","Tidewater Inc","Energy","Oil & Gas Equipment & Services",1.59%,-10.56%,18.89%,67.47%,58.68%,29.60%,2.85%,0.51,2.63%,45.60,2.68%,3.45%,4208.89,12.95%
1725,"TE","T1 Energy Inc","Industrials","Electrical Equipment & Parts",3.32%,-18.75%,-46.93%,-44.78%,45.79%,-16.92%,-5.18%,0.69,-5.90%,39.45,5.75%,6.14%,1086.21,26.48%
1726,"TECX","Tectonic Therapeutic Inc","Healthcare","Biotechnology",-2.86%,-23.67%,-37.49%,9.48%,49.86%,25.21%,0.74%,0.82,1.32%,27.19,5.41%,5.73%,446.47,21.84%
1727,"TENB","Tenable Holdings Inc","Technology","Software - Infrastructure",9.72%,9.65%,-6.89%,60.73%,27.81%,-14.80%,2.33%,0.57,2.63%,58.09,5.26%,6.20%,4165.50,16.77%
1728,"TENX","Tenax Therapeutics Inc","Healthcare","Biotechnology",4.05%,8.15%,-88.92%,-84.21%,-74.33%,-91.50%,-2.78%,0.25,-2.78%,32.56,4.90%,6.58%,72.04,16.25%
1729,"TEX","Terex Corp","Industrials","Farm & Heavy Construction Machinery",4.05%,-7.99%,-13.31%,8.18%,9.72%,10.33%,1.60%,0.65,1.83%,46.61,4.48%,3.49%,6600.25,6.34%
1730,"TFIN","Triumph Financial Inc","Financial","Banks - Regional",2.76%,-9.42%,-19.52%,-0.53%,27.38%,0.84%,0.10%,0.37,0.19%,36.46,2.77%,2.77%,1488.64,10.85%
1731,"TG","Tredegar Corp","Industrials","Metal Fabrication",0.85%,-7.45%,-4.71%,-1.26%,-8.16%,37.13%,0.85%,0.53,0.85%,45.21,2.22%,3.05%,247.75,2.17%
1732,"TGLS","Tecnoglass Holdings Inc","Basic Materials","Building Materials",2.66%,-9.45%,-17.80%,-29.35%,-46.29%,6.66%,2.02%,0.65,2.33%,41.68,3.61%,3.85%,1577.17,7.63%
1733,"TGTX","TG Therapeutics Inc","Healthcare","Biotechnology",-3.03%,-3.91%,-6.15%,82.79%,48.45%,589.75%,0.33%,0.36,0.37%,47.25,3.55%,3.99%,8340.73,21.29%
1734,"TH","Target Hospitality Corp","Industrials","Specialty Business Services",-1.50%,2.54%,5.79%,137.33%,140.33%,20.24%,0.74%,1.23,0.90%,47.35,5.27%,4.58%,1893.85,5.62%
1735,"THFF","First Financial Corp","Financial","Banks - Regional",0.07%,-4.71%,-0.92%,24.12%,37.86%,121.35%,0.07%,0.71,0.01%,40.14,1.98%,2.10%,1191.77,3.54%
1736,"THRM","Gentherm Inc","Consumer Cyclical","Auto Parts",2.41%,-14.00%,-0.18%,-5.37%,-3.97%,-36.19%,3.46%,8.50,3.19%,39.38,5.69%,4.18%,1759.55,7.75%
1737,"THRY","Thryv Holdings Inc","Technology","Software - Application",-5.92%,-21.35%,-63.61%,-75.04%,-87.35%,-92.22%,1.00%,0.42,-0.66%,28.95,6.79%,7.00%,67.11,7.78%
1738,"TIC","TIC Solutions Inc","Industrials","Specialty Business Services",-3.57%,-9.38%,6.42%,-16.73%,-40.63%,,1.42%,0.37,1.92%,39.16,4.06%,4.13%,1837.02,15.50%
1739,"TILE","Interface Inc","Consumer Cyclical","Furnishings, Fixtures & Appliances",-0.14%,-3.49%,4.40%,25.79%,27.11%,256.01%,1.04%,0.31,0.66%,48.46,2.24%,2.56%,2029.95,7.58%
1740,"TIPT","Tiptree Inc","Financial","Asset Management",1.31%,-6.10%,-1.82%,-4.46%,-3.98%,13.06%,0.32%,0.47,0.61%,46.88,2.11%,1.80%,650.05,3.97%
1741,"TITN","Titan Machinery Inc","Industrials","Industrial Distribution",9.18%,12.24%,46.43%,70.37%,54.64%,3.53%,1.12%,0.35,0.80%,66.82,4.85%,5.25%,603.02,5.81%
1742,"TK","Teekay Corp Ltd","Energy","Oil & Gas Midstream",6.58%,10.62%,39.12%,78.38%,95.48%,251.77%,-1.32%,0.54,0.40%,67.46,3.62%,3.45%,1306.60,5.85%
1743,"TKNO","Alpha Teknova Inc","Healthcare","Drug Manufacturers - Specialty & Generic",-2.50%,23.90%,65.19%,136.05%,59.04%,307.73%,0.22%,1.07,-0.22%,69.26,4.40%,6.25%,481.59,14.45%
1744,"TLS","Telos Corp","Technology","Software - Infrastructure",4.63%,-12.77%,-10.38%,-16.71%,-37.44%,65.93%,0.42%,0.53,1.38%,49.36,4.13%,4.61%,317.48,5.87%
1745,"TLSI","TriSalus Life Sciences Inc","Healthcare","Medical Devices",-0.34%,-12.14%,7.50%,-37.32%,-5.30%,-9.98%,1.75%,0.23,1.28%,41.19,7.34%,7.47%,269.40,8.75%
1746,"TMDX","Transmedics Group Inc","Healthcare","Medical Devices",-1.12%,-5.96%,15.02%,-32.76%,-29.29%,60.27%,2.89%,0.92,2.51%,44.45,4.86%,4.92%,2836.42,23.93%
1747,"TMP","Tompkins Financial Corp","Financial","Banks - Regional",1.10%,0.10%,5.62%,36.22%,50.96%,93.73%,-0.51%,0.35,-0.11%,53.19,2.41%,2.24%,1420.82,2.48%
1748,"TNC","Tennant Co","Industrials","Specialty Industrial Machinery",0.69%,-2.36%,-20.79%,-6.81%,-17.06%,-9.93%,2.78%,0.35,2.32%,49.39,2.70%,2.97%,1170.93,7.92%
1749,"TNDM","Tandem Diabetes Care Inc","Healthcare","Medical Devices",2.59%,-17.55%,9.17%,-23.36%,14.51%,-13.62%,2.09%,0.44,2.09%,43.20,5.14%,6.30%,1172.05,18.15%
1750,"TNET","TriNet Group Inc","Industrials","Staffing & Employment Services",0.66%,-8.09%,14.25%,7.91%,-3.35%,-45.16%,0.33%,0.62,0.90%,43.02,3.67%,3.05%,2929.05,4.00%
1751,"TNGX","Tango Therapeutics Inc","Healthcare","Biotechnology",-6.09%,0.26%,-24.24%,157.56%,194.07%,90.01%,-2.02%,0.64,-1.81%,42.84,6.73%,6.53%,3847.68,33.73%
1752,"TNK","Teekay Tankers Ltd","Energy","Oil & Gas Midstream",7.24%,11.77%,48.04%,94.65%,102.10%,184.03%,-1.56%,0.66,-0.45%,68.04,4.21%,3.64%,3559.40,4.89%
1753,"TNXP","Tonix Pharmaceuticals Holding Corp","Healthcare","Biotechnology",-17.17%,-38.67%,-35.48%,-47.50%,-65.83%,-99.57%,-6.92%,2.02,-7.97%,18.23,5.63%,5.25%,140.64,16.61%
1754,"TOWN","Townebank Portsmouth VA","Financial","Banks - Regional",-0.53%,-4.04%,-0.44%,9.73%,6.35%,60.88%,-0.28%,0.42,-0.36%,38.79,1.79%,1.59%,3318.49,2.90%
1755,"TOYO","TOYO Co Ltd","Technology","Solar",4.16%,0.11%,-31.80%,-25.17%,-28.23%,-59.47%,-0.11%,0.32,0.34%,46.04,3.73%,3.85%,187.32,47.14%
1756,"TPB","Turning Point Brands Inc","Consumer Defensive","Tobacco",-3.99%,-24.66%,-33.83%,-46.52%,-34.43%,153.25%,4.51%,0.77,4.19%,28.53,4.32%,4.26%,1162.23,16.05%
1757,"TPC","Tutor Perini Corp","Industrials","Engineering & Construction",4.77%,0.76%,17.51%,31.28%,40.97%,1066.88%,0.54%,0.56,1.44%,55.35,3.27%,3.07%,4625.16,4.09%
1758,"TRAK","ReposiTrak Inc","Technology","Software - Application",-1.29%,2.33%,-11.63%,-34.56%,-45.75%,-7.91%,1.18%,0.78,0.06%,46.21,4.57%,3.65%,147.33,11.36%
1759,"TRAX","First Tracks Biotherapeutics Inc","Healthcare","Biotechnology",-8.89%,-21.46%,68.79%,66.93%,,,-1.51%,0.62,0.32%,37.02,7.49%,7.68%,1192.94,14.82%
1760,"TRC","Tejon Ranch Co","Industrials","Conglomerates",-0.12%,1.36%,-10.24%,3.93%,1.24%,1.11%,0.24%,0.09,0.06%,51.04,1.85%,2.04%,442.88,6.66%
1761,"TRDA","Entrada Therapeutics Inc","Healthcare","Biotechnology",-13.59%,-25.03%,-27.85%,-47.71%,-10.42%,-63.18%,-0.09%,0.65,-0.09%,28.56,9.86%,6.92%,209.29,11.48%
1762,"TREE","LendingTree Inc","Financial","Insurance Brokers",1.62%,-12.17%,-45.50%,-53.66%,-61.07%,89.10%,-0.24%,0.39,-0.16%,34.71,3.68%,4.30%,345.39,7.26%
1763,"TRIP","TripAdvisor Inc","Consumer Cyclical","Travel Services",1.63%,-8.00%,-37.70%,-41.30%,-46.18%,-46.18%,-0.50%,0.53,0.44%,37.32,3.33%,4.34%,1001.73,31.43%
1764,"TRMK","Trustmark Corp","Financial","Banks - Regional",0.56%,-0.40%,-0.77%,17.78%,15.70%,109.86%,-0.01%,0.21,-0.12%,47.53,1.92%,2.04%,2663.99,6.23%
1765,"TRN","Trinity Industries Inc","Industrials","Railroads",-3.00%,-4.76%,-21.10%,1.25%,-4.66%,25.16%,2.57%,0.70,2.45%,38.05,3.99%,2.52%,2132.84,5.54%
1766,"TRNO","Terreno Realty Corp","Real Estate","REIT - Industrial",-2.22%,-1.08%,-5.35%,10.87%,12.17%,13.90%,0.98%,0.35,0.85%,42.70,1.61%,1.45%,7092.86,6.12%
1767,"TRNS","Transcat Inc","Industrials","Specialty Business Services",5.75%,6.06%,4.02%,60.21%,25.83%,-2.23%,0.89%,0.70,0.55%,57.76,3.72%,3.70%,850.70,5.26%
1768,"TRON","Tron Inc","Consumer Cyclical","Leisure",-2.35%,-15.75%,-10.28%,11.43%,-52.36%,-21.94%,-2.01%,0.44,-2.01%,40.53,4.73%,5.85%,655.45,16.55%
1769,"TROX","Tronox Holdings plc","Basic Materials","Chemicals",-2.29%,-20.51%,-36.62%,-6.98%,-5.16%,-66.27%,-0.28%,0.32,-1.30%,27.74,4.84%,4.92%,619.48,16.71%
1770,"TRS","Trimas Corp","Consumer Cyclical","Packaging & Containers",-0.93%,0.50%,-4.21%,10.14%,3.54%,62.42%,0.35%,0.24,-0.19%,50.58,2.41%,2.28%,1400.70,13.21%
1771,"TRST","Trustco Bank Corp","Financial","Banks - Regional",0.16%,-3.76%,1.33%,34.13%,52.47%,102.47%,0.05%,0.69,-0.46%,44.60,2.97%,2.34%,943.96,6.97%
1772,"TRTX","TPG RE Finance Trust Inc","Real Estate","REIT - Mortgage",-4.33%,-22.85%,-27.99%,-29.66%,-30.55%,1.70%,-1.69%,0.97,-1.36%,13.21,3.86%,2.67%,464.93,7.24%
1773,"TRUP","Trupanion Inc","Financial","Insurance - Property & Casualty",4.02%,-15.92%,-10.51%,-35.23%,-44.33%,-3.37%,3.24%,0.32,2.65%,43.38,3.89%,4.19%,1061.97,13.23%
1774,"TRVI","Trevi Therapeutics Inc","Healthcare","Biotechnology",-4.10%,-19.05%,-29.18%,10.30%,39.78%,573.66%,-1.15%,0.68,-0.72%,25.28,4.17%,4.01%,1967.59,11.71%
1775,"TSBK","Timberland Bancorp Inc","Financial","Banks - Regional",0.96%,-1.39%,2.74%,26.96%,39.20%,63.49%,0.11%,0.57,-0.09%,49.29,2.31%,1.99%,353.41,2.15%
1776,"TSHA","Taysha Gene Therapies Inc","Healthcare","Biotechnology",-11.12%,-20.38%,-31.77%,-19.36%,-6.83%,75.99%,-4.42%,0.68,-4.21%,29.42,5.86%,4.78%,1445.07,18.74%
1777,"TSSI","TSS Inc","Technology","Information Technology Services",1.13%,21.36%,-12.08%,39.04%,-45.30%,2360.58%,-4.34%,0.54,-4.00%,56.07,4.68%,5.55%,277.39,18.72%
1778,"TTAM","Titan America SA","Basic Materials","Building Materials",-1.37%,-10.77%,-23.33%,-17.46%,-10.65%,,1.74%,0.46,1.21%,38.90,3.35%,3.63%,2494.67,13.08%
1779,"TTAN","ServiceTitan Inc","Technology","Software - Application",17.24%,-24.54%,-11.85%,-34.04%,-30.90%,,3.36%,0.65,4.71%,52.38,5.91%,6.58%,6777.10,14.38%
1780,"TTGT","Techtarget Inc","Technology","Information Technology Services",-6.06%,-6.31%,-7.77%,-34.24%,-37.92%,,-0.25%,1.02,-0.53%,32.77,4.66%,4.19%,256.86,11.08%
1781,"TTI","Tetra Technologies Inc","Energy","Oil & Gas Equipment & Services",2.10%,-13.05%,-34.83%,-35.60%,8.92%,8.14%,0.57%,0.45,0.57%,37.45,3.53%,4.04%,893.52,7.95%
1782,"TVTX","Travere Therapeutics Inc","Healthcare","Biotechnology",-6.59%,-13.57%,-0.59%,50.51%,133.40%,627.97%,0.35%,0.48,1.02%,37.26,4.06%,4.00%,5420.95,14.17%
1783,"TWI","Titan International Inc","Industrials","Farm & Heavy Construction Machinery",1.71%,-6.81%,-2.73%,-9.07%,-14.42%,-43.54%,1.21%,0.45,1.86%,49.39,3.74%,4.36%,459.54,4.62%
1784,"TWIN","Twin Disc Incorporated","Industrials","Specialty Industrial Machinery",9.94%,27.53%,32.95%,74.40%,106.75%,114.77%,1.71%,0.71,2.05%,79.07,4.42%,3.98%,422.94,4.46%
1785,"TWST","Twist Bioscience Corp","Healthcare","Biotechnology",11.97%,56.24%,120.91%,533.97%,547.23%,971.36%,6.36%,1.46,6.59%,74.94,6.74%,7.19%,13238.57,19.57%
1786,"TXG","10x Genomics Inc","Healthcare","Medical Devices",6.49%,49.07%,149.11%,477.81%,639.14%,142.95%,0.80%,0.55,0.79%,77.55,6.40%,6.88%,12278.64,14.37%
1787,"TXNM","TXNM Energy Inc","Utilities","Utilities - Regulated Electric",0.51%,0.73%,3.53%,-0.53%,2.84%,34.11%,0.15%,0.41,0.27%,57.87,0.69%,0.65%,6449.52,5.91%
1788,"TYGO","Tigo Energy Inc","Technology","Solar",3.18%,-20.18%,-57.05%,-38.69%,-65.04%,-88.31%,-1.62%,0.10,-2.42%,31.21,8.49%,6.45%,64.96,6.70%
1789,"TYRA","Tyra Biosciences Inc","Healthcare","Biotechnology",-2.91%,-16.22%,-34.79%,-20.78%,52.47%,43.53%,0.37%,0.43,1.94%,37.20,5.41%,8.19%,1431.96,21.58%
1790,"UA","Under Armour Inc","Consumer Cyclical","Apparel Manufacturing",7.43%,-10.69%,-30.67%,-5.10%,-7.42%,-25.45%,-0.74%,0.60,-0.76%,41.67,5.07%,3.95%,1983.17,23.04%
1791,"UAA","Under Armour Inc","Consumer Cyclical","Apparel Manufacturing",9.26%,-9.90%,-30.62%,-5.91%,-7.40%,-29.25%,-0.93%,0.76,-0.72%,42.88,5.06%,4.24%,1984.11,28.42%
1792,"UAMY","United States Antimony Corp","Basic Materials","Other Industrial Metals & Mining",-8.32%,-24.02%,-42.56%,-22.20%,-49.61%,1027.16%,-3.09%,0.90,-2.12%,30.66,5.27%,4.89%,584.55,24.71%
1793,"UBSI","United Bankshares Inc","Financial","Banks - Regional",-0.09%,-1.91%,1.17%,21.56%,25.51%,68.39%,-0.81%,0.56,-0.77%,46.93,1.88%,1.63%,6358.24,4.64%
1794,"UCB","United Community Banks Inc","Financial","Banks - Regional",0.26%,-3.70%,-3.46%,9.16%,8.15%,33.96%,-0.24%,0.51,-0.09%,44.40,2.25%,1.96%,4109.14,4.30%
1795,"UCTT","Ultra Clean Hldgs Inc","Technology","Semiconductor Equipment & Materials",-4.34%,12.15%,-17.74%,194.83%,157.34%,155.14%,3.75%,0.88,2.74%,48.57,6.36%,5.27%,3381.29,8.24%
1796,"UE","Urban Edge Properties","Real Estate","REIT - Retail",-1.16%,-6.99%,-14.66%,2.55%,-1.80%,31.72%,0.15%,0.44,-0.10%,29.11,1.64%,1.63%,2623.19,2.94%
1797,"UEC","Uranium Energy Corp","Energy","Uranium",3.18%,-17.44%,-4.01%,-18.64%,-28.06%,83.45%,1.31%,0.88,2.18%,38.98,6.31%,5.27%,4709.49,12.33%
1798,"UFCS","United Fire Group Inc","Financial","Insurance - Property & Casualty",2.94%,-2.12%,4.55%,51.06%,78.63%,178.03%,1.44%,0.72,0.53%,57.30,2.90%,3.06%,1411.48,2.64%
1799,"UFPI","UFP Industries Inc","Basic Materials","Lumber & Wood Production",-1.76%,-6.22%,-8.68%,-14.31%,-15.36%,-22.75%,1.71%,0.34,1.13%,38.87,2.74%,2.72%,4303.98,4.02%
1800,"UFPT","UFP Technologies Inc","Healthcare","Medical Devices",1.50%,6.00%,15.00%,36.79%,55.58%,82.92%,1.00%,0.47,1.00%,62.97,2.31%,2.71%,2352.55,14.14%
1801,"UHT","Universal Health Realty Income Trust","Real Estate","REIT - Healthcare Facilities",-3.91%,-9.44%,-15.86%,-4.94%,-3.13%,-8.66%,-0.55%,1.06,1.79%,32.44,2.97%,2.27%,518.06,3.41%
1802,"UIS","Unisys Corp","Technology","Information Technology Services",5.58%,-8.69%,-35.03%,-14.31%,-39.67%,-32.23%,3.73%,1.23,3.73%,41.95,3.96%,4.25%,172.45,9.28%
1803,"ULCC","Frontier Group Holdings Inc","Industrials","Airlines",1.73%,7.76%,-15.96%,31.32%,35.05%,31.32%,0.01%,0.41,-0.07%,54.90,4.83%,4.70%,1423.98,24.67%
1804,"ULH","Universal Logistics Holdings Inc","Industrials","Trucking",2.16%,-3.76%,26.69%,17.02%,-17.06%,-26.40%,-2.50%,0.29,-3.71%,49.82,4.91%,5.10%,468.69,5.17%
1805,"UMAC","Unusual Machines Inc","Technology","Computer Hardware",-9.33%,-11.36%,8.35%,70.53%,32.63%,,-2.62%,0.59,-2.88%,43.02,7.76%,7.18%,1085.31,19.41%
1806,"UMBF","UMB Financial Corp","Financial","Banks - Regional",-2.12%,-8.96%,-10.56%,13.52%,9.28%,113.66%,-0.15%,0.55,-0.27%,32.21,2.31%,1.98%,2765.99,4.98%
1807,"UMH","UMH Properties Inc","Real Estate","REIT - Residential",-0.93%,-3.42%,-0.03%,-3.17%,5.73%,15.98%,-0.16%,0.49,-0.03%,41.61,1.75%,1.67%,1315.36,5.36%
1808,"UNCY","Unicycive Therapeutics Inc","Healthcare","Biotechnology",-8.30%,-19.72%,-21.64%,-26.26%,-7.90%,-51.09%,0.83%,0.75,0.83%,32.21,7.19%,5.19%,118.52,15.79%
1809,"UNF","Unifirst Corp","Industrials","Specialty Business Services",-2.19%,-7.75%,-7.39%,31.56%,50.24%,59.51%,0.85%,0.35,0.79%,30.90,3.19%,2.89%,4408.98,6.03%
1810,"UNFI","United Natural Foods Inc","Consumer Defensive","Food Distribution",-1.07%,3.76%,-4.21%,34.42%,11.67%,226.79%,-0.12%,0.61,-0.72%,47.55,2.36%,3.75%,2729.99,5.25%
1811,"UNIT","Uniti Group Inc","Real Estate","REIT - Specialty",-6.99%,-20.89%,-25.30%,14.76%,37.76%,10.99%,0.81%,0.72,0.06%,24.51,5.87%,3.68%,1952.72,9.69%
1812,"UNTY","Unity Bancorp Inc","Financial","Banks - Regional",-1.48%,-6.46%,-2.59%,6.54%,13.92%,131.83%,0.08%,0.26,-0.42%,36.56,2.11%,2.20%,553.40,2.36%
1813,"UP","Wheels Up Experience Inc","Industrials","Airports & Air Services",-8.10%,-26.07%,-61.43%,-74.94%,-91.56%,-91.56%,-7.06%,1.02,-6.00%,35.45,7.91%,8.31%,119.35,4.20%
1814,"UPB","Upstream Bio Inc","Healthcare","Biotechnology",-9.81%,-21.38%,-39.19%,-82.39%,-74.34%,,-5.72%,1.30,-5.16%,28.37,6.41%,5.71%,261.81,12.04%
1815,"UPBD","Upbound Group Inc","Technology","Software - Application",0.32%,-15.16%,-22.77%,-9.79%,-30.34%,-44.65%,-0.25%,0.97,-0.44%,29.58,3.36%,3.25%,923.46,14.21%
1816,"UPST","Upstart Holdings Inc","Financial","Credit Services",5.10%,-15.13%,-26.78%,-44.65%,-53.42%,-9.78%,5.84%,1.29,6.12%,42.27,3.38%,3.77%,2355.46,33.22%
1817,"UPWK","Upwork Inc","Communication Services","Internet Content & Information",2.43%,-10.06%,-6.81%,-58.30%,-52.14%,-23.11%,2.43%,0.61,2.68%,46.03,3.32%,3.32%,1032.41,15.10%
1818,"URBN","Urban Outfitters Inc","Consumer Cyclical","Apparel Retail",7.39%,0.54%,18.77%,7.64%,11.20%,158.17%,-0.01%,0.75,0.26%,63.18,3.06%,2.95%,6939.53,14.84%
1819,"URG","Ur-Energy Inc","Energy","Uranium",-5.60%,-24.48%,-18.04%,-23.94%,-38.88%,-27.58%,0.70%,0.50,0.70%,27.67,4.91%,4.42%,420.66,15.72%
1820,"URGN","UroGen Pharma Ltd","Healthcare","Biotechnology",2.04%,-7.01%,10.56%,78.20%,139.86%,208.01%,0.86%,1.06,0.81%,45.75,3.44%,4.43%,2040.03,15.05%
1821,"USAR","USA Rare Earth Inc","Basic Materials","Other Industrial Metals & Mining",-6.14%,-23.52%,-23.90%,13.70%,-47.88%,32.39%,-0.66%,0.90,-0.44%,32.30,4.67%,4.97%,5074.79,15.63%
1822,"USAU","U.S. Gold Corp","Basic Materials","Gold",-3.75%,-13.51%,-9.67%,-26.61%,-20.46%,362.50%,-2.30%,0.52,-1.55%,36.94,3.40%,3.42%,235.45,12.24%
1823,"USCB","USCB Financial Holdings Inc","Financial","Banks - Regional",0.02%,-2.18%,11.99%,22.99%,32.18%,109.57%,0.15%,0.59,0.47%,51.49,2.94%,2.29%,418.54,2.13%
1824,"USGO","U.S. GoldMining Inc","Basic Materials","Other Industrial Metals & Mining",-3.68%,-21.59%,-17.72%,-24.43%,-50.56%,-9.81%,2.22%,0.51,2.22%,29.09,6.30%,5.67%,93.55,12.88%
1825,"USLM","United States Lime & Minerals Inc","Basic Materials","Building Materials",-0.16%,-4.05%,11.30%,-7.18%,-13.91%,165.94%,-0.03%,0.28,0.12%,42.89,2.84%,2.79%,3188.50,9.43%
1826,"USNA","Usana Health Sciences Inc","Consumer Defensive","Packaged Foods",-0.61%,2.08%,-34.18%,-24.96%,-45.77%,-74.51%,0.00%,0.26,-0.61%,49.05,3.59%,3.73%,272.16,6.91%
1827,"USPH","U.S. Physical Therapy Inc","Healthcare","Medical Care Facilities",-2.57%,6.66%,16.82%,7.41%,-5.69%,-7.42%,-0.30%,0.70,0.19%,57.84,2.67%,2.92%,1251.64,8.90%
1828,"UTI","Universal Technical Institute Inc","Consumer Defensive","Education & Training Services",3.47%,-11.52%,-62.67%,-26.86%,-38.90%,127.52%,-1.08%,0.48,-1.39%,33.11,5.97%,5.38%,1052.96,11.71%
1829,"UTL","Unitil Corp","Utilities","Utilities - Diversified",1.09%,-5.23%,-3.67%,5.08%,8.74%,14.64%,-0.33%,0.39,-0.59%,39.14,1.98%,2.19%,928.25,4.00%
1830,"UTMD","Utah Medical Products Inc","Healthcare","Medical Instruments & Supplies",-1.38%,3.89%,5.96%,31.27%,16.05%,-15.42%,-1.02%,0.82,-0.90%,51.35,0.85%,1.76%,233.15,5.84%
1831,"UTZ","Utz Brands Inc","Consumer Defensive","Packaged Foods",0.07%,0.28%,74.76%,37.38%,14.54%,17.57%,-0.21%,0.46,-0.07%,71.47,0.15%,0.24%,2052.91,12.76%
1832,"UUUU","Energy Fuels Inc","Energy","Uranium",-2.54%,-25.09%,-16.41%,-26.07%,-34.93%,42.38%,-0.46%,0.95,0.19%,30.83,3.83%,4.36%,2845.83,21.38%
1833,"UVE","Universal Insurance Holdings Inc","Financial","Insurance - Property & Casualty",2.93%,-2.75%,3.18%,28.82%,54.10%,228.76%,-0.82%,0.31,-0.93%,52.94,2.44%,2.14%,1211.73,2.57%
1834,"UVSP","Univest Financial Corp","Financial","Banks - Regional",0.20%,-0.87%,-4.59%,27.32%,39.65%,139.02%,-0.16%,0.36,-0.30%,46.30,2.08%,1.66%,1149.70,3.30%
1835,"UVV","Universal Corp","Consumer Defensive","Tobacco",1.71%,-7.40%,-17.57%,-19.27%,-23.19%,-8.28%,0.82%,0.42,0.91%,35.53,2.27%,2.03%,1060.35,8.44%
1836,"VABK","Virginia National Bankshares Corp","Financial","Banks - Regional",-2.39%,1.64%,9.77%,19.80%,25.47%,80.83%,1.47%,0.55,1.44%,51.59,2.32%,2.03%,259.00,1.34%
1837,"VAC","Marriott Vacations Worldwide Corp","Consumer Cyclical","Resorts & Casinos",-1.90%,3.39%,3.25%,77.80%,49.46%,10.69%,-2.24%,0.30,-1.56%,47.56,2.88%,3.64%,3528.10,6.15%
1838,"VAL","Valaris Ltd","Energy","Oil & Gas Drilling",5.84%,-6.09%,12.98%,67.20%,61.84%,19.38%,6.75%,0.62,7.50%,53.83,2.74%,3.77%,5851.39,12.30%
1839,"VALU","Value Line Inc","Financial","Financial Data & Stock Exchanges",1.75%,6.25%,4.52%,5.33%,3.95%,-6.21%,-0.05%,0.64,-0.05%,57.14,2.45%,3.17%,379.78,2.18%
1840,"VATE","Innovate Corp","Industrials","Engineering & Construction",-0.37%,-1.17%,-45.91%,79.46%,74.45%,-46.28%,-5.78%,0.05,-1.70%,45.21,6.23%,6.77%,100.57,12.22%
1841,"VC","Visteon Corp","Consumer Cyclical","Auto Parts",3.14%,-12.31%,-15.21%,-5.70%,-25.85%,-30.68%,1.09%,0.37,1.02%,35.04,3.00%,3.01%,2394.02,15.58%
1842,"VCEL","Vericel Corp","Healthcare","Biotechnology",0.75%,0.17%,-13.65%,12.58%,24.97%,19.10%,0.97%,0.69,0.97%,50.68,3.04%,3.04%,2075.92,10.84%
1843,"VCTR","Victory Capital Holdings Inc","Financial","Asset Management",4.13%,0.59%,27.55%,80.90%,74.56%,249.56%,-0.25%,0.63,0.79%,61.42,3.45%,3.41%,7020.09,4.26%
1844,"VCYT","Veracyte Inc","Healthcare","Diagnostics & Research",2.77%,4.06%,-17.23%,10.41%,29.12%,117.72%,1.38%,0.41,1.47%,55.95,5.01%,5.59%,3736.76,10.65%
1845,"VECO","Veeco Instruments Inc","Technology","Semiconductor Equipment & Materials",15.30%,32.97%,6.05%,97.97%,78.99%,109.71%,0.39%,0.41,-1.39%,70.33,5.58%,4.76%,3458.72,9.60%
1846,"VEL","Velocity Financial Inc","Financial","Mortgage Finance",-3.09%,-19.95%,-17.20%,-29.05%,-18.26%,29.89%,0.82%,0.46,0.96%,21.17,3.40%,3.41%,581.56,6.37%
1847,"VELO","Velo3D Inc","Technology","Computer Hardware",-16.31%,-20.72%,-32.39%,-33.18%,157.17%,-98.87%,-10.78%,6.55,-18.03%,36.05,6.30%,6.13%,295.16,35.95%
1848,"VENU","Venu Holding Corp","Consumer Cyclical","Restaurants",-1.05%,-26.30%,-39.27%,-83.19%,-88.83%,,-1.05%,0.54,1.07%,36.53,7.96%,7.12%,79.97,11.50%
1849,"VERA","Vera Therapeutics Inc","Healthcare","Biotechnology",-8.31%,-14.83%,-30.63%,-41.15%,-1.13%,121.23%,-2.77%,0.47,-2.04%,36.31,4.49%,5.87%,2147.49,29.11%
1850,"VERI","Veritone Inc","Technology","Software - Infrastructure",-40.19%,-7.09%,-39.00%,-83.54%,-86.30%,-65.67%,2.04%,6.66,2.20%,34.06,11.53%,10.71%,76.91,21.43%
1851,"VERX","Vertex Inc","Technology","Software - Application",10.53%,-11.28%,-8.77%,-38.78%,-51.22%,-47.32%,1.96%,0.28,1.79%,49.45,4.71%,4.48%,1983.12,7.26%
1852,"VGNT","Versigent Plc","Consumer Cyclical","Auto Parts",3.70%,-2.77%,18.29%,56.93%,,,1.57%,0.47,1.40%,53.45,3.27%,3.70%,3334.82,4.33%
1853,"VGZ","Vista Gold Corp","Basic Materials","Gold",-3.53%,11.37%,41.03%,31.73%,20.14%,583.07%,-3.17%,2.36,-2.81%,57.39,3.22%,4.36%,378.79,5.35%
1854,"VHI","Valhi Inc","Basic Materials","Chemicals",-3.16%,-16.74%,12.93%,24.65%,-4.88%,21.42%,-1.77%,0.75,0.87%,33.98,3.26%,4.46%,425.38,3.05%
1855,"VIA","Via Transportation Inc","Technology","Software - Application",4.67%,10.44%,66.90%,5.00%,-33.78%,,5.29%,0.33,3.85%,64.79,4.36%,5.04%,2482.66,19.39%
1856,"VIR","Vir Biotechnology Inc","Healthcare","Biotechnology",7.09%,-1.70%,9.80%,86.65%,96.42%,25.47%,0.76%,0.63,0.76%,57.71,5.84%,4.95%,1904.52,14.66%
1857,"VISN","Vistance Networks Inc","Technology","Communication Equipment",1.07%,-3.38%,-10.55%,22.04%,42.47%,746.12%,-1.20%,0.25,-0.89%,44.06,3.59%,3.13%,1419.51,13.83%
1858,"VITL","Vital Farms Inc","Consumer Defensive","Farm Products",-5.63%,-9.65%,-30.60%,-71.43%,-78.28%,-17.04%,0.72%,0.70,0.72%,36.35,5.40%,5.29%,391.77,29.74%
1859,"VLGEA","Village Super Market Inc","Consumer Defensive","Grocery Stores",-1.14%,4.48%,8.33%,28.79%,23.17%,88.13%,-0.64%,0.27,-0.90%,57.97,2.69%,2.37%,609.15,3.32%
1860,"VLY","Valley National Bancorp","Financial","Banks - Regional",0.27%,-7.81%,-13.82%,9.72%,20.44%,58.80%,-0.04%,0.60,-0.04%,34.20,2.55%,2.18%,7081.64,9.80%
1861,"VMD","Viemed Healthcare Inc","Healthcare","Medical Devices",0.80%,1.92%,-23.92%,23.59%,32.51%,32.70%,0.36%,0.28,0.58%,52.98,2.88%,2.40%,349.76,4.04%
1862,"VNDA","Vanda Pharmaceuticals Inc","Healthcare","Biotechnology",-12.19%,-14.98%,-28.95%,-48.53%,-16.39%,1.79%,-1.30%,0.46,-1.94%,30.79,4.67%,3.65%,274.50,14.85%
1863,"VOR","Vor Biopharma Inc","Healthcare","Biotechnology",4.01%,-21.43%,-5.25%,45.60%,-49.16%,-52.63%,2.06%,0.37,1.90%,40.14,6.22%,6.30%,1126.70,24.37%
1864,"VOXR","Vox Royalty Corp","Basic Materials","Other Precious Metals & Mining",-0.89%,-12.83%,12.80%,6.85%,21.75%,163.78%,1.49%,0.62,0.69%,38.99,3.06%,3.48%,351.96,3.11%
1865,"VOYG","Voyager Technologies Inc","Industrials","Aerospace & Defense",-8.80%,-7.41%,-5.11%,15.76%,-4.51%,,-2.39%,0.31,-2.17%,40.77,8.14%,6.93%,1846.74,17.80%
1866,"VPG","Vishay Precision Group Inc","Technology","Scientific & Technical Instruments",10.99%,25.35%,-27.46%,104.34%,142.81%,137.53%,-0.15%,0.36,-0.51%,65.06,4.72%,4.73%,1047.92,12.67%
1867,"VRDN","Viridian Therapeutics Inc","Healthcare","Biotechnology",-6.85%,-16.55%,-6.40%,-38.43%,-11.50%,31.77%,-1.29%,1.24,-1.24%,34.77,4.92%,4.36%,2170.68,18.30%
1868,"VREX","Varex Imaging Corp","Healthcare","Medical Devices",0.15%,-0.17%,73.59%,58.69%,54.84%,-3.00%,0.04%,0.12,0.15%,76.58,0.19%,0.23%,785.05,3.37%
1869,"VRNS","Varonis Systems Inc","Technology","Software - Infrastructure",-0.82%,2.19%,3.69%,44.91%,-19.89%,58.70%,-0.69%,0.25,-0.08%,55.33,4.18%,3.70%,5459.32,7.00%
1870,"VRRM","Verra Mobility Corp","Technology","Information Technology Services",-6.19%,-33.21%,-33.53%,-87.48%,-88.20%,-85.28%,-0.53%,0.78,-0.18%,20.78,7.17%,5.25%,426.31,9.52%
1871,"VRTS","Virtus Investment Partners Inc","Financial","Asset Management",3.59%,-15.16%,-13.43%,-17.74%,-30.03%,-30.77%,-0.41%,0.47,0.30%,37.98,3.44%,3.89%,888.80,8.61%
1872,"VSAT","Viasat Inc","Technology","Communication Equipment",-0.34%,-0.44%,-6.92%,107.22%,122.73%,361.29%,-0.32%,0.58,-0.82%,46.53,5.11%,5.40%,9836.79,8.67%
1873,"VSEC","VSE Corp","Industrials","Aerospace & Defense",-2.75%,-16.16%,-23.17%,-1.70%,3.38%,217.94%,1.62%,0.54,1.53%,38.38,5.11%,4.61%,4766.60,8.25%
1874,"VSH","Vishay Intertechnology Inc","Technology","Semiconductors",14.43%,21.12%,-12.59%,154.52%,128.36%,52.59%,-2.60%,0.57,-3.40%,63.18,5.15%,4.58%,5656.68,12.43%
1875,"VSTM","Verastem Inc","Healthcare","Biotechnology",2.25%,-0.44%,63.81%,2.91%,-8.68%,2.52%,0.79%,0.60,3.18%,56.13,6.19%,5.85%,719.53,22.05%
1876,"VSTS","Vestis Corp","Industrials","Rental & Leasing Services",4.80%,12.40%,-0.10%,111.32%,179.11%,-9.93%,1.11%,0.38,0.46%,58.68,4.32%,4.27%,1862.83,7.42%
1877,"VSXY","Victoria's Secret & Co","Consumer Cyclical","Apparel Retail",0.32%,20.27%,13.19%,63.50%,204.47%,519.37%,-2.96%,0.66,-3.44%,58.04,5.13%,4.70%,7064.71,13.32%
1878,"VTOL","Bristow Group Inc","Energy","Oil & Gas Equipment & Services",-2.90%,-6.33%,-4.27%,11.78%,11.91%,53.03%,1.73%,0.54,1.68%,38.70,2.59%,2.74%,1213.41,3.91%
1879,"VTS","Vitesse Energy Inc","Energy","Oil & Gas E&P",2.27%,0.77%,11.39%,-6.85%,-23.39%,-15.81%,1.96%,0.46,1.54%,52.88,2.49%,2.86%,721.25,19.23%
1880,"VUZI","Vuzix Corp","Technology","Consumer Electronics",7.40%,21.93%,20.45%,-21.30%,-23.52%,-14.76%,-0.17%,0.94,-0.17%,60.03,7.54%,6.47%,251.13,23.81%
1881,"VVX","V2X Inc","Industrials","Aerospace & Defense",-2.82%,-5.85%,-5.08%,31.31%,20.14%,38.09%,1.18%,0.21,1.18%,40.34,3.36%,3.79%,2245.23,5.99%
1882,"VYGR","Voyager Therapeutics Inc","Healthcare","Biotechnology",-6.48%,-25.30%,-33.20%,-35.75%,-48.05%,-64.93%,3.91%,2.37,3.06%,28.65,6.13%,5.03%,155.58,7.09%
1883,"VYX","NCR Voyix Corp","Technology","Information Technology Services",1.90%,-22.32%,-18.31%,-31.77%,-45.50%,-56.34%,4.17%,0.52,3.88%,42.34,5.38%,5.94%,960.95,21.67%
1884,"WABC","Westamerica Bancorporation","Financial","Banks - Regional",0.12%,0.63%,1.16%,24.29%,23.93%,36.13%,-0.35%,0.45,-0.25%,51.26,2.21%,1.99%,1373.95,4.34%
1885,"WAFD","WaFd Inc","Financial","Banks - Regional",-1.72%,-15.73%,-19.47%,-5.34%,1.17%,18.72%,-1.40%,0.68,-1.56%,28.82,2.58%,2.63%,2244.02,6.41%
1886,"WASH","Washington Trust Bancorp Inc","Financial","Banks - Regional",-0.49%,-3.65%,6.86%,29.61%,32.57%,46.02%,0.00%,0.31,-0.42%,44.18,2.30%,2.03%,730.55,7.46%
1887,"WATT","Energous Corp","Technology","Communication Equipment",1.45%,21.36%,-30.17%,223.93%,58.20%,-72.56%,-3.62%,0.42,-3.11%,51.23,6.17%,6.06%,71.44,13.33%
1888,"WAY","Waystar Holding Corp","Healthcare","Health Information Services",1.44%,0.12%,9.67%,-20.27%,-32.42%,,4.32%,0.67,5.25%,56.96,4.64%,4.26%,5006.88,11.27%
1889,"WBTN","Webtoon Entertainment Inc","Communication Services","Internet Content & Information",-3.73%,5.52%,-7.61%,-19.10%,-41.50%,,0.30%,0.57,0.40%,50.58,3.88%,4.47%,1430.64,16.52%
1890,"WD","Walker & Dunlop Inc","Financial","Mortgage Finance",-9.77%,-19.86%,-34.75%,-44.44%,-60.20%,-52.67%,-1.44%,0.67,-1.62%,23.80,4.57%,3.50%,1147.17,5.34%
1891,"WDFC","WD-40 Co","Basic Materials","Specialty Chemicals",0.16%,-2.96%,-18.20%,3.72%,5.16%,1.00%,0.48%,0.29,0.59%,50.77,2.05%,2.16%,2740.86,4.15%
1892,"WEAV","Weave Communications Inc","Healthcare","Health Information Services",0.00%,0.55%,8.22%,-2.90%,10.83%,-3.41%,-0.14%,0.27,0.00%,62.44,0.35%,0.36%,592.92,7.37%
1893,"WEN","Wendy's Co","Consumer Cyclical","Restaurants",-4.86%,-22.85%,-21.86%,-27.02%,-36.34%,-68.95%,-0.50%,0.56,-0.67%,28.28,3.73%,3.91%,1159.14,28.20%
1894,"WERN","Werner Enterprises Inc","Industrials","Trucking",2.10%,-11.08%,-20.97%,14.08%,24.72%,-11.19%,-1.74%,0.26,-3.15%,39.78,2.55%,3.48%,2053.32,8.48%
1895,"WEST","Westrock Coffee Company","Consumer Defensive","Packaged Foods",0.61%,8.07%,15.12%,103.93%,70.78%,-6.21%,2.09%,0.50,1.97%,59.00,2.91%,3.60%,810.31,9.22%
1896,"WEYS","Weyco Group Inc","Consumer Cyclical","Footwear & Accessories",6.60%,13.71%,33.22%,64.27%,79.16%,116.35%,-0.83%,0.78,-1.26%,70.06,3.48%,3.20%,479.94,2.55%
1897,"WGO","Winnebago Industries Inc","Consumer Cyclical","Recreational Vehicles",-7.92%,-17.24%,-19.46%,-38.62%,-28.53%,-56.90%,-4.79%,0.77,-5.44%,28.33,2.93%,3.32%,703.05,9.40%
1898,"WGS","GeneDx Holdings Corp","Healthcare","Diagnostics & Research",-13.17%,-14.62%,14.05%,-42.63%,-36.91%,2154.08%,1.69%,0.44,2.08%,39.48,8.36%,7.15%,2225.06,20.36%
1899,"WHD","Cactus Inc","Energy","Oil & Gas Equipment & Services",1.77%,-8.75%,25.82%,43.12%,73.92%,39.48%,3.51%,0.26,3.05%,47.89,2.74%,2.92%,5241.73,5.09%
1900,"WHG","Westwood Holdings Group Inc","Financial","Asset Management",-0.44%,0.34%,-6.02%,11.07%,14.67%,102.28%,-1.47%,0.31,-2.52%,51.18,3.32%,2.47%,181.30,1.49%
1901,"WHK","WhiteHawk Minerals Corp","Energy","Oil & Gas Midstream",0.93%,-7.75%,-4.56%,-0.73%,,,1.96%,0.59,1.84%,46.08,3.74%,3.11%,715.08,0.96%
1902,"WHWK","Whitehawk Therapeutics Inc","Healthcare","Biotechnology",-1.06%,-19.65%,-10.36%,53.72%,89.80%,-14.87%,-0.27%,0.60,0.54%,33.88,3.99%,4.38%,212.07,8.40%
1903,"WINA","Winmark Corp","Consumer Cyclical","Specialty Retail",-1.55%,-7.06%,-28.32%,-27.15%,-41.07%,-19.57%,-0.93%,0.59,-0.90%,37.63,3.02%,3.21%,1059.69,12.44%
1904,"WK","Workiva Inc","Technology","Software - Application",5.71%,-8.28%,36.11%,-16.42%,-17.90%,-26.32%,0.71%,1.37,1.20%,53.01,5.26%,4.08%,3922.65,7.82%
1905,"WKC","World Kinect Corp","Energy","Oil & Gas Refining & Marketing",3.93%,4.32%,10.52%,56.23%,40.41%,69.23%,1.99%,0.31,2.10%,58.73,2.74%,2.58%,1872.38,19.99%
1906,"WLDN","Willdan Group Inc","Industrials","Engineering & Construction",-4.63%,-15.43%,-4.23%,-28.96%,-19.26%,281.94%,0.20%,0.39,0.13%,30.89,3.32%,3.33%,1121.67,13.70%
1907,"WLFC","Willis Lease Finance Corp","Industrials","Rental & Leasing Services",-16.19%,-21.04%,-40.74%,-3.06%,-3.81%,222.57%,-4.44%,0.89,-4.02%,20.93,5.58%,3.66%,926.78,22.50%
1908,"WLTH","Wealthfront Corp","Technology","Software - Application",5.51%,13.09%,11.41%,-22.36%,,,5.30%,0.87,5.19%,59.18,5.87%,5.58%,1647.82,9.15%
1909,"WLY","John Wiley & Sons Inc","Communication Services","Publishing",1.16%,-4.93%,-7.90%,57.23%,20.52%,37.92%,1.35%,0.30,1.39%,46.46,2.65%,3.96%,2459.02,11.92%
1910,"WMK","Weis Markets Inc","Consumer Defensive","Grocery Stores",1.34%,3.37%,-8.23%,15.25%,1.21%,12.81%,-0.91%,0.62,-0.24%,58.42,1.74%,2.23%,1827.76,21.20%
1911,"WNC","Wabash National Corp","Industrials","Farm & Heavy Construction Machinery",13.52%,0.70%,16.84%,66.01%,48.19%,-33.33%,2.43%,0.77,2.28%,64.99,6.93%,5.65%,584.99,10.86%
1912,"WNEB","Western New England Bancorp Inc","Financial","Banks - Regional",-0.40%,1.49%,-2.02%,10.25%,18.52%,100.49%,0.17%,0.18,-0.12%,52.70,1.88%,2.40%,278.91,1.81%
1913,"WOLF","Wolfspeed Inc","Technology","Semiconductors",23.57%,26.97%,-5.33%,95.75%,39.84%,-99.13%,-0.66%,0.96,-3.40%,66.10,10.03%,7.51%,1803.87,74.83%
1914,"WOOF","Petco Health and Wellness Co Inc","Consumer Cyclical","Specialty Retail",-4.19%,-13.69%,-14.03%,-22.60%,-43.21%,-39.25%,-0.23%,1.11,-0.68%,28.82,3.39%,5.15%,622.96,13.45%
1915,"WOR","Worthington Enterprises Inc","Industrials","Metal Fabrication",1.58%,0.91%,16.46%,19.90%,11.15%,67.70%,2.06%,0.32,1.93%,58.77,2.90%,4.32%,3025.14,4.19%
1916,"WRBY","Warby Parker Inc","Healthcare","Medical Instruments & Supplies",4.38%,10.52%,-8.20%,18.13%,-1.83%,85.98%,-4.70%,0.52,-4.77%,50.95,6.80%,6.43%,3181.68,17.25%
1917,"WRLD","World Acceptance Corp","Financial","Credit Services",3.29%,-7.64%,-11.09%,26.10%,0.82%,42.97%,2.26%,0.59,1.48%,46.27,2.65%,2.75%,825.51,10.99%
1918,"WS","Worthington Steel Inc","Basic Materials","Steel",6.04%,8.63%,21.56%,12.93%,23.72%,,5.07%,1.48,5.75%,67.26,4.20%,4.00%,1991.78,5.43%
1919,"WSBC","Wesbanco Inc","Financial","Banks - Regional",-0.65%,-8.01%,-3.33%,14.32%,15.85%,52.18%,-0.05%,0.23,-0.29%,37.53,2.17%,2.08%,3644.42,6.67%
1920,"WSBF","Waterstone Financial Inc","Financial","Banks - Regional",-1.17%,-6.49%,-0.38%,20.63%,30.83%,89.05%,0.42%,0.27,0.12%,39.32,2.14%,2.16%,358.89,2.83%
1921,"WSFS","WSFS Financial Corp","Financial","Banks - Regional",1.77%,-1.25%,2.04%,40.83%,44.23%,111.98%,0.03%,0.31,-0.30%,48.28,1.95%,1.79%,3974.60,5.11%
1922,"WT","WisdomTree Inc","Financial","Asset Management",1.99%,-1.33%,32.72%,101.31%,80.44%,246.60%,0.61%,0.48,0.65%,59.94,3.87%,4.29%,3718.05,11.36%
1923,"WTBA","West Bancorporation","Financial","Banks - Regional",2.76%,2.59%,12.30%,34.11%,47.99%,83.93%,-1.39%,0.82,-1.06%,58.65,2.66%,2.05%,507.23,2.84%
1924,"WTI","W & T Offshore Inc","Energy","Oil & Gas E&P",2.39%,-5.77%,10.75%,124.89%,93.95%,-3.79%,4.14%,0.90,2.97%,47.59,4.50%,4.75%,553.31,14.47%
1925,"WTTR","Select Water Solutions Inc","Energy","Oil & Gas Equipment & Services",1.43%,1.48%,9.75%,94.57%,89.88%,176.98%,3.17%,1.00,2.60%,54.06,3.87%,3.96%,2639.34,5.28%
1926,"WVE","Wave Life Sciences Inc","Healthcare","Biotechnology",4.09%,-18.72%,-40.13%,-77.53%,-46.57%,-34.48%,0.26%,0.94,1.06%,32.35,6.05%,5.25%,752.72,10.67%
1927,"WWW","Wolverine World Wide Inc","Consumer Cyclical","Footwear & Accessories",-0.52%,-2.66%,10.90%,4.85%,-24.90%,134.07%,-0.65%,0.95,-0.89%,45.89,2.83%,3.39%,1561.72,7.35%
1928,"WYFI","Whitefiber Inc","Technology","Information Technology Services",-8.44%,-8.20%,-48.41%,9.11%,-44.74%,,-4.28%,0.42,-3.85%,40.32,7.03%,6.78%,669.74,50.49%
1929,"XENE","Xenon Pharmaceuticals Inc","Healthcare","Biotechnology",1.67%,-38.19%,-41.08%,-16.70%,-5.74%,6.16%,-1.72%,0.89,-1.80%,23.43,3.50%,4.17%,3615.53,7.02%
1930,"XERS","Xeris Biopharma Holdings Inc","Healthcare","Drug Manufacturers - Specialty & Generic",2.44%,17.23%,12.64%,28.28%,22.80%,495.86%,10.11%,1.81,10.90%,66.70,8.98%,6.13%,1835.97,4.66%
1931,"XFOR","X4 Pharmaceuticals Inc","Healthcare","Biotechnology",-2.98%,-27.59%,-25.76%,-26.87%,-15.94%,-89.66%,1.57%,0.53,3.36%,29.41,5.13%,7.21%,290.03,10.97%
1932,"XHR","Xenia Hotels & Resorts Inc","Real Estate","REIT - Hotel & Motel",-0.84%,0.63%,-9.71%,29.17%,36.71%,55.58%,-0.19%,0.46,0.36%,49.93,2.43%,2.29%,1684.85,3.54%
1933,"XMAX","XMax Inc","Consumer Cyclical","Furnishings, Fixtures & Appliances",-1.37%,-0.35%,-0.92%,44.00%,60.89%,264.56%,0.58%,0.54,0.58%,46.93,1.78%,1.97%,560.52,14.92%
1934,"XMTR","Xometry Inc","Industrials","Industrial Distribution",2.30%,13.40%,13.33%,77.42%,104.79%,517.02%,2.06%,0.52,2.91%,62.62,4.86%,5.30%,6048.21,7.90%
1935,"XNCR","Xencor Inc","Healthcare","Biotechnology",0.20%,-3.64%,63.69%,67.54%,117.93%,30.40%,3.14%,0.47,3.26%,56.33,5.78%,4.53%,1907.17,22.51%
1936,"XPEL","XPEL Inc","Consumer Cyclical","Auto Parts",4.73%,-11.61%,-10.09%,-9.86%,33.86%,-39.58%,0.45%,0.45,0.04%,44.54,2.99%,3.11%,1240.41,10.24%
1937,"XPER","Xperi Inc","Technology","Software - Application",-1.19%,-7.12%,-31.37%,-7.59%,-21.06%,-40.69%,-0.82%,0.64,-0.28%,32.69,2.39%,2.56%,264.10,10.85%
1938,"XPOF","Xponential Fitness Inc","Consumer Cyclical","Leisure",15.60%,-8.32%,-34.59%,-45.08%,-43.99%,-70.82%,-2.38%,0.51,-3.83%,51.66,7.19%,7.06%,222.61,30.43%
1939,"XPRO","Expro Ltd","Energy","Oil & Gas Equipment & Services",4.72%,-4.53%,19.09%,28.01%,36.72%,-18.11%,4.65%,0.41,4.85%,53.47,4.14%,3.96%,1920.05,7.05%
1940,"XRAY","DENTSPLY Sirona Inc","Healthcare","Medical Instruments & Supplies",-7.11%,-24.58%,-29.29%,-24.58%,-34.65%,-73.21%,0.82%,0.78,-0.58%,27.04,3.73%,3.82%,1718.43,12.44%
1941,"XRN","Chiron Real Estate Inc","Real Estate","REIT - Healthcare Facilities",-4.14%,-7.02%,-9.60%,0.64%,3.62%,-19.29%,0.31%,0.62,-0.16%,30.34,2.27%,2.15%,492.16,7.90%
1942,"XRX","Xerox Holdings Corp","Industrials","Business Equipment & Supplies",-6.44%,-7.58%,14.23%,28.69%,-18.67%,-80.09%,1.67%,0.57,0.99%,42.03,4.68%,5.79%,400.51,36.19%
1943,"XZO","Exzeo Group Inc","Financial","Insurance - Diversified",-1.64%,-11.45%,-19.56%,-38.80%,,,1.59%,4.68,3.07%,39.87,4.57%,4.47%,1337.04,13.26%
1944,"YELP","Yelp Inc","Communication Services","Internet Content & Information",5.74%,-16.03%,-29.94%,-38.80%,-41.53%,-55.33%,2.59%,0.40,1.86%,38.20,4.71%,4.24%,1009.30,20.01%
1945,"YEXT","Yext Inc","Technology","Software - Infrastructure",2.54%,2.38%,28.52%,-18.20%,-21.70%,7.38%,1.98%,0.45,1.28%,58.40,4.02%,4.34%,652.59,7.30%
1946,"YORW","York Water Co","Utilities","Utilities - Regulated Water",1.06%,-9.89%,1.42%,-2.82%,2.90%,-16.46%,0.60%,0.62,0.60%,39.05,2.12%,1.90%,502.16,3.74%
1947,"YOU","Clear Secure Inc","Technology","Software - Application",1.40%,-8.22%,-26.80%,17.17%,29.38%,152.52%,-1.41%,0.52,-1.50%,43.36,3.87%,3.63%,5536.66,13.32%
1948,"YSS","York Space Systems Inc","Industrials","Aerospace & Defense",-10.23%,-3.58%,-64.20%,-78.41%,,,-6.44%,0.75,-8.63%,38.63,5.83%,7.63%,1127.02,8.47%
1949,"YSWY","Yesway Inc","Consumer Defensive","Grocery Stores",3.85%,-16.11%,0.84%,-8.37%,,,-1.72%,0.60,-1.81%,40.20,4.30%,4.69%,1273.88,18.54%
1950,"ZBIO","Zenas Biopharma Inc","Healthcare","Biotechnology",2.65%,-14.09%,2.17%,-22.12%,29.96%,,-0.49%,0.41,-0.05%,41.80,6.82%,6.36%,1843.20,35.85%
1951,"ZD","Ziff Davis Inc","Communication Services","Advertising Agencies",0.13%,-0.99%,4.68%,58.61%,42.00%,-8.86%,0.50%,0.24,1.00%,48.21,2.84%,2.85%,1911.51,16.78%
1952,"ZENA","ZenaTech Inc","Technology","Software - Infrastructure",-7.97%,-25.29%,-5.93%,-60.31%,-75.76%,,-4.51%,0.51,-4.51%,35.59,6.50%,5.70%,118.20,18.74%
1953,"ZETA","Zeta Global Holdings Corp","Technology","Software - Infrastructure",15.11%,2.11%,52.58%,63.98%,72.63%,298.21%,1.12%,1.04,2.27%,67.70,4.89%,4.68%,8376.32,8.05%
1954,"ZGN","Ermenegildo Zegna NV","Consumer Cyclical","Apparel Manufacturing",0.23%,0.15%,-6.98%,23.60%,22.17%,-5.59%,2.09%,0.35,1.19%,50.23,3.10%,3.21%,5370.10,8.86%
1955,"ZIP","ZipRecruiter Inc","Communication Services","Internet Content & Information",3.88%,-13.72%,-8.02%,-7.31%,-13.72%,-69.49%,0.70%,0.27,1.83%,43.35,4.76%,5.79%,297.24,4.69%
1956,"ZNTL","Zentalis Pharmaceuticals Inc","Healthcare","Biotechnology",8.27%,-31.51%,-41.11%,108.52%,74.84%,-86.02%,4.65%,3.08,11.71%,38.89,7.13%,6.87%,266.50,7.13%
1957,"ZSQR","Z Squared Inc","Technology","Software - Infrastructure",-5.18%,41.61%,-49.29%,-69.79%,-74.68%,-81.12%,6.30%,0.66,8.44%,59.82,18.12%,15.47%,228.16,8.14%
1958,"ZUMZ","Zumiez Inc","Consumer Cyclical","Apparel Retail",-3.93%,-23.25%,-22.59%,-47.85%,-32.14%,-19.47%,2.45%,0.58,2.22%,37.21,5.02%,4.63%,208.26,13.21%
1959,"ZURA","Zura Bio Ltd","Healthcare","Biotechnology",0.06%,-30.23%,-19.24%,-21.71%,4.39%,-40.29%,-0.18%,2.46,-0.18%,30.86,6.62%,7.36%,393.13,18.55%
1960,"ZVRA","Zevra Therapeutics Inc","Healthcare","Biotechnology",-8.67%,-17.70%,-28.53%,15.18%,5.85%,124.84%,3.10%,0.95,3.30%,34.80,4.63%,3.86%,612.84,9.79%
1961,"ZWS","Zurn Elkay Water Solutions Corp","Industrials","Pollution & Treatment Controls",3.24%,1.31%,1.65%,3.78%,3.00%,78.29%,0.22%,0.39,1.21%,59.75,2.14%,1.86%,8002.13,3.34%
1962,"ZYME","Zymeworks BC Inc","Healthcare","Biotechnology",-2.56%,-11.62%,-1.10%,0.36%,55.99%,322.12%,4.16%,0.64,5.07%,48.12,4.98%,4.10%,1889.63,7.17%
