ticker,sector,beta_l1_252,beta_quintile,up_capture_252,down_capture_252,P_safe_21,P_safe_42,P_safe_63,safe_tercile_in_beta,roc_5,roc_21,roc_63,xs_spy_63,volume_roc_5_63,volume_roc_21_252,vol_roc_5_63,vol_roc_21_252,off_high_252,days_since_high_252,mdd_63,steady,list_tier
TXNM,Utilities,0.04964256,1.0,0.080000184,0.012234533,0.5802409638554217,0.5346062052505963,0.4216194654966094,1.0,0.0034240843,0.012962323,0.034177423,-0.0076466636,0.8572549,1.5711446,0.30164912,1.4026695,-0.0073774178,94.0,-0.015412106,0,6
WTRG,Utilities,-0.3812075,1.0,-0.34073505,-0.43107948,0.5351627137341423,0.49580006222130063,0.44650444186944765,1.0,-0.010157479,-0.067464106,0.019356797,-0.022467291,1.3706119,1.2846009,0.93071514,0.8519134,-0.07190477,22.0,-0.08261908,0,6
RSG,Industrials,-0.46509898,1.0,-0.42575055,-0.51358587,0.4713309566250743,0.48500781156111045,0.40013300820217235,1.0,0.034930367,-0.015811812,-0.025945371,-0.06776946,0.9224528,0.91768384,0.96249616,0.83636206,-0.057823226,341.0,-0.08355108,0,6
BRK-B,Financial,-0.06675032,1.0,-0.03656797,-0.10394234,0.5755243195002235,0.472801220132181,0.3958844948767889,1.0,0.025803246,0.017001962,0.03777798,-0.0040461086,0.86796266,0.92821854,0.6774354,0.8516514,-0.026066238,43.0,-0.06346563,0,6
ED,Utilities,-0.5206113,1.0,-0.41548434,-0.6501534,0.5060995713814707,0.47037137252249206,0.38208987199400113,1.0,0.026211424,-0.005902791,-0.043371636,-0.08519572,1.0276823,0.95766574,0.7186456,0.6447158,-0.065769844,144.0,-0.08814902,0,6
ATO,Utilities,-0.13983934,1.0,-0.15458858,-0.12166465,0.5351627137341423,0.4672091910004787,0.3519838850751411,1.0,0.028567828,-0.019112881,-0.09395686,-0.13578095,1.0597408,1.0359299,1.0640534,0.905385,-0.14943793,127.0,-0.123748116,0,6
ELS,Real Estate,-0.21946302,1.0,-0.20631646,-0.23566282,0.5351627137341423,0.4672091910004787,0.3519838850751411,1.0,0.013047181,-0.012387614,-0.08351764,-0.12534173,1.3572172,1.1416849,1.1698145,0.9424249,-0.11968921,51.0,-0.1404252,0,6
SO,Utilities,-0.28893176,1.0,-0.29744545,-0.2784408,0.522065971097142,0.45891306377813057,0.3551141166525782,1.0,0.029264176,-0.01800572,-0.09939326,-0.14121735,1.103136,1.0527084,0.12809332,0.9516492,-0.11612457,144.0,-0.14622119,0,6
WRB,Financial,-0.4102306,1.0,-0.38671806,-0.43920383,0.49417806174240175,0.45891306377813057,0.38208987199400113,1.0,0.042476084,0.028021345,-0.024744095,-0.06656818,1.1290567,1.2273129,0.2479287,0.92335033,-0.05790888,248.0,-0.1214965,0,6
AFG,Financial,-0.12988919,1.0,-0.10253054,-0.16360174,0.525955792353661,0.45891306377813057,0.38208987199400113,1.0,0.014234332,-0.004023947,-0.009661081,-0.05148517,1.0002996,0.79116046,1.0,0.8027475,-0.03850606,45.0,-0.06794794,0,6
OGS,Utilities,-0.27647796,1.0,-0.28588232,-0.2648895,0.45061886470337176,0.45891306377813057,0.3519838850751411,1.0,-0.00096458173,-0.0724156,-0.0903962,-0.1322203,1.1172601,1.175728,0.4994494,0.6236119,-0.18664432,127.0,-0.11954781,0,6
ACGL,Financial,-0.32596225,1.0,-0.26815316,-0.3971972,0.525955792353661,0.44917483855536955,0.30436847103513776,1.0,0.021047022,-0.006548828,-0.07267609,-0.11450018,1.063263,1.956499,0.69787353,0.7086991,-0.102460586,52.0,-0.13260709,0,6
O,Real Estate,6.533617e-05,1.0,-0.010129671,0.0126280775,0.470975647112881,0.4464169381107492,0.3467089053150299,1.0,0.00092368806,-0.08597302,-0.1441686,-0.18599269,1.3315861,1.5508218,1.6462169,0.9579452,-0.17280833,154.0,-0.17753029,0,6
REG,Real Estate,-0.04086171,1.0,-0.0005690727,-0.0905121,0.522065971097142,0.4464169381107492,0.3551141166525782,1.0,0.00628498,-0.03359932,-0.08957179,-0.13139588,1.0,1.0409338,1.8757188,0.60443646,-0.11974322,59.0,-0.13501485,0,6
EVRG,Utilities,-0.0430069,1.0,0.010659134,-0.10913658,0.5180015653535092,0.44285714285714284,0.35251402794586867,1.0,0.022609586,-0.0049164398,-0.05568531,-0.0975094,0.9959669,1.1552293,0.48942587,0.6922792,-0.073686585,69.0,-0.101761304,0,6
AEE,Utilities,-0.10591296,1.0,-0.07989771,-0.13797012,0.49417806174240175,0.44175019506632257,0.3519838850751411,1.0,0.022513507,-0.026298186,-0.09270071,-0.13452479,1.7024721,1.4127846,0.6725112,0.54734766,-0.1301981,73.0,-0.12195686,0,6
DUK,Utilities,-0.31752127,1.0,-0.30120245,-0.3376301,0.4730899510726383,0.44175019506632257,0.35251402794586867,1.0,0.022080122,-0.022786304,-0.07239781,-0.1142219,1.1062827,1.1402591,0.38033104,0.51552814,-0.11065133,144.0,-0.124842614,0,6
ADC,Real Estate,-0.16363482,1.0,-0.1546235,-0.17473899,0.5115227909345557,0.44175019506632257,0.3519838850751411,1.0,0.0010625334,-0.07383798,-0.15186,-0.19368409,1.2127564,1.394222,0.9174418,0.78491104,-0.17799844,52.0,-0.18946531,0,6
CMS,Utilities,-0.12777448,1.0,-0.15343702,-0.09615195,0.4588950836289914,0.4332018338842094,0.31909581260601905,1.0,0.027455227,-0.032358192,-0.12846845,-0.17029254,0.95857525,1.4131896,0.7222012,0.8323205,-0.16773497,127.0,-0.159494,0,6
ES,Utilities,-0.018274631,1.0,-0.037737444,0.0057083135,0.5030971738288812,0.4332018338842094,0.3467089053150299,1.0,0.019069819,-0.03603629,-0.11162372,-0.1534478,1.0936188,1.079279,0.47368112,0.8865673,-0.11786903,52.0,-0.15074937,0,6
EXC,Utilities,-0.23081398,1.0,-0.24086675,-0.2184265,0.5050466137606902,0.4332018338842094,0.31909581260601905,1.0,0.025288455,-0.037566286,-0.10474364,-0.14656773,1.0143149,0.9320841,0.77021474,0.70530915,-0.15382603,144.0,-0.14616512,0,6
L,Financial,-0.041080065,1.0,-0.008504277,-0.0812214,0.525955792353661,0.4332018338842094,0.3519838850751411,1.0,0.006224688,-0.021910518,-0.083692625,-0.12551671,1.0088495,1.3497202,1.3772417,1.0120965,-0.105948,52.0,-0.1248866,0,6
AMH,Real Estate,-0.02421737,1.0,-0.018517405,-0.03124112,0.525955792353661,0.4332018338842094,0.35337142857142856,1.0,0.01949769,-0.012190867,-0.077655174,-0.11947926,1.1666888,1.1081061,1.7670814,0.9959657,-0.104416676,33.0,-0.1290924,0,6
NNN,Real Estate,0.0014170929,1.0,0.016858641,-0.017610671,0.5173410404624278,0.4332018338842094,0.3470749901845308,1.0,-0.017338194,-0.08232604,-0.13925214,-0.18107623,1.7172023,1.727621,1.7847604,0.47709182,-0.17795894,59.0,-0.18613036,0,6
CB,Financial,-0.42055053,1.0,-0.2658944,-0.6111247,0.4657381427267503,0.4330459770114943,0.3467089053150299,1.0,0.031158382,0.010513809,-0.03526319,-0.077087276,0.7641597,0.8845452,1.3079429,0.5459854,-0.058512405,52.0,-0.102523945,0,6
COST,Consumer Defensive,-0.12645304,1.0,-0.08013121,-0.18353288,0.4797246015396291,0.4330459770114943,0.3519838850751411,1.0,0.028534142,0.049358338,0.0237422,-0.018081887,0.91973275,1.0153947,0.9733268,0.7866534,-0.13331978,99.0,-0.082430765,0,6
MAA,Real Estate,0.001113535,1.0,-0.048209302,0.061891332,0.4730899510726383,0.4330459770114943,0.3519838850751411,1.0,0.013793737,-0.061214674,-0.1300833,-0.17190738,1.2324988,1.2878174,1.4368563,0.98582226,-0.16862668,404.0,-0.16865632,0,6
PEG,Utilities,0.056310736,1.0,0.009623311,0.11384106,0.4657381427267503,0.4330459770114943,0.31909581260601905,1.0,0.061848085,-0.002759445,-0.09830319,-0.14012729,1.9427878,1.3746772,0.92532176,0.94639057,-0.14705466,467.0,-0.1656378,0,6
PNW,Utilities,-0.10805003,1.0,-0.02659602,-0.2084213,0.4914202101715958,0.4330459770114943,0.31909581260601905,1.0,0.031276062,0.0241226,-0.08110601,-0.122930095,1.2044739,1.1523776,0.803324,1.0639826,-0.087323315,69.0,-0.15904324,0,6
WEC,Utilities,-0.111918494,1.0,-0.13169922,-0.08754381,0.49417806174240175,0.4330459770114943,0.31909581260601905,1.0,0.021163516,-0.015282398,-0.09688186,-0.13870595,1.0442938,1.381136,0.37604603,0.55440116,-0.1195263,73.0,-0.121892564,0,6
NJR,Utilities,-0.39433753,1.0,-0.2706651,-0.54673225,0.5115227909345557,0.4330459770114943,0.36539872157602427,1.0,-0.0073657893,-0.030651147,-0.12675105,-0.16857514,1.0296409,1.3409731,1.3414832,0.5598055,-0.13896638,54.0,-0.1525855,0,6
OGE,Utilities,-0.02307246,1.0,0.016292352,-0.07157954,0.5351627137341423,0.4330459770114943,0.31909581260601905,1.0,0.035381015,0.0076020053,-0.041760024,-0.08358411,1.3229045,1.3811198,0.6816338,0.9548205,-0.06017664,54.0,-0.11351352,0,6
SWX,Utilities,-0.12861432,1.0,-0.057661083,-0.21604605,0.4657381427267503,0.4330459770114943,0.3467089053150299,1.0,0.017535336,-0.03176067,-0.07721425,-0.119038336,1.155532,1.4979993,0.9888266,1.0064768,-0.092557594,112.0,-0.1194711,0,6
AFL,Financial,-0.15095773,1.0,-0.103247546,-0.20974836,0.522065971097142,0.4299216851201728,0.31909581260601905,1.0,0.02689618,0.00061151123,-0.06636774,-0.108191825,1.0026587,0.90100515,1.1530524,0.7973534,-0.11140982,52.0,-0.13747638,0,6
ESNT,Financial,0.047134407,1.0,0.0962937,-0.013441861,0.43491933278643696,0.42300176793523775,0.31909581260601905,1.0,0.037695125,-0.08560133,-0.032665003,-0.07448909,1.318755,1.324463,1.6895577,1.0658984,-0.102541946,25.0,-0.16831823,0,6
GLPI,Real Estate,0.059387255,1.0,0.009697133,0.120617636,0.4797246015396291,0.4209258763714209,0.31909581260601905,1.0,0.015923526,-0.046812776,-0.11304244,-0.15486653,1.2207719,1.5775126,0.90456164,0.9769282,-0.18920307,154.0,-0.16632193,0,6
AWK,Utilities,-0.4874807,1.0,-0.4635756,-0.5169377,0.4280146927074001,0.41776438319054554,0.3993924965109597,1.0,-0.010518197,-0.07837523,-0.013629931,-0.05545402,1.0529693,0.96699095,0.65179527,0.67223,-0.08962391,381.0,-0.095890425,0,6
D,Utilities,-0.113042206,1.0,-0.056924812,-0.18219256,0.5050466137606902,0.41776438319054554,0.31909581260601905,1.0,0.00538245,-0.052421268,-0.12058308,-0.16240716,1.041864,0.9015922,0.7175497,0.9328027,-0.13150072,60.0,-0.15066294,0,6
KO,Consumer Defensive,-0.36158878,1.0,-0.13856016,-0.6364145,0.4914202101715958,0.41776438319054554,0.31909581260601905,1.0,0.028021034,0.00848689,0.05134016,0.009516072,1.0716064,1.0119531,0.60288477,0.78790396,-0.037119117,33.0,-0.06336461,1,6
LNT,Utilities,-0.043566447,1.0,-0.031396054,-0.058563348,0.4914202101715958,0.41776438319054554,0.31909581260601905,1.0,0.023628114,-0.020817867,-0.13414146,-0.17596555,1.1935905,1.2494053,0.64239407,0.9562399,-0.14967653,69.0,-0.1653693,0,6
PG,Consumer Defensive,-0.14976558,1.0,-0.1057865,-0.20395857,0.4280146927074001,0.41776438319054554,0.3551141166525782,1.0,0.04361322,0.05777432,0.026885072,-0.014939015,1.1307759,0.8277322,0.91338646,0.7998567,-0.08190066,464.0,-0.051453378,0,6
XEL,Utilities,0.020598443,1.0,-0.013134978,0.062166266,0.4657381427267503,0.41776438319054554,0.33926150668129895,1.0,0.033263303,-0.0137955705,-0.07592357,-0.11774766,0.97621894,1.14168,0.78214455,0.85038656,-0.10041216,158.0,-0.14351252,0,6
WPC,Real Estate,-0.0031107434,1.0,0.0032016549,-0.010889161,0.44044936261814266,0.41776438319054554,0.31909581260601905,1.0,-0.017823895,-0.075546406,-0.11352895,-0.15535304,1.3547721,1.3210404,1.0187832,0.8884578,-0.16161503,54.0,-0.17008223,0,6
AIG,Financial,-0.084724806,1.0,-0.0956741,-0.071232595,0.43491933278643696,0.40481222565436514,0.3467089053150299,1.0,0.028159624,0.033590984,-0.02940761,-0.07123169,1.3890085,1.2183955,0.3253344,0.9969351,-0.09312666,199.0,-0.09362725,0,6
WM,Industrials,-0.4954408,1.0,-0.45729935,-0.5424404,0.4797246015396291,0.40481222565436514,0.30833845523458336,1.0,0.021423355,-0.023360202,-0.11388231,-0.1557064,1.0679953,1.1136919,1.0164907,0.84247756,-0.14202444,149.0,-0.16288011,0,6
OHI,Real Estate,-0.2524644,1.0,-0.13239841,-0.40041512,0.44044936261814266,0.40481222565436514,0.3519838850751411,1.0,-0.028652698,-0.054100126,-0.07071469,-0.11253878,1.135084,1.0459443,1.3808067,0.9811792,-0.12964848,54.0,-0.14258322,0,6
ORI,Financial,-0.17832105,1.0,-0.16836059,-0.19059476,0.5115227909345557,0.40481222565436514,0.31909581260601905,1.0,0.002890089,-0.06537713,-0.08528678,-0.12711087,0.85716647,1.0261657,1.0,1.003651,-0.13759714,51.0,-0.15702769,0,6
PEP,Consumer Defensive,-0.45181185,1.0,-0.4291505,-0.47973618,0.41490550971519835,0.3986723215932141,0.31909581260601905,1.0,0.00063548994,-0.07815582,-0.08068654,-0.12251063,1.2574703,1.2001632,2.643613,0.7948457,-0.23863779,169.0,-0.13560665,0,6
EHC,Healthcare,-0.017683543,1.0,0.006621979,-0.04763389,0.432759422987436,0.3986723215932141,0.38208987199400113,1.0,0.029465765,0.020683652,0.12271493,0.08089084,1.0341762,1.024887,1.4495788,0.80295986,-0.023099417,239.0,-0.052013695,1,6
CNP,Utilities,-0.13092077,1.0,-0.1113417,-0.15504698,0.49417806174240175,0.39466803623120733,0.31909581260601905,1.0,0.021434177,-0.013292446,-0.12008436,-0.16190845,1.011677,1.2585372,0.3681928,0.8597416,-0.13786241,73.0,-0.17327552,0,6
PGR,Financial,-0.51805055,1.0,-0.47638944,-0.56938726,0.37838986653064693,0.39466803623120733,0.37366548042704617,1.0,0.033854764,0.006220998,-0.072266564,-0.11409065,1.0453167,0.9423738,0.93441254,1.1501998,-0.072266564,394.0,-0.10773236,0,6
PPL,Utilities,-0.08734882,1.0,-0.10038866,-0.071280554,0.4530788457168825,0.39466803623120733,0.2970894578020053,1.0,0.044207342,0.0011692756,-0.04255958,-0.08438367,0.99743193,0.9130316,0.6562628,0.73426294,-0.12553637,127.0,-0.11391125,0,6
UDR,Real Estate,0.056334585,1.0,0.055309664,0.05759754,0.45061886470337176,0.39466803623120733,0.30436847103513776,1.0,0.025548495,-0.025029823,-0.14098433,-0.18280841,1.277455,1.1862733,2.306666,1.0234296,-0.16306381,67.0,-0.17043613,0,6
VICI,Real Estate,0.04364551,1.0,-0.09369819,0.21288653,0.42556065928127523,0.39466803623120733,0.31295602445277076,1.0,0.010154505,-0.057126652,-0.116770536,-0.15859462,0.9874013,1.0700794,0.70304185,1.2294587,-0.22074743,298.0,-0.15430678,0,6
SBRA,Real Estate,-0.23663199,1.0,-0.13266261,-0.36474767,0.4530788457168825,0.39466803623120733,0.33926150668129895,1.0,-0.010438453,-0.08977441,-0.025984429,-0.06780852,0.9892779,0.938434,0.8809255,0.5656072,-0.14039534,53.0,-0.15036963,0,6
RNR,Financial,-0.42887935,1.0,-0.2356652,-0.6669665,0.4588950836289914,0.3898774219058916,0.29642522426027557,1.0,0.017970713,0.016113183,0.03471418,-0.007109907,1.4486506,0.9972231,0.7533331,0.53841835,-0.018281387,25.0,-0.057238456,0,6
CINF,Financial,-0.012304112,1.0,0.006435027,-0.035395313,0.44044936261814266,0.3867438190426091,0.31909581260601905,2.0,0.008891649,-0.031066353,-0.10044641,-0.1422705,0.9358617,0.9985178,1.2820718,0.7159651,-0.14429282,69.0,-0.13000853,0,6
CL,Consumer Defensive,-0.17129202,1.0,-0.056039955,-0.31331074,0.4280146927074001,0.3867438190426091,0.33926150668129895,2.0,0.047590725,0.004209273,-0.047569636,-0.08939372,0.89370006,0.8946467,1.1316835,0.9642457,-0.0989736,155.0,-0.099148996,0,6
DGX,Healthcare,-0.07156088,1.0,0.10077857,-0.28392524,0.45061886470337176,0.3867438190426091,0.31295602445277076,1.0,-0.0064349025,0.0029788841,0.11805416,0.07623007,1.0,1.1047935,0.8420466,0.95430106,-0.06312972,16.0,-0.07898965,0,6
FE,Utilities,-0.12340865,1.0,-0.10279244,-0.14881286,0.45061886470337176,0.3867438190426091,0.33926150668129895,1.0,0.038301796,-0.027027028,-0.06161232,-0.1034364,1.0517542,0.9582915,1.0345155,0.9140779,-0.11549145,127.0,-0.12967773,0,6
HIG,Financial,-0.1269268,1.0,-0.11045635,-0.1472224,0.44044936261814266,0.3867438190426091,0.31909581260601905,1.0,0.024276061,-0.05621347,-0.078872286,-0.12069637,0.93056476,1.1204467,0.30106834,1.1235858,-0.109854765,51.0,-0.15639244,0,6
NFG,Energy,-0.19404036,1.0,-0.21848518,-0.16391838,0.4038169868554095,0.3867438190426091,0.33926150668129895,1.0,0.029177068,-0.037652895,-0.020763366,-0.062587455,1.3704672,1.3766176,1.0588341,1.000354,-0.16864339,129.0,-0.08971002,0,6
AEP,Utilities,-0.013271545,1.0,0.03743835,-0.07575854,0.45492804778713003,0.3858688017980053,0.29268981089472207,2.0,0.02709708,-0.0053454577,-0.0876281,-0.12945218,0.9255069,1.0243125,0.5754084,0.796621,-0.107758306,73.0,-0.12597673,0,6
VZ,Communication Services,-0.25126794,1.0,-0.16457026,-0.35810065,0.4038169868554095,0.3842495198024331,0.33926150668129895,2.0,-0.09298774,-0.16649988,-0.024133055,-0.065957144,1.0956875,0.87434685,0.5356974,1.0063494,-0.19047618,18.0,-0.19047618,0,6
IDA,Utilities,0.021680443,1.0,0.04593352,-0.008205278,0.4588950836289914,0.3842495198024331,0.2970894578020053,2.0,0.019805746,-0.00022147494,-0.097507104,-0.13933119,1.3538089,1.4515768,1.0633026,1.1141409,-0.118412495,69.0,-0.15250336,0,6
SR,Utilities,-0.14455318,1.0,-0.13391738,-0.15765911,0.37838986653064693,0.3842495198024331,0.3193604148660327,2.0,0.011348946,-0.02759013,-0.038798403,-0.08062249,0.76676893,1.2325239,0.6058657,0.6890798,-0.15910257,127.0,-0.08118104,0,6
UGI,Utilities,0.04942286,1.0,0.16345526,-0.09109294,0.3749074211227967,0.3842495198024331,0.33926150668129895,2.0,-0.0021505868,-0.0133489305,0.032573417,-0.009250669,1.0374961,1.1218113,1.4258803,1.2360519,-0.057713173,176.0,-0.08947223,0,6
CHD,Consumer Defensive,0.0049020136,1.0,0.08250485,-0.09072366,0.4038169868554095,0.3793324227420181,0.31909581260601905,2.0,0.040292684,0.044390015,0.012856638,-0.02896745,0.9707409,0.9432348,1.1778762,0.73260224,-0.062032804,399.0,-0.09082939,0,6
DTE,Utilities,-0.021277152,1.0,-0.05392818,0.018956903,0.4055496264674493,0.3793324227420181,0.25716969317470256,2.0,0.019686658,-0.046740774,-0.14988823,-0.19171232,1.0,1.4547771,0.63234913,1.0538982,-0.17075148,73.0,-0.18416095,0,6
EG,Financial,-0.07879255,1.0,-0.031326126,-0.13728279,0.4730899510726383,0.3793324227420181,0.31909581260601905,2.0,0.0002715565,-0.0071692416,-0.019892275,-0.061716363,1.0,0.9625774,1.3178844,0.5050086,-0.0710486,52.0,-0.0878605,0,6
VMRK,Real Estate,0.042334326,1.0,0.06588765,0.0133108655,0.4178307854507116,0.3793324227420181,0.2954040662907912,2.0,0.035083827,-0.048174992,-0.112339884,-0.15416397,0.86864454,1.9552281,1.7481362,1.247511,-0.117781065,67.0,-0.14585716,0,6
TRV,Financial,-0.15988097,1.0,0.028232679,-0.39168298,0.44044936261814266,0.3670163454501097,0.31909581260601905,2.0,0.02322547,0.0032375734,0.083455056,0.04163097,0.6290088,0.7765313,0.13396955,0.6106936,-0.06849914,52.0,-0.09941863,0,6
YUM,Consumer Cyclical,-0.10453209,1.0,-0.07134486,-0.14542688,0.3900777489818585,0.3670163454501097,0.2511399508944229,2.0,0.063914284,0.0064633256,-0.099764034,-0.14158812,1.1017941,1.1537634,1.2611043,1.1370876,-0.13099207,67.0,-0.1374737,0,6
POR,Utilities,-0.08707546,1.0,-0.023905033,-0.16491687,0.4280146927074001,0.3670163454501097,0.2879742723492724,2.0,0.018855223,-0.05409326,-0.13415207,-0.17597616,1.3616576,1.4754113,0.89288306,0.8877572,-0.14377725,127.0,-0.15771006,0,6
MCD,Consumer Cyclical,-0.072693445,1.0,-0.16899697,0.045976043,0.3986279111753024,0.357378414968584,0.26633439437091644,2.0,0.014403366,-0.07042089,-0.13098565,-0.17280973,1.1786349,1.4939255,1.0,0.7287657,-0.29677755,155.0,-0.15832524,0,6
MDLZ,Consumer Defensive,-0.30256528,1.0,-0.25052553,-0.36669096,0.36398150065576035,0.357378414968584,0.30833845523458336,2.0,0.038150907,-0.024423962,0.018112835,-0.023711253,0.9362647,0.86873883,0.69252545,0.701824,-0.062252056,856.0,-0.10338818,0,6
MSI,Technology,0.058742348,1.0,0.056462582,0.061551575,0.4038169868554095,0.357378414968584,0.3467089053150299,2.0,-0.0072193537,-0.03999185,0.06522653,0.023402447,1.0070032,0.7754943,0.6503034,0.76449656,-0.093460254,27.0,-0.093460254,0,6
SRE,Utilities,0.037399523,1.0,-0.01622097,0.10347308,0.4055496264674493,0.357378414968584,0.2666594781108475,2.0,0.037764724,-0.023533605,-0.13120253,-0.17302662,1.0222116,0.9899869,0.6368757,0.7926087,-0.17183597,127.0,-0.17020765,0,6
THG,Financial,-0.09739398,1.0,0.036380954,-0.26223743,0.4280146927074001,0.357378414968584,0.29268981089472207,2.0,-0.0004556845,-0.01672194,0.015697295,-0.026126793,0.88412017,1.1043146,1.1403648,1.3842775,-0.057982218,18.0,-0.08035909,0,6
CTRE,Real Estate,-0.0049034883,1.0,0.069576085,-0.09668053,0.4038169868554095,0.3560079443892751,0.26633439437091644,2.0,-0.007438029,-0.06203674,-0.09715517,-0.13897926,1.7400299,1.0897737,0.9128692,0.72545284,-0.16102001,57.0,-0.1666085,0,6
WMT,Consumer Defensive,-0.16768774,1.0,-0.08185418,-0.2734557,0.3735615732524188,0.3482297403619197,0.2879742723492724,2.0,0.068003036,0.05315421,-0.027560757,-0.06938484,0.8712819,1.0886406,1.0,0.90057576,-0.16828185,99.0,-0.113217,0,6
AM,Energy,-0.046966847,1.0,0.04505283,-0.1603576,0.3749074211227967,0.3482297403619197,0.29268981089472207,2.0,0.035854593,-0.052986093,-0.051181972,-0.09300606,1.0287573,1.0331622,1.3965029,1.0244833,-0.08762388,137.0,-0.11965065,0,6
SIGI,Financial,-0.17431603,1.0,-0.13003336,-0.22888313,0.36398150065576035,0.3482297403619197,0.2835722524303839,2.0,-0.016006486,-0.07000879,-0.1340275,-0.17585158,0.82167995,1.0409673,1.0163896,0.8792404,-0.1552121,69.0,-0.14962871,0,6
SUI,Real Estate,-0.043288868,1.0,-0.059326183,-0.023526976,0.3749074211227967,0.3482297403619197,0.29268981089472207,2.0,0.029345373,0.0019373291,-0.046749517,-0.088573605,1.0919367,1.3050311,1.0795918,0.96532893,-0.14515845,154.0,-0.13152876,0,6
CPT,Real Estate,0.03998641,1.0,0.03928391,0.040852066,0.42556065928127523,0.3440052538685711,0.28300418328631194,2.0,0.016882064,-0.037639417,-0.13615939,-0.17798348,1.0,0.9660109,1.280523,0.8755629,-0.16106518,67.0,-0.16780452,0,6
CTAS,Industrials,0.006071787,1.0,0.03728918,-0.032395676,0.36398150065576035,0.3440052538685711,0.2970894578020053,2.0,0.048647806,0.020006053,0.10441253,0.062588446,0.71341956,0.94667464,0.75279313,1.0801222,-0.06278205,337.0,-0.11112234,0,6
KMI,Energy,-0.12493441,1.0,0.0041720937,-0.28402522,0.42556065928127523,0.3440052538685711,0.2562924924056125,2.0,0.045703314,0.0497577,0.01717378,-0.024650307,0.91645914,0.9923373,1.1107141,1.172703,-0.044194557,99.0,-0.08275021,0,6
ORLY,Consumer Cyclical,-0.026498059,1.0,-0.09249904,0.05483129,0.3749074211227967,0.3440052538685711,0.29642522426027557,2.0,0.018256718,0.0109928055,-0.009509645,-0.051333733,1.3021811,0.9206077,1.5360409,0.676204,-0.1610869,271.0,-0.11386722,0,6
VTR,Real Estate,-0.20394947,1.0,-0.04887723,-0.3950364,0.4055496264674493,0.3440052538685711,0.26633439437091644,2.0,-0.023449603,-0.087419175,-0.10347797,-0.14530206,1.3802235,1.0018997,3.4967341,0.76761097,-0.17901309,54.0,-0.19902739,0,6
SCI,Consumer Cyclical,-0.052106336,1.0,-0.057931542,-0.044928256,0.3735615732524188,0.3440052538685711,0.2879742723492724,2.0,-0.0029815366,-0.03107789,-0.029982854,-0.07180694,1.0002165,0.92071736,0.6803893,0.73812896,-0.11529214,116.0,-0.11500349,0,6
ENSG,Healthcare,-0.10282454,1.0,-0.085499495,-0.12417323,0.34846866096866097,0.34271653543307085,0.2879742723492724,2.0,0.00011645286,-0.0053610625,0.020628616,-0.021195471,1.221864,0.9057037,0.9467326,1.2321925,-0.20312253,154.0,-0.0796853,0,6
KMB,Consumer Defensive,-0.0074590333,1.0,-0.072239615,0.07236649,0.35687732342007433,0.3368397111502815,0.2666594781108475,2.0,0.03423056,-0.009037439,-0.10363914,-0.14546323,0.9963515,0.8292223,1.1854305,0.52495193,-0.15525429,399.0,-0.15668191,0,6
TJX,Consumer Cyclical,-0.014463142,1.0,-0.0013874186,-0.03057563,0.376710739967525,0.3368397111502815,0.2511399508944229,2.0,0.045824558,0.09761111,-0.07528189,-0.117105976,1.2227546,1.6289725,1.4424341,1.3394709,-0.17345878,82.0,-0.23961754,0,6
MO,Consumer Defensive,-0.44523442,1.0,-0.2941857,-0.6313634,0.3986279111753024,0.3319885145204084,0.2511399508944229,2.0,0.064291045,0.058654133,0.01328529,-0.028538797,1.0438868,0.9125391,1.1145365,0.6889748,-0.027965628,51.0,-0.1462894,0,6
MRSH,Financial,-0.3160068,1.0,-0.34120244,-0.28495967,0.35477046752697267,0.3319885145204084,0.30833845523458336,2.0,0.033517566,-0.002847768,-0.02062905,-0.062453136,0.9002257,1.0644549,0.7478521,0.86522657,-0.13241616,381.0,-0.14454174,0,6
ALL,Financial,-0.36235607,1.0,-0.25465083,-0.49507523,0.35477046752697267,0.3272911506417473,0.24435455616778676,2.0,0.025431246,-0.08880417,-0.10163839,-0.14346248,1.0664799,1.2040728,0.4335392,0.98126066,-0.16257183,45.0,-0.1902026,0,6
AHR,Real Estate,-0.06827778,1.0,0.10289115,-0.27919978,0.3900777489818585,0.3272911506417473,0.23608717688798783,2.0,0.0009852067,-0.055770785,-0.060808938,-0.10263302,1.5127128,1.3310587,0.80382836,0.58241725,-0.115643986,52.0,-0.14053826,0,6
ABBV,Healthcare,-0.12571526,1.0,0.024040317,-0.31025076,0.42556065928127523,0.3159725114535609,0.25716969317470256,2.0,0.051936664,0.08419608,0.12273341,0.08090932,1.2172111,0.78555673,1.3065443,0.6403297,0.0,0.0,-0.074059956,1,6
WTW,Financial,-0.19150761,1.0,-0.22400025,-0.15146872,0.3785541246971822,0.3159725114535609,0.22641926220455047,2.0,0.026506444,-0.05757942,0.005748229,-0.036075857,0.8879592,0.8248144,0.5035017,1.0091516,-0.15253344,33.0,-0.17727728,0,6
RLI,Financial,-0.4449886,1.0,-0.42711014,-0.46701926,0.36398150065576035,0.3159725114535609,0.22817120622568093,2.0,-0.00411154,-0.07825942,-0.09101263,-0.13283671,1.4201705,0.96909463,0.7263125,0.82127476,-0.16141757,33.0,-0.1674386,0,6
AMT,Real Estate,-0.03660007,1.0,0.0010691291,-0.08301773,0.3749074211227967,0.3137466598288753,0.23608717688798783,2.0,0.12355123,0.06492283,0.08678675,0.04496266,1.0000399,0.95894665,1.0,0.8067884,-0.04199075,522.0,-0.09181442,0,6
KHC,Consumer Defensive,-0.047665108,1.0,-0.053006332,-0.041083414,0.33432536365156323,0.3137466598288753,0.25716969317470256,2.0,0.003605224,-0.08692083,-0.103209086,-0.14503317,1.1252843,1.0471376,0.7969509,0.9103791,-0.18080975,51.0,-0.1966271,0,6
KR,Consumer Defensive,-0.674562,1.0,-0.63127404,-0.72790325,0.3329872441412044,0.3137466598288753,0.22723208583471707,2.0,0.04421482,0.082352914,0.046416,0.004591912,0.975914,1.2706808,0.57555443,1.3976668,-0.17473705,145.0,-0.07405624,1,6
ABT,Healthcare,-0.08446591,1.0,-0.21322262,0.07419384,0.32377685502798326,0.2999002465603885,0.23608717688798783,2.0,0.021538446,-0.036377728,0.08902808,0.047204,1.2615739,0.9300243,1.0590436,0.797717,-0.23560022,404.0,-0.17125222,0,6
JNJ,Healthcare,-0.22151817,1.0,0.006242308,-0.5021748,0.3986279111753024,0.2999002465603885,0.2511399508944229,2.0,0.021130351,-0.018434403,0.019239744,-0.022584341,0.8741642,0.7508542,1.3767875,0.7326695,-0.06102069,25.0,-0.09158496,0,6
WELL,Real Estate,-0.1165148,1.0,0.08204731,-0.3611919,0.376710739967525,0.2999002465603885,0.22723208583471707,2.0,-0.0098370975,-0.043443237,-0.035083517,-0.076907605,0.9664944,0.8722332,1.431344,1.0897888,-0.10214958,54.0,-0.11947186,0,6
WMB,Energy,0.024037028,1.0,0.13297316,-0.11019894,0.33432536365156323,0.2999002465603885,0.23265998795642415,2.0,0.030195594,0.0051870807,-0.016952483,-0.058776572,1.0009171,1.0270528,1.1415541,0.9170348,-0.07130667,99.0,-0.09892615,0,6
BJ,Consumer Defensive,-0.23653305,1.0,-0.13038932,-0.36732808,0.33432536365156323,0.2999002465603885,0.25063845311929966,2.0,0.038121343,0.09960959,0.09387482,0.052050732,1.3369857,0.962967,1.0,1.0700518,-0.040863954,374.0,-0.11481144,0,6
HSY,Consumer Defensive,-0.25034028,1.0,-0.2943524,-0.19610658,0.301939878572486,0.29680304344924247,0.21299828969872386,2.0,0.015918616,-0.0665366,-0.06402881,-0.105852894,1.0431697,0.8500913,0.28713408,0.5672424,-0.30048853,155.0,-0.17021166,0,6
TSN,Consumer Defensive,-0.012316901,1.0,0.039593495,-0.07628321,0.342052565707134,0.29479019330504475,0.22101904669825004,2.0,0.029678183,0.018490301,-0.06890884,-0.11073293,1.1630498,1.1232555,0.5885703,0.54666984,-0.20896971,110.0,-0.16735587,0,6
HRL,Consumer Defensive,-0.057241898,1.0,-0.12347167,0.024369376,0.34846866096866097,0.2907744107744108,0.21299828969872386,2.0,-0.052345652,-0.079174645,-0.21545374,-0.25727785,1.4972546,1.1973969,1.1322969,0.8071513,-0.2674429,1121.0,-0.2633397,0,6
OKE,Energy,-0.39464748,1.0,-0.18277176,-0.6557302,0.32377685502798326,0.2873212417160795,0.23265998795642415,2.0,0.021848042,-0.061847035,-0.014310515,-0.0561346,1.026492,0.87623394,0.7708488,0.85326815,-0.0790688,23.0,-0.12552564,0,6
ADP,Technology,0.056831725,1.0,0.049336135,0.06606812,0.3021819967726093,0.2791533833505118,0.2760609613130127,2.0,0.051226377,0.019764334,0.08589362,0.044069536,0.7013165,0.813897,0.85261357,0.7415606,-0.051712878,337.0,-0.09792301,0,6
EOG,Energy,-0.6249106,1.0,-0.35459164,-0.95800966,0.2762838801711841,0.2791533833505118,0.22101904669825004,2.0,0.047955852,0.004747029,0.069117986,0.027293898,0.8927649,0.8162822,0.20983246,0.7834273,-0.036295053,18.0,-0.10394179,0,6
KDP,Consumer Defensive,0.0053246226,1.0,0.16772321,-0.19479015,0.32938304257158857,0.2791533833505118,0.23265998795642415,2.0,0.04576883,0.016856054,0.02368927,-0.018134817,0.7946353,0.90331036,1.4382507,1.1096452,-0.045065977,513.0,-0.07570479,0,6
SJM,Consumer Defensive,-0.34322876,1.0,-0.19448765,-0.5265142,0.34748067563698826,0.2791533833505118,0.24974803467042936,2.0,0.022527514,-0.010241991,0.09430025,0.052476164,0.7946089,0.7622396,0.66135734,0.5974052,-0.094529204,29.0,-0.12399876,0,6
T,Communication Services,-0.48924854,1.0,-0.49185684,-0.48603445,0.2762838801711841,0.2791533833505118,0.22723208583471707,2.0,-0.08724276,-0.1318982,0.029234389,-0.012589698,0.9185026,0.8695752,0.7975484,0.8396377,-0.21951088,135.0,-0.16991015,0,6
TMUS,Communication Services,-0.4675916,1.0,-0.62106335,-0.2784769,0.32377685502798326,0.2791533833505118,0.2178826785576997,2.0,-0.09203127,-0.1613231,-0.2068493,-0.2486734,1.0031552,0.8674604,0.9973386,1.1199541,-0.3406112,404.0,-0.23616067,0,6
LOPE,Consumer Defensive,-0.015195588,1.0,-0.14369875,0.14315173,0.3021819967726093,0.2744969091148234,0.24435455616778676,3.0,0.025739841,0.056738537,0.041924812,0.00010072285,0.8637672,1.0847284,0.41613913,0.7070706,-0.27544773,241.0,-0.10966042,0,6
VNOM,Energy,-0.14848876,1.0,-0.013069085,-0.3153589,0.282001988730527,0.2744969091148234,0.23365877875227536,2.0,0.05782486,-0.041257773,0.010947807,-0.03087628,1.5219418,1.2814821,1.1092718,1.0782896,-0.13040139,110.0,-0.13207136,0,6
ADM,Consumer Defensive,-0.12522593,1.0,0.06758922,-0.36282134,0.3118384855690773,0.26018155053974473,0.2016271186440678,3.0,-0.0069608153,-0.08077326,-0.020026244,-0.06185033,0.7942937,0.8964999,1.1724381,0.9304008,-0.093086585,16.0,-0.12288139,0,6
CME,Financial,-0.29070768,1.0,-0.19203831,-0.41229248,0.2967955239064088,0.26018155053974473,0.22101904669825004,3.0,0.066200435,0.023680046,0.15004908,0.108224995,0.8963226,0.7693384,1.8205467,0.99245745,-0.11133994,154.0,-0.08113171,0,6
CNX,Energy,0.054844815,1.0,0.07662196,0.028010055,0.2967955239064088,0.26018155053974473,0.2178826785576997,3.0,0.08031742,-0.07199344,0.052257225,0.0104331365,1.2998077,1.1012981,1.9413424,1.0135562,-0.20136122,151.0,-0.17474186,0,6
EXE,Energy,-0.018494282,1.0,-0.095433354,0.076313466,0.2967955239064088,0.2596041909196742,0.23365877875227536,3.0,0.031571615,-0.08929495,0.018944077,-0.02288001,0.75352824,1.0230159,0.877547,0.7892475,-0.26947418,213.0,-0.15893185,0,6
EXLS,Technology,0.04632025,1.0,0.011205796,0.08958984,0.2762838801711841,0.2596041909196742,0.22723208583471707,3.0,0.029090935,0.06268059,0.29133034,0.24950625,0.95121825,1.0004913,0.3460601,0.87632,-0.15191333,420.0,-0.104687504,0,6
RRC,Energy,-0.111557454,1.0,-0.045991495,-0.19235076,0.2967955239064088,0.2596041909196742,0.22641926220455047,3.0,0.06957886,-0.021302134,0.13101178,0.08918769,1.1087213,0.9614647,1.023485,1.1265619,-0.13754427,135.0,-0.12974875,0,6
MCK,Healthcare,-0.14949492,1.0,0.017320061,-0.35505176,0.3084657800843335,0.25371711780404127,0.2105946507400675,3.0,0.04051957,0.06582209,0.1570368,0.115212716,0.83245826,0.8858975,1.0139529,1.1560241,-0.055050213,153.0,-0.07674261,1,6
BG,Consumer Defensive,-0.117500804,1.0,0.06280914,-0.33968675,0.28779899056396746,0.24688372093023264,0.18959478132330732,3.0,-0.037387535,-0.17545544,-0.11943999,-0.16126408,1.0,1.0488701,1.4884765,1.0034806,-0.2133191,89.0,-0.17545544,0,4
AJG,Financial,-0.41011167,1.0,-0.49428028,-0.30639535,0.26521956087824344,0.24361158432708688,0.17245366753133107,3.0,0.02914509,-0.043606926,-0.10683411,-0.1486582,0.8208539,0.9101851,0.8905234,1.0360452,-0.22484541,341.0,-0.16646145,0,6
MKC,Consumer Defensive,-0.35277107,1.0,-0.49472097,-0.17785412,0.2967955239064088,0.2376550525400963,0.19542436605071595,3.0,0.0031341664,-0.12309192,-0.16632555,-0.20814964,1.4658383,1.0846317,1.4066136,0.92020524,-0.36330643,404.0,-0.21848442,0,6
VRSK,Industrials,-0.36804885,1.0,-0.47020742,-0.24216454,0.2762838801711841,0.2376550525400963,0.18959478132330732,3.0,0.08390285,0.012772362,-0.08064753,-0.122471616,0.85454834,0.7426171,1.0190036,0.989311,-0.26462886,339.0,-0.23191325,0,6
AON,Financial,-0.23031034,1.0,-0.34885386,-0.0842357,0.33742268041237106,0.23518949240662199,0.18959478132330732,3.0,0.014919238,-0.11144683,-0.2538632,-0.2956873,1.0500715,1.5029846,1.0,1.4532639,-0.28108546,52.0,-0.29165342,0,6
COR,Healthcare,-0.13048169,1.0,-0.061166868,-0.21589449,0.28098591549295776,0.23518949240662199,0.23265998795642415,3.0,0.047888752,0.009035656,0.059935357,0.018111272,0.78181344,0.84497577,0.6236251,0.9551132,-0.13066804,218.0,-0.109631695,0,6
COKE,Consumer Defensive,0.05294733,1.0,0.37226462,-0.34052965,0.2632299838127257,0.23465563569509262,0.18959478132330732,3.0,0.021870509,0.03940679,0.10395667,0.062132582,0.9188821,1.0600022,1.644129,0.90308094,-0.09284663,145.0,-0.073025666,1,6
FCN,Industrials,0.041496113,1.0,-0.03904855,0.14074683,0.2984235475691766,0.23124813440791436,0.1512546670139793,3.0,-0.0017594593,-0.09413874,-0.15752997,-0.19935405,1.0078084,1.2596358,0.96761334,1.5711387,-0.27198842,119.0,-0.23453821,0,6
MZTI,Consumer Defensive,-0.030147454,1.0,-0.27551958,0.27221105,0.2415207046674092,0.23124813440791436,0.16273073542338118,3.0,-0.002310818,-0.021385614,-0.12145085,-0.16327494,1.2516704,1.6497823,0.6155433,1.0093904,-0.41452706,860.0,-0.14716238,0,6
CPRT,Industrials,0.0010155085,1.0,-0.25537235,0.31694806,0.2723742719358679,0.22825784940261185,0.17245366753133107,3.0,0.0036737835,-0.11154473,-0.004735922,-0.046560008,1.1498427,1.0011991,1.1779575,1.4505733,-0.402972,351.0,-0.22458492,0,6
GIS,Consumer Defensive,-0.43892834,1.0,-0.58639723,-0.25721058,0.282001988730527,0.22825784940261185,0.18959478132330732,3.0,0.008747348,-0.10205779,-0.1177595,-0.15958358,1.1502019,1.2646888,1.0265144,1.0125192,-0.31843728,523.0,-0.23778579,0,6
PM,Consumer Defensive,-0.25641453,1.0,-0.041647553,-0.52105993,0.3118384855690773,0.22825784940261185,0.1746460370748796,3.0,0.07324227,0.06926951,0.12611842,0.08429434,0.9733082,0.8545967,0.91809976,0.6315991,0.0,0.0,-0.08812512,0,6
POST,Consumer Defensive,-0.28112152,1.0,-0.42798877,-0.100145124,0.26521956087824344,0.22825784940261185,0.17245366753133107,3.0,0.031146668,-0.06801195,-0.1370242,-0.17884828,0.7125633,1.0137864,0.7324656,0.9222306,-0.3471774,464.0,-0.25622883,0,6
BRO,Financial,-0.39265877,1.0,-0.5632902,-0.18239917,0.2762838801711841,0.22084942084942086,0.16273073542338118,3.0,0.049574383,-0.052012675,-0.08935747,-0.13118157,1.061843,0.83256686,1.1094135,1.0771686,-0.33825082,381.0,-0.19796064,0,6
CASY,Consumer Cyclical,-0.021232301,1.0,0.11044435,-0.18349014,0.2762838801711841,0.22084942084942086,0.1512546670139793,3.0,0.046150625,0.029682627,-0.24717185,-0.28899595,1.3217822,1.6777494,0.47786447,1.2174184,-0.29415175,83.0,-0.33131272,0,6
JKHY,Technology,-0.008113368,1.0,0.025116462,-0.049060646,0.24580896686159845,0.22057274207451394,0.17245366753133107,3.0,0.047495473,-0.075021684,-0.005818976,-0.04764306,0.82643884,0.93820965,0.599316,0.86102843,-0.21560954,185.0,-0.17602645,0,6
TRGP,Energy,-0.17833273,1.0,0.17887487,-0.6184999,0.24580896686159845,0.22057274207451394,0.16443648699585375,3.0,0.017604962,-0.017847937,0.030929806,-0.010894282,1.0590081,0.8923585,0.5685307,0.73358387,-0.051447436,35.0,-0.10567412,0,6
PCG,Utilities,0.013421777,1.0,-0.082017235,0.13102598,0.2617673179396092,0.21203811294445735,0.1608725289706885,3.0,0.06574679,-0.060290642,-0.24098319,-0.28280726,1.2550405,1.7701118,0.83805573,1.3152951,-0.30610147,154.0,-0.3491286,0,4
AR,Energy,-0.22892167,1.0,-0.13714518,-0.34201273,0.2527125290288197,0.21203811294445735,0.16273073542338118,3.0,0.053403743,-0.083482176,0.04725796,0.005433871,1.0,0.89578193,1.1161484,1.1683075,-0.20487264,135.0,-0.16126606,0,6
EIX,Utilities,-0.052845534,1.0,0.043957047,-0.17212999,0.28779899056396746,0.20864748972663927,0.14030197444831585,3.0,0.043045394,-0.009520424,-0.26010644,-0.30193052,1.2258227,1.6563613,0.51591176,0.60099524,-0.30070022,56.0,-0.35966656,0,6
ERIE,Financial,-0.48197383,1.0,-0.60488033,-0.3305229,0.2364019328459918,0.20864748972663927,0.1551202420767638,3.0,0.010986784,-0.07022018,-0.09568691,-0.137511,0.69635236,0.820472,1.1152391,1.0389585,-0.31121588,512.0,-0.1849315,0,5
PSX,Energy,-0.435703,1.0,0.08033716,-1.0715907,0.2762838801711841,0.20864748972663927,0.1641582079103955,3.0,0.05140225,0.07608983,0.41034067,0.3685166,0.76279634,1.0918763,1.1531038,0.7141927,-0.012144933,1.0,-0.08008458,0,6
FANG,Energy,-0.56497097,1.0,-0.32246378,-0.86379915,0.23876295084521307,0.19676057944564843,0.14441679377057073,3.0,0.04017107,-0.06456008,0.008288567,-0.03353552,1.202744,1.1017962,0.27550095,0.5770094,-0.09171273,18.0,-0.13104525,0,6
XOM,Energy,-0.7156759,1.0,-0.38758034,-1.1199698,0.2678936605316973,0.19676057944564843,0.1551202420767638,3.0,0.030059192,0.022453591,0.1766239,0.13479981,0.7161445,0.79703176,0.30129424,0.5672039,-0.0022443,18.0,-0.06508388,1,6
SAM,Consumer Defensive,-0.15749413,1.0,-0.2493038,-0.04436215,0.2415207046674092,0.19676057944564843,0.12729423802519663,3.0,0.017970117,0.005839961,-0.010905533,-0.05272962,0.95996094,1.0250261,1.0,0.6384245,-0.3443184,127.0,-0.150718,0,6
DPZ,Consumer Cyclical,0.023150552,1.0,-0.10569827,0.18192382,0.2364019328459918,0.19295174303546966,0.1551202420767638,3.0,0.039446242,-0.018994074,0.004593113,-0.037230976,0.9744186,1.002126,0.15044929,0.9520843,-0.28201395,579.0,-0.20042785,0,6
OXY,Energy,-0.82081705,1.0,-0.53164107,-1.1771525,0.22400346620450606,0.19295174303546966,0.16443648699585375,3.0,0.03495177,-0.017168071,0.10173002,0.059905935,0.90039784,0.91150105,0.2465499,0.93612075,-0.08416745,134.0,-0.1350756,0,6
ROL,Consumer Cyclical,-0.08917602,1.0,-0.39059204,0.28224224,0.2433234421364985,0.19266055045871558,0.1168421052631579,3.0,0.06034482,-0.07465283,-0.2845987,-0.32642278,1.3526907,2.4101264,1.4605234,1.6996075,-0.5069625,166.0,-0.34371608,0,6
CBOE,Financial,-0.2733913,1.0,-0.07564743,-0.5170601,0.23081335321785015,0.19179677548495105,0.12729423802519663,3.0,0.121285826,0.057984672,0.10058426,0.058760177,1.4291854,1.2321985,1.5255277,1.525163,-0.16650066,103.0,-0.19107023,0,6
CVX,Energy,-0.56311375,1.0,-0.2877431,-0.90243775,0.2762838801711841,0.19179677548495105,0.17245366753133107,3.0,0.025593853,-0.003666097,0.17360039,0.1317763,0.81421155,0.83856064,0.55214155,0.9501294,-0.026587723,18.0,-0.070533134,1,6
DVN,Energy,-0.64935964,1.0,-0.3553067,-1.0117048,0.20214098622024826,0.19179677548495105,0.15564896191567953,3.0,0.012801611,-0.028937444,0.110737495,0.06891341,0.713887,1.0213332,0.59780806,0.87920266,-0.0605333,135.0,-0.10305865,0,6
ACI,Consumer Defensive,-0.3682583,1.0,-0.46514374,-0.24887174,0.2617673179396092,0.19179677548495105,0.1512546670139793,3.0,0.037446775,0.041880324,-0.1633619,-0.205186,1.0288427,1.0646499,1.4218477,1.4185003,-0.35616755,381.0,-0.25900862,0,6
KNSL,Financial,-0.4198399,1.0,-0.5452184,-0.26534292,0.2415207046674092,0.19179677548495105,0.14030197444831585,3.0,0.022018712,-0.0709126,-0.022492956,-0.06431705,1.0021276,0.944645,0.76939046,0.9096607,-0.2907753,651.0,-0.18343036,0,6
HRB,Consumer Cyclical,-0.025531238,1.0,-0.015066822,-0.03842596,0.2364019328459918,0.18120740954026301,0.12729423802519663,3.0,0.056861777,-0.018493801,0.08789152,0.046067428,0.9887738,0.9804179,1.0,0.80414903,-0.17956354,41.0,-0.24866271,0,4
MUSA,Consumer Cyclical,-0.41869077,1.0,-0.13298753,-0.77074707,0.21781067743382682,0.180470970361348,0.13887933997937438,3.0,0.0274164,0.0063904775,-0.132704,-0.17452809,0.6960968,0.7407407,0.45609125,0.5404349,-0.14938766,58.0,-0.19110326,0,6
COP,Energy,-0.66341347,1.0,-0.35099047,-1.048395,0.21781067743382682,0.16454396055875106,0.14207424258091195,3.0,0.057988215,-0.021453498,0.1962289,0.15440482,0.9396105,0.8618334,0.6739286,0.77121484,-0.05041775,18.0,-0.11379407,0,6
CF,Basic Materials,-1.0144005,1.0,-0.7367383,-1.3565483,0.1783293724144002,0.15847418204372773,0.1168421052631579,3.0,-0.0301713,-0.17445044,-0.0728192,-0.11464329,1.1536136,0.9540172,0.5816238,0.88436365,-0.19910966,26.0,-0.19910966,0,6
RYAN,Financial,-0.37848666,1.0,-0.5396055,-0.17994884,0.17233755066945092,0.15847418204372773,0.1168421052631579,3.0,-0.017520571,-0.042927332,-0.11102277,-0.15284686,1.1932038,1.172523,0.5923886,1.0899688,-0.35931525,381.0,-0.21942541,0,6
SFM,Consumer Defensive,-0.06808434,1.0,-0.2569342,0.16462488,0.21637426900584794,0.14961616794610685,0.10773851869417438,3.0,0.010392402,-0.0977839,-0.1823773,-0.22420138,1.133957,0.9915443,0.42268053,1.0014511,-0.42919734,341.0,-0.296363,0,6
CHRD,Energy,-0.6715101,1.0,-0.33081254,-1.0913329,0.17233755066945092,0.14369132127318526,0.1168421052631579,3.0,0.033063274,-0.06771185,0.16701308,0.12518899,0.8438479,0.8747111,0.8707978,0.79189974,-0.09847138,18.0,-0.14605092,0,6
MTDR,Energy,-0.6199637,1.0,-0.3919027,-0.90099066,0.1436416767432487,0.1421064788081765,0.12729423802519663,3.0,0.014579416,-0.11911717,0.029901965,-0.011922123,0.7009351,0.90851456,0.2461771,0.9635348,-0.15859853,135.0,-0.19756213,0,3
OVV,Energy,-0.3310188,1.0,0.017110255,-0.759999,0.1882403366583541,0.1421064788081765,0.12211720226843101,3.0,0.058667567,0.0027275109,0.135632,0.0938079,1.0,0.86916804,0.66024196,0.7941743,-0.046140064,18.0,-0.13662836,0,6
LYB,Basic Materials,-0.5710185,1.0,-0.30933133,-0.8934812,0.16739916007422592,0.1318589609847695,0.10960808627362567,3.0,0.024752423,-0.06640753,0.039946795,-0.0018772937,0.7834831,0.66580355,0.5392632,0.6195854,-0.25607973,134.0,-0.14738217,0,4
DOW,Basic Materials,-0.29795688,1.0,-0.05645203,-0.59554994,0.15483799867754025,0.11879049676025918,0.0774033398525651,3.0,0.016088694,-0.041160572,-0.053348515,-0.09517261,0.9673347,0.7493931,0.94081295,0.8143958,-0.30637327,134.0,-0.15320376,0,4
MUR,Energy,-0.68827987,1.0,-0.38858095,-1.0575823,0.11391836000719295,0.11691433566433566,0.0695794775682324,3.0,0.027084451,-0.0038630317,0.119645104,0.07782102,0.89846766,0.8207568,0.8062872,0.8971131,-0.07779439,129.0,-0.1685959,0,3
MPC,Energy,-0.21190935,1.0,0.35809386,-0.9142927,0.22943722943722944,0.1135828625235405,0.08833147067345501,3.0,0.07742763,0.1595484,0.5369035,0.49507943,0.8802006,1.0896026,1.8749919,0.6497125,-0.01793499,1.0,-0.08592814,0,6
PR,Energy,-0.46545595,1.0,-0.044410486,-0.98428696,0.16739916007422592,0.1135828625235405,0.10773851869417438,3.0,0.041139234,-0.021879718,0.18152146,0.13969737,0.8620941,0.91793317,0.5031467,0.5766778,-0.053431947,18.0,-0.13193585,0,6
MOH,Healthcare,-0.0463932,1.0,0.025746683,-0.13528718,0.15483799867754025,0.10784734133790738,0.07661779296659686,3.0,0.03898913,-0.016726613,-0.18918812,-0.23101221,1.219305,0.57743293,0.40667307,0.883487,-0.18918812,63.0,-0.25132468,0,4
VLO,Energy,-0.4398944,1.0,0.21573606,-1.2477915,0.1595071595071595,0.09357504665422554,0.07661779296659686,3.0,0.06756095,0.1253665,0.472079,0.4302549,0.9580787,1.1970346,1.4408827,1.0986454,-0.02264531,1.0,-0.09059234,0,6
DINO,Energy,-0.23747663,1.0,0.32905886,-0.9355869,0.1436416767432487,0.08369528900768461,0.06502685891998869,3.0,0.070042364,0.1260676,0.49390337,0.4520793,0.89062625,1.0563188,0.5485648,0.57600987,0.0,0.0,-0.11932065,0,6
APA,Energy,-0.83707017,1.0,-0.32218662,-1.4715326,0.11391836000719295,0.06814106395696352,0.05550822465430238,3.0,0.050366316,0.030316692,0.33264846,0.29082438,0.7038691,0.9638833,0.42682788,0.6792128,-0.032271646,18.0,-0.12381352,0,6
PBF,Energy,-0.5170993,1.0,0.2669295,-1.4832145,0.05697003798002532,0.030774214447683836,0.02237851662404092,3.0,0.043203738,0.09327964,0.47254184,0.43071777,1.0,1.148293,1.5270275,0.8494349,-0.056749497,1.0,-0.1632011,0,2
AES,Utilities,0.24573117,2.0,0.27976432,0.203794,0.6567255021302495,0.5555555555555554,0.4774812343619683,1.0,0.0020120544,0.009459418,0.024335355,-0.017488731,1.2761977,0.98015255,0.4972971,0.2492225,-0.11425873,155.0,-0.004065069,0,6
SLAB,Technology,0.32068205,2.0,0.6438483,-0.077537805,0.6030534351145038,0.48313635053329484,0.4436055822466255,1.0,-0.0032321836,0.0131873125,0.015039969,-0.026784118,1.2303228,0.9381841,0.5370081,0.39648876,-0.0034111748,4.0,-0.008838177,0,6
PEN,Healthcare,0.14038828,2.0,0.26788428,-0.016717955,0.5060995713814707,0.4693583273251622,0.40013300820217235,1.0,0.0058258735,0.005097851,0.0014422508,-0.040381838,1.1733036,0.8381884,0.92593426,0.42432964,-0.11129661,177.0,-0.033071514,0,6
HOMB,Financial,0.41439274,2.0,0.40894413,0.42110673,0.4914202101715958,0.44917483855536955,0.3679293905424559,1.0,-0.014649462,-0.05105813,-0.021955514,-0.0637796,0.9826879,1.1598521,1.1948254,1.0590146,-0.10003184,39.0,-0.10226184,0,6
FRT,Real Estate,0.16532849,2.0,0.22969133,0.086017706,0.4914202101715958,0.44175019506632257,0.3519838850751411,1.0,-0.004967652,-0.065573804,-0.11925885,-0.16108294,1.1070547,1.3902524,1.2670257,0.94217074,-0.15590735,53.0,-0.16425607,0,6
CBSH,Financial,0.3253865,2.0,0.30178097,0.35447428,0.4980924767282164,0.44175019506632257,0.3519838850751411,1.0,-0.016099844,-0.06690687,-0.065695666,-0.10751975,0.7974629,0.8132101,1.0418934,0.9711185,-0.09419097,51.0,-0.10218487,0,6
BRX,Real Estate,0.060356975,2.0,0.09676084,0.015498507,0.5180015653535092,0.4332018338842094,0.33926150668129895,1.0,-0.0032858765,-0.041041028,-0.119909845,-0.16173393,1.1626494,1.4581233,1.8502226,0.7960233,-0.1554472,57.0,-0.16967773,0,6
EPR,Real Estate,0.08193694,2.0,0.12987341,0.02286749,0.5050466137606902,0.4332018338842094,0.3519838850751411,1.0,-0.030292278,-0.0723355,-0.070463166,-0.11228725,1.0241818,1.0755078,1.0060904,0.81564385,-0.13564053,52.0,-0.14606212,0,6
IBOC,Financial,0.45688334,2.0,0.43923903,0.47862545,0.5351627137341423,0.4330459770114943,0.31909581260601905,1.0,-0.027491383,-0.043918956,-0.09579298,-0.13761707,1.2131199,1.2028326,1.0,0.8181453,-0.11867684,60.0,-0.11867684,0,6
PLD,Real Estate,0.3924335,2.0,0.44909406,0.3226138,0.4657381427267503,0.42300176793523775,0.3193604148660327,1.0,0.004499277,-0.028955607,-0.08189307,-0.12371716,1.0739262,1.0137645,0.88589084,0.7492992,-0.13022734,60.0,-0.1449374,0,6
EGP,Real Estate,0.19160064,2.0,0.274675,0.08923271,0.5060995713814707,0.42300176793523775,0.33926150668129895,1.0,0.0010215392,0.005018541,-0.06322729,-0.105051376,0.8758076,1.4403695,2.4137154,0.682758,-0.11501864,60.0,-0.1395387,0,6
KIM,Real Estate,0.078757174,2.0,0.12989846,0.015738608,0.4914202101715958,0.4209258763714209,0.33926150668129895,1.0,-0.003597119,-0.04851872,-0.10703027,-0.14885436,1.018893,1.0918449,1.6429585,0.46728784,-0.15002006,53.0,-0.16191055,0,6
CUBE,Real Estate,0.25532168,2.0,0.24884495,0.26330262,0.4797246015396291,0.41965566714490676,0.33926150668129895,1.0,0.011993623,-0.0145046,-0.0516336,-0.093457684,1.0830432,1.3346683,1.7414042,1.3036319,-0.09380795,52.0,-0.12023532,0,6
ESS,Real Estate,0.08416512,2.0,0.12952505,0.028270585,0.474826789838337,0.41776438319054554,0.31909581260601905,1.0,0.010869211,0.010289304,-0.07838449,-0.12020858,0.9372322,1.1327717,1.9617251,0.65917414,-0.081010215,69.0,-0.09418713,0,6
MTG,Financial,0.20288269,2.0,0.22400232,0.17685817,0.4657381427267503,0.41776438319054554,0.33926150668129895,1.0,0.017810743,-0.110570684,-0.02950395,-0.07132804,1.1841706,1.3258713,1.4579105,1.1343838,-0.1283762,25.0,-0.17890051,0,6
RGA,Financial,0.29250428,2.0,0.4387155,0.11233633,0.4713309566250743,0.41776438319054554,0.31909581260601905,1.0,0.026342135,0.034471605,0.07978557,0.037961487,1.5639075,0.9914555,0.23761676,0.43238664,0.0,0.0,-0.044117104,1,6
SPG,Real Estate,0.24765415,2.0,0.3245544,0.15289426,0.4797246015396291,0.40481222565436514,0.3519838850751411,1.0,-0.0076138284,-0.025651049,-0.081687525,-0.12351161,0.9641521,0.8115344,0.45995307,0.30843017,-0.14845623,52.0,-0.15627052,0,6
BKH,Utilities,0.08775496,2.0,0.23673035,-0.095819145,0.49417806174240175,0.40481222565436514,0.31909581260601905,1.0,0.07215337,0.052573368,0.0132824695,-0.028541617,2.0964556,1.1671479,0.801032,1.0225561,-0.0057500633,1.0,-0.07141328,0,6
IRT,Real Estate,0.12893093,2.0,0.09650872,0.16888303,0.4280146927074001,0.3986723215932141,0.2970894578020053,1.0,0.017918693,-0.01828793,-0.11214527,-0.15396936,1.3021126,1.6107479,1.5757496,1.0544281,-0.13824354,466.0,-0.1552723,0,6
EXR,Real Estate,0.33231387,2.0,0.3101425,0.35963446,0.4280146927074001,0.39466803623120733,0.3193604148660327,1.0,0.010506521,-0.0015888505,-0.0625297,-0.104353786,1.2536343,1.2531493,1.4622967,1.2173269,-0.1087132,51.0,-0.12949775,0,6
GD,Industrials,0.41405332,2.0,0.37360135,0.46390003,0.47205424225765075,0.39466803623120733,0.29642522426027557,1.0,0.0035747604,-0.06486947,-0.11135257,-0.15317665,1.2412148,1.0707861,0.68810487,0.625426,-0.16339625,43.0,-0.17511426,0,6
GL,Financial,0.27200007,2.0,0.36990038,0.15136297,0.474826789838337,0.39466803623120733,0.35251402794586867,1.0,-0.0071363333,-0.03689908,-0.07906367,-0.12088776,0.819869,0.7680392,2.032872,0.5200469,-0.11569917,45.0,-0.11979288,0,6
MA,Financial,0.21990323,2.0,0.22979157,0.20771839,0.4914202101715958,0.39466803623120733,0.33926150668129895,1.0,0.06678015,0.0420433,0.09566673,0.053842645,0.8888889,0.7807905,1.1372755,0.75418365,-0.017870788,33.0,-0.08311937,0,6
NSC,Industrials,0.18760513,2.0,0.23150073,0.133515,0.4530788457168825,0.39466803623120733,0.33926150668129895,1.0,0.0011025898,-0.017042931,-0.026076132,-0.06790022,0.5364998,0.72932094,0.6133571,0.9589475,-0.099694036,33.0,-0.12459632,0,6
SYY,Consumer Defensive,0.17926042,2.0,0.19588116,0.1587796,0.4055496264674493,0.39466803623120733,0.33926150668129895,1.0,0.008388199,-0.043900445,-0.05707461,-0.0988987,1.1056881,1.3770713,1.9593958,0.9494482,-0.12444752,155.0,-0.09840584,0,6
VLTO,Industrials,0.2008867,2.0,0.16004358,0.2512154,0.42556065928127523,0.39466803623120733,0.33926150668129895,1.0,0.023764258,0.03863621,0.044672787,0.0028487002,0.9213304,1.050684,1.0222646,0.8961835,-0.07050832,494.0,-0.06643361,1,6
STAG,Real Estate,0.32621083,2.0,0.32294196,0.33023888,0.5050466137606902,0.39466803623120733,0.2954040662907912,1.0,-0.0011095954,-0.012943568,-0.06876237,-0.11058646,0.9141938,1.159593,0.54458624,0.69818157,-0.13432992,60.0,-0.1518789,0,6
PSA,Real Estate,0.3726274,2.0,0.36950085,0.3764801,0.4657381427267503,0.3898774219058916,0.3193604148660327,1.0,0.021317035,-0.005994821,-0.09018221,-0.1320063,1.1044827,0.9864019,1.6485435,1.0495385,-0.11388649,52.0,-0.13895416,0,6
V,Financial,0.25691226,2.0,0.30423814,0.19859524,0.4657381427267503,0.3898774219058916,0.31909581260601905,1.0,0.06873512,0.049671907,0.079430036,0.037605952,0.7457999,0.784403,1.379631,0.58296967,0.0,0.0,-0.0645859,1,6
KRG,Real Estate,0.07785502,2.0,0.14896011,-0.009763843,0.4730899510726383,0.3898774219058916,0.30436847103513776,1.0,-0.019680178,-0.07861275,-0.15957823,-0.20140232,1.1392254,1.0539576,1.9550703,0.75139046,-0.19845793,57.0,-0.20382166,0,6
LAMR,Real Estate,0.37620822,2.0,0.49076846,0.23504199,0.4914202101715958,0.3898774219058916,0.33926150668129895,1.0,0.0163059,0.0029444532,-0.05784589,-0.09966998,1.0784816,0.9968553,0.8653846,0.77703935,-0.09855236,51.0,-0.11843132,0,6
ETR,Utilities,0.2082165,2.0,0.24957132,0.15725726,0.4730899510726383,0.3867438190426091,0.2879742723492724,1.0,0.018729554,-0.0277121,-0.09949773,-0.14132181,0.8973182,1.0647471,0.43829736,0.68271065,-0.118833706,109.0,-0.14889507,0,6
INVH,Real Estate,0.078234866,2.0,0.07999043,0.07607158,0.4730899510726383,0.3867438190426091,0.30436847103513776,1.0,0.028801842,-0.016988244,-0.10023905,-0.14206314,1.0857867,1.0304171,2.395714,0.6148575,-0.114357516,525.0,-0.14257948,0,6
NWE,Utilities,0.06270272,2.0,0.22607522,-0.13861214,0.5115227909345557,0.3867438190426091,0.30436847103513776,1.0,0.07044904,0.059134398,0.022518473,-0.019305615,2.12209,1.0535933,0.79536843,1.0354753,-0.0064316727,1.0,-0.06346062,0,6
ECL,Basic Materials,0.41413397,2.0,0.3961013,0.4363546,0.4038169868554095,0.3842495198024331,0.3467089053150299,1.0,0.02970396,0.040422328,0.039465565,-0.002358522,0.81630945,0.7901336,1.4061176,1.0299919,-0.07861766,155.0,-0.07028266,0,6
FAST,Industrials,0.38358796,2.0,0.41539803,0.34439015,0.4797246015396291,0.3842495198024331,0.3519838850751411,1.0,0.0,0.035502993,0.08455882,0.04273473,0.82081026,0.9844637,0.5945873,0.6521049,-0.031118767,42.0,-0.0849561,0,6
LH,Healthcare,0.22789568,2.0,0.29564896,0.14440703,0.42556065928127523,0.3842495198024331,0.33926150668129895,1.0,0.011864254,0.01690775,0.13061745,0.08879336,1.0035653,1.1124419,0.8829444,0.7678533,-0.07815394,33.0,-0.10228166,0,6
FR,Real Estate,0.39374432,2.0,0.46530932,0.30555877,0.4914202101715958,0.3842495198024331,0.2879742723492724,1.0,-0.0005045204,-0.014150311,-0.079570785,-0.12139487,1.4085988,1.190796,0.7061206,0.50802433,-0.12982948,59.0,-0.1481319,0,6
CNO,Financial,0.3335787,2.0,0.48483127,0.14719853,0.4730899510726383,0.3793324227420181,0.2835722524303839,1.0,-0.016152969,-0.037070636,0.018479474,-0.023344614,1.1439099,1.4784933,1.4246342,0.83982944,-0.06317832,24.0,-0.0645927,0,6
PFE,Healthcare,0.31659144,2.0,0.39317763,0.2222185,0.44044936261814266,0.37845799180327855,0.35251402794586867,1.0,0.01726624,0.02278485,0.17543833,0.13361424,0.9377203,0.7510341,1.5672926,0.7755478,-0.025499647,26.0,-0.055479,1,6
CFR,Financial,0.34340158,2.0,0.43390027,0.23188509,0.44044936261814266,0.37845799180327855,0.2970894578020053,1.0,-0.030959675,-0.07635558,-0.042411584,-0.084235676,0.8019762,0.9093476,1.8930535,1.0067064,-0.11098783,39.0,-0.11098783,0,6
AIZ,Financial,0.22781953,2.0,0.34062043,0.088821225,0.44044936261814266,0.3670163454501097,0.29642522426027557,1.0,-0.0031049568,-0.05153579,-0.04489965,-0.08672374,0.99139464,1.0856227,1.9162608,1.4775078,-0.11359387,46.0,-0.12899432,0,6
NWSA,Communication Services,0.28694752,2.0,0.3266085,0.23807548,0.44044936261814266,0.3670163454501097,0.2970894578020053,1.0,0.014987811,-0.008849501,0.053659722,0.011835634,1.0498843,0.9717953,0.96229285,0.8862702,-0.063225955,30.0,-0.09539539,0,6
BHF,Financial,0.20931229,2.0,0.23218559,0.18112679,0.3986279111753024,0.3670163454501097,0.2549407114624506,1.0,-0.029788118,-0.04543669,-0.27143073,-0.31325483,0.7102758,1.3087784,0.78762025,2.0103009,-0.27143073,63.0,-0.26358122,0,6
GHC,Industrials,0.43037367,2.0,0.45477873,0.40030065,0.4280146927074001,0.3670163454501097,0.31909581260601905,1.0,0.02048525,0.031984504,-0.00783458,-0.049658667,0.8680556,1.5353535,1.0663751,0.6968815,-0.049272206,51.0,-0.11019805,0,6
INGR,Consumer Defensive,0.12340924,2.0,-0.0013334433,0.27712274,0.36398150065576035,0.3670163454501097,0.31909581260601905,1.0,-0.002517628,-0.051508315,-0.034417544,-0.07624163,1.1764894,1.1242622,1.0522722,0.76319677,-0.19204855,482.0,-0.11270537,0,6
PRI,Financial,0.19377966,2.0,0.20903952,0.17497578,0.4280146927074001,0.3670163454501097,0.2879742723492724,1.0,-0.00047202408,-0.047571268,-0.10900794,-0.15083203,0.992844,0.9904357,0.906278,0.6638979,-0.15320127,45.0,-0.16212173,0,6
AVY,Consumer Cyclical,0.3014928,2.0,0.32463723,0.27297324,0.36398150065576035,0.3612093920874879,0.33926150668129895,1.0,-0.01206798,-0.0056289444,0.060005665,0.018181575,0.78960365,1.1299318,0.42781392,0.76124626,-0.13538201,158.0,-0.08583988,0,6
KVUE,Consumer Defensive,0.29104927,2.0,0.37649587,0.18575813,0.3853022381483874,0.357378414968584,0.30833845523458336,1.0,0.029069766,0.006812441,-0.05819859,-0.10002267,0.70740044,0.9156316,1.5108072,0.5559094,-0.08669487,356.0,-0.110700585,0,6
NI,Utilities,0.1829686,2.0,0.14732385,0.22689167,0.402430657649711,0.357378414968584,0.28296703296703285,1.0,0.03373061,-0.015934328,-0.12825307,-0.17007716,0.79373646,1.1938647,0.50998807,0.81942713,-0.16395426,73.0,-0.16018538,0,6
APD,Basic Materials,0.08654625,2.0,0.13974391,0.020993726,0.3785541246971822,0.3560079443892751,0.2879742723492724,1.0,0.013293953,-0.035921324,-0.0624529,-0.104276985,0.84062314,0.8605696,0.74228656,1.1284809,-0.09894742,69.0,-0.11096821,0,6
LIN,Basic Materials,0.11372873,2.0,0.14034128,0.08093556,0.41490550971519835,0.3482297403619197,0.28300418328631194,1.0,0.008863769,0.04789657,-0.073917076,-0.11574116,1.0499356,0.86174315,0.96020687,0.61132634,-0.11217074,69.0,-0.12158566,0,6
NEE,Utilities,0.22186293,2.0,0.18208574,0.27087814,0.41490550971519835,0.3482297403619197,0.2954040662907912,1.0,0.007158602,-0.061378032,-0.11787863,-0.15970272,1.0752782,1.2270095,1.138673,1.0579818,-0.1976612,112.0,-0.15293823,0,6
UNP,Industrials,0.16088185,2.0,0.27455145,0.02081311,0.4588950836289914,0.3482297403619197,0.31909581260601905,1.0,0.00021560141,-0.026034022,-0.032851357,-0.07467544,0.7374285,0.77798724,0.74614245,0.68931276,-0.09976282,31.0,-0.1279336,0,6
CHE,Healthcare,0.1545128,2.0,0.24701852,0.04052311,0.4221556886227545,0.3482297403619197,0.3467089053150299,1.0,-0.015132991,-0.028343733,0.016672695,-0.025151392,0.96031183,0.8282947,0.8967542,0.7969351,-0.09451896,44.0,-0.102073416,0,6
ATR,Healthcare,0.21746497,2.0,0.1718921,0.2736219,0.3735615732524188,0.3440052538685711,0.2970894578020053,1.0,0.003919553,-0.021698544,-0.03270354,-0.07452763,1.4244503,0.9356261,0.7650274,0.81004333,-0.16770035,478.0,-0.12681231,0,6
HR,Real Estate,0.14282317,2.0,0.15141957,0.13223034,0.45061886470337176,0.3440052538685711,0.2879742723492724,1.0,-0.018317098,-0.09163134,-0.16568165,-0.20750573,1.4104539,1.3849152,1.4005299,0.9709399,-0.20611964,52.0,-0.21861807,0,6
UNM,Financial,0.43944535,2.0,0.5156774,0.34550884,0.41490550971519835,0.3440052538685711,0.26633439437091644,1.0,0.035000548,-0.027992783,0.031301152,-0.010522937,1.4083455,1.4812741,1.4248222,1.2100102,-0.050740413,25.0,-0.09153978,0,6
HLT,Consumer Cyclical,0.45006436,2.0,0.555015,0.32073942,0.3581911939706466,0.3368397111502815,0.2562924924056125,2.0,0.022545129,0.06635322,0.013207168,-0.028616918,0.67089427,0.90727204,1.0030125,1.0958573,-0.06713297,80.0,-0.09575552,0,6
NWS,Communication Services,0.3631712,2.0,0.38089252,0.3413342,0.3986279111753024,0.3368397111502815,0.2954040662907912,2.0,0.0113743665,-0.023489948,0.022168053,-0.019656034,0.9574573,0.91084087,1.0,1.055621,-0.09098818,30.0,-0.11342237,0,6
SBUX,Consumer Cyclical,0.44929266,2.0,0.5142852,0.36920595,0.36398150065576035,0.3368397111502815,0.25716969317470256,2.0,-0.04181184,-0.08536586,-0.14969896,-0.19152305,1.4774858,0.9675822,2.0197477,0.7774509,-0.16351736,31.0,-0.16351736,0,6
ARMK,Industrials,0.45040324,2.0,0.63487184,0.22309282,0.3900777489818585,0.3368397111502815,0.2511399508944229,2.0,-0.010981109,-0.03206483,-0.05332443,-0.09514852,0.7038582,0.86512476,0.48588753,1.3764865,-0.11766008,39.0,-0.13998356,0,6
PAG,Consumer Cyclical,0.43337587,2.0,0.518838,0.32806557,0.4055496264674493,0.3368397111502815,0.25716969317470256,2.0,-0.038572736,-0.094409294,0.021945585,-0.019878503,1.1234194,1.4592495,2.2093177,1.0033875,-0.11627138,51.0,-0.12501135,0,4
STWD,Real Estate,0.42187026,2.0,0.2344112,0.65286565,0.4038169868554095,0.3368397111502815,0.25716969317470256,1.0,-0.02605365,-0.15816014,-0.20112154,-0.24294563,1.7871175,1.4887799,0.63831854,0.9930758,-0.2637358,315.0,-0.23359807,0,6
MSCI,Financial,0.36789712,2.0,0.36542264,0.37094632,0.4038169868554095,0.3319885145204084,0.25716969317470256,2.0,0.054426685,0.031994194,-0.08559543,-0.12741952,0.6920635,0.99038297,0.7029691,1.2353604,-0.119113564,91.0,-0.1559431,0,6
CCK,Consumer Cyclical,0.40649393,2.0,0.48718527,0.30706248,0.36398150065576035,0.3319885145204084,0.2562924924056125,2.0,0.020839218,-0.040588394,-0.0106513295,-0.052475415,0.87038726,0.8808104,0.6803777,0.5897394,-0.11109285,46.0,-0.13449378,0,6
REXR,Real Estate,0.45047146,2.0,0.38480562,0.53138787,0.35477046752697267,0.3319885145204084,0.30436847103513776,2.0,0.0013628524,0.00465821,0.06970805,0.027883964,1.256792,1.2478814,1.6426332,0.85850435,-0.12838551,244.0,-0.08051279,0,6
CLH,Industrials,0.2643045,2.0,0.43167374,0.05806461,0.3986279111753024,0.3272911506417473,0.2879742723492724,2.0,-0.0049606515,-0.012494578,0.043768864,0.0019447751,0.98156345,0.8661605,1.3047136,0.75409293,-0.028834969,51.0,-0.057302143,1,6
BDX,Healthcare,0.27295136,2.0,0.38715485,0.13222472,0.3986279111753024,0.3159725114535609,0.26633439437091644,2.0,0.039309938,0.041548587,0.20154467,0.15972058,0.97736317,0.7379399,0.5567325,0.91031826,-0.03732494,34.0,-0.07572717,1,6
BMY,Healthcare,0.20243344,2.0,0.39119336,-0.03016493,0.36398150065576035,0.3159725114535609,0.24435455616778676,2.0,-0.033197097,-0.063022934,0.0066108643,-0.035213225,1.1165451,0.95910203,0.8414344,0.7586459,-0.12274503,25.0,-0.12734494,0,6
CSX,Industrials,0.44086853,2.0,0.5763757,0.2738905,0.4055496264674493,0.3159725114535609,0.2879742723492724,2.0,-0.0035842713,-0.036296953,-0.045338858,-0.08716294,0.70540804,0.8191335,0.25140262,0.6587674,-0.10972426,54.0,-0.13364823,0,6
EQIX,Real Estate,0.39325473,2.0,0.52613425,0.2295147,0.36398150065576035,0.3159725114535609,0.2562924924056125,2.0,0.00033156018,0.002197733,-0.008241563,-0.05006565,0.7664659,0.8972537,1.432603,1.1173304,-0.07614856,77.0,-0.08947289,0,6
RTX,Industrials,0.3183339,2.0,0.37233105,0.25179616,0.4038169868554095,0.3159725114535609,0.2760609613130127,2.0,0.006985102,-0.06132644,-0.049911987,-0.09173607,1.0958619,0.7726346,1.3503057,0.75857824,-0.17526278,37.0,-0.20058544,0,6
STE,Healthcare,0.3686505,2.0,0.2868824,0.4694088,0.34748067563698826,0.3159725114535609,0.2879742723492724,2.0,0.02810013,0.009178616,-0.009195266,-0.051019352,1.0276158,0.9435758,1.2180657,0.9011478,-0.19507672,183.0,-0.13915028,0,6
VRTX,Healthcare,0.34681007,2.0,0.44645378,0.22402465,0.3735615732524188,0.3159725114535609,0.2562924924056125,2.0,0.010599678,-0.008706489,0.062113456,0.020289367,0.85114896,0.73240685,0.50319093,0.5968309,-0.085812666,25.0,-0.099738374,0,6
BALL,Consumer Cyclical,0.17602088,2.0,0.29073963,0.034659293,0.34846866096866097,0.3137466598288753,0.2511399508944229,2.0,0.037076462,-0.021426223,-0.04329093,-0.08511502,1.1770338,0.91826224,0.7638661,0.8960067,-0.12872668,167.0,-0.15968722,0,6
DIS,Communication Services,0.35851902,2.0,0.33375,0.38904053,0.342052565707134,0.3137466598288753,0.26328462304882116,2.0,0.05734417,0.021073554,0.12552087,0.083696775,0.867581,0.8551948,0.7460493,0.8526536,-0.060425155,322.0,-0.089168526,0,6
MDT,Healthcare,0.117543824,2.0,0.08363599,0.15932657,0.32938304257158857,0.3137466598288753,0.26328462304882116,2.0,0.024311254,-0.026351659,0.067436464,0.025612377,6.361892,1.9435053,1.8177629,1.0613849,-0.13229541,218.0,-0.084514104,0,6
DTM,Energy,0.20428859,2.0,0.2579356,0.13818233,0.402430657649711,0.3137466598288753,0.24577153265677856,2.0,0.02487605,-0.03572562,-0.14522131,-0.1870454,1.0,1.2060469,1.0,0.8399019,-0.17153268,73.0,-0.188512,0,6
TTC,Industrials,0.36542818,2.0,0.48538533,0.21761163,0.34748067563698826,0.3137466598288753,0.2511399508944229,2.0,-0.025049893,0.037198808,0.03019904,-0.011625047,0.91019905,0.9841468,0.45099422,0.6122547,-0.046747345,160.0,-0.08131543,0,6
ALLE,Industrials,0.38242644,2.0,0.27787447,0.5112601,0.3329872441412044,0.2999002465603885,0.24577153265677856,2.0,-0.024187867,-0.0016890144,0.10746931,0.065645225,0.7691409,1.088903,0.9928339,0.9903557,-0.1533013,169.0,-0.12137216,0,6
CAH,Healthcare,0.06378441,2.0,0.32160088,-0.25390851,0.36398150065576035,0.2999002465603885,0.22641926220455047,2.0,0.040604487,0.008906984,0.019097138,-0.02272695,0.66771215,0.9891242,0.6099672,0.7270438,-0.0421856,25.0,-0.114194915,0,6
ICE,Financial,0.33274725,2.0,0.31518152,0.35439256,0.342052565707134,0.2999002465603885,0.2760609613130127,2.0,0.0402265,0.0057722456,0.13829719,0.0964731,0.68311334,0.7532421,1.0,0.95574504,-0.09880353,298.0,-0.08469967,0,6
MNST,Consumer Defensive,0.18564549,2.0,0.32475525,0.0142282555,0.3735615732524188,0.2999002465603885,0.23265998795642415,2.0,0.016301835,0.012763965,-0.10085506,-0.14267915,0.87351453,0.8987524,0.86556315,0.9837181,-0.12667604,60.0,-0.1671003,0,6
RYN,Real Estate,0.40706703,2.0,0.25621557,0.5929529,0.3065158958198164,0.2999002465603885,0.23265998795642415,2.0,0.05094131,-0.05203254,-0.103739806,-0.1455639,1.6007416,1.5591232,0.6246592,0.77030003,-0.20031878,653.0,-0.17844844,0,6
DRI,Consumer Cyclical,0.2662768,2.0,0.3090566,0.2135616,0.3333333333333333,0.2972691265374192,0.21013916500994037,2.0,-0.013328,-0.047559366,0.0049316245,-0.036892463,0.89324117,1.0620756,0.60757226,0.96900207,-0.13185167,41.0,-0.15122098,0,6
UTHR,Healthcare,0.2281756,2.0,0.35618472,0.070437044,0.3021819967726093,0.2972691265374192,0.22723208583471707,2.0,0.013771388,0.0899059,0.02537477,-0.016449317,2.0987475,1.8755906,0.8881401,0.996898,-0.07976412,108.0,-0.123654574,0,6
ELV,Healthcare,0.21023214,2.0,0.31138214,0.08559058,0.34748067563698826,0.29680304344924247,0.24435455616778676,2.0,0.06798132,-0.009218793,-0.025104612,-0.0669287,0.8090129,0.84674656,1.3157303,0.8701032,-0.02880509,62.0,-0.12638533,0,6
USFD,Consumer Defensive,0.16834344,2.0,0.3201913,-0.018770244,0.3581911939706466,0.29680304344924247,0.23265998795642415,2.0,0.005262094,0.014261949,-0.038298268,-0.08012235,0.6405837,1.1585225,1.2742262,0.62403333,-0.12177756,41.0,-0.17063278,0,6
WH,Consumer Cyclical,0.46664968,2.0,0.42317876,0.52021646,0.32377685502798326,0.29680304344924247,0.18959478132330732,2.0,0.031619955,0.086025454,-0.034550223,-0.076374315,1.0201411,0.98896027,0.94502646,0.9059829,-0.16662328,411.0,-0.14511804,0,6
VRSN,Technology,0.37439045,2.0,0.44252068,0.29043737,0.35687732342007433,0.2920562647369704,0.24435455616778676,2.0,0.053482182,0.051549193,0.12697132,0.08514723,1.5991555,0.91188663,1.0,1.2224051,-0.017317336,96.0,-0.09195924,0,6
EQT,Energy,0.21824217,2.0,0.1936814,0.24850704,0.3065158958198164,0.28879537085744345,0.24361062390378355,2.0,0.053019807,-0.03875541,0.065883085,0.024059001,1.0544484,0.9675934,1.7325559,1.1720365,-0.21764988,137.0,-0.12896858,0,6
GILD,Healthcare,0.22236498,2.0,0.3757344,0.033376325,0.3084657800843335,0.28879537085744345,0.23365877875227536,2.0,0.044424433,0.04979922,0.1569363,0.11511222,0.9513739,0.81285137,0.2672187,0.8130631,-0.01226223,166.0,-0.055282652,1,6
BIO,Healthcare,0.45947582,2.0,0.56347746,0.33132038,0.36398150065576035,0.2873212417160795,0.24361062390378355,2.0,-0.0080728475,-0.0070237187,0.23045911,0.18863502,0.952003,1.0307752,2.3363557,0.8211499,-0.06194598,32.0,-0.08907616,0,6
CI,Healthcare,0.25256777,2.0,0.22535877,0.2860959,0.3118384855690773,0.2791533833505118,0.2105946507400675,2.0,0.043987706,0.0054109464,-0.06732955,-0.109153636,0.9900735,0.99147594,0.7897552,0.8990194,-0.06732955,518.0,-0.11991378,0,6
MRK,Healthcare,0.26482198,2.0,0.5789103,-0.12221162,0.33432536365156323,0.2791533833505118,0.23608717688798783,2.0,0.00900903,0.0120893335,0.18083888,0.1390148,0.946245,0.8374085,1.7947052,0.6138371,-0.06385773,32.0,-0.10282087,0,6
PFGC,Consumer Defensive,0.28928074,2.0,0.25417772,0.33253622,0.342052565707134,0.2791533833505118,0.22817120622568093,2.0,0.010974947,0.0056173694,-0.16265114,-0.20447522,0.86519015,0.91757363,1.3417134,0.75338864,-0.1866267,51.0,-0.23729104,0,6
SLGN,Consumer Cyclical,0.37343997,2.0,0.26585305,0.5060134,0.3065158958198164,0.2791533833505118,0.22101904669825004,2.0,0.016346421,-0.08115118,-0.20738602,-0.2492101,1.0869762,1.289266,0.64777946,1.0214611,-0.26367053,465.0,-0.2725147,0,5
OMC,Communication Services,0.3042863,2.0,0.31181622,0.2950076,0.28377307903235627,0.26527331189710623,0.21013916500994037,2.0,0.031422816,-0.027483588,-0.06400453,-0.10582862,0.8639583,0.5839239,0.2360051,0.89735967,-0.1312522,33.0,-0.16362585,0,6
AZO,Consumer Cyclical,0.14373621,2.0,-0.024282718,0.35077664,0.32377685502798326,0.26018155053974473,0.18959478132330732,2.0,0.05294358,0.020260537,-0.045187004,-0.08701109,0.690982,1.9477879,1.6991415,1.1680945,-0.28260824,271.0,-0.111432515,0,6
OTIS,Industrials,0.30964732,2.0,0.12086692,0.5422709,0.36398150065576035,0.26018155053974473,0.2105946507400675,2.0,0.029664228,-0.028575674,-0.09629875,-0.13812283,1.0096533,1.4542327,0.8556049,1.1908741,-0.2869926,494.0,-0.14082353,0,6
TGT,Consumer Defensive,0.32905787,2.0,0.6518208,-0.068665005,0.3021819967726093,0.26018155053974473,0.2022744328349593,2.0,-0.015128209,-0.0134206405,0.1487665,0.106942415,1.1485263,0.7099659,1.8804238,0.71361387,-0.09565013,33.0,-0.111660495,0,6
UNH,Healthcare,0.4373071,2.0,0.46064815,0.4085452,0.3084657800843335,0.26018155053974473,0.20762670801434246,2.0,0.019897806,-0.017112453,-0.11059323,-0.15241732,1.2450664,0.7228623,1.2555946,0.6931083,-0.1253912,57.0,-0.15790363,0,6
DE,Industrials,0.26342645,2.0,0.44624266,0.03815214,0.32377685502798326,0.2596041909196742,0.2016271186440678,2.0,-0.096171774,-0.08190741,0.06278888,0.020964794,1.0943123,0.9795621,0.5859598,0.7485809,-0.122721285,12.0,-0.122721285,0,6
SPGI,Financial,0.39885253,2.0,0.32947183,0.48434654,0.3084657800843335,0.2596041909196742,0.22641926220455047,2.0,0.05579004,-0.0063349884,-0.06647251,-0.108296596,0.84637684,0.83634794,1.1363184,0.8367661,-0.20555344,290.0,-0.15357634,0,6
BIIB,Healthcare,0.23861828,2.0,0.47820938,-0.056616537,0.34748067563698826,0.25371711780404127,0.21299828969872386,2.0,0.02651447,0.047718585,0.07979719,0.03797311,1.136784,0.89715576,1.3783035,0.6441522,-0.013030722,9.0,-0.06137811,1,6
NYT,Communication Services,0.14262623,2.0,0.26870015,-0.01272769,0.2984235475691766,0.25371711780404127,0.19542436605071595,2.0,0.061546,-0.0001662039,-0.11302063,-0.15484472,1.0424511,1.6322002,1.3421546,1.7561364,-0.22237083,129.0,-0.20337239,0,4
CCI,Real Estate,0.23355284,2.0,0.16303556,0.3204474,0.3021819967726093,0.25158243497181304,0.18959478132330732,2.0,0.19867544,0.093786225,0.0119989645,-0.029825123,1.1138067,1.1267221,1.080509,0.8677071,-0.15301791,518.0,-0.15589014,0,6
RMD,Healthcare,0.38938844,2.0,0.2648162,0.5428919,0.2984235475691766,0.25158243497181304,0.23365877875227536,2.0,0.050984528,0.047681943,0.16226791,0.12044383,0.8445771,0.8798339,1.4562128,0.604177,-0.16336587,284.0,-0.091790445,0,6
TKO,Communication Services,0.4462887,2.0,0.39191234,0.5132937,0.28779899056396746,0.25158243497181304,0.2016271186440678,2.0,0.013839804,-0.05748312,-0.012274033,-0.05409812,0.89745736,0.92690617,1.0251541,1.1531087,-0.1991546,154.0,-0.12589148,0,6
BMRN,Healthcare,0.34096557,2.0,0.34410995,0.33709094,0.3065158958198164,0.25158243497181304,0.2178826785576997,2.0,-0.041710425,-0.16356286,-0.07440883,-0.11623292,1.2776628,1.0275307,0.56645757,1.0259788,-0.21988896,41.0,-0.21988896,0,4
BYD,Consumer Cyclical,0.46738014,2.0,0.33901668,0.6255553,0.36398150065576035,0.25158243497181304,0.2016271186440678,2.0,0.024981417,-0.096021526,-0.19406237,-0.23588645,1.3083104,1.2167519,1.8002262,0.74981505,-0.24272245,52.0,-0.27414292,0,6
HAE,Healthcare,0.3331678,2.0,0.8553396,-0.31027555,0.32377685502798326,0.25158243497181304,0.2178826785576997,2.0,0.13383648,0.17445087,0.5436338,0.5018097,1.0835131,0.69341874,1.2944111,0.60176677,-0.0065288255,1.0,-0.07113975,1,4
OPCH,Healthcare,0.1456165,2.0,0.28563538,-0.026920995,0.3021819967726093,0.25158243497181304,0.17245366753133107,2.0,0.37234986,0.31485403,0.43179718,0.38997307,4.97251,1.1315067,0.15800902,0.62445396,-0.1508609,180.0,-0.082040824,0,5
SIRI,Communication Services,0.36239782,2.0,0.4780482,0.21988827,0.33432536365156323,0.25158243497181304,0.17245366753133107,2.0,0.030715434,-0.082063675,-0.12776372,-0.1695878,1.3179077,1.2185546,1.4454575,0.8084269,-0.1791504,51.0,-0.2060889,0,6
GPC,Consumer Cyclical,0.27005848,2.0,0.26700264,0.273824,0.2617673179396092,0.24688372093023264,0.20762670801434246,3.0,-0.0017290256,-0.053220086,0.036340337,-0.0054837517,0.7225693,0.6294106,0.8605595,0.80704445,-0.12509197,166.0,-0.09603582,0,6
TMO,Healthcare,0.4389541,2.0,0.540657,0.31363124,0.342052565707134,0.24688372093023264,0.20762670801434246,3.0,0.0049175806,0.091754355,0.24600172,0.20417763,1.1154634,1.0946847,1.5894103,1.0714011,-0.03176817,8.0,-0.05240578,1,6
CHH,Consumer Cyclical,0.226144,2.0,0.2739685,0.16721256,0.2984235475691766,0.24688372093023264,0.17547829664678044,2.0,0.03063414,0.078468055,-0.025768597,-0.06759268,0.85040253,0.93634844,1.0695984,0.843765,-0.12995309,420.0,-0.16523995,0,6
HALO,Healthcare,0.42517507,2.0,0.724016,0.05692988,0.301939878572486,0.24688372093023264,0.1608725289706885,2.0,0.0050973743,0.0319626,0.45079488,0.40897077,1.04599,1.2993116,0.85123974,0.9818619,-0.04165946,11.0,-0.07186251,1,4
TXRH,Consumer Cyclical,0.42908952,2.0,0.40926144,0.45352256,0.32377685502798326,0.24688372093023264,0.16996766370250607,2.0,0.03432817,-0.107981235,-0.1557484,-0.19757248,1.6313261,1.4773229,0.9028581,0.6776826,-0.24341221,41.0,-0.2685225,0,6
NVR,Consumer Cyclical,0.31927207,2.0,0.15380237,0.52317125,0.28377307903235627,0.24361158432708688,0.17245366753133107,3.0,-0.01579785,-0.031062901,-0.08369539,-0.12551947,1.1005747,1.4909819,1.0700226,1.0674492,-0.27146128,494.0,-0.11967288,0,6
CVS,Healthcare,0.17593189,2.0,0.27044708,0.05946605,0.32377685502798326,0.24035574035574037,0.17245366753133107,3.0,-0.0034697598,-0.09581275,-0.1813653,-0.22318938,1.5123993,1.0807672,0.7297955,1.3313152,-0.21615356,57.0,-0.22625187,0,6
FOX,Communication Services,0.22814299,2.0,0.26797032,0.17906594,0.2562994960403167,0.24035574035574037,0.2016271186440678,3.0,0.0,-0.037375163,0.118397616,0.07657353,0.68654376,0.77610266,1.3508093,1.1461418,-0.16665028,192.0,-0.11961814,0,6
LMT,Industrials,0.09778456,2.0,0.12083257,0.06938377,0.3065158958198164,0.24035574035574037,0.18959478132330732,3.0,0.008270498,-0.03872708,-0.015245542,-0.05706963,0.95084584,0.84057516,0.7578834,0.66374683,-0.23733033,154.0,-0.1747588,0,6
FNF,Financial,0.45123118,2.0,0.2592467,0.68780303,0.28779899056396746,0.24035574035574037,0.17547829664678044,3.0,-0.011716737,-0.10652745,-0.21526545,-0.25708953,1.2407911,1.7703923,0.7566963,0.6441385,-0.30336025,382.0,-0.27696282,0,6
PCTY,Technology,0.11807915,2.0,0.1546414,0.0730255,0.28779899056396746,0.2376550525400963,0.22101904669825004,3.0,0.06568842,0.07769849,0.23662657,0.19480248,0.9155022,0.9443559,1.000656,0.67977726,-0.039071243,413.0,-0.1158407,0,6
HCA,Healthcare,0.28281176,2.0,0.3198781,0.23713697,0.282001988730527,0.23518949240662199,0.16996766370250607,3.0,0.057184357,0.07291312,0.1565791,0.11475503,0.79547805,0.9695742,1.2497783,0.75202686,-0.16808663,149.0,-0.06341438,1,6
WMG,Communication Services,0.39398813,2.0,0.33176136,0.47066677,0.28377307903235627,0.23518949240662199,0.16273073542338118,3.0,0.07104228,0.031609166,0.006353489,-0.035470597,1.2968717,1.0932038,1.6914142,0.86240155,-0.16282812,95.0,-0.15102737,0,6
FOXA,Communication Services,0.32881573,2.0,0.36013073,0.29022798,0.26032171581769437,0.23465563569509262,0.1746460370748796,3.0,0.0020873647,-0.042497706,0.12139044,0.07956635,0.876653,1.2711041,1.1512594,1.1657354,-0.17233965,191.0,-0.12482966,0,6
UHS,Healthcare,0.29198915,2.0,0.2132501,0.3890149,0.2562994960403167,0.23465563569509262,0.23265998795642415,3.0,0.009276149,0.02680642,0.16226019,0.12043611,0.6380259,0.8815555,0.5574044,0.93432665,-0.2705283,217.0,-0.061576437,1,6
ZBH,Healthcare,0.16223836,2.0,0.12783003,0.20463783,0.2632299838127257,0.23465563569509262,0.19542436605071595,3.0,0.009627347,-0.03315845,-0.050012387,-0.091836475,1.0,0.99887145,1.0998832,1.2039064,-0.13353989,822.0,-0.12909853,0,6
TTEK,Industrials,0.42935276,2.0,0.4073833,0.4564245,0.2617673179396092,0.23465563569509262,0.19542436605071595,3.0,0.0066425493,-0.06636794,0.07179197,0.029967884,0.7481259,0.75427365,0.5792178,0.8750092,-0.21260652,167.0,-0.11567564,0,6
DHR,Healthcare,0.2705168,2.0,0.3154949,0.21509278,0.2562994960403167,0.23124813440791436,0.2016271186440678,3.0,0.026861629,0.0980878,0.10011761,0.058293518,0.9903752,1.0236458,1.0558517,1.2160184,-0.08644192,549.0,-0.12682311,0,6
LLY,Healthcare,0.099850535,2.0,0.31791988,-0.16886422,0.301939878572486,0.23124813440791436,0.17547829664678044,3.0,0.03186774,0.050106876,-0.0007700642,-0.04259415,0.8971121,0.7746958,1.359919,0.5172903,-0.07893993,36.0,-0.12859085,0,6
SBAC,Real Estate,0.24702035,2.0,0.25687325,0.23487918,0.28377307903235627,0.23124813440791436,0.17245366753133107,3.0,0.1514291,0.005897957,-0.017910013,-0.0597341,1.2795131,1.0342278,1.8503824,1.2753326,-0.1738118,1197.0,-0.17491646,0,6
NOC,Industrials,0.08858711,2.0,-0.05080995,0.2603584,0.2762838801711841,0.22825784940261185,0.16701208981001725,3.0,0.005690379,-0.073668,-0.10873302,-0.1505571,1.3212185,1.1452175,1.4929261,0.8305725,-0.36846483,154.0,-0.19269912,0,6
SYK,Healthcare,0.117112026,2.0,-0.035023276,0.3045799,0.2527125290288197,0.22825784940261185,0.17245366753133107,3.0,0.0068982826,0.030362625,-0.16063297,-0.20245706,1.2037427,1.2908176,0.6553596,0.9744629,-0.27810428,304.0,-0.23420864,0,6
WY,Real Estate,0.28166372,2.0,0.14905901,0.4450651,0.2762838801711841,0.22825784940261185,0.18959478132330732,3.0,0.034109425,-0.13142335,-0.17660446,-0.21842855,2.294425,1.3536227,0.3689793,0.9164187,-0.27640587,636.0,-0.2786419,0,6
CACI,Technology,0.2765952,2.0,0.382132,0.14654806,0.282001988730527,0.22825784940261185,0.1551202420767638,3.0,-0.007137672,-0.02140989,0.2775907,0.2357666,0.9777851,1.0115964,1.5831624,1.0332333,-0.10209092,41.0,-0.14443895,0,6
NBIX,Healthcare,0.47322708,2.0,0.4740943,0.47215846,0.2967955239064088,0.22057274207451394,0.16273073542338118,3.0,-0.0051682517,-0.0902472,-0.18184952,-0.22367361,1.0583404,1.2681836,0.80790323,1.2567816,-0.23212937,50.0,-0.25417787,0,6
BF-B,Consumer Defensive,0.22676419,2.0,0.2369433,0.21422102,0.26032171581769437,0.21203811294445735,0.16701208981001725,3.0,0.008792032,-0.0075216535,0.013887277,-0.02793681,1.0430292,0.64688194,0.48846248,0.6968405,-0.12259322,1039.0,-0.12062974,0,6
BR,Technology,0.12383114,2.0,-0.054846432,0.3440056,0.2527125290288197,0.21203811294445735,0.17547829664678044,3.0,0.05429175,-0.016583502,0.10215204,0.060327955,0.7484157,0.79490095,0.7698252,0.9440202,-0.2798978,296.0,-0.14857608,0,6
LHX,Industrials,0.30942884,2.0,0.16504185,0.48734894,0.28377307903235627,0.21203811294445735,0.14441679377057073,3.0,0.0015638001,-0.04589924,-0.17522125,-0.21704534,0.7885414,1.1394271,0.506092,0.3923667,-0.36614138,154.0,-0.23083428,0,6
STZ,Consumer Defensive,0.08752367,2.0,0.034934975,0.1523258,0.2762838801711841,0.21203811294445735,0.14030197444831585,3.0,0.08655973,-0.0094499495,-0.08106211,-0.122886196,2.7823215,0.96472776,2.4011292,0.6165234,-0.25347295,636.0,-0.18975426,0,6
LOW,Consumer Cyclical,0.43013966,2.0,0.28293768,0.61152846,0.2762838801711841,0.20864748972663927,0.14030197444831585,3.0,0.028761044,-0.05386844,-0.0989431,-0.14076719,0.90633804,1.171707,1.3013269,0.8152977,-0.3456702,164.0,-0.19632865,0,6
MORN,Financial,0.2378685,2.0,0.20674317,0.27622253,0.2527125290288197,0.20864748972663927,0.16701208981001725,3.0,0.1138654,0.0612789,0.18113516,0.13931108,1.0,0.7525299,1.8305298,1.6511362,-0.08906937,456.0,-0.15944447,0,6
PAYX,Technology,0.16509934,2.0,0.08705487,0.2612692,0.23081335321785015,0.19676057944564843,0.1551202420767638,3.0,0.050939973,-0.09723908,-0.051353008,-0.093177095,0.88577783,0.94474787,0.7791276,0.7930921,-0.18344584,337.0,-0.22648026,0,5
CLX,Consumer Defensive,0.238146,2.0,0.06649573,0.4496611,0.21781067743382682,0.19179677548495105,0.14441679377057073,3.0,0.042158928,-0.055987313,-0.108059235,-0.14988331,1.0896045,1.2256593,1.0483309,1.6123844,-0.3248848,461.0,-0.2547729,0,6
G,Technology,0.2812577,2.0,0.21260388,0.36585596,0.2415207046674092,0.19179677548495105,0.17156422430386245,3.0,0.033343364,-0.0002905644,0.13472682,0.09290273,0.95792365,0.8311225,0.5088196,1.0001848,-0.2792062,415.0,-0.14877197,0,6
THC,Healthcare,0.40071398,2.0,0.57153034,0.19022647,0.28098591549295776,0.19179677548495105,0.17245366753133107,3.0,0.019952068,0.0012146335,0.35403728,0.31221318,0.65531975,0.57613415,0.27853093,0.44879544,-0.06051213,34.0,-0.11122982,0,4
MMS,Industrials,0.34350413,2.0,0.12070701,0.6180447,0.23876295084521307,0.18120740954026301,0.12729423802519663,3.0,0.12801515,0.050592616,0.023674987,-0.0181491,1.207786,1.2144102,1.277474,1.1748735,-0.39004737,180.0,-0.17245378,0,6
PPC,Consumer Defensive,0.18078582,2.0,0.037518952,0.3573256,0.2364019328459918,0.18120740954026301,0.1512546670139793,3.0,0.041818168,-0.042766478,0.004910536,-0.03691355,0.91350025,1.1153662,0.6158323,1.1309351,-0.34529248,363.0,-0.22294171,0,6
ZTS,Healthcare,0.43995705,2.0,0.08114479,0.8821015,0.2433234421364985,0.180470970361348,0.12729423802519663,3.0,0.07346814,0.026763614,-0.00077610445,-0.042600192,0.7522449,0.85992765,1.9242667,1.0097704,-0.48317775,656.0,-0.113306835,0,6
CMCSA,Communication Services,0.16116418,2.0,0.015095502,0.3411565,0.2415207046674092,0.18040311315106766,0.14706927175843693,3.0,-0.027299976,-0.16642271,-0.12469167,-0.16651575,1.1473249,1.09094,1.0,0.83253616,-0.33761385,674.0,-0.2286346,0,6
BAH,Industrials,0.21436013,2.0,0.073583744,0.38783106,0.2364019328459918,0.18040311315106766,0.1551202420767638,3.0,0.09784713,-0.022991516,0.1497015,0.10787742,1.2044915,0.90736663,1.0044777,0.9788804,-0.26015565,488.0,-0.15875593,0,6
CHDN,Consumer Cyclical,0.44511843,2.0,0.35835582,0.55203116,0.20214098622024826,0.18040311315106766,0.12729423802519663,3.0,0.051413488,-0.033716023,-0.045253742,-0.087077826,1.8324623,1.4033954,2.0984714,0.9799526,-0.3200102,481.0,-0.21086332,0,6
DAR,Consumer Defensive,0.12997323,2.0,0.52274233,-0.35401434,0.1783293724144002,0.16191307722157547,0.12729423802519663,3.0,-0.04258024,-0.09205973,-0.028534587,-0.07035868,0.9628893,0.9514763,1.4358318,1.1376822,-0.11823235,37.0,-0.12174416,0,4
CTSH,Technology,0.30642626,2.0,0.25802928,0.3660632,0.21427441050799176,0.15914412595882121,0.10363280847998353,3.0,0.011792898,0.015089181,0.34844023,0.30661616,0.7727592,0.8798866,0.8774892,1.0349964,-0.3048194,414.0,-0.122060634,0,4
FDS,Financial,0.14121474,2.0,0.21368623,0.051912148,0.19319009468317552,0.15914412595882121,0.14030197444831585,3.0,0.079624034,0.09222987,0.095595874,0.053771786,0.82045364,0.86158764,0.86088634,1.233267,-0.08410141,475.0,-0.17171104,0,4
HAL,Energy,0.13402164,2.0,0.34471083,-0.12559898,0.19319009468317552,0.15847418204372773,0.1168421052631579,3.0,0.021977985,-0.09758804,-0.071256325,-0.11308041,0.9147183,0.86038536,1.9106041,0.69257045,-0.23591945,99.0,-0.16183896,0,5
DVA,Healthcare,0.080328055,2.0,0.32274672,-0.21839102,0.2364019328459918,0.1507409299948901,0.10363280847998353,3.0,0.0031339054,-0.011470809,-0.23911199,-0.28093606,0.781331,0.790281,0.7761514,0.7169515,-0.25610062,51.0,-0.27863544,0,3
NKE,Consumer Cyclical,0.44628653,2.0,0.06659941,0.91415393,0.1882403366583541,0.14961616794610685,0.08833147067345501,3.0,0.024800714,-0.05215729,-0.19839567,-0.24021976,1.6031951,2.073038,0.5211724,0.8297467,-0.48544118,1235.0,-0.23201045,0,6
TPL,Energy,0.2585309,2.0,0.37821567,0.11105003,0.1882403366583541,0.14961616794610685,0.08902516388242757,3.0,0.061112933,-0.013985236,-0.11581846,-0.15764254,0.8873021,0.89469475,1.515204,1.0134937,-0.3291607,149.0,-0.24647179,0,6
ACN,Technology,0.2042541,2.0,0.15539925,0.26445526,0.1783293724144002,0.1421064788081765,0.08011869436201781,3.0,0.051080965,0.1750885,0.5092405,0.4674164,1.1178224,1.0925959,0.9653072,1.2204005,-0.26052547,421.0,-0.105282046,0,4
GDDY,Technology,0.23731154,2.0,0.13627568,0.36181244,0.18575264571157796,0.1421064788081765,0.10960808627362567,3.0,0.07344923,0.082805805,0.14847015,0.10664606,0.87570775,1.0534042,0.7855474,1.2448034,-0.22806625,427.0,-0.21274976,0,4
TSCO,Consumer Cyclical,0.3678519,2.0,0.10920946,0.68656266,0.21781067743382682,0.1421064788081765,0.08902516388242757,3.0,0.08394984,0.0053699375,0.122116975,0.08029289,1.0999209,1.3073165,0.75185,1.2498896,-0.387771,280.0,-0.14068665,0,4
NFLX,Communication Services,0.25806385,2.0,-0.04045585,0.6259131,0.21427441050799176,0.1318589609847695,0.08833147067345501,3.0,0.048315026,-0.07512168,-0.047812525,-0.08963661,1.0742178,0.9292715,1.1137997,1.5624255,-0.43368107,322.0,-0.1894114,0,6
BSX,Healthcare,0.26688,2.0,-0.18165617,0.8195862,0.21637426900584794,0.12623097582811105,0.08833147067345501,3.0,0.0030516684,-0.008584662,-0.043001164,-0.08482525,0.7399862,1.2137333,0.81178886,0.694344,-0.59297013,274.0,-0.20053829,0,6
FIS,Technology,0.38182783,2.0,0.0028285068,0.8488477,0.20214098622024826,0.12008709853021228,0.09525208027410671,3.0,0.049321897,-0.10609245,-0.17879038,-0.22061446,1.1130003,1.1997423,0.91207796,0.99159575,-0.48460668,494.0,-0.2989782,0,6
IT,Technology,0.22973667,2.0,0.15972467,0.3160086,0.16739916007422592,0.12008709853021228,0.10773851869417438,3.0,0.034361422,0.12032586,0.35269973,0.31087562,0.6412205,0.74616057,0.84767044,1.0049125,-0.25959647,476.0,-0.16318175,0,4
PODD,Healthcare,0.44481182,2.0,-0.021654814,1.0196128,0.18575264571157796,0.12008709853021228,0.08833147067345501,3.0,0.027260963,0.00445505,-0.16524744,-0.20707153,1.1314203,1.318313,0.40238807,0.49302116,-0.6094237,273.0,-0.23531823,0,6
TYL,Technology,0.110732995,2.0,-0.1085296,0.38091815,0.17233755066945092,0.12008709853021228,0.10773851869417438,3.0,0.020879125,-0.017676234,0.04878743,0.0069633434,0.68044245,1.0651023,0.3000096,0.83768064,-0.36464944,415.0,-0.1661349,0,6
LDOS,Technology,0.36213514,2.0,0.09103161,0.696201,0.1882403366583541,0.12001705393306332,0.07661779296659686,3.0,0.033463586,-0.057698283,0.14538547,0.10356139,1.3426003,1.0736096,1.408438,1.0769717,-0.38316658,233.0,-0.2213875,0,6
QLYS,Technology,0.25948024,2.0,0.5818914,-0.13780922,0.13742014408046746,0.10526315789473684,0.06728743288248487,3.0,0.04880828,0.25283152,0.335753,0.2939289,1.1025983,1.2053267,1.2573962,1.7723621,0.0,0.0,-0.23279561,0,3
SKYD,Communication Services,0.29706782,2.0,-0.047884982,0.72213405,0.10572916666666668,0.0737483761367043,0.06502685891998869,3.0,-0.03578949,-0.11345584,-0.036405385,-0.07822947,2.4296844,3.1192482,1.4604211,1.4577949,-0.48080656,263.0,-0.20197485,0,4
CSGP,Real Estate,0.351042,2.0,-0.1821849,1.0081079,0.1436416767432487,0.05744234800838575,0.037121684327169474,3.0,0.08363773,0.0061037745,0.031282574,-0.010541515,0.8365264,0.91749716,0.24174464,0.80485445,-0.62073374,298.0,-0.20100798,0,6
CHTR,Communication Services,0.2710923,2.0,-0.22973378,0.88823247,0.10572916666666668,0.048526992672349334,0.031142503325230466,3.0,-0.054076344,-0.26451337,-0.21306233,-0.25488642,1.2699825,1.3759207,0.61034,0.9296839,-0.6117183,351.0,-0.34968865,0,6
INTU,Technology,0.349991,2.0,-0.04488082,0.83656967,0.10572916666666668,0.048526992672349334,0.031142503325230466,3.0,0.082119465,-0.027521295,0.049703654,0.007879566,0.9931818,1.1147177,0.94922084,1.4009472,-0.5507426,301.0,-0.27543795,0,6
PB,Financial,0.61638504,3.0,0.5979914,0.6390505,0.4914202101715958,0.44917483855536955,0.3551141166525782,1.0,-0.018848274,-0.0674295,-0.08269863,-0.124522716,1.0313528,1.1548705,1.5453507,0.8591661,-0.11402703,48.0,-0.11617132,0,6
IEX,Industrials,0.65526706,3.0,0.8118306,0.46234247,0.4797246015396291,0.4209258763714209,0.3193604148660327,1.0,0.005579586,0.06130434,0.061208542,0.019384453,1.1985103,1.0406623,1.3861282,1.0072533,-0.022798691,41.0,-0.07924497,1,6
ITW,Industrials,0.50081533,3.0,0.5068941,0.4933248,0.45061886470337176,0.41776438319054554,0.3519838850751411,1.0,0.0046021277,0.0024212117,-0.020839404,-0.062663496,1.0239966,0.9844042,1.457833,1.0483128,-0.10587213,46.0,-0.12906064,0,6
SNA,Industrials,0.590139,3.0,0.59517455,0.5839339,0.49417806174240175,0.41776438319054554,0.33926150668129895,1.0,-0.023122795,-0.038577467,-0.095993906,-0.137818,0.78533846,0.8611972,0.652391,0.5206251,-0.13523196,52.0,-0.13880743,0,6
NDSN,Industrials,0.77795124,3.0,0.9181405,0.6052038,0.45492804778713003,0.39466803623120733,0.30436847103513776,1.0,-0.016100002,0.06739307,0.14852422,0.10670014,1.2265363,0.986107,0.466112,0.6593887,-0.018718354,4.0,-0.078657486,1,6
SSB,Financial,0.7173828,3.0,0.6841099,0.7583831,0.4038169868554095,0.39466803623120733,0.35337142857142856,1.0,-0.016288918,-0.052815538,0.004214041,-0.037610047,1.0776771,0.8360872,1.0664774,0.68593776,-0.10162198,39.0,-0.11363019,0,6
PNC,Financial,0.6329839,3.0,0.6868079,0.56665957,0.4280146927074001,0.3842495198024331,0.30833845523458336,1.0,-0.00823414,-0.097826935,-0.12613142,-0.1679555,1.1602411,0.9470615,0.49945456,0.78558046,-0.1469432,39.0,-0.15274157,0,6
FHN,Financial,0.7037239,3.0,0.67208326,0.7427129,0.44044936261814266,0.3842495198024331,0.2954040662907912,1.0,-0.014517513,-0.061407086,-0.09993952,-0.14176361,1.1122195,1.0356383,1.2837036,0.74813133,-0.1136704,39.0,-0.11712663,0,6
FFIN,Financial,0.492013,3.0,0.43062553,0.56765735,0.3853022381483874,0.3793324227420181,0.2835722524303839,1.0,-0.042923827,-0.06305181,-0.1078483,-0.14967239,1.3870037,1.1846325,0.47658062,1.0614423,-0.15135601,468.0,-0.15135601,0,6
MMM,Industrials,0.6464965,3.0,0.6301236,0.66667193,0.3788627935723115,0.37845799180327855,0.33926150668129895,1.0,-0.01192163,-0.017806668,0.018771464,-0.023052623,0.8313292,0.9570983,1.1658691,0.9939631,-0.12580124,41.0,-0.12580124,0,6
UBSI,Financial,0.50048715,3.0,0.60171515,0.37574956,0.4657381427267503,0.37845799180327855,0.31266666666666676,1.0,-0.033588473,-0.031735923,-0.0069786096,-0.048802696,0.9153822,1.346723,1.1236174,0.93983394,-0.0717452,47.0,-0.074195474,0,6
RF,Financial,0.8648233,3.0,0.8608853,0.8696758,0.3986279111753024,0.3612093920874879,0.2666594781108475,1.0,-0.0025830145,-0.097495824,-0.12120567,-0.16302976,1.1924028,0.86950284,0.23501736,0.6018403,-0.15727969,60.0,-0.16756816,0,6
MTB,Financial,0.71067244,3.0,0.7564567,0.6542551,0.3853022381483874,0.357378414968584,0.2879742723492724,1.0,-0.0075294054,-0.09007614,-0.09753236,-0.13935645,0.92206,0.8868435,0.70360106,0.4794248,-0.1385197,39.0,-0.14192617,0,6
EWBC,Financial,0.85647124,3.0,0.9037201,0.7982491,0.4280146927074001,0.357378414968584,0.28300418328631194,1.0,-0.0053878482,-0.029682279,-0.038876016,-0.08070011,1.3440799,1.0311934,0.72705615,0.9175495,-0.081039585,39.0,-0.0927526,0,6
ONB,Financial,0.8729089,3.0,0.8896372,0.8522955,0.42556065928127523,0.357378414968584,0.30436847103513776,1.0,-0.0152243255,-0.039843768,-0.061224595,-0.10304868,1.1328377,1.3347089,0.75333124,0.8833222,-0.094248615,60.0,-0.10014447,0,6
SEIC,Financial,0.5653434,3.0,0.6561507,0.45344657,0.44044936261814266,0.357378414968584,0.29642522426027557,1.0,0.022161443,-0.019387467,0.08858387,0.046759784,1.1201736,1.0533425,1.0,0.84576243,-0.06208009,29.0,-0.08564004,0,6
BAC,Financial,0.8237382,3.0,0.82152694,0.82646304,0.402430657649711,0.3560079443892751,0.29268981089472207,1.0,0.010604645,-0.13171358,-0.08240093,-0.12422502,1.0213937,1.0193088,0.69191325,0.9039154,-0.15758145,41.0,-0.16998819,0,6
GGG,Industrials,0.55462736,3.0,0.48441526,0.6411458,0.4038169868554095,0.3560079443892751,0.33926150668129895,1.0,0.002692296,0.029485295,0.062236834,0.020412747,0.99979,1.2442838,1.3220749,0.9226478,-0.16910112,154.0,-0.09061527,0,6
MSA,Industrials,0.8571599,3.0,0.8246137,0.8972648,0.3749074211227967,0.3560079443892751,0.31909581260601905,1.0,-0.0028692216,-0.0030893008,0.07514057,0.033316486,0.87996364,0.9511923,1.6832227,0.8207532,-0.10250494,165.0,-0.08462948,0,6
MSM,Industrials,0.6990443,3.0,0.8864241,0.46814647,0.42556065928127523,0.3560079443892751,0.26633439437091644,1.0,-0.0046879854,0.08213565,0.044519693,0.0026956056,1.4316041,1.2358934,0.1448995,0.6341097,-0.006672882,2.0,-0.084930845,0,6
MET,Financial,0.6590009,3.0,0.7329609,0.5678641,0.4280146927074001,0.3482297403619197,0.2760609613130127,1.0,0.04130045,0.016015738,0.06351924,0.02169515,1.0363843,0.91299623,2.1951067,0.53227544,-0.016208056,45.0,-0.06493244,1,6
USB,Financial,0.79655635,3.0,0.86888933,0.70742446,0.4038169868554095,0.3482297403619197,0.2879742723492724,1.0,-0.0074769,-0.07682856,-0.07579199,-0.11761608,0.8911509,0.8937514,0.6551889,0.8420338,-0.119304,39.0,-0.13334459,0,6
FHI,Financial,0.8108768,3.0,0.81034225,0.8115354,0.4038169868554095,0.3482297403619197,0.2760609613130127,1.0,0.008025696,-0.07329072,-0.021651417,-0.063475505,1.2342359,1.0759413,0.7896389,0.9900299,-0.13564764,32.0,-0.14589389,0,6
HWC,Financial,0.75664794,3.0,0.8005172,0.7025903,0.3986279111753024,0.3482297403619197,0.2844135802469137,1.0,-0.009440346,-0.026881719,-0.0402684,-0.08209249,1.0,1.066349,0.72665954,0.9423399,-0.08646249,39.0,-0.09605213,0,6
LNTH,Healthcare,0.7684088,3.0,1.0852264,0.37801206,0.4797246015396291,0.3482297403619197,0.26633439437091644,1.0,0.0019007848,-0.002390655,-0.049720068,-0.09154415,0.64101565,0.9727909,0.92010546,0.24383993,-0.09725979,71.0,-0.07886695,0,6
WTFC,Financial,0.78385556,3.0,0.7847377,0.78276855,0.3749074211227967,0.3482297403619197,0.2666594781108475,1.0,-0.012205242,-0.049751244,-0.10997093,-0.15179501,1.3825407,0.9693197,1.0,0.67476994,-0.1387675,60.0,-0.14736475,0,6
EXPD,Industrials,0.638864,3.0,0.8816724,0.33966464,0.4221556886227545,0.3440052538685711,0.28300418328631194,1.0,0.0040006456,0.020705674,0.10108265,0.059258565,1.0840354,0.8878479,1.1391826,1.156328,-0.004533225,4.0,-0.086378604,0,6
FTV,Technology,0.6493511,3.0,0.6906719,0.59843385,0.37838986653064693,0.3440052538685711,0.2879742723492724,1.0,-0.0036541307,0.05044946,-0.0799277,-0.121751785,0.99126655,0.79409057,0.8284487,0.9642932,-0.10548122,52.0,-0.14844187,0,6
OZK,Financial,0.7297608,3.0,0.60972834,0.8776701,0.4178307854507116,0.3440052538685711,0.2562924924056125,1.0,-0.049239974,-0.08939923,-0.12198501,-0.16380909,2.210301,1.1395519,3.532138,0.87193054,-0.16349596,60.0,-0.17950648,0,6
PRU,Financial,0.754061,3.0,0.7810747,0.7207734,0.42556065928127523,0.3368397111502815,0.30436847103513776,1.0,0.0043516685,-0.04549297,-0.015274444,-0.05709853,1.0398678,0.8527907,1.0601091,0.8268558,-0.085786246,39.0,-0.09168749,0,6
NEU,Basic Materials,0.6788985,3.0,0.6692259,0.6908176,0.4280146927074001,0.3368397111502815,0.25716969317470256,1.0,-0.033222966,0.017946823,0.183807,0.14198291,1.1572942,0.9966015,0.3062165,0.7700163,-0.06809905,39.0,-0.10338695,0,6
NLY,Real Estate,0.6593,3.0,0.6083561,0.72207546,0.4038169868554095,0.3368397111502815,0.2562924924056125,1.0,-0.010810852,-0.13630328,-0.15662108,-0.19844517,1.9839994,1.7330233,1.922867,1.3689493,-0.19960707,36.0,-0.21578984,0,6
GWW,Industrials,0.4887389,3.0,0.62797284,0.3171686,0.41490550971519835,0.3319885145204084,0.2562924924056125,1.0,0.007412317,0.014392601,-0.07140375,-0.11322784,0.820807,1.0187784,1.1907363,0.8182896,-0.0782588,60.0,-0.11164705,0,6
PKG,Consumer Cyclical,0.69822985,3.0,0.7135817,0.67931265,0.3749074211227967,0.3319885145204084,0.28300418328631194,1.0,0.008619941,-0.0017559978,0.027193384,-0.014630704,0.92219293,0.7289509,0.31921875,0.54346913,-0.09877672,42.0,-0.117119156,0,6
ASB,Financial,0.8253096,3.0,0.83903176,0.80840045,0.3749074211227967,0.3319885145204084,0.26328462304882116,1.0,-0.0120689785,-0.05570206,-0.06154023,-0.10336432,0.8979713,0.9776297,0.450578,1.0025598,-0.10682318,39.0,-0.11430529,0,6
GEF,Consumer Cyclical,0.5593874,3.0,0.7132536,0.36978662,0.4038169868554095,0.3319885145204084,0.2760609613130127,1.0,-0.0043806355,-0.014388644,0.15522043,0.11339635,1.0900228,1.7089416,0.40423247,0.82606304,-0.085258216,46.0,-0.1101895,0,6
DOC,Real Estate,0.5363408,3.0,0.546014,0.5244209,0.3749074211227967,0.3272911506417473,0.2511399508944229,1.0,-0.035402797,-0.07241341,-0.12220292,-0.164027,1.3596375,0.81001866,1.7753862,0.9207853,-0.16791853,52.0,-0.18031119,0,6
HSIC,Healthcare,0.51406837,3.0,0.6330547,0.36744818,0.3900777489818585,0.3272911506417473,0.2879742723492724,1.0,-0.010249707,-0.03768615,-0.020748325,-0.06257241,1.2353095,0.909485,0.90966326,1.0809277,-0.0753907,25.0,-0.07924276,0,6
CUZ,Real Estate,0.6578112,3.0,0.64140326,0.6780299,0.3735615732524188,0.3272911506417473,0.24577153265677856,1.0,-0.0025279773,-2.8933959e-05,-0.08396096,-0.12578504,0.91664845,0.89192706,0.7627386,0.9014386,-0.13500953,51.0,-0.14520119,0,6
UMBF,Financial,0.8492565,3.0,0.84905803,0.8495011,0.4038169868554095,0.3272911506417473,0.2562924924056125,1.0,-0.00488773,-0.06507851,-0.09374884,-0.13557293,1.2984366,1.313702,0.96852523,0.76853895,-0.1399435,39.0,-0.1537387,0,6
AAPL,Technology,0.62134904,3.0,0.7344659,0.48196146,0.4280146927074001,0.3159725114535609,0.22723208583471707,1.0,0.008840577,0.030835677,0.06183342,0.020009331,0.8685582,0.808954,0.9684312,1.0106021,-0.012988514,10.0,-0.11047196,0,6
EW,Healthcare,0.520284,3.0,0.5569992,0.47504184,0.3581911939706466,0.3159725114535609,0.25716969317470256,1.0,0.0007046102,-0.017978536,-0.07168539,-0.113509476,0.9926431,0.89499396,1.3522654,1.2840474,-0.10474891,68.0,-0.10057661,0,6
NDAQ,Financial,0.71865463,3.0,0.704085,0.73660797,0.3735615732524188,0.3159725114535609,0.29642522426027557,1.0,0.03675412,0.021264961,0.053319093,0.0114950035,0.98589283,0.98743683,0.57571757,1.0483078,-0.063158475,183.0,-0.10465403,0,6
PFG,Financial,0.74342823,3.0,0.8629017,0.5962077,0.4038169868554095,0.3159725114535609,0.24577153265677856,1.0,-0.042157926,-0.067153804,-0.04889153,-0.09071562,1.0049336,0.9975505,1.151492,0.99741536,-0.0950975,25.0,-0.0950975,0,6
SCHW,Financial,0.57960594,3.0,0.56791246,0.5940151,0.376710739967525,0.3159725114535609,0.2511399508944229,1.0,0.0,-0.09904039,-0.0527254,-0.09454949,0.908291,0.85369515,1.306106,0.9485786,-0.14914215,33.0,-0.15899691,0,6
TFC,Financial,0.84860057,3.0,0.8346166,0.86583227,0.33432536365156323,0.3159725114535609,0.2562924924056125,1.0,-0.007319702,-0.083846636,-0.10361942,-0.1454435,1.2936193,1.0625274,0.34671658,0.652406,-0.14829533,169.0,-0.14161953,0,6
WAT,Healthcare,0.7409327,3.0,0.8668103,0.58582073,0.3986279111753024,0.3159725114535609,0.24435455616778676,1.0,0.020131225,0.07999694,0.16223672,0.12041263,1.407822,1.028827,1.0697705,1.0063763,-0.021409603,8.0,-0.05460217,1,6
GNTX,Consumer Cyclical,0.8326976,3.0,0.65211535,1.055219,0.376710739967525,0.3159725114535609,0.23608717688798783,1.0,-0.04176552,-0.06711563,-0.115105964,-0.15693006,1.2519293,0.9509271,0.8766241,0.83462113,-0.20232244,650.0,-0.15062958,0,6
HON,Industrials,0.66535485,3.0,0.6357785,0.70180017,0.33432536365156323,0.3137466598288753,0.23608717688798783,1.0,-0.02925375,0.027450802,-0.06252736,-0.104351446,0.759668,0.6552611,0.7820754,0.5096706,-0.1946595,154.0,-0.18813355,0,6
ROST,Consumer Cyclical,0.5365197,3.0,0.7280672,0.30048627,0.3749074211227967,0.3137466598288753,0.23608717688798783,1.0,-0.026822394,-0.013615363,0.015400786,-0.026423302,1.1649821,0.8354597,1.328073,0.88130623,-0.12690566,44.0,-0.12690566,0,6
TDG,Industrials,0.7209254,3.0,0.5895153,0.8828547,0.3735615732524188,0.3137466598288753,0.22723208583471707,1.0,0.01615032,-0.016763112,-0.102842115,-0.1446662,0.8481215,1.185515,0.6916003,0.8241211,-0.23586898,301.0,-0.17734349,0,6
HBAN,Financial,0.8639225,3.0,0.7879048,0.9575949,0.342052565707134,0.2999002465603885,0.24361062390378355,2.0,-0.00065233064,-0.075219,-0.13711172,-0.17893581,1.0,1.1826171,0.3529608,0.79353076,-0.18162309,169.0,-0.1745634,0,6
IFF,Basic Materials,0.6257119,3.0,0.7981032,0.41328362,0.3785541246971822,0.2999002465603885,0.24974803467042936,2.0,0.025843302,0.010710184,0.13116099,0.089336894,1.161121,0.9569439,0.80991966,0.49634328,-0.035424177,46.0,-0.080277,0,6
MAR,Consumer Cyclical,0.52548355,3.0,0.67991865,0.3351818,0.34748067563698826,0.2999002465603885,0.2511399508944229,1.0,0.019277953,0.111860685,0.010344073,-0.031480014,0.90604264,0.92228156,1.5043335,1.177169,-0.08922459,82.0,-0.1409622,0,6
MTD,Healthcare,0.68460125,3.0,0.7378794,0.61894953,0.3900777489818585,0.2999002465603885,0.23265998795642415,1.0,0.042928595,0.21038127,0.19273119,0.1509071,1.1632048,1.2719014,0.67669916,1.3310968,0.0,0.0,-0.1137855,0,6
PH,Industrials,0.86315113,3.0,0.94692564,0.7599204,0.36398150065576035,0.2999002465603885,0.2562924924056125,1.0,-0.010271955,0.030203106,0.013916958,-0.02790713,0.65381944,0.8722311,1.0232666,0.6645623,-0.10184788,44.0,-0.14272642,0,6
UPS,Industrials,0.7825134,3.0,0.8238277,0.73160404,0.37838986653064693,0.2999002465603885,0.24361062390378355,1.0,0.016663117,-0.05401622,-0.1489253,-0.19074939,1.1015036,0.8997787,0.5123255,0.8912161,-0.1838445,59.0,-0.20559251,0,6
WST,Healthcare,0.49304146,3.0,0.6582555,0.28945738,0.36398150065576035,0.2999002465603885,0.2562924924056125,1.0,0.0027946434,0.06318083,0.0181792,-0.023644887,0.85215944,0.7897074,1.2928591,1.0466217,-0.02855932,4.0,-0.09447073,0,6
AIT,Industrials,0.7273057,3.0,0.8380834,0.5908005,0.36398150065576035,0.2999002465603885,0.24435455616778676,1.0,-0.02349689,0.052734066,0.0197631,-0.022060987,0.840798,0.8983543,0.7623368,1.0525206,-0.07340795,39.0,-0.1294102,0,6
GATX,Industrials,0.73926866,3.0,0.66380095,0.8322633,0.3329872441412044,0.2999002465603885,0.23428386260531434,1.0,-0.0365433,-0.06479756,-0.08238616,-0.124210246,1.0798423,1.5296296,0.9495121,1.463593,-0.17300451,120.0,-0.12342487,0,6
SON,Consumer Cyclical,0.50858456,3.0,0.58432555,0.4152531,0.3735615732524188,0.2999002465603885,0.24361062390378355,1.0,-0.016824035,-0.0105307065,-0.0984122,-0.14023629,0.9186702,0.98639524,1.1709821,0.7293286,-0.20128492,52.0,-0.20428504,0,4
HAS,Consumer Cyclical,0.7000554,3.0,0.79940414,0.57763356,0.3084657800843335,0.29680304344924247,0.24361062390378355,2.0,0.042215757,0.035048757,0.18219824,0.14037415,0.88511974,0.94121903,1.408914,0.9368343,-0.09907705,166.0,-0.10564401,0,6
HST,Real Estate,0.7551989,3.0,0.9350988,0.5335182,0.35477046752697267,0.29680304344924247,0.22723208583471707,2.0,0.0039893687,0.03223522,-0.009376333,-0.05120042,0.7679482,0.8876983,0.90997523,0.64424723,-0.10518061,51.0,-0.1527017,0,6
LYV,Communication Services,0.64017665,3.0,0.6798926,0.5912368,0.3785541246971822,0.29680304344924247,0.23608717688798783,2.0,0.009243335,0.0014698965,-0.07050476,-0.11232885,1.011945,0.81080616,0.6083932,0.6023123,-0.09620081,39.0,-0.11466624,0,6
SHW,Basic Materials,0.82489395,3.0,0.742149,0.9268559,0.301939878572486,0.29680304344924247,0.23365877875227536,2.0,-0.00046954528,0.0060483334,-0.026968624,-0.068792716,0.8292372,0.89800763,0.7327542,0.7035689,-0.13677469,468.0,-0.14605777,0,6
VTRS,Healthcare,0.67797023,3.0,0.98944527,0.2941568,0.36398150065576035,0.29680304344924247,0.2178826785576997,2.0,0.0022726709,0.076923095,0.08433797,0.042513885,0.88238525,0.96899015,0.3326336,0.79361886,-0.034482814,9.0,-0.1019037,0,6
KEX,Industrials,0.74111444,3.0,0.98425543,0.44150528,0.32377685502798326,0.29680304344924247,0.23265998795642415,2.0,-0.011750164,-0.016884308,-0.045600973,-0.08742506,1.0289251,0.7229381,1.0,1.1395485,-0.10708432,113.0,-0.13625093,0,6
A,Healthcare,0.84980214,3.0,0.9125122,0.772528,0.3785541246971822,0.29479019330504475,0.22641926220455047,2.0,0.017965509,0.193364,0.27420363,0.23237956,0.8520122,1.2550772,0.96610016,1.385249,-0.025202632,9.0,-0.099874265,0,6
EXPO,Industrials,0.5578315,3.0,0.57292837,0.5392285,0.33432536365156323,0.29479019330504475,0.22723208583471707,2.0,0.037295606,0.036833443,0.10269392,0.06086984,1.5126642,1.3382369,0.54313934,1.0557606,-0.11288475,508.0,-0.098765716,0,6
SHC,Healthcare,0.8529206,3.0,0.8651432,0.8378594,0.3118384855690773,0.29479019330504475,0.22723208583471707,2.0,-0.00878155,-0.010952944,-0.006053969,-0.047878057,0.81514883,0.77238446,1.5001953,0.80056125,-0.07715893,34.0,-0.088911586,0,5
HD,Consumer Cyclical,0.51704544,3.0,0.34459442,0.72954726,0.3581911939706466,0.2920562647369704,0.22101904669825004,2.0,0.027894586,-0.048905794,-0.13119596,-0.17302005,1.1054059,1.322281,1.5451831,0.95369595,-0.24037303,460.0,-0.20358288,0,6
MCO,Financial,0.6409588,3.0,0.5769374,0.71984875,0.28377307903235627,0.2920562647369704,0.23608717688798783,2.0,0.05181717,-0.0066971383,-0.06154472,-0.103368804,0.7981642,0.8419208,1.1238121,1.0638164,-0.13395041,184.0,-0.1478311,0,6
DLR,Real Estate,0.8114385,3.0,0.78720677,0.8412979,0.3051025775907417,0.2907744107744108,0.24361062390378355,2.0,0.0011760932,-0.029045952,0.0116105545,-0.030213533,0.9175514,0.87228954,1.7403529,1.152243,-0.11144242,120.0,-0.11699418,0,6
CBT,Basic Materials,0.6753088,3.0,0.67062384,0.6810819,0.301939878572486,0.2907744107744108,0.20762670801434246,2.0,-0.026510635,-0.04924479,-0.14240338,-0.18422747,1.154588,0.91225976,0.5157962,0.7866974,-0.19345525,73.0,-0.17697716,0,6
FCFS,Financial,0.528563,3.0,0.6935164,0.3253001,0.301939878572486,0.2907744107744108,0.23428386260531434,2.0,0.015877526,-0.060163636,-0.0022990152,-0.044123102,0.78803194,1.0071989,0.61951363,0.94991386,-0.09613838,33.0,-0.11961257,0,6
VOYA,Financial,0.85892135,3.0,0.94942135,0.7474033,0.36398150065576035,0.28879537085744345,0.23265998795642415,2.0,-0.020486325,-0.07791955,-0.038858626,-0.08068271,1.3795161,1.0726287,1.0483218,0.96273124,-0.097177215,25.0,-0.0989891,0,6
GBCI,Financial,0.8176555,3.0,0.71270627,0.9469787,0.342052565707134,0.2873212417160795,0.21013916500994037,2.0,-0.019025356,-0.06216862,-0.16780141,-0.2096255,1.1418641,1.1765664,0.5443907,0.47385633,-0.20978539,60.0,-0.20978539,0,6
PK,Real Estate,0.73923826,3.0,0.9351622,0.497812,0.34748067563698826,0.2873212417160795,0.22641926220455047,2.0,-0.023180919,0.0063676713,0.08727452,0.045450434,1.2304182,0.86327213,0.27560776,0.54657596,-0.046533562,32.0,-0.07977737,1,6
AMGN,Healthcare,0.4928052,3.0,0.68216926,0.25946242,0.3581911939706466,0.2791533833505118,0.22723208583471707,2.0,0.029351892,0.08471251,0.15770423,0.11588014,0.88574255,1.081736,1.2414826,1.3084782,-0.06586058,25.0,-0.15417005,0,6
SOLV,Healthcare,0.6752432,3.0,0.74303347,0.59170896,0.36398150065576035,0.2791533833505118,0.2511399508944229,2.0,-0.006374474,-0.0041072518,0.12748648,0.08566239,1.126943,0.7757035,1.0,0.39784274,-0.05571183,25.0,-0.07096501,0,6
FLG,Financial,0.7993276,3.0,0.7179278,0.8996321,0.34748067563698826,0.2791533833505118,0.1972342264477096,2.0,-0.03247864,-0.14694805,-0.23868255,-0.28050664,1.3975017,1.2829461,0.65241045,0.71842,-0.26247373,60.0,-0.26377675,0,6
KRC,Real Estate,0.84316534,3.0,0.7133335,1.00315,0.32377685502798326,0.2791533833505118,0.22723208583471707,2.0,0.018435888,-0.0012795421,-0.10663737,-0.14846146,1.0411083,0.9097632,0.6099648,0.42296654,-0.16039617,266.0,-0.16333793,0,6
RPM,Basic Materials,0.7782175,3.0,0.65766066,0.9267731,0.3021819967726093,0.2791533833505118,0.22723208583471707,2.0,-0.014719216,-0.01590972,-0.041580837,-0.08340492,1.958919,1.0383085,1.4031842,0.83361316,-0.17822994,468.0,-0.18796863,0,6
RS,Basic Materials,0.67655444,3.0,0.8441577,0.4700262,0.33742268041237106,0.2791533833505118,0.22641926220455047,2.0,0.0053458936,0.025611667,0.04731903,0.005494943,0.7887221,0.79483455,1.2833982,1.4452902,-0.059740145,38.0,-0.111466736,0,6
SAIC,Technology,0.5217394,3.0,0.6883725,0.31640682,0.33742268041237106,0.2791533833505118,0.22641926220455047,2.0,0.07504392,0.045821756,0.1884212,0.14659712,1.0,0.8344264,1.8624798,1.0546954,0.0,0.0,-0.08718411,0,6
SSD,Basic Materials,0.7961255,3.0,0.7420235,0.8627924,0.33432536365156323,0.2791533833505118,0.2022744328349593,2.0,-0.014058553,-0.00585194,-0.07639583,-0.11821992,1.1669208,1.1265726,0.41399825,0.71659815,-0.18273763,73.0,-0.14512984,0,6
DLB,Industrials,0.54996765,3.0,0.42720014,0.7012473,0.2762838801711841,0.2744969091148234,0.22723208583471707,2.0,-0.002547083,-0.06196099,0.19697139,0.1551473,0.82350135,1.1860663,0.37606683,0.84612507,-0.14253625,425.0,-0.13294011,0,4
FAF,Financial,0.5889519,3.0,0.5825399,0.596853,0.301939878572486,0.2744969091148234,0.1972342264477096,2.0,-0.020643316,-0.13222018,-0.11834763,-0.16017172,0.97974193,1.0817916,1.3694843,1.1995049,-0.21969984,52.0,-0.22556484,0,4
JAZZ,Healthcare,0.5044053,3.0,0.758147,0.19173346,0.32938304257158857,0.26527331189710623,0.21013916500994037,2.0,-0.07319557,-0.091733195,-0.078279965,-0.12010405,1.2271563,0.89693594,1.9241719,0.7171998,-0.16512498,47.0,-0.16512498,0,5
NTNX,Technology,0.8467414,3.0,0.85522294,0.83629006,0.2984235475691766,0.26018155053974473,0.16701208981001725,2.0,0.032369573,0.14078262,0.35150298,0.3096789,1.2310257,0.72242534,0.37433675,0.7309375,0.0,0.0,-0.06328749,1,6
INCY,Healthcare,0.510025,3.0,0.6525685,0.33437657,0.32377685502798326,0.2596041909196742,0.2105946507400675,2.0,-0.021769315,-0.08509083,-0.012606166,-0.054430254,1.3522807,0.9478887,0.53135526,1.0607954,-0.13191713,52.0,-0.13237889,0,6
AOS,Industrials,0.72658217,3.0,0.5592303,0.93280065,0.28098591549295776,0.25371711780404127,0.1746460370748796,2.0,-0.006519805,-0.0058190445,-0.04717938,-0.089003466,1.0504292,1.0131071,0.38609046,0.43282005,-0.29111603,167.0,-0.13504219,0,6
COLM,Consumer Cyclical,0.691655,3.0,0.715948,0.6617201,0.2967955239064088,0.25371711780404127,0.20190380761523047,2.0,-0.004016056,0.01098906,-0.10035931,-0.1421834,0.97136796,1.0507858,0.5368581,0.67964613,-0.15437226,93.0,-0.12672563,0,6
IQV,Healthcare,0.7231272,3.0,0.84921974,0.5677503,0.32938304257158857,0.25158243497181304,0.1972342264477096,2.0,0.006467656,0.010027273,0.25213203,0.21030794,0.8687996,0.99280727,0.61748034,0.81697565,-0.055050485,11.0,-0.07820327,0,6
REGN,Healthcare,0.5882884,3.0,0.7265321,0.41793844,0.2967955239064088,0.25158243497181304,0.2105946507400675,2.0,0.015424328,-0.05889624,0.12716475,0.08534066,0.91532737,0.79506236,0.9380583,0.9368986,-0.123810254,26.0,-0.14736576,0,6
TXT,Industrials,0.6730446,3.0,0.5445458,0.8313865,0.2762838801711841,0.25158243497181304,0.18959478132330732,2.0,-0.040124234,-0.06339972,-0.17044577,-0.21226986,1.0225054,1.24955,1.2986776,1.0232859,-0.26356277,160.0,-0.24010769,0,6
HQY,Healthcare,0.4781765,3.0,0.4711936,0.48678112,0.282001988730527,0.25158243497181304,0.18959478132330732,2.0,0.028542867,-0.02051827,-0.031883787,-0.07370787,1.0235761,1.0744256,0.8538666,0.7616175,-0.13278396,43.0,-0.18297595,0,6
MEDP,Healthcare,0.7586686,3.0,0.827642,0.6736765,0.33432536365156323,0.25158243497181304,0.2105946507400675,2.0,0.020985233,0.049540464,0.15439746,0.11257336,0.9476644,0.8482646,1.6034603,0.6612459,-0.028784992,13.0,-0.060555823,1,6
CPAY,Technology,0.8376811,3.0,0.97348833,0.6703333,0.301939878572486,0.24688372093023264,0.1746460370748796,2.0,0.008413602,-0.02582806,0.099044405,0.057220314,1.0025908,0.89099276,1.0,0.8370093,-0.06424602,40.0,-0.086163074,0,6
KBR,Industrials,0.668549,3.0,0.48645815,0.8929295,0.2723742719358679,0.24688372093023264,0.16701208981001725,2.0,0.03212612,-0.026085995,-0.00701625,-0.048840337,1.2178822,1.0671457,0.65367675,0.6667282,-0.2054687,478.0,-0.117609255,0,6
BCO,Industrials,0.80581725,3.0,0.7070801,0.92748547,0.26032171581769437,0.24035574035574037,0.18959478132330732,2.0,0.015717076,-0.053893305,-0.03540701,-0.077231094,0.838141,1.1355742,0.6297495,0.99197894,-0.23387057,156.0,-0.1867896,0,6
DHI,Consumer Cyclical,0.7831088,3.0,0.658101,0.9371489,0.2762838801711841,0.23518949240662199,0.2016271186440678,2.0,-0.0008888527,-0.005089639,-0.09115243,-0.13297652,1.5667412,1.222414,1.260993,1.1549752,-0.19125451,515.0,-0.13465194,0,6
URI,Industrials,0.8153558,3.0,0.83054227,0.7966423,0.301939878572486,0.23518949240662199,0.1746460370748796,2.0,-0.022820657,0.0680329,-0.025012538,-0.066836625,0.9342775,0.8952947,0.48800337,0.9040171,-0.093104474,38.0,-0.15882277,0,5
GEHC,Healthcare,0.84000343,3.0,0.7196772,0.9882747,0.2527125290288197,0.23465563569509262,0.18959478132330732,2.0,0.022554005,0.023349939,0.0071526095,-0.034671478,1.2286862,1.0113281,1.416482,0.4397819,-0.2532296,508.0,-0.15143007,0,6
MLM,Basic Materials,0.86731803,3.0,0.64860374,1.1368276,0.2723742719358679,0.23465563569509262,0.15564896191567953,2.0,-0.008128191,-0.048002858,-0.15846848,-0.20029257,0.9494366,1.5770898,0.5010565,0.8408586,-0.32157433,167.0,-0.17911497,0,6
VMC,Basic Materials,0.7028067,3.0,0.5385888,0.9051633,0.282001988730527,0.23465563569509262,0.16701208981001725,2.0,0.0062536174,-0.024022363,-0.16307653,-0.20490062,1.0194759,1.1829268,0.77314967,0.78552,-0.2554205,167.0,-0.17784618,0,6
MTN,Consumer Cyclical,0.58507,3.0,0.582565,0.58815676,0.2762838801711841,0.23465563569509262,0.1746460370748796,2.0,0.050621893,0.11232127,-0.020889958,-0.06271405,1.0900772,1.3066814,0.84396935,0.996959,-0.07314669,51.0,-0.18548839,0,6
AMCR,Consumer Cyclical,0.7705477,3.0,0.7856502,0.75193775,0.26032171581769437,0.23124813440791436,0.20368684569868,2.0,-0.003344467,-0.029767413,-0.002605966,-0.044430055,0.9357264,0.79380095,0.295238,0.8687034,-0.1382165,159.0,-0.13865374,0,6
BKR,Energy,0.72850543,3.0,0.7972865,0.6437503,0.2762838801711841,0.23124813440791436,0.1810889645114244,2.0,0.012500013,-0.045454558,-0.013031762,-0.05485585,0.81414956,0.92089057,1.5854323,1.0036458,-0.18043791,112.0,-0.1540832,0,6
BXP,Real Estate,0.82972896,3.0,0.677353,1.0174934,0.28377307903235627,0.23124813440791436,0.20762670801434246,2.0,-0.02315966,-0.06265682,-0.10907652,-0.1509006,1.1146234,0.87932277,0.54650617,0.6531461,-0.18147853,494.0,-0.18147853,0,6
TTWO,Communication Services,0.6892104,3.0,0.5467239,0.8647887,0.2723742719358679,0.23124813440791436,0.17245366753133107,2.0,0.05282892,-0.016224207,-0.12560427,-0.16742836,1.0141492,1.191586,0.60357267,0.7266244,-0.18624425,244.0,-0.20558427,0,6
ULTA,Consumer Cyclical,0.64806247,3.0,0.6265295,0.6745963,0.2762838801711841,0.23124813440791436,0.17245366753133107,2.0,0.04907207,0.06485818,0.20501556,0.16319147,0.6192493,0.71395487,0.6927066,0.6932199,-0.19304775,163.0,-0.12708136,0,6
DT,Technology,0.7080143,3.0,0.8478508,0.5357015,0.2967955239064088,0.23124813440791436,0.1551202420767638,2.0,0.07046528,0.23492809,0.42408612,0.38226202,1.0453768,1.3648529,1.2533492,1.1102431,0.0,0.0,-0.10006635,0,6
EXEL,Healthcare,0.70264244,3.0,0.9252699,0.42831087,0.3021819967726093,0.23124813440791436,0.16996766370250607,2.0,0.025175566,0.042312384,0.06816559,0.026341502,1.2658557,0.83531016,0.7198086,0.67167884,0.0,0.0,-0.11146384,0,6
DXCM,Healthcare,0.69037217,3.0,0.7937202,0.5630222,0.301939878572486,0.22825784940261185,0.17245366753133107,2.0,-0.014643861,-0.0047331857,0.10163723,0.059813138,0.814278,0.67939603,0.87869614,0.72206426,-0.08912709,34.0,-0.10082302,0,6
MANH,Technology,0.5507886,3.0,0.5490095,0.55298084,0.2967955239064088,0.22825784940261185,0.19542436605071595,2.0,0.0036248127,-0.00063410826,0.29423285,0.25240877,0.692367,0.8064931,0.7176357,0.6820297,-0.08433141,30.0,-0.11199499,0,4
ULS,Industrials,0.5890044,3.0,0.54996973,0.6371046,0.2967955239064088,0.22825784940261185,0.14441679377057073,2.0,0.060615245,-0.015611824,-0.19882768,-0.24065177,1.6898857,1.5251629,2.0186572,0.7905793,-0.33045205,108.0,-0.30553168,0,6
EBAY,Consumer Cyclical,0.7780596,3.0,0.8621103,0.67448854,0.282001988730527,0.22084942084942086,0.17245366753133107,3.0,0.0544173,0.06817103,-0.022233807,-0.064057894,0.71325487,0.84277743,0.35900015,0.68240196,-0.051419985,98.0,-0.1404973,0,6
PHM,Consumer Cyclical,0.86502385,3.0,0.7446221,1.0133883,0.2723742719358679,0.22084942084942086,0.17245366753133107,3.0,-0.0311933,-0.03474247,-0.09199489,-0.13381898,1.0657939,0.9332215,0.9515046,1.0839964,-0.20844476,164.0,-0.1661177,0,6
UBER,Technology,0.7778365,3.0,0.5520736,1.0560316,0.23876295084521307,0.22084942084942086,0.16701208981001725,2.0,0.04991927,-0.014470721,-0.03703205,-0.07885613,0.8996871,0.978215,1.3524905,0.78932023,-0.28289208,254.0,-0.15519604,0,6
LSTR,Industrials,0.657813,3.0,0.79132026,0.4932994,0.2415207046674092,0.22057274207451394,0.1551202420767638,3.0,-0.025190197,-0.02642485,-0.20375976,-0.24558385,0.81825095,0.8098737,1.0140195,0.86964864,-0.2479227,86.0,-0.23372635,0,4
SLB,Energy,0.80590075,3.0,0.99105966,0.5777397,0.2617673179396092,0.21203811294445735,0.16701208981001725,3.0,0.004308557,-0.12604888,0.03893546,-0.002888628,0.92855346,0.8899783,1.7170712,0.71221685,-0.18129803,28.0,-0.19785608,0,4
FTI,Energy,0.5597898,3.0,0.8858092,0.15805413,0.2527125290288197,0.21203811294445735,0.1746460370748796,3.0,0.010897995,-0.079518415,-0.0469111,-0.088735186,0.9091704,0.8016266,1.6788431,0.79166186,-0.13124378,25.0,-0.1518482,0,5
COO,Healthcare,0.5458518,3.0,0.37749463,0.7533091,0.26521956087824344,0.20864748972663927,0.16701208981001725,3.0,-0.04463189,0.0036920947,-0.23766126,-0.27948534,1.8268467,2.0857887,0.51824194,1.2482584,-0.3551945,518.0,-0.30656078,0,5
JBHT,Industrials,0.750632,3.0,0.9865534,0.4599192,0.2617673179396092,0.20864748972663927,0.1512546670139793,3.0,-0.021093093,-0.14400923,-0.18852761,-0.2303517,0.79306126,1.0104387,1.3950416,1.1715297,-0.23043236,60.0,-0.25265402,0,4
NOV,Energy,0.8770513,3.0,1.0336459,0.6840885,0.23876295084521307,0.20864748972663927,0.1551202420767638,3.0,0.009042557,-0.10645314,-0.0041599874,-0.045984074,1.1551669,0.8672725,1.5183966,1.2713357,-0.122504875,26.0,-0.13869475,0,4
DBX,Technology,0.53688025,3.0,0.61370075,0.44221866,0.2527125290288197,0.19676057944564843,0.1551202420767638,3.0,0.013569294,-0.019686123,0.1615957,0.11977161,0.7748532,1.1773828,1.3114369,1.054285,-0.08956017,17.0,-0.15421307,0,6
VEEV,Healthcare,0.72796303,3.0,0.7003148,0.76203245,0.2364019328459918,0.19295174303546966,0.16273073542338118,3.0,0.083415724,0.13468462,0.5046492,0.46282512,0.8148585,0.75535405,0.45237496,0.6652084,-0.009929793,253.0,-0.09031965,0,4
AN,Consumer Cyclical,0.5656997,3.0,0.36062303,0.8184043,0.2617673179396092,0.19295174303546966,0.1551202420767638,3.0,-0.031269245,-0.2405173,-0.18637228,-0.22819637,1.4888941,1.5141053,0.42067912,1.3804994,-0.31567958,51.0,-0.320767,0,6
GME,Consumer Cyclical,0.6347712,3.0,0.6654818,0.59692836,0.2617673179396092,0.19295174303546966,0.12729423802519663,3.0,0.07530359,0.30259934,0.20562863,0.16380455,1.6731501,1.7193278,1.5690396,1.7492734,0.0,0.0,-0.20329912,0,3
CHRW,Industrials,0.54399776,3.0,0.5974821,0.478092,0.2433234421364985,0.19179677548495105,0.1390374331550802,3.0,-0.09770481,-0.06632988,-0.27265233,-0.3144764,1.6874622,0.9793126,3.3827598,0.8698059,-0.31752542,57.0,-0.3523421,0,6
DLTR,Consumer Defensive,0.708024,3.0,0.8612741,0.51918244,0.23876295084521307,0.19179677548495105,0.14706927175843693,3.0,0.057774566,-0.0001685848,-0.06124385,-0.10306794,0.95748955,0.8465894,0.82151824,0.5766608,-0.15983292,184.0,-0.18127972,0,6
PTC,Technology,0.78754896,3.0,0.751697,0.83172727,0.26032171581769437,0.19179677548495105,0.1551202420767638,3.0,0.35006595,0.51064324,0.55039066,0.5085666,5.329071,1.4186476,0.2023238,1.3517631,-0.055471893,281.0,-0.19018558,0,4
SMG,Basic Materials,0.7710172,3.0,0.6663764,0.89996016,0.2617673179396092,0.19179677548495105,0.12729423802519663,3.0,0.017135866,-0.11217947,-0.21132535,-0.25314942,1.0575831,1.3643708,1.5223129,1.4151796,-0.31394863,60.0,-0.3334872,0,6
UFPI,Basic Materials,0.5834162,3.0,0.44474712,0.7542904,0.21781067743382682,0.18120740954026301,0.1512546670139793,3.0,-0.038107615,-0.074688256,-0.11854007,-0.16036417,1.1497735,1.0985289,0.9964108,1.0021824,-0.35026,167.0,-0.20749216,0,6
VVV,Consumer Cyclical,0.71227294,3.0,0.6026755,0.8473239,0.2364019328459918,0.18120740954026301,0.12926525529265254,3.0,-0.010137327,0.001986143,-0.21478596,-0.25661007,1.3976352,1.5220321,0.6880318,1.1044645,-0.24832381,561.0,-0.338962,0,6
HII,Industrials,0.6124864,3.0,0.55225176,0.68671024,0.2617673179396092,0.180470970361348,0.12729423802519663,3.0,-0.013927238,-0.05989287,-0.0660854,-0.107909486,1.3399621,1.0701696,1.0,0.82876056,-0.41113898,154.0,-0.21934411,0,6
AGCO,Industrials,0.7399342,3.0,0.68273664,0.8104155,0.21781067743382682,0.180470970361348,0.1539081385979049,3.0,-0.09885701,-0.15295662,-0.09193117,-0.13375525,1.0402707,1.2521181,0.8841288,1.0953262,-0.26074436,164.0,-0.22578707,0,4
EEFT,Technology,0.61884373,3.0,0.4326089,0.84833056,0.24580896686159845,0.180470970361348,0.12729423802519663,3.0,0.01732281,-0.08666767,-0.168169,-0.2099931,1.2931899,0.89009035,1.0263025,1.0769942,-0.27513468,334.0,-0.25277874,0,6
NXST,Communication Services,0.5954239,3.0,0.4663266,0.7545033,0.23876295084521307,0.180470970361348,0.1390374331550802,3.0,0.038798086,-0.05012652,-0.070684716,-0.1125088,1.1773843,1.084127,0.39737135,0.6399357,-0.35101137,151.0,-0.20296732,0,6
ADSK,Technology,0.667572,3.0,0.48712113,0.8899316,0.21781067743382682,0.17410305208994145,0.14441679377057073,3.0,0.11014154,0.11218754,0.10899069,0.067166604,1.170399,1.0679162,0.93171567,0.8469088,-0.24935411,274.0,-0.24909453,0,6
BBY,Consumer Cyclical,0.7021163,3.0,0.7782103,0.6083499,0.2415207046674092,0.17410305208994145,0.12729423802519663,3.0,-0.0109128,-0.0018958122,0.07682775,0.035003662,1.0110315,0.8503456,1.0,0.9030698,-0.08236656,13.0,-0.112565145,0,6
ISRG,Healthcare,0.76986516,3.0,0.7046147,0.8502697,0.2294406280667321,0.17410305208994145,0.14706927175843693,3.0,0.081668526,0.1761638,0.041363716,-0.00046037015,0.7238833,0.9335533,1.452815,1.1674234,-0.2848781,431.0,-0.17475703,0,4
KBH,Consumer Cyclical,0.72355,3.0,0.51629,0.9789451,0.2470143076741161,0.17410305208994145,0.10960808627362567,3.0,-0.057267737,-0.0967539,-0.20974901,-0.25157312,1.3276957,1.432868,0.9259779,1.1643423,-0.34399083,515.0,-0.26537213,0,6
KRYS,Healthcare,0.83272004,3.0,1.1226505,0.4754548,0.21427441050799176,0.17410305208994145,0.12211720226843101,3.0,0.02894994,-0.040341493,-0.08757984,-0.12940393,1.2560567,1.0058107,0.9617801,0.65183747,-0.12307288,72.0,-0.14796238,0,4
WEX,Technology,0.5487049,3.0,0.59062535,0.49704862,0.23876295084521307,0.17410305208994145,0.10960808627362567,3.0,0.01969241,-0.09261699,0.077216126,0.035392035,0.9576466,1.1765598,0.8109946,0.7489439,-0.15163596,33.0,-0.17018448,0,5
CYTK,Healthcare,0.6767364,3.0,0.68499905,0.6665548,0.23081335321785015,0.17266455342159234,0.10960808627362567,3.0,-0.041006077,-0.1454768,-0.23504375,-0.27686784,1.507174,1.3011385,1.0849714,0.96427536,-0.27905113,72.0,-0.2602276,0,6
BKNG,Consumer Cyclical,0.8078889,3.0,0.6364721,1.0191164,0.21637426900584794,0.17037256645913626,0.14030197444831585,3.0,0.008300792,-0.0780289,-0.085738234,-0.12756233,1.1309315,1.1216832,0.39596495,0.5821567,-0.26485968,318.0,-0.27130663,0,6
WYNN,Consumer Cyclical,0.64772505,3.0,0.34730357,1.0179178,0.26032171581769437,0.16993464052287577,0.1390374331550802,3.0,-0.009620397,-0.15007913,-0.22440049,-0.2662246,1.1832678,1.528922,0.6145366,1.1974957,-0.43123737,214.0,-0.28281766,0,6
DOCU,Technology,0.68895316,3.0,0.6856468,0.69302744,0.21781067743382682,0.16993464052287577,0.1168421052631579,3.0,0.029995648,0.08024314,0.42530587,0.38348177,0.86662006,0.7940557,0.70731354,0.9619887,-0.02816513,460.0,-0.118771076,0,4
HOG,Consumer Cyclical,0.86463916,3.0,0.84291875,0.89140403,0.20214098622024826,0.16191307722157547,0.10960808627362567,3.0,0.09572303,0.004620013,0.06674112,0.024917033,1.1641569,0.79148597,0.45324892,0.76290435,-0.047994528,640.0,-0.13743407,0,6
DECK,Consumer Cyclical,0.82847303,3.0,0.6900418,0.9990542,0.2294406280667321,0.16151318560957112,0.10363280847998353,3.0,0.047649097,0.03768155,-0.23107609,-0.2729002,1.0871764,1.332348,1.0091257,0.8340858,-0.31461883,425.0,-0.28909472,0,5
ROIV,Healthcare,0.86880976,3.0,1.2995484,0.33803448,0.20214098622024826,0.15914412595882121,0.10960808627362567,3.0,-0.007838818,-0.13434294,0.02694872,-0.014875366,0.9798692,1.06387,1.060144,0.9536972,-0.15235595,22.0,-0.18177475,0,4
CMG,Consumer Cyclical,0.6255006,3.0,0.47115847,0.81568784,0.1783293724144002,0.15847418204372773,0.1168421052631579,3.0,-0.023794822,-0.12565736,-0.13759215,-0.17941624,1.2909548,0.91963285,2.05426,0.746371,-0.2542493,579.0,-0.20119418,0,6
CNC,Healthcare,0.53810465,3.0,0.8554772,0.14702402,0.1882403366583541,0.15847418204372773,0.10773851869417438,3.0,0.037625004,-0.0006116348,-0.04290526,-0.08472935,0.96393096,0.8113757,0.45087343,1.0588224,-0.058348984,19.0,-0.12130819,0,6
LVS,Consumer Cyclical,0.68307817,3.0,0.44273832,0.97923565,0.2527125290288197,0.15847418204372773,0.10363280847998353,3.0,-0.001656124,-0.15093897,-0.20695065,-0.24877474,1.0,1.0931842,0.81535053,0.9826218,-0.4703729,215.0,-0.27734765,0,6
LAD,Consumer Cyclical,0.67693174,3.0,0.6376138,0.725381,0.22400346620450606,0.15847418204372773,0.10773851869417438,3.0,-0.056958117,-0.20731942,-0.08547724,-0.12730134,1.0708237,1.1290381,0.92154723,1.3914553,-0.3197772,51.0,-0.3265035,0,6
LEN,Consumer Cyclical,0.8136302,3.0,0.53645307,1.1551802,0.23081335321785015,0.1507409299948901,0.1168421052631579,3.0,-0.032845814,-0.009132581,-0.068220966,-0.11004505,2.1176221,1.9969689,1.1287603,1.2683929,-0.41103503,515.0,-0.15581766,0,6
BSY,Technology,0.7131449,3.0,0.48256588,0.9972747,0.20214098622024826,0.14961616794610685,0.1168421052631579,3.0,0.085014015,0.13054073,0.103835024,0.062010933,0.9658525,0.991146,1.2082319,1.4338943,-0.32563418,303.0,-0.17807859,0,6
EXPE,Consumer Cyclical,0.71566784,3.0,0.87123686,0.5239687,0.20214098622024826,0.1318589609847695,0.08902516388242757,3.0,0.034792457,-0.009607063,0.033826437,-0.007997652,0.807709,1.0797949,1.1028184,0.66659874,-0.19023585,33.0,-0.23559356,0,4
ARE,Real Estate,0.76220477,3.0,0.5024347,1.0823051,0.16739916007422592,0.12161541991739333,0.09525208027410671,3.0,-0.03926537,-0.067872874,-0.039180104,-0.081004195,1.2376382,0.9438108,0.63519603,0.7201631,-0.38045415,1198.0,-0.18545082,0,6
APPF,Technology,0.84444845,3.0,0.7345041,0.9799267,0.1882403366583541,0.12008709853021228,0.1168421052631579,3.0,-0.0037936852,-0.0173017,0.123957776,0.08213369,1.1250014,0.9012744,0.2981002,1.1683519,-0.22900942,298.0,-0.16491108,0,4
VAL,Energy,0.6598411,3.0,0.97615176,0.270069,0.1609052474508829,0.12008709853021228,0.08833147067345501,3.0,0.06710042,-0.024034508,0.05127563,0.009451542,0.6661272,1.2497318,1.2135587,0.84978616,-0.26247573,100.0,-0.15272371,0,3
THO,Consumer Cyclical,0.7845888,3.0,0.48132905,1.1582791,0.1795727636849132,0.11879049676025918,0.0774033398525651,3.0,-0.08166792,-0.113039896,-0.11242357,-0.15424766,1.267308,1.3425529,1.5485772,1.1188378,-0.46193945,171.0,-0.21448775,0,5
WLK,Basic Materials,0.53743124,3.0,0.3967284,0.71081156,0.21350931677018634,0.11879049676025918,0.06728743288248487,3.0,-0.019055104,-0.1302709,-0.17540292,-0.21722701,1.3780109,0.7020795,1.3567799,1.0504534,-0.48858204,129.0,-0.23365042,0,6
EFX,Industrials,0.6360694,3.0,0.34074193,0.9999851,0.18575264571157796,0.11691433566433566,0.08833147067345501,3.0,0.041285705,-0.13246843,-0.15299655,-0.19482064,1.1975936,1.2225634,0.09089122,1.1493092,-0.3693487,519.0,-0.29282954,0,6
ADBE,Technology,0.4940855,3.0,0.28714707,0.7490842,0.14621072088724582,0.10784734133790738,0.06728743288248487,3.0,0.019268803,-0.026363371,0.05056157,0.008737482,0.8223666,1.0050433,0.2375963,1.0104167,-0.32685947,673.0,-0.21100451,0,4
CVLT,Technology,0.6944703,3.0,0.665458,0.7302205,0.15483799867754025,0.10784734133790738,0.07661779296659686,3.0,0.0463801,0.19536296,0.057854064,0.016029976,1.0186028,0.88383836,1.3154207,1.0272574,-0.10916612,266.0,-0.2226748,0,4
GPK,Consumer Cyclical,0.8226843,3.0,0.36592636,1.3855218,0.140072463768116,0.10735271960222992,0.0695794775682324,3.0,-0.04897487,-0.10036115,-0.18616481,-0.2279889,1.324231,1.1731023,0.56096965,0.86290884,-0.5204949,515.0,-0.30185053,0,6
PLNT,Consumer Cyclical,0.59926945,3.0,0.22521305,1.0601984,0.16739916007422592,0.09357504665422554,0.0508336722244815,3.0,0.13133694,-0.040016007,-0.049900997,-0.09172509,1.2281618,1.4653744,1.3927766,1.1443387,-0.5714924,307.0,-0.28432587,0,6
CHWY,Consumer Cyclical,0.5608157,3.0,0.16684155,1.0462883,0.140072463768116,0.09326145552560647,0.060089686098654706,3.0,0.04292794,-0.101043604,-0.067421205,-0.10924529,0.9487367,1.293244,0.26819408,0.74807835,-0.515593,337.0,-0.28230056,0,6
WDAY,Technology,0.5836077,3.0,0.4700543,0.72353315,0.1436416767432487,0.08369528900768461,0.060089686098654706,3.0,0.0024175188,0.008104166,0.28798234,0.24615826,0.5925387,0.5288961,0.66334796,0.7159885,-0.2404852,658.0,-0.13143593,0,3
OLN,Basic Materials,0.52281207,3.0,0.2681826,0.8365779,0.18575264571157796,0.08187134502923976,0.0508336722244815,3.0,-0.06352197,-0.13980353,-0.2878515,-0.3296756,1.5904113,1.1660614,1.2548851,0.90481997,-0.49672192,129.0,-0.3786328,0,6
CRM,Technology,0.832698,3.0,0.7941226,0.88023233,0.14621072088724582,0.07888212756366914,0.06728743288248487,3.0,-0.023690816,-0.055419292,0.34057412,0.29875004,0.5128675,0.89914197,0.72467154,1.0654118,-0.13345204,462.0,-0.14928313,0,4
MOS,Basic Materials,0.51946974,3.0,0.19630493,0.91768783,0.12,0.07888212756366914,0.060089686098654706,3.0,-0.11058377,-0.26220474,-0.15290761,-0.1947317,1.5125724,1.1407071,0.924634,1.2360307,-0.41901046,320.0,-0.2876506,0,6
DOCS,Healthcare,0.76033217,3.0,0.30438575,1.3221697,0.10961255517410495,0.0737483761367043,0.034482758620689655,3.0,0.09201574,0.23431814,0.36832654,0.32650247,1.1605898,0.9544239,1.2893282,1.1689495,-0.57971615,418.0,-0.11715325,0,3
DUOL,Technology,0.7943745,3.0,0.35614866,1.334376,0.10057273768613975,0.0737483761367043,0.05550822465430238,3.0,0.039162636,0.032791365,0.13283968,0.091015585,0.71413183,0.6179602,0.4276814,0.8268127,-0.560455,353.0,-0.15438864,0,4
KD,Technology,0.6866992,3.0,0.29430416,1.1702259,0.12284309342869913,0.06351721158000863,0.037121684327169474,3.0,0.01643595,-0.07334387,-0.04626621,-0.0880903,1.1240655,1.1215923,0.51674104,0.6841815,-0.6051747,421.0,-0.23553438,0,6
TECH,Healthcare,0.92775875,4.0,1.00071,0.83786505,0.5860113421550094,0.4330459770114943,0.31909581260601905,1.0,0.00082869554,0.005271882,0.016539315,-0.025284773,0.96882325,1.3247652,1.1102781,0.107685804,-0.002065852,10.0,-0.0072102,0,6
JPM,Financial,0.92895025,4.0,0.918733,0.9415405,0.4530788457168825,0.3670163454501097,0.31295602445277076,1.0,0.0068333056,-0.053481013,0.00036250413,-0.041461583,0.952055,0.88077503,0.7406863,0.7886801,-0.08359917,41.0,-0.09406327,0,6
TROW,Financial,1.0067444,4.0,0.95417225,1.0715262,0.41490550971519835,0.3670163454501097,0.30436847103513776,1.0,0.0051615457,-0.010058475,-0.06319216,-0.10501625,1.1317774,0.88866174,0.64852774,0.5715957,-0.12501472,52.0,-0.14797935,0,6
FNB,Financial,0.8779522,4.0,0.86028993,0.89971644,0.44044936261814266,0.3670163454501097,0.2954040662907912,1.0,-0.022349644,-0.06571746,-0.09231219,-0.13413627,1.2638621,0.94631445,1.4515021,0.8891698,-0.11839253,60.0,-0.11839253,0,6
RJF,Financial,0.8885582,4.0,0.8069676,0.9890977,0.44044936261814266,0.3560079443892751,0.31909581260601905,1.0,0.0010745096,-0.08417512,-0.048250724,-0.090074815,0.990714,0.89388704,1.0076443,0.9713695,-0.12284409,41.0,-0.1291024,0,6
PNFP,Financial,0.89913285,4.0,0.8617841,0.94515574,0.4178307854507116,0.3482297403619197,0.2879742723492724,1.0,-0.021854496,-0.05194676,-0.056983806,-0.09880789,1.443473,0.8634778,0.869563,0.7359007,-0.1338747,47.0,-0.14216828,0,6
FITB,Financial,0.91429615,4.0,0.95345104,0.86604774,0.42556065928127523,0.3440052538685711,0.2666594781108475,1.0,-0.00452132,-0.061900627,-0.10701735,-0.14884144,1.6998833,1.0649594,0.58257127,0.91067266,-0.13995704,60.0,-0.14878845,0,6
AME,Industrials,0.9430985,4.0,1.0483239,0.8134351,0.4525699414443721,0.3319885145204084,0.28300418328631194,1.0,-0.013297308,0.062765785,0.07256466,0.030740572,0.9347877,1.1589272,0.51913786,1.0415033,-0.037048332,41.0,-0.10521423,0,6
AMP,Financial,0.9458143,4.0,0.8955462,1.007757,0.3900777489818585,0.3319885145204084,0.28300418328631194,1.0,0.019555531,-0.09578526,-0.03117588,-0.07299997,1.1257824,1.0483336,0.91736066,0.83082104,-0.12295855,40.0,-0.14987384,0,6
TDY,Technology,1.0644252,4.0,1.0077366,1.1342796,0.36398150065576035,0.3319885145204084,0.2760609613130127,1.0,-0.0056872657,0.028767766,-0.016381405,-0.058205493,0.62560284,0.8423431,0.57456636,0.6012926,-0.11231016,44.0,-0.13897006,0,5
KEY,Financial,0.8895518,4.0,0.9017156,0.87456316,0.41490550971519835,0.329136690647482,0.25716969317470256,1.0,-0.005478118,-0.08099403,-0.1317288,-0.17355289,1.3105857,1.1048859,0.70995027,0.7159915,-0.15959743,60.0,-0.16548906,0,6
DOV,Industrials,0.9414823,4.0,0.95607316,0.92350274,0.35477046752697267,0.3272911506417473,0.24361062390378355,1.0,-0.004533716,0.0077921054,-0.11639385,-0.15821794,0.62652075,1.130001,0.40319496,0.6718733,-0.18464607,160.0,-0.14218642,0,6
AXP,Financial,1.0232748,4.0,0.9250559,1.1443045,0.37838986653064693,0.3159725114535609,0.24435455616778676,1.0,0.017801752,-0.039100677,-0.13051938,-0.17234346,1.0971366,1.2291118,0.2637491,0.7171293,-0.19281062,207.0,-0.16486438,0,6
TT,Industrials,0.98756254,4.0,0.98623574,0.98919743,0.36398150065576035,0.3159725114535609,0.26328462304882116,1.0,0.028173584,0.08446451,-0.0037348277,-0.045558915,1.3306483,0.91447264,1.4537811,0.93695116,-0.05035621,74.0,-0.12662843,0,5
WTS,Industrials,1.0003791,4.0,1.0627751,0.92349184,0.3735615732524188,0.3159725114535609,0.2511399508944229,1.0,-0.028506916,0.0070233294,0.018766556,-0.02305753,1.1916897,0.94377184,0.33620536,0.8492728,-0.09918004,44.0,-0.1134309,0,6
CRBG,Financial,1.3595976,4.0,1.3211038,1.4070314,0.3986279111753024,0.3137466598288753,0.2105946507400675,1.0,0.0017631906,0.0045380467,0.11405297,0.072228886,1.1155343,1.103342,0.9817158,0.7562596,-0.030707935,3.0,-0.077703774,1,5
MLI,Industrials,1.0471829,4.0,1.095273,0.98792416,0.35477046752697267,0.3137466598288753,0.25716969317470256,1.0,-0.029571647,0.009142275,0.0786537,0.036829617,0.87744987,1.114772,0.5649301,0.511865,-0.13313417,106.0,-0.13522944,0,6
VLY,Financial,0.9077994,4.0,0.94944507,0.8564818,0.3986279111753024,0.3137466598288753,0.23365877875227536,1.0,-0.01560061,-0.08150853,-0.1256971,-0.1675212,0.88982594,1.0735197,1.2969373,0.91528374,-0.1625341,60.0,-0.17182456,0,6
ZION,Financial,0.9656765,4.0,0.97975886,0.94832355,0.3900777489818585,0.3137466598288753,0.2511399508944229,1.0,-0.010764549,-0.084931895,-0.10588591,-0.14771,0.9351978,0.92806405,0.82475823,0.7379404,-0.14186506,60.0,-0.14969255,0,6
BEN,Financial,1.1987956,4.0,1.3097328,1.0620939,0.36398150065576035,0.2999002465603885,0.24435455616778676,1.0,-0.024687637,-0.039615836,-0.0153357275,-0.057159815,1.2100332,1.0248407,0.25821587,0.885169,-0.096266985,47.0,-0.096266985,0,5
CFG,Financial,1.0266248,4.0,1.0822333,0.9581017,0.36398150065576035,0.2999002465603885,0.24361062390378355,1.0,-0.0118141165,-0.087031424,-0.09063767,-0.13246176,1.1629931,0.9979912,0.915921,0.8296302,-0.14933766,39.0,-0.1560284,0,5
GRMN,Technology,0.9036135,4.0,0.87952787,0.93329287,0.36398150065576035,0.2999002465603885,0.2178826785576997,1.0,-0.045525745,-0.01028965,0.10586256,0.06403847,0.9207293,0.9387325,1.7016598,1.0885966,-0.13973948,43.0,-0.13973948,0,6
WAB,Industrials,0.9246136,4.0,1.0646247,0.7520857,0.36398150065576035,0.2999002465603885,0.24435455616778676,1.0,-0.0073381644,0.018410832,0.09531791,0.05349382,0.89092433,0.98202175,1.7131299,0.9158929,-0.065618224,52.0,-0.095276974,0,6
WFC,Financial,0.8884706,4.0,0.86427176,0.9182894,0.32377685502798326,0.2999002465603885,0.2511399508944229,1.0,0.038533326,-0.06595857,-0.04152296,-0.083347045,1.0286233,0.91990364,1.6330448,0.9171877,-0.11893933,191.0,-0.11341231,0,6
COLB,Financial,1.0507631,4.0,1.0592622,1.0402902,0.36398150065576035,0.2999002465603885,0.25716969317470256,1.0,-0.019017953,-0.055592544,-0.102057345,-0.14388144,0.9804129,0.97235537,0.63090897,0.62884176,-0.14560533,60.0,-0.14891812,0,6
DCI,Industrials,0.9847664,4.0,0.9449514,1.0338284,0.33432536365156323,0.2999002465603885,0.2562924924056125,1.0,-0.019402158,-0.01417555,-0.023063546,-0.064887635,1.0291826,0.9455679,0.736379,0.68545103,-0.20608392,166.0,-0.12445039,0,6
JCI,Industrials,1.0560572,4.0,1.2015159,0.8768165,0.3581911939706466,0.2972691265374192,0.2511399508944229,1.0,0.0076804715,0.10553026,0.09692756,0.05510347,0.9351299,0.7811954,1.1779957,1.1740433,-0.008314387,3.0,-0.109847546,0,5
BNY,Financial,0.8880568,4.0,0.99826133,0.75225794,0.3785541246971822,0.29680304344924247,0.24361062390378355,1.0,-0.0185006,-0.12227068,-0.05283255,-0.09465664,0.99407834,1.0874759,0.8361697,0.6957713,-0.13425134,24.0,-0.13425134,0,5
ASH,Basic Materials,0.960065,4.0,1.1402904,0.7379833,0.36398150065576035,0.29680304344924247,0.24361062390378355,1.0,0.015103612,-0.0018387166,0.076706894,0.03488281,0.94380254,0.9052723,0.4908474,0.8003807,-0.07159556,44.0,-0.10645843,0,6
EQH,Financial,1.3600876,4.0,1.3080359,1.424228,0.3986279111753024,0.2920562647369704,0.23265998795642415,1.0,0.005319126,0.0060836445,0.11412741,0.072303325,0.85834616,0.91167194,0.88705903,0.7559529,-0.02899086,3.0,-0.08174798,0,5
STT,Financial,1.1545615,4.0,1.3088517,0.9644383,0.3735615732524188,0.28879537085744345,0.22723208583471707,1.0,-0.0056831096,-0.080570616,-0.012814528,-0.054638617,1.1263789,0.97387516,0.4138803,0.75640213,-0.094580226,24.0,-0.10125603,0,4
FDX,Industrials,0.90661573,4.0,1.0898618,0.6808118,0.32377685502798326,0.2873212417160795,0.22723208583471707,1.0,0.004649422,-0.060759585,-0.06656732,-0.108391404,0.8418754,0.79756397,0.036867466,0.880993,-0.13701144,40.0,-0.17301485,0,6
PPG,Basic Materials,0.95882946,4.0,0.9227437,1.003296,0.3329872441412044,0.2791533833505118,0.20762670801434246,1.0,-0.011317189,-0.010376049,-0.081108734,-0.12293282,1.0632488,0.89974135,1.2067846,0.42226583,-0.19509195,165.0,-0.12623973,0,5
LECO,Industrials,1.2001798,4.0,1.162908,1.2461077,0.2967955239064088,0.2791533833505118,0.23608717688798783,1.0,-0.048290692,0.043153048,0.042571623,0.00074753736,0.7876973,1.166199,0.947281,0.71896106,-0.11826866,169.0,-0.13463391,0,5
R,Industrials,1.1708491,4.0,1.2400097,1.0856264,0.33742268041237106,0.2791533833505118,0.21299828969872386,1.0,0.005521824,-0.012624185,-0.09717786,-0.13900195,1.1001089,0.8342789,1.6229668,0.68631214,-0.14561354,83.0,-0.17217754,0,5
WAL,Financial,1.3519747,4.0,1.2142168,1.5217263,0.2984235475691766,0.2791533833505118,0.2022744328349593,1.0,-0.027625041,-0.06319377,-0.072562054,-0.11438614,1.6041621,1.1207778,1.4382958,0.8542717,-0.21505548,168.0,-0.1147934,0,5
NTRS,Financial,1.1016877,4.0,1.171677,1.0154436,0.35477046752697267,0.2744969091148234,0.23428386260531434,1.0,-0.01861136,-0.10139428,-0.082052,-0.12387609,1.0537032,1.050532,0.56384796,0.76820964,-0.11733744,38.0,-0.11749494,0,6
TNL,Consumer Cyclical,0.88098294,4.0,0.8752445,0.88805413,0.3065158958198164,0.2744969091148234,0.20368684569868,1.0,-0.0047679474,-0.033050604,-0.13496011,-0.1767842,0.95057195,1.0763582,0.43678,0.50727856,-0.19439365,52.0,-0.20597212,0,6
DD,Basic Materials,1.224415,4.0,1.3049814,1.1251376,0.2967955239064088,0.26018155053974473,0.20762670801434246,1.0,0.0001539027,0.021049326,-0.015739972,-0.057564057,0.63200146,0.6189575,2.2166662,0.5917582,-0.14861171,166.0,-0.15290213,0,5
J,Industrials,0.9183121,4.0,0.79956573,1.0646366,0.2967955239064088,0.26018155053974473,0.23265998795642415,1.0,0.007895092,-0.009820002,0.10233465,0.06051056,0.9473946,0.85542643,0.45089248,0.8551777,-0.14477944,243.0,-0.10994863,0,6
SF,Financial,1.1561444,4.0,1.0447553,1.293403,0.3118384855690773,0.26018155053974473,0.21013916500994037,1.0,0.00085369323,-0.117329724,-0.060674094,-0.10249818,1.0515283,1.1024915,0.720828,0.6076652,-0.19709408,191.0,-0.18306953,0,5
BLK,Financial,1.2960223,4.0,1.1651795,1.4572529,0.3329872441412044,0.2596041909196742,0.24361062390378355,1.0,0.021479204,0.018815879,0.0546595,0.012835411,0.76003474,0.778073,0.74574673,1.1899166,-0.0807163,247.0,-0.11859339,0,5
PCAR,Industrials,0.9094701,4.0,0.92749476,0.8872593,0.32377685502798326,0.25371711780404127,0.19542436605071595,1.0,-0.014952584,-0.1185445,-0.12823053,-0.17005461,1.0801703,1.1387691,1.7434804,0.7090096,-0.21622112,52.0,-0.22478145,0,6
ALLY,Financial,1.2324913,4.0,1.1352191,1.3523545,0.32938304257158857,0.25371711780404127,0.18959478132330732,1.0,-0.008441037,-0.10860797,-0.16110013,-0.20292422,1.2596022,1.2449094,0.779172,0.6369602,-0.1989172,72.0,-0.195948,0,5
MSFT,Technology,1.0307009,4.0,0.9794068,1.0939077,0.282001988730527,0.2518740629685158,0.22723208583471707,1.0,0.03389171,0.08656893,0.3710767,0.32925263,0.83979726,0.68917596,1.172924,0.8309903,-0.0047920267,238.0,-0.051480338,1,6
IRM,Real Estate,1.0204847,4.0,1.0214102,1.0193442,0.301939878572486,0.25158243497181304,0.1972342264477096,1.0,0.009877439,0.022141274,-0.05696047,-0.09878456,0.9042567,0.99684185,1.2733108,0.883337,-0.13272396,76.0,-0.13924482,0,5
SYF,Financial,1.2065195,4.0,1.1459436,1.2811638,0.2762838801711841,0.25158243497181304,0.2022744328349593,1.0,0.01435149,-0.034994688,-0.0013063968,-0.043130483,0.7532167,0.7610474,0.37251085,0.67591363,-0.16683763,191.0,-0.12753089,0,5
ALV,Consumer Cyclical,1.262835,4.0,1.114477,1.4456484,0.34748067563698826,0.25158243497181304,0.17547829664678044,1.0,-0.018685708,-0.09416519,-0.093022645,-0.13484673,1.5472441,1.0472733,0.81714886,0.90477175,-0.1605863,90.0,-0.12332264,0,5
ITT,Industrials,1.3001654,4.0,1.2776686,1.3278869,0.3021819967726093,0.25158243497181304,0.20762670801434246,1.0,-0.023281774,0.02619375,0.037280846,-0.0045432393,0.8861485,1.0210971,0.724258,1.1519799,-0.08810183,124.0,-0.11623672,0,5
RBC,Industrials,1.156149,4.0,1.2277044,1.0679753,0.2678936605316973,0.25158243497181304,0.1746460370748796,1.0,-0.023042914,0.05359159,-0.13840474,-0.18022883,1.0369061,1.4351984,1.7704221,1.3058823,-0.22378218,74.0,-0.1969562,0,5
AMG,Financial,1.1325724,4.0,1.3258516,0.89440525,0.3065158958198164,0.24688372093023264,0.18959478132330732,1.0,0.042619113,0.092319444,0.07640917,0.03458508,1.2621548,1.006197,0.53405046,1.04399,0.0,0.0,-0.10586492,0,5
TOL,Consumer Cyclical,1.1807563,4.0,1.1110063,1.2667054,0.282001988730527,0.24688372093023264,0.17245366753133107,1.0,-0.025473945,0.0049064704,-0.10138366,-0.14320774,1.2061994,1.028982,0.77300906,0.8938201,-0.19569217,164.0,-0.14973366,0,5
LIVN,Healthcare,1.0121373,4.0,1.1582701,0.83206594,0.282001988730527,0.24035574035574037,0.18959478132330732,1.0,0.017583584,-0.022895893,-0.079416774,-0.12124086,0.79564035,0.91076344,1.1047822,0.79956686,-0.10471723,47.0,-0.124523886,0,5
GE,Industrials,1.2040044,4.0,1.1354784,1.2884454,0.282001988730527,0.2376550525400963,0.1746460370748796,1.0,-0.0028793688,-0.04775977,-0.12662372,-0.1684478,1.04907,0.9412004,0.70738626,0.7260935,-0.1903136,46.0,-0.20234595,0,5
WSM,Consumer Cyclical,1.280418,4.0,1.3337075,1.2147523,0.32377685502798326,0.2376550525400963,0.1746460370748796,1.0,0.04080928,0.08062927,0.11971974,0.07789565,1.216466,1.0413398,1.0251783,0.96080106,-0.039717212,44.0,-0.13337041,0,5
GM,Consumer Cyclical,1.1140251,4.0,1.2682664,0.9239621,0.28377307903235627,0.23518949240662199,0.2022744328349593,1.0,0.05698233,-0.03936367,0.08056688,0.038742796,1.0062757,0.8755282,1.1565647,1.7738008,-0.08193702,52.0,-0.14552343,0,5
HUBB,Industrials,1.298267,4.0,1.2819511,1.3183724,0.301939878572486,0.23518949240662199,0.17245366753133107,1.0,-0.0029651828,0.0479653,-0.0030413854,-0.044865474,1.0957252,0.91026056,0.8660469,0.80579764,-0.14491631,117.0,-0.15344113,0,5
MAS,Industrials,0.9740549,4.0,0.9276964,1.0311798,0.2723742719358679,0.23518949240662199,0.17547829664678044,1.0,0.005705082,0.016410418,-0.09357451,-0.1353986,1.0237168,0.9063894,0.8308074,0.90930367,-0.16574249,69.0,-0.17160667,0,5
VMI,Industrials,1.2483684,4.0,1.2382529,1.260833,0.2984235475691766,0.23518949240662199,0.18959478132330732,1.0,-0.022830749,-0.01770253,-0.1319117,-0.17373578,0.80075514,0.97306794,1.0002463,0.58965874,-0.1959481,74.0,-0.16181712,0,5
COF,Financial,1.3128155,4.0,1.1920784,1.4615934,0.2632299838127257,0.23465563569509262,0.17156422430386245,2.0,0.023315495,-0.037902594,-0.01505442,-0.056878507,0.91570055,0.8346312,0.2773373,0.49704954,-0.21846002,191.0,-0.14774427,0,5
META,Communication Services,1.1356368,4.0,1.080944,1.2030319,0.301939878572486,0.23465563569509262,0.1972342264477096,2.0,-0.01292445,0.11616922,0.095179416,0.053355332,0.8247893,1.2701496,0.33594337,1.0805587,-0.075772636,11.0,-0.20883295,0,5
AVNT,Basic Materials,1.0844287,4.0,1.1307998,1.0272881,0.282001988730527,0.23465563569509262,0.19542436605071595,2.0,-0.08209855,-0.08818914,0.06946163,0.027637541,0.9791851,0.9554656,0.87221795,0.5295469,-0.17909473,39.0,-0.17909473,0,5
AVTR,Healthcare,0.8801691,4.0,0.94507307,0.8001916,0.2762838801711841,0.23465563569509262,0.16443648699585375,2.0,0.02151238,0.053091396,0.48390147,0.44207737,0.9994014,0.9959393,1.326215,0.86483413,-0.011979797,16.0,-0.08344922,0,4
RBA,Industrials,1.0583109,4.0,0.874911,1.2843045,0.23876295084521307,0.23465563569509262,0.17245366753133107,2.0,0.04836345,0.065805756,-0.20777465,-0.24959874,1.1355646,1.4323708,1.4693376,0.643546,-0.2745258,167.0,-0.30768636,0,6
HWM,Industrials,1.0582292,4.0,1.0853175,1.0248499,0.28779899056396746,0.23412774070543374,0.18959478132330732,2.0,-0.025986983,-0.011627437,-0.16923885,-0.21106294,1.0838097,1.1401861,0.8164298,0.87574434,-0.23027508,37.0,-0.2395011,0,4
NUE,Basic Materials,0.99348974,4.0,1.277787,0.64316607,0.24580896686159845,0.23124813440791436,0.16701208981001725,2.0,0.041349486,-0.017753053,0.07693054,0.035106447,0.9199481,0.7586859,1.5249679,1.2081397,-0.086682566,46.0,-0.14717394,0,6
XYL,Industrials,0.9439356,4.0,0.6718021,1.2792705,0.2967955239064088,0.23124813440791436,0.1810889645114244,2.0,0.009038198,-0.036039453,-0.14940287,-0.19122696,1.112123,1.3473046,0.78259593,0.4151546,-0.31906003,237.0,-0.19182837,0,6
LEA,Consumer Cyclical,1.1710074,4.0,1.198165,1.1375426,0.2967955239064088,0.23124813440791436,0.17547829664678044,2.0,-0.02333471,-0.07673653,-0.12224263,-0.16406672,0.9794614,1.1050848,0.50166404,1.2565043,-0.20123367,52.0,-0.20123367,0,4
BA,Industrials,1.3523908,4.0,1.1619937,1.5870064,0.32938304257158857,0.22825784940261185,0.16701208981001725,2.0,-0.01648069,-0.07045902,-0.11665352,-0.1584776,1.1030916,1.4807696,0.7744942,1.1906844,-0.2450129,179.0,-0.23231609,0,5
CARR,Industrials,1.0685247,4.0,0.9709555,1.1887538,0.2678936605316973,0.22825784940261185,0.16996766370250607,2.0,0.0079826275,-0.019067762,-0.18729343,-0.22911751,0.6772795,1.014164,1.1802429,0.7361764,-0.2663185,498.0,-0.22486016,0,5
AXTA,Basic Materials,1.2066635,4.0,1.2232604,1.186212,0.2967955239064088,0.22825784940261185,0.16701208981001725,2.0,0.013354046,-0.0408583,0.017461846,-0.024362242,1.2534562,0.7290017,1.1357789,0.8631208,-0.14558779,44.0,-0.166012,0,5
CSCO,Technology,1.2599242,4.0,1.4848791,0.9827246,0.2617673179396092,0.22084942084942086,0.17245366753133107,2.0,0.055169363,0.106189094,-0.003363011,-0.045187097,1.0,0.89409363,2.2180119,0.9285817,-0.08235715,88.0,-0.14086208,0,4
RL,Consumer Cyclical,1.2085583,4.0,1.2041851,1.2139472,0.27049180327868855,0.22084942084942086,0.1551202420767638,2.0,0.021768456,0.10594411,-0.0057458836,-0.04756997,0.7881312,0.9779858,0.76452583,0.7691341,-0.09897804,75.0,-0.18140043,0,5
FERG,Industrials,1.0928191,4.0,0.9866204,1.2236818,0.2762838801711841,0.22057274207451394,0.2016271186440678,2.0,-0.014731601,-0.004208752,-0.052871313,-0.0946954,0.8403925,0.99111825,0.66524273,0.58400875,-0.17182215,112.0,-0.18470176,0,5
IDXX,Healthcare,0.88463324,4.0,0.71811056,1.0898298,0.23876295084521307,0.22057274207451394,0.16996766370250607,2.0,-0.0007523576,0.022644268,-0.08190216,-0.12372625,1.1721736,0.90888524,1.2400051,0.97005683,-0.32435957,218.0,-0.15284678,0,6
MAT,Consumer Cyclical,0.9399094,4.0,0.85212284,1.0480839,0.2415207046674092,0.22057274207451394,0.17245366753133107,2.0,0.0929928,0.20854454,0.20592488,0.1641008,2.8685822,1.5088656,0.9450156,0.924724,-0.24684113,189.0,-0.1800518,0,6
ABNB,Consumer Cyclical,1.1387036,4.0,1.25276,0.998158,0.2527125290288197,0.21203811294445735,0.16996766370250607,2.0,0.02117837,-0.010617351,0.13353375,0.09170966,0.8580316,0.87158823,1.3009098,1.0162061,-0.12929137,32.0,-0.21480314,0,4
IR,Industrials,1.2528906,4.0,1.1500524,1.3796124,0.26032171581769437,0.21203811294445735,0.16273073542338118,2.0,0.03523071,0.07743883,0.002655182,-0.039168905,0.9735436,1.4550949,0.8717551,0.8221777,-0.2020263,163.0,-0.20603482,0,5
CART,Consumer Cyclical,0.9364622,4.0,1.0040121,0.8532242,0.2617673179396092,0.21203811294445735,0.16273073542338118,2.0,0.079321995,0.011007549,-0.010770516,-0.052594602,0.86799103,0.9105982,1.8741213,0.5538007,-0.07763616,33.0,-0.17033604,0,6
MIDD,Industrials,1.0122082,4.0,0.9356251,1.1065773,0.2762838801711841,0.21203811294445735,0.1551202420767638,2.0,0.013196875,0.0021755176,-0.21471985,-0.25654393,1.0414407,0.7810325,0.4809903,0.7740057,-0.26509017,68.0,-0.26005185,0,5
VC,Consumer Cyclical,1.1845789,4.0,0.9462582,1.4782481,0.2984235475691766,0.21203811294445735,0.14030197444831585,2.0,-0.037625283,-0.15045741,-0.17185825,-0.21368234,0.9496124,1.067637,0.92407143,0.62436837,-0.3079435,274.0,-0.20767139,0,5
VNT,Technology,1.1322455,4.0,0.9329209,1.3778622,0.2617673179396092,0.21203811294445735,0.16273073542338118,2.0,0.018319704,0.031350013,0.09968765,0.057863567,1.1127363,1.0636157,0.6507916,0.8498564,-0.2516435,284.0,-0.12319136,0,5
M,Consumer Cyclical,1.1379231,4.0,1.2391624,1.0131716,0.2470143076741161,0.20904836193447737,0.1512546670139793,2.0,-0.0026396597,0.11533744,0.0037057942,-0.03811829,1.1861687,1.0749998,0.3534805,0.78557694,-0.12764521,47.0,-0.21785572,0,5
GMED,Healthcare,0.9723394,4.0,1.0622507,0.8615466,0.2470143076741161,0.20864748972663927,0.17245366753133107,2.0,-0.012566097,0.01481789,-0.06394982,-0.10577391,1.152241,1.1484272,1.0543694,0.8406668,-0.2289816,120.0,-0.16991165,0,6
H,Consumer Cyclical,0.9934579,4.0,0.9973154,0.9887045,0.2527125290288197,0.20864748972663927,0.1551202420767638,2.0,0.019131584,0.0034079128,-0.1225806,-0.16440469,0.8224022,1.0144873,1.087161,0.9297236,-0.19799633,78.0,-0.18955493,0,6
HXL,Industrials,0.999814,4.0,1.0883543,0.89071065,0.2617673179396092,0.20864748972663927,0.16273073542338118,2.0,-0.016780518,-0.054108225,-0.14205529,-0.18387938,0.99878633,0.84587884,0.6332297,0.47934258,-0.22825429,54.0,-0.23788291,0,4
MOG-A,Industrials,1.161914,4.0,1.3938406,0.8761238,0.2527125290288197,0.20864748972663927,0.1551202420767638,2.0,-0.07547174,-0.009898573,-0.073099054,-0.11492314,1.2082158,1.2262969,1.0,1.1442599,-0.1847636,38.0,-0.2015133,0,4
BAX,Healthcare,1.0123523,4.0,1.0107125,1.014373,0.2527125290288197,0.1971421651731654,0.1551202420767638,2.0,0.036611352,0.0070306067,0.07928196,0.037457876,1.0614911,0.9346512,1.3673496,0.50542045,-0.14076212,47.0,-0.19545697,0,5
CNM,Industrials,1.1993855,4.0,0.97461694,1.4763553,0.282001988730527,0.19676057944564843,0.14441679377057073,2.0,-0.024183799,-0.012239902,-0.09812255,-0.13994664,1.2270708,1.1368059,0.80214983,0.53330606,-0.31714338,275.0,-0.1346773,0,5
CSL,Industrials,1.1844456,4.0,1.1012076,1.2870152,0.2364019328459918,0.19676057944564843,0.17245366753133107,2.0,-0.027266689,-0.02844667,-0.0351511,-0.07697519,1.0968794,1.1451168,0.60142815,1.00303,-0.22761145,498.0,-0.19162026,0,5
CBRE,Real Estate,1.0876333,4.0,0.9318449,1.2796026,0.2364019328459918,0.19295174303546966,0.1551202420767638,2.0,0.009415043,-0.05210524,-0.052379888,-0.09420397,1.1661137,1.1786692,0.60726,0.9925086,-0.23780663,175.0,-0.17740381,0,6
NVST,Healthcare,1.0196875,4.0,1.0273135,1.0102905,0.2527125290288197,0.19295174303546966,0.14207424258091195,2.0,-0.019607805,-0.11093934,-0.122806996,-0.16463108,0.90433675,1.0433124,0.8228397,1.0497469,-0.23992069,166.0,-0.2086381,0,4
WMS,Industrials,1.3651994,4.0,1.2128478,1.5529339,0.282001988730527,0.19295174303546966,0.14030197444831585,2.0,-0.011628787,-0.01077385,-0.14662223,-0.18844631,1.2573617,1.0747787,0.34972548,0.5480532,-0.27990878,169.0,-0.17031364,0,5
DG,Consumer Defensive,0.90141416,4.0,1.0153288,0.7610435,0.21781067743382682,0.19179677548495105,0.1551202420767638,2.0,0.07501461,0.03961496,0.035825033,-0.005999055,0.79955935,0.8065014,1.1209127,1.1141163,-0.17355494,155.0,-0.10719926,0,6
FFIV,Technology,1.0411525,4.0,1.1743122,0.87706697,0.2527125290288197,0.19179677548495105,0.1512546670139793,2.0,0.056801114,0.2041507,0.13987403,0.09804994,0.96321666,0.7830816,0.6507466,1.2081763,0.0,0.0,-0.12398553,0,4
ARW,Technology,1.3301709,4.0,1.6099626,0.9853991,0.23876295084521307,0.19179677548495105,0.12926525529265254,2.0,-0.05830338,0.06774733,0.12944789,0.087623805,0.83580905,0.8537849,0.560223,1.1319982,-0.05830338,5.0,-0.11345369,0,3
SLM,Financial,1.2016319,4.0,1.0515792,1.3865334,0.2364019328459918,0.19179677548495105,0.1551202420767638,2.0,-0.01010987,-0.11962469,-0.09075685,-0.13258094,1.2483869,0.8217544,0.30187052,0.7920614,-0.2570608,318.0,-0.19261289,0,5
ODFL,Industrials,1.1087193,4.0,1.1798594,1.0210576,0.2415207046674092,0.18120740954026301,0.1168421052631579,2.0,0.008255793,0.007864847,-0.21746403,-0.25928813,1.0584722,0.9095841,0.57567185,0.85556084,-0.2672672,85.0,-0.26937088,0,5
HLI,Financial,0.8774021,4.0,0.61107975,1.2055764,0.2527125290288197,0.18120740954026301,0.14207424258091195,2.0,0.029991303,-0.042729996,-0.012623245,-0.05444733,1.1230581,1.3527309,0.65329975,1.5398288,-0.3451989,263.0,-0.15178393,0,6
KNX,Industrials,1.0496731,4.0,1.1960477,0.86930364,0.2470143076741161,0.18120740954026301,0.14030197444831585,2.0,-0.03430199,-0.0660582,-0.13015105,-0.17197514,0.9429922,1.0231521,1.115302,0.7264821,-0.21581712,83.0,-0.17572139,0,4
TXN,Technology,1.3553718,4.0,1.5481366,1.1178385,0.21781067743382682,0.180470970361348,0.12211720226843101,2.0,-0.034240972,0.09628306,-0.04480442,-0.086628504,0.7186066,0.7041142,0.65057266,0.72365737,-0.14170954,77.0,-0.16662702,0,4
BWA,Consumer Cyclical,1.2496605,4.0,1.3913263,1.0750935,0.2415207046674092,0.180470970361348,0.1551202420767638,2.0,0.012888281,-0.06682909,-0.034210365,-0.07603446,1.1011589,1.0567343,0.8817027,0.8124186,-0.20209198,88.0,-0.16115361,0,4
ELAN,Healthcare,1.1462097,4.0,1.1565679,1.1334459,0.23081335321785015,0.180470970361348,0.13887933997937438,2.0,0.035230383,0.0026246484,-0.088305466,-0.13012955,0.85879105,1.0873108,0.572061,0.5721751,-0.14605068,157.0,-0.17724863,0,5
WSO,Industrials,1.1885622,4.0,0.93134856,1.5055122,0.2632299838127257,0.180470970361348,0.10960808627362567,2.0,-0.059064806,-0.09971052,-0.28296015,-0.32478422,1.3533393,1.1679606,0.8871098,0.8446566,-0.3820738,468.0,-0.28582624,0,5
IBM,Technology,0.9582383,4.0,0.81541973,1.1342257,0.2415207046674092,0.18040311315106766,0.12926525529265254,2.0,0.02016711,-0.029441925,-0.2117999,-0.253624,0.6904603,0.9207524,0.29569104,0.5058679,-0.3051687,90.0,-0.11706614,0,6
TRMB,Technology,1.2914476,4.0,1.0320143,1.611133,0.2470143076741161,0.18040311315106766,0.1551202420767638,2.0,0.044680107,0.057178043,0.14916809,0.107343994,0.81397665,1.03801,1.0121768,0.34963566,-0.2805316,304.0,-0.0763731,1,5
VNO,Real Estate,0.9788264,4.0,0.8253282,1.1679738,0.22040958000694202,0.18040311315106766,0.1551202420767638,2.0,-0.0029646747,-0.021530343,-0.12216132,-0.1639854,1.0659194,0.9196478,0.5657936,0.60862947,-0.17795157,479.0,-0.18821806,0,5
EXP,Basic Materials,1.0315521,4.0,0.7584631,1.3680646,0.2527125290288197,0.17410305208994145,0.12729423802519663,2.0,-0.038865566,-0.10255912,-0.19604795,-0.23787203,1.0465399,1.0514634,0.6899966,0.9187004,-0.31558612,468.0,-0.25727218,0,5
JLL,Real Estate,1.1510652,4.0,1.1097771,1.2019422,0.24580896686159845,0.17410305208994145,0.12926525529265254,2.0,-0.022619871,-0.123597175,-0.068582125,-0.11040621,1.347967,1.2056423,1.0,0.7965909,-0.2365641,32.0,-0.24473637,0,6
OC,Industrials,1.3091967,4.0,1.1586125,1.4947532,0.2294406280667321,0.17410305208994145,0.12729423802519663,2.0,-0.035484936,-0.10455718,-0.18652011,-0.2283442,1.25743,0.9373882,1.4483038,1.3161193,-0.2816511,42.0,-0.2816511,0,5
YETI,Consumer Cyclical,1.231334,4.0,1.2565862,1.200217,0.22040958000694202,0.17410305208994145,0.1168421052631579,2.0,-0.026425203,0.008107415,-0.17670186,-0.21852595,0.94287044,1.1410213,0.4525637,1.097798,-0.24468488,43.0,-0.2522779,0,4
GPN,Technology,1.1172382,4.0,1.0234975,1.2327496,0.22400346620450606,0.17266455342159234,0.1390374331550802,2.0,0.04873692,-0.06908274,0.07264454,0.030820452,0.69290423,0.7972744,0.57261527,0.91661483,-0.13073157,40.0,-0.17112823,0,5
ALSN,Consumer Cyclical,1.0591121,4.0,1.1543027,0.9418138,0.2294406280667321,0.17266455342159234,0.13887933997937438,2.0,-0.0687463,-0.13862318,-0.050635472,-0.09245956,1.0347328,0.90537685,1.0728372,1.1090667,-0.18837564,117.0,-0.18104027,0,5
CNH,Industrials,0.98609704,4.0,0.9871283,0.98482615,0.20837927232635062,0.17266455342159234,0.12211720226843101,2.0,-0.15441722,-0.15629627,0.093090236,0.05126615,1.1406766,1.2036226,1.6470987,0.93722206,-0.20902774,24.0,-0.20902774,0,3
SN,Consumer Cyclical,1.2874855,4.0,1.6207904,0.87677234,0.2415207046674092,0.17086481947942903,0.12023247366509258,2.0,0.013200352,0.13777828,0.23492892,0.19310483,0.67398375,0.80534744,0.17119983,0.6704523,-0.04085868,30.0,-0.16623457,0,3
HUM,Healthcare,0.8902843,4.0,1.0895981,0.64468104,0.2415207046674092,0.17037256645913626,0.10960808627362567,2.0,0.11203525,0.07770814,0.0637192,0.021895112,1.8713665,0.7278921,1.8035574,1.3044385,0.0,0.0,-0.11187404,0,6
PNR,Industrials,0.9148496,4.0,0.4347835,1.5064085,0.268566493955095,0.16993464052287577,0.10773851869417438,3.0,-0.010560014,-0.07509252,-0.3113911,-0.35321516,0.83767843,1.3003315,0.3061441,0.4682683,-0.52021384,271.0,-0.307373,0,6
PYPL,Financial,1.2565633,4.0,1.0197767,1.5483422,0.22400346620450606,0.16993464052287577,0.14030197444831585,3.0,0.051704537,0.04164317,0.1682509,0.12642682,1.0396827,0.676369,0.65088123,0.5727666,-0.25875565,433.0,-0.16053194,0,5
LPX,Industrials,0.9975899,4.0,0.7790653,1.2668656,0.21637426900584794,0.16993464052287577,0.12729423802519663,2.0,0.009063041,-0.00045646346,-0.08646959,-0.12829368,1.0909264,1.0942845,0.6454448,0.5806431,-0.32556975,460.0,-0.17447133,0,5
XPO,Industrials,1.2401665,4.0,1.3395563,1.1176941,0.2294406280667321,0.16993464052287577,0.12211720226843101,2.0,-0.014079183,0.0061972407,-0.12403913,-0.16586322,1.1151094,0.9005548,0.5762507,0.7820703,-0.19661073,120.0,-0.2103151,0,5
TPR,Consumer Cyclical,0.9703832,4.0,0.93271655,1.0167978,0.2364019328459918,0.16471423500177493,0.12917933130699086,3.0,-0.015916059,0.0031931915,-0.14287342,-0.18469751,0.9507391,1.0422007,0.6645517,0.65233463,-0.2919005,43.0,-0.32680592,0,4
MGM,Consumer Cyclical,0.9130753,4.0,0.81308705,1.0362853,0.2617673179396092,0.16454396055875106,0.10960808627362567,3.0,-0.039698135,-0.28136507,-0.38039798,-0.42222208,2.2857325,1.258108,1.1157665,1.353522,-0.42256853,91.0,-0.3759062,0,5
CRH,Basic Materials,1.165609,4.0,0.8806069,1.5168012,0.2433234421364985,0.16191307722157547,0.10363280847998353,3.0,-0.004881639,-0.069815226,-0.20293257,-0.24475665,0.94334555,1.094751,0.6736119,0.85544693,-0.3724009,187.0,-0.2254335,0,5
CRL,Healthcare,1.0633906,4.0,1.3376907,0.7253858,0.22040958000694202,0.16151318560957112,0.10960808627362567,3.0,0.039973833,0.10545791,0.31355825,0.27173418,1.3782314,1.1455688,1.1922708,0.8396881,-0.028895907,4.0,-0.086074024,0,4
PII,Consumer Cyclical,1.2199252,4.0,1.073034,1.400931,0.22040958000694202,0.16151318560957112,0.10773851869417438,3.0,-0.03928506,-0.10942355,-0.220836,-0.2626601,1.0372976,0.9436088,0.19935441,0.6039157,-0.3018815,53.0,-0.3018815,0,5
TREX,Industrials,1.1152288,4.0,0.98478913,1.2759624,0.23081335321785015,0.16151318560957112,0.10960808627362567,3.0,0.028007286,0.025417922,-0.02440093,-0.066225015,0.8330823,0.8808176,1.1331319,0.75531614,-0.1573203,638.0,-0.14756395,0,5
STLD,Basic Materials,1.1069587,4.0,1.3253183,0.8378864,0.20214098622024826,0.15914412595882121,0.1110870506712863,3.0,0.027544288,0.00789069,0.020546384,-0.021277703,0.893325,0.77478915,1.2240796,1.1811738,-0.15301795,82.0,-0.18466122,0,4
FIVE,Consumer Cyclical,0.9762061,4.0,1.1216378,0.7969987,0.21781067743382682,0.15914412595882121,0.12729423802519663,3.0,-0.029205691,-0.11003815,0.12112983,0.079305746,1.0744426,1.0117702,1.6444207,1.4924617,-0.18266597,33.0,-0.22259438,0,4
LII,Industrials,1.1187496,4.0,0.8167381,1.4909017,0.2415207046674092,0.15847418204372773,0.10960808627362567,3.0,0.00039296845,-0.039796427,-0.35086352,-0.3926876,0.9408335,1.0393966,1.0973244,0.958842,-0.37552834,468.0,-0.36676505,0,4
RVTY,Healthcare,1.1213034,4.0,1.357188,0.83063585,0.2364019328459918,0.15847418204372773,0.12926525529265254,3.0,0.017488247,0.27484694,0.388504,0.3466799,0.96843946,1.793192,0.9463483,0.97267836,-0.02020849,4.0,-0.07637086,1,5
CRUS,Technology,1.062453,4.0,0.9042609,1.2573845,0.2415207046674092,0.15847418204372773,0.10363280847998353,3.0,-0.118015975,-0.08250344,-0.2705617,-0.31238577,1.0197213,1.2817416,1.7901746,0.8597415,-0.40262714,89.0,-0.2338519,0,5
AVT,Technology,1.3186464,4.0,1.6204267,0.94677955,0.1882403366583541,0.1507409299948901,0.10363280847998353,3.0,-0.07088088,0.068731844,0.17157233,0.12974824,0.9783505,1.3372127,0.513668,1.6317518,-0.07088088,5.0,-0.12541819,0,3
BURL,Consumer Cyclical,0.98329926,4.0,0.9541636,1.0192015,0.21781067743382682,0.1507409299948901,0.10960808627362567,3.0,0.0059199715,0.16354398,-0.1545224,-0.19634649,1.0217662,1.7520918,0.9660779,1.048189,-0.25583708,50.0,-0.38934416,0,6
CXT,Industrials,1.3705235,4.0,1.1117767,1.6893628,0.2294406280667321,0.1507409299948901,0.12729423802519663,3.0,0.034235384,0.0015882833,0.003205895,-0.038618192,0.8151257,0.9146839,0.9909316,0.88310355,-0.24804509,252.0,-0.16874167,0,5
ORA,Utilities,0.94188535,4.0,0.7892954,1.1299134,0.23081335321785015,0.1507409299948901,0.10363280847998353,3.0,-0.04242949,-0.07997934,-0.16658184,-0.20840593,0.89691705,1.1878275,1.0,1.143899,-0.38651007,89.0,-0.22675946,0,6
PVH,Consumer Cyclical,1.087899,4.0,1.0320194,1.1567563,0.23081335321785015,0.1507409299948901,0.10363280847998353,3.0,0.07705547,0.17303534,0.046444345,0.0046202596,0.984,0.9784736,0.46024585,0.38372192,-0.17595106,119.0,-0.22808842,0,5
ALGN,Healthcare,1.3000817,4.0,1.2615048,1.347618,0.23081335321785015,0.14369132127318526,0.09525208027410671,3.0,-0.007165707,-0.05314487,-0.20975685,-0.25158095,1.2402632,0.9146175,0.7964622,0.784281,-0.27745426,804.0,-0.22855884,0,5
IP,Consumer Cyclical,1.0719144,4.0,0.8408451,1.3566483,0.21427441050799176,0.14369132127318526,0.12023247366509258,3.0,0.0046918867,-0.063283816,-0.122005925,-0.16383001,1.0720465,1.0131251,0.23478077,0.5840804,-0.32304665,429.0,-0.27007568,0,5
SW,Consumer Cyclical,1.2728275,4.0,1.1976202,1.3655013,0.20214098622024826,0.14369132127318526,0.12926525529265254,3.0,-0.029384108,-0.02179574,-0.034379758,-0.076203845,0.8610866,0.91019565,0.24689385,0.80036503,-0.18706624,,-0.17979303,0,5
TRU,Financial,1.03596,4.0,0.8784749,1.23002,0.21350931677018634,0.14369132127318526,0.12729423802519663,3.0,0.032156445,-0.14905775,-0.13950752,-0.1813316,1.4347183,1.0363196,0.6478272,1.2240524,-0.25195777,491.0,-0.2865647,0,6
CDW,Technology,1.0010254,4.0,0.9247072,1.0950681,0.20214098622024826,0.1421064788081765,0.09525208027410671,3.0,0.06662169,-0.0030154833,-0.010465816,-0.052289903,0.6815698,0.8499585,0.7909087,1.0238478,-0.089760095,636.0,-0.16735964,0,4
CROX,Consumer Cyclical,1.0743507,4.0,1.2278925,0.8851497,0.18575264571157796,0.1421064788081765,0.10960808627362567,3.0,-0.026335787,0.056510165,-0.11865708,-0.16048117,0.9586679,0.8802583,1.0093571,0.86660796,-0.18563637,47.0,-0.2291947,0,4
GAP,Consumer Cyclical,1.0738478,4.0,1.1190311,1.018171,0.2364019328459918,0.1421064788081765,0.10773851869417438,3.0,0.03963334,0.11918443,0.18192661,0.14010252,0.90876776,0.77628547,0.751804,1.114226,-0.18341155,169.0,-0.14097099,0,5
OLLI,Consumer Defensive,0.95138663,4.0,0.6813928,1.284085,0.1882403366583541,0.1318589609847695,0.10773851869417438,3.0,-0.03094655,0.18645723,0.30613807,0.26431397,1.0424099,1.228364,0.83438015,0.9806747,-0.35769665,296.0,-0.1240813,0,6
FTNT,Technology,1.0959402,4.0,1.5078478,0.5883694,0.21427441050799176,0.12623097582811105,0.08833147067345501,3.0,0.07626418,0.22599933,0.21248914,0.17066506,0.93064433,0.6497696,1.1069007,1.0904846,0.0,0.0,-0.105567805,0,6
APTV,Consumer Cyclical,1.297675,4.0,0.8553631,1.8427114,0.1882403366583541,0.12008709853021228,0.08902516388242757,3.0,0.0059714816,-0.041365713,-0.26050988,-0.30233398,0.76396704,1.1998376,0.618349,0.65980643,-0.5060336,188.0,-0.27575758,0,5
EL,Consumer Defensive,1.3285918,4.0,1.2923635,1.3732338,0.20214098622024826,0.12001705393306332,0.10363280847998353,3.0,0.06610853,0.016378168,0.21236046,0.17053637,1.0,0.7848856,0.83563524,0.8622046,-0.17169687,171.0,-0.14794879,0,5
GEN,Technology,1.0929111,4.0,0.955097,1.2627317,0.18575264571157796,0.12001705393306332,0.10960808627362567,3.0,0.057298783,-0.22422421,-0.10732054,-0.14914463,1.9314305,1.9350879,1.0,1.506775,-0.25978988,19.0,-0.33619866,0,3
ACM,Industrials,1.1343977,4.0,0.6147893,1.7746824,0.20214098622024826,0.12001705393306332,0.08833147067345501,3.0,-0.0063694445,-0.057401825,-0.13686664,-0.17869073,1.040094,1.0394273,0.5082955,0.9692007,-0.553786,235.0,-0.23154007,0,6
RGEN,Healthcare,1.064494,4.0,1.1059313,1.0134332,0.14621072088724582,0.12001705393306332,0.07661779296659686,3.0,-0.043037932,0.055866,0.20016564,0.15834156,1.4924158,1.3873558,2.5440187,1.4077708,-0.10633706,8.0,-0.15793806,0,3
DKS,Consumer Cyclical,0.897922,4.0,0.6119339,1.2503291,0.1783293724144002,0.11879049676025918,0.0695794775682324,3.0,0.004188654,0.03609064,-0.36166078,-0.40348485,0.98424405,2.057657,0.8200197,1.1484979,-0.42323405,73.0,-0.4373472,0,4
HGV,Consumer Cyclical,1.1545348,4.0,0.97246057,1.3788949,0.20214098622024826,0.11879049676025918,0.06701194376915759,3.0,-0.00946649,-0.119132705,-0.30481175,-0.34663585,0.8421523,1.3089267,0.24000464,0.29339528,-0.36862317,73.0,-0.35438,0,5
SGI,Consumer Cyclical,1.3158232,4.0,1.0620489,1.628535,0.22040958000694202,0.11879049676025918,0.07661779296659686,3.0,0.003550063,-0.059295144,-0.13112387,-0.17294796,1.0018842,1.213314,0.45451477,0.7903834,-0.3607869,167.0,-0.17671266,0,5
PSN,Technology,1.218482,4.0,0.82488513,1.7034897,0.1609052474508829,0.11691433566433566,0.08097165991902834,3.0,0.10517286,-0.017436774,-0.17827193,-0.22009602,1.07055,0.9941384,1.572971,0.78815967,-0.48426953,478.0,-0.34999192,0,2
TOST,Technology,1.0670837,4.0,0.9381406,1.2259731,0.16739916007422592,0.11226440863152144,0.07661779296659686,3.0,0.051023785,-0.019724516,0.045060094,0.003236007,0.8769863,0.8883456,0.57217187,0.5896183,-0.197591,298.0,-0.21585073,0,5
WFRD,Energy,1.0926363,4.0,1.1459274,1.0269688,0.1609052474508829,0.10784734133790738,0.07661779296659686,3.0,-0.022579065,-0.13345195,-0.036182746,-0.078006834,0.8362258,0.8490387,1.607259,0.83423316,-0.2984601,100.0,-0.21836963,0,4
FBIN,Industrials,1.3407629,4.0,1.127265,1.6038445,0.16739916007422592,0.10735271960222992,0.0695794775682324,3.0,0.011670045,-0.018369485,-0.21963404,-0.26145813,0.8825034,1.0199829,1.130199,0.74219656,-0.38375813,494.0,-0.27534848,0,4
XRAY,Healthcare,1.2249013,4.0,0.9879319,1.5169057,0.16739916007422592,0.10426401869158879,0.06701194376915759,3.0,0.018454423,-0.15904763,-0.30907667,-0.35090077,1.0643516,1.1746192,0.7684931,0.83268255,-0.39850137,864.0,-0.40294322,0,5
ELF,Consumer Defensive,1.1371933,4.0,1.0041605,1.3011222,0.13742014408046746,0.09986288848263254,0.042328042328042326,3.0,0.04346583,0.14066418,0.4544608,0.4126367,0.6531631,0.62229335,0.5529165,0.55758446,-0.24653375,266.0,-0.1490836,0,4
PINS,Communication Services,0.909306,4.0,0.68207,1.1893163,0.13742014408046746,0.09411764705882353,0.06701194376915759,3.0,0.111111075,0.13951005,-0.05309738,-0.09492146,1.1913146,0.94788677,0.83156675,0.99890983,-0.39273557,575.0,-0.28537917,0,5
DDOG,Technology,1.1207445,4.0,1.4794921,0.6786797,0.12284309342869913,0.09357504665422554,0.03787450537026569,3.0,0.057860214,0.32265925,0.12688296,0.08505887,0.6691365,0.68195087,0.44800922,0.5538788,0.0,0.0,-0.27388513,0,2
NOW,Technology,1.0387757,4.0,0.88662463,1.2262629,0.12284309342869913,0.09357504665422554,0.05550822465430238,3.0,0.048221428,0.07387362,0.26604348,0.2242194,0.5342896,0.6053798,0.59365374,0.7933142,-0.25572497,427.0,-0.12312824,0,3
ANF,Consumer Cyclical,1.1035279,4.0,1.4904859,0.6267011,0.1436416767432487,0.09357504665422554,0.0508336722244815,3.0,0.04907658,-0.002448687,0.55672026,0.51489615,0.9577502,0.84698254,0.7528576,0.6573321,-0.06246712,22.0,-0.13039191,0,4
BRKR,Healthcare,1.320436,4.0,1.5938156,0.98356533,0.12284309342869913,0.09326145552560647,0.05550822465430238,3.0,-0.06957624,0.09947646,-0.0013912302,-0.043215316,1.26792,1.1552885,0.73354286,1.010287,-0.09127413,7.0,-0.21821572,0,3
LULU,Consumer Cyclical,1.1973658,4.0,0.79229265,1.696515,0.1882403366583541,0.08187134502923976,0.06701194376915759,3.0,0.00042346935,-0.024566445,-0.21446386,-0.25628796,1.2764852,1.5622637,0.81547785,0.8473568,-0.5622568,696.0,-0.28542545,0,5
BROS,Consumer Cyclical,1.3311911,4.0,1.1495861,1.5549728,0.21427441050799176,0.07888212756366914,0.060089686098654706,3.0,-0.016033074,-0.12407918,-0.42747518,-0.46929926,1.1699389,1.2171782,1.399373,0.6366014,-0.48097122,413.0,-0.44792274,0,4
KNF,Basic Materials,1.241235,4.0,1.0157274,1.5191154,0.13742014408046746,0.07888212756366914,0.0508336722244815,3.0,-0.009735777,-0.12836656,-0.36436683,-0.4061909,1.0261922,1.9872844,2.1835735,1.2374771,-0.46961796,432.0,-0.4036851,0,5
HPQ,Technology,0.91796315,4.0,0.983648,0.8370233,0.16739916007422592,0.0737483761367043,0.060089686098654706,3.0,-0.059775785,-0.07729908,0.2310654,0.18924132,0.719892,0.9051827,0.6837908,1.1726991,-0.1488162,20.0,-0.1488162,0,3
PANW,Technology,1.2147161,4.0,1.5397186,0.8142335,0.15483799867754025,0.0737483761367043,0.060089686098654706,3.0,0.038537867,0.23720054,0.26787773,0.22605364,0.7879804,0.8696863,1.6178802,1.3864073,-0.0026910645,3.0,-0.17050502,0,3
PEGA,Technology,1.0462663,4.0,0.7708859,1.3856022,0.12284309342869913,0.06351721158000863,0.05550822465430238,3.0,0.050692637,-0.0010591808,0.120038725,0.07821464,0.57184595,0.9430385,0.40834972,0.837511,-0.46198753,239.0,-0.21051037,0,4
GWRE,Technology,1.0154827,4.0,0.84077084,1.2307705,0.10961255517410495,0.06224899598393574,0.0508336722244815,3.0,0.09970433,0.19437513,0.1925024,0.1506783,1.0,0.98880386,0.4087907,0.75647175,-0.34185576,274.0,-0.31945595,0,2
BBWI,Consumer Cyclical,1.2615634,4.0,1.0389369,1.5358937,0.140072463768116,0.05744234800838575,0.0508336722244815,3.0,0.07970116,-0.0063037598,-0.14209622,-0.18392031,1.4247582,1.1178184,1.0,0.9203027,-0.33114117,591.0,-0.23845714,0,5
CELH,Consumer Defensive,0.8812886,4.0,0.4600091,1.400408,0.10057273768613975,0.053585926928281465,0.03787450537026569,3.0,0.06841121,0.073225714,-0.04190412,-0.08372821,0.6894062,0.98214203,0.88420415,0.7701806,-0.5593586,245.0,-0.24646296,0,4
FICO,Technology,1.032221,4.0,0.5155664,1.6688658,0.09284794999080713,0.048526992672349334,0.031142503325230466,3.0,0.009572805,-0.30508912,-0.4777391,-0.5195632,4.0683026,1.774205,1.8265922,1.6490768,-0.6381641,467.0,-0.56851023,0,6
OKTA,Technology,1.371914,4.0,1.88548,0.73907495,0.10428281804358844,0.03399581589958159,0.025592417061611375,3.0,0.09759326,0.35661274,0.6636566,0.62183255,0.8322376,1.242955,0.49018192,1.2095726,0.0,0.0,-0.15708292,0,3
ILMN,Healthcare,0.95472884,4.0,1.5317649,0.24367929,0.07822014051522248,0.03352925460860273,0.02188679245283019,3.0,0.018788474,0.38207388,0.4636675,0.4218434,1.6249871,1.6673943,2.4267836,1.506649,-0.0528448,4.0,-0.11603495,0,4
CAR,Industrials,1.3106736,4.0,1.329564,1.2873962,0.09284794999080713,0.03352925460860273,0.01962359421620381,3.0,-0.04711381,-0.16379987,-0.31998718,-0.36181125,1.0574713,0.716885,1.5699502,1.1700298,-0.8515624,119.0,-0.37746516,0,6
WHR,Consumer Cyclical,0.90075755,4.0,0.33849913,1.5935974,0.09284794999080713,0.03352925460860273,0.01962359421620381,3.0,-0.048828755,-0.19671217,-0.25791502,-0.29973912,1.3037271,1.5006065,0.4909677,1.0224108,-0.6853018,428.0,-0.362027,0,2
CR,Industrials,1.4594033,5.0,1.4267575,1.4996307,0.33432536365156323,0.2999002465603885,0.24435455616778676,1.0,-0.01657059,0.036551416,-0.050254595,-0.092078686,0.82360536,0.96377003,0.76283354,0.8417939,-0.09467172,53.0,-0.13579287,0,5
ROKU,Communication Services,1.5148011,5.0,1.6634556,1.3316225,0.3900777489818585,0.2999002465603885,0.23265998795642415,1.0,0.0030186148,-0.008240261,0.07383736,0.032013275,0.60422385,0.64616585,1.0928289,0.43188635,-0.043252308,32.0,-0.05320481,1,4
C,Financial,1.4116802,5.0,1.4829571,1.3238496,0.32938304257158857,0.2972691265374192,0.23428386260531434,1.0,0.008871591,-0.063971125,-0.0739882,-0.11581229,0.8362713,0.7567829,0.7700322,0.922422,-0.10551847,77.0,-0.08849495,0,5
GOOG,Communication Services,1.385171,5.0,1.4830483,1.2645624,0.3021819967726093,0.2791533833505118,0.24361062390378355,1.0,0.022065459,0.05287681,-0.00736931,-0.049193397,0.8077654,0.804358,0.78902525,0.9816978,-0.12716694,103.0,-0.14010964,0,4
GOOGL,Communication Services,1.3974915,5.0,1.5032827,1.2671309,0.282001988730527,0.2744969091148234,0.24361062390378355,1.0,0.023755468,0.057306066,-0.0017700674,-0.043594155,0.8794812,0.8206685,0.6903709,0.8942139,-0.12548749,103.0,-0.14350809,0,4
MS,Financial,1.6555014,5.0,1.6496011,1.6627719,0.32938304257158857,0.26018155053974473,0.22817120622568093,1.0,-0.0015237943,-0.10646101,-0.13579978,-0.17762387,1.0481292,0.90923166,0.7066918,0.8409218,-0.16400783,61.0,-0.17535853,0,5
AMZN,Consumer Cyclical,1.4635924,5.0,1.4465133,1.484638,0.301939878572486,0.25158243497181304,0.1746460370748796,1.0,0.043376226,0.041843634,0.061137825,0.019313736,1.0616926,0.82442236,1.4675812,1.0355237,-0.07601576,48.0,-0.1340046,0,5
EMR,Industrials,1.586758,5.0,1.5877068,1.5855888,0.36398150065576035,0.25158243497181304,0.18959478132330732,1.0,0.0013613094,0.09071919,0.19942985,0.15760577,1.0,0.91284454,0.42472878,1.0168307,-0.012174195,42.0,-0.10983972,0,5
ROK,Industrials,1.5522164,5.0,1.5652537,1.5361512,0.282001988730527,0.25158243497181304,0.17547829664678044,1.0,-0.047892615,0.026627433,-0.057612006,-0.0994361,1.1115685,0.94288725,0.8792121,0.84415996,-0.12353043,71.0,-0.14484368,0,5
NVDA,Technology,1.863882,5.0,1.8402741,1.8929726,0.32377685502798326,0.23465563569509262,0.17245366753133107,1.0,-0.019961523,0.05000915,0.12777753,0.08595345,0.88562113,0.63464457,0.47542658,0.52441496,-0.041631863,3.0,-0.10583528,0,5
ZBRA,Technology,1.401514,5.0,1.46828,1.319242,0.2762838801711841,0.23124813440791436,0.12729423802519663,1.0,0.030117618,0.12549049,0.45168912,0.40986502,0.6689498,0.76011354,0.78484935,0.7425627,0.0,0.0,-0.10933015,0,2
APG,Industrials,1.3968579,5.0,1.3660592,1.4348092,0.28377307903235627,0.23124813440791436,0.2016271186440678,1.0,-0.0039525656,0.078651644,-0.026087,-0.06791109,1.0092076,1.0708909,0.795537,0.68221647,-0.1838057,115.0,-0.17799649,0,5
WWD,Industrials,1.4279323,5.0,1.5021133,1.336523,0.2762838801711841,0.23124813440791436,0.16701208981001725,1.0,0.011730338,0.008264214,-0.15398546,-0.19580954,1.1544787,1.1934793,0.34298077,0.87078077,-0.2305734,74.0,-0.24067715,0,4
GS,Financial,1.859284,5.0,1.8060088,1.9249322,0.2723742719358679,0.22825784940261185,0.2016271186440678,1.0,-0.008021616,-0.12203733,-0.13978742,-0.18161151,1.0218117,1.0006593,0.881393,1.0144747,-0.21905357,61.0,-0.23015735,0,5
TEL,Technology,1.5583681,5.0,1.4379245,1.7067839,0.3021819967726093,0.22084942084942086,0.18959478132330732,1.0,-0.009393753,0.06675457,0.105774365,0.06395028,0.7819364,0.8327748,0.711303,0.9091035,-0.113800935,232.0,-0.0829942,0,5
GXO,Industrials,1.5535184,5.0,1.3634517,1.7877271,0.2762838801711841,0.22057274207451394,0.16273073542338118,1.0,0.0,0.024873454,-0.049601965,-0.09142605,0.77886605,1.0920544,0.7489488,0.77866644,-0.29013562,160.0,-0.19028416,0,5
SWK,Industrials,1.4400262,5.0,1.4807152,1.3898873,0.2723742719358679,0.21203811294445735,0.16273073542338118,1.0,-0.030326217,-0.007396656,0.03248366,-0.009340428,1.0,0.9621363,0.8093824,0.5086508,-0.14095375,42.0,-0.14347553,0,5
CMI,Industrials,1.6245227,5.0,1.6226152,1.6268731,0.2527125290288197,0.20864748972663927,0.14030197444831585,1.0,-0.009331452,-0.048433747,-0.20929243,-0.2511165,0.9024933,1.2122952,0.9577304,0.6652019,-0.27797502,74.0,-0.23247652,0,4
IVZ,Financial,1.6396517,5.0,1.6546984,1.6211106,0.2967955239064088,0.20864748972663927,0.16273073542338118,1.0,-0.03750814,-0.07579079,0.046034403,0.004210316,0.9481801,0.9150872,0.5087193,0.6710064,-0.114079885,30.0,-0.114079885,0,4
TKR,Industrials,1.4797072,5.0,1.6243225,1.3015057,0.2527125290288197,0.1971421651731654,0.16273073542338118,1.0,-0.051617116,-0.017264733,-0.1583564,-0.20018049,0.9522515,1.1631522,1.4714711,0.44922748,-0.19878219,71.0,-0.19119455,0,4
SNPS,Technology,1.891959,5.0,1.7941407,2.012495,0.2562994960403167,0.19676057944564843,0.1168421052631579,1.0,0.04100836,0.28405964,0.1755797,0.13375561,1.6310772,1.0242349,0.760296,1.2714437,-0.04596305,301.0,-0.2090602,0,3
XYZ,Technology,1.8232841,5.0,1.6852462,1.9933805,0.2364019328459918,0.19676057944564843,0.14030197444831585,1.0,0.039149683,-0.023144072,-0.018800855,-0.060624942,0.93301517,0.68960315,1.0,0.42724955,-0.08968769,30.0,-0.13600473,0,4
AYI,Industrials,1.5706397,5.0,1.3571438,1.833719,0.2617673179396092,0.19676057944564843,0.1608725289706885,1.0,-0.033747938,-0.056632422,-0.08250712,-0.124331206,1.4912548,1.3316431,0.50360155,0.8931369,-0.20746703,71.0,-0.17602664,0,5
ETN,Industrials,1.7388725,5.0,1.7010207,1.7855153,0.2723742719358679,0.19295174303546966,0.16273073542338118,1.0,-0.014812757,0.050103873,0.06915005,0.027325964,0.8956421,0.8011789,1.0240247,1.129327,-0.06589703,41.0,-0.15055658,0,5
EVR,Financial,1.934232,5.0,1.7093902,2.211292,0.2527125290288197,0.19295174303546966,0.1512546670139793,1.0,0.03890245,-0.041463967,-0.18392695,-0.22575104,1.0684022,1.167426,0.8110659,0.8150633,-0.28456783,184.0,-0.27127054,0,4
IBKR,Financial,2.30382,5.0,2.2468822,2.373981,0.2527125290288197,0.19179677548495105,0.1551202420767638,1.0,-0.0048697656,-0.017333878,-0.05996627,-0.10179036,0.7535765,0.89267737,1.0,1.062625,-0.10429217,32.0,-0.12926643,0,4
BC,Consumer Cyclical,1.4115185,5.0,1.3118505,1.5343337,0.2415207046674092,0.19179677548495105,0.10960808627362567,1.0,-0.06036987,-0.12020604,-0.19670871,-0.2385328,0.90840775,1.0841751,1.0159814,0.90195304,-0.29977107,162.0,-0.26042995,0,5
FLS,Industrials,2.004579,5.0,2.074856,1.9179804,0.23876295084521307,0.19179677548495105,0.1551202420767638,1.0,-0.028102782,-0.004672131,0.060411394,0.018587306,1.2217638,0.87255496,1.0414652,1.0940204,-0.20770124,157.0,-0.15637568,0,4
IDCC,Technology,1.4448088,5.0,1.3468024,1.5655767,0.2433234421364985,0.19179677548495105,0.1551202420767638,1.0,-0.011398584,-0.0436728,0.266863,0.22503892,0.76402116,0.6923077,0.6619785,0.8287113,-0.1586353,234.0,-0.08971915,0,5
ADI,Technology,1.5561161,5.0,1.7601453,1.3047023,0.26032171581769437,0.18120740954026301,0.15564896191567953,1.0,-0.026273502,0.12440139,0.05548448,0.013660394,0.712635,0.79278076,0.52243114,0.72518635,-0.08541897,77.0,-0.10026733,0,5
DAL,Industrials,1.6961529,5.0,1.793855,1.5757601,0.22400346620450606,0.18120740954026301,0.1512546670139793,1.0,-0.022832658,0.050230067,-0.04664119,-0.08846528,1.6348276,0.9138105,0.62543774,0.74565744,-0.12051159,71.0,-0.17994419,0,4
APH,Technology,1.7916176,5.0,1.8740664,1.6900207,0.2415207046674092,0.180470970361348,0.13887933997937438,1.0,0.003219857,0.088788874,0.12026799,0.0784439,0.8334774,0.71842813,1.027329,0.7514659,-0.0155721605,3.0,-0.11106602,0,4
APO,Financial,1.3823949,5.0,1.2709812,1.5196838,0.2415207046674092,0.180470970361348,0.14030197444831585,1.0,0.040606957,-0.07239467,0.0027027472,-0.03912134,1.1406541,0.8589235,0.43381155,0.8497274,-0.21321277,457.0,-0.20252393,0,5
SPXC,Industrials,1.8148806,5.0,1.6319401,2.040308,0.2527125290288197,0.180470970361348,0.1168421052631579,1.0,-0.02097169,-0.09355438,-0.21232682,-0.2541509,1.202054,1.4062573,1.0,0.41446555,-0.31228438,77.0,-0.23397103,0,4
F,Consumer Cyclical,1.4123194,5.0,1.3667203,1.4685086,0.2470143076741161,0.18040311315106766,0.10960808627362567,1.0,0.0057850988,-0.12319885,-0.11178306,-0.15360714,0.785606,0.8716149,0.7765689,0.9410774,-0.2946213,92.0,-0.20218492,0,5
CMC,Industrials,1.5615592,5.0,1.5034549,1.6331578,0.23081335321785015,0.17410305208994145,0.14030197444831585,1.0,0.0048757084,-0.040978733,0.0034553357,-0.03836875,0.8647215,0.9944418,0.78531176,0.7974803,-0.22718644,166.0,-0.17999206,0,5
CAT,Industrials,1.8741428,5.0,2.015398,1.7000818,0.2050919377652051,0.17266455342159234,0.14030197444831585,1.0,-0.053168856,-0.005627366,-0.1390437,-0.18086779,0.946699,0.8772862,1.2439872,0.967604,-0.24692002,71.0,-0.16364305,0,3
CDNS,Technology,1.8787959,5.0,1.7533983,2.0333164,0.21637426900584794,0.17266455342159234,0.12729423802519663,1.0,0.004240758,0.23825225,-0.0663633,-0.108187385,0.7353036,1.1839732,0.81521046,1.3417665,-0.15262137,90.0,-0.27292994,0,3
PLTR,Technology,2.1539388,5.0,2.124934,2.1896799,0.22400346620450606,0.17266455342159234,0.07661779296659686,1.0,0.10754968,0.26040035,0.6075824,0.5657583,0.6333369,0.5324915,0.88190424,0.5725836,0.0,0.0,-0.11009767,0,1
WCC,Industrials,2.1147015,5.0,2.2571576,1.9391607,0.2470143076741161,0.17086481947942903,0.12729423802519663,1.0,-0.042019248,0.064599715,0.10694686,0.065122776,1.5010356,1.0142134,1.6216134,1.0047038,-0.047905423,3.0,-0.11253677,0,4
BDC,Technology,1.5899743,5.0,1.459709,1.750493,0.1882403366583541,0.17037256645913626,0.12729423802519663,1.0,-0.029432666,-0.051762413,0.067856885,0.026032794,0.7189625,1.0270723,0.7658998,1.0021561,-0.27578714,165.0,-0.21771716,0,5
FLR,Industrials,2.1235409,5.0,2.0716212,2.1875184,0.20214098622024826,0.16993464052287577,0.14207424258091195,1.0,0.015631238,-0.053594753,0.021156542,-0.020667545,0.82354313,0.78391254,0.8189067,0.7871931,-0.11860869,25.0,-0.16730432,0,4
SNX,Technology,1.5863814,5.0,1.780011,1.3477825,0.2364019328459918,0.16993464052287577,0.14207424258091195,1.0,-0.017961705,0.06977382,0.08992774,0.04810365,0.9546191,1.2979871,1.0530477,1.1720794,-0.05593949,76.0,-0.10816636,0,4
AVGO,Technology,2.1703417,5.0,2.0589526,2.3076005,0.21427441050799176,0.16454396055875106,0.14030197444831585,1.0,0.018021043,0.0037922636,-0.0568979,-0.09872199,1.0442764,1.0261655,1.5911175,0.9684551,-0.24668978,90.0,-0.20686835,0,4
EME,Industrials,1.9619838,5.0,1.9102689,2.0257092,0.23081335321785015,0.16191307722157547,0.14207424258091195,1.0,0.0036104638,0.05494901,0.0326288,-0.009195287,1.0381486,1.0073489,1.0442559,0.9395922,-0.16306458,108.0,-0.15452033,0,3
KEYS,Technology,1.970395,5.0,2.2977548,1.5670075,0.23024054982817863,0.16151318560957112,0.10363280847998353,1.0,-0.0049137236,0.17534165,0.19299945,0.15117536,0.9204002,0.9237263,1.113588,1.1144692,-0.013607192,3.0,-0.13980338,0,2
CW,Industrials,1.4798836,5.0,1.3307315,1.6636754,0.23081335321785015,0.16151318560957112,0.10363280847998353,1.0,-0.060552817,-0.08378001,-0.3070224,-0.3488465,1.12123,1.6037955,0.8118378,0.64243126,-0.3530974,68.0,-0.329822,0,5
JEF,Financial,2.0435967,5.0,1.8027207,2.340415,0.23081335321785015,0.16151318560957112,0.10960808627362567,1.0,-0.03458778,-0.17708139,-0.1498808,-0.19170488,1.3365278,1.2229306,0.5363655,0.9729638,-0.3149595,454.0,-0.22302994,0,5
ST,Technology,2.0095465,5.0,2.0417788,1.9698286,0.21427441050799176,0.15914412595882121,0.14441679377057073,1.0,-0.028039472,0.0023702842,-0.045043744,-0.08686783,0.8027128,0.74807256,0.72083056,0.550535,-0.2082155,89.0,-0.15563811,0,4
LUV,Industrials,1.5568563,5.0,1.6175501,1.4820665,0.21781067743382682,0.15847418204372773,0.12926525529265254,1.0,-0.019072318,0.076764055,-0.12656245,-0.16838653,1.1330752,0.8397856,1.0377287,0.80165124,-0.22957131,162.0,-0.23770988,0,4
ENS,Industrials,1.9478765,5.0,2.0765529,1.7893156,0.1983695652173913,0.15847418204372773,0.10773851869417438,1.0,-0.084004104,0.0060621416,-0.10435494,-0.14617904,1.0918883,1.136864,1.5663903,0.59144735,-0.2590057,95.0,-0.1674041,0,4
LFUS,Technology,1.6252779,5.0,1.8112612,1.396101,0.22040958000694202,0.15847418204372773,0.14030197444831585,1.0,-0.06577881,0.031638496,0.049368925,0.007544837,0.9984694,0.8296071,0.9883665,0.7630264,-0.12630543,77.0,-0.15975825,0,4
SAIA,Industrials,1.4660071,5.0,1.4153926,1.5283766,0.1882403366583541,0.15847418204372773,0.10960808627362567,1.0,-0.040926166,-0.026734104,-0.22059436,-0.26241845,0.89911366,0.82539684,0.88664097,0.90959936,-0.30872032,83.0,-0.26026148,0,5
CCL,Consumer Cyclical,1.7749741,5.0,1.6326374,1.9503677,0.21427441050799176,0.1507409299948901,0.0774033398525651,1.0,0.022903733,0.17267473,-0.0045844633,-0.04640855,1.139781,1.170981,0.5659116,0.85943276,-0.21231441,169.0,-0.26174167,0,5
TSLA,Consumer Cyclical,2.1687834,5.0,1.9453815,2.4440691,0.21427441050799176,0.1507409299948901,0.1512546670139793,1.0,0.032677665,0.052646097,-0.0305502,-0.07237429,0.8522314,0.57038635,0.4887358,0.4225724,-0.21878825,204.0,-0.2470089,0,4
PWR,Industrials,1.7221806,5.0,1.881781,1.5255138,0.22943722943722944,0.14961616794610685,0.1168421052631579,1.0,0.04342557,0.14114536,0.09179043,0.04996634,1.0681273,0.8785472,1.5503128,0.9670419,-0.10069694,108.0,-0.16559365,0,1
VFC,Consumer Cyclical,1.7555403,5.0,1.7102315,1.8113717,0.21427441050799176,0.14961616794610685,0.09525208027410671,1.0,0.046755064,0.18858956,-0.105135985,-0.14696008,1.2329499,1.3483485,0.6686359,0.77347887,-0.2953294,118.0,-0.30363855,0,3
RCL,Consumer Cyclical,1.4183242,5.0,1.3101726,1.5515934,0.19020172910662825,0.1421064788081765,0.08833147067345501,2.0,0.016274285,0.09624074,-0.0161902,-0.058014285,1.1722114,1.2072933,0.86256874,1.017201,-0.17555945,280.0,-0.29244232,0,5
BTSG,Healthcare,1.5091488,5.0,1.8766001,1.0563588,0.1783293724144002,0.1421064788081765,0.10363280847998353,2.0,0.05792534,0.101243965,-0.084721394,-0.12654547,0.9408527,0.9961449,0.14596246,0.9196794,-0.12577152,54.0,-0.23618165,0,3
NOVT,Technology,1.9426107,5.0,2.0203297,1.8468422,0.17233755066945092,0.1421064788081765,0.10773851869417438,1.0,-0.053527202,-0.018275345,-0.0567499,-0.09857399,0.9591195,0.84449404,2.4066656,0.74591196,-0.16278519,38.0,-0.21303701,0,3
OSK,Industrials,1.4284346,5.0,1.3097,1.5747447,0.1795727636849132,0.1421064788081765,0.1168421052631579,1.0,-0.064400464,-0.15253435,-0.13822249,-0.18004657,1.0516487,1.0381119,0.6698741,1.0050718,-0.29048985,158.0,-0.20478787,0,5
BX,Financial,1.483467,5.0,1.2038429,1.8280323,0.21427441050799176,0.1318589609847695,0.10960808627362567,2.0,0.022729315,-0.08866918,-0.053950675,-0.09577476,1.0662702,0.94293827,0.89310956,0.9781703,-0.27902156,469.0,-0.25227702,0,5
VST,Utilities,1.8064668,5.0,1.5708865,2.096759,0.16739916007422592,0.1318589609847695,0.08833147067345501,2.0,0.15326375,0.09992826,0.022922188,-0.0189019,2.5128813,1.1436436,2.36231,0.8629885,-0.22969863,264.0,-0.197183,0,4
CGNX,Technology,2.0167773,5.0,2.0960014,1.9191539,0.1783293724144002,0.1318589609847695,0.13887933997937438,2.0,-0.03155307,0.019938394,-0.014108609,-0.055932697,1.1136827,0.98364717,1.9151962,0.9715722,-0.12995972,71.0,-0.19210017,0,2
ARES,Financial,1.8447713,5.0,1.6087244,2.135639,0.21427441050799176,0.12008709853021228,0.10960808627362567,2.0,-0.0028073315,-0.093173705,-0.016531894,-0.05835598,0.93393815,0.7906415,0.46179104,0.818077,-0.3152987,424.0,-0.21730882,0,5
FCX,Basic Materials,2.433609,5.0,2.5857055,2.2461889,0.1882403366583541,0.12008709853021228,0.08902516388242757,2.0,0.022903964,0.034826618,0.23176357,0.18993948,0.9934038,0.71308935,0.5602482,0.4759227,-0.07783758,32.0,-0.13352528,0,3
GEV,Industrials,2.1306725,5.0,2.280799,1.9456799,0.18575264571157796,0.12008709853021228,0.10960808627362567,2.0,0.016213177,0.08747606,-0.03632265,-0.07814674,0.9644685,0.8027227,0.32998055,0.43701982,-0.14480875,71.0,-0.18942162,0,3
SWKS,Technology,1.6205736,5.0,1.5636816,1.6906784,0.14621072088724582,0.12008709853021228,0.07661779296659686,2.0,-0.10208163,-0.09139594,0.3109546,0.26913053,1.6966703,1.8943969,0.726466,1.6586715,-0.16511753,12.0,-0.16511753,0,3
JBL,Technology,2.212202,5.0,2.2923925,2.1133878,0.16739916007422592,0.11879049676025918,0.08833147067345501,2.0,0.006143015,0.011492771,-0.04849614,-0.09032022,1.2509474,1.2018143,1.3610803,0.79498845,-0.20559557,81.0,-0.225289,0,3
KKR,Financial,1.6919243,5.0,1.3979433,2.0541809,0.1882403366583541,0.11879049676025918,0.10773851869417438,2.0,0.0073097358,-0.09834446,-0.05971701,-0.1015411,1.1850013,0.87960136,0.50970376,0.8950246,-0.35933343,424.0,-0.22324376,0,5
NXPI,Technology,1.5218618,5.0,1.4604342,1.5975556,0.16739916007422592,0.11879049676025918,0.08833147067345501,2.0,-0.06623984,0.009157149,-0.17905161,-0.2208757,0.7410308,0.9874203,1.0068339,1.2023194,-0.31067103,95.0,-0.22511928,0,4
SARO,Industrials,1.4068011,5.0,1.140655,1.7347581,0.16739916007422592,0.11879049676025918,0.08097165991902834,2.0,-0.04180519,-0.14714587,-0.26787657,-0.30970064,1.0240481,1.1911457,0.29943126,0.95514023,-0.3910024,177.0,-0.34956467,0,5
ATI,Industrials,1.6777126,5.0,2.041595,1.2293204,0.18575264571157796,0.11691433566433566,0.0695794775682324,2.0,-0.0030142493,-0.03597992,0.04402719,0.0022031036,0.61921036,0.94232094,0.5226278,0.881956,-0.1723186,38.0,-0.22051084,0,3
CG,Financial,1.808739,5.0,1.4330367,2.271696,0.1783293724144002,0.11691433566433566,0.0774033398525651,2.0,-0.03515825,-0.107963815,-0.12336163,-0.16518572,1.1282884,1.2049851,0.88974994,0.87759876,-0.40666822,266.0,-0.25947508,0,4
ANET,Technology,2.105191,5.0,2.171637,2.0233128,0.1882403366583541,0.1135828625235405,0.060089686098654706,2.0,0.045285743,0.14683317,0.19646709,0.154643,0.9753126,0.6342817,1.2129554,0.46340612,0.0,0.0,-0.13474287,0,3
RGLD,Basic Materials,1.5045576,5.0,1.4974867,1.5132707,0.16739916007422592,0.1135828625235405,0.07661779296659686,2.0,0.0067763226,-0.067981906,0.22351766,0.18169357,0.81692725,0.7249423,0.9283599,0.72612,-0.21881086,154.0,-0.15096338,0,5
GNRC,Industrials,2.0078335,5.0,2.066192,1.935922,0.1436416767432487,0.10784734133790738,0.06728743288248487,2.0,0.03754612,0.23817915,-0.008856553,-0.05068064,1.0,1.1930971,0.72429085,0.7215083,-0.23888476,77.0,-0.22751348,0,3
MPWR,Technology,2.5189848,5.0,2.5689354,2.4574337,0.14621072088724582,0.10784734133790738,0.0695794775682324,2.0,-0.03711803,0.17052627,0.07508069,0.0332566,0.7028013,0.9860355,1.8336323,0.9802025,-0.17719136,89.0,-0.19885282,0,4
NEM,Basic Materials,1.786033,5.0,1.8596588,1.695308,0.1436416767432487,0.10784734133790738,0.07661779296659686,2.0,0.01973,-0.06579993,0.26837054,0.22654647,0.7208088,0.6551186,0.9047486,0.76260924,-0.12620024,32.0,-0.1580853,0,4
NTAP,Technology,1.4033942,5.0,1.7153252,1.0190189,0.1783293724144002,0.10784734133790738,0.06701194376915759,2.0,0.0480841,0.2916666,0.44665408,0.40483,1.2429065,1.0833488,1.1594578,1.4428103,0.0,0.0,-0.12705234,0,3
OLED,Technology,1.5425476,5.0,1.0845416,2.106923,0.15483799867754025,0.10784734133790738,0.06728743288248487,2.0,-0.067313716,-0.07042517,-0.03202083,-0.07384492,1.1379384,0.9924546,2.0249987,1.0485418,-0.49436107,561.0,-0.21978956,0,5
RRX,Industrials,2.2014475,5.0,2.1394854,2.2778003,0.21427441050799176,0.10784734133790738,0.06701194376915759,2.0,0.032276247,0.056742553,-0.20651786,-0.24834195,1.1049495,1.1606288,1.9248825,0.7439387,-0.30559072,71.0,-0.32766765,0,2
LSCC,Technology,2.8563406,5.0,2.9997828,2.6795845,0.12284309342869913,0.10735271960222992,0.060089686098654706,2.0,-0.059328336,0.104345575,-0.035872743,-0.07769683,1.2387629,0.9979801,0.6190211,1.0581834,-0.18818831,77.0,-0.23029034,0,1
CEG,Utilities,1.7195872,5.0,1.5034585,1.9859108,0.15483799867754025,0.10564930300807043,0.06728743288248487,2.0,0.15759842,0.042312153,0.1590177,0.1171936,2.393053,1.1667577,2.996003,0.84998226,-0.25798678,247.0,-0.15057677,0,5
CRS,Industrials,1.7939464,5.0,1.9183197,1.640688,0.18575264571157796,0.10426401869158879,0.0695794775682324,2.0,-0.006847385,-0.13929728,-0.31909359,-0.36091766,0.9525231,1.0099809,0.67505926,0.71040386,-0.37671086,68.0,-0.36415893,0,3
FIX,Industrials,2.6444798,5.0,2.8939679,2.3370497,0.1436416767432487,0.1039272030651341,0.08011869436201781,2.0,-0.0071296277,0.078500815,-0.008921093,-0.05074518,1.0277233,0.7672746,1.0646583,0.48057327,-0.16933458,77.0,-0.19267166,0,3
SYNA,Technology,2.600217,5.0,2.783303,2.3746107,0.140072463768116,0.1039272030651341,0.05550822465430238,2.0,-0.010569767,0.2819086,0.0056231488,-0.036200937,2.4897661,1.0404732,0.1509936,0.9789287,-0.1880464,95.0,-0.27352652,0,1
ARWR,Healthcare,1.5255129,5.0,1.7915235,1.1977229,0.1436416767432487,0.09986288848263254,0.060089686098654706,2.0,-0.022433437,-0.24178348,-0.15328567,-0.19510975,1.128186,1.0031707,0.9119178,0.7044403,-0.29958698,47.0,-0.3220225,0,3
TEX,Industrials,1.9931107,5.0,1.8444322,2.176319,0.16739916007422592,0.09986288848263254,0.06701194376915759,2.0,-0.10650681,-0.15040244,-0.22572511,-0.2675492,1.5059383,1.1215864,2.0081239,1.0591528,-0.3188499,74.0,-0.27251643,0,4
ECHO,Communication Services,1.5449083,5.0,1.6031922,1.4730881,0.1609052474508829,0.09357504665422554,0.06502685891998869,2.0,0.006259908,0.032553054,0.020882614,-0.020941474,1.4127413,0.77405566,1.4633387,0.7865709,-0.3311707,98.0,-0.13130373,0,4
UAL,Industrials,2.1780875,5.0,2.090818,2.285625,0.1436416767432487,0.09357504665422554,0.06728743288248487,2.0,-0.04492934,0.009061921,-0.1131149,-0.154939,1.3696561,0.7858559,0.9298481,0.7142461,-0.21052824,73.0,-0.2118861,0,4
NVT,Industrials,2.2458363,5.0,2.4036086,2.0514219,0.1595071595071595,0.09357504665422554,0.06728743288248487,2.0,-0.012561954,0.079010084,0.06095258,0.019128494,0.9469036,0.86192405,1.0147887,1.1080202,-0.09052984,77.0,-0.17303166,0,1
TLN,Utilities,2.3485298,5.0,2.1269891,2.6215222,0.12284309342869913,0.09326145552560647,0.05550822465430238,2.0,0.18019147,0.21515696,-0.04485934,-0.08668342,1.8738457,1.2129642,2.613706,0.82670313,-0.14832394,252.0,-0.29483655,0,5
HLNE,Financial,1.4898279,5.0,1.220324,1.8219225,0.1609052474508829,0.08820960698689956,0.06728743288248487,2.0,-0.015739921,-0.09948973,0.064148545,0.022324456,0.93970233,1.0504028,0.37081203,0.6881054,-0.4320883,478.0,-0.2138854,0,5
QCOM,Technology,2.202845,5.0,2.1163917,2.309377,0.14621072088724582,0.08369528900768461,0.06373517786561261,2.0,-0.05068424,-0.007801927,-0.040900275,-0.08272436,0.78500617,1.0654907,0.3451846,1.2623434,-0.29445106,92.0,-0.17119601,0,3
BILL,Technology,1.6088399,5.0,1.4734048,1.7757291,0.1436416767432487,0.08369528900768461,0.06728743288248487,2.0,0.027739637,-0.058786463,0.04596363,0.004139543,0.72366375,0.7357513,0.5972836,0.7021989,-0.20387141,460.0,-0.18924192,0,4
CPRI,Consumer Cyclical,1.4645914,5.0,1.1876378,1.8058661,0.11391836000719295,0.08187134502923976,0.05550822465430238,2.0,0.035318576,0.16071425,-0.14424726,-0.18607135,0.7568147,1.3927788,0.8466276,0.9296038,-0.45950833,212.0,-0.24970487,0,5
DASH,Consumer Cyclical,1.395221,5.0,1.1265554,1.7262826,0.140072463768116,0.07888212756366914,0.06701194376915759,2.0,0.038858082,-0.022533944,0.036556378,-0.0052677104,0.7784584,0.76850337,0.69282454,0.6395248,-0.286596,254.0,-0.24707718,0,2
BWXT,Industrials,2.0992124,5.0,1.7829835,2.4888837,0.15483799867754025,0.07888212756366914,0.0508336722244815,2.0,0.06651343,-0.05679063,-0.18676335,-0.22858743,1.5027274,1.2000197,0.681995,0.6686705,-0.39497685,123.0,-0.25172773,0,5
DY,Industrials,1.5824891,5.0,1.4617839,1.7312275,0.140072463768116,0.07888212756366914,0.060089686098654706,2.0,-0.016511375,-0.09022398,-0.34351754,-0.38534164,0.995823,1.4281937,1.4653758,1.0446554,-0.4969544,93.0,-0.39419606,0,3
FSLR,Technology,2.1018007,5.0,1.8390878,2.425527,0.1595071595071595,0.0737483761367043,0.060089686098654706,2.0,0.018383864,-0.14167105,-0.19549379,-0.23731788,0.87241924,1.0193392,0.40809208,1.1316141,-0.44125685,89.0,-0.31169766,0,4
MCHP,Technology,2.135422,5.0,2.0899692,2.191431,0.13742014408046746,0.0737483761367043,0.05550822465430238,2.0,-0.07095421,0.055462435,-0.097654685,-0.13947877,0.88591933,0.88525444,0.14929362,0.7855439,-0.26000822,77.0,-0.19631861,0,3
NCLH,Consumer Cyclical,1.9863291,5.0,1.6443305,2.407755,0.1436416767432487,0.0737483761367043,0.0508336722244815,2.0,0.028401542,0.06863418,-0.20682627,-0.24865036,1.4052875,1.2687241,1.7038654,0.8706106,-0.37769786,425.0,-0.33459,0,5
AAON,Industrials,1.7940136,5.0,1.6281055,1.9984531,0.11391836000719295,0.0737483761367043,0.05550822465430238,2.0,0.034706462,0.12598023,-0.23103096,-0.27285504,0.8612402,1.07233,0.7728097,0.8112049,-0.4176679,89.0,-0.34261987,0,3
AAL,Industrials,1.970336,5.0,1.8930023,2.06563,0.1436416767432487,0.07174887892376682,0.060089686098654706,2.0,-0.013910306,-0.007003903,-0.21765783,-0.25948194,1.0,1.0882145,0.5566129,0.64242923,-0.29696968,70.0,-0.2340169,0,4
ENTG,Technology,3.3839583,5.0,3.5206017,3.21558,0.140072463768116,0.06814106395696352,0.04227485541173231,2.0,-0.004084868,0.206623,0.21765918,0.17583509,1.060001,0.7228911,0.15387256,0.91788167,-0.09820418,77.0,-0.23842253,0,1
RMBS,Technology,3.459858,5.0,3.3574061,3.5861037,0.10572916666666668,0.06814106395696352,0.031142503325230466,2.0,-0.040189337,0.25916818,0.042284943,0.00046085674,0.71793956,0.9027253,1.1355028,0.86789197,-0.37026837,89.0,-0.24009833,0,2
AMD,Technology,3.169823,5.0,3.5459046,2.7063985,0.10428281804358844,0.06351721158000863,0.05550822465430238,2.0,-0.040715557,0.2075059,0.1379329,0.09610881,0.8389539,0.63818514,0.85873955,0.9219623,-0.06362602,3.0,-0.22227657,0,1
CRWD,Technology,1.5603076,5.0,1.937972,1.0949329,0.11597602293458431,0.06351721158000863,0.0408997955010225,2.0,0.018515775,0.316863,0.46367943,0.42185536,0.9491292,0.88368547,1.2080458,1.0448775,-0.013698548,3.0,-0.17802507,0,2
ALK,Industrials,2.3296287,5.0,2.0586677,2.663519,0.1436416767432487,0.06351721158000863,0.037121684327169474,2.0,-0.004300485,-0.018698579,-0.15897433,-0.20079842,1.33038,0.91348547,0.3827081,0.5055406,-0.34628797,412.0,-0.26355848,0,4
CLF,Basic Materials,2.5339622,5.0,2.3952835,2.7048485,0.0933578206305479,0.06351721158000863,0.030626702997275206,2.0,0.1466431,0.09721045,0.33676615,0.29494208,1.0868338,0.85901654,0.70370096,1.1137651,-0.19777508,244.0,-0.15098813,0,3
SANM,Technology,2.4541025,5.0,2.6326091,2.2341387,0.0933578206305479,0.06351721158000863,0.037121684327169474,2.0,-0.05042782,0.06974575,0.07775026,0.03592617,0.78949016,0.8540401,1.404601,1.2442466,-0.23072296,89.0,-0.25322455,0,1
CVNA,Consumer Cyclical,2.5116913,5.0,2.314304,2.754921,0.10057273768613975,0.05744234800838575,0.031142503325230466,2.0,-0.0006272686,-0.09319863,-0.019387573,-0.06121166,0.8720287,0.58442986,0.31621444,0.6370538,-0.33399522,180.0,-0.20192683,0,4
NRG,Utilities,1.6470637,5.0,1.3173237,2.053384,0.1436416767432487,0.05744234800838575,0.0408997955010225,2.0,0.13378134,-0.032960147,-0.2231627,-0.26498678,1.7632631,1.3422784,1.081032,0.9664691,-0.4094165,158.0,-0.33164534,0,5
P,Technology,2.4289083,5.0,2.6275654,2.184114,0.07822014051522248,0.05744234800838575,0.04227485541173231,2.0,0.10239764,0.64176416,1.0500265,1.0082026,1.5505017,1.5373931,0.97552246,1.1219049,0.0,0.0,-0.2177556,0,1
CAVA,Consumer Cyclical,1.5345352,5.0,1.3969153,1.7041167,0.10961255517410495,0.05744234800838575,0.04227485541173231,2.0,-0.014151819,-0.006666678,-0.2605459,-0.30237,1.0140841,1.184988,0.69633263,0.6061269,-0.44922477,460.0,-0.33136255,0,5
IESC,Industrials,2.9923177,5.0,3.1016645,2.8575754,0.10428281804358844,0.05744234800838575,0.037121684327169474,2.0,-0.12323925,-0.06885328,-0.01305335,-0.054877438,1.1193974,0.64398056,0.40053326,0.4579803,-0.25054163,38.0,-0.26398695,0,3
IPGP,Technology,1.9170592,5.0,1.8170067,2.0403483,0.10572916666666668,0.05744234800838575,0.03787450537026569,2.0,-0.068768665,-0.00076605624,-0.25264972,-0.29447383,0.94402987,0.9994733,0.33848828,0.5063115,-0.4914561,164.0,-0.34445375,0,3
VRT,Industrials,2.6941752,5.0,2.7747946,2.5948327,0.10961255517410495,0.053585926928281465,0.03461178671655753,3.0,-0.037274938,-0.021321408,-0.20606947,-0.24789356,1.026874,0.7655924,0.27909857,0.83481884,-0.35441074,102.0,-0.26768893,0,1
AA,Basic Materials,2.0579612,5.0,2.030485,2.091819,0.10428281804358844,0.053585926928281465,0.031142503325230466,3.0,0.0059594754,-0.12629397,-0.13214503,-0.17396912,1.0173149,0.6788135,0.773401,0.40413696,-0.49538255,90.0,-0.22429734,0,5
AEIS,Industrials,2.6360538,5.0,2.7900589,2.4462821,0.10428281804358844,0.053585926928281465,0.05550822465430238,3.0,-0.05133428,0.054504324,-0.032691173,-0.07451526,0.978499,0.81290436,0.9547389,0.88536066,-0.25754976,111.0,-0.28102085,0,1
ESAB,Industrials,1.6838137,5.0,1.2550691,2.212132,0.11391836000719295,0.053585926928281465,0.031142503325230466,3.0,-0.043633804,-0.033206988,-0.22774743,-0.2695715,1.5560601,1.8621169,1.373252,1.3262691,-0.5021355,164.0,-0.31468973,0,4
FND,Consumer Cyclical,1.4888395,5.0,1.1633282,1.8899491,0.12284309342869913,0.053585926928281465,0.05550822465430238,3.0,0.00021979163,-0.029229762,-0.17197454,-0.21379863,0.90876186,0.99356186,1.1635399,0.7833641,-0.4063927,640.0,-0.27436587,0,5
MTSI,Technology,2.3263676,5.0,2.7389612,1.8179513,0.07608695652173912,0.053585926928281465,0.031142503325230466,3.0,0.026305944,0.21154061,0.12173738,0.079913296,1.237556,1.0017679,1.3401229,1.1249088,-0.1943468,95.0,-0.2684029,0,1
AKAM,Technology,1.5559034,5.0,1.7025028,1.375257,0.11391836000719295,0.048526992672349334,0.030626702997275206,3.0,-0.018086681,-0.0016802045,-0.1452889,-0.18711299,1.1635834,1.347072,1.7834294,1.0827905,-0.33629143,103.0,-0.19990484,0,3
ALB,Basic Materials,1.8466685,5.0,1.8286948,1.8688164,0.10057273768613975,0.048526992672349334,0.031142503325230466,3.0,-0.031742994,-0.16787182,-0.19221584,-0.23403993,0.9153131,0.92152894,0.47547486,0.8902369,-0.52754587,122.0,-0.29067242,0,5
FLEX,Technology,3.0128913,5.0,3.2550466,2.7144964,0.07608695652173912,0.048526992672349334,0.0408997955010225,3.0,0.027613422,0.10943431,-0.0746718,-0.116495885,0.8742432,0.7738879,1.7025326,0.91145664,-0.26062813,71.0,-0.22096194,0,1
FOUR,Technology,1.3826351,5.0,0.981192,1.8773111,0.10572916666666668,0.048526992672349334,0.031142503325230466,3.0,0.10588891,-0.07041596,-0.1874873,-0.22931139,1.225035,1.0946039,0.55388325,0.74826574,-0.49603125,413.0,-0.36520958,0,4
PATH,Technology,1.7302498,5.0,1.6152624,1.8719423,0.09284794999080713,0.048526992672349334,0.031142503325230466,3.0,0.027438998,-0.028118266,0.13755266,0.09572858,0.42594212,1.2379403,0.21039966,0.78773856,-0.30119237,210.0,-0.34708092,0,1
VIAV,Technology,2.5929928,5.0,3.2387376,1.7972776,0.07822014051522248,0.048526992672349334,0.031142503325230466,3.0,-0.03481952,0.21550795,0.11094822,0.06912413,0.9447361,0.97360545,0.9329417,0.92536676,-0.17838429,111.0,-0.273022,0,1
LRCX,Technology,3.2549918,5.0,3.5297098,2.916472,0.07822014051522248,0.043467273186757645,0.037121684327169474,3.0,-0.0824484,0.07103354,-0.03255734,-0.074381426,0.7510111,0.88143337,0.6037182,0.60525197,-0.2634281,71.0,-0.27087545,0,1
FN,Technology,3.064858,5.0,3.0749369,3.052438,0.0933578206305479,0.043467273186757645,0.030626702997275206,3.0,0.048717886,0.20381232,0.024523815,-0.017300272,1.1883856,1.0593437,0.80771095,0.8128214,-0.34856054,102.0,-0.3736677,0,3
MTZ,Industrials,1.7472147,5.0,1.6465536,1.8712535,0.10961255517410495,0.043467273186757645,0.031142503325230466,3.0,-0.015190103,-0.084194675,-0.40964994,-0.451474,0.9561958,1.3329927,0.98341024,1.1944381,-0.513954,109.0,-0.4410025,0,3
TWLO,Technology,1.7175066,5.0,2.19612,1.1277379,0.10057273768613975,0.043467273186757645,0.030626702997275206,3.0,-0.017346682,0.25241205,0.32638377,0.2845597,1.7038524,1.4532772,1.1900207,1.5329566,-0.039167486,6.0,-0.15815084,0,2
RDDT,Communication Services,2.0737388,5.0,1.8848411,2.3065069,0.07822014051522248,0.03822341857335128,0.031142503325230466,3.0,0.08149603,0.029419387,-0.20415065,-0.24597473,1.0754832,1.0350115,1.0,0.762884,-0.3824199,266.0,-0.3079648,0,4
MKSI,Technology,2.8292205,5.0,3.0670385,2.5361707,0.08770718232044199,0.0379746835443038,0.031142503325230466,3.0,-0.052480724,0.01015889,-0.24794482,-0.2897689,0.9005459,0.9710434,0.75208884,0.8722752,-0.40479764,71.0,-0.35352704,0,1
MU,Technology,3.4177084,5.0,4.230853,2.4157152,0.07608695652173912,0.03404255319148936,0.030626702997275206,3.0,-0.042692754,0.052782383,0.098185696,0.056361612,0.7461947,0.62419933,0.69852716,0.6708616,-0.15195109,74.0,-0.25369367,0,1
AXON,Industrials,1.7081798,5.0,1.3479248,2.152102,0.08770718232044199,0.03399581589958159,0.026381909547738693,3.0,0.023079734,-0.116863295,-0.22693455,-0.26875862,1.2609111,1.0773333,0.72672737,0.75269157,-0.44315547,295.0,-0.37124446,0,4
ALGM,Technology,2.847885,5.0,2.8386433,2.8592727,0.07822014051522248,0.03399581589958159,0.030626702997275206,3.0,-0.10017706,0.0085057905,-0.3005604,-0.34238452,1.1395936,1.1873541,1.1398866,0.8027887,-0.48908362,71.0,-0.3688838,0,2
AVAV,Industrials,1.9512522,5.0,1.3050053,2.7475863,0.06822226616571088,0.03399581589958159,0.010755508919202518,3.0,-0.026345735,-0.067722894,-0.03307477,-0.074898854,1.0193933,1.1569017,0.47761947,0.63497657,-0.66544664,249.0,-0.30053058,0,4
CDE,Basic Materials,3.1281998,5.0,2.875522,3.439561,0.07608695652173912,0.03399581589958159,0.01962359421620381,3.0,-0.030011363,-0.15781716,0.098781206,0.05695712,0.787618,1.559686,0.8436019,0.577717,-0.36835226,155.0,-0.25709137,0,3
AMAT,Technology,2.9208007,5.0,3.2333074,2.5357163,0.06822226616571088,0.03352925460860273,0.030626702997275206,3.0,-0.061125066,0.11678154,-0.11786412,-0.1596882,0.73660505,0.831114,0.82069886,0.8466427,-0.2979638,71.0,-0.3019571,0,1
INTC,Technology,2.7489247,5.0,3.2458448,2.1365974,0.06822226616571088,0.03352925460860273,0.026381909547738693,3.0,-0.122601226,0.04366026,0.015321898,-0.026502188,0.8485228,0.97538346,1.0,0.9810731,-0.25713074,77.0,-0.24016337,0,1
TER,Technology,3.5997114,5.0,4.0183687,3.0838234,0.05697003798002532,0.03352925460860273,0.030626702997275206,3.0,-0.10324251,0.087765716,0.18095246,0.13912837,0.7909338,0.7821185,1.0146376,0.98332727,-0.16742171,71.0,-0.25683427,0,2
RH,Consumer Cyclical,1.9901013,5.0,1.6038698,2.466033,0.06822226616571088,0.03352925460860273,0.030626702997275206,3.0,-0.028806252,-0.12707064,-0.27703625,-0.31886035,1.2539256,0.9873258,0.7776758,0.5922664,-0.4976814,432.0,-0.4204945,0,4
KLAC,Technology,2.9732785,5.0,3.1499941,2.7555218,0.07822014051522248,0.030774214447683836,0.031142503325230466,3.0,-0.054715026,0.10379284,-0.11905039,-0.16087447,0.85780007,0.799379,0.13962482,0.4153763,-0.35106206,71.0,-0.27269536,0,1
APP,Communication Services,2.4190536,5.0,1.8743834,3.0902205,0.0769377261474005,0.023742321102440643,0.012416851441241685,3.0,0.03288348,-0.11908163,-0.3744157,-0.4162398,0.84781003,0.9563192,0.6129544,0.5829487,-0.62235546,200.0,-0.40754977,0,4
GLW,Technology,3.1489937,5.0,3.3466656,2.9054136,0.05487346529691806,0.023742321102440643,0.030626702997275206,3.0,-0.04573975,-0.039480153,-0.14272831,-0.1845524,0.77079004,0.7776116,1.1531492,1.1895169,-0.3860729,72.0,-0.33889362,0,1
ON,Technology,2.696637,5.0,2.800783,2.5683036,0.09284794999080713,0.023742321102440643,0.030626702997275206,3.0,-0.08670045,0.10488814,-0.14208259,-0.18390667,1.2048718,1.1931486,1.0,1.1344303,-0.4211155,89.0,-0.28944847,0,1
HL,Basic Materials,2.8444417,5.0,2.868906,2.8142958,0.06822226616571088,0.023742321102440643,0.010755508919202518,3.0,-0.0075582014,-0.14735268,0.11955834,0.077734254,1.0386332,1.6754259,0.82962286,0.62002844,-0.4630442,179.0,-0.23518436,0,3
NXT,Technology,2.81103,5.0,2.7258177,2.9160323,0.10428281804358844,0.023742321102440643,0.01961796592669076,3.0,0.021470908,0.058512628,-0.13604894,-0.17787303,0.88832366,0.9212019,0.7416106,0.7414741,-0.44942454,92.0,-0.28589752,0,1
ONTO,Technology,3.229232,5.0,3.498604,2.8972995,0.04868913857677903,0.023742321102440643,0.01962359421620381,3.0,-0.10141255,0.095232725,-0.0318201,-0.07364419,0.92981434,0.8467267,0.83543116,1.0557733,-0.22174662,71.0,-0.31632847,0,1
SMTC,Technology,3.398542,5.0,3.8037176,2.8992662,0.04214845207012309,0.023742321102440643,0.007413743940690049,3.0,-0.038895737,0.17702505,0.4173289,0.3755048,0.9109718,1.3062968,0.4204999,1.0906835,-0.05020281,3.0,-0.2674731,0,1
WING,Consumer Cyclical,1.377447,5.0,0.95751923,1.8949007,0.06822226616571088,0.023742321102440643,0.01961796592669076,3.0,0.1437927,0.10622517,-0.20410717,-0.24593125,0.9087175,1.2832932,1.3443409,1.22044,-0.5676193,579.0,-0.33882973,0,5
DOCN,Technology,2.9902415,5.0,3.6364238,2.1939867,0.032682926829268294,0.02158273381294964,0.010755508919202518,3.0,-0.037481256,0.028767677,0.09325339,0.051429298,0.7821115,0.7252507,1.0,0.83484954,-0.25632957,81.0,-0.26499856,0,1
BE,Industrials,4.512362,5.0,5.1144066,3.770496,0.025466237942122185,0.019486350574712645,0.010755508919202518,3.0,-0.029915249,0.0851484,0.20133622,0.15951213,0.8110866,1.1831611,0.7922819,0.9681084,-0.18895477,77.0,-0.3272391,0,1
CIEN,Technology,3.0293107,5.0,3.4951484,2.4552846,0.05697003798002532,0.019486350574712645,0.01961796592669076,3.0,0.14930749,0.34436274,0.009720695,-0.032103393,1.6727133,1.0179025,1.3391302,1.1211951,-0.2826635,90.0,-0.28968742,0,1
DELL,Technology,2.5332587,5.0,3.1800237,1.736286,0.05697003798002532,0.019486350574712645,0.01962359421620381,3.0,0.04184736,0.15680392,0.37441984,0.33259577,0.828841,1.1436131,0.5361145,1.076173,-0.003976932,16.0,-0.19077933,0,1
HOOD,Financial,3.6242523,5.0,3.2418654,4.095446,0.05697003798002532,0.019486350574712645,0.010755508919202518,3.0,-0.032996286,-0.038030576,-0.0076461313,-0.04947022,1.0,0.78510517,0.822781,0.65608305,-0.28492725,251.0,-0.25082225,0,3
HPE,Technology,2.3012707,5.0,2.7813997,1.7096341,0.05697003798002532,0.019486350574712645,0.01961796592669076,3.0,0.05957013,0.33367985,0.55897117,0.5171471,0.9416815,1.0549614,1.0724006,1.0109043,0.0,0.0,-0.14961554,0,1
LITE,Technology,3.5751529,5.0,4.605754,2.3052003,0.05697003798002532,0.019486350574712645,0.010755508919202518,3.0,0.016523499,0.17917599,0.43637955,0.39455545,0.9975118,0.9123069,0.82793385,0.5938433,-0.026508773,3.0,-0.28082767,0,1
MRVL,Technology,3.3705697,5.0,3.852475,2.7767446,0.07608695652173912,0.019486350574712645,0.01961796592669076,3.0,0.010980903,0.2129009,0.26548064,0.22365654,1.137184,0.82989866,0.24480022,0.53928035,-0.12982996,88.0,-0.26541993,0,1
ORCL,Technology,2.3010972,5.0,1.7746476,2.9498115,0.05487346529691806,0.019486350574712645,0.007413743940690049,3.0,-0.0063247303,-0.07545448,0.0749582,0.03313411,0.72241765,1.2289716,0.58634704,0.86583096,-0.54388535,272.0,-0.1841004,0,4
SMCI,Technology,3.1712608,5.0,2.9289727,3.4698188,0.025466237942122185,0.019486350574712645,0.006948733786287832,3.0,-0.04200044,0.11971638,0.51319593,0.47137186,0.76286566,1.1147785,0.71454215,1.0572094,-0.27811316,646.0,-0.17628205,0,1
STX,Technology,2.5704324,5.0,3.2087421,1.7838787,0.04401805869074492,0.019486350574712645,0.012416851441241685,3.0,-0.077727646,-0.091267124,-0.0895038,-0.13132788,1.1472607,1.0818403,1.6096838,0.8461499,-0.28321958,77.0,-0.22414775,0,1
KTOS,Industrials,2.195567,5.0,1.6108315,2.916104,0.04868913857677903,0.019486350574712645,0.007413743940690049,3.0,-0.01648477,-0.0983397,-0.097955674,-0.13977976,1.4530865,1.2879828,1.1868781,0.6083266,-0.6759486,183.0,-0.3507278,0,2
MP,Basic Materials,2.708597,5.0,2.367876,3.1284485,0.05487346529691806,0.019486350574712645,0.007413743940690049,3.0,-0.017670892,-0.10093532,-0.0678788,-0.109702885,0.77176577,0.73414844,0.16280532,0.7185963,-0.53228587,248.0,-0.24985237,0,3
SITM,Technology,2.7097945,5.0,3.0442815,2.2976248,0.032682926829268294,0.019486350574712645,0.007413743940690049,3.0,-0.13682623,0.016769847,0.016297415,-0.025526673,0.8546643,1.1236835,0.9395134,1.0301282,-0.32070595,105.0,-0.26758644,0,1
STRL,Industrials,3.4300184,5.0,3.5118124,3.3292282,0.04214845207012309,0.019486350574712645,0.01783637068631252,3.0,-0.038281247,0.058037404,-0.22277436,-0.26459843,1.1737081,0.96649,1.0823592,0.97622794,-0.48376837,88.0,-0.3659466,0,3
TTMI,Technology,3.5222702,5.0,3.7953293,3.1857944,0.02874664622460713,0.019486350574712645,0.01961796592669076,3.0,-0.082353786,-0.010871295,-0.11243945,-0.15426354,1.003648,0.85586673,1.0005229,0.9145718,-0.45360544,77.0,-0.30697995,0,1
VICR,Technology,3.1649792,5.0,4.072173,2.0470946,0.025466237942122185,0.019486350574712645,0.01961796592669076,3.0,-0.13865325,0.49435553,0.055163402,0.013339315,1.0693043,1.2400659,0.63630104,0.6899704,-0.29941016,71.0,-0.33463135,0,1
COHR,Technology,3.8441727,5.0,4.2624965,3.3286955,0.02874664622460713,0.015278041374074777,0.012416851441241685,3.0,-0.07245435,0.066343695,0.017014151,-0.024809936,1.1097234,1.2576032,0.4086721,1.0094967,-0.26768023,90.0,-0.3025875,0,1
COIN,Financial,3.29504,5.0,2.6919265,4.0382233,0.025466237942122185,0.015278041374074777,0.006948733786287832,3.0,-0.01972678,0.04127003,0.13992505,0.09810096,1.0602264,0.872266,1.1284126,1.0015968,-0.5364599,309.0,-0.17310208,0,4
MRNA,Healthcare,2.7796226,5.0,4.3171697,0.88498867,0.025466237942122185,0.015278041374074777,0.010755508919202518,3.0,0.18414824,0.6469039,2.3577077,2.3158836,1.8735133,1.9477108,2.407849,1.2303563,0.0,0.0,-0.23546275,0,1
SNDK,Technology,4.526526,5.0,5.897787,2.8367965,0.025466237942122185,0.015278041374074777,0.007413743940690049,3.0,-0.08033189,-0.0654441,-0.055048794,-0.09687288,0.60065866,0.61352426,0.52242416,0.63967395,-0.32256106,74.0,-0.4220739,0,2
WDC,Technology,3.3047366,5.0,3.8589487,2.6218116,0.02874664622460713,0.015278041374074777,0.009009009009009009,3.0,-0.043367308,-0.13809037,-0.28465927,-0.32648337,1.2932148,0.9366463,1.0,0.59866136,-0.4674463,78.0,-0.3015759,0,2
AMKR,Technology,3.4608207,5.0,3.5884929,3.3034973,0.025466237942122185,0.015278041374074777,0.007413743940690049,3.0,-0.12317032,-0.008277808,-0.25506517,-0.29688925,0.8674796,0.86786294,0.7474074,0.78682977,-0.47396693,77.0,-0.3913105,0,1
HIMS,Healthcare,2.9466553,5.0,2.5373576,3.45101,0.025466237942122185,0.015278041374074777,0.006948733786287832,3.0,0.0662069,0.12682214,-0.10063993,-0.14246403,0.8885009,0.48968363,0.7594003,0.69065857,-0.5073295,412.0,-0.32741454,0,2
FISV,Technology,,,,,0.0769377261474005,0.03352925460860273,0.02188679245283019,,0.028629405,-0.067443274,-0.10844078,-0.15026487,0.78838277,,1.0,,,404.0,-0.20473285,0,6
