tree
version=v4
num_class=1
num_tree_per_iteration=1
label_index=0
max_feature_idx=69
objective=regression
feature_names=Column_0 Column_1 Column_2 Column_3 Column_4 Column_5 Column_6 Column_7 Column_8 Column_9 Column_10 Column_11 Column_12 Column_13 Column_14 Column_15 Column_16 Column_17 Column_18 Column_19 Column_20 Column_21 Column_22 Column_23 Column_24 Column_25 Column_26 Column_27 Column_28 Column_29 Column_30 Column_31 Column_32 Column_33 Column_34 Column_35 Column_36 Column_37 Column_38 Column_39 Column_40 Column_41 Column_42 Column_43 Column_44 Column_45 Column_46 Column_47 Column_48 Column_49 Column_50 Column_51 Column_52 Column_53 Column_54 Column_55 Column_56 Column_57 Column_58 Column_59 Column_60 Column_61 Column_62 Column_63 Column_64 Column_65 Column_66 Column_67 Column_68 Column_69
feature_infos=[-0.49952448882548739:0.5] [-0.4400705052878966:0.5] [-0.49952448882548739:0.5] [-0.49952494061757718:0.5] [-0.4995329285380663:0.5] [-0.49952494061757718:0.5] [-0.49953249181860682:0.5] [-0.49950980392156863:0.5] [-0.49951923076923077:0.5] [-0.49952494061757718:0.5] [-0.4995329285380663:0.5] [-0.4995329285380663:0.5] [-0.4995329285380663:0.5] [-0.49952175992348158:0.5] [-0.49952448882548739:0.5] [-0.49952494061757718:0.5] [-0.49951923076923077:0.5] [-0.49952061361457334:0.5] [-0.49952130205840117:0.5] [-0.49952494061757718:0.5] [-0.4995329285380663:0.5] [-0.4995329285380663:0.5] [-0.49952448882548739:0.5] [-0.49952448882548739:0.5] [-0.49952494061757718:0.5] [-0.4995329285380663:0.5] [-0.49952448882548739:0.5] [-0.49952175992348158:0.5] [-0.49952380952380954:0.5] [-0.49952175992348158:0.5] [-0.49952494061757718:0.5] [-0.49952061361457334:0.5] [-0.49949571356530509:0.4996904024767802] [-0.49949924887330999:0.5] [-0.49952448882548739:0.5] [-0.49952494061757718:0.5] [-0.23554336989032904:0.49705251875669887] [-0.4995329285380663:0.5] [-0.4995329285380663:0.5] [-0.49952494061757718:0.5] [-0.4995329285380663:0.5] [-0.49952494061757718:0.5] [-0.49953139643861294:0.5] [-0.49952198852772467:0.5] [-0.49952448882548739:0.5] [-0.4995329285380663:0.5] [-0.49953139643861294:0.5] [-0.49952084331576424:0.5] [-0.49952494061757718:0.5] [-0.4995329285380663:0.5] [-0.4995329285380663:0.5] [-0.49952380952380954:0.5] [-0.4995329285380663:0.5] [-0.49952380952380954:0.5] [-0.49952494061757718:0.5] [-0.4995329285380663:0.5] [-0.49952494061757718:0.5] [-0.4995329285380663:0.5] [-0.49952494061757718:0.5] [-0.49953183520599254:0.5] [-0.4995231282784931:0.5] [-0.4995329285380663:0.5] [-0.4995329285380663:0.5] [-0.4995329285380663:0.5] [-0.4995329285380663:0.5] [-0.49952494061757718:0.5] [-0.49952494061757718:0.5] [-0.4995329285380663:0.5] [-0.4995329285380663:0.5] [-0.49952494061757718:0.5]
tree_sizes=1621 1630 1629 1628 1636 1635 1626 1631 1634 1629 1626 1630 1624 1631 1631 1625 1628 1638 1633 1627 1643 1628 1632 1645 1633 1628 1626 1629 1639 1634 1635 1642 1632 1629 1642 1635 1644 1634 1626 1628 1643 1633 1647 1635 1625 1620 1619 1626 1636 1638 1625 1634 1643 1638 1628 1622 1635 1634 1632 1637 1636 1632 1632 1644 1632 1633 1631 1626 1636 1639 1630 1631 1620 1634 1640 1632 1630 1638 1624 1630 1624 1641 1637 1633 1635 1627 1636 1632 1638 1631 1646 1631 1631 1628 1626 1634 1624 1649 1639 1639 1633 1637 1638 1637 1630 1638 1639 1627 1627 1641 1628 1647 1637 1633 1634 1624 1618 1627 1643 1635 1634 1628 1635 1633 1643 1625 1647 1632 1632 1634 1635 1631 1624 1615 1639 1631 1638 1635 1625 1628 1624 1634 1619 1642 1635 1637 1640 1629 1632 1614 1628 1632 1642 1642 1637 1622 1623 1630 1645 1628 1637 1618 1635 1635 1638 1640 1634 1639 1635 1627 1622 1631 1635 1635 1643 1627 1638 1630 1629 1624 1636 1636 1623 1639 1631 1633 1626 1630 1631 1631 1634 1627 1632 1649 1633 1622 1641 1623 1622 1620 1637 1628 1629 1627 1644 1629 1630 1639 1625 1635 1628 1634 1632 1629 1627 1616 1630 1638 1632 1640 1631 1624 1624 1635 1627 1623 1612 1623 1640 1633 1635 1636 1640 1626 1615 1635 1632 1638 1624 1626 1622 1630 1607 1638 1645 1621 1636 1638 1643 1636

Tree=0
num_leaves=15
num_cat=0
split_feature=56 56 65 63 53 22 53 42 58 53 53 53 65 56
split_gain=298.634 87.6358 37.1954 22.7789 25.4227 20.0412 15.2792 14.5993 15.5557 13.6198 12.9912 10.732 10.6939 9.63895
threshold=-1.0000000180025095e-35 0.33479484384602032 -0.27035414665992874 0.17397691518635097 -0.2506861198002055 -0.047718942370733451 0.043070233989691127 -0.039942085589285407 -0.26745976863526932 -0.28237294391844103 0.34104526048342654 -0.0042759420968205833 0.21601718801455885 -0.45667658671446321
decision_type=2 2 2 2 2 2 2 2 2 2 2 2 2 2
left_child=3 5 -3 4 13 6 -2 12 -9 -7 -4 -10 -6 -1
right_child=1 2 10 -5 7 9 -8 8 11 -11 -12 -13 -14 -15
leaf_value=0.0027541639107680842 -0.001122929200667457 -0.00077501109953152097 -0.0019048678804717855 0.00056918211383615437 0.00080186567930124256 0.0014047704799553915 -0.00012813793211234749 0.00046386474760048865 0.0011062722756340947 9.3878405007864226e-05 -0.0033715969154833247 0.0022065878558388944 -0.0005153512073829262 0.0016658098871487649
leaf_weight=8668 22363 30747 22039 45253 28025 8167 36706 12564 14611 55865 7256 17631 6906 47771
leaf_count=8668 22363 30747 22039 45253 28025 8167 36706 12564 14611 55865 7256 17631 6906 47771
internal_value=0.00028975 -0.000564817 -0.00150438 0.00115239 0.00134616 -0.000106441 -0.00050493 0.00100115 0.00135952 0.000261227 -0.00226928 0.00170837 0.000541294 0.00183337
internal_weight=364572 183143 60042 181429 136176 123101 59069 79737 44806 64032 29295 32242 34931 56439
internal_count=364572 183143 60042 181429 136176 123101 59069 79737 44806 64032 29295 32242 34931 56439
is_linear=0
shrinkage=1


Tree=1
num_leaves=15
num_cat=0
split_feature=59 56 65 59 63 56 45 47 63 19 16 40 57 57
split_gain=298.852 85.0417 33.0008 30.0143 14.789 14.2294 13.9214 12.6809 12.4027 11.4115 11.8163 9.76894 9.64598 7.63465
threshold=-0.015956064555962265 0.33479484384602032 -0.27035414665992874 -0.38987459389750917 0.040051318612149452 0.46553705317070598 -0.36859621072076315 -0.1688459635406547 0.02809548585303007 0.28351867766611877 0.011868878851571953 0.26140169078888004 -0.41345320073186642 0.25224820871140446
decision_type=2 2 2 2 2 2 2 2 2 2 2 2 2 2
left_child=3 6 -3 8 7 -4 -2 -5 -1 13 -11 -9 -6 -8
right_child=1 2 5 4 12 -7 9 11 -10 10 -12 -13 -14 -15
leaf_value=0.0020960794630884329 -0.0010795245418853418 -0.0010602324080398067 -0.0021460323335890036 0.00054879281038317039 -0.0010163457977120914 -0.0038377904983071995 3.7705163161501392e-05 0.0015633711239852238 0.0010024122193065012 -0.0023655908557303033 -0.00054225968984128795 0.00041754657323311172 0.00044418757613043602 -0.00066290394969686201
leaf_weight=22834 21839 30820 23697 34637 4407 5538 71857 32651 15833 3845 18859 8435 51837 17375
leaf_count=22834 21839 30820 23697 34637 4407 5538 71857 32651 15833 3845 18859 8435 51837 17375
internal_value=-1.92471e-06 -0.000807922 -0.00174569 0.000913634 0.000698168 -0.00246771 -0.000386834 0.000971855 0.00164863 -0.000251604 -0.000851953 0.00132829 0.000329587 -9.87744e-05
internal_weight=364464 193830 60055 170634 131967 29235 133775 75723 38667 111936 22704 41086 56244 89232
internal_count=364464 193830 60055 170634 131967 29235 133775 75723 38667 111936 22704 41086 56244 89232
is_linear=0
shrinkage=0.03


Tree=2
num_leaves=15
num_cat=0
split_feature=66 9 59 65 52 63 66 66 53 9 58 58 53 52
split_gain=339.026 63.7993 56.9205 39.1274 31.461 17.8579 16.1089 15.0489 14.1049 10.3883 10.1244 9.86566 9.79076 13.5052
threshold=0.17416038509186613 -0.40465047839358304 -0.24011578571269063 -0.051819767028293794 -0.0042640892831384272 0.094716185254682186 0.34361924620868656 -0.047494153789719822 -0.23457268919010341 0.20702058078679966 -0.26745976863526932 -0.25567874692874687 0.0039440054808907452 0.28953358885378366
decision_type=2 2 2 2 2 2 2 2 2 2 2 2 2 2
left_child=2 3 5 -2 -3 8 -6 11 -1 -8 -7 -4 13 -9
right_child=1 4 7 -5 6 10 9 12 -10 -11 -12 -13 -14 -15
leaf_value=0.0019097174952984986 -0.0023212514160345457 -0.00063741487800072344 4.7647581862068564e-05 -0.0061763437295004418 -0.0011663696207986232 -6.63766308999507e-06 -0.0038485472559461244 -0.00068559326244699748 0.00099544383397625973 -0.0020025591082536791 0.0011161919208643055 0.00080913874997194733 0.00030606251236655891 0.00066950379395229324
leaf_weight=35604 8401 61417 21434 3304 25304 12935 3267 27748 26551 17448 16369 53614 42932 8683
leaf_count=35604 8401 61417 21434 3304 25304 12935 3267 27748 26551 17448 16369 53614 42932 8683
internal_value=2.04731e-06 -0.00131132 0.000638491 -0.00341378 -0.00108196 0.00123155 -0.00167498 0.000287158 0.00151939 -0.00229541 0.000620734 0.000591689 -8.53752e-07 -0.000362523
internal_weight=365011 119141 245870 11705 107436 91459 46019 154411 62155 20715 29304 75048 79363 36431
internal_count=365011 119141 245870 11705 107436 91459 46019 154411 62155 20715 29304 75048 79363 36431
is_linear=0
shrinkage=0.03


Tree=3
num_leaves=15
num_cat=0
split_feature=59 56 9 59 65 43 52 63 63 9 53 53 57 65
split_gain=263.475 76.2312 46.1927 26.4045 22.6534 18.6842 16.343 13.3969 11.0625 10.3527 10.0881 19.5894 8.68451 8.5613
threshold=-0.015956064555962265 0.33479484384602032 -0.36431715370736689 -0.37818020536530289 -0.16266805700382342 -0.29742863664807717 0.023833292392290598 -0.0040467171480867417 0.016113115774488988 -0.36431715370736689 -0.27427431082152193 0.039184127557442112 -0.41345320073186642 0.35990613273469574
decision_type=2 2 2 2 2 2 2 2 2 2 2 2 2 2
left_child=3 5 4 8 -3 9 -4 -5 -1 -2 13 -12 -9 -7
right_child=1 2 6 7 -6 10 -8 12 -10 -11 11 -13 -14 -15
leaf_value=0.0019266658073239162 -0.0025419297955973945 -0.0024914240108457777 -0.00086381831198190193 0.00094667544541698879 -0.0057868837797140646 0.0014465144045721942 -0.0019426223595194986 -0.00095060619061351228 0.00095196007243196338 -0.00079087776529644335 -0.00078111379546350025 0.00011700637095788787 0.00043028356645230921 -0.00040288440586081219
leaf_weight=24496 3377 4887 30305 65840 3069 6150 21708 4404 18373 29838 36757 53894 57527 3546
leaf_count=24496 3377 4887 30305 65840 3069 6150 21708 4404 18373 29838 36757 53894 57527 3546
internal_value=5.68365e-06 -0.00075201 -0.00164049 0.000865014 -0.00376831 -0.000352992 -0.00131435 0.000648765 0.00150924 -0.00096962 -0.000148811 -0.000247208 0.000331949 0.000770438
internal_weight=364171 193531 59969 170640 7956 133562 52013 127771 42869 33215 100347 90651 61931 9696
internal_count=364171 193531 59969 170640 7956 133562 52013 127771 42869 33215 100347 90651 61931 9696
is_linear=0
shrinkage=0.03


Tree=4
num_leaves=15
num_cat=0
split_feature=56 59 9 65 59 52 57 53 53 65 60 40 43 9
split_gain=244.106 66.5955 60.7606 27.2959 21.1986 19.7259 13.5379 13.4036 19.9947 12.6053 11.8123 9.2416 8.61182 8.36993
threshold=0.20113281395105384 -0.067245603308796295 -0.40465047839358304 -0.063314953512830577 -0.39388321995464848 0.019869389283406706 0.34311706317047125 0.011792456069461501 -0.27041253394561704 0.3796752511312339 -1.0000000180025095e-35 0.25355051619329561 -0.26957204966549841 -0.079965823204624045
decision_type=2 2 2 2 2 2 2 2 2 2 2 2 2 2
left_child=1 4 3 -2 -1 13 10 8 9 -3 -7 -6 -9 -4
right_child=2 7 5 -5 11 6 -8 12 -10 -11 -12 -13 -14 -15
leaf_value=0.0015233670100413767 -0.0023889927788314658 0.0012189220482698552 -0.0011464453815662836 -0.0058005006687835061 0.00082553118841823642 -0.00014458162459399739 -0.0020782955991091381 -0.00047642249585300053 -0.00081796920816996888 -0.00081195616190389878 -0.0015446602249542529 0.00012329753838901658 0.00043161775977206945 -0.00036445381212377772
leaf_weight=37291 7107 8616 17920 3011 94505 9104 18294 12011 35358 4030 13413 20535 43116 39413
leaf_count=37291 7107 8616 17920 3011 94505 9104 18294 12011 35358 4030 13413 20535 43116 39413
internal_value=-2.66629e-06 0.000503274 -0.00119645 -0.00340894 0.000901801 -0.000968034 -0.00147211 -8.54068e-05 -0.000451864 0.000571596 -0.0009789 0.000700202 0.000233725 -0.00060903
internal_weight=363724 255462 108262 10118 152331 98144 40811 103131 48004 12646 22517 115040 55127 57333
internal_count=363724 255462 108262 10118 152331 98144 40811 103131 48004 12646 22517 115040 55127 57333
is_linear=0
shrinkage=0.03


Tree=5
num_leaves=15
num_cat=0
split_feature=66 59 66 22 59 36 36 59 66 52 52 22 10 18
split_gain=283.326 58.9804 26.4847 16.4134 12.5711 12.3684 17.2952 11.2435 9.93888 9.87489 8.61817 7.89743 6.56849 6.4557
threshold=0.22157976914353109 -0.23226081443608382 0.42637666564232057 -0.11953049134938794 1.0000000180025095e-35 -0.05118731548302443 -0.15202657426408328 -0.46068786603736028 -0.083427146433183788 -0.019930618021344351 0.0081097638069383988 -0.19104190427740347 -0.34879029379646437 -0.37037505860290665
decision_type=2 2 2 2 2 2 2 2 2 2 2 2 2 2
left_child=1 7 4 9 -2 6 -4 -1 -5 -3 12 -9 -6 -12
right_child=2 3 5 8 10 -7 -8 11 -10 -11 13 -13 -14 -15
leaf_value=0.0019058522634919674 -0.0025119183293257478 0.00010731238032367149 -0.00055399407492889049 0.0007469843000629438 -0.0012546971226114619 -0.0012067461187037448 -0.0030089842070335111 0.00044157914414343172 0.00016595289821597412 -0.00069008579274523892 -0.0026912218875703481 0.0011440045781708546 -0.00045453749873641662 -0.0012153617873664731
leaf_weight=13852 4993 32693 3113 43345 13255 8466 15298 18799 68158 24403 3024 61878 30451 22691
leaf_count=13852 4993 32693 3113 43345 13255 8466 15298 18799 68158 24403 3024 61878 30451 22691
internal_value=-2.59635e-06 0.000516403 -0.00135074 0.000180065 -0.00105895 -0.00215792 -0.00259441 0.0011162 0.000391866 -0.000233559 -0.000954103 0.000980404 -0.000697439 -0.0013899
internal_weight=364419 263128 101291 168599 74414 26877 18411 94529 111503 57096 69421 80677 43706 25715
internal_count=364419 263128 101291 168599 74414 26877 18411 94529 111503 57096 69421 80677 43706 25715
is_linear=0
shrinkage=0.03


Tree=6
num_leaves=15
num_cat=0
split_feature=66 66 66 63 58 43 57 66 22 42 33 57 36 36
split_gain=278.152 53.5762 26.559 21.6959 11.9673 11.2763 10.5494 10.241 10.4121 10.3512 7.85834 12.3438 6.99877 9.92906
threshold=0.22157976914353109 -0.055491975677423054 0.42637666564232057 0.094716185254682186 -0.25163756239184215 -0.27346670351792279 0.15378420693624065 -0.42121032600890412 -0.19104190427740347 0.031701521970879949 0.070705469405532864 0.071344512735572088 -0.05118731548302443 -0.13567844522417394
decision_type=2 2 2 2 2 2 2 2 2 2 2 2 2 2
left_child=1 3 10 7 -5 -3 -4 -1 -9 -10 11 -2 13 -8
right_child=2 5 6 4 -6 -7 12 8 9 -11 -12 -13 -14 -15
leaf_value=0.0017350398637527146 -0.0028536618324519931 -0.00062504230925307434 -0.0037943805119212979 -0.0001797828748272075 0.0007206119109205017 0.00013586288784884774 -0.0010314193562358743 0.00036275551202859723 0.00080664445760340528 0.0015569737343388123 -0.00069774674734863487 -0.0011472225396021126 -0.001196985090119717 -0.0027370963342096804
leaf_weight=18743 4240 22576 3103 21861 33844 78274 4171 20109 37163 29888 32388 37855 7851 11826
leaf_count=18743 4240 22576 3103 21861 33844 78274 4171 20109 37163 29888 32388 37855 7851 11826
internal_value=-7.55632e-06 0.000508075 -0.00134166 0.000846656 0.00036729 -3.45163e-05 -0.00214866 0.00109874 0.000961731 0.00114129 -0.0010494 -0.00131974 -0.00193303 -0.00229329
internal_weight=363892 262458 101434 161608 55705 100850 26951 105903 87160 67051 74483 42095 23848 15997
internal_count=363892 262458 101434 161608 55705 100850 26951 105903 87160 67051 74483 42095 23848 15997
is_linear=0
shrinkage=0.03


Tree=7
num_leaves=15
num_cat=0
split_feature=66 9 59 65 65 66 43 59 58 58 66 66 65 41
split_gain=244.86 54.1038 49.1625 34.1706 22.9059 19.6315 16.2377 15.5082 14.9204 10.7556 10.2956 9.10033 8.55014 8.06173
threshold=0.20564279216102502 -0.40465047839358304 -0.23226081443608382 -0.051819767028293794 -0.12652534880614144 0.44955750672224309 -0.22574968231926101 -0.46068786603736028 -0.24387853066933698 -0.25163756239184215 0.34361924620868656 -0.13006156022754545 -0.33362910591125244 0.090646372886791518
decision_type=2 2 2 2 2 2 2 2 2 2 2 2 2 2
left_child=2 3 7 -2 10 -6 -4 -1 13 -8 -3 -11 -12 -9
right_child=1 4 6 -5 5 -7 9 8 -10 11 12 -13 -14 -15
leaf_value=0.0019847989040557789 -0.0021241553470373537 -0.00016295195152087435 -0.00038193611024539526 -0.005835974684078973 -0.001332666634186846 -0.0036406491098543298 -0.00016871818659676004 0.00079012755260368433 0.0012648330410276797 0.00094896499166360307 -0.00057571894355585597 0.00031782825740714728 -0.0015287720860967214 -0.0001394659494769865
leaf_weight=13904 7824 26028 34131 3126 30797 3713 27764 22548 44849 28776 21725 72031 13900 13370
leaf_count=13904 7824 26028 34131 3126 30797 3713 27764 22548 44849 28776 21725 72031 13900 13370
internal_value=1.43429e-05 -0.0011909 0.000515967 -0.00318816 -0.000963171 -0.00158197 0.000199665 0.00105949 0.000899969 0.000354077 -0.0006166 0.000498067 -0.000947902 0.000444156
internal_weight=364486 107113 257373 10950 96163 34510 162702 94671 80767 128571 61653 100807 35625 35918
internal_count=364486 107113 257373 10950 96163 34510 162702 94671 80767 128571 61653 100807 35625 35918
is_linear=0
shrinkage=0.03


Tree=8
num_leaves=15
num_cat=0
split_feature=56 56 53 53 63 43 60 57 57 57 58 69 57 60
split_gain=192.183 33.2758 27.5073 22.2276 21.0302 12.8348 12.3909 12.1397 12.1589 11.3971 10.306 9.32389 8.83992 8.7521
threshold=0.12211034888168849 0.33479484384602032 -0.25846108220178593 1.0000000180025095e-35 0.2215532615157095 -0.079419117773641842 -0.18109021856428495 0.051516830475882243 0.41821495106961609 -0.26478430330410124 -0.26745976863526932 -0.40883550999565105 -0.020210060613050081 -0.27924289467399083
decision_type=2 2 2 2 2 2 2 2 2 2 2 2 2 2
left_child=2 11 4 6 13 -5 -4 -3 -9 -8 -7 -2 -12 -1
right_child=1 7 3 5 -6 10 9 8 -10 -11 12 -13 -14 -15
leaf_value=0.001696335996002239 -0.0012898825268537579 -0.0031007290847958895 0.00036905678912862333 6.4620587515517127e-05 -6.0053917502424434e-05 0.0002488253983634665 0.00035926007203424779 -0.00090971583886477697 -0.0017949929894399395 -0.00081891837417256866 0.0014491551712222735 -0.00033850967449433909 0.00055117908572389082 0.00096276771433154694
leaf_weight=22800 10776 3605 25917 26858 13970 17799 10267 31257 25291 26312 26154 66132 15869 41064
leaf_count=22800 10776 3605 25917 26858 13970 17799 10267 31257 25291 26312 26154 66132 15869 41064
internal_value=1.56114e-06 -0.000885459 0.000537129 0.000298557 0.000994278 0.000609475 -0.000132706 -0.00141396 -0.0013059 -0.000488219 0.000854045 -0.000471962 0.00111027 0.00122488
internal_weight=364071 137061 227010 149176 77834 86680 62496 60153 56548 36579 59822 76908 42023 63864
internal_count=364071 137061 227010 149176 77834 86680 62496 60153 56548 36579 59822 76908 42023 63864
is_linear=0
shrinkage=0.03


Tree=9
num_leaves=15
num_cat=0
split_feature=59 56 63 59 59 57 58 53 53 47 59 40 41 18
split_gain=189.414 51.8445 21.0387 14.7893 14.3038 13.1527 12.5371 12.1826 20.6823 10.668 9.30997 6.67693 6.59199 6.66884
threshold=-0.015956064555962265 0.30718358272265867 -0.027532061564463497 0.03556358179344022 -0.38987459389750917 0.41821495106961609 -0.25567874692874687 -0.28237294391844103 0.039184127557442112 -0.15724487866238585 -0.24011578571269063 0.26140169078888004 0.31496403778550153 0.055022453813767531
decision_type=2 2 2 2 2 2 2 2 2 2 2 2 2 2
left_child=2 7 4 -3 -1 -5 12 -2 -9 -6 -8 -11 13 -4
right_child=1 3 6 5 9 -7 10 8 -10 11 -12 -13 -14 -15
leaf_value=0.0017784465641645945 0.00068687617923855933 -0.0028907392131035134 0.00049566285627462067 -0.0008312748873307061 0.00045330510843197644 -0.0017031558308906393 0.0010890488568604665 -0.00085869051318092761 -3.203366486845359e-05 0.0014420433704890319 0.00031513614136713771 0.00037364869209937951 -0.001108818104626733 -0.00048840639759407912
leaf_weight=19473 10806 4867 15440 39337 31292 25811 25517 45793 67209 26237 30979 6596 4800 10340
leaf_count=19473 10806 4867 15440 39337 31292 25811 25517 45793 67209 26237 30979 6596 4800 10340
internal_value=-2.32142e-06 -0.00064405 0.000726441 -0.00129644 0.00106636 -0.00117691 0.000400012 -0.000275038 -0.000367075 0.000849879 0.000664813 0.00122759 -8.92589e-05 0.00010093
internal_weight=364497 193823 170674 70015 83598 65148 87076 123808 113002 64125 56496 32833 30580 25780
internal_count=364497 193823 170674 70015 83598 65148 87076 123808 113002 64125 56496 32833 30580 25780
is_linear=0
shrinkage=0.03


Tree=10
num_leaves=15
num_cat=0
split_feature=66 66 65 66 63 33 47 22 65 43 59 47 65 51
split_gain=214.265 44.7027 36.5091 35.2102 18.1648 13.2711 14.5654 11.8972 11.4401 11.2668 11.1659 7.54188 8.40887 7.09214
threshold=0.22945308198634248 -0.10706084430102082 -0.27439009248650081 0.42637666564232057 -0.0078467340058724615 0.1103912248865009 1.0000000180025095e-35 -0.051714500491509406 0.11378938296057113 -0.27768874204081223 -0.37818020536530289 -0.29102981287136714 0.25865455609938659 0.059098631444470702
decision_type=2 2 2 2 2 2 2 2 2 2 2 2 2 2
left_child=1 4 -2 5 10 6 -4 -6 -5 -3 -1 -12 -13 -11
right_child=2 9 3 8 7 -7 -8 -9 -10 13 11 12 -14 -15
leaf_value=0.0016812909584989087 -0.000571468055028674 -0.00055600284596143751 -0.0027865194641714152 -0.0025671211655092681 -8.489967809312023e-05 -0.0006854873967231407 -0.0012261065764037709 0.00074111513301328071 -0.0046244065279677079 0.00038886568683253151 0.00035582947411155757 0.001489904878474284 0.00053502117468506589 -0.00012479071308434567
leaf_weight=22622 45515 24407 8309 8591 24303 17535 15353 44278 3428 55259 16652 22049 13333 43018
leaf_count=22622 45515 24407 8309 8591 24303 17535 15353 44278 3428 55259 16652 22049 13333 43018
internal_value=-2.05577e-06 0.000441053 -0.00119544 -0.00172891 0.000801013 -0.00131154 -0.001775 0.000448431 -0.00315725 2.07573e-05 0.0011248 0.000882588 0.00113033 0.000164037
internal_weight=364652 265921 98731 53216 143237 41197 23662 68581 12019 122684 74656 52034 35382 98277
internal_count=364652 265921 98731 53216 143237 41197 23662 68581 12019 122684 74656 52034 35382 98277
is_linear=0
shrinkage=0.03


Tree=11
num_leaves=15
num_cat=0
split_feature=66 9 59 53 22 58 66 59 9 41 53 59 33 58
split_gain=203.415 48.9862 40.6198 16.6413 13.3678 12.2435 9.18773 8.74785 8.47095 8.04131 7.9819 6.96756 6.66088 8.17502
threshold=0.22547436079235569 -0.36431715370736689 -0.22824276924846182 0.035441977002770693 -0.17884106634106631 -0.24387853066933698 0.42233618533323991 -0.46068786603736028 0.093923667907178168 -0.41291598167548266 -1.0000000180025095e-35 -0.45670357076595919 -0.13708673948537031 -0.26364091591933353
decision_type=2 2 2 2 2 2 2 2 2 2 2 2 2 2
left_child=2 -2 5 8 10 7 -5 -1 -3 -6 -4 -7 -11 -14
right_child=1 3 4 6 9 11 -8 -9 -10 12 -12 -13 13 -15
leaf_value=0.0014409409495076634 -0.0028472135994284734 -0.0028880272263578748 -0.00071582978296980701 -0.00035316526149223749 -0.0007056278463272791 0.0022399864516458043 -0.001178704816172615 0.00037162243451606831 -0.0012903524473939995 7.9821060282694344e-05 7.4795659657495651e-05 0.0011309551589722062 -0.00016522770609499201 0.00069407087034318606
leaf_weight=8502 13192 3397 20179 41238 6376 5752 17190 36101 24782 40742 26675 45247 11850 62491
leaf_count=8502 13192 3397 20179 41238 6376 5752 17190 36101 24782 40742 26675 45247 11850 62491
internal_value=8.87142e-06 -0.00114479 0.000445152 -0.000885173 0.000164632 0.000938955 -0.000596206 0.000575728 -0.00148391 0.000330679 -0.00026579 0.00125645 0.00038815 0.000557094
internal_weight=363714 99799 263915 86607 168313 95602 58428 44603 28179 121459 46854 50999 115083 74341
internal_count=363714 99799 263915 86607 168313 95602 58428 44603 28179 121459 46854 50999 115083 74341
is_linear=0
shrinkage=0.03


Tree=12
num_leaves=15
num_cat=0
split_feature=66 9 66 65 52 63 9 43 58 52 9 52 9 65
split_gain=191.525 47.1356 37.1163 29.4017 20.8417 16.9818 13.5734 10.9534 10.951 7.90167 7.82105 7.54729 10.6946 7.19186
threshold=0.22157976914353109 -0.40465047839358304 -0.079509304464727912 -0.086529640188176757 0.0081097638069383988 0.036106711357663086 0.05522651139133939 -0.27768874204081223 -0.26745976863526932 0.21907484273818159 0.090113900697842322 -0.32996401997424618 -0.14300133320129316 0.21601718801455885
decision_type=2 2 2 2 2 2 2 2 2 2 2 2 2 2
left_child=2 3 5 -2 11 9 -6 -4 -7 10 13 -3 -13 -1
right_child=1 4 7 -5 6 8 -8 -9 -10 -11 -12 12 -14 -15
leaf_value=0.0011652730185514354 -0.0019222185624185133 4.79704237405399e-05 -0.00057593911046317325 -0.0053286980602981517 -0.0031902187711139707 -0.00014343361358715081 -0.0012399111819953032 0.00016470296587552151 0.00066603293442164791 0.0013029149699679025 -7.6365688054014729e-05 -0.0017793882683165619 -0.00048997935925637138 0.00022393119326461028
leaf_weight=28144 7293 15807 22623 3322 3548 24014 33553 87236 40235 41964 8693 7120 30869 9871
leaf_count=28144 7293 15807 22623 3322 3548 24014 33553 87236 40235 41964 8693 7120 30869 9871
internal_value=5.26846e-06 -0.00110141 0.000432805 -0.0029923 -0.000880288 0.000734987 -0.00142723 1.21458e-05 0.000363508 0.00100408 0.000735373 -0.000502887 -0.000732049 0.000920967
internal_weight=364292 101512 262780 10615 90897 152921 37101 109859 64249 88672 46708 53796 37989 38015
internal_count=364292 101512 262780 10615 90897 152921 37101 109859 64249 88672 46708 53796 37989 38015
is_linear=0
shrinkage=0.03


Tree=13
num_leaves=15
num_cat=0
split_feature=56 9 22 63 43 30 56 36 36 56 67 69 36 63
split_gain=143.761 42.2347 28.7337 20.4266 17.5246 15.0998 9.82867 9.76579 11.4128 9.40656 8.37144 7.38476 6.81722 6.57988
threshold=0.1657066832538531 -0.39252713092649411 -0.22673559255527789 0.24485949038840979 1.0000000180025095e-35 0.35872436907144423 0.41399089819309731 -0.05118731548302443 -0.13567844522417394 -0.08307644794982659 0.21909503991227178 0.24033965122183445 0.2770402964666917 -0.070834568267140893
decision_type=2 2 2 2 2 2 2 2 2 2 2 2 2 2
left_child=2 6 9 4 -4 -3 -2 8 -7 10 13 -6 -9 -1
right_child=1 5 3 -5 11 7 -8 12 -10 -11 -12 -13 -14 -15
leaf_value=0.00094757729152028785 -0.0019575724642065134 -0.00037241436390883498 0.00032886089866117243 -5.3316777120453006e-05 0.0011386823990480852 -0.00038135314711946892 -0.0038141478074743243 0.00013626406011502896 -0.0017525569046426064 -0.0006584790857988498 -0.00073854480841767161 0.0005135672313251263 -0.0011285353747800813 -4.1619975513209127e-05
leaf_weight=11103 8296 64576 57868 36108 72365 7278 3743 7910 21976 22773 7466 22266 7432 13287
leaf_count=11103 8296 64576 57868 36108 72365 7278 3743 7910 21976 22773 7466 22266 7432 13287
internal_value=-7.80125e-06 -0.00085181 0.000412808 0.000588285 0.000740194 -0.000665706 -0.00253748 -0.00109022 -0.00141167 -0.000193021 0.000139824 0.000991667 -0.000476768 0.000408894
internal_weight=364447 121211 243236 188607 152499 109172 12039 44596 29254 54629 31856 94631 15342 24390
internal_count=364447 121211 243236 188607 152499 109172 12039 44596 29254 54629 31856 94631 15342 24390
is_linear=0
shrinkage=0.03


Tree=14
num_leaves=15
num_cat=0
split_feature=66 9 66 65 52 58 9 66 41 66 10 52 9 65
split_gain=174.801 44.5173 27.3708 26.9272 22.1278 14.5575 14.146 10.7442 9.38636 8.11961 7.85032 7.58379 10.8118 6.66121
threshold=0.17416038509186613 -0.40465047839358304 -0.099183190248661304 -0.082586408327754365 0.0081097638069383988 -0.26745976863526932 -0.012288413789810436 0.38690793609349572 0.10234081205989505 -0.41746296403217725 -0.18639470249488135 -0.38961978096184036 -0.22600344720968579 -0.17846735038032208
decision_type=2 2 2 2 2 2 2 2 2 2 2 2 2 2
left_child=2 3 5 -2 11 8 -6 -8 9 -1 -4 -3 -13 -9
right_child=1 4 10 -5 6 -7 7 13 -10 -11 -12 12 -14 -15
leaf_value=0.0012926065360162121 -0.0017265291223085828 0.00032990080121915731 -0.00029923929688642606 -0.0048400911559213396 -0.0032111895414008722 0.00096773645777964066 -0.00076042051000786682 -0.0011519608558640507 -0.00014996412316587733 0.00033036928498001659 0.0002700861600076116 -0.0015724976927026801 -0.00035029472721540727 -0.0024757893547145589
leaf_weight=11811 8193 11196 32234 3601 3085 89877 27197 7145 20978 23780 67273 7636 44080 6612
leaf_count=11811 8193 11196 32234 3601 3085 89877 27197 7145 20978 23780 67273 7636 44080 6612
internal_value=1.32348e-05 -0.000931966 0.000469593 -0.00268047 -0.000738917 0.000730451 -0.00125461 -0.00110648 0.000353346 0.000649965 8.5649e-05 -0.000377784 -0.000531025 -0.00178957
internal_weight=364698 118745 245953 11794 106951 146446 44039 40954 56569 35591 99507 62912 51716 13757
internal_count=364698 118745 245953 11794 106951 146446 44039 40954 56569 35591 99507 62912 51716 13757
is_linear=0
shrinkage=0.03


Tree=15
num_leaves=15
num_cat=0
split_feature=59 30 9 65 63 59 43 52 9 9 65 52 52 52
split_gain=138.447 39.2595 27.6997 20.4 19.9688 16.8517 16.1438 14.0578 10.3089 9.12576 8.58329 9.93889 9.51542 8.19692
threshold=-0.015956064555962265 0.31062551486532891 -0.36037215225696895 -0.19475141157392933 0.17397691518635097 -0.46068786603736028 -0.27768874204081223 -0.27030232721648029 0.1132729733288176 -0.39680128710079671 0.31652425701010128 0.32100494465718665 0.015996466864621476 0.18817764045384075
decision_type=2 2 2 2 2 2 2 2 2 2 2 2 2 2
left_child=4 6 3 -3 5 -1 9 -4 -9 -2 11 12 -8 -10
right_child=1 2 7 -5 -6 -7 10 8 13 -11 -12 -13 -14 -15
leaf_value=0.0019245169485953562 -0.0023391376475681916 -0.0014499580315479716 -3.2391047291418274e-05 -0.0044033536304942337 4.113837076062672e-05 0.00069189184169097682 0.0002365642653294383 -0.0020241733020047378 -0.00059841741797287675 -0.00062459935029402208 -0.00084558257189734035 0.001492349455980839 -0.00049959361934770637 -0.0015285166863309261
leaf_weight=10897 3033 4887 12962 3708 41727 118293 50202 9616 24469 34425 10022 4269 23050 13100
leaf_count=10897 3033 4887 12962 3708 41727 118293 50202 9616 24469 34425 10022 4269 23050 13100
internal_value=-1.06106e-05 -0.00055963 -0.00113545 -0.00272773 0.000611727 0.000796003 -0.000242902 -0.000907498 -0.00114784 -0.000764014 -1.98667e-05 8.69781e-05 4.88297e-06 -0.000923056
internal_weight=364660 193743 68742 8595 170917 129190 125001 60147 47185 37458 87543 77521 73252 37569
internal_count=364660 193743 68742 8595 170917 129190 125001 60147 47185 37458 87543 77521 73252 37569
is_linear=0
shrinkage=0.03


Tree=16
num_leaves=15
num_cat=0
split_feature=66 9 66 65 52 63 9 22 53 2 53 53 65 9
split_gain=152.029 36.8877 30.0135 25.5488 17.3536 12.9482 12.9162 12.2121 9.00424 8.91262 8.32587 16.1784 10.5504 8.09943
threshold=0.20564279216102502 -0.39252713092649411 -0.10706084430102082 -0.071260303382926007 0.023833292392290598 -0.0236385929152747 0.066453081970863928 -0.16700129737627689 -0.23856206722339443 0.40589678406189472 0.011792456069461501 -0.27427431082152193 0.35990613273469574 -0.079965823204624045
decision_type=2 2 2 2 2 2 2 2 2 2 2 2 2 2
left_child=2 3 5 -2 -3 8 -6 -7 -1 -8 11 12 -4 -10
right_child=1 4 10 -5 6 7 9 -9 13 -11 -12 -13 -14 -15
leaf_value=0.0012935010053167161 -0.0016351864737850865 -0.00043099142556297525 0.001362429749398156 -0.0046926179397030286 -0.0030002730124372859 -0.0003083199765629228 -0.00079698838864093507 0.00061349075624929003 0.00095005754511163403 -0.0019159726770371574 0.00027233569114913761 -0.00053236593980858428 -0.00038571726712505341 -1.2588063387818403e-05
leaf_weight=36710 8532 58167 7944 3458 3472 16960 25351 54415 22951 8578 59687 41225 5093 11965
leaf_count=36710 8532 58167 7944 3458 3472 16960 25351 54415 22951 8578 59687 41225 5093 11965
internal_value=-5.31497e-06 -0.000952228 0.00039108 -0.00252015 -0.000755274 0.000680493 -0.00125936 0.000394439 0.000965449 -0.00108037 2.78518e-05 -0.000241076 0.000679731 0.000620269
internal_weight=364508 107558 256950 11990 95568 143001 37401 71375 71626 33929 113949 54262 13037 34916
internal_count=364508 107558 256950 11990 95568 143001 37401 71375 71626 33929 113949 54262 13037 34916
is_linear=0
shrinkage=0.03


Tree=17
num_leaves=15
num_cat=0
split_feature=56 9 59 63 36 30 45 53 47 53 53 36 59 53
split_gain=119.268 36.5933 32.3454 18.4857 11.5056 11.2177 10.693 10.4089 8.40018 7.52389 13.5104 7.50711 6.75206 6.42455
threshold=0.20113281395105384 -0.36431715370736689 -0.067245603308796295 0.023987660924824631 -0.060610318262187428 0.42931087015907043 -0.38853905010098799 -0.2506861198002055 -0.1807431676791032 0.046996720026788626 -0.27849077581066511 0.2770402964666917 -0.37016124772713271 -1.0000000180025095e-35
decision_type=2 2 2 2 2 2 2 2 2 2 2 2 2 2
left_child=2 -2 3 7 5 -3 -4 12 -9 10 -8 -6 -1 -10
right_child=1 4 6 -5 11 -7 9 8 13 -11 -12 -13 -14 -15
leaf_value=0.0016914528132552387 -0.0023379122378166949 -0.00068855865752136584 -0.0010388508961468746 0.00023583290929647533 9.3668246492864868e-05 -0.0016888740740014483 0.00066720347432850269 0.00014121718853207796 0.00043569994551846496 0.00029386758960325008 -0.00052165321996465745 -0.00072784442849509613 0.00090359349140542238 0.0013818643266506412
leaf_weight=17817 13110 41652 9429 66793 22891 13319 11229 20465 11826 46112 36678 17780 21831 14256
leaf_count=17817 13110 41652 9429 66793 22891 13319 11229 20465 11826 46112 36678 17780 21831 14256
internal_value=-1.96079e-05 -0.000852084 0.000333457 0.0006105 -0.000648193 -0.00093119 -7.62789e-05 0.000900771 0.000596302 2.03559e-05 -0.000242914 -0.00026556 0.00125798 0.00095319
internal_weight=365188 108752 256436 152988 95642 54971 103448 86195 46547 94019 47907 40671 39648 26082
internal_count=365188 108752 256436 152988 95642 54971 103448 86195 46547 94019 47907 40671 39648 26082
is_linear=0
shrinkage=0.03


Tree=18
num_leaves=15
num_cat=0
split_feature=66 9 66 58 53 45 66 63 66 9 33 24 22 66
split_gain=132.405 34.3933 28.0677 16.7184 13.2664 9.42996 9.1152 8.86386 8.49204 8.22003 7.41974 6.99328 6.64452 6.58147
threshold=0.22157976914353109 -0.35633730551601034 -0.099183190248661304 -0.2397704149724241 0.035441977002770693 -0.23788240444215381 -0.29902318591670235 0.0041516993244417608 -0.44901638286893703 0.097765718223457657 -0.034911713443103558 0.22747684730057424 -0.17096940815782455 0.36715351812366742
decision_type=2 2 2 2 2 2 2 2 2 2 2 2 2 2
left_child=2 13 3 7 9 -4 -5 8 -1 -3 -7 12 -12 -2
right_child=1 4 5 6 -6 10 -8 -9 -10 -11 11 -13 -14 -15
leaf_value=0.0015043607935389335 -0.0015103812824458285 -0.0025658702912787798 -0.0004064603392557507 0.0013330788548291251 -0.00042396316725227249 -0.00014816864013860798 0.00068589892153757064 -0.00011197359133469365 0.00035635509279663424 -0.0010197526673672787 8.9856445327076825e-05 -8.2876521055931296e-05 0.00097320872677304174 -0.0028459994801522765
leaf_weight=7401 5711 3524 32491 31374 58842 33914 52241 28345 26713 25293 11655 16421 22381 8073
leaf_count=7401 5711 3524 32491 31374 58842 33914 52241 28345 26713 25293 11655 16421 22381 8073
internal_value=1.90644e-05 -0.000901568 0.000374273 0.000651495 -0.000682358 2.77287e-05 0.000928864 0.000280086 0.000605782 -0.00120965 0.000194962 0.000425576 0.000670836 -0.00229412
internal_weight=364379 101443 262936 146074 87659 116862 83615 62459 34114 28817 84371 50457 34036 13784
internal_count=364379 101443 262936 146074 87659 116862 83615 62459 34114 28817 84371 50457 34036 13784
is_linear=0
shrinkage=0.03


Tree=19
num_leaves=15
num_cat=0
split_feature=56 9 59 58 22 57 41 57 42 59 36 36 36 60
split_gain=104.139 32.1291 26.2599 14.8116 14.7812 10.6006 9.59222 8.23775 8.36187 7.7382 6.86357 7.37009 7.32331 6.61994
threshold=0.17370096517563891 -0.36431715370736689 -0.10220690075034626 -0.24387853066933698 -0.21481292702286273 0.40658741514022106 0.27572098953677904 -0.30737592139808906 -0.039942085589285407 -0.46068786603736028 -0.1256261509875059 -0.064673457585796498 0.38904110354903881 0.18665419039368095
decision_type=2 2 2 2 2 2 2 2 2 2 2 2 2 2
left_child=2 -2 3 6 -4 -3 9 -5 -9 -1 -11 13 -13 -12
right_child=1 5 4 7 -6 -7 -8 8 -10 10 11 12 -14 -15
leaf_value=0.0012986151257301699 -0.0020730739314031616 -0.00036481129199431354 -0.00057383413624228499 0.0013960941926072288 0.00021722928485003399 -0.0010475588395695414 -0.00071520282054294486 0.00026405152442289645 0.00097969342049792079 -0.00056089556087112608 0.00036738436638079946 -0.00024430816667331983 0.001294091319595329 0.0016215680514176467
leaf_weight=7437 14077 76788 29466 20778 76241 27905 7944 23808 38418 7681 8642 15446 3387 6744
leaf_count=7437 14077 76788 29466 20778 76241 27905 7944 23808 38418 7681 8642 15446 3387 6744
internal_value=1.54777e-06 -0.000727924 0.000353767 0.000622814 -3.31437e-06 -0.000546874 0.000251678 0.000878874 0.000705971 0.000407474 0.00024903 0.000430941 3.29035e-05 0.000917815
internal_weight=364762 118770 245992 140285 105707 104693 57281 83004 62226 49337 41900 34219 18833 15386
internal_count=364762 118770 245992 140285 105707 104693 57281 83004 62226 49337 41900 34219 18833 15386
is_linear=0
shrinkage=0.03


Tree=20
num_leaves=15
num_cat=0
split_feature=66 9 59 52 52 52 9 63 47 63 58 36 58 43
split_gain=122.032 33.2995 23.5251 19.3549 11.5845 11.4471 11.3755 9.80384 9.09645 11.2824 7.94963 7.61148 7.60434 7.44696
threshold=0.17809366448113931 -0.35633730551601034 -0.27930212848925079 0.17663626373084138 -0.26253072766722158 -0.32627178389345984 -0.071989915654997169 0.036106711357663086 -0.39769103212851947 0.21359325946999466 -0.27521084367953069 0.38904110354903881 -0.25567874692874687 -0.10662372960469708
decision_type=2 2 2 2 2 2 2 2 2 2 2 2 2 2
left_child=2 4 7 5 -2 -3 -7 11 -4 12 -9 -1 -10 -14
right_child=1 3 8 -5 -6 6 -8 10 9 -11 -12 -13 13 -15
leaf_value=0.00095292526048084856 -0.0016687100772527635 0.00030567391388964805 -0.00047036773379221299 -0.0014167620828724721 -0.0036641093852210313 -0.0014596271691995647 -0.00039770185122442545 -0.00015606794676999882 -9.0256819912488406e-05 -0.00017404781430268169 0.00080981103538625395 0.0022544872422311291 0.00012737093986039914 0.00072196398014166829
leaf_weight=41811 12101 16562 17804 21149 3349 10937 53289 13534 22135 41603 17679 4475 27844 59423
leaf_count=41811 12101 16562 17804 21149 3349 10937 53289 13534 22135 41603 17679 4475 27844 59423
internal_value=-9.88274e-06 -0.000805853 0.000369483 -0.000609015 -0.00210333 -0.000397411 -0.000578735 0.00080216 0.000170809 0.000246432 0.000391089 0.00107922 0.000406331 0.000532285
internal_weight=363695 117387 246308 101937 15450 80788 64226 77499 168809 151005 31213 46286 109402 87267
internal_count=363695 117387 246308 101937 15450 80788 64226 77499 168809 151005 31213 46286 109402 87267
is_linear=0
shrinkage=0.03


Tree=21
num_leaves=15
num_cat=0
split_feature=59 30 65 9 59 58 9 53 53 42 41 65 58 65
split_gain=96.4126 31.6638 21.8993 23.3767 14.4003 13.075 12.4754 14.0066 13.2685 11.3056 8.43428 7.80105 7.48814 7.30363
threshold=-0.015956064555962265 0.33452132960741021 -0.27820824062226784 -0.33275448603069563 -0.37818020536530289 -0.24387853066933698 -0.44045853345051306 0.039184127557442112 -0.28237294391844103 0.051241869316371709 0.27957707331957721 0.34797871572398048 -0.24387853066933698 0.29738376094129559
decision_type=2 2 2 2 2 2 2 2 2 2 2 2 2 2
left_child=4 6 -3 -4 12 10 -2 8 11 -7 -6 -8 -1 -11
right_child=1 2 3 -5 5 9 7 -9 -10 13 -12 -13 -14 -15
leaf_value=0.00063309996368763764 -0.0013937813988832899 -0.00043449391074592826 -0.00352647136346194 -0.0012386993040278535 8.5368345770454179e-05 0.00023841870957580548 0.001111055141354731 0.00015703154440910059 -0.00069371386685977742 0.0011829387853171725 -0.0011268597078749976 -0.00052990045724955824 0.0014318397187410273 0.0003073457188173682
leaf_weight=23948 7541 28564 4717 27071 33777 47172 6619 67256 47628 28580 6088 4290 18933 12259
leaf_count=23948 7541 28564 4717 27071 33777 47172 6619 67256 47628 28580 6088 4290 18933 12259
internal_value=-9.35141e-06 -0.000467496 -0.00103757 -0.00157918 0.000510309 0.000350725 -0.000209399 -0.000138293 -0.000477574 0.000554869 -9.99937e-05 0.00046585 0.000986015 0.000920244
internal_weight=364443 193686 60352 31788 170757 127876 133334 125793 58537 88011 39865 10909 42881 40839
internal_count=364443 193686 60352 31788 170757 127876 133334 125793 58537 88011 39865 10909 42881 40839
is_linear=0
shrinkage=0.03


Tree=22
num_leaves=15
num_cat=0
split_feature=56 9 57 52 40 47 36 9 47 52 9 57 60 69
split_gain=87.1203 29.4321 19.2307 14.2727 13.416 11.2278 12.9117 8.41577 8.0123 7.24724 7.66037 6.8382 6.42824 6.23476
threshold=0.20501849986966639 -0.36431715370736689 -1.0000000180025095e-35 -0.0082438714793091322 0.2655350673263524 -0.34628024734528107 -0.14128269153804657 0.12089377058370122 0.079347010001255616 -0.27833799356041344 -0.47588742556311076 0.34311706317047125 -0.26746952578369848 0.24033965122183445
decision_type=2 2 2 2 2 2 2 2 2 2 2 2 2 2
left_child=2 9 4 -3 5 6 -1 -5 -4 10 -2 -9 -6 -10
right_child=1 3 8 7 12 -7 -8 11 13 -11 -12 -13 -14 -15
leaf_value=-0.0015056634100937059 -0.0028939721868504516 -0.00019309213947574184 -0.00037587817046220778 -0.0019751229569559881 0.00065172139278079245 0.00073351510878432054 0.00032360803746387762 -0.00038250991990072694 0.00056521849128612174 -0.0033386242854082926 -0.0010883867106505803 -0.0011940677750599089 -0.00036930286942106992 -0.00018606199397614348
leaf_weight=3938 3101 50772 41198 6010 7426 113970 28838 19789 21629 3064 6677 17718 21868 18384
leaf_count=3938 3101 50772 41198 6010 7426 113970 28838 19789 21629 3064 6677 17718 21868 18384
internal_value=2.77634e-07 -0.000718508 0.000299629 -0.000534869 0.000475795 0.000592801 0.000103431 -0.000933489 -8.22552e-05 -0.00206537 -0.00166338 -0.000766099 -0.00011034 0.000220082
internal_weight=364382 107131 257251 94289 176040 146746 32776 43517 81211 12842 9778 37507 29294 40013
internal_count=364382 107131 257251 94289 176040 146746 32776 43517 81211 12842 9778 37507 29294 40013
is_linear=0
shrinkage=0.03


Tree=23
num_leaves=15
num_cat=0
split_feature=66 66 57 63 22 57 22 33 40 36 36 43 36 36
split_gain=111.913 26.3842 18.6615 11.8701 10.7336 9.80306 8.81531 8.59369 6.51378 6.29892 6.95491 6.27965 6.26236 6.85883
threshold=0.27986932393097524 -0.10706084430102082 0.0041299571994523618 -0.011956629838178827 -0.18312510456768111 0.41043535261234315 -0.051714500491509406 -0.03901496919427732 0.29698224894951519 -0.05118731548302443 -0.12925811493788389 -0.22172845747542017 -0.14128269153804657 -0.060610318262187428
decision_type=2 2 2 2 2 2 2 2 2 2 2 2 2 2
left_child=1 3 -2 8 11 12 -5 -6 -1 10 -7 -3 -4 -14
right_child=2 4 5 6 7 9 -8 -9 -10 -11 -12 -13 13 -15
leaf_value=0.00092527571214601244 -0.0025533595961886517 -0.00091369016696931271 0.00032850929663964335 -0.00016285973720460556 -0.00016889621009323294 -0.00068544519403540311 0.00054314171237373208 0.00040428474764576174 -7.4568826384656609e-05 -0.00069343025581213079 -0.0019635527635735307 -0.0001453377831946137 -0.0010987660869929887 -0.00029346925354078204
leaf_weight=67446 6261 14186 6085 24702 39725 5368 44729 57762 6421 10880 13509 29413 19584 18531
leaf_count=67446 6261 14186 6085 24702 39725 5368 44729 57762 6421 10880 13509 29413 19584 18531
internal_value=7.80491e-06 0.000286958 -0.000981744 0.000573666 -4.26498e-06 -0.000848368 0.000291975 0.000170726 0.000838364 -0.00126929 -0.00160066 -0.000395492 -0.000564763 -0.000707421
internal_weight=364602 284384 80218 143298 141086 73957 69431 97487 73867 29757 18877 43599 44200 38115
internal_count=364602 284384 80218 143298 141086 73957 69431 97487 73867 29757 18877 43599 44200 38115
is_linear=0
shrinkage=0.03


Tree=24
num_leaves=15
num_cat=0
split_feature=30 9 59 22 30 52 59 53 9 57 64 52 53 21
split_gain=78.3789 23.6127 21.8297 13.2446 12.6196 10.163 9.20983 9.09497 9.0354 7.37858 6.98664 6.82458 6.20927 6.10728
threshold=0.18436506328604665 -0.40465047839358304 -0.23226081443608382 -0.043654650715084974 0.43307387333974195 -0.27030232721648029 -0.46068786603736028 1.0000000180025095e-35 -0.186597974893532 -0.43656936541163688 -0.42827626414532821 -0.36581565486441814 -0.22680850611773976 0.13000298864315604
decision_type=2 2 2 2 2 2 2 2 2 2 2 2 2 2
left_child=2 11 6 7 5 -3 -1 -4 -7 12 -5 -2 -8 -10
right_child=1 4 3 10 -6 8 9 -9 13 -11 -12 -13 -14 -15
leaf_value=0.0013783118228420869 -0.0013815832027862455 0.00027819026765669812 -0.00064186884558069983 -0.0010877900782366643 -0.0011571669793210887 -0.0017246775753878248 0.00024419580749386426 6.6684774553258568e-05 -0.0007327228418852514 0.00066429489246183204 0.00037069807873971774 -0.0029535321957118899 -0.0012985331586647076 -0.00012456770598552919
leaf_weight=13700 6304 18449 28701 3052 21564 5147 10238 37726 28484 67486 85787 4134 3036 31073
leaf_count=13700 6304 18449 28701 3052 21564 5147 10238 37726 28484 67486 85787 4134 3036 31073
internal_value=1.11298e-06 -0.000646348 0.000299688 8.08991e-05 -0.000510603 -0.000342811 0.000659268 -0.000239509 -0.000519892 0.000537136 0.000320476 -0.00200639 -0.000109366 -0.000415501
internal_weight=364881 115155 249726 155266 104717 83153 94460 66427 64704 80760 88839 10438 13274 59557
internal_count=364881 115155 249726 155266 104717 83153 94460 66427 64704 80760 88839 10438 13274 59557
is_linear=0
shrinkage=0.03


Tree=25
num_leaves=15
num_cat=0
split_feature=66 66 59 57 58 66 33 33 56 42 53 42 63 52
split_gain=95.8506 18.9195 16.8089 13.2777 11.4591 10.5594 8.83055 10.2542 9.22691 8.72532 8.66717 8.49228 7.84239 7.69848
threshold=0.14630412132979434 0.35956879082302601 -0.37818020536530289 0.055582188132523698 -0.2397704149724241 -0.19636705766163501 -0.004060913889561423 1.0000000180025095e-35 -0.059386939897621775 -0.1307435170555461 -0.11571828784825937 -0.26198990189499244 0.27251308190096496 0.26216770332608369
decision_type=2 2 2 2 2 2 2 2 2 2 2 2 2 2
left_child=2 10 12 -3 -4 -6 9 8 -8 -7 -2 -9 -1 -5
right_child=1 3 4 13 5 6 7 11 -10 -11 -12 -13 -14 -15
leaf_value=0.001022752436261237 -0.0010097095383400632 -0.0026621202606633238 -0.00013574864810072051 -0.00082388643944592737 0.0007984027407602469 -0.00068308992664418771 0.00016141408068643352 -0.00048636258486720437 0.0020892482334148028 0.0002003431773015197 -0.00021074593959424949 0.00050675194849668186 -0.00038085170489011598 -0.0020606716860148461
leaf_weight=38887 15179 4514 53678 41565 39067 15026 3573 9981 5962 30406 62557 34546 3941 5081
leaf_count=38887 15179 4514 53678 41565 39067 15026 3573 9981 5962 30406 62557 34546 3941 5081
internal_value=-4.37158e-06 -0.000661797 0.000356132 -0.00110978 0.000236366 0.000380522 0.000216374 0.000475429 0.00136777 -9.1926e-05 -0.000366864 0.00028408 0.000893535 -0.000959018
internal_weight=363963 128896 235067 51160 192239 138561 99494 54062 9535 45432 77736 44527 42828 46646
internal_count=363963 128896 235067 51160 192239 138561 99494 54062 9535 45432 77736 44527 42828 46646
is_linear=0
shrinkage=0.03


Tree=26
num_leaves=15
num_cat=0
split_feature=66 9 66 52 58 53 53 52 9 52 41 42 9 35
split_gain=83.8917 25.5509 22.5051 17.0938 14.2161 9.61259 18.2461 9.39631 9.28026 12.035 8.66529 6.7165 6.03379 5.87771
threshold=0.27986932393097524 -0.36037215225696895 -0.10706084430102082 -0.27030232721648029 -0.24387853066933698 -0.10748767860765067 -0.27427431082152193 -0.34984389017900802 0.1132729733288176 0.24278458397550731 0.27572098953677904 -0.21849646560159361 -0.46415087427211826 1.0000000180025095e-35
decision_type=2 2 2 2 2 2 2 2 2 2 2 2 2 2
left_child=2 7 4 -3 10 6 -4 12 -5 -10 -1 -7 -2 -6
right_child=1 3 5 8 13 11 -8 -9 9 -11 -12 -13 -14 -15
leaf_value=0.00031069111854849593 -0.0023794120312060625 0.00021317208236513015 0.00047425798390319732 -0.0016316240396255371 0.00050622477884320997 -0.000219921102896537 -0.00083726003500693305 -0.0032373367676430424 -0.00041657641853894595 -0.0017028275047807813 -0.00069582610306861005 0.00030987098248662495 -0.00063624869222118842 0.0010136329886084009
leaf_weight=51730 3458 16310 14325 11992 40186 31813 28581 4454 31934 8229 9034 66623 3708 42116
leaf_count=51730 3458 16310 14325 11992 40186 31813 28581 4454 31934 8229 9034 66623 3708 42116
internal_value=2.27913e-06 -0.000855351 0.000243796 -0.000634399 0.000509035 -2.46939e-05 -0.000399376 -0.00215553 -0.000899443 -0.000680475 0.000160959 0.000138645 -0.00147957 0.00076597
internal_weight=364493 80085 284408 68465 143066 141342 42906 11620 52155 40163 60764 98436 7166 82302
internal_count=364493 80085 284408 68465 143066 141342 42906 11620 52155 40163 60764 98436 7166 82302
is_linear=0
shrinkage=0.03


Tree=27
num_leaves=15
num_cat=0
split_feature=66 65 66 57 66 58 10 10 63 66 53 53 65 53
split_gain=87.5794 31.9542 21.3218 16.8111 13.4008 12.5677 9.55051 9.26314 8.5873 7.81869 7.38471 9.98964 9.36089 8.36859
threshold=0.27986932393097524 -0.27439009248650081 -0.13397985352906575 0.0082058651401307209 0.42637666564232057 -0.26745976863526932 -0.37672071387858397 -0.29366339440657779 0.25688761044956721 -0.44901638286893703 0.058780005135018749 -0.28237294391844103 0.33625240657718403 -0.12359076311362595
decision_type=2 2 2 2 2 2 2 2 2 2 2 2 2 2
left_child=2 -2 5 -3 6 8 -5 -4 9 -1 11 12 -9 -13
right_child=1 3 7 4 -6 -7 -8 10 -10 -11 -12 13 -14 -15
leaf_value=0.0010171070493018492 -0.00025984684990118268 -0.0032275322412642486 -0.00043958868386632314 -0.0021145595748532438 -0.0021871496678258474 0.00076226180342510951 -0.00063902884853340308 0.0013605658138285764 -0.00072642703920553474 0.00010608811688965463 0.000389530373832763 -0.00069807939738714315 -0.00021618943933490362 7.2795591332307553e-05
leaf_weight=11214 39108 4312 33310 4795 9998 79513 22242 7336 8166 34674 52994 23405 6286 27627
leaf_count=11214 39108 4312 33310 4795 9998 79513 22242 7336 8166 34674 52994 23405 6286 27627
internal_value=-8.49544e-07 -0.000874706 0.000246272 -0.00145607 -0.001249 0.000522348 -0.000901399 1.98375e-06 0.00016936 0.000328894 0.000127034 -8.81494e-05 0.000633332 -0.000280821
internal_weight=364980 80455 284525 41347 37035 133567 27037 150958 54054 45888 117648 64654 13622 51032
internal_count=364980 80455 284525 41347 37035 133567 27037 150958 54054 45888 117648 64654 13622 51032
is_linear=0
shrinkage=0.03


Tree=28
num_leaves=15
num_cat=0
split_feature=59 56 9 22 63 53 59 58 46 53 18 53 53 53
split_gain=71.631 22.3773 19.4872 13.9203 12.7682 12.463 9.84363 10.6652 9.14737 10.3801 8.31603 7.28921 10.9609 7.01753
threshold=-0.051242171021913079 0.33479484384602032 -0.186597974893532 -0.20684233692899892 0.21750773712577334 0.023678956375536634 -0.46465353979445534 -0.24387853066933698 0.031701521970879949 -0.24252571787388227 -0.31956402117656585 -0.28237294391844103 -0.13944229842147846 -0.099735608992763944
decision_type=2 2 2 2 2 2 2 2 2 2 2 2 2 2
left_child=4 3 -3 5 6 -2 -1 -8 9 -9 -5 -12 -13 -11
right_child=1 2 -4 10 -6 -7 7 8 -10 13 11 12 -14 -15
leaf_value=0.0014863628660121793 -0.0012619013714018374 -0.001884532976254426 -0.00057245182477506224 -0.00060347174934307485 -8.5041972781543565e-05 -0.0002358755254600415 0.00015082790591181705 0.0010577307493874304 0.001085807697639868 -0.00082695585737354324 0.00089676308335729055 -0.00071633517793337335 0.00022279572103393573 0.00034181345914899866
leaf_weight=10530 16390 13011 46897 15583 29404 30433 42788 14646 36426 6157 10332 13772 59350 18463
leaf_count=10530 16390 13011 46897 15583 29404 30433 42788 14646 36426 6157 10332 13772 59350 18463
internal_value=-4.12926e-07 -0.00036957 -0.000857681 -0.000169047 0.000479088 -0.00059522 0.000607661 0.000529447 0.000743429 0.000425618 3.24796e-05 0.000151286 4.58434e-05 4.93091e-05
internal_weight=364182 205768 59908 145860 158414 46823 129010 118480 75692 39266 99037 83454 73122 24620
internal_count=364182 205768 59908 145860 158414 46823 129010 118480 75692 39266 99037 83454 73122 24620
is_linear=0
shrinkage=0.03


Tree=29
num_leaves=15
num_cat=0
split_feature=59 19 65 9 65 59 10 41 47 65 45 18 52 52
split_gain=62.4825 24.5645 14.7128 17.7341 13.5381 11.6932 9.10886 7.77514 12.0004 7.95607 7.93483 7.60838 7.15404 7.36474
threshold=-0.015956064555962265 0.38258763731247963 -0.24656994282507277 -0.21824777034221143 0.33248442711080756 -0.46068786603736028 -0.36882775471212842 0.24033965122183445 -0.20023845524203632 0.28166559316650613 0.16943817872253017 0.027818293264793684 0.3364437607631432 0.0040344317809922212
decision_type=2 2 2 2 2 2 2 2 2 2 2 2 2 2
left_child=5 4 -3 -4 6 -1 -2 8 -7 10 -10 -6 13 -8
right_child=1 2 3 -5 11 7 12 -9 9 -11 -12 -13 -14 -15
leaf_value=0.0012472040967982962 -0.00061020257365455453 -0.00049255391743726902 -0.0034349502363269389 -0.001168823429790347 -0.0021838767475721903 0.00010592386855986872 0.00014233811611648301 -9.5671047025545024e-05 0.001178282502640762 0.00023772641624024532 0.00035204418775749036 -0.0006190172413848157 0.0010479233864701207 -0.00037771987659240288
leaf_weight=13760 26622 22964 3844 16182 4176 54993 66900 30368 32840 23092 15365 8461 5636 38662
leaf_count=13760 26622 22964 3844 16182 4176 54993 66900 30368 32840 23092 15365 8461 5636 38662
internal_value=-9.83264e-06 -0.000378807 -0.00101116 -0.0016053 -0.000198071 0.000409 -0.00011186 0.000335302 0.000438934 0.000695741 0.000915053 -0.00113746 7.49259e-06 -4.81505e-05
internal_weight=363865 193447 42990 20026 150457 170418 137820 156658 126290 71297 48205 12637 111198 105562
internal_count=363865 193447 42990 20026 150457 170418 137820 156658 126290 71297 48205 12637 111198 105562
is_linear=0
shrinkage=0.03


Tree=30
num_leaves=15
num_cat=0
split_feature=30 22 65 9 43 63 65 56 56 53 61 53 53 50
split_gain=56.406 21.4495 17.8428 23.0244 13.7758 13.5922 8.01878 6.68164 6.00359 9.12813 6.02726 5.67992 6.56768 5.58296
threshold=0.29493090540888234 -0.17096940815782455 -0.25457873142037529 -0.21436651710375823 -0.26957204966549841 0.20952644051367417 1.0000000180025095e-35 0.41783533279879786 -0.10305127995137951 0.015811523843712431 0.30102561482053913 -0.27849077581066511 -0.10748767860765067 -0.22671153866139193
decision_type=2 2 2 2 2 2 2 2 2 2 2 2 2 2
left_child=1 8 -2 6 13 11 -4 -5 10 -10 -1 -6 -13 -3
right_child=2 4 3 7 5 -7 -8 -9 9 -11 -12 12 -14 -15
leaf_value=0.00018575284819433299 -0.00025126721929136285 -0.00079130718021441174 -0.0017850451213207168 -0.00055236849984893895 0.00088622671382597776 5.2481952120490898e-06 -0.0038185985289187737 -0.0015311370903138063 -0.00099451676230249563 -0.00011682768780083006 -0.0011972777966016623 6.3977923191883983e-05 0.00063518210108823281 9.0041595170536567e-05
leaf_weight=35254 36446 10922 3831 22383 44881 44386 3249 8726 16664 29599 3074 25364 63412 15839
leaf_count=35254 36446 10922 3831 22383 44881 44386 3249 8726 16664 29599 3074 25364 63412 15839
internal_value=9.09429e-06 0.000198743 -0.000726192 -0.00117926 0.000364726 0.000460113 -0.00272231 -0.000827315 -0.000203115 -0.000433119 7.4547e-05 0.000611157 0.00047201 -0.000269826
internal_weight=364030 289395 74635 38189 204804 178043 7080 31109 84591 46263 38328 133657 88776 26761
internal_count=364030 289395 74635 38189 204804 178043 7080 31109 84591 46263 38328 133657 88776 26761
is_linear=0
shrinkage=0.03


Tree=31
num_leaves=15
num_cat=0
split_feature=56 9 65 22 63 65 53 42 36 36 56 33 53 65
split_gain=53.5618 21.8547 24.5417 16.5812 11.661 9.98368 8.98292 8.72714 8.01541 9.85091 8.73339 7.27802 6.99697 6.81042
threshold=0.13785659482457976 -0.36431715370736689 -0.055687913272980082 -0.22673559255527789 0.29219388003533697 0.32831253277096917 -0.27849077581066511 0.03559781934445639 -0.060610318262187428 -0.1256261509875059 0.33479484384602032 0.0041415186178438987 0.0077550487140244382 0.18070120513178475
decision_type=2 2 2 2 2 2 2 2 2 2 2 2 2 2
left_child=3 2 -2 -1 6 8 -5 13 9 -3 -11 -7 -9 -8
right_child=1 5 -4 4 -6 11 7 12 -10 10 -12 -13 -14 -15
leaf_value=-0.00018957414898030471 -0.00079901638768084754 5.2615822445288973e-05 -0.0034939540698562545 0.00083193700840000209 -0.00018905500232492024 -0.0025138181417330668 0.00028900012766990582 0.00028809554835814295 3.6217424679050683e-05 -0.00035138225719884883 -0.0012204138905011687 -0.00058562060236312186 0.0010260575836987694 -0.00047390880489467179
leaf_weight=51814 11077 20680 4187 52979 24546 3085 43719 23046 46604 22862 19113 4109 23220 13862
leaf_count=51814 11077 20680 4187 52979 24546 3085 43719 23046 46604 22862 19113 4109 23220 13862
internal_value=1.05359e-05 -0.000473048 -0.00154006 0.000283701 0.000418908 -0.00033307 0.000514071 0.000351842 -0.00026172 -0.000483303 -0.000747286 -0.00141483 0.000658606 0.000105288
internal_weight=364903 131717 15264 233186 181372 116453 156826 103847 109259 62655 41975 7194 46266 57581
internal_count=364903 131717 15264 233186 181372 116453 156826 103847 109259 62655 41975 7194 46266 57581
is_linear=0
shrinkage=0.03


Tree=32
num_leaves=15
num_cat=0
split_feature=30 57 65 9 22 9 9 63 53 65 35 57 22 52
split_gain=50.0625 17.0325 16.899 18.798 11.0251 9.19911 7.42027 7.85663 7.59214 7.15456 6.9101 6.62234 6.21276 9.39987
threshold=0.29104857006275187 -1.0000000180025095e-35 -0.25059680526111827 -0.20624988356210358 -0.25011921966550266 -0.43299405666313667 0.043545710967313751 0.25688761044956721 -0.27427431082152193 -0.0082297874498452311 0.31454041641760716 0.40658741514022106 0.12492563907925165 0.015996466864621476
decision_type=2 2 2 2 2 2 2 2 2 2 2 2 2 2
left_child=1 4 -2 9 -1 -3 7 10 -8 -4 -6 -5 13 -7
right_child=2 5 3 11 6 12 8 -9 -10 -11 -12 -13 -14 -15
leaf_value=-0.00011235317338805386 -0.00021910003129686865 -0.0011290768696828105 -0.0016017326028995534 -0.00053219274680508979 0.00065087924606656614 6.5669183868387378e-05 0.0006088833629579501 -1.1814248521805051e-05 -0.00019456188901526421 -0.0034963501851042397 0.0015334715335337552 -0.0015093441440065551 0.00027654139960693689 -0.00067391438160390577
leaf_weight=33858 37178 7286 3868 23053 75115 42727 18973 14477 23919 3388 8932 8561 38411 24230
leaf_count=33858 37178 7286 3868 23053 75115 42727 18973 14477 23919 3388 8932 8561 38411 24230
internal_value=8.08699e-06 0.000188909 -0.000676465 -0.00111375 0.000373885 -9.88952e-05 0.0004903 0.000633674 0.000160896 -0.00248997 0.000744847 -0.000797197 -2.75597e-05 -0.000202028
internal_weight=363976 287928 76048 38870 175274 112654 141416 98524 42892 7256 84047 31614 105368 66957
internal_count=363976 287928 76048 38870 175274 112654 141416 98524 42892 7256 84047 31614 105368 66957
is_linear=0
shrinkage=0.03


Tree=33
num_leaves=15
num_cat=0
split_feature=66 57 63 53 53 46 36 36 57 66 36 66 53 52
split_gain=61.7523 16.5107 14.9395 15.272 14.9668 8.71142 8.65623 13.8803 8.3459 8.23408 7.35247 7.23836 6.64666 5.43357
threshold=0.28396489986281997 0.012187875889454082 0.24485949038840979 -0.27849077581066511 -0.10748767860765067 -0.15412257215345418 -0.14128269153804657 -0.062660595366543684 -0.40951684190091248 -0.2163104855418542 0.34558884594941763 0.41854584128270717 -0.23457268919010341 -0.21902461785028887
decision_type=2 2 2 2 2 2 2 2 2 2 2 2 2 2
left_child=2 -2 3 -1 9 -6 13 11 -7 12 -9 -8 -5 -3
right_child=1 6 -4 4 5 8 7 10 -10 -11 -12 -13 -14 -15
leaf_value=0.00070842589187544464 -0.0022267405623941157 0.0010522659590086164 -0.00021401604434938702 0.0011419437535002486 -1.055126928440558e-05 -0.00081244111328634743 -0.00084327804796806619 1.0066798756252587e-05 0.00060062108095140039 -0.00061019725507392079 -0.0009664076570853942 -0.0017958962534486212 -0.00021348589607964413 -0.00037120474386997113
leaf_weight=64874 6190 4050 59626 5081 41938 3959 19291 21538 72555 28625 10229 11460 9027 5942
leaf_count=64874 6190 4050 59626 5081 41938 3959 19291 21538 72555 28625 10229 11460 9027 5942
internal_value=3.38787e-06 -0.000740645 0.000208371 0.000319786 0.000163332 0.000336959 -0.000613491 -0.000744517 0.00052741 -0.000317915 -0.000304564 -0.00119876 0.000275136 0.000206238
internal_weight=364385 78700 285685 226059 161185 118452 72510 62518 76514 42733 31767 30751 14108 9992
internal_count=364385 78700 285685 226059 161185 118452 72510 62518 76514 42733 31767 30751 14108 9992
is_linear=0
shrinkage=0.03


Tree=34
num_leaves=15
num_cat=0
split_feature=56 22 9 63 65 10 65 56 65 60 63 36 60 64
split_gain=43.4956 21.5739 16.6414 12.8823 11.0541 9.74994 8.37344 6.42616 9.27926 5.83277 5.68277 5.18889 5.17382 5.6584
threshold=0.33479484384602032 -0.18312510456768111 -0.35242202780279536 0.31568995807997002 -0.23847832542716232 -0.38456216423026024 -0.30618282361644794 -0.079107564555711593 0.34007135940299082 -0.22027943872042885 -0.070834568267140893 -0.062660595366543684 -0.051211592936332005 -0.047661877292369668
decision_type=2 2 2 2 2 2 2 2 2 2 2 2 2 2
left_child=1 7 4 5 -2 -3 11 10 -9 -7 -1 -4 -8 -14
right_child=2 3 6 -5 -6 9 12 8 -10 -11 -12 -13 13 -15
leaf_value=0.00044190035807632701 -0.00094657930190346503 -0.00032241875415896633 -0.00052925010031078831 -0.0002673463110730631 -0.0031567570458526095 0.0006838712030986635 -0.00021589807802798426 -0.00037124668131492276 -0.0019428446059573286 0.00032024985395183561 -0.0002909486213523382 0.00035344648892014947 -0.00061764997954483517 -0.0016191800561251046
leaf_weight=16883 4266 15761 13752 31268 3909 63811 7199 45925 3641 105160 21818 10609 9550 10877
leaf_count=16883 4266 15761 13752 31268 3909 63811 7199 45925 3641 105160 21818 10609 9550 10877
internal_value=-1.15015e-05 0.000134242 -0.000748494 0.000295723 -0.00200597 0.000391038 -0.000550406 -0.00026091 -0.000487061 0.000457602 2.87824e-05 -0.000144856 -0.000907843 -0.00115148
internal_weight=364429 304267 60162 216000 8175 184732 51987 88267 49566 168971 38701 24361 27626 20427
internal_count=364429 304267 60162 216000 8175 184732 51987 88267 49566 168971 38701 24361 27626 20427
is_linear=0
shrinkage=0.03


Tree=35
num_leaves=15
num_cat=0
split_feature=66 65 43 63 65 66 58 66 52 55 32 66 46 65
split_gain=59.7699 26.0364 14.077 13.2766 12.1143 7.65335 9.02979 6.78339 5.40202 5.42662 5.33566 5.29381 6.63837 5.1324
threshold=0.28396489986281997 0.20433553183669526 -0.23365269873324762 0.023987660924824631 -0.27035414665992874 -0.43728838630760131 -0.23604064755083798 0.46537981848437887 -0.31408613342874797 0.30934170392345306 0.082737464850454703 0.1384388455656663 0.031701521970879949 0.28942657383132775
decision_type=2 2 2 2 2 2 2 2 2 2 2 2 2 2
left_child=2 4 -1 5 -2 -4 -7 10 9 -5 -6 12 -8 -14
right_child=1 -3 3 8 7 6 11 -9 -10 -11 -12 -13 13 -15
leaf_value=-0.00027770526578315427 -0.00021249399257414797 -0.0025010532368594856 0.0012024257357876999 0.00025813929105211915 -0.0012198058158187674 -1.0181284756218265e-06 0.00040996664413187121 -0.0021135245738621625 -4.0689031618091943e-05 0.0015139011505114306 -0.00039973834048603326 -1.5014467193589553e-06 0.0012567677932071896 0.00044417792524820566
leaf_weight=47595 38818 6891 12598 15491 14971 32229 35363 4244 94279 3863 13671 11483 22451 10182
leaf_count=47595 38818 6891 12598 15491 14971 32229 35363 4244 94279 3863 13671 11483 22451 10182
internal_value=-8.42784e-06 -0.000740973 0.000193229 0.000287437 -0.000571498 0.000501683 0.000422555 -0.000995065 5.30453e-05 0.000509438 -0.000828659 0.000594294 0.000694896 0.00100344
internal_weight=364129 78595 285534 237939 71704 124306 111708 32886 113633 19354 28642 79479 67996 32633
internal_count=364129 78595 285534 237939 71704 124306 111708 32886 113633 19354 28642 79479 67996 32633
is_linear=0
shrinkage=0.03


Tree=36
num_leaves=15
num_cat=0
split_feature=59 30 58 22 18 36 53 36 59 42 61 59 53 10
split_gain=41.9312 14.2183 10.5227 9.83622 9.61486 9.41594 8.29085 6.44939 6.40572 7.34708 6.04349 5.68963 5.12043 5.06454
threshold=-0.067245603308796295 0.42165024948087687 -0.24387853066933698 -0.17494136967040691 -0.31956402117656585 -0.05118731548302443 0.039184127557442112 -0.13567844522417394 -0.37818020536530289 0.039446088099934225 0.24975845320433412 -0.46068786603736028 -1.0000000180025095e-35 -0.42426395308140424
decision_type=2 2 2 2 2 2 2 2 2 2 2 2 2 2
left_child=2 3 11 6 -5 7 -2 -3 -4 -10 13 -1 -11 -6
right_child=1 5 8 4 10 -7 -8 -9 9 12 -12 -13 -14 -15
leaf_value=0.00079611982614638326 -0.00092436720032368304 -0.00031628643387684362 0.0010785545680964557 -0.00064818150445877245 -0.00062813236356823769 -9.6758654585687464e-05 -0.00021969253477362489 -0.0015802259172053778 0.00017119976436480515 0.00050954979570335952 -0.00023715261846511359 -4.2734079746276105e-05 0.0012658047757088131 0.00034816798697541294
leaf_weight=8473 22578 4856 18987 17442 5169 9184 44917 14490 38165 23458 30133 51182 12285 62518
leaf_count=8473 22578 4856 18987 17442 5169 9184 44917 14490 38165 23458 30133 51182 12285 62518
internal_value=8.45635e-06 -0.000265196 0.000387466 -0.000167936 4.90973e-07 -0.000887944 -0.000455518 -0.00126329 0.000587116 0.000460737 0.000116208 7.65246e-05 0.000769759 0.00027353
internal_weight=363837 211287 152550 182757 115262 28530 67495 19346 92895 73908 97820 59655 35743 67687
internal_count=363837 211287 152550 182757 115262 28530 67495 19346 92895 73908 97820 59655 35743 67687
is_linear=0
shrinkage=0.03


Tree=37
num_leaves=15
num_cat=0
split_feature=66 65 65 9 22 60 16 66 36 36 36 66 36 36
split_gain=54.1445 26.6969 10.4696 16.499 9.14314 8.09836 7.18875 7.77605 8.96563 8.93484 5.89425 5.89081 6.64395 6.61279
threshold=0.16246028679255373 0.33625240657718403 -0.086529640188176757 -0.22600344720968579 -0.1274282350962751 -0.062688370866105389 -0.40931483607904789 0.35143349186032619 -0.14521348615967269 -0.062660595366543684 0.34558884594941763 -0.13397985352906575 -0.06845549688910256 0.30298817918699661
decision_type=2 2 2 2 2 2 2 2 2 2 2 2 2 2
left_child=4 2 6 -4 -1 -5 -2 -8 -9 -10 -11 12 -6 -14
right_child=1 -3 3 5 11 -7 7 8 9 10 -12 -13 13 -15
leaf_value=-8.6908484275974609e-06 -0.0010423674285447247 -0.0023810876722470124 -0.0023490711743825187 0.00012119368834961691 0.00080113386456853904 -0.00092240393749285605 0.00019150822517018882 0.000754766984578112 -0.0011012624936555773 0.00028620791630032399 -0.00099187275982606706 0.0001869927085797568 1.9356432446329904e-05 0.00073397576850439943
leaf_weight=73671 8447 6449 5456 10355 46948 18899 36519 4991 16325 10867 4620 71874 29557 19231
leaf_count=73671 8447 6449 5456 10355 46948 18899 36519 4991 16325 10867 4620 71874 29557 19231
internal_value=8.77842e-06 -0.000503657 -0.000399515 -0.00083599 0.000269864 -0.000553088 -0.000214157 -0.000118614 -0.000426312 -0.000611791 -9.54564e-05 0.000392293 0.000546387 0.000301134
internal_weight=364209 122928 116479 34710 241281 29254 81769 73322 36803 31812 15487 167610 95736 48788
internal_count=364209 122928 116479 34710 241281 29254 81769 73322 36803 31812 15487 167610 95736 48788
is_linear=0
shrinkage=0.03


Tree=38
num_leaves=15
num_cat=0
split_feature=66 65 22 57 66 66 33 69 60 60 65 10 69 45
split_gain=50.0442 23.0913 15.4916 14.5332 10.5651 9.31384 8.48431 5.69932 6.70926 5.46645 7.34054 5.43995 4.71166 4.64133
threshold=0.28396489986281997 -0.27035414665992874 -0.18312510456768111 0.012187875889454082 0.46925231426991176 -0.14955245869534253 -0.12563452185396332 0.23257725449847425 0.22588191006721361 -0.22027943872042885 0.33625240657718403 -0.3726580667807467 0.13385444908620178 -0.24178117834085305
decision_type=2 2 2 2 2 2 2 2 2 2 2 2 2 2
left_child=2 -2 -1 -3 11 7 -7 -4 -9 12 13 -5 -8 -11
right_child=1 3 5 4 -6 6 9 8 -10 10 -12 -13 -14 -15
leaf_value=-0.00017791990767136891 -0.00014590681309065298 -0.0028361121467631143 0.00064581792682832321 -0.0016166158659187823 -0.0024161359729993979 -0.00024130494393332651 0.00096772806915018021 0.00039983835342651805 -0.00086856915124131745 -0.00020583364559953173 -0.00095764068083680138 -0.00060488812098005956 8.230259203203204e-05 0.00046322257205777572
leaf_weight=77050 38760 4222 78813 5863 4059 36812 16664 14648 5035 13490 4981 25943 8009 30228
leaf_count=77050 38760 4222 78813 5863 4059 36812 16664 14648 5035 13490 4981 25943 8009 30228
internal_value=9.58062e-07 -0.00066809 0.000185598 -0.00117282 -0.000976287 0.000319821 0.000130308 0.000531787 7.50977e-05 0.00031676 0.00013239 -0.000791836 0.000680464 0.000256773
internal_weight=364577 78847 285730 40087 35865 208680 110184 98496 19683 73372 48699 31806 24673 43718
internal_count=364577 78847 285730 40087 35865 208680 110184 98496 19683 73372 48699 31806 24673 43718
is_linear=0
shrinkage=0.03


Tree=39
num_leaves=15
num_cat=0
split_feature=59 65 57 65 59 58 65 52 9 52 52 9 9 52
split_gain=35.1714 17.2761 14.0371 9.26313 9.12054 8.67705 6.58584 7.78534 5.85889 5.84371 8.97215 6.78497 6.48761 5.48028
threshold=-0.067245603308796295 0.45378883036553064 0.40658741514022106 -0.12260069451348381 -0.46068786603736028 -0.24387853066933698 0.25865455609938659 0.28562446717817569 0.16405739379084969 -0.10367084530900526 0.28953358885378366 -0.19052311620589588 -0.44434830425674815 0.090841341063255324
decision_type=2 2 2 2 2 2 2 2 2 2 2 2 2 2
left_child=4 2 9 -4 -1 -6 7 -7 -5 12 11 -11 -2 -13
right_child=1 -3 3 8 5 6 -8 -9 -10 10 -12 13 -14 -15
leaf_value=0.0010845492671516961 -0.00067687705468430612 -0.0020668554503920763 -0.000488109155183808 -0.0026594119980460646 -3.1359727868743416e-05 0.0005119499561083438 0.00011778009062865736 0.0015238321957887057 -0.00099720453377137824 -0.0014314160563635631 0.00038686736340688048 -5.3036867540959662e-05 0.00018063444358638027 -0.00057610349117480971
leaf_weight=13902 8904 4573 24436 3193 51229 47554 32071 7989 4774 5278 15964 35595 72706 36521
leaf_count=13902 8904 4573 24436 3193 51229 47554 32071 7989 4774 5278 15964 35595 72706 36521
internal_value=5.16537e-06 -0.000244938 -0.000204663 -0.000778115 0.000352194 0.000278793 0.000460125 0.000657742 -0.00166588 -9.84249e-05 -0.000260512 -0.00039408 8.70048e-05 -0.000317972
internal_weight=364689 211944 207371 32403 152745 138843 87614 55543 7967 174968 93358 77394 81610 72116
internal_count=364689 211944 207371 32403 152745 138843 87614 55543 7967 174968 93358 77394 81610 72116
is_linear=0
shrinkage=0.03


Tree=40
num_leaves=15
num_cat=0
split_feature=66 9 59 36 36 45 58 63 66 36 28 58 35 63
split_gain=48.7516 16.3655 13.6953 8.68588 12.6033 6.98758 8.85724 8.61997 6.77897 6.75057 6.22988 5.63115 5.61878 5.30223
threshold=0.22157976914353109 -0.40864539304929964 -0.38209882711916343 -0.060610318262187428 -0.1256261509875059 -0.22995900528445629 -0.24387853066933698 0.21359325946999466 0.35143349186032619 0.34558884594941763 0.023703232251870047 0.012175630250567561 -0.36418369492557356 0.036106711357663086
decision_type=2 2 2 2 2 2 2 2 2 2 2 2 2 2
left_child=2 11 13 4 -3 12 10 -8 -6 -5 -7 -2 -4 -1
right_child=1 3 5 9 8 6 7 -9 -10 -11 -12 -13 -14 -15
leaf_value=0.0009860872756731684 -0.0024230488003431686 -2.5965316837372354e-05 -0.0010292066520099252 0.00019118816533211899 -0.00057424616034306407 0.00022946115486871576 0.00049215404482344201 -5.948813506592807e-05 -0.0014026248413864675 -0.00066478591326099437 -0.00049243482198829225 -0.0010204140873298808 -7.0250780542513639e-05 0.00029263382178619144
leaf_weight=25189 4929 17794 6254 25730 17187 20009 91513 35334 18461 12223 23252 5438 45046 16389
leaf_count=25189 4929 17794 6254 25730 17187 20009 91513 35334 18461 12223 23252 5438 45046 16389
internal_value=-2.38158e-06 -0.000559911 0.000213367 -0.000431668 -0.000678094 0.000119535 0.000212085 0.000338498 -0.00100351 -8.45861e-05 -0.000158569 -0.00168899 -0.000187335 0.000712881
internal_weight=364748 101762 262986 91395 53442 221408 170108 126847 35648 37953 43261 10367 51300 41578
internal_count=364748 101762 262986 91395 53442 221408 170108 126847 35648 37953 43261 10367 51300 41578
is_linear=0
shrinkage=0.03


Tree=41
num_leaves=15
num_cat=0
split_feature=59 9 63 19 59 22 43 69 18 60 2 61 59 42
split_gain=34.0127 15.4181 11.7025 10.5201 7.58431 7.17116 6.56311 6.55554 5.81969 5.76725 5.69799 5.18056 5.15596 5.55486
threshold=-0.039706254277128143 -0.45221545869214258 -0.0236385929152747 0.37859380253670571 1.0000000180025095e-35 -0.15124363722164191 -0.33293484629785769 0.34648077877173111 -0.31956402117656585 0.13114375105959966 0.19480337996268685 0.19938676101112648 -0.38987459389750917 0.051241869316371709
decision_type=2 2 2 2 2 2 2 2 2 2 2 2 2 2
left_child=2 6 12 5 -5 -3 -2 -4 -7 -9 -6 -10 -1 -14
right_child=1 3 7 4 10 8 -8 9 11 -11 -12 -13 13 -15
leaf_value=0.0009818744197460001 -0.002479060567300189 -0.00036118031609466889 0.0001422706811497288 -0.0020588278369929967 -0.00011305498173105564 -0.00050058666235518103 -0.00087561472217189372 -0.00014671609887154663 0.00035308990311814462 -0.0017770831589809005 -0.00085193421227965885 -0.00015329382162480713 0.0001916836568885824 0.00077713597066990598
leaf_weight=19733 3408 58318 73330 3133 16850 13920 7069 5362 48986 3063 21226 28905 36791 24167
leaf_count=19733 3408 58318 73330 3133 16850 13920 7069 5362 48986 3063 21226 28905 36791 24167
internal_value=-1.89421e-05 -0.00027902 0.000304163 -0.000217621 -0.000642148 -0.000101057 -0.00139906 5.11832e-05 6.41937e-05 -0.000740858 -0.000525069 0.000165178 0.000560441 0.000423878
internal_weight=364261 201815 162446 191338 41209 150129 10477 81755 91811 8425 38076 77891 80691 60958
internal_count=364261 201815 162446 191338 41209 150129 10477 81755 91811 8425 38076 77891 80691 60958
is_linear=0
shrinkage=0.03


Tree=42
num_leaves=15
num_cat=0
split_feature=57 9 65 40 48 36 47 36 41 61 60 47 43 33
split_gain=28.1979 15.3766 18.3137 11.9969 7.33507 7.87192 7.33286 10.9987 6.76346 6.65494 5.8697 5.73614 5.48209 5.38751
threshold=-1.0000000180025095e-35 -0.39252713092649411 0.027857587254541131 0.28914858748244116 0.38140391941152418 -0.060610318262187428 -0.33804676319600396 -0.14562966001539632 0.078797373772813775 0.30102561482053913 -1.0000000180025095e-35 -0.1688459635406547 -0.22574968231926101 -0.03901496919427732
decision_type=2 2 2 2 2 2 2 2 2 2 2 2 2 2
left_child=3 2 10 6 12 -6 7 -1 11 -10 -2 -8 13 -3
right_child=1 4 -4 -5 5 -7 8 -9 9 -11 -12 -13 -14 -15
leaf_value=-0.0014978315522623516 0.00043090038474988095 -0.00063185865528823113 -0.0028623529550370064 -0.00034987581343250932 -0.0009260273689359064 -3.5917262590719062e-05 0.00035254371015879432 0.00016962897775844442 0.00034151250292593877 -0.00069900395764038704 -0.0009367107982143336 0.00091442522942864694 9.8269626814116945e-05 -4.29835279931294e-05
leaf_weight=4006 3773 24274 4058 25005 21280 15419 28822 31358 44145 6315 11166 37844 73921 32965
leaf_count=4006 3773 24274 4058 25005 21280 15419 28822 31358 44145 6315 11166 37844 73921 32965
internal_value=-1.16841e-05 -0.0002689 -0.00107764 0.000259097 -0.000177314 -0.000552161 0.000358971 -1.96294e-05 0.000473274 0.000211181 -0.000591249 0.000671594 -7.23966e-05 -0.000292781
internal_weight=364351 186856 18997 177495 167859 36699 152490 35364 117126 50460 14939 66666 131160 57239
internal_count=364351 186856 18997 177495 167859 36699 152490 35364 117126 50460 14939 66666 131160 57239
is_linear=0
shrinkage=0.03


Tree=43
num_leaves=15
num_cat=0
split_feature=66 65 59 65 9 9 65 53 45 58 59 66 66 33
split_gain=38.6764 23.9193 11.9175 11.4221 9.65522 9.53687 7.5902 15.8245 11.152 7.73838 5.8081 5.66876 5.63327 9.87715
threshold=0.27986932393097524 0.19243840449054653 -0.46068786603736028 -0.31400218818380737 -0.087612812692887995 0.16405739379084969 0.26232455490784962 -0.29026287783920185 -0.25360144576646365 -0.25567874692874687 -0.39388321995464848 0.45735247313438432 -0.16897901366184945 -0.015603762012581261
decision_type=2 2 2 2 2 2 2 2 2 2 2 2 2 2
left_child=2 3 -1 -2 -5 -3 7 -4 -9 -10 -8 -6 -11 -14
right_child=1 5 6 4 11 -7 10 8 9 12 -12 -13 13 -15
leaf_value=0.0010401603562836617 -3.150385273817996e-06 -0.0034826223518892381 0.00097739741761478875 -0.001510672925058169 -0.00027742615139671737 -0.0012951514816789082 0.00048471295496590544 -0.00030588956567178822 -0.00016542095812213697 0.00076793112656202834 -0.00024688785557912003 -0.0014683039964410065 -0.00010510988695884854 0.00056982546369846714
leaf_weight=13621 33853 3035 22447 10969 23545 4415 11606 40350 29566 25897 61333 4238 36301 42182
leaf_count=13621 33853 3035 22447 10969 23545 4415 11606 40350 29566 25897 61333 4238 36301 42182
internal_value=1.01697e-05 -0.000572037 0.000174702 -0.000405763 -0.000757386 -0.00218976 0.000130953 0.000227856 0.000131275 0.00026298 -0.000130426 -0.000459545 0.00038433 0.000257672
internal_weight=363358 80055 283303 72605 38752 7450 269682 196743 174296 133946 72939 27783 104380 78483
internal_count=363358 80055 283303 72605 38752 7450 269682 196743 174296 133946 72939 27783 104380 78483
is_linear=0
shrinkage=0.03


Tree=44
num_leaves=15
num_cat=0
split_feature=59 56 63 53 22 53 36 36 47 36 24 43 59 63
split_gain=29.749 11.1665 10.5476 9.1588 13.0315 7.45498 6.9664 7.05494 5.91626 9.1218 6.787 5.805 5.87283 5.58695
threshold=-0.067245603308796295 0.40210615069935118 0.0041516993244417608 0.039184127557442112 -0.047718942370733451 -0.27427431082152193 -0.060610318262187428 -0.1256261509875059 -0.16503034015108153 0.37363627935095162 0.22747684730057424 0.42561479540415248 -0.46465353979445534 0.29219388003533697
decision_type=2 2 2 2 2 2 2 2 2 2 2 2 2 2
left_child=2 3 8 4 -2 -6 7 -3 9 -1 -10 12 -4 -13
right_child=1 6 11 -5 5 -7 -8 -9 10 -11 -12 13 -14 -15
leaf_value=0.00012983538152184221 -0.00084719072882499758 -0.00028881583033025978 0.0013122419993156851 5.9140302151435856e-05 0.0005951964176338807 -0.00027913653176631976 -0.00020869195136671165 -0.001452312857973471 0.0010551374568579508 0.0015006761245904743 0.00020511872448618262 -0.00016050750306503586 9.2329955546413252e-05 -0.0016539858291198645
leaf_weight=35919 31404 7060 3784 99227 11807 34105 14539 13999 28958 4964 11946 8203 55645 3100
leaf_count=35919 31404 7060 3784 99227 11807 34105 14539 13999 28958 4964 11946 8203 55645 3100
internal_value=3.95639e-07 -0.000229354 0.000319952 -0.000131598 -0.000376367 -5.42073e-05 -0.000713987 -0.00106257 0.000551938 0.000296609 0.000807001 5.16684e-05 0.000170213 -0.000571214
internal_weight=364660 212141 152519 176543 77316 45912 35598 21059 81787 40883 40904 70732 59429 11303
internal_count=364660 212141 152519 176543 77316 45912 35598 21059 81787 40883 40904 70732 59429 11303
is_linear=0
shrinkage=0.03


Tree=45
num_leaves=15
num_cat=0
split_feature=66 65 9 43 69 53 65 65 65 42 57 65 3 65
split_gain=34.9781 22.3276 21.8435 10.349 10.5774 9.45978 7.04851 6.0067 5.60025 5.29434 5.30991 5.88216 5.23139 4.99628
threshold=0.22547436079235569 -0.075032531166777092 -0.13888106416275428 -0.13091990772353096 0.23257725449847425 -0.27427431082152193 0.21991819542989025 0.32831253277096917 0.46151586237133779 -0.1229147064174093 0.44141611826023064 -0.45993598181876855 -0.086858650054912404 0.1022549410722617
decision_type=2 2 2 2 2 2 2 2 2 2 2 2 2 2
left_child=3 9 13 5 -5 7 -7 -1 12 -2 11 -11 -6 -3
right_child=1 2 -4 4 8 6 -8 -9 -10 10 -12 -13 -14 -15
leaf_value=0.0012590968112186193 6.7354937251872364e-05 -0.001782567243786354 -0.00073274705330982298 0.00041726607742885311 -0.00035139483807225514 -0.00018782712080019838 -0.0012063767447565465 -0.00015721808376303629 -0.0012958471663589014 0.0009981683250421616 -0.0010945739373049098 -0.00040038682091363766 0.00025183109733354557 -0.0034336324252818989
leaf_weight=6203 34837 3087 22542 143487 21855 46224 7038 4756 3141 3034 8734 24432 31685 3642
leaf_count=6203 34837 3087 22542 143487 21855 46224 7038 4756 3141 3034 8734 24432 31685 3642
internal_value=-7.06906e-06 -0.000484029 -0.00118115 0.000173899 0.000280209 -0.000157449 -0.000322619 0.00064486 -6.67597e-05 -0.000196654 -0.000450671 -0.00024559 5.57495e-06 -0.00267996
internal_weight=364697 100308 29271 264389 200168 64221 53262 10959 56681 71037 36200 27466 53540 6729
internal_count=364697 100308 29271 264389 200168 64221 53262 10959 56681 71037 36200 27466 53540 6729
is_linear=0
shrinkage=0.03


Tree=46
num_leaves=15
num_cat=0
split_feature=30 43 65 9 41 22 47 65 9 65 57 50 17 24
split_gain=24.661 12.2206 11.4693 11.7462 8.92588 6.31286 6.25911 6.24598 5.69472 5.41008 5.06031 4.54708 4.48317 4.12311
threshold=0.30657125332242902 -0.27768874204081223 -0.25059680526111827 -0.056139282410026796 0.24033965122183445 0.15980274274276293 0.016034954684341299 0.46151586237133779 -0.40061937427853006 0.066813925066534621 0.43746759168321198 0.25576435847818346 -0.25948610274515344 0.17229126050184443
decision_type=2 2 2 2 2 2 2 2 2 2 2 2 2 2
left_child=1 8 -2 9 5 13 -7 -6 -1 -4 -5 12 -8 -3
right_child=2 4 3 10 7 6 11 -9 -10 -11 -12 -13 -14 -15
leaf_value=-0.00155587410122242 -0.00011915526088063401 0.00027298331539474491 -0.0012604587193056468 -0.00036170417006402679 -4.0783729174384182e-05 0.00032808861895771509 0.00044567835967680513 -0.0014247923305606071 -0.00024849705657230628 -0.002791309931668799 -0.0014216126047325009 6.6518438949978608e-05 0.0014444871752300396 -0.00013619489961390032
leaf_weight=3237 35164 90808 5761 21313 59505 45353 5875 3077 39302 3271 5000 4424 13055 29312
leaf_count=3237 35164 90808 5761 21313 59505 45353 5875 3077 39302 3271 5000 4424 13055 29312
internal_value=1.00553e-06 0.000121871 -0.000502821 -0.000884381 0.00020144 0.000304344 0.000533683 -0.000109049 -0.000348324 -0.00181734 -0.000563572 0.000932631 0.0011349 0.000173132
internal_weight=364457 293948 70509 35345 251409 188827 68707 62582 42539 9032 26313 23354 18930 120120
internal_count=364457 293948 70509 35345 251409 188827 68707 62582 42539 9032 26313 23354 18930 120120
is_linear=0
shrinkage=0.03


Tree=47
num_leaves=15
num_cat=0
split_feature=66 65 9 22 52 60 33 59 42 33 65 33 42 50
split_gain=31.0094 17.3489 18.3434 11.6732 7.80729 6.65672 6.71251 6.51995 6.12201 5.74276 5.5501 10.9026 13.4924 5.72115
threshold=0.27986932393097524 -0.086529640188176757 -0.11576371954509161 -0.16700129737627689 0.051168378849814629 -1.0000000180025095e-35 0.015981636983447515 -0.25965892438036337 -0.13864092736392936 -0.03901496919427732 0.25865455609938659 1.0000000180025095e-35 -1.0000000180025095e-35 0.075310273614673254
decision_type=2 2 2 2 2 2 2 2 2 2 2 2 2 2
left_child=3 8 -3 -1 -4 -6 -7 -5 -2 -9 11 12 13 -11
right_child=1 2 4 7 5 6 -8 9 -10 10 -12 -13 -14 -15
leaf_value=-0.00016163868579319532 6.8144097963549413e-05 -0.0026963011159355085 0.00017675329368568803 0.00051546342120440379 -0.00027666443252450062 -0.0027834007980512151 -0.00087441449779534488 -6.9716107350491148e-05 -0.00055067877038477233 0.0011725029354400435 -0.00011371099200037031 0.00021953584110990054 0.00026326420646182906 0.0028129590229800643
leaf_weight=80967 27907 5739 5646 63815 4314 3183 3476 60693 29687 3661 19797 42395 7720 4054
leaf_count=80967 27907 5739 5646 63815 4314 3183 3476 60693 29687 3661 19797 42395 7720 4054
internal_value=-4.62065e-06 -0.000526304 -0.00123539 0.000142724 -0.00072958 -0.00119566 -0.00178971 0.000264641 -0.00025087 0.000148893 0.0003198 0.000468198 0.00115061 0.00203704
internal_weight=363054 79952 22358 283102 16619 10973 6659 202135 57594 138320 77627 57830 15435 7715
internal_count=363054 79952 22358 283102 16619 10973 6659 202135 57594 138320 77627 57830 15435 7715
is_linear=0
shrinkage=0.03


Tree=48
num_leaves=15
num_cat=0
split_feature=30 22 65 21 64 46 7 65 53 53 57 52 63 50
split_gain=20.3318 11.4215 9.91933 8.7333 7.07652 6.99182 6.55041 5.92793 6.72331 7.0687 6.44714 5.0121 4.61415 5.12537
threshold=0.29104857006275187 -0.12348079153286996 -0.090840387209028386 0.27125689674401521 -0.42051061577701337 0.18091357798120836 -0.32561054085444324 0.44593808925204281 -0.30647009612545512 1.0000000180025095e-35 -0.3744654058474215 -0.39355725723227464 0.29988836149066544 -0.37690197048963475
decision_type=2 2 2 2 2 2 2 2 2 2 2 2 2 2
left_child=1 7 -2 5 -3 -4 -6 8 -1 -10 -11 -8 13 -13
right_child=2 4 3 -5 6 -7 11 -9 9 10 -12 12 -14 -15
leaf_value=0.0005070304961543497 -0.0001978278305158941 -0.00068737542343965655 -0.0020287335570660968 -0.00031039053250605646 -0.00014975338811056826 -0.00064132882693833881 0.00094985188352808634 -0.001139793063202326 -0.00057336263077727991 -0.0013090725212728371 0.00010377618080983469 -0.00010415094462635077 -0.00011931250442869797 0.00045533285301789484
leaf_weight=14297 51663 6937 7771 11201 26314 5660 12032 5110 28882 3089 46865 17054 19276 108275
leaf_count=14297 51663 6937 7771 11201 26314 5660 12032 5110 28882 3089 46865 17054 19276 108275
internal_value=1.32979e-06 0.00011664 -0.000434101 -0.000929377 0.000252495 -0.00144498 0.000288168 -0.000145945 -9.12985e-05 -0.000199857 1.61655e-05 0.00036174 0.000312744 0.0003792
internal_weight=364426 288131 76295 24632 189888 13431 182951 98243 93133 78836 49954 156637 144605 125329
internal_count=364426 288131 76295 24632 189888 13431 182951 98243 93133 78836 49954 156637 144605 125329
is_linear=0
shrinkage=0.03


Tree=49
num_leaves=15
num_cat=0
split_feature=66 65 9 63 53 53 58 60 42 65 59 58 52 36
split_gain=26.869 16.9714 19.1814 9.71175 10.6563 15.8454 10.3776 8.24267 7.41 7.24879 8.12612 6.5305 5.95026 6.45215
threshold=0.22157976914353109 -0.075032531166777092 -0.11576371954509161 0.24891535536816747 -0.25846108220178593 -0.11955057730076295 -0.24387853066933698 -0.059008405943418989 -0.083074983326574245 0.26232455490784962 -0.43712393833855862 0.032082716649934291 -0.36581565486441814 -0.062660595366543684
decision_type=2 2 2 2 2 2 2 2 2 2 2 2 2 2
left_child=3 12 -3 4 9 -6 -7 -4 -8 11 -11 -1 -2 -14
right_child=1 2 7 -5 5 6 8 -9 -10 10 -12 -13 13 -15
leaf_value=0.00065020840287519945 0.00034257044195439197 -0.0023926234740354268 0.00019832345163469387 -0.00021419061416614276 -0.00048339847757068521 -0.00022555311470557715 0.00011134411575077586 -0.0010060736071187226 0.00069187943806128609 0.0010526421208716049 9.2060574528717444e-05 0.0017178338019993829 -0.0005998316031901622 5.0893882764564032e-05
leaf_weight=18244 15913 7005 7726 51451 32672 28212 34672 15101 46100 10339 33864 7192 31324 24384
leaf_count=18244 15913 7005 7726 51451 32672 28212 34672 15101 46100 10339 33864 7192 31324 24384
internal_value=-4.72511e-06 -0.000419381 -0.00102047 0.000155394 0.000245395 9.60019e-05 0.000269727 -0.000598526 0.000442725 0.000549225 0.000316926 0.000952635 -0.000168905 -0.000315044
internal_weight=364199 101453 29832 262746 211295 141656 108984 22827 80772 69639 44203 25436 71621 55708
internal_count=364199 101453 29832 262746 211295 141656 108984 22827 80772 69639 44203 25436 71621 55708
is_linear=0
shrinkage=0.03


Tree=50
num_leaves=15
num_cat=0
split_feature=66 53 53 59 69 66 42 52 58 59 47 53 58 18
split_gain=26.5529 11.1219 13.6953 10.6051 8.02193 7.4613 7.15473 5.85203 5.62146 9.05173 5.5714 5.54506 4.94171 8.288
threshold=0.28396489986281997 -0.28237294391844103 -0.10748767860765067 0.020010970927043351 0.094549842667350573 -0.10706084430102082 -0.15412257215345418 0.2271121426318107 -0.10591985550808049 -0.38987459389750917 0.10687350991928958 -0.23457268919010341 -0.25567874692874687 -0.29961830516485877
decision_type=2 2 2 2 2 2 2 2 2 2 2 2 2 2
left_child=1 4 5 -2 10 11 -4 -5 9 -6 -1 -3 13 -8
right_child=3 2 6 7 8 -7 12 -9 -10 -11 -12 -13 -14 -15
leaf_value=0.00057965624435655117 -0.001586211401663681 0.00058553610039568059 -0.00011481030745919289 -0.00026872149473170285 0.00048306520330155904 -0.00070591113276349371 0.0010134377654161966 -0.0010835530889105808 0.00052073309256940419 -0.00092353372856631647 0.0016148875166571109 -0.00033483021780528075 0.0004366165048762991 -0.0003288832616507612
leaf_weight=41006 7100 9168 51882 62893 7393 29352 5223 9070 13686 9270 5277 16443 77129 19807
leaf_count=41006 7100 9168 51882 62893 7393 29352 5223 9070 13686 9270 5277 16443 77129 19807
internal_value=5.69541e-06 0.000140374 2.70144e-05 -0.000480822 0.000449503 -0.000379493 0.000172075 -0.000371557 7.0414e-05 -0.000299542 0.000698012 -5.26565e-06 0.000317768 -4.84888e-05
internal_weight=364699 285636 209004 79063 76632 54963 154041 71963 30349 16663 46283 25611 102159 25030
internal_count=364699 285636 209004 79063 76632 54963 154041 71963 30349 16663 46283 25611 102159 25030
is_linear=0
shrinkage=0.03


Tree=51
num_leaves=15
num_cat=0
split_feature=66 65 59 65 57 65 45 57 33 60 33 33 42 51
split_gain=24.7132 19.5414 8.74471 8.34544 9.07893 8.24357 10.6698 6.53434 6.36649 6.08716 5.41155 11.1753 11.7696 5.06444
threshold=0.25282122793229422 0.26232455490784962 -0.37818020536530289 -0.27035414665992874 0.0082058651401307209 0.26633387653124502 -0.24178117834085305 0.41821495106961609 0.01225706959113654 0.099443670690188793 -0.030932637182637165 1.0000000180025095e-35 -0.16223634454763661 -0.038870830755680451
decision_type=2 2 2 2 2 2 2 2 2 2 2 2 2 2
left_child=2 3 -1 -2 -5 6 -4 -6 -3 -7 -8 12 -12 -13
right_child=1 8 5 4 7 9 10 -9 -10 -11 11 13 -14 -15
leaf_value=0.000535811341564543 -1.6615793145847319e-05 -0.0029690657996555556 -0.00024187415730754689 -0.0019603486815614173 -0.00022619888783508422 -2.7111104327178144e-05 0.00010475847645171776 -0.0011318497564084295 -0.0010630039424024541 -0.00068606263826673198 0.0024099568474613715 0.00061851729876876544 0.00066757031507951709 1.1503144055790066e-05
leaf_weight=42838 42874 3223 42438 4061 26994 38515 63256 9757 3113 18754 4774 21145 12939 29790
leaf_count=42838 42874 3223 42438 4061 26994 38515 63256 9757 3113 18754 4774 21145 12939 29790
internal_value=6.24122e-07 -0.000430679 0.000142107 -0.00030893 -0.000615933 6.92682e-05 0.000171846 -0.000466882 -0.00203573 -0.000242981 0.000304962 0.000489399 0.00113827 0.000263569
internal_weight=364471 90022 274449 83686 40812 231611 174342 36751 6336 57269 131904 68648 17713 50935
internal_count=364471 90022 274449 83686 40812 231611 174342 36751 6336 57269 131904 68648 17713 50935
is_linear=0
shrinkage=0.03


Tree=52
num_leaves=15
num_cat=0
split_feature=57 40 57 57 47 50 52 52 47 33 69 18 69 52
split_gain=19.0302 9.89954 8.52524 10.1032 7.55843 5.72699 5.35304 5.13527 4.49514 4.77034 4.1819 3.98185 3.72071 3.88505
threshold=-1.0000000180025095e-35 0.2066591705963641 1.0000000180025095e-35 0.41043535261234315 -0.36174782059649063 0.015657164800351123 0.23902063741556182 0.063156522200140133 0.090882755987669109 -0.18023916446871319 0.36644015685550185 -0.14200118326541042 -0.039262991990852585 -0.2346207696579074
decision_type=2 2 2 2 2 2 2 2 2 2 2 2 2 2
left_child=1 4 5 8 6 -2 7 11 9 -4 -10 -1 -6 -14
right_child=2 -3 3 -5 12 -7 -8 -9 10 -11 -12 -13 13 -15
leaf_value=0.00073387174469701291 -0.0016777904799532889 -0.00017034454143847609 -0.0006538288248970121 -0.00064170304540641873 0.00068008305379800484 -0.00012268057728869933 0.00041128172444244922 -0.0013334343668336113 0.00025604143525166558 -8.1821510467446052e-05 -0.00021522297200912975 -0.00044408602189435883 0.00078350927878580081 0.00019675235126581018
leaf_weight=3553 5715 42419 17690 31925 44845 3398 12025 4137 52471 50743 25020 9378 12855 48288
leaf_count=3553 5715 42419 17690 31925 44845 3398 12025 4137 52471 50743 25020 9378 12855 48288
internal_value=6.95386e-06 0.000229429 -0.000204263 -0.000158372 0.000354971 -0.0010987 -7.33351e-05 -0.000414805 -5.25935e-05 -0.00022976 0.000103873 -0.000120106 0.000472535 0.000320223
internal_weight=364462 177500 186962 177849 135081 9113 29093 17068 145924 68433 77491 12931 105988 61143
internal_count=364462 177500 186962 177849 135081 9113 29093 17068 145924 68433 77491 12931 105988 61143
is_linear=0
shrinkage=0.03


Tree=53
num_leaves=15
num_cat=0
split_feature=66 65 65 33 59 65 52 45 66 47 60 33 41 36
split_gain=22.8529 15.4996 8.04166 7.91805 7.68247 8.87895 11.3451 7.50672 6.70855 6.47041 5.89733 5.84068 4.49279 4.40398
threshold=0.24501855122465468 0.27017549319734296 -0.27035414665992874 0.0082629428396692201 -0.38987459389750917 0.26633387653124502 0.32487758595919936 -0.24178117834085305 0.46537981848437887 1.0000000180025095e-35 0.095502005130243164 0.28767153029831261 0.36644015685550185 -0.14128269153804657
decision_type=2 2 2 2 2 2 2 2 2 2 2 2 2 2
left_child=4 2 13 -3 -1 6 7 -6 9 11 -7 -4 -9 -2
right_child=1 3 8 -5 5 10 -8 12 -10 -11 -12 -13 -14 -15
leaf_value=0.00053295911768115026 0.00071758141976639754 -0.0028912168102376112 -0.0013806348861004904 -0.00076408597666012036 -0.00025491564392014695 -3.1742662669794033e-05 0.00098810594261688491 0.00029597410325706941 -0.0016761736682778712 -0.00017341311649877132 -0.00067107112626775436 7.32895519711394e-06 -0.00025583575020307359 -0.00013728788831434809
leaf_weight=38615 6325 3177 9687 3133 38353 39311 14460 105773 4576 24755 19381 3797 15178 37689
leaf_count=38615 6325 3177 9687 3133 38353 39311 14460 105773 4576 24755 19381 3797 15178 37689
internal_value=1.86541e-06 -0.000403517 -0.000299075 -0.00183795 0.000141163 7.60587e-05 0.000183813 0.00011075 -0.000591748 -0.000461573 -0.000242937 -0.000990078 0.000226713 -1.43044e-05
internal_weight=364210 93139 86829 6310 271071 232456 173764 159304 42815 38239 58692 13484 120951 44014
internal_count=364210 93139 86829 6310 271071 232456 173764 159304 42815 38239 58692 13484 120951 44014
is_linear=0
shrinkage=0.03


Tree=54
num_leaves=15
num_cat=0
split_feature=66 65 22 65 50 52 66 7 47 32 60 52 65 47
split_gain=21.651 15.1213 10.3424 6.4678 6.34656 6.05039 6.03048 5.77684 4.9428 4.89955 4.04461 4.11381 7.98864 4.71429
threshold=0.30388743087923042 0.22381231017860628 -0.22673559255527789 -0.27439009248650081 -0.38086000612027837 -0.38558217951282925 0.47311961763462274 -0.28569627548447513 0.067351920654722078 0.10962404007112754 0.47285924989464817 0.28562446717817569 0.29738376094129559 -0.12146757300371684
decision_type=2 2 2 2 2 2 2 2 2 2 2 2 2 2
left_child=2 3 -1 -2 -4 -6 8 -7 9 -5 11 -9 13 -13
right_child=1 -3 4 6 5 7 -8 10 -10 -11 -12 12 -14 -15
leaf_value=-0.00020068214740256312 -5.3358934811687206e-05 -0.0019473720074247173 -0.00022449539551722667 -0.0015895188282951597 0.00079147327462957321 -0.00012910782543873534 -0.0018187806118342904 0.00022521302840815253 -0.00018292697269583008 -0.00024389649814270532 -0.00068060010849687724 0.00053219525859061914 0.00024142598561324084 0.0015086386709468923
leaf_weight=67162 35478 5628 25287 5796 18835 33493 3504 100143 16851 4202 3631 8243 26573 9703
leaf_count=67162 35478 5628 25287 5796 18835 33493 3504 100143 16851 4202 3631 8243 26573 9703
internal_value=1.19801e-05 -0.000456204 0.000126149 -0.000328445 0.000223319 0.000279772 -0.000649856 0.000226714 -0.000496682 -0.00102478 0.000307082 0.000331918 0.00057184 0.00106068
internal_weight=364529 71459 293070 65831 225908 200621 30353 181786 26849 9998 148293 144662 44519 17946
internal_count=364529 71459 293070 65831 225908 200621 30353 181786 26849 9998 148293 144662 44519 17946
is_linear=0
shrinkage=0.03


Tree=55
num_leaves=15
num_cat=0
split_feature=66 65 9 65 52 22 52 33 7 61 59 9 23 47
split_gain=21.4079 17.7216 7.48389 10.3027 8.83443 7.28782 6.37562 6.23806 5.11912 5.04697 5.91125 4.74872 4.2762 3.80881
threshold=0.14630412132979434 0.35195804578814771 -0.19848164229601806 -0.078751262366831679 0.17663626373084138 -0.027941659457841519 -0.40152112869177214 0.027476650907991233 -0.33343750036621217 0.30102561482053913 -0.46857721928642898 0.37514655450865592 0.26979787325538623 0.095123117101151913
decision_type=2 2 2 2 2 2 2 2 2 2 2 2 2 2
left_child=5 2 3 -2 6 9 -4 -3 -7 10 -1 -8 -10 -5
right_child=1 7 4 13 -6 8 11 -9 12 -11 -12 -13 -14 -15
leaf_value=0.0012954461278402445 -0.00034146372671379653 -0.0028417084134976208 0.0010154396885068489 -0.002500970027305636 -0.00065952669408268999 -0.0001649797210312082 -0.00016544896552725676 -0.0009252126836572671 0.00052746661243046917 -0.00072823933103914726 7.1063992146415478e-07 0.00040971309456810256 0.00015974798034016559 -0.0010015880814760623
leaf_weight=3287 20734 3014 5705 3011 19792 17009 53434 3120 76438 8207 84832 17028 45363 3124
leaf_count=3287 20734 3014 5705 3011 19792 17009 53434 3120 76438 8207 84832 17028 45363 3124
internal_value=1.29808e-05 -0.000297625 -0.000218955 -0.000661399 -9.50127e-05 0.00018334 5.17436e-05 -0.00186999 0.000322462 -1.71542e-05 4.91482e-05 -2.64156e-05 0.00039054 -0.00174034
internal_weight=364098 128962 122828 26869 95959 235136 76167 6134 138810 96326 88119 70462 121801 6135
internal_count=364098 128962 122828 26869 95959 235136 76167 6134 138810 96326 88119 70462 121801 6135
is_linear=0
shrinkage=0.03


Tree=56
num_leaves=15
num_cat=0
split_feature=66 65 22 65 57 10 41 53 52 47 52 53 60 66
split_gain=21.0787 14.185 8.85752 7.09467 8.50108 6.21746 5.77811 5.26246 6.85475 4.94031 4.77151 4.68643 6.98956 4.57428
threshold=0.27986932393097524 0.25479060353177679 -0.25011921966550266 -0.27035414665992874 0.0082058651401307209 -0.38456216423026024 0.24033965122183445 -0.28237294391844103 0.094679470797538814 0.10687350991928958 -0.32627178389345984 -0.035686701728444535 0.2650498143601363 0.46925231426991176
decision_type=2 2 2 2 2 2 2 2 2 2 2 2 2 2
left_child=2 3 -1 10 -5 -4 7 9 -9 -7 -2 12 -8 -6
right_child=1 -3 5 4 13 6 11 8 -10 -11 -12 -13 -14 -15
leaf_value=-0.00020388581703131302 0.00043005059482286058 -0.0018835722641026675 -0.00030480968516077817 -0.0020094477932896073 -0.00034312722448877559 0.00047253506259103555 -3.330795972970248e-05 0.00037190524612814327 -0.00017352983084254321 0.001280997031964336 -0.00027041444358428531 0.00030335366488655377 -0.0011984572800534902 -0.0015289965828217116
leaf_weight=57460 13158 5553 19100 3562 28452 40838 21526 81572 27798 8160 26091 22028 5895 3255
leaf_count=57460 13158 5553 19100 3562 28452 40838 21526 81572 27798 8160 26091 22028 5895 3255
internal_value=7.74432e-06 -0.000422191 0.00012881 -0.000313053 -0.000621787 0.000213061 0.00026067 0.000349058 0.000233272 0.000607408 -3.55379e-05 -2.24206e-05 -0.000284139 -0.000465311
internal_weight=364448 80071 284377 74518 35269 226917 207817 158368 109370 48998 39249 49449 27421 31707
internal_count=364448 80071 284377 74518 35269 226917 207817 158368 109370 48998 39249 49449 27421 31707
is_linear=0
shrinkage=0.03


Tree=57
num_leaves=15
num_cat=0
split_feature=63 43 35 40 21 1 63 9 43 36 19 61 22 23
split_gain=14.476 10.8587 7.20478 5.29732 4.95557 4.42227 5.33805 4.37628 4.9231 4.68081 5.34951 3.81965 4.06659 4.87701
threshold=0.28047401109387671 0.015930627961344705 -0.43599315934525157 0.2497246532389634 -0.087117121927424032 -0.2613544573677003 -0.042940748351742462 -0.43299405666313667 0.44150788873299512 -0.063424785261815234 0.41769992937050637 0.35530477102723534 -0.1274282350962751 0.28890768781342818
decision_type=2 2 2 2 2 2 2 2 2 2 2 2 2 2
left_child=1 2 -1 5 -4 -3 -7 -2 9 10 -9 12 -6 -14
right_child=7 3 4 -5 11 6 -8 8 -10 -11 -12 -13 13 -15
leaf_value=-0.00078051161940815715 -0.0011730447702720207 -4.2071704732109214e-05 -0.00023866834970926061 -1.9241092072465643e-05 -7.0061076425183855e-05 0.00074423508987495458 0.00025782908565814713 -0.00027704694244564223 -0.0011881513141828758 3.9737407421906815e-05 -0.0011681929363458142 -0.00056850207660897397 0.00059827342179619928 -4.8245567416794353e-05
leaf_weight=12022 5540 16264 54487 35341 32616 40415 40834 29962 5205 31178 7594 6534 29500 16300
leaf_count=12022 5540 16264 54487 35341 32616 40415 40834 29962 5205 31178 7594 6534 29500 16300
internal_value=-2.57836e-06 9.74802e-05 -7.61592e-05 0.000295427 -1.53796e-05 0.00040946 0.00049984 -0.000360476 -0.000299442 -0.00023198 -0.000457504 0.000127849 0.000185938 0.00036822
internal_weight=363792 284313 151459 132854 139437 97513 81249 79479 73939 68734 37556 84950 78416 45800
internal_count=363792 284313 151459 132854 139437 97513 81249 79479 73939 68734 37556 84950 78416 45800
is_linear=0
shrinkage=0.03


Tree=58
num_leaves=15
num_cat=0
split_feature=66 65 22 60 65 43 61 47 61 3 66 65 43 16
split_gain=17.9395 13.4027 8.6841 8.1955 8.32327 6.53096 6.3855 5.70965 4.81469 4.80643 4.62477 4.58186 3.73837 3.62164
threshold=0.27986932393097524 -0.27439009248650081 -0.051714500491509406 -0.082313327740156997 0.16899790021380948 -0.13091990772353096 0.22649831806896695 0.0041052125233307932 0.25785807855451831 -0.45645001531110269 0.44955750672224309 0.22754038436035814 0.40611799304874791 -0.40931483607904789
decision_type=2 2 2 2 2 2 2 2 2 2 2 2 2 2
left_child=2 13 5 -3 7 11 -7 -5 9 -4 -9 -1 -8 -2
right_child=1 3 8 4 -6 6 12 10 -10 -11 -12 -13 -14 -15
leaf_value=-0.00027609709841455889 -0.00083077313829900217 -1.2826117999045811e-06 -0.00064923364267543168 -0.0013490052360064237 -0.0019885457001143393 0.00019099663870916921 -0.00025398415031689642 -0.00014545646858401035 -3.4619074494418563e-05 0.00037620642840801812 -0.0013680929642377027 -0.0012076191025234965 -0.0014254128852847045 0.00010807227768235263
leaf_weight=28623 4128 9624 4245 9376 6175 65707 12070 12519 39871 124993 3572 5691 3069 34763
leaf_count=28623 4128 9624 4245 9376 6175 65707 12070 12519 39871 124993 3572 5691 3069 34763
internal_value=4.97337e-06 -0.000391382 0.000116746 -0.000767909 -0.00100101 -8.41832e-05 6.30102e-05 -0.00076087 0.000253572 0.000342477 -0.000417548 -0.000430897 -0.000492242 8.23264e-06
internal_weight=364426 80157 284269 41266 31642 115160 80846 25467 169109 129238 16091 34314 15139 38891
internal_count=364426 80157 284269 41266 31642 115160 80846 25467 169109 129238 16091 34314 15139 38891
is_linear=0
shrinkage=0.03


Tree=59
num_leaves=15
num_cat=0
split_feature=61 53 52 10 65 22 57 65 60 65 65 65 43 43
split_gain=13.6294 11.3533 11.2637 8.02245 7.97524 5.82785 7.41428 5.78312 5.30389 4.95849 4.55343 4.14668 3.85157 3.82698
threshold=0.29722562688854404 -0.28626163912423447 0.012139711500435748 -0.43229583898489948 0.24323172720668598 -0.18701682959105265 -0.37824899920223659 -0.090840387209028386 -0.22027943872042885 0.26232455490784962 0.44977869027303757 -0.10284113323014595 -0.46415156548877473 -0.27346670351792279
decision_type=2 2 2 2 2 2 2 2 2 2 2 2 2 2
left_child=1 4 3 7 -1 6 -5 -3 11 13 12 -4 -2 -10
right_child=10 2 8 5 -6 -7 -8 -9 9 -11 -12 -13 -14 -15
leaf_value=0.00091595762226160662 -0.0012612262701243986 -0.00018447870753993774 -0.0005999603907629247 -0.0014756310016869191 0.00021178365544962616 0.00037897715909639547 5.9449959787499727e-05 -0.0015800708807384455 -0.00072831137249742379 -0.0010345006177330742 -0.0015000060581721636 0.00029222762815656132 -0.00026257553034858734 -0.00012070291950603893
leaf_weight=21280 3656 11181 6291 3002 45250 80689 47299 3503 13893 11038 3030 18311 67348 28375
leaf_count=21280 3656 11181 6291 3002 45250 80689 47299 3503 13893 11038 3030 18311 67348 28375
internal_value=3.95595e-07 9.31136e-05 -9.26586e-06 0.000146452 0.000437122 0.000221 -3.24399e-05 -0.000518258 -0.000300412 -0.000468547 -0.000362896 6.39343e-05 -0.000314166 -0.000320542
internal_weight=364146 290112 223582 145674 66530 130990 50301 14684 77908 53306 74034 24602 71004 42268
internal_count=364146 290112 223582 145674 66530 130990 50301 14684 77908 53306 74034 24602 71004 42268
is_linear=0
shrinkage=0.03


Tree=60
num_leaves=15
num_cat=0
split_feature=66 65 9 59 10 53 53 58 65 69 58 65 66 52
split_gain=18.3439 13.4143 13.2349 7.98253 6.86975 6.71282 9.11036 6.63242 7.48493 6.96253 5.84476 5.02369 4.82088 4.73591
threshold=0.28396489986281997 -0.26240824235197668 -0.33275448603069563 -0.46465353979445534 -0.36882775471212842 0.058780005135018749 -0.25447695580367397 -0.058991334437477831 0.35195804578814771 -0.05523944421961418 -0.44110952901739026 0.25088862683989982 0.46537981848437887 -0.32627178389345984
decision_type=2 2 2 2 2 2 2 2 2 2 2 2 2 2
left_child=3 13 -3 -1 -5 6 7 9 -9 10 -6 -8 -4 -2
right_child=1 2 12 4 5 -7 11 8 -10 -11 -12 -13 -14 -15
leaf_value=0.00086586445284431428 0.00045695521527337865 -0.0020270115362389699 -0.00041168731940451737 -0.0003470700911843758 0.0015880056853040541 0.00035234110292243299 -5.5039838100534881e-05 0.0010388142306505478 7.930623582566614e-05 -0.00030326079379618039 0.00021487426596500416 -0.00058884567570742746 -0.0015501337997003749 -0.00023795907080422757
leaf_weight=12383 13207 6478 28959 29238 3419 86196 64193 16562 13105 24214 14992 21068 3778 26560
leaf_count=12383 13207 6478 28959 29238 3419 86196 64193 16562 13105 24214 14992 21068 3778 26560
internal_value=9.20428e-06 -0.000395386 -0.00078902 0.000121193 8.73832e-05 0.000139509 2.30546e-05 0.00027078 0.000615134 3.10221e-05 0.000470594 -0.000186997 -0.000543503 -7.11455e-06
internal_weight=364352 78982 39215 285370 272987 243749 157553 72292 29667 42625 18411 85261 32737 39767
internal_count=364352 78982 39215 285370 272987 243749 157553 72292 29667 42625 18411 85261 32737 39767
is_linear=0
shrinkage=0.03


Tree=61
num_leaves=15
num_cat=0
split_feature=59 65 53 52 60 58 36 29 53 59 35 33 65 58
split_gain=13.5133 12.2843 7.51729 12.784 7.15817 6.49981 6.09045 5.50007 4.66129 4.57899 4.43419 4.06033 4.38459 3.88415
threshold=-0.23226081443608382 0.41877727614237709 -0.27849077581066511 0.015996466864621476 -0.012038740737006585 -0.047165271396662233 -0.058522638522052771 0.0081759897871255278 -0.26638755621438076 0.20459382833499448 -0.4796560279172995 0.063176164945528482 0.33248442711080756 0.42194410452410697
decision_type=2 2 2 2 2 2 2 2 2 2 2 2 2 2
left_child=7 2 5 10 -3 6 -2 -1 -6 -7 -4 12 -5 -13
right_child=1 4 3 11 8 9 -8 -9 -10 -11 -12 13 -14 -15
leaf_value=8.2950064977685284e-05 0.00046466186641971695 -0.00028148912529242851 -0.00080195131237238313 -0.00052905391385037485 -0.00096974219545244969 0.0011223045450049483 -0.0010336293260142773 0.00054086136083055327 -0.002550044697510287 -0.00018293930837114203 7.7847196498751246e-05 -5.014262924655768e-05 -0.0016367137358662489 -0.00094014813285001021
leaf_weight=47076 6004 6580 5331 39506 3834 11449 4101 47353 3009 3063 148642 29527 3495 5179
leaf_count=47076 6004 6580 5331 39506 3834 11449 4101 47353 3009 3063 148642 29527 3495 5179
internal_value=3.76624e-06 -0.000104368 -5.80156e-05 -0.000110982 -0.000988706 0.000440311 -0.000143823 0.00031261 -0.00166734 0.000846875 4.73359e-05 -0.000424647 -0.000619441 -0.000183186
internal_weight=364149 269720 256297 231680 13423 24617 10105 94429 6843 14512 153973 77707 43001 34706
internal_count=364149 269720 256297 231680 13423 24617 10105 94429 6843 14512 153973 77707 43001 34706
is_linear=0
shrinkage=0.03


Tree=62
num_leaves=15
num_cat=0
split_feature=66 9 52 22 10 23 52 2 9 42 41 24 58 52
split_gain=14.2113 9.92763 9.56568 8.64201 6.35556 5.36487 5.16579 4.57727 5.24253 4.41933 4.2002 3.67607 3.54513 3.39121
threshold=0.33950971020056198 -0.32886147188934745 -0.38961978096184036 -0.1274282350962751 -0.38874960716530477 0.15706292940200642 -0.30608034260477768 0.050693534644666589 0.3868926141885326 -0.071394362342638198 0.31496403778550153 0.07475557434035747 -0.27521084367953069 -0.087756078040972477
decision_type=2 2 2 2 2 2 2 2 2 2 2 2 2 2
left_child=3 6 -3 11 -5 10 -2 8 -4 -9 -6 -1 -7 -11
right_child=1 2 7 4 5 12 -8 9 -10 13 -12 -13 -14 -15
leaf_value=4.0210300458228253e-06 -0.00083948069775736326 0.0010130865326291631 -0.00042495658872761363 -0.00036677693868202883 0.0004851036562578905 -0.00026077779962565135 -0.0023196377692946508 -0.00022953631750138444 0.00062497845963891102 -0.00038100308986031449 -6.7450534119464125e-05 -0.00036154033114754459 0.00018413999673524788 -0.0013779665856738367
leaf_weight=62549 7235 4860 11223 16552 81909 21107 3006 11958 6905 4781 14583 40966 68085 8624
leaf_count=62549 7235 4860 11223 16552 81909 21107 3006 11958 6905 4781 14583 40966 68085 8624
internal_value=2.29446e-07 -0.000427733 -0.000247884 8.22524e-05 0.000196357 0.000246573 -0.00127578 -0.000388995 -2.49097e-05 -0.000649109 0.000401597 -0.000140671 7.88342e-05 -0.00102294
internal_weight=364343 58592 48351 305751 202236 185684 10241 43491 18128 25363 96492 103515 89192 13405
internal_count=364343 58592 48351 305751 202236 185684 10241 43491 18128 25363 96492 103515 89192 13405
is_linear=0
shrinkage=0.03


Tree=63
num_leaves=15
num_cat=0
split_feature=57 9 52 60 9 52 9 58 35 52 57 57 51 36
split_gain=10.928 9.97659 10.7639 8.0544 6.6947 9.29869 6.57788 8.40717 6.32163 6.09562 5.88879 5.33018 4.94104 4.64604
threshold=-1.0000000180025095e-35 -0.43681252926106917 -0.37388674069667521 -0.1887276824862324 0.39484087401845397 0.2505826173381272 0.15229074230300801 -0.24387853066933698 -0.031477259162893005 0.27382287735641453 0.41821495106961609 -0.28371221191993617 -1.0000000180025095e-35 0.38904110354903881
decision_type=2 2 2 2 2 2 2 2 2 2 2 2 2 2
left_child=6 -2 -3 -4 10 -6 7 13 -9 -8 12 -10 -5 -1
right_child=1 2 3 4 5 -7 9 8 11 -11 -12 -13 -14 -15
leaf_value=-9.6549249019690759e-05 -0.00098338699823730677 0.00053262533872680616 0.00019159337165680645 -7.1327889534873674e-05 0.00046095968564681351 -0.00077116310516983698 -0.00052805922799559896 0.0001897791231498936 0.0012390424739935628 0.00027927347076439136 -0.0010770910595574192 0.00048989966179404125 -0.00055273050630482681 0.000872805985883249
leaf_weight=54957 12551 20782 36885 33386 18847 7780 21080 41745 12226 13999 11417 28449 45124 4832
leaf_count=54957 12551 20782 36885 33386 18847 7780 21080 41745 12226 13999 11417 28449 45124 4832
internal_value=-6.69988e-06 -0.000166831 -0.000107953 -0.000194743 -0.00031701 0.000100798 0.000161998 0.000252753 0.000449196 -0.000205889 -0.000440719 0.000715325 -0.000348052 -1.80755e-05
internal_weight=364060 186772 174221 153439 116554 26627 177288 142209 82420 35079 89927 40675 78510 59789
internal_count=364060 186772 174221 153439 116554 26627 177288 142209 82420 35079 89927 40675 78510 59789
is_linear=0
shrinkage=0.03


Tree=64
num_leaves=15
num_cat=0
split_feature=66 9 22 7 53 9 61 53 53 50 28 2 0 51
split_gain=16.3151 9.01127 7.21053 5.40086 5.30201 5.32923 4.97122 5.38245 6.12259 5.90011 5.02599 3.43909 3.10371 2.9668
threshold=0.28813761966134122 -0.35242202780279536 -0.21481292702286273 -0.33343750036621217 0.2438450985244818 0.19542521505803637 0.24975845320433412 0.20828425177558738 -0.27849077581066511 -0.2070762643321559 -0.027101856721563369 0.38669308227763349 0.09112625746777521 0.31887234134074743
decision_type=2 2 2 2 2 2 2 2 2 2 2 2 2 2
left_child=2 -2 -1 -4 5 -3 7 8 10 -9 -5 -7 -6 -10
right_child=1 4 3 6 12 11 -8 9 13 -11 -12 -13 -14 -15
leaf_value=-0.0001677001516154127 -0.0011575047716546852 -0.0010931659150729309 -0.00018922639745354631 0.00089952692338548179 0.00035632696423910953 -5.9955605909496151e-05 -3.8031288391951212e-05 -4.6622509365054933e-06 0.00015585153025855829 0.0010147866200752934 0.00026390519568689425 -0.00079521090909242967 -0.00026952077399658046 -0.00036588533710467294
leaf_weight=68634 11682 9711 29968 18312 14758 19479 43238 7120 61124 18083 28820 8100 13782 11674
leaf_count=68634 11682 9711 29968 18312 14758 19479 43238 7120 61124 18083 28820 8100 13782 11674
internal_value=-3.81959e-06 -0.00038999 0.000100496 0.000184806 -0.000253634 -0.000489123 0.000244318 0.000328432 0.000244642 0.000726899 0.000510999 -0.000276111 5.41158e-05 7.21462e-05
internal_weight=364485 77512 286973 218339 65830 37290 188371 145133 119930 25203 47132 27579 28540 72798
internal_count=364485 77512 286973 218339 65830 37290 188371 145133 119930 25203 47132 27579 28540 72798
is_linear=0
shrinkage=0.03


Tree=65
num_leaves=15
num_cat=0
split_feature=30 7 65 60 61 53 53 65 58 41 56 65 30 21
split_gain=10.0265 7.18308 6.35214 8.16552 5.49322 5.64072 8.64687 6.1628 4.12761 4.15374 3.76631 3.7424 4.00215 3.70965
threshold=0.31862759896609077 -0.33343750036621217 -0.19058424675518576 -0.078268381285805835 0.29335481424224796 -0.28626163912423447 0.0077550487140244382 0.29326761201761203 -0.40207092961978758 -0.29863090728750941 0.43404868733529184 -0.21478878852990721 -0.26371184930259117 -0.29486557735830282
decision_type=2 2 2 2 2 2 2 2 2 2 2 2 2 2
left_child=1 -1 -2 -4 5 7 -7 13 -8 -10 -5 -11 -13 -3
right_child=2 4 3 10 -6 6 8 -9 9 11 -12 12 -14 -15
leaf_value=-0.00027182321943988242 -7.3153496888061644e-05 -6.4169749461607969e-05 0.00017843668767448953 -0.00071588816742402779 -0.00017712775933020964 -0.0001395498048877072 -0.00042941911735272628 0.00020623276932552238 -5.4258789246435467e-05 0.00015884938347841975 -0.0016126685669972008 0.0011741036076525092 0.00048233167553556955 0.00098808823959904701
leaf_weight=43368 38179 3546 7456 14220 39936 68942 6264 35830 16475 21476 6003 9867 31777 20093
leaf_count=43368 38179 3546 7456 14220 39936 68942 6264 35830 16475 21476 6003 9867 31777 20093
internal_value=1.08551e-05 8.49868e-05 -0.000324065 -0.000670008 0.000145868 0.000206073 0.000110655 0.000454391 0.000311555 0.000369915 -0.000982754 0.00048062 0.00064648 0.000830282
internal_weight=363432 297574 65858 27679 254206 214270 154801 59469 85859 79595 20223 63120 41644 23639
internal_count=363432 297574 65858 27679 254206 214270 154801 59469 85859 79595 20223 63120 41644 23639
is_linear=0
shrinkage=0.03


Tree=66
num_leaves=15
num_cat=0
split_feature=43 40 9 65 58 55 57 22 4 41 16 43 53 9
split_gain=10.0377 10.6291 8.3938 5.78736 5.59593 5.24366 4.41748 3.78038 3.33183 3.34409 3.24203 3.10259 2.93663 4.33548
threshold=-0.26957204966549841 0.20282090362147828 -0.46005632451974371 -0.29809242645434336 -0.41768831633565923 -0.38470801289858597 0.44141611826023064 -0.29742024411501583 -0.34505575585260773 0.27957707331957721 -0.41706876280499156 -0.44794285445597309 0.082033589071856275 0.17563563412320685
decision_type=2 2 2 2 2 2 2 2 2 2 2 2 2 2
left_child=2 7 -1 10 -3 -5 -6 -2 9 -9 -4 -7 -13 -14
right_child=1 4 3 5 6 11 -8 8 -10 -11 -12 12 13 -15
leaf_value=-0.0017005607055453058 -9.0347749469882999e-05 -0.00097214470562423437 -0.00069873498861450223 -0.0013096690672772244 -7.2034197968018492e-05 -0.00096935148680775461 -0.0011576324427013862 0.00011221013390797053 0.00033243378525539069 -0.00078149357056600836 0.00018435622813177703 -0.00044547309304854407 -0.00026488559938849351 0.00088778700419228813
leaf_weight=3663 32476 7531 4294 5639 79037 5826 3514 27392 128718 4359 28623 20172 8502 4474
leaf_count=3663 32476 7531 4294 5639 79037 5826 3514 27392 128718 4359 28623 20172 8502 4474
internal_value=-5.16239e-06 7.91925e-05 -0.000299185 -0.000232764 -0.000189856 -0.000455367 -0.00011838 0.000204809 0.000264545 -1.06912e-05 6.89804e-05 -0.000331458 -0.000219085 0.000132922
internal_weight=364220 283027 81193 77530 90082 44613 82551 192945 160469 31751 32917 38974 33148 12976
internal_count=364220 283027 81193 77530 90082 44613 82551 192945 160469 31751 32917 38974 33148 12976
is_linear=0
shrinkage=0.03


Tree=67
num_leaves=15
num_cat=0
split_feature=59 52 22 10 36 8 33 41 58 36 36 36 36 43
split_gain=10.3278 7.76217 9.759 5.88753 4.94744 4.82007 6.39374 4.88479 4.37018 6.1824 7.44964 4.34183 4.304 3.7767
threshold=-0.25965892438036337 0.015996466864621476 -0.047718942370733451 -0.3647642149643362 0.37363627935095162 0.078297231078649901 -0.011777428190202914 0.12990087883090987 -0.2397704149724241 -0.00662044802379566 -0.10988091816203342 -0.064673457585796498 -0.12482401406701597 0.36686748627682264
decision_type=2 2 2 2 2 2 2 2 2 2 2 2 2 2
left_child=4 3 -3 12 8 6 -4 -8 9 10 -1 -12 -2 -13
right_child=1 2 5 -5 -6 -7 7 -9 -10 -11 11 13 -14 -15
leaf_value=-0.0005798242613457397 0.00027987614127981931 -0.000607527401197553 -0.00021097929285619009 0.00014634066913835834 0.00093426175091159455 -0.00032780375725711763 0.00088638625667725234 -6.501412481919541e-05 0.00043897482398313922 -0.0010326459455415277 0.0008139908794775933 0.00043420673568621862 -0.00051094310818880159 -0.00071872983043306453
leaf_weight=9403 8344 45856 20595 128320 9700 31670 13115 7708 38316 4708 12050 6544 23966 4183
leaf_count=9403 8344 45856 20595 128320 9700 31670 13115 7708 38316 4708 12050 6544 23966 4183
internal_value=7.18146e-06 -8.08246e-05 -0.000264513 5.52018e-05 0.000296945 -4.92491e-05 0.000163774 0.000534346 0.000214629 -1.84569e-05 0.000130196 0.000423438 -0.000306692 -1.56322e-05
internal_weight=364478 279574 118944 160630 84904 73088 41418 20823 75204 36888 32180 22777 32310 10727
internal_count=364478 279574 118944 160630 84904 73088 41418 20823 75204 36888 32180 22777 32310 10727
is_linear=0
shrinkage=0.03


Tree=68
num_leaves=15
num_cat=0
split_feature=57 9 52 40 65 9 57 52 53 9 47 9 69 47
split_gain=9.80614 9.82635 7.69866 7.51237 6.51222 6.19076 6.50852 5.86691 7.55162 7.06041 5.2911 5.13981 4.92011 5.5184
threshold=-1.0000000180025095e-35 -0.44045853345051306 -0.37774234998070416 0.26140169078888004 -0.094747396689860389 0.17563563412320685 0.42973531117229608 0.19975189496938248 -0.25846108220178593 0.46884100965013964 -0.34206137357190441 0.027858395333520861 0.078797373772813775 -0.15724487866238585
decision_type=2 2 2 2 2 2 2 2 2 2 2 2 2 2
left_child=3 4 11 10 -2 6 -4 -7 -9 -10 -1 -3 13 -12
right_child=1 2 5 -5 -6 7 -8 8 9 -11 12 -13 -14 -15
leaf_value=-8.3155826886455547e-05 -0.0004847356911902722 0.00021048642240236367 -0.00029377333150088197 -0.00027116148371067358 -0.0019631748455232606 0.00016839487725666538 -0.0013535588665522674 0.00022412084948841718 -0.0012087725496061459 0.00020722454688701795 0.0002171832257464717 0.001398955966616018 0.00011005088539691517 0.00076821111905867794
leaf_weight=33955 7918 16223 63946 30643 4052 58716 5670 11199 10948 4455 30626 4095 47158 35125
leaf_count=33955 7918 16223 63946 30643 4052 58716 5670 11199 10948 4455 30626 4095 47158 35125
internal_value=-3.71357e-06 -0.000155175 -9.83464e-05 0.000156037 -0.000986427 -0.000170358 -0.000380271 9.47592e-07 -0.000368567 -0.000799356 0.000245184 0.000450587 0.000343924 0.000511621
internal_weight=364729 187222 175252 177507 11970 154934 69616 85318 26602 15403 146864 20318 112909 65751
internal_count=364729 187222 175252 177507 11970 154934 69616 85318 26602 15403 146864 20318 112909 65751
is_linear=0
shrinkage=0.03


Tree=69
num_leaves=15
num_cat=0
split_feature=66 65 66 22 64 65 53 53 53 60 33 34 60 51
split_gain=11.9375 9.80061 6.72378 6.60625 6.70855 5.81983 4.92067 6.14046 4.59218 4.12555 4.57294 4.27779 4.06812 5.92312
threshold=0.33129213823614084 -0.24656994282507277 0.47311961763462274 -0.1274282350962751 -0.44406861383063917 0.44593808925204281 -0.28626163912423447 -1.0000000180025095e-35 0.37675559568669603 -0.125694941251209 0.031267942465523342 -1.0000000180025095e-35 -0.20846107153026133 -0.031232252935874335
decision_type=2 2 2 2 2 2 2 2 2 2 2 2 2 2
left_child=3 -2 9 5 -5 6 -1 -8 12 -3 11 -11 -6 -14
right_child=1 2 -4 4 8 -7 7 -9 -10 10 -12 -13 13 -15
leaf_value=0.00041465720464754161 -3.9800891783561539e-05 0.00020973347447052283 -0.0019392561943059219 -0.001008037100822746 0.00034145526659246729 -0.0010997311388999769 -0.00051674254604096651 3.1298380336353717e-05 0.00076057103792303053 -0.00054187152056979536 -0.00031058643272219413 -0.0017963324088950167 0.00030386745281897365 -0.00013681633293712709
leaf_weight=16036 34141 4494 3985 4187 72490 5145 28292 52588 12491 4386 9005 5557 48206 63725
leaf_count=16036 34141 4494 3985 4187 72490 5145 28292 52588 12491 4386 9005 5557 48206 63725
internal_value=1.71548e-06 -0.000379098 -0.000801286 7.9064e-05 0.000178828 -0.000117508 -6.52562e-05 -0.000160448 0.000204115 -0.000607093 -0.000800833 -0.00124407 0.000166386 5.29858e-05
internal_weight=364728 61568 27427 303160 201099 102061 96916 80880 196912 23442 18948 9943 184421 111931
internal_count=364728 61568 27427 303160 201099 102061 96916 80880 196912 23442 18948 9943 184421 111931
is_linear=0
shrinkage=0.03


Tree=70
num_leaves=15
num_cat=0
split_feature=57 63 53 53 65 59 65 64 65 21 46 40 53 57
split_gain=8.93155 7.22822 6.43997 12.1853 5.51216 5.31709 4.75414 4.60513 4.47313 4.30364 4.05791 4.04873 3.94123 3.74592
threshold=0.41043535261234315 0.21359325946999466 -0.2506861198002055 -0.10748767860765067 0.26232455490784962 -0.39776516382720645 -0.11850341533379795 -0.44406861383063917 0.34007135940299082 0.12226280412824621 -0.30124372337640698 0.12120407072669255 0.046996720026788626 -0.40951684190091248
decision_type=2 2 2 2 2 2 2 2 2 2 2 2 2 2
left_child=1 2 4 8 -1 9 10 -3 -4 -6 -2 -9 -13 -5
right_child=6 7 3 13 5 -7 -8 11 -10 -11 -12 12 -14 -15
leaf_value=0.00071968227678058925 0.00022144256122342239 -0.00094221150091140858 -0.00031460341066070742 -0.00065518124697209979 0.00028646727857216907 -6.3056188288684151e-05 -0.0010972647357607606 9.3548156723000794e-05 -0.001266978566473719 0.0013943487270085789 -0.00058137301271552757 -0.00062126517632081013 -3.498262231998592e-05 0.00019689808647071881
leaf_weight=26417 9464 6620 31435 4803 9933 29151 8204 40370 5161 4620 14096 20689 20582 132111
leaf_count=26417 9464 6620 31435 4803 9933 29151 8204 40370 5161 4620 14096 20689 20582 132111
internal_value=4.77368e-06 5.07736e-05 0.00013504 3.69798e-05 0.000377642 0.000170778 -0.00047573 -0.000181819 -0.000449223 0.000638892 -0.000258927 -0.000120053 -0.000328963 0.000166961
internal_weight=363656 331892 243631 173510 70121 43704 31764 88261 36596 14553 23560 81641 41271 136914
internal_count=363656 331892 243631 173510 70121 43704 31764 88261 36596 14553 23560 81641 41271 136914
is_linear=0
shrinkage=0.03


Tree=71
num_leaves=15
num_cat=0
split_feature=63 59 65 53 60 57 52 9 60 52 57 22 65 55
split_gain=10.4232 7.63182 8.93136 8.62081 7.62028 5.77169 5.62685 5.4346 5.40185 4.78741 5.92812 5.08093 3.87244 3.83558
threshold=0.31568995807997002 -0.41366300752672774 0.26232455490784962 -0.27849077581066511 -0.003887062495849108 0.098962370801033608 -0.40550497042926775 -0.38450936610962644 -0.1575774098674862 0.019869389283406706 -0.3980141714889342 0.25702651253232095 0.46151586237133779 -0.075118781599855508
decision_type=2 2 2 2 2 2 2 2 2 2 2 2 2 2
left_child=1 13 3 8 -4 12 -2 -8 -3 10 -5 -11 -6 -1
right_child=6 2 4 9 5 -7 7 -9 -10 11 -12 -13 -14 -15
leaf_value=0.00019763221978320717 0.00038301591607347175 0.0013278007674796175 -1.158458483295382e-05 -0.0010735180450572464 -0.00030344152291738246 -0.0016588479091501993 -0.0015234770809980183 -0.00037055158397868637 0.00031152572219035976 -0.00035329249810777449 0.0001810019283752343 0.00030491637030966126 -0.001403164842752983 0.00089194719806494772
leaf_weight=14742 8368 7730 34902 3471 17689 4563 3937 54647 12035 40996 129927 14205 3435 13928
leaf_count=14742 8368 7730 34902 3471 17689 4563 3937 54647 12035 40996 129927 14205 3435 13928
internal_value=-6.16103e-06 6.99226e-05 2.03145e-05 0.00011354 -0.00030025 -0.000692315 -0.000344337 -0.000448278 0.000709457 5.10538e-05 0.000148281 -0.00018389 -0.000482848 0.000535127
internal_weight=364575 297623 268953 208364 60589 25687 66952 58584 19765 188599 133398 55201 21124 28670
internal_count=364575 297623 268953 208364 60589 25687 66952 58584 19765 188599 133398 55201 21124 28670
is_linear=0
shrinkage=0.03


Tree=72
num_leaves=15
num_cat=0
split_feature=66 65 10 63 21 19 65 43 2 46 60 64 65 9
split_gain=11.4037 9.64734 7.3138 6.56399 6.74686 4.21214 4.14409 3.96738 3.82369 3.57787 3.47119 3.44843 3.33882 3.26943
threshold=0.38300826503440888 0.07861067470342982 -0.36882775471212842 0.19019267653852498 0.011861602176372167 -0.38969766891399382 0.21214690158505736 0.43757094796140178 0.19852537368047715 -0.23818539727988544 0.47285924989464817 -0.44816390113347798 0.44593808925204281 -0.33275448603069563
decision_type=2 2 2 2 2 2 2 2 2 2 2 2 2 2
left_child=2 9 6 4 10 -6 -1 11 -9 -2 -4 -5 -7 -11
right_child=1 -3 3 7 5 12 -8 8 -10 13 -12 -13 -14 -15
leaf_value=-0.00020137305158643011 6.7949739085937385e-05 -0.0015768203113603575 6.0634798060538988e-05 -0.0009658186409849728 0.0012553844527883053 0.00038020866873741949 -0.0010674028570381057 -0.0012961865012280211 4.4269650556623468e-06 -0.0013306337732368661 -0.00088830653342561981 -2.6492717678131757e-06 -0.00030623607463290016 -0.00036073510887915921
leaf_weight=32077 15264 6033 97717 3502 4644 88992 5877 4744 3556 3795 3587 70558 6862 17665
leaf_count=32077 15264 6033 97717 3502 4644 88992 5877 4744 3556 3795 3587 70558 6862 17665
internal_value=-5.73474e-06 -0.000466012 5.5374e-05 0.00010762 0.00019973 0.000373875 -0.00033572 -0.000118067 -0.000739625 -0.000283149 2.69501e-05 -4.83179e-05 0.000331041 -0.000532792
internal_weight=364873 42757 322116 284162 201802 100498 37954 82360 8300 36724 101304 74060 95854 21460
internal_count=364873 42757 322116 284162 201802 100498 37954 82360 8300 36724 101304 74060 95854 21460
is_linear=0
shrinkage=0.03


Tree=73
num_leaves=15
num_cat=0
split_feature=66 65 36 36 36 36 46 66 36 36 43 33 10 53
split_gain=11.0759 10.5792 7.95214 10.8571 6.9177 8.1061 6.74595 6.64529 8.5465 6.33038 6.24511 4.40787 4.17134 4.48769
threshold=-0.05160246101490925 0.44207967433815015 -0.060610318262187428 0.37117245660874065 -0.2074082343540099 -0.060610318262187428 -0.067545459168709146 0.38300826503440888 -0.1256261509875059 -0.19701182081300339 0.37072143486267917 0.37906911492182815 -0.4679250780463875 -0.11955057730076295
decision_type=2 2 2 2 2 2 2 2 2 2 2 2 2 2
left_child=2 4 9 6 -2 7 -4 12 -9 -1 -8 -10 -6 -14
right_child=1 -3 3 -5 5 -7 10 8 11 -11 -12 -13 13 -15
leaf_value=-0.00078335504746160139 0.0011218267126501672 -0.0015582400044181377 -0.00074483513657371762 0.00055289431722449446 -0.0010641503799427407 8.2037049379826888e-05 0.00021839694546207914 7.8946537213054206e-05 -0.0014356109230203797 0.0004217666427987506 -0.00067004292645100091 -0.00032256792040854208 -0.00053787479455991616 -1.6370200888996448e-05
leaf_weight=4100 3953 4696 18146 19434 4635 81802 25199 7583 12014 86627 9914 4374 19456 62640
leaf_count=4100 3953 4696 18146 19434 4635 81802 25199 7583 12014 86627 9914 4374 19456 62640
internal_value=-3.52915e-06 -0.000152568 0.00017992 -5.38724e-05 -0.00011889 -0.000144424 -0.000275341 -0.000311758 -0.000753784 0.000367226 -3.25695e-05 -0.00113891 -0.000189516 -0.000140012
internal_weight=364573 201153 163420 72693 196457 192504 53259 110702 23971 90727 35113 16388 86731 82096
internal_count=364573 201153 163420 72693 196457 192504 53259 110702 23971 90727 35113 16388 86731 82096
is_linear=0
shrinkage=0.03


Tree=74
num_leaves=15
num_cat=0
split_feature=66 65 36 61 10 59 22 36 36 5 20 59 53 53
split_gain=10.5602 10.2605 6.70161 6.06946 6.5314 5.869 4.82929 4.38384 5.26351 4.3727 3.57791 4.03408 3.40073 5.15545
threshold=0.33129213823614084 -0.33362910591125244 -0.14128269153804657 0.25785807855451831 -0.36882775471212842 0.074962971187633801 -0.019910192977435872 -0.062660595366543684 -0.14128269153804657 0.047320239160751849 0.20074456509794522 -0.34611216420793994 -1.0000000180025095e-35 -0.25447695580367397
decision_type=2 2 2 2 2 2 2 2 2 2 2 2 2 2
left_child=3 7 -3 4 -1 -4 10 8 -2 -7 12 -12 13 -6
right_child=1 2 5 -5 6 9 -8 -9 -10 -11 11 -13 -14 -15
leaf_value=-0.00029983630034125945 0.00069845824088771787 0.00035014509111473317 -0.0019045888737484501 -0.00019931701116466198 9.3779747545619019e-05 -0.0010343427379279678 0.00032319751831824781 0.00054058125186699844 -0.00059019058795091179 -0.00026543318096325797 0.0012900656683474613 0.00019238265901181802 0.00014167487177560608 -0.00060178995542684087
leaf_weight=27880 3866 4780 4153 62863 18571 15017 112527 11055 10800 11966 3476 22261 35598 19816
leaf_count=27880 3866 4780 4153 62863 18571 15017 112527 11055 10800 11966 3476 22261 35598 19816
internal_value=-9.73348e-06 -0.000367653 -0.000695137 6.3087e-05 0.000131787 -0.00085567 0.000188494 8.97282e-05 -0.000250255 -0.000693583 3.64769e-05 0.000341078 -6.95156e-05 -0.000265348
internal_weight=364629 61637 35916 302992 240129 31136 212249 25721 14666 26983 99722 25737 73985 38387
internal_count=364629 61637 35916 302992 240129 31136 212249 25721 14666 26983 99722 25737 73985 38387
is_linear=0
shrinkage=0.03


Tree=75
num_leaves=15
num_cat=0
split_feature=66 65 63 9 52 65 66 43 52 53 52 9 52 9
split_gain=9.17859 11.168 6.73671 6.27483 10.3645 5.94849 8.55213 4.941 4.91052 5.84922 4.97563 6.05322 4.56227 4.52706
threshold=-0.0039911814127580594 0.44207967433815015 -0.027532061564463497 -0.071989915654997169 -0.38961978096184036 -0.071260303382926007 0.21777662277662277 -0.075402015193558644 0.0081097638069383988 -0.29848792934222707 0.23100736668025532 0.25799818949909481 -0.099781452781152066 0.46884100965013964
decision_type=2 2 2 2 2 2 2 2 2 2 2 2 2 2
left_child=2 3 -1 5 -5 12 7 -7 -6 -10 11 -11 -2 -12
right_child=1 -3 -4 4 8 6 -8 -9 9 10 13 -13 -14 -15
leaf_value=0.00034298954992990454 -6.293039759011881e-05 -0.0017196386799271824 -2.3106406208995801e-05 0.0012971882644668602 0.00016241470475405166 -0.0011225690396645185 -0.0016854334654255289 0.00021750564382563576 0.00059781268411896458 -0.00063275681855465412 -0.0012194625894989281 9.3373814429504646e-05 -0.0011822313571808456 -5.9764370783623984e-05
leaf_weight=88867 34830 3953 92130 5366 53867 4049 6605 6344 6942 16210 8941 28459 3608 4581
leaf_count=88867 34830 3953 92130 5366 53867 4049 6605 6344 6942 16210 8941 28459 3608 4581
internal_value=5.02178e-06 -0.000144332 0.000156651 -0.000109604 8.72556e-06 -0.000375021 -0.00084217 -0.00030515 -4.94785e-05 -0.000224719 -0.00032293 -0.000170215 -0.000168274 -0.000826913
internal_weight=364752 183755 180997 179802 124366 55436 16998 10393 119000 65133 58191 44669 38438 13522
internal_count=364752 183755 180997 179802 124366 55436 16998 10393 119000 65133 58191 44669 38438 13522
is_linear=0
shrinkage=0.03


Tree=76
num_leaves=15
num_cat=0
split_feature=63 22 23 20 52 9 43 52 22 36 33 36 35 53
split_gain=9.30778 8.2093 6.16389 5.54181 4.84911 4.79394 4.80583 5.89914 4.16078 3.99541 3.15772 2.93287 2.88375 2.88637
threshold=0.31568995807997002 -0.25760739638077407 0.14938405304396443 0.25605899148587663 -0.40550497042926775 0.12089377058370122 -0.25352824014795838 -0.087756078040972477 0.093656115615001992 -0.073100634096701353 0.22462223236703951 0.26941421340132377 -0.43599315934525157 0.039184127557442112
decision_type=2 2 2 2 2 2 2 2 2 2 2 2 2 2
left_child=1 12 3 -3 -2 6 -6 -8 -4 10 -7 -11 -1 -14
right_child=4 2 8 -5 5 9 7 -9 -10 11 -12 -13 13 -15
leaf_value=-0.00081698968789724932 0.00036194241084447891 0.0001972585502727495 -0.00036861762441326541 0.00067239745106836271 -0.0014951752595561679 -0.00089514224676802087 -1.508285230111327e-05 -0.0010290568394620793 9.4102046464815937e-05 0.00045921351986743668 -2.8146921461732415e-06 -0.0003257781964050541 -0.00035953588325603349 4.0245645858021387e-05
leaf_weight=6269 8345 99813 22794 28369 5552 8734 10770 9911 75039 10436 6031 7252 30119 35289
leaf_count=6269 8345 99813 22794 28369 5552 8734 10770 9911 75039 10436 6031 7252 30119 35289
internal_value=4.96398e-06 7.68806e-05 0.000165598 0.00030246 -0.000314389 -0.000410607 -0.000712115 -0.000501274 -1.37331e-05 -0.000166743 -0.000530905 0.000137368 -0.00020285 -0.000143872
internal_weight=364723 297692 226015 128182 67031 58686 26233 20681 97833 32453 14765 17688 71677 65408
internal_count=364723 297692 226015 128182 67031 58686 26233 20681 97833 32453 14765 17688 71677 65408
is_linear=0
shrinkage=0.03


Tree=77
num_leaves=15
num_cat=0
split_feature=66 50 9 53 59 2 60 53 10 53 56 58 53 53
split_gain=8.34383 6.7456 6.74395 7.16577 4.6583 4.54595 4.38829 4.37929 4.05207 4.37079 3.86865 3.86807 7.49339 5.76082
threshold=0.33129213823614084 -0.38086000612027837 -0.056139282410026796 0.3095629804201841 -0.46465353979445534 -0.079316400502263115 0.47285924989464817 0.11384573782085951 -0.4679250780463875 0.3569877743408455 0.41399089819309731 -0.078219704994750547 -0.25846108220178593 -0.13557643299615774
decision_type=2 2 2 2 2 2 2 2 2 2 2 2 2 2
left_child=1 -1 3 -2 -3 -4 8 -7 -6 11 -5 -10 -13 -14
right_child=2 4 5 10 6 7 -8 -9 9 -11 -12 12 13 -15
leaf_value=-0.00031937738499840889 -0.0017505252306467634 0.00069864163340841942 0.00030192707060117238 -7.15130675122366e-06 -0.00072900386524943621 -0.00081212635975676608 -0.00066986253993226146 -1.9891279122168341e-05 -5.513046497265874e-05 0.00051709044899104963 -0.00098790289178956703 0.00062512978325359023 -0.00037504140730781687 0.00019251843662267769
leaf_weight=35530 5009 11973 15837 8258 5022 10587 6594 15415 94916 23809 6435 28611 20411 75981
leaf_count=35530 5009 11973 15837 8258 5022 10587 6594 15415 94916 23809 6435 28611 20411 75981
internal_value=4.21173e-06 6.89272e-05 -0.000314216 -0.000771715 0.000120548 -9.86472e-05 9.34151e-05 -0.000342647 0.000113675 0.000131067 -0.000437065 8.92537e-05 0.000198882 7.23112e-05
internal_weight=364388 302847 61541 19702 267317 41839 255344 26002 248750 243728 14693 219919 125003 96392
internal_count=364388 302847 61541 19702 267317 41839 255344 26002 248750 243728 14693 219919 125003 96392
is_linear=0
shrinkage=0.03


Tree=78
num_leaves=15
num_cat=0
split_feature=22 64 69 55 51 65 33 50 33 33 42 43 42 65
split_gain=8.61365 9.03259 5.18507 5.12278 5.78314 6.17427 4.7429 4.34207 4.24615 8.09503 5.9971 4.39156 4.01814 3.8491
threshold=-0.22673559255527789 -0.44406861383063917 0.31891420593642078 -0.38470801289858597 0.14075368456558199 0.22754038436035814 0.31184595966196454 0.071341461827643352 0.015981636983447515 -0.007723128963256414 0.20419155567864614 0.043488652423310299 0.043513470363205249 0.43430250516151059
decision_type=2 2 2 2 2 2 2 2 2 2 2 2 2 2
left_child=13 6 3 -3 5 12 -2 8 9 11 -10 -7 -5 -1
right_child=1 2 -4 4 -6 7 -8 -9 10 -11 -12 -13 -14 -15
leaf_value=-0.00019527609950266531 -0.0010703315783033096 -0.00023187979524862156 -0.0001659648055716015 0.00034072574703693172 8.8545468193211858e-06 -0.00061526073913544172 0.00030937806009802277 -0.00038052056870819688 0.00028758764643106467 -0.0014130745210823466 0.0018291714092809959 0.00064013587391932613 0.00076903084950296317 -0.0010578578035612175
leaf_weight=94485 8825 22989 44589 49344 62846 3438 3000 13473 7983 3087 3167 9195 32854 4888
leaf_count=94485 8825 22989 44589 49344 62846 3438 3000 13473 7983 3087 3167 9195 32854 4888
internal_value=3.46798e-07 8.97292e-05 0.000127623 0.000190451 0.000242832 0.000362818 -0.000720334 5.88345e-05 0.000279193 -3.84781e-05 0.000726699 0.00029827 0.000511989 -0.000237807
internal_weight=364163 264790 252965 208376 185387 122541 11825 40343 26870 15720 11150 12633 82198 99373
internal_count=364163 264790 252965 208376 185387 122541 11825 40343 26870 15720 11150 12633 82198 99373
is_linear=0
shrinkage=0.03


Tree=79
num_leaves=15
num_cat=0
split_feature=63 53 53 57 46 9 64 52 43 2 43 64 55 9
split_gain=9.2571 7.30799 9.8817 5.41669 5.5673 5.08794 4.7137 5.83315 4.69858 4.44937 4.44898 4.94105 4.60818 4.34285
threshold=0.31568995807997002 -0.25846108220178593 -0.10748767860765067 -0.40951684190091248 0.015812688993762428 0.46087185710041922 -0.43614481241087144 0.027679446285988289 -0.075402015193558644 0.24597445366979934 -0.23365269873324762 0.33177107659297012 -0.16658444334813352 -0.19450156454906123
decision_type=2 2 2 2 2 2 2 2 2 2 2 2 2 2
left_child=1 -1 5 -4 13 10 -2 -8 9 -6 -3 12 -12 -5
right_child=6 2 3 4 8 -7 7 -9 -10 -11 11 -13 -14 -15
leaf_value=0.00030726678769435868 -0.00094103995464639434 -0.0010784429302876661 -0.00084942000312187595 -0.00029748356970043383 0.00017190552759244304 0.00071697465306034722 3.7606845182758529e-05 -0.00057497407665210818 0.00047479312212367418 -0.00087986191636582915 -0.00073037255295296691 -0.0011450401284331174 9.0035834997502146e-05 0.00011341098004138899
leaf_weight=78107 9779 9506 5528 36891 15949 3289 32228 24710 47947 4672 9156 5734 18795 62116
leaf_count=78107 9779 9506 5528 36891 15949 3289 32228 24710 47947 4672 9156 5734 18795 62116
internal_value=-1.3523e-05 5.80613e-05 -3.05926e-05 7.36965e-05 0.000104197 -0.000418923 -0.000332891 -0.000228296 0.00031196 -6.66993e-05 -0.000505568 -0.000343629 -0.000178873 -3.9707e-05
internal_weight=364407 297690 219583 173103 167575 46480 66717 56938 68568 20621 43191 33685 27951 99007
internal_count=364407 297690 219583 173103 167575 46480 66717 56938 68568 20621 43191 33685 27951 99007
is_linear=0
shrinkage=0.03


Tree=80
num_leaves=15
num_cat=0
split_feature=40 43 9 63 52 21 55 59 26 43 21 49 59 59
split_gain=7.77665 7.70159 6.01561 5.91637 5.8988 4.11452 3.70584 3.57671 3.23124 3.147 2.99882 2.99405 3.89361 2.90379
threshold=0.2655350673263524 -0.27768874204081223 -0.39680128710079671 -0.031417957381541399 -0.39355725723227464 -0.15373366839042016 0.035007902881113835 -0.37818020536530289 0.44567830731676567 0.2426602563099178 0.37027005920288802 -0.30553389989866292 0.08296458552583276 0.42610966093119662
decision_type=2 2 2 2 2 2 2 2 2 2 2 2 2 2
left_child=1 2 -1 5 -4 9 11 -7 10 -3 13 12 -5 -2
right_child=8 3 4 6 -6 7 -8 -9 -10 -11 -12 -13 -14 -15
leaf_value=-0.0011304414250199264 -0.00020648352418422333 -9.759397819992617e-05 0.00082857416109529075 -0.0015284994950414115 -0.00021583900716088764 0.0009596134634707814 0.000217638137903128 0.00037007707073078073 -0.00091210277993008365 0.00055209579866643903 0.00023565819682151706 -6.4264186403041785e-05 -4.0766903318205259e-05 -0.00084737315857436252
leaf_weight=5809 60115 26407 5360 3015 51965 11072 47339 56620 6092 8985 12261 59329 3323 7108
leaf_count=5809 60115 26407 5360 3015 51965 11072 47339 56620 6092 8985 12261 59329 3323 7108
internal_value=3.41194e-06 8.00942e-05 -0.000211371 0.000165256 -0.000118057 0.000329601 1.53252e-05 0.000466632 -0.000246773 6.74527e-05 -0.000195671 -0.000130532 -0.000749777 -0.000274366
internal_weight=364800 279224 63134 216090 57325 103084 113006 67692 85576 35392 79484 65667 6338 67223
internal_count=364800 279224 63134 216090 57325 103084 113006 67692 85576 35392 79484 65667 6338 67223
is_linear=0
shrinkage=0.03


Tree=81
num_leaves=15
num_cat=0
split_feature=2 22 23 58 47 44 65 61 22 47 65 53 46 51
split_gain=6.62945 6.67628 5.0355 3.80348 3.79179 4.5522 3.70282 3.41248 3.19604 4.5969 3.09545 3.44758 4.35299 3.34259
threshold=0.42145983071757831 -0.012002400960384156 0.26206996850614839 -0.33449191118780291 -0.41731810829955734 0.25780004871474821 0.44977869027303757 0.43351503494166493 0.29206671506272386 1.0000000180025095e-35 0.18839531302143467 -0.26638755621438076 0.004139425204414183 -0.0040159445871530133
decision_type=2 2 2 2 2 2 2 2 2 2 2 2 2 2
left_child=1 4 7 -2 -1 6 -6 10 -4 -10 13 -12 -13 -3
right_child=3 2 8 -5 5 -7 -8 -9 9 -11 11 12 -14 -15
leaf_value=-0.00053706387252976627 -0.0014155871234465623 0.00068320208035932016 -0.00029231764779242734 -0.00030689303735068009 9.2635700379480509e-05 -0.00032704921640181367 -0.00073863835919631799 -0.00057432262240901023 -0.0001361212288244634 0.00047296858010280644 0.00036450249252557832 -0.00082677486061699256 0.00021183603247574114 0.00023670564582002631
leaf_weight=15489 3115 32812 24800 25700 104507 37918 5046 3760 25391 19871 22648 6235 8672 27961
leaf_count=15489 3115 32812 24800 25700 104507 37918 5046 3760 25391 19871 22648 6235 8672 27961
internal_value=9.37783e-06 4.6929e-05 0.000177205 -0.000427196 -9.06966e-05 -4.3781e-05 5.42834e-05 0.000311609 -1.86512e-05 0.000131328 0.000345541 0.000131368 -0.000222836 0.000477847
internal_weight=363925 335110 172150 28815 162960 147471 109553 102088 70062 45262 98328 37555 14907 60773
internal_count=363925 335110 172150 28815 162960 147471 109553 102088 70062 45262 98328 37555 14907 60773
is_linear=0
shrinkage=0.03


Tree=82
num_leaves=15
num_cat=0
split_feature=35 40 59 52 53 46 58 36 66 56 36 58 46 66
split_gain=6.50097 6.62586 5.91083 4.60986 5.44008 6.04898 4.3528 4.34083 4.76616 5.51543 4.14551 4.03476 3.95409 3.65877
threshold=-0.48385688288339074 0.19501890545237324 -0.46068786603736028 -0.32627178389345984 -0.28237294391844103 0.03559781934445639 -0.40207092961978758 -0.070003431708991079 0.01205342167199547 -0.32270909208575488 -0.02629448707323986 0.012175630250567561 -0.29737790554384896 0.44955750672224309
decision_type=2 2 2 2 2 2 2 2 2 2 2 2 2 2
left_child=-1 2 -2 -4 11 -6 -3 8 9 -7 -9 12 -5 -8
right_child=1 6 3 4 5 7 13 10 -10 -11 -12 -13 -14 -15
leaf_value=-0.0010098238545940346 0.00079645854102163775 -0.00077329048865023414 0.00036212793100825086 0.0010737466753296878 -0.00024833145261947778 -0.00084874003001826105 -6.1537419724978559e-05 0.00070049711324065385 -0.00048330364036443382 0.00058839512047936424 4.8938288012646547e-05 0.0006637709756917437 -1.813904893223598e-05 -0.000730105002712049
leaf_weight=5600 10638 9938 41317 3310 82488 3065 91798 17024 15871 11002 18159 16772 29573 8000
leaf_count=5600 10638 9938 41317 3310 82488 3065 91798 17024 15871 11002 18159 16772 29573 8000
internal_value=3.53073e-06 1.93676e-05 0.000104895 7.40265e-05 1.36683e-05 -7.77084e-05 -0.000174863 0.000138423 -0.000127081 0.000274883 0.000364318 0.000285264 9.20631e-05 -0.000115199
internal_weight=364555 358955 249219 238581 197264 147609 109736 65121 29938 14067 35183 49655 32883 99798
internal_count=364555 358955 249219 238581 197264 147609 109736 65121 29938 14067 35183 49655 32883 99798
is_linear=0
shrinkage=0.03


Tree=83
num_leaves=15
num_cat=0
split_feature=22 64 7 33 52 21 8 50 65 63 48 58 65 21
split_gain=6.54772 5.32528 5.02065 4.62113 4.57208 5.20799 5.14884 4.20231 4.06746 3.25066 3.16017 3.01335 2.84603 2.69273
threshold=-0.29742024411501583 -0.44406861383063917 -0.33343750036621217 0.31560569096085916 -0.30608034260477768 0.11451133439582108 0.078297231078649901 -0.27079159102404743 0.43430250516151059 0.31955631921342137 0.31907337119077039 -1.0000000180025095e-35 0.38740381029033594 0.41332638795755922
decision_type=2 2 2 2 2 2 2 2 2 2 2 2 2 2
left_child=8 3 12 -2 7 10 9 -4 -1 13 -6 -9 -3 -7
right_child=1 2 4 -5 5 6 -8 11 -10 -11 -12 -13 -14 -15
leaf_value=-0.00021152523524582771 -0.00084646503684532824 -0.00014715805910239666 -0.00021838241554270635 0.00045216093532374126 -1.5100483881237326e-06 0.00047692169206521758 -6.1758665938091984e-06 0.00086221799344504105 -0.00126640198339384 -0.00017840975269456722 -0.00060174945798686962 0.00024568401458673257 -0.0010664316998281167 0.0011878101338778657
leaf_weight=70257 10088 38319 6900 3256 110921 33657 34657 17046 3442 5866 8489 12284 3282 5591
leaf_count=70257 10088 38319 6900 3256 110921 33657 34657 17046 3442 5866 8489 12284 3282 5591
internal_value=-8.44405e-06 5.56562e-05 8.38617e-05 -0.000529493 0.000137552 8.11544e-05 0.000268824 0.0004475 -0.000260957 0.000480035 -4.42286e-05 0.000604173 -0.000219921 0.000578467
internal_weight=364055 290356 277012 13344 235411 199181 79771 36230 73699 45114 119410 29330 41601 39248
internal_count=364055 290356 277012 13344 235411 199181 79771 36230 73699 45114 119410 29330 41601 39248
is_linear=0
shrinkage=0.03


Tree=84
num_leaves=15
num_cat=0
split_feature=35 53 53 9 65 41 57 57 9 65 19 42 65 57
split_gain=6.82405 4.98931 9.6923 7.45286 6.02668 5.88867 4.87534 5.02256 6.69289 6.01712 4.72488 4.34694 4.25145 4.00185
threshold=-0.48784428378763206 -0.25846108220178593 -0.10748767860765067 0.46884100965013964 0.41481174781603058 1.0000000180025095e-35 -0.40951684190091248 -1.0000000180025095e-35 -0.15464505543015633 -0.023942877756516847 -0.40938575720047626 -0.15412257215345418 -0.12260069451348381 -0.27248390628672314
decision_type=2 2 2 2 2 2 2 2 2 2 2 2 2 2
left_child=-1 5 3 13 6 -2 10 11 9 -9 -4 -8 -13 -3
right_child=1 2 4 -5 -6 -7 7 8 -10 -11 -12 12 -14 -15
leaf_value=-0.00119677269377958 0.00046867098104241958 6.061542545604421e-05 6.9223143846978543e-05 0.00088712006251460442 -0.0011912918800733091 -2.4552442250837735e-05 -7.8145124310129862e-05 -0.00014307701768192466 0.00012188236227475521 -0.0010098225565498028 -0.0015808725535338772 3.6512463075190097e-05 0.00063778888199399924 -0.00062722309398211451
leaf_weight=4214 42114 9328 3093 3731 3498 45120 19821 33858 97032 9150 3143 15456 33571 41344
leaf_count=4214 42114 9328 3093 3731 3498 45120 19821 33858 97032 9150 3143 15456 33571 41344
internal_value=2.03435e-06 1.60898e-05 -4.70181e-05 -0.000405297 4.21523e-05 0.000213588 6.22631e-05 8.69544e-05 -1.61942e-05 -0.00032767 -0.000763639 0.000296735 0.00044828 -0.000500615
internal_weight=364473 360259 273025 54403 218622 87234 215124 208888 140040 43008 6236 68848 49027 50672
internal_count=364473 360259 273025 54403 218622 87234 215124 208888 140040 43008 6236 68848 49027 50672
is_linear=0
shrinkage=0.03


Tree=85
num_leaves=15
num_cat=0
split_feature=66 9 53 33 21 40 9 66 53 59 9 30 64 42
split_gain=7.43466 6.24091 6.15104 5.81766 4.99295 3.81107 3.7727 6.69366 3.65182 4.25347 3.66237 5.79354 3.62808 5.5199
threshold=-0.17300706715334607 -0.44434830425674815 0.039184127557442112 0.067007402072360348 0.35428150021070381 0.28126521511372116 0.46492175748317965 0.27986932393097524 0.46542400353858515 0.38213265952076336 0.093923667907178168 0.39419096763308126 0.33558097301514511 -0.26198990189499244
decision_type=2 2 2 2 2 2 2 2 2 2 2 2 2 2
left_child=4 -2 3 6 5 -1 7 -3 10 -10 11 -4 13 -5
right_child=1 2 8 12 -6 -7 -8 -9 9 -11 -12 -13 -14 -15
leaf_value=0.000202389480968143 -0.00070250412903450569 -0.00034056187501304105 -1.5380991210672739e-06 -0.00037243905948667998 0.0007337076652651534 -0.0003463472852617605 0.0004342228389323561 -0.0012538857721399381 0.0014198157369309475 0.00010667583306349964 0.00025226730206200776 -0.00094492968161486173 -0.00058034768643906156 0.00038455293062485536
leaf_weight=92063 13795 44101 63910 12730 14200 12990 4289 8630 3905 5132 47796 6440 7395 27127
leaf_count=92063 13795 44101 63910 12730 14200 12990 4289 8630 3905 5132 47796 6440 7395 27127
internal_value=1.16259e-05 -8.28521e-05 -4.58913e-05 -0.000216683 0.000205915 0.000134511 -0.000420645 -0.000490247 9.41395e-05 0.000675042 4.96528e-05 -8.80203e-05 2.94796e-05 0.000142743
internal_weight=364503 245250 231455 104272 119253 105053 57020 52731 127183 9037 118146 70350 47252 39857
internal_count=364503 245250 231455 104272 119253 105053 57020 52731 127183 9037 118146 70350 47252 39857
is_linear=0
shrinkage=0.03


Tree=86
num_leaves=15
num_cat=0
split_feature=52 53 65 10 52 9 28 9 43 58 58 2 9 20
split_gain=6.12856 8.44577 7.10424 6.04772 6.95086 5.22803 4.28679 4.12324 4.89721 3.97478 4.30855 3.78613 7.89459 4.67314
threshold=-0.38558217951282925 -0.28237294391844103 0.44593808925204281 -0.34879029379646437 0.027679446285988289 0.07828926754421385 -0.027101856721563369 -0.41662140093147582 1.0000000180025095e-35 -0.27133237503556057 -1.0000000180025095e-35 0.42911893790331834 0.46884100965013964 -0.14215685133270384
decision_type=2 2 2 2 2 2 2 2 2 2 2 2 2 2
left_child=5 2 6 -3 7 9 -2 8 -5 -1 -11 12 13 -6
right_child=1 3 -4 4 11 -7 -8 -9 -10 10 -12 -13 -14 -15
leaf_value=-0.00027477045195238657 0.00066126034906135859 -0.00047696614167360649 -0.00035131189349104334 -0.0011921179145677001 -0.00064218888316061509 0.0014898332441741706 0.00016081044177625346 0.00012912479848476522 0.00015134008313509294 0.0008754960587931043 0.0001229032223952996 -0.00089089481557780075 0.0010056866357040178 -0.00011975774135387369
leaf_weight=9818 26209 38079 15373 4823 22734 3292 37370 112992 4932 11427 17066 8150 4506 47805
leaf_count=9818 26209 38079 15373 4823 22734 3292 37370 112992 4932 11427 17066 8150 4506 47805
internal_value=1.71595e-06 -4.24329e-05 0.000227254 -0.000129695 -6.54638e-05 0.000344381 0.000367181 7.80222e-05 -0.000513424 0.000245591 0.000424929 -0.000277149 -0.000210385 -0.000288199
internal_weight=364576 322973 78952 244021 205942 41603 63579 122747 9755 38311 28493 83195 75045 70539
internal_count=364576 322973 78952 244021 205942 41603 63579 122747 9755 38311 28493 83195 75045 70539
is_linear=0
shrinkage=0.03


Tree=87
num_leaves=15
num_cat=0
split_feature=52 60 65 66 9 66 9 52 33 34 65 4 65 2
split_gain=6.45565 8.07677 6.11721 6.06877 7.19502 5.41948 4.95876 6.18487 5.44741 4.86471 4.57905 4.46288 4.29807 4.19436
threshold=-0.37774234998070416 -0.22027943872042885 0.44593808925204281 -0.18468217521142311 -0.36037215225696895 -0.36633231886670375 0.46884100965013964 0.027679446285988289 0.023637714963575366 0.26487934351323378 0.33248442711080756 0.41117632704619189 -0.15861575034851746 0.20241930818573153
decision_type=2 2 2 2 2 2 2 2 2 2 2 2 2 2
left_child=11 9 3 -3 -5 -4 7 -6 10 12 -9 -1 -2 -8
right_child=1 2 5 4 6 -7 13 8 -10 -11 -12 -13 -14 -15
leaf_value=0.00023890076991165164 -0.00034322155409479348 0.00015537863268471656 8.7457062545352794e-05 -0.00091657991745807299 -1.7046083488375826e-05 -0.0013130073041516762 0.0012186354203853813 -0.00057534675213124782 -0.00012840985503794774 0.00064569459435335661 -0.0017327265778516732 0.0011978358542299088 0.00020947796189561908 -6.5470909336309683e-05
leaf_weight=39469 16134 59760 3804 11658 79521 7166 4270 25313 27930 17508 3497 4903 58724 4920
leaf_count=39469 16134 59760 3804 11658 79521 7166 4270 25313 27930 17508 3497 4903 58724 4920
internal_value=6.02713e-06 -4.09697e-05 -0.000136902 -0.00010192 -0.000199793 -0.000827739 -0.000142283 -0.000187785 -0.00042703 0.000195655 -0.000716384 0.000345107 9.03258e-05 0.000531847
internal_weight=364577 320205 227839 216869 157109 10970 145451 136261 56740 92366 28810 44372 74858 9190
internal_count=364577 320205 227839 216869 157109 10970 145451 136261 56740 92366 28810 44372 74858 9190
is_linear=0
shrinkage=0.03


Tree=88
num_leaves=15
num_cat=0
split_feature=60 59 9 21 57 47 34 36 36 66 36 9 35 18
split_gain=5.53162 4.83096 4.78587 4.0168 7.85695 3.9628 3.85613 3.84426 3.75186 3.56001 4.45606 4.00097 4.08773 2.73822
threshold=-0.20846107153026133 -0.42555041928309184 -0.48780149615140073 0.10642762191059414 -0.44435426658213034 -0.33020462339526618 0.23736026376196143 -0.048296807361132281 -0.14521348615967269 0.42233618533323991 -0.062660595366543684 0.43713449492413914 0.4186806711261632 -0.31572222384888909
decision_type=2 2 2 2 2 2 2 2 2 2 2 2 2 2
left_child=6 -2 -3 4 -4 -6 -1 -8 -7 11 -11 12 -10 -5
right_child=1 2 3 13 5 8 7 -9 9 10 -12 -13 -14 -15
leaf_value=9.0163838223942944e-05 0.00048690316604142341 -0.0012228087447364903 -0.0014062392565099267 -0.00042668271043252683 -0.00049958877640431966 0.00038212478936516597 0.00027916145765277559 0.0011476317861387182 -0.00017685007150727307 -0.0011791469921990441 -1.6420067019513313e-05 0.00083000526783738018 0.00054063378117651106 0.00012069710989246268
leaf_weight=80551 13123 3381 4573 9107 23782 14183 15335 6541 85946 6229 5656 4183 7785 84066
leaf_count=80551 13123 3381 4573 9107 23782 14183 15335 6541 85946 6229 5656 4183 7785 84066
internal_value=-8.03795e-07 -7.38806e-05 -0.000103467 -8.80028e-05 -0.000182899 -0.000144947 0.00018612 0.000539243 -7.68849e-05 -0.000136206 -0.000626291 -7.66602e-05 -0.000117207 6.71546e-05
internal_weight=364441 262014 248891 245510 152337 147764 102427 21876 123982 109799 11885 97914 93731 93173
internal_count=364441 262014 248891 245510 152337 147764 102427 21876 123982 109799 11885 97914 93731 93173
is_linear=0
shrinkage=0.03


Tree=89
num_leaves=15
num_cat=0
split_feature=66 36 36 59 22 24 58 43 9 33 69 58 61 53
split_gain=6.4098 5.22339 9.18433 4.88473 3.98329 4.7759 4.12532 3.91288 4.44907 4.17221 3.64316 3.48869 3.21995 3.14961
threshold=0.42233618533323991 -0.062660595366543684 -0.13567844522417394 -0.46068786603736028 0.21400438930668733 0.07475557434035747 -0.29125975165468171 -0.26957204966549841 -0.39680128710079671 0.18541743589142487 -0.10619241819471391 0.16249287082040184 0.28547944859988184 0.105819351255746
decision_type=2 2 2 2 2 2 2 2 2 2 2 2 2 2
left_child=3 2 -2 -1 5 7 -7 8 -5 -9 -4 -3 -6 -8
right_child=1 11 10 4 12 6 13 9 -10 -11 -12 -13 -14 -15
leaf_value=0.00058058985939039192 0.00032240101582866552 -0.00070796692716281232 -0.00056729309264489975 -0.0013133083952238712 0.00028501359055544567 -0.00061216406283867068 -0.00029808860513558146 3.5470334453131603e-05 -0.00011613434547736508 0.00048118621791013702 -0.0016313502954257081 0.00041890666506421732 -0.00010268762150707974 9.6016326140773483e-05
leaf_weight=13845 4917 3624 4789 3049 65590 19705 41246 75440 32262 25211 7376 7727 27298 32722
leaf_count=13845 4917 3624 4789 3049 65590 19705 41246 75440 32262 25211 7376 7727 27298 32722
internal_value=-7.55196e-06 -0.000439996 -0.000771304 2.90142e-05 5.3194e-06 -6.17345e-05 -0.000226551 5.18264e-05 -0.000219849 0.00014715 -0.00121327 5.88266e-05 0.000171077 -0.000123755
internal_weight=364801 28433 17082 336368 322523 229635 93673 135962 35311 100651 12165 11351 92888 73968
internal_count=364801 28433 17082 336368 322523 229635 93673 135962 35311 100651 12165 11351 92888 73968
is_linear=0
shrinkage=0.03


Tree=90
num_leaves=15
num_cat=0
split_feature=63 59 65 59 47 18 51 51 65 58 22 58 64 52
split_gain=5.87236 5.79933 5.43925 6.29856 5.20671 4.9901 6.29719 4.21564 4.11058 4.95168 3.77789 3.74564 3.69262 4.36069
threshold=0.31568995807997002 -0.46068786603736028 0.24702000701406993 0.12569409672187334 -0.38567490638687035 -0.33892052379518495 -0.0040159445871530133 0.0040669865769983335 0.14933055543383436 -0.24764961168137833 -0.13533418114748008 -0.12558690620522428 -0.46389436827170111 -0.043282154507234265
decision_type=2 2 2 2 2 2 2 2 2 2 2 2 2 2
left_child=1 -1 4 -4 -3 11 10 -8 9 -9 -7 -6 -2 -14
right_child=12 2 3 -5 5 6 7 8 -10 -11 -12 -13 13 -15
leaf_value=0.00066689315756370026 -0.00095692989807294243 -0.00029571851888862899 -9.7621867543462571e-05 -0.00092646645551675423 0.00033311929110955941 0.00015176199855291227 -0.00099566497868563996 -0.00052086410256932674 0.00063655888829538079 0.00012823477070688497 0.00060210577745770111 -0.00038523369806832218 5.8933017670174399e-05 -0.00044982571102012738
leaf_weight=12949 6276 26804 63616 9472 9038 27143 3358 13122 10624 54360 43874 23498 30618 30024
leaf_count=12949 6276 26804 63616 9472 9038 27143 3358 13122 10624 54360 43874 23498 30618 30024
internal_value=-1.08392e-05 4.62162e-05 1.79843e-05 -0.00020515 9.49819e-05 0.000151597 0.000223564 4.35465e-05 8.83469e-05 1.95782e-06 0.000430028 -0.000185645 -0.000264767 -0.000192987
internal_weight=364776 297858 284909 73088 211821 185017 152481 81464 78106 67482 71017 32536 66918 60642
internal_count=364776 297858 284909 73088 211821 185017 152481 81464 78106 67482 71017 32536 66918 60642
is_linear=0
shrinkage=0.03


Tree=91
num_leaves=15
num_cat=0
split_feature=35 61 22 23 22 22 50 47 24 31 43 12 43 42
split_gain=6.40208 5.37812 4.76746 4.84262 4.05964 3.9445 3.26144 3.21545 3.40766 3.68064 2.83429 5.3193 2.97412 2.78222
threshold=-0.48784428378763206 0.28944655765473287 -0.29742024411501583 0.15313344286453504 0.18704987777766255 0.22986323319646731 -0.35323027921500433 -0.4604760454859676 0.15683804188375741 0.20881232915776957 0.42963689093505136 0.26191684795745712 -0.46415156548877473 -0.41590799564599784
decision_type=2 2 2 2 2 2 2 2 2 2 2 2 2 2
left_child=-1 2 -2 4 7 -5 -7 -4 9 -9 12 -12 -3 -14
right_child=1 10 3 5 -6 6 -8 8 -10 -11 11 -13 13 -15
leaf_value=-0.0011413571213690222 -0.00014785314990961777 -0.00097091037146310958 -0.00061240304996626829 -0.00025088801743259817 0.00060018344821511477 -0.00028181934474058525 0.00029570866202156175 0.0002288237537708789 -3.2036493046126959e-05 0.00077014508770607859 -0.0017051250703624223 1.0301107317062973e-05 0.00054086701929709062 -0.00015263658133542909
leaf_weight=4244 60175 3652 4368 38178 26101 11569 36677 59308 33804 13962 3048 3476 5692 59913
leaf_count=4244 60175 3652 4368 38178 26101 11569 36677 59308 33804 13962 3048 3476 5692 59913
internal_value=1.56388e-05 2.93127e-05 8.92018e-05 0.000152897 0.000263468 -2.30862e-05 0.000157192 0.000184559 0.000217124 0.000332067 -0.000195224 -0.000792526 -0.000138852 -9.23938e-05
internal_weight=364167 359923 284142 223967 137543 86424 48246 111442 107074 73270 75781 6524 69257 65605
internal_count=364167 359923 284142 223967 137543 86424 48246 111442 107074 73270 75781 6524 69257 65605
is_linear=0
shrinkage=0.03


Tree=92
num_leaves=15
num_cat=0
split_feature=43 65 44 60 59 65 51 56 47 65 2 55 17 65
split_gain=5.75722 5.57085 5.63382 3.70134 3.69496 3.77973 3.90354 3.80129 3.43074 3.29127 3.2791 2.85542 2.81568 2.68185
threshold=-0.48799993633616923 -0.48386655608103335 0.17202259409643175 -0.22027943872042885 -0.46857721928642898 0.26633387653124502 0.38631278002240188 0.1657066832538531 -0.4604760454859676 -0.0082297874498452311 0.42911893790331834 -0.14271980737923778 0.28312149681491749 -0.17846735038032208
decision_type=2 2 2 2 2 2 2 2 2 2 2 2 2 2
left_child=-1 -2 4 -4 11 8 7 12 -6 -5 13 -3 -7 -10
right_child=1 2 3 9 5 6 -8 -9 10 -11 -12 -13 -14 -15
leaf_value=-0.0011030379675759411 0.00098229365198807634 5.2928551357762505e-05 0.00012945114252474577 -9.4561276725137113e-05 -0.00042533581096605624 -0.00027399819680983743 0.00058168251023291617 -0.0010617068917414241 4.1873819035222982e-05 -0.00046341060331546484 -0.00035636653557402366 0.0011862713070993416 0.00034380876447016564 0.00029617461688560294
leaf_weight=4150 5318 3436 28739 47754 9374 34854 5765 4613 60821 40018 10220 4783 8192 96613
leaf_count=4150 5318 3436 28739 47754 9374 34854 5765 4613 60821 40018 10220 4783 8192 96613
internal_value=6.62123e-06 1.94256e-05 4.98174e-06 -0.000166017 8.84608e-05 6.61528e-05 -0.000154991 -0.000244205 0.000132895 -0.000262765 0.000164131 0.000713111 -0.000156372 0.00019794
internal_weight=364650 360500 355182 116511 238671 230452 53424 47659 177028 87772 167654 8219 43046 157434
internal_count=364650 360500 355182 116511 238671 230452 53424 47659 177028 87772 167654 8219 43046 157434
is_linear=0
shrinkage=0.03


Tree=93
num_leaves=15
num_cat=0
split_feature=63 43 65 51 18 57 43 64 58 9 51 58 9 28
split_gain=6.85963 5.44927 4.79415 5.39511 5.53324 5.29793 4.202 3.73662 3.51776 3.33015 3.45457 3.49583 3.32599 3.08722
threshold=0.26070316850742481 0.11728768268470004 0.21991819542989025 -1.0000000180025095e-35 -0.31572222384888909 -0.31131562477556501 0.44150788873299512 -0.44406861383063917 -0.12558690620522428 -0.31312030232252469 0.39427426372193308 0.15070121716877141 0.1170684480112837 0.14523091987665462
decision_type=2 2 2 2 2 2 2 2 2 2 2 2 2 2
left_child=1 2 3 4 8 -4 7 12 -1 -7 11 -11 -2 -6
right_child=6 -3 5 -5 13 9 -8 -9 -10 10 -12 -13 -14 -15
leaf_value=0.00054148689238096262 -0.0012595396473407592 0.00024512619709798677 0.00031611177260478781 -0.00013120481556104236 0.00055489978986155136 -0.0014509955261507168 -0.0010009240290064945 -0.00010264125864636514 -0.00044366267892218756 -0.00084232316761665088 0.00048391241571083357 -0.00010549339316402891 -0.00016445653435402519 2.2253822298960286e-05
leaf_weight=4283 5080 100901 8986 70336 35730 3054 6010 70830 13583 13898 3415 9940 4905 13491
leaf_count=4283 5080 100901 8986 70336 35730 3054 6010 70830 13583 13898 3415 9940 4905 13491
internal_value=-3.54716e-06 6.92413e-05 -3.11933e-05 5.23654e-05 0.000244817 -0.00032337 -0.000236265 -0.000179282 -0.000207323 -0.000513017 -0.000407413 -0.000535252 -0.000722297 0.000408941
internal_weight=364442 277617 176716 137423 67087 39293 86825 80815 17866 30307 27253 23838 9985 49221
internal_count=364442 277617 176716 137423 67087 39293 86825 80815 17866 30307 27253 23838 9985 49221
is_linear=0
shrinkage=0.03


Tree=94
num_leaves=15
num_cat=0
split_feature=44 53 53 57 57 36 21 19 3 36 35 36 1 21
split_gain=5.704 4.04174 5.49096 5.16957 5.51438 3.6673 3.0939 2.91298 2.90613 2.85767 2.8644 2.85224 2.65737 2.47602
threshold=0.2539470142804085 -0.26245750934505679 0.0039440054808907452 -0.3980141714889342 -1.0000000180025095e-35 -0.13567844522417394 0.07119290732674384 -0.34283338992236717 0.29695707049829972 -0.14128269153804657 -0.47547765406828929 -0.054883359451003248 -0.25178553449004054 0.27125689674401521
decision_type=2 2 2 2 2 2 2 2 2 2 2 2 2 2
left_child=1 6 -3 -4 5 -5 -1 -8 11 -6 -11 12 -7 -2
right_child=13 2 3 4 9 8 7 -9 -10 10 -12 -13 -14 -15
leaf_value=7.3448716781171491e-05 -0.00029636025643834204 -0.00019820429960001285 -0.00085289599010421834 -0.00025137209596626134 0.0004744842727103909 -1.9665383368677094e-05 0.0011270387576565702 0.00035711448071597024 0.0010853701807254049 -0.00093895179547048597 -9.7853316691154969e-06 6.9777136696168212e-05 0.00086976468807001598 6.2750914668861045e-05
leaf_weight=34799 66305 75067 4694 5992 10735 3917 5226 28621 7276 3110 69527 12420 13233 23365
leaf_count=34799 66305 75067 4694 5992 10735 3917 5226 28621 7276 3110 69527 12420 13233 23365
internal_value=4.93963e-06 7.27744e-05 6.32788e-06 0.000123623 0.000160007 0.000436605 0.000272116 0.000476289 0.000548524 1.78499e-05 -4.9692e-05 0.000416105 0.000666729 -0.000202791
internal_weight=364287 274617 205971 130904 126210 42838 68646 33847 36846 83372 72637 29570 17150 89670
internal_count=364287 274617 205971 130904 126210 42838 68646 33847 36846 83372 72637 29570 17150 89670
is_linear=0
shrinkage=0.03


Tree=95
num_leaves=15
num_cat=0
split_feature=63 21 53 53 65 43 53 57 65 51 16 43 41 7
split_gain=6.00826 5.30256 4.0019 5.07381 3.77514 4.94753 4.43458 3.71057 3.52487 3.29212 3.72026 3.65611 3.07596 3.05298
threshold=0.31568995807997002 0.047576274593913566 -0.23457268919010341 -0.12764482644300107 0.21991819542989025 0.035619304054380747 -0.26245750934505679 -0.16188583085329103 0.26232455490784962 -1.0000000180025095e-35 -0.41706876280499156 0.11728768268470004 0.36644015685550185 0.063010430508596352
decision_type=2 2 2 2 2 2 2 2 2 2 2 2 2 2
left_child=1 4 8 -4 9 6 -6 -5 -3 10 -1 -11 -12 -8
right_child=-2 2 3 7 5 -7 13 -9 -10 11 12 -13 -14 -15
leaf_value=-0.00055295764167647321 -0.00025698136929490459 0.00075382904126496347 -0.00041565897014873669 -0.000237885338424086 -0.00014886805461515777 -7.0368081551465668e-05 -0.001668550542599229 0.00029042369654939715 0.00021029294245920833 -0.00030514503946844429 0.00031151074874874874 0.00024639816231731871 -0.00046391091821468831 -0.00050547529829035338
leaf_weight=5745 66638 18012 15275 14963 6527 30685 4948 59575 26597 37037 54394 15269 5021 3461
leaf_count=5745 66638 18012 15275 14963 6527 30685 4948 59575 26597 37037 54394 15269 5021 3461
internal_value=4.78157e-07 5.81523e-05 0.00019765 8.22695e-05 -5.68315e-05 -0.000288407 -0.000736005 0.000184352 0.000429879 3.31236e-05 0.000175406 -0.000144124 0.000245915 -0.00119102
internal_weight=364147 297509 134422 89813 163087 45621 14936 74538 44609 117466 65160 52306 59415 8409
internal_count=364147 297509 134422 89813 163087 45621 14936 74538 44609 117466 65160 52306 59415 8409
is_linear=0
shrinkage=0.03


Tree=96
num_leaves=15
num_cat=0
split_feature=52 41 36 4 10 58 49 33 33 33 42 58 36 18
split_gain=5.45684 5.1979 5.49123 5.01185 4.62446 5.41166 7.19101 8.25647 4.97934 14.703 7.37349 4.6138 4.35592 4.13898
threshold=-0.37774234998070416 0.41009602426104191 -0.050865683553501455 0.34422846045626948 -0.2778052669195667 0.15445450735850594 -0.31752624737526242 0.0082629428396692201 -0.027155310354954717 1.0000000180025095e-35 0.078712001586281569 -0.2595245531066892 -0.13567844522417394 -0.29961830516485877
decision_type=2 2 2 2 2 2 2 2 2 2 2 2 2 2
left_child=3 4 12 -1 -2 6 7 -6 -7 10 -10 -5 -3 -11
right_child=1 2 -4 11 5 8 -8 -9 9 13 -12 -13 -14 -15
leaf_value=0.00016087560468290812 -0.00024317701119295424 9.9971285703332827e-05 7.4474073825947179e-05 0.0001834462328045532 -0.001531274047403246 -6.6415693224028982e-05 2.6764352090536722e-05 -0.00016326323369721113 0.002331804094236872 -0.00085696420084437096 0.00045482484200512388 0.0016809105577045421 -0.0010417043668703896 0.00030506927897379512
leaf_weight=36976 61722 3903 11275 3352 5868 24122 145059 12245 5016 3016 3022 4135 13078 31254
leaf_count=36976 61722 3903 11275 3352 5868 24122 145059 12245 5016 3016 3022 4135 13078 31254
internal_value=-7.02709e-06 -5.03536e-05 -0.000438767 0.000304325 -1.26669e-05 4.93071e-05 -4.36258e-05 -0.000607053 0.00027755 0.000473633 0.00162757 0.00101162 -0.000779391 0.000202582
internal_weight=364043 319580 28256 44463 291324 229602 163172 18113 66430 42308 8038 7487 16981 34270
internal_count=364043 319580 28256 44463 291324 229602 163172 18113 66430 42308 8038 7487 16981 34270
is_linear=0
shrinkage=0.03


Tree=97
num_leaves=15
num_cat=0
split_feature=63 63 65 65 47 36 65 66 35 43 22 42 64 66
split_gain=5.18686 5.75455 4.05019 3.75576 3.6312 4.87146 3.6743 4.22572 3.61214 3.58092 2.98839 3.95786 3.48154 2.93905
threshold=-0.011956629838178827 -0.33461837901611902 0.46916544165665752 -0.48386655608103335 -0.15724487866238585 0.37117245660874065 0.34007135940299082 1.0000000180025095e-35 -0.42001031991744059 -0.46803655591744553 -0.22673559255527789 -0.40816018250200375 -0.45597461563707548 -0.38972942095108321
decision_type=2 2 2 2 2 2 2 2 2 2 2 2 2 2
left_child=1 8 3 -2 5 -3 7 -6 -1 -5 -11 -12 -13 -10
right_child=2 4 -4 9 6 -7 -8 -9 13 10 11 12 -14 -15
leaf_value=-0.00086690075923200234 0.00090911541014966092 -7.4972240311732875e-05 -0.0008978658536439631 -0.00099757904514334952 0.00073711805923641399 0.00087862690212358035 -0.0001020506375523795 0.00021494481676979845 0.00075524478150795532 -0.00029977882097662891 0.00070665386490412153 -0.00094259809996130367 -2.8461607198556054e-05 -0.00011936049981026278
leaf_weight=5484 3275 43514 5843 4030 27534 5412 12198 28281 3701 46612 6411 3863 117768 50722
leaf_count=5484 3275 43514 5843 4030 27534 5412 12198 28281 3701 46612 6411 3863 117768 50722
internal_value=-1.12899e-05 0.000105305 -0.000121082 -9.60904e-05 0.000227785 3.06691e-05 0.000369557 0.000472623 -0.000133776 -0.000114564 -9.41333e-05 -1.92532e-05 -5.75697e-05 -5.97557e-05
internal_weight=364648 176846 187802 181959 116939 48926 68013 55815 59907 178684 174654 128042 121631 54423
internal_count=364648 176846 187802 181959 116939 48926 68013 55815 59907 178684 174654 128042 121631 54423
is_linear=0
shrinkage=0.03


Tree=98
num_leaves=15
num_cat=0
split_feature=22 64 7 33 1 23 47 22 53 40 53 24 47 53
split_gain=6.00392 4.48824 3.90241 3.82962 3.27609 3.50163 3.38672 3.32778 3.27192 2.92675 3.4964 2.91864 2.78045 2.71805
threshold=-0.29742024411501583 -0.44003379047936747 -0.41634346751374529 0.31560569096085916 0.2996980066462856 0.10588738099081253 -0.4604760454859676 0.25702651253232095 0.47712558465205057 0.24586088096101291 -0.28237294391844103 0.21958497444639249 0.016034954684341299 0.019883015931383034
decision_type=2 2 2 2 2 2 2 2 2 2 2 2 2 2
left_child=8 3 -3 -2 5 6 -4 -7 9 10 -1 -8 -9 -12
right_child=1 2 4 -5 -6 7 11 12 -10 -11 13 -13 -14 -15
leaf_value=0.00041537002564197143 -0.00074660747436694843 -0.00033587720581964697 -0.00057318966324902297 0.00038725871687943453 -0.0001106319336420323 -0.00015389553350893151 0.00038026041468251944 1.3159860022727847e-05 0.00062562770091967128 -0.00061340418448636998 -0.00063786914316786591 -2.4730159782852919e-05 0.00047984543067760573 -0.00012460459355280402
leaf_weight=7503 10940 19563 4095 3543 51387 47468 86330 28593 3583 19638 13537 19661 19199 29542
leaf_count=7503 10940 19563 4095 3543 51387 47468 86330 28593 3583 19638 13537 19661 19199 29542
internal_value=-1.58738e-05 4.54614e-05 7.24527e-05 -0.000469152 0.000103579 0.000157187 0.000272419 2.40066e-05 -0.000257504 -0.000302649 -0.000181903 0.000305141 0.000200698 -0.000286002
internal_weight=364582 290779 276296 14483 256733 205346 110086 95260 73803 70220 50582 105991 47792 43079
internal_count=364582 290779 276296 14483 256733 205346 110086 95260 73803 70220 50582 105991 47792 43079
is_linear=0
shrinkage=0.03


Tree=99
num_leaves=15
num_cat=0
split_feature=63 35 43 20 53 53 53 50 65 36 9 42 63 47
split_gain=6.26045 5.19901 4.29349 4.12662 4.19335 3.72757 4.6282 3.67039 3.40255 2.98065 3.54293 3.15248 2.95067 3.6711
threshold=0.31568995807997002 -0.43599315934525157 0.44150788873299512 -0.1460612103084685 0.058780005135018749 -0.25846108220178593 -0.10748767860765067 -0.19953185392966027 0.44593808925204281 -0.073100634096701353 0.097765718223457657 0.31322854260597455 -1.0000000180025095e-35 0.26096614567915855
decision_type=2 2 2 2 2 2 2 2 2 2 2 2 2 2
left_child=1 -1 9 4 -3 8 -7 -6 -5 11 -11 -2 -8 -14
right_child=2 3 -4 5 7 6 12 -9 -10 10 -12 -13 13 -15
leaf_value=-0.00043033608846265779 -0.00021585582837733487 -0.00024395488521863697 -0.0011560577969420302 0.00049591389218902888 -0.00027441475831125174 -0.00023813790292873092 0.00032142164441278682 0.00032578105869560331 -0.00011703261078810758 -0.00032022597734882523 0.000295927786976818 -0.0009048581938098754 -0.00018104010868203558 0.00051077609162678212
leaf_weight=18155 20198 53096 4479 44860 12928 29842 59196 31484 9956 16333 17269 8484 29093 9040
leaf_count=18155 20198 53096 4479 44860 12928 29842 59196 31484 9956 16333 17269 8484 29093 9040
internal_value=2.57922e-06 6.1471e-05 -0.000259948 9.34313e-05 -6.40466e-05 0.000177806 8.86525e-05 0.000151046 0.000384586 -0.000195332 -3.57363e-06 -0.000419904 0.000188864 -1.69438e-05
internal_weight=364413 297650 66763 279495 97508 181987 127171 44412 54816 62284 33602 28682 97329 38133
internal_count=364413 297650 66763 279495 97508 181987 127171 44412 54816 62284 33602 28682 97329 38133
is_linear=0
shrinkage=0.03


Tree=100
num_leaves=15
num_cat=0
split_feature=44 47 63 20 57 60 50 29 53 9 19 50 8 20
split_gain=4.83212 4.65044 3.51738 3.87183 2.78102 2.39792 2.47158 2.98436 2.38935 3.09104 3.01449 2.21699 2.1366 2.47328
threshold=0.15625750120019208 -0.41731810829955734 -0.027532061564463497 -0.07561238489132556 0.34708357789563993 0.46902783702710577 -0.29093685441072775 -0.27352361187870927 0.22810271858860273 0.1132729733288176 -0.17360915713124489 -0.38086000612027837 0.29415596594805993 0.22862676461276135
decision_type=2 2 2 2 2 2 2 2 2 2 2 2 2 2
left_child=1 -1 3 -3 11 6 -2 -8 12 10 -10 -5 13 -4
right_child=5 2 8 4 -6 -7 7 -9 9 -11 -12 -13 -14 -15
leaf_value=-0.00029237071827497977 -0.00040072732315938459 4.6686577909378846e-05 -0.00010899018286958055 8.8811430196062625e-05 -0.00013702805007250179 -0.00086621652330937972 -0.0002786094775214206 6.7048757430713824e-05 0.00068442294470323964 0.00078575044241227748 -0.00010090678468976764 0.00059703712686785424 -0.00044243223835116772 0.00030243216838159962
leaf_weight=25876 22723 42787 51806 9524 6991 3979 34554 64293 5701 7184 19140 40972 11714 17613
leaf_count=25876 22723 42787 51806 9524 6991 3979 34554 64293 5701 7184 19140 40972 11714 17613
internal_value=8.29269e-06 8.737e-05 0.00013342 0.000262786 0.00042359 -0.000142431 -0.000118672 -5.37991e-05 1.87713e-05 0.000238148 7.9529e-05 0.000501218 -6.78401e-05 -4.57551e-06
internal_weight=364857 239308 213432 100274 57487 125549 121570 98847 113158 32025 24841 50496 81133 69419
internal_count=364857 239308 213432 100274 57487 125549 121570 98847 113158 32025 24841 50496 81133 69419
is_linear=0
shrinkage=0.03


Tree=101
num_leaves=15
num_cat=0
split_feature=63 66 57 53 58 36 36 57 53 9 52 9 9 4
split_gain=4.96655 6.74062 4.63467 4.71724 5.38583 4.6181 5.32505 4.38685 4.63924 4.24404 3.94003 5.11856 4.55288 3.58279
threshold=-1.0000000180025095e-35 -0.20826665574221012 0.47717584221509463 0.36502738884270236 0.13866862215683992 0.38904110354903881 -0.041143120348447269 0.25610418515917921 -0.10356158591372762 -0.079965823204624045 -0.38961978096184036 -0.29338618420739504 -0.052289501777992818 0.30154036656529615
decision_type=2 2 2 2 2 2 2 2 2 2 2 2 2 2
left_child=1 5 3 4 -3 6 -1 -6 -9 -10 12 -12 13 -2
right_child=10 2 -4 -5 7 -7 -8 8 9 -11 11 -13 -14 -15
leaf_value=0.00047209065108179019 -0.00011262879299191683 -0.00025481974385117644 -0.001091724271585304 0.00048353378641092799 0.00042810449944342277 0.0011919572426258745 -0.00024073260918712545 -0.0009277126719422369 -0.00087189044951716617 0.00035930465703760598 -0.00055286092058783021 -8.0496716833504091e-05 0.0012980883312314439 0.0009391992254189855
leaf_weight=38968 14847 54365 3415 17437 27592 5802 12436 5163 3152 12399 24293 137241 3326 3616
leaf_count=38968 14847 54365 3415 17437 27592 5802 12436 5163 3152 12399 24293 137241 3326 3616
internal_value=9.5348e-06 0.000121131 -3.55847e-06 2.74694e-05 -5.00253e-05 0.000390322 0.000299626 0.000180461 -0.000149458 0.000109356 -0.000100483 -0.000151565 0.000278115 9.37698e-05
internal_weight=364052 180729 123523 120108 102671 57206 51404 48306 20714 15551 183323 161534 21789 18463
internal_count=364052 180729 123523 120108 102671 57206 51404 48306 20714 15551 183323 161534 21789 18463
is_linear=0
shrinkage=0.03


Tree=102
num_leaves=15
num_cat=0
split_feature=43 22 23 61 22 47 33 32 50 46 61 58 10 18
split_gain=5.19999 4.1733 4.18646 3.19765 3.17332 3.47277 2.81178 4.36095 4.25649 3.76753 3.02639 2.80162 2.77383 2.52157
threshold=-0.48411796920301525 -0.027941659457841519 0.10588738099081253 -0.047632015488591826 0.22986323319646731 1.0000000180025095e-35 0.20129694684842245 0.27906631907087098 0.23268148325885049 0.078712001586281569 -0.38478077396271043 0.14669911114101389 0.36721877393322139 -0.29562917879435657
decision_type=2 2 2 2 2 2 2 2 2 2 2 2 2 2
left_child=-1 6 3 13 -4 -6 7 10 -8 -9 11 -2 -10 -3
right_child=1 2 4 -5 5 -7 8 9 12 -11 -12 -13 -14 -15
leaf_value=-0.00092090931296203945 -0.0011799152612082876 9.1452453282831752e-06 -0.00022307080720727866 0.00010628672171944333 -9.4349026409751814e-05 0.00031588344688261792 0.00026994682135830583 -0.00026842935100447932 -0.00066112162064418001 -0.0016931034391546084 -9.0136421379699802e-05 -5.2309274186626654e-05 0.0002801001047673849 0.00063790001385053915
leaf_weight=5484 4577 7377 40436 42806 37804 36490 34567 3672 8960 3062 106264 3495 4102 25872
leaf_count=5484 4577 7377 40436 42806 37804 36490 34567 3672 8960 3062 106264 3495 4102 25872
internal_value=-4.93233e-06 9.06631e-06 0.000105182 0.000277768 -9.24081e-06 0.000107155 -9.96324e-05 -0.000176448 9.56246e-05 -0.000917789 -0.000132709 -0.000692355 -0.000365552 0.000498442
internal_weight=364968 359484 190785 76055 114730 74294 168699 121070 47629 6734 114336 8072 13062 33249
internal_count=364968 359484 190785 76055 114730 74294 168699 121070 47629 6734 114336 8072 13062 33249
is_linear=0
shrinkage=0.03


Tree=103
num_leaves=15
num_cat=0
split_feature=66 65 61 53 53 65 60 42 35 52 35 65 64 9
split_gain=4.99349 6.48766 4.28075 4.12563 5.6916 3.91016 4.07594 3.66903 3.33196 5.21506 3.22897 2.76018 2.58558 2.60611
threshold=0.45352051952502281 -0.20668474854441476 0.13645712215825986 -0.25846108220178593 -0.11955057730076295 0.23948883620650283 -0.34951316897442036 -0.27365576459410762 -0.40439598782236602 -0.30221381186179852 0.40296890630426113 0.46151586237133779 -0.44406861383063917 0.020010678056593737
decision_type=2 2 2 2 2 2 2 2 2 2 2 2 2 2
left_child=2 -2 3 5 -5 -1 -7 -8 -6 10 -10 12 13 -4
right_child=1 -3 11 4 8 6 7 -9 9 -11 -12 -13 -14 -15
leaf_value=0.00064935140257545707 -6.8343152256561288e-05 -0.0012861248502494308 -0.0012908718466666086 -0.00033436110816928313 -0.00030291289784596469 0.00060143167420981811 0.00083399351765466782 -0.00019279245581855541 0.00036729542736185528 3.3911949775399097e-05 0.001261855424345781 -0.0008579246077564717 -5.9250371051261856e-05 -0.00017726133347037274
leaf_weight=20148 10921 6148 3136 32934 15722 11903 3583 24408 29241 82102 4140 4437 110835 4752
leaf_count=20148 10921 6148 3136 32934 15722 11903 3583 24408 29241 82102 4140 4437 110835 4752
internal_value=-6.6604e-06 -0.000507466 1.79641e-05 9.60245e-05 1.81812e-05 0.000308789 0.000136673 -6.11074e-05 0.000106692 0.000162478 0.000478586 -0.000124121 -9.6627e-05 -0.000621069
internal_weight=364410 17069 347341 224181 164139 60042 39894 27991 131205 115483 33381 123160 118723 7888
internal_count=364410 17069 347341 224181 164139 60042 39894 27991 131205 115483 33381 123160 118723 7888
is_linear=0
shrinkage=0.03


Tree=104
num_leaves=15
num_cat=0
split_feature=65 35 44 47 59 36 33 24 35 23 33 66 65 43
split_gain=5.55518 5.89969 4.40856 4.47339 4.11661 3.27504 2.87253 2.79082 3.30123 3.11059 2.8187 2.71901 2.77821 2.99938
threshold=0.46527589377223133 -0.48784428378763206 0.26967761310873561 -0.41325837316775399 -0.11422478747064078 -0.14432255261510149 0.33935551448830742 0.22747684730057424 0.25894157559522002 0.26206996850614839 0.29168864099473318 -0.1925099144661388 0.051161448308304332 0.011907912979908732
decision_type=2 2 2 2 2 2 2 2 2 2 2 2 2 2
left_child=1 -1 3 5 -2 -3 -7 9 -9 10 11 -5 -13 -14
right_child=4 2 -4 7 -6 6 -8 8 -10 -11 -12 12 13 -15
leaf_value=-0.0010896090595722586 -0.0002470434561862896 -0.0011748673639789169 -0.000151690920561461 0.0004079500198513381 -0.0014124162777878462 -0.000299858725152917 0.00051787501766947818 -0.00018539022456369599 0.00032685573524173672 -3.0124488834431838e-05 0.00059674906232256631 0.00023080861349518281 -0.00043961038959103614 0.00021415167135610606
leaf_weight=4178 8852 3102 80350 42061 3937 20062 4779 40314 15734 40928 20000 54678 14153 11391
leaf_count=4178 8852 3102 80350 42061 3937 20062 4779 40314 15734 40928 20000 54678 14153 11391
internal_value=7.3152e-06 2.96546e-05 4.31405e-05 0.000101731 -0.000606618 -0.000257391 -0.000142395 0.000143682 -4.1558e-05 0.00020035 0.000266644 0.00021261 0.000110153 -0.000148104
internal_weight=364519 351730 347552 267202 12789 27943 24841 239259 56048 183211 142283 122283 80222 25544
internal_count=364519 351730 347552 267202 12789 27943 24841 239259 56048 183211 142283 122283 80222 25544
is_linear=0
shrinkage=0.03


Tree=105
num_leaves=15
num_cat=0
split_feature=63 59 65 60 53 55 47 16 36 52 22 55 60 65
split_gain=4.6506 4.69195 4.93741 5.8494 5.65124 4.67155 4.64381 4.45008 4.42045 3.96884 5.36327 3.63894 3.49644 3.40579
threshold=0.24485949038840979 -0.43327940142110222 0.24702000701406993 0.087541954233765665 -0.28237294391844103 -0.051814567469216415 -0.37748850046688698 -0.41333321672523415 -0.066425522578586235 -0.27434742541327506 0.15225478134372508 0.035007902881113835 -0.22027943872042885 -0.47963364028288163
decision_type=2 2 2 2 2 2 2 2 2 2 2 2 2 2
left_child=1 5 4 -4 12 -1 -6 -8 -5 11 -11 -9 -3 -2
right_child=13 2 3 8 6 -7 7 9 -10 10 -12 -13 -14 -15
leaf_value=9.4631281395436123e-05 0.00079064500544129474 0.0012088652907112261 1.0850097241309436e-06 -0.00020292258011067471 -0.00034542723287537706 0.0010050209824186123 -0.00040058671981537595 0.00018485564871873489 -0.0010756576740633701 -0.00010133496246594225 0.00038608945695438774 0.0007627700262912994 0.00031469368032320148 -0.00021854601554826536
leaf_weight=11468 3105 5893 41668 11121 23122 9090 13831 25291 9849 63056 29963 16015 11842 89257
leaf_count=11468 3105 5893 41668 11121 23122 9090 13831 25291 9849 63056 29963 16015 11842 89257
internal_value=-6.03459e-07 6.18108e-05 2.62027e-05 -0.00020461 0.0001027 0.000497465 4.98981e-05 0.000111614 -0.000613138 0.000164379 5.56973e-05 0.000409053 0.000612324 -0.000184537
internal_weight=364571 272209 251651 62638 189013 20558 171278 148156 20970 134325 93019 41306 17735 92362
internal_count=364571 272209 251651 62638 189013 20558 171278 148156 20970 134325 93019 41306 17735 92362
is_linear=0
shrinkage=0.03


Tree=106
num_leaves=15
num_cat=0
split_feature=35 61 50 20 52 55 60 30 60 34 48 46 33 36
split_gain=5.02168 4.54279 4.54637 5.27087 4.34889 5.13317 3.71427 3.36162 2.98987 3.42641 2.92691 2.87757 5.41122 2.82876
threshold=-0.47547765406828929 0.26941602579717211 -0.37294715514664356 0.25605899148587663 -0.20324843513921861 0.035007902881113835 0.47285924989464817 -0.39373020012431853 -0.22430413505756133 0.19359353019304579 -0.34555654939375863 -0.19053368899380899 -1.0000000180025095e-35 -0.12166673505490803
decision_type=2 2 2 2 2 2 2 2 2 2 2 2 2 2
left_child=-1 2 -2 4 5 -4 7 11 9 -9 -5 -6 -13 -7
right_child=1 -3 3 10 6 13 -8 8 -10 -11 -12 12 -14 -15
leaf_value=-0.00071385213830047281 -0.00022640453909401957 -0.00017743557316431458 3.5346194669849966e-05 0.0012892994907042722 0.0011814065876417828 -0.00019020577582768702 -0.00096946259726589151 -2.9420968238187909e-05 -0.00019535472483864715 0.00064495534382374975 0.00034503612152351571 0.0004389292724079127 -0.00088591882855423062 0.00074934027575342284
leaf_weight=8622 38212 81987 33464 3156 3063 3364 3751 26792 70290 9068 44610 14644 3413 20055
leaf_count=8622 38212 81987 33464 3156 3063 3364 3751 26792 70290 9068 44610 14644 3413 20055
internal_value=1.11492e-06 1.84567e-05 7.71017e-05 0.00012632 5.4779e-05 0.000273794 -4.03202e-05 -1.28617e-05 -8.16416e-05 0.000141242 0.000407682 0.000332704 0.000188165 0.000614356
internal_weight=364491 355869 273882 235670 187904 56883 131021 127270 106150 35860 47766 21120 18057 23419
internal_count=364491 355869 273882 235670 187904 56883 131021 127270 106150 35860 47766 21120 18057 23419
is_linear=0
shrinkage=0.03


Tree=107
num_leaves=15
num_cat=0
split_feature=44 47 35 65 53 52 9 52 50 58 9 41 58 66
split_gain=4.61162 4.11513 3.8094 4.01944 3.06519 4.44241 4.00243 4.28532 3.94494 3.45576 5.24684 3.24241 3.71917 3.07118
threshold=0.26967761310873561 -0.4604760454859676 -0.48385688288339074 0.46527589377223133 -0.25846108220178593 0.012139711500435748 0.4295655539822712 0.24670354722028029 -0.38086000612027837 -0.39433212757123293 -0.1705759164018201 -0.0040333425879331688 -0.4099251696389325 0.29599783549783559
decision_type=2 2 2 2 2 2 2 2 2 2 2 2 2 2
left_child=1 -1 -3 4 8 9 13 -8 -4 10 -6 12 -10 -7
right_child=-2 2 3 -5 5 6 7 -9 11 -11 -12 -13 -14 -15
leaf_value=-0.00045587581999539288 -0.00019677975121970001 -0.0008396893484352749 -0.00035123525738042739 -0.00050324158962521506 -0.00098782760366397963 -0.00015040167951925251 0.00081562600229774388 -0.00053683784001290827 0.0014834677129287811 0.00020469606174503024 0.00039539390151557878 0.00018337001682558219 0.00048626052809886512 -0.00077472746777863778
leaf_weight=13437 84335 3966 7182 9696 5565 44512 6938 3019 4064 121253 4421 28567 19505 8427
leaf_count=13437 84335 3966 7182 9696 5565 44512 6938 3019 4064 121253 4421 28567 19505 8427
internal_value=-2.26989e-06 5.62054e-05 8.19814e-05 9.59035e-05 0.000118843 6.11669e-05 -0.000146118 0.000405427 0.000307563 0.000160511 -0.000375665 0.000398366 0.000658765 -0.000249911
internal_weight=364887 280552 267115 263149 253453 194135 62896 9957 59318 131239 9986 52136 23569 52939
internal_count=364887 280552 267115 263149 253453 194135 62896 9957 59318 131239 9986 52136 23569 52939
is_linear=0
shrinkage=0.03


Tree=108
num_leaves=15
num_cat=0
split_feature=66 36 65 65 59 65 53 18 59 55 51 53 50 50
split_gain=4.6957 5.59174 4.67789 4.18705 3.85239 4.53138 6.16292 4.93152 7.24497 3.33457 3.15005 3.03243 2.73879 2.81738
threshold=0.44955750672224309 -0.05118731548302443 -0.23459616509349199 -0.47963364028288163 -0.47243738336690283 0.24702000701406993 -0.29026287783920185 0.33875891356414473 0.12569409672187334 -0.14271980737923778 0.38631278002240188 0.46946769320091425 0.41751043364591411 0.071341461827643352
decision_type=2 2 2 2 2 2 2 2 2 2 2 2 2 2
left_child=3 2 -2 -1 9 6 -6 8 12 -5 -9 -8 13 -7
right_child=1 -3 -4 4 5 7 11 10 -10 -11 -12 -13 -14 -15
leaf_value=0.00082621141673585381 -0.00035272522597199017 0.00030798676129446942 -0.0015133742648821993 -7.7645766832720105e-05 0.00051580443297133242 -0.00010092221204291504 -2.1911657644774471e-05 -3.5352539452548397e-05 -0.0011940790392268631 0.0010545560364964479 0.00092231072129737716 0.00071479713351687581 0.00063386167161531392 -0.0005279918373064425
leaf_weight=5530 7715 5630 5253 3994 22502 39111 218465 8329 7465 5643 4905 5137 3297 21565
leaf_count=5530 7715 5630 5253 3994 22502 39111 218465 8329 7465 5643 4905 5137 3297 21565
internal_value=-1.68756e-05 -0.000481118 -0.000823678 8.09536e-06 -5.21879e-06 -2.24529e-05 4.26782e-05 -0.000211743 -0.000310284 0.000585727 0.000320021 -4.95541e-06 -0.000206983 -0.00025277
internal_weight=364541 18598 12968 345943 340413 330776 246104 84672 71438 9637 13234 223602 63973 60676
internal_count=364541 18598 12968 345943 340413 330776 246104 84672 71438 9637 13234 223602 63973 60676
is_linear=0
shrinkage=0.03


Tree=109
num_leaves=15
num_cat=0
split_feature=24 47 36 49 59 65 41 59 47 22 46 21 53 43
split_gain=4.66616 5.37566 7.30617 3.7589 3.22785 4.40896 3.74975 3.21318 3.1595 3.12363 2.68722 2.67421 2.74936 3.0016
threshold=0.06704136244257726 -0.32224102818509787 -0.14562966001539632 -0.39278979454002555 -0.25573672334349007 0.44593808925204281 0.11404001576976149 -0.34998805542283795 1.0000000180025095e-35 -0.25011921966550266 0.20817539293187323 0.29502428615217752 0.058780005135018749 0.35908169026491982
decision_type=2 2 2 2 2 2 2 2 2 2 2 2 2 2
left_child=1 2 -1 -2 6 8 -3 -4 -6 10 -5 12 -11 -14
right_child=3 4 7 9 5 -7 -8 -9 -10 11 -12 -13 13 -15
leaf_value=-0.0011951819923121396 -0.0007837485546158125 0.00063776581789020466 0.00049250644600297596 -0.00018181009850893828 -4.4012235847583357e-05 -0.00086880134478509923 -5.7875142846489775e-05 -0.00016890735418157636 0.00027045432737614832 -0.0002280588526443782 -0.00077608526007265886 0.00026653738844093899 -1.8881669087179973e-05 0.00068545029850445162
leaf_weight=5647 7481 23985 8024 24493 49736 4041 9829 37299 68146 55218 9501 23247 31218 6586
leaf_count=5647 7481 23985 8024 24493 49736 4041 9829 37299 68146 55218 9501 23247 31218 6586
internal_value=-4.99449e-06 8.87773e-05 -0.000178621 -0.00012787 0.000176298 0.000104354 0.000435601 -5.17276e-05 0.000137784 -9.51669e-05 -0.000348084 -2.11971e-05 -9.31254e-05 0.000103972
internal_weight=364451 206707 50970 157744 155737 121923 33814 45323 117882 150263 33994 116269 93022 37804
internal_count=364451 206707 50970 157744 155737 121923 33814 45323 117882 150263 33994 116269 93022 37804
is_linear=0
shrinkage=0.03


Tree=110
num_leaves=15
num_cat=0
split_feature=65 9 52 9 8 10 63 47 52 57 59 42 18 10
split_gain=5.24317 6.69301 4.41552 5.51881 5.24424 4.3694 3.92243 4.81948 5.74085 4.30423 3.76248 5.31994 3.80364 3.36738
threshold=0.42267592828674572 -0.37246945681309668 -0.37774234998070416 0.07828926754421385 0.3917483068328132 -0.38456216423026024 0.11453074025846745 -0.1688459635406547 0.28562446717817569 -0.40951684190091248 -0.23226081443608382 0.004139425204414183 0.094027227657844395 0.011633430923051415
decision_type=2 2 2 2 2 2 2 2 2 2 2 2 2 2
left_child=2 -2 3 -1 5 -4 7 -7 -9 -8 11 -3 -12 -6
right_child=1 10 4 -5 13 6 9 8 -10 -11 12 -13 -14 -15
leaf_value=0.00020310462991297046 -0.0016296492150042067 0.00092592255680365291 -0.00032448757898234155 0.0014215272405905849 -0.00093618813290949278 -5.3912866664605141e-05 -0.00081534748438480485 0.00018017950529096636 0.00078171438236032697 -2.9139919660771629e-05 -0.0013085421703502708 -0.00032177485013407369 -0.00018402403663056653 -0.00020750081297755632
leaf_weight=40096 3488 4681 28722 3641 7670 55919 6774 70622 17891 82256 4496 8922 6791 22258
leaf_count=40096 3488 4681 28722 3641 7670 55919 6774 70622 17891 82256 4496 8922 6791 22258
internal_value=-9.33702e-06 -0.000400836 2.37542e-05 0.000304837 -1.83405e-05 2.46112e-05 6.75716e-05 0.000164112 0.000301841 -8.90447e-05 -0.000228049 0.000107942 -0.00063272 -0.0003945
internal_weight=364227 28378 335849 43737 292112 262184 233462 144432 88513 89030 24890 13603 11287 29928
internal_count=364227 28378 335849 43737 292112 262184 233462 144432 88513 89030 24890 13603 11287 29928
is_linear=0
shrinkage=0.03


Tree=111
num_leaves=15
num_cat=0
split_feature=59 65 60 56 47 36 36 53 36 65 56 9 53 65
split_gain=4.40512 5.34683 7.14021 5.85118 4.69171 4.67393 7.46821 4.46036 4.39579 4.06195 3.44888 4.25971 3.72024 4.08488
threshold=-0.47243738336690283 0.26633387653124502 -1.0000000180025095e-35 0.094561116623182576 -0.26368084412573328 -0.04900388771356514 0.29488841075409922 -0.30647009612545512 -0.14562966001539632 -0.47963364028288163 0.4730724349325035 0.47672578718632386 1.0000000180025095e-35 -0.40033643368348504
decision_type=2 2 2 2 2 2 2 2 2 2 2 2 2 2
left_child=-1 4 -3 5 8 -4 -7 -6 -2 -9 11 12 -11 -14
right_child=1 2 3 -5 7 6 -8 9 -10 10 -12 -13 13 -15
leaf_value=0.00061868397620465604 -0.00092580720063631296 -1.1904516138329421e-06 -6.2814516725647566e-05 -0.0012831653198217277 0.00059448606695192174 -0.0017890714708917945 -2.1070870160384591e-05 0.00084419589502151128 -0.00010773016181591984 -0.00015149546739669443 -0.00060065666876450068 0.0010638795321478195 -0.00027668928803611123 0.00020954452420143826
leaf_weight=9762 6621 45917 16798 8026 15321 4378 4217 5813 54513 59034 7268 3755 18228 105536
leaf_count=9762 6621 45917 16798 8026 15321 4378 4217 5813 54513 59034 7268 3755 18228 105536
internal_value=-9.69157e-06 -2.69673e-05 -0.000244013 -0.000577547 3.54089e-05 -0.000354104 -0.000922663 0.000101361 -0.000196467 6.34886e-05 4.00316e-05 6.50233e-05 4.44479e-05 0.000137915
internal_weight=365187 355425 79336 33419 276089 25393 8595 214955 61134 199634 193821 186553 182798 123764
internal_count=365187 355425 79336 33419 276089 25393 8595 214955 61134 199634 193821 186553 182798 123764
is_linear=0
shrinkage=0.03


Tree=112
num_leaves=15
num_cat=0
split_feature=44 43 63 9 20 1 22 52 6 55 22 8 33 33
split_gain=4.48387 3.50538 4.13096 3.37934 3.2509 3.23798 3.22868 2.96962 2.62841 2.32844 2.29656 2.16167 2.82777 4.31728
threshold=0.17578352371944125 -0.27346670351792279 -0.027532061564463497 -0.071989915654997169 -0.035990876405613735 -0.32800375245308883 0.19093695093826166 -0.32996401997424618 0.066890937865068181 0.1839471396278908 -0.1116448275183448 0.27441165352392516 -1.0000000180025095e-35 0.04319663567330307
decision_type=2 2 2 2 2 2 2 2 2 2 2 2 2 2
left_child=1 3 4 8 5 -3 -2 -5 -1 10 -4 12 -9 -14
right_child=6 2 9 7 -6 -7 -8 11 -10 -11 -12 -13 13 -15
leaf_value=-0.0002540760286973681 -0.00027472717133892227 -0.0007705572086993106 -0.00033750901408172043 0.00081027880033951981 0.00043266440984721338 0.00015304757985746707 6.6064450749255124e-05 -0.00030957579285555506 -0.0010827262505780685 0.00021513153234462457 1.5994798888798051e-05 -0.00044995613920410733 0.0013324100344581642 6.3856494627098685e-05
leaf_weight=10211 82166 3745 25162 3597 47663 37861 35968 10727 5196 28277 48229 10689 3056 11369
leaf_count=10211 82166 3745 25162 3597 47663 37861 35968 10727 5196 28277 48229 10689 3056 11369
internal_value=-1.90862e-05 5.39202e-05 0.00011464 -0.000157454 0.000263545 6.97478e-05 -0.00017097 -1.02294e-05 -0.000534059 -1.61173e-05 -0.000105233 -9.27786e-05 5.91319e-05 0.000333342
internal_weight=363916 245782 190937 54845 89269 41606 118134 39438 15407 101668 73391 35841 25152 14425
internal_count=363916 245782 190937 54845 89269 41606 118134 39438 15407 101668 73391 35841 25152 14425
is_linear=0
shrinkage=0.03


Tree=113
num_leaves=15
num_cat=0
split_feature=66 65 65 21 65 60 66 66 65 51 58 60 56 33
split_gain=3.84536 4.54152 3.37689 3.65198 4.06203 5.12491 6.71271 4.05957 3.74399 3.5941 4.78306 8.63653 3.53156 3.36501
threshold=0.44955750672224309 -0.24656994282507277 -0.48386655608103335 0.37027005920288802 0.23948883620650283 -1.0000000180025095e-35 0.16246028679255373 -0.334507997523939 0.46151586237133779 0.090575145154947648 -0.2397704149724241 0.19827841710442942 -0.18149124682706103 -0.062363083554783059
decision_type=2 2 2 2 2 2 2 2 2 2 2 2 2 2
left_child=2 -2 -1 4 9 -6 8 -5 -7 -4 11 -11 -13 -12
right_child=1 -3 3 7 5 6 -8 -9 -10 10 13 12 -14 -15
leaf_value=0.00086914801062653484 -2.2952924148652308e-05 -0.00097882643494146449 0.00014144597363022698 0.0010441251458371936 4.208944546503886e-07 -0.00018897654360729374 -0.0015919858964610063 0.00016661015689386734 -0.0012100789348973124 -0.0013560188567796568 -0.00022211101080507037 0.00064262778743295998 -0.00041286307910358167 0.00022465356476394124
leaf_weight=4250 10931 7563 138024 5410 46515 24804 4305 38138 3707 7067 27953 4367 8184 33163
leaf_count=4250 10931 7563 138024 5410 46515 24804 4305 38138 3707 7067 27953 4367 8184 33163
internal_value=7.17899e-06 -0.000414169 2.97191e-05 1.92514e-05 -1.82417e-05 -0.000202127 -0.000489141 0.000275839 -0.000322118 4.84492e-05 -0.000110537 -0.000517972 -4.53959e-05 2.03112e-05
internal_weight=364381 18494 345887 341637 298089 79331 32816 43548 28511 218758 80734 19618 12551 61116
internal_count=364381 18494 345887 341637 298089 79331 32816 43548 28511 218758 80734 19618 12551 61116
is_linear=0
shrinkage=0.03


Tree=114
num_leaves=15
num_cat=0
split_feature=52 61 58 4 10 9 58 33 33 18 36 59 52 15
split_gain=4.3923 4.97739 4.78611 4.99056 4.36015 3.76271 3.50896 4.77271 17.8278 3.73052 3.61225 3.47954 4.038 3.19439
threshold=-0.38961978096184036 0.26941602579717211 -0.2397704149724241 0.35612120616030235 -0.38456216423026024 -0.36037215225696895 0.15445450735850594 -1.0000000180025095e-35 1.0000000180025095e-35 -0.26432706647229337 -0.11897829513036882 -0.37818020536530289 -0.012167742138068536 -0.019884167186106774
decision_type=2 2 2 2 2 2 2 2 2 2 2 2 2 2
left_child=2 4 -1 -4 -2 -3 11 10 13 -10 -8 -6 -13 -9
right_child=1 5 3 -5 6 -7 7 8 9 -11 -12 12 -14 -15
leaf_value=-0.00021611053219931751 -0.00033996026230932936 -0.00098884893217222728 0.00036101118875143544 0.0015972336960467057 0.00026481035000413221 -0.00019105366660494109 0.00059524109321124129 0.0025956916080731624 -0.00071289048397164378 0.00030208293918437742 -0.0002155259626780612 0.00010946329936197849 -0.00023346616791188485 0.0012299091498408372
leaf_weight=11654 26088 5769 25256 3318 33344 67227 6315 3218 3675 28216 22670 55906 69075 3014
leaf_count=11654 26088 5769 25256 3318 33344 67227 6315 3218 3675 28216 22670 55906 69075 3014
internal_value=4.99506e-07 -3.61572e-05 0.000296143 0.000505069 2.71396e-05 -0.000254232 6.9635e-05 0.000251415 0.000471973 0.000184934 -3.87387e-05 -7.42588e-06 -8.00718e-05 0.00193818
internal_weight=364745 324517 40228 28574 251521 72996 225433 67108 38123 31891 28985 158325 124981 6232
internal_count=364745 324517 40228 28574 251521 72996 225433 67108 38123 31891 28985 158325 124981 6232
is_linear=0
shrinkage=0.03


Tree=115
num_leaves=15
num_cat=0
split_feature=52 58 35 8 21 3 22 10 8 57 65 42 33 33
split_gain=4.35879 4.75782 4.71427 4.42821 4.80025 3.72975 3.28627 3.27393 3.5978 2.60949 4.86967 3.10745 2.54281 4.04672
threshold=-0.38961978096184036 -0.25163756239184215 -0.48385688288339074 -0.015570860503686749 0.27125689674401521 0.3480129477180256 0.039108503126542467 0.035075757575757545 0.29415596594805993 -0.10668711521961054 -0.055687913272980082 -0.17048632442158013 1.0000000180025095e-35 -0.030932637182637165
decision_type=2 2 2 2 2 2 2 2 2 2 2 2 2 2
left_child=1 6 -2 4 -4 9 -1 8 -5 -3 11 -11 13 -6
right_child=2 5 3 7 12 -7 -8 -9 -10 10 -12 -13 -14 -15
leaf_value=-0.0005995986669675372 -0.0011019777758385977 0.0010372596506854478 2.0211723603633809e-05 -0.00014320964866783978 0.00028291879954878493 0.0013688931335323418 0.00048459418289468396 -5.2357781423320823e-06 -0.00062370371882304381 0.00087801600141789078 -0.0007660603449195024 6.9640443963487546e-05 0.00027826319327741073 0.0016623380224106889
leaf_weight=7217 3601 4399 130750 49416 4225 3913 3851 90414 19578 7961 3614 9246 22549 3497
leaf_count=7217 3601 4399 130750 49416 4225 3913 3851 90414 19578 7961 3614 9246 22549 3497
internal_value=1.24872e-05 0.000307086 -2.40707e-05 -1.19231e-05 9.90381e-05 0.000508201 -0.000222268 -0.000124006 -0.000279627 0.000374171 0.000233645 0.000443937 0.000439395 0.000908947
internal_weight=364231 40201 324030 320429 161021 29133 11068 159408 68994 25220 20821 17207 30271 7722
internal_count=364231 40201 324030 320429 161021 29133 11068 159408 68994 25220 20821 17207 30271 7722
is_linear=0
shrinkage=0.03


Tree=116
num_leaves=15
num_cat=0
split_feature=44 22 10 52 20 2 66 9 58 17 65 53 58 51
split_gain=4.39603 2.869 2.71651 3.9186 3.25127 2.96838 2.75025 2.72748 2.58151 3.4229 2.50736 4.7869 2.45419 2.42176
threshold=0.15625750120019208 0.21400438930668733 -0.36882775471212842 -0.27434742541327506 0.20074456509794522 0.26557581299006228 0.36715351812366742 0.39484087401845397 -0.24387853066933698 0.062614006030052696 -0.075032531166777092 0.10982069244091787 -0.023501540910213444 0.090575145154947648
decision_type=2 2 2 2 2 2 2 2 2 2 2 2 2 2
left_child=2 -2 10 5 6 8 -5 -8 9 -4 -1 -12 13 -10
right_child=1 -3 3 4 -6 -7 7 -9 12 -11 11 -13 -14 -15
leaf_value=-7.5505590210089011e-06 -0.00025807428342521988 5.9908167966440822e-05 0.00057826377206615176 -2.0182381426598809e-05 0.00021617414662039843 -9.0144449098630107e-05 -0.00090605325378930411 0.00013181731011520075 0.0014370723163001013 -0.00056910570489547378 -0.0001383884243364083 -0.0014637578815390555 0.00041712114255853421 0.0003840574701073107
leaf_weight=19678 89847 35671 5426 102843 54287 10326 6475 3510 5618 4099 7530 3629 13092 3035
leaf_count=19678 89847 35671 5426 102843 54287 10326 6475 3510 5618 4099 7530 3629 13092 3035
internal_value=-2.38997e-05 -0.000167709 5.14572e-05 9.02914e-05 2.54303e-05 0.000350807 -6.63569e-05 -0.000541447 0.0004964 8.44244e-05 -0.000211324 -0.000570334 0.000676737 0.0010686
internal_weight=365066 125518 239548 208711 167115 41596 112828 9985 31270 9525 30837 11159 21745 8653
internal_count=365066 125518 239548 208711 167115 41596 112828 9985 31270 9525 30837 11159 21745 8653
is_linear=0
shrinkage=0.03


Tree=117
num_leaves=15
num_cat=0
split_feature=24 47 58 65 59 22 23 22 55 9 66 9 52 9
split_gain=4.22143 4.55768 3.61254 3.11615 3.5669 3.02491 3.921 2.86457 2.71472 2.5889 2.90297 3.95648 5.47656 3.33497
threshold=0.051218043755009997 -0.41731810829955734 -0.48026794672308809 0.44593808925204281 -0.46068786603736028 0.21400438930668733 0.14938405304396443 -0.23459080340012448 0.011738502457651791 0.47277427516756604 0.31174151791093596 -0.32886147188934745 -0.27030232721648029 0.14448451760152595
decision_type=2 2 2 2 2 2 2 2 2 2 2 2 2 2
left_child=1 -1 -2 4 -3 6 7 -4 -5 10 -6 -12 -13 -14
right_child=2 3 5 8 9 -7 -8 -9 -10 -11 11 12 13 -15
leaf_value=-0.00027837111876313162 -0.0011193632900665731 0.00095571533056630013 -0.00028865807986190123 -0.00079404329368140995 0.00019879047670007418 0.00010675617904773 -0.00053091735028600647 5.6383533763690282e-05 0.00025333314725092067 0.000884758105600887 -0.00082879774424723268 0.00079035503542205414 -0.00085345232201092041 3.7982362843193957e-05
leaf_weight=25581 3119 5163 37058 5664 125941 48850 22413 52074 3660 4253 5845 6429 5383 12603
leaf_count=25581 3119 5163 37058 5664 125941 48850 22413 52074 3660 4253 5845 6429 5383 12603
internal_value=3.33058e-06 9.55804e-05 -0.000109797 0.000150275 0.000180323 -9.00966e-05 -0.000176308 -8.70891e-05 -0.00038308 0.000155315 0.000135399 -0.000128415 3.95291e-05 -0.00022914
internal_weight=364036 200522 163514 174941 165617 160395 111545 89132 9324 160454 156201 30260 24415 17986
internal_count=364036 200522 163514 174941 165617 160395 111545 89132 9324 160454 156201 30260 24415 17986
is_linear=0
shrinkage=0.03


Tree=118
num_leaves=15
num_cat=0
split_feature=44 43 59 65 53 57 51 60 56 60 52 36 47 45
split_gain=4.01669 3.50703 2.87045 3.55021 4.46804 4.69564 4.14721 4.20372 4.69538 3.73948 3.46673 3.42609 2.9505 2.8605
threshold=0.26572489223124696 -0.48411796920301525 -0.46068786603736028 0.26633387653124502 -0.29026287783920185 -0.3980141714889342 0.38631278002240188 -1.0000000180025095e-35 -0.012188369391999574 0.087541954233765665 -0.37774234998070416 -0.04478609258754828 -0.35409859462128263 0.22799128070988142
decision_type=2 2 2 2 2 2 2 2 2 2 2 2 2 2
left_child=1 -1 -3 4 13 9 7 -5 11 -6 -7 -9 -12 -4
right_child=-2 2 3 6 5 10 -8 8 -10 -11 12 -13 -14 -15
leaf_value=-0.00082103992620565132 -0.00017619493008866235 0.00052786404096583778 0.00071919531736229221 -3.0871917844832916e-05 -0.0014857030191645392 0.00039321789612141829 0.00056607268862548458 -2.8914861132289948e-05 -0.0013989487950505117 -8.3702454465436047e-05 -0.00028167287353266158 -0.00099398320718614404 9.2849416147054728e-05 -0.00019962658916961934
leaf_weight=4010 85727 11859 15792 33643 3044 29282 6476 10819 4776 3900 22333 4761 123978 3774
leaf_count=4010 85727 11859 15792 33643 3044 29282 6476 10819 4776 3900 22333 4761 123978 3774
internal_value=3.35464e-06 5.86379e-05 7.15209e-05 5.08915e-05 0.000111233 6.50371e-05 -0.000150751 -0.000236807 -0.00057698 -0.000699542 9.53112e-05 -0.000324273 3.56668e-05 0.000541956
internal_weight=364174 278447 274437 262578 202103 182537 60475 53999 20356 6944 175593 15580 146311 19566
internal_count=364174 278447 274437 262578 202103 182537 60475 53999 20356 6944 175593 15580 146311 19566
is_linear=0
shrinkage=0.03


Tree=119
num_leaves=15
num_cat=0
split_feature=63 66 60 47 9 19 21 57 58 33 1 1 41 9
split_gain=4.47051 4.73721 5.2041 3.46413 3.84781 3.76001 3.02738 2.94763 2.74257 2.8895 2.73352 3.50363 2.66646 2.62311
threshold=-0.011956629838178827 -0.20443756252309409 -0.20457939680300086 -0.35800605773836641 -0.40061937427853006 -0.1539115681785824 0.3185259088996249 0.41821495106961609 0.19757945429948751 -0.28306989248469522 -0.077872826641668211 -0.28240244945955445 -0.46073532022512148 -0.076047269530890513
decision_type=2 2 2 2 2 2 2 2 2 2 2 2 2 2
left_child=1 6 10 -2 5 -5 -1 8 12 -10 11 -3 -4 -9
right_child=3 2 7 4 -6 -7 -8 13 9 -11 -12 -13 -14 -15
leaf_value=0.00023046708416311489 -0.00052900700899828883 -0.00029384926651614227 0.00058382924006601244 7.0249339781898036e-05 -2.6708824758162081e-05 -0.00085322827384036839 0.00084170160619598624 -0.0012842389745610981 -0.00050428131439565641 0.00037016283522175146 -1.7193043940079195e-05 0.00075766301606514498 -0.00023184411342714106 -0.00026968866714276987
leaf_weight=47234 16488 3517 3865 6380 154117 10480 8618 3379 4137 18913 12470 14966 52238 7119
leaf_count=47234 16488 3517 3865 6380 154117 10480 8618 3379 4137 18913 12470 14966 52238 7119
internal_value=-1.18485e-05 9.6526e-05 -9.25951e-06 -0.000113858 -7.37952e-05 -0.00050394 0.000324915 -0.000125056 -6.2374e-05 0.000213068 0.00032606 0.000557527 -0.000175557 -0.000597154
internal_weight=363921 176456 120604 187465 170977 16860 55852 89651 79153 23050 30953 18483 56103 10498
internal_count=363921 176456 120604 187465 170977 16860 55852 89651 79153 23050 30953 18483 56103 10498
is_linear=0
shrinkage=0.03


Tree=120
num_leaves=15
num_cat=0
split_feature=59 65 65 9 57 33 66 58 36 41 36 36 1 1
split_gain=3.70136 6.10812 3.77671 3.50354 3.43761 3.47929 3.59529 3.38677 3.75959 3.24836 3.59574 3.52674 3.24211 6.947
threshold=-0.27930212848925079 0.46916544165665752 -0.48386655608103335 -0.48780149615140073 -0.41345320073186642 -0.24739382417277925 0.42637666564232057 -0.06280721504001345 -0.096813206532655641 -0.10619486634368376 -0.12166673505490803 -0.05118731548302443 -0.2613544573677003 -0.048656814308124706
decision_type=2 2 2 2 2 2 2 2 2 2 2 2 2 2
left_child=12 2 -2 -4 -5 7 -7 8 -6 -8 -11 -12 -1 -14
right_child=1 -3 3 4 5 6 9 -9 -10 10 11 -13 13 -15
leaf_value=-0.00025155630989345275 0.00072744557233156068 -0.00098850461085369409 -0.0010482587056164598 -0.0010193961756436636 0.00078794234242447183 7.497159253896761e-05 0.00010487549082099806 -0.00040098127078869677 -0.00017445272654407598 0.00022835344443087937 -0.0013422112715659336 -0.00015404188577840218 0.00064947939020962189 1.7046649138067439e-05
leaf_weight=12801 5821 6079 3082 3131 5132 192157 9177 36504 12609 3278 6301 3497 26082 38994
leaf_count=12801 5821 6079 3082 3131 5132 192157 9177 36504 12609 3278 6301 3497 26082 38994
internal_value=1.33611e-06 -4.84737e-05 -2.80806e-05 -4.41066e-05 -3.26815e-05 -2.11445e-05 3.31614e-05 -0.000235762 0.00010423 -0.000327746 -0.000631216 -0.000918732 0.000184734 0.000270582
internal_weight=364645 286768 280689 274868 271786 268655 214410 54245 17741 22253 13076 9798 77877 65076
internal_count=364645 286768 280689 274868 271786 268655 214410 54245 17741 22253 13076 9798 77877 65076
is_linear=0
shrinkage=0.03


Tree=121
num_leaves=15
num_cat=0
split_feature=35 1 58 35 45 9 1 45 9 66 53 36 56 53
split_gain=3.62795 3.17301 3.41983 3.29741 3.20462 3.38298 3.27497 3.60953 4.76034 4.43966 3.37299 2.90275 3.2674 2.72196
threshold=-0.48385688288339074 0.2996980066462856 -0.41768831633565923 0.31834697379710919 -0.22584698729834385 -0.46415087427211826 -0.2613544573677003 0.26369022218844812 0.1835553652047254 0.41854584128270717 0.054670136429579748 -0.098959448006643094 -0.15021660282066193 0.44623950831372139
decision_type=2 2 2 2 2 2 2 2 2 2 2 2 2 2
left_child=-1 4 -3 -4 5 -2 10 9 11 -8 -6 -9 -13 -7
right_child=1 2 3 -5 6 13 7 8 -10 -11 -12 12 -14 -15
leaf_value=-0.00075032222507993504 -0.0010625704122114816 -0.00081376111209660379 -0.00022014100342840408 0.00027171347304060249 -0.00035127221425792197 -9.2073851199399551e-05 0.000305012666321941 0.00020069481194086528 0.00038099453719405032 -0.000831331046410775 0.00020811516477896918 -0.0010007227603322461 -0.00019156405603753995 0.00072879797643888894
leaf_weight=5653 3101 6592 49120 16340 23130 81206 113126 7944 15000 3172 16696 6955 12664 3796
leaf_count=5653 3101 6592 49120 16340 23130 81206 113126 7944 15000 3172 16696 6955 12664 3796
internal_value=3.08316e-06 1.49725e-05 -0.000162991 -9.73425e-05 5.96875e-05 -9.09028e-05 0.000126464 0.000187446 -4.89245e-05 0.00027395 -0.00011677 -0.000282943 -0.000478777 -5.53341e-05
internal_weight=364495 358842 72052 65460 286790 88103 198687 158861 42563 116298 39826 27563 19619 85002
internal_count=364495 358842 72052 65460 286790 88103 198687 158861 42563 116298 39826 27563 19619 85002
is_linear=0
shrinkage=0.03


Tree=122
num_leaves=15
num_cat=0
split_feature=43 52 4 9 21 69 47 53 9 8 18 2 63 18
split_gain=3.56504 3.86792 5.51157 5.44999 4.21767 4.20022 4.65606 4.21374 4.19566 3.64854 3.27429 3.10012 2.95259 2.92553
threshold=-0.48411796920301525 -0.30994411724990389 0.34830915889898029 0.086107084140123871 0.023433237321553838 -0.015768396901574468 -0.24399547330156074 -0.23076003384468233 -0.43681252926106917 0.20750422519915565 0.31887605569777738 -0.37620385542913676 0.30388467410590608 -0.17690127531468358
decision_type=2 2 2 2 2 2 2 2 2 2 2 2 2 2
left_child=-1 2 3 -2 8 6 7 -6 -3 -8 -4 -7 13 -13
right_child=1 4 10 -5 5 11 9 -9 -10 -11 -12 12 -14 -15
leaf_value=-0.00076992451401947158 -1.1471278855849174e-05 -0.0011187275968938895 0.0011541495509446666 0.00099507188194124393 0.00036321696686804101 -0.00068776474733446341 0.0006299780841863209 -0.00034271101722178053 -0.00013748958721791904 1.546676269685313e-05 -1.3019292377315974e-05 -0.00029069840696994639 -0.00034845736521776975 0.00023255302640157923
leaf_weight=5530 51110 4024 7690 5338 13054 7144 27972 18219 141465 12617 3008 13138 19004 35800
leaf_count=5530 51110 4024 7690 5338 13054 7144 27972 18219 141465 12617 3008 13138 19004 35800
internal_value=-1.4696e-05 -3.06034e-06 0.000202259 8.38718e-05 -5.02087e-05 6.31535e-05 0.000227086 -4.80201e-05 -0.000164704 0.000439009 0.000826266 -9.37495e-05 -3.11977e-05 9.20491e-05
internal_weight=365113 359583 67146 56448 292437 146948 71862 31273 145489 40589 10698 75086 67942 48938
internal_count=365113 359583 67146 56448 292437 146948 71862 31273 145489 40589 10698 75086 67942 48938
is_linear=0
shrinkage=0.03


Tree=123
num_leaves=15
num_cat=0
split_feature=22 23 63 17 22 47 52 9 66 9 39 21 41 51
split_gain=3.31214 4.1829 3.33723 3.07665 3.07096 3.66276 2.76611 3.25346 5.45128 2.95239 2.71377 2.67415 2.55031 2.79076
threshold=-0.18312510456768111 0.10588738099081253 0.29219388003533697 1.0000000180025095e-35 0.21400438930668733 1.0000000180025095e-35 -0.30994411724990389 -0.186597974893532 0.16631129973088912 0.086107084140123871 0.43770756346372552 0.0078453354435944495 0.14984695167042658 0.21974518469859713
decision_type=2 2 2 2 2 2 2 2 2 2 2 2 2 2
left_child=6 2 3 -2 -3 -6 9 8 11 -1 -9 -8 13 -7
right_child=1 4 -4 -5 5 12 7 10 -10 -11 -12 -13 -14 -15
leaf_value=-3.6884288759265731e-06 0.00012097414292573952 -0.00023863358866824415 -0.00013661038961468501 0.0004660514014435166 -0.00014104777854276852 0.00081407882834918957 -0.00066545820553896243 -0.00016788360545485372 -0.00131779579759949 0.00087434086621310692 0.00065284715997343946 0.00016376152533788147 5.8035940569677166e-05 -3.5707660078856634e-05
leaf_weight=25071 55518 51623 23045 40015 40109 11308 6713 62343 5942 3986 3840 7295 21980 5020
leaf_count=25071 55518 51623 23045 40015 40109 11308 6713 62343 5942 3986 3840 7295 21980 5020
internal_value=-3.08522e-06 5.85288e-05 0.000187385 0.000265547 -5.89752e-05 5.93118e-05 -0.000136062 -0.000221442 -0.00055717 0.000117018 -0.000120173 -0.000233813 0.000269073 0.000552952
internal_weight=363808 248618 118578 95533 130040 78417 115190 86133 19950 29057 66183 14008 38308 16328
internal_count=363808 248618 118578 95533 130040 78417 115190 86133 19950 29057 66183 14008 38308 16328
is_linear=0
shrinkage=0.03


Tree=124
num_leaves=15
num_cat=0
split_feature=44 58 36 36 63 36 60 47 36 57 36 34 30 68
split_gain=3.51248 2.40642 2.33662 5.17292 2.74254 2.21052 2.12829 2.07517 3.89585 5.06285 2.98407 4.91178 3.68342 3.12303
threshold=0.15625750120019208 -0.26364091591933353 -0.050417982088782946 -0.073536181877609394 0.30782324303182518 -0.041143120348447269 -0.34951316897442036 0.031650122939622945 0.38904110354903881 0.039703337804557821 -0.13567844522417394 0.047321382061185142 0.20011437442616606 0.2439523458111463
decision_type=2 2 2 2 2 2 2 2 2 2 2 2 2 2
left_child=7 5 3 4 -3 -2 -5 8 10 -10 11 -1 -13 -12
right_child=1 2 -4 6 -6 -7 -8 -9 9 -11 13 12 -14 -15
leaf_value=9.0754225070382842e-05 -0.00018533786496840351 0.00015661750659883727 0.00015022120316504872 -0.0012795240562596256 -0.00039783546556941139 -0.00077243871408709021 -0.00042565940112667175 0.00018804503128321909 0.00093070443849091564 -0.00047126216986812213 9.2143637525896253e-05 -0.0012009435539691519 3.9512792571420207e-05 -0.00034387259441554516
leaf_weight=10408 18689 33531 34812 3131 10546 8347 16216 95693 8254 3215 93368 7248 3063 17556
leaf_count=10408 18689 33531 34812 3131 10546 8347 16216 95693 8254 3215 93368 7248 3063 17556
internal_value=1.24149e-05 -0.000116234 -4.72403e-05 -0.000155629 2.38972e-05 -0.000366816 -0.000564433 7.99036e-05 7.58581e-06 0.000537636 -3.86305e-05 -0.000369026 -0.000832771 2.31103e-05
internal_weight=364077 125272 98236 63424 44077 27036 19347 238805 143112 11469 131643 20719 10311 110924
internal_count=364077 125272 98236 63424 44077 27036 19347 238805 143112 11469 131643 20719 10311 110924
is_linear=0
shrinkage=0.03


Tree=125
num_leaves=15
num_cat=0
split_feature=65 60 50 35 24 33 42 58 33 42 33 42 48 42
split_gain=3.82632 5.42124 3.73781 4.01343 3.78755 3.46553 4.62097 4.26076 8.59124 7.83391 5.35838 8.63688 5.66021 5.44056
threshold=0.44593808925204281 -0.34951316897442036 -0.37690197048963475 -0.48385688288339074 0.07475557434035747 -0.027155310354954717 -0.15412257215345418 0.012175630250567561 1.0000000180025095e-35 -1.0000000180025095e-35 0.027476650907991233 0.019706673995584737 -0.2556203113371196 0.19666325835037493
decision_type=2 2 2 2 2 2 2 2 2 2 2 2 2 2
left_child=2 -2 -1 -4 5 6 -5 10 9 -9 11 12 -7 -12
right_child=1 -3 3 4 -6 7 -8 8 -10 -11 13 -13 -14 -15
leaf_value=-0.00024178526523542082 0.0003536375131416975 -0.00072648656431231501 -0.00077615301078715895 -0.00037245211446699605 -4.3983288926682332e-05 0.0012177628780641085 0.00016353235946455145 0.0020989778320287741 0.0002877312851638268 0.00036049466113233588 7.52629870722365e-05 -0.0013257845889554194 -0.0003021418644120328 0.00094873046998814265
leaf_weight=41935 5958 13981 5065 19925 133516 3125 52863 5135 34440 4277 22539 5396 7426 8964
leaf_count=41935 5958 13981 5065 19925 133516 3125 52863 5135 34440 4277 22539 5396 7426 8964
internal_value=2.36128e-07 -0.000403718 2.362e-05 6.03987e-05 7.46617e-05 0.000171197 1.67809e-05 0.000294286 0.000507433 0.0013102 9.72352e-05 -0.000350707 0.000148751 0.000324025
internal_weight=364545 19939 344606 302671 297606 164090 72788 91302 43852 9412 47450 15947 10551 31503
internal_count=364545 19939 344606 302671 297606 164090 72788 91302 43852 9412 47450 15947 10551 31503
is_linear=0
shrinkage=0.03


Tree=126
num_leaves=15
num_cat=0
split_feature=47 40 34 60 65 66 58 51 18 63 48 46 43 65
split_gain=3.55996 4.68128 3.07792 3.32018 2.97389 3.47452 4.44656 4.24339 6.70272 4.23833 3.17391 2.87528 3.80954 3.26297
threshold=-0.35409859462128263 0.17584461846272761 0.21365913581637955 -0.22027943872042885 0.25088862683989982 -0.17300706715334607 0.095230987917555091 -0.023349120574182643 -0.29961830516485877 -0.070834568267140893 -0.012230986068195364 -0.43193873564116586 -0.38429759221365462 -0.45993598181876855
decision_type=2 2 2 2 2 2 2 2 2 2 2 2 2 2
left_child=-1 2 4 -4 5 6 9 8 -7 -2 -6 -3 -13 -14
right_child=1 11 3 -5 10 7 -8 -9 -10 -11 -12 12 13 -15
leaf_value=-0.00022610155373869594 0.00067778301084418791 0.00040900050033433675 0.00073379455829747494 0.00018300051871796832 -3.284558098241518e-05 -0.00024869589683768474 0.0012718303355679225 -0.00018327916085782817 0.00056274033728198202 -4.9814585879024563e-05 -0.0007398990116079619 -0.0011892316823080213 0.0008274257384543875 -0.00015048972667503833
leaf_weight=51255 12539 8915 13787 34465 29038 14740 4499 40456 24180 16918 7104 3082 3158 100244
leaf_count=51255 12539 8915 13787 34465 29038 14740 4499 40456 24180 16918 7104 3082 3158 100244
internal_value=5.64328e-06 4.35833e-05 0.000132197 0.000340498 6.49369e-05 0.000140502 0.000394422 3.18425e-05 0.000255444 0.000260028 -0.000171989 -0.000108247 -0.000151586 -0.000120546
internal_weight=364380 313125 197726 48252 149474 113332 33956 79376 38920 29457 36142 115399 106484 103402
internal_count=364380 313125 197726 48252 149474 113332 33956 79376 38920 29457 36142 115399 106484 103402
is_linear=0
shrinkage=0.03


Tree=127
num_leaves=15
num_cat=0
split_feature=52 58 53 52 28 47 56 36 57 16 58 36 36 36
split_gain=4.10872 5.1324 4.54001 5.1546 4.29933 4.02508 4.30658 3.96 5.05768 3.94931 3.79881 3.94897 3.63445 4.62707
threshold=-0.38961978096184036 -0.26745976863526932 -0.25846108220178593 0.2505826173381272 -0.027101856721563369 0.035567273510457804 -0.3662367424815251 -0.12166673505490803 -0.16983655526839722 0.06746459374421622 -0.2397704149724241 -0.011899747126864561 -0.10011363077749162 -0.069152892561983467
decision_type=2 2 2 2 2 2 2 2 2 2 2 2 2 2
left_child=1 -1 4 5 -2 7 -7 8 9 -4 11 12 -6 -14
right_child=2 -3 3 -5 10 6 -8 -9 -10 -11 -12 -13 13 -15
leaf_value=-0.00027939559663555996 0.00041323484643784983 0.00049622311822208854 -0.00045198520594607016 -0.00083873625385047067 -0.00071559476651409737 -0.0010361301383691251 9.4296552948661217e-05 -0.0001037161850374787 -0.00025024554524246404 -0.0018752731591236528 0.00019602585701996179 -0.0011725784975651376 0.00096237310323262697 -0.00029379663783403676
leaf_weight=10355 35319 29634 3306 8095 6081 3112 106571 95065 16479 3749 31019 4002 4319 6752
leaf_count=10355 35319 29634 3306 8095 6081 3112 106571 95065 16479 3749 31019 4002 4319 6752
internal_value=8.50464e-06 0.00029536 -2.69222e-05 -9.52573e-05 0.000157688 -6.88575e-05 6.21318e-05 -0.000189994 -0.000538321 -0.0012099 -1.53522e-05 -0.000325251 -0.00012698 0.000196684
internal_weight=363858 39989 323869 236377 87492 228282 109683 118599 23534 7055 52173 21154 17152 11071
internal_count=363858 39989 323869 236377 87492 228282 109683 118599 23534 7055 52173 21154 17152 11071
is_linear=0
shrinkage=0.03


Tree=128
num_leaves=15
num_cat=0
split_feature=61 10 52 58 60 7 22 59 58 17 9 59 55 65
split_gain=3.50899 3.44089 4.16442 5.22614 4.37091 4.28214 3.97771 4.60363 3.26739 3.26013 3.20464 3.01807 2.89057 2.57408
threshold=0.30491903524237768 -0.40469538903121266 -0.27833799356041344 -0.2397704149724241 0.47687141119469423 0.11429355364161604 -0.019910192977435872 -0.43712393833855862 0.055582188132523698 0.031379676980560274 -0.28952596602426944 -0.019909820374121531 0.3756261636948014 -0.18258648516300266
decision_type=2 2 2 2 2 2 2 2 2 2 2 2 2 2
left_child=1 13 3 9 6 -5 7 -4 -8 -3 11 -9 -7 -1
right_child=-2 2 4 5 -6 12 8 10 -10 -11 -12 -13 -14 -15
leaf_value=-1.9439626913951268e-05 -0.00019733189911797132 0.00026881820945641921 0.00065994367692239235 0.00027008631143049793 -0.00088137566794738457 0.00067937931108742885 1.0210582062292096e-05 -0.0002689598461457897 0.00033739140634419222 -0.0006241998826230534 -9.5904699915070531e-05 -0.0013112779931401751 0.0017110724241055494 -0.00060098173007545723
leaf_weight=15260 70971 7572 6581 24157 4801 9299 61607 6944 49568 7139 80809 3903 3320 12421
leaf_count=15260 70971 7572 6581 24157 4801 9299 61607 6944 49568 7139 80809 3903 3320 12421
internal_value=-8.05757e-06 3.77344e-05 7.08991e-05 0.000313128 1.26664e-05 0.000504251 3.32044e-05 -0.000105882 0.000156103 -0.000164678 -0.000160935 -0.000644872 0.000951953 -0.000280512
internal_weight=364352 293381 265700 51487 214213 36776 209412 98237 111175 14711 91656 10847 12619 27681
internal_count=364352 293381 265700 51487 214213 36776 209412 98237 111175 14711 91656 10847 12619 27681
is_linear=0
shrinkage=0.03


Tree=129
num_leaves=15
num_cat=0
split_feature=65 59 65 51 47 46 66 9 45 52 52 50 57 57
split_gain=3.58178 3.61411 4.88295 6.72272 5.21259 4.86657 4.38768 7.64457 5.41478 4.60174 4.05202 4.19002 3.96622 3.94746
threshold=-0.48386655608103335 -0.37818020536530289 0.34007135940299082 0.38631278002240188 -0.2754867531537602 -0.17845117299796737 -0.047494153789719822 0.20702058078679966 0.14587101451645437 0.086951105911917029 0.20745336306494597 0.36976140938690594 -0.22106694858880543 0.32762394313897253
decision_type=2 2 2 2 2 2 2 2 2 2 2 2 2 2
left_child=-1 5 4 -4 12 -2 8 9 -6 -8 11 -9 -3 -12
right_child=1 2 3 -5 6 -7 7 10 -10 -11 13 -13 -14 -15
leaf_value=0.00074841504353578923 0.0010453954136609705 -0.00065305075532769694 -0.0004876722427189229 0.00064123863579743621 0.00049150242035713159 0.00012413257821795192 -0.00012588986637298528 0.00052728926735931981 -4.6304596891782368e-05 -0.00083019943606331913 0.00021151518988080396 -0.00020608833181311656 -9.3229780274967886e-05 -0.00071591251315255482
leaf_weight=5755 5992 15906 36606 5446 40705 36840 77158 36066 28741 9353 10405 8697 40068 6836
leaf_count=5755 5992 15906 36606 5446 40705 36840 77158 36066 28741 9353 10405 8697 40068 6836
internal_value=6.57515e-06 -5.34354e-06 -4.03996e-05 -0.000341353 5.81081e-06 0.000253227 7.21301e-05 -1.99155e-05 0.00026895 -0.000202122 0.0002343 0.000384787 -0.000252401 -0.000156409
internal_weight=364574 358819 315987 42052 273935 42832 217961 148515 69446 86511 62004 44763 55974 17241
internal_count=364574 358819 315987 42052 273935 42832 217961 148515 69446 86511 62004 44763 55974 17241
is_linear=0
shrinkage=0.03


Tree=130
num_leaves=15
num_cat=0
split_feature=65 7 59 42 57 55 57 67 60 52 64 18 61 42
split_gain=3.69428 5.77136 2.97053 2.89708 5.34436 3.39385 2.7165 3.65914 3.02796 2.85687 3.19344 3.43766 2.68281 2.93789
threshold=0.42267592828674572 -0.30954786629950148 -0.46068786603736028 -0.024149777417334147 -0.35078007896404118 0.09364253046078215 -0.43656936541163688 0.18781207475826386 0.10713307240704502 -0.37774234998070416 0.42187060848791463 -0.32721791303026992 0.32426081515087385 0.03559781934445639
decision_type=2 2 2 2 2 2 2 2 2 2 2 2 2 2
left_child=2 -2 -1 4 -3 -5 7 8 -4 -8 11 -11 13 -13
right_child=1 3 6 5 -6 -7 9 -9 -10 10 -12 12 -14 -15
leaf_value=0.00052349613105737213 -0.0014958943745343898 0.0012644613983675103 -0.00085611572040894047 -0.00069146305575940883 -0.00028117949672387584 0.00025333152550005697 0.00025541489889249362 -0.0013197151063869292 0.00029978176612853355 -0.00022954580764563269 -0.00034996893014815184 1.7379118552207843e-05 -0.00016132368990525752 0.0002700320406441557
leaf_weight=10433 3361 3103 3202 11474 5692 4868 42373 3101 5579 40950 22699 100916 36770 70253
leaf_count=10433 3361 3103 3202 11474 5692 4868 42373 3101 5579 40950 22699 100916 36770 70253
internal_value=-2.35324e-06 -0.000330247 2.54434e-05 -0.000173859 0.000264961 -0.000410042 9.48094e-06 -0.000435587 -0.000122212 2.63381e-05 -9.41045e-06 2.16617e-05 7.11414e-05 0.000121085
internal_weight=364774 28498 336276 25137 8795 16342 325843 11882 8781 313961 271588 248889 207939 171169
internal_count=364774 28498 336276 25137 8795 16342 325843 11882 8781 313961 271588 248889 207939 171169
is_linear=0
shrinkage=0.03


Tree=131
num_leaves=15
num_cat=0
split_feature=63 63 52 7 65 47 36 50 18 36 53 36 52 19
split_gain=3.96443 4.59799 3.79569 3.21539 3.14823 3.03198 3.50529 3.30786 3.18986 3.10339 3.70763 3.14915 3.24728 3.09611
threshold=-0.027532061564463497 -0.36644646205631271 -0.37774234998070416 -0.26615153499479988 -0.48386655608103335 -0.15334035812000299 0.37117245660874065 0.1348890752997127 -0.16131429844665135 -0.04762539869323381 -0.27427431082152193 -0.12166673505490803 -0.023880956909324038 -0.0041800572858488863
decision_type=2 2 2 2 2 2 2 2 2 2 2 2 2 2
left_child=1 2 -1 -4 -2 6 8 -7 -3 10 -10 -12 -13 -11
right_child=4 5 3 -5 -6 7 -8 -9 9 13 11 12 -14 -15
leaf_value=0.00053986151952973324 0.00080306386959678934 -0.00045676872858668114 -0.00074023342397909128 -0.00011574950867324458 -0.00012305842610229047 0.00046032108640840243 0.00070162515672185716 1.9380349003599787e-05 0.00078166497589714147 -0.0008356789636216784 -0.00062435008160646049 0.00067272667868575463 -0.00037108830732056022 0.00036298614768482919
leaf_weight=6137 3352 13631 9603 32558 190231 47464 5952 22603 8151 5419 5039 7044 4320 3010
leaf_count=6137 3352 13631 9603 32558 190231 47464 5952 22603 8151 5419 5039 7044 4320 3010
internal_value=-1.40165e-05 9.12684e-05 -0.000156642 -0.00025813 -0.000106981 0.000188911 1.66816e-05 0.000318101 -7.09085e-05 8.86474e-05 0.000259136 -8.3726e-07 0.000275945 -0.000407712
internal_weight=364514 170931 48298 42161 193583 122633 52566 70067 46614 32983 24554 16403 11364 8429
internal_count=364514 170931 48298 42161 193583 122633 52566 70067 46614 32983 24554 16403 11364 8429
is_linear=0
shrinkage=0.03


Tree=132
num_leaves=15
num_cat=0
split_feature=52 4 66 57 60 58 10 63 57 53 58 58 53 57
split_gain=3.98487 4.77071 3.67466 4.26092 3.645 3.34926 3.24269 3.70577 4.6096 3.16632 3.84119 3.70261 2.88347 3.93971
threshold=-0.36581565486441814 0.40323549937965264 0.38300826503440888 0.1815517410483086 0.47687141119469423 -0.23604064755083798 -0.28178531139758856 0.15817538962169694 -0.4600820983394413 -0.28237294391844103 0.16249287082040184 -0.44501707927183259 -0.12764482644300107 -0.40194760038292715
decision_type=2 2 2 2 2 2 2 2 2 2 2 2 2 2
left_child=1 5 4 -4 6 -1 -2 9 -9 10 11 -8 -11 -14
right_child=2 -3 3 -5 -6 -7 7 8 -10 12 -12 -13 13 -15
leaf_value=-0.0003039868465668738 -0.00019558760398338256 0.001071126370055584 -0.0013254014027228639 -0.00021658761402899965 -0.000706092641609293 0.00030270073040163152 0.00093107483967703704 -0.0012432643714829418 -5.8887000326873152e-05 -0.00019509820227502962 0.00095114668684176276 0.00011465740658419781 -0.00087761134035971961 0.00020460827628930337
leaf_weight=10972 52323 5702 3473 29926 6411 32207 5832 3079 69512 29196 8007 34696 3155 69760
leaf_count=10972 52323 5702 3473 29926 6411 32207 5832 3079 69512 29196 8007 34696 3155 69760
internal_value=4.31501e-06 0.000256325 -3.47524e-05 -0.00033225 4.96243e-07 0.000148504 1.69603e-05 6.67845e-05 -0.000109288 0.000151629 0.000351097 0.000232341 5.67938e-05 0.000157667
internal_weight=364251 48881 315370 33399 281971 43179 275560 223237 72591 150646 48535 40528 102111 72915
internal_count=364251 48881 315370 33399 281971 43179 275560 223237 72591 150646 48535 40528 102111 72915
is_linear=0
shrinkage=0.03


Tree=133
num_leaves=15
num_cat=0
split_feature=43 35 52 58 66 36 36 58 36 9 41 64 67 22
split_gain=3.5029 3.98934 3.73159 3.46287 3.27825 4.66989 7.16004 3.25121 3.23584 3.05954 2.7074 2.55842 2.81544 2.79629
threshold=-0.48799993633616923 0.4186806711261632 -0.24653467597627252 -0.28740625058447261 0.38300826503440888 -0.15202657426408328 -0.062660595366543684 1.0000000180025095e-35 0.2770402964666917 0.16791946389983695 0.24438150231381331 -0.44406861383063917 -0.24671557716404291 0.15225478134372508
decision_type=2 2 2 2 2 2 2 2 2 2 2 2 2 2
left_child=-1 4 3 -3 11 -6 7 -7 9 -8 -9 12 -2 -13
right_child=1 2 -4 -5 5 6 8 10 -10 -11 -12 13 -14 -15
leaf_value=-0.00086142123121914357 -8.6052845920880363e-05 1.7003205144593735e-05 0.00010791602360284794 0.001238117343866524 0.00071717962571476242 -0.0014871693353766149 -0.00014099500428450769 -0.00014809803897412286 -0.00063565927026615853 0.0010059944495197019 -0.0011250892493395554 -3.9681982236538058e-05 -0.0011832539837596447 0.00015372811410804498
leaf_weight=4162 5870 3102 18398 6399 3526 5090 4168 6029 3643 4190 4422 187647 3273 104867
leaf_count=4162 5870 3102 18398 6399 3526 5090 4168 6029 3643 4190 4422 187647 3273 104867
internal_value=2.88014e-06 1.28787e-05 0.000357395 0.00083987 -1.60188e-05 -0.000309394 -0.000441031 -0.000865882 0.000109403 0.000434524 -0.00056216 1.42055e-05 -0.000479691 2.96589e-05
internal_weight=364786 360624 27899 9501 332725 31068 27542 15541 12001 8358 10451 301657 9143 292514
internal_count=364786 360624 27899 9501 332725 31068 27542 15541 12001 8358 10451 301657 9143 292514
is_linear=0
shrinkage=0.03


Tree=134
num_leaves=15
num_cat=0
split_feature=8 63 60 35 20 58 35 47 52 51 19 20 21 22
split_gain=3.54777 4.08377 4.41359 3.55643 3.54958 3.25383 3.07412 4.06451 2.51807 3.80993 2.8483 3.36116 2.72792 2.58614
threshold=0.29019557072135693 0.12251467382505861 0.47285924989464817 0.37991460425277207 0.38554394569428163 -0.44888640817302133 -0.43599315934525157 -0.070582980065164849 -0.19913038191724242 0.10195296506312641 -0.42559867963739467 0.023677836130638178 -0.22836264674960574 -0.016012240643179961
decision_type=2 2 2 2 2 2 2 2 2 2 2 2 2 2
left_child=1 2 4 -2 6 -3 7 -1 9 -8 12 13 -10 -12
right_child=3 5 -4 -5 -6 -7 8 -9 10 -11 11 -13 -14 -15
leaf_value=-0.0010504788266011513 -0.00031310521996106991 -0.00085482061316976448 -0.00076077455955827177 0.00013705478632566477 0.00060180688350435982 -6.5260130655747623e-05 0.00058163565175226202 0.00010578774968470281 0.00013808210183713831 -4.9475211428896712e-05 -0.0003601692563441315 0.00020331918391420606 0.0010087221367921641 6.5079507872204949e-05
leaf_weight=4566 54354 4921 4837 22257 14782 99268 24890 6801 7967 13156 25137 49681 5452 26360
leaf_count=4566 54354 4921 4837 22257 14782 99268 24890 6801 7967 13156 25137 49681 5452 26360
internal_value=-9.09135e-07 4.73843e-05 0.000132502 -0.000182324 0.00015671 -0.000102631 0.00011656 -0.000359187 0.000152009 0.000363447 8.17858e-05 2.72968e-05 0.000492302 -0.000142525
internal_weight=364429 287818 183629 76611 178792 104189 164010 11367 152643 38046 114597 101178 13419 51497
internal_count=364429 287818 183629 76611 178792 104189 164010 11367 152643 38046 114597 101178 13419 51497
is_linear=0
shrinkage=0.03


Tree=135
num_leaves=15
num_cat=0
split_feature=59 50 59 63 57 60 66 39 55 52 22 66 41 58
split_gain=3.64602 2.8091 3.68159 2.89303 5.36144 5.06571 3.64945 3.39579 2.78966 3.266 3.30099 2.88588 3.72286 2.76164
threshold=-0.46857721928642898 -0.37294715514664356 0.47702201326353583 -0.070834568267140893 -0.40951684190091248 0.47285924989464817 -0.45303380718693853 0.15677158603657435 -0.32913570567423384 -0.27833799356041344 0.11310131294157096 -0.29107969576719567 -0.15386756152097561 -0.39433212757123293
decision_type=2 2 2 2 2 2 2 2 2 2 2 2 2 2
left_child=13 -2 3 5 7 6 -3 -5 -8 -10 11 12 -11 -1
right_child=1 2 -4 4 -6 -7 8 -9 9 10 -12 -13 -14 -15
leaf_value=-0.00010390997438306804 -0.00023995152762706212 0.001197723040947744 -0.00074896267036658325 -0.0010198504512093978 -4.7035128442707739e-06 -0.0010545392370811812 -0.00015533943485711578 5.2340963416121433e-05 0.00059926536978015894 0.0013116754176147989 0.00038659755992028377 -0.00015034372395037206 -1.8895818607492959e-06 0.00088875933336273307
leaf_weight=3918 45569 3054 5602 7947 173974 3081 21865 3991 16809 3011 28308 34894 5436 7061
leaf_count=3918 45569 3054 5602 7947 173974 3081 21865 3991 16809 3011 28308 34894 5436 7061
internal_value=-3.41248e-06 -2.01391e-05 1.23921e-05 2.6522e-05 -4.69222e-05 0.000143761 0.000176415 -0.000661662 0.000148037 0.000223034 0.000134698 -2.98797e-05 0.000467338 0.00053474
internal_weight=364520 353541 307972 302370 185912 116458 113377 11938 110323 88458 71649 43341 8447 10979
internal_count=364520 353541 307972 302370 185912 116458 113377 11938 110323 88458 71649 43341 8447 10979
is_linear=0
shrinkage=0.03


Tree=136
num_leaves=15
num_cat=0
split_feature=65 21 65 59 47 36 53 9 53 56 9 36 7 36
split_gain=3.08072 3.08166 3.86116 4.30558 4.0978 4.42514 3.5521 3.79753 4.19599 3.88973 4.44304 3.68774 3.51973 3.36961
threshold=-0.48386655608103335 0.38183586352422438 0.42267592828674572 -0.24011578571269063 -0.35409859462128263 -0.13707718563428126 -0.28626163912423447 0.46492175748317965 -0.12359076311362595 0.39001332203872585 -0.19052311620589588 -0.058522638522052771 1.0000000180025095e-35 -0.092178763539744871
decision_type=2 2 2 2 2 2 2 2 2 2 2 2 2 2
left_child=-1 2 4 -4 5 -2 13 8 -8 -10 -11 -12 -5 -6
right_child=1 -3 3 12 6 -7 7 -9 9 10 11 -13 -14 -15
leaf_value=0.00069445554543087176 -0.0010983890908279283 0.00023696684057782625 -5.121653804760335e-05 -0.0013694046647211131 0.00065671775043487973 -0.00016415553843684058 -0.0003163078235754756 0.00068872068915747109 8.7532160294175301e-05 -0.001023909368062493 -0.00045460840905691064 0.00051388588718935372 -0.00026163608682272315 8.4424107773889236e-05
leaf_weight=5781 5229 42439 13741 5610 14931 35414 37960 6796 146659 6184 8808 5900 4785 24359
leaf_count=5781 5229 42439 13741 5610 14931 35414 37960 6796 146659 6184 8808 5900 4785 24359
internal_value=8.02861e-06 -3.04972e-06 -3.52523e-05 -0.000399854 -5.12726e-06 -0.000284592 4.0027e-05 -8.46982e-06 -3.15575e-05 3.297e-05 -0.000349907 -6.60193e-05 -0.000860221 0.000302019
internal_weight=364596 358815 316376 24136 292240 40643 251597 212307 205511 167551 20892 14708 10395 39290
internal_count=364596 358815 316376 24136 292240 40643 251597 212307 205511 167551 20892 14708 10395 39290
is_linear=0
shrinkage=0.03


Tree=137
num_leaves=15
num_cat=0
split_feature=8 63 21 66 35 42 66 35 22 41 23 58 24 18
split_gain=3.23932 3.77137 3.747 3.13418 3.08634 2.97841 2.94373 2.39706 2.24533 2.23676 2.22982 2.22205 4.61347 2.30084
threshold=0.29019557072135693 0.074971490021832746 0.13000298864315604 -0.31081752059904982 0.41097615668638771 -0.41211674290992284 0.46142294644620585 -0.35614117030081033 0.077765138675781512 -0.24403035832104716 -0.10794992529837648 -0.39042234679577009 -0.051436954482421075 0.0080097446176952709
decision_type=2 2 2 2 2 2 2 2 2 2 2 2 2 2
left_child=1 2 8 -4 6 9 -2 -5 10 -3 -1 12 -7 -14
right_child=4 5 3 7 -6 11 -8 -9 -10 -11 -12 -13 13 -15
leaf_value=0.00010996737409071061 -0.00020488406712285018 -0.00010856470593570095 0.00074683949205614627 -0.00026256228810203066 0.00018025513943470596 0.00020250883684547121 -0.00098830698911277453 0.00032072287675310524 0.00020856867885512528 0.00093521637832219226 -0.00024119365635684293 -6.4136209563586235e-05 -0.00042942984230842955 -0.0015248579979371829
leaf_weight=32294 53478 3151 13313 7595 18107 4933 4687 38196 45029 4451 32788 99676 3343 3581
leaf_count=32294 53478 3151 13313 7595 18107 4933 4687 38196 45029 4451 32788 99676 3343 3581
internal_value=1.21432e-05 5.81323e-05 0.000149164 0.000341829 -0.000161706 -7.11679e-05 -0.000268172 0.000223942 4.57264e-05 0.000502999 -6.69557e-05 -0.000110344 -0.000498411 -0.000997353
internal_weight=364622 288350 169215 59104 76272 119135 58165 45791 110111 7602 65082 111533 11857 6924
internal_count=364622 288350 169215 59104 76272 119135 58165 45791 110111 7602 65082 111533 11857 6924
is_linear=0
shrinkage=0.03


Tree=138
num_leaves=15
num_cat=0
split_feature=23 22 23 22 23 65 30 9 2 18 48 61 8 48
split_gain=2.63557 4.97976 3.19149 2.97187 2.62411 2.45514 3.56918 2.13643 2.11708 2.10531 2.4838 2.36823 2.59967 2.32254
threshold=-0.083939570348598155 0.21400438930668733 0.37858154220004681 -0.29742024411501583 0.25844355276249931 -0.2819408417374511 -0.031781377410104193 0.14048058337726235 -0.16647855476556339 -0.2916437563195528 -0.23605214579401712 0.19164745118219426 0.37252371985344318 0.20073407196475132
decision_type=2 2 2 2 2 2 2 2 2 2 2 2 2 2
left_child=3 4 -3 -1 5 7 -7 -2 -9 10 -5 12 13 -11
right_child=1 2 -4 9 -6 6 -8 8 -10 11 -12 -13 -14 -15
leaf_value=-8.4895609512946021e-05 -8.0491023837761909e-05 0.00027550193968006427 -8.536736222869494e-05 0.0003527345669708372 -0.00047497847952250529 -1.2819998426353604e-05 -0.000419650408674195 0.0011370365498137389 0.00017715572134844839 0.00033577764858548631 -0.00031248397067439244 2.4662050084339847e-06 -0.00038395709561105828 0.00086822062511246847
leaf_weight=51967 14639 47293 41319 8008 23151 41588 36382 3117 6120 43144 13645 21742 3812 8892
leaf_count=51967 14639 47293 41319 8008 23151 41588 36382 3117 6120 43144 13645 21742 3812 8892
internal_value=3.05335e-06 -6.47878e-05 0.000107241 9.8888e-05 -0.00018674 -0.000121179 -0.000202683 0.000144954 0.000501944 0.000195122 -6.64148e-05 0.000268108 0.000371506 0.000426912
internal_weight=364819 213609 88612 151210 124997 101846 77970 23876 9237 99243 21653 77590 55848 52036
internal_count=364819 213609 88612 151210 124997 101846 77970 23876 9237 99243 21653 77590 55848 52036
is_linear=0
shrinkage=0.03


Tree=139
num_leaves=15
num_cat=0
split_feature=1 38 58 38 47 41 52 66 36 3 9 58 34 51
split_gain=3.33634 3.76342 4.00208 3.22824 3.00586 4.03039 4.268 3.50245 5.82421 4.94393 4.12112 4.70745 3.23309 3.42539
threshold=0.28746202699230305 -0.022097918628014381 -0.41768831633565923 -0.044403330985887467 0.011916261340290781 0.16148758907358787 0.30159408236383922 0.31174151791093596 -0.14053855452401329 0.023155687485226787 0.38303223315962176 0.032082716649934291 0.26487934351323378 0.1883012547550105
decision_type=2 2 2 2 2 2 2 2 2 2 2 2 2 2
left_child=4 3 -3 -2 7 6 12 8 9 -1 11 -9 13 -6
right_child=1 2 -4 -5 5 -7 -8 10 -10 -11 -12 -13 -14 -15
leaf_value=-0.0001616477112988241 -3.4855431938465773e-05 -0.0012129817167953782 -0.00024873836996080979 0.00084229701726069655 0.00027619372115504827 -2.0172406017655328e-05 0.00090368783586957768 -0.0012130285268048607 0.00010139166394550335 -0.0012355129767244281 0.00035980260978252715 -0.00017444310802070461 0.00071048794176109781 -0.00031400631338268984
leaf_weight=14038 27389 4268 41147 4370 33417 53509 9919 6884 127740 5313 5067 9138 10212 12028
leaf_count=14038 27389 4268 41147 4370 33417 53509 9919 6884 127740 5313 5067 9138 10212 12028
internal_value=1.06721e-05 -0.000164441 -0.000339603 8.60668e-05 5.77205e-05 0.000173039 0.000330675 -2.39395e-05 2.79082e-05 -0.000456973 -0.000385407 -0.000621159 0.00022841 0.00011995
internal_weight=364439 77174 45415 31759 287265 119085 65576 168180 147091 19351 21089 16022 55657 45445
internal_count=364439 77174 45415 31759 287265 119085 65576 168180 147091 19351 21089 16022 55657 45445
is_linear=0
shrinkage=0.03


Tree=140
num_leaves=15
num_cat=0
split_feature=35 44 8 53 9 53 28 9 66 66 35 42 9 59
split_gain=2.77186 2.54284 2.96819 2.03094 2.83227 2.4226 2.5555 2.35048 3.07492 2.30246 3.05262 2.63723 2.3235 1.82005
threshold=-0.48784428378763206 0.16006043710497755 -0.12576144075486614 0.039184127557442112 0.18763797985311395 -0.25846108220178593 0.19678370512868368 0.40645185188615041 0.31949334595343287 0.079184436503146619 0.37211586683126308 0.047329207507371081 -0.33275448603069563 -0.015956064555962265
decision_type=2 2 2 2 2 2 2 2 2 2 2 2 2 2
left_child=-1 2 -2 5 9 6 -4 8 -7 10 11 13 -11 -5
right_child=1 -3 3 4 -6 7 -8 -9 -10 12 -12 -13 -14 -15
leaf_value=-0.00077005608208086942 0.0001916614610484964 -0.00011146358946480345 0.00027040148895961697 -0.00046161387044281525 0.00041365012641660879 -0.0002915639115602812 -0.00038189146426520547 0.00021860073588506263 -0.001281162251807346 -0.00058867644061145954 0.00091382810901093645 0.00041757155800419124 -2.1222881334041474e-05 0.00026597381669737577
leaf_weight=4252 90745 122481 18978 9397 17686 34084 7547 7190 3073 9574 4254 9875 20146 4603
leaf_count=4252 90745 122481 18978 9397 17686 34084 7547 7190 3073 9574 4254 9875 20146 4603
internal_value=-9.48069e-06 -4.67119e-07 5.68611e-05 -2.66973e-05 8.15289e-05 -0.00014204 8.47345e-05 -0.000277667 -0.000373729 -2.00634e-05 0.000174448 4.23793e-05 -0.000204159 -0.000222374
internal_weight=363885 359633 237152 146407 75535 70872 26525 44347 37157 57849 28129 23875 29720 14000
internal_count=363885 359633 237152 146407 75535 70872 26525 44347 37157 57849 28129 23875 29720 14000
is_linear=0
shrinkage=0.03


Tree=141
num_leaves=15
num_cat=0
split_feature=52 9 8 9 34 58 3 52 33 32 18 61 18 56
split_gain=2.89332 4.93672 3.83784 4.52749 3.50042 3.1765 3.6551 3.05782 2.55455 6.60251 2.79202 2.52443 3.18285 2.36492
threshold=-0.37774234998070416 0.070471668131087475 0.043185111989459853 -0.43299405666313667 0.33170081728683354 -0.26745976863526932 0.26198935588371414 0.019869389283406706 0.18541743589142487 0.28322089312214854 0.29916301700423703 0.13256443480448746 -0.33523190716298379 -0.20903572858133726
decision_type=2 2 2 2 2 2 2 2 2 2 2 2 2 2
left_child=1 5 4 -4 11 -1 -7 -5 9 -9 13 12 -2 -10
right_child=2 -3 3 7 -6 6 -8 8 10 -11 -12 -13 -14 -15
leaf_value=-0.00031948058871032915 -0.00025107940418145824 0.0012531676080264323 -0.0010336249030635455 2.3066708819219671e-05 0.00043457517609932949 0.00012893369518575563 0.00098610448109355954 -0.00030630413849236262 0.0003289389297491071 -0.0017468699939513111 0.00028180863322434854 -0.00016039586468230175 0.00017021833927698924 -0.00052011455000130179
leaf_weight=10549 19697 3833 5035 68033 19799 24510 5469 34324 3894 3115 12691 51829 89150 12127
leaf_count=10549 19697 3833 5035 68033 19799 24510 5469 34324 3894 3115 12691 51829 89150 12127
internal_value=-1.48516e-06 0.000225527 -3.29916e-05 -0.000151333 5.83006e-05 0.000128051 0.000285582 -0.000118152 -0.00026337 -0.000426597 -5.04561e-05 1.19107e-05 9.39641e-05 -0.000313671
internal_weight=364055 44361 319694 139219 180475 40528 29979 134184 66151 37439 28712 160676 108847 16021
internal_count=364055 44361 319694 139219 180475 40528 29979 134184 66151 37439 28712 160676 108847 16021
is_linear=0
shrinkage=0.03


Tree=142
num_leaves=15
num_cat=0
split_feature=44 47 52 4 8 20 22 53 35 62 19 8 64 47
split_gain=3.75622 3.124 2.30186 2.57555 2.41025 3.32857 2.26606 2.80511 2.22602 2.22106 2.15263 1.95698 1.94289 1.90994
threshold=0.15625750120019208 -0.47628446115288214 -0.30994411724990389 0.34422846045626948 -0.02737591164490524 0.20074456509794522 0.19093695093826166 0.46946769320091425 0.45014838885806635 -0.11414137134515019 0.42170081840990425 0.3917483068328132 -0.0039957188929791434 0.22171485497173574
decision_type=2 2 2 2 2 2 2 2 2 2 2 2 2 2
left_child=1 -1 3 -3 5 -4 7 11 10 -5 13 -2 -12 -6
right_child=6 2 4 9 8 -7 -8 -9 -10 -11 12 -13 -14 -15
leaf_value=-0.00052382798983970796 -0.00022027890871765917 0.00017624392077475432 3.4026198921471671e-05 0.00020919770332605996 -0.00014739307303113109 0.00043454011107336884 4.8731408762254755e-05 0.00057734113512546278 0.00047547153179881824 0.0012890388104935936 -0.00017210179689030621 -0.00075067282745852593 -0.0011228338400853281 0.00020825637123404105
leaf_weight=7960 76093 36550 70816 3105 60142 25355 38531 3718 6151 3830 4432 6815 3429 17547
leaf_count=7960 76093 36550 70816 3105 60142 25355 38531 3718 6151 3830 4432 6815 3429 17547
internal_value=-9.49484e-06 6.01521e-05 8.02661e-05 0.000276929 3.4734e-05 0.000139654 -0.000142663 -0.000227791 -7.53034e-05 0.00080656 -0.000114955 -0.000263962 -0.000587715 -6.70489e-05
internal_weight=364474 239317 231357 43485 187872 96171 125157 86626 91701 6935 85550 82908 7861 77689
internal_count=364474 239317 231357 43485 187872 96171 125157 86626 91701 6935 85550 82908 7861 77689
is_linear=0
shrinkage=0.03


Tree=143
num_leaves=15
num_cat=0
split_feature=65 33 33 42 57 42 65 42 59 16 57 50 50 18
split_gain=3.28719 4.58307 16.3135 13.8853 4.19684 5.35134 4.02157 5.22725 3.91098 3.75506 3.07101 3.32451 4.422 3.47021
threshold=0.25865455609938659 0.023637714963575366 -1.0000000180025095e-35 0.086414370135096799 -0.27600251925257319 0.031701521970879949 0.14933055543383436 -0.032152084191799289 -0.39776516382720645 -0.42917135374611542 -0.43656936541163688 -0.21505057840289452 0.36581566639703139 -0.30360169592567682
decision_type=2 2 2 2 2 2 2 2 2 2 2 2 2 2
left_child=6 2 4 -4 -2 -6 9 -8 -3 -1 -11 -12 13 -13
right_child=1 8 3 -5 5 -7 7 -9 -10 10 11 12 -14 -15
leaf_value=-0.00040320007161746526 0.00026403788742643085 0.00077773665847679404 -0.00035660970389015078 -0.0026347867537528319 -0.00093299990005706783 4.844275076752851e-05 -6.9494210954878412e-05 0.00062731398380495851 -4.3751613676878704e-05 -0.00057901874127658129 -0.00013498219901408751 -6.9373262864233704e-05 -0.00020220014663749396 0.00029831252547081894
leaf_weight=18302 17707 6142 5001 4640 8652 11825 16673 23116 34271 6885 55525 30304 28537 97148
leaf_count=18302 17707 6142 5001 4640 8652 11825 16673 23116 34271 6885 55525 30304 28537 97148
internal_value=5.48304e-06 -0.000153933 -0.000352652 -0.00145464 -7.4105e-05 -0.000366492 5.63623e-05 0.000335383 8.12603e-05 9.44734e-06 4.40444e-05 6.43521e-05 0.00013531 0.00021089
internal_weight=364728 88238 47825 9641 38184 20477 276490 39789 40413 236701 218399 211514 155989 127452
internal_count=364728 88238 47825 9641 38184 20477 276490 39789 40413 236701 218399 211514 155989 127452
is_linear=0
shrinkage=0.03


Tree=144
num_leaves=15
num_cat=0
split_feature=7 65 52 59 52 35 60 66 65 34 40 62 33 42
split_gain=3.72238 4.71677 2.71317 2.53626 2.45277 3.15173 2.87889 2.84566 3.51863 3.13087 4.35182 3.1594 2.93516 3.90077
threshold=-0.33343750036621217 0.41481174781603058 -0.38961978096184036 -0.47243738336690283 -0.27030232721648029 0.38764375413086588 0.46902783702710577 0.38300826503440888 -0.24656994282507277 0.23334928993138662 0.019769668400969335 -0.35437884600436681 0.01225706959113654 0.32500605913717889
decision_type=2 2 2 2 2 2 2 2 2 2 2 2 2 2
left_child=1 2 -1 -2 5 -5 7 9 -9 11 12 -6 -11 -14
right_child=3 -3 -4 4 6 -7 -8 8 -10 10 -12 -13 13 -15
leaf_value=0.00028723229459765557 0.0005368538807222227 -0.0013722940030947996 -0.00025861922125166491 9.6089312827718585e-05 -0.00047027653367294313 0.0006537055011004338 -0.0006244699476078302 5.8776429962825524e-05 -0.00068364213728659587 -0.00018947939890189252 -7.958419302894747e-05 9.3433948626952891e-06 0.00043681211854742423 0.0014635010989678232
leaf_weight=10073 9066 3024 43791 52220 13582 11045 6806 11400 11570 5201 23318 136474 22318 3909
leaf_count=10073 9066 3024 43791 52220 13582 11045 6806 11400 11570 5201 23318 136474 22318 3909
internal_value=1.50732e-06 -0.000221364 -0.000156506 4.28241e-05 2.77689e-05 0.000193528 -1.69421e-05 1.23791e-06 -0.000315315 3.67552e-05 0.000230928 -3.40968e-05 0.000461264 0.000590334
internal_weight=363797 56888 53864 306909 297843 63265 234578 227772 22970 204802 54746 150056 31428 26227
internal_count=363797 56888 53864 306909 297843 63265 234578 227772 22970 204802 54746 150056 31428 26227
is_linear=0
shrinkage=0.03


Tree=145
num_leaves=15
num_cat=0
split_feature=65 60 53 49 50 51 51 36 36 52 63 49 16 28
split_gain=2.60678 5.00143 4.64774 4.14091 3.91391 4.7681 3.47983 4.11631 3.92002 2.90389 2.86995 2.74403 2.57122 2.50973
threshold=0.26633387653124502 -1.0000000180025095e-35 -0.30647009612545512 -0.031577397015438761 -0.020083346292072698 0.27862790552459454 0.37835815056477701 -0.052676773812829751 0.29009897020973591 -0.37388674069667521 -0.46441980638409203 0.43809985300480936 0.2046450459333681 -0.0040693499727253437
decision_type=2 2 2 2 2 2 2 2 2 2 2 2 2 2
left_child=2 4 11 12 -2 -6 7 -5 -9 -4 -11 13 -3 -1
right_child=1 3 9 6 5 -7 -8 8 -10 10 -12 -13 -14 -15
leaf_value=0.00090602150995216244 0.00029136401337222738 -0.0013905548782551763 0.00021396796031194267 -3.7361667527039534e-05 -0.00041426260230943398 0.00074255118650608167 0.00063635297527896552 -0.0015427058844002053 -0.00017415544683274496 -0.00057425580531802762 -2.9341061322294467e-05 -0.00035814142474513687 -0.00047110785784100647 0.00024374452065695936
leaf_weight=9848 25799 5302 44445 12786 20905 3778 3670 4125 3465 9081 201677 3408 5680 10804
leaf_count=9848 25799 5302 44445 12786 20905 3778 3670 4125 3465 9081 201677 3408 5680 10804
internal_value=-1.31655e-05 -0.000158086 3.1213e-05 -0.000433467 3.30408e-05 -0.000236971 -0.000212861 -0.000366053 -0.000918984 -6.37242e-06 -5.28461e-05 0.000429717 -0.000915869 0.00055984
internal_weight=364773 85510 279263 35028 50482 24683 24046 20376 7590 255203 210758 24060 10982 20652
internal_count=364773 85510 279263 35028 50482 24683 24046 20376 7590 255203 210758 24060 10982 20652
is_linear=0
shrinkage=0.03


Tree=146
num_leaves=15
num_cat=0
split_feature=21 65 60 66 50 33 33 65 66 15 66 18 50 63
split_gain=3.89939 4.19146 5.11516 5.19304 3.17839 3.0878 6.91357 2.97937 2.97454 2.64071 2.45288 3.09532 3.15594 2.90515
threshold=0.29896774021684125 0.25088862683989982 -1.0000000180025095e-35 0.1384388455656663 -0.043514465381709742 -0.066227108608614652 1.0000000180025095e-35 0.46151586237133779 -0.28298363236880503 0.19906898548491372 -0.18082522169956461 -0.37846852471796821 -0.2349547808712569 -0.066802004454954669
decision_type=2 2 2 2 2 2 2 2 2 2 2 2 2 2
left_child=1 9 4 7 5 -3 -7 -4 -2 10 13 -12 -13 -1
right_child=8 2 3 -5 -6 6 -8 -9 -10 -11 11 12 -14 -15
leaf_value=0.00053902627147019296 0.00062580242796784244 0.00067864293153382276 -0.00022457046524378788 -0.001417830940218696 -0.00027616849040327791 -0.0012511783954166826 0.00041361503000084197 -0.0011716470989149355 0.00012220894295839312 -0.0001747025573025256 -0.0003485289841078381 -0.00020495859764087086 0.00016559090243443314 6.0543483269769369e-05
leaf_weight=20215 12771 8709 21384 4981 20473 3185 7541 3467 60686 45423 18142 27469 83677 26240
leaf_count=20215 12771 8709 21384 4981 20473 3185 7541 3467 60686 45423 18142 27469 83677 26240
internal_value=1.45466e-05 -3.47715e-05 -0.000237543 -0.000534638 -1.5381e-05 0.000259336 -8.1437e-05 -0.000357117 0.000209835 2.91761e-05 8.18781e-05 1.46889e-05 7.40018e-05 0.000268828
internal_weight=364363 290906 69740 29832 39908 19435 10726 24851 73457 221166 175743 129288 111146 46455
internal_count=364363 290906 69740 29832 39908 19435 10726 24851 73457 221166 175743 129288 111146 46455
is_linear=0
shrinkage=0.03


Tree=147
num_leaves=15
num_cat=0
split_feature=43 3 63 8 58 19 33 42 33 53 41 43 38 9
split_gain=3.4642 2.4806 2.66636 2.73518 2.28278 3.47808 2.81271 2.96438 5.91385 2.6242 2.11949 3.19552 2.09433 2.05684
threshold=-0.48411796920301525 0.019294916608409044 0.30782324303182518 0.29019557072135693 -0.27133237503556057 -0.38194838567284645 -0.29083059885935186 0.26274559293682143 0.20129694684842245 0.47712558465205057 -0.30673101439610867 -0.11896189278646303 0.12706032406365372 0.14843979644326868
decision_type=2 2 2 2 2 2 2 2 2 2 2 2 2 2
left_child=-1 2 3 -2 6 -6 -3 10 -9 12 -8 -12 -7 -4
right_child=1 4 13 -5 5 9 7 8 -10 -11 11 -13 -14 -15
leaf_value=-0.00074945433927786794 2.9421220036072216e-05 0.00055002346226330399 -0.00049471385453978174 -0.00036965410293427002 0.00090013868635194292 0.00017597575465942006 0.00044556362951040957 -0.0014307623411864089 0.00017882661389256169 0.00094952514436303552 -0.00097542029164541784 -1.2575688877449861e-05 -0.00010957364980425231 1.7564506216397857e-05
leaf_weight=5467 143058 5167 20330 17319 5417 87521 6096 4485 3780 3360 3798 16739 31405 10798
leaf_count=5467 143058 5167 20330 17319 5417 87521 6096 4485 3780 3360 3798 16739 31405 10798
internal_value=-6.53452e-07 1.07615e-05 -6.30193e-05 -1.3695e-05 9.498e-05 0.000156962 -0.000102569 -0.000199322 -0.00069529 0.00012397 -4.52058e-05 -0.000191027 0.000100567 -0.000317061
internal_weight=364740 359273 191505 160377 167768 127703 40065 34898 8265 122286 26633 20537 118926 31128
internal_count=364740 359273 191505 160377 167768 127703 40065 34898 8265 122286 26633 20537 118926 31128
is_linear=0
shrinkage=0.03


Tree=148
num_leaves=15
num_cat=0
split_feature=63 21 9 64 8 36 36 30 43 42 21 64 36 30
split_gain=2.74817 3.63223 3.09791 3.39519 2.97018 3.56732 4.94695 3.3084 2.89905 2.47578 2.42632 2.33344 2.57597 2.32712
threshold=0.27251308190096496 -0.32627657972530649 0.14843979644326868 -0.42827626414532821 -0.082470879635828068 -0.064673457585796498 0.34085273939651933 0.027686394609355017 0.44150788873299512 0.051241869316371709 0.38183586352422438 0.37887404796170832 -0.062660595366543684 -0.083178667262969561
decision_type=2 2 2 2 2 2 2 2 2 2 2 2 2 2
left_child=1 -1 3 -2 5 10 7 9 -5 -7 13 -4 -13 -3
right_child=2 4 11 8 -6 6 -8 -9 -10 -11 -12 12 -14 -15
leaf_value=-0.00019719238618056556 -0.00096460258526893472 0.00047457691070872836 0.00016741122482515444 -0.00013616175134947443 -5.6652374549322437e-06 -0.0007089520721790081 0.0005461779553419695 0.00022897793238223519 -0.0010324431996162815 -4.9311072450334959e-05 0.00098458179722702246 -0.00093008031350624376 0.00021272382034179412 8.1678796260371481e-05
leaf_weight=47977 6340 30669 29492 35965 130490 11423 11081 11062 3561 9278 5097 4080 3131 24334
leaf_count=47977 6340 30669 29492 35965 130490 11423 11081 11062 3561 9278 5097 4080 3131 24334
internal_value=-4.13126e-06 4.05217e-05 -0.000156304 -0.000320658 8.93847e-05 0.000209857 6.87289e-07 -0.000189727 -0.000217151 -0.000413474 0.000358945 4.91135e-05 -0.00043427 0.0003008
internal_weight=363980 281411 82569 45866 233434 102944 42844 31763 39526 20701 60100 36703 7211 55003
internal_count=363980 281411 82569 45866 233434 102944 42844 31763 39526 20701 60100 36703 7211 55003
is_linear=0
shrinkage=0.03


Tree=149
num_leaves=15
num_cat=0
split_feature=43 35 8 52 63 43 47 21 19 36 60 41 57 36
split_gain=2.64963 3.4258 3.63549 2.92671 2.49216 3.72219 2.9228 3.97003 4.09782 2.9702 3.39812 3.59279 3.16421 2.44122
threshold=-0.48799993633616923 0.41097615668638771 0.39952562405221703 -0.27434742541327506 0.31568995807997002 0.42561479540415248 0.26887470157317639 0.07119290732674384 -0.38969766891399382 -0.11897829513036882 0.2650498143601363 0.19315867303282572 0.15761330618115668 -0.0800249012262189
decision_type=2 2 2 2 2 2 2 2 2 2 2 2 2 2
left_child=-1 2 4 -3 6 13 7 -2 -9 -8 12 -12 -11 -6
right_child=1 3 -4 -5 5 -7 9 8 -10 10 11 -13 -14 -15
leaf_value=-0.00074726806505236458 -0.00010611533903591906 0.00075963843347672205 -0.0003785454571381562 0.00012115594788631481 -0.00035340527912278749 -0.0010245315359790356 0.00076942278440004174 0.0011243387840061808 0.00011227459482967985 0.0007130755712032534 0.00033904038457460819 -0.00101045403813038 2.30724843809487e-05 9.2900984154697036e-05
leaf_weight=4179 124450 9286 23199 21206 19705 4324 8800 3743 88820 10363 3129 4083 14130 25032
leaf_count=4179 124450 9286 23199 21206 19705 4324 8800 3743 88820 10363 3129 4083 14130 25032
internal_value=2.88299e-06 1.1605e-05 -1.65288e-05 0.000315784 1.08766e-05 -0.000185064 4.8212e-05 4.54275e-06 0.000153317 0.000282119 0.000146664 -0.000425303 0.000315185 -0.000103716
internal_weight=364449 360270 329778 30492 306579 49061 257518 217013 92563 40505 31705 7212 24493 44737
internal_count=364449 360270 329778 30492 306579 49061 257518 217013 92563 40505 31705 7212 24493 44737
is_linear=0
shrinkage=0.03


Tree=150
num_leaves=15
num_cat=0
split_feature=61 62 47 55 42 58 60 30 61 43 41 52 55 1
split_gain=3.57633 2.73268 2.92006 3.30863 2.46037 6.23038 4.75035 3.61093 2.79649 2.78536 2.22312 2.706 3.35402 2.63659
threshold=0.28944655765473287 0.2909816189915887 -0.24004900107424273 -0.31308115829693056 -0.075314334496168936 -0.086147148480629807 0.32428212480531465 -0.32676569723851501 -0.012066091999251514 0.05123203517730069 -1.0000000180025095e-35 -0.23849933556967184 -0.051814567469216415 -0.24318210054614672
decision_type=2 2 2 2 2 2 2 2 2 2 2 2 2 2
left_child=1 2 3 -1 7 6 9 8 -5 -6 -4 12 -12 -13
right_child=-2 -3 10 4 5 -7 -8 -9 -10 -11 11 13 -14 -15
leaf_value=-0.00057157056595819988 -0.00018512186288278435 -0.00013621922644946972 0.00029090545800364623 0.00096892657071820853 -0.00035969463724433486 0.0005723419679263378 0.00036778094029259743 -1.297064980864621e-05 -3.206431329861494e-05 -0.001393993627500063 -4.9012553459096876e-05 -0.00044646001123041404 0.00073057676661697957 5.6901241958024047e-05
leaf_weight=9900 76831 59293 70699 6989 3995 5437 3176 36100 3917 5689 9326 11448 10613 51271
leaf_count=9900 76831 59293 70699 6989 3995 5437 3176 36100 3917 5689 9326 11448 10613 51271
internal_value=-3.29169e-06 4.52454e-05 9.23249e-05 -6.07965e-05 1.67131e-05 -0.000278344 -0.000638166 0.000131598 0.000609711 -0.000968119 0.000167411 6.17621e-05 0.0003661 -3.5033e-05
internal_weight=364684 287853 228560 75203 65303 18297 12860 47006 10906 9684 153357 82658 19939 62719
internal_count=364684 287853 228560 75203 65303 18297 12860 47006 10906 9684 153357 82658 19939 62719
is_linear=0
shrinkage=0.03


Tree=151
num_leaves=15
num_cat=0
split_feature=65 55 63 21 57 46 33 57 66 36 36 20 47 41
split_gain=3.08953 3.19992 2.85182 4.15369 2.7864 3.36676 2.85291 2.89165 2.56002 3.24112 5.3088 3.18387 2.75952 3.20652
threshold=0.44593808925204281 0.011738502457651791 0.12251467382505861 -0.011773071246616166 -0.41345320073186642 0.12989000478240079 -0.15656326409523943 -0.31537179422751555 0.31949334595343287 -0.060610318262187428 -0.13567844522417394 -0.37314174502166014 0.067351920654722078 0.031753233658859799
decision_type=2 2 2 2 2 2 2 2 2 2 2 2 2 2
left_child=2 -2 3 -1 5 -4 7 -6 11 10 -10 -8 -13 -14
right_child=1 -3 4 -5 6 -7 8 -9 9 -11 -12 12 13 -15
leaf_value=-3.5131533901967219e-05 -0.00067679875635216573 9.635639939541943e-05 -0.0012304457556380128 0.0002292404739296607 0.00061540770636142042 -6.5735660403087881e-06 0.0011075423219204885 -0.00034725171791629702 0.00039727431362949497 0.00024584267784316595 -0.00077788693777725883 -0.00010905952510470147 0.0009426068011112867 0.00015548773637765446
leaf_weight=104812 11493 8286 4029 109211 3059 4053 3029 33155 4835 9659 12108 26845 5807 23407
leaf_count=104812 11493 8286 4029 109211 3059 4053 3029 33155 4835 9659 12108 26845 5807 23407
internal_value=1.14946e-05 -0.000353016 3.2462e-05 9.97758e-05 -7.83698e-05 -0.000617459 -4.25815e-05 -0.000265788 5.17694e-05 -0.000192567 -0.000442496 0.000161786 0.000110496 0.000312216
internal_weight=363788 19779 344009 214023 129986 8082 121904 36214 85690 26602 16943 59088 56059 29214
internal_count=363788 19779 344009 214023 129986 8082 121904 36214 85690 26602 16943 59088 56059 29214
is_linear=0
shrinkage=0.03


Tree=152
num_leaves=15
num_cat=0
split_feature=65 47 57 63 8 57 59 53 34 48 64 52 18 59
split_gain=2.44714 2.39721 2.44553 2.48521 3.1882 3.0257 4.60804 2.58993 2.50431 3.38252 2.78776 2.94711 4.17896 2.83251
threshold=-0.47963364028288163 0.48848899958489006 0.48506532296854882 -0.027532061564463497 -0.10642415526149178 -0.40951684190091248 -0.46068786603736028 0.45767664953420267 0.33564884748797141 0.2995331104016109 -0.42827626414532821 0.027679446285988289 0.34293325696668864 -0.33838647986137521
decision_type=2 2 2 2 2 2 2 2 2 2 2 2 2 2
left_child=-1 2 3 4 -2 6 -5 -6 10 -10 -7 -12 13 -13
right_child=1 -3 -4 5 7 8 -8 -9 9 -11 11 12 -14 -15
leaf_value=0.00055273181440442312 0.00024033526920556246 0.00072642640340656267 -0.00080712287286271729 0.0002835691428075767 -5.9495289548147576e-05 -0.00056474425883835738 -0.00082400423217858574 0.00072329924144162575 0.00053566603176761617 -0.00013900739018104212 7.2372311006575207e-05 0.00016074706079841002 0.00058617952145499489 -0.0004015648145650546
leaf_weight=7293 67588 4010 3423 4920 93647 10376 10767 3955 14473 12420 73187 9937 5323 42618
leaf_count=7293 67588 4010 3423 4920 93647 10376 10767 3955 14473 12420 73187 9937 5323 42618
internal_value=9.10828e-06 -2.02344e-06 -1.03274e-05 -2.49427e-06 8.19728e-05 -7.83181e-05 -0.000476671 -2.77043e-05 -4.11697e-05 0.000224146 -9.16279e-05 -5.41325e-05 -0.000214083 -0.000295234
internal_weight=363937 356644 352634 349211 165190 184021 15687 97602 168334 26893 141441 131065 57878 52555
internal_count=363937 356644 352634 349211 165190 184021 15687 97602 168334 26893 141441 131065 57878 52555
is_linear=0
shrinkage=0.03


Tree=153
num_leaves=15
num_cat=0
split_feature=65 59 46 58 55 35 50 63 8 57 64 21 36 55
split_gain=3.45645 3.27818 4.96493 4.38122 3.03347 2.87435 3.14486 3.35915 3.77212 3.58674 3.4694 3.32975 2.39361 2.89
threshold=0.42652474977199195 -0.23226081443608382 -0.024149777417334147 -0.070354202461073059 0.011738502457651791 -0.48385688288339074 -0.38086000612027837 0.14988623067604093 0.066539007300233557 -0.4600820983394413 -0.42827626414532821 0.41332638795755922 -0.073100634096701353 1.0000000180025095e-35
decision_type=2 2 2 2 2 2 2 2 2 2 2 2 2 2
left_child=5 2 -2 -4 -3 -1 -7 8 11 -9 -11 12 -8 -14
right_child=1 4 3 -5 -6 6 7 9 -10 10 -12 -13 13 -15
leaf_value=-0.00065198744100700644 0.00082446175852270956 -0.0011948743467513744 -0.00083561066448090322 0.00044748953533759936 -0.00024055977913418821 -0.00021171508500883432 0.00037968640431013139 -0.0010639481483810779 -1.2347675226092428e-05 -0.00050795880119404143 3.3844732690394043e-05 0.0010404872546889018 -0.00012988760723906006 0.00031093463125203395
leaf_weight=5460 4361 5673 6728 3708 6358 38994 50272 3070 72801 11942 96660 4776 26656 26866
leaf_count=5460 4361 5673 6728 3708 6358 38994 50272 3070 72801 11942 96660 4776 26656 26866
internal_value=4.06105e-06 -0.000323616 -2.45057e-05 -0.000379722 -0.000691168 3.01173e-05 4.13531e-05 7.50339e-05 0.000154731 -5.44073e-05 -2.57739e-05 0.000266755 0.000231056 9.14051e-05
internal_weight=364325 26828 14797 10436 12031 337497 332037 293043 181371 111672 108602 108570 103794 53522
internal_count=364325 26828 14797 10436 12031 337497 332037 293043 181371 111672 108602 108570 103794 53522
is_linear=0
shrinkage=0.03


Tree=154
num_leaves=15
num_cat=0
split_feature=9 19 65 52 18 9 53 53 9 58 47 41 28 58
split_gain=2.81136 4.08402 4.40738 4.0215 3.85789 3.18092 3.08929 5.19245 6.44718 4.72454 4.29247 3.69396 3.04791 3.62607
threshold=-0.4125623801532381 -0.18570587740687797 -0.012136039771372674 -0.31408613342874797 -0.48411811415937467 0.090113900697842322 -0.25846108220178593 -0.11955057730076295 0.46884100965013964 -0.41384267419973525 0.18231609285546238 0.39442641313838656 -0.051303035167440468 -0.39819162162374488
decision_type=2 2 2 2 2 2 2 2 2 2 2 2 2 2
left_child=1 -1 -3 5 -5 -2 12 8 -8 -9 -11 -12 13 -6
right_child=3 2 -4 4 6 -7 7 9 -10 10 11 -13 -14 -15
leaf_value=0.00018473357456300833 0.00019120467853682319 -0.00021597374847156871 -0.0011770030870490475 -0.00099764787790564981 0.0010644062318357263 0.00087046353232459058 -0.00041768825753434383 -0.00073826759532273287 0.00089409918872267939 -5.5712567877786974e-05 0.00046212151918221996 -7.2797438545676364e-05 2.0786631792806986e-05 0.00024098009640648031
leaf_weight=11934 39454 13749 6240 3449 5880 7355 45738 6792 3631 89119 35280 17318 52445 26384
leaf_count=11934 39454 13749 6240 3449 5880 7355 45738 6792 3631 89119 35280 17318 52445 26384
internal_value=1.45598e-05 -0.000254326 -0.000516418 4.03554e-05 -1.83248e-06 0.000298098 1.03564e-05 -5.45432e-05 -0.000321047 3.40666e-05 7.11313e-05 0.000286018 0.000161949 0.00039133
internal_weight=364768 31923 19989 332845 286036 46809 282587 197878 49369 148509 141717 52598 84709 32264
internal_count=364768 31923 19989 332845 286036 46809 282587 197878 49369 148509 141717 52598 84709 32264
is_linear=0
shrinkage=0.03


Tree=155
num_leaves=15
num_cat=0
split_feature=65 53 42 50 53 53 67 52 9 52 9 2 63 63
split_gain=2.71678 3.90451 7.22537 5.36097 4.93356 3.86921 3.28818 3.24041 4.22299 2.91141 2.784 3.50235 3.38613 2.70096
threshold=0.25088862683989982 -0.2506861198002055 0.0079320138776537447 0.42127612377281681 -0.17522663106820568 -0.30647009612545512 0.26179501484193263 -0.37774234998070416 0.07828926754421385 0.44561216790130015 0.46884100965013964 0.42532298672036545 -0.46833157907457462 0.17397691518635097
decision_type=2 2 2 2 2 2 2 2 2 2 2 2 2 2
left_child=5 3 6 13 -4 9 -3 8 -7 -1 12 -12 -9 -2
right_child=1 2 4 -5 -6 7 -8 10 -10 -11 11 -13 -14 -15
leaf_value=0.00062546403705083522 5.9190873051606643e-05 -0.0011633768970977293 -0.00080677447703670171 0.0011298108473201721 0.00027170367026919603 0.0001702421942893456 -7.9305376140364814e-05 -0.00069501155109933906 0.0012353622138966827 -0.0001831980730100011 0.00091199176334008007 -0.00032219886816723921 -2.5043306527047198e-05 -0.00044747522826141429
leaf_weight=17081 41183 10713 5195 3648 14311 39070 3293 7029 3655 5229 5988 3153 191582 12286
leaf_count=17081 41183 10713 5195 3648 14311 39070 3293 7029 3655 5229 5988 3153 191582 12286
internal_value=1.01681e-05 -0.00013213 -0.000389148 1.87117e-05 -1.57918e-05 5.74472e-05 -0.000908735 2.37194e-05 0.000261628 0.000435933 -2.52177e-05 0.000486396 -4.87878e-05 -5.72918e-05
internal_weight=363416 90629 33512 57117 19506 272787 14006 250477 42725 22310 207752 9141 198611 53469
internal_count=363416 90629 33512 57117 19506 272787 14006 250477 42725 22310 207752 9141 198611 53469
is_linear=0
shrinkage=0.03


Tree=156
num_leaves=15
num_cat=0
split_feature=63 63 18 56 34 65 68 52 22 56 65 65 65 56
split_gain=3.08635 3.0835 2.59629 3.58812 3.11998 2.38639 3.17136 2.18221 2.43542 2.52601 1.924 2.50951 6.01948 2.30921
threshold=-0.0236385929152747 -0.33066606397860293 -0.27203723286805009 -0.45667658671446321 -0.40995411550112476 0.46527589377223133 0.054292752659023287 -0.36178664647946185 0.2414701363051717 -0.28349959177355327 0.25088862683989982 -0.1985923114444241 -0.25457873142037529 -0.024150205181266645
decision_type=2 2 2 2 2 2 2 2 2 2 2 2 2 2
left_child=1 7 4 -4 -3 -2 -7 -1 9 -9 11 12 13 -5
right_child=5 2 3 10 -6 6 -8 8 -10 -11 -12 -13 -14 -15
leaf_value=0.00035987600660059222 -6.6936182076137124e-05 0.00052784452157672503 0.0012231393995847961 -0.00033034333583014763 -0.00025285989298084994 7.9949380799386696e-05 -0.0012336362762705292 0.00037669941230311876 0.0001341904926650639 -0.0003944040989268377 -2.1801611205949342e-06 0.00045622300948373873 -0.0010040744329826185 0.00053121696762553356
leaf_weight=8601 185309 5933 3356 3749 20486 3000 3674 4356 17478 30854 23973 38551 3961 10983
leaf_count=8601 185309 5933 3356 3749 20486 3000 3674 4356 17478 30854 23973 38551 3961 10983
internal_value=-4.30695e-06 8.78729e-05 0.00018218 0.000263267 -7.74012e-05 -8.70272e-05 -0.000643936 -8.29149e-05 -0.000155252 -0.000298927 0.000223458 0.000317937 3.2654e-05 0.000311892
internal_weight=364264 172281 110992 84573 26419 191983 6674 61289 52688 35210 81217 57244 18693 14732
internal_count=364264 172281 110992 84573 26419 191983 6674 61289 52688 35210 81217 57244 18693 14732
is_linear=0
shrinkage=0.03


Tree=157
num_leaves=15
num_cat=0
split_feature=47 0 50 19 9 65 60 53 53 9 65 21 15 9
split_gain=2.6403 2.75629 3.35693 3.07997 3.05329 2.80462 3.44418 2.65512 3.78262 2.86543 2.78265 2.37837 2.25073 2.2053
threshold=-0.48419996645035507 -0.11515645770156864 -0.38086000612027837 0.37478847685199473 0.46884100965013964 0.44593808925204281 -0.38151631749222598 -0.33413956258285077 0.062738793474891544 0.18763797985311395 0.17669555477849405 0.37419529101968985 0.121642876523137 -0.23782775329372338
decision_type=2 2 2 2 2 2 2 2 2 2 2 2 2 2
left_child=-1 4 -3 5 7 11 -7 10 -9 -10 -2 12 -4 -5
right_child=1 2 3 13 -6 6 -8 8 9 -11 -12 -13 -14 -15
leaf_value=-0.00063461743725280403 0.0010798404946158191 -0.00037968000258562591 0.0001209599801474761 -0.00090441392113264148 0.00092436738053412997 0.00041452223405575049 -0.00076247508786951243 -0.0001304497941930795 0.00011125914464285713 0.00062583089263239927 0.00024027299087215197 0.00044480084887737689 -0.00013269386668355663 -0.00017295541840360118
leaf_weight=5422 4527 22598 105352 4529 4295 3156 7635 52623 45957 12351 16425 14706 44891 20345
leaf_count=5422 4527 22598 105352 4529 4295 3156 7635 52623 45957 12351 16425 14706 44891 20345
internal_value=2.18475e-05 3.17688e-05 -3.3124e-05 5.9305e-06 0.00013813 5.0159e-05 -0.000418178 0.000112457 5.39402e-05 0.000220346 0.000422103 8.08212e-05 4.51671e-05 -0.000306448
internal_weight=364812 359390 223212 200614 136178 175740 10791 131883 110931 58308 20952 164949 150243 24874
internal_count=364812 359390 223212 200614 136178 175740 10791 131883 110931 58308 20952 164949 150243 24874
is_linear=0
shrinkage=0.03


Tree=158
num_leaves=15
num_cat=0
split_feature=47 24 58 35 50 34 36 63 58 41 1 47 22 42
split_gain=2.64289 3.23029 3.10113 2.99494 2.82229 2.96375 3.16233 3.08075 2.90773 2.82724 2.49391 2.16999 2.08437 2.07286
threshold=-0.47221520408736167 0.14901577587797529 -0.46862284970668561 -0.48784428378763206 -0.35705864693631201 0.20565297517661188 -0.069805264816171483 -0.062846129786020485 0.3711435932397058 0.047394599131121658 -0.19899913384154319 0.13470080219383959 0.21400438930668733 0.090442653650720919
decision_type=2 2 2 2 2 2 2 2 2 2 2 2 2 2
left_child=-1 3 -3 -2 9 7 8 -6 -7 -5 11 13 -4 -9
right_child=1 2 12 4 5 6 -8 10 -10 -11 -12 -13 -14 -15
leaf_value=-0.00049601203386712503 -0.00086293420670297482 -0.00095040379484064149 -0.00017196941181829751 -4.2878281028792039e-05 0.00022886976294165273 0.00023637711204129344 0.00060897947166492548 -0.00060951526044466641 -0.00070930484736141748 -0.00077860983655319411 8.5180679037439946e-05 7.5879318892079731e-05 9.3135541297973372e-05 4.5449845201327625e-05
leaf_weight=9689 3021 3866 84896 32117 58073 24400 21328 15935 3315 5497 45860 11639 38923 5978
leaf_count=9689 3021 3866 84896 32117 58073 24400 21328 15935 3315 5497 45860 11639 38923 5978
internal_value=-7.42489e-06 5.92941e-06 -0.000114797 7.37898e-05 8.6453e-05 0.000134257 0.000334453 6.28243e-05 0.000123049 -0.000150578 -5.86161e-05 -0.000255129 -8.86318e-05 -0.000430898
internal_weight=364537 354848 127685 227163 224142 186528 49043 137485 27715 37614 79412 33552 123819 21913
internal_count=364537 354848 127685 227163 224142 186528 49043 137485 27715 37614 79412 33552 123819 21913
is_linear=0
shrinkage=0.03


Tree=159
num_leaves=15
num_cat=0
split_feature=22 23 53 22 23 33 50 5 53 59 34 53 59 53
split_gain=2.5631 3.00006 2.6551 2.11571 2.51852 2.04391 3.31796 1.93581 2.25468 2.76434 2.67712 2.23915 2.2219 1.90813
threshold=-0.27783903580007968 0.10588738099081253 0.46946769320091425 0.27275297175312424 0.32001886822145897 0.34727165717816644 0.16987543394831325 -0.21253139157366033 -0.31827299658565972 -0.32242987766083137 0.45715880039088724 0.023678956375536634 -0.079193762654791347 -0.059742792092153017
decision_type=2 2 2 2 2 2 2 2 2 2 2 2 2 2
left_child=2 5 7 13 -5 -2 -7 11 9 -9 -10 12 -1 -3
right_child=1 3 -4 4 -6 6 -8 8 10 -11 -12 -13 -14 -15
leaf_value=-0.00033599483824221945 0.00010280923225808819 -0.00036151744254374617 0.00052592696526792984 0.00039270140352374417 -4.0460769260840421e-05 0.00084463757290699167 -0.00015513794579254423 0.0010815457447368739 -0.00022386869269041184 -0.00017660189027408492 0.00069318864399946169 -0.00018449285342908326 -0.0013059076480734272 -4.2772318157700126e-05
leaf_weight=4365 134744 28475 4940 15936 49829 8529 4591 3065 45018 3210 3050 13058 4151 41579
leaf_count=4365 134744 28475 4940 15936 49829 8529 4591 3065 45018 3210 3050 13058 4151 41579
internal_value=1.66714e-06 4.41369e-05 -0.000147323 -5.76548e-05 6.45457e-05 0.000137634 0.000494941 -0.000191196 -9.57097e-05 0.000438679 -0.000165548 -0.000431561 -0.000809742 -0.000172366
internal_weight=364540 283683 80857 135819 65765 147864 13120 75917 54343 6275 48068 21574 8516 70054
internal_count=364540 283683 80857 135819 65765 147864 13120 75917 54343 6275 48068 21574 8516 70054
is_linear=0
shrinkage=0.03


Tree=160
num_leaves=15
num_cat=0
split_feature=43 7 47 22 41 23 34 47 41 25 36 51 42 51
split_gain=2.9742 2.54147 2.99955 2.02612 3.11616 3.09899 2.56126 2.55829 3.08784 2.45987 2.41252 2.08588 2.07994 1.99327
threshold=-0.48411796920301525 -0.33343750036621217 0.34005547592504121 -0.29742024411501583 -0.45267116178195593 0.15706292940200642 0.20165019871871617 0.031650122939622945 0.11810147122886529 -0.18620209888480124 -0.14562966001539632 0.29844352017070214 0.45700641125031671 -0.11012145165012692
decision_type=2 2 2 2 2 2 2 2 2 2 2 2 2 2
left_child=-1 2 -2 4 -3 6 -5 10 11 -10 -7 -9 -6 -8
right_child=1 3 -4 5 12 7 13 8 9 -11 -12 -13 -14 -15
leaf_value=-0.00068560069267337587 -0.00029454721093351939 0.00070509072826195087 0.00022386660051872061 0.00010031615155565051 -0.00012038486391747244 -0.00075412589401548579 0.00066192618523199724 0.00062918375676769642 -0.00052938616320663578 0.00010844151201540352 -0.00010777547966353413 -0.00019875562853138013 -0.00089177846521346256 0.00021383428097586211
leaf_weight=5548 42623 3941 13133 105138 52228 5773 14663 13038 7430 20254 51375 3461 3338 22885
leaf_count=5548 42623 3941 13133 105138 52228 5773 14663 13038 7430 20254 51375 3461 3338 22885
internal_value=3.07357e-06 1.37269e-05 -0.00017242 4.79257e-05 -0.00010902 8.62019e-05 0.000176292 -4.06609e-05 0.000130757 -6.28719e-05 -0.000173189 0.000455491 -0.000166877 0.00038895
internal_weight=364828 359280 55756 303524 59507 244017 142686 101331 44183 27684 57148 16499 55566 37548
internal_count=364828 359280 55756 303524 59507 244017 142686 101331 44183 27684 57148 16499 55566 37548
is_linear=0
shrinkage=0.03


Tree=161
num_leaves=15
num_cat=0
split_feature=9 57 65 53 35 52 60 68 53 57 52 9 43 58
split_gain=2.61102 3.94486 3.26715 2.87144 3.17803 2.86247 2.52071 2.32566 2.71347 2.4843 2.68485 3.18186 2.38842 2.3966
threshold=-0.45221545869214258 -0.024127133190706026 -0.082586408327754365 0.47712558465205057 -0.48784428378763206 -0.3697942860574745 0.051589739271315667 -0.20117059999658216 -0.27427431082152193 -0.39005686407547407 0.023833292392290598 0.40645185188615041 -0.20583044495793337 0.14669911114101389
decision_type=2 2 2 2 2 2 2 2 2 2 2 2 2 2
left_child=1 5 6 4 -2 -1 -3 8 -6 -10 -11 12 13 -12
right_child=3 2 -4 -5 7 -7 -8 -9 9 10 11 -13 -14 -15
leaf_value=0.00071659048263842285 -0.0009434882605502574 0.00022365141391748875 -0.0014721590672385023 0.00066389414116681299 0.00045442388957540148 -0.00050268755026027043 -0.00093519371526398873 -3.1374659230904228e-05 -0.00077259524402217351 0.00022783759104332718 -0.0013538176711409438 0.00039599396924404844 -6.6895764143270499e-05 -0.00029976566311941009
leaf_weight=4006 3106 3445 3509 6147 19922 3039 3299 239838 3071 48984 3356 7073 11290 4605
leaf_count=4006 3106 3445 3509 6147 19922 3039 3299 239838 3071 48984 3356 7073 11290 4605
internal_value=3.8764e-06 -0.000355745 -0.000731011 2.17931e-05 1.02075e-05 0.000190664 -0.000343773 1.89954e-05 0.000141881 6.2392e-05 9.65401e-05 -0.000147773 -0.000347661 -0.000745248
internal_weight=364690 17298 10253 347392 341245 7045 6744 338139 98301 78379 75308 26324 19251 7961
internal_count=364690 17298 10253 347392 341245 7045 6744 338139 98301 78379 75308 26324 19251 7961
is_linear=0
shrinkage=0.03


Tree=162
num_leaves=15
num_cat=0
split_feature=44 43 9 52 65 63 65 65 34 47 57 59 21 50
split_gain=2.65101 2.0555 3.49807 2.62253 2.60312 2.42342 3.63493 3.5423 2.48229 2.06899 2.70402 2.03012 1.94028 2.03774
threshold=0.15625750120019208 -0.27346670351792279 -0.079965823204624045 -0.32996401997424618 -0.082586408327754365 -0.066802004454954669 -0.17451896963551911 0.22754038436035814 0.33564884748797141 -0.20023845524203632 0.22099694012706197 -0.13008106408082457 -0.24786916597349101 -0.023970693789038041
decision_type=2 2 2 2 2 2 2 2 2 2 2 2 2 2
left_child=1 2 4 -4 -1 6 11 9 -7 -8 -11 -3 -9 -14
right_child=-2 5 3 -5 -6 8 7 12 -10 10 -12 -13 13 -15
leaf_value=-0.00023960515501083907 -0.00010606174907388159 -0.00066324623347595259 0.00081847615701970274 -2.8088258990867783e-05 -0.0011187111821688771 -3.6564059456966542e-05 0.00025675882576814798 -0.00038471608793715268 0.00039469356159312102 0.00088937286869243768 -6.6956782296464167e-05 5.7958430774129322e-05 0.0004426411620887732 -0.0001749934260372565
leaf_weight=10683 125437 4838 3621 35415 4227 93212 12793 5926 13779 17383 3140 12749 13875 7347
leaf_count=10683 125437 4838 3621 35415 4227 93212 12793 5926 13779 17383 3140 12749 13875 7347
internal_value=5.61907e-06 6.42387e-05 -9.86955e-05 5.0629e-05 -0.000489415 0.000111742 0.000238842 0.000349244 1.90078e-05 0.000556479 0.000743094 -0.000140702 9.48145e-05 0.000228836
internal_weight=364425 238988 53946 39036 14910 185042 78051 60464 106991 33316 20523 17587 27148 21222
internal_count=364425 238988 53946 39036 14910 185042 78051 60464 106991 33316 20523 17587 27148 21222
is_linear=0
shrinkage=0.03


Tree=163
num_leaves=15
num_cat=0
split_feature=65 39 63 35 2 23 22 69 1 1 34 64 69 50
split_gain=2.71251 2.50473 2.56371 3.01592 3.50811 2.98936 2.8913 3.42417 2.83064 4.19975 2.57964 2.55372 2.5442 3.40754
threshold=-0.47963364028288163 0.42608822652649819 0.31568995807997002 0.38764375413086588 0.44101420470529917 0.26206996850614839 -0.22673559255527789 -0.45671318731020222 -0.18025698342072616 -0.079574698237448435 0.2610489427912534 -0.44816390113347798 0.0080844507856222009 -0.11011714224742393
decision_type=2 2 2 2 2 2 2 2 2 2 2 2 2 2
left_child=-1 2 3 4 5 6 7 -2 -7 -10 -8 -4 13 -13
right_child=1 -3 11 -5 -6 8 10 -9 9 -11 -12 12 -14 -15
leaf_value=0.00057281769500858008 0.00081440092370652138 0.00026898330655320153 -0.00075462769807675884 0.0003362820543407432 -0.0006787554752019189 -0.00049071410359429629 7.0999630953974088e-05 -0.00017004888172893778 0.00048119763253013384 -0.00026418668698083682 0.0004359642649793096 0.0010341992121045962 -0.00025231849868972669 -8.8192369806779273e-05
leaf_weight=7261 3349 26344 6919 22556 7184 19777 106175 59671 9837 21998 20845 3484 41070 8023
leaf_count=7261 3349 26344 6919 22556 7184 19777 106175 59671 9837 21998 20845 3484 41070 8023
internal_value=-8.1566e-07 -1.24909e-05 -3.49082e-05 4.1929e-06 -2.5922e-05 -6.48679e-06 4.85031e-05 -0.000117612 -0.000208935 -3.37845e-05 0.000130923 -0.000213239 -0.000141864 0.00025224
internal_weight=364493 357232 330888 271392 248836 241652 190040 63020 51612 31835 127020 59496 52577 11507
internal_count=364493 357232 330888 271392 248836 241652 190040 63020 51612 31835 127020 59496 52577 11507
is_linear=0
shrinkage=0.03


Tree=164
num_leaves=15
num_cat=0
split_feature=65 60 43 28 53 51 65 58 60 57 33 32 35 55
split_gain=2.65873 4.71495 4.90994 5.65614 4.07664 3.33358 5.21455 4.04542 6.40454 3.17823 3.21064 4.44251 2.72515 2.67885
threshold=0.24702000701406993 -1.0000000180025095e-35 0.055162984923801679 -0.23569780145084915 -0.26638755621438076 -0.0040159445871530133 0.14144939037064821 -0.2397704149724241 0.13920926043294066 0.40658741514022106 0.20894118506981005 0.21622092147858166 0.3837856090978044 0.1839471396278908
decision_type=2 2 2 2 2 2 2 2 2 2 2 2 2 2
left_child=5 -2 4 -4 -3 9 7 8 -7 10 11 13 -9 -1
right_child=1 2 3 -5 -6 6 -8 12 -10 -11 -12 -13 -14 -15
leaf_value=9.8894662431682145e-05 4.015119070181182e-05 -0.00027395034973006464 0.001040059597886037 -0.00030812139775814208 -0.0012501452302988972 -0.0012300830996080675 0.00041251066386471796 -0.00010738073857733561 -0.00017051977843750919 -0.00028219731009027831 0.00052884663569711888 -0.00056807964449907778 0.00033814787898655619 0.00048891513352335419
leaf_weight=70418 54004 7073 3263 19402 8458 7082 18435 79787 18614 13583 22052 7596 14610 20446
leaf_count=70418 54004 7073 3263 19402 8458 7082 18435 79787 18614 13583 22052 7596 14610 20446
internal_value=-1.02465e-06 -0.000140278 -0.000395324 -0.000113655 -0.000806037 4.60737e-05 -5.71373e-05 -0.000129259 -0.000462908 0.000152693 0.000201729 0.000128419 -3.83969e-05 0.0001867
internal_weight=364823 92200 38196 22665 15531 272623 138528 120093 25696 134095 120512 98460 94397 90864
internal_count=364823 92200 38196 22665 15531 272623 138528 120093 25696 134095 120512 98460 94397 90864
is_linear=0
shrinkage=0.03


Tree=165
num_leaves=15
num_cat=0
split_feature=23 63 52 52 66 35 42 20 8 17 15 7 50 54
split_gain=3.13052 2.51992 3.35504 2.14482 3.07508 2.53518 2.24321 2.32591 2.10201 1.95743 1.8955 1.89195 2.04883 1.81541
threshold=-0.024179021453424179 0.29219388003533697 -0.40550497042926775 0.015996466864621476 0.33950971020056198 0.46531621997261052 -0.40023001915283107 -0.25173812516112398 -0.070598028337539406 0.37380832435178668 0.24956369451001295 -0.43225464975982875 -0.38086000612027837 -0.34500611280621729
decision_type=2 2 2 2 2 2 2 2 2 2 2 2 2 2
left_child=1 8 -3 5 6 10 -5 -8 11 -10 -2 -1 -13 -9
right_child=3 2 -4 4 -6 -7 7 13 9 -11 -12 12 -14 -15
leaf_value=-0.00044399581993339172 3.0019393921227575e-05 0.00061735442924440388 -0.00026064038730035848 0.00053013612295710018 -0.00067451716381629172 0.00068236406365330645 -0.00050236320038640932 -0.00051175671146262518 -4.7756316018078339e-05 0.00039490603904581437 -0.00029861340846442259 -0.00016001079673473305 0.00035644573893822918 -3.3467108788901515e-05
leaf_weight=3317 73518 4462 31573 4203 11171 4569 16046 8229 60845 10539 20108 7920 54100 53667
leaf_count=3317 73518 4462 31573 4203 11171 4569 16046 8229 60845 10539 20108 7920 54100 53667
internal_value=-2.12279e-05 7.13675e-05 -0.000151782 -0.000104755 -0.000207735 -6.88044e-06 -0.000144182 -0.000180608 0.000130189 1.76437e-05 -4.05852e-05 0.000253129 0.000290479 -9.71275e-05
internal_weight=364267 172756 36035 191511 93316 98195 82145 77942 136721 71384 93626 65337 62020 61896
internal_count=364267 172756 36035 191511 93316 98195 82145 77942 136721 71384 93626 65337 62020 61896
is_linear=0
shrinkage=0.03


Tree=166
num_leaves=15
num_cat=0
split_feature=65 44 51 65 65 59 60 53 52 65 63 18 59 36
split_gain=4.01913 2.30428 1.96885 4.34962 4.02817 3.98826 4.96101 3.02606 3.88891 3.16442 3.10511 3.36586 4.01751 2.88202
threshold=-0.4878527325669601 0.36742725933462766 0.38631278002240188 0.42267592828674572 0.35584528621253181 -0.36220694917945578 -0.003887062495849108 -0.28626163912423447 0.0081097638069383988 -0.047745681126188287 0.21750773712577334 -0.24106397657723183 -0.44900934827198863 -0.070028460773453829
decision_type=2 2 2 2 2 2 2 2 2 2 2 2 2 2
left_child=-1 2 3 7 -4 -5 -7 9 -9 -2 11 -11 -13 -14
right_child=1 -3 4 5 -6 6 -8 8 -10 10 -12 12 13 -15
leaf_value=0.00090563454808838555 0.00098083475494064351 -0.00020612410379306314 0.00010409513771107597 0.00010481927546266564 0.0010548758477175247 -0.00024106758367532013 -0.001370189466412292 7.2582662032817893e-05 -0.00020036413514613782 -0.00021695350137689503 -0.00038029759391710976 0.0013620105665337397 0.00067165903465922527 -1.3351370548932529e-05
leaf_weight=4346 4713 47354 29458 8733 4633 8495 5955 136224 71699 9002 7756 3757 10241 11996
leaf_count=4346 4713 47354 29458 8733 4633 8495 5955 136224 71699 9002 7756 3757 10241 11996
internal_value=-1.64348e-07 -1.11237e-05 1.84156e-05 -7.92312e-06 0.000233579 -0.000401286 -0.000707017 2.77989e-05 -2.15439e-05 0.000243907 0.000162457 0.00028282 0.000455913 0.000302283
internal_weight=364362 360016 312662 278571 34091 23183 14450 255388 207923 47465 42752 34996 25994 22237
internal_count=364362 360016 312662 278571 34091 23183 14450 255388 207923 47465 42752 34996 25994 22237
is_linear=0
shrinkage=0.03


Tree=167
num_leaves=15
num_cat=0
split_feature=47 1 38 38 47 57 36 42 33 36 36 47 69 36
split_gain=3.17779 3.12131 2.24177 3.38925 2.13042 3.56486 4.58992 4.97866 5.97094 4.50491 5.21974 3.62784 3.43362 3.89739
threshold=-0.4528007408630666 0.29159368094477017 -0.023041833088080717 -0.044403330985887467 0.11084460938826525 -1.0000000180025095e-35 -0.14053855452401329 0.23545649711783903 1.0000000180025095e-35 -0.06845549688910256 0.37363627935095162 -0.34628024734528107 0.12990087883090987 -0.11897829513036882
decision_type=2 2 2 2 2 2 2 2 2 2 2 2 2 2
left_child=-1 4 3 -3 5 6 11 9 -9 -8 -11 -2 -6 -14
right_child=1 2 -4 -5 12 -7 7 8 -10 10 -12 -13 13 -15
leaf_value=-0.0004076678119158469 -0.0013058502028771447 -7.6010617672333703e-05 -0.00028959783079121989 0.00087495947171942494 0.00037300076561593877 -0.00015756101993816352 0.00051031258725821142 -0.0011317490571704516 0.00041824496777134284 -0.00010172678262555745 0.00066376633376625475 -0.00013811987278447807 0.0005204209444076292 -0.00013197387529996762
leaf_weight=16568 3020 26724 44532 3850 44116 72876 37201 5251 3884 36259 10282 11430 10482 38408
leaf_count=16568 3020 26724 44532 3850 44116 72876 37201 5251 3884 36259 10282 11430 10482 38408
internal_value=-1.85888e-06 1.7455e-05 -0.000153815 4.39863e-05 6.45417e-05 4.3554e-06 0.000114303 0.000191692 -0.000472989 0.000264247 6.74949e-05 -0.000382906 0.000181142 7.97718e-06
internal_weight=364883 348315 75106 30574 273209 180203 107327 92877 9135 83742 46541 14450 93006 48890
internal_count=364883 348315 75106 30574 273209 180203 107327 92877 9135 83742 46541 14450 93006 48890
is_linear=0
shrinkage=0.03


Tree=168
num_leaves=15
num_cat=0
split_feature=9 52 19 9 50 39 47 41 19 19 36 36 66 18
split_gain=2.25296 3.0241 2.95838 2.90539 2.6399 2.08892 2.17406 4.53075 2.91939 2.91229 2.63263 3.70112 4.018 2.34673
threshold=-0.45221545869214258 -0.37774234998070416 -0.18570587740687797 0.1054729204604118 -0.074680193831363581 0.15677158603657435 0.083116712655517913 0.12990087883090987 -0.38969766891399382 -0.27619694935951178 -0.05118731548302443 -0.14562966001539632 0.40675163075135595 -0.18488559036865321
decision_type=2 2 2 2 2 2 2 2 2 2 2 2 2 2
left_child=2 3 -1 4 -2 6 8 13 -3 -9 11 -11 -13 -8
right_child=1 5 -4 -5 -6 -7 7 9 -10 10 -12 12 -14 -15
leaf_value=0.00021911985300440473 -0.00016116168849523126 0.00020448962931895456 -0.00061566121883724649 0.0011424583551014438 0.00040963754772413267 9.0807410590800373e-05 1.6845666892263288e-05 -0.00075634253901819088 -0.00021376893588610402 0.00049088377288823855 0.00025206821072270175 -0.00018628320574417891 -0.0011642104037358372 0.00054048652808303017
leaf_weight=5714 11774 17546 11496 3186 19129 107669 13018 5871 103992 5378 16778 19123 4705 18857
leaf_count=5714 11774 17546 11496 3186 19129 107669 13018 5871 103992 5378 16778 19123 4705 18857
internal_value=-3.59563e-06 1.30242e-05 -0.000338534 0.000281305 0.000192182 -1.62084e-05 -7.23429e-05 4.52826e-05 -0.000153375 -0.000127733 -4.7328e-05 -0.00021935 -0.000379789 0.0003267
internal_weight=364236 347026 17210 34089 30903 312937 205268 83730 121538 51855 45984 29206 23828 31875
internal_count=364236 347026 17210 34089 30903 312937 205268 83730 121538 51855 45984 29206 23828 31875
is_linear=0
shrinkage=0.03


Tree=169
num_leaves=15
num_cat=0
split_feature=28 53 53 51 9 57 36 36 55 33 33 57 56 3
split_gain=2.42481 2.91226 3.77443 4.07258 3.26116 3.83056 2.83616 2.74201 2.56686 2.95511 4.90374 2.35828 2.41963 2.22379
threshold=0.18866776677667771 -0.28237294391844103 -0.13944229842147846 -0.090555721591286428 0.46884100965013964 -0.27600251925257319 -0.085008674281173216 -0.13030489649509486 0.07028956396748233 0.17346618697667274 -0.023221093466645717 -0.3704793575616418 0.4730724349325035 0.3480129477180256
decision_type=2 2 2 2 2 2 2 2 2 2 2 2 2 2
left_child=1 6 4 -4 5 -3 7 -1 9 10 -8 -5 13 -13
right_child=-2 2 3 11 -6 -7 8 -9 -10 -11 -12 12 -14 -15
leaf_value=9.9378668782850032e-05 -0.00012257246825934552 0.00025789841072092011 0.0002379083652119109 -0.00078592292771707405 0.00065066780572692546 -0.00053723162129350893 7.5999142591326782e-05 0.00083300883620905544 0.00038289173035531681 0.00041557909256669168 -0.0011489569435889206 -7.112794069764898e-05 -0.00063806376713153551 0.00031136090164878401
leaf_weight=7688 113569 6884 65475 3933 3062 26126 7165 11362 13516 5412 4978 72643 5662 16844
leaf_count=7688 113569 6884 65475 3933 3062 26126 7165 11362 13516 5412 4978 72643 5662 16844
internal_value=-7.57538e-06 4.45116e-05 -6.59307e-06 5.43332e-05 -0.000284471 -0.000371385 0.000249039 0.000537146 7.22808e-05 -0.000166948 -0.000426702 -6.6988e-05 -3.71912e-05 8.9409e-07
internal_weight=364319 250750 200629 164557 36072 33010 50121 19050 31071 17555 12143 99082 95149 89487
internal_count=364319 250750 200629 164557 36072 33010 50121 19050 31071 17555 12143 99082 95149 89487
is_linear=0
shrinkage=0.03


Tree=170
num_leaves=15
num_cat=0
split_feature=58 33 33 50 50 9 18 52 58 58 3 49 33 17
split_gain=2.47483 7.40458 27.3338 6.70502 6.08141 3.47835 3.34373 3.27904 3.38257 3.04505 3.25268 3.01091 8.78643 4.7253
threshold=0.15445450735850594 -0.027155310354954717 1.0000000180025095e-35 0.20523131561588689 0.055356068420147848 0.16405739379084969 -0.28778511314744021 -0.31408613342874797 -0.22829975963072469 0.10303413885692365 0.26591176650525772 -0.29348764518372145 1.0000000180025095e-35 0.10625806828728147
decision_type=2 2 2 2 2 2 2 2 2 2 2 2 2 2
left_child=7 -2 3 5 6 -3 -4 8 -1 10 -10 12 13 -9
right_child=1 2 4 -5 -6 -7 -8 11 9 -11 -12 -13 -14 -15
leaf_value=-0.00014898000925652233 -0.00017536292273168008 0.00048069527763766113 -0.00058532446932060519 0.0022951373331230231 -0.00031028054633256905 0.0016365464443052358 0.0004185694744998714 -0.00067687051709454903 0.0003031778899338965 -0.00052054200744621349 0.0011402799088037117 -6.9302102660559925e-05 -1.8212306166592307e-05 -0.0021551815436796746
leaf_weight=18936 50092 5584 3361 5326 28394 4043 26210 5462 20534 3098 5239 168511 16481 3026
leaf_count=18936 50092 5584 3361 5326 28394 4043 26210 5462 20534 3098 5239 168511 16481 3026
internal_value=-4.06652e-06 0.000105441 0.00029834 0.00144147 3.25234e-06 0.000967306 0.000304309 -5.98962e-05 0.000162566 0.000366884 0.000473716 -0.00011487 -0.000422247 -0.00120581
internal_weight=364297 123010 72918 14953 57965 9627 29571 241287 47807 28871 25773 193480 24969 8488
internal_count=364297 123010 72918 14953 57965 9627 29571 241287 47807 28871 25773 193480 24969 8488
is_linear=0
shrinkage=0.03


Tree=171
num_leaves=15
num_cat=0
split_feature=35 65 25 33 32 65 51 60 33 8 47 60 42 58
split_gain=3.36303 2.60379 2.38389 2.96908 3.41284 2.52177 3.78011 2.76206 3.48492 2.30419 2.23778 2.77269 2.70942 4.31889
threshold=-0.48784428378763206 -0.4878527325669601 -0.25012394694259699 0.18932721086774465 0.21622092147858166 0.42267592828674572 0.35027181138653357 0.087541954233765665 0.0082629428396692201 0.41125974952586364 -0.19228875506571219 0.19441417537805147 -0.075314334496168936 -0.098196763642623489
decision_type=2 2 2 2 2 2 2 2 2 2 2 2 2 2
left_child=-1 -2 3 4 -3 9 7 8 -7 10 11 12 -4 -14
right_child=1 2 5 -5 -6 6 -8 -9 -10 -11 -12 -13 13 -15
leaf_value=-0.00083621785888479704 0.00075576331913435589 -0.00015961648551012872 -2.2016468054250537e-05 0.00024140305641120086 -0.001053841791851987 -0.00071114078285795866 0.00069016805357898598 -0.0010186067832704555 0.00028515182288388352 -0.00018996960608763891 0.00017242136187999314 0.00025027224765920099 -0.00099541605570278272 0.00012036241477028313
leaf_weight=4215 4212 68772 32861 16020 4059 6092 3159 5161 6545 25835 153659 20923 7561 5310
leaf_count=4215 4212 68772 32861 16020 4059 6092 3159 5161 6545 25835 153659 20923 7561 5310
internal_value=5.2573e-06 1.51279e-05 6.34305e-06 -0.000128258 -0.000209591 5.11203e-05 -0.000264715 -0.000434492 -0.00019532 7.802e-05 0.000109453 -3.57117e-05 -0.000166579 -0.00053536
internal_weight=364384 360169 355957 88851 72831 267106 20957 17798 12637 246149 220314 66655 45732 12871
internal_count=364384 360169 355957 88851 72831 267106 20957 17798 12637 246149 220314 66655 45732 12871
is_linear=0
shrinkage=0.03


Tree=172
num_leaves=15
num_cat=0
split_feature=22 23 53 23 22 34 53 59 61 10 41 41 58 47
split_gain=2.18351 3.21015 2.56222 2.69432 2.81518 2.72611 2.4674 2.41198 2.59808 2.35571 2.34424 2.08886 2.30195 1.90254
threshold=0.17938291962107963 0.32001886822145897 0.46542400353858515 0.15706292940200642 -0.29742024411501583 0.28050189255107894 0.13412595410038294 0.0080736654750943621 0.43735565511907626 -0.28966677508720368 0.24033965122183445 0.016084746408849552 -0.34623752001319136 -0.46441606784728434
decision_type=2 2 2 2 2 2 2 2 2 2 2 2 2 2
left_child=2 7 3 4 -1 13 11 -2 9 -9 -11 12 -5 -6
right_child=1 -3 -4 6 5 -7 -8 8 -10 10 -12 -13 -14 -15
leaf_value=-0.00018127258112008053 0.00012147599179153213 -5.0368741777057024e-05 0.00043013059754557116 0.00046741533653711355 -0.00073447311239948059 0.00035866490530328548 -1.2428657316969035e-05 7.4240314871669517e-05 -0.00028973238660438057 0.0011463605682964935 0.00032651323378023845 -0.00078328539056567799 -0.00045171559076623708 1.8987092868689613e-05
leaf_weight=65089 38336 57188 9723 3248 3095 22733 17357 4703 3060 8766 4903 11123 9917 105409
leaf_count=65089 38336 57188 9723 3248 3095 22733 17357 4703 3060 8766 4903 11123 9917 105409
internal_value=3.47894e-06 0.000110307 -4.69655e-05 -6.64759e-05 -1.99784e-05 6.00256e-05 -0.00028562 0.000264029 0.000518843 0.000653602 0.000852739 -0.000480766 -0.00022477 -2.57053e-06
internal_weight=364650 116956 247694 237971 196326 131237 41645 59768 21432 18372 13669 24288 13165 108504
internal_count=364650 116956 247694 237971 196326 131237 41645 59768 21432 18372 13669 24288 13165 108504
is_linear=0
shrinkage=0.03


Tree=173
num_leaves=15
num_cat=0
split_feature=47 24 20 50 33 57 66 52 22 50 8 36 66 25
split_gain=3.16617 3.51946 2.64391 2.59318 2.67789 3.05126 2.51158 2.65268 2.38714 2.2164 2.45017 2.16732 2.1571 2.09255
threshold=-0.4604760454859676 0.070849007805887335 0.39748580872516709 -0.35705864693631201 0.27984523788983767 0.36705001101564227 -0.4332023504543106 -0.10367084530900526 0.22986323319646731 0.22105404869200471 0.20750422519915565 -0.11423989108123293 0.47708341413098437 -0.23003783850653875
decision_type=2 2 2 2 2 2 2 2 2 2 2 2 2 2
left_child=-1 3 12 -2 6 9 -5 -8 -9 10 11 -6 13 -3
right_child=1 2 -4 4 5 -7 7 8 -10 -11 -12 -13 -14 -15
leaf_value=-0.00045822004489877324 -0.00014905858932267598 -0.00031415361178154243 0.0002511796747507618 0.00055762358125780256 0.0015740187863801265 -0.00041114031187141476 0.00020872015643977083 -0.00017639654553980443 0.00020743697380780465 -0.00018711568457870588 0.00017572005589797931 0.00068062749141217034 -0.00084068663791722132 -5.2067749901215866e-05
leaf_weight=13923 34240 38231 16876 9480 3398 3343 54890 51686 20303 3018 5666 8766 3904 96891
leaf_count=13923 34240 38231 16876 9480 3398 3343 54890 51686 20303 3018 5666 8766 3904 96891
internal_value=-1.47074e-05 2.91329e-06 -0.000103315 8.79347e-05 0.000138484 0.000429308 8.68618e-05 5.16468e-05 -6.81305e-05 0.000564208 0.000691414 0.000931283 -0.000146361 -0.000126239
internal_weight=364615 350692 155902 194790 160550 24191 136359 126879 71989 20848 17830 12164 139026 135122
internal_count=364615 350692 155902 194790 160550 24191 136359 126879 71989 20848 17830 12164 139026 135122
is_linear=0
shrinkage=0.03


Tree=174
num_leaves=15
num_cat=0
split_feature=47 7 36 53 33 36 50 33 33 33 69 58 66 9
split_gain=2.46974 2.54964 2.33074 2.50648 2.78321 2.15555 2.0331 2.46761 2.52337 3.42273 2.23575 3.56144 3.16314 3.07329
threshold=-0.41731810829955734 -0.29761566366171249 -0.12482401406701597 -0.083828800486394364 0.0041415186178438987 -0.14562966001539632 -0.38086000612027837 0.21701524005622339 -0.011777428190202914 1.0000000180025095e-35 -0.070988274653849867 -0.29916122564241865 0.36329992692787783 -0.14300133320129316
decision_type=2 2 2 2 2 2 2 2 2 2 2 2 2 2
left_child=5 2 3 -2 -5 -1 7 8 -3 -10 -8 -12 -13 -14
right_child=1 6 -4 4 -6 -7 10 -9 9 -11 11 12 13 -15
leaf_value=-0.00103679070736021 -0.00036169476239712701 -7.4701557205901443e-05 -0.00026172356253742284 0.00081047113540536325 -0.00015411034536620452 -0.00018975451540892459 0.00020910044910955726 0.00016869651000111293 -0.0014484007635270255 -0.00023505988510427449 -0.00026681346965212255 0.00014797371493341127 -0.0010150310217096545 -7.1593042244488741e-05
leaf_weight=3007 5723 10156 48932 6488 4592 26148 80643 11256 3767 4702 32144 108240 3992 13912
leaf_count=3007 5723 10156 48932 6488 4592 26148 80643 11256 3767 4702 32144 108240 3992 13912
internal_value=-1.26737e-05 1.04078e-05 -0.000157056 0.000147721 0.000410931 -0.000277442 5.13635e-05 -0.000181897 -0.000393755 -0.000775824 8.05418e-05 1.5036e-05 8.68723e-05 -0.000282398
internal_weight=363702 334547 65735 16803 11080 29155 268812 29881 18625 8469 238931 158288 126144 17904
internal_count=363702 334547 65735 16803 11080 29155 268812 29881 18625 8469 238931 158288 126144 17904
is_linear=0
shrinkage=0.03


Tree=175
num_leaves=15
num_cat=0
split_feature=47 1 36 36 53 36 21 52 32 15 59 47 69 53
split_gain=2.42843 2.89292 2.06663 2.07181 2.81784 2.63003 2.02391 2.48308 2.25934 2.0406 1.84774 2.24368 3.69159 3.72053
threshold=-0.41731810829955734 0.15423171851369269 -0.14562966001539632 -0.027945603248189784 -0.27041253394561704 0.34935263145269624 0.31450913461943902 0.44561216790130015 -0.28344161802488715 0.094688264456194951 -0.47243738336690283 0.10687350991928958 0.15378478079619398 -0.28237294391844103
decision_type=2 2 2 2 2 2 2 2 2 2 2 2 2 2
left_child=2 10 -1 4 -4 -5 7 8 -3 -8 -2 -12 13 -13
right_child=1 6 3 5 -6 -7 9 -9 -10 -11 11 12 -14 -15
leaf_value=-0.0010038553692326322 0.00065326372188378448 0.00015460594412755173 0.00066914327252666104 -0.0011167351037869083 -0.00020908183036254279 -6.3008598114687353e-05 0.00071569189246827882 -0.00081261870400622016 -0.00021114594020740383 1.5246190259449223e-05 3.2523085860811104e-06 0.0011607334251107365 -2.4414324169736743e-05 0.00029197154165457072
leaf_weight=3022 5078 19765 4378 4015 13108 4535 4463 5018 65718 22948 137983 5066 33591 35343
leaf_count=3022 5078 19765 4378 4015 13108 4535 4463 5018 65718 22948 137983 5066 33591 35343
internal_value=4.92661e-07 2.3317e-05 -0.000262538 -0.000176141 1.10577e-05 -0.000558555 -9.62959e-05 -0.000164695 -0.00012657 0.000129511 8.82947e-05 7.47308e-05 0.000207994 0.000401147
internal_weight=364031 334973 29058 26036 17486 8550 117912 90501 85483 27411 217061 211983 74000 40409
internal_count=364031 334973 29058 26036 17486 8550 117912 90501 85483 27411 217061 211983 74000 40409
is_linear=0
shrinkage=0.03


Tree=176
num_leaves=15
num_cat=0
split_feature=63 57 18 39 21 23 43 66 42 43 67 43 66 36
split_gain=2.15622 3.6373 6.66515 3.47668 2.96617 3.56386 2.8197 2.33115 2.15224 4.05996 3.22813 3.00064 2.08193 4.12735
threshold=-0.070834568267140893 -0.40951684190091248 0.015859700815321679 0.17662556480462779 0.12617585969569597 0.36301701388428442 -0.10662372960469708 -0.36236375137731219 -0.41211674290992284 -0.38829785879542839 -0.38858951510157852 -0.46803655591744553 0.27986932393097524 -0.13567844522417394
decision_type=2 2 2 2 2 2 2 2 2 2 2 2 2 2
left_child=4 2 -2 -4 6 7 -1 -6 11 -10 -11 -3 -12 -14
right_child=1 8 3 -5 5 -7 -8 -9 9 10 12 -13 13 -15
leaf_value=-0.0001917281115472418 0.0001360170257514737 -0.00038936414102862672 -0.0014425612376174366 -0.00019565395462955672 0.00093510841795812864 -0.00022251215984995753 0.00013623113281962179 0.00029658120995033806 -0.00071212809993766786 0.0004700050524782654 3.4100218719521919e-06 0.00059226336313308859 0.00053489856331103694 -0.00044415417932510304
leaf_weight=41914 8584 3780 6068 3014 5852 11067 53955 42339 7779 11652 129659 10765 4637 23355
leaf_count=41914 8584 3780 6068 3014 5852 11067 53955 42339 7779 11652 129659 10765 4637 23355
internal_value=1.12241e-05 -5.16001e-05 -0.000463375 -0.00102943 9.59826e-05 0.000262819 -7.15794e-06 0.000374298 -1.36165e-05 -4.24377e-05 -1.16271e-05 0.000337063 -4.72521e-05 -0.000281837
internal_weight=364420 209293 17666 9082 155127 59258 95869 48191 191627 177082 169303 14545 157651 27992
internal_count=364420 209293 17666 9082 155127 59258 95869 48191 191627 177082 169303 14545 157651 27992
is_linear=0
shrinkage=0.03


Tree=177
num_leaves=15
num_cat=0
split_feature=1 65 58 1 46 45 33 33 59 3 65 33 18 33
split_gain=2.36118 2.62774 2.22424 2.1537 3.16606 2.64446 2.5823 5.51328 2.46265 2.22803 2.37943 2.23159 2.17854 2.03711
threshold=0.16874496068861397 0.47316994224847053 -0.47259040473622238 -0.26783617670868426 -0.27365576459410762 0.28267801247813368 -0.027155310354954717 0.059302606177606139 -0.46068786603736028 0.090022722471545372 0.074745597785620024 -1.0000000180025095e-35 0.0038298052039317802 0.47264610267122836
decision_type=2 2 2 2 2 2 2 2 2 2 2 2 2 2
left_child=3 2 -2 4 6 9 -1 -8 -5 10 -6 -12 -11 -4
right_child=1 -3 13 8 5 -7 7 -9 -10 12 11 -13 -14 -15
leaf_value=-0.00027551399036002247 -0.00087374864567045887 -0.000914161193513512 -8.9006984917328001e-05 0.00066756996132866957 -0.00023399213224436523 0.00029529351192518678 0.0016295892207158502 9.126407533031356e-05 8.0133667834755447e-05 0.0004283850541463791 -0.00039224803837480609 -0.0012483760079861851 -0.00031994396913941151 0.00065027546280936046
leaf_weight=5030 3143 3568 105315 6650 14077 7444 3002 6905 180546 5744 5460 5518 8933 3455
leaf_count=5030 3143 3568 105315 6650 14077 7444 3002 6905 180546 5744 5460 5518 8933 3455
internal_value=-1.69923e-06 -0.000113838 -8.82427e-05 5.02464e-05 -0.000102816 -0.000223331 0.000277703 0.000558578 0.000101036 -0.000320547 -0.000492434 -0.000823318 -2.69852e-05 -6.54666e-05
internal_weight=364790 115481 111913 249309 62113 47176 14937 9907 187196 39732 25055 10978 14677 108770
internal_count=364790 115481 111913 249309 62113 47176 14937 9907 187196 39732 25055 10978 14677 108770
is_linear=0
shrinkage=0.03


Tree=178
num_leaves=15
num_cat=0
split_feature=2 50 21 57 52 3 60 5 18 7 57 20 57 39
split_gain=3.08185 2.95759 3.27082 3.09978 2.95143 3.88997 3.1034 2.77501 2.35183 2.25506 2.31736 2.21363 2.08379 2.07911
threshold=0.44101420470529917 -0.38086000612027837 0.29502428615217752 -0.41729935593918183 -0.22277828892943724 -0.42492821588711999 0.48072705843135388 -0.23603521430846447 -0.29562917879435657 0.33337671351726539 -0.39414145006250262 -0.46445831792436298 -0.29953842815282056 0.46929176899721253
decision_type=2 2 2 2 2 2 2 2 2 2 2 2 2 2
left_child=1 7 4 -4 5 -3 13 -1 -5 10 -7 -12 -13 -6
right_child=-2 2 3 8 6 9 -8 -9 -10 -11 11 12 -14 -15
leaf_value=-0.00071395857290260155 -0.00035780005267351325 -0.00037936611877241542 0.0011761392950888504 -0.00041864276882478026 -6.2020523137749204e-05 -0.00063722471147939985 -0.00092507895661008972 -0.00010270011436680085 0.00027600559768259147 0.00062945127398532222 -0.00054606858381446056 0.00095937745808751028 0.00020865640662927199 0.0006872958619313377
leaf_weight=8329 21574 10311 3141 4883 170805 3045 3693 33711 42447 11459 3205 3608 41658 3389
leaf_count=8329 21574 10311 3141 4883 170805 3045 3693 33711 42447 11459 3205 3608 41658 3389
internal_value=-1.00759e-05 1.17615e-05 4.4618e-05 0.00026497 3.31413e-07 0.000160537 -6.56756e-05 -0.000223944 0.000204266 0.000248983 0.000164247 0.000214717 0.000268693 -4.74037e-05
internal_weight=365258 343684 301644 50471 251173 73286 177887 42040 47330 62975 51516 48471 45266 174194
internal_count=365258 343684 301644 50471 251173 73286 177887 42040 47330 62975 51516 48471 45266 174194
is_linear=0
shrinkage=0.03


Tree=179
num_leaves=15
num_cat=0
split_feature=23 29 66 65 43 24 36 36 33 29 36 36 36 47
split_gain=2.92731 2.76487 2.79974 2.49085 2.94803 2.81896 2.35076 3.38203 2.21867 2.72476 3.06018 2.72259 4.1396 3.07691
threshold=0.26206996850614839 -0.21045026405145872 -0.29491343846040946 0.344036793803149 0.023821345817373666 -0.18654220361665402 0.37363627935095162 -0.00662044802379566 -0.023221093466645717 0.3488338927287441 -0.14128269153804657 -0.11897829513036882 -0.10988091816203342 -0.31833713593531837
decision_type=2 2 2 2 2 2 2 2 2 2 2 2 2 2
left_child=1 -1 6 8 5 -5 7 -3 9 10 -4 13 -13 -10
right_child=-2 2 3 4 -6 -7 -8 -9 11 -11 -12 12 -14 -15
leaf_value=-0.00011343572849322717 -0.00016150131053120327 0.00034431689375337773 0.00062589034288778505 -0.00020159645154787641 9.3053945114984055e-05 -0.0013053970751602173 0.00092906706951663832 -0.00051412351590301726 -0.00088194580613648761 -0.00062974913191232577 -7.8295177026581635e-05 0.001195274621774582 0.00020684468885140241 5.8140506503632793e-05
leaf_weight=77690 86406 31927 6360 4596 8358 3804 4955 4735 3978 6757 43354 4052 62487 14618
leaf_count=77690 86406 31927 6360 4596 8358 3804 4955 4735 3978 6757 43354 4052 62487 14618
internal_value=-9.01787e-06 3.84362e-05 9.74392e-05 3.98879e-05 -0.00030586 -0.000702418 0.000316375 0.000233337 8.08233e-05 -6.49738e-05 1.19003e-05 0.000177528 0.000267207 -0.000143326
internal_weight=364077 277671 199981 158364 16758 8400 41617 36662 141606 56471 49714 85135 66539 18596
internal_count=364077 277671 199981 158364 16758 8400 41617 36662 141606 56471 49714 85135 66539 18596
is_linear=0
shrinkage=0.03


Tree=180
num_leaves=15
num_cat=0
split_feature=9 30 16 16 65 52 60 65 59 42 60 21 57 64
split_gain=2.61684 3.42716 3.17185 2.94975 3.40484 2.37449 3.74402 3.67922 5.66994 4.22087 3.24241 2.8591 4.29706 2.69001
threshold=-0.4125623801532381 -0.094909639952835093 0.083352794644247288 -0.21285559307199506 -0.082586408327754365 -0.1076239759083676 0.19441417537805147 -0.21478878852990721 -0.083006165672607504 0.019706673995584737 0.48467527646623226 0.23215322386364975 -0.3744654058474215 -0.2300235220626444
decision_type=2 2 2 2 2 2 2 2 2 2 2 2 2 2
left_child=1 2 -1 -3 -5 6 7 8 -2 -9 11 -7 -13 -11
right_child=5 3 -4 4 -6 10 -8 9 -10 13 -12 12 -14 -15
leaf_value=0.00031991959991740541 -0.00095510259706163504 -0.0012185261836881308 -0.00072039031770614211 6.196411823628115e-05 -0.00094022982113135139 -0.00010112032793208018 0.00037334742871435422 -8.2308534366656337e-05 -2.3678048401440339e-05 -0.00019601565760527653 -0.00097235935705179916 0.00081268067815998529 4.9764818897478717e-05 0.00069545812857360026
leaf_weight=11049 7362 4446 3454 7947 4941 147929 37313 22183 29105 3774 3311 7480 58874 15708
leaf_count=11049 7362 4446 3454 7947 4941 147929 37313 22183 29105 3774 3311 7480 58874 15708
internal_value=-8.64347e-06 -0.000268447 7.18362e-05 -0.000553032 -0.000322688 1.61998e-05 0.000126169 8.09311e-06 -0.000211925 0.000200667 -4.21477e-05 -2.77298e-05 0.000135877 0.000522752
internal_weight=364876 31837 14503 17334 12888 333039 115445 78132 36467 41665 217594 214283 66354 19482
internal_count=364876 31837 14503 17334 12888 333039 115445 78132 36467 41665 217594 214283 66354 19482
is_linear=0
shrinkage=0.03


Tree=181
num_leaves=15
num_cat=0
split_feature=23 22 63 9 67 22 23 53 22 47 50 23 53 25
split_gain=2.29722 3.08113 2.62308 2.23651 2.7744 2.05526 1.9612 1.95923 1.91562 2.50956 1.62853 1.62458 1.60048 2.10196
threshold=-0.060072620778119666 -0.016012240643179961 0.30388467410590608 -0.27739120964228658 0.16415796537609215 -0.32929947592264786 0.25844355276249931 0.12182941780935787 0.26877411014915259 1.0000000180025095e-35 0.19756084785762576 0.39041853977302882 0.22026593670010527 0.2500593824228029
decision_type=2 2 2 2 2 2 2 2 2 2 2 2 2 2
left_child=2 3 5 -2 12 -1 -3 -6 -8 10 -10 -11 13 -5
right_child=1 6 -4 4 7 -7 8 -9 9 11 -12 -13 -14 -15
leaf_value=-5.3868406855615645e-05 -0.0005450581015447848 0.00013481940762694297 -0.00016806028150008489 -0.00025977165309989459 -0.00077476675295686524 0.00021255663193534002 -0.00031927758390471795 -0.00011303758480379582 -0.00031619725823208962 0.00050702535741671052 0.00021419843236350703 3.1906585119238613e-05 0.00036856880752703602 0.00043214763399860765
leaf_weight=36448 16768 59030 31744 18212 8533 91384 23705 7625 22437 10153 6777 17863 8622 5036
leaf_count=36448 16768 59030 31744 18212 8533 91384 23705 7625 22437 10153 6777 17863 8622 5036
internal_value=-9.3458e-06 -7.58457e-05 7.59834e-05 -0.000246865 -0.000142665 0.000136594 3.3386e-06 -0.000462758 -9.25618e-05 1.38452e-06 -0.000193126 0.000204209 1.97159e-05 -0.000109766
internal_weight=364337 204761 159576 64796 48028 127832 139965 16158 80935 57230 29214 28016 31870 23248
internal_count=364337 204761 159576 64796 48028 127832 139965 16158 80935 57230 29214 28016 31870 23248
is_linear=0
shrinkage=0.03


Tree=182
num_leaves=15
num_cat=0
split_feature=43 35 8 51 47 53 9 63 47 51 9 64 43 48
split_gain=2.42187 2.6838 3.06995 2.40612 2.18161 2.89122 2.66776 2.08922 2.75087 2.79415 2.11653 1.97339 2.77096 1.89467
threshold=-0.48411796920301525 0.4186806711261632 0.23509953954496213 0.38246448321891691 0.10687350991928958 0.36112725866352313 -0.33671866666704997 0.36676294695484074 0.35927802819725035 0.2392712604877458 0.36717862418598607 -0.099349415991069209 -0.10662372960469708 -0.21232499962324997
decision_type=2 2 2 2 2 2 2 2 2 2 2 2 2 2
left_child=-1 2 7 4 5 6 -4 8 -2 10 -10 12 -8 -3
right_child=1 13 3 -5 -6 -7 11 -9 9 -11 -12 -13 -14 -15
leaf_value=-0.00062330281929481022 3.4517053944592393e-05 0.00079286780304483316 -0.0012398376288543826 0.00018189170744085354 -4.5570389099325567e-05 0.00012562864631118924 -0.00048828962212059401 -0.00021848579612836154 0.00041106419640591567 -0.00030248152202175526 0.001277285782786061 -0.00068806131753649288 0.00043205782605487556 0.00017058720514480911
leaf_weight=5501 210565 5480 4182 13537 25497 7366 8239 25963 11476 3863 3257 12665 4569 22299
leaf_count=5501 210565 5480 4182 13537 25497 7366 8239 25963 11476 3863 3257 12665 4569 22299
internal_value=8.2391e-07 1.04057e-05 -1.33554e-05 -0.000180631 -0.000259145 -0.000406185 -0.00053828 3.65163e-05 6.54153e-05 0.000415074 0.000603295 -0.000422662 -0.000159893 0.000293586
internal_weight=364459 358958 331179 76055 62518 37021 29655 255124 229161 18596 14733 25473 12808 27779
internal_count=364459 358958 331179 76055 62518 37021 29655 255124 229161 18596 14733 25473 12808 27779
is_linear=0
shrinkage=0.03


Tree=183
num_leaves=15
num_cat=0
split_feature=53 7 55 65 60 47 40 42 43 62 66 63 4 42
split_gain=2.25137 2.97372 2.42606 2.56394 4.2668 2.76087 2.91256 2.28191 4.22783 2.62024 2.24845 1.98195 2.13815 2.13107
threshold=0.47712558465205057 0.098603634132082466 -0.48365209825090333 0.47316994224847053 -0.015880123850149499 -0.36560546110795433 0.10138928226364587 -0.41211674290992284 -0.35286592440973624 -0.062982921928817423 0.44955750672224309 -0.12634569570536344 0.37987671549315394 -0.039942085589285407
decision_type=2 2 2 2 2 2 2 2 2 2 2 2 2 2
left_child=2 -2 -1 5 -5 11 -7 -8 -9 -10 -11 13 -13 -4
right_child=1 -3 3 4 -6 6 7 8 9 10 -12 12 -14 -15
leaf_value=-0.00066284691705431739 3.7906891849780956e-05 0.0012040662421116232 7.9285570213822785e-05 4.1294224932321678e-05 -0.0012343862127474718 0.00012330323152139741 0.00035123049457311506 -0.001085065054122004 -0.00060179047080362368 -8.3010574814413688e-06 -0.0007867028368699167 -0.00029912211957444851 -0.0011465440868277893 -0.00071331886693421615
leaf_weight=5147 5176 3166 21501 5688 4022 165372 10795 3817 7812 104541 3440 17098 3171 3548
leaf_count=5147 5176 3166 21501 5688 4022 165372 10795 3817 7812 104541 3440 17098 3171 3548
internal_value=-5.46506e-06 0.000481406 -1.68884e-05 -7.39234e-06 -0.000487834 6.29838e-06 3.97091e-05 -6.63015e-05 -0.000104011 -7.15803e-05 -3.31695e-05 -0.000211724 -0.000432198 -3.32207e-05
internal_weight=364294 8342 355952 350805 9710 341095 295777 130405 119610 115793 107981 45318 20269 25049
internal_count=364294 8342 355952 350805 9710 341095 295777 130405 119610 115793 107981 45318 20269 25049
is_linear=0
shrinkage=0.03


Tree=184
num_leaves=15
num_cat=0
split_feature=43 53 28 53 9 52 51 33 62 63 65 50 53 42
split_gain=2.31928 2.34663 2.18856 2.58629 3.28448 4.72502 3.15963 2.63735 2.79898 2.8929 2.57391 2.74324 2.50252 2.37751
threshold=-0.48411796920301525 0.48501067977597939 0.17299278004986443 -0.26245750934505679 0.46492175748317965 0.2271121426318107 -0.019635151311603451 0.1813028325118565 -0.29462830995490513 0.2215532615157095 0.43430250516151059 0.067288347292655662 -0.13944229842147846 0.24721949356035802
decision_type=2 2 2 2 2 2 2 2 2 2 2 2 2 2
left_child=-1 2 3 7 5 6 12 8 -2 -10 -4 -12 -5 -9
right_child=1 -3 10 4 -6 -7 -8 13 9 -11 11 -13 -14 -15
leaf_value=-0.00062420044320093547 -0.00050129752565541172 0.00065062128261634807 -7.7286461089650028e-05 -0.00030458917059392957 0.00064497668159854064 -0.00081012983578274123 -0.00013113244143598196 0.00034798325806869359 0.0003345609727495978 -0.00043126202762340906 -0.00019067465638217834 -0.0012371185867270503 0.00019117007880437839 0.0012197927251036465
leaf_weight=5502 6167 4850 107563 10509 6554 6854 88857 13051 25073 5385 5899 3644 71163 3585
leaf_count=5502 6167 4850 107563 10509 6554 6854 88857 13051 25073 5385 5899 3644 71163 3585
internal_value=-1.34894e-05 -4.11661e-06 -1.30973e-05 3.92926e-05 -1.40164e-05 -3.84001e-05 -7.33657e-06 0.000223363 8.10323e-05 0.000199066 -0.000119207 -0.000591137 0.00012735 0.000536475
internal_weight=364656 359154 354304 237198 183937 177383 170529 53261 36625 30458 117106 9543 81672 16636
internal_count=364656 359154 354304 237198 183937 177383 170529 53261 36625 30458 117106 9543 81672 16636
is_linear=0
shrinkage=0.03


Tree=185
num_leaves=15
num_cat=0
split_feature=22 47 66 48 53 9 53 9 7 64 28 58 66 18
split_gain=2.37101 3.10012 3.54597 2.91939 2.82973 2.65317 2.68008 2.62674 2.3892 2.5031 2.59193 2.41551 2.70184 3.00464
threshold=-0.0080733543201587914 0.37493231125651716 0.33950971020056198 0.38140391941152418 0.46946769320091425 0.3712980988024136 0.13795897013265726 -0.32112086843159965 -0.17436133191941899 -0.43614481241087144 0.40098260801128982 0.15830821159514277 -0.13397985352906575 -0.33523190716298379
decision_type=2 2 2 2 2 2 2 2 2 2 2 2 2 2
left_child=4 2 8 -3 5 -1 -7 -6 11 -10 -11 -2 -13 -14
right_child=1 3 -4 -5 7 6 -8 -9 9 10 -12 12 13 -15
leaf_value=-0.00014688817368183209 -0.00028378301408066536 0.00072282058316385769 -0.00045574858432989265 -3.3543157666911503e-05 -9.2168356117856222e-05 2.4330040631646406e-05 0.00083020507666328259 0.0010464536820579988 -0.00070024381100274925 0.00022058148837233581 -0.00027246554023510052 0.00097690747935758266 -0.00083332734428222645 0.00023845952356612096
leaf_weight=151453 27940 11959 12402 7451 3508 15458 4879 3784 3043 95522 10659 3065 3057 10117
leaf_count=151453 27940 11959 12402 7451 3508 15458 4879 3784 3043 95522 10659 3065 3057 10117
internal_value=-1.2719e-06 7.39833e-05 3.19777e-05 0.000432604 -7.91041e-05 -0.000103684 0.000217979 0.000499315 7.14355e-05 0.000146729 0.000171066 -0.000114705 0.000176199 -1.06899e-05
internal_weight=364297 185215 165805 19410 179082 171790 20337 7292 153403 109224 106181 44179 16239 13174
internal_count=364297 185215 165805 19410 179082 171790 20337 7292 153403 109224 106181 44179 16239 13174
is_linear=0
shrinkage=0.03


Tree=186
num_leaves=15
num_cat=0
split_feature=52 9 19 65 16 52 51 65 50 69 2 65 60 25
split_gain=2.62841 2.03292 3.38938 3.31269 2.15259 2.11875 1.94474 4.25878 2.31671 2.90729 2.06353 2.54406 2.1483 1.92432
threshold=-0.48036298546783374 -0.4125623801532381 -0.18570587740687797 -0.051819767028293794 -0.17762182914731234 -0.40550497042926775 0.46481032228044805 0.13737505968927058 -0.38086000612027837 -0.051364719196887031 0.46879162094379023 -0.48386655608103335 0.48072705843135388 -0.1546377442085439
decision_type=2 2 2 2 2 2 2 2 2 2 2 2 2 2
left_child=-1 2 -2 4 -4 -6 8 -8 9 -3 11 -10 13 -13
right_child=1 6 3 -5 5 -7 7 -9 10 -11 -12 12 -14 -15
leaf_value=0.00057631940653742346 0.00016633448116653806 -7.9321717308165009e-05 -0.00081693009913769892 -0.001053529928411815 0.00066556244573195077 -0.00034272467830945654 1.936092404213901e-05 0.0012554209161044663 0.00081971834615544165 -0.00073716685459248839 -0.00043593884541961889 -6.4151015723224293e-05 -0.00058694653478463192 0.00010272818219355237
leaf_weight=7054 10781 24712 3456 6388 3241 4424 8412 3565 3709 7996 8426 98458 4981 168790
leaf_count=7054 10781 24712 3456 6388 3241 4424 8412 3565 3709 7996 8426 98458 4981 168790
internal_value=3.27058e-06 -8.05742e-06 -0.000252048 -0.00050961 -0.000196512 8.39221e-05 1.29267e-05 0.000388019 -1.25378e-06 -0.000240319 2.62513e-05 4.038e-05 2.97321e-05 4.12474e-05
internal_weight=364393 357339 28290 17509 11121 7665 329049 11977 317072 32708 284364 275938 272229 267248
internal_count=364393 357339 28290 17509 11121 7665 329049 11977 317072 32708 284364 275938 272229 267248
is_linear=0
shrinkage=0.03


Tree=187
num_leaves=15
num_cat=0
split_feature=43 24 65 51 43 22 33 25 58 33 19 58 3 34
split_gain=2.47423 2.38744 2.71346 4.07505 2.9126 2.39104 2.12332 2.78687 2.78253 14.617 4.20931 2.48428 2.4457 2.35783
threshold=-0.48799993633616923 -0.055426909654385258 0.26633387653124502 0.27862790552459454 0.055162984923801679 -0.016012240643179961 1.0000000180025095e-35 -0.20990503646121475 0.14669911114101389 -1.0000000180025095e-35 0.29150471241024628 0.43746294448605172 -0.24971940366192388 0.33564884748797141
decision_type=2 2 2 2 2 2 2 2 2 2 2 2 2 2
left_child=-1 -2 6 4 -4 -5 7 -3 10 -10 12 13 -9 -8
right_child=1 2 3 5 -6 -7 11 8 9 -11 -12 -13 -14 -15
leaf_value=-0.00072237689770361213 9.8427794084095203e-05 -0.00013854143022840493 -0.00083381990041312467 -0.0003260937667565767 -0.00023772223926664057 0.00065086903682476209 -0.00019117694164608051 -0.00023391049619141165 7.798654987652945e-05 0.0020227553236785651 -0.00090386973228345736 -0.00074473564419957851 0.00032568475511036591 0.00022862522933009491
leaf_weight=4170 159345 29328 9916 3534 28784 6194 41691 9724 15920 4441 3613 5350 25297 16920
leaf_count=4170 159345 29328 9916 3534 28784 6194 41691 9724 15920 4441 3613 5350 25297 16920
internal_value=3.3067e-06 1.1731e-05 -5.70989e-05 -0.000252677 -0.000390635 0.000295986 5.10954e-06 0.000100433 0.000219238 0.000502951 6.96227e-05 -0.000126517 0.000170284 -6.99689e-05
internal_weight=364227 360057 200712 48428 38700 9728 152284 88323 58995 20361 38634 63961 35021 58611
internal_count=364227 360057 200712 48428 38700 9728 152284 88323 58995 20361 38634 63961 35021 58611
is_linear=0
shrinkage=0.03


Tree=188
num_leaves=15
num_cat=0
split_feature=9 57 60 16 24 52 55 66 64 9 9 52 49 58
split_gain=2.19045 3.74676 4.49258 3.88604 3.00187 2.25462 3.30978 2.61097 2.7184 2.56255 2.40351 5.60661 3.1898 3.01976
threshold=-0.4125623801532381 -1.0000000180025095e-35 -1.0000000180025095e-35 0.071358017103622731 0.078577375027797672 -0.3816687955984655 0.3756261636948014 0.46142294644620585 -0.099349415991069209 0.0039332813176034551 0.3868926141885326 0.24278458397550731 -0.31752624737526242 0.41027090845272668
decision_type=2 2 2 2 2 2 2 2 2 2 2 2 2 2
left_child=1 3 -3 4 -1 6 9 10 -9 -2 12 -12 -7 -14
right_child=5 2 -4 -5 -6 7 -8 8 -10 -11 11 -13 13 -15
leaf_value=0.00092878678412653976 -1.4887374784951463e-05 0.0003302956030612499 -0.00084368363623201544 -0.0005010161497342703 -0.0001497607893110589 -0.00029966444486998514 0.00097289094889527639 9.0034390432080857e-05 -0.0008931942987508777 0.00088532872420863946 0.00051699044801212506 -0.00027717063609712715 -2.6664041861693508e-06 0.00052272185960298458
leaf_weight=5449 18568 3854 12215 6076 4038 31784 5072 4427 5893 3351 23344 12162 217813 10302
leaf_count=5449 18568 3854 12215 6076 4038 31784 5072 4427 5893 3351 23344 12162 217813 10302
internal_value=-2.38966e-06 -0.000240912 -0.000562085 9.08515e-05 0.000470045 2.02937e-05 0.000283073 -2.91428e-06 -0.000471737 0.00012308 1.34795e-05 0.000244962 -1.81526e-05 2.10828e-05
internal_weight=364348 31632 16069 15563 9487 332716 26991 305725 10320 21919 295405 35506 259899 228115
internal_count=364348 31632 16069 15563 9487 332716 26991 305725 10320 21919 295405 35506 259899 228115
is_linear=0
shrinkage=0.03


Tree=189
num_leaves=15
num_cat=0
split_feature=66 46 33 33 2 57 21 18 58 53 53 28 55 53
split_gain=2.21146 3.61285 3.19592 5.83526 2.88125 2.71847 4.28685 2.57803 2.27839 2.17098 3.6919 2.92729 2.89723 2.43445
threshold=-0.42523598951470326 -0.091036491976701869 -1.0000000180025095e-35 0.059302606177606139 -0.043473097180625857 -0.38222935844348987 0.31079674931120554 0.1329348492841804 -0.3704405939407634 0.058780005135018749 -0.25846108220178593 0.17299278004986443 -0.46014977936257495 -0.13944229842147846
decision_type=2 2 2 2 2 2 2 2 2 2 2 2 2 2
left_child=1 -1 4 -4 -3 6 7 -2 -6 10 11 -7 -11 -12
right_child=5 2 3 -5 8 9 -8 -9 -10 12 13 -13 -14 -15
leaf_value=0.00085012625195081219 -0.00022058078569639773 0.00077943494566144018 -0.0014492218052351525 0.00031103282340094821 -0.00070856318114818624 0.00028887697912753071 0.00066844246378444585 -0.00094305577726085295 0.0003851432150265872 -0.00041921479755970128 -0.00036597129017191193 -0.00016710230474733948 0.00011591930634163901 -6.9793434112146716e-05
leaf_weight=6938 10543 6502 3034 3818 3067 35196 3169 7686 3861 9713 39170 19788 143401 68917
leaf_count=6938 10543 6502 3034 3818 3067 35196 3169 7686 3861 9713 39170 19788 143401 68917
internal_value=-3.50275e-07 0.000259721 5.74376e-05 -0.000469367 0.000326363 -2.13274e-05 -0.000348494 -0.000525552 -9.936e-05 8.2412e-07 -7.5346e-05 0.000124776 8.19472e-05 -0.00017715
internal_weight=364803 27220 20282 6852 13430 337583 21398 18229 6928 316185 163071 54984 153114 108087
internal_count=364803 27220 20282 6852 13430 337583 21398 18229 6928 316185 163071 54984 153114 108087
is_linear=0
shrinkage=0.03


Tree=190
num_leaves=15
num_cat=0
split_feature=7 65 39 66 9 65 63 58 8 55 49 53 23 47
split_gain=2.18752 3.42324 1.92822 3.06575 2.52677 2.41216 2.54492 2.5781 2.50907 2.54588 3.18908 2.84748 2.20961 1.79157
threshold=-0.33343750036621217 0.41481174781603058 0.31279079832932982 0.01205342167199547 0.26184868787767024 -0.48386655608103335 0.31568995807997002 -0.41384267419973525 1.0000000180025095e-35 0.3756261636948014 -0.31752624737526242 -0.0083072716231005744 0.078658381433220417 -0.37351767665791369
decision_type=2 2 2 2 2 2 2 2 2 2 2 2 2 2
left_child=1 -1 5 -4 -5 -2 8 -8 -7 10 -10 -11 -6 -12
right_child=2 -3 3 4 12 6 7 -9 9 11 13 -13 -14 -15
leaf_value=-0.00011177351136426354 0.00081532921220527825 -0.0011421363489859664 0.00040087160412398474 -0.00028349731352629966 0.00069879121338142954 0.00012982157754857552 -0.00099400585528867198 -0.0001502794989046445 -0.00054985870872942266 -0.0003593533331572188 -0.00047373582980551443 0.00062235574593014469 -0.00011832824981186996 3.3772784704585598e-06
leaf_weight=53721 3206 3058 30104 15892 6007 110366 3535 40552 14318 3850 8073 8548 5893 57267
leaf_count=53721 3206 3058 30104 15892 6007 110366 3535 40552 14318 3850 8073 8548 5893 57267
internal_value=3.61362e-06 -0.000167458 3.51945e-05 0.000191169 -3.6042e-05 -9.73983e-07 -1.16231e-05 -0.000218142 3.33646e-05 -8.22793e-05 -0.000144527 0.000317458 0.000294386 -5.56353e-05
internal_weight=364390 56779 307611 57896 27792 249715 246509 44087 202422 92056 79658 12398 11900 65340
internal_count=364390 56779 307611 57896 27792 249715 246509 44087 202422 92056 79658 12398 11900 65340
is_linear=0
shrinkage=0.03


Tree=191
num_leaves=15
num_cat=0
split_feature=43 42 47 1 65 65 60 33 47 60 65 42 7 56
split_gain=2.1964 3.61621 4.45828 3.67945 3.15685 3.22168 3.45128 2.60089 2.54716 2.52478 2.42963 2.4433 2.42491 2.3981
threshold=-0.24544994479205004 -0.39632937434734855 -0.24399547330156074 0.15423171851369269 -0.47161768380504449 -0.38869994673910585 0.30454012970606986 -0.25547655794570684 0.1147793980396863 -0.22430413505756133 -0.098599285824108471 -0.11890832371095809 -0.40873238059688222 0.46151995862609962
decision_type=2 2 2 2 2 2 2 2 2 2 2 2 2 2
left_child=1 2 -1 7 -2 6 -6 8 -3 -9 11 -11 -4 -7
right_child=4 3 12 -5 5 13 -8 9 -10 10 -12 -13 -14 -15
leaf_value=-0.00025531353385080028 0.00094802316116147857 -0.00096600751929932539 -0.00028620184629889607 -0.00082156547892468172 -0.00062547567602631003 7.9222454389437651e-05 0.00051164383058687716 0.00045601154398453513 2.7506680075957196e-05 0.00034665616483741101 -0.00050375598818712028 -0.00034961802593938692 0.00060185210785603557 -0.00074874723325197797
leaf_weight=14886 3514 6126 3374 8893 11553 253519 3024 7338 3736 10611 11631 7907 15250 3178
leaf_count=14886 3514 6126 3374 8893 11553 253519 3024 7338 3736 10611 11631 7907 15250 3178
internal_value=1.38068e-05 -0.000115034 0.000131641 -0.000262005 5.58919e-05 4.43009e-05 -0.000389391 -0.000156758 -0.00058999 -4.26579e-05 -0.000164141 4.93258e-05 0.000440901 6.89431e-05
internal_weight=364540 89752 33510 56242 274788 271274 14577 47349 9862 37487 30149 18518 18624 256697
internal_count=364540 89752 33510 56242 274788 271274 14577 47349 9862 37487 30149 18518 18624 256697
is_linear=0
shrinkage=0.03


Tree=192
num_leaves=15
num_cat=0
split_feature=52 9 30 57 31 25 33 59 52 57 58 33 49 63
split_gain=1.78596 1.9602 2.99954 2.75372 2.62997 2.31795 3.22332 2.54739 3.97372 3.53133 3.02135 4.07309 4.2175 2.83195
threshold=-0.4842297931734551 -0.4125623801532381 -0.0988086314342108 -0.38222935844348987 0.031549412465957445 -0.23003783850653875 0.29582465886241055 -0.38209882711916343 0.023833292392290598 -0.3744654058474215 0.17423806157101632 0.33138020073544927 -0.23378647093586194 -0.20084409656299004
decision_type=2 2 2 2 2 2 2 2 2 2 2 2 2 2
left_child=-1 2 3 -2 -4 6 -3 13 9 -9 11 12 -10 -7
right_child=1 5 4 -5 -6 7 -8 8 10 -11 -12 -13 -14 -15
leaf_value=0.00052600690013115319 -0.00062544300877145703 -0.00018179047688577743 -0.00089127915830580393 0.00034400415691501974 -0.00010903251571784367 0.00091218750738115506 0.00040790822054682181 -0.00083217706826139645 -0.0010072353922777099 0.0001784146655867504 0.00010355420280051955 0.00021184432821681512 -0.00024363380680431296 0.00016767160277552474
leaf_weight=5675 3600 79624 8361 9775 7197 5988 9309 3194 7659 108550 38129 14446 43152 19730
leaf_count=5675 3600 79624 8361 9775 7197 5988 9309 3194 7659 108550 38129 14446 43152 19730
internal_value=-1.5596e-06 -9.92035e-06 -0.000246639 8.27965e-05 -0.000529721 1.08547e-05 -0.000120025 5.91851e-05 2.54442e-05 0.000149457 -0.000108595 -0.000232549 -0.000358911 0.000341307
internal_weight=364389 358714 28933 13375 15558 329781 88933 240848 215130 111744 103386 65257 50811 25718
internal_count=364389 358714 28933 13375 15558 329781 88933 240848 215130 111744 103386 65257 50811 25718
is_linear=0
shrinkage=0.03


Tree=193
num_leaves=15
num_cat=0
split_feature=65 39 50 5 52 22 64 18 41 59 65 25 57 50
split_gain=2.27714 2.34239 2.52828 2.10028 2.09682 2.00808 2.16537 1.95917 2.31516 2.13611 2.87049 2.01871 2.35401 1.90785
threshold=-0.48386655608103335 0.42203687881256585 -0.35705864693631201 -0.23603521430846447 -0.48036298546783374 -0.29353576840233614 -0.45597461563707548 -0.31956402117656585 0.25998963193364444 -0.11820937414567968 -0.090840387209028386 0.0589275295882647 -0.1897464933043494 0.13865555145689354
decision_type=2 2 2 2 2 2 2 2 2 2 2 2 2 2
left_child=-1 2 3 -2 -4 -6 -7 9 -9 13 -11 12 -10 -8
right_child=1 -3 4 -5 5 6 7 8 11 10 -12 -13 -14 -15
leaf_value=0.00058513398748038647 -0.00074262706599543214 0.00025205987963733797 0.00057126007005043028 -0.00016007758083413592 -0.00017472190034276946 -0.00050569398391508405 -0.00011339407305976339 0.00014969970519422421 -0.00082295752822904322 -7.1664183344890509e-05 -0.00079500888281217508 0.00011451674327045445 -0.00012367744891693912 0.00049388099438095478
leaf_weight=5837 6664 27928 5601 33733 56352 6700 16234 131535 5584 12343 8222 21757 19236 6517
leaf_count=5837 6664 27928 5601 33733 56352 6700 16234 131535 5584 12343 8222 21757 19236 6517
internal_value=-2.13364e-06 -1.17139e-05 -3.40119e-05 -0.000256337 -3.04291e-06 -1.43698e-05 2.52462e-05 4.13336e-05 8.53405e-05 -0.000139597 -0.000361107 -9.64053e-05 -0.000281269 6.06998e-05
internal_weight=364243 358406 330478 40397 290081 284480 228128 221428 178112 43316 20565 46577 24820 22751
internal_count=364243 358406 330478 40397 290081 284480 228128 221428 178112 43316 20565 46577 24820 22751
is_linear=0
shrinkage=0.03


Tree=194
num_leaves=15
num_cat=0
split_feature=35 47 41 66 55 45 52 9 42 45 23 47 42 35
split_gain=2.29007 2.23904 3.94855 3.11414 4.3995 3.82375 3.84696 4.15927 3.50019 3.57613 3.14884 3.41026 3.08272 2.75879
threshold=-0.48784428378763206 0.083116712655517913 0.23257725449847425 -0.35849863506860413 0.18011297544497032 0.3138313201299896 -0.35781712064423782 -0.4125623801532381 -0.079231988070818868 -0.058750599009179193 -0.13587546035929285 -0.12530339984564898 0.086414370135096799 0.1488772683757916
decision_type=2 2 2 2 2 2 2 2 2 2 2 2 2 2
left_child=-1 3 13 4 8 6 -5 -8 9 -2 -10 -12 -4 -3
right_child=1 2 12 5 -6 -7 7 -9 10 -11 11 -13 -14 -15
leaf_value=-0.00067102718463398327 0.00095978712489212608 0.00040406086312917526 0.00024111362384269985 0.00022339455861557998 0.00080503000943333452 0.00093315308014038439 -0.00090902900060154106 -0.00013769533024731397 0.00030948261870530729 -0.00014156145153756901 -0.00085789627166851041 4.4066708540886751e-05 -0.0001739139006557677 5.8515736148943518e-06
leaf_weight=4296 6168 48262 23895 26000 8470 3198 6585 137085 8130 4647 7805 7292 49370 23176
leaf_count=4296 6168 48262 23895 26000 8470 3198 6585 137085 8130 4647 7805 7292 49370 23176
internal_value=1.67188e-05 2.49424e-05 0.000116206 -3.63753e-05 0.000193629 -9.29461e-05 -0.00011234 -0.00017311 4.13138e-05 0.000486865 -0.000166265 -0.000422498 -3.85404e-05 0.000274892
internal_weight=364379 360083 144703 215380 42512 172868 169670 143670 34042 10815 23227 15097 73265 71438
internal_count=364379 360083 144703 215380 42512 172868 169670 143670 34042 10815 23227 15097 73265 71438
is_linear=0
shrinkage=0.03


Tree=195
num_leaves=15
num_cat=0
split_feature=58 33 33 42 50 50 66 34 34 58 52 66 33 58
split_gain=2.26243 6.39303 25.2511 6.04741 4.49782 4.35809 3.72127 3.70148 3.22344 2.67936 2.66783 4.86575 6.76867 3.39786
threshold=0.14669911114101389 -0.027155310354954717 1.0000000180025095e-35 -0.008120008267701621 0.091005937154157404 0.12668436581137563 -0.13397985352906575 0.21365913581637955 -0.086533092757783134 0.31572478047822911 -0.27833799356041344 0.32737914972166943 0.1061713980970357 -0.2397704149724241
decision_type=2 2 2 2 2 2 2 2 2 2 2 2 2 2
left_child=10 6 3 5 7 -3 -2 -4 -5 -6 13 -12 -13 -1
right_child=1 2 4 8 9 -7 -8 -9 -10 -11 11 12 -14 -15
leaf_value=-0.00018751349677041895 0.00046712726568729331 0.0012136340795997982 -9.8037497900472286e-05 0.0013256130805425889 3.9491769075303603e-05 0.0025664775144046245 -0.00027009551696281742 0.00054635944633955056 -1.37032238247904e-06 -0.0005606745081370866 -7.8731373421487717e-05 -0.0012195657145768308 0.0001099062211380219 0.0002953421676363276
leaf_weight=21040 7146 4404 15885 3325 11933 4229 44389 16193 3256 15237 168653 8154 5962 34795
leaf_count=21040 7146 4404 15885 3325 11933 4229 44389 16193 3256 15237 168653 8154 5962 34795
internal_value=-1.37848e-05 8.905e-05 0.000266813 0.00135659 -1.32066e-05 0.00187855 -0.000167799 0.000227323 0.000670072 -0.000297165 -6.80891e-05 -0.000123533 -0.000658373 0.000113389
internal_weight=364601 125997 74462 15214 59248 8633 51535 32078 6581 27170 238604 182769 14116 55835
internal_count=364601 125997 74462 15214 59248 8633 51535 32078 6581 27170 238604 182769 14116 55835
is_linear=0
shrinkage=0.03


Tree=196
num_leaves=15
num_cat=0
split_feature=44 51 50 63 60 9 52 57 55 65 59 57 16 34
split_gain=1.99331 2.05245 2.89192 2.65054 3.7962 2.43057 2.66525 2.55692 2.25934 2.09055 2.46902 2.45324 2.12463 2.05061
threshold=0.46132008631056337 0.46101529718835699 -0.37690197048963475 -0.062846129786020485 0.47285924989464817 -0.29338618420739504 -0.1869521792651819 -0.19742463069038285 -0.38870289956576548 0.35584528621253181 -0.1380155235365971 0.37097559443414901 -0.15418184818900832 0.33564884748797141
decision_type=2 2 2 2 2 2 2 2 2 2 2 2 2 2
left_child=1 2 -1 4 9 6 8 -8 -5 11 12 -4 -11 -7
right_child=-2 -3 3 5 -6 13 7 -9 -10 10 -12 -13 -14 -15
leaf_value=-0.00025736059906110665 -0.00034910315289485408 0.00038053194554641729 0.00027096985493125456 -0.0007258681505384134 -0.00085279663457781712 -3.4462699504918713e-05 -0.00029316725206924817 -0.0011762518423395036 4.4658021405631714e-05 -0.00048945302242705993 -0.00069428026779265516 -0.00020232345769204441 0.00035830672887782129 0.00028074279639068371
leaf_weight=35258 14139 13227 89621 4059 3373 120272 8360 4559 21631 3870 5063 11067 8457 21958
leaf_count=35258 14139 13227 89621 4059 3373 120272 8360 4559 21631 3870 5063 11067 8457 21958
internal_value=4.70619e-09 1.40861e-05 -2.84169e-07 2.97078e-05 0.0001381 -4.30918e-05 -0.000254155 -0.000605469 -7.73196e-05 0.000166476 -0.000137206 0.000218933 9.19758e-05 1.42162e-05
internal_weight=364914 350775 337548 302290 121451 180839 38609 12919 25690 118078 17390 100688 12327 142230
internal_count=364914 350775 337548 302290 121451 180839 38609 12919 25690 118078 17390 100688 12327 142230
is_linear=0
shrinkage=0.03


Tree=197
num_leaves=15
num_cat=0
split_feature=65 57 34 66 65 46 69 55 1 58 52 53 50 55
split_gain=2.33198 2.88466 3.13295 2.69181 2.65625 3.94149 3.02576 2.86355 2.6641 2.4172 2.61969 2.86693 2.57447 2.46512
threshold=0.26633387653124502 0.24808916887365637 0.34723397268295392 -0.47216661985518765 0.13737505968927058 -0.043868834742724537 0.35445226917057909 0.15653235653235656 -0.19899913384154319 -0.23604064755083798 -0.40550497042926775 -0.35386047253764474 0.35003989968425636 0.36412585748114157
decision_type=2 2 2 2 2 2 2 2 2 2 2 2 2 2
left_child=4 2 3 -2 9 -6 7 8 -7 12 13 -12 -1 -11
right_child=1 -3 -4 -5 5 6 -8 -9 -10 10 11 -13 -14 -15
leaf_value=-9.5326239000977892e-05 0.00049954268276559651 -0.00077623960387007576 0.00038003059874652871 -0.00021784859614637478 -8.6039841884857015e-05 -0.00012582473917969848 -0.00021445893342622843 0.0012013878936083635 0.00067344711434182288 0.00022639713393894301 0.00072214665049577639 -1.2787069724616083e-05 -0.00071165358134888182 0.0011211096667670341
leaf_weight=41862 5078 5883 11054 63003 18816 5428 4747 5680 12134 19162 4918 155993 7131 3232
leaf_count=41862 5078 5883 11054 63003 18816 5428 4747 5680 12134 19162 4918 155993 7131 3232
internal_value=1.64863e-06 -0.0001359 -8.82047e-05 -0.000164275 4.3551e-05 0.000249707 0.000475368 0.000616291 0.00042648 2.00433e-06 5.20363e-05 9.71854e-06 -0.00018516 0.000355969
internal_weight=364121 85018 79135 68081 279103 46805 27989 23242 17562 232298 183305 160911 48993 22394
internal_count=364121 85018 79135 68081 279103 46805 27989 23242 17562 232298 183305 160911 48993 22394
is_linear=0
shrinkage=0.03


Tree=198
num_leaves=15
num_cat=0
split_feature=8 53 7 35 53 66 16 39 45 22 23 22 31 3
split_gain=1.93345 3.61716 2.37442 2.1487 2.0865 1.91614 2.15074 1.82087 2.2593 1.96121 2.19837 2.73451 2.09069 1.76381
threshold=0.41125974952586364 0.48100051717375542 0.32539100363290585 -0.48784428378763206 0.097966675918039217 0.47708341413098437 0.42876787970015812 0.45360488038165897 -0.24965751565130065 -0.29742024411501583 0.10588738099081253 0.097395075858915228 -0.44483979480563118 -0.18941577996386263
decision_type=2 2 2 2 2 2 2 2 2 2 2 2 2 2
left_child=1 3 5 -1 -4 6 -2 9 -9 -5 13 -12 -13 -11
right_child=2 -3 4 7 -6 -7 -8 8 -10 10 11 12 -14 -15
leaf_value=-0.00072200626892625439 -0.00046544303477901957 0.0010369164847529296 -0.00044972175577596019 -0.0001485966353425822 0.00051517797412849913 -0.0010877766910017566 0.0002292884605172245 -0.00027600619415132986 0.00062263921816131402 -2.701697473980143e-05 -0.00028749479309122427 -0.00059959937594688552 7.3674974735697091e-05 0.00019852107078512253
leaf_weight=3554 14813 3110 3031 60742 5983 3010 5491 3480 9052 47412 32807 4379 76536 91284
leaf_count=3554 14813 3110 3031 60742 5983 3010 5491 3480 9052 47412 32807 4379 76536 91284
internal_value=-1.29951e-06 2.02465e-05 -0.000222746 1.0612e-05 0.000190587 -0.000382569 -0.00027754 1.86284e-05 0.000373074 4.43276e-06 4.12623e-05 -5.65086e-05 3.71688e-05 0.000121426
internal_weight=364684 332356 32328 329246 9014 23314 20304 325692 12532 313160 252418 113722 80915 138696
internal_count=364684 332356 32328 329246 9014 23314 20304 325692 12532 313160 252418 113722 80915 138696
is_linear=0
shrinkage=0.03


Tree=199
num_leaves=15
num_cat=0
split_feature=44 9 52 36 53 52 65 16 36 36 65 42 1 42
split_gain=2.14427 1.59451 4.53908 2.42414 2.26925 5.55073 2.6025 2.01159 2.38213 2.85836 2.064 2.10755 1.61092 1.60346
threshold=0.15222418339180663 0.42560366961253471 0.2505826173381272 -0.06845549688910256 -0.2506861198002055 0.027679446285988289 -0.094747396689860389 0.22049692157918058 -0.067723775530438221 0.32972172260778859 0.42267592828674572 0.090442653650720919 0.29159368094477017 0.031701521970879949
decision_type=2 2 2 2 2 2 2 2 2 2 2 2 2 2
left_child=1 4 -3 -4 6 -6 -1 8 10 13 -8 -12 -7 -10
right_child=-2 2 3 -5 5 12 7 -9 9 -11 11 -13 -14 -15
leaf_value=0.0010093824474509446 -9.6913063882415998e-05 0.00073306485290206436 -0.00090273600709092682 0.00029557939976222866 8.1446430073914896e-05 -0.00023196837964132832 0.00042490111313330778 0.00044817040472878078 -0.00081973832183776811 0.00035393452875497739 0.00033523478380443353 -0.00078542723650792869 -0.00071830998275118564 -0.00013473777507355903
leaf_weight=3334 126643 10092 3035 3025 121085 35019 15835 14565 6105 5370 3002 3021 7426 6197
leaf_count=3334 126643 10092 3035 3025 121085 35019 15835 14565 6105 5370 3002 3021 7426 6197
internal_value=2.74736e-06 5.59787e-05 0.000343625 -0.000305066 3.49372e-05 -2.20388e-05 0.000197153 0.000146916 3.58322e-05 -0.0002231 0.000245183 -0.000227234 -0.000317206 -0.000475066
internal_weight=363754 237111 16152 6060 220959 163530 57429 54095 39530 17672 21858 6023 42445 12302
internal_count=363754 237111 16152 6060 220959 163530 57429 54095 39530 17672 21858 6023 42445 12302
is_linear=0
shrinkage=0.03


Tree=200
num_leaves=15
num_cat=0
split_feature=47 36 36 36 53 24 58 33 32 51 34 36 66 36
split_gain=1.99207 2.96859 2.35401 3.33942 2.03332 1.9216 2.62341 2.20144 5.23021 2.96057 2.58081 3.12692 2.34658 2.92213
threshold=-0.41325837316775399 -0.14562966001539632 -0.027945603248189784 0.37117245660874065 -0.23076003384468233 0.039351214863735502 -0.47259040473622238 0.094287487977173082 0.29111061089904339 0.0040669865769983335 0.20565297517661188 -0.11897829513036882 0.15430843168556871 -0.093138728555395192
decision_type=2 2 2 2 2 2 2 2 2 2 2 2 2 2
left_child=1 -1 4 -4 -3 7 -7 8 12 -9 -11 -12 13 -2
right_child=5 2 3 -5 -6 6 -8 9 -10 10 11 -13 -14 -15
leaf_value=-0.0011005700089577598 0.000393381576347473 0.00054759405327109488 -0.0010365918464784294 0.00013489143382829132 -0.00014325971679643137 -0.00080750865921260537 -3.4558620460127426e-05 0.00047956807383522134 -0.0011064661635534934 -0.00027844884462533114 -0.00037091386130757659 0.00047300310688725989 -0.00015666765097079393 -7.1522215318748317e-07
leaf_weight=3175 26898 5441 5075 3843 12918 4042 160048 25744 3636 13022 5282 15604 33979 45678
leaf_count=3175 26898 5441 5075 3843 12918 4042 160048 25744 3636 13022 5282 15604 33979 45678
internal_value=-1.61708e-06 -0.000233858 -0.000132607 -0.000532183 6.16731e-05 1.95678e-05 -5.36466e-05 9.03012e-05 1.08282e-05 0.00023708 5.28878e-05 0.000259504 4.90542e-05 0.000145378
internal_weight=364385 30452 27277 8918 18359 333933 164090 169843 110191 59652 33908 20886 106555 72576
internal_count=364385 30452 27277 8918 18359 333933 164090 169843 110191 59652 33908 20886 106555 72576
is_linear=0
shrinkage=0.03


Tree=201
num_leaves=15
num_cat=0
split_feature=47 57 34 33 42 47 40 52 9 22 23 58 47 59
split_gain=2.58516 2.2017 2.17196 5.52 5.67758 2.54437 3.08119 2.28096 3.66917 3.57486 3.43366 3.24357 2.50894 2.54283
threshold=0.48848899958489006 0.48506532296854882 0.33170081728683354 0.027476650907991233 0.21967809186625301 -0.074399629140096166 -0.11991166831647783 -0.27434742541327506 0.19928783357706195 0.17938291962107963 0.14938405304396443 0.14273831447338939 -0.4604760454859676 -0.39388321995464848
decision_type=2 2 2 2 2 2 2 2 2 2 2 2 2 2
left_child=1 2 7 4 -4 6 -5 8 -1 10 12 -11 -9 -14
right_child=-2 -3 3 5 -6 -7 -8 9 -10 11 -12 -13 13 -15
leaf_value=6.7243453486109781e-05 0.00074141833864076548 -0.00071393079536606337 1.6273800809886873e-05 0.00032113456616918228 -0.001570276296856038 0.00050856893532061332 -0.00040299733281840244 -0.00080069737382286368 0.001018301199935527 -6.7922233106308756e-05 -0.00046732550248793189 0.00032090389608069981 0.00027859583839534655 -0.00012471012092652646
leaf_weight=63159 4190 3914 6192 15436 3010 24905 8032 4370 3865 49332 27281 31714 16287 102964
leaf_count=63159 4190 3914 6192 15436 3010 24905 8032 4370 3865 49332 27281 31714 16287 102964
internal_value=1.43042e-06 -7.19153e-06 5.86519e-07 0.000169298 -0.000503832 0.000297425 7.3232e-05 -3.1908e-05 0.000122231 -7.64514e-05 -0.00016276 8.42496e-05 -9.55155e-05 -6.96089e-05
internal_weight=364651 360461 356547 57575 9202 48373 23468 298972 67024 231948 150902 81046 123621 119251
internal_count=364651 360461 356547 57575 9202 48373 23468 298972 67024 231948 150902 81046 123621 119251
is_linear=0
shrinkage=0.03


Tree=202
num_leaves=15
num_cat=0
split_feature=44 22 57 63 39 57 18 20 57 36 46 33 65 19
split_gain=2.03592 2.08559 1.50208 1.44758 1.81412 2.2755 2.7841 1.63331 1.71678 1.69017 2.12809 4.88778 3.15181 2.42892
threshold=0.14027539766953348 0.28034845275357972 0.48506532296854882 -0.062846129786020485 0.137743361742968 -0.41729935593918183 0.047214947957930915 -0.071585356749818793 -0.40577183464409811 -0.050417982088782946 -0.20254731158770431 -1.0000000180025095e-35 0.062779023418036886 -0.17756662176611904
decision_type=2 2 2 2 2 2 2 2 2 2 2 2 2 2
left_child=2 -2 3 7 5 6 -5 9 -9 10 13 -12 -13 -1
right_child=1 -3 -4 4 -6 -7 -8 8 -10 -11 11 12 -14 -15
leaf_value=0.0011738483627925279 -0.00015665214770380903 0.00013144449852628106 -0.00059824291768572865 -5.8745671178512807e-05 0.00015683099112497268 -3.9212036289988426e-05 -0.0012766423302792572 0.000746134166562405 0.00019595536173005706 -0.00024111136912098244 0.0003099630923300818 -9.3845585370468725e-05 -0.0014032350204551272 0.00016290322079425936
leaf_weight=3268 102139 29037 3117 3726 41454 76600 3082 5619 55000 15820 12691 3618 3041 6167
leaf_count=3268 102139 29037 3117 3726 41454 76600 3082 5619 55000 15820 12691 3618 3041 6167
internal_value=1.67235e-06 -9.28742e-05 5.48562e-05 6.37294e-05 -5.34984e-06 -8.59633e-05 -0.000611155 0.000145694 0.000247068 7.89946e-06 0.00014479 -3.53771e-05 -0.000693019 0.000513936
internal_weight=364379 131176 233203 230086 124862 83408 6808 105224 60619 44605 28785 19350 6659 9435
internal_count=364379 131176 233203 230086 124862 83408 6808 105224 60619 44605 28785 19350 6659 9435
is_linear=0
shrinkage=0.03


Tree=203
num_leaves=15
num_cat=0
split_feature=65 51 49 59 34 41 47 65 41 51 65 16 53 43
split_gain=2.19665 2.72721 3.73105 3.42125 3.63105 2.82362 2.47076 2.78897 2.55459 2.4427 5.34986 3.37645 3.38007 2.95981
threshold=0.26633387653124502 0.38246448321891691 0.083185838859807695 -0.23226081443608382 0.39401312695860341 -0.031421401327230196 0.1147793980396863 0.33248442711080756 0.20482575008584594 -0.031232252935874335 0.14933055543383436 -0.42917135374611542 0.47333696046427282 0.066730812003779907
decision_type=2 2 2 2 2 2 2 2 2 2 2 2 2 2
left_child=9 3 -3 5 6 -2 -5 -8 -9 11 -11 -1 -13 -12
right_child=1 2 -4 4 -6 -7 7 8 -10 10 13 12 -14 -15
leaf_value=-0.0005443001536419124 0.00030976836919201591 -0.00029416678010329723 0.00093145189258150569 -0.00074944308086844489 0.00037734270000611337 -0.00020464824987062333 0.0003996319366496263 4.1346058408143441e-05 -0.00096588806887356856 -0.0001161062631100777 2.9178656260821325e-05 0.00014462368138652522 0.0011366229669424177 0.00073282623745349329
leaf_weight=6246 15910 4174 4794 17940 4671 24193 4476 4113 5035 127538 10353 120542 3163 11193
leaf_count=6246 15910 4174 4794 17940 4671 24193 4476 4113 5035 127538 10353 120542 3163 11193
internal_value=-9.43891e-08 -0.000133311 0.000361317 -0.000191458 -0.0004027 -5.38208e-07 -0.000518217 -0.000213414 -0.000513478 4.06355e-05 -4.22344e-05 0.000135703 0.000170078 0.000394889
internal_weight=364341 85306 8968 76338 36235 40103 31564 13624 9148 279035 149084 129951 123705 21546
internal_count=364341 85306 8968 76338 36235 40103 31564 13624 9148 279035 149084 129951 123705 21546
is_linear=0
shrinkage=0.03


Tree=204
num_leaves=15
num_cat=0
split_feature=2 47 41 28 66 36 60 36 42 35 65 60 51 33
split_gain=2.1602 2.10464 2.39313 2.11876 2.59301 3.51466 6.06665 3.8098 3.83358 3.42326 3.03169 4.32082 3.26879 3.26227
threshold=0.44499565720903306 0.35529436714830265 0.29129392834278406 0.18088100131483206 -0.055491975677423054 -0.060610318262187428 0.15523595555666916 0.37117245660874065 -0.19053368899380899 0.081927382912160354 -0.082586408327754365 -0.012038740737006585 -0.031232252935874335 0.094287487977173082
decision_type=2 2 2 2 2 2 2 2 2 2 2 2 2 2
left_child=1 3 -3 4 5 6 9 8 -7 -1 12 -12 -6 -13
right_child=-2 2 -4 -5 10 7 -8 -9 -10 -11 11 13 -14 -15
leaf_value=-3.2631245541738546e-05 -0.00030453247767874545 0.0004662626633837061 1.1872655216441341e-05 -0.00013110868378621011 0.00031221751590474074 -0.00089077963774318526 0.00081185882480821494 0.00040149605319988215 -6.1563214121515989e-05 0.0006144259427259504 3.5614677447301769e-05 -0.00087768091282453399 -0.00012380579025291836 -0.00013038608756792537
leaf_weight=31975 20100 18755 23491 93451 28033 6161 15488 12319 26860 9548 22701 12280 34517 9195
leaf_count=31975 20100 18755 23491 93451 28033 6161 15488 12319 26860 9548 22701 12280 34517 9195
internal_value=-2.29235e-06 1.53363e-05 0.000213661 -1.23645e-05 4.07142e-05 0.000148592 0.000305346 -4.85372e-05 -0.0002165 0.000116268 -6.27453e-05 -0.000252977 7.16252e-05 -0.00055792
internal_weight=364874 344774 42246 302528 209077 102351 57011 45340 33021 41523 106726 44176 62550 21475
internal_count=364874 344774 42246 302528 209077 102351 57011 45340 33021 41523 106726 44176 62550 21475
is_linear=0
shrinkage=0.03


Tree=205
num_leaves=15
num_cat=0
split_feature=52 64 52 9 63 9 43 8 9 52 43 7 69 36
split_gain=2.19353 2.67341 2.98939 2.56992 2.16137 2.15858 2.07546 2.2629 1.89852 5.36027 2.1501 1.84197 2.07041 4.13369
threshold=-0.37774234998070416 0.42187060848791463 -0.055818081843074095 -0.028428884244052956 -0.29576162745956031 -0.41662140093147582 0.19618353366114552 0.10566248252773043 0.46492175748317965 0.30570085076806797 -0.4521466339387592 -0.27374869414149489 -0.0040333425879331688 -0.14562966001539632
decision_type=2 2 2 2 2 2 2 2 2 2 2 2 2 2
left_child=3 5 4 -1 -3 6 7 -2 10 -10 -7 -12 13 -13
right_child=1 2 -4 -5 -6 8 -8 -9 9 -11 11 12 -14 -15
leaf_value=0.00010873721502631224 -0.00020825480519672348 -0.00054533237492844164 -0.00060262899790897932 0.00076665765282023528 0.00039723874264359918 -0.00042879552462682152 0.00015308518111508678 -0.0011618312825452939 0.00089194521333959003 -0.00058414342996648523 -0.00014395311265999174 -0.00039807457534769136 -3.8809953656943339e-05 0.00021093483215040424
leaf_weight=38327 5073 3303 14378 6200 6447 9971 4577 4008 6922 3245 49978 11158 101952 98550
leaf_count=38327 5073 3303 14378 6200 6447 9971 4577 4008 6922 3245 49978 11158 101952 98550
internal_value=3.25572e-06 -2.4233e-05 -0.000327796 0.000200499 7.76931e-05 5.69127e-07 -0.000367617 -0.000629941 1.8428e-05 0.000420711 3.35456e-06 1.98395e-05 5.85199e-05 0.000148964
internal_weight=364089 319562 24128 44527 9750 295434 13658 9081 281776 10167 271609 261638 211660 109708
internal_count=364089 319562 24128 44527 9750 295434 13658 9081 281776 10167 271609 261638 211660 109708
is_linear=0
shrinkage=0.03


Tree=206
num_leaves=15
num_cat=0
split_feature=47 42 43 41 60 9 58 47 51 41 35 55 66 53
split_gain=2.70792 3.17033 3.69326 4.74399 5.37814 3.60537 3.41528 3.28643 2.94297 2.82458 2.56546 2.41541 2.15366 2.03756
threshold=-0.28706759060661052 -0.41211674290992284 -0.31719064888491105 -0.0080664878933669731 0.19045695281062072 0.16405739379084969 -0.47259040473622238 0.33615984502120716 -0.23974896348503169 -0.25190770135214574 -0.34421369166059929 -0.26550550271970541 0.37492877455877571 -0.22680850611773976
decision_type=2 2 2 2 2 2 2 2 2 2 2 2 2 2
left_child=13 7 5 4 10 -3 -5 11 -6 12 -4 -2 -7 -1
right_child=1 2 3 6 8 9 -8 -9 -10 -11 -12 -13 -14 -15
leaf_value=6.3783232775695538e-05 -0.00040858118360302301 -0.00072758997386534216 -0.00031936619742236493 -0.00093038383945861006 0.0013655126510426665 -9.08443560523708e-05 -2.0227224359648537e-05 0.0012266866203145459 0.00047606957907494584 -0.00048714293518521722 0.00018834086481459245 0.00045168342574060453 0.00093743569741905558 -0.00026717111995129713
leaf_weight=25136 3971 11226 10671 3790 4316 3874 157626 3664 14914 5860 55514 11206 3467 50108
leaf_count=25136 3971 11226 10671 3790 4316 3874 157626 3664 14914 5860 55514 11206 3467 50108
internal_value=3.74003e-06 4.53368e-05 1.91923e-05 5.402e-05 0.000234807 -0.000332615 -4.16537e-05 0.000421536 0.000676303 3.56486e-06 0.000106447 0.000226478 0.000395405 -0.000156619
internal_weight=365343 290099 271258 246831 85415 24427 161416 18841 19230 13201 66185 15177 7341 75244
internal_count=365343 290099 271258 246831 85415 24427 161416 18841 19230 13201 66185 15177 7341 75244
is_linear=0
shrinkage=0.03


Tree=207
num_leaves=15
num_cat=0
split_feature=20 23 22 29 53 59 69 22 68 47 56 65 45 64
split_gain=2.12369 2.26802 2.15549 2.15236 2.11699 2.13292 2.27073 1.77426 1.81097 1.64394 1.68949 1.87761 2.02047 2.72825
threshold=0.38957921937058365 -0.11186291390069368 0.22590944643035873 -0.2775800655405512 0.027639196310389306 -0.38209882711916343 -0.043290197600558376 -0.035838780145437253 0.22127631418520075 0.36306260783269378 0.35857724595089685 0.21214690158505736 0.25581081250863774 0.011756106177269078
decision_type=2 2 2 2 2 2 2 2 2 2 2 2 2 2
left_child=1 -1 3 -3 5 6 -5 8 -7 10 11 12 13 -4
right_child=-2 2 9 4 -6 7 -8 -9 -10 -11 -12 -13 -14 -15
leaf_value=5.0138286568255149e-05 0.00018491395653772068 -0.00042343132541127127 -1.7051803245902485e-06 0.00064748424145900387 9.4549546045991777e-06 -0.00040401061252994902 -0.0002671076134924799 -0.00016644189264951797 -0.0010857328458779166 0.00045243688796524985 -0.00070818745189950554 -0.00022393164331086209 -0.00037582181606849493 0.00057965601555065886
leaf_weight=130199 40025 26582 17345 4283 53611 14051 5661 19631 4675 7305 3073 19373 5664 12491
leaf_count=130199 40025 26582 17345 4283 53611 14051 5661 19631 4675 7305 3073 19373 5664 12491
internal_value=-2.12183e-05 -4.6692e-05 -0.000111762 -0.000183065 -0.000120334 -0.000264363 0.000127073 -0.000365849 -0.000574693 2.86548e-05 -2.48384e-05 1.35526e-05 0.000143179 0.000241797
internal_weight=363969 323944 193745 128494 101912 48301 9944 38357 18726 65251 57946 54873 35500 29836
internal_count=363969 323944 193745 128494 101912 48301 9944 38357 18726 65251 57946 54873 35500 29836
is_linear=0
shrinkage=0.03


Tree=208
num_leaves=15
num_cat=0
split_feature=43 22 55 47 44 39 27 47 45 53 64 47 63 68
split_gain=2.11939 1.93215 2.29944 2.14671 2.08519 1.95559 2.32097 1.90332 1.80711 1.75203 2.1321 2.77608 3.03812 1.73435
threshold=-0.48411796920301525 0.24926542323420989 0.48087355269399884 0.0080690253662837903 0.19562870658417517 0.42608822652649819 -0.35664524150897275 -1.0000000180025095e-35 0.31004029807385547 0.27105546617609405 0.33558097301514511 0.30060698167081151 0.13426727374499983 -0.20117059999658216
decision_type=2 2 2 2 2 2 2 2 2 2 2 2 2 2
left_child=-1 2 4 7 5 6 -2 13 9 10 11 12 -5 -3
right_child=1 3 -4 8 -6 -7 -8 -9 -10 -11 -12 -13 -14 -15
leaf_value=-0.00057788515247532142 -0.00027239997931876567 0.00030957261958379311 0.0006559982382932536 0.0008654089677252166 -0.00016324227655184733 0.00041658726148031077 4.0711256375166529e-05 -0.00070835367118966179 3.369158558882688e-05 -0.00011763043191915554 -0.0001255817326328623 0.001448983566532065 4.1952445653756249e-05 -9.1055040952057881e-05
leaf_weight=5484 24866 14790 4386 9054 80397 10534 148480 3223 16090 4370 3682 3331 7266 28353
leaf_count=5484 24866 14790 4386 9054 80397 10534 148480 3223 16090 4370 3682 3331 7266 28353
internal_value=6.8826e-06 1.58357e-05 -2.44928e-05 0.000135999 -3.58108e-05 1.99113e-05 -4.2168e-06 -6.27537e-06 0.0002866 0.000433425 0.000536637 0.000660718 0.000499039 4.63254e-05
internal_weight=364306 358822 268663 90159 264277 183880 173346 46366 43793 27703 23333 19651 16320 43143
internal_count=364306 358822 268663 90159 264277 183880 173346 46366 43793 27703 23333 19651 16320 43143
is_linear=0
shrinkage=0.03


Tree=209
num_leaves=15
num_cat=0
split_feature=47 41 36 36 34 66 58 63 25 53 66 36 53 65
split_gain=2.05227 3.58654 2.99736 3.77505 2.84168 2.706 3.45377 2.40662 2.80539 2.35193 2.28181 2.16142 2.04789 3.89133
threshold=0.25709548169768498 0.31496403778550153 -0.15506340131212476 -0.050865683553501455 0.24936627727658264 -0.011723424784585932 -0.090012314974944954 -0.011956629838178827 0.16065263033620561 0.45767664953420267 0.42233618533323991 -0.00662044802379566 -0.2506861198002055 0.21991819542989025
decision_type=2 2 2 2 2 2 2 2 2 2 2 2 2 2
left_child=7 4 -3 10 5 6 -2 8 12 11 -4 -9 -1 -14
right_child=1 2 3 -5 -6 -7 -8 9 -10 -11 -12 -13 13 -15
leaf_value=0.000169931136946268 -7.5593044731611162e-05 0.00073162715556843638 -0.00020960024220636044 0.00020379166592620073 0.00081008657642208412 6.3596165645983006e-05 0.0012277224163357145 -8.5578941206412382e-05 0.00023513798228185303 0.00055904783948984202 -0.00089942915286368632 -0.00039748432283811955 -2.9490232269827016e-05 -0.00063704859652362745
leaf_weight=29314 3052 3936 16173 16710 8874 26391 4556 100957 50348 4380 5881 24927 57782 11342
leaf_count=29314 3052 3936 16173 16710 8874 26391 4556 100957 50348 4380 5881 24927 57782 11342
internal_value=9.9925e-06 0.000138509 -5.61016e-05 -0.000136254 0.000332302 0.000207396 0.000705476 -2.94217e-05 5.30126e-05 -0.000123574 -0.000393877 -0.000147368 -4.01533e-05 -0.000129257
internal_weight=364623 85573 42700 38764 42873 33999 7608 279050 148786 130264 22054 125884 98438 69124
internal_count=364623 85573 42700 38764 42873 33999 7608 279050 148786 130264 22054 125884 98438 69124
is_linear=0
shrinkage=0.03


Tree=210
num_leaves=15
num_cat=0
split_feature=47 51 50 60 61 55 39 59 1 51 59 69 8 0
split_gain=2.4206 2.22245 1.90059 2.4267 3.23035 2.61288 2.56476 1.88839 2.14063 2.10667 1.82317 2.48604 1.75286 1.75239
threshold=0.48848899958489006 0.46481032228044805 -0.37690197048963475 0.46902783702710577 -0.1585961428751361 -0.48365209825090333 0.15677158603657435 -0.25573672334349007 -0.2613544573677003 0.023971683002652792 0.24787250413974729 0.012145351082960056 0.41125974952586364 -0.42847600088475996
decision_type=2 2 2 2 2 2 2 2 2 2 2 2 2 2
left_child=1 2 10 5 -5 -4 12 8 -8 -10 11 -1 -7 -9
right_child=-2 -3 3 4 -6 6 7 13 9 -11 -12 -13 -14 -15
leaf_value=-0.00020335102952223538 0.00073338346556962885 0.00039479296088563092 -0.00067142625910250608 -0.0012429994435771941 -5.1902822066991687e-05 2.4751521778909089e-06 -0.00034535479319363201 0.00060280167850518946 0.00028921092190707019 0.00091439617209923964 9.2420101190931081e-05 -0.00092992757732477814 -0.00033506742062856397 4.2157794641532781e-05
leaf_weight=19611 4113 12525 4739 3166 5779 187705 3125 5433 14938 7185 11750 5400 14939 64236
leaf_count=19611 4113 12525 4739 3166 5779 187705 3125 5433 14938 7185 11750 5400 14939 64236
internal_value=1.06029e-05 2.33714e-06 -1.17986e-05 1.22983e-05 -0.000474398 2.67147e-05 3.78556e-05 0.000166539 0.000388769 0.000492577 -0.000215768 -0.000360532 -2.24239e-05 8.59587e-05
internal_weight=364644 360531 348006 311245 8945 302300 297561 94917 25248 22123 36761 25011 202644 69669
internal_count=364644 360531 348006 311245 8945 302300 297561 94917 25248 22123 36761 25011 202644 69669
is_linear=0
shrinkage=0.03


Tree=211
num_leaves=15
num_cat=0
split_feature=7 9 52 57 66 36 36 51 36 9 52 60 52 36
split_gain=1.90058 2.54953 3.95993 4.00417 3.07265 5.07754 4.24557 3.61481 3.20058 3.0477 3.70336 2.48951 2.45343 2.26472
threshold=0.059089519569133726 0.20702058078679966 0.19975189496938248 -0.028093282188804771 -1.0000000180025095e-35 -0.06845549688910256 -0.13567844522417394 -0.20847263422144202 -0.19701182081300339 -0.22600344720968579 0.086951105911917029 0.19827841710442942 -0.21498111071621318 -0.10011363077749162
decision_type=2 2 2 2 2 2 2 2 2 2 2 2 2 2
left_child=1 4 3 -3 5 8 7 -6 -1 12 -11 -10 -8 -13
right_child=-2 2 -4 -5 6 -7 9 -9 11 10 -12 13 -14 -15
leaf_value=-0.00073895388961014443 7.4944969455309168e-05 -0.00061169148974539022 -0.00021965340769049296 0.00041405559279158804 0.0010500786821724722 -0.0002929354587995683 -0.00048764155856299629 -0.00010342777652567912 0.00011330656970086813 -5.8078448120792415e-05 -0.00087752335746109843 0.00022814994537845927 -0.0012335923733747265 0.0010661199028758972
leaf_weight=3280 151104 3834 20725 31494 3461 35248 16759 8267 39935 26983 6073 6368 5202 5335
leaf_count=3280 151104 3834 20725 31494 3461 35248 16759 8267 39935 26983 6073 6368 5202 5335
internal_value=-6.42661e-06 -6.41629e-05 0.000109494 0.000302594 -0.000126201 -1.19754e-05 -0.000280484 0.000237583 0.000168374 -0.000390943 -0.000208846 0.000226138 -0.000664819 0.000610736
internal_weight=364068 212964 56053 35328 156911 90166 66745 11728 54918 55017 33056 51638 21961 11703
internal_count=364068 212964 56053 35328 156911 90166 66745 11728 54918 55017 33056 51638 21961 11703
is_linear=0
shrinkage=0.03


Tree=212
num_leaves=15
num_cat=0
split_feature=23 44 9 52 60 57 65 42 19 60 33 9 18 33
split_gain=2.42361 2.54147 1.73724 2.21605 3.18453 2.72609 3.02649 2.77845 2.38093 2.26494 2.05307 1.86015 2.09561 1.84158
threshold=-0.060072620778119666 0.13631237221902495 -0.45221545869214258 -0.019930618021344351 0.1788881865430538 -0.35851251355172903 -0.21059997139409442 0.015812688993762428 0.24345422783755924 0.020264803608434138 -0.20798810058176886 0.18763797985311395 0.043277518016757895 1.0000000180025095e-35
decision_type=2 2 2 2 2 2 2 2 2 2 2 2 2 2
left_child=1 -1 -2 4 5 -4 9 8 -8 10 -7 -6 -13 -12
right_child=2 -3 3 -5 11 6 7 -9 -10 -11 13 12 -14 -15
leaf_value=0.00018823222179816266 -0.00044909991256956679 -6.0098048603915895e-05 -0.00087778559060049577 -0.00013182036633466033 0.00018751558061207456 -0.00096465210707486837 0.00010128525669364039 0.00048536673209783189 -0.00079563576565295038 0.00018074485972285903 0.0001262582921007301 0.0013408738007788393 0.00031865990647882153 -0.00060778317129814427
leaf_weight=101116 9763 58569 3397 106025 21512 4863 13466 15038 3310 7518 6217 3048 4426 6073
leaf_count=101116 9763 58569 3397 106025 21512 4863 13466 15038 3310 7518 6217 3048 4426 6073
internal_value=9.56027e-06 9.7152e-05 -5.87855e-05 -3.9211e-05 7.12801e-05 -5.36707e-05 -3.96193e-06 0.000189392 -7.60509e-05 -0.000253273 -0.000443494 0.000329345 0.000736767 -0.000236661
internal_weight=364341 159685 204656 194893 88868 59882 56485 31814 16776 24671 17153 28986 7474 12290
internal_count=364341 159685 204656 194893 88868 59882 56485 31814 16776 24671 17153 28986 7474 12290
is_linear=0
shrinkage=0.03


Tree=213
num_leaves=15
num_cat=0
split_feature=47 65 57 68 47 36 35 65 30 50 41 36 59 55
split_gain=2.24248 2.59709 2.21897 2.1312 2.15484 3.52578 2.91763 2.76197 2.4564 2.23016 2.34144 2.41362 2.09609 2.15126
threshold=0.48848899958489006 -0.48386655608103335 0.48506532296854882 0.25557985619427387 1.0000000180025095e-35 -0.11897829513036882 0.15644363736879688 0.43430250516151059 -0.34642647797688825 -0.38895042962626653 0.37418455657906452 -0.035395442390528213 -0.45670357076595919 -0.13072092290731549
decision_type=2 2 2 2 2 2 2 2 2 2 2 2 2 2
left_child=1 -1 3 12 6 -6 -5 9 -8 -7 -11 -12 13 -3
right_child=-2 2 -4 4 5 7 8 -9 -10 10 11 -13 -14 -15
leaf_value=0.00063729273640240555 0.00070063393899021911 -4.0131094953759583e-05 -0.00075732390773253244 -0.00050692278619428061 0.00048649180718121214 -0.00082772445692531318 0.00071457854868738741 -0.00098120139450295538 -0.00022808251915936182 0.00018971876918385673 -0.00069711918552389362 0.0001557995634340269 2.2654018208287729e-05 0.00084018300347570593
leaf_weight=5658 4151 4384 3530 23314 10314 3129 3690 3183 7585 22345 6881 5264 255807 5796
leaf_count=5658 4151 4384 3530 23314 10314 3129 3690 3183 7585 22345 6881 5264 255807 5796
internal_value=8.16939e-06 1.85167e-07 -9.98038e-06 -2.45783e-06 -0.000132549 -8.79513e-06 -0.000315379 -0.000134083 8.07846e-05 -6.21655e-05 7.50729e-06 -0.000327615 3.9463e-05 0.00046141
internal_weight=365031 360880 355222 351692 85705 51116 34589 40802 11275 37619 34490 12145 265987 10180
internal_count=365031 360880 355222 351692 85705 51116 34589 40802 11275 37619 34490 12145 265987 10180
is_linear=0
shrinkage=0.03


Tree=214
num_leaves=15
num_cat=0
split_feature=44 53 59 51 8 36 39 45 9 53 43 52 53 9
split_gain=2.15585 1.5366 1.92606 1.69061 2.41217 2.00334 1.79948 1.67245 1.5356 2.88893 2.61564 2.19805 2.02402 2.30071
threshold=0.14027539766953348 0.45767664953420267 0.41004238846203622 0.46481032228044805 0.42300192222576216 -0.073100634096701353 0.43770756346372552 0.47303572750957651 -0.23782775329372338 -0.12359076311362595 1.0000000180025095e-35 -0.32996401997424618 -0.2506861198002055 0.39484087401845397
decision_type=2 2 2 2 2 2 2 2 2 2 2 2 2 2
left_child=1 3 -3 4 6 -6 7 -1 10 12 11 -2 -10 -14
right_child=8 2 -4 -5 5 -7 -8 -9 9 -11 -12 -13 13 -15
leaf_value=2.6553624820066662e-05 -0.00024372669176380825 0.00081349824504172244 -9.5474469844342944e-05 0.00048566469395147264 -0.0008800716725418555 -7.5145886764827461e-05 0.00048017633587357582 0.00073412742172780697 -5.9997949429839897e-05 0.00010281946728053473 -5.1322835248247954e-05 -0.0010373258862963603 -0.00072589110500085035 9.8845208618742147e-05
leaf_weight=193132 6925 5275 3476 7653 4523 7213 8621 3044 24851 59125 19585 5751 11052 4197
leaf_count=193132 6925 5275 3476 7653 4523 7213 8621 3044 24851 59125 19585 5751 11052 4197
internal_value=8.15999e-06 6.29803e-05 0.000452747 4.77464e-05 3.22472e-05 -0.000385846 5.62239e-05 3.75697e-05 -8.89555e-05 -3.04867e-05 -0.000268723 -0.00060431 -0.000227015 -0.000498982
internal_weight=364423 232937 8751 224186 216533 11736 204797 196176 131486 99225 32261 12676 40100 15249
internal_count=364423 232937 8751 224186 216533 11736 204797 196176 131486 99225 32261 12676 40100 15249
is_linear=0
shrinkage=0.03


Tree=215
num_leaves=15
num_cat=0
split_feature=52 58 4 65 36 65 66 41 65 22 7 65 22 58
split_gain=1.92914 2.40564 2.80833 2.44942 2.87959 2.38078 2.13027 3.20136 4.48023 1.98107 1.85755 1.77449 1.82706 1.82181
threshold=-0.37774234998070416 -0.25567874692874687 0.38774676776367323 -0.031920507494526455 -0.13567844522417394 -0.21059997139409442 0.44955750672224309 -0.23258849404431584 -0.21478878852990721 0.023698001690352969 -0.28169231841264025 0.41877727614237709 0.28034845275357972 -0.3823878832786422
decision_type=2 2 2 2 2 2 2 2 2 2 2 2 2 2
left_child=1 9 3 4 -3 -6 10 -8 -9 -1 11 12 13 -2
right_child=6 2 -4 -5 5 -7 7 8 -10 -11 -12 -13 -14 -15
leaf_value=-0.0004636070733847547 0.00047210960005991448 0.001122888684344333 0.0011902386468680068 -0.00031110516474568823 2.572910606107279e-05 0.00076601079897156265 0.00023890631506093233 -0.00014227974263278319 -0.001467843307373267 0.00034288760934034868 3.5280555469456009e-05 -0.00075758135682460004 0.00023415415195330498 -0.00025106276564463025
leaf_weight=7580 3390 3846 3059 5878 14419 5355 5003 5461 3951 4282 246469 4047 11212 40362
leaf_count=7580 3390 3846 3059 5878 14419 5355 5003 5461 3951 4282 246469 4047 11212 40362
internal_value=7.98507e-06 0.000193223 0.00032646 0.000236511 0.000372863 0.000226491 -1.77414e-05 -0.000373997 -0.000699696 -0.000172431 -9.18678e-07 -0.000152091 -0.000107379 -0.000194935
internal_weight=364314 44419 32557 29498 23620 19774 319895 14415 9412 11862 305480 59011 54964 43752
internal_count=364314 44419 32557 29498 23620 19774 319895 14415 9412 11862 305480 59011 54964 43752
is_linear=0
shrinkage=0.03


Tree=216
num_leaves=15
num_cat=0
split_feature=58 33 33 36 33 42 36 36 9 36 36 42 41 34
split_gain=2.17851 5.34865 22.0967 6.99439 6.01082 6.66775 4.74528 4.48865 3.73739 3.00254 2.96076 2.72538 2.53486 2.38033
threshold=0.14669911114101389 -0.034911713443103558 1.0000000180025095e-35 -0.05118731548302443 -1.0000000180025095e-35 -0.0040748701741837303 -0.075831915627502897 0.2770402964666917 -0.056139282410026796 -0.069152892561983467 -0.12482401406701597 -0.059807159893441146 -0.019577874683339682 0.4297494239408382
decision_type=2 2 2 2 2 2 2 2 2 2 2 2 2 2
left_child=-1 10 4 6 -3 8 13 -5 -6 -8 -2 -12 -11 -4
right_child=1 2 3 7 5 -7 9 -9 -10 12 11 -13 -14 -15
leaf_value=-5.3862261615490305e-05 0.00030874708926357532 0.0002304015273634673 -0.00014319787092250975 0.00082413231695463614 0.0013494602721012762 0.00072966038622040649 -0.0013602099942455052 -6.4833543498919177e-05 0.0027440210615112836 0.00012021809531487423 -0.00054471513089563047 -4.3406759453517913e-05 -0.00094157079713362948 0.00063529719959448639
leaf_weight=238419 10536 3967 21629 11682 3016 4974 4380 9081 4160 4248 16962 22974 3851 4215
leaf_count=238419 10536 3967 21629 11682 3016 4974 4380 9081 4160 4248 16962 22974 3851 4215
internal_value=-5.84691e-07 0.000100485 0.000260805 -7.83493e-06 0.00124505 0.00157588 -0.000248073 0.000435486 0.00216059 -0.000728228 -0.000138396 -0.00025641 -0.000385191 -1.60334e-05
internal_weight=364094 125675 75203 59086 16117 12150 38323 20763 7176 12479 50472 39936 8099 25844
internal_count=364094 125675 75203 59086 16117 12150 38323 20763 7176 12479 50472 39936 8099 25844
is_linear=0
shrinkage=0.03


Tree=217
num_leaves=15
num_cat=0
split_feature=39 52 55 63 57 36 65 42 42 8 48 51 10 55
split_gain=1.79517 2.55626 1.98025 2.61157 2.42764 3.11194 2.93545 2.77081 2.35939 2.26348 2.17673 1.95213 1.9272 1.91084
threshold=0.30879179083628244 -0.36581565486441814 -0.40464302237927907 0.27251308190096496 -0.303567010673641 -0.073100634096701353 -0.31013438271233368 0.21206359643681302 0.43774307243558586 -0.0078274162539349029 0.13823191449693897 0.25494173970625134 -0.13856720282623142 -0.067274962101570038
decision_type=2 2 2 2 2 2 2 2 2 2 2 2 2 2
left_child=1 13 11 9 -5 7 -7 12 -8 10 -4 -3 -6 -1
right_child=-2 2 3 4 5 6 8 -9 -10 -11 -12 -13 -14 -15
leaf_value=-2.6621695498541982e-05 0.00014011287813534568 -0.00046142391573121897 3.7875521060799941e-05 -0.00083750392743378371 -0.0006431335877467155 0.00065581238953688861 -0.00025198648243185911 -0.00086045913985740631 0.00062571236498019261 -0.00010295773935439063 0.00038111626376879243 0.00034713358738033649 0.00012922535082628204 0.00039039412773787146
leaf_weight=18655 69264 18104 79718 5253 4557 5786 16993 8199 3280 81785 21002 3148 7995 21033
leaf_count=18655 69264 18104 79718 5253 4557 5786 16993 8199 3280 81785 21002 3148 7995 21033
internal_value=2.65861e-06 -2.95629e-05 -6.43182e-05 -3.91876e-05 -0.000226583 -0.000157862 6.04226e-05 -0.00043188 -0.000109744 1.42801e-05 0.000109478 -0.000341548 -0.000151468 0.000194422
internal_weight=364772 295508 255820 234568 52063 46810 26059 20751 20273 182505 100720 21252 12552 39688
internal_count=364772 295508 255820 234568 52063 46810 26059 20751 20273 182505 100720 21252 12552 39688
is_linear=0
shrinkage=0.03


Tree=218
num_leaves=15
num_cat=0
split_feature=22 47 55 63 23 52 33 17 51 9 52 61 48 33
split_gain=1.73815 2.73775 2.9481 2.19892 2.59674 2.18707 3.13051 2.47924 2.08183 2.02935 2.91539 2.04363 1.97548 1.94323
threshold=-0.047718942370733451 0.35529436714830265 -0.38470801289858597 0.30388467410590608 0.26596398138951338 -0.043282154507234265 0.21701524005622339 0.03515687912236088 0.11336224602004492 0.3712980988024136 0.24278458397550731 -0.38478077396271043 0.25981388955408447 0.039291006757903375
decision_type=2 2 2 2 2 2 2 2 2 2 2 2 2 2
left_child=9 2 -2 4 -4 12 7 -7 -3 11 -11 13 -5 -1
right_child=1 8 3 5 -6 6 -8 -9 -10 10 -12 -13 -14 -15
leaf_value=-0.00086739830215839294 -0.00035781352621791089 0.00061112364860879079 0.00021273941392190701 0.00039430352454394136 -5.8833380674650362e-05 -0.00042325718462395357 0.0002064739222677281 -0.0014678621840913729 5.2515466214921826e-05 0.00042636081808222569 -0.00044238002209549029 -7.6886412342612388e-05 -0.00044396587641775526 -5.4547719250077402e-05
leaf_weight=5963 16799 13345 82343 7481 51502 6308 4408 3025 10913 14604 4553 134602 3811 4756
leaf_count=5963 16799 13345 82343 7481 51502 6308 4408 3025 10913 14604 4553 134602 3811 4756
internal_value=1.84322e-06 6.1268e-05 2.00075e-05 5.99765e-05 0.000108245 -0.000198042 -0.000452105 -0.000763042 0.000359947 -7.03913e-05 0.000219766 -0.000108654 0.000111249 -0.000507125
internal_weight=364413 199935 175677 158878 133845 25033 13741 9333 24258 164478 19157 145321 11292 10719
internal_count=364413 199935 175677 158878 133845 25033 13741 9333 24258 164478 19157 145321 11292 10719
is_linear=0
shrinkage=0.03


Tree=219
num_leaves=15
num_cat=0
split_feature=47 50 65 45 51 46 69 16 65 60 58 66 52 58
split_gain=2.21027 1.89333 2.27048 2.22678 1.93673 3.49881 2.81719 3.06202 2.67112 3.11713 2.66506 2.63053 2.80856 4.1655
threshold=-0.40939325392632198 -0.37690197048963475 0.48863682348162263 0.26369022218844812 0.38246448321891691 0.32877828884433441 -0.011964515651491424 -0.41333321672523415 0.24702000701406993 0.11937097586825281 -0.46072008120840385 0.36329992692787783 -0.25058397573847485 0.27242412116361703
decision_type=2 2 2 2 2 2 2 2 2 2 2 2 2 2
left_child=-1 3 4 -2 6 -6 7 -3 11 -10 -9 -8 13 -13
right_child=1 2 -4 -5 5 -7 8 10 9 -11 -12 12 -14 -15
leaf_value=-0.00023315272626232321 -8.7018476709926294e-05 -0.00045054306549915739 -0.00069840123448885549 -0.0007943201895689783 0.00059039044795616065 -0.00033029431230970307 9.7249200605066375e-05 0.0010716451065778509 -8.6487331108798325e-05 -0.00066807354672175016 0.00016972531614756279 0.00078358208423303744 -0.00055589932957729677 -0.00067025339370480313
leaf_weight=31947 31896 7032 3564 4572 14349 5004 97658 3025 30189 11428 104135 4295 12457 3007
leaf_count=31947 31896 7032 3564 4572 14349 5004 97658 3025 30189 11428 104135 4295 12457 3007
internal_value=5.15623e-06 2.80519e-05 5.31706e-05 -0.000175886 6.23493e-05 0.000352286 4.18005e-05 0.000155477 -3.98277e-05 -0.000246313 0.000195283 3.33731e-05 -0.000282221 0.000184788
internal_weight=364558 332611 296143 36468 292579 19353 273226 114192 159034 41617 107160 117417 19759 7302
internal_count=364558 332611 296143 36468 292579 19353 273226 114192 159034 41617 107160 117417 19759 7302
is_linear=0
shrinkage=0.03


Tree=220
num_leaves=15
num_cat=0
split_feature=47 65 46 65 30 36 4 30 9 65 52 23 40 3
split_gain=1.99935 4.07765 3.36921 4.31162 3.42944 2.86546 3.5541 3.41604 3.32016 2.57001 2.51435 2.457 2.42389 2.40212
threshold=0.035567273510457804 0.33248442711080756 -0.42391903552082827 0.15325780210460652 0.44487077523212448 -0.13567844522417394 0.020024123305611988 0.19634735229307262 0.19928783357706195 -0.47963364028288163 -0.345998986828774 0.26979787325538623 0.29698224894951519 -0.34146648336136098
decision_type=2 2 2 2 2 2 2 2 2 2 2 2 2 2
left_child=5 2 4 9 -2 6 8 -8 10 -4 -1 12 13 -7
right_child=1 -3 3 -5 -6 11 7 -9 -10 -11 -12 -13 -14 -15
leaf_value=0.00047897491712183248 0.0012010870143521085 -0.00026828084582431578 0.00084169845595356721 0.00045013877369769802 -1.7201588320365491e-05 -0.00025907169068109537 -0.0012979346387438509 -6.0326739276655834e-05 0.00078174276787044549 -2.7161789879413158e-06 -0.000447873467890558 -0.00021578148989288316 -0.0003403288553323717 0.00014810536873986543
leaf_weight=3225 5273 24636 3342 26973 3429 14898 5417 3187 3143 100580 14200 39042 12599 104083
leaf_count=3225 5273 24636 3342 26973 3429 14898 5417 3187 3143 100580 14200 39042 12599 104083
internal_value=9.93924e-06 8.74825e-05 0.000150282 0.000112251 0.000721555 -5.38034e-05 -0.000328515 -0.000840116 -0.000114198 2.45175e-05 -0.000276157 -6.81826e-06 5.51963e-05 9.71039e-05
internal_weight=364027 164233 139597 130895 8702 199794 29172 8604 20568 103922 17425 170622 131580 118981
internal_count=364027 164233 139597 130895 8702 199794 29172 8604 20568 103922 17425 170622 131580 118981
is_linear=0
shrinkage=0.03


Tree=221
num_leaves=15
num_cat=0
split_feature=50 21 2 57 47 36 57 42 36 36 24 49 42 53
split_gain=1.94844 2.22583 2.84299 2.32948 2.251 3.92825 4.699 3.64566 3.13326 5.0565 4.2086 2.87175 3.17427 4.32262
threshold=-0.37690197048963475 0.33042391755110823 0.46879162094379023 -0.3744654058474215 -0.10960526750000434 -0.15506340131212476 -0.17786616488984933 -0.43193873564116586 -0.06845549688910256 0.37685427699600704 -0.055426909654385258 0.035650619480399832 -0.079231988070818868 -0.23457268919010341
decision_type=2 2 2 2 2 2 2 2 2 2 2 2 2 2
left_child=-1 2 4 -3 5 6 -2 -6 11 10 -10 -7 13 -13
right_child=1 3 -4 -5 7 8 -8 -9 9 -11 -12 12 -14 -15
leaf_value=-0.00018054539846962486 -0.0013884325104238093 0.00089933701938593052 -0.00068798405387752028 0.00015521996037028103 0.00077625501843500103 -0.00015568470608582109 4.1275827464859612e-05 5.0008996079399416e-05 -7.8703132440410034e-05 0.00041563923676123083 -0.00071104287397289921 0.0012697988624863449 -6.1368189976197614e-05 0.0002098575674044779
leaf_weight=44380 4461 4131 5319 44317 6458 16526 3850 162884 21098 9337 17186 5830 9698 8519
leaf_count=44380 4461 4131 5319 44317 6458 16526 3850 162884 21098 9337 17186 5830 9698 8519
internal_value=5.6991e-06 3.15649e-05 -1.90166e-06 0.000218841 1.18507e-05 -0.000103781 -0.000726879 7.77492e-05 -4.49871e-05 -0.000210018 -0.000362677 0.000148716 0.000357889 0.000641096
internal_weight=363994 319614 271166 48448 265847 96505 8311 169342 88194 47621 38284 40573 24047 14349
internal_count=363994 319614 271166 48448 265847 96505 8311 169342 88194 47621 38284 40573 24047 14349
is_linear=0
shrinkage=0.03


Tree=222
num_leaves=15
num_cat=0
split_feature=68 36 63 64 45 2 36 23 34 8 55 42 59 36
split_gain=1.93765 2.35512 2.22365 1.84301 1.83366 2.02106 1.79282 1.67919 1.87036 2.04753 2.04937 1.62889 1.59787 2.19547
threshold=0.25557985619427387 -0.13707718563428126 -0.3863828702140733 0.30466179957408668 -0.2338551950869672 -0.229659732588648 0.40803928159448749 0.26206996850614839 0.46902875885176776 0.43857650909683704 -0.48365209825090333 -0.36466137148344785 0.3391204717945619 -0.069222822631913525
decision_type=2 2 2 2 2 2 2 2 2 2 2 2 2 2
left_child=7 3 -3 -2 11 -6 12 8 9 10 -1 -4 13 -7
right_child=1 2 4 -5 5 6 -8 -9 -10 -11 -12 -13 -14 -15
leaf_value=-0.00066102141329306104 6.4764921897278987e-06 -0.00073605652573482147 -1.9333225843960831e-05 0.0007975734625596182 -0.00046006506773717053 0.00024524956113342012 0.00060289259112580927 -0.00010415389501150095 0.00058606150363218936 -0.0004003337932843062 8.6550042303949599e-05 -0.00088363364643403791 -0.00059397053770755663 -0.00019365851925137043
leaf_weight=3348 8662 6287 3122 3809 10915 18061 3949 65897 6112 8548 192475 5276 4573 23711
leaf_count=3348 8662 6287 3122 3809 10915 18061 3949 65897 6112 8548 192475 5276 4573 23711
internal_value=-1.11046e-05 -0.000133383 -0.000196166 0.000248546 -0.000147304 -9.02235e-05 -9.88359e-06 2.79938e-05 6.9369e-05 5.38887e-05 7.37357e-05 -0.000562731 -6.22163e-05 -3.87413e-06
internal_weight=364745 88365 75894 12471 69607 61209 50294 276380 210483 204371 195823 8398 46345 41772
internal_count=364745 88365 75894 12471 69607 61209 50294 276380 210483 204371 195823 8398 46345 41772
is_linear=0
shrinkage=0.03


Tree=223
num_leaves=15
num_cat=0
split_feature=43 23 66 65 33 58 33 58 57 17 35 47 41 36
split_gain=2.02553 1.76814 1.86296 1.78943 1.98388 2.36305 7.91077 2.31933 2.18114 2.08043 1.71347 1.9534 3.14548 3.10002
threshold=-0.48799993633616923 -0.11977517516119486 -0.38194217418407683 0.41877727614237709 -0.062363083554783059 0.13486852607363234 1.0000000180025095e-35 -0.354247379347646 0.10686535715529551 0.1419108312590526 0.2508967006049192 0.11084460938826525 0.15378478079619398 -0.14562966001539632
decision_type=2 2 2 2 2 2 2 2 2 2 2 2 2 2
left_child=-1 2 -2 4 7 8 -7 -4 -6 -8 11 -3 -13 -14
right_child=1 10 3 -5 5 6 9 -9 -10 -11 -12 12 13 -15
leaf_value=-0.0006630660708882366 0.00039621602149227092 -0.00017127962832741902 0.00068148211436034494 -0.00038316085112714219 0.00015554140038215051 0.0012500165267592027 -0.00028396658846795424 -0.00015448599876943927 -0.00033930162080550777 0.00032860397415193952 9.5312492735700452e-05 0.00029730701443776789 0.00057479624101220946 -0.00026184481101253904
leaf_weight=4138 15690 109081 3236 8045 33157 7146 8032 37432 10562 13139 56090 25104 4613 28930
leaf_count=4138 15690 109081 3236 8045 33157 7146 8032 37432 10562 13139 56090 25104 4613 28930
internal_value=-3.91404e-06 3.67534e-06 8.87956e-05 4.88202e-05 7.9687e-05 0.00017425 0.000387696 -8.78159e-05 3.59429e-05 9.61784e-05 -4.82155e-05 -9.62155e-05 4.34059e-05 -0.000146649
internal_weight=364395 360257 136439 120749 112704 72036 28317 40668 43719 21171 223818 167728 58647 33543
internal_count=364395 360257 136439 120749 112704 72036 28317 40668 43719 21171 223818 167728 58647 33543
is_linear=0
shrinkage=0.03


Tree=224
num_leaves=15
num_cat=0
split_feature=47 44 1 1 23 40 29 57 9 33 48 18 22 24
split_gain=1.84525 1.86632 1.71362 2.33105 1.69837 2.03473 1.92363 1.88037 1.76047 1.68941 1.6305 1.61877 1.58843 1.54323
threshold=-0.41731810829955734 0.26572489223124696 -0.28240244945955445 -0.24488057341478534 -0.064087752305220638 0.097408814258981805 0.35290944015776238 0.024096262447659281 0.19542521505803637 0.125736920742654 -0.31006542139705701 -0.06742400177221218 0.20238731847168276 0.46093079846402246
decision_type=2 2 2 2 2 2 2 2 2 2 2 2 2 2
left_child=2 4 -1 -4 5 6 7 -2 -9 11 -5 -8 -3 -6
right_child=1 12 3 10 13 -7 9 8 -10 -11 -12 -13 -14 -15
leaf_value=-0.00060819910274022466 0.00046387132493666804 -0.00019491089755970512 0.00045998000787548788 0.00018714985606714415 -3.3816627971244831e-05 -3.5536131440062624e-05 4.0684865975717254e-05 -0.00010412032450783613 0.00041506032140905191 0.00027036396055912874 -0.00047446786201131677 -0.00085398421586738767 9.3948243181386218e-05 0.00053612653667730649
leaf_weight=8111 32365 59605 5136 4797 138422 37991 3739 13993 10122 6501 11087 3535 24036 4402
leaf_count=8111 32365 59605 5136 4797 138422 37991 3739 13993 10122 6501 11087 3535 24036 4402
internal_value=-9.10755e-06 1.08265e-05 -0.000238072 -9.50301e-05 5.17142e-05 0.000141335 0.00023697 0.000314484 0.000113882 -8.08492e-05 -0.000274666 -0.00039468 -0.0001119 -1.6214e-05
internal_weight=363842 334711 29131 21020 251070 108246 70255 56480 24115 13775 15884 7274 83641 142824
internal_count=363842 334711 29131 21020 251070 108246 70255 56480 24115 13775 15884 7274 83641 142824
is_linear=0
shrinkage=0.03


Tree=225
num_leaves=15
num_cat=0
split_feature=53 8 60 8 53 7 36 66 30 36 46 43 53 34
split_gain=1.96005 2.43932 2.0539 1.91525 2.43764 2.21658 2.44787 3.34928 2.79217 4.0412 2.6706 2.54859 2.42831 2.37659
threshold=0.47712558465205057 0.35286522041041501 0.48467527646623226 -0.04674453291865243 -0.45981225156307864 -0.33343750036621217 -0.060610318262187428 -0.055491975677423054 -0.027665693987941799 0.34558884594941763 0.004139425204414183 0.30052467124213472 -0.11571828784825937 0.32407966798080606
decision_type=2 2 2 2 2 2 2 2 2 2 2 2 2 2
left_child=2 -2 3 4 -1 -6 7 -7 9 10 -8 -12 -11 -9
right_child=1 -3 -4 -5 5 6 8 13 -10 12 11 -13 -14 -15
leaf_value=-0.0003977402849802061 0.0010981827420054617 4.041705671796829e-05 -0.00060889013486962334 -8.3088770018053675e-05 -0.00018461891199998129 0.00042464539619246444 -0.00079021045168722773 -0.00012501760347015427 0.00024563575839008312 0.0007228899462091438 0.00025778062787132382 -0.00060619685640384696 -0.00020656199531152069 0.00047071931246299063
leaf_weight=9923 3130 5233 5371 189150 22886 41912 9820 24796 21669 5555 6871 5543 4632 7951
leaf_count=9923 3130 5233 5371 189150 22886 41912 9820 24796 21669 5555 6871 5543 4632 7951
internal_value=-1.65562e-05 0.000437143 -2.72239e-05 -1.82987e-05 5.7557e-05 8.7376e-05 0.000135735 0.000247066 -1.79488e-05 -0.00019414 -0.000420796 -0.000128173 0.000300483 1.97274e-05
internal_weight=364442 8363 356079 350708 161558 151635 128749 74659 54090 32421 22234 12414 10187 32747
internal_count=364442 8363 356079 350708 161558 151635 128749 74659 54090 32421 22234 12414 10187 32747
is_linear=0
shrinkage=0.03


Tree=226
num_leaves=15
num_cat=0
split_feature=47 69 51 57 36 36 51 69 6 18 45 66 21 57
split_gain=1.76735 3.37672 3.39744 2.53877 2.49659 3.69162 3.10396 2.45178 2.2241 2.21669 2.18827 2.45262 3.20721 3.145
threshold=0.25709548169768498 0.3426069147431377 0.29844352017070214 0.17355367407911662 -0.14521348615967269 -0.050865683553501455 0.27862790552459454 0.12218419676175309 -0.011873389935177918 -0.43712109146891748 0.3988302081195188 -0.29491343846040946 0.35428150021070381 -0.39414145006250262
decision_type=2 2 2 2 2 2 2 2 2 2 2 2 2 2
left_child=10 2 3 7 -3 6 -6 8 -2 -5 11 12 -1 -13
right_child=1 4 -4 9 5 -7 -8 -9 -10 -11 -12 13 -14 -15
leaf_value=4.3800950924474499e-05 0.00061382309471887141 0.00056855987448103853 -0.00024445758139831405 -0.00033061487404731777 -0.00070840976836844571 0.00017821820986544409 0.00011851095321398298 0.00040145236561769368 0.001765913690158415 0.0003772981800325984 0.00075005058872059424 -0.00094409521500334807 0.00069528509051903695 -7.4693800364226281e-05
leaf_weight=63142 3032 4686 8498 5048 12994 15252 5953 8542 3023 18708 3196 3806 7612 200872
leaf_count=63142 3032 4686 8498 5048 12994 15252 5953 8542 3023 18708 3196 3806 7612 200872
internal_value=7.4485e-06 0.000126549 0.000298044 0.000418281 -8.01017e-05 -0.000169123 -0.000448672 0.000729547 0.00119098 0.000226795 -2.9203e-05 -3.8272e-05 0.000113979 -9.09057e-05
internal_weight=364364 85736 46851 38353 38885 34199 18947 14597 6055 23756 278628 275432 70754 204678
internal_count=364364 85736 46851 38353 38885 34199 18947 14597 6055 23756 278628 275432 70754 204678
is_linear=0
shrinkage=0.03


Tree=227
num_leaves=15
num_cat=0
split_feature=47 24 34 33 42 42 0 30 42 47 33 33 41 36
split_gain=1.89013 1.85276 2.78161 3.43268 2.86193 2.5595 2.2271 1.85341 2.64334 4.18028 3.38251 2.088 2.12431 2.01215
threshold=-0.47628446115288214 -0.020138118336341573 0.26487934351323378 0.027476650907991233 0.094276125437732908 0.18870269452947572 -0.17428120322359766 -0.27539958711105428 -0.16625915637148947 -0.20023845524203632 -0.11740459654232478 -0.004060913889561423 0.078797373772813775 -0.10988091816203342
decision_type=2 2 2 2 2 2 2 2 2 2 2 2 2 2
left_child=-1 2 7 4 -4 6 -5 8 10 -10 -2 12 -11 -9
right_child=1 -3 3 5 -6 -7 -8 13 9 11 -12 -13 -14 -15
leaf_value=-0.00046032771720691843 9.0563447914917565e-05 -6.5134017836741568e-05 0.00023581590443923041 0.00052198851913753366 -0.00094421451109202902 0.00079418377355736818 -7.0703694637235011e-05 0.00019137082121449382 -0.00038241736315660182 0.00091145774595444932 0.0014619780551527837 -0.00015629061490939566 0.00015288541704392862 -0.00014828588467473942
leaf_weight=8232 3474 189252 4098 11754 3357 10850 11076 20276 11645 6837 3023 5393 6464 69392
leaf_count=8232 3474 189252 4098 11754 3357 10850 11076 20276 11645 6837 3023 5393 6464 69392
internal_value=-1.11757e-05 -8.03059e-07 7.18214e-05 0.000286092 -0.000296107 0.00041501 0.000234538 2.13046e-06 0.00018126 6.35612e-05 0.000729937 0.000341429 0.0005432 -7.14689e-05
internal_weight=365123 356891 167639 41135 7455 33680 22830 126504 36836 30339 6497 18694 13301 89668
internal_count=365123 356891 167639 41135 7455 33680 22830 126504 36836 30339 6497 18694 13301 89668
is_linear=0
shrinkage=0.03


Tree=228
num_leaves=15
num_cat=0
split_feature=47 1 52 25 34 27 1 36 1 56 22 68 23 58
split_gain=2.06856 2.21008 1.91933 1.93752 2.58945 2.43617 1.89726 1.87648 2.63651 2.58056 2.55628 1.73112 1.79468 2.14364
threshold=-0.4604760454859676 -0.28240244945955445 -0.48036298546783374 0.062979837202689584 0.4019069563309195 -0.36058787301561762 -0.20998252427644978 -0.11064760759887975 0.056105624041805198 -0.32270909208575488 0.089698560127623186 0.33116850506411338 -0.10011608540867721 -0.3704405939407634
decision_type=2 2 2 2 2 2 2 2 2 2 2 2 2 2
left_child=1 -1 -2 4 5 -4 -6 8 9 -7 -11 12 13 -9
right_child=2 -3 3 -5 6 7 -8 11 -10 10 -12 -13 -14 -15
leaf_value=-0.00093370248523913686 0.00050763240449169366 -0.00011262408688707266 -0.00042665306432839242 8.0383969818608185e-05 0.00091279246866440963 -0.00031148247221222779 0.00011770721447261556 0.00070018839633868596 -0.00017216209021316838 0.00019613335799790937 0.00091187045527411231 -0.00036820623227062081 -0.00016824857378414665 1.154452608104127e-05
leaf_weight=4244 6806 9639 17773 149595 3721 4560 9799 4552 16028 11179 7505 20197 61262 37589
leaf_count=4244 6806 9639 17773 149595 3721 4560 9799 4552 16028 11179 7505 20197 61262 37589
internal_value=-5.09819e-06 -0.000364117 9.12954e-06 -7.54646e-07 -6.32691e-05 -9.32467e-05 0.000337045 -5.68406e-05 0.000123788 0.000327848 0.000483965 -0.000114238 -6.46012e-05 8.60791e-05
internal_weight=364449 13883 350566 343760 194165 180645 13520 162872 39272 23244 18684 123600 103403 42141
internal_count=364449 13883 350566 343760 194165 180645 13520 162872 39272 23244 18684 123600 103403 42141
is_linear=0
shrinkage=0.03


Tree=229
num_leaves=15
num_cat=0
split_feature=47 57 58 33 33 46 50 60 36 64 36 36 36 66
split_gain=1.96359 1.87095 2.06582 5.08643 28.711 6.51238 4.42569 3.81707 3.427 4.09379 3.0055 3.37554 2.82234 3.20811
threshold=0.48848899958489006 0.48506532296854882 0.15445450735850594 -1.0000000180025095e-35 1.0000000180025095e-35 -0.043868834742724537 0.055356068420147848 -0.003887062495849108 -0.11897829513036882 -0.035796788305591097 -0.05118731548302443 -0.075831915627502897 -0.058206016223896366 -0.10706084430102082
decision_type=2 2 2 2 2 2 2 2 2 2 2 2 2 2
left_child=1 2 -1 8 5 7 10 -5 9 -4 11 -6 13 -10
right_child=-2 -3 3 4 6 -7 -8 -9 12 -11 -12 -13 -14 -15
leaf_value=-6.0526450607064482e-05 0.00063345820896773986 -0.00067188725862725603 -0.00033195072482317898 0.0029504133624042861 0.00029330015670000147 0.00080715281248435714 -0.00029717984398178405 0.001491759793655226 0.00036071912803744709 0.00079617250030542962 0.00065333547393552776 -0.00057577341980167879 -2.6319512067448956e-05 -0.00070748044291633341
leaf_weight=238314 4218 3872 5031 3382 12366 4975 26600 3159 3014 6795 10194 5949 20902 15586
leaf_count=238314 4218 3872 5031 3382 12366 4975 26600 3159 3014 6795 10194 5949 20902 15586
internal_value=-9.29664e-06 -1.68421e-05 -9.70421e-06 9.29742e-05 0.000265872 0.00162752 -1.89131e-05 0.0022493 -0.000131459 0.000316373 0.000240734 1.08512e-05 -0.000265576 -0.000534285
internal_weight=364357 360139 356267 117953 66625 11516 55109 6541 51328 11826 28509 18315 39502 18600
internal_count=364357 360139 356267 117953 66625 11516 55109 6541 51328 11826 28509 18315 39502 18600
is_linear=0
shrinkage=0.03


Tree=230
num_leaves=15
num_cat=0
split_feature=47 45 52 52 18 64 47 64 52 8 1 18 42 51
split_gain=1.97269 2.99472 3.19158 2.21298 2.44744 2.15377 2.13203 2.0273 1.862 2.23994 2.44183 2.25135 2.98671 2.63499
threshold=0.25709548169768498 0.34856152415597158 0.17663626373084138 -0.23849933556967184 -0.31956402117656585 0.28148033735617078 0.35927802819725035 0.38266116451947041 -0.31408613342874797 0.42300192222576216 -0.2613544573677003 -0.23280652915137909 0.33261348624934972 -0.32240855443901228
decision_type=2 2 2 2 2 2 2 2 2 2 2 2 2 2
left_child=8 2 3 -2 -5 -4 -3 -6 -1 10 -10 -12 13 -13
right_child=1 6 5 4 7 -7 -8 -9 9 -11 11 12 -14 -15
leaf_value=0.00011519928848847434 0.00012184455645561343 -0.00039522346084519517 0.0001398602713871683 8.8452471623807525e-05 0.0010335898974088776 -0.0007945618788665473 7.1814023227289436e-05 0.00017641391559262092 -0.00026550006409549318 -0.00047362194447488851 -0.00020722193237722556 -0.00024746746179123667 -0.00065925556579048931 0.00013481634550699807
leaf_weight=50877 11777 12106 6768 5272 11223 3292 32105 3194 42791 12632 40709 19112 5152 107209
leaf_count=50877 11777 12106 6768 5272 11223 3292 32105 3194 42791 12632 40709 19112 5152 107209
internal_value=-1.01204e-05 0.000115701 0.000298615 0.000447291 0.000641797 -0.000166402 -5.61322e-05 0.000843942 -4.88603e-05 -8.55363e-05 -6.27111e-05 -1.23011e-05 4.80649e-05 7.69629e-05
internal_weight=364219 85737 41526 31466 19689 10060 44211 14417 278482 227605 214973 172182 131473 126321
internal_count=364219 85737 41526 31466 19689 10060 44211 14417 278482 227605 214973 172182 131473 126321
is_linear=0
shrinkage=0.03


Tree=231
num_leaves=15
num_cat=0
split_feature=43 1 1 4 1 60 3 51 60 21 53 32 57 63
split_gain=2.56167 1.68935 2.10638 3.66955 2.80268 2.57444 3.04445 2.86153 2.45024 1.91358 2.1737 1.93809 2.64469 1.87489
threshold=-0.48799993633616923 0.16391574298939329 -0.15888230273403939 -0.01964461128262698 -0.088879613603686139 0.22197194876112827 0.36809081056414361 -0.0040159445871530133 0.079512456716730864 0.13000298864315604 -0.39303414359906441 -0.32257064001987851 -0.27600251925257319 0.32736758569864366
decision_type=2 2 2 2 2 2 2 2 2 2 2 2 2 2
left_child=-1 2 5 4 8 6 7 13 -4 10 -3 12 -12 -2
right_child=1 9 3 -5 -6 -7 -8 -9 -10 -11 11 -13 -14 -15
leaf_value=-0.00073881228991671557 7.0696458383752751e-05 -0.00067253069644205665 0.00081841586631284944 -2.3536453360014114e-05 0.00015081490487956923 0.00019454901081537339 0.0004076385834921663 -0.0003360403013281732 0.00015266254930884087 5.7490355362270582e-05 0.00095810168722540337 -0.00022343396424458908 -3.798685651718751e-05 -0.00050643048348308775
leaf_weight=4138 42751 7408 14430 52539 32573 36161 9575 41951 7599 49799 3064 45021 10921 5737
leaf_count=4138 42751 7408 14430 52539 32573 36161 9575 41951 7599 49799 3064 45021 10921 5737
internal_value=2.45163e-06 1.10035e-05 5.59454e-05 0.000155451 0.000327648 -2.23501e-05 -0.000100784 -0.000154651 0.000588935 -8.30884e-05 -0.000188491 -0.000127618 0.000180777 2.32165e-06
internal_weight=363667 359529 243316 107141 54602 136175 100014 90439 22029 116213 66414 59006 13985 48488
internal_count=363667 359529 243316 107141 54602 136175 100014 90439 22029 116213 66414 59006 13985 48488
is_linear=0
shrinkage=0.03


Tree=232
num_leaves=15
num_cat=0
split_feature=52 9 18 59 58 64 33 33 58 60 58 58 58 42
split_gain=1.71508 3.87696 2.98842 3.63687 4.48582 3.23059 2.78374 9.82129 2.71735 4.04573 2.59335 2.58217 3.39218 2.5397
threshold=-0.0042640892831384272 0.20334926182833354 -0.24889975444886572 -0.37818020536530289 0.15445450735850594 0.36709333316531306 -0.004060913889561423 1.0000000180025095e-35 0.38701838731443999 0.17481765179670225 0.38300043348178714 -0.3823878832786422 -1.0000000180025095e-35 -0.18241385180845779
decision_type=2 2 2 2 2 2 2 2 2 2 2 2 2 2
left_child=1 11 -2 13 5 -5 -6 -8 9 -3 -9 -1 -13 -4
right_child=2 8 3 4 6 -7 7 10 -10 -11 -12 12 -14 -15
leaf_value=-0.00037553833901662605 -0.00029090214972206255 -0.00013097928745916634 0.0011696734950859978 -0.0001343741229360713 -0.00016269634886819701 -0.00076103410479391146 0.001771116882358416 0.00035150920841220309 0.00091667738340507935 0.00063484394504240865 -0.00026387647076854006 0.00021024938351728642 -9.2518791299759899e-05 0.00022992941419028607
leaf_weight=14621 40509 13269 3013 68182 14964 8297 3757 17596 6477 11653 9474 60688 73786 18060
leaf_count=14621 40509 13269 3013 68182 14964 8297 3757 17596 6477 11653 9474 60688 73786 18060
internal_value=1.07389e-06 6.67636e-05 -6.34161e-05 8.8764e-07 -6.1854e-05 -0.000202449 0.000172958 0.000335891 0.000369684 0.000227214 0.000136118 2.94892e-06 4.41257e-05 0.000364784
internal_weight=364346 180494 183852 143343 122270 76479 45791 30827 31399 24922 27070 149095 134474 21073
internal_count=364346 180494 183852 143343 122270 76479 45791 30827 31399 24922 27070 149095 134474 21073
is_linear=0
shrinkage=0.03


Tree=233
num_leaves=15
num_cat=0
split_feature=47 46 41 16 65 50 66 47 21 28 57 57 61 51
split_gain=1.7636 3.30613 2.81391 4.39963 2.61391 2.55535 3.12215 2.94443 2.40982 2.15022 2.58925 3.6666 2.17503 2.10243
threshold=-0.24790870130343023 -0.41211674290992284 -1.0000000180025095e-35 -0.46441177325521033 -0.21059997139409442 0.04357933608457832 0.28396489986281997 0.26887470157317639 0.37800781279373175 0.17299278004986443 0.05936027909130321 0.22876874910192216 0.047120229355706596 0.46101529718835699
decision_type=2 2 2 2 2 2 2 2 2 2 2 2 2 2
left_child=8 -2 3 -3 9 6 7 -6 -1 10 -5 -12 -13 -4
right_child=1 2 13 4 5 -7 -8 -9 -10 -11 11 12 -14 -15
leaf_value=-0.00018904727733516194 0.00042413784646668548 -0.00091565334500063006 -9.8018653846399911e-05 0.00054512849837765314 0.00041226425394963174 -7.0142522813116386e-06 -0.00025210802019504498 0.001289700919882825 0.00027772910126012197 -0.00058898300093738728 -0.00089004474219767538 0.0005133675363981474 -0.0002936404119746301 0.00052818000976792828
leaf_weight=77363 17461 3504 156647 6908 33971 19993 5689 3824 11415 5748 4370 6215 5803 4969
leaf_count=77363 17461 3504 156647 6908 33971 19993 5689 3824 11415 5748 4370 6215 5803 4969
internal_value=-1.27513e-05 2.47682e-05 -2.31356e-06 0.000126302 0.000165858 0.000273706 0.000402748 0.000501359 -0.000129005 -6.98623e-05 5.8422e-05 -0.000146946 0.000123776 -7.87342e-05
internal_weight=363880 275102 257641 96025 92521 63477 43484 37795 88778 29044 23296 16388 12018 161616
internal_count=363880 275102 257641 96025 92521 63477 43484 37795 88778 29044 23296 16388 12018 161616
is_linear=0
shrinkage=0.03


Tree=234
num_leaves=15
num_cat=0
split_feature=9 66 36 36 36 36 38 46 59 9 36 47 63 4
split_gain=1.59845 1.86542 5.05601 7.86497 3.56959 2.52124 2.64977 2.43657 2.26351 1.71818 1.68346 6.30243 4.30522 4.26901
threshold=0.48862104218423752 0.35956879082302601 -0.13567844522417394 -0.062660595366543684 0.34558884594941763 -0.015108607923641075 0.06192452084568268 -0.38452721573696752 0.41799934372547437 0.24608011554073791 -0.14053855452401329 -0.047113211762782985 0.17397691518635097 0.027792063246878388
decision_type=2 2 2 2 2 2 2 2 2 2 2 2 2 2
left_child=1 10 8 7 5 6 9 -4 -3 -5 11 13 -13 -1
right_child=-2 2 3 4 -6 -7 -8 -9 -10 -11 -12 12 -14 -15
leaf_value=-0.00026016583638863004 0.00057309102295819705 0.00097902736413806014 -0.00022181197175338399 4.7821525140866253e-05 -0.00051563860471561397 0.001085313155774905 -0.00060778885751263366 -0.00095081807476224346 -4.409427527068468e-05 0.00095933361997648696 4.3557543357740457e-05 0.00052556605757707081 -0.00036403437760330491 -0.0012283824596461457
leaf_weight=13553 4271 4252 5815 4349 5906 3311 3047 14261 3580 3245 271679 13222 7763 5870
leaf_count=13553 4271 4252 5815 4349 5906 3311 3047 14261 3580 3245 271679 13222 7763 5870
internal_value=-3.18383e-06 -1.00392e-05 -0.000184611 -0.000321307 0.000102017 0.000363658 0.000138304 -0.000739878 0.0005119 0.00043807 1.66847e-05 -0.000163958 0.000196459 -0.000553261
internal_weight=364124 359853 47766 39934 19858 13952 10641 20076 7832 7594 312087 40408 20985 19423
internal_count=364124 359853 47766 39934 19858 13952 10641 20076 7832 7594 312087 40408 20985 19423
is_linear=0
shrinkage=0.03


Tree=235
num_leaves=15
num_cat=0
split_feature=50 59 42 45 51 42 63 8 36 19 3 3 60 20
split_gain=2.35448 2.35269 2.33034 2.21212 2.09377 3.73812 2.0723 2.28139 2.83016 4.62436 2.9288 2.19939 2.91446 2.01509
threshold=-0.37294715514664356 0.48475205408552763 0.48849859595107886 0.33690610555734718 0.37835815056477701 -0.24607520149468806 0.36676294695484074 -0.070598028337539406 -0.060610318262187428 -0.047206548815990866 0.11350625864098708 -0.13029457748302803 -0.42865892445113879 -0.30248046063329365
decision_type=2 2 2 2 2 2 2 2 2 2 2 2 2 2
left_child=3 2 4 -1 6 -6 7 8 11 10 -10 12 -2 -8
right_child=1 -3 -4 -5 5 -7 13 -9 9 -11 -12 -13 -14 -15
leaf_value=-0.00014072504856474898 -0.00054357847711364261 -0.00072111892265823213 0.00083913340501766095 -0.00097911996226930816 0.0011445136976909881 0.00011927360078455316 0.00023291558336241129 -3.9488378208163198e-05 -0.00049412065096173375 0.00035120984063078054 0.000128481328726353 0.00045134580989382743 0.00020951508418918838 -0.00031790762467212314
leaf_weight=42740 5254 3663 3261 3024 4067 14905 7594 137225 18916 16940 10608 30285 38100 27962
leaf_count=42740 5254 3663 3261 3024 4067 14905 7594 137225 18916 16940 10608 30285 38100 27962
internal_value=4.87244e-06 3.37618e-05 4.25593e-05 -0.000196326 3.42031e-05 0.00033954 1.44135e-05 4.40784e-05 0.000139554 -4.37773e-05 -0.000270451 0.000255221 0.000118145 -0.000200231
internal_weight=364544 318780 315117 45764 311856 18972 292884 257328 120103 46464 29524 73639 43354 35556
internal_count=364544 318780 315117 45764 311856 18972 292884 257328 120103 46464 29524 73639 43354 35556
is_linear=0
shrinkage=0.03


Tree=236
num_leaves=15
num_cat=0
split_feature=50 49 15 69 22 8 53 60 63 1 60 36 20 34
split_gain=1.34342 2.16932 1.84454 1.86039 1.69262 1.68455 2.91737 2.09175 2.06658 2.31918 3.67568 2.84626 2.75476 2.37138
threshold=-0.37690197048963475 -0.43657114540563496 -0.26586362998315544 -0.37721323433738302 -0.13533418114748008 0.3917483068328132 0.47712558465205057 0.48072705843135388 0.31568995807997002 -0.2613544573677003 0.071602311519734022 -0.15202657426408328 0.44105312195960744 -0.39002876694236704
decision_type=2 2 2 2 2 2 2 2 2 2 2 2 2 2
left_child=1 -1 3 4 -3 6 7 8 9 10 11 -2 13 -11
right_child=5 2 -4 -5 -6 -7 -8 -9 -10 12 -12 -13 -14 -15
leaf_value=0.00024187155221755082 -0.0011906961994745801 6.4830294122200297e-05 -0.00049817908701862263 0.0001673936980064538 -0.00087556039079814357 -0.00019302443520484333 0.0009029781108775422 -0.00057239986509626699 -0.00013458025476982129 0.00041158844519589057 0.00023665576508380025 -0.00022763198933451153 0.0007387063371043839 6.315880516368378e-05
leaf_weight=9541 3134 3133 16567 11713 3813 31237 3464 5113 50430 19708 15733 22802 6297 162177
leaf_count=9541 3134 3133 16567 11713 3813 31237 3464 5113 50430 19708 15733 22802 6297 162177
internal_value=-5.30824e-06 -0.000159219 -0.000267893 -6.3268e-05 -0.000451913 1.62213e-05 3.8855e-05 2.83353e-05 3.93142e-05 7.74713e-05 -0.000125018 -0.000344419 0.000122313 0.000100933
internal_weight=364862 44767 35226 18659 6946 320095 288858 285394 280281 229851 41669 25936 188182 181885
internal_count=364862 44767 35226 18659 6946 320095 288858 285394 280281 229851 41669 25936 188182 181885
is_linear=0
shrinkage=0.03


Tree=237
num_leaves=15
num_cat=0
split_feature=5 47 36 66 52 36 3 36 35 47 42 43 36 63
split_gain=1.64465 1.72428 3.71375 1.58683 4.22547 3.47324 5.63489 4.58637 3.33439 2.78671 3.5834 2.56561 2.47048 2.41004
threshold=0.39462243903706118 -0.38990605151729002 -0.14562966001539632 0.20564279216102502 0.25839975476048538 -0.073100634096701353 -0.11468930499942485 -0.076586043599076351 -0.26905440210698567 1.0000000180025095e-35 -0.22622302078562878 0.14484066352881667 -0.11711824402866643 -1.0000000180025095e-35
decision_type=2 2 2 2 2 2 2 2 2 2 2 2 2 2
left_child=1 2 -1 5 9 7 8 13 -7 -5 12 -9 -11 -3
right_child=-2 3 -4 4 -6 6 -8 11 -10 10 -12 -13 -14 -15
leaf_value=-0.0012338962933954008 0.00018574378610581576 0.00027613524375510811 -0.00012613258620380638 -0.00031402091795387088 -0.00076086711898802368 -8.3893096932963641e-05 6.9716984137443028e-05 0.00034376607081217997 -0.0006800884699615029 0.001036826303992747 -8.7451999171211996e-05 0.001522406164084256 0.00022059818733622476 -3.6116195723510537e-05
leaf_weight=3034 38465 44808 25919 23622 8073 16344 80284 3312 17461 4486 38409 3342 12982 44168
leaf_count=3034 38465 44808 25919 23622 8073 16344 80284 3312 17461 4486 38409 3342 12982 44168
internal_value=2.36291e-07 -2.16405e-05 -0.000242602 -1.13825e-07 -0.000107365 4.4674e-05 -6.70993e-05 0.000178015 -0.000391951 -4.09158e-05 7.45748e-05 0.000937139 0.000430689 0.000121146
internal_weight=364709 326244 28953 297291 87572 209719 114089 95630 33805 79499 55877 6654 17468 88976
internal_count=364709 326244 28953 297291 87572 209719 114089 95630 33805 79499 55877 6654 17468 88976
is_linear=0
shrinkage=0.03


Tree=238
num_leaves=15
num_cat=0
split_feature=9 53 2 33 34 43 22 28 53 58 57 66 2 36
split_gain=1.84837 3.277 2.84889 2.62476 2.34923 2.16907 2.1159 2.91266 2.87857 2.6152 2.57091 1.94638 1.99025 2.07061
threshold=0.4333505509641874 -0.24665890118423603 0.42532298672036545 1.0000000180025095e-35 0.35516666922667328 -0.46415156548877473 -0.016012240643179961 0.37359124721926151 0.48100051717375542 0.41027090845272668 0.35124451560083192 0.33950971020056198 -0.33661362136004208 -0.096603827506758957
decision_type=2 2 2 2 2 2 2 2 2 2 2 2 2 2
left_child=5 -2 3 -3 -5 -1 8 9 -7 11 -11 12 -8 -14
right_child=1 2 -4 4 -6 6 7 -9 -10 10 -12 -13 13 -15
leaf_value=-0.00047050072493031505 -0.00037875302634848531 0.0011418565642473449 -0.00017675936735281377 -0.00018381034126713816 0.00085789660434421402 -0.00010733965526338076 -0.00018600326195652542 -0.00025903257736401914 0.00075695347387971432 0.0010754940521666141 9.1383199249937312e-05 -0.00039569844836514145 0.00033919315426958902 6.4171770676222268e-05
leaf_weight=9446 5733 5880 4935 4168 3644 156213 18237 21922 3537 4846 4707 7373 36099 77578
leaf_count=9446 5733 5880 4935 4168 3644 156213 18237 21922 3537 4846 4707 7373 36099 77578
internal_value=-4.4081e-06 0.000247972 0.000440964 0.000663577 0.000302582 -2.24994e-05 -9.6817e-06 6.37341e-05 -8.81573e-05 0.000111287 0.000591201 7.83322e-05 0.000104855 0.000151529
internal_weight=364318 24360 18627 13692 7812 339958 330512 170762 159750 148840 9553 139287 131914 113677
internal_count=364318 24360 18627 13692 7812 339958 330512 170762 159750 148840 9553 139287 131914 113677
is_linear=0
shrinkage=0.03


Tree=239
num_leaves=15
num_cat=0
split_feature=23 22 22 34 36 38 36 29 3 22 60 8 3 58
split_gain=1.90009 2.94022 2.72743 1.7828 1.89726 1.84765 1.84143 2.19631 2.13377 1.81995 1.79642 1.64512 1.81667 3.5251
threshold=0.26206996850614839 0.22211911150864641 -0.22673559255527789 0.26487934351323378 -0.066425522578586235 0.01268500360369418 -0.093138728555395192 -0.063756488333783654 0.15289464371213859 0.10522530846109031 -0.45249339973201758 -0.43966646517792018 0.35204251612086757 -0.086147148480629807
decision_type=2 2 2 2 2 2 2 2 2 2 2 2 2 2
left_child=2 -2 11 6 -5 -6 7 -4 10 -9 -8 -1 -13 -14
right_child=1 -3 3 4 5 -7 8 9 -10 -11 -12 12 13 -15
leaf_value=0.00043234987098642378 -0.00041656854921849715 -2.1501670098305837e-05 -1.5667415825962616e-05 0.00012098073670839754 0.00090560976965726851 0.00016940899524544244 -0.0006922063353088818 0.00018519621338897364 0.0001886839450363192 0.00068185785255337698 -7.0491117474165432e-05 -0.0001836272062703756 -0.00032672981698186995 0.0005663001137739352
leaf_weight=5058 23167 63153 22040 19663 7219 5340 4474 16442 31062 11141 62332 76567 7186 8888
leaf_count=5058 23167 63153 22040 19663 7219 5340 4474 16442 31062 11141 62332 76567 7186 8888
internal_value=-4.6555e-06 -0.000127568 3.35933e-05 0.000102948 0.000305071 0.000592966 5.87735e-05 0.000207619 -1.67108e-05 0.000385976 -0.000112225 -9.39799e-05 -0.00012276 0.00016711
internal_weight=363732 86320 277412 179713 32222 12559 147491 49623 97868 27583 66806 97699 92641 16074
internal_count=363732 86320 277412 179713 32222 12559 147491 49623 97868 27583 66806 97699 92641 16074
is_linear=0
shrinkage=0.03


Tree=240
num_leaves=15
num_cat=0
split_feature=9 52 53 53 52 53 36 36 58 46 36 36 36 58
split_gain=2.19756 4.96201 2.18979 2.01403 6.66358 2.72068 3.22737 3.17607 2.67861 2.61006 4.72227 6.59649 4.44202 4.17648
threshold=0.46884100965013964 0.31713491429678231 -0.0083072716231005744 -0.2506861198002055 0.2271121426318107 -0.12359076311362595 0.33746000362231354 -0.19701182081300339 -0.3823878832786422 -0.17048632442158013 -0.066425522578586235 0.34085273939651933 -0.13567844522417394 0.032082716649934291
decision_type=2 2 2 2 2 2 2 2 2 2 2 2 2 2
left_child=3 2 -2 9 5 6 8 -7 -5 10 12 -12 -1 -11
right_child=1 -3 -4 4 -6 7 -8 -9 -10 13 11 -13 -14 -15
leaf_value=-0.00014448062351117704 0.0013016620884887752 -0.00049723910267012285 0.00028612998382472897 0.00044101865907357761 -0.00090020739500712909 0.00068053602517089491 0.00040961012347798834 -1.7742909558306914e-05 -0.00049358099349293427 -0.00014270488377190725 -0.0006029018509697584 0.0010794147173034097 0.0012152669793798192 0.00037788645273759559
leaf_weight=3005 4143 3738 3553 3062 8315 6016 5189 215904 27338 47137 6728 3036 7682 19640
leaf_count=3005 4143 3738 3553 3062 8315 6016 5189 215904 27338 47137 6728 3036 7682 19640
internal_value=-1.05394e-05 0.000398605 0.000833803 -2.38009e-05 -6.48463e-05 -3.78384e-05 -0.000281302 1.21645e-06 -0.000399331 0.000101276 0.000397721 -7.92363e-05 0.000833152 1.04416e-05
internal_weight=364486 11434 7696 353052 265824 257509 35589 221920 30400 87228 20451 9764 10687 66777
internal_count=364486 11434 7696 353052 265824 257509 35589 221920 30400 87228 20451 9764 10687 66777
is_linear=0
shrinkage=0.03


Tree=241
num_leaves=15
num_cat=0
split_feature=50 35 61 51 50 40 8 21 65 46 57 57 4 51
split_gain=1.92577 2.22256 2.29356 2.02096 1.94163 1.93464 1.76755 2.9321 1.71917 2.58344 1.63737 2.67838 1.56894 1.50189
threshold=-0.37690197048963475 -0.48784428378763206 0.29335481424224796 0.3464223539254202 -0.43293590859823378 0.28520131879466593 -0.066657954347447271 -0.14188820192340454 0.27017549319734296 0.32107028361278761 -0.2876238860363976 -0.071756606904233425 0.34422846045626948 0.25893372054704239
decision_type=2 2 2 2 2 2 2 2 2 2 2 2 2 2
left_child=3 -2 6 -1 5 -5 7 12 -8 10 -10 -12 -3 -9
right_child=1 2 -4 4 -6 -7 8 13 9 -11 11 -13 -14 -15
leaf_value=-0.00044549307591861096 -0.00067864280908450027 -8.9228069841287125e-05 -0.00011898213721689532 -3.6958227670716604e-05 0.00049278537114845326 -0.00083919344946038971 5.4920327491634691e-05 0.00022911399623413975 -3.6506456524079159e-05 0.00041990054488106379 -0.0010093364693646992 -0.00013231870699176196 0.00058377010768127747 0.00067611337714089175
leaf_weight=16676 3967 39735 68250 19480 5224 3132 103728 68068 8349 4639 6375 6162 3373 7506
leaf_count=16676 3967 39735 68250 19480 5224 3132 103728 68068 8349 4639 6375 6162 3373 7506
internal_value=4.35492e-07 2.61434e-05 3.50072e-05 -0.000184433 -2.7933e-05 -0.000148398 7.73995e-05 0.000160987 6.42107e-07 -0.000219868 -0.0003621 -0.000578727 -3.64459e-05 0.000273593
internal_weight=364664 320152 316185 44512 27836 22612 247935 118682 129253 25525 20886 12537 43108 75574
internal_count=364664 320152 316185 44512 27836 22612 247935 118682 129253 25525 20886 12537 43108 75574
is_linear=0
shrinkage=0.03


Tree=242
num_leaves=15
num_cat=0
split_feature=9 52 58 58 36 19 36 52 36 36 22 58 66 36
split_gain=1.59328 5.33259 2.63858 2.52334 2.6136 2.41082 2.87349 2.4016 2.26656 1.94711 1.83276 3.09558 1.9802 1.86217
threshold=0.42560366961253471 0.25839975476048538 -0.1609934778435525 0.28452254967660556 -0.05118731548302443 0.41384289720109457 -0.062660595366543684 0.10626106536696918 -0.13567844522417394 -0.062660595366543684 -0.027941659457841519 0.41027090845272668 0.28813761966134122 -0.19701182081300339
decision_type=2 2 2 2 2 2 2 2 2 2 2 2 2 2
left_child=5 2 -2 7 -5 10 8 -4 -7 -3 -1 13 -13 -12
right_child=1 9 3 4 -6 6 -8 -9 -10 -11 11 12 -14 -15
leaf_value=-6.9830628622593257e-05 -0.00027602469730096489 -0.00074185512649688288 0.00048079644236203602 -0.00010737216717016126 0.0010111888123586648 2.7204776662299966e-05 0.00010937281267158447 0.00161514949915452 -0.00085132222896425658 0.00011670381392187153 -0.00057614285012667628 0.00095740972376322925 8.0200175345614315e-05 6.0419711798762244e-05
leaf_weight=147698 3010 5150 3000 4792 3082 3692 8437 3841 9287 4404 4240 5653 3922 154240
leaf_count=147698 3010 5150 3000 4792 3082 3692 8437 3841 9287 4404 4240 5653 3922 154240
internal_value=4.21252e-06 0.000224695 0.000532537 0.000698006 0.000331176 -1.3632e-05 -0.000321579 0.00111913 -0.000601588 -0.000346387 7.26415e-06 7.50203e-05 0.000598556 4.33537e-05
internal_weight=364448 27279 17725 14715 7874 337169 21416 6841 12979 9554 315753 168055 9575 158480
internal_count=364448 27279 17725 14715 7874 337169 21416 6841 12979 9554 315753 168055 9575 158480
is_linear=0
shrinkage=0.03


Tree=243
num_leaves=15
num_cat=0
split_feature=43 52 9 33 32 68 65 57 3 52 50 57 16 65
split_gain=1.87605 2.01371 2.8893 2.60262 6.06463 2.56612 2.50648 4.99857 2.44832 2.43151 2.94438 2.93072 3.81355 2.42549
threshold=-0.48411796920301525 -0.0042640892831384272 -0.28952596602426944 0.29582465886241055 0.37835692750034949 0.068531702604436043 -0.19058424675518576 -0.15388446857509122 0.4265904196151753 -0.1869521792651819 -0.19152552572546527 -0.024127133190706026 0.18535365656849886 -0.047745681126188287
decision_type=2 2 2 2 2 2 2 2 2 2 2 2 2 2
left_child=-1 2 9 4 -3 -5 7 -4 -9 10 -2 12 -12 -13
right_child=1 3 6 5 -6 -7 -8 8 -10 -11 11 13 -14 -15
leaf_value=-0.00053908804784483233 -0.00039378748049900754 -7.487344270153583e-05 -0.00073947922146240454 0.00039923907871540043 -0.0012703939479825645 -0.00011707790959817696 0.0003166593293053773 6.3314061802205278e-05 0.00070623422554348485 -0.00049317524437065283 0.00069840999496828505 7.2750656552745527e-05 -0.00030656274254434185 -0.00072541929125837629
leaf_weight=5495 12215 142613 6578 20355 3914 15071 58412 46295 6015 10503 12625 15120 4642 4420
leaf_count=5495 12215 142613 6578 20355 3914 15071 58412 46295 6015 10503 12625 15120 4642 4420
internal_value=1.05277e-05 1.89603e-05 9.10543e-05 -5.1103e-05 -0.000106892 0.000179615 0.000177436 3.93074e-05 0.000137363 -7.91705e-05 9.61287e-06 0.000143558 0.000428216 -0.000108076
internal_weight=364273 358778 176825 181953 146527 35426 117300 58888 52310 59525 49022 36807 17267 19540
internal_count=364273 358778 176825 181953 146527 35426 117300 58888 52310 59525 49022 36807 17267 19540
is_linear=0
shrinkage=0.03


Tree=244
num_leaves=15
num_cat=0
split_feature=47 64 65 60 47 42 65 18 63 18 42 49 59 36
split_gain=2.10751 1.68437 2.24978 2.80428 2.17395 3.77641 2.63561 2.35841 2.35369 2.99279 2.59384 2.45109 2.36374 3.37666
threshold=0.48848899958489006 0.42187060848791463 -0.27820824062226784 0.31241465406963309 0.27290706284808414 -0.28953810462719093 -0.21059997139409442 -0.39365402019216617 -0.011956629838178827 -0.26432706647229337 0.33637262391587652 -0.32540587018645872 -0.27930212848925079 -0.13030489649509486
decision_type=2 2 2 2 2 2 2 2 2 2 2 2 2 2
left_child=1 4 -3 -4 8 -6 7 -7 9 -1 12 -10 13 -11
right_child=-2 2 3 -5 5 6 -8 -9 11 10 -12 -13 -14 -15
leaf_value=-0.00021087521708973938 0.00065961110416158739 0.00016637006014871559 -0.00021596368536323847 -0.0010781796082517745 0.00088131369520365115 -0.00090035323763841557 0.0002360174846472828 -3.4940163616686186e-05 -0.00048101469113771334 -0.00037673118708576474 -0.00061893780203942756 -7.5686887909279474e-05 7.391907665260456e-05 0.00055226805766060466
leaf_weight=30484 4222 8234 13597 4518 6027 3592 35367 13298 15165 4195 4070 116645 83698 21717
leaf_count=30484 4222 8234 13597 4518 6027 3592 35367 13298 15165 4195 4070 116645 83698 21717
internal_value=-5.96788e-06 -1.37786e-05 -0.000244663 -0.000431482 4.42839e-06 0.000170893 8.88043e-05 -0.000219412 -3.07328e-05 5.30394e-05 0.000123822 -0.000122354 0.000151456 0.000401781
internal_weight=364829 360607 26349 18115 334258 58284 52257 16890 275974 144164 113680 131810 109610 25912
internal_count=364829 360607 26349 18115 334258 58284 52257 16890 275974 144164 113680 131810 109610 25912
is_linear=0
shrinkage=0.03


Tree=245
num_leaves=15
num_cat=0
split_feature=47 65 57 45 65 65 9 52 42 65 61 33 55 52
split_gain=1.67192 2.54825 2.26294 4.71198 3.83685 2.95122 2.92661 5.15373 3.21359 2.87647 2.80391 2.55045 3.21229 2.35812
threshold=-0.1688459635406547 0.47679883397215506 -0.24507560664946601 0.12238295281092988 0.18470926595331791 -0.098599285824108471 0.39484087401845397 0.25451519948049844 -0.17452956649299406 0.344036793803149 0.17196534883130185 0.0082629428396692201 -0.031773577793283762 0.30946044180034959
decision_type=2 2 2 2 2 2 2 2 2 2 2 2 2 2
left_child=-1 2 3 4 -2 -5 9 8 -8 13 -7 -11 -13 -4
right_child=1 -3 6 5 -6 10 7 -9 -10 11 -12 12 -14 -15
leaf_value=-8.8385676978642024e-05 0.0011583960581529622 -0.00057233314816548255 -1.3410974345540316e-05 -0.00084971031457816944 0.00025454415314425145 0.00036901032089698278 0.0011315203240752543 -0.00026356942187330193 0.00030557801696472735 -0.0007702211553000857 -0.00035050904074345292 -0.00063352705811263541 0.00061684101194761393 0.00050278355199373168
leaf_weight=116946 7438 5787 147367 3195 9791 14384 6525 9481 12103 8342 7361 3667 3710 8410
leaf_count=116946 7438 5787 147367 3195 9791 14384 6525 9481 12103 8342 7361 3667 3710 8410
internal_value=5.09097e-06 4.92504e-05 6.41515e-05 0.000263807 0.000645195 1.84804e-07 2.19606e-05 0.000305644 0.00059534 -2.45516e-05 0.000125393 -0.000411197 -4.7151e-06 1.44875e-05
internal_weight=364507 247561 241774 42169 17229 24940 199605 28109 18628 171496 21745 15719 7377 155777
internal_count=364507 247561 241774 42169 17229 24940 199605 28109 18628 171496 21745 15719 7377 155777
is_linear=0
shrinkage=0.03


Tree=246
num_leaves=15
num_cat=0
split_feature=35 8 66 42 9 1 63 1 1 33 43 60 65 4
split_gain=1.64314 1.97489 2.45294 2.18768 2.91478 2.58162 2.16225 3.10178 4.03255 3.07822 2.90702 2.08474 2.24469 2.19419
threshold=0.45014838885806635 0.29019557072135693 0.47311961763462274 -0.41211674290992284 -0.071989915654997169 -0.04392769994849987 0.074971490021832746 -0.2613544573677003 -0.079574698237448435 0.015981636983447515 -0.0043209588415898939 0.027844319107673602 0.20843432236992829 -0.37712162408099914
decision_type=2 2 2 2 2 2 2 2 2 2 2 2 2 2
left_child=1 3 -3 4 -1 -6 7 11 9 -9 -10 13 -13 -5
right_child=-2 2 -4 6 5 -7 -8 8 10 -11 -12 12 -14 -15
leaf_value=-0.00028840405875601619 0.00027026896402300291 -0.00012807892950071894 -0.00090784702801239051 -0.001116308683924348 0.00020637734502353355 0.0010004534824782636 -0.00011773136584578962 0.00013721338416917376 -0.00030778356040448465 0.00060448554208123676 0.00010811244572827754 0.00032777131896131995 -0.00049355070806183566 -0.00026340203790382161
leaf_weight=5525 17790 61018 3851 3385 9542 6000 107623 32071 22251 20993 47182 9292 4407 13601
leaf_count=5525 17790 61018 3851 3385 9542 6000 107623 32071 22251 20993 47182 9292 4407 13601
internal_value=-1.08426e-05 -2.52727e-05 -0.000174503 9.07562e-06 0.000303066 0.000513377 -1.46827e-05 5.77204e-05 0.000125286 0.000322153 -2.51937e-05 -0.00021196 6.33828e-05 -0.000433928
internal_weight=364531 346741 64869 281872 21067 15542 260805 153182 122497 53064 69433 30685 13699 16986
internal_count=364531 346741 64869 281872 21067 15542 260805 153182 122497 53064 69433 30685 13699 16986
is_linear=0
shrinkage=0.03


Tree=247
num_leaves=15
num_cat=0
split_feature=9 52 57 66 65 9 16 65 52 47 53 16 58 53
split_gain=1.91763 6.972 3.70974 2.43466 4.11811 5.11449 4.22308 3.50023 3.34889 3.00048 2.91505 4.25268 4.26699 3.99278
threshold=0.37514655450865592 0.23504025189092018 -0.0040696097111635457 0.14630412132979434 -0.078751262366831679 -0.16658444334813352 -0.40931483607904789 -0.38869994673910585 0.067273255815530078 0.20959757048627911 -1.0000000180025095e-35 0.13394833311634227 -0.20436399854170786 -0.23457268919010341
decision_type=2 2 2 2 2 2 2 2 2 2 2 2 2 2
left_child=3 2 -2 7 6 9 -5 -1 -8 -6 13 -12 -13 -9
right_child=1 -3 -4 4 5 -7 8 10 -10 -11 11 12 -14 -15
leaf_value=-0.00053852896701104766 -0.00050076377494582484 -0.00032367891569317855 0.0005703347815233799 -0.00071484501250884311 -0.0015341586410634531 -0.00020729399807821943 0.00013245865590655735 8.8916592392151135e-05 -0.00062434388907128943 -0.00038902272878243565 0.00033221061475569686 -0.00061646364133647311 0.00019485280346739832 -0.00024693161292016095
leaf_weight=9713 3271 16355 25882 7170 5100 21861 52300 81852 5841 3464 55328 10060 13862 52148
leaf_count=9713 3271 16355 25882 7170 5100 21861 52300 81852 5841 3464 55328 10060 13862 52148
internal_value=-1.01916e-05 0.000171956 0.000450026 -3.62056e-05 -0.000162737 -0.000450953 -2.84244e-05 1.81295e-05 5.6334e-05 -0.00107196 4.3508e-05 0.000187725 -0.000146448 -4.17922e-05
internal_weight=364207 45508 29153 318699 95736 30425 65311 222963 58141 8564 213250 79250 23922 134000
internal_count=364207 45508 29153 318699 95736 30425 65311 222963 58141 8564 213250 79250 23922 134000
is_linear=0
shrinkage=0.03


Tree=248
num_leaves=15
num_cat=0
split_feature=47 44 23 39 47 16 27 53 22 33 48 22 23 22
split_gain=1.77161 2.03247 2.61764 2.46227 2.12407 1.56031 1.59299 1.55745 1.91935 1.51556 1.60489 1.46462 1.82286 1.55429
threshold=-0.4604760454859676 0.16006043710497755 0.26596398138951338 0.4495185490204634 0.051441671309849175 -0.43305284819626538 -0.28900351439399385 0.45767664953420267 -0.019910192977435872 -0.24739382417277925 0.3540785313146238 0.26877411014915259 0.16843972188601944 -0.25760739638077407
decision_type=2 2 2 2 2 2 2 2 2 2 2 2 2 2
left_child=-1 2 3 5 -4 -2 -7 8 -8 -6 -11 12 13 -3
right_child=1 11 4 -5 9 6 7 -9 -10 10 -12 -13 -14 -15
leaf_value=-0.00033410219024627568 -0.0002619316235336548 -0.00024519338828404825 -0.00027816744007504553 0.00070036302380507799 -0.00031546497502094013 -5.8776546167583525e-05 5.1539701048790527e-05 0.00077509390880492663 0.00029414464540328505 0.00046573363902226839 -0.00017589821634418057 0.0001028626603948093 -0.00040451120188807259 3.2957374303154731e-05
leaf_weight=13782 10083 29757 31112 6366 5597 34101 69535 3737 50781 10808 5186 28552 19043 46049
leaf_count=13782 10083 29757 31112 6366 5597 34101 69535 3737 50781 10808 5186 28552 19043 46049
internal_value=-5.87095e-07 1.25285e-05 6.57403e-05 0.000121671 -0.000119545 9.97337e-05 0.000122807 0.000172723 0.00015395 0.000109047 0.000257707 -8.54857e-05 -0.000142188 -7.62463e-05
internal_weight=364489 350707 227306 174603 52703 168237 158154 124053 120316 21591 15994 123401 94849 75806
internal_count=364489 350707 227306 174603 52703 168237 158154 124053 120316 21591 15994 123401 94849 75806
is_linear=0
shrinkage=0.03


Tree=249
num_leaves=15
num_cat=0
split_feature=34 36 25 59 25 41 15 59 65 50 60 53 60 28
split_gain=2.27389 3.15636 2.51626 3.04725 2.26655 2.19404 1.91043 1.65295 1.75013 1.5237 3.10122 3.09969 1.77539 2.4949
threshold=0.34723397268295392 -0.065447573916255816 0.015602791123404959 -0.46465353979445534 -0.13045781910208812 -0.17347487677158005 0.38247428113668952 0.44985573525132005 -0.47566837777152055 -0.19557000655480225 -0.39336254493787365 0.054670136429579748 0.23751738103233308 -0.023145915925568774
decision_type=2 2 2 2 2 2 2 2 2 2 2 2 2 2
left_child=2 4 6 -4 5 -2 7 8 -1 10 -5 -11 -12 -14
right_child=1 -3 3 9 -6 -7 -8 -9 -10 11 12 -13 13 -15
leaf_value=0.00064000043909572695 0.00092834297281373134 0.00050819178937390355 0.00081275123118119724 0.0007406307183008996 -0.00012557025315532885 3.5519768092114017e-05 -0.00065493040834090533 -0.00064440553669869321 -8.6853790346233056e-05 -5.663021303961126e-05 -0.00031221157697386523 0.00028726585020572519 0.00052864149670666229 -0.00030091969322712764
leaf_weight=3031 4178 17877 4709 3574 26310 6066 5553 4678 152320 49883 28404 44736 6464 6569
leaf_count=3031 4178 17877 4709 3574 26310 6066 5553 4678 152320 49883 28404 44736 6464 6569
internal_value=2.82692e-06 0.000181641 -2.85829e-05 6.29712e-05 2.18441e-05 0.000400207 -0.00010839 -8.93855e-05 -7.26321e-05 3.76286e-05 -0.000106041 0.000105978 -0.000179229 0.000110609
internal_weight=364352 54431 309921 144339 36554 10244 165582 160029 155351 139630 45011 94619 41437 13033
internal_count=364352 54431 309921 144339 36554 10244 165582 160029 155351 139630 45011 94619 41437 13033
is_linear=0
shrinkage=0.03


end of trees

feature_importances:
Column_65=266
Column_36=215
Column_53=207
Column_9=201
Column_52=180
Column_66=168
Column_58=141
Column_47=130
Column_57=128
Column_59=126
Column_33=119
Column_22=110
Column_63=109
Column_60=94
Column_43=89
Column_42=84
Column_50=64
Column_51=56
Column_41=54
Column_35=52
Column_18=48
Column_56=44
Column_21=42
Column_23=42
Column_55=40
Column_8=39
Column_64=38
Column_1=36
Column_34=35
Column_61=32
Column_46=30
Column_10=29
Column_69=29
Column_30=27
Column_7=26
Column_45=26
Column_19=25
Column_2=24
Column_16=23
Column_40=22
Column_44=22
Column_3=21
Column_24=21
Column_20=20
Column_28=17
Column_4=15
Column_39=15
Column_48=14
Column_49=13
Column_25=12
Column_32=10
Column_17=9
Column_68=9
Column_15=7
Column_29=7
Column_38=7
Column_67=6
Column_5=5
Column_62=5
Column_0=4
Column_27=3
Column_31=3
Column_6=2
Column_12=1
Column_26=1
Column_54=1

parameters:
[boosting: gbdt]
[objective: regression]
[metric: l2]
[tree_learner: serial]
[device_type: cpu]
[data_sample_strategy: bagging]
[data: ]
[valid: ]
[num_iterations: 250]
[learning_rate: 0.03]
[num_leaves: 15]
[num_threads: 4]
[seed: 0]
[deterministic: 0]
[force_col_wise: 0]
[force_row_wise: 0]
[histogram_pool_size: -1]
[max_depth: -1]
[min_data_in_leaf: 3000]
[min_sum_hessian_in_leaf: 0.001]
[bagging_fraction: 0.7]
[pos_bagging_fraction: 1]
[neg_bagging_fraction: 1]
[bagging_freq: 1]
[bagging_seed: 3]
[bagging_by_query: 0]
[feature_fraction: 0.6]
[feature_fraction_bynode: 1]
[feature_fraction_seed: 2]
[extra_trees: 0]
[extra_seed: 6]
[early_stopping_round: 0]
[early_stopping_min_delta: 0]
[first_metric_only: 0]
[max_delta_step: 0]
[lambda_l1: 0]
[lambda_l2: 10]
[linear_lambda: 0]
[min_gain_to_split: 0]
[drop_rate: 0.1]
[max_drop: 50]
[skip_drop: 0.5]
[xgboost_dart_mode: 0]
[uniform_drop: 0]
[drop_seed: 4]
[top_rate: 0.2]
[other_rate: 0.1]
[min_data_per_group: 100]
[max_cat_threshold: 32]
[cat_l2: 10]
[cat_smooth: 10]
[max_cat_to_onehot: 4]
[top_k: 20]
[monotone_constraints: ]
[monotone_constraints_method: basic]
[monotone_penalty: 0]
[feature_contri: ]
[forcedsplits_filename: ]
[refit_decay_rate: 0.9]
[cegb_tradeoff: 1]
[cegb_penalty_split: 0]
[cegb_penalty_feature_lazy: ]
[cegb_penalty_feature_coupled: ]
[path_smooth: 0]
[interaction_constraints: ]
[verbosity: -1]
[saved_feature_importance_type: 0]
[use_quantized_grad: 0]
[num_grad_quant_bins: 4]
[quant_train_renew_leaf: 0]
[stochastic_rounding: 1]
[linear_tree: 0]
[max_bin: 255]
[max_bin_by_feature: ]
[min_data_in_bin: 3]
[bin_construct_sample_cnt: 200000]
[data_random_seed: 1]
[is_enable_sparse: 1]
[enable_bundle: 1]
[use_missing: 1]
[zero_as_missing: 0]
[feature_pre_filter: 1]
[pre_partition: 0]
[two_round: 0]
[header: 0]
[label_column: ]
[weight_column: ]
[group_column: ]
[ignore_column: ]
[categorical_feature: ]
[forcedbins_filename: ]
[precise_float_parser: 0]
[parser_config_file: ]
[objective_seed: 5]
[num_class: 1]
[is_unbalance: 0]
[scale_pos_weight: 1]
[sigmoid: 1]
[boost_from_average: 1]
[reg_sqrt: 0]
[alpha: 0.9]
[fair_c: 1]
[poisson_max_delta_step: 0.7]
[tweedie_variance_power: 1.5]
[lambdarank_truncation_level: 30]
[lambdarank_norm: 1]
[label_gain: ]
[lambdarank_position_bias_regularization: 0]
[eval_at: ]
[multi_error_top_k: 1]
[auc_mu_weights: ]
[num_machines: 1]
[local_listen_port: 12400]
[time_out: 120]
[machine_list_filename: ]
[machines: ]
[gpu_platform_id: -1]
[gpu_device_id: -1]
[gpu_device_id_list: ]
[gpu_use_dp: 0]
[num_gpu: 1]

end of parameters

pandas_categorical:null
