tree
version=v4
num_class=1
num_tree_per_iteration=1
label_index=0
max_feature_idx=69
objective=regression
feature_names=Column_0 Column_1 Column_2 Column_3 Column_4 Column_5 Column_6 Column_7 Column_8 Column_9 Column_10 Column_11 Column_12 Column_13 Column_14 Column_15 Column_16 Column_17 Column_18 Column_19 Column_20 Column_21 Column_22 Column_23 Column_24 Column_25 Column_26 Column_27 Column_28 Column_29 Column_30 Column_31 Column_32 Column_33 Column_34 Column_35 Column_36 Column_37 Column_38 Column_39 Column_40 Column_41 Column_42 Column_43 Column_44 Column_45 Column_46 Column_47 Column_48 Column_49 Column_50 Column_51 Column_52 Column_53 Column_54 Column_55 Column_56 Column_57 Column_58 Column_59 Column_60 Column_61 Column_62 Column_63 Column_64 Column_65 Column_66 Column_67 Column_68 Column_69
feature_infos=[-0.49953249181860682:0.5] [-0.4400705052878966:0.5] [-0.49952874646559847:0.5] [-0.4995329285380663:0.5] [-0.49952874646559847:0.5] [-0.4995329285380663:0.5] [-0.49953095684803001:0.5] [-0.49950980392156863:0.5] [-0.4995329285380663:0.5] [-0.4995329285380663:0.5] [-0.49952061361457334:0.5] [-0.4995329285380663:0.5] [-0.49952494061757718:0.5] [-0.49953249181860682:0.5] [-0.49953249181860682:0.5] [-0.49952874646559847:0.5] [-0.4995329285380663:0.5] [-0.49952629085741357:0.5] [-0.4995329285380663:0.5] [-0.49952426260704091:0.5] [-0.4995329285380663:0.5] [-0.4995329285380663:0.5] [-0.49953249181860682:0.5] [-0.4995329285380663:0.5] [-0.49953249181860682:0.5] [-0.49952629085741357:0.5] [-0.49952874646559847:0.5] [-0.49953249181860682:0.5] [-0.49953249181860682:0.5] [-0.4995329285380663:0.5] [-0.49952629085741357:0.5] [-0.49952629085741357:0.5] [-0.49945444626295687:0.4996904024767802] [-0.49951807228915662:0.5] [-0.49952874646559847:0.5] [-0.49952380952380954:0.5] [-0.23554336989032904:0.49705251875669887] [-0.4995329285380663:0.5] [-0.4995329285380663:0.5] [-0.49953249181860682:0.5] [-0.49953095684803001:0.5] [-0.4995329285380663:0.5] [-0.49953139643861294:0.5] [-0.49953007518796994:0.5] [-0.4995329285380663:0.5] [-0.4995329285380663:0.5] [-0.49953139643861294:0.5] [-0.49952852428099953:0.5] [-0.49952629085741357:0.5] [-0.49953095684803001:0.5] [-0.4995329285380663:0.5] [-0.49953095684803001:0.5] [-0.49952874646559847:0.5] [-0.4995329285380663:0.5] [-0.49953095684803001:0.5] [-0.49952061361457334:0.5] [-0.49952584163110481:0.5] [-0.49953095684803001:0.5] [-0.4995329285380663:0.5] [-0.49953029591357445:0.5] [-0.49953183520599254:0.5] [-0.49952874646559847:0.5] [-0.49953249181860682:0.5] [-0.49953095684803001:0.5] [-0.49953249181860682:0.5] [-0.4995329285380663:0.5] [-0.49952629085741357:0.5] [-0.49953095684803001:0.5] [-0.49953249181860682:0.5] [-0.4995329285380663:0.5]
tree_sizes=1616 1626 1627 1630 1629 1628 1625 1624 1622 1641 1643 1625 1619 1627 1628 1639 1629 1629 1630 1629 1634 1632 1624 1627 1631 1624 1632 1616 1634 1635 1627 1624 1641 1635 1639 1632 1625 1625 1637 1629 1617 1631 1633 1617 1637 1634 1636 1638 1634 1628 1636 1631 1641 1640 1635 1630 1639 1633 1638 1630 1624 1629 1639 1631 1626 1625 1627 1633 1638 1621 1638 1630 1630 1649 1619 1639 1635 1618 1628 1638 1640 1638 1625 1630 1629 1638 1624 1641 1636 1638 1639 1640 1643 1633 1635 1633 1651 1635 1620 1630 1632 1635 1632 1638 1647 1643 1621 1631 1627 1633 1639 1640 1630 1639 1639 1636 1631 1628 1636 1624 1645 1622 1640 1642 1634 1630 1640 1637 1640 1633 1635 1618 1630 1632 1631 1625 1619 1625 1619 1627 1622 1616 1640 1629 1643 1634 1627 1626 1621 1625 1636 1631 1634 1630 1629 1636 1638 1644 1640 1625 1624 1626 1637 1615 1634 1623 1630 1636 1633 1622 1610 1631 1619 1629 1605 1645 1637 1628 1651 1629 1613 1631 1640 1633 1641 1615 1616 1634 1614 1614 1624 1637 1629 1635 1638 1630 1628 1616 1604 1633 1636 1635 1629 1631 1620 1634 1628 1632 1638 1629 1628 1614 1630 1618 1625 1613 1627 1655 1633 1628 1632 1622 1625 1640 1640 1626 1626 1641 1634 1643 1632 1628 1619 1642 1614 1630 1608 1626 1626 1631 1623 1627 1608 1636 1619 1635 1633 1620 1628 1623

Tree=0
num_leaves=15
num_cat=0
split_feature=56 56 56 65 53 60 41 30 63 58 42 52 24 47
split_gain=150.739 29.1595 21.4436 14.4788 9.63818 9.41855 8.26072 7.35046 6.22552 6.0593 5.94737 5.92378 5.92908 5.77931
threshold=0.20101396444495753 -0.11497661046300812 0.41001625509440937 0.08231840744573761 -0.26978005635055008 -0.24969733611813416 0.19746384482096027 -0.43687790202307747 0.24717911515305138 -0.34640093105451891 1.0000000180025095e-35 0.20361503100890718 0.078129471951917565 -0.25144928753864765
decision_type=2 2 2 2 2 2 2 2 2 2 2 2 2 2
left_child=1 5 -2 -4 -3 11 7 -7 -8 -10 -6 12 -1 -9
right_child=2 4 3 -5 10 6 8 13 9 -11 -12 -13 -14 -15
leaf_value=0.0013685080889237616 -0.0003664996616353658 0.00097587233390386996 -0.0010070253279764888 -0.0027369632975635448 2.9937017086382068e-06 0.0015667286195000765 0.00062449307942131853 0.00046848270069116188 -0.0014414624942010968 0.00032345902097439893 0.000461641520395552 0.0016340980767602553 0.00034498461275043151 0.0010648488439359404
leaf_weight=12366 78347 17579 28756 5132 54871 14246 17674 25681 3025 4136 47432 24513 8659 33986
leaf_count=12366 78347 17579 28756 5132 54871 14246 17674 25681 3025 4136 47432 24513 8659 33986
internal_value=0.000281642 0.000672961 -0.000639359 -0.00126982 0.000327166 0.000960246 0.000795557 0.00095459 0.000322167 -0.000423447 0.00021564 0.00131718 0.00094721 0.000808245
internal_weight=376403 264168 112235 33888 119882 144286 98748 73913 24835 7161 102303 45538 21025 59667
internal_count=376403 264168 112235 33888 119882 144286 98748 73913 24835 7161 102303 45538 21025 59667
is_linear=0
shrinkage=1


Tree=1
num_leaves=15
num_cat=0
split_feature=56 59 56 65 59 57 29 57 52 42 19 52 65 5
split_gain=143.036 37.8991 22.0478 14.2264 12.0962 6.91784 6.532 5.21209 4.81947 4.05653 4.59676 3.82035 3.57001 3.1533
threshold=0.1856390651470903 -0.10605107080878005 0.41001625509440937 0.066780586769144737 -0.46467778500852797 0.36250275999538545 0.097788050784977057 1.0000000180025095e-35 0.32075739252346458 -0.3289575531623154 0.29550420384311271 0.21496805886716133 0.360110542782768 -0.15736163534775488
decision_type=2 2 2 2 2 2 2 2 2 2 2 2 2 2
left_child=1 4 5 13 -1 7 11 -2 9 -3 -11 -6 -10 -4
right_child=2 8 3 -5 6 -7 -8 -9 12 10 -12 -13 -14 -15
leaf_value=0.0016073812078348942 -0.0013773414212723003 -0.00051813543671975842 -0.0016380484662690948 -0.0029191673378658766 0.00028557057642103169 -0.0010604649790415112 0.0008987979559959918 -0.00035763566772958107 0.00092730460668292893 5.6323387905549027e-05 -0.00096582670656459181 0.00071070891879909453 -7.7429546721217011e-05 -0.00098760714971545004
leaf_weight=12799 4887 15646 10905 5375 44766 21606 52772 57570 8089 81852 4151 33102 5241 17639
leaf_count=12799 4887 15646 10905 5375 44766 21606 52772 57570 8089 81852 4151 33102 5241 17639
internal_value=7.02124e-06 0.000402173 -0.000858446 -0.001504 0.000727429 -0.00059782 0.000641103 -0.000437631 -3.62061e-06 -7.39727e-05 6.88199e-06 0.000466367 0.000532508 -0.00123659
internal_weight=376400 258418 117982 33919 143439 84063 130640 62457 114979 101649 86003 77868 13330 28544
internal_count=376400 258418 117982 33919 143439 84063 130640 62457 114979 101649 86003 77868 13330 28544
is_linear=0
shrinkage=0.03


Tree=2
num_leaves=15
num_cat=0
split_feature=66 59 66 65 59 9 58 24 65 46 52 52 9 52
split_gain=159.061 27.9565 19.7959 12.2678 10.6215 9.65577 7.72995 8.53876 6.19664 5.13491 5.52744 4.68191 5.94881 4.5152
threshold=0.20510549687584143 -0.10208767056879474 0.44179761440172882 -0.23462473439164647 -0.46852826938948605 -0.39681280451099527 -0.2436812492969733 0.09021349042682282 -0.23075009546265091 -0.019728356739706045 -0.20197769101303512 -0.008168521044587233 0.019735277923768061 0.32075739252346458
decision_type=2 2 2 2 2 2 2 2 2 2 2 2 2 2
left_child=1 4 5 -4 -1 8 -6 9 -2 -8 -11 -7 -13 -3
right_child=2 13 3 -5 6 11 7 -9 -10 10 -12 12 -14 -15
leaf_value=0.0015519360153174761 -0.00097695574600948016 -1.6841736139866753e-05 -0.0011913868131010379 -0.0026406757857574265 0.00030922752790211701 -0.00046733780381317917 0.00065599495726088115 0.00041197661365312559 -0.0026464964625501661 0.002132469833629057 0.0010827782310285701 -0.0021646225740121249 -0.0008025237243597693 0.00053758616131591012
leaf_weight=11346 4341 105438 13291 8722 51814 46663 19328 33786 3732 5625 23089 3174 31332 15105
leaf_count=11346 4341 105438 13291 8722 51814 46663 19328 33786 3732 5625 23089 3174 31332 15105
internal_value=-8.70662e-06 0.00039028 -0.000960912 -0.00176656 0.000670944 -0.000762009 0.000596039 0.000777589 -0.00175107 0.00103457 0.00128908 -0.000663434 -0.000928406 5.26713e-05
internal_weight=376786 265531 111255 22013 144988 89242 133642 81828 8073 48042 28714 81169 34506 120543
internal_count=376786 265531 111255 22013 144988 89242 133642 81828 8073 48042 28714 81169 34506 120543
is_linear=0
shrinkage=0.03


Tree=3
num_leaves=15
num_cat=0
split_feature=56 59 9 65 19 59 36 52 57 10 63 19 49 52
split_gain=125.576 31.7547 21.4676 13.2693 12.045 9.62299 6.52839 6.90409 5.77777 5.3369 5.3051 5.16189 4.24128 4.20354
threshold=0.19716349308133965 -0.10605107080878005 -0.39262342221821117 -0.055614974638378466 0.35907431028248321 -0.46072140011383034 -0.061214439040295603 0.23461630403870967 0.37813143191776305 0.035297127566324978 0.21987548479940114 0.28325269414834497 0.36042633718707234 -0.38131251413462214
decision_type=2 2 2 2 2 2 2 2 2 2 2 2 2 2
left_child=1 5 3 8 -4 -1 7 13 -2 11 12 -3 -7 -6
right_child=2 9 4 -5 6 10 -8 -9 -10 -11 -12 -13 -14 -15
leaf_value=0.0013971755688775404 -0.00077902519206630831 -0.00012571153284956287 -0.00040472367282270007 -0.0037162708670845082 -0.0001045971230717897 0.00077860842986241354 -0.00062584116612902539 -0.0023942153475348753 -0.0024048286449009785 0.00022027823166193429 0.00016469054630825403 -0.0013855158144673346 0.00034678150061278565 -0.0012980827985608248
leaf_weight=14248 4918 63422 56082 3180 3077 78278 18582 4753 3286 52712 23197 3059 27751 19486
leaf_count=14248 4918 63422 56082 3180 3077 78278 18582 4753 3286 52712 23197 3059 27751 19486
internal_value=-3.40066e-06 0.000356761 -0.000837861 -0.00207304 -0.000699788 0.000657395 -0.00106016 -0.00135526 -0.00143235 -5.14058e-06 0.000575727 -0.000183879 0.00066563 -0.00113544
internal_weight=376031 262667 113364 11384 101980 143474 45898 27316 8204 119193 129226 66481 106029 22563
internal_count=376031 262667 113364 11384 101980 143474 45898 27316 8204 119193 129226 66481 106029 22563
is_linear=0
shrinkage=0.03


Tree=4
num_leaves=15
num_cat=0
split_feature=56 59 9 57 65 59 59 65 10 19 69 36 53 57
split_gain=117.466 32.1081 25.0644 12.3658 10.6874 8.36649 6.65709 5.76631 5.11063 5.48887 4.29606 4.16614 4.10498 5.05777
threshold=0.19716349308133965 -0.13760146563502326 -0.41264813399648237 0.3704606073547701 -0.094505234225745818 -0.46852826938948605 0.004079327481876783 -0.10665435059843657 0.011842088732827884 0.20789038150991637 0.098707242471245474 -0.11514544379325443 -0.24987247568844267 -0.41751378659399363
decision_type=2 2 2 2 2 2 2 2 2 2 2 2 2 2
left_child=1 5 4 6 -2 -1 -4 -5 9 -3 12 -12 -7 -14
right_child=2 8 3 7 -6 10 -8 -9 -10 -11 11 -13 13 -15
leaf_value=0.0014509364504103717 -0.0015753738695321996 -6.8032842201185733e-05 -0.001589816333976067 -0.00088101641362709577 -0.0037021036265300271 0.00098295449034193575 -0.00032919766854936473 -0.001718651731215151 0.00021126943036166204 -0.00089638745170174427 0.0009624433742792892 0.00022968443764171163 -0.00046069886535876555 0.00064830730511906075
leaf_weight=11399 6609 61397 4020 30982 3148 34116 58718 9734 60845 8146 8622 36619 4104 37104
leaf_count=11399 6609 61397 4020 30982 3148 34116 58718 9734 60845 8146 8622 36619 4104 37104
internal_value=-4.14468e-06 0.000344383 -0.000811773 -0.000674545 -0.00226463 0.000674261 -0.000410214 -0.00108164 1.04923e-05 -0.000165178 0.000600715 0.000369515 0.00073951 0.000537774
internal_weight=375563 262352 113211 103454 9757 131964 62738 40716 130388 69543 120565 45241 75324 41208
internal_count=375563 262352 113211 103454 9757 131964 62738 40716 130388 69543 120565 45241 75324 41208
is_linear=0
shrinkage=0.03


Tree=5
num_leaves=15
num_cat=0
split_feature=66 59 66 22 66 59 52 52 24 41 60 22 52 18
split_gain=135.65 26.5652 18.666 6.96664 6.39667 5.84239 4.75501 3.81479 5.4118 4.30074 5.34185 4.19974 3.61087 3.4156
threshold=0.20510549687584143 -0.17689988739810736 0.38282117204111105 0.10156633341511286 0.48852176695337945 -0.46467778500852797 0.26974841375619452 0.15689645202593863 0.031311768979995998 0.098707242471245474 -0.26930480520737388 -0.016110465899897421 -0.067039046962757046 -0.31936031688996114
decision_type=2 2 2 2 2 2 2 2 2 2 2 2 2 2
left_child=1 5 -2 12 -4 -1 -5 8 11 -9 -11 -7 -3 -14
right_child=2 3 4 6 -6 7 -8 9 -10 10 -12 -13 13 -15
leaf_value=0.0013114307208441855 -0.00056119483302880825 0.00011856093293769969 -0.0012354501585764657 0.00019510786628133714 -0.0024375647901195311 0.00033803501202119322 0.00080375914970666506 0.0010233940647781713 0.00012696749583731852 0.0010724980611215098 7.9657955692655235e-05 0.0010887363801417754 -0.00098375633064717687 -0.00016999183582096559
leaf_weight=12845 66653 42672 39688 48208 4434 12470 15187 32948 24560 8017 12434 14535 5315 36255
leaf_count=12845 66653 42672 39688 48208 4434 12470 15187 32948 24560 8017 12434 14535 5315 36255
internal_value=3.59577e-06 0.000371592 -0.000878173 0.000103487 -0.00135678 0.00070754 0.000341021 0.00063352 0.000449325 0.000811272 0.000469195 0.000742341 -7.52841e-05 -0.000274249
internal_weight=376221 265446 110775 147637 44122 117809 63395 104964 51565 53399 20451 27005 84242 41570
internal_count=376221 265446 110775 147637 44122 117809 63395 104964 51565 53399 20451 27005 84242 41570
is_linear=0
shrinkage=0.03


Tree=6
num_leaves=15
num_cat=0
split_feature=66 66 66 60 29 66 3 63 56 10 2 41 58 42
split_gain=120.077 22.9066 19.3179 9.1731 6.04959 5.71143 5.66736 5.53163 4.75615 3.94506 3.88823 3.88849 5.30634 3.84136
threshold=0.17379833788502522 0.36683592143150973 -0.066759028284146274 -0.37656314710466571 -0.019904214930114291 0.47709511747547689 0.12178277073667872 0.25523579480101227 -0.46433078979222087 -0.36865970303243373 0.25436650470508648 0.0079924515981353878 -0.39051904914971447 -0.154436897671374
decision_type=2 2 2 2 2 2 2 2 2 2 2 2 2 2
left_child=2 -2 3 4 -1 6 -3 8 -5 -10 11 -9 -13 -4
right_child=1 5 13 7 -6 -7 -8 10 9 -11 -12 12 -14 -15
leaf_value=0.0005995269614394211 -0.00042918917337932312 -0.0014727120630180985 -0.00023254797275300696 0.0011583961877348354 0.0014715260406323498 -0.001960579416698336 -0.00076944482294636707 0.00056629322577688085 -0.00015487179398593806 0.00053963463808561201 0.00083892802156097822 -0.0015401188933797053 -0.0001021434133348713 0.00017221470950481968
leaf_weight=13724 72464 20341 33509 10415 15014 8743 21002 4510 7978 94587 4142 3073 9213 56955
leaf_count=13724 72464 20341 33509 10415 15014 8743 21002 4510 7978 94587 4142 3073 9213 56955
internal_value=5.12143e-07 -0.000770274 0.00037371 0.000569152 0.00105545 -0.00126357 -0.00111573 0.000464724 0.000547721 0.000485603 1.68331e-05 -0.000186279 -0.000462773 2.22764e-05
internal_weight=375670 122550 253120 162656 28738 50086 41343 133918 112980 102565 20938 16796 12286 90464
internal_count=375670 122550 253120 162656 28738 50086 41343 133918 112980 102565 20938 16796 12286 90464
is_linear=0
shrinkage=0.03


Tree=7
num_leaves=15
num_cat=0
split_feature=66 59 9 65 66 65 59 58 46 30 29 41 62 22
split_gain=115.608 28.4748 17.8895 10.8581 8.78695 10.3147 8.73975 6.12412 5.85759 5.41482 4.93517 4.91999 6.70333 4.77584
threshold=0.24835394730792223 -0.059442235616732252 -0.40462272867700549 -0.086356290213243078 0.42224758877380592 -0.25830294869850134 -0.46072140011383034 -0.2436812492969733 -0.039777878594885206 -0.31084692589631341 0.035346312757023886 0.11843182304267193 0.13712225363545752 0.17978028940252752
decision_type=2 2 2 2 2 2 2 2 2 2 2 2 2 2
left_child=1 6 3 -2 -4 -6 -1 11 9 -9 -10 -8 -13 -3
right_child=2 13 4 -5 5 -7 7 8 10 -11 -12 12 -14 -15
leaf_value=0.0012728743576858174 -0.0014296172161276425 -0.00017602554733147995 -0.00056630505281155756 -0.0035515486744120538 -0.00073679676481768516 -0.001986358042931782 0.00044869388408062734 0.0010353634747173003 0.00057220369711684013 0.00015144774944355285 0.0011349804594220669 -0.00075138657926893527 0.0003979730979216778 0.00022335639571902579
leaf_weight=14383 6905 80294 59638 3174 14832 9936 35831 8010 29806 28084 26547 8807 9465 40547
leaf_count=14383 6905 80294 59638 3174 14832 9936 35831 8010 29806 28084 26547 8807 9465 40547
internal_value=1.50739e-06 0.000306021 -0.000906553 -0.0021007 -0.000763727 -0.00123867 0.000567336 0.00049801 0.000646364 0.000347839 0.000837473 0.000244441 -0.00015612 -4.20095e-05
internal_weight=376259 281774 94485 10079 84406 24768 160933 146550 92447 36094 56353 54103 18272 120841
internal_count=376259 281774 94485 10079 84406 24768 160933 146550 92447 36094 56353 54103 18272 120841
is_linear=0
shrinkage=0.03


Tree=8
num_leaves=15
num_cat=0
split_feature=56 53 56 48 63 18 42 49 58 69 52 60 57 52
split_gain=92.921 20.203 12.4048 11.6917 7.88709 7.57761 7.13977 6.2272 4.4577 6.07068 4.49606 4.41776 3.69841 3.69254
threshold=0.20908195750315786 -0.27365961618616552 0.41393909101942794 -0.24288308689256169 0.29366843083576694 0.023533607451539821 0.046824866626575375 -0.28900967381387982 -0.31088213545980331 -0.14200746850949195 -0.13094660754699547 -0.41641701295087996 -0.23695982152048226 0.21496805886716133
decision_type=2 2 2 2 2 2 2 2 2 2 2 2 2 2
left_child=1 4 5 8 11 -2 7 -5 -3 -10 12 -1 -11 -4
right_child=2 3 13 6 -6 -7 -8 -9 9 10 -12 -13 -14 -15
leaf_value=0.0013192981549460928 -0.00085468264599693861 0.00010058855253427169 -0.0010674771814104145 -0.0009944052096340038 -0.00013229909224675828 -0.00025489132629596348 0.00024024696938255928 -0.00010719925440710747 0.00016346389128033556 0.0020506697074318065 0.00058057292624565137 0.00070344462452651927 0.00095941750156767612 -0.001877737863747818
leaf_weight=12867 34516 15874 26042 7925 8872 42068 58843 69369 12346 4736 12219 56893 6889 6308
leaf_count=12867 34516 15874 26042 7925 8872 42068 58843 69369 12346 4736 12219 56893 6889 6308
internal_value=4.82782e-06 0.000306254 -0.000733474 0.000137506 0.000710074 -0.00052529 -8.73121e-06 -0.000198282 0.000519815 0.000703621 0.000983119 0.00081721 0.00140537 -0.001226
internal_weight=375767 266833 108934 188201 78632 76584 136137 77294 52064 36190 23844 69760 11625 32350
internal_count=375767 266833 108934 188201 78632 76584 136137 77294 52064 36190 23844 69760 11625 32350
is_linear=0
shrinkage=0.03


Tree=9
num_leaves=15
num_cat=0
split_feature=19 59 56 17 59 58 36 53 36 36 40 36 36 57
split_gain=88.1052 23.4101 13.1736 6.95946 6.92125 6.20782 6.06434 5.46095 5.27627 7.05889 4.86159 4.84674 9.10167 7.31744
threshold=0.21164729266864254 -0.07109074641054676 0.37411136941763118 1.0000000180025095e-35 -0.46852826938948605 -0.2436812492969733 -0.061214439040295603 -0.26564723769265491 -0.073536181877609394 -0.064673457585796498 0.16759465737766568 -0.050546709288082935 -0.011899747126864561 -0.40984340592121354
decision_type=2 2 2 2 2 2 2 2 2 2 2 2 2 2
left_child=1 4 3 -2 -1 8 -4 -3 -6 -10 -7 -11 13 -13
right_child=2 7 6 -5 5 10 -8 -9 9 11 -12 12 -14 -15
leaf_value=0.001240423193732455 -0.00094690062581651664 0.00052819687594209738 -0.0014172048530416471 -0.00025683786434413115 -0.00011622149972145363 0.00076334351753783397 -0.00069642260095348428 -0.00011798271734526896 0.0015035398484338036 -0.00048245067714234105 0.00027394687605475186 0.0024522912321149368 -1.2464214874850792e-05 0.00055882323841795938
leaf_weight=11374 18314 13359 25971 46659 23789 64565 17696 98452 5046 5835 25497 3030 12096 4662
leaf_count=11374 18314 13359 25971 46659 23789 64565 17696 98452 5046 5835 25497 3030 12096 4662
internal_value=-1.89082e-06 0.000290522 -0.000722399 -0.000451462 0.000528097 0.000471953 -0.00112534 -4.07379e-05 0.000219044 0.000479053 0.000624839 0.000276791 0.000500803 0.00130691
internal_weight=376345 267705 108640 64973 155894 144520 43667 111811 54458 30669 90062 25623 19788 7692
internal_count=376345 267705 108640 64973 155894 144520 43667 111811 54458 30669 90062 25623 19788 7692
is_linear=0
shrinkage=0.03


Tree=10
num_leaves=15
num_cat=0
split_feature=66 59 66 65 59 47 22 41 47 65 60 45 53 65
split_gain=103.787 22.1345 11.0879 13.5662 6.99066 6.37099 5.68657 4.90372 5.62471 4.83702 4.31215 3.92447 4.17892 3.91593
threshold=0.24835394730792223 -0.090682516131258398 0.42628038230105281 -0.23462473439164647 -0.46072140011383034 1.0000000180025095e-35 0.24956621396364534 0.18552688223782585 -0.10927362690071273 -0.074778422182656026 -0.082561108703433736 -0.0039672189895196821 -0.2377941894340723 0.12544173533480316
decision_type=2 2 2 2 2 2 2 2 2 2 2 2 2 2
left_child=1 4 5 -4 -1 9 -3 8 11 -2 -9 12 -6 -5
right_child=2 6 3 13 7 -7 -8 10 -10 -11 -12 -13 -14 -15
leaf_value=0.0011756072986205566 -0.00077882911219545451 -0.00010970928557948504 -0.00082624830101257307 -0.0017967909831378896 0.00083686705100615962 -0.00041980635628970076 0.00033472857295930274 0.00048706330657949273 0.00086080987463125612 -0.0017320159501625896 -0.00018210969001227121 -4.3093848911139161e-05 0.00026951445890357068 -0.0030299955999103295
leaf_weight=14160 18656 97184 16945 7561 21693 41795 35318 18147 39377 6457 16574 13857 25342 3395
leaf_count=14160 18656 97184 16945 7561 21693 41795 35318 18147 39377 6457 16574 13857 25342 3395
internal_value=1.93428e-06 0.000290939 -0.000856561 -0.00135895 0.000541595 -0.00064689 8.77058e-06 0.000475007 0.000581402 -0.0010245 0.000167674 0.000400605 0.000531305 -0.00218135
internal_weight=376461 281652 94809 27901 149150 66908 132502 134990 100269 25113 34721 60892 47035 10956
internal_count=376461 281652 94809 27901 149150 66908 132502 134990 100269 25113 34721 60892 47035 10956
is_linear=0
shrinkage=0.03


Tree=11
num_leaves=15
num_cat=0
split_feature=66 59 9 66 58 24 41 22 53 56 53 36 36 53
split_gain=92.8584 17.6386 15.8166 9.04254 6.19102 8.48702 6.29801 5.95737 5.92481 5.32247 4.99585 4.66774 7.42276 7.57928
threshold=0.20125759383844274 -0.18108263973315872 -0.39262342221821117 0.44561036482419447 -0.26348564347298753 0.11721389565885172 0.33921469797596465 0.090039423445968561 -0.28171401217260472 0.41783533279879786 0.093551740325933844 -0.073536181877609394 -0.13308146253084979 -0.29376934281443323
decision_type=2 2 2 2 2 2 2 2 2 2 2 2 2 2
left_child=1 4 9 10 6 -6 11 -3 -9 -2 -4 12 13 -1
right_child=2 7 3 -5 5 -7 -8 8 -10 -11 -12 -13 -14 -15
leaf_value=0.001859361494090961 -0.0013366087426164132 -8.1206580595945949e-05 -0.0007428828785657083 -0.0012290041814300189 0.0010305714780334569 0.00033865418845995351 -0.00092486148023718316 0.00084466469009678458 0.00015195731298266245 -0.0027155993447777211 -0.00027148232676223335 0.00069209832782668522 -0.00032593333747148477 -0.00019527916436660477
leaf_weight=3481 8515 82257 35073 17077 42036 25733 3376 14189 51155 3598 47849 24777 13468 3005
leaf_count=3481 8515 82257 35073 17077 42036 25733 3376 14189 51155 3598 47849 24777 13468 3005
internal_value=-1.53902e-06 0.000306163 -0.000724638 -0.0006005 0.000583178 0.000767928 0.000322813 8.86632e-05 0.00030248 -0.00174812 -0.000470933 0.000417165 7.56028e-05 0.0009086
internal_weight=375589 263477 112112 99999 115876 67769 48107 147601 65344 12113 82922 44731 19954 6486
internal_count=375589 263477 112112 99999 115876 67769 48107 147601 65344 12113 82922 44731 19954 6486
is_linear=0
shrinkage=0.03


Tree=12
num_leaves=15
num_cat=0
split_feature=66 9 66 65 52 66 58 24 52 9 69 57 66 69
split_gain=98.8532 14.279 13.7562 9.55041 8.98134 7.82686 7.02964 6.41925 5.17484 5.0125 4.84787 4.33823 3.81991 4.07001
threshold=0.20510549687584143 -0.39262342221821117 -0.11442574181901392 -0.086356290213243078 -0.11103183601794307 0.34728946862711096 -0.2436812492969733 0.094195106162235934 0.23867626413387913 0.090036343528263965 0.35104018574393142 0.37441451669518677 -0.47614941930701354 0.023977646899961572
decision_type=2 2 2 2 2 2 2 2 2 2 2 2 2 2
left_child=2 3 6 11 -3 -6 10 -8 -9 -7 12 -2 13 -1
right_child=1 4 -4 -5 5 9 7 8 -10 -11 -12 -13 -14 -15
leaf_value=0.0017868089139557834 -0.00060927093360654285 -0.00030574052191749304 8.0360624308939164e-05 -0.0029992368837893496 -0.00053328067621429259 -0.0022815576233516156 0.00092177235931795588 5.6822290259669035e-05 0.00079649127249670486 -0.0010847741622159461 -0.00067705052465713556 -0.0019984755836341709 0.00026152552202758579 0.00028137817633109744
leaf_weight=3228 5087 43311 120356 3662 28381 3640 47774 19215 15276 23557 4465 3364 51574 3236
leaf_count=3228 5087 43311 120356 3662 28381 3640 47774 19215 15276 23557 4465 3364 51574 3236
internal_value=2.67611e-06 -0.000748923 0.000317372 -0.00172082 -0.000629712 -0.000882078 0.000514397 0.000696609 0.000384556 -0.00124573 0.000274499 -0.00116397 0.000347808 0.00103476
internal_weight=376126 111002 265124 12113 98889 55578 144768 82265 34491 27197 62503 8451 58038 6464
internal_count=376126 111002 265124 12113 98889 55578 144768 82265 34491 27197 62503 8451 58038 6464
is_linear=0
shrinkage=0.03


Tree=13
num_leaves=15
num_cat=0
split_feature=56 9 56 19 69 30 42 22 56 36 67 22 33 63
split_gain=68.9564 16.1232 12.1884 7.97177 5.73531 6.79115 7.05426 5.65081 4.96887 4.95856 4.34909 4.09408 4.02958 3.86947
threshold=0.19716349308133965 -0.42063048435323441 -0.040058492034308467 0.4334870394293977 0.20135986983415236 -0.38952245478561259 0.050715804809804373 -0.16724587708862973 0.41783533279879786 -0.060934713846650106 0.14075433550808167 -0.11200547880893695 0.38250226710375212 0.24717911515305138
decision_type=2 2 2 2 2 2 2 2 2 2 2 2 2 2
left_child=2 8 4 -3 5 10 -7 -4 -2 12 -1 13 -5 -6
right_child=1 3 7 9 11 6 -8 -9 -10 -11 -12 -13 -14 -15
leaf_value=0.00073740104592883587 -0.001315914940352262 -0.00036734277919108789 -0.00035081221164147072 -0.0019033871656049706 -7.8527030564707804e-06 0.00018814272425453365 0.00070455330954067598 0.00015576715859403546 -0.0027979828633786659 -0.00043395388934699432 0.0016507202775083293 0.00032527402279257991 -0.00087980862913588124 -0.0011503846721487249
leaf_weight=25576 6070 81659 29259 6444 10353 58468 40161 61364 3085 8522 5751 28418 7537 3584
leaf_count=25576 6070 81659 29259 6444 10353 58468 40161 61364 3085 8522 5751 28418 7537 3584
internal_value=7.22109e-06 -0.000611398 0.000273841 -0.000505197 0.000421961 0.000520765 0.000398471 -7.81028e-06 -0.00181784 -0.00100506 0.000905541 0.000118754 -0.00135261 -0.000302277
internal_weight=376251 113317 262934 104162 172311 129956 98629 90623 9155 22503 31327 42355 13981 13937
internal_count=376251 113317 262934 104162 172311 129956 98629 90623 9155 22503 31327 42355 13981 13937
is_linear=0
shrinkage=0.03


Tree=14
num_leaves=15
num_cat=0
split_feature=66 66 53 65 66 9 41 47 65 9 52 24 9 58
split_gain=84.0116 16.5076 12.7451 12.684 7.10791 5.77211 5.07396 4.84588 5.17083 4.74435 5.97068 4.67377 6.11063 4.99327
threshold=0.17379833788502522 0.36683592143150973 -0.27771173801198673 0.10587890983447147 -0.047059745581802585 0.19210798674792898 0.33921469797596465 0.027490414134851818 -0.067186076577165479 -0.41264813399648237 -0.24929497936234002 0.054829927620834835 -0.32878852601301262 -0.34640093105451891
decision_type=2 2 2 2 2 2 2 2 2 2 2 2 2 2
left_child=2 7 6 9 11 -5 -1 8 -2 -3 -11 12 13 -4
right_child=1 3 4 5 -6 -7 -8 -9 -10 10 -12 -13 -14 -15
leaf_value=0.00070917466354193019 -0.00037573751067083002 -0.0017709211915477652 -2.347469542001631e-05 -0.0032568338417158105 -4.8362096547363097e-05 -0.0014566745552412454 -0.00012806133758248058 -0.00014003679462976145 -0.0012195150087852753 -0.00022824855723168285 -0.0010212486900818463 0.00011551831943225337 0.00033735548905073932 0.0013528307527807591
leaf_weight=71559 21151 4728 3010 3008 74636 3484 7164 41810 9460 12638 26421 46036 40280 11185
leaf_count=71559 21151 4728 3010 3008 74636 3484 7164 41810 9460 12638 26421 46036 40280 11185
internal_value=4.42514e-06 -0.000640086 0.000315942 -0.00105766 0.000173417 -0.00229449 0.000632977 -0.000350073 -0.000636811 -0.000873807 -0.000764788 0.000338091 0.000526128 0.00106118
internal_weight=376570 122700 253870 50279 175147 6492 78723 72421 30611 43787 39059 100511 54475 14195
internal_count=376570 122700 253870 50279 175147 6492 78723 72421 30611 43787 39059 100511 54475 14195
is_linear=0
shrinkage=0.03


Tree=15
num_leaves=15
num_cat=0
split_feature=59 57 9 59 49 59 48 65 29 52 65 52 69 46
split_gain=66.3547 27.2484 11.6913 8.76876 5.99143 6.09501 6.62488 5.04429 5.02996 4.70597 3.86969 3.54653 3.19351 3.8946
threshold=-0.043532651288099015 0.3704606073547701 -0.40061964126964433 -0.46467778500852797 -0.21768632902457696 1.0000000180025095e-35 0.25543045861622982 -0.33752056895997523 -0.004127950287648118 0.30129340155068562 -0.063143035703342718 -0.011976881890814471 0.35104018574393142 0.019636738780660027
decision_type=2 2 2 2 2 2 2 2 2 2 2 2 2 2
left_child=3 4 -3 -1 5 6 -2 -4 -5 10 -6 -9 13 -10
right_child=1 2 7 8 9 -7 -8 11 12 -11 -12 -13 -14 -15
leaf_value=0.001197035331935417 -0.00032141129192336804 -0.0023426769608074641 -0.00047365724948565213 0.00020564745941719845 7.6956576389829596e-05 -0.00029112630425288315 -0.0020490188427884238 -0.00068969954140976673 0.00036604275445928684 0.00058676953358059952 -0.00031553406313371388 -0.0014522138392629572 -0.00038625767416194446 0.00079706658018418154
leaf_weight=12852 4029 5126 19610 74999 50438 53236 3961 9511 36681 9982 40959 13079 3148 38907
leaf_count=12852 4029 5126 19610 74999 50438 53236 3961 9511 36681 9982 40959 13079 3148 38907
internal_value=-2.56545e-06 -0.000357328 -0.000990785 0.000444497 -0.000172911 -0.000407214 -0.00117935 -0.000826056 0.000381512 -3.13822e-05 -9.8951e-05 -0.00113162 0.000548982 0.000587977
internal_weight=376518 209931 47326 166587 162605 61226 7990 42200 153735 101379 91397 22590 78736 75588
internal_count=376518 209931 47326 166587 162605 61226 7990 42200 153735 101379 91397 22590 78736 75588
is_linear=0
shrinkage=0.03


Tree=16
num_leaves=15
num_cat=0
split_feature=66 66 65 9 10 60 41 66 42 52 9 65 24 52
split_gain=76.7732 18.8046 12.6034 7.2177 6.62207 5.92942 5.76525 5.83037 4.81722 4.81139 6.19603 4.72843 4.46816 5.49189
threshold=0.28794706306342899 -0.12593448958110459 0.22690325834643418 -0.34078077641291554 -0.17844618630469958 -0.24586844863446183 0.094811529678395359 -0.47220630203097108 0.13700110118861461 -0.11865636388176541 0.090036343528263965 -0.21892395024083613 0.11721389565885172 0.10214791630623406
decision_type=2 2 2 2 2 2 2 2 2 2 2 2 2 2
left_child=1 5 3 11 -3 12 7 -7 -9 -5 -11 -2 -1 -14
right_child=2 4 -4 9 -6 6 -8 8 -10 10 -12 -13 13 -15
leaf_value=0.00097489912090700966 -0.00097963336161735405 -0.00028957120795908102 -0.0021096588350201142 -0.00031074108951976862 0.00012347828945855592 0.0015034866132751208 3.4585190988481522e-05 0.0002627155709096124 0.00094270117558802741 -0.0018072730723046437 -0.00067238695066163933 -0.0022998883256474751 -0.00035595991406400367 0.00074989576054219865
leaf_weight=28293 7001 52897 6432 28153 102814 4895 37187 40161 12228 5069 29588 3764 6161 11713
leaf_count=28293 7001 52897 6432 28153 102814 4895 37187 40161 12228 5069 29588 3764 6161 11713
internal_value=-1.23702e-05 0.000210267 -0.00083695 -0.000725417 -1.68494e-05 0.000461708 0.000325477 0.000514276 0.000421579 -0.000602226 -0.000838851 -0.00144297 0.000740346 0.000368732
internal_weight=376356 296349 80007 73575 155711 140638 94471 57284 52389 62810 34657 10765 46167 17874
internal_count=376356 296349 80007 73575 155711 140638 94471 57284 52389 62810 34657 10765 46167 17874
is_linear=0
shrinkage=0.03


Tree=17
num_leaves=15
num_cat=0
split_feature=30 59 9 63 1 59 7 1 47 56 36 30 45 17
split_gain=56.222 20.8297 12.2569 6.22746 6.09886 5.50332 4.82982 4.71379 6.6666 4.59079 4.50393 4.38391 4.07344 3.98882
threshold=0.29097072019587705 -0.059442235616732252 -0.17022682583824622 0.04725346121080843 -0.34788211564320926 -0.46467778500852797 -0.33365394219422234 -0.029028596739809644 -0.13264790504377594 0.44962259314116448 -0.061214439040295603 0.45711163744877065 -0.380694793406056 1.0000000180025095e-35
decision_type=2 2 2 2 2 2 2 2 2 2 2 2 2 2
left_child=1 3 9 4 -1 -6 -3 8 -7 13 11 -4 -8 -2
right_child=2 6 10 -5 5 7 12 -9 -10 -11 -12 -13 -14 -15
leaf_value=-0.0006540674161699012 -0.0017779171730385424 -0.00046354457528678547 -0.00057117803991607586 0.00017628701595730439 0.001398099095104702 0.00045269478397854003 -0.00045001184117650296 0.00029526910888200196 0.0011991984872410976 -0.0023818773529946449 -0.00022872118927220748 -0.0013621807926884201 6.198454383160061e-05 -0.00073102767012675203
leaf_weight=3600 5770 26734 28071 65663 7219 27602 16420 39376 17665 3675 25507 8137 93979 7618
leaf_count=3600 5770 26734 28071 65663 7219 27602 16420 39376 17665 3675 25507 8137 93979 7618
internal_value=-1.83528e-05 0.000169925 -0.000731115 0.000401204 0.000555878 0.000603361 -0.000101827 0.000535422 0.000744211 -0.00144262 -0.000534195 -0.000749267 -1.42002e-05 -0.00118321
internal_weight=377036 298258 78778 161125 95462 91862 137133 84643 45267 17063 61715 36208 110399 13388
internal_count=377036 298258 78778 161125 95462 91862 137133 84643 45267 17063 61715 36208 110399 13388
is_linear=0
shrinkage=0.03


Tree=18
num_leaves=15
num_cat=0
split_feature=66 66 9 58 53 29 41 66 42 63 63 58 53 53
split_gain=62.8797 15.556 11.205 6.16509 5.22055 5.20943 4.58707 4.78511 4.54139 3.98621 3.95422 4.79179 3.14982 2.97796
threshold=0.28794706306342899 -0.12593448958110459 -0.34078077641291554 -0.24748028687113982 0.015739216269461846 -0.059250930774509956 0.094811529678395359 -0.47220630203097108 1.0000000180025095e-35 0.34434226372836957 0.10979125008062952 -0.44078139822682277 -0.25762664861765222 0.038985729849440105
decision_type=2 2 2 2 2 2 2 2 2 2 2 2 2 2
left_child=1 3 -2 6 -4 12 7 -1 -3 -10 -8 -12 -5 -11
right_child=2 8 4 5 -6 -7 10 -9 9 13 11 -13 -14 -15
leaf_value=0.0013234647359464335 -0.0015709523015650687 -0.00014710717521453377 -0.0010046927532157959 0.00065718578399440717 -0.00041972459850838197 0.0008277676982429554 0.00025312767416231209 0.0002890093169565089 0.00028286941980893842 -0.00075447775811226798 -0.0015458615637636032 -0.00014521879001759701 8.7156319018416898e-05 0.00014224734712716314
leaf_weight=4571 12273 83046 19171 15681 48437 44690 11957 33227 59361 6438 3040 7881 19658 6894
leaf_count=4571 12273 83046 19171 15681 48437 44690 11957 33227 59361 6438 3040 7881 19658 6894
internal_value=9.71522e-06 0.00021102 -0.000737272 0.000439642 -0.000585723 0.000612543 0.000211531 0.000414425 4.45146e-06 0.000177592 -0.000123716 -0.000536163 0.00034021 -0.000291021
internal_weight=376325 296444 79881 140705 67608 80029 60676 37798 155739 72693 22878 10921 35339 13332
internal_count=376325 296444 79881 140705 67608 80029 60676 37798 155739 72693 22878 10921 35339 13332
is_linear=0
shrinkage=0.03


Tree=19
num_leaves=15
num_cat=0
split_feature=56 59 9 57 58 22 41 36 36 1 24 60 42 42
split_gain=51.4662 13.998 11.3204 6.89274 5.46791 5.42965 4.95761 5.33579 7.15567 4.21715 4.15649 4.05789 4.02742 3.75296
threshold=0.20101396444495753 -0.10208767056879474 -0.41661955853099303 0.44931294559463497 -0.22829672620234392 -0.21117440059676801 0.27612298049541367 -0.073536181877609394 -0.064673457585796498 -0.32973009374939405 0.078129471951917565 0.19616154779872705 0.17961764403546779 0.042996742778987025
decision_type=2 2 2 2 2 2 2 2 2 2 2 2 2 2
left_child=1 4 -2 9 6 13 7 11 -9 -4 -6 -1 -10 -3
right_child=2 5 3 -5 10 -7 -8 8 12 -11 -12 -13 -14 -15
leaf_value=-0.00032020333413151572 -0.0015335824045432836 -0.00059729794381327785 0.00040890793042402702 -0.001017257614935876 0.00077033454721303759 0.00011615503478317747 -0.00046011415629804565 0.0015956858378509302 0.00016467172663462524 -0.000399171562546445 0.00034064143660682408 0.00046588628369345376 0.0010937859223283965 4.0591975583546712e-05
leaf_weight=14748 9404 19922 6256 16067 47336 85038 8467 5255 18623 80617 35463 9848 5413 14223
leaf_count=14748 9404 19922 6256 16067 47336 85038 8467 5255 18623 80617 35463 9848 5413 14223
internal_value=1.63475e-07 0.000228772 -0.000537706 -0.000446588 0.000426581 -1.21554e-05 0.000214354 0.000320396 0.000593878 -0.000340939 0.000586359 -5.39924e-06 0.00037428 -0.000331653
internal_weight=376680 264336 112344 102940 145153 119183 62354 53887 29291 86873 82799 24596 24036 34145
internal_count=376680 264336 112344 102940 145153 119183 62354 53887 29291 86873 82799 24596 24036 34145
is_linear=0
shrinkage=0.03


Tree=20
num_leaves=15
num_cat=0
split_feature=66 59 9 52 59 52 43 58 24 36 36 36 52 9
split_gain=58.8624 16.7912 10.8618 7.87501 4.66145 4.46142 4.13463 3.96453 5.72083 5.03452 6.55537 4.58377 3.44134 4.19012
threshold=0.28794706306342899 -0.21645876842859049 -0.35671093400115156 0.039341929204896105 -0.46852826938948605 -0.29731948392543589 -0.29312525793327648 -0.27123662628533363 0.09021349042682282 -0.073536181877609394 -0.064673457585796498 -0.12394657986838371 -0.42827868360748172 0.10567876567171676
decision_type=2 2 2 2 2 2 2 2 2 2 2 2 2 2
left_child=1 4 5 12 -1 -2 -3 9 -9 11 -11 -6 -4 -14
right_child=2 6 3 -5 7 -7 -8 8 -10 10 -12 -13 13 -15
leaf_value=0.0010754444330923324 -0.0012169574360609676 -0.00027971894119630772 0.00048856362313193745 -0.00099464926470642433 0.00041035262490290184 -0.0025525283450824362 9.0838529704256098e-05 0.00084801891848374378 0.00022787367517223858 0.0016793422499456528 0.00025454802590947319 -0.00063687599372466979 -0.00079396417478858755 -0.00015672815223823549
leaf_weight=11368 8428 32610 4162 25764 6263 3086 160134 32382 22836 3486 17261 9389 15769 22587
leaf_count=11368 8428 32610 4162 25764 6263 3086 160134 32382 22836 3486 17261 9389 15769 22587
internal_value=-1.72817e-06 0.000193379 -0.000724741 -0.000580849 0.000502615 -0.00157682 2.81333e-05 0.000431428 0.000591639 0.000188289 0.000494642 -0.000217843 -0.00032993 -0.000418849
internal_weight=375525 295729 79796 68282 102985 11514 192744 91617 55218 36399 20747 15652 42518 38356
internal_count=375525 295729 79796 68282 102985 11514 192744 91617 55218 36399 20747 15652 42518 38356
is_linear=0
shrinkage=0.03


Tree=21
num_leaves=15
num_cat=0
split_feature=59 30 9 36 65 9 59 58 24 53 53 65 65 41
split_gain=46.5502 20.0552 8.18616 6.41999 6.40341 5.86481 5.69858 5.0598 5.31625 4.99588 7.0054 4.9517 4.42819 4.33448
threshold=-0.059442235616732252 0.35854512626232321 -0.19418869523759069 -0.061214439040295603 -0.25446034650472987 -0.41661955853099303 -0.45682202700070179 -0.25156643817869168 0.14430467394185684 0.058607001452957504 -0.28171401217260472 0.37207066568113994 -0.086356290213243078 0.33921469797596465
decision_type=2 2 2 2 2 2 2 2 2 2 2 2 2 2
left_child=6 5 4 -4 -3 12 -1 13 -9 10 11 -7 -2 -8
right_child=1 2 3 -5 -6 9 7 8 -10 -11 -12 -13 -14 -15
leaf_value=0.00091814374976658135 -0.00036657510087825779 -0.00085931373859140158 -0.00091914590259727558 -0.00016755040179371755 -0.0023121756155921954 0.00073799201964140453 0.0001578399479192736 0.00061256313857777404 0.00013837517804266038 9.2835043157667518e-05 -0.00039454242451330819 -0.00042263223418562796 -0.0015840105063194378 -0.00085911440723157302
leaf_weight=15670 8222 5919 25212 17215 5089 9554 47288 61021 32680 74223 61116 5050 3992 4089
leaf_count=15670 8222 5919 25212 17215 5089 9554 47288 61021 32680 74223 61116 5050 3992 4089
internal_value=-1.16027e-05 -0.0002997 -0.000803694 -0.000614293 -0.00153246 -0.000133582 0.000374783 0.000316035 0.000447214 -8.2064e-05 -0.000253495 0.000336639 -0.00076545 7.6751e-05
internal_weight=376340 215592 53435 42427 11008 162157 160748 145078 93701 149943 75720 14604 12214 51377
internal_count=376340 215592 53435 42427 11008 162157 160748 145078 93701 149943 75720 14604 12214 51377
is_linear=0
shrinkage=0.03


Tree=22
num_leaves=15
num_cat=0
split_feature=56 9 52 42 52 9 19 36 57 36 36 36 34 57
split_gain=42.4065 11.2896 10.0432 8.00489 6.25056 6.06193 5.70499 5.29039 4.33018 4.07476 9.67806 10.2514 5.25959 4.63048
threshold=0.20908195750315786 -0.41661955853099303 0.27362578691996747 0.019636738780660027 -1.0000000180025095e-35 0.093942855165013953 -0.29931638995146631 -0.13707718563428126 -0.1419140752418849 0.29488841075409922 -0.015938362076260423 -0.030103936289380014 -0.10639502833260685 -0.20501655455782899
decision_type=2 2 2 2 2 2 2 2 2 2 2 2 2 2
left_child=2 -2 3 6 -3 -6 -1 8 -4 10 11 12 13 -9
right_child=1 4 7 -5 5 -7 -8 9 -10 -11 -12 -13 -14 -15
leaf_value=0.0003537118056475768 -0.0014979327491669902 -0.00019375337123113352 0.001518824099869232 0.00029575964939681376 -0.0016315479795015184 -0.00054192314941524367 -0.00020526365962347421 -0.00063515110154511425 0.0001733326216574765 0.00090639921346653103 -0.0012729072293823688 0.0020149235407648826 0.00049164974787848921 0.0004767671211344188
leaf_weight=20607 9258 56138 7395 90830 5213 38481 80967 8669 3039 11656 3344 3263 31711 5502
leaf_count=20607 9258 56138 7395 90830 5213 38481 80967 8669 3039 11656 3344 3263 31711 5502
internal_value=2.07731e-06 -0.000496264 0.000205712 9.11454e-05 -0.000403233 -0.000672267 -9.18369e-05 0.000501227 0.00112748 0.0003992 0.000286417 0.000392756 0.000276978 -0.000203409
internal_weight=376073 109090 266983 192404 99832 43694 101574 74579 10434 64145 52489 49145 45882 14171
internal_count=376073 109090 266983 192404 99832 43694 101574 74579 10434 64145 52489 49145 45882 14171
is_linear=0
shrinkage=0.03


Tree=23
num_leaves=15
num_cat=0
split_feature=66 66 63 57 57 22 64 7 36 36 36 66 42 41
split_gain=50.4537 12.6543 5.76605 5.57935 5.46913 5.10256 5.37597 3.33163 3.18063 3.329 4.64936 4.3477 3.14442 3.06931
threshold=0.28794706306342899 -0.13747202729973967 -0.0040897040400416631 0.0042680325234319425 0.3704606073547701 -0.20333814880828788 -0.44025563296841835 0.25922611342480878 -0.12394657986838371 -0.070110416245670368 -0.085008674281173216 -0.45291797766241287 -0.14632932493890299 0.35104018574393142
decision_type=2 2 2 2 2 2 2 2 2 2 2 2 2 2
left_child=1 2 8 -2 -5 7 -7 -3 -1 10 -10 -11 -9 -4
right_child=3 5 13 4 -6 6 -8 12 9 11 -12 -13 -14 -15
leaf_value=0.00099340086478859574 -0.0015384679622764399 -0.00040483243987804972 0.0002656572796534016 -0.000291241655474102 -0.00081300006382152936 -0.00093851591261419971 0.00015396378969912843 -0.0004337869897777008 0.00047495401509459824 0.0015129449707176809 -0.00051384661102049753 0.00053289687840530231 0.00060581883588080028 -0.0004038987013579321
leaf_weight=13841 6031 34779 57872 31618 42273 4199 110079 4319 14221 4643 6111 33011 6619 6887
leaf_count=13841 6031 34779 57872 31618 42273 4199 110079 4319 14221 4643 6111 33011 6619 6887
internal_value=7.36644e-06 0.000187649 0.000399726 -0.000661579 -0.000589809 6.58667e-06 0.000113743 -0.000261237 0.000584795 0.000487108 0.000177653 0.000654113 0.000195297 0.0001944
internal_weight=376503 296581 136586 79922 73891 159995 114278 45717 71827 57986 20332 37654 10938 64759
internal_count=376503 296581 136586 79922 73891 159995 114278 45717 71827 57986 20332 37654 10938 64759
is_linear=0
shrinkage=0.03


Tree=24
num_leaves=15
num_cat=0
split_feature=19 30 59 22 32 9 9 53 22 52 21 53 59 29
split_gain=37.8046 9.04213 8.46897 6.94833 5.54281 5.16551 4.94598 4.18426 4.0983 3.85105 4.48593 3.79479 3.4713 3.37335
threshold=0.14941197361583788 0.43308472929985337 -0.20064630405011907 0.14490029688851488 0.11745385187340386 -0.18234114575577987 -0.39262342221821117 0.058607001452957504 -0.16327412808508765 -0.24929497936234002 0.2474831454996135 -1.0000000180025095e-35 -0.46467778500852797 0.015868269162848895
decision_type=2 2 2 2 2 2 2 2 2 2 2 2 2 2
left_child=2 4 12 11 6 -3 -2 8 -8 -7 -11 -4 -1 -14
right_child=1 5 3 -5 -6 9 7 -9 -10 10 -12 -13 13 -15
leaf_value=0.00088463543105336232 -0.0013247717247207016 -0.0017672793317336224 -0.00032282804054770424 0.00034865654207420039 -8.1329775911587483e-05 0.00014893851412220365 -0.001422471511089037 -0.00017805551447185644 -0.00044611617981394399 -0.0014792050315763808 -0.0004675654740321321 7.7021702361066314e-05 0.0001817564922545575 0.00053674534186999101
leaf_weight=12660 5969 5155 38087 48864 55677 3859 5789 27843 11674 6959 9124 48622 49019 47397
leaf_count=12660 5969 5155 38087 48864 55677 3859 5789 27843 11674 6959 9124 48622 49019 47397
internal_value=1.34648e-07 -0.00040892 0.000220929 6.25977e-05 -0.000288612 -0.0009213 -0.00051363 -0.000406495 -0.000770408 -0.000701838 -0.000905942 -9.86296e-05 0.000417699 0.000356303
internal_weight=376698 132049 244649 135573 106952 25097 51275 45306 17463 19942 16083 86709 109076 96416
internal_count=376698 132049 244649 135573 106952 25097 51275 45306 17463 19942 16083 86709 109076 96416
is_linear=0
shrinkage=0.03


Tree=25
num_leaves=15
num_cat=0
split_feature=66 53 66 53 63 59 42 60 52 48 58 38 69 58
split_gain=48.7282 11.3131 9.45476 6.41037 5.62359 4.43998 3.67428 3.58442 3.39761 3.3798 3.40783 3.89 3.36876 4.06434
threshold=0.17379833788502522 -0.27365961618616552 0.36683592143150973 -0.015979368512343214 0.20017333336448642 -0.18108263973315872 -0.14632932493890299 0.41029812871367216 0.039341929204896105 -0.2119167006983006 -0.37056022061320532 0.1684932509117251 0.016045043995219169 -0.36226886425207744
decision_type=2 2 2 2 2 2 2 2 2 2 2 2 2 2
left_child=1 4 -2 5 7 -3 -5 -1 -4 10 -8 -12 -6 -14
right_child=2 3 8 6 12 -7 9 -9 -10 -11 11 -13 13 -15
leaf_value=0.00074590388871204278 -0.00026980260883689846 0.00017584330550440708 -0.00063267342616445089 -2.5746862529114021e-06 0.00077626365444112913 -0.00030928389484801517 -4.2466619812003279e-05 1.234734085615964e-05 -0.0011591032249447153 0.00022085115263856039 0.0010938286490699098 0.00017413707609483631 -0.0011073949938013368 0.00012106520729038002
leaf_weight=55865 72643 28234 33742 33491 4301 42564 5027 6716 16435 43803 14432 5808 3251 9436
leaf_count=55865 72643 28234 33742 33491 4301 42564 5027 6716 16435 43803 14432 5808 3251 9436
internal_value=1.6157e-06 0.000239681 -0.000488622 0.00010374 0.000535811 -0.000115819 0.000255298 0.000667195 -0.000805297 0.000380319 0.000656577 0.000830133 5.17025e-05 -0.000194348
internal_weight=375748 252928 122820 173359 79569 70798 102561 62581 50177 69070 25267 20240 16988 12687
internal_count=375748 252928 122820 173359 79569 70798 102561 62581 50177 69070 25267 20240 16988 12687
is_linear=0
shrinkage=0.03


Tree=26
num_leaves=15
num_cat=0
split_feature=66 53 9 53 52 66 42 41 52 48 58 66 49 3
split_gain=39.5428 10.0974 9.07167 7.76387 7.02398 6.26885 4.68532 4.2848 3.88938 3.80391 5.67805 3.56786 3.36998 3.1139
threshold=0.24835394730792223 -0.28171401217260472 -0.40061964126964433 -0.10300838902812585 -0.24929497936234002 0.44179761440172882 -0.1505576834937471 0.35104018574393142 -0.35341198838364341 -0.24690115832427093 -0.36650408401573692 -0.11050578162900347 -0.46411367233001816 0.046786308278341134
decision_type=2 2 2 2 2 2 2 2 2 2 2 2 2 2
left_child=1 7 8 11 -4 13 -5 -1 -2 10 -8 -3 -7 -6
right_child=2 3 4 6 5 12 9 -9 -10 -11 -12 -13 -14 -15
leaf_value=0.00052989462969581919 -0.00093195659686696217 1.3599823778506304e-05 1.7007014479849169e-05 -6.1231014168924887e-05 -0.00070183006701740635 -0.0019103647478738897 -0.00022442478005273804 -0.00028102066718204192 -0.0021446580036164811 0.00018043675213755489 0.00082062235127511958 -0.00046584291162134726 -0.00086109136261991925 -0.00021799449895755987
leaf_weight=72152 6606 26704 22938 49145 22157 3971 5959 6377 3739 70381 21714 29282 9069 26058
leaf_count=72152 6606 26704 22938 49145 22157 3971 5959 6377 3739 70381 21714 29282 9069 26058
internal_value=-3.02687e-06 0.000175136 -0.000533898 6.34699e-05 -0.000430779 -0.000598436 0.000177835 0.000464016 -0.00137191 0.00029765 0.000595586 -0.000237198 -0.00118184 -0.000440439
internal_weight=376252 281714 94538 203185 84193 61255 147199 78529 10345 98054 27673 55986 13040 48215
internal_count=376252 281714 94538 203185 84193 61255 147199 78529 10345 98054 27673 55986 13040 48215
is_linear=0
shrinkage=0.03


Tree=27
num_leaves=15
num_cat=0
split_feature=66 53 65 53 63 57 57 46 46 65 65 47 65 18
split_gain=42.778 9.36981 9.31255 7.00104 5.1419 5.05211 6.01825 4.45489 3.79757 3.72407 3.62388 3.5612 5.95144 3.431
threshold=0.24835394730792223 -0.26564723769265491 0.23484827081249129 -0.10300838902812585 0.25904952451676855 0.43735733487242684 0.0082595898955247233 -0.15836414773511778 0.19522710195758783 -0.20681060906926069 0.21916750824455447 0.090603718563376082 0.37967774142462368 -0.22082006369426749
decision_type=2 2 2 2 2 2 2 2 2 2 2 2 2 2
left_child=1 4 5 -3 11 6 -2 10 -4 -7 -5 13 -13 -1
right_child=2 3 8 7 -6 9 -8 -9 -10 -11 -12 12 -14 -15
leaf_value=1.5787377463979286e-05 -0.0012078360381341782 -0.0002293809051767398 -0.0021566920168035811 2.2965963888086881e-05 -0.00010033219853428697 -0.0006161723275637589 -0.00023831954471468429 0.00029438147000273484 -0.00081761759891790678 -0.0015114366491588858 -0.0009001252702022449 0.0014471762620731155 0.0002705445090369137 0.00057099726156021029
leaf_weight=13118 6364 50354 4184 43377 12771 14965 60170 99658 3529 5810 4188 9145 6710 42377
leaf_count=13118 6364 50354 4184 43377 12771 14965 60170 99658 3529 5810 4188 9145 6710 42377
internal_value=3.17741e-06 0.000188849 -0.000547219 7.59441e-05 0.000453991 -0.00045883 -0.000331222 0.000180382 -0.00154586 -0.000867151 -5.84824e-05 0.00055321 0.000949698 0.000439782
internal_weight=376720 281698 95022 197577 84121 87309 66534 147223 7713 20775 47565 71350 15855 55495
internal_count=376720 281698 95022 197577 84121 87309 66534 147223 7713 20775 47565 71350 15855 55495
is_linear=0
shrinkage=0.03


Tree=28
num_leaves=15
num_cat=0
split_feature=59 56 9 22 53 62 53 59 58 53 41 18 41 62
split_gain=33.4336 11.9819 9.01442 5.58173 5.83164 5.0139 4.65832 4.46449 4.65757 4.29288 4.79151 3.91777 3.45674 6.02954
threshold=-0.043532651288099015 0.33848517866621974 -0.15417531496358022 -0.043949867183257767 0.046658812774493193 -0.37441060805463416 -0.27771173801198673 -0.46072140011383034 -0.2436812492969733 0.042791472598037679 -0.37763220388753233 0.058669670965467775 0.086944442472243158 0.13712225363545752
decision_type=2 2 2 2 2 2 2 2 2 2 2 2 2 2
left_child=7 3 -3 4 -2 -5 11 -1 12 10 -4 -7 -9 -14
right_child=1 2 9 5 -6 6 -8 8 -10 -11 -12 -13 13 -15
leaf_value=0.00082649349086735336 -0.00062788174405213875 -0.0012791991297600536 -9.5004813471645405e-05 -0.00056209217673132883 -7.7971711791096891e-05 -2.4611114474263509e-05 6.7062362817535607e-05 0.000236738417439097 0.00039637304244424272 -0.00019446264767525157 -0.0011679696745263608 0.0012740688507780155 -0.00077121364940841981 0.00024887940580216637
leaf_weight=14262 28559 13816 5738 9738 44229 3291 57579 34117 97121 30237 10789 5720 10264 10583
leaf_count=14262 28559 13816 5738 9738 44229 3291 57579 34117 97121 30237 10789 5720 10264 10583
internal_value=1.53017e-06 -0.00025041 -0.000606158 -0.000105853 -0.00029379 7.33835e-05 0.000166385 0.00031912 0.00027149 -0.000407083 -0.00079573 0.000800263 5.07895e-05 -0.000253491
internal_weight=376043 209696 60580 149116 72788 76328 66590 166347 152085 46764 16527 9011 54964 20847
internal_count=376043 209696 60580 149116 72788 76328 66590 166347 152085 46764 16527 9011 54964 20847
is_linear=0
shrinkage=0.03


Tree=29
num_leaves=15
num_cat=0
split_feature=19 19 59 10 10 65 36 65 9 21 41 52 52 57
split_gain=27.9834 7.89466 6.96222 5.5972 5.56976 5.35502 4.88482 4.51055 7.84821 3.8831 3.48809 3.4739 5.18344 4.15256
threshold=0.16875891736730339 0.42567374406997055 -0.46467778500852797 -0.36865970303243373 0.04680914500310835 0.08231840744573761 -0.089864966523734283 -0.067186076577165479 -0.21796251828544613 0.36566370145635846 0.35104018574393142 0.2776020596113809 -0.114838505236959 -0.39816696540950797
decision_type=2 2 2 2 2 2 2 2 2 2 2 2 2 2
left_child=2 4 -1 -4 7 9 -6 -2 -9 -3 11 12 13 -5
right_child=1 5 3 10 6 -7 -8 8 -10 -11 -12 -13 -14 -15
leaf_value=0.0008551406183523589 -0.00027133752490962902 -0.00095090549343212181 -0.00029043389009054889 -0.00051944477308370446 -0.00044888225173982083 -0.0017706428370230854 0.00022366751818572953 -0.0022463842031090757 -0.00055470309847373462 -0.00016502282782862921 -0.00016017387560319731 0.00043060776097951308 -3.0182945134971138e-05 0.00040800929846693018
leaf_weight=12761 36493 14246 24794 4675 14510 4472 29388 3033 13131 9391 23365 54448 70952 60088
leaf_count=12761 36493 14246 24794 4675 14510 4472 29388 3033 13131 9391 23365 54448 70952 60088
internal_value=-9.70703e-06 -0.000377109 0.000172717 0.000136143 -0.000248249 -0.0008195 1.312e-06 -0.000456258 -0.000873321 -0.000638875 0.000185686 0.000228188 0.000146952 0.00034099
internal_weight=375747 124664 251083 238322 96555 28109 43898 52657 16164 23637 213528 190163 135715 64763
internal_count=375747 124664 251083 238322 96555 28109 43898 52657 16164 23637 213528 190163 135715 64763
is_linear=0
shrinkage=0.03


Tree=30
num_leaves=15
num_cat=0
split_feature=56 9 53 46 65 52 9 36 65 36 36 36 36 45
split_gain=27.7518 9.7584 7.28408 7.16069 6.1427 5.316 8.66999 5.11777 4.43504 5.11452 4.42961 8.03744 10.7443 4.1507
threshold=0.20101396444495753 -0.42479407449978929 -0.27365961618616552 0.019636738780660027 -0.27428868071696699 -0.04720023773568887 0.011914298483581722 -0.13707718563428126 0.21916750824455447 -0.098324087002620811 0.29488841075409922 -0.015938362076260423 -0.030103936289380014 0.12575807932507285
decision_type=2 2 2 2 2 2 2 2 2 2 2 2 2 2
left_child=2 4 7 8 -2 -3 -7 -1 9 -4 11 12 -9 -5
right_child=1 5 3 13 -6 6 -8 10 -10 -11 -12 -13 -14 -15
leaf_value=0.0010084493583914741 -0.00043780070430759474 -9.808785080506732e-05 -0.00037234708136371484 0.00049711393674134398 -0.0020387589090455193 -0.0017334329606473596 -0.00040094697903524058 0.00018222601623038337 -0.00056244044966260174 0.00014156941829556369 0.00083934818553119562 -0.0011862822967736489 0.0019212305948866021 8.1447737232367813e-05
leaf_weight=11162 3795 52480 25240 38900 5008 4853 45804 48808 16095 56255 11942 3503 3412 48670
leaf_count=11162 3795 52480 25240 38900 5008 4853 45804 48808 16095 56255 11942 3503 3412 48670
internal_value=4.17817e-06 -0.000391636 0.000172026 6.91965e-05 -0.00134986 -0.000309726 -0.000528918 0.000413527 -0.000107525 -1.7623e-05 0.000315254 0.000202805 0.000296197 0.000266129
internal_weight=375927 111940 263987 185160 8803 103137 50657 78827 97590 81495 67665 55723 52220 87570
internal_count=375927 111940 263987 185160 8803 103137 50657 78827 97590 81495 67665 55723 52220 87570
is_linear=0
shrinkage=0.03


Tree=31
num_leaves=15
num_cat=0
split_feature=30 9 63 53 65 36 43 36 22 28 43 45 1 1
split_gain=24.6686 7.98904 7.886 7.31826 6.58955 6.34246 5.55242 4.81242 4.66171 4.25721 4.06198 5.48023 3.68769 4.3432
threshold=0.21164009001754605 -0.37685596006612226 0.29366843083576694 -0.27771173801198673 -0.0043102275895364741 -0.13707718563428126 -0.13073079071974128 -0.061214439040295603 -0.16724587708862973 0.047092950276272978 0.059520544366951374 0.070696127756169416 -0.27031928692084939 -0.2328342194606367
decision_type=2 2 2 2 2 2 2 2 2 2 2 2 2 2
left_child=2 4 3 5 -2 10 -5 -3 -9 12 -1 -12 -8 -14
right_child=1 7 -4 6 -6 -7 9 8 -10 -11 11 -13 13 -15
leaf_value=0.00027249333558416441 -0.00070015662683790001 -0.00046602654362029507 -0.00024048412063717986 -0.00015121544825898059 -0.0023258569956751763 0.00036379294681075365 -6.40166644766398e-05 -0.00041272826098574079 0.00024108728714163796 5.1260963663276672e-05 0.0025415718379795172 0.00083973477395446927 0.0012682248098600853 0.00042164493467744676
leaf_weight=3082 8880 56757 38415 49481 3000 58635 11132 17061 23080 57575 3018 3927 6413 36328
leaf_count=3082 8880 56757 38415 49481 3000 58635 11132 17061 23080 57575 3018 3927 6413 36328
internal_value=2.65847e-06 -0.000378343 0.000157307 0.000223873 -0.0011123 0.000483153 0.000113225 -0.000288252 -3.68354e-05 0.000230635 0.00118008 0.00158187 0.00042229 0.000548936
internal_weight=376784 108778 268006 229591 11880 68662 160929 96898 40141 111448 10027 6945 53873 42741
internal_count=376784 108778 268006 229591 11880 68662 160929 96898 40141 111448 10027 6945 53873 42741
is_linear=0
shrinkage=0.03


Tree=32
num_leaves=15
num_cat=0
split_feature=19 9 65 22 57 52 61 53 53 19 24 41 67 65
split_gain=25.6593 7.08204 9.87714 5.26935 4.76339 3.96856 3.79759 4.25628 4.57675 3.22589 2.91838 3.96583 3.03733 2.89631
threshold=0.14941197361583788 -0.17022682583824622 0.094178850878759671 0.17978028940252752 0.33518676050285812 0.023837568639060006 0.39501299125981854 -0.26564723769265491 -0.012076005581074632 0.4062575886352599 0.050928493217532962 -0.22452811725052851 -0.13961552146483652 0.26210788304987354
decision_type=2 2 2 2 2 2 2 2 2 2 2 2 2 2
left_child=3 2 9 6 -3 -6 7 13 -9 -2 11 12 -10 -1
right_child=1 4 -4 -5 5 -7 -8 8 10 -11 -12 -13 -14 -15
leaf_value=0.00068079275880404222 -0.00030562022058362075 -4.0045077541780207e-05 -0.0020215298878011479 0.00038763647756621646 -0.00019849548299540274 -0.00077994185322145197 -0.00079740461154201552 -0.00023069298166274985 0.00018001607703087248 -0.0011181050875224278 -5.1953646806998927e-05 0.00054782507161463875 -0.00086408472485166447 0.00018158909990783809
leaf_weight=16330 18231 60207 4577 81878 24085 18823 4195 42016 9592 5792 31186 26365 3384 29098
leaf_count=16330 18231 60207 4577 81878 24085 18823 4195 42016 9592 5792 31186 26365 3384 29098
internal_value=9.34291e-06 -0.00032809 -0.000745712 0.000191467 -0.000212197 -0.000453688 9.24034e-05 0.000116082 1.71372e-05 -0.000501896 0.000164792 0.000336578 -9.27298e-05 0.000361148
internal_weight=375759 131715 28600 244044 103115 42908 162166 157971 112543 24023 70527 39341 12976 45428
internal_count=375759 131715 28600 244044 103115 42908 162166 157971 112543 24023 70527 39341 12976 45428
is_linear=0
shrinkage=0.03


Tree=33
num_leaves=15
num_cat=0
split_feature=66 66 57 36 1 63 10 52 57 1 69 36 66 1
split_gain=30.0782 8.1239 5.51345 4.40967 6.0881 4.35317 4.05161 4.00698 3.95453 3.88619 3.8141 3.06811 2.9434 2.91469
threshold=0.31908262573931984 -0.13747202729973967 0.012277183270604676 -0.13534148994654532 -0.08877264315003143 0.078128779632317361 -0.11874303404037435 -1.0000000180025095e-35 0.36642691655365839 -0.34445874833019008 -0.20487513217028008 -0.056587604962515546 -0.46462198963254997 -0.24213019226574425
decision_type=2 2 2 2 2 2 2 2 2 2 2 2 2 2
left_child=1 5 -2 4 10 9 7 -5 -4 -1 -3 13 -11 -10
right_child=2 3 8 6 -6 -7 -8 -9 11 12 -12 -13 -14 -15
leaf_value=-0.0004685551848961765 -0.0014758545787840458 -0.0013339439543103863 -0.00015204556860908976 5.5067706554516554e-05 0.00011638370276142593 9.0085274513882006e-05 0.00019183338901232735 -0.00048290625987135031 -0.00034161248491450225 0.0010463687570409852 -0.00031326557292050408 -0.00032693951527118785 0.00043026422478738947 -0.0010675293301602377
leaf_weight=4005 5369 6357 22123 35314 12595 49057 91560 19243 6964 7687 6846 15965 75510 17557
leaf_count=4005 5369 6357 22123 35314 12595 49057 91560 19243 6964 7687 6846 15965 75510 17557
internal_value=1.71843e-05 0.000143182 -0.000553957 6.04943e-06 -0.000355469 0.000316187 6.98981e-05 -0.000134737 -0.000474677 0.000443359 -0.000805341 -0.000650893 0.000487308 -0.000861591
internal_weight=376152 308174 67978 171915 25798 136259 146117 54557 62609 87202 13203 40486 83197 24521
internal_count=376152 308174 67978 171915 25798 136259 146117 54557 62609 87202 13203 40486 83197 24521
is_linear=0
shrinkage=0.03


Tree=34
num_leaves=15
num_cat=0
split_feature=56 22 9 65 63 10 36 43 55 36 36 21 1 1
split_gain=23.4531 9.05803 6.75646 7.0099 6.19305 5.16949 4.32192 3.22348 3.2879 3.16717 3.34115 2.93447 2.82827 3.16943
threshold=0.33848517866621974 -0.21520955175098275 -0.18234114575577987 -0.2504424803402982 0.31296107290844233 -0.36865970303243373 -0.081569829424307003 -0.18203903230459959 0.41815045692682046 -0.070110416245670368 -0.061214439040295603 -0.079381456894804484 -0.32973009374939405 -0.058110101251694184
decision_type=2 2 2 2 2 2 2 2 2 2 2 2 2 2
left_child=1 -1 3 -2 5 -3 -4 -7 11 -8 -11 -9 -13 -14
right_child=2 4 6 -5 -6 7 9 8 -10 10 -12 12 13 -15
leaf_value=-0.00017162630437951665 -0.00053071566164834675 -0.00019098970079303108 -0.0007208255141987331 -0.0019310874231021212 -0.00017482331098149035 3.7066796665781501e-05 0.00070913287697493116 0.00019206357248869994 0.0011381515789359959 -0.00098863100054579411 -9.1263748620359385e-05 -0.00036308830097208131 0.00072809222428160453 0.00033496970647310979
leaf_weight=81886 7307 20557 19518 5753 34699 31724 3460 63254 4848 4584 19966 3526 32599 42608
leaf_count=81886 7307 20557 19518 5753 34699 31724 3460 63254 4848 4584 19966 3526 32599 42608
internal_value=-3.86325e-06 9.98977e-05 -0.000544449 -0.00114859 0.000194993 0.000259445 -0.000378233 0.00031131 0.000370554 -0.000139335 -0.000259155 0.000344267 0.000466508 0.000505446
internal_weight=376289 315701 60588 13060 233815 199116 47528 178559 146835 28010 24550 141987 78733 75207
internal_count=376289 315701 60588 13060 233815 199116 47528 178559 146835 28010 24550 141987 78733 75207
is_linear=0
shrinkage=0.03


Tree=35
num_leaves=15
num_cat=0
split_feature=66 65 66 58 41 36 36 66 36 36 64 29 65 65
split_gain=29.7278 11.1036 6.80847 6.20392 5.02198 5.22162 10.3492 4.80359 4.27982 4.88685 7.73566 4.25463 4.15795 3.89454
threshold=0.28794706306342899 0.23484827081249129 -0.2003934919160841 -0.26735573923714495 0.11843182304267193 -0.0080669416275190014 -0.050546709288082935 -0.46462198963254997 -0.13567844522417394 -0.2074082343540099 -0.08640525420625482 -0.035668700591088336 0.43461423099995394 -0.26622613412936857
decision_type=2 2 2 2 2 2 2 2 2 2 2 2 2 2
left_child=2 13 3 4 7 6 -6 -1 9 -4 -11 -5 -10 -2
right_child=1 -3 8 11 5 -7 -8 -9 12 10 -12 -13 -14 -15
leaf_value=0.0010486686422016105 -0.00022196799052327286 -0.0017530736352408523 0.00071800347450101882 0.0002461677786958709 -0.00060243265312086975 -0.0013136671384836884 0.0012139532367147949 0.00011088658291425272 0.00010694250766066335 -0.0011280923454259784 -1.7500619122527265e-05 0.00074238233078200995 -0.0006672993748250962 -0.0006604132017328612
leaf_weight=6002 39886 6106 3426 29147 9603 3896 3987 26981 150429 9892 13129 33365 6503 33602
leaf_count=6002 39886 6106 3426 29147 9603 3896 3987 26981 150429 9892 13129 33365 6503 33602
internal_value=-1.00659e-05 -0.000524788 0.000128187 0.000311369 6.39343e-05 -0.000346948 -6.90451e-05 0.000281803 1.53169e-05 -0.000337652 -0.000494999 0.000511092 7.48187e-05 -0.000422507
internal_weight=375954 79594 296360 112981 50469 17486 13590 32983 183379 26447 23021 62512 156932 73488
internal_count=375954 79594 296360 112981 50469 17486 13590 32983 183379 26447 23021 62512 156932 73488
is_linear=0
shrinkage=0.03


Tree=36
num_leaves=15
num_cat=0
split_feature=30 59 58 36 36 36 36 36 36 36 21 36 53 59
split_gain=19.6893 5.72465 4.83827 4.81532 5.52215 4.58243 9.77171 4.71563 9.45387 7.04288 4.21358 4.19018 8.32348 3.71309
threshold=0.20373282049725414 -0.059442235616732252 -0.24748028687113982 -0.11463550694319923 -0.19701182081300339 -0.073536181877609394 -0.064673457585796498 -0.050546709288082935 -0.011899747126864561 -0.030103936289380014 0.20427784504191435 -0.13308146253084979 -0.29792361169922005 -0.47623912630342163
decision_type=2 2 2 2 2 2 2 2 2 2 2 2 2 2
left_child=1 2 5 4 -2 11 -7 -8 9 -9 -5 12 -1 -4
right_child=3 -3 13 10 -6 6 7 8 -10 -11 -12 -13 -14 -15
leaf_value=0.0012972019922579253 0.00047150313542683285 -1.6819189383170387e-05 0.0014184284228507718 -0.00039338607075927091 -0.00084342247940488323 0.0014163308802143235 -0.00064455913649921076 0.00038532216464111916 -0.00022357203426776639 0.0021520261288751298 3.2423792736084361e-05 -0.000491147078777875 -0.00056362458986829731 0.00036590812047310384
leaf_weight=4065 3284 104669 3107 48819 22720 5752 6542 5465 13578 3227 36584 18259 4603 95042
leaf_count=4065 3284 104669 3107 48819 22720 5752 6542 5465 13578 3227 36584 18259 4603 95042
internal_value=1.46113e-05 0.000155607 0.000268653 -0.000319879 -0.000677245 5.99816e-05 0.000288529 6.29623e-05 0.000270999 0.00104295 -0.000211 -0.000233384 0.00030953 0.000399368
internal_weight=375716 264309 159640 111407 26004 61491 34564 28812 22270 8692 85403 26927 8668 98149
internal_count=375716 264309 159640 111407 26004 61491 34564 28812 22270 8692 85403 26927 8668 98149
is_linear=0
shrinkage=0.03


Tree=37
num_leaves=15
num_cat=0
split_feature=66 66 65 36 41 36 58 56 36 34 28 65 52 56
split_gain=23.9289 7.2582 6.83103 5.24714 3.94837 3.98345 4.81356 4.66619 5.93009 3.89322 3.79933 3.72998 3.79938 3.53023
threshold=0.31908262573931984 -0.13372655407702833 0.23484827081249129 -0.12394657986838371 0.35104018574393142 -0.070110416245670368 -0.29925520696526681 -0.39391251932803933 -0.061214439040295603 -0.33003435036732903 0.2597142353310295 0.43461423099995394 0.36776806136115603 -0.33446136814780875
decision_type=2 2 2 2 2 2 2 2 2 2 2 2 2 2
left_child=1 3 -2 9 5 6 13 8 -7 -1 -11 12 -3 -5
right_child=2 11 -4 4 -6 7 -8 -9 -10 10 -12 -13 -14 -15
leaf_value=0.0013434845120887334 -0.00041153212005886556 -1.6580451888228202e-05 -0.0015470770017652052 -0.00083742492619538192 -0.0004495019703123714 0.0018666058615758401 0.00024555394050861871 0.000223809543069534 0.00052460863934411246 0.00073581117183687725 -0.00022196120501592577 -0.0007542846074566345 0.00060276320660321888 0.00022229537428847642
leaf_weight=6052 63055 155091 5150 8358 7845 3612 23724 48862 16389 13242 5181 5802 9448 4269
leaf_count=6052 63055 155091 5150 8358 7845 3612 23724 48862 16389 13242 5181 5802 9448 4269
internal_value=1.0888e-05 0.000123524 -0.000497489 0.000285623 0.000199371 0.000247791 -6.28125e-06 0.00038189 0.000767773 0.000683805 0.000466488 -7.36487e-06 1.90174e-05 -0.000479257
internal_weight=376080 307875 68205 137534 113059 105214 36351 68863 20001 24475 18423 170341 164539 12627
internal_count=376080 307875 68205 137534 113059 105214 36351 68863 20001 24475 18423 170341 164539 12627
is_linear=0
shrinkage=0.03


Tree=38
num_leaves=15
num_cat=0
split_feature=66 65 22 42 60 10 56 55 66 34 28 57 53 53
split_gain=23.2179 7.72044 7.27614 5.7012 3.76621 3.4992 3.46126 2.70294 2.61507 2.5726 2.50097 2.4644 2.37493 4.80736
threshold=0.29196267155552169 -0.023780468748837349 -0.0041342422231605827 0.046824866626575375 -0.22578298088333137 -0.36865970303243373 -0.0041655099019063382 0.32037305889677409 -0.12593448958110459 0.063045278941498487 0.0078306290847611777 0.44931294559463497 -0.28171401217260472 -0.12307268179100815
decision_type=2 2 2 2 2 2 2 2 2 2 2 2 2 2
left_child=2 11 4 9 6 -4 -1 -5 10 -3 -7 -2 -10 -14
right_child=1 3 5 7 -6 8 -8 -9 12 -11 -12 -13 13 -15
leaf_value=0.00046733415718575841 -0.00019477820535264591 -0.0021360912271374622 -0.00018327627979692259 -4.0545794855162421e-05 -0.00012513805408936619 0.00060732643433909078 -0.00021258939274973991 -0.0011223001299787124 0.00058954399320422393 -0.0010922446095323502 0.00026520769308170579 -0.00064475148935342751 -0.00037980289839078564 0.00024932253256197353
leaf_weight=21140 46655 3882 14716 5203 105716 35401 9882 3453 10215 4780 42150 14312 14501 44307
leaf_count=21140 46655 3882 14716 5203 105716 35401 9882 3453 10215 4780 42150 14312 14501 44307
internal_value=3.67324e-07 -0.000459376 0.000121143 -0.0010182 -3.98482e-05 0.000257621 0.000250747 -0.00047287 0.000301896 -0.00156198 0.000421439 -0.000300498 0.000167543 9.41533e-05
internal_weight=376313 78285 298028 17318 136738 161290 31022 8656 146574 8662 77551 60967 69023 58808
internal_count=376313 78285 298028 17318 136738 161290 31022 8656 146574 8662 77551 60967 69023 58808
is_linear=0
shrinkage=0.03


Tree=39
num_leaves=15
num_cat=0
split_feature=56 59 9 65 52 65 10 52 59 58 24 9 49 21
split_gain=18.5906 8.22815 6.63134 5.51641 5.39672 4.67153 4.23665 4.61939 3.78493 3.89344 3.57201 4.06089 2.97675 2.96338
threshold=0.33848517866621974 -0.051263883378551721 -0.18234114575577987 -0.17859204231133666 0.039341929204896105 0.44627029327048973 0.015911298360927199 0.36776806136115603 -0.46852826938948605 -0.24748028687113982 0.09021349042682282 -0.34078077641291554 -0.28499154157055767 0.33802972650131463
decision_type=2 2 2 2 2 2 2 2 2 2 2 2 2 2
left_child=1 8 3 -2 -4 6 12 -8 -1 13 11 -11 -3 -10
right_child=2 5 4 -5 -6 -7 7 -9 9 10 -12 -13 -14 -15
leaf_value=0.0007471309903478257 -0.00064237124528911224 -0.00056625658025552864 -5.2401187257409748e-05 -0.0019359544157774508 -0.0006969351804113344 -0.0011100584235692588 5.0185821260414615e-05 0.0010155990535086537 -9.4500374873913548e-05 0.0010072859392510198 7.854567970957385e-05 0.00033396400272843143 -0.00011239387915541217 0.00062019714597728946
leaf_weight=11461 8405 16212 26609 4590 20848 3887 61768 4798 49426 9708 39883 47438 65639 5828
leaf_count=11461 8405 16212 26609 4590 20848 3887 61768 4798 49426 9708 39883 47438 65639 5828
internal_value=-1.8225e-05 7.39757e-05 -0.00050019 -0.00110042 -0.000335634 -8.47386e-05 -5.78128e-05 0.000119914 0.000221598 0.000181999 0.00029646 0.000448505 -0.000202347 -1.9018e-05
internal_weight=376500 316048 60452 12995 47457 152304 148417 66566 163744 152283 97029 57146 81851 55254
internal_count=376500 316048 60452 12995 47457 152304 148417 66566 163744 152283 97029 57146 81851 55254
is_linear=0
shrinkage=0.03


Tree=40
num_leaves=15
num_cat=0
split_feature=66 63 36 36 46 66 66 9 7 60 58 63 46 0
split_gain=22.2936 5.97792 5.92822 5.38989 5.10582 6.89352 4.5113 3.85702 4.11766 3.81535 3.76267 3.62826 3.51349 3.0698
threshold=0.18543802718368399 0.30129526333011664 -0.11514544379325443 -0.15506340131212476 0.038976388774360222 -0.37400008925734124 0.35938883094879126 -0.06793987863173627 0.11855371283430451 0.46128449834203306 -0.077754780731542281 -0.12323528434759499 -0.154436897671374 0.044287350507691566
decision_type=2 2 2 2 2 2 2 2 2 2 2 2 2 2
left_child=1 4 3 -2 5 10 -5 8 -4 -6 11 12 -1 -13
right_child=2 -3 7 6 9 -7 -8 -9 -10 -11 -12 13 -14 -15
leaf_value=0.0014844567224224848 -0.00020723209815697025 -0.00020062600954295302 -0.00075660849975152714 -0.00060409834353895473 0.00041968904231220051 -1.2244491055600706e-05 -0.0016057759064709832 -9.254839895763377e-05 7.1225842281192272e-05 -0.0005287551483615765 0.0015262546267850541 -0.00050887945691393893 0.00028679252121953028 0.00052717591765231693
leaf_weight=4197 10981 35057 19039 8781 94899 101685 7527 64786 7549 3969 3168 4958 4644 5331
leaf_count=4197 10981 35057 19039 8781 94899 101685 7527 64786 7549 3969 3168 4958 4644 5331
internal_value=6.91366e-06 0.000163485 -0.00033337 -0.00072131 0.00022077 9.25263e-05 -0.00106713 -0.000217445 -0.000521627 0.000381565 0.000570101 0.000411044 0.000856383 2.79186e-05
internal_weight=376571 257908 118663 27289 222851 123983 16308 91374 26588 98868 22298 19130 8841 10289
internal_count=376571 257908 118663 27289 222851 123983 16308 91374 26588 98868 22298 19130 8841 10289
is_linear=0
shrinkage=0.03


Tree=41
num_leaves=15
num_cat=0
split_feature=30 63 9 42 30 22 34 56 31 1 22 58 30 19
split_gain=17.7652 7.52188 6.18076 5.40931 5.43015 3.49766 3.44305 3.16109 3.39717 2.94825 2.75456 2.64022 3.91796 2.37709
threshold=0.29097072019587705 0.29004034146437835 -0.14264877132033493 0.038976388774360222 -0.38555842560050729 0.21065984508387439 0.21731017690320018 0.44962259314116448 0.031649279534628323 -0.22175459824678695 -0.016110465899897421 -0.26735573923714495 -0.18487387835363783 0.4334870394293977
decision_type=2 2 2 2 2 2 2 2 2 2 2 2 2 2
left_child=1 3 7 4 9 6 11 8 -2 -1 -6 -5 -13 -4
right_child=2 -3 13 5 10 -7 -8 -9 -10 -11 -12 12 -14 -15
leaf_value=7.9942804391111338e-06 -0.0012182961576632182 -0.00024039550152342185 -0.00012662051652850826 -0.00021146221625410614 -0.00017190458293592806 0.00058948405486728295 0.0005971013064346892 -0.0016453090902229662 -0.00028366721310730782 0.00078036298317249301 0.00011416827166809115 0.00060895470332313919 1.6928450108308675e-05 -0.00053372509688580805
leaf_weight=6799 6039 46835 41820 16373 58635 33094 16974 3851 8326 12854 62650 15954 27207 18668
leaf_count=6799 6039 46835 41820 16373 58635 33094 16974 3851 8326 12854 62650 15954 27207 18668
internal_value=2.46e-06 0.000108537 -0.000398304 0.000173772 5.08376e-05 0.000331836 0.000220326 -0.000882622 -0.000677156 0.0005133 -2.41359e-05 0.000112819 0.000235855 -0.00025233
internal_weight=376079 297375 78704 250540 140938 109602 76508 18216 14365 19653 121285 59534 43161 60488
internal_count=376079 297375 78704 250540 140938 109602 76508 18216 14365 19653 121285 59534 43161 60488
is_linear=0
shrinkage=0.03


Tree=42
num_leaves=15
num_cat=0
split_feature=57 60 42 65 48 36 42 65 9 57 63 63 48 63
split_gain=12.1483 7.41954 6.57181 4.26051 4.20142 3.6061 3.77389 3.43976 4.81833 4.01808 3.05554 2.95704 2.8466 2.75464
threshold=0.33518676050285812 -0.26553760699607548 0.038976388774360222 -0.090559866567985078 -0.45210942516030977 -0.11423989108123293 0.004034883910235377 -0.015908215014950013 -0.33277591349738994 -0.29988928677146981 -0.075354316739415658 0.34809063941071328 0.38147532074713331 0.04364045287984842
decision_type=2 2 2 2 2 2 2 2 2 2 2 2 2 2
left_child=1 13 4 -2 -3 -5 -7 12 10 -10 -9 -4 -6 -1
right_child=3 2 11 5 7 6 -8 8 9 -11 -12 -13 -14 -15
leaf_value=0.00048365556858630639 -0.00024254163069096309 0.00054758642688817951 0.00024658322564883993 -0.0016504410742389614 3.0689928363589302e-05 -0.0011456899645079126 -6.6192054153515012e-05 -0.000411476410874508 0.00017783980483797448 -0.00040497762887025556 -0.0015358841495406392 -0.00019879381889488471 -0.00058551946529869752 0.00012709010323859614
leaf_weight=44175 45269 7450 83994 3602 60487 5411 6307 4167 14873 37409 4563 15959 7584 34920
leaf_count=44175 45269 7450 83994 3602 60487 5411 6307 4167 14873 37409 4563 15959 7584 34920
internal_value=5.97227e-08 7.47639e-05 -9.36488e-06 -0.000388989 -0.000144674 -0.000821286 -0.000565222 -0.000184667 -0.000348225 -0.000239177 -0.00100027 0.000175459 -3.80398e-05 0.00032627
internal_weight=376170 315581 236486 60589 136533 15320 11718 129083 61012 52282 8730 99953 68071 79095
internal_count=376170 315581 236486 60589 136533 15320 11718 129083 61012 52282 8730 99953 68071 79095
is_linear=0
shrinkage=0.03


Tree=43
num_leaves=15
num_cat=0
split_feature=66 65 53 53 9 35 36 58 59 47 40 65 59 18
split_gain=18.296 7.71341 6.68132 5.13137 4.84904 4.04473 3.80051 4.68753 3.58028 4.51468 2.95975 2.94289 4.52982 3.23219
threshold=0.36683592143150973 -0.15863674719222595 -0.28171401217260472 -0.0082202897856034057 -0.34078077641291554 -0.47571259309410963 -0.13567844522417394 -0.21631566053791998 0.44562931150073753 0.36719641480963394 0.1012462437960014 0.26210788304987354 -0.45307828535993888 -0.11041799525813288
decision_type=2 2 2 2 2 2 2 2 2 2 2 2 2 2
left_child=2 -2 11 -4 -3 -5 7 -7 9 -6 -8 -1 13 -13
right_child=1 4 3 5 8 6 10 -9 -10 -11 -12 12 -14 -15
leaf_value=0.00058127401580040765 -0.00026603064045164311 -0.0020962959743079886 -0.00015631737975349078 -0.0007768086023092715 -0.0010610479815132963 -0.00098256694741989084 0.00033176579091316827 5.0497677729565551e-05 -0.001558655560631908 0.00030312241073241549 3.6072859429250161e-05 0.00036142154850693362 7.3413434812143508e-05 0.0015483853831624124
leaf_weight=27943 34054 3258 94419 4331 4991 5446 75725 14347 3877 3869 50974 5313 43156 3376
leaf_count=27943 34054 3258 94419 4331 4991 5446 75725 14347 3877 3869 50974 5313 43156 3376
internal_value=1.24737e-05 -0.00052142 9.46976e-05 1.7111e-05 -0.00106465 0.000125685 0.000152418 -0.0002341 -0.000799324 -0.00046567 0.000212814 0.000333141 0.000199318 0.000823851
internal_weight=375079 50049 325030 245242 15995 150823 146492 19793 12737 8860 126699 79788 51845 8689
internal_count=375079 50049 325030 245242 15995 150823 146492 19793 12737 8860 126699 79788 51845 8689
is_linear=0
shrinkage=0.03


Tree=44
num_leaves=15
num_cat=0
split_feature=59 19 22 53 62 20 42 45 1 59 58 1 63 63
split_gain=15.7354 6.40845 5.43355 5.17689 4.55208 3.94285 3.77753 4.47895 4.18102 3.96948 4.01046 3.71544 3.68298 2.9627
threshold=-0.063355655065070501 0.41791588439541005 -0.048020903276564851 0.038985729849440105 -0.36632359887035543 0.28746151778158319 0.046824866626575375 0.28651093091990315 -0.32973009374939405 -0.41732626972466608 -0.31478422882153173 -0.058110101251694184 0.24717911515305138 0.27073048902317204
decision_type=2 2 2 2 2 2 2 2 2 2 2 2 2 2
left_child=6 2 3 -2 -4 -3 9 8 -8 10 -1 -10 -9 -6
right_child=1 5 4 -5 13 -7 7 12 11 -11 -12 -13 -14 -15
leaf_value=7.6339824114244283e-05 -0.00056279240026377417 -0.00089264832610607119 -0.00043343904340271196 -9.4286525479622975e-05 0.00026686668791547788 -0.00021573918421135247 -0.00041241105717335048 0.0002502085893253842 0.00082406370377595742 -5.1823105001983225e-06 0.0010902631864508551 0.0003271683798956853 -0.00068139925030742893 -0.00014397545476512529
leaf_weight=7564 32675 15870 13977 60564 57316 15133 4109 12667 27507 68682 6545 26712 5456 21799
leaf_count=7564 32675 15870 13977 60564 57316 15133 4109 12667 27507 68682 6545 26712 5456 21799
internal_value=2.87701e-06 -0.000163117 -9.66521e-05 -0.000258514 6.54758e-05 -0.000562416 0.000229422 0.000381462 0.000509439 8.89952e-05 0.000547126 0.000579364 -3.04767e-05 0.000153661
internal_weight=376576 217334 186331 93239 93092 31003 159242 76451 58328 82791 14109 54219 18123 79115
internal_count=376576 217334 186331 93239 93092 31003 159242 76451 58328 82791 14109 54219 18123 79115
is_linear=0
shrinkage=0.03


Tree=45
num_leaves=15
num_cat=0
split_feature=66 65 9 53 42 36 65 36 53 58 48 65 15 55
split_gain=16.4341 6.88939 7.69117 5.07415 5.33241 4.27663 4.20713 3.6312 3.54136 3.5601 4.57966 3.5394 3.45285 3.37448
threshold=0.17758180091513429 -0.11437749780177571 -0.22191203198836781 -0.25762664861765222 -0.090641834471235569 -0.13707718563428126 0.22690325834643418 -0.061214439040295603 -0.12702445547355154 -0.39051904914971447 -0.27427945860105279 0.094178850878759671 -0.34948460411737242 -0.46035188019196532
decision_type=2 2 2 2 2 2 2 2 2 2 2 2 2 2
left_child=3 13 11 5 6 -1 -5 -4 -6 -10 12 -3 -11 -2
right_child=1 2 7 4 8 -7 -8 -9 9 10 -12 -13 -14 -15
leaf_value=0.00084704771958598333 -0.00080979981080090584 -0.0008376543334924155 -0.0006590499985833886 -7.6991284556115509e-05 -0.00015441343761185097 0.00023519392172814419 -0.00076113210720195009 -4.5499362324785164e-05 -0.00033029036452342908 3.7962839824674091e-05 0.00019063916721885003 -0.0021296073880315834 0.00097498806407254272 -6.5992685686638614e-05
leaf_weight=11963 5933 4025 21313 54750 23738 72895 9483 14646 8225 4759 55413 3657 13809 71967
leaf_count=11963 5933 4025 21313 54750 23738 72895 9483 14646 8225 4759 55413 3657 13809 71967
internal_value=-4.7566e-06 -0.000291825 -0.000593548 0.000132056 3.75574e-05 0.000321541 -0.000178097 -0.000409235 0.000168311 0.000261509 0.00032734 -0.00145465 0.000734977 -0.000122739
internal_weight=376576 121541 43641 255035 170177 84858 64233 35959 105944 82206 73981 7682 18568 77900
internal_count=376576 121541 43641 255035 170177 84858 64233 35959 105944 82206 73981 7682 18568 77900
is_linear=0
shrinkage=0.03


Tree=46
num_leaves=15
num_cat=0
split_feature=30 7 9 65 22 61 47 65 30 21 1 34 30 41
split_gain=11.3795 5.18347 4.25246 4.24011 3.79116 3.87812 3.68869 2.6648 2.57046 3.06882 2.24633 2.13712 2.35068 5.45509
threshold=0.32237406419764619 -0.33365394219422234 -0.14264877132033493 -0.17054923276452499 -0.0041342422231605827 0.39501299125981854 -0.25144928753864765 0.40703013725342946 -0.36994299599821873 -0.45680327967388562 -0.35125850732560171 0.29196430089970582 -0.1966652217912101 0.23277480095661915
decision_type=2 2 2 2 2 2 2 2 2 2 2 2 2 2
left_child=1 7 3 -2 5 6 -3 -1 -6 -10 -11 12 13 -8
right_child=2 4 -4 -5 8 -7 11 -9 9 10 -12 -13 -14 -15
leaf_value=-0.00016465873994467179 -0.00042791142443624283 -0.00022179285192871798 -0.00022996320525812291 -0.0014682421253647193 0.0004938042268742514 -0.00091748459536717644 0.00058811358832814068 -0.0010881177495229292 -0.00060597183246807794 -0.00058968843362722581 0.00022093380424771067 0.00047091778136782109 -5.8133787463602071e-05 -0.00041430473528693951
leaf_weight=42163 9928 36206 51488 5469 26562 3999 17505 3004 4443 3159 106283 14555 44685 6768
leaf_count=42163 9928 36206 51488 5469 26562 3999 17505 3004 4443 3159 106283 14555 44685 6768
internal_value=-6.06779e-06 7.0656e-05 -0.00036086 -0.000798149 0.000121437 3.4458e-07 3.10771e-05 -0.000226304 0.000228098 0.000166088 0.000197484 0.000140719 7.09657e-05 0.000308555
internal_weight=376217 309332 66885 15397 264165 123718 119719 45167 140447 113885 109442 83513 68958 24273
internal_count=376217 309332 66885 15397 264165 123718 119719 45167 140447 113885 109442 83513 68958 24273
is_linear=0
shrinkage=0.03


Tree=47
num_leaves=15
num_cat=0
split_feature=66 65 9 22 66 61 47 59 41 1 59 52 9 53
split_gain=13.4938 7.57204 7.16754 5.53454 4.23492 3.43652 3.26178 4.23817 3.39666 2.94347 2.63982 2.54683 2.51654 4.26307
threshold=0.28794706306342899 -0.23075009546265091 -0.35671093400115156 -0.0081706883201138596 0.46131726180568827 0.37142004401387452 -0.28649640708370638 -0.24421215173272232 0.090857109996719546 -0.32800375245308883 -0.46072140011383034 0.14107090916645895 0.11343608343649454 0.093551740325933844
decision_type=2 2 2 2 2 2 2 2 2 2 2 2 2 2
left_child=3 9 -3 5 12 6 -1 8 -8 -2 -5 -9 -4 -14
right_child=1 2 4 10 -6 -7 7 11 -10 -11 -12 -13 13 -15
leaf_value=-0.00028153140038271625 0.0007075213992714125 -0.0016880563081883189 -0.00081459777168954952 0.00070113805084133388 -0.0014022174717529866 -0.00076443653094780987 0.00072569717144243021 4.5162095724914783e-05 4.3467132158367158e-05 -0.00016422725408448796 0.00017652045215992132 -0.00038053423153598572 -0.00049324454130417379 0.00046733595933213449
leaf_weight=32531 3808 5353 7697 9144 4031 5858 13364 52937 12909 40084 151965 16609 12334 6261
leaf_count=32531 3808 5353 7697 9144 4031 5858 13364 52937 12909 40084 151965 16609 12334 6261
internal_value=-5.61933e-06 -0.000352342 -0.000676889 8.78078e-05 -0.000497887 -5.44853e-05 -2.20255e-05 6.60982e-05 0.000390634 -8.84518e-05 0.000206338 -5.65429e-05 -0.000358758 -0.000169736
internal_weight=374885 79568 35676 295317 30323 134208 128350 95819 26273 43892 161109 69546 26292 18595
internal_count=374885 79568 35676 295317 30323 134208 128350 95819 26273 43892 161109 69546 26292 18595
is_linear=0
shrinkage=0.03


Tree=48
num_leaves=15
num_cat=0
split_feature=49 36 20 7 63 46 30 58 34 58 30 13 65 47
split_gain=12.3222 7.08603 6.31161 4.50839 3.924 4.21139 5.31096 3.54637 3.47561 3.2285 2.99095 2.81776 2.6566 2.58198
threshold=-0.2336156191688441 -0.11514544379325443 0.31058229349572242 -0.42030584285620115 0.26688518271092726 0.16762014010823126 -0.42093716937074616 1.0000000180025095e-35 0.1419842677704313 -0.26348564347298753 0.4216492096988152 0.012138696631707692 -0.27428868071696699 1.0000000180025095e-35
decision_type=2 2 2 2 2 2 2 2 2 2 2 2 2 2
left_child=1 7 3 -2 5 6 -5 13 -3 -7 -10 -4 -12 -1
right_child=2 8 11 4 -6 9 -8 -9 10 -11 12 -13 -14 -15
leaf_value=-0.0016779033941836984 -0.00043803871325468911 -0.0003278182582224333 0.00024443764364009778 0.00055308415869298846 -0.00016061518415109476 1.2649051310132709e-05 -6.64652198942385e-06 -0.00045141407730075149 0.00024487374815026683 0.00054668173139138109 8.9090243826342379e-05 0.00075954893454755466 -0.00084522520025997322 -0.00059501332490191823
leaf_weight=4787 15075 38973 21150 17644 42700 14279 112344 14857 27046 35559 5941 17449 5069 3404
leaf_count=4787 15075 38973 21150 17644 42700 14279 112344 14857 27046 35559 5941 17449 5069 3404
internal_value=1.83382e-05 -0.00026685 0.000121678 6.38664e-05 9.78861e-05 0.000159273 6.93656e-05 -0.000728227 -0.000128724 0.00039371 7.52005e-05 0.000477434 -0.000341445 -0.00122915
internal_weight=376277 100077 276200 237601 222526 179826 129988 23048 77029 49838 38056 38599 11010 8191
internal_count=376277 100077 276200 237601 222526 179826 129988 23048 77029 49838 38056 38599 11010 8191
is_linear=0
shrinkage=0.03


Tree=49
num_leaves=15
num_cat=0
split_feature=66 65 53 53 36 58 36 36 58 34 36 36 66 52
split_gain=12.0711 6.3575 5.10756 5.83529 3.88529 3.80314 5.13836 3.65494 4.49306 4.12532 6.74156 4.327 3.65214 3.39257
threshold=0.27970424599735999 0.22690325834643418 -0.27771173801198673 -0.11114176608566949 -0.061214439040295603 -0.25156643817869168 -0.13567844522417394 -0.13707718563428126 0.15031510177850635 -0.10639502833260685 -0.033841315916787594 -0.084530811581259815 -0.36618137674314188 -0.4128099968698174
decision_type=2 2 2 2 2 2 2 2 2 2 2 2 2 2
left_child=2 4 7 -4 13 6 -5 12 9 10 11 -9 -1 -2
right_child=1 -3 3 5 -6 -7 -8 8 -10 -11 -12 -13 -14 -15
leaf_value=0.0014155008553153393 0.00021528542880369777 -0.0012119557943311577 -0.00026232049200654431 -0.001024190164065525 9.0601347859940535e-06 0.00018063825323960079 -2.1551521759317525e-05 -0.0001188509631135445 0.00072580073802886445 0.00027138247230175193 0.00055787816564557445 -0.0012333381096875883 0.00032777472634897074 -0.00053201113032532734
leaf_weight=4792 6364 6683 53833 5356 31306 121433 32238 6356 12284 38089 5931 6182 6611 38594
leaf_count=4792 6364 6683 53833 5356 31306 121433 32238 6356 12284 38089 5931 6182 6611 38594
internal_value=-5.9042e-06 -0.000325391 8.45166e-05 7.62123e-06 -0.000247552 9.90113e-05 -0.000164631 0.000288465 0.000205997 9.29911e-05 -0.000274857 -0.000668906 0.000785721 -0.000426204
internal_weight=376052 82947 293105 212860 76264 159027 37594 80245 68842 56558 18469 12538 11403 44958
internal_count=376052 82947 293105 212860 76264 159027 37594 80245 68842 56558 18469 12538 11403 44958
is_linear=0
shrinkage=0.03


Tree=50
num_leaves=15
num_cat=0
split_feature=66 53 53 42 52 59 58 16 18 33 41 45 47 58
split_gain=13.2029 4.95741 5.46705 4.37519 4.02721 2.93102 2.89887 2.75885 2.63497 3.13267 2.9629 2.57155 2.67133 2.38688
threshold=0.31908262573931984 -0.26564723769265491 -0.11114176608566949 0.019636738780660027 -0.23743331319948008 0.043546854461959168 0.39047249340731638 -0.33804872918701517 -0.23280652915137909 -0.18780859192472563 0.063502396899898131 0.12575807932507285 -0.26318912872178751 -0.074006347427470018
decision_type=2 2 2 2 2 2 2 2 2 2 2 2 2 2
left_child=1 8 -3 6 7 -6 -4 -2 9 -1 -10 12 -5 -12
right_child=4 2 3 11 5 -7 -8 -9 10 -11 13 -13 -14 -15
leaf_value=0.0003883648905314738 -0.00074430494564835085 -0.00025508452943078598 -8.1594555053973817e-05 -0.00021397405102952457 -0.0013297674185885652 -0.00046712939577860145 0.00061964814241878747 7.993718701882846e-05 0.00054807404852656749 -0.00036763445488153385 -9.2623229313982283e-05 0.00011195384204791816 0.00056638509181720302 0.00047939431179042314
leaf_weight=9170 4435 51508 88736 4559 3888 39615 5633 20550 38030 10653 16263 43363 29229 10997
leaf_count=9170 4435 51508 88736 4559 3888 39615 5633 20550 38030 10653 16263 43363 29229 10997
internal_value=6.52511e-06 9.02674e-05 1.59287e-05 9.73249e-05 -0.000370206 -0.000544514 -3.96753e-05 -6.66104e-05 0.000285038 -1.78942e-05 0.000377001 0.000264883 0.000461059 0.000138226
internal_weight=376629 308141 223028 171520 68488 43503 94369 24985 85113 19823 65290 77151 33788 27260
internal_count=376629 308141 223028 171520 68488 43503 94369 24985 85113 19823 65290 77151 33788 27260
is_linear=0
shrinkage=0.03


Tree=51
num_leaves=15
num_cat=0
split_feature=66 65 60 29 57 57 60 42 45 65 24 19 65 60
split_gain=10.706 6.69203 4.67531 4.12659 3.48678 3.31051 3.30238 3.01473 3.49548 3.15662 2.96677 2.87721 2.55887 2.46682
threshold=0.16996220082132721 0.23484827081249129 -0.26930480520737388 -0.10298269165084635 0.44931294559463497 0.0042680325234319425 -1.0000000180025095e-35 0.019636738780660027 0.12575807932507285 0.34422685664590119 0.45694327579555349 -0.43716967137053592 -0.23845709717534194 0.18440256037629102
decision_type=2 2 2 2 2 2 2 2 2 2 2 2 2 2
left_child=2 4 3 -1 5 12 -3 11 9 -9 -10 -4 -2 -13
right_child=1 6 7 -5 -6 -7 -8 8 10 -11 -12 13 -14 -15
leaf_value=4.0640532872420096e-05 1.0253142731670243e-05 -0.00031060943479101926 0.00042822671939876184 0.00051136795497698246 -0.00054460463532974039 -2.2650087107750526e-05 -0.0013444169261170916 0.00052450116467568164 -6.3571494666386511e-05 -0.00017806313496854627 0.00090451643343223255 -0.00024235851457529169 -0.0010383668598630607 8.9333832038671055e-05
leaf_weight=27440 3417 4799 9322 43064 17035 86905 6628 29985 43633 7117 3038 57330 5400 31131
leaf_count=27440 3417 4799 9322 43064 17035 86905 6628 29985 43633 7117 3038 57330 5400 31131
internal_value=8.55175e-06 -0.000219429 0.000120877 0.000328194 -0.00014928 -7.88771e-05 -0.0009109 4.03555e-05 0.00017242 0.000389722 -3.74556e-07 -7.27934e-05 -0.000632426 -0.000125633
internal_weight=376244 124184 252060 70504 112757 95722 11427 181556 83773 37102 46671 97783 8817 88461
internal_count=376244 124184 252060 70504 112757 95722 11427 181556 83773 37102 46671 97783 8817 88461
is_linear=0
shrinkage=0.03


Tree=52
num_leaves=15
num_cat=0
split_feature=49 22 64 30 20 69 10 10 42 30 6 14 34 52
split_gain=9.19195 5.6312 6.95042 3.71752 3.46143 3.39807 4.32586 2.54792 2.52986 2.31205 2.70829 2.21241 2.20889 3.09305
threshold=-0.24542643083906007 -0.22698957272824474 -0.43256908654259646 0.43308472929985337 0.32995209676681764 0.2367018985304187 -0.36865970303243373 0.042964706262939974 0.19522710195758783 -0.42093716937074616 0.24888600058905877 -0.20014847408168546 0.015919741397448398 -0.039264108599934115
decision_type=2 2 2 2 2 2 2 2 2 2 2 2 2 2
left_child=3 -2 -3 7 5 6 -4 12 9 10 -8 -6 13 -1
right_child=1 2 4 -5 11 -7 8 -9 -10 -11 -12 -13 -14 -15
leaf_value=-0.00023846385710801212 -0.00015109905912481135 -0.00087520734110697635 -0.00022748590628894784 -0.00059442095761069085 0.00013101379578079873 -7.5662378405075335e-05 0.00034478117299683442 3.9559095339904366e-05 0.00053507370570772094 0.00014426951667477866 0.0013559799386741033 0.00068598902389685392 -7.4604027828917467e-05 -0.00099962211428649447
leaf_weight=12651 64549 5588 16823 21377 9729 45974 11180 35185 28107 76713 3024 19292 18409 7746
leaf_count=12651 64549 5588 16823 21377 9729 45974 11180 35185 28107 76713 3024 19292 18409 7746
internal_value=8.43022e-06 9.48071e-05 0.000168151 -0.000246042 0.000195843 0.000147264 0.000222707 -0.000145324 0.000286352 0.000209409 0.000560866 0.000500048 -0.000312922 -0.000527871
internal_weight=376347 280979 216430 95368 210842 181821 135847 73991 119024 90917 14204 29021 38806 20397
internal_count=376347 280979 216430 95368 210842 181821 135847 73991 119024 90917 14204 29021 38806 20397
is_linear=0
shrinkage=0.03


Tree=53
num_leaves=15
num_cat=0
split_feature=66 65 36 36 18 1 10 36 41 47 19 36 41 36
split_gain=10.0478 5.29126 4.38459 7.9827 5.32213 4.4018 5.36966 5.01899 5.77576 3.69393 3.38155 2.95664 3.8635 3.3591
threshold=0.0080198589901440149 0.43857254406187263 -0.12394657986838371 -0.20313443362101813 0.37797119742267427 -0.24213019226574425 1.0000000180025095e-35 -0.039932791063745747 -0.35378308304833089 0.047214119060014832 0.39451845622731702 -0.11463550694319923 0.22878667069995209 0.29488841075409922
decision_type=2 2 2 2 2 2 2 2 2 2 2 2 2 2
left_child=11 2 3 -2 -5 7 -7 8 -4 -6 -8 -1 -13 -14
right_child=1 -3 5 4 9 6 10 -9 -10 -11 -12 12 13 -15
leaf_value=0.0003849275986175426 0.00077064571090350678 -0.0012146689723820919 0.00098629000658665409 -0.00039772965785689232 -0.0021100926597710898 -0.00037964186746161025 0.00018058059756004348 -0.00031723944081237134 8.4086856974870984e-05 -0.00065302958874470594 -0.00035177659768683176 0.00017632755641499488 -0.00035759786391217246 0.0003396770920202711
leaf_weight=39979 4416 4133 10655 25820 3086 50344 42426 10938 15923 3195 14367 116993 25544 8209
leaf_count=39979 4416 4133 10655 25820 3086 50344 42426 10938 15923 3195 14367 116993 25544 8209
internal_value=2.74269e-06 -0.000154582 -0.000130333 -0.000424023 -0.000588557 -5.61682e-05 -0.000154095 0.000223456 0.000446011 -0.00137113 4.58713e-05 0.000155595 9.47531e-05 -0.000187965
internal_weight=376028 185303 181170 36517 32101 144653 107137 37516 26578 6281 56793 190725 150746 33753
internal_count=376028 185303 181170 36517 32101 144653 107137 37516 26578 6281 56793 190725 150746 33753
is_linear=0
shrinkage=0.03


Tree=54
num_leaves=15
num_cat=0
split_feature=66 65 22 60 60 40 66 65 4 60 47 42 45 34
split_gain=10.7573 6.26679 4.80914 3.20452 2.7935 2.84837 2.75451 2.60473 2.58549 2.18086 2.49188 2.12078 2.58678 2.14514
threshold=0.31908262573931984 -0.17462224877887916 -0.0081706883201138596 -0.22985477849467612 0.48066040041397229 0.41800142770842741 0.46532885906040278 0.42666089116937939 0.13288065323111933 -0.078529352704502745 0.043340963436479814 0.038976388774360222 0.3409937520379715 0.20940710864905435
decision_type=2 2 2 2 2 2 2 2 2 2 2 2 2 2
left_child=2 8 3 -1 5 -4 9 11 -2 -3 -11 -5 13 -13
right_child=1 6 4 7 -6 -7 -8 -9 -10 10 -12 12 -14 -15
leaf_value=0.00021739534520905454 -0.0003303146071143582 -6.2397344287926109e-05 0.00017318214791837015 -0.00020802508701299916 -0.0006991566727137502 0.00075858983686158388 -0.0014164575613634291 -0.00070084743134979041 0.00013484524401854739 -0.0012682664265660523 -0.00046584127204962625 6.1484154956262024e-05 -0.0003194972337180547 0.00062222488646012329
leaf_weight=30734 24366 5420 155763 59881 3151 7849 4266 6719 19237 5553 9371 24329 11544 8204
leaf_count=30734 24366 5420 155763 59881 3151 7849 4266 6719 19237 5553 9371 24329 11544 8204
internal_value=-3.29049e-07 -0.000341196 7.5129e-05 -5.35655e-05 0.000184255 0.000201311 -0.000723843 -0.000128822 -0.000125109 -0.000577982 -0.000765061 -9.17867e-05 6.61407e-05 0.000203037
internal_weight=376387 68213 308174 141411 166763 163612 24610 110677 43603 20344 14924 103958 44077 32533
internal_count=376387 68213 308174 141411 166763 163612 24610 110677 43603 20344 14924 103958 44077 32533
is_linear=0
shrinkage=0.03


Tree=55
num_leaves=15
num_cat=0
split_feature=66 65 9 52 9 9 51 52 53 53 36 34 11 65
split_gain=10.0137 5.3501 6.72697 3.133 3.5073 3.32901 3.23312 3.06911 2.99495 4.63701 3.45324 3.75153 3.54553 3.15063
threshold=0.17758180091513429 0.074558808263261736 -0.11920959047123215 -0.38529565110715819 -0.02021246361244566 -0.23781319607176823 -1.0000000180025095e-35 0.074767493205748617 -0.25762664861765222 -0.10300838902812585 -0.13707718563428126 -0.25165364757066666 0.10980601195702168 0.42279044897610746
decision_type=2 2 2 2 2 2 2 2 2 2 2 2 2 2
left_child=8 3 -3 4 -2 -5 -7 -8 10 -10 11 -1 -12 -14
right_child=1 2 -4 5 -6 6 7 -9 9 -11 12 -13 13 -15
leaf_value=0.0015667168384473 2.0909058287378795e-05 -0.0016270220868488013 -0.00036535775795792772 -0.00069953718253072661 0.0010638153624322529 0.00010195000722296384 -0.0001279480952397839 -0.00069893699789836078 -0.00022761258454303041 0.00013213160947130289 5.7218496354263987e-06 0.00039202562347895938 0.00061846530626032364 -6.9682091913062855e-05
leaf_weight=3439 13292 4808 18108 10421 3703 31355 27171 12305 43234 126803 42727 8457 21916 8235
leaf_count=3439 13292 4808 18108 10421 3703 31355 27171 12305 43234 126803 42727 8457 21916 8235
internal_value=6.52062e-06 -0.000217993 -0.000630661 -0.000121684 0.000248637 -0.000199163 -0.000125457 -0.000306062 0.000113281 4.06542e-05 0.000258933 0.000732646 0.000181518 0.000430554
internal_weight=375974 121163 22916 98247 16995 81252 70831 39476 254811 170037 84774 11896 72878 30151
internal_count=375974 121163 22916 98247 16995 81252 70831 39476 254811 170037 84774 11896 72878 30151
is_linear=0
shrinkage=0.03


Tree=56
num_leaves=15
num_cat=0
split_feature=66 65 22 59 65 47 41 47 46 23 23 7 33 60
split_gain=11.4191 4.75967 4.13776 3.37364 3.76655 2.90392 3.5939 3.02555 2.83482 2.81147 2.73588 2.70818 2.52285 2.36813
threshold=0.32313732614707613 0.22690325834643418 0.18731263944416995 -0.22840625116832761 0.44243008986648308 -0.38989780335576957 0.090857109996719546 -0.12114699433583044 0.3989815367061692 -0.36497065711185933 -0.087724019413442086 0.0043578502659813454 -0.027275283771346772 -0.25376318923751756
decision_type=2 2 2 2 2 2 2 2 2 2 2 2 2 2
left_child=2 11 3 5 10 -1 7 -7 -4 -8 12 -2 -5 -11
right_child=1 -3 8 4 -6 6 9 -9 -10 13 -12 -13 -14 -15
leaf_value=-0.00032324037191518341 -0.00044887723386152284 -0.0012397700211987178 0.00018991978058172261 -0.00014511021010718309 -0.00089856747067029925 0.00023373453137021807 0.00071254858760349941 0.00083734028604124159 0.00086006480747745687 0.00028422035388303286 -0.0001975411876461896 -4.1588840997676381e-05 0.00021423166321714757 -0.00039440369156348127
leaf_weight=9027 36944 5103 95927 29376 4935 19260 3969 12215 6030 7076 64988 24395 43775 13336
leaf_count=9027 36944 5103 95927 29376 4935 19260 3969 12215 6030 7076 64988 24395 43775 13336
internal_value=-3.42472e-06 -0.000360286 7.30914e-05 -3.66569e-06 -8.50359e-05 0.00017575 0.000256436 0.000468177 0.000229634 -1.69938e-05 -5.59096e-05 -0.000286929 6.99269e-05 -0.000159129
internal_weight=376356 66442 309914 207957 143074 64883 55856 31475 101957 24381 138139 61339 73151 20412
internal_count=376356 66442 309914 207957 143074 64883 55856 31475 101957 24381 138139 61339 73151 20412
is_linear=0
shrinkage=0.03


Tree=57
num_leaves=15
num_cat=0
split_feature=57 63 22 1 28 51 36 19 1 36 1 43 36 22
split_gain=7.53024 5.08797 5.00112 3.0503 2.92393 3.70274 2.5176 2.5786 2.5423 2.39819 2.31958 4.1763 2.44044 2.31486
threshold=0.42165647894174701 0.29366843083576694 -0.16724587708862973 -0.34445874833019008 -0.039014744241401687 0.10179106073567153 -0.061214439040295603 0.46500093525897213 -0.11256511437264043 -0.14562966001539632 -0.20904280904280903 0.18862913340828066 -0.073100634096701353 0.23791712014059987
decision_type=2 2 2 2 2 2 2 2 2 2 2 2 2 2
left_child=1 2 10 -4 5 -5 7 8 -2 -7 12 -12 -1 -6
right_child=6 -3 3 4 13 9 -8 -9 -10 -11 11 -13 -14 -15
leaf_value=-0.00013415769031676464 -4.8874679311030238e-05 -0.00020114042879715809 -0.00039177065446405006 0.00050607197495838136 -6.542471886874057e-06 -0.00069893813348474178 -0.00013303195743224225 -0.0012671737705682116 -0.00093406991848738645 0.00017401286103666533 -0.0003735536955860595 0.00014355245044241186 0.00041407698729034473 0.00028361383912505519
leaf_weight=15074 6332 64342 7996 48700 65433 3163 12003 5066 5411 26379 40191 21607 14167 39786
leaf_count=15074 6332 64342 7996 48700 65433 3163 12003 5066 5411 26379 40191 21607 14167 39786
internal_value=8.84113e-07 3.96023e-05 9.44396e-05 0.000181478 0.000206483 0.000345359 -0.000465056 -0.000701928 -0.000457207 8.03429e-05 -8.86042e-05 -0.000192759 0.000131508 0.00010319
internal_weight=375650 346838 282496 191457 183461 78242 28812 16809 11743 29542 91039 61798 29241 105219
internal_count=375650 346838 282496 191457 183461 78242 28812 16809 11743 29542 91039 61798 29241 105219
is_linear=0
shrinkage=0.03


Tree=58
num_leaves=15
num_cat=0
split_feature=66 65 22 47 61 40 1 65 66 43 53 21 1 45
split_gain=8.7891 4.79618 4.51096 3.39562 3.46216 2.72774 2.50592 2.38635 2.79415 2.31259 2.24944 2.11212 2.39371 2.09715
threshold=0.31908262573931984 0.22690325834643418 -0.0081706883201138596 -0.38989780335576957 0.31279176260935054 0.44134237283821798 -0.32800375245308883 -0.33752056895997523 0.47709511747547689 -0.11091607054091183 -0.090986397563934659 -0.36503599062335595 -0.35810431202544224 -0.12247454984608679
decision_type=2 2 2 2 2 2 2 2 2 2 2 2 2 2
left_child=2 6 3 -1 9 11 -2 -8 -9 -5 -6 -4 -13 -11
right_child=1 -3 5 4 10 -7 7 8 -10 13 -12 12 -14 -15
leaf_value=-0.0004285705099474872 0.000399335104765802 -0.001170671776232204 -9.4772971478403276e-05 -0.00015801042834589701 -0.0010404418578894709 0.00087764454845747097 -6.6066982850222691e-05 -0.00035570176470344145 -0.0012301307717857552 0.00050253462429545475 -0.00018410281047634682 -0.00056597358835046372 0.00022579766341028647 7.9864639081800101e-05
leaf_weight=18517 5227 5269 24925 31210 4105 4891 25028 28748 3707 12545 8406 3518 133488 66693
leaf_count=18517 5227 5269 24925 31210 4105 4891 25028 28748 3707 12545 8406 3518 133488 66693
internal_value=6.57194e-06 -0.000302174 7.46573e-05 -4.9952e-05 7.09626e-06 0.000180331 -0.000229026 -0.000286224 -0.000455927 6.06878e-05 -0.000465684 0.000159216 0.000205427 0.000146837
internal_weight=376277 67979 308298 141476 122959 166822 62710 57483 32455 110448 12511 161931 137006 79238
internal_count=376277 67979 308298 141476 122959 166822 62710 57483 32455 110448 12511 161931 137006 79238
is_linear=0
shrinkage=0.03


Tree=59
num_leaves=15
num_cat=0
split_feature=53 43 65 69 60 52 62 42 21 18 33 57 65 60
split_gain=6.47625 5.1232 4.82849 4.50608 4.0858 4.05634 3.54982 3.14607 3.12538 2.48104 3.42121 2.71414 2.60792 2.45152
threshold=-0.28171401217260472 -0.30890648412022209 -0.082532665874766667 0.27228285009080133 -0.023735671368986435 -0.11865636388176541 0.098253271408231105 1.0000000180025095e-35 -0.38495840336802806 -0.18080936934886246 -0.18780859192472563 -0.31162381264330158 0.32845310769894082 -0.42848937259652814
decision_type=2 2 2 2 2 2 2 2 2 2 2 2 2 2
left_child=3 2 -2 9 -4 7 -5 -3 -7 10 -1 -12 -13 -11
right_child=1 5 4 6 -6 8 -8 -9 -10 13 11 12 -14 -15
leaf_value=0.00052231780792019798 -0.00014042009431330799 -2.9507672221737578e-05 -0.00013071847005434806 -0.00089983582019273608 -0.0010788177713455427 -0.0005738457239311917 9.80799649685002e-05 0.0002916607676756333 -6.4535644257267819e-05 0.00094706016822535509 -0.00084312254792284443 0.00068387988105926502 -0.00052261809370970523 0.0003636372580212239
leaf_weight=8081 48052 53081 6552 4882 10894 12059 9316 56835 106857 7712 4622 3372 3072 40596
leaf_count=8081 48052 53081 6552 4882 10894 12059 9316 56835 106857 7712 4622 3372 3072 40596
internal_value=3.81648e-06 -6.17642e-05 -0.00029569 0.00024019 -0.00072303 5.2018e-06 -0.000245446 0.000136572 -0.000116228 0.000342429 5.33958e-05 -0.000289199 0.000108797 0.000456953
internal_weight=375983 294330 65498 81653 17446 228832 14198 109916 118916 67455 19147 11066 6444 48308
internal_count=375983 294330 65498 81653 17446 228832 14198 109916 118916 67455 19147 11066 6444 48308
is_linear=0
shrinkage=0.03


Tree=60
num_leaves=15
num_cat=0
split_feature=66 65 9 59 10 66 53 20 58 30 3 55 9 9
split_gain=7.93857 5.13179 5.07474 4.35506 3.87871 2.784 2.89029 2.71402 3.55102 3.55811 2.92047 2.59405 2.52486 2.49366
threshold=0.29196267155552169 -0.27023624401333318 -0.35671093400115156 -0.46852826938948605 -0.36865970303243373 0.46532885906040278 0.093551740325933844 0.41718839538414648 -0.24748028687113982 -0.338163594825235 0.35569612174486243 -0.035636520873809384 0.31668005391118487 0.20760992350039328
decision_type=2 2 2 2 2 2 2 2 2 2 2 2 2 2
left_child=3 -2 -3 -1 -5 6 12 8 -6 11 -11 -10 -4 -8
right_child=1 2 5 4 7 -7 13 -9 9 10 -12 -13 -14 -15
leaf_value=0.00064072619180865088 -2.9856651318034879e-05 -0.001313022153874193 -0.001026372362720275 -0.000275087583497669 -0.00013560191363847841 -0.0010972717397442597 -0.00029478584671761924 0.00039817300040452601 0.00013728061370457407 2.8548691267665368e-05 0.00046405520583883496 0.00083404454033677276 -0.00024343352872278003 0.00052778631259707933
leaf_weight=11369 38948 6064 6010 30908 66085 4140 7814 22123 9068 132437 15468 10240 9671 5748
leaf_count=11369 38948 6064 6010 30908 66085 4140 7814 22123 9068 132437 15468 10240 9671 5748
internal_value=-5.58394e-06 -0.000274153 -0.000515291 6.51472e-05 4.22716e-05 -0.000370034 -0.000266737 8.06839e-05 5.05616e-05 0.00012414 7.41225e-05 0.00050705 -0.000543971 5.3978e-05
internal_weight=376093 78395 39447 297698 286329 33383 29243 255421 233298 167213 147905 19308 15681 13562
internal_count=376093 78395 39447 297698 286329 33383 29243 255421 233298 167213 147905 19308 15681 13562
is_linear=0
shrinkage=0.03


Tree=61
num_leaves=15
num_cat=0
split_feature=59 65 36 36 18 33 47 53 59 42 1 41 47 1
split_gain=6.78087 5.4147 4.16081 4.1983 8.18488 4.04746 3.95891 3.93527 3.37022 3.2121 3.58204 3.21179 4.10044 3.77996
threshold=-0.22028339536071581 0.41888074904332406 -0.2074082343540099 -0.12441063104061599 0.34295573231379967 -0.20359190322945098 0.11062189223507059 -0.3573036194088825 -0.019817498567296112 -0.34462535018019747 -0.33412093499469281 0.2367018985304187 -0.12114699433583044 -0.043108075872087613
decision_type=2 2 2 2 2 2 2 2 2 2 2 2 2 2
left_child=9 2 -2 4 8 -5 -6 -7 -4 -1 -11 12 -12 -14
right_child=1 -3 3 5 6 7 -8 -9 -10 10 11 -13 13 -15
leaf_value=0.0011444858630742646 0.00080864360742445725 -0.00066614909431899803 0.00035052319554002096 -0.00024820615873809 -0.0016106696835216225 0.00066233641821113708 -0.00037344845823446867 2.5803886890593335e-05 -0.00030243771753937245 -0.00057809246690707528 0.00011019878414562962 -0.00014728238649593963 0.00090066578540592642 0.00025782623722778343
leaf_weight=3176 4979 13464 9924 49288 5684 9263 3950 152466 25057 5344 42825 17436 15291 17845
leaf_count=3176 4979 13464 9924 49288 5684 9263 3950 152466 25057 5344 42825 17436 15291 17845
internal_value=-2.03073e-06 -7.97207e-05 -4.93995e-05 -6.61428e-05 -0.000330512 -1.02345e-05 -0.00110431 6.22999e-05 -0.000117148 0.00020688 0.000176609 0.000219849 0.000304128 0.000554654
internal_weight=375992 274075 260611 255632 44615 211017 9634 161729 34981 101917 98741 93397 75961 33136
internal_count=375992 274075 260611 255632 44615 211017 9634 161729 34981 101917 98741 93397 75961 33136
is_linear=0
shrinkage=0.03


Tree=62
num_leaves=15
num_cat=0
split_feature=66 9 22 52 64 7 1 28 58 59 67 48 41 58
split_gain=7.61129 4.43658 4.02196 3.81219 3.64352 3.34029 2.11045 1.98542 2.16864 3.24898 2.7793 2.19375 2.04057 2.3532
threshold=0.32313732614707613 -0.34078077641291554 -0.1953426138895753 -0.42827868360748172 -0.44025563296841835 -0.31372303553369263 -0.32800375245308883 -0.42100217875525064 -0.2436812492969733 -0.46852826938948605 0.22677895411872964 -0.32522180073623147 0.11843182304267193 -0.46059407396514956
decision_type=2 2 2 2 2 2 2 2 2 2 2 2 2 2
left_child=2 -2 -1 -3 -4 -6 -5 -7 10 -10 12 -11 13 -9
right_child=1 3 4 6 5 7 -8 8 9 11 -12 -13 -14 -15
leaf_value=-0.00013073750811419424 -0.00086360243269104173 0.00078008058749744983 -0.00066189852007116784 0.00039438083227441551 -0.00013510996636125378 0.00056487526042880716 -0.00031548359855142655 0.00071727842279071391 0.0011362285411068171 0.00049491229455011316 0.00037859457202564961 0.00014351602184573339 -0.00054111914949213531 -0.00013341872289233711
leaf_weight=82490 10720 3364 5312 4079 35307 11494 48429 3384 3386 18779 11665 107444 9132 21237
leaf_count=82490 10720 3364 5312 4079 35307 11494 48429 3384 3386 18779 11665 107444 9132 21237
internal_value=-1.39105e-05 -0.000304849 4.86693e-05 -0.000197507 0.000113827 0.000132432 -0.000260274 0.00018308 0.000157977 0.000220484 -2.04087e-05 0.000195831 -0.000158375 -1.62521e-05
internal_weight=376222 66592 309630 55872 227140 221828 52508 186521 175027 129609 45418 126223 33753 24621
internal_count=376222 66592 309630 55872 227140 221828 52508 186521 175027 129609 45418 126223 33753 24621
is_linear=0
shrinkage=0.03


Tree=63
num_leaves=15
num_cat=0
split_feature=30 7 9 52 52 61 52 60 4 50 20 36 29 47
split_gain=6.12268 5.72353 3.12006 3.32845 3.15696 2.88954 3.52758 3.8404 3.2541 2.80037 2.66682 2.85524 2.65401 2.58204
threshold=0.39424614925754708 -0.33365394219422234 -0.15417531496358022 -0.24929497936234002 -0.29332991609206438 0.32059624323733354 -0.35341198838364341 -0.22985477849467612 0.41122717382740298 -0.22489342435399459 0.38546960658106338 -0.061971942918351113 -0.067046916935585885 -0.32185209238345314
decision_type=2 2 2 2 2 2 2 2 2 2 2 2 2 2
left_child=1 -1 4 -4 -2 6 8 12 -3 -7 -5 -12 -8 -9
right_child=2 5 3 10 -6 9 7 13 -10 -11 11 -13 -14 -15
leaf_value=-0.00026032195424263341 -0.00044432501925279979 0.00031112581536935205 0.0004125554034020032 -0.00058844445454925927 -0.0016345805595159222 -0.00060778945178458204 3.9148217696671845e-05 -0.00022831225049632037 0.0012589499243154134 -1.5093310738418686e-05 -0.00039321240858430283 0.00074809690363727966 0.00042728906758555198 6.6272821448002195e-05
leaf_weight=51128 5796 25800 6033 16774 3066 9229 26474 35079 3724 32110 4820 3325 39526 113053
leaf_count=51128 5796 25800 6033 16774 3066 9229 26474 35079 3724 32110 4820 3325 39526 113053
internal_value=-9.74868e-06 3.19232e-05 -0.000361476 -0.000219227 -0.000857498 8.43591e-05 0.000123706 8.13099e-05 0.000431065 -0.000147529 -0.000372288 7.30456e-05 0.000271627 -3.4983e-06
internal_weight=375937 336123 39814 30952 8862 284995 243656 214132 29524 41339 24919 8145 66000 148132
internal_count=375937 336123 39814 30952 8862 284995 243656 214132 29524 41339 24919 8145 66000 148132
is_linear=0
shrinkage=0.03


Tree=64
num_leaves=15
num_cat=0
split_feature=66 7 22 9 53 0 53 41 21 17 49 53 17 34
split_gain=6.9796 4.00736 3.74299 2.83671 2.93141 2.80243 2.79933 2.21806 2.01461 4.14595 2.79147 2.4073 2.37516 2.0143
threshold=0.36683592143150973 -0.33365394219422234 -0.21117440059676801 -0.15026408532559674 0.3485021413332014 -0.047290421910694262 0.26272141808996496 -0.43258108667282041 0.25542244877000747 0.38551795210673717 -0.1741049778301233 0.058607001452957504 0.031748080405798525 0.027984216202686377
decision_type=2 2 2 2 2 2 2 2 2 2 2 2 2 2
left_child=1 -1 -3 4 -2 -6 -5 -4 9 11 -10 13 -12 -9
right_child=3 2 7 6 5 -7 -8 8 10 -11 12 -13 -14 -15
leaf_value=-0.00019845154888587668 -0.0014587455651269691 -9.1512863734636034e-05 -0.00032961263398146809 -0.00041189633474073684 0.00010934162240644565 -0.00089292004725189018 0.00011932024979881889 -5.0834728894403176e-05 5.5328549072444022e-05 -0.00093724094264987503 0.0010830052225426368 0.00031324436361445328 0.0003996604311667337 0.00023000972943020885
leaf_weight=48503 3402 70614 7952 21339 4568 5560 15339 57577 17707 3209 5678 52991 23604 38243
leaf_count=48503 3402 70614 7952 21339 4568 5560 15339 57577 17707 3209 5678 52991 23604 38243
internal_value=2.41079e-06 5.31131e-05 9.70766e-05 -0.000326822 -0.00069795 -0.000441211 -0.000189766 0.000161424 0.00018106 0.000127978 0.00035273 0.00015101 0.000532491 6.12662e-05
internal_weight=376286 326078 277575 50208 13530 10128 36678 206961 199009 152020 46989 148811 29282 95820
internal_count=376286 326078 277575 50208 13530 10128 36678 206961 199009 152020 46989 148811 29282 95820
is_linear=0
shrinkage=0.03


Tree=65
num_leaves=15
num_cat=0
split_feature=49 20 7 58 30 41 30 62 58 18 30 1 65 44
split_gain=6.26131 4.86086 4.03077 3.82982 4.95163 4.09027 4.71576 3.4106 4.39277 3.06161 3.05604 2.44239 2.39334 2.35677
threshold=-0.2336156191688441 0.31058229349572242 -0.33365394219422234 -0.31088213545980331 -0.42093716937074616 0.10263933555073408 -0.44083856628894352 0.20723233357641965 -0.42887286840113381 1.0000000180025095e-35 -0.13379582881250207 -0.19896252012905211 0.22316230237534448 0.15638770795721471
decision_type=2 2 2 2 2 2 2 2 2 2 2 2 2 2
left_child=9 2 -2 5 -5 6 11 8 -7 12 -3 -4 -1 -9
right_child=1 10 3 4 -6 7 -8 13 -10 -11 -12 -13 -14 -15
leaf_value=-0.00031108993296927954 -0.00026378128830522029 0.00086097360491206251 0.00015380850211509748 0.00077953762762077302 0.00011294380372817515 -0.0016365532085200591 -0.00015382816294559512 0.00057009078958588635 -0.00037376314731381603 -5.4822119829442265e-05 0.00024431996432434456 0.0012273120604370082 -0.0010447824441777516 -0.00048692941133585067
leaf_weight=35456 34499 9666 3676 10769 144294 3978 21878 3391 6575 59752 28704 3962 4504 4287
leaf_count=35456 34499 9666 3676 10769 144294 3978 21878 3391 6575 59752 28704 3962 4504 4287
internal_value=1.29255e-05 8.66114e-05 3.595e-05 8.69463e-05 0.000159285 -0.000147966 7.02713e-05 -0.000501138 -0.000850876 -0.000190786 0.000399848 0.000711535 -0.000394027 -1.99606e-05
internal_weight=375391 275679 237309 202810 155063 47747 29516 18231 10553 99712 38370 7638 39960 7678
internal_count=375391 275679 237309 202810 155063 47747 29516 18231 10553 99712 38370 7638 39960 7678
is_linear=0
shrinkage=0.03


Tree=66
num_leaves=15
num_cat=0
split_feature=49 21 36 41 46 28 58 36 53 22 22 57 43 41
split_gain=5.29248 5.09711 4.7212 3.66748 4.51555 3.57671 3.36069 2.99278 2.55915 2.51458 2.45462 2.92721 2.38078 3.59244
threshold=-0.2336156191688441 0.29454820988948538 -0.11514544379325443 -0.23619451673599445 0.27762449441766335 -0.15318540489581203 0.067508134673502654 -0.15914726060348067 0.011725594348844516 -0.2701881795783479 0.14490029688851488 -0.35475571601179534 0.039937925606324705 0.18136473984427207
decision_type=2 2 2 2 2 2 2 2 2 2 2 2 2 2
left_child=2 5 6 4 -4 8 7 -1 9 -2 11 -3 -7 -14
right_child=1 10 3 -5 -6 12 -8 -9 -10 -11 -12 -13 13 -15
leaf_value=-0.00030689243607293212 -0.00053623949077413464 0.00086997142834645453 -1.3520631201906255e-05 -0.0002557393029628995 0.000839320844564661 -0.0002062204136142981 -0.00026051841682264124 -0.0014160475976101481 0.00037307625114793466 0.0001259407430817256 0.00063745295220412582 8.3810554885481298e-06 0.00020906254321394175 -0.00015466622417284394
leaf_weight=3521 6131 4373 27380 42683 7010 62696 13748 5809 35656 32341 18357 18650 49799 47970
leaf_count=3521 6131 4373 27380 42683 7010 62696 13748 5809 35656 32341 18357 18650 49799 47970
internal_value=4.04542e-06 7.18379e-05 -0.00018275 -7.00099e-05 0.000160515 1.76829e-05 -0.000559071 -0.000998246 0.000190016 2.0302e-05 0.000378777 0.000172339 -6.19345e-05 3.06028e-05
internal_weight=376124 275973 100151 77073 34390 234593 23078 9330 74128 38472 41380 23023 160465 97769
internal_count=376124 275973 100151 77073 34390 234593 23078 9330 74128 38472 41380 23023 160465 97769
is_linear=0
shrinkage=0.03


Tree=67
num_leaves=15
num_cat=0
split_feature=59 36 36 18 18 58 41 36 36 36 36 57 33 36
split_gain=6.9479 4.3204 5.96879 4.74345 4.06387 3.53222 3.02596 3.75211 9.73199 4.79574 4.12698 5.64438 3.4675 3.64698
threshold=-0.055467873383334303 -0.20313443362101813 -0.11514544379325443 -0.28749694675134335 0.36223341082528937 -0.2436812492969733 0.33921469797596465 -0.069914555097230394 -0.064673457585796498 -0.050546709288082935 -0.0080669416275190014 -0.40984340592121354 -0.21923398571517222 -0.11463550694319923
decision_type=2 2 2 2 2 2 2 2 2 2 2 2 2 2
left_child=5 -2 4 -4 -3 6 7 12 -9 -10 11 -11 -1 -14
right_child=1 2 3 -5 -6 -7 -8 8 9 10 -12 -13 13 -15
leaf_value=0.00033041724401834145 0.00074678471231276575 -0.00029450291871130916 -0.00040106456809295665 1.9783503444160885e-05 -0.0009984101349201969 0.00025843874983652387 -0.00075237739725012899 0.0016757139547911289 -0.00068854756196189192 0.0017192065915952583 -6.0319879263644135e-05 0.0001006897356525623 3.2365236745648496e-05 -0.00077459779155976969
leaf_weight=7538 5115 32899 29219 137460 9513 98911 4796 3820 5986 3463 12603 4394 8954 11520
leaf_count=7538 5115 32899 29219 137460 9513 98911 4796 3820 5986 3463 12603 4394 8954 11520
internal_value=-1.67594e-06 -0.000113789 -0.000134876 -5.40112e-05 -0.000452587 0.000146578 -2.88512e-05 3.08105e-05 0.000262349 5.7639e-05 0.000276181 0.000815335 -0.000219363 -0.000421841
internal_weight=376191 214206 209091 166679 42412 161985 63074 58278 30266 26446 20460 7857 28012 20474
internal_count=376191 214206 209091 166679 42412 161985 63074 58278 30266 26446 20460 7857 28012 20474
is_linear=0
shrinkage=0.03


Tree=68
num_leaves=15
num_cat=0
split_feature=63 10 42 22 49 34 33 33 22 20 52 9 9 56
split_gain=5.58178 5.69127 3.87056 3.26092 3.17596 2.39002 2.90188 5.29907 3.50191 2.61033 2.32315 2.90044 2.78474 2.42983
threshold=0.27073048902317204 -0.38436720433723048 0.17961764403546779 -0.016110465899897421 -0.46815095235178827 0.22134877285314195 -1.0000000180025095e-35 1.0000000180025095e-35 0.28468496271973126 -0.087288216459520909 -0.29731948392543589 -0.38870919100214757 -0.07177322959452366 -0.2720322823684071
decision_type=2 2 2 2 2 2 2 2 2 2 2 2 2 2
left_child=1 -1 3 10 -2 6 8 -8 9 -4 12 -12 -3 -13
right_child=4 2 5 -5 -6 -7 7 -9 -10 -11 11 13 -14 -15
leaf_value=-0.00032353078624559303 -0.0011522906100818592 -9.658953942967909e-06 -3.8558905229632612e-05 0.00013424344706224934 -0.00019866218237699703 0.00056010563576182944 -0.0011073851512147497 0.00012005205570352034 0.00092990648283922356 0.0005601468923568853 -0.00099206439525521936 0.00013009335472833507 0.0009057507107325121 -0.00027355335051706736
leaf_weight=34143 3258 14311 17487 95710 82651 19060 3885 16894 7140 10472 3920 19179 3771 44665
leaf_count=34143 3258 14311 17487 95710 82651 19060 3885 16894 7140 10472 3920 19179 3771 44665
internal_value=-2.25232e-05 4.02758e-05 8.87144e-05 1.38388e-05 -0.000234957 0.000270093 0.000171087 -0.000109861 0.000337396 0.000185806 -0.000120401 -0.000201013 0.000181645 -0.000152295
internal_weight=376546 290637 256494 181556 85909 74938 55878 20779 35099 27959 85846 67764 18082 63844
internal_count=376546 290637 256494 181556 85909 74938 55878 20779 35099 27959 85846 67764 18082 63844
is_linear=0
shrinkage=0.03


Tree=69
num_leaves=15
num_cat=0
split_feature=66 65 22 64 48 55 61 66 31 60 55 53 65 53
split_gain=5.51039 5.66721 3.52402 3.40351 2.92831 2.90368 2.56585 2.51416 2.65158 2.32387 2.1203 1.92774 1.81639 3.55357
threshold=0.36683592143150973 -0.27428868071696699 -0.16724587708862973 -0.44432408691307673 0.26332203936753795 0.41398133174454566 0.39501299125981854 0.47709511747547689 0.031649279534628323 0.47673030112282067 0.31287070822773505 0.17666372721928278 0.30877872977016185 -0.31380274104976486
decision_type=2 2 2 2 2 2 2 2 2 2 2 2 2 2
left_child=2 -2 6 -4 -3 9 12 8 -6 -5 -10 -7 13 -1
right_child=1 4 3 5 7 11 -8 -9 10 -11 -12 -13 -14 -15
leaf_value=0.0006446686104986713 -9.9548393800081875e-06 5.9911808298289327e-05 -0.00063127314886335774 0.00010230600891842773 -0.0011122755884280882 0.0002519590076827719 -0.00093061685874899476 -0.0015176074444178613 0.00010185626540829224 -0.00059084559415240555 -0.00080691083869729703 0.001079773689999806 -0.00037550916258260515 -9.1862662837034076e-05
leaf_weight=6406 26669 4294 5680 206509 6355 6012 3393 3625 5012 4437 4274 4374 16802 72674
leaf_count=6406 26669 4294 5680 206509 6355 6012 3393 3625 5012 4437 4274 4374 16802 72674
internal_value=-1.70244e-05 -0.000309503 2.80083e-05 9.32056e-05 -0.000648433 0.000111825 -0.000121073 -0.000806258 -0.000640529 8.76991e-05 -0.000316833 0.000601291 -9.23311e-05 -3.21248e-05
internal_weight=376516 50229 326287 227012 23560 221332 99275 19266 15641 210946 9286 10386 95882 79080
internal_count=376516 50229 326287 227012 23560 221332 99275 19266 15641 210946 9286 10386 95882 79080
is_linear=0
shrinkage=0.03


Tree=70
num_leaves=15
num_cat=0
split_feature=57 46 65 45 63 53 46 59 65 53 36 36 57 41
split_gain=5.44104 3.58225 3.03237 2.78666 2.76602 3.2284 2.74597 2.71438 3.25279 3.06706 3.04659 4.75987 2.66266 2.58613
threshold=0.3704606073547701 0.050715804809804373 0.40703013725342946 0.082630600149246183 0.29366843083576694 -0.28565832332035257 0.28941141477411914 -0.37791527550772441 0.23484827081249129 -0.27365961618616552 -0.12394657986838371 -0.073938445487741242 -0.38254027738355334 -0.25940302200521254
decision_type=2 2 2 2 2 2 2 2 2 2 2 2 2 2
left_child=1 7 3 6 5 -5 13 10 -9 -10 -1 -12 -7 -3
right_child=-2 2 -4 4 -6 12 -8 8 9 -11 11 -13 -14 -15
leaf_value=0.0010439981670027246 -0.00030320519586905488 -0.0001996144281522499 -0.00021074796381983005 0.00066230565636673144 -0.00018601338197904638 -0.00075291630961231036 0.00078162977422365323 -1.772637065204343e-05 -8.1863581882946827e-05 -0.00063706755690614073 -0.00062957790562988638 0.0004293949456138118 0.00015849863398847793 0.00040842863501983236
leaf_weight=3757 47646 8457 17968 11330 22106 3086 12058 128251 19231 16754 5493 12482 42317 24562
leaf_count=3757 47646 8457 17968 11330 22106 3086 12058 128251 19231 16754 5493 12482 42317 24562
internal_value=-3.67992e-06 3.98573e-05 0.000153383 0.000206195 9.85988e-05 0.000209511 0.000394315 -4.67602e-05 -8.8456e-05 -0.000340462 0.000268245 0.000105612 9.63984e-05 0.00025268
internal_weight=375498 327852 141884 123916 78839 56733 45077 185968 164236 35985 21732 17975 45403 33019
internal_count=375498 327852 141884 123916 78839 56733 45077 185968 164236 35985 21732 17975 45403 33019
is_linear=0
shrinkage=0.03


Tree=71
num_leaves=15
num_cat=0
split_feature=63 42 7 49 22 18 65 60 57 59 22 50 57 21
split_gain=5.2395 5.25567 3.84444 3.3976 3.31559 2.79289 2.56975 2.5115 3.38072 2.49511 2.36799 2.5397 2.1531 2.13306
threshold=0.27073048902317204 0.17162326423270538 -0.30190174804098852 -0.46815095235178827 -0.26201851746176669 -0.074942671683222314 0.24256705682937449 0.26621885469956458 -0.15342654245465928 0.094897507626182945 0.11330478022411501 -0.39154456561040324 0.36250275999538545 -0.007781405212344438
decision_type=2 2 2 2 2 2 2 2 2 2 2 2 2 2
left_child=1 2 6 -2 -4 9 13 12 -9 -3 -7 -12 -5 -1
right_child=3 5 4 7 -6 10 -8 8 -10 -11 11 -13 -14 -15
leaf_value=-0.00043250677124711563 -0.0011587971060055965 0.00024539670611850714 -0.00019762561616144028 -0.00017204823369080805 0.00011457613953801398 0.00025507547660125212 -0.00084221882946083643 -0.00065676195345184 0.00029944535643208455 -0.00027244187615799479 -1.7331001991589033e-05 0.00089871258147305793 -0.00060949076202490636 7.6184939638694179e-05
leaf_weight=14940 3212 26837 39782 48703 132740 25927 6409 4115 17211 12161 3419 13381 12780 14722
leaf_count=14940 3212 26837 39782 48703 132740 25927 6409 4115 17211 12161 3419 13381 12780 14722
internal_value=2.64975e-06 6.3582e-05 -1.63169e-05 -0.000202978 4.2578e-05 0.000267491 -0.000297936 -0.000165768 0.000114717 8.38873e-05 0.000435012 0.000712387 -0.00026306 -0.00018009
internal_weight=376339 290318 208593 86021 172522 81725 36071 82809 21326 38998 42727 16800 61483 29662
internal_count=376339 290318 208593 86021 172522 81725 36071 82809 21326 38998 42727 16800 61483 29662
is_linear=0
shrinkage=0.03


Tree=72
num_leaves=15
num_cat=0
split_feature=66 65 60 46 1 1 46 64 1 1 1 9 9 6
split_gain=6.35753 5.30652 3.81958 3.76012 3.41981 6.34302 3.38117 3.16158 2.69068 5.47081 3.65627 4.05496 2.57729 2.52212
threshold=0.38282117204111105 -0.20681060906926069 -0.22177400079670689 0.046824866626575375 -0.35125850732560171 -0.31269413343809332 -0.17061483835750613 -0.27950475369238431 -0.25900772895992746 -0.052954321593940722 -0.11770493127970981 -0.32878852601301262 -0.22191203198836781 -0.070926217740371014
decision_type=2 2 2 2 2 2 2 2 2 2 2 2 2 2
left_child=2 -2 8 4 -4 6 -6 13 12 10 11 -10 -1 -7
right_child=1 -3 3 -5 5 7 -8 -9 9 -11 -12 -13 -14 -15
leaf_value=-0.00079109794270219424 -9.014199962038716e-05 -0.0007702209811314498 -0.00090701489877916398 0.00011517157829426374 0.0012592851026370438 -0.00016378280202333686 9.5511221747930559e-07 -6.9507883193717918e-05 0.0012652294955933726 5.5745721777770726e-05 0.0010865230011676808 0.00021714864202494925 7.0671496627965763e-05 -0.00073705572709629964
leaf_weight=4225 27800 16421 4875 99250 4533 14705 3331 95711 3904 46379 8687 22023 11894 13027
leaf_count=4225 27800 16421 4875 99250 4533 14705 3331 95711 3904 46379 8687 22023 11894 13027
internal_value=-4.90078e-06 -0.000342799 4.00412e-05 -2.52595e-05 -0.000127607 -9.86034e-05 0.000726965 -0.000151251 0.000198338 0.00026878 0.000554125 0.000375392 -0.00015556 -0.000433244
internal_weight=376765 44221 332544 235432 136182 131307 7864 123443 97112 80993 34614 25927 16119 27732
internal_count=376765 44221 332544 235432 136182 131307 7864 123443 97112 80993 34614 25927 16119 27732
is_linear=0
shrinkage=0.03


Tree=73
num_leaves=15
num_cat=0
split_feature=63 10 8 36 52 46 33 58 30 47 53 18 52 36
split_gain=6.63135 4.74683 3.44447 2.96442 4.18529 3.90356 3.18777 2.69403 3.11676 3.40301 2.20749 2.09437 3.51504 2.15494
threshold=0.29366843083576694 -0.39231158123979148 0.032048261641794092 -0.062534277675316732 -0.10317842984188209 -0.11899726253212568 -0.030940540128332219 -0.35435743731871938 -0.38952245478561259 0.015923631363516159 -0.21832205508676095 -0.17295301098406035 -0.28146949235904245 -0.13707718563428126
decision_type=2 2 2 2 2 2 2 2 2 2 2 2 2 2
left_child=1 -1 11 4 -2 -6 -5 10 -9 -10 -4 12 -3 -14
right_child=3 2 7 6 5 -7 -8 8 9 -11 -12 -13 13 -15
leaf_value=-0.00028520059926835011 -9.5360761404033974e-05 0.00064455755861533566 9.5196458476092081e-05 -0.00037751490189174425 -7.5640860969105296e-05 -0.00093401168711313852 0.00020737624175842784 0.00072012360272461526 -0.00016559207151923606 0.00018495428713720811 -0.00064094577038117343 0.00027929449167635195 0.00044730581846603258 -0.00016402137368359696
leaf_weight=32061 19694 7256 5683 14678 6675 16698 19538 5697 52970 47055 10309 97606 6100 34445
leaf_count=32061 19694 7256 5683 14678 6675 16698 19538 5697 52970 47055 10309 97606 6100 34445
internal_value=-4.32883e-06 5.96659e-05 0.000101067 -0.000252044 -0.000417627 -0.00068901 -4.35677e-05 -1.66805e-05 3.82245e-05 -6.81706e-07 -0.00037945 0.000199623 3.6917e-05 -7.19595e-05
internal_weight=376465 299182 267121 77283 43067 23373 34216 121714 105722 100025 15992 145407 47801 40545
internal_count=376465 299182 267121 77283 43067 23373 34216 121714 105722 100025 15992 145407 47801 40545
is_linear=0
shrinkage=0.03


Tree=74
num_leaves=15
num_cat=0
split_feature=66 65 7 22 58 65 48 52 62 42 22 61 48 60
split_gain=5.50537 4.59288 3.33457 2.7435 2.61371 2.54631 2.5269 2.27967 2.23935 2.04199 2.27922 1.96427 1.9585 2.27269
threshold=0.36683592143150973 -0.28588044127577783 -0.33365394219422234 -0.18324288784432249 0.43343305672098043 0.40703013725342946 0.32301645227017001 0.23867626413387913 -0.36239587360435105 0.3989815367061692 0.1912390876642612 0.32059624323733354 -0.48776321009357709 0.47673030112282067
decision_type=2 2 2 2 2 2 2 2 2 2 2 2 2 2
left_child=2 4 5 11 -2 -1 -3 8 -8 12 -11 -4 -5 -14
right_child=1 6 3 9 -6 -7 7 -9 -10 10 -12 -13 13 -15
leaf_value=-0.00012024485955239346 0.00018096135666270357 -9.9839503300353966e-05 -9.7697399188253565e-06 0.00083971609356533637 -0.00049246493704143139 -0.0010078545761083174 -0.0012355864394240045 -0.0014276295130971547 -0.00036153245449021117 0.00015802655564820157 0.00097222918166608953 -0.00052678078996822183 0.00012847513717155069 -0.00063229627626684541
leaf_weight=45251 18657 7018 71010 3395 7173 3099 3581 3762 9997 6920 5594 7283 180165 3595
leaf_count=45251 18657 7018 71010 3395 7173 3099 3581 3762 9997 6920 5594 7283 180165 3595
internal_value=7.59321e-06 -0.00028489 5.25856e-05 9.25836e-05 -6.16757e-06 -0.000177333 -0.000580332 -0.000774632 -0.000592791 0.0001516 0.000522477 -5.79245e-05 0.000126775 0.000113558
internal_weight=376500 50188 326312 277962 25830 48350 24358 17340 13578 199669 12514 78293 187155 183760
internal_count=376500 50188 326312 277962 25830 48350 24358 17340 13578 199669 12514 78293 187155 183760
is_linear=0
shrinkage=0.03


Tree=75
num_leaves=15
num_cat=0
split_feature=66 65 36 36 36 55 45 47 31 1 1 1 36 17
split_gain=4.9629 5.53528 4.40737 5.63101 4.13581 3.49277 3.98125 3.3496 6.89258 2.90325 3.37073 5.79911 2.77607 3.39914
threshold=-0.043063291037873701 0.43461423099995394 -0.12394657986838371 -0.1256261509875059 -0.20313443362101813 0.41815045692682046 0.23971779850953526 1.0000000180025095e-35 0.35442248618373573 -0.34445874833019008 -0.29652259544206122 -0.26796247242331789 -0.065312969362966281 0.1766054404081647
decision_type=2 2 2 2 2 2 2 2 2 2 2 2 2 2
left_child=5 2 3 4 -2 6 9 8 -6 -1 -11 -12 -8 -14
right_child=1 -3 -4 -5 7 -7 12 -9 -10 10 11 -13 13 -15
leaf_value=-0.00047791254199278658 0.00055382528579397429 -0.0010553350115946156 -5.0668123451684729e-06 -0.001595384361149741 -0.00037280849288947427 0.00088322203479548759 8.0991808662009382e-05 -0.00011758285777219191 -0.0019986998342271817 0.00077593056239707399 -0.00057046708072259567 0.00021484488153677674 -0.00071797507937727963 0.00027563631912933288
leaf_weight=6020 4919 5320 159187 3046 10388 5188 15760 18442 3024 8410 9152 110967 12602 4102
leaf_count=6020 4919 5320 159187 3046 10388 5188 15760 18442 3024 8410 9152 110967 12602 4102
internal_value=-1.25649e-06 -0.000101242 -7.56847e-05 -0.000357926 -0.000255019 0.000117381 9.35398e-05 -0.000380058 -0.000740614 0.000165487 0.000195657 0.000154969 -0.000204608 -0.000473955
internal_weight=376527 204326 199006 39819 36773 172201 167013 31854 13412 134549 128529 120119 32464 16704
internal_count=376527 204326 199006 39819 36773 172201 167013 31854 13412 134549 128529 120119 32464 16704
is_linear=0
shrinkage=0.03


Tree=76
num_leaves=15
num_cat=0
split_feature=63 22 1 43 21 11 53 53 33 36 36 7 16 9
split_gain=5.208 4.43619 3.1876 3.44824 2.95453 3.44741 2.92782 2.84886 2.62062 2.79073 2.52829 2.44949 2.47562 2.41224
threshold=0.29366843083576694 -0.21117440059676801 -0.20904280904280903 0.11753612812683724 0.25935548284924742 0.25212482196583436 -0.40088406804051069 0.050651823004434 -0.17199852764243773 -0.11423989108123293 -0.12784192884930679 -0.42030584285620115 0.38933228836024736 -0.29727148196125724
decision_type=2 2 2 2 2 2 2 2 2 2 2 2 2 2
left_child=1 2 10 7 11 -6 -7 -4 -2 -10 -1 -3 -13 -9
right_child=8 4 3 -5 5 6 -8 13 9 -11 -12 12 -14 -15
leaf_value=-0.00051851384286879056 -0.0005207083379180806 -0.00038369157664322533 -0.00077979635410031496 3.4728994135648534e-05 0.00056150621259866309 0.00072723870619412906 -0.00010428132264756685 -0.00070852043613039842 -0.00050779904490645298 -9.6228264087334955e-06 0.00025447938738417996 0.0001081550901054969 -0.0007053028096992175 -2.6886752322794702e-05
leaf_weight=4537 20342 10501 13808 22057 26057 4754 19043 6663 13134 43995 23438 149129 3435 15590
leaf_count=4537 20342 10501 13808 22057 26057 4754 19043 6663 13134 43995 23438 149129 3435 15590
internal_value=-9.19128e-06 4.76051e-05 -0.000134106 -0.000260739 0.000121082 0.000323169 6.20697e-05 -0.000441424 -0.000228384 -0.000124223 0.000128974 5.92819e-05 8.97949e-05 -0.000231208
internal_weight=376483 299012 86093 58118 212919 49854 23797 36061 77471 57129 27975 163065 152564 22253
internal_count=376483 299012 86093 58118 212919 49854 23797 36061 77471 57129 27975 163065 152564 22253
is_linear=0
shrinkage=0.03


Tree=77
num_leaves=15
num_cat=0
split_feature=66 43 28 45 1 1 58 1 1 60 9 34 58 67
split_gain=5.04355 4.12394 4.63125 2.86624 2.71043 4.001 4.23717 4.24295 3.0532 2.79289 3.16084 2.6914 3.00228 3.06023
threshold=0.48852176695337945 0.094223625954470605 -0.13763473486784625 0.23971779850953526 -0.25644743676350007 -0.058110101251694184 -0.32265879462900321 -0.17573360596929255 0.34701936744847195 0.10182996595412176 -0.23377962282509887 -0.015875226599460581 0.20092713374220919 0.37103434319766115
decision_type=2 2 2 2 2 2 2 2 2 2 2 2 2 2
left_child=1 2 -1 4 -3 6 7 -6 -7 10 -8 12 13 -5
right_child=-2 3 -4 11 5 8 9 -9 -10 -11 -12 -13 -14 -15
leaf_value=8.0882236732872077e-05 -0.0010010031441757112 -0.00016482425581587106 -0.00019331314088731394 -0.00055303958399404818 -0.00082723951695993538 1.3838033011407166e-05 0.001633424632089536 0.00065561324148192255 0.00053726319529883392 5.7500238301359001e-05 0.00070734047627692587 0.00018448502420659749 0.00025099077150898016 0.00035394406291072461
leaf_weight=100826 4473 12359 123138 19013 3051 35659 5418 4004 13945 3001 8607 29638 9051 4056
leaf_count=100826 4473 12359 123138 19013 3051 35659 5418 4004 13945 3001 8607 29638 9051 4056
internal_value=-7.67914e-07 1.12933e-05 -6.98755e-05 0.000134284 0.000246198 0.000315151 0.000632351 1.40766e-05 0.000161065 0.000888384 0.00106601 -2.16535e-05 -0.000211861 -0.000393489
internal_weight=376239 371766 223964 147802 86044 73685 24081 7055 49604 17026 14025 61758 32120 23069
internal_count=376239 371766 223964 147802 86044 73685 24081 7055 49604 17026 14025 61758 32120 23069
is_linear=0
shrinkage=0.03


Tree=78
num_leaves=15
num_cat=0
split_feature=49 22 9 28 59 64 65 28 53 18 58 21 58 65
split_gain=4.72795 3.75745 3.57486 3.0863 4.1206 3.00479 2.88314 2.2598 2.15729 2.34542 2.44506 1.99164 2.08727 1.98355
threshold=-0.2336156191688441 0.24956621396364534 -0.15417531496358022 -0.11839647304053959 -0.46852826938948605 -0.10209860238813308 0.094178850878759671 -0.13763473486784625 0.027430641821946215 0.015727150334252874 -0.10961235834953427 0.37358340712301363 -0.40193702335922604 0.21522192840790108
decision_type=2 2 2 2 2 2 2 2 2 2 2 2 2 2
left_child=2 3 6 -2 -5 -3 7 -1 9 -4 -11 12 -7 -12
right_child=1 5 8 4 -6 11 -8 -9 -10 10 13 -13 -14 -15
leaf_value=-2.5772425172071381e-06 0.00015107200510068423 -3.5494990224924148e-05 -0.000581795749781204 0.00070686990934963698 -0.00012663540075492772 -0.00041341544672861844 -0.0011932282296218703 -0.0006578842959895539 5.9324793452103794e-05 -0.00062120430189298781 0.00033234567600652848 0.00088049186947911388 0.00037224943245966411 -0.00039080280640897664
leaf_weight=9022 71925 22690 12844 5558 129341 3308 4468 9960 42011 5416 11322 6315 36976 4876
leaf_count=9022 71925 22690 12844 5558 129341 3308 4468 9960 42011 5416 11322 6315 36976 4876
internal_value=-7.55945e-06 5.64331e-05 -0.000184382 -7.62544e-06 -9.22441e-05 0.000247618 -0.00050834 -0.000346587 -8.4984e-05 -0.000260891 -7.00137e-05 0.00038545 0.000307646 0.000114553
internal_weight=376032 276113 99919 206824 134899 69289 23450 18982 76469 34458 21614 46599 40284 16198
internal_count=376032 276113 99919 206824 134899 69289 23450 18982 76469 34458 21614 46599 40284 16198
is_linear=0
shrinkage=0.03


Tree=79
num_leaves=15
num_cat=0
split_feature=63 46 66 46 6 0 52 9 60 36 53 9 18 52
split_gain=4.86273 4.13147 4.55502 4.00715 3.18815 2.86512 2.96848 3.0392 2.82955 3.37341 2.91058 2.92709 2.76793 2.93565
threshold=0.31685801040157097 0.035203337751155701 -0.38166747494342057 -0.26222932915764008 0.31071029555316765 0.32860418787672857 -0.019861401965172967 -0.19823084538834132 -0.20971961472359313 -0.059541688353815479 -0.27771173801198673 0.26664011785527703 -0.067092166801484318 -0.23743331319948008
decision_type=2 2 2 2 2 2 2 2 2 2 2 2 2 2
left_child=1 2 3 -1 -5 6 7 -4 -8 10 -10 -12 13 -3
right_child=-2 12 5 4 -6 -7 8 -9 9 -11 11 -13 -14 -15
leaf_value=0.001297921709507725 -0.00023750136193517745 0.00039162785031952781 -0.00014419465952338192 -9.2515343746122496e-06 0.0010592004326259916 -0.00041810590186185174 7.5113407183229026e-05 0.00025462844750588501 0.00033643450312386867 -0.00068234672971417875 -0.00074763631060752839 4.8210516641641172e-05 0.00030279658704171562 -8.6178632380473454e-05
leaf_weight=3438 68519 15173 30673 14331 3038 22968 21359 39116 8126 16502 8441 8188 67687 48663
leaf_count=3438 68519 15173 30673 14331 3038 22968 21359 39116 8126 16502 8441 8188 67687 48663
internal_value=-8.96093e-06 4.19363e-05 -5.30427e-05 0.000363693 0.000178133 -0.00010887 -5.52004e-05 7.93459e-05 -0.000205148 -0.000350225 -0.000128642 -0.000355974 0.000169159 2.74334e-05
internal_weight=376222 307703 176180 20807 17369 155373 132405 69789 62616 41257 24755 16629 131523 63836
internal_count=376222 307703 176180 20807 17369 155373 132405 69789 62616 41257 24755 16629 131523 63836
is_linear=0
shrinkage=0.03


Tree=80
num_leaves=15
num_cat=0
split_feature=63 42 30 52 9 1 28 10 21 51 36 49 60 36
split_gain=5.67269 4.46738 3.57789 2.96435 2.96375 2.78996 3.24406 2.87454 2.73453 2.53703 2.41868 2.37484 2.32439 2.31921
threshold=0.27467351235766391 0.17162326423270538 -0.42093716937074616 -0.43222164291507353 -0.42479407449978929 -0.36999895484949824 -0.13763473486784625 -0.34819955916253281 -0.10309166373625477 -0.019834890011738878 -0.14562966001539632 -0.45226556522172079 0.28593947475239007 -0.063424785261815234
decision_type=2 2 2 2 2 2 2 2 2 2 2 2 2 2
left_child=1 2 -1 -2 -5 -4 9 -8 -3 -7 -11 -6 13 -13
right_child=3 8 5 4 11 6 7 -9 -10 10 -12 12 -14 -15
leaf_value=0.00038746464546998813 0.00037373308113176066 4.9867346419715859e-05 -0.0009119460170590373 -0.0010669675047114966 -0.0009055102195248564 0.00033440217559231367 -0.00044112379125503634 -5.3985685290324852e-05 0.0004012555753315986 -0.00074240271533367042 5.176610977784629e-05 -0.00045057823758195886 0.00014353279252767232 -5.3043948535578736e-05
leaf_weight=19089 7161 33864 3260 3917 4284 31656 20859 99879 48449 3868 31367 29467 15620 23936
leaf_count=19089 7161 33864 3260 3917 4284 31656 20859 99879 48449 3868 31367 29467 15620 23936
internal_value=6.85219e-06 6.94072e-05 -4.02813e-06 -0.000209807 -0.00026396 -4.31959e-05 -2.80538e-05 -0.0001209 0.000256716 0.000139526 -3.56014e-05 -0.000220914 -0.000178298 -0.000272441
internal_weight=376676 292291 209978 84385 77224 190889 187629 120738 82313 66891 35235 73307 69023 53403
internal_count=376676 292291 209978 84385 77224 190889 187629 120738 82313 66891 35235 73307 69023 53403
is_linear=0
shrinkage=0.03


Tree=81
num_leaves=15
num_cat=0
split_feature=19 36 65 65 53 36 10 64 36 58 60 52 10 36
split_gain=3.33662 3.14729 2.62488 2.61602 3.65663 3.49286 4.32976 2.85464 2.65471 5.60623 4.408 2.53297 2.92194 2.33492
threshold=0.4453213980637814 -0.056587604962515546 -0.015908215014950013 0.25819440585347786 -0.29792361169922005 -0.11897829513036882 -0.18633802226807578 -0.20447435667898237 -0.13567844522417394 -0.22009571517864837 0.24262979480246941 -0.11865636388176541 -0.47588408985641495 -0.14432255261510149
decision_type=2 2 2 2 2 2 2 2 2 2 2 2 2 2
left_child=3 2 -2 4 -1 7 -7 -5 9 10 -6 12 -10 -11
right_child=1 -3 -4 5 8 6 -8 -9 11 13 -12 -13 -14 -15
leaf_value=0.00041669672523756031 -0.00040498445391956903 0.00016692897549601399 -0.0013935091429749201 -0.00051209928345228716 -0.0015230773513670317 -0.0006894956182894828 -9.8041889270338267e-05 0.00043514662568090994 -0.00059085880957640427 0.00012817974663773598 -6.8570811668459836e-05 -3.5900617991684402e-05 0.00020546277532002479 -0.00062856969021684163
leaf_weight=24758 10929 6672 3100 3544 4529 13834 57045 14742 4309 21413 3197 98951 104437 4418
leaf_count=24758 10929 6672 3100 3544 4529 13834 57045 14742 4309 21413 3197 98951 104437 4418
internal_value=8.43799e-07 -0.000369297 -0.000624257 2.24268e-05 6.95641e-05 -0.000118193 -0.000213561 0.000251382 3.39248e-05 -0.000213617 -0.000922073 7.39276e-05 0.000173858 -1.4439e-06
internal_weight=375878 20701 14029 355177 266012 89165 70879 18286 241254 33557 7726 207697 108746 25831
internal_count=375878 20701 14029 355177 266012 89165 70879 18286 241254 33557 7726 207697 108746 25831
is_linear=0
shrinkage=0.03


Tree=82
num_leaves=15
num_cat=0
split_feature=66 22 24 46 61 53 53 53 36 36 36 59 31 45
split_gain=3.19994 2.92907 2.64814 2.52326 2.21717 2.51565 3.19056 3.89652 3.25937 4.1096 4.03231 3.87207 3.1335 2.73298
threshold=0.42224758877380592 0.24956621396364534 0.14833585095669691 0.43774087001418083 0.4182058601004196 0.36428234818904004 -0.26564723769265491 -0.099095093123412817 -0.030103936289380014 0.37549261333915673 -0.13707718563428126 -0.38957435795947565 0.087560889692718982 0.066628371654740462
decision_type=2 2 2 2 2 2 2 2 2 2 2 2 2 2
left_child=1 4 -2 -3 5 6 8 -8 10 11 13 -10 -12 -1
right_child=2 3 -4 -5 -6 -7 7 -9 9 -11 12 -13 -14 -15
leaf_value=0.0011247597331520412 -6.2372401571784077e-05 0.00014366795147991571 -0.00064194218415425332 0.00095926479995920634 -0.00048032883878846422 0.00025920964346140958 -0.00035523933776373607 -2.1619301321808587e-05 0.0017829852917568975 -0.00021348621547454311 -0.000354563237030057 0.00046805495719369147 0.00021707804734815784 1.9829622982387028e-05
leaf_weight=4500 17395 84582 11976 3548 9216 28361 42393 122628 3133 4074 20101 5648 15109 3642
leaf_count=4500 17395 84582 11976 3548 9216 28361 42393 122628 3133 4074 20101 5648 15109 3642
internal_value=1.78318e-06 2.72405e-05 -0.00029883 0.000176608 -2.3628e-05 -6.74586e-06 -4.0851e-05 -0.000107341 0.000154344 0.000573673 2.98987e-05 0.000938708 -0.000109274 0.000631144
internal_weight=376306 346935 29371 88130 258805 249589 221228 165021 56207 12855 43352 8781 35210 8142
internal_count=376306 346935 29371 88130 258805 249589 221228 165021 56207 12855 43352 8781 35210 8142
is_linear=0
shrinkage=0.03


Tree=83
num_leaves=15
num_cat=0
split_feature=49 36 28 21 36 58 69 60 47 30 58 52 40 69
split_gain=3.42906 4.27024 3.91042 4.14379 2.86527 2.97875 2.76669 2.55962 2.45651 2.28908 3.43111 2.82685 2.48558 3.46053
threshold=-0.28499154157055767 -0.11514544379325443 -0.15318540489581203 0.2830479346008547 -0.15914726060348067 0.020357757766908905 -0.28282349520412114 0.29763249915605638 -0.050929763973271723 -0.27150164318485009 -0.32265879462900321 -0.2099237344967205 0.15988612149987183 0.090857109996719546
decision_type=2 2 2 2 2 2 2 2 2 2 2 2 2 2
left_child=1 4 -2 9 -1 -6 8 -8 -3 10 12 -12 13 -4
right_child=2 6 3 -5 5 -7 7 -9 -10 -11 11 -13 -14 -15
leaf_value=-9.1292258466685777e-05 0.00021196881105287966 -6.9678156246014248e-05 -0.00012343642219662406 0.00027640158409431497 -0.001479836842256724 -0.00048349366085964873 -0.00035862221490939118 0.00023766122449524806 0.00051811048350536705 -0.00016162300982192461 0.0008124252293809104 0.00012626460373240086 0.00021499127905070091 -0.001126442756067893
leaf_weight=7065 93988 14657 9397 34579 4328 7197 27642 8454 11345 112434 6843 25577 7759 4609
leaf_count=7065 93988 14657 9397 34579 4328 7197 27642 8454 11345 112434 6843 25577 7759 4609
internal_value=4.8474e-06 -0.000168453 5.22226e-05 -2.24083e-05 -0.000567202 -0.00085861 -4.90095e-05 -0.00021894 0.000186882 -8.44342e-05 7.57329e-05 0.000271301 -0.000215565 -0.000454067
internal_weight=375874 80688 295186 201198 18590 11525 62098 36096 26002 166619 54185 32420 21765 14006
internal_count=375874 80688 295186 201198 18590 11525 62098 36096 26002 166619 54185 32420 21765 14006
is_linear=0
shrinkage=0.03


Tree=84
num_leaves=15
num_cat=0
split_feature=57 22 34 42 36 0 64 47 53 57 65 19 36 36
split_gain=2.6622 2.35994 4.34446 3.82149 4.6245 2.54049 2.32516 2.2651 2.07252 1.93261 1.88786 2.71378 3.1604 3.24392
threshold=0.44931294559463497 0.26136091909047438 0.21731017690320018 -0.019728356739706045 -0.080102576356235231 0.24207115439622509 -0.039329022084024827 0.19421706349802667 -0.38522585742741727 -0.33922043393628631 0.25819440585347786 0.18837595622734657 -0.11897829513036882 0.29488841075409922
decision_type=2 2 2 2 2 2 2 2 2 2 2 2 2 2
left_child=1 2 10 5 9 -4 7 8 -3 -5 -1 12 -12 -14
right_child=-2 6 3 4 -6 -7 -8 -9 -10 -11 11 -13 13 -15
leaf_value=-4.8434416284552196e-05 -0.0003473654909305753 0.00040417638491151733 0.00010451917355117779 -0.00063566881836874846 0.00072896601632624206 -0.00045196561660077486 0.00029242473702217067 0.00048394669826396641 -0.0002448222698574663 0.00019254584294214604 0.00030159782694423972 -0.0011151265409242801 -0.00050150694021778371 0.00020660371914836586
leaf_weight=151799 18844 5360 30644 3114 18233 9716 48520 6529 25261 13456 8739 3167 25470 7541
leaf_count=151799 18844 5360 30644 3114 18233 9716 48520 6529 25261 13456 8739 3167 25470 7541
internal_value=7.60824e-08 1.83966e-05 -2.48688e-05 0.000169125 0.000399435 -2.95241e-05 0.000155689 -2.29265e-05 -0.000131125 3.66099e-05 -9.89965e-05 -0.000269825 -0.000205451 -0.000339733
internal_weight=376393 357549 271879 75163 34803 40360 85670 37150 30621 16570 196716 44917 41750 33011
internal_count=376393 357549 271879 75163 34803 40360 85670 37150 30621 16570 196716 44917 41750 33011
is_linear=0
shrinkage=0.03


Tree=85
num_leaves=15
num_cat=0
split_feature=59 33 49 29 56 42 42 33 33 42 42 41 1 29
split_gain=4.06098 2.73864 3.29995 2.65983 2.50861 2.44666 2.11057 2.45567 6.36337 12.6293 3.96332 3.05022 4.37176 3.46693
threshold=-0.22436946229420082 -0.20762397105765956 -0.28499154157055767 -0.18641323499667414 -0.1619225812760399 -0.2974467969524533 -0.34462535018019747 -1.0000000180025095e-35 1.0000000180025095e-35 0.042996742778987025 0.082285004898491901 0.20135986983415236 -0.2573936915671477 0.051054858865695947
decision_type=2 2 2 2 2 2 2 2 2 2 2 2 2 2
left_child=4 5 3 -3 6 -2 -1 11 9 -9 -10 12 -8 -14
right_child=1 2 -4 -5 -6 -7 7 8 10 -11 -12 -13 13 -15
leaf_value=0.00092946006197039833 -0.00059513294483224614 -0.00061102234172786835 0.00010272234578211579 -7.5637164624449781e-05 0.00093534901824852805 -0.00011761517572949968 -0.00021276900718152176 0.00051930693604086784 -0.00015597892822188084 -0.0021221066093705457 0.00051513370729288418 -0.00012193709058254217 0.00029208548193091394 0.00092402247295818231
leaf_weight=3083 11921 9597 139602 63938 3881 50707 8468 3023 19046 3515 13543 13827 18951 13302
leaf_count=3083 11921 9597 139602 63938 3881 50707 8468 3023 19046 3515 13543 13827 18951 13302
internal_value=2.53301e-05 -3.41992e-05 1.70508e-05 -0.000145583 0.000188436 -0.000208589 0.000158383 0.000132909 -4.84476e-05 -0.000901858 0.000122988 0.000262981 0.00039368 0.000552919
internal_weight=376404 275765 213137 73535 100639 62628 96758 93675 39127 6538 32589 54548 40721 32253
internal_count=376404 275765 213137 73535 100639 62628 96758 93675 39127 6538 32589 54548 40721 32253
is_linear=0
shrinkage=0.03


Tree=86
num_leaves=15
num_cat=0
split_feature=43 28 21 65 65 59 62 36 49 49 9 42 53 56
split_gain=3.05682 2.80791 3.1096 2.46367 2.35084 2.60825 2.29148 2.478 3.34107 3.06766 2.01324 2.16059 1.97551 2.53299
threshold=-0.45569431540561994 -0.13763473486784625 0.21209743713831572 -0.21488369750401834 0.43048981415937138 -0.46467778500852797 -0.14098486953446662 -0.13830040680669853 0.37980522106605441 -0.1266813626745201 -0.29727148196125724 0.13304699232845876 0.47317116709022095 0.39803827706285966
decision_type=2 2 2 2 2 2 2 2 2 2 2 2 2 2
left_child=3 6 4 -1 5 -3 7 9 -9 -2 -6 -12 13 -7
right_child=1 2 -4 -5 10 12 -8 8 -10 -11 11 -13 -14 -15
leaf_value=-0.00014655022518921299 -0.000860277122506279 0.00053687442044887343 0.00013208324592747862 -0.00094192145443059317 -0.0011744254466050557 -8.7548346758109242e-05 0.00031433296000673243 0.00015428367747769267 -0.00078167579657913188 0.00014988793683981622 0.00012289268079981679 -0.000791931715544308 0.00059105844352080775 -0.0006161434944604538
leaf_weight=11006 5665 5974 67549 5136 3049 136029 42807 68759 3603 5166 5174 4204 3602 8670
leaf_count=11006 5665 5974 67549 5136 3049 136029 42807 68759 3603 5166 5174 4204 3602 8670
internal_value=3.71124e-06 2.18132e-05 -3.96132e-05 -0.000400045 -0.00010919 -7.71984e-05 0.000136007 4.4223e-05 0.000107579 -0.000378771 -0.000505965 -0.000287614 -0.00010197 -0.000119261
internal_weight=376393 360251 234251 16142 166702 154275 126000 83193 72362 10831 12427 9378 148301 144699
internal_count=376393 360251 234251 16142 166702 154275 126000 83193 72362 10831 12427 9378 148301 144699
is_linear=0
shrinkage=0.03


Tree=87
num_leaves=15
num_cat=0
split_feature=66 65 1 1 1 18 59 1 47 66 61 65 9 52
split_gain=3.6104 4.64208 2.82254 3.1849 2.82284 2.53055 2.22068 2.19661 2.97158 3.16032 2.40991 2.22128 2.11125 2.91307
threshold=-0.035309544892289595 0.43857254406187263 -0.32973009374939405 -0.34788211564320926 -0.28888227560532825 -0.031291287266245547 -0.46072140011383034 -0.2014751469623321 -0.23971076460700699 0.43795932017498312 0.086152878430389671 -0.36920901020400004 0.16044269364642619 -0.087232862189869101
decision_type=2 2 2 2 2 2 2 2 2 2 2 2 2 2
left_child=6 2 3 5 -4 -2 -1 10 -9 12 -6 -11 13 -10
right_child=1 -3 4 -5 7 -7 -8 8 9 11 -12 -13 -14 -15
leaf_value=0.00046427307535417371 -0.00060424573726322822 -0.00098788887449621885 -0.00054815443635589252 0.00091089916589402037 0.0003072585791079404 0.00043956031805869611 7.2503565064858369e-05 -0.0004783416232105548 1.6677398630775819e-05 -1.4541078608730136e-05 -0.00016130467118188386 -0.00076590370343533696 0.00014769013250483137 -0.00047587283593056084
leaf_weight=14162 3687 4956 11371 5525 25904 4800 160522 18046 35488 5831 15957 9009 45534 15528
leaf_count=14162 3687 4956 11371 5525 25904 4800 160522 18046 35488 5831 15957 9009 45534 15528
internal_value=4.45919e-06 -8.20284e-05 -5.91532e-05 0.000351035 -9.06352e-05 -1.40769e-05 0.00010429 -6.0234e-05 -0.000121327 -6.34499e-05 0.000128651 -0.000470883 -7.83952e-07 -0.000133307
internal_weight=376320 201636 196680 14012 182668 8487 174684 171297 129436 111390 41861 14840 96550 51016
internal_count=376320 201636 196680 14012 182668 8487 174684 171297 129436 111390 41861 14840 96550 51016
is_linear=0
shrinkage=0.03


Tree=88
num_leaves=15
num_cat=0
split_feature=66 36 38 22 47 64 36 34 45 28 43 57 41 42
split_gain=2.91596 2.49957 2.50829 2.32663 3.04566 2.69816 2.82901 2.80313 2.55391 2.22115 3.60753 2.95343 2.64436 2.00998
threshold=0.37863934799386839 -0.061214439040295603 0.0099923871149339445 0.24956621396364534 0.40684446885500136 -0.13744146125367843 -0.09383866267924236 -0.27123842415201266 0.23971779850953526 0.17323617253929138 0.16868809453760911 -0.4763360330305233 -0.0079153760691460223 -0.015851696325946848
decision_type=2 2 2 2 2 2 2 2 2 2 2 2 2 2
left_child=3 13 -3 9 5 -5 7 -7 -8 11 -11 -1 -12 -2
right_child=1 2 -4 4 -6 6 8 -9 -10 10 12 -13 -14 -15
leaf_value=-0.00075059441502851377 -0.0001278975859451009 0.00038609344982772309 -0.00032156340815509818 -0.00011506302106553433 0.00096819463706862639 0.0011130217698840971 0.00025729458945481198 0.00030822752141826442 -0.00030340850560233704 -0.00033684860578441362 0.00065901188928692278 7.8849845999554241e-05 -3.3404313823133015e-05 -0.00063891747443217066
leaf_weight=3950 13371 9775 8349 26143 4149 5697 26843 12307 10037 39997 5729 158825 36751 14378
leaf_count=3950 13371 9775 8349 26143 4149 5697 26843 12307 10037 39997 5729 158825 36751 14378
internal_value=1.02099e-05 -0.000213895 6.01068e-05 4.13278e-05 0.000176399 0.00013574 0.000255205 0.000563365 0.000104657 -5.58769e-06 -0.000132411 5.86772e-05 6.01105e-05 -0.000392815
internal_weight=376301 45873 18124 330428 85176 81027 54884 18004 36880 245252 82477 162775 42480 27749
internal_count=376301 45873 18124 330428 85176 81027 54884 18004 36880 245252 82477 162775 42480 27749
is_linear=0
shrinkage=0.03


Tree=89
num_leaves=15
num_cat=0
split_feature=59 29 61 9 53 22 36 53 36 36 24 34 57 21
split_gain=3.17914 3.09626 3.02331 2.8626 3.06812 3.41388 3.15159 3.08286 2.86112 5.09159 2.66529 2.58563 2.55846 2.49614
threshold=-0.22436946229420082 -0.082860363987759686 0.30109373052991856 -0.48783736758537999 1.0000000180025095e-35 -0.055993663483324012 -0.2074082343540099 -0.27771173801198673 -0.069805264816171483 -0.10104814599851066 -0.03626858586123196 -0.2868900845800994 -0.29168805812611603 -0.38104962100194556
decision_type=2 2 2 2 2 2 2 2 2 2 2 2 2 2
left_child=1 -1 8 -2 5 -5 -6 -7 9 11 -11 -3 -8 -9
right_child=3 2 -4 4 6 7 12 13 -10 10 -12 -13 -14 -15
leaf_value=-5.0797715849844145e-05 -0.00087718215426115659 0.0011588337105385537 -0.00045353779741385663 -0.00036527126234045309 0.000997988987753826 0.00025458347689000666 -0.00073880126103547902 -0.0007991650804277529 0.0005572599591858327 -0.00066893002163489091 0.0003271615127160587 0.00025808494403666357 5.1715588481948625e-05 -9.009486062463858e-05
leaf_weight=40389 3658 3790 4555 42512 3094 23613 3766 4989 28793 7757 3503 11733 152365 42119
leaf_count=40389 3658 3790 4555 42512 3094 23613 3766 4989 28793 7757 3503 11733 152365 42119
internal_value=7.90719e-06 0.000152354 0.000288794 -4.46824e-05 -3.34735e-05 -0.000152845 5.14222e-05 -2.51178e-05 0.000349706 0.000126451 -0.000359029 0.000478611 3.26016e-05 -0.000165343
internal_weight=376636 100520 60131 276116 272458 113233 159225 70721 55576 26783 11260 15523 156131 47108
internal_count=376636 100520 60131 276116 272458 113233 159225 70721 55576 26783 11260 15523 156131 47108
is_linear=0
shrinkage=0.03


Tree=90
num_leaves=15
num_cat=0
split_feature=63 10 58 48 42 21 65 18 69 52 65 52 9 60
split_gain=3.18672 3.54308 2.63992 3.80897 3.01089 2.96464 2.94459 2.85539 2.83473 3.33077 3.30068 2.52373 3.9374 2.47556
threshold=0.29747182814823053 -0.36865970303243373 -0.31088213545980331 -0.20396811846083143 0.22635044852441968 0.33802972650131463 0.062728798412452394 -0.031291287266245547 -0.14200746850949195 -0.1584628267751797 -0.18283802879095643 -0.039264108599934115 -0.032249149666341341 0.38713931320848283
decision_type=2 2 2 2 2 2 2 2 2 2 2 2 2 2
left_child=1 -1 5 8 6 -3 -5 -6 -4 10 -10 -2 -13 -14
right_child=11 2 3 4 7 -7 -8 -9 9 -11 -12 12 13 -15
leaf_value=-0.00022769894952691247 -1.3353073341487825e-05 -0.00020064176030869693 3.6098084267975985e-05 8.5226747343670171e-05 5.9035207065073277e-06 0.00046598013826346747 -0.00023461922948649877 0.00051996981804584028 0.00013286917907925073 0.00031217653218373122 0.0013022796685943276 -0.00097935405587305465 -0.00030405716232430519 0.00055189610147098186
leaf_weight=39631 39162 45723 20081 67630 18939 6902 41975 19978 3145 29593 7031 7363 25962 3435
leaf_count=39631 39162 45723 20081 67630 18939 6902 41975 19978 3145 29593 7031 7363 25962 3435
internal_value=-7.29342e-06 3.6566e-05 7.67004e-05 0.000124648 4.32181e-05 -0.000113139 -3.72737e-05 0.000269865 0.000326682 0.000473363 0.000941346 -0.000180945 -0.000359436 -0.000203887
internal_weight=376550 300628 260997 208372 148522 52625 109605 38917 59850 39769 10176 75922 36760 29397
internal_count=376550 300628 260997 208372 148522 52625 109605 38917 59850 39769 10176 75922 36760 29397
is_linear=0
shrinkage=0.03


Tree=91
num_leaves=15
num_cat=0
split_feature=10 61 24 58 48 18 30 56 35 47 38 42 1 1
split_gain=3.14578 3.65303 2.60393 2.65845 2.45006 1.8131 1.87871 1.72616 1.63215 1.62768 1.62492 1.49455 2.21696 4.68388
threshold=-0.36865970303243373 0.25830202789836293 0.44138337341721917 -0.40977457339878443 0.43274807232062207 -0.18080936934886246 -0.46844510664219091 -0.059317879694250585 -0.48802035638419161 0.2492572744735784 -0.044412578696676967 0.19522710195758783 -0.31269413343809332 -0.28057577016502538
decision_type=2 2 2 2 2 2 2 2 2 2 2 2 2 2
left_child=8 4 3 -3 5 6 -2 -5 -1 -10 -8 12 -7 -14
right_child=1 2 -4 7 -6 11 10 -9 9 -11 -12 -13 13 -15
leaf_value=-0.0008188967914353096 0.00057455557479405678 -0.00082939066227573593 0.00027001771017875922 8.6733843708067303e-05 -0.00042508885357100138 0.0005157665343702184 0.00011864053378289087 -0.00025573878548207309 -0.00025026959101259494 0.00024731923923287615 -0.00018128127147781073 0.00030738743564320467 -0.00065106182825240208 0.00012158969444626315
leaf_weight=3798 4537 5698 11963 18895 7911 10934 27966 44259 37422 7019 38805 47579 7579 101543
leaf_count=3798 4537 5698 11963 18895 7911 10934 27966 44259 37422 7019 38805 47579 7579 101543
internal_value=3.39662e-06 3.66972e-05 -0.000138359 -0.000209343 9.40102e-05 0.000111214 -1.54918e-05 -0.000153277 -0.000222762 -0.000171643 -5.56647e-05 0.000165109 0.000108702 6.78709e-05
internal_weight=375908 327669 80815 68852 246854 238943 71308 63154 48239 44441 66771 167635 120056 109122
internal_count=375908 327669 80815 68852 246854 238943 71308 63154 48239 44441 66771 167635 120056 109122
is_linear=0
shrinkage=0.03


Tree=92
num_leaves=15
num_cat=0
split_feature=48 65 43 65 21 48 58 59 42 65 45 65 48 62
split_gain=2.78733 2.73436 3.10369 2.30908 2.30263 3.36521 2.28274 2.8933 2.19527 2.554 2.45992 2.30004 4.38942 3.47084
threshold=-0.48776321009357709 -0.48798695408365217 -0.45569431540561994 -0.20276010706614578 0.37744167548785673 0.40529047032354837 0.1423938600324646 -0.28709666980628029 0.038976388774360222 0.47335274711540182 0.082630600149246183 -0.015908215014950013 -0.14508000022638901 0.13712225363545752
decision_type=2 2 2 2 2 2 2 2 2 2 2 2 2 2
left_child=-1 -2 3 -3 5 6 8 -8 11 10 -10 -4 13 -13
right_child=1 2 4 -5 -6 -7 7 -9 9 -11 -12 12 -14 -15
leaf_value=0.00074250267718702794 0.00073043682908125731 -0.00017924774124945808 2.7215348884336682e-06 -0.00097526240051871126 0.00020795023135433902 -0.00042270086400116166 0.00084690112017942951 8.3700041210135363e-05 0.00028607073908961712 -0.00076070462193048071 -4.0294513184024204e-05 -0.00025923987279166471 -0.00058700281724999347 0.00038343526513098331
leaf_weight=4510 4461 10020 49107 4870 42887 18159 4708 85312 32891 3366 56438 24731 24101 10883
leaf_count=4510 4461 10020 49107 4870 42887 18159 4708 85312 32891 3366 56438 24731 24101 10883
internal_value=2.00547e-06 -6.99337e-06 -1.59652e-05 -0.000440076 1.95752e-06 -2.65743e-05 -1.88711e-06 0.000123705 -5.79938e-05 4.92889e-05 7.9892e-05 -0.000149374 -0.00027443 -6.27974e-05
internal_weight=376444 371934 367473 14890 352583 309696 291537 90020 201517 92695 89329 108822 59715 35614
internal_count=376444 371934 367473 14890 352583 309696 291537 90020 201517 92695 89329 108822 59715 35614
is_linear=0
shrinkage=0.03


Tree=93
num_leaves=15
num_cat=0
split_feature=63 42 19 6 65 33 33 33 49 51 43 9 49 58
split_gain=3.27523 4.25085 3.7196 2.75254 2.67273 3.03805 2.39861 2.28577 2.39781 2.01389 2.11578 1.98513 4.07933 2.53185
threshold=0.31296107290844233 0.035203337751155701 -0.42509349977966815 0.18530128206272981 0.40703013725342946 1.0000000180025095e-35 -0.10950330548629074 -0.14847652777027323 -0.3767597091525377 0.38620351854524249 0.40251744542492446 -0.17431186171470942 -0.18212105516297306 -0.33454812818883645
decision_type=2 2 2 2 2 2 2 2 2 2 2 2 2 2
left_child=1 2 3 -1 -3 6 -6 -2 -9 10 -10 12 -4 -14
right_child=7 4 11 -5 5 -7 -8 8 9 -11 -12 -13 13 -15
leaf_value=0.00014388223357919013 -0.00046385162192674604 0.00022030429854632487 -0.00071139471262344448 0.0010952521625319585 -0.00019752786432328384 0.00024042646765285233 -0.0012380379264975631 -0.00044207320729536953 3.24714535917926e-05 0.00055512403855873199 -0.00072559658589960011 -2.6184319377382283e-05 -0.00063314859331964704 2.188356552853917e-05
leaf_weight=9050 19458 114519 12954 3916 5467 7769 3133 12491 28758 5720 3735 112451 6425 30394
leaf_count=9050 19458 114519 12954 3916 5467 7769 3133 12491 28758 5720 3735 112451 6425 30394
internal_value=-2.66618e-06 3.97135e-05 -5.69216e-05 0.000431838 0.000169051 -0.000189434 -0.000577586 -0.000187525 -8.14118e-05 3.65654e-05 -5.48633e-05 -9.60107e-05 -0.000253731 -9.25619e-05
internal_weight=376240 306078 175190 12966 130888 16369 8600 70162 50704 38213 32493 162224 49773 36819
internal_count=376240 306078 175190 12966 130888 16369 8600 70162 50704 38213 32493 162224 49773 36819
is_linear=0
shrinkage=0.03


Tree=94
num_leaves=15
num_cat=0
split_feature=66 44 53 3 36 29 47 11 69 15 51 4 15 32
split_gain=2.85006 2.57385 2.06721 1.95625 3.99475 1.82436 1.81922 1.78136 1.97859 1.80169 2.09778 1.77951 1.71307 1.70734
threshold=0.36683592143150973 0.13267789745005984 0.26272141808996496 0.35167335077912498 -0.092548042268546529 -0.25730287021974813 -0.16832366863255466 0.37044949922874715 0.2367018985304187 -0.090814911692024589 0.039531979204516572 -0.35680955296999378 -0.45244574320361747 -0.090762070317819507
decision_type=2 2 2 2 2 2 2 2 2 2 2 2 2 2
left_child=1 3 5 6 -5 -2 11 8 12 10 -10 -1 -8 -4
right_child=2 -3 13 4 -6 -7 7 -9 9 -11 -12 -13 -14 -15
leaf_value=-0.00039806504190421964 -0.00084354936590860796 -7.5646172979599408e-05 -0.00046551088429218449 -0.000344959289248264 0.00058651763575250104 -0.00024903660981388879 -0.00040490962653620953 -0.00022096445853174039 -0.00064792679715876614 0.00023499924215955896 4.7066129572876767e-05 1.4257176434353226e-05 0.0002967004259037611 0.000105794700329163
leaf_weight=11091 6370 116413 6091 5444 17264 17142 3270 10899 6626 13084 9508 62221 70124 20608
leaf_count=11091 6370 116413 6091 5444 17264 17142 3270 10899 6626 13084 9508 62221 70124 20608
internal_value=5.0375e-06 3.74502e-05 -0.000205335 0.000100286 0.000363152 -0.000410395 6.83172e-05 0.000143547 0.000182282 -2.65015e-05 -0.000238582 -4.81667e-05 0.00026539 -2.46661e-05
internal_weight=376155 325944 50211 209531 22708 23512 186823 113511 102612 29218 16134 73312 73394 26699
internal_count=376155 325944 50211 209531 22708 23512 186823 113511 102612 29218 16134 73312 73394 26699
is_linear=0
shrinkage=0.03


Tree=95
num_leaves=15
num_cat=0
split_feature=53 53 18 47 48 41 47 36 36 57 36 16 63 41
split_gain=2.78548 5.95797 3.84819 3.70332 3.17457 2.79234 2.85858 2.5342 4.71886 9.60673 3.05775 2.46355 2.4299 2.4243
threshold=-0.27365961618616552 -0.11114176608566949 -0.21697646410799806 -0.32185209238345314 -0.24288308689256169 0.067259548436356301 0.11857134591187564 -0.2074082343540099 -0.13707718563428126 -0.1654708510560714 -0.14432255261510149 -0.40493274215932951 0.37553285538955883 -0.11015964878211922
decision_type=2 2 2 2 2 2 2 2 2 2 2 2 2 2
left_child=2 -2 3 -1 13 6 -4 -6 9 -9 -11 -10 -7 -3
right_child=1 4 5 -5 7 12 -8 8 11 10 -12 -13 -14 -15
leaf_value=-0.0011158283441842906 -0.00030613306259272787 -1.9632570531845049e-05 0.00034717555855158695 -2.5328385711513519e-05 0.00075127562713899149 0.00014096191813959635 0.0011987943777457006 -0.0019999931166649562 -0.00035903708816129693 -4.0035897184861694e-05 -0.001036034356149384 5.4667107908825495e-05 -0.00074581762337638682 0.00046525108500715764
leaf_weight=3307 60871 15290 33053 18081 3724 23017 3967 3060 14168 17222 3297 150121 3153 23597
leaf_count=3307 60871 15290 33053 18081 3724 23017 3967 3060 14168 17222 3297 150121 3153 23597
internal_value=1.82184e-06 -4.21776e-05 0.000153376 -0.000194384 2.7545e-05 0.000271095 0.000438733 -2.26197e-05 -3.79994e-05 -0.000434781 -0.0002005 1.89703e-05 3.38773e-05 0.000274643
internal_weight=375928 291350 84578 21388 230479 63190 37020 191592 187868 23579 20519 164289 26170 38887
internal_count=375928 291350 84578 21388 230479 63190 37020 191592 187868 23579 20519 164289 26170 38887
is_linear=0
shrinkage=0.03


Tree=96
num_leaves=15
num_cat=0
split_feature=49 20 36 34 57 29 28 57 64 68 36 36 58 36
split_gain=2.82503 3.89279 3.18501 3.7438 3.30529 2.44639 2.42774 2.66514 3.00528 2.23221 2.15155 6.08799 5.54058 3.05714
threshold=-0.21768632902457696 0.31058229349572242 -0.11514544379325443 0.26461082483200454 1.0000000180025095e-35 -0.10298269165084635 -0.095022864691246448 -0.46035639163392467 -0.44025563296841835 -0.0072565827945836039 0.30298817918699661 -0.011899747126864561 -0.093677941574034293 -0.025771724380091784
decision_type=2 2 2 2 2 2 2 2 2 2 2 2 2 2
left_child=2 6 4 9 -1 -3 7 -2 -9 -4 11 13 -13 -8
right_child=1 5 3 -5 -6 -7 10 8 -10 -11 -12 12 -14 -15
leaf_value=-0.0011476368432625449 -0.00058820539193290384 0.00012590011344676936 -2.6741092865381665e-05 0.00022944331950810435 -0.00026124431828207696 0.00061888255697943356 -0.00010811916901721389 -0.00063760685810456276 0.00021233030478553724 -0.00042317448859672792 0.00017803539697369223 -0.0019530518845042506 -0.00015132889893231601 0.00059646519057374983
leaf_weight=4681 4370 21105 30447 29437 19683 15872 108417 3924 77754 22026 26264 3026 3113 5831
leaf_count=4681 4370 21105 30447 29437 19683 15872 108417 3924 77754 22026 26264 3026 3113 5831
internal_value=1.05429e-07 5.17305e-05 -0.000130889 -4.12977e-05 -0.000431946 0.000337618 6.28906e-06 0.000132782 0.000171424 -0.000193196 -6.79352e-05 -0.000121607 -0.00104116 -7.21095e-05
internal_weight=375950 269676 106274 81910 24364 36977 232699 86048 81678 52473 146651 120387 6139 114248
internal_count=375950 269676 106274 81910 24364 36977 232699 86048 81678 52473 146651 120387 6139 114248
is_linear=0
shrinkage=0.03


Tree=97
num_leaves=15
num_cat=0
split_feature=43 65 43 36 36 12 29 65 36 18 55 22 29 18
split_gain=3.0258 2.9512 4.32604 6.20535 4.22718 2.47274 2.44327 2.27716 2.17066 4.72722 2.2791 2.13216 2.61877 2.10443
threshold=-0.48797203887727125 0.26210788304987354 0.027760821593839916 -0.11897829513036882 -0.030103936289380014 -1.0000000180025095e-35 -0.1224842142885509 0.4542299148218461 -0.11897829513036882 0.37043688175304135 0.4061940361389883 0.03169784706326579 0.23016316396204664 -0.063112235138431991
decision_type=2 2 2 2 2 2 2 2 2 2 2 2 2 2
left_child=-1 6 11 -4 7 -6 -2 13 9 -8 -10 12 -3 -5
right_child=1 2 3 4 5 -7 8 -9 10 -11 -12 -13 -14 -15
leaf_value=-0.00079563047308748159 -5.8171908649932094e-05 -0.00099794905014931952 0.00059893120262012091 -0.00053231946888585274 -0.00011356163140575321 0.00067904550228305952 5.8518237779854506e-05 -0.00083672153243057382 0.00013592085807815688 -0.0009175172422560405 0.0005371495235733946 -0.00019646611479052467 -0.00014904363806091768 1.8465814704654183e-05
leaf_weight=4261 106902 9279 12551 10784 7143 7013 29899 6648 126656 5240 14159 16193 5054 14807
leaf_count=4261 106902 9279 12551 10784 7143 7013 29899 6648 126656 5240 14159 16193 5054 14807
internal_value=-1.66786e-06 7.43954e-06 -0.000142726 7.40662e-06 -0.00015271 0.000279305 5.49426e-05 -0.000342434 0.000123666 -8.72498e-05 0.0001763 -0.00043254 -0.000698927 -0.000213751
internal_weight=376589 372328 89472 58946 46395 14156 282856 32239 175954 35139 140815 30526 14333 25591
internal_count=376589 372328 89472 58946 46395 14156 282856 32239 175954 35139 140815 30526 14333 25591
is_linear=0
shrinkage=0.03


Tree=98
num_leaves=15
num_cat=0
split_feature=53 60 64 53 49 7 7 21 60 1 33 19 1 32
split_gain=2.94144 3.42172 5.43586 3.34206 2.28851 2.0793 2.07872 2.00862 2.61762 3.26003 2.56311 4.42215 2.34964 2.32602
threshold=-0.26173706373194855 0.41425105744067725 0.17371246613619282 -0.12307268179100815 -0.27728379449417206 0.40711887573898209 -0.36893212507590434 0.047243738537981812 0.26217496753699715 -0.079574698237448435 -1.0000000180025095e-35 -0.34628821153149875 -0.13016927001065567 0.0042206817221704393
decision_type=2 2 2 2 2 2 2 2 2 2 2 2 2 2
left_child=1 4 -3 6 -1 -5 -2 10 9 12 -6 -12 -9 -11
right_child=3 2 -4 5 7 -7 -8 8 -10 13 11 -13 -14 -15
leaf_value=-0.00030328819435287855 -0.00082886456936556176 0.00013795443332370241 -0.0014224558356210832 -4.132564376241641e-05 0.0002546163207933199 0.00024656332568936365 -0.0002110278917456786 0.00044554532350542269 0.0010744053852119696 0.00056627190070851854 -0.0010517863333256697 0.00019569690588342633 0.0013732696732601185 -0.00017097573600710771
leaf_weight=7397 5472 5547 3139 209746 24978 25293 46419 11522 4576 5441 4238 6420 3120 13116
leaf_count=7397 5472 5547 3139 209746 24978 25293 46419 11522 4576 5441 4238 6420 3120 13116
internal_value=-1.1613e-05 0.000138537 -0.000426943 -5.84483e-05 0.000199366 -1.03362e-05 -0.000276327 0.000250048 0.000402438 0.000309521 8.84446e-05 -0.000300868 0.000644032 4.53773e-05
internal_weight=376424 89494 8686 286930 80808 235039 51891 73411 37775 33199 35636 10658 14642 18557
internal_count=376424 89494 8686 286930 80808 235039 51891 73411 37775 33199 35636 10658 14642 18557
is_linear=0
shrinkage=0.03


Tree=99
num_leaves=15
num_cat=0
split_feature=19 20 65 36 34 53 36 36 18 36 10 65 67 63
split_gain=3.18975 3.73441 3.06728 2.54943 2.44296 3.6155 3.53225 5.54502 5.2376 4.43503 2.63409 2.49954 3.59762 2.56484
threshold=0.42567374406997055 0.28746151778158319 -0.33349388407223785 -0.11463550694319923 0.20120507110830058 -0.3573036194088825 -0.19268828273087449 -0.096211177283418117 0.36223341082528937 -0.12441063104061599 -0.39632878250260467 0.26210788304987354 0.37497039317858838 0.14523262597535189
decision_type=2 2 2 2 2 2 2 2 2 2 2 2 2 2
left_child=4 2 -2 -3 10 -6 -7 8 -8 -10 -1 13 -13 -12
right_child=1 3 -4 -5 5 6 7 -9 9 -11 11 12 -14 -15
leaf_value=-0.00029118649932743311 -0.00018063238647627434 -0.00069712128119933149 -0.0010688262189389492 0.00026141247287959712 0.00056898805789549361 0.0010460308596614034 -5.2552645388948258e-05 0.00023018346228057018 -0.0016417311059118631 -0.00020283770907345114 0.00015377866076346424 -0.00022799316030924885 0.0007014884881661554 -9.0437777157414921e-05
leaf_weight=29965 6538 3252 7531 10643 15615 3178 20310 45604 4117 3624 108159 53398 4021 60260
leaf_count=29965 6538 3252 7531 10643 15615 3178 20310 45604 4117 3624 108159 53398 4021 60260
internal_value=-3.93778e-06 -0.000312146 -0.000656495 3.67362e-05 2.08191e-05 0.000152982 6.83722e-05 2.60528e-05 -0.000305777 -0.000969234 -2.69489e-05 8.12246e-06 -0.000162792 6.63983e-05
internal_weight=376215 27964 14069 13895 348251 92448 76833 73655 28051 7741 255803 225838 57419 168419
internal_count=376215 27964 14069 13895 348251 92448 76833 73655 28051 7741 255803 225838 57419 168419
is_linear=0
shrinkage=0.03


Tree=100
num_leaves=15
num_cat=0
split_feature=53 53 35 9 29 49 63 47 31 69 50 21 30 1
split_gain=2.68518 3.59384 2.5478 2.69837 3.54036 3.71733 2.58211 2.50289 2.3445 2.50724 2.36022 2.22542 2.39903 2.17533
threshold=-0.26564723769265491 -0.10300838902812585 -0.48802035638419161 0.20372477660270458 -0.1224842142885509 -0.16647950377136908 0.04725346121080843 0.16604937424838936 0.083722749936310362 0.3669476448292962 0.36712608439087591 0.035130244391618833 -0.11039324007462629 -0.28244864078667087
decision_type=2 2 2 2 2 2 2 2 2 2 2 2 2 2
left_child=8 11 -3 4 7 -6 -7 -4 9 10 -1 -2 -13 -10
right_child=1 2 3 -5 5 6 -8 -9 13 -11 -12 12 -14 -15
leaf_value=4.8438792179540299e-06 -0.00042822054212177818 -0.00076054295004091585 -0.0003686532287109718 0.00019758516954850687 -0.00013407190171349441 0.00039879415433595233 -6.8564159212625689e-06 2.0638745174737919e-05 0.0010550824631121345 -0.00076096140268015517 0.00079262043698994072 0.00042142604450771574 -0.00021456149047098042 0.00025140411649162645
leaf_weight=42986 31170 3805 38431 57952 45935 33405 24460 24233 3319 3526 3709 6965 22737 34068
leaf_count=42986 31170 3805 38431 57952 45935 33405 24460 24233 3319 3526 3709 6965 22737 34068
internal_value=-2.31003e-06 -4.64028e-05 8.22808e-06 2.1296e-05 -4.00847e-05 6.74116e-05 0.000227351 -0.00021813 0.000143178 9.26247e-06 6.75736e-05 -0.000251192 -6.53333e-05 0.000323013
internal_weight=376701 289093 228221 224416 166464 103800 57865 62664 87608 50221 46695 60872 29702 37387
internal_count=376701 289093 228221 224416 166464 103800 57865 62664 87608 50221 46695 60872 29702 37387
is_linear=0
shrinkage=0.03


Tree=101
num_leaves=15
num_cat=0
split_feature=63 10 9 52 22 36 36 36 1 18 45 52 8 9
split_gain=3.471 4.28892 2.63198 2.59662 2.46491 2.21611 2.01677 2.02376 1.95714 2.22241 1.93759 1.79617 1.97424 1.80042
threshold=0.17660958282739467 -0.36865970303243373 -0.20602223539800035 0.019914016872160937 -0.21925300543862544 -0.12482401406701597 -0.15357428240777185 -0.12394657986838371 -0.34445874833019008 -0.039032041233798491 0.12966105267253794 -0.29731948392543589 0.19390479608901937 -0.15026408532559674
decision_type=2 2 2 2 2 2 2 2 2 2 2 2 2 2
left_child=1 -1 5 6 11 -2 -4 -8 9 -6 -7 13 -13 -3
right_child=2 4 3 -5 8 10 7 -9 -10 -11 -12 12 -14 -15
leaf_value=-0.00024480822284307511 -0.00088954684731938605 1.8525775667810638e-05 0.0007548271605210664 -0.00020015972994374663 -0.00093029191644695411 -5.6111557632605426e-06 -0.00056346982400325759 0.00013426397036407373 0.00019514976715490981 0.0001561818011727597 -0.00052038277991336263 -1.2600855835433934e-05 -0.00043982448792930976 0.00077364302503363171
leaf_weight=35213 5900 9059 4112 47255 3018 14050 4207 33161 153399 3842 12369 32306 13924 4131
leaf_count=35213 5900 9059 4112 47255 3018 14050 4207 33161 153399 3842 12369 32306 13924 4131
internal_value=-3.03456e-07 6.25161e-05 -0.000132571 -4.81338e-05 0.000111787 -0.000364315 0.000125064 5.55813e-05 0.000172974 -0.000322462 -0.000246726 -5.32401e-05 -0.000141344 0.000255429
internal_weight=375946 254892 121054 88735 219679 32319 41480 37368 160259 6860 26419 59420 46230 13190
internal_count=375946 254892 121054 88735 219679 32319 41480 37368 160259 6860 26419 59420 46230 13190
is_linear=0
shrinkage=0.03


Tree=102
num_leaves=15
num_cat=0
split_feature=66 22 60 23 21 31 49 60 38 30 38 38 18 36
split_gain=2.54557 2.19741 1.86507 1.91835 2.23254 2.21596 2.12775 1.85885 1.81246 2.02131 2.68308 2.85573 2.31115 2.00233
threshold=0.48852176695337945 -0.16724587708862973 0.48066040041397229 -0.11946429482925831 0.38131926615162381 0.40542527843365578 -0.039380888237312943 -0.1741348463969962 -0.030329565355835027 -0.1966652217912101 0.014680145875224983 0.085582463368544984 0.011806964265629218 -0.04856057109377792
decision_type=2 2 2 2 2 2 2 2 2 2 2 2 2 2
left_child=1 8 3 7 5 -5 -6 -3 -1 10 -10 -12 -11 -14
right_child=-2 2 -4 4 6 -7 -8 -9 9 12 11 -13 13 -15
leaf_value=4.2437665037823504e-05 -0.000707243746792303 0.0003949895746155871 -0.00054239026973864517 8.5938048826181836e-06 0.00011091172009793433 -0.0005188720656696882 0.00072145363318755235 7.3657460689871996e-05 -0.00065733976626065427 -0.00047957711319999231 0.0010685011610294802 3.8638594139427698e-05 8.7441210969574592e-05 -0.00046024710071387788
leaf_weight=52942 4447 28874 4457 146908 17604 7526 7247 36916 3269 26239 3263 9337 18894 8797
leaf_count=52942 4447 28874 4457 146908 17604 7526 7247 36916 3269 26239 3263 9337 18894 8797
internal_value=5.45892e-06 1.39913e-05 6.51091e-05 7.61789e-05 2.53301e-05 -1.7143e-05 0.000289175 0.000214723 -8.99278e-05 -0.000190318 0.000107245 0.000305976 -0.00027788 -8.66542e-05
internal_weight=376720 372273 249532 245075 179285 154434 24851 65790 122741 69799 15869 12600 53930 27691
internal_count=376720 372273 249532 245075 179285 154434 24851 65790 122741 69799 15869 12600 53930 27691
is_linear=0
shrinkage=0.03


Tree=103
num_leaves=15
num_cat=0
split_feature=43 52 9 60 9 1 1 1 21 19 1 52 57 53
split_gain=3.47091 3.35562 4.20583 3.78802 3.42624 3.31793 5.7477 3.50777 3.02436 3.38872 2.63606 2.54446 3.76529 3.21189
threshold=-0.48797203887727125 -0.38529565110715819 0.051032245844973685 -0.20971961472359313 -0.42479407449978929 -0.2613544573677003 -0.052954321593940722 -0.11770493127970981 0.38131926615162381 0.4334870394293977 -0.17573360596929255 0.015850484226405562 -0.41365698823521907 -0.26564723769265491
decision_type=2 2 2 2 2 2 2 2 2 2 2 2 2 2
left_child=-1 2 -2 5 -5 -3 7 10 9 11 -7 12 -6 -13
right_child=1 3 -4 4 8 6 -8 -9 -10 -11 -12 13 -14 -15
leaf_value=-0.00085649603412019787 0.00016059587369696255 -0.00026731777776809449 0.0012096395073174281 -0.00063151973489947047 -0.00091483395291974321 0.00054719358648861014 -1.4067888090062813e-05 0.0010091691753072809 0.00022100780426544315 -0.00066541622438885304 -6.9906078768247463e-05 -4.2127180694208616e-06 6.9171062588179992e-05 -0.00035705688957585598
leaf_weight=4272 38257 16187 3770 10273 3638 16844 47423 8815 27830 9508 9880 43074 86162 50361
leaf_count=4272 38257 16187 3770 10273 3638 16844 47423 8815 27830 9508 9880 43074 86162 50361
internal_value=-7.24852e-06 2.52631e-06 0.000254965 -2.96301e-05 -9.62419e-05 0.000125454 0.000202112 0.000490505 -7.12842e-05 -0.000113497 0.000319108 -8.48237e-05 2.92094e-05 -0.000194412
internal_weight=376294 372022 42027 329995 230846 99149 82962 35539 220573 192743 26724 183235 89800 93435
internal_count=376294 372022 42027 329995 230846 99149 82962 35539 220573 192743 26724 183235 89800 93435
is_linear=0
shrinkage=0.03


Tree=104
num_leaves=15
num_cat=0
split_feature=43 65 59 65 53 57 53 30 57 36 7 65 33 33
split_gain=2.71543 2.893 2.3468 2.41974 3.55136 3.30883 2.6898 2.58702 2.52754 5.86261 2.22138 2.18383 3.11829 2.08738
threshold=-0.45569431540561994 -0.21488369750401834 -0.46852826938948605 0.26210788304987354 -0.29792361169922005 -0.41751378659399363 -0.25762664861765222 -0.24793732134082261 -0.17734207651520117 -0.13567844522417394 -0.15021726473390895 0.43857254406187263 -0.17588634118418947 -0.027275283771346772
decision_type=2 2 2 2 2 2 2 2 2 2 2 2 2 2
left_child=1 -1 -2 4 -4 -6 -5 10 9 -9 -7 12 -8 -10
right_child=2 -3 3 6 5 7 11 8 13 -11 -12 -13 -14 -15
leaf_value=-9.8453884468371468e-05 0.00044826866268039085 -0.00096132159881698364 0.00040801197248786948 4.4553030064624296e-06 -0.00063274016398984537 -7.7741670272389688e-05 -0.00077015482681183254 -0.0014785531348952517 -9.4509122613277373e-05 -9.4929398961792407e-05 0.00044308007492097545 -0.0010186895985192404 -6.1509956787110772e-05 0.00011375583394635303
leaf_weight=10922 11340 5136 23236 50150 6786 10732 7692 3283 70652 16915 23501 3833 20374 111896
leaf_count=10922 11340 5136 23236 50150 6786 10732 7692 3283 70652 16915 23501 3833 20374 111896
internal_value=6.72211e-06 -0.000374861 2.37343e-05 9.92953e-06 5.37165e-05 1.99293e-05 -0.00013255 3.86446e-05 -2.09019e-06 -0.000320445 0.000279828 -0.000347876 -0.000255932 3.31498e-05
internal_weight=376448 16058 360390 349050 267001 243765 82049 236979 202746 20198 34233 31899 28066 182548
internal_count=376448 16058 360390 349050 267001 243765 82049 236979 202746 20198 34233 31899 28066 182548
is_linear=0
shrinkage=0.03


Tree=105
num_leaves=15
num_cat=0
split_feature=28 59 51 36 1 4 52 21 19 47 48 65 34 65
split_gain=3.09497 3.68273 3.07124 3.66395 2.67106 2.51676 2.13167 1.99047 3.93399 2.42869 2.12072 3.10887 2.07326 2.01508
threshold=-0.15712888134337746 -0.46852826938948605 0.066798205571220251 -0.13830040680669853 -0.36152169002379514 -0.039513182542768165 -0.30919814933254131 0.37744167548785673 0.44145115464546797 1.0000000180025095e-35 -0.14508000022638901 -0.15863674719222595 0.027984216202686377 0.34422685664590119
decision_type=2 2 2 2 2 2 2 2 2 2 2 2 2 2
left_child=2 -2 4 5 -1 -4 -6 8 9 10 -3 -12 13 -11
right_child=1 7 3 -5 6 -7 -8 -9 -10 12 11 -13 -14 -15
leaf_value=-0.0005663308054017495 0.00055080177711255797 -6.5392144404910623e-05 -0.0001613102770993286 4.0195648063650619e-05 0.00059805672445621195 -0.0012619944967398652 0.00019368970515444309 0.00013714424177763916 -0.0008137079411825633 -4.6425895893412424e-05 -3.8987668888438877e-05 -0.00053595470052528692 0.0001593230668804484 -0.0005526545349152709
leaf_weight=3499 8294 46097 4049 49493 15024 3469 53529 29882 7189 56629 18117 30234 42845 8078
leaf_count=3499 8294 46097 4049 49493 15024 3469 53529 29882 7189 56629 18117 30234 42845 8078
internal_value=-8.1523e-06 -7.02872e-05 0.000110933 -5.35843e-05 0.000241096 -0.000670196 0.000282385 -9.18565e-05 -0.000124574 -0.000100009 -0.000211006 -0.000349789 -2.52502e-06 -0.000109699
internal_weight=376428 247365 129063 57011 72052 7518 68553 239071 209189 202000 94448 48351 107552 64707
internal_count=376428 247365 129063 57011 72052 7518 68553 239071 209189 202000 94448 48351 107552 64707
is_linear=0
shrinkage=0.03


Tree=106
num_leaves=15
num_cat=0
split_feature=55 60 52 1 1 1 36 36 36 1 1 45 46 56
split_gain=2.41047 2.3009 3.65672 2.67943 5.18486 3.26942 4.75779 7.37231 3.94593 2.9284 4.41287 2.87386 2.45798 2.48029
threshold=-0.46035188019196532 -0.22177400079670689 -0.38529565110715819 -0.26796247242331789 -0.052954321593940722 -0.11770493127970981 -0.033219178082191762 -0.062660595366543684 -0.0080669416275190014 -0.21793600703850199 -0.24574835853561477 -0.21038978408031683 0.038976388774360222 0.44178949328203065
decision_type=2 2 2 2 2 2 2 2 2 2 2 2 2 2
left_child=-1 3 -3 11 5 6 7 9 -8 10 -5 -2 -4 -14
right_child=1 2 12 4 -6 -7 8 -9 -10 -11 -12 -13 13 -15
leaf_value=-0.0003911119601184867 0.00029246107259467766 0.00025157257063756724 -0.00016878928684756024 -0.0001176849701178025 -1.7597371794549582e-05 0.00096497082044659131 -0.0010201770114566444 0.0015137617537007179 0.00027749569997270371 -0.00017312594396700284 0.001446320133329066 -0.00058952850595677634 7.1020026368432226e-05 -0.00051087406252057967
leaf_weight=14410 5359 33425 132013 3174 46659 8727 3738 5292 4815 8098 3311 8729 91577 7094
leaf_count=14410 5359 33425 132013 3174 46659 8727 3738 5292 4815 8098 3311 8729 91577 7094
internal_value=-1.07409e-05 4.41032e-06 -4.16383e-05 0.000128627 0.000192973 0.00045734 0.000301219 0.000555734 -0.000290168 0.000207278 0.000681835 -0.000254055 -8.41323e-05 2.91369e-05
internal_weight=376421 362011 264109 97902 83814 37155 28428 19875 8553 14583 6485 14088 230684 98671
internal_count=376421 362011 264109 97902 83814 37155 28428 19875 8553 14583 6485 14088 230684 98671
is_linear=0
shrinkage=0.03


Tree=107
num_leaves=15
num_cat=0
split_feature=63 47 30 22 3 65 65 57 65 65 57 53 65 63
split_gain=2.78421 2.50809 2.71077 2.52109 2.45775 2.36034 2.27868 2.10839 2.06813 1.88751 2.06129 2.31339 3.17967 1.86086
threshold=0.27073048902317204 1.0000000180025095e-35 -0.47628362840492977 0.25728721777254143 -0.27383887562562859 0.19158766175413375 0.43048981415937138 -0.40984340592121354 0.41494328214912485 -0.46804766398470771 -0.25315678748062298 -0.19838377554141431 0.39915475947472279 -0.027861033342731375
decision_type=2 2 2 2 2 2 2 2 2 2 2 2 2 2
left_child=1 2 -1 9 5 -4 7 -2 -5 -3 11 12 -11 -6
right_child=6 3 4 8 13 -7 -8 -9 -10 10 -12 -13 -14 -15
leaf_value=0.00058394881905789154 -0.00083290480131099649 0.00079029102302053105 -0.00013643730963655492 0.00048554145200243763 7.9740243208611269e-05 -0.00072875742051955095 -0.00081398642505011961 -8.509949571045518e-05 -0.00034657632243653838 0.0011426104914920557 -1.6146482092086081e-05 -9.7387612842728314e-05 -1.0996221436599167e-05 -0.0001568058302062438
leaf_weight=6125 3538 3157 21346 24707 85712 8446 4452 77920 3009 5286 77680 5750 3620 45979
leaf_count=6125 3538 3157 21346 24707 85712 8446 4452 77920 3009 5286 77680 5750 3620 45979
internal_value=-3.80841e-06 4.05196e-05 -3.50168e-05 0.00014327 -5.85287e-05 -0.000304548 -0.000153852 -0.000117677 0.00039511 7.01426e-05 4.54376e-05 0.000371635 0.00067422 -2.85381e-06
internal_weight=376727 290817 167608 123209 161483 29792 85910 81458 27716 95493 92336 14656 8906 131691
internal_count=376727 290817 167608 123209 161483 29792 85910 81458 27716 95493 92336 14656 8906 131691
is_linear=0
shrinkage=0.03


Tree=108
num_leaves=15
num_cat=0
split_feature=59 35 65 53 66 36 36 64 36 18 10 50 51 18
split_gain=2.7793 2.48163 2.59319 4.46774 3.39017 3.85065 2.95135 3.46225 4.0321 5.98112 2.91557 2.44327 2.1758 2.54592
threshold=-0.47242163825194644 -0.48802035638419161 0.25819440585347786 -0.30594549120067904 0.28794706306342899 -0.11897829513036882 -0.13567844522417394 0.14228095105886671 -0.2074082343540099 0.33099447750331784 -0.17045723953618688 -0.20925678898364158 -0.32307261607373583 -0.20870689100889703
decision_type=2 2 2 2 2 2 2 2 2 2 2 2 2 2
left_child=12 -2 3 -3 5 -4 7 8 -5 -10 11 -7 -1 -14
right_child=1 2 4 6 -6 10 -8 -9 9 -11 -12 -13 13 -15
leaf_value=-0.00018042236645112564 -0.00073686094001653628 0.00043870654659872291 0.0003034135086455038 0.00054903562797007537 -0.00089003928203452857 -1.929812490194242e-05 3.4628108382466489e-05 0.00014312429114607777 -0.00035212514979713201 -0.0015912615895038191 -0.00011253412760343023 -0.00089585258684001803 0.0002355904096184322 0.0013920254811519294
leaf_weight=3066 4336 22001 16028 3020 5369 4213 219496 12604 16011 4482 49922 8917 3648 3229
leaf_count=3066 4336 22001 16028 3020 5369 4213 219496 12604 16011 4482 49922 8917 3648 3229
internal_value=-1.08116e-05 -2.42476e-05 -1.56934e-05 2.85892e-05 -0.000161252 -0.000111666 -6.72599e-06 -0.00025799 -0.000472974 -0.000623779 -0.000217212 -0.000614823 0.000483832 0.000779811
internal_weight=376342 366399 362063 277614 84449 79080 255613 36117 23513 20493 63052 13130 9943 6877
internal_count=376342 366399 362063 277614 84449 79080 255613 36117 23513 20493 63052 13130 9943 6877
is_linear=0
shrinkage=0.03


Tree=109
num_leaves=15
num_cat=0
split_feature=65 63 46 30 64 55 65 5 21 57 51 45 36 36
split_gain=2.52412 2.59932 2.77406 4.79741 3.12211 3.26485 2.97512 3.41645 3.27058 2.41745 2.40146 2.23804 2.23667 3.68429
threshold=-0.48404999736825172 0.29366843083576694 0.027538658233951466 -0.38555842560050729 -0.21238332145724445 0.1639724751586297 -0.0082438714793091322 -0.048112382930418633 -0.38495840336802806 0.25602168630371896 0.39011631267621921 0.039340641993031285 -0.19268828273087449 -0.1680821642752153
decision_type=2 2 2 2 2 2 2 2 2 2 2 2 2 2
left_child=-1 2 3 4 -2 11 7 -5 -8 10 -10 -6 -4 -14
right_child=1 -3 12 6 5 -7 8 -9 9 -11 -12 -13 13 -15
leaf_value=0.00062484467412551956 -0.00048091843324070724 -0.00016458532129413523 -0.00057004782151511468 -0.00021227042552196451 0.00061625324669073857 0.0013442496868954893 -0.0010500671473067037 0.00018183609062661458 -0.00019971908491809727 -0.00078024738245558714 0.00048200077680459971 -0.00024834749372474446 0.0011279165852375191 0.0001325329091819419
leaf_weight=5771 3021 75016 3885 34050 8159 3738 4328 47263 51460 5811 5103 4014 3432 121190
leaf_count=5771 3021 75016 3885 34050 8159 3738 4328 47263 51460 5811 5103 4014 3432 121190
internal_value=2.8128e-06 -6.89351e-06 3.31488e-05 -4.75013e-05 0.000402038 0.000569881 -0.000105023 1.67973e-05 -0.000253509 -0.000198078 -0.000138141 0.000331185 0.000137919 0.000160033
internal_weight=376241 370470 295454 166947 18932 15911 148015 81313 66702 62374 56563 12173 128507 124622
internal_count=376241 370470 295454 166947 18932 15911 148015 81313 66702 62374 56563 12173 128507 124622
is_linear=0
shrinkage=0.03


Tree=110
num_leaves=15
num_cat=0
split_feature=52 9 63 47 65 1 1 1 18 41 59 1 52 9
split_gain=3.20061 3.36275 3.22371 2.66109 3.54848 2.8838 4.83499 5.57751 4.46444 3.44863 2.77661 2.47035 2.41751 2.34431
threshold=-0.38529565110715819 0.043360868766526457 0.30515837943756507 1.0000000180025095e-35 0.44627029327048973 -0.34788211564320926 -0.29652259544206122 -0.28057577016502538 -0.074942671683222314 -0.35790739792449605 -0.40554434834747338 -0.16251638958403247 0.29329931490058969 -0.075810697312356581
decision_type=2 2 2 2 2 2 2 2 2 2 2 2 2 2
left_child=1 -1 3 5 12 8 9 -8 -2 -7 -9 -12 -5 -4
right_child=2 -3 13 4 -6 6 7 10 -10 -11 11 -13 -14 -15
leaf_value=0.00015547028917466758 -0.0015182143457467216 0.0010599577768233082 -0.00053313753346156674 9.7222215177348472e-05 -0.00053106798046893865 0.0011908868093731479 -0.00089244628554531545 0.00028995918490024941 -5.7198456606056571e-05 0.00015633068325174456 9.0821583053524789e-05 -0.00021017590250846214 0.00047037819500306369 -0.00011703146303784205
leaf_weight=38806 3081 4080 16626 90281 7074 4447 7416 18789 4816 8311 37695 70284 18888 45584
leaf_count=38806 3081 4080 16626 90281 7074 4447 7416 18789 4816 8311 37695 70284 18888 45584
internal_value=-2.16941e-06 0.000241747 -3.35614e-05 1.1137e-05 0.000119613 -7.03025e-05 -4.02678e-05 -9.33428e-05 -0.00062841 0.000517592 -4.65281e-05 -0.0001051 0.000161821 -0.000228306
internal_weight=376178 42886 333292 271082 116243 154839 146942 134184 7897 12758 126768 107979 109169 62210
internal_count=376178 42886 333292 271082 116243 154839 146942 134184 7897 12758 126768 107979 109169 62210
is_linear=0
shrinkage=0.03


Tree=111
num_leaves=15
num_cat=0
split_feature=43 28 57 43 47 42 69 36 62 67 36 36 65 60
split_gain=2.53593 2.6644 2.6714 2.44833 3.26418 2.49162 2.83473 2.57587 2.339 2.27072 2.24795 2.44706 2.16374 2.11299
threshold=-0.46777906820020504 -0.11839647304053959 -0.47245233829388356 0.090389285566026004 0.39132955104415046 -0.13483437471390333 -1.0000000180025095e-35 -0.069689053811140642 -0.23918094910289764 -0.043854306900014954 -0.13830040680669853 -0.1058066039740601 0.051109723655477564 -0.3683319733861769
decision_type=2 2 2 2 2 2 2 2 2 2 2 2 2 2
left_child=-1 2 -2 4 9 6 -5 -8 10 -3 -4 -12 -13 -14
right_child=1 3 8 5 -6 -7 7 -9 -10 -11 11 12 13 -15
leaf_value=-0.00043641872749321416 -0.00070790313341653104 -2.7129127932519048e-05 -0.00042491859661859707 0.0011877782883342907 0.0003133166175813339 -3.2598459352864606e-06 0.0006685791109323064 -0.00026992690523140424 0.00026735949211605694 -0.00031537763830002892 0.00055139708695173782 0.00014934213881629869 0.00046146181421719901 -0.00041096464580519929
leaf_weight=11668 3428 40487 9027 3328 12369 99826 5088 5433 65170 62666 8573 32270 3000 14725
leaf_count=11668 3428 40487 9027 3328 12369 99826 5088 5433 65170 62666 8573 32270 3000 14725
internal_value=-1.23341e-06 1.26749e-05 0.000117762 -4.97723e-05 -0.00014703 4.90703e-05 0.000426005 0.000184142 0.000139133 -0.000202255 1.54848e-05 8.34245e-05 3.0837e-06 -0.000263127
internal_weight=377058 365390 136193 229197 115522 113675 13849 10521 132765 103153 67595 58568 49995 17725
internal_count=377058 365390 136193 229197 115522 113675 13849 10521 132765 103153 67595 58568 49995 17725
is_linear=0
shrinkage=0.03


Tree=112
num_leaves=15
num_cat=0
split_feature=20 48 49 28 52 60 47 63 22 43 60 23 9 1
split_gain=2.36476 3.10282 3.01671 2.6281 2.96888 3.78709 1.94206 2.60473 2.20837 1.9042 1.95225 1.89601 1.87297 2.17543
threshold=0.19670549823427244 0.46861641014806882 -0.27335198217971141 -0.09906073905803732 0.012092334663223904 -0.039526934495363313 0.38730822256457142 0.04725346121080843 0.14490029688851488 -0.30890648412022209 -0.12647348309402498 0.11810103476263552 0.24299176415743559 0.27431124306034266
decision_type=2 2 2 2 2 2 2 2 2 2 2 2 2 2
left_child=1 3 12 4 -1 -6 7 8 -4 10 -5 -10 -2 -14
right_child=2 -3 6 9 5 -7 -8 -9 11 -11 -12 -13 13 -15
leaf_value=0.00020977003051818706 -0.00030836825062921692 -0.00093963433963720623 0.00016129544265204655 0.00015660939043460223 0.00018397286916544501 -0.00038343902444697121 0.00083399054718698469 -1.301291203768896e-05 0.0010700204781090572 -7.9389497831197783e-05 -0.00056616052141679832 0.0003800292301651654 0.00026808614526457024 -0.00043466415365063906
leaf_weight=61361 19423 3490 21594 4362 19986 22489 4442 31567 5623 135290 14627 9908 16338 5224
leaf_count=61361 19423 3490 21594 4362 19986 22489 4442 31567 5623 135290 14627 9908 16338 5224
internal_value=-2.68401e-06 -5.2393e-05 0.000111263 -4.03606e-05 7.632e-05 -0.000116471 0.00022672 0.000187335 0.000357646 -0.000118891 -0.000400137 0.000630368 -9.47647e-05 9.77026e-05
internal_weight=375724 261605 114119 258115 103836 42475 73134 68692 37125 154279 18989 15531 40985 21562
internal_count=375724 261605 114119 258115 103836 42475 73134 68692 37125 154279 18989 15531 40985 21562
is_linear=0
shrinkage=0.03


Tree=113
num_leaves=15
num_cat=0
split_feature=49 36 21 60 58 30 65 41 46 41 62 30 58 1
split_gain=2.34396 3.09134 2.93425 2.95748 2.82279 2.75236 3.52669 2.73883 4.04539 2.72498 4.87015 3.44183 3.28317 3.07139
threshold=-0.30102641597227475 -0.11463550694319923 0.37744167548785673 0.23496795879049562 -0.24748028687113982 -0.38185230632887657 0.26210788304987354 -0.27103991643201714 0.26959126314846299 0.11843182304267193 0.094144794530482592 -0.42093716937074616 -0.42887286840113381 -0.19896252012905211
decision_type=2 2 2 2 2 2 2 2 2 2 2 2 2 2
left_child=1 -1 4 -4 9 -6 -7 8 -3 11 12 13 -11 -2
right_child=2 7 3 -5 5 6 -8 -9 -10 10 -12 -13 -14 -15
leaf_value=-0.00049943877396861061 -9.2864304657209735e-05 -1.0179113223255636e-05 0.00017847033005226654 0.00097974437643740149 0.00045086530694170599 0.00010119507728815641 -0.00022146206651162378 -0.00022864667058663642 0.00091822891253235132 -0.0016798250657935334 -5.4039234508303471e-05 -0.00016325152058788815 -0.00054456107321892956 0.00083887863669693176
leaf_weight=17691 5904 19578 20223 5207 15398 145149 38584 32159 5376 3161 16532 35949 8342 6897
leaf_count=17691 5904 19578 20223 5207 15398 145149 38584 32159 5376 3161 16532 35949 8342 6897
internal_value=-2.74466e-06 -0.000153042 3.4568e-05 0.000342858 6.1428e-06 6.57283e-05 3.34286e-05 -4.56759e-05 0.000190121 -0.000148372 -0.000383983 -1.28266e-05 -0.000857717 0.000409409
internal_weight=376150 74804 301346 25430 275916 199131 183733 57113 24954 76785 28035 48750 11503 12801
internal_count=376150 74804 301346 25430 275916 199131 183733 57113 24954 76785 28035 48750 11503 12801
is_linear=0
shrinkage=0.03


Tree=114
num_leaves=15
num_cat=0
split_feature=44 36 36 33 52 23 19 21 36 47 45 36 14 1
split_gain=2.26417 2.3398 4.86157 2.04512 2.04131 2.28962 2.01259 2.56829 2.19217 2.09811 2.04146 2.00865 1.98278 1.82231
threshold=0.14435156161827919 -0.069222822631913525 -0.065447573916255816 0.19286609474439684 -0.39710420782618777 0.11014522287528423 0.42950388523207661 0.24354845618724516 -0.081569829424307003 0.027490414134851818 0.12194444092753066 0.29488841075409922 -0.20795118632051379 -0.34788211564320926
decision_type=2 2 2 2 2 2 2 2 2 2 2 2 2 2
left_child=4 -2 -3 11 5 -1 9 -8 -9 13 -11 12 -4 -6
right_child=1 2 3 -5 6 -7 7 8 -10 10 -12 -13 -14 -15
leaf_value=0.00052656562566457028 1.9465960047053588e-05 -0.0013805621296980989 -0.00087233473494734896 0.00010814233488168831 -0.00052211802763707049 -7.0877387843144027e-05 -0.00085926288888097052 -0.00059184713885649201 0.00042393182047688566 0.00036792675875611699 5.0631738224394466e-05 -4.6125360632710702e-05 -0.00028934885147239301 -7.4728092411326638e-06
leaf_weight=15673 67627 3145 7173 16943 6525 9133 5185 3268 4579 28168 51807 19595 19587 118070
leaf_count=15673 67627 3145 7173 16943 6525 9133 5185 3268 4579 28168 51807 19595 19587 118070
internal_value=-5.83866e-06 -0.000104761 -0.000231186 -0.000173869 4.8875e-05 0.000306661 1.94754e-05 -0.000341859 6.80693e-07 4.25095e-05 0.000162418 -0.000276947 -0.000445885 -3.44644e-05
internal_weight=376478 134070 66443 63298 242408 24806 217602 13032 7847 204570 79975 46355 26760 124595
internal_count=376478 134070 66443 63298 242408 24806 217602 13032 7847 204570 79975 46355 26760 124595
is_linear=0
shrinkage=0.03


Tree=115
num_leaves=15
num_cat=0
split_feature=51 16 42 45 65 53 45 18 36 36 44 59 53 36
split_gain=2.20311 2.18733 2.25881 3.3028 2.80752 4.26939 2.77678 2.58948 3.21562 3.05661 2.31719 2.23769 2.36674 2.08366
threshold=0.46448479120396619 -0.41277453202396924 0.17961764403546779 0.12194444092753066 0.25041006455508708 -0.23382731025198375 -0.047256186946902 -0.22082006369426749 -0.092548042268546529 -0.011899747126864561 0.094025532894831579 -0.44110352568537903 -0.3573036194088825 -0.098324087002620811
decision_type=2 2 2 2 2 2 2 2 2 2 2 2 2 2
left_child=1 -1 4 -4 10 6 7 -6 -9 -10 13 -8 -13 -3
right_child=-2 2 3 -5 5 -7 11 8 9 -11 -12 12 -14 -15
leaf_value=-0.00026200049894233344 0.00038678640568689501 -8.438728153118918e-05 0.00036872557296220186 1.0993540607263348e-05 -0.00049354065452077178 -0.00060502445793733379 0.0002724291822493877 0.0010149801907513648 -0.00024038636670247526 0.00087641041621439118 -0.00010954530487376623 -0.00084111774648733305 -4.7316956074399661e-05 0.00020308350214913757
leaf_weight=27567 13372 33191 35148 68454 3781 17800 4521 4911 7511 3111 71276 7775 5977 71701
leaf_count=27567 13372 33191 35148 68454 3781 17800 4521 4911 7511 3111 71276 7775 5977 71701
internal_value=8.76927e-06 -5.1768e-06 1.59544e-05 0.000132382 -3.61407e-05 -0.000222421 -4.11197e-05 0.000209638 0.000381011 8.72208e-05 2.24349e-05 -0.000306132 -0.000496395 0.00011212
internal_weight=376096 362724 335157 103602 231555 55387 37587 19314 15533 10622 176168 18273 13752 104892
internal_count=376096 362724 335157 103602 231555 55387 37587 19314 15533 10622 176168 18273 13752 104892
is_linear=0
shrinkage=0.03


Tree=116
num_leaves=15
num_cat=0
split_feature=65 57 51 60 63 9 53 35 24 60 58 11 52 10
split_gain=2.48478 3.06331 3.29888 2.88477 2.16244 2.39945 2.12542 2.04466 2.02382 2.93581 2.34282 2.01374 1.9392 2.26145
threshold=0.25041006455508708 0.25207963887347412 0.37824928713326222 0.41029812871367216 0.17660958282739467 -0.2895851418262248 -0.30594549120067904 -0.48802035638419161 0.070413359482185425 0.21552975840193819 0.075319058588114843 -0.015711162424777433 -0.30534960561067126 -0.37648517434188317
decision_type=2 2 2 2 2 2 2 2 2 2 2 2 2 2
left_child=6 2 3 4 -2 -6 -1 -8 12 10 -10 -5 13 -9
right_child=1 -3 -4 11 5 -7 7 8 9 -11 -12 -13 -14 -15
leaf_value=0.00032667458643185137 2.7802529267080327e-06 -0.00075372274765296099 0.0004625587540840192 -0.0013199873863371226 -0.0011115410422746445 -0.00021252115217170969 -0.00066392005742555045 -0.00014391517916146493 -0.00033830802806294102 0.00017463605790403523 -4.8641870622591309e-06 -0.00022399144980622476 4.3375462959757326e-05 0.00041061152276976467
leaf_weight=23017 54901 6530 9017 3014 3261 14630 3800 8447 36329 32974 39664 3021 107800 30501
leaf_count=23017 54901 6530 9017 3014 3261 14630 3800 8447 36329 32974 39664 3021 107800 30501
internal_value=5.92902e-06 -0.00012734 -8.06968e-05 -0.00014289 -9.05812e-05 -0.000376915 5.04478e-05 2.5937e-05 3.6214e-05 -6.17246e-05 -0.000164293 -0.000772632 0.000108937 0.00029034
internal_weight=376906 94374 87844 78827 72792 17891 282532 259515 255715 108967 75993 6035 146748 38948
internal_count=376906 94374 87844 78827 72792 17891 282532 259515 255715 108967 75993 6035 146748 38948
is_linear=0
shrinkage=0.03


Tree=117
num_leaves=15
num_cat=0
split_feature=57 63 18 59 58 41 42 62 1 30 64 36 36 36
split_gain=2.07856 2.06998 3.3281 2.71534 2.70155 4.71227 7.07169 4.80309 3.37761 2.39787 2.08113 2.18873 3.16656 2.22722
threshold=0.48475814041031434 -0.027861033342731375 -0.27182147100629378 -0.46467778500852797 -0.35435743731871938 0.035733343497484367 0.12910514045441587 0.1684357957168455 -0.14319564922096623 -0.37789065364869812 -0.18089832561593916 -0.039496315252845991 -0.064673457585796498 -0.015108607923641075
decision_type=2 2 2 2 2 2 2 2 2 2 2 2 2 2
left_child=1 2 -1 -4 5 6 8 9 -3 -7 11 12 -6 -13
right_child=-2 4 3 -5 10 7 -8 -9 -10 -11 -12 13 -14 -15
leaf_value=-0.00016074336163365103 -0.00056180932317009488 -0.0010437790089166501 0.0010381969745150356 0.00013624317512552875 -0.00017532647082259416 -0.0016022092940717464 0.0011523701409719277 -1.5771833578585635e-05 0.00027827215596628913 -0.000652252261037109 6.7857546193047114e-05 -0.0010281044668215813 0.00043819171997319618 -0.00024061481651734101
leaf_weight=38062 5768 3739 3064 132463 33743 4363 3980 6272 3238 5331 108738 4295 9751 13012
leaf_count=38062 5768 3739 3064 132463 33743 4363 3980 6272 3238 5331 108738 4295 9751 13012
internal_value=2.80163e-06 1.16172e-05 8.70981e-05 0.00015671 -5.50769e-05 -0.000334183 0.000144858 -0.00066282 -0.0004307 -0.00108101 -1.07374e-05 -0.000151286 -3.77116e-05 -0.000436523
internal_weight=375819 370051 173589 135527 196462 26923 10957 15966 6977 9694 169539 60801 43494 17307
internal_count=375819 370051 173589 135527 196462 26923 10957 15966 6977 9694 169539 60801 43494 17307
is_linear=0
shrinkage=0.03


Tree=118
num_leaves=15
num_cat=0
split_feature=52 60 65 20 49 47 1 1 36 17 1 1 45 36
split_gain=2.39247 2.83633 2.48324 2.14637 2.76178 2.18387 2.04963 4.30364 2.62923 3.15499 2.47021 3.29621 2.14965 2.09087
threshold=-0.40893371126047467 -0.1741348463969962 0.46959093479794539 0.41330134293173298 -0.46815095235178827 -0.30620352188759287 -0.25900772895992746 -0.052954321593940722 -0.17027827739221144 0.30264196915758868 -0.10657287790738186 -0.096678846748896527 0.098670790518754117 -0.033031384654961714
decision_type=2 2 2 2 2 2 2 2 2 2 2 2 2 2
left_child=-1 6 3 4 -3 -6 12 10 -9 -10 13 -12 -2 -8
right_child=1 2 -4 -5 5 -7 7 8 9 -11 11 -13 -14 -15
leaf_value=0.00024411214791038955 2.7759856483510374e-06 -0.00084378864171478433 -0.00068186097696020702 0.00022738971903728784 -0.00027645644793220002 -2.7106454540847342e-05 0.00044350039064470419 0.00078711218004550929 3.500548499203348e-05 -0.00061599110898559982 0.0016466590890770098 0.00032309655948639871 -0.00073331383859062921 -8.2325083600161782e-05
leaf_weight=34212 14625 4308 5991 20709 39478 158505 23398 3447 42242 7953 3063 3786 4714 9592
leaf_count=34212 14625 4308 5991 20709 39478 158505 23398 3447 42242 7953 3063 3786 4714 9592
internal_value=4.96105e-06 -1.89821e-05 -7.96395e-05 -6.34307e-05 -9.32124e-05 -7.68385e-05 0.00010413 0.000162289 -1.3141e-05 -6.82419e-05 0.000398445 0.000916556 -0.000176937 0.000290636
internal_weight=376023 341811 228991 223000 202291 197983 112820 93481 53642 50195 39839 6849 19339 32990
internal_count=376023 341811 228991 223000 202291 197983 112820 93481 53642 50195 39839 6849 19339 32990
is_linear=0
shrinkage=0.03


Tree=119
num_leaves=15
num_cat=0
split_feature=66 63 47 57 22 1 1 9 45 29 1 1 1 9
split_gain=2.62238 2.21209 3.00236 3.44442 3.06653 2.70183 5.63545 2.57935 2.54015 2.35816 2.31919 2.76594 2.43115 2.20841
threshold=0.48485289705441137 0.14897706404158259 -0.15663466421976532 -0.25315678748062298 0.24956621396364534 -0.34788211564320926 -0.31269413343809332 -0.20602223539800035 -0.27345656385198575 -0.059250930774509956 -0.28057577016502538 -0.27031928692084939 -0.28888227560532825 0.12506902802743744
decision_type=2 2 2 2 2 2 2 2 2 2 2 2 2 2
left_child=1 2 5 9 13 -1 8 -3 -7 -4 12 -12 -8 -5
right_child=-2 7 3 4 -6 6 10 -9 -10 -11 11 -13 -14 -15
leaf_value=-0.00069733057277897477 -0.00063399010320662594 -0.00031460740173348177 0.00014212760362444942 -0.0001324205755010258 0.00035302940745843384 0.0012687748315602088 -7.919505611180886e-05 -1.2092500405474455e-05 0.00013040515798583055 0.00068981471531534577 0.00082725907033347711 -8.4948942103561979e-05 -0.0011532706504173225 0.0001742906644929057
leaf_weight=5778 5839 34900 12948 53696 27076 4076 3933 92792 3109 15607 3107 74342 3656 34821
leaf_count=5778 5839 34900 12948 53696 27076 4076 3933 92792 3109 15607 3107 74342 3656 34821
internal_value=-3.72822e-06 6.23914e-06 5.95175e-05 0.000146614 7.371e-05 -6.85935e-05 -2.91302e-05 -9.47922e-05 0.00077706 0.000441608 -9.73299e-05 -4.82521e-05 -0.000597468 -1.17598e-05
internal_weight=375680 369841 242149 144148 115593 98001 92223 127692 7185 28555 85038 77449 7589 88517
internal_count=375680 369841 242149 144148 115593 98001 92223 127692 7185 28555 85038 77449 7589 88517
is_linear=0
shrinkage=0.03


Tree=120
num_leaves=15
num_cat=0
split_feature=65 66 58 36 65 33 36 57 36 11 9 58 36 36
split_gain=2.81936 2.08873 3.32779 3.07227 2.94105 2.71825 3.32625 5.53072 2.51233 2.41064 2.39958 2.31274 3.85961 7.75723
threshold=-0.49182706340652921 -0.2003934919160841 0.18168076780371364 -0.13707718563428126 0.43461423099995394 -0.10187955914717688 -0.12166673505490803 -0.19706150569151773 -0.11064760759887975 0.25212482196583436 -0.46015715775525451 -0.26735573923714495 -0.073536181877609394 -0.011899747126864561
decision_type=2 2 2 2 2 2 2 2 2 2 2 2 2 2
left_child=-1 2 3 -2 5 -3 7 -7 -8 -9 -5 12 -12 -14
right_child=1 4 -4 10 -6 6 8 9 -10 -11 11 -13 13 -15
leaf_value=0.00091174083425255893 0.00049375771627634623 -0.00018223382022974216 0.00080409005250041486 0.0007829210930121891 -0.00057569822302525357 -0.0012651524392118326 0.00062818188974913603 0.00010854135199557807 6.7433954218444321e-05 -0.00043468045447000813 -0.00058973268265640789 0.00011770050273217169 0.00042240416265367431 -0.00058579047350203076
leaf_weight=3024 13102 76928 5747 3415 9335 4077 7598 19890 131262 11651 14223 47624 16994 11513
leaf_count=3024 13102 76928 5747 3415 9335 4077 7598 19890 131262 11651 14223 47624 16994 11513
internal_value=9.23715e-07 -6.47762e-06 0.000101486 6.36318e-05 -5.31109e-05 -3.36845e-05 3.18181e-05 -0.000226774 9.81594e-05 -9.21947e-05 3.48566e-06 -2.60571e-05 -0.00018627 1.51663e-05
internal_weight=376383 373359 112618 106871 260741 251406 174478 35618 138860 31541 93769 90354 42730 28507
internal_count=376383 373359 112618 106871 260741 251406 174478 35618 138860 31541 93769 90354 42730 28507
is_linear=0
shrinkage=0.03


Tree=121
num_leaves=15
num_cat=0
split_feature=16 69 42 51 42 69 58 54 19 42 1 1 33 42
split_gain=2.12887 2.55343 1.74864 1.70231 2.24458 3.46016 4.29683 3.28009 2.71073 2.6573 2.52567 3.00012 5.25706 6.50033
threshold=-0.42869276804383871 -0.41696536779851906 0.35996702621153626 0.37824928713326222 0.17961764403546779 0.090857109996719546 -0.40193702335922604 -0.33285384214797037 0.4062575886352599 0.4415966188693462 -0.35125850732560171 -0.31269413343809332 -0.046417715635525512 -0.15836414773511778
decision_type=2 2 2 2 2 2 2 2 2 2 2 2 2 2
left_child=1 -1 -3 4 7 9 -7 -2 -8 -6 -9 12 -12 -14
right_child=3 2 -4 -5 5 6 8 10 -10 -11 11 -13 13 -15
leaf_value=-0.0010052831680823948 -0.00033291576918723 -1.8874965752590656e-05 -0.00069353892815475797 0.00021126601350267437 0.00022052408268891585 -0.00088593810156781532 0.00012041071968554166 -0.00062975967698327914 -0.00058382080187524858 0.00089991032346193223 -0.00042411379726131295 -1.7940187470503311e-05 0.002021375966845491 7.108937309849166e-05
leaf_weight=3576 33129 18623 4236 36766 37221 4957 43216 5697 5541 6012 3357 167897 3081 3063
leaf_count=3576 33129 18623 4236 36766 37221 4957 43216 5697 5541 6012 3357 167897 3081 3063
internal_value=-1.43191e-06 -0.000260972 -0.000144146 1.81812e-05 -4.49279e-06 0.000115445 -4.53498e-05 -5.82715e-05 4.02749e-05 0.000315186 -8.5622e-06 1.14214e-05 0.000529759 0.00105078
internal_weight=376372 26435 22859 349937 313171 96947 53714 216224 48757 43233 183095 177398 9501 6144
internal_count=376372 26435 22859 349937 313171 96947 53714 216224 48757 43233 183095 177398 9501 6144
is_linear=0
shrinkage=0.03


Tree=122
num_leaves=15
num_cat=0
split_feature=66 53 63 10 9 53 8 24 18 52 47 33 36 36
split_gain=2.81765 2.46611 2.70473 2.64565 2.6142 2.58067 2.54369 2.49926 2.17445 2.26961 2.26718 2.21535 2.13438 2.09652
threshold=0.49230541512957149 0.47317116709022095 0.17660958282739467 -0.39231158123979148 -0.20602223539800035 0.027430641821946215 0.051581999270401198 0.46100352950979701 -0.23280652915137909 -0.17445546779415555 0.10274181423321084 -0.35742212333988721 -0.12482401406701597 -0.01664166591064797
decision_type=2 2 2 2 2 2 2 2 2 2 2 2 2 2
left_child=1 2 3 -1 12 7 8 13 9 -5 11 -11 -4 -6
right_child=-2 -3 4 6 5 -7 -8 -9 -10 10 -12 -13 -14 -15
leaf_value=-0.00022936170560554359 -0.00091757348747243718 0.00050374625575764392 -0.00092229537016349497 0.00039326457257299102 -0.00014335744381778161 0.00013236037601762696 -3.6248224972748089e-05 0.00062135811653469652 0.00024276942138561224 0.00022264109699670338 0.00019344613252508547 -0.00060010951787812833 -0.00025466229604668332 -0.00064105316079902008
leaf_weight=27909 3010 8619 5246 8204 33249 39350 95747 3114 93457 3898 9197 11987 24022 9875
leaf_count=27909 3010 8619 5246 8204 33249 39350 95747 3114 93457 3898 9197 11987 24022 9875
internal_value=-4.90197e-06 2.47015e-06 -9.37204e-06 4.59179e-05 -0.000129904 -4.61916e-05 8.04576e-05 -0.000198141 0.000168618 -3.95873e-05 -0.000181268 -0.000398203 -0.000374603 -0.000257447
internal_weight=376884 373874 365255 250399 114856 85588 222490 46238 126743 33286 25082 15885 29268 43124
internal_count=376884 373874 365255 250399 114856 85588 222490 46238 126743 33286 25082 15885 29268 43124
is_linear=0
shrinkage=0.03


Tree=123
num_leaves=15
num_cat=0
split_feature=19 20 63 42 33 36 52 1 1 42 36 36 42 29
split_gain=2.46271 2.1245 2.53871 2.35509 2.19335 3.50092 2.41657 2.17006 3.87237 5.42942 2.33205 3.60399 6.75578 3.30761
threshold=-0.4917941481180072 -0.40923185296711567 0.29366843083576694 0.16762014010823126 -0.073937919500064883 -0.062534277675316732 -0.34136373844714035 -0.36999895484949824 -0.31269413343809332 -0.12683734932607768 -0.014580728114559098 -0.057741557304290501 -0.13871505068939138 0.10568677212991663
decision_type=2 2 2 2 2 2 2 2 2 2 2 2 2 2
left_child=-1 -2 3 7 -4 6 -6 -3 9 -9 11 -10 -13 -14
right_child=1 2 4 -5 5 -7 -8 8 10 -11 -12 12 13 -15
leaf_value=0.000867534467135441 -0.00022354588611482029 -0.00075829510681979994 -0.00038694606919716383 0.00021282883706092885 0.00034982288129023313 0.00028464208978928852 -0.00036595059775200846 0.0010456214522246252 1.9695684299598777e-05 -0.00014738656133259355 0.0002071792855069665 -0.00076329285599694666 -0.00025692205384413329 0.00063247525081865693
leaf_weight=3027 32089 3184 20922 77541 5195 19979 23041 7673 108482 6203 36148 16571 9185 6361
leaf_count=3027 32089 3184 20922 77541 5195 19979 23041 7673 108482 6203 36148 16571 9185 6361
internal_value=1.67045e-05 9.76881e-06 3.17635e-05 7.31132e-05 -0.000130512 -1.91807e-05 -0.000234182 1.72057e-05 3.01981e-05 0.000512588 -7.70009e-06 -6.29564e-05 -0.000342051 0.000107168
internal_weight=375601 372574 340485 271348 69137 48215 28236 193807 190623 13876 176747 140599 32117 15546
internal_count=375601 372574 340485 271348 69137 48215 28236 193807 190623 13876 176747 140599 32117 15546
is_linear=0
shrinkage=0.03


Tree=124
num_leaves=15
num_cat=0
split_feature=35 63 18 60 18 68 56 47 36 69 49 50 50 33
split_gain=1.8324 1.6551 2.25538 2.47435 3.09195 2.26957 2.80771 2.51205 2.39533 2.08784 2.06976 2.04775 1.96391 2.02818
threshold=-0.47990862264476569 -0.012095584736892177 -0.2953769843800515 -0.43656230188984863 -0.067092166801484318 0.089512884337045032 -0.36252570857192778 0.39901111562068958 -0.073536181877609394 0.27228285009080133 -0.46815095235178827 -0.38344253442709869 -0.18548150044565812 -0.19967630055785568
decision_type=2 2 2 2 2 2 2 2 2 2 2 2 2 2
left_child=-1 2 12 4 -4 7 8 9 -7 -5 -3 -12 -2 -14
right_child=1 10 3 5 -6 6 -8 -9 -10 -11 11 -13 13 -15
leaf_value=-0.00047263415065843461 -0.00048963157453228668 -0.00069722048141607565 -0.00011776843467460671 0.00020102448846569466 0.0010858537891591498 -0.00016785515758231014 -0.00015046563345251125 0.0010219804656231425 0.00091526451393045293 -0.00042086742429627938 -0.0004955989130076431 -1.6566309708560118e-05 0.00026962801094146133 -0.00027050629481539188
leaf_weight=7267 10290 4381 3076 74553 5097 3100 44427 3158 4493 5188 8402 177505 12645 12365
leaf_count=7267 10290 4381 3076 74553 5097 3100 44427 3158 4493 5188 8402 177505 12645 12365
internal_value=-1.21034e-06 8.09439e-06 7.37411e-05 0.000126722 0.000633267 9.59921e-05 -5.9328e-05 0.000193453 0.000473419 0.000160516 -5.3449e-05 -3.82415e-05 -0.000140996 2.58302e-06
internal_weight=375947 368680 178392 143092 8173 134919 52020 82899 7593 79741 190288 185907 35300 25010
internal_count=375947 368680 178392 143092 8173 134919 52020 82899 7593 79741 190288 185907 35300 25010
is_linear=0
shrinkage=0.03


Tree=125
num_leaves=15
num_cat=0
split_feature=65 56 35 36 36 43 29 52 45 69 36 58 36 36
split_gain=2.07639 2.98013 1.91254 1.80781 2.93217 1.77744 2.91452 2.47525 2.3854 2.89797 2.50672 2.53347 3.89054 4.63062
threshold=0.43048981415937138 0.055410087297957329 -0.48802035638419161 -0.11897829513036882 -0.030103936289380014 0.094223625954470605 -0.1224842142885509 0.4299744203236851 0.1926816141143112 -0.22845056387152007 -0.14905909546634066 -0.32265879462900321 -0.073536181877609394 -0.00662044802379566
decision_type=2 2 2 2 2 2 2 2 2 2 2 2 2 2
left_child=2 3 -1 -2 -5 6 -4 -8 9 -7 -11 12 -12 -14
right_child=1 -3 5 4 -6 8 7 -9 -10 10 11 -13 13 -15
leaf_value=-0.00061159762712352744 0.00042830892280637626 -0.00092808217053730714 -0.00017690009778996402 -0.00049129070047351656 0.00037630939514390736 -0.00057756945082494248 3.2993099294372882e-05 0.00066567114927568736 -4.756037988737565e-06 0.00089491619648636586 -0.00066918845493205614 0.00036783916644614957 0.00078024558883541906 -0.00056182963829220296
leaf_weight=4166 4590 4759 70531 12172 4914 3579 138198 5789 66610 5758 6183 39176 6302 3644
leaf_count=4166 4590 4759 70531 12172 4914 3579 138198 5789 66610 5758 6183 39176 6302 3644
internal_value=7.20976e-06 -0.000249112 2.65795e-05 -9.96834e-05 -0.000241691 3.4286e-05 -1.89186e-05 5.84744e-05 0.000121238 0.000251049 0.000299702 0.000237582 -7.88338e-05 0.000288468
internal_weight=376371 26435 349936 21676 17086 345770 214518 143987 131252 64642 61063 55305 16129 9946
internal_count=376371 26435 349936 21676 17086 345770 214518 143987 131252 64642 61063 55305 16129 9946
is_linear=0
shrinkage=0.03


Tree=126
num_leaves=15
num_cat=0
split_feature=65 7 49 21 28 65 64 60 63 29 49 40 34 65
split_gain=2.32603 2.21309 2.75249 2.42132 2.68549 2.23476 2.00172 1.80382 1.74138 1.92221 2.00645 1.83678 1.68015 1.53366
threshold=-0.48404999736825172 0.20854596818288332 -0.28499154157055767 0.13773530174378765 -0.14945352158221728 0.24638265252408278 -0.43651239522026036 -1.0000000180025095e-35 0.058784672016373503 -0.1224842142885509 0.13766879358955333 0.39440831447467967 0.090532255595888858 0.10194410979614012
decision_type=2 2 2 2 2 2 2 2 2 2 2 2 2 2
left_child=-1 2 5 4 6 12 -4 -7 9 -5 -11 -10 -2 -8
right_child=1 -3 3 8 -6 7 13 -9 11 10 -12 -13 -14 -15
leaf_value=0.00058577310016717581 -0.00035782083001847139 0.00010560785710276067 -0.00063442539716777001 1.3554424417263443e-05 -0.00016638769226585561 -0.00021400645500551876 0.00029670122533337898 -0.0012026787354631262 -0.00013589202593257874 0.00030783598460755647 0.0010131859433024101 0.00048553623557022886 2.185212526058891e-06 -6.6906333221817407e-05
leaf_weight=5916 23289 102019 3051 14883 100395 3002 27517 3722 25112 17447 4579 5150 23370 16814
leaf_count=5916 23289 102019 3051 14883 100395 3002 27517 3722 25112 17447 4579 5150 23370 16814
internal_value=-3.88576e-06 -1.33206e-05 -5.85392e-05 -1.06519e-05 -7.85351e-05 -0.000251321 0.000107606 -0.000762249 0.000138681 0.000276965 0.000454865 -3.00116e-05 -0.000177543 0.000158807
internal_weight=376266 370350 268331 214948 147777 53383 47382 6724 67171 36909 22026 30262 46659 44331
internal_count=376266 370350 268331 214948 147777 53383 47382 6724 67171 36909 22026 30262 46659 44331
is_linear=0
shrinkage=0.03


Tree=127
num_leaves=15
num_cat=0
split_feature=52 49 22 64 36 42 21 51 22 34 36 35 58 36
split_gain=2.844 2.18633 2.64808 2.41598 2.20155 2.32382 2.04752 1.9466 2.1335 2.16952 2.42162 2.7081 2.70539 2.67885
threshold=-0.38529565110715819 -0.29306607961841863 0.35963475596356786 -0.20447435667898237 -0.11514544379325443 -0.19071629957361205 -0.31094231576954695 0.46072042218949444 -0.22698957272824474 0.03591354758384558 -0.11514544379325443 -0.04728407279124746 0.4060391505383642 0.29488841075409922
decision_type=2 2 2 2 2 2 2 2 2 2 2 2 2 2
left_child=-1 4 6 -4 5 -2 -3 8 -8 10 11 -10 13 -12
right_child=1 2 3 -5 -6 -7 7 -9 9 -11 12 -13 -14 -15
leaf_value=0.00022515165172309068 -5.3400954496771081e-05 -0.00021076076758040258 -0.00021857392189614561 0.00038015045178276853 -9.4126112671838886e-05 -0.00080957645942186785 -0.00017163005132537332 0.00061758586155050491 -4.3583332165839484e-06 0.0002088576574478382 -0.00030965675394764331 0.00078813698415218134 0.00060164281784750283 0.000155808836637947
leaf_weight=42976 6131 46310 7790 27305 51882 9062 49203 4652 10960 52650 41217 5998 4231 15235
leaf_count=42976 6131 46310 7790 27305 51882 9062 49203 4652 10960 52650 41217 5998 4231 15235
internal_value=-4.48008e-06 -3.41549e-05 4.50241e-06 0.000247228 -0.000187178 -0.000504664 -3.24702e-05 1.23763e-05 -3.34263e-06 6.02176e-05 -4.05923e-05 0.000276244 -0.000129164 -0.000184034
internal_weight=375602 332626 265551 35095 67075 15193 230456 184146 179494 130291 77641 16958 60683 56452
internal_count=375602 332626 265551 35095 67075 15193 230456 184146 179494 130291 77641 16958 60683 56452
is_linear=0
shrinkage=0.03


Tree=128
num_leaves=15
num_cat=0
split_feature=66 47 46 19 35 60 52 65 41 25 19 41 52 66
split_gain=2.06101 1.7755 2.82784 2.27932 2.08848 2.04739 2.82402 1.9759 1.73551 1.9318 1.71848 2.72725 1.66979 2.3279
threshold=0.48852176695337945 1.0000000180025095e-35 -0.4799764224300726 -0.48779456746684063 0.0038522405905372929 -0.41641701295087996 -0.11865636388176541 -0.47998814046916344 0.35104018574393142 -0.28814428555772648 -0.42094957503172398 0.0039141470260630759 -0.39710420782618777 0.22520460668095874
decision_type=2 2 2 2 2 2 2 2 2 2 2 2 2 2
left_child=1 2 -1 -4 12 -6 -7 -3 -9 -10 11 -8 -5 -14
right_child=-2 7 3 4 5 6 10 8 9 -11 -12 -13 13 -15
leaf_value=-0.00084282850876873721 -0.00064477767532561381 0.00073324535681416761 0.00072794126598707543 0.00020063208627148088 0.00057439529565690511 0.00025142148722040111 0.00085914491982275372 0.00011368035687290496 -0.00047692025432334454 -2.5786614705895673e-06 -0.00018758793530015191 -0.0003470403877400856 -0.00012348106543075279 -0.00052669611370520985
leaf_weight=4062 4469 3950 3373 10726 6198 28126 3783 127139 9657 38509 45593 3031 71867 15695
leaf_count=4062 4469 3950 3373 10726 6198 28126 3783 127139 9657 38509 45593 3031 71867 15695
internal_value=-5.08688e-06 2.62117e-06 -6.06552e-05 -4.37466e-05 -5.78535e-05 4.94421e-05 8.9742e-06 7.05563e-05 5.55835e-05 -9.77606e-05 -0.000121167 0.000322888 -0.000152528 -0.000195807
internal_weight=376178 371709 192454 188392 185019 86731 80533 179255 175305 48166 52407 6814 98288 87562
internal_count=376178 371709 192454 188392 185019 86731 80533 179255 175305 48166 52407 6814 98288 87562
is_linear=0
shrinkage=0.03


Tree=129
num_leaves=15
num_cat=0
split_feature=65 55 33 33 52 52 9 19 57 30 30 65 9 25
split_gain=1.80743 2.69109 2.54289 3.10986 1.94458 1.89008 2.28313 2.86806 2.09276 2.98883 2.85792 3.20612 3.12696 3.70073
threshold=0.42666089116937939 -0.32092051081996076 -0.0078562408660735588 0.047053186344926508 0.32859431722466226 -0.114838505236959 -0.25391015920684035 0.039454554384930847 -0.39426835069551786 -0.42093716937074616 -0.24418051731192425 -0.14273356199988887 -0.39262342221821117 0.33461837901611913
decision_type=2 2 2 2 2 2 2 2 2 2 2 2 2 2
left_child=4 -2 -3 -4 5 8 7 -7 9 -1 11 -10 13 -12
right_child=1 2 3 -5 -6 6 -8 -9 10 -11 12 -13 -14 -15
leaf_value=0.00027075532774536347 -0.0010113883971684639 0.00027643533654975595 -0.0011572698082665833 -0.00012022059168970507 0.0002109906392666302 -0.00020452804683730104 -3.3149495809426919e-05 -0.0012275440425101854 -5.990000077149877e-05 -0.00098617431940053752 -9.7279936303439635e-05 0.00070253650835313554 0.00012735555674784379 -0.0011268857043463709
leaf_weight=3054 3400 9345 3354 11509 46221 11251 145146 3151 7803 3828 19913 13625 91198 3721
leaf_count=3054 3400 9345 3354 11509 46221 11251 145146 3151 7803 3828 19913 13625 91198 3721
internal_value=1.12804e-05 -0.000222343 -0.00011115 -0.000354863 2.9772e-05 2.09371e-06 -6.8911e-05 -0.000429049 8.12358e-05 -0.000428808 0.000107026 0.000424997 4.76596e-05 -0.000259792
internal_weight=376519 27608 24208 14863 348911 302690 159548 14402 143142 6882 136260 21428 114832 23634
internal_count=376519 27608 24208 14863 348911 302690 159548 14402 143142 6882 136260 21428 114832 23634
is_linear=0
shrinkage=0.03


Tree=130
num_leaves=15
num_cat=0
split_feature=28 60 23 65 21 19 42 59 12 52 57 41 42 61
split_gain=2.10322 1.98216 1.97747 1.98134 2.11711 2.08467 2.03769 1.89982 1.74197 1.68373 2.73236 2.59083 1.89746 1.87229
threshold=-0.42100217875525064 0.48066040041397229 -0.11946429482925831 0.43857254406187263 0.38131926615162381 0.44145115464546797 -0.019728356739706045 -0.07109074641054676 -0.047455883415735305 0.2776020596113809 -0.41365698823521907 0.11460056301472606 0.16762014010823126 0.26977791505070259
decision_type=2 2 2 2 2 2 2 2 2 2 2 2 2 2
left_child=7 2 -2 4 5 9 -5 -1 -3 10 -4 12 -11 -13
right_child=1 8 3 6 -6 -7 -8 -9 -10 11 -12 13 -14 -15
leaf_value=0.00059838936693069607 7.8811770216128399e-05 -0.00107047714638169 -0.00072128485744910997 7.9908018767455669e-05 0.00021189678766981969 -0.00060837386969855509 -0.00069698230760427925 7.8532018266549243e-05 -9.3668064374356647e-05 0.00019054718233495863 -7.8110922638546085e-05 1.7593937822814455e-05 0.00090511042432604889 -0.00085470316860252762
leaf_weight=9162 128973 3002 6218 4680 24951 6546 8643 20408 3620 13957 130771 8302 4392 3010
leaf_count=9162 128973 3002 6218 4680 24951 6546 8643 20408 3620 13957 130771 8302 4392 3010
internal_value=-3.0784e-06 -2.3774e-05 -1.37671e-05 -7.0231e-05 -4.64088e-05 -8.36309e-05 -0.000424227 0.000239753 -0.000537439 -6.29838e-05 -0.000107355 0.000141913 0.000361984 -0.000215065
internal_weight=376635 347065 340443 211470 198147 173196 13323 29570 6622 166650 136989 29661 18349 11312
internal_count=376635 347065 340443 211470 198147 173196 13323 29570 6622 166650 136989 29661 18349 11312
is_linear=0
shrinkage=0.03


Tree=131
num_leaves=15
num_cat=0
split_feature=7 52 9 23 58 66 60 1 1 1 36 36 45 36
split_gain=2.25187 2.15815 3.26113 1.96358 2.07103 2.42402 1.86392 3.22228 5.54358 2.2985 4.01132 3.51251 2.80067 1.79452
threshold=-0.48390563816095727 -0.38529565110715819 0.066471032770569496 -0.24211643207795122 -0.24748028687113982 -0.090837693966988278 -0.34070528454195093 -0.052954321593940722 -0.11770493127970981 -0.24318210054614672 -0.030103936289380014 -0.065447573916255816 -0.12247454984608679 -0.092178763539744871
decision_type=2 2 2 2 2 2 2 2 2 2 2 2 2 2
left_child=-1 2 3 -2 -5 -6 7 8 9 12 11 -11 -3 -9
right_child=1 6 -4 4 5 -7 -8 13 -10 10 -12 -13 -14 -15
leaf_value=-0.0005869053246050183 0.00052407662509583236 0.0003796415354832271 0.0011019449753321209 -0.00038772413037415748 0.00075890382754562025 -4.7049730213485051e-06 -4.0310656029034995e-05 0.00022526717669143299 0.0012942607000910845 0.00037415099709213674 -0.00037430887092578132 0.001630815601561555 -0.0005653879724736398 -0.00028273104337868675
leaf_weight=5627 9115 5256 3462 8084 4918 15538 274423 10139 4851 5835 3648 3044 6073 16318
leaf_count=5627 9115 5256 3462 8084 4918 15538 274423 10139 4851 5835 3648 3044 6073 16318
internal_value=8.19741e-06 1.72462e-05 0.000222157 0.000140998 1.85109e-05 0.000179162 -8.32298e-06 0.000150784 0.000370844 0.000182609 0.000462487 0.000806325 -0.000127001 -8.80416e-05
internal_weight=376331 370704 41117 37655 28540 20456 329587 55164 28707 23856 12527 8879 11329 26457
internal_count=376331 370704 41117 37655 28540 20456 329587 55164 28707 23856 12527 8879 11329 26457
is_linear=0
shrinkage=0.03


Tree=132
num_leaves=15
num_cat=0
split_feature=63 60 53 31 58 42 53 68 7 42 38 35 38 42
split_gain=2.76524 2.11016 2.30924 2.70998 2.32955 2.45417 2.12997 2.88998 2.15522 2.04177 2.02661 2.05453 2.49485 1.94708
threshold=0.14897706404158259 0.47673030112282067 -0.25762664861765222 0.11524663468722808 -0.27123662628533363 -0.20287549594420584 1.0000000180025095e-35 -0.20941988927494404 0.16119638401054667 0.29726034407568602 -0.11496354689464212 -0.16164506971471396 0.092952111378648963 0.16762014010823126
decision_type=2 2 2 2 2 2 2 2 2 2 2 2 2 2
left_child=1 2 3 4 5 -1 13 -8 -9 -6 -5 -12 -13 -4
right_child=-2 -3 6 10 9 -7 7 8 -10 -11 11 12 -14 -15
leaf_value=0.00047972284605940854 -0.0001123450883172955 -0.000513681884720369 -0.00022279846967585953 -0.0001395092422439576 0.00014018984154666632 -0.00046492986643280673 0.00032218315307878281 -0.00011453359749401764 0.00023057219074170649 0.00093362887526133686 0.0010296634446285116 0.00067315068523527387 -0.00022139067563336739 0.00013835035342252527
leaf_weight=3237 131148 5660 46790 3918 22237 10414 34956 52427 23614 3351 6778 8650 4145 18838
leaf_count=3237 131148 5660 46790 3918 22237 10414 34956 52427 23614 3351 6778 8650 4145 18838
internal_value=-1.17299e-06 5.83357e-05 7.1883e-05 0.000228227 7.56188e-05 -0.000240741 1.63464e-05 9.64506e-05 -7.34719e-06 0.000244423 0.000482999 0.000607617 0.000383413 -0.000119128
internal_weight=376163 245015 239355 62730 39239 13651 176625 110997 76041 25588 23491 19573 12795 65628
internal_count=376163 245015 239355 62730 39239 13651 176625 110997 76041 25588 23491 19573 12795 65628
is_linear=0
shrinkage=0.03


Tree=133
num_leaves=15
num_cat=0
split_feature=28 43 63 68 67 58 66 33 60 47 41 60 9 29
split_gain=1.93616 1.58742 2.56721 2.45945 2.42834 4.31051 3.79143 2.98297 2.95964 2.17249 2.30862 2.14216 2.08938 2.08264
threshold=-0.42100217875525064 0.11753612812683724 0.17660958282739467 -0.050284688407473736 0.15224580062801504 -0.26735573923714495 -0.39337495377308906 0.13758556623897036 -1.0000000180025095e-35 0.42204623360858945 0.027770829859374128 0.13341905953635411 -0.40061964126964433 0.031438328381047882
decision_type=2 2 2 2 2 2 2 2 2 2 2 2 2 2
left_child=-1 3 4 9 5 7 -6 8 -3 -2 -11 13 -5 -7
right_child=1 2 -4 12 6 11 -8 -9 -10 10 -12 -13 -14 -15
leaf_value=0.00022855050615699782 -1.0578025561431772e-05 -0.0012440019789961632 -0.00011872389000883209 -0.00060769817459537553 0.00094659735294322128 5.0349922474493197e-05 0.00018712202769027565 0.00030845930245267583 -0.0002811864903208442 0.0011603264157619047 8.0327657217926652e-05 -0.0003226755928877469 -0.00013659348779575297 0.00059080755629325554
leaf_weight=29635 98505 4177 48619 9285 7305 11993 30972 4515 9186 3012 4343 5290 95955 13797
leaf_count=29635 98505 4177 48619 9285 7305 11993 30972 4515 9186 3012 4343 5290 95955 13797
internal_value=-4.15864e-06 -2.40415e-05 5.59468e-05 -7.55183e-05 0.000153299 1.33312e-05 0.000332274 -0.000357706 -0.000582848 2.65805e-05 0.000523581 0.000226808 -0.000178211 0.000339598
internal_weight=376589 346954 135854 211100 87235 48958 38277 17878 13363 105860 7355 31080 105240 25790
internal_count=376589 346954 135854 211100 87235 48958 38277 17878 13363 105860 7355 31080 105240 25790
is_linear=0
shrinkage=0.03


Tree=134
num_leaves=15
num_cat=0
split_feature=60 63 8 47 7 60 58 28 0 35 42 11 22 28
split_gain=1.89932 1.81013 2.94253 2.09888 1.91022 1.90442 3.06391 1.80082 1.71798 1.89684 1.83073 1.63405 2.03567 1.52748
threshold=0.48066040041397229 0.21205880001149222 0.29262941300269668 -0.32185209238345314 -0.33365394219422234 0.29763249915605638 -0.4058318731481611 -0.46847330016124883 -0.13502819887795342 0.41066714351861455 0.16762014010823126 0.27583115922820434 -0.016110465899897421 -0.1104459694325491
decision_type=2 2 2 2 2 2 2 2 2 2 2 2 2 2
left_child=1 2 3 11 13 7 -7 -3 10 -10 -4 12 -1 -5
right_child=-2 5 8 4 -6 6 -8 -9 9 -11 -12 -13 -14 -15
leaf_value=-0.0003700405354417939 -0.00048485511712189738 0.00054579026388453444 -0.00014185690199338088 0.00022141345569887236 0.00019241766910898963 -0.000482632001781731 0.00035415521221237299 -0.0001871407907638817 -0.00044585186734558775 0.00019854395425266636 0.00044233205241067929 0.00033187308146848219 7.4157724924035488e-05 -0.00024433974558934563
leaf_weight=19947 7128 3124 16188 9788 141550 5158 16544 81206 21366 5084 6868 7134 17359 17935
leaf_count=19947 7128 3124 16188 9788 141550 5158 16544 81206 21366 5084 6868 7134 17359 17935
internal_value=-1.53915e-07 9.21561e-06 5.13729e-05 9.96497e-05 0.00014782 -9.54327e-05 0.000155142 -0.000159928 -0.000157012 -0.000321963 3.22796e-05 -8.38234e-05 -0.000163384 -7.98784e-05
internal_weight=376379 369251 263219 213713 169273 106032 21702 84330 49506 26450 23056 44440 37306 27723
internal_count=376379 369251 263219 213713 169273 106032 21702 84330 49506 26450 23056 44440 37306 27723
is_linear=0
shrinkage=0.03


Tree=135
num_leaves=15
num_cat=0
split_feature=59 58 49 50 21 58 62 41 60 50 57 52 19 68
split_gain=2.562 2.62694 2.04573 3.03982 2.19693 1.84093 2.09833 3.46447 2.36606 3.97027 2.08814 1.69187 2.62138 1.9192
threshold=-0.47242163825194644 -0.35021311493846174 -0.46815095235178827 -0.13021387032440204 -0.39310455453681964 -0.22829672620234392 0.03140605975292577 0.2602391762897287 0.17653337978903647 -0.15361362715063229 -0.32332450551530895 -0.12677660373449354 -0.31122880488295607 -0.24962284862583961
decision_type=2 2 2 2 2 2 2 2 2 2 2 2 2 2
left_child=1 -1 3 -2 -4 6 7 -6 -8 -10 -11 12 -7 -14
right_child=2 -3 4 -5 5 11 8 -9 9 10 -12 -13 13 -15
leaf_value=-5.6142650363543197e-05 -9.2985114447412801e-05 0.00092228479039715506 -0.00021795366223535009 -0.001145882283585692 -0.0001519504298133431 0.00088516696592040285 -0.00021400552505823549 -0.0010244480935522791 -0.00029593596480803809 0.0010529002254272774 0.00028528735121503569 4.1374188219052224e-06 0.00037559149081131313 4.5715018498369827e-05
leaf_weight=4572 8381 5358 38161 3489 37434 4375 15737 4590 7196 5120 8461 151497 21510 60504
leaf_count=4572 8381 5358 38161 3489 37434 4375 15737 4590 7196 5120 8461 151497 21510 60504
internal_value=-3.04118e-06 0.000472191 -1.59313e-05 -0.000403172 -2.95713e-06 2.29777e-05 -0.00010295 -0.000247469 6.33991e-05 0.000273514 0.000575237 6.45552e-05 0.000170495 0.000132268
internal_weight=376385 9930 366455 11870 354585 316424 78538 42024 36514 20777 13581 237886 86389 82014
internal_count=376385 9930 366455 11870 354585 316424 78538 42024 36514 20777 13581 237886 86389 82014
is_linear=0
shrinkage=0.03


Tree=136
num_leaves=15
num_cat=0
split_feature=59 36 36 36 36 36 36 58 1 56 29 36 65 51
split_gain=1.66328 3.90242 4.23873 3.70774 4.90308 4.38045 8.37779 6.09261 3.80389 3.63918 3.62529 3.57836 3.55466 2.84456
threshold=-0.22840625116832761 -0.069805264816171483 -0.11463550694319923 -0.061214439040295603 -0.050417982088782946 -0.015108607923641075 0.29488841075409922 -0.39051904914971447 -0.024535484427785855 -0.39004051426394565 0.012125245423457722 0.39922736053915547 0.41888074904332406 -0.15377437622388765
decision_type=2 2 2 2 2 2 2 2 2 2 2 2 2 2
left_child=1 2 -1 13 8 7 -7 -6 -5 -4 -9 -8 -2 -3
right_child=12 3 9 4 5 6 11 10 -10 -11 -12 -13 -14 -15
leaf_value=0.00022758001807383097 -1.2186349522695056e-05 0.0014880181614218494 -0.00078265590236144625 0.00012464700402403282 0.001945110197608165 -0.0010934955264083163 0.00069378461545280853 -0.00020616747568875571 -0.0012177798027017733 -6.0363294061479442e-05 0.00097582535901941645 -0.00012823151354180427 -0.00050461728253138637 0.00034892796984029077
leaf_weight=20922 263367 3706 10339 3988 3041 4410 11460 4548 3615 15964 4784 8150 13879 4224
leaf_count=20922 263367 3706 10339 3988 3041 4410 11460 4548 3615 15964 4784 8150 13879 4224
internal_value=8.58811e-07 0.000106307 -9.10394e-05 0.00028577 0.000178042 0.000322804 8.6479e-05 0.000781146 -0.000514398 -0.000344467 0.000400171 0.00035226 -3.68549e-05 0.000882473
internal_weight=376397 99151 47225 51926 43996 36393 24020 12373 7603 26303 9332 19610 277246 7930
internal_count=376397 99151 47225 51926 43996 36393 24020 12373 7603 26303 9332 19610 277246 7930
is_linear=0
shrinkage=0.03


Tree=137
num_leaves=15
num_cat=0
split_feature=49 9 52 32 22 52 41 42 52 21 15 24 58 66
split_gain=1.87825 3.25228 3.36938 2.27811 2.13125 2.1232 2.3494 2.85685 2.16911 2.0219 3.1174 1.75212 3.30736 3.07327
threshold=-0.2336156191688441 -0.13486535493733592 -0.27323810158837236 0.25547579005162629 0.21453488784799371 -0.38529565110715819 -0.26337865568195012 0.23849955220305422 0.25423059832187583 0.24354845618724516 0.16548776064142498 0.015887475819250877 -0.27123662628533363 -0.27533598007161758
decision_type=2 2 2 2 2 2 2 2 2 2 2 2 2 2
left_child=1 2 -1 -4 11 -3 7 -7 -8 -6 -11 12 -2 -14
right_child=4 5 3 -5 9 6 8 -9 -10 10 -12 -13 13 -15
leaf_value=-0.00013076704478579145 -0.00018243088577709655 0.00066269122625270481 -0.001220834157846095 -0.00025868821337103837 8.9064912911882767e-05 -6.6750333386543059e-06 -8.1491388331736745e-05 0.00068964461587398321 -0.00061114572066815894 0.0009320925311693054 0.00014445611077426067 -9.1861461430304265e-05 0.00064509913899718019 0.00010746875589514146
leaf_weight=15091 27972 3980 5810 3586 60942 22606 33210 6918 8795 7256 11990 106775 11839 49766
leaf_count=15091 27972 3980 5810 3586 60942 22606 33210 6918 8795 7256 11990 106775 11839 49766
internal_value=3.15027e-06 -0.000108268 -0.00040863 -0.000854295 4.34413e-05 -1.08218e-05 -4.83846e-05 0.000156663 -0.000192509 0.000173754 0.000441735 -9.78327e-06 8.80525e-05 0.000210876
internal_weight=376536 99996 24487 9396 276540 75509 71529 29524 42005 80188 19246 196352 89577 61605
internal_count=376536 99996 24487 9396 276540 75509 71529 29524 42005 80188 19246 196352 89577 61605
is_linear=0
shrinkage=0.03


Tree=138
num_leaves=15
num_cat=0
split_feature=34 22 1 1 60 60 53 34 30 69 1 60 53 23
split_gain=2.0637 2.9613 2.44117 3.181 2.78576 2.47303 2.43197 2.13803 2.12711 3.08768 3.94977 2.82094 2.01064 1.85276
threshold=0.20120507110830058 0.26136091909047438 -0.20492994662600073 -0.096678846748896527 -1.0000000180025095e-35 0.29367396421440889 -0.37300271505306859 -0.22020312603340469 -0.42093716937074616 0.11843182304267193 -0.2014751469623321 0.26217496753699715 0.058607001452957504 -0.4236659544916499
decision_type=2 2 2 2 2 2 2 2 2 2 2 2 2 2
left_child=1 8 7 4 -4 -5 -2 -3 9 10 -1 -11 13 -10
right_child=6 2 3 5 -6 -7 -8 -9 12 11 -12 -13 -14 -15
leaf_value=-9.4493759433347729e-05 0.00047591345434894481 -0.00053470194167620669 0.001025204753055315 -1.8839994416261995e-05 0.00010191162127072579 0.00067509625200504316 5.5415377843360966e-05 0.0001177824770014065 0.00016519762217901394 0.0002118907093008082 0.00096935582423780873 -0.0010022883692557974 -3.2215680931527888e-05 -0.00027648122679614927
leaf_weight=5851 14206 7783 7491 27371 4842 5551 95807 10754 9523 4015 6767 3002 90756 82946
leaf_count=5851 14206 7783 7491 27371 4842 5551 95807 10754 9523 4015 6767 3002 90756 82946
internal_value=4.34102e-07 -4.46701e-05 0.000133597 0.000252356 0.000663091 9.83345e-05 0.000109753 -0.000156312 -0.000100732 0.000195951 0.000476362 -0.000308244 -0.000132535 -0.000230982
internal_weight=376665 266652 63792 45255 12333 32922 110013 18537 202860 19635 12618 7017 183225 92469
internal_count=376665 266652 63792 45255 12333 32922 110013 18537 202860 19635 12618 7017 183225 92469
is_linear=0
shrinkage=0.03


Tree=139
num_leaves=15
num_cat=0
split_feature=7 28 1 20 58 30 60 50 41 61 30 40 36 1
split_gain=2.10798 2.12351 1.76537 1.65529 2.09472 2.73028 2.32054 2.36524 3.29458 2.9846 3.95862 2.80527 2.52359 2.47203
threshold=-0.48009284233304278 -0.42100217875525064 -0.22490060116505201 0.44083171263941406 -0.25562505497512672 -0.28320259816292465 0.03510021853119006 -0.4118343856152224 0.098707242471245474 0.21895904011653541 -0.25568994600769041 0.14436434200566947 -0.050546709288082935 -0.08877264315003143
decision_type=2 2 2 2 2 2 2 2 2 2 2 2 2 2
left_child=-1 2 -2 4 6 -6 -3 -8 13 11 -11 -10 -13 -9
right_child=1 3 -4 -5 5 -7 7 8 9 10 -12 12 -14 -15
leaf_value=-0.00050118541050091041 0.00049771107712953254 -0.00041413127435619324 2.8667421177531367e-05 0.00026813841291919034 0.00027647425749450279 -1.0356622103979871e-05 -0.00062112994280030093 3.6885424550276737e-06 -0.00040518319176355619 -0.0015772091023321495 -0.00017861839140543851 -7.0442948684684088e-05 0.0010293457391282231 0.00058306381364419356
leaf_weight=6971 14984 21379 13935 20090 34872 207756 5783 16155 7808 3000 4620 4363 3285 11229
leaf_count=6971 14984 21379 13935 20090 34872 207756 5783 16155 7808 3000 4620 4363 3285 11229
internal_value=1.52658e-05 2.50289e-05 0.000271784 4.05449e-06 -1.25199e-05 3.08782e-05 -0.000148159 -4.7002e-05 1.89063e-05 -0.000245104 -0.00073059 -5.43612e-06 0.00040267 0.000241392
internal_weight=376230 369259 28919 340340 320250 242628 77622 56243 50460 23076 7620 15456 7648 27384
internal_count=376230 369259 28919 340340 320250 242628 77622 56243 50460 23076 7620 15456 7648 27384
is_linear=0
shrinkage=0.03


Tree=140
num_leaves=15
num_cat=0
split_feature=9 48 1 1 41 5 53 53 53 18 33 6 22 59
split_gain=1.80819 3.55587 2.4932 3.10715 2.69742 1.91388 1.76455 1.7522 3.19267 2.69161 2.95515 2.63782 2.63702 2.497
threshold=-0.36066559485530542 -0.059146154708612141 -0.058110101251694184 -0.2573936915671477 -0.11434226791218764 -0.17310212459500801 0.47317116709022095 -0.25762664861765222 1.0000000180025095e-35 -0.17679969822459862 -0.19579929158694862 0.11838760285595364 -0.18324288784432249 -0.46852826938948605
decision_type=2 2 2 2 2 2 2 2 2 2 2 2 2 2
left_child=1 2 3 -1 -5 -4 7 9 12 10 11 -2 -9 -11
right_child=6 -3 5 4 -6 -7 -8 8 -10 13 -12 -13 -14 -15
leaf_value=-0.00023054188717011489 -0.00012155618128124033 -0.0004326151353352851 -0.00069355063107507569 -5.0482187428867025e-05 0.0010050258012567338 9.6950512969589303e-05 0.00052661449352160033 -0.0004392527006233625 4.8524413164827998e-05 0.0010443043603855493 -0.00043133405192717471 0.0008697334782644733 -8.115356133127206e-05 0.00017962264026466667
leaf_weight=5982 6740 25685 5297 3331 6286 5731 5816 25337 139306 3165 14075 3754 68613 56604
leaf_count=5982 6740 25685 5297 3331 6286 5731 5816 25337 139306 3165 14075 3754 68613 56604
internal_value=-1.72313e-05 -0.000180852 6.20751e-05 0.000306078 0.000639761 -0.00028303 9.23938e-06 -2.51436e-07 -4.26231e-05 0.000116928 -0.000147368 0.000233547 -0.000177764 0.000225578
internal_weight=375722 52312 26627 15599 9617 11028 323410 317594 233256 84338 24569 10494 93950 59769
internal_count=375722 52312 26627 15599 9617 11028 323410 317594 233256 84338 24569 10494 93950 59769
is_linear=0
shrinkage=0.03


Tree=141
num_leaves=15
num_cat=0
split_feature=7 15 52 8 36 9 56 58 30 41 62 45 64 51
split_gain=1.73869 1.59888 1.98991 1.47998 1.40099 1.38384 2.67865 2.2142 4.72943 3.04685 2.70529 2.37687 2.41971 2.30156
threshold=-0.33365394219422234 -0.14149940131191996 0.10571596432595433 -0.11751510272086592 -0.14432255261510149 -0.19418869523759069 0.40204006332537501 -0.35435743731871938 -0.25568994600769041 0.023980059670757396 0.1684357957168455 0.23971779850953526 -0.066931100395667312 -0.075129319509354461
decision_type=2 2 2 2 2 2 2 2 2 2 2 2 2 2
left_child=1 4 -3 -4 -1 6 7 9 11 -2 -11 12 -9 -14
right_child=5 2 3 -5 -6 -7 -8 8 -10 10 -12 -13 13 -15
leaf_value=0.00015993254239658598 4.4765899525115455e-05 0.00011466420819212141 0.00010222251126823445 -0.00066531068892400455 -0.00044963689940102447 6.2194970103220541e-05 -0.00071647793160965843 6.8872079124979789e-05 -0.00014173878526261367 -0.0011846205559141231 -0.00011640886980488303 -0.00029139451361810491 0.00032735005702421832 0.0011138753050991418
leaf_weight=4090 9389 25138 3529 6271 19787 223153 5506 7490 45235 5042 3698 4060 6371 7075
leaf_count=4090 9389 25138 3529 6271 19787 223153 5506 7490 45235 5042 3698 4060 6371 7075
internal_value=-6.2501e-06 -0.000156043 -2.67104e-05 -0.000389098 -0.000345198 2.15443e-05 -7.50934e-05 -3.505e-05 4.12611e-05 -0.000330536 -0.000733297 0.000372358 0.000501154 0.000741723
internal_weight=375834 58815 34938 9800 23877 317019 93866 88360 70231 18129 8740 24996 20936 13446
internal_count=375834 58815 34938 9800 23877 317019 93866 88360 70231 18129 8740 24996 20936 13446
is_linear=0
shrinkage=0.03


Tree=142
num_leaves=15
num_cat=0
split_feature=44 36 36 45 33 36 44 4 40 35 52 21 7 0
split_gain=2.5419 3.92947 3.33532 2.63303 2.34933 2.01077 2.0934 2.00177 1.94486 1.87533 1.79408 2.89952 2.20516 2.1793
threshold=0.14041647774056135 -0.069689053811140642 -0.050546709288082935 0.1926816141143112 -0.003930207499475479 -0.085008674281173216 0.23901891025482877 -1.0000000180025095e-35 0.44134237283821798 -0.07081348511641182 -0.12266290881424592 1.0000000180025095e-35 0.12240916603069836 -0.3688570330796252
decision_type=2 2 2 2 2 2 2 2 2 2 2 2 2 2
left_child=10 5 3 -3 -5 7 -7 9 -4 -2 12 13 -1 -12
right_child=1 2 8 4 -6 6 -8 -9 -10 -11 11 -13 -14 -15
leaf_value=5.1432208431056152e-05 -2.1535906338515272e-05 -0.00033652494899611373 -0.00020412583938483268 -0.0016784067326956243 -0.00059481776761456748 -0.00021588328995910934 0.00057138183117418984 -0.00026965142006788855 0.00039229271298402922 0.00051503201535864666 -0.00052358101227163842 0.00010771392347866951 0.00036661586886044571 -7.9141857522129267e-05
leaf_weight=60487 23541 13303 41899 3059 4402 4194 10994 20407 5566 7796 12003 81559 29824 57288
leaf_count=60487 23541 13303 41899 3059 4402 4194 10994 20407 5566 7796 12003 81559 29824 57288
internal_value=-8.56808e-06 -0.000112711 -0.000272906 -0.000589945 -0.00104074 5.06048e-05 0.000353988 -3.84961e-05 -0.000134119 0.000112073 4.98019e-05 -1.35114e-05 0.000155546 -0.000156195
internal_weight=376322 135161 68229 20764 7461 66932 15188 51744 47465 31337 241161 150850 90311 69291
internal_count=376322 135161 68229 20764 7461 66932 15188 51744 47465 31337 241161 150850 90311 69291
is_linear=0
shrinkage=0.03


Tree=143
num_leaves=15
num_cat=0
split_feature=28 65 16 57 36 36 59 42 36 65 43 45 36 42
split_gain=2.60125 1.86436 2.67955 2.57696 2.8892 3.90472 3.48741 2.09975 3.18174 2.5362 2.07368 2.41948 2.00907 2.04576
threshold=-0.42100217875525064 0.26210788304987354 -0.42869276804383871 0.25207963887347412 -0.11897829513036882 -0.030103936289380014 -0.42928650970410426 0.25399739788004877 -0.05744562927398749 0.42666089116937939 0.015966701548882915 0.0041125242109655855 -0.069805264816171483 -0.024083069267880088
decision_type=2 2 2 2 2 2 2 2 2 2 2 2 2 2
left_child=-1 2 -2 4 10 7 -7 8 12 -9 -3 -12 13 -6
right_child=1 3 -4 -5 5 6 -8 9 -10 -11 11 -13 -14 -15
leaf_value=0.00027022110464445246 -0.00032474421551215626 -0.00031729745090095239 4.4387506579065731e-05 -0.00076657314020356251 -0.00015441883399464512 0.0010615929314913167 -1.739946723979283e-05 0.00033936660605832003 -0.00099544423395729782 -0.00064459696613601407 0.0011329992864524585 0.00018975637557029325 9.9107728790376109e-05 -0.00079689826692767385
leaf_weight=29713 19081 4222 242679 5583 8855 3237 15883 7213 7784 3490 3391 8749 7783 8990
leaf_count=29713 19081 4222 242679 5583 8855 3237 15883 7213 7784 3490 3391 8749 7783 8990
internal_value=8.71004e-07 -2.22041e-05 1.74683e-05 -0.000144106 -0.000100355 -0.000192292 0.000165732 -0.000347467 -0.000464579 1.82167e-05 0.000254862 0.000453943 -0.000303014 -0.000478354
internal_weight=376653 346940 261760 85180 79597 63235 19120 44115 33412 10703 16362 12140 25628 17845
internal_count=376653 346940 261760 85180 79597 63235 19120 44115 33412 10703 16362 12140 25628 17845
is_linear=0
shrinkage=0.03


Tree=144
num_leaves=15
num_cat=0
split_feature=28 59 55 23 50 65 62 66 58 60 1 29 50 4
split_gain=2.33417 1.93545 1.80983 1.72799 2.23317 1.82985 1.76023 1.73618 2.12209 1.76704 2.8514 1.95848 1.72309 1.73953
threshold=-0.22030539245688252 -0.47623912630342163 -0.4838358542464532 -0.11946429482925831 -0.20535239450711268 0.4579834818406156 -0.22332373185427667 0.44561036482419447 0.31501678305802999 0.24656584391078609 -0.081435627910382655 -0.055294791503880357 0.29681626849492493 0.43403177268419524
decision_type=2 2 2 2 2 2 2 2 2 2 2 2 2 2
left_child=12 -2 -3 4 -4 7 -6 8 9 11 -11 -5 13 -1
right_child=1 2 3 5 6 -7 -8 -9 -10 10 -12 -13 -14 -15
leaf_value=0.00014741471252325441 0.00046038409519889525 -0.00071484683326189925 -0.00016748890816974951 -0.00032406336425314748 -0.00025782287587107087 -0.00058047863737604609 0.00020084389959473657 -0.0005335282603964632 0.00019768768174244634 -0.00026520899617988756 0.00031746772912310606 -4.7334228933608552e-05 -0.00011756359208431316 0.00069883884724162562
leaf_weight=77978 6657 3703 29525 44135 8587 7053 60751 7438 23430 12713 18613 48101 21449 5504
leaf_count=77978 6657 3703 29525 44135 8587 7053 60751 7438 23430 12713 18613 48101 21449 5504
internal_value=2.12315e-06 -4.44363e-05 -5.71804e-05 -4.77991e-05 5.09764e-05 -0.000108271 0.000144012 -8.66683e-05 -6.40218e-05 -0.000113659 8.09914e-05 -0.00017977 0.000122232 0.00018385
internal_weight=375637 270706 264049 260346 98863 161483 69338 154430 146992 123562 31326 92236 104931 83482
internal_count=375637 270706 264049 260346 98863 161483 69338 154430 146992 123562 31326 92236 104931 83482
is_linear=0
shrinkage=0.03


Tree=145
num_leaves=15
num_cat=0
split_feature=60 65 43 63 43 42 47 60 28 48 36 20 24 65
split_gain=1.89647 1.6828 2.00365 1.59206 2.53606 4.03766 3.93701 3.55493 3.50662 2.78665 2.26103 2.20877 2.13974 2.10202
threshold=0.48066040041397229 -0.48798695408365217 -0.48797203887727125 0.17660958282739467 0.18862913340828066 -0.13483437471390333 -0.15663466421976532 0.19616154779872705 0.18509414057466825 -0.22743310958719351 -0.067175522578586236 0.020109485224736771 0.44138337341721917 0.25427897971209706
decision_type=2 2 2 2 2 2 2 2 2 2 2 2 2 2
left_child=1 -1 -3 4 8 9 7 10 -4 -6 -7 -10 13 -5
right_child=-2 2 3 12 5 6 -8 -9 11 -11 -12 -13 -14 -15
leaf_value=0.00057624822335411994 -0.00050446451211856992 -0.00070345863174115712 5.0797879288607781e-05 -7.4836880366507748e-05 0.0014065840795269746 -0.0013377566340997313 0.00021046032135493272 0.00036413835418752866 -0.00046188516664693821 0.00027328372422503506 -0.000228273425554695 -4.1745634040915793e-05 0.00029562838708952784 -0.00040571222969825892
leaf_weight=4338 7119 3782 131417 82672 3821 3663 51601 3303 22957 3995 3015 22101 11004 21839
leaf_count=4338 7119 3782 131417 82672 3821 3663 51601 3303 22957 3995 3015 22101 11004 21839
internal_value=-1.98116e-05 -1.04608e-05 -1.74462e-05 -1.02477e-05 3.29121e-05 0.000186542 0.000104954 -0.000440168 -2.75091e-05 0.000828409 -0.000837935 -0.000255861 -0.000102108 -0.00014401
internal_weight=376627 369508 365170 361388 245873 69398 61582 9981 176475 7816 6678 45058 115515 104511
internal_count=376627 369508 365170 361388 245873 69398 61582 9981 176475 7816 6678 45058 115515 104511
is_linear=0
shrinkage=0.03


Tree=146
num_leaves=15
num_cat=0
split_feature=65 55 53 6 60 53 33 33 47 6 68 22 37 63
split_gain=1.68236 2.56378 2.54842 2.42577 2.29664 2.23798 1.82561 3.18661 2.12536 1.7586 1.8623 2.3956 1.70055 1.79821
threshold=0.43048981415937138 -0.32512648130294936 -0.28171401217260472 0.39016189929817008 0.41425105744067725 -0.11903355553680421 -0.0078562408660735588 0.047053186344926508 -0.16055317140392469 -0.25969626657183248 -0.20088163165133435 0.054956081708269218 0.078140740148280721 0.019954003346411679
decision_type=2 2 2 2 2 2 2 2 2 2 2 2 2 2
left_child=2 -2 3 4 12 -4 8 -8 -3 10 -7 -12 13 -1
right_child=1 6 5 -5 -6 9 7 -9 -10 -11 11 -13 -14 -15
leaf_value=0.00028341628730855096 -0.0010076715223845214 0.00088631995464122414 -0.00016178444192568742 0.00078431194798974204 -0.00041735622284199173 0.00032652500078733307 -0.0011371560552691591 -6.4150891125800986e-05 -9.471131379605775e-05 -1.841810654918869e-06 -0.00026087129522216407 0.00033978342853939263 0.00043519112793282647 -0.00018716368024236543
leaf_weight=16628 3151 3023 57640 6125 5646 35328 3206 11055 5761 171145 14485 10158 19904 13024
leaf_count=16628 3151 3023 57640 6125 5646 35328 3206 11055 5761 171145 14485 10158 19904 13024
internal_value=2.53881e-05 -0.000206462 4.27423e-05 0.00021836 0.000155434 5.43769e-06 -9.65211e-05 -0.000306 0.000243533 4.71478e-05 0.000186931 -1.32402e-05 0.000220764 7.67308e-05
internal_weight=376279 26196 350083 61327 55202 288756 23045 14261 8784 231116 59971 24643 49556 29652
internal_count=376279 26196 350083 61327 55202 288756 23045 14261 8784 231116 59971 24643 49556 29652
is_linear=0
shrinkage=0.03


Tree=147
num_leaves=15
num_cat=0
split_feature=53 43 51 19 68 38 38 38 38 24 58 33 33 1
split_gain=1.59823 2.07583 1.77422 1.67586 1.61544 1.4393 2.6232 1.84186 2.09985 1.42363 1.41786 2.83729 8.84204 2.17241
threshold=0.46519043343100502 -0.48797203887727125 0.46448479120396619 0.42567374406997055 -0.037232616646644671 0.082906981405537108 0.014680145875224983 -0.034540474018322102 -0.12695313473141903 0.20328812619214812 0.15406997201336001 -0.038862563121279912 1.0000000180025095e-35 0.17205161046097114
decision_type=2 2 2 2 2 2 2 2 2 2 2 2 2 2
left_child=1 -1 3 10 -4 6 7 8 -5 -2 -3 -12 13 -13
right_child=9 2 4 5 -6 -7 -8 -9 -10 -11 11 12 -14 -15
leaf_value=-0.00076614164762778985 0.00058729345153270501 -4.4432733375512314e-05 0.00071394052334651157 7.5772772257123137e-05 1.7891824873829451e-05 0.00014722379153641214 -0.0012201158636025442 0.0003410051813209091 -0.00096734162825109723 -4.6618879956108861e-05 -8.4460350078968365e-05 0.0011689485771115182 2.3465016841167133e-05 0.00035642984883449424
leaf_weight=3249 7679 226433 5773 3115 6239 4844 3099 3438 3912 5445 46413 9050 43498 4417
leaf_count=3249 7679 226433 5773 3115 6239 4844 3099 3438 3912 5445 46413 9050 43498 4417
internal_value=-6.58158e-07 -1.24055e-05 -5.58629e-06 -1.79564e-05 0.00035273 -0.000296452 -0.00045489 -0.000227335 -0.000505489 0.000324455 -2.40397e-06 8.96487e-05 0.000231496 0.000902915
internal_weight=376604 363480 360231 348219 12012 18408 13564 10465 7027 13124 329811 103378 56965 13467
internal_count=376604 363480 360231 348219 12012 18408 13564 10465 7027 13124 329811 103378 56965 13467
is_linear=0
shrinkage=0.03


Tree=148
num_leaves=15
num_cat=0
split_feature=34 36 57 36 1 18 57 42 36 60 43 36 36 1
split_gain=1.57865 3.57923 4.41983 3.03964 2.91959 2.71124 6.53126 2.50171 2.4707 2.20613 2.20159 2.09891 2.06299 2.04601
threshold=0.23311406016734101 -0.085008674281173216 -0.4250744930478087 -0.20313443362101813 -0.28204853053857853 0.36223341082528937 -0.031891832353740733 -0.086781118836647284 -0.069634064933238912 0.23881715708435994 -0.48397897724572037 -0.011899747126864561 -0.058940323593139325 -0.19896252012905211
decision_type=2 2 2 2 2 2 2 2 2 2 2 2 2 2
left_child=10 3 -3 -2 -4 -5 -7 8 -6 -8 -1 13 -9 -10
right_child=1 2 4 5 7 6 9 12 11 -11 -12 -13 -14 -15
leaf_value=-0.00081770964565672027 0.0007822768016799242 0.0012647712364136441 0.00084842413178926295 2.2170042049235577e-05 0.00047548967038728865 -0.0013369534983976861 -0.00045192194457675149 -3.3619557733104021e-06 0.00018703017402665949 0.00045625788042817606 -2.2056713326160774e-05 0.00036017611762621414 0.00058160055110439296 -0.00070227120816565439
leaf_weight=3156 3361 3783 5546 27585 4794 5195 5027 9307 3094 4601 274661 3387 13002 9355
leaf_count=3156 3361 3783 5546 27585 4794 5195 5027 9307 3094 4601 274661 3387 13002 9355
internal_value=5.39926e-06 0.000108893 0.000278494 -8.48103e-05 0.000201296 -0.000153699 -0.000480777 0.000117535 -0.000120565 -1.79006e-05 -3.11244e-05 -0.000301193 0.00033767 -0.000481277
internal_weight=375854 98037 52268 45769 48485 42408 14823 42939 20630 9628 277817 15836 22309 12449
internal_count=375854 98037 52268 45769 48485 42408 14823 42939 20630 9628 277817 15836 22309 12449
is_linear=0
shrinkage=0.03


Tree=149
num_leaves=15
num_cat=0
split_feature=43 36 36 15 50 34 50 47 41 60 36 36 36 57
split_gain=1.87159 2.30437 4.03406 2.79295 2.65754 2.50435 1.98722 1.91165 1.79505 2.54389 1.87251 2.68158 4.8591 4.26518
threshold=0.11373395996037507 -0.11514544379325443 -0.10869050636991741 -0.2398302036117706 -0.34773566446201243 -0.38919591237130713 0.28484534015488511 0.078887376570683357 0.086944442472243158 0.3483547200528333 -0.048465323046090768 -0.015108607923641075 0.30298817918699661 -0.29988928677146981
decision_type=2 2 2 2 2 2 2 2 2 2 2 2 2 2
left_child=6 5 -3 -4 -5 -2 7 -1 9 -6 -10 13 -13 -12
right_child=1 2 3 4 8 -7 -8 -9 10 -11 11 12 -14 -15
leaf_value=-6.4400841158493302e-05 0.0010460995013435637 -0.0008862636889692576 -0.00019709233269884358 -0.00046737266747669433 0.00028439843314926445 0.00022314748657119231 -0.00022280945279055215 0.00014312572146139442 -7.29309399096708e-05 0.0011376144226807458 0.0016210661745719595 -0.00097556234809942344 0.0003292680538940031 0.00020149664084800781
leaf_weight=132787 3833 4135 26955 5723 21029 24918 45439 57127 26622 3691 3046 3208 12718 5066
leaf_count=132787 3833 4135 26955 5723 21029 24918 45439 57127 26622 3691 3046 3208 12718 5066
internal_value=7.1592e-06 9.3612e-05 3.21935e-05 6.74184e-05 0.000155343 0.000333187 -4.46159e-05 -1.97165e-06 0.000202677 0.000412203 0.000100376 0.000292263 6.59867e-05 0.000735875
internal_weight=376297 140944 112193 108058 81103 28751 235353 189914 75380 24720 50660 24038 15926 8112
internal_count=376297 140944 112193 108058 81103 28751 235353 189914 75380 24720 50660 24038 15926 8112
is_linear=0
shrinkage=0.03


Tree=150
num_leaves=15
num_cat=0
split_feature=28 43 43 4 52 8 61 29 2 58 47 22 31 64
split_gain=1.85682 1.47717 1.38279 1.32279 2.28979 1.53008 2.64566 1.73657 1.62289 1.66121 1.58104 1.87524 1.62087 1.90326
threshold=-0.42100217875525064 -0.48397897724572037 0.11373395996037507 0.34846367590697408 -0.32969680842485521 -0.11751510272086592 0.39501299125981854 0.21468847069745559 0.16809168009438499 -0.31088213545980331 1.0000000180025095e-35 -0.42891136817906422 0.46457271911817372 0.29953648502035607
decision_type=2 2 2 2 2 2 2 2 2 2 2 2 2 2
left_child=2 -2 -1 5 -5 6 7 8 -3 -10 11 -7 13 -12
right_child=1 3 -4 4 -6 10 -8 -9 9 -11 12 -13 -14 -15
leaf_value=0.00012779381459339945 -0.0005942044853315141 -7.7723023785496929e-05 0.00072029203155963889 0.00054892894857577409 1.7908232205887888e-05 -0.00072889569714245945 -0.00058719325524835355 0.00026808236862929376 0.00087287946515619244 0.00011446505403750527 4.6014542603195465e-05 -0.00016911415248160823 0.0005058032870493914 -0.00025282283340375875
leaf_weight=25535 4223 67978 4108 8876 41166 5797 6009 27111 3018 18391 55680 74541 4861 29249
leaf_count=25535 4223 67978 4108 8876 41166 5797 6009 27111 3018 18391 55680 74541 4861 29249
internal_value=-1.77381e-05 -3.72142e-05 0.000210119 -3.0333e-05 0.000112187 -5.47075e-05 2.61308e-05 5.78139e-05 -5.98323e-06 0.000221735 -0.000112916 -0.000209592 -2.64034e-05 -5.69208e-05
internal_weight=376543 346900 29643 342677 50042 292635 122507 116498 89387 21409 170128 80338 89790 84929
internal_count=376543 346900 29643 342677 50042 292635 122507 116498 89387 21409 170128 80338 89790 84929
is_linear=0
shrinkage=0.03


Tree=151
num_leaves=15
num_cat=0
split_feature=63 18 43 33 57 46 57 33 33 57 65 45 47 63
split_gain=1.76439 2.17078 3.38065 2.66753 2.24664 1.98262 1.95972 3.15049 5.16232 1.90969 3.24128 2.71196 3.61235 2.72285
threshold=0.12558823855080167 -0.28749694675134335 0.25857458507304421 -0.19579929158694862 -0.31162381264330158 0.023676716626435338 -0.35878136659126864 0.094287487977173082 -0.019318498023429744 -0.30382627535132478 -0.027525294019309334 -0.11078825330361765 -0.21558612384391962 -0.12323528434759499
decision_type=2 2 2 2 2 2 2 2 2 2 2 2 2 2
left_child=1 2 4 -4 -1 9 7 8 -7 11 -11 13 -13 -3
right_child=-2 5 3 -5 -6 6 -8 -9 -10 10 -12 12 -14 -15
leaf_value=-0.0010488344872283532 -7.9246734897040676e-05 0.00087575298588025887 0.00067153627129409919 -0.00021518832301950459 -0.00019566740118470474 7.2344576814932024e-05 0.00030163711849467073 0.00050952158542458444 -0.0014333946153556774 0.00011757215179624404 -0.00024735324828213814 -0.00059690263105303943 0.00049488854770451593 -2.6072934044598445e-05
leaf_weight=3016 139983 8389 7353 5210 34008 6315 58415 5113 3023 50637 38591 5836 5103 4698
leaf_count=3016 139983 8389 7353 5210 34008 6315 58415 5113 3023 50637 38591 5836 5103 4698
internal_value=5.11299e-06 5.52143e-05 -0.000121151 0.000303924 -0.000265431 0.000102206 0.000224265 -8.84882e-05 -0.000416122 2.3663e-05 -4.02677e-05 0.000261007 -8.75996e-05 0.000552241
internal_weight=375690 235707 49587 12563 37024 186120 72866 14451 9338 113254 89228 24026 10939 13087
internal_count=375690 235707 49587 12563 37024 186120 72866 14451 9338 113254 89228 24026 10939 13087
is_linear=0
shrinkage=0.03


Tree=152
num_leaves=15
num_cat=0
split_feature=65 48 32 47 8 18 61 63 57 36 30 18 36 39
split_gain=2.00713 1.48063 1.80505 1.51985 2.1619 2.17847 3.16147 2.09619 2.26942 2.00504 1.89803 1.93412 1.81635 2.70146
threshold=-0.47998814046916344 -0.48776321009357709 -0.47243819749328259 1.0000000180025095e-35 -0.132896644309871 -0.27567513629555845 0.34772594674870061 0.16883308885082984 -0.39027425828477041 -0.1680821642752153 0.45312053316180678 -0.011865320973433511 -0.12166673505490803 0.31678653190721923
decision_type=2 2 2 2 2 2 2 2 2 2 2 2 2 2
left_child=-1 -2 -3 4 5 -4 9 10 -9 -7 11 -5 13 -6
right_child=1 2 3 7 12 6 -8 8 -10 -11 -12 -13 -14 -15
leaf_value=0.00049932764933588675 0.00054431141506250467 -0.00042214640510226291 -0.00027362823866305822 6.7440801843458972e-05 -0.00022385178243820872 0.00092550243568573958 -0.00067969279965501448 -0.00084043702000364531 -1.630420587551611e-05 0.00016357456995964159 -0.00047015605219118063 0.00034414079483985463 -8.0786979940553083e-05 -0.001087570466868588
leaf_weight=7374 4430 9172 13336 51925 16836 3300 3840 3128 72157 51231 4102 40443 90405 4034
leaf_count=7374 4430 9172 13336 51925 16836 3300 3840 3128 72157 51231 4102 40443 90405 4034
internal_value=9.60143e-06 -2.15985e-07 -6.85949e-06 3.88967e-06 -5.62703e-05 7.21792e-05 0.000151219 6.79816e-05 -5.0653e-05 0.000209845 0.00016056 0.000188617 -0.000139044 -0.000391242
internal_weight=375713 368339 363909 354737 182982 71707 58371 171755 75285 54531 96470 92368 111275 20870
internal_count=375713 368339 363909 354737 182982 71707 58371 171755 75285 54531 96470 92368 111275 20870
is_linear=0
shrinkage=0.03


Tree=153
num_leaves=15
num_cat=0
split_feature=43 28 63 8 28 57 58 55 36 36 36 43 57 28
split_gain=1.66127 1.59099 1.55412 1.85453 1.72257 2.39618 2.38901 2.59267 1.95535 3.02737 3.01573 2.44217 1.68381 1.55671
threshold=-0.48797203887727125 -0.42100217875525064 0.29366843083576694 0.16208079493700836 0.18122760021038989 -0.4763360330305233 0.14642957520276242 0.41815045692682046 -0.060934713846650106 -0.1058066039740601 -0.035395442390528213 0.26237143597967949 -0.083046842695965503 0.2597142353310295
decision_type=2 2 2 2 2 2 2 2 2 2 2 2 2 2
left_child=-1 -2 4 -4 -3 -6 7 8 9 13 -10 -12 -8 -7
right_child=1 2 3 -5 5 6 12 -9 10 -11 11 -13 -14 -15
leaf_value=-0.00058484991665107462 0.00022425828926101181 7.7957726053325629e-05 -0.00026828960748232123 4.9201904713405848e-05 0.00075291048500631124 0.00010301883162836359 0.00078421264606735213 0.00056861367234334347 -0.00089965689412933934 0.00013926977064685769 -0.00053620598781440871 0.00017574800127150207 4.4072723858181749e-05 -0.00058233610788778836
leaf_weight=4285 28414 178027 40138 28176 3009 3955 3101 3680 8789 20058 9716 7818 24985 12090
leaf_count=4285 28414 178027 40138 28176 3009 3955 3101 3680 8789 20058 9716 7818 24985 12090
internal_value=1.78436e-06 8.55804e-06 -9.28831e-06 -0.000137353 2.25022e-05 -7.9064e-05 -0.000105719 -0.00020419 -0.00024983 -0.000106414 -0.000446416 -0.000218843 0.000126042 -0.000413441
internal_weight=376241 371956 343542 68314 275228 97201 94192 66106 62426 36103 26323 17534 28086 16045
internal_count=376241 371956 343542 68314 275228 97201 94192 66106 62426 36103 26323 17534 28086 16045
is_linear=0
shrinkage=0.03


Tree=154
num_leaves=15
num_cat=0
split_feature=52 9 9 48 9 52 53 53 36 59 12 58 34 42
split_gain=1.93 3.19182 2.41362 3.77929 1.82249 2.23895 1.65301 4.34604 2.74193 2.89031 2.79982 2.58842 2.95855 4.24659
threshold=-0.38529565110715819 0.097800510786970621 -0.41661955853099303 -0.17596855079373486 0.46889307780919476 0.25423059832187583 -0.26564723769265491 1.0000000180025095e-35 -0.13707718563428126 -0.35784582768343337 0.26548539530329562 0.2046426565296339 -0.015875226599460581 -0.098609128708917762
decision_type=2 2 2 2 2 2 2 2 2 2 2 2 2 2
left_child=1 -1 3 -2 6 -6 8 -8 9 -4 11 12 13 -10
right_child=2 -3 4 -5 5 -7 7 -9 10 -11 -12 -13 -14 -15
leaf_value=0.00011490123504711597 0.00017496071421682492 0.0011204675906255346 0.0011262354856285842 -0.00077102126202961501 0.00075513507410575136 -7.0068735207337427e-05 -0.00022073113307523044 4.7393930734661818e-05 0.00024349334815583048 0.00014755487443161844 0.00041589059485452944 0.00043061686625041719 5.6183017430921107e-05 -0.00067449808674653123
leaf_weight=39907 6369 3049 4380 9405 6107 5729 94121 128922 6381 7131 13209 8065 28037 15633
leaf_count=39907 6369 3049 4380 9405 6107 5729 94121 128922 6381 7131 13209 8065 28037 15633
internal_value=-2.72428e-06 0.00018652 -2.71053e-05 -0.000389197 -9.11638e-06 0.000355988 -2.32553e-05 -6.57559e-05 9.11753e-05 0.000520603 2.18076e-05 -6.78184e-05 -0.000148204 -0.000408418
internal_weight=376445 42956 333489 15774 317715 11836 305879 223043 82836 11511 71325 58116 50051 22014
internal_count=376445 42956 333489 15774 317715 11836 305879 223043 82836 11511 71325 58116 50051 22014
is_linear=0
shrinkage=0.03


Tree=155
num_leaves=15
num_cat=0
split_feature=28 65 49 9 52 52 64 21 19 14 9 28 59 50
split_gain=1.68294 1.70275 1.56745 3.27128 3.26843 3.0704 2.49485 2.34508 2.62945 2.23283 1.95653 1.81772 1.98838 1.81526
threshold=-0.42100217875525064 -0.47998814046916344 -0.24542643083906007 -0.18234114575577987 -0.27323810158837236 0.25423059832187583 -0.44432408691307673 0.37358340712301363 -0.17725414966368466 -0.2552362446186715 0.4331931203432996 -0.083114148263653001 -0.48430766619651983 0.28484534015488511
decision_type=2 2 2 2 2 2 2 2 2 2 2 2 2 2
left_child=-1 -2 3 4 -3 10 -4 11 -9 -10 -5 13 -13 -8
right_child=1 2 6 5 -6 -7 7 8 9 -11 -12 12 -14 -15
leaf_value=0.00020750494479433268 0.00046526344107876265 -0.00019946417461956813 -0.00072929145904481515 -3.1970929472404425e-05 -0.0010635875949758997 -0.00047834394677931938 0.0001730742803958238 0.0011136297740424849 -0.0003148111826739405 0.00039365388776659618 0.00047996382353841425 0.00062233438989515847 -9.368407119993651e-05 -0.00018482612305568513
leaf_weight=29465 6160 10428 4164 43146 6327 12399 62454 3113 5808 12835 7948 3563 151461 16018
leaf_count=29465 6160 10428 4164 43146 6327 12399 62454 3113 5808 12835 7948 3563 151461 16018
internal_value=-1.01003e-05 -2.86462e-05 -3.7617e-05 -0.000153479 -0.000526213 -5.50518e-05 -1.77154e-06 1.01248e-05 0.000307947 0.00017289 4.77421e-05 -1.76368e-05 -7.71884e-05 0.000100004
internal_weight=375289 345824 339664 80248 16755 63493 259416 255252 21756 18643 51094 233496 155024 78472
internal_count=375289 345824 339664 80248 16755 63493 259416 255252 21756 18643 51094 233496 155024 78472
is_linear=0
shrinkage=0.03


Tree=156
num_leaves=15
num_cat=0
split_feature=52 16 51 50 49 50 18 42 22 65 1 51 50 1
split_gain=1.73635 1.66253 1.67938 2.98873 2.41922 2.18252 1.8958 1.86836 2.93793 1.92226 2.36799 2.05839 2.6246 2.27569
threshold=-0.4840484680926545 -0.40874519777962498 0.37824928713326222 -0.37952164742054267 -0.46815095235178827 0.28484534015488511 0.38566296952546431 0.39129104314335889 0.1912390876642612 0.25819440585347786 -0.35125850732560171 0.039531979204516572 0.03136124848751843 -0.22490060116505201
decision_type=2 2 2 2 2 2 2 2 2 2 2 2 2 2
left_child=-1 -2 3 -3 -5 7 -7 9 -9 10 -6 12 -11 -13
right_child=1 2 -4 4 5 6 -8 8 -10 11 -12 13 -14 -15
leaf_value=0.0005000060334891354 -0.00021947291923012514 -0.00038289526808573765 0.00020056364981501865 -0.00069387554444471137 -0.00054959047870709759 -9.9062139424674044e-05 -0.00070754168713463099 0.00011440773581353967 0.00092839370402389865 -4.7457506180163095e-05 0.00010587360812049079 -0.00051398321053602555 -0.0005487997462520133 0.00041382094680137349
leaf_weight=5939 33101 19066 34819 4378 5124 47341 5096 15131 5412 25613 146907 3090 14837 10232
leaf_count=5939 33101 19066 34819 4378 5124 47341 5096 15131 5412 25613 146907 3090 14837 10232
internal_value=-8.45324e-06 -1.66247e-05 3.30272e-06 -1.94292e-05 5.0566e-06 1.60571e-05 -0.00015832 5.64598e-05 0.000329198 2.92207e-05 8.37474e-05 -0.000124931 -0.000231439 0.000198395
internal_weight=376086 370147 337046 302227 283161 278783 52437 226346 20543 205803 152031 53772 40450 13322
internal_count=376086 370147 337046 302227 283161 278783 52437 226346 20543 205803 152031 53772 40450 13322
is_linear=0
shrinkage=0.03


Tree=157
num_leaves=15
num_cat=0
split_feature=23 65 53 53 9 64 65 47 24 64 51 33 33 31
split_gain=2.23444 1.78509 2.96076 2.2719 2.50378 2.51716 3.10202 2.20793 2.03821 1.77982 2.03753 1.74267 2.08301 1.93656
threshold=-0.11946429482925831 0.4579834818406156 -0.2895927739346138 1.0000000180025095e-35 0.047070801206428543 -0.31525515551943845 -0.067186076577165479 -0.058642967002476613 -1.0000000180025095e-35 0.18955133203968014 -0.19348660734450515 0.012192439640766663 -1.0000000180025095e-35 0.016109959971086388
decision_type=2 2 2 2 2 2 2 2 2 2 2 2 2 2
left_child=-1 2 9 -4 5 6 -5 -3 -7 -2 -11 12 -6 -13
right_child=1 7 3 4 11 8 -8 -9 -10 10 -12 13 -14 -15
leaf_value=9.9154263346718272e-05 0.00032077593654784045 4.6995993614253727e-05 -0.00022460601819135101 -0.00021356050816923039 0.00021016292990774725 0.00017081825897255048 -0.0012294520189863837 -0.00086204775814360097 -0.00018380445850407388 -0.00070935582267842522 0.00015310028080790471 -0.00052035673983091206 0.00092944342442929874 0.00014447746451027942
leaf_weight=142784 29321 4398 67067 10907 15289 26451 3590 5293 32496 3608 7730 5049 4743 17868
leaf_count=142784 29321 4398 67067 10907 15289 26451 3590 5293 32496 3608 7730 5049 4743 17868
internal_value=5.64757e-06 -5.14573e-05 -3.421e-05 -8.55436e-05 -5.40177e-06 -0.0001118 -0.000465807 -0.000449879 -2.46744e-05 0.000197379 -0.000121735 0.000176527 0.000380847 -2.15975e-06
internal_weight=376594 233810 224119 183460 116393 73444 14497 9691 58947 40659 11338 42949 20032 22917
internal_count=376594 233810 224119 183460 116393 73444 14497 9691 58947 40659 11338 42949 20032 22917
is_linear=0
shrinkage=0.03


Tree=158
num_leaves=15
num_cat=0
split_feature=47 45 42 36 36 36 43 47 22 52 1 1 5 41
split_gain=1.59987 2.07832 1.96494 1.77973 2.78986 3.27885 2.62252 2.45646 2.50072 1.94763 1.74379 3.08277 1.97899 3.28223
threshold=1.0000000180025095e-35 0.24781528283776647 -0.4799764224300726 -0.042383819081307637 -0.0700170556871927 -0.081569829424307003 -0.24935098632555819 0.29675722099506691 -0.13950827436777755 -0.10317842984188209 -0.34788211564320926 -0.33683937891312182 -0.27942891116018337 -0.28282349520412114
decision_type=2 2 2 2 2 2 2 2 2 2 2 2 2 2
left_child=2 -2 -1 4 5 6 -3 -5 9 -9 -4 -12 13 -13
right_child=1 3 10 7 -6 -7 -8 8 -10 -11 11 12 -14 -15
leaf_value=-0.00069474519126546644 0.0001635004254920554 -0.00079495359020468866 -0.00043730224268074001 -0.00020109448760124255 -0.00045009651765221009 0.00061911724953138446 -1.3608225370588686e-05 0.00039746252402322792 0.00065296424377363021 -0.00059282899617372695 0.00090345509799645053 -0.0010722678302237008 5.8798050094694179e-06 -0.00013867418408014832
leaf_weight=4243 95362 4440 9561 10994 17618 6496 29468 3790 10915 3365 3174 3914 148080 24901
leaf_count=4243 95362 4440 9561 10994 17618 6496 29468 3790 10915 3365 3174 3914 148080 24901
internal_value=2.98615e-06 6.6748e-05 -5.70185e-05 -3.92057e-05 -0.000135184 2.20938e-06 -0.000116124 0.000152382 0.000367433 -6.84494e-05 -4.27134e-05 -2.17391e-05 -3.83898e-05 -0.000265814
internal_weight=376321 182448 193873 87086 58022 40404 33908 29064 18070 7155 189630 180069 176895 28815
internal_count=376321 182448 193873 87086 58022 40404 33908 29064 18070 7155 189630 180069 176895 28815
is_linear=0
shrinkage=0.03


Tree=159
num_leaves=15
num_cat=0
split_feature=19 21 61 3 51 49 53 53 49 31 1 42 22 1
split_gain=2.15302 1.15932 1.54789 1.58523 1.34655 1.92848 2.0359 1.75771 2.34372 2.22445 1.63504 3.24772 1.74642 1.84747
threshold=-0.4917941481180072 -0.38495840336802806 -0.075653761229858216 0.30070443356883375 0.38242389377055486 -0.46815095235178827 0.47317116709022095 -0.16658599548241365 0.28190764524787582 -0.078269070744397665 -0.35125850732560171 0.16762014010823126 -0.22310746120269928 -0.20904280904280903
decision_type=2 2 2 2 2 2 2 2 2 2 2 2 2 2
left_child=-1 2 -2 -4 5 -3 10 8 9 -6 11 -7 13 -12
right_child=1 4 3 -5 7 6 -8 -9 -10 -11 12 -13 -14 -15
leaf_value=0.00080541474274587669 -0.0003614950967384781 -0.00053383391157749388 -0.0001129088583102247 0.00050280399226627697 0.00074164652997693494 -0.00081955189491225114 0.00059220267628917571 5.4700069852062395e-05 0.0011883524886510083 -0.00024800583655209114 0.00012596546824293766 0.00039435962494085422 5.7135426977375414e-05 -0.00020470715947469998
leaf_weight=3004 17700 6020 18907 4688 3938 5794 5265 27168 3183 4231 21088 3006 197977 54458
leaf_count=3004 17700 6020 18907 4688 3938 5794 5265 27168 3183 4231 21088 3006 197977 54458
internal_value=6.81722e-06 3.71514e-07 -0.000149517 9.58595e-06 1.90118e-05 -2.87019e-06 8.26251e-06 0.000185759 0.000499088 0.000229396 -2.6479e-06 -0.000404914 1.03085e-05 -0.000112398
internal_weight=376427 373423 41295 23595 332128 293608 287588 38520 11352 8169 282323 8800 273523 75546
internal_count=376427 373423 41295 23595 332128 293608 287588 38520 11352 8169 282323 8800 273523 75546
is_linear=0
shrinkage=0.03


Tree=160
num_leaves=15
num_cat=0
split_feature=34 36 36 1 18 36 60 42 36 43 22 47 15 36
split_gain=1.62069 3.21778 3.54772 2.97808 2.78 3.67139 5.40511 2.63916 2.33349 2.15285 2.02841 2.34385 2.46367 3.47055
threshold=0.20940710864905435 -0.085008674281173216 -0.20313443362101813 -0.28204853053857853 0.36644967070995998 -0.11514544379325443 0.21950274457326233 -0.039777878594885206 -0.099202177372816044 -0.48397897724572037 0.26136091909047438 0.40285727742896066 0.192781725280428 -0.085008674281173216
decision_type=2 2 2 2 2 2 2 2 2 2 2 2 2 2
left_child=9 2 -2 -3 -4 6 -6 -5 -7 -1 -11 12 13 -12
right_child=1 3 4 7 5 8 -8 -9 -10 10 11 -13 -14 -15
leaf_value=-0.0008228842397104111 0.00085930551984270132 0.00084261089163223315 1.5220926219868911e-05 -3.8983820327678008e-05 -0.0015947825817756254 0.00058644670944095663 -3.030206999966319e-05 0.00039195586488770408 -0.00053886541361441867 -7.302512134333001e-05 0.00052651050909946755 0.00075281677653310898 -0.00027202086048422786 -2.3364976294507093e-05
leaf_weight=3082 3380 6804 30827 25768 4563 3392 3516 25382 3226 203067 16348 4870 14416 28032
leaf_count=3082 3380 6804 30827 25768 4563 3392 3516 25382 3226 203067 16348 4870 14416 28032
internal_value=3.33456e-06 0.000102211 -7.69933e-05 0.000253419 -0.000146684 -0.000486059 -0.000914796 0.000174895 3.79184e-05 -3.58271e-05 -2.67024e-05 0.000121035 6.85863e-05 0.000179262
internal_weight=376673 106858 48904 57954 45524 14697 8079 51150 6618 269815 266733 63666 58796 44380
internal_count=376673 106858 48904 57954 45524 14697 8079 51150 6618 269815 266733 63666 58796 44380
is_linear=0
shrinkage=0.03


Tree=161
num_leaves=15
num_cat=0
split_feature=48 58 16 41 3 48 21 52 57 49 41 53 18 9
split_gain=1.74887 2.41897 2.44041 1.94018 1.7157 2.09477 1.92399 1.76295 1.81884 1.40168 2.92649 2.22812 1.81846 1.61517
threshold=-0.48776321009357709 -0.47648902731066184 -0.48410863304113588 0.086944442472243158 0.35569612174486243 -0.1921031029434061 -0.38104962100194556 0.26974841375619452 -0.13025455509306522 -0.31288162980973155 -0.41696536779851906 0.046658812774493193 0.066475630583289605 0.066471032770569496
decision_type=2 2 2 2 2 2 2 2 2 2 2 2 2 2
left_child=-1 3 -3 -2 6 -6 -4 8 -7 10 13 12 -12 -8
right_child=1 2 4 -5 5 7 9 -9 -10 -11 11 -13 -14 -15
leaf_value=0.00059829850373659794 -0.00011206638813574735 -0.00064657006805663808 -0.00021907691551922197 -0.0010741148566042753 0.00063942642295792954 -0.00037692457473854598 -0.00015426338278835491 -0.00036538487108811078 0.00026180256267965634 5.2231950796713756e-05 -0.00090723812345686993 -5.9637407942970167e-05 -0.0002286134437855726 0.00065936346344719593
leaf_weight=4481 4422 4957 33249 3284 7723 4577 3581 6181 32074 230912 6644 21139 7647 5654
leaf_count=4481 4422 4957 33249 3284 7723 4577 3581 6181 32074 230912 6644 21139 7647 5654
internal_value=9.82994e-06 2.72637e-06 1.38581e-05 -0.000522915 2.29852e-05 0.000184976 -3.53788e-06 0.000102904 0.000181957 2.24744e-05 -0.000131345 -0.00025532 -0.000544525 0.000344043
internal_weight=376525 372044 364338 7706 359381 50555 308826 42832 36651 275577 44665 35430 14291 9235
internal_count=376525 372044 364338 7706 359381 50555 308826 42832 36651 275577 44665 35430 14291 9235
is_linear=0
shrinkage=0.03


Tree=162
num_leaves=15
num_cat=0
split_feature=63 9 59 61 29 47 25 44 36 36 65 9 1 21
split_gain=1.59135 2.95196 2.13354 3.16303 2.21384 2.33094 2.07215 1.93509 2.17277 3.01303 1.76407 1.74545 1.71883 2.43902
threshold=-0.012095584736892177 -0.19418869523759069 -0.22436946229420082 -0.26177647894881867 -0.075062029080692524 -0.14467443209711248 -0.43308786800438331 0.20351896998745103 -0.067175522578586236 -0.050546709288082935 -0.28192373864191722 -0.21796251828544613 -0.19896252012905211 -0.21661889705580417
decision_type=2 2 2 2 2 2 2 2 2 2 2 2 2 2
left_child=2 -2 3 -1 -5 -6 -3 12 10 -10 -9 -7 -4 -14
right_child=1 6 7 4 5 11 -8 8 9 -11 -12 -13 13 -15
leaf_value=-0.00015769353912741476 -0.00024335974831920951 -0.00043025177148509292 0.0002234342823358373 9.0669290381027745e-05 0.00029484572870503161 0.0013881415352429325 4.205326181255138e-05 0.00048320947545137907 -0.0010322204152472334 -0.00018143998924166488 -0.0001471578599981702 0.00055484685209412151 -0.00038855785377737967 7.421069343484444e-05
leaf_weight=14448 59252 8945 37250 15526 12685 4047 125862 5576 5203 13337 14023 5167 13618 41346
leaf_count=14448 59252 8945 37250 15526 12685 4047 125862 5576 5203 13337 14023 5167 13618 41346
internal_value=-7.10934e-06 -6.68915e-05 5.6555e-05 0.000219261 0.000364788 0.000559003 1.06843e-05 -8.2044e-06 -0.000187908 -0.000420628 3.23393e-05 0.000921957 6.61319e-05 -4.04957e-05
internal_weight=376285 194059 182226 51873 37425 21899 134807 130353 38139 18540 19599 9214 92214 54964
internal_count=376285 194059 182226 51873 37425 21899 134807 130353 38139 18540 19599 9214 92214 54964
is_linear=0
shrinkage=0.03


Tree=163
num_leaves=15
num_cat=0
split_feature=20 2 59 53 7 58 69 25 34 52 59 1 33 50
split_gain=1.71598 2.11319 1.9438 1.86502 2.83576 1.53685 4.45054 3.48862 2.56551 2.82878 2.31569 2.11813 1.61334 1.94155
threshold=0.38957921937058365 0.48061560043359847 -0.28329857101929901 0.46519043343100502 0.30550719898920481 -0.35435743731871938 0.031696757564184781 0.32678429684857641 -0.035426900924038628 -0.039264108599934115 -0.46852826938948605 0.087839455060613539 -0.12529663044702169 -0.3716669732661797
decision_type=2 2 2 2 2 2 2 2 2 2 2 2 2 2
left_child=1 3 -2 5 -5 6 12 8 9 -8 -7 -10 -1 -14
right_child=2 -3 -4 4 -6 10 7 -9 11 -11 -12 -13 13 -15
leaf_value=0.00043087518833141226 0.0007715789090289993 -0.00072842910496007975 0.00011511359069299454 6.3300992412954326e-05 0.0011603897553941281 0.00058707852052079443 -0.00033074344747807254 0.0004103565627343717 -0.00083455164646722491 -0.001448627810712999 -7.8253868655065102e-06 6.1545501794838708e-05 -0.00071894564215179021 8.4641116809938138e-05
leaf_weight=8375 4550 3708 37042 7079 3018 6011 3268 3243 4122 5432 268286 5577 3390 13249
leaf_count=8375 4550 3708 37042 7079 3018 6011 3268 3243 4122 5432 268286 5577 3390 13249
internal_value=5.38439e-06 -1.71973e-05 0.000187096 -9.20927e-06 0.000392045 -2.18443e-05 -0.000180999 -0.0004959 -0.000655773 -0.00102958 5.23238e-06 -0.000319756 9.15413e-05 -7.94137e-05
internal_weight=376350 334758 41592 331050 10097 320953 46656 21642 18399 8700 274297 9699 25014 16639
internal_count=376350 334758 41592 331050 10097 320953 46656 21642 18399 8700 274297 9699 25014 16639
is_linear=0
shrinkage=0.03


Tree=164
num_leaves=15
num_cat=0
split_feature=65 8 51 60 3 47 65 46 68 60 58 62 26 55
split_gain=2.1676 2.03213 2.52038 2.88135 1.89731 1.97171 1.76723 3.77497 1.93041 2.42499 3.05838 2.04105 2.21765 1.82658
threshold=0.25819440585347786 0.3598373746441022 0.37824928713326222 0.41029812871367216 -0.29785646216635514 0.15425968820330857 0.14892011959059123 0.038976388774360222 -0.21451904139448819 0.23881715708435994 -0.22009571517864837 -0.12528738062142919 0.23020854788035719 0.18361908559276982
decision_type=2 2 2 2 2 2 2 2 2 2 2 2 2 2
left_child=6 2 3 4 5 -2 8 -8 11 10 -10 12 -1 -11
right_child=1 -3 -4 -5 -6 -7 7 -9 9 13 -12 -13 -14 -15
leaf_value=-7.7032651663852807e-05 -0.00069872568488626736 -0.00061256338007254971 0.00043298458990078461 -0.00077220499263989972 -5.6001822377235762e-06 0.00010806924074873406 -4.8373306235945015e-05 0.0005251043526316604 -0.00044128120242834581 -1.9513930963318142e-05 -3.8145344737091793e-05 0.00038905755089895135 0.00035646807673719313 0.00036324000062426521
leaf_weight=37513 7858 6869 7914 5785 58418 4168 21073 20252 20209 24945 104348 22178 14804 20385
leaf_count=37513 7858 6869 7914 5785 58418 4168 21073 20252 20209 24945 104348 22178 14804 20385
internal_value=1.06965e-05 -0.000116796 -7.62567e-05 -0.000129175 -7.62663e-05 -0.000419247 5.1312e-05 0.000232728 2.06263e-05 -3.5208e-05 -0.000103583 0.000147945 4.56786e-05 0.000152653
internal_weight=376719 91012 84143 76229 70444 12026 285707 41325 244382 169887 124557 74495 52317 45330
internal_count=376719 91012 84143 76229 70444 12026 285707 41325 244382 169887 124557 74495 52317 45330
is_linear=0
shrinkage=0.03


Tree=165
num_leaves=15
num_cat=0
split_feature=52 7 7 63 8 34 32 64 28 42 20 17 23 29
split_gain=1.89063 1.96303 1.71214 1.63012 2.00014 1.98513 1.73654 1.46836 1.91434 1.46342 1.38388 1.43754 1.34113 1.31296
threshold=-0.38529565110715819 -0.33365394219422234 0.3212707749827331 0.27467351235766391 -0.02726841674210095 0.094557820020019126 0.2278942042766928 -0.08640525420625482 0.10171879915202083 0.36778622332044125 0.30654091365749503 0.086830895171681924 0.18006794857534678 -0.28055309943476975
decision_type=2 2 2 2 2 2 2 2 2 2 2 2 2 2
left_child=2 -2 7 4 5 6 10 8 12 -7 -3 -12 -1 -9
right_child=1 3 -4 -5 -6 9 -8 13 -10 -11 11 -13 -14 -15
leaf_value=0.00024395428380435068 -0.00021132429102271391 2.1730109684752184e-05 0.00058266084348366544 -0.00014172271593305323 -5.8772765541931312e-05 0.00023774894113110382 -0.00054956795928331689 -0.00014858317701906741 -0.00074855528720841095 0.00091732909379320415 0.00086552876042878923 -9.1001141392823212e-06 -0.00043770129170214446 0.00041522357649034818
leaf_weight=9056 47857 64010 7706 60636 108823 37452 4384 5040 3437 3079 3739 3081 3631 14109
leaf_count=9056 47857 64010 7706 60636 108823 37452 4384 5040 3437 3079 3739 3081 3631 14109
internal_value=-9.38108e-06 -3.35469e-05 0.000177854 -3.70968e-06 3.35601e-05 0.000120369 2.91542e-05 8.92766e-05 -0.000121622 0.000289588 6.50466e-05 0.000470972 4.86744e-05 0.00026683
internal_weight=376040 333061 42979 285204 224568 115745 75214 35273 16124 40531 70830 6820 12687 19149
internal_count=376040 333061 42979 285204 224568 115745 75214 35273 16124 40531 70830 6820 12687 19149
is_linear=0
shrinkage=0.03


Tree=166
num_leaves=15
num_cat=0
split_feature=65 19 65 51 59 34 60 16 16 27 36 40 41 1
split_gain=2.58422 2.12992 1.62311 2.27796 2.61193 2.04919 2.02967 2.11888 1.83804 1.51588 1.51091 1.87169 1.41866 1.26259
threshold=-0.48798695408365217 -0.4917941481180072 0.41888074904332406 0.37824928713326222 -0.38181376016979124 -0.019960313574912427 -0.21771842530560717 0.17755546663109692 -0.41657780243491777 0.34450744409395034 -0.14128269153804657 -0.22256851403418942 -0.41696536779851906 -0.081435627910382655
decision_type=2 2 2 2 2 2 2 2 2 2 2 2 2 2
left_child=-1 -2 8 4 5 -4 13 -8 12 -10 -11 -12 -3 -6
right_child=1 2 3 -5 6 -7 7 -9 9 10 11 -13 -14 -15
leaf_value=0.00071334947206142646 0.00078069034076506711 -0.00077793527545969097 -0.00033486164045341761 0.00052562215889560056 0.00028859433682681273 0.00060857998156812489 -0.001078600977815756 -0.00022289288205529632 4.9404374849281569e-05 -0.00056553105747036471 0.00022752131603954339 -0.00019948555868036952 -0.0001498228543694342 -0.00049043185292036589
leaf_weight=4459 3013 3748 4241 3207 3458 4033 7187 4091 261778 6289 13327 30057 23375 4061
leaf_count=4459 3013 3748 4241 3207 3458 4033 7187 4091 261778 6289 13327 30057 23375 4061
internal_value=-3.76248e-06 -1.23803e-05 -1.88795e-05 -0.000229284 -0.000318876 0.00012518 -0.000514302 -0.000768672 -5.72276e-08 2.05731e-05 -0.000131348 -6.82924e-05 -0.000236873 -0.000132249
internal_weight=376324 371865 368852 30278 27071 8274 18797 11278 338574 311451 49673 43384 27123 7519
internal_count=376324 371865 368852 30278 27071 8274 18797 11278 338574 311451 49673 43384 27123 7519
is_linear=0
shrinkage=0.03


Tree=167
num_leaves=15
num_cat=0
split_feature=52 21 69 28 58 69 23 1 49 51 47 1 1 33
split_gain=1.65744 1.89572 2.24995 2.47256 2.14156 3.08312 1.74501 1.695 1.69243 2.35996 1.62645 2.39913 2.89898 3.12131
threshold=-0.38529565110715819 -0.38104962100194556 -0.29076851127304731 -0.11839647304053959 -0.47256290586698657 0.012035637542017254 -0.11946429482925831 -0.24213019226574425 -0.46815095235178827 0.39801869654397737 1.0000000180025095e-35 -0.35125850732560171 -0.31269413343809332 -1.0000000180025095e-35
decision_type=2 2 2 2 2 2 2 2 2 2 2 2 2 2
left_child=6 2 7 -4 5 -3 -1 -2 9 -6 11 -10 13 -13
right_child=1 4 3 -5 8 -7 -8 -9 10 -11 -12 12 -14 -15
leaf_value=0.00041267448573232592 -0.00025521249272483743 7.5229491497450819e-05 0.00028033853592537752 -0.00031305312005395239 -0.00081012085433736084 -0.001153729830807352 1.9459833934976278e-05 -0.0012023470858750715 -0.00064004252938145443 0.00012092676565308595 9.5712297063362523e-05 -0.00026178613667435458 -5.9909086623349531e-05 0.00090237686170218062
leaf_weight=16297 3426 3855 9348 19460 5276 3498 26937 3380 5913 4563 136404 3187 129190 5899
leaf_count=16297 3426 3855 9348 19460 5276 3498 26937 3380 5913 4563 136404 3187 129190 5899
internal_value=-6.99886e-06 -2.96631e-05 -0.000236487 -0.000120471 -4.92062e-06 -0.000510189 0.000167743 -0.000726653 7.88862e-06 -0.000378648 2.14555e-05 -4.87938e-05 -2.34661e-05 0.000494197
internal_weight=376633 333399 35614 28808 297785 7353 43234 6806 290432 9839 280593 144189 138276 9086
internal_count=376633 333399 35614 28808 297785 7353 43234 6806 290432 9839 280593 144189 138276 9086
is_linear=0
shrinkage=0.03


Tree=168
num_leaves=15
num_cat=0
split_feature=47 45 62 29 52 42 66 42 41 40 61 18 61 58
split_gain=1.51669 2.83445 2.33342 2.00036 1.83476 1.88012 3.17522 1.81818 1.7874 1.69721 1.65898 2.45202 2.03723 1.87579
threshold=0.090603718563376082 0.23971779850953526 -0.031377117320623919 -0.25730287021974813 0.2776020596113809 -0.41183736568351947 0.39482486529113531 0.3090750876056883 -0.25940302200521254 0.050452175879074808 -0.33740062983315733 -0.27182147100629378 0.23463050864712845 0.30706626926063046
decision_type=2 2 2 2 2 2 2 2 2 2 2 2 2 2
left_child=7 3 8 -2 5 -5 9 10 -3 -7 11 -1 -12 -13
right_child=1 2 -4 4 -6 6 -8 -9 -10 -11 12 13 -14 -15
leaf_value=-0.00079390053389861309 -4.7669869806827875e-05 0.00040541391497777001 6.9834823043141327e-05 0.00089756465986341868 0.00073728794417939622 0.00045185076908933134 -0.00055964250136843392 0.0004941180496983574 -0.00035618266628432174 2.6611159795541678e-06 3.3354224866429337e-05 -0.00024421614453052379 -0.00019838909031539811 0.00035986649501969562
leaf_weight=6076 18061 3125 55837 3557 7995 19967 4608 5433 24129 12190 138465 25787 45302 5628
leaf_count=6076 18061 3125 55837 3557 7995 19967 4608 5433 24129 12190 138465 25787 45302 5628
internal_value=1.34507e-06 7.55288e-05 -4.12372e-05 0.000221679 0.000322351 0.000239916 0.000176061 -4.75692e-05 -0.00026874 0.000281627 -6.08921e-05 -0.000242735 -2.37825e-05 -0.000135915
internal_weight=376160 149469 83091 66378 48317 40322 36765 226691 27254 32157 221258 37491 183767 31415
internal_count=376160 149469 83091 66378 48317 40322 36765 226691 27254 32157 221258 37491 183767 31415
is_linear=0
shrinkage=0.03


Tree=169
num_leaves=15
num_cat=0
split_feature=16 9 28 52 51 55 7 21 57 11 25 59 36 33
split_gain=1.30274 1.44795 1.43793 2.28022 2.08569 1.81336 1.57869 1.45351 1.51909 1.40076 1.36114 1.26641 3.3505 1.89918
threshold=-0.43257336382439665 -0.40462272867700549 -0.22409939082358976 -0.019861401965172967 -0.43301995215735523 -0.4838358542464532 0.44975694585689308 0.16863239162324853 -0.32728044342332269 0.18136579718453968 0.12199714871139052 -0.10208767056879474 -0.10434064137571468 0.16907463793928865
decision_type=2 2 2 2 2 2 2 2 2 2 2 2 2 2
left_child=1 -1 3 4 -2 -4 7 8 -6 -3 -9 12 -5 -13
right_child=2 9 5 11 6 -7 -8 10 -10 -11 -12 13 -14 -15
leaf_value=-0.00081769183591473115 0.0010182692805843709 -1.3366026195657868e-05 -0.00072601793176869293 0.0008838638004668982 -0.00034972918391848283 -7.2407546338000788e-06 0.00085483620819861209 0.00023235753381107381 0.00034639681981897487 -0.0006640636540861623 -0.00038380180416053012 -0.0003768922919980736 -6.4119607405736521e-05 0.0001348333611789181
leaf_weight=3022 3055 18465 3189 4357 3133 252155 3180 5926 27705 3540 7061 15766 14481 11127
leaf_count=3022 3055 18465 3189 4357 3133 252155 3180 5926 27705 3540 7061 15766 14481 11127
internal_value=6.03177e-06 -0.000203044 2.09389e-05 0.000120051 0.000259927 -1.62457e-05 0.000210433 0.00016349 0.000275583 -0.000118299 -0.000102684 -3.30893e-05 0.00015549 -0.000165194
internal_weight=376162 25027 351135 95791 50060 255344 47005 43825 30838 22005 12987 45731 18838 26893
internal_count=376162 25027 351135 95791 50060 255344 47005 43825 30838 22005 12987 45731 18838 26893
is_linear=0
shrinkage=0.03


Tree=170
num_leaves=15
num_cat=0
split_feature=60 1 1 63 1 53 60 1 41 43 64 53 22 1
split_gain=1.19254 2.57297 7.32795 3.543 2.32454 2.98464 2.25049 2.09375 1.8439 3.02158 2.55677 1.78793 1.72938 1.61173
threshold=0.23496795879049562 -0.081435627910382655 -0.10657287790738186 -0.31764213436060679 -0.29157994381961955 -0.17867441193354339 0.41029812871367216 0.16731677475387183 0.098707242471245474 -0.18203903230459959 -0.1101987984417603 0.027430641821946215 0.26523755777706126 -0.34788211564320926
decision_type=2 2 2 2 2 2 2 2 2 2 2 2 2 2
left_child=7 2 4 -3 13 6 -6 -1 9 -5 -11 12 -10 -2
right_child=1 3 -4 8 5 -7 -8 -9 11 10 -12 -13 -14 -15
leaf_value=2.8988536071814855e-05 -2.1435953232751411e-05 -0.00032826969014983172 -0.0014882829936478451 -2.3351184259803901e-05 -0.00019436466679775946 8.3649543989661678e-05 -0.0011640466159146753 -0.00014898886121766298 -0.00024886240357689643 0.0015051922147019264 0.00050986714700047126 0.00044516490479040867 0.00055340437301970189 0.00065316342233059867
leaf_weight=193518 5458 7984 3018 4199 5762 22529 3435 85882 9372 4113 5357 14624 3248 7650
leaf_count=193518 5458 7984 3018 4199 5762 22529 3435 85882 9372 4113 5357 14624 3248 7650
internal_value=5.71196e-06 9.64816e-05 -5.99043e-05 0.000249506 3.65575e-05 -0.000102301 -0.000557403 -2.57215e-05 0.000362309 0.000646544 0.000943287 0.000219517 -4.21089e-05 0.000372467
internal_weight=376149 96749 47852 48897 44834 31726 9197 279400 40913 13669 9470 27244 12620 13108
internal_count=376149 96749 47852 48897 44834 31726 9197 279400 40913 13669 9470 27244 12620 13108
is_linear=0
shrinkage=0.03


Tree=171
num_leaves=15
num_cat=0
split_feature=65 66 53 53 9 42 65 38 42 69 62 8 51 65
split_gain=2.08785 1.6961 1.47585 3.1486 2.19396 2.46953 2.8336 2.16752 2.09446 2.22888 4.22196 2.07357 2.11116 1.97639
threshold=-0.49182706340652921 0.48852176695337945 -0.26564723769265491 1.0000000180025095e-35 -0.16235546104732609 1.0000000180025095e-35 -0.0043102275895364741 -0.19766744325553492 0.3989815367061692 0.35104018574393142 0.24259619760482717 0.4808654046182651 -0.12636466276457645 -0.40845883875385824
decision_type=2 2 2 2 2 2 2 2 2 2 2 2 2 2
left_child=-1 2 8 -4 5 6 -5 -7 9 -2 -11 12 -6 -14
right_child=1 -3 3 4 11 7 -8 -9 -10 10 -12 -13 13 -15
leaf_value=0.00078744139180736265 0.00012480404592888608 -0.00059693675255262574 -0.00016048229488898626 -7.2410787736144238e-05 0.00031102429947301396 0.0004787986655269659 -0.00061512933813043214 -3.0634298435535295e-05 0.00072687958859495971 -0.001272198555843911 0.00027449990899906302 0.00090932242856099459 -0.00034405669662538664 9.4511276271853149e-05
leaf_weight=3051 76472 4215 100535 31853 33529 10445 11882 26743 4753 3012 3342 3070 11235 52061
leaf_count=3051 76472 4215 100535 31853 33529 10445 11882 26743 4753 3012 3342 3070 11235 52061
internal_value=7.13438e-06 7.33348e-07 7.57765e-06 -2.58997e-05 4.89331e-05 -6.71674e-05 -0.000219964 0.00011254 0.000115116 7.99266e-05 -0.000459532 0.000142981 0.000118592 1.66237e-05
internal_weight=376198 373147 368932 281353 180818 80923 43735 37188 87579 82826 6354 99895 96825 63296
internal_count=376198 373147 368932 281353 180818 80923 43735 37188 87579 82826 6354 99895 96825 63296
is_linear=0
shrinkage=0.03


Tree=172
num_leaves=15
num_cat=0
split_feature=34 53 22 47 66 58 45 41 16 53 23 57 66 0
split_gain=1.49527 3.39952 1.66529 2.3278 2.30794 2.32753 2.4222 3.48638 3.43809 2.27519 1.61057 1.71389 2.8481 1.49818
threshold=0.23311406016734101 -0.38113012932250367 0.24956621396364534 0.41438614885497538 0.31908262573931984 0.30706626926063046 0.23971779850953526 -0.14983711434773225 0.25602498176126026 -0.31782851338747981 -0.11946429482925831 -0.13796872921773162 1.0000000180025095e-35 0.11441423532774177
decision_type=2 2 2 2 2 2 2 2 2 2 2 2 2 2
left_child=2 -2 -1 4 5 6 7 -4 9 -9 -3 12 -12 -11
right_child=1 10 3 -5 -6 -7 -8 8 -10 13 11 -13 -14 -15
leaf_value=-6.992695337910073e-05 0.00058898140871813478 0.00020673747718911583 -0.00026374778347811929 0.0007483041376201608 -0.00061248710303823462 0.00053980592310978422 -0.00037072941008352831 1.1045320546676254e-05 -0.00048459025814004706 0.00090592977685801648 -0.00012000345580096443 4.6176199665419743e-05 -0.0011496418276890996 0.00032022923552245435
leaf_weight=208598 11676 33439 13514 4633 4365 9216 11067 6913 4005 9411 11550 38334 3049 6772
leaf_count=208598 11676 33439 13514 4633 4365 9216 11067 6913 4005 9411 11550 38334 3049 6772
internal_value=8.00994e-06 0.000108758 -2.74625e-05 9.92604e-05 5.30774e-05 0.000100876 2.25161e-05 0.000129735 0.000325971 0.000466676 4.37793e-05 -5.91847e-05 -0.000335683 0.000661184
internal_weight=376542 98048 278494 69896 65263 60898 51682 40615 27101 23096 86372 52933 14599 16183
internal_count=376542 98048 278494 69896 65263 60898 51682 40615 27101 23096 86372 52933 14599 16183
is_linear=0
shrinkage=0.03


Tree=173
num_leaves=15
num_cat=0
split_feature=43 35 42 1 1 69 57 42 36 36 57 57 36 57
split_gain=1.37513 1.31098 1.27513 2.4986 1.49932 1.45904 2.61651 1.90382 1.9257 1.97238 3.10588 3.07031 2.18407 2.59284
threshold=-0.45569431540561994 0.48478002292045308 -0.41183736568351947 -0.27031928692084939 0.47271535302979462 0.3669476448292962 -0.19330400428939273 0.16762014010823126 0.400797822627184 -0.062936491491489763 -0.39027425828477041 -0.41751378659399363 -0.073100634096701353 0.17366070203639702
decision_type=2 2 2 2 2 2 2 2 2 2 2 2 2 2
left_child=-1 2 3 -2 5 7 -7 -4 9 10 -9 -11 13 -12
right_child=1 -3 4 -5 -6 6 -8 8 -10 11 12 -13 -14 -15
leaf_value=-0.00028797188262377527 0.0010099201438631305 0.00048936662314538108 -6.3919467284285006e-05 7.8919750641635338e-05 0.00037740497530931884 -0.00090513349170628498 -0.0001207273623598763 -0.00062267927826223986 -0.00039568705011069861 0.0012137009332593627 0.00037621393559100769 0.00022677118660988289 -0.00035319276647072213 -0.00016203212453061487
leaf_weight=16088 3053 4762 197938 16973 8118 4293 34661 5923 6482 3120 25087 30411 7648 11855
leaf_count=16088 3053 4762 197938 16973 8118 4293 34661 5923 6482 3120 25087 30411 7648 11855
internal_value=-1.66931e-05 -4.57315e-06 -1.1202e-05 0.000221286 -2.50839e-05 -3.50744e-05 -0.000207384 -1.17994e-05 0.000102157 0.000140597 2.21725e-05 0.000318938 0.00010795 0.000203489
internal_weight=376412 360324 355562 20026 335536 327418 38954 288464 90526 84044 50513 33531 44590 36942
internal_count=376412 360324 355562 20026 335536 327418 38954 288464 90526 84044 50513 33531 44590 36942
is_linear=0
shrinkage=0.03


Tree=174
num_leaves=15
num_cat=0
split_feature=9 48 58 53 23 57 16 57 24 55 24 36 67 1
split_gain=1.14027 2.79173 4.60438 2.32801 1.99225 1.82172 2.00874 1.67267 2.18176 1.65012 1.55437 2.03951 1.39569 1.15893
threshold=-0.35671093400115156 -0.18816584640606382 -0.34227191440121418 0.3563726012707088 -0.032196501576817464 0.25602168630371896 -0.15767169016597121 -0.071183998436965754 -0.012188931533985396 -0.122838438207527 0.46100352950979701 0.2770402964666917 0.44530323992673754 -0.30234984611627197
decision_type=2 2 2 2 2 2 2 2 2 2 2 2 2 2
left_child=1 2 -1 4 -3 -5 -7 8 9 -4 13 12 -12 -2
right_child=10 3 7 5 -6 6 -8 -9 -10 -11 11 -13 -14 -15
leaf_value=-0.00053199295620104208 0.0001729882492169638 -0.00021556117740944767 0.00048232093770341947 0.00022240939209494366 -0.00088592962336953528 -0.0009609935572595504 1.8113684041903028e-06 -0.00013101213706552656 0.00011300757702434242 0.001456266540633015 0.0004753150424029565 0.0009699954078049688 -0.00023473448319253593 -2.0772737802464418e-05
leaf_weight=6367 30862 7618 3066 9232 8387 3307 4733 3498 4420 3221 4887 3341 5063 277587
leaf_count=6367 30862 7618 3066 9232 8387 3307 4733 3498 4420 3221 4887 3341 5063 277587
internal_value=-9.07439e-06 -0.000136832 0.000137855 -0.000306635 -0.000567184 -6.50108e-05 -0.00039491 0.000438259 0.00062419 0.00098282 1.23118e-05 0.000329845 0.000114138 -1.38092e-06
internal_weight=375589 53849 20572 33277 16005 17272 8040 14205 10707 6287 321740 13291 9950 308449
internal_count=375589 53849 20572 33277 16005 17272 8040 14205 10707 6287 321740 13291 9950 308449
is_linear=0
shrinkage=0.03


Tree=175
num_leaves=15
num_cat=0
split_feature=36 59 59 33 38 38 34 1 21 33 49 32 47 52
split_gain=1.37918 2.50912 1.64007 2.37577 3.00374 3.68993 3.50936 2.32903 2.22318 2.16188 2.53376 2.12234 2.10918 2.09031
threshold=0.43802805708164894 0.12230987741995249 -0.18108263973315872 -0.21142179903152444 0.085582463368544984 -0.10319081957550623 0.043397379711214663 -0.17573360596929255 1.0000000180025095e-35 -0.21923398571517222 0.29373488414243887 0.14904874091803574 -0.39367036341701017 -0.32969680842485521
decision_type=2 2 2 2 2 2 2 2 2 2 2 2 2 2
left_child=2 -2 3 7 5 -5 8 -1 -7 12 13 -6 -4 -11
right_child=1 -3 9 4 11 6 -8 -9 -10 10 -12 -13 -14 -15
leaf_value=-4.1581669889171532e-05 -0.00083372314286991585 0.00026322266772729611 -0.00085571683174852158 -0.00023369284938918689 -9.3785123212959594e-05 -0.00062802301064344296 0.0005389043911904715 0.00046145480268229279 0.00017184017773585995 0.00018293644947964496 0.00043548852880640761 -0.00072807114528674016 -0.00015650100105674372 -7.1362785746875577e-05
leaf_weight=12488 4752 3091 4206 18025 14640 4361 21357 24585 10983 35870 11483 7019 49250 153748
leaf_count=12488 4752 3091 4206 18025 14640 4361 21357 24585 10983 35870 11483 7019 49250 153748
internal_value=-8.22722e-06 -0.000401622 1.67347e-07 9.5025e-05 -6.21691e-07 0.00011773 0.000290341 0.000292042 -5.57542e-05 -4.21135e-05 2.96468e-06 -0.000299578 -0.000211666 -2.32499e-05
internal_weight=375858 7843 368015 113458 76385 54726 36701 37073 15344 254557 201101 21659 53456 189618
internal_count=375858 7843 368015 113458 76385 54726 36701 37073 15344 254557 201101 21659 53456 189618
is_linear=0
shrinkage=0.03


Tree=176
num_leaves=15
num_cat=0
split_feature=51 49 32 36 7 45 42 36 36 41 5 18 41 23
split_gain=1.2536 1.37348 1.35413 1.29486 1.17794 1.22999 4.02283 2.70964 1.95273 5.30509 1.6063 1.66711 1.51604 1.36077
threshold=0.46448479120396619 -0.46815095235178827 0.35406051984999359 -0.096211177283418117 -0.31372303553369263 -1.0000000180025095e-35 0.30120301023915486 -0.19268828273087449 -0.15506340131212476 -0.21283873777880169 -0.32652163117035454 -0.27567513629555845 -0.25553078691612607 -0.36497065711185933
decision_type=2 2 2 2 2 2 2 2 2 2 2 2 2 2
left_child=1 2 -1 -2 -3 6 7 -6 9 -9 12 -12 -10 -7
right_child=3 4 -4 -5 5 13 -8 8 10 -11 11 -13 -14 -15
leaf_value=-0.00083009045579576345 -0.00012179685483812312 -0.00010532379296158722 -7.5253628292838728e-05 0.00050629537399602179 0.0008424488697193975 0.00021150664321695621 0.00074048913023379011 -0.001336879977861849 -0.00082187393507100206 0.0003135949078884222 -0.00015024749555541444 0.00015994115021560374 -7.1287333686968746e-05 -5.6679437073481402e-05
leaf_weight=3422 4397 61999 5683 8971 3877 19589 8343 3240 3058 3798 18863 89780 11511 129780
leaf_count=3422 4397 61999 5683 8971 3877 19589 8343 3240 3058 3798 18863 89780 11511 129780
internal_value=1.45694e-05 4.05695e-06 -0.000359549 0.000299767 1.34232e-05 3.86528e-05 0.000101712 6.19262e-05 3.86304e-05 -0.000447033 6.6406e-05 0.000106076 -0.000229289 -2.14964e-05
internal_weight=376311 362943 9105 13368 353838 291839 142470 134127 130250 7038 123212 108643 14569 149369
internal_count=376311 362943 9105 13368 353838 291839 142470 134127 130250 7038 123212 108643 14569 149369
is_linear=0
shrinkage=0.03


Tree=177
num_leaves=15
num_cat=0
split_feature=62 52 18 63 59 58 46 30 37 5 7 36 36 56
split_gain=1.47476 1.47978 2.43786 3.4204 3.52161 2.28759 2.6266 2.41219 2.06286 2.04933 1.8248 1.79922 3.29606 2.96265
threshold=0.47271299268944705 -0.10317842984188209 -0.17295301098406035 0.12558823855080167 -0.42928650970410426 -0.35435743731871938 0.13700110118861461 -0.338163594825235 -0.19462745134513942 0.27976923459083919 0.33667544604785438 -0.033841315916787594 0.39738685208596719 -0.38606367202449288
decision_type=2 2 2 2 2 2 2 2 2 2 2 2 2 2
left_child=1 8 9 4 -4 6 -5 -7 -1 11 -10 13 -13 -3
right_child=-2 2 3 5 -6 7 -8 -9 10 -11 -12 12 -14 -15
leaf_value=0.00025448204878163091 -0.00035233304762912675 -0.0006750151041930143 0.00076681375381936747 -0.0011613456997241606 8.2774282045385098e-05 0.00064245150158128057 -9.3143703816098419e-05 -0.00014365896439553488 -4.6548764159652143e-05 -0.00050450741109804012 0.00030430033760013608 0.00047215732487150319 -0.00048946049474134288 -5.8347470801732536e-05
leaf_weight=44992 10317 9350 7300 4082 92376 3812 4200 43469 83355 14490 15874 10393 4629 27956
leaf_count=44992 10317 9350 7300 4082 92376 3812 4200 43469 83355 14490 15874 10393 4629 27956
internal_value=1.22187e-06 1.11898e-05 -3.74052e-05 2.78104e-05 0.000132943 -0.000160781 -0.000620401 -8.01569e-05 8.6009e-05 -0.000188903 9.60277e-06 -0.00010143 0.000175708 -0.000213042
internal_weight=376595 366278 222057 155239 99676 55563 8282 47281 144221 66818 99229 52328 15022 37306
internal_count=376595 366278 222057 155239 99676 55563 8282 47281 144221 66818 99229 52328 15022 37306
is_linear=0
shrinkage=0.03


Tree=178
num_leaves=15
num_cat=0
split_feature=22 62 1 57 23 21 60 1 1 1 60 52 0 31
split_gain=1.47327 2.02056 2.66958 2.44169 2.11861 2.19554 2.09022 2.84217 3.42924 2.74214 2.27292 1.92772 1.57583 1.52012
threshold=-0.21925300543862544 -0.36632359887035543 -0.21848448621752214 -1.0000000180025095e-35 -0.044231282690141586 -0.33400057240984538 0.23881715708435994 -0.079574698237448435 -0.23969973786715093 -0.081435627910382655 -0.11864896642340346 -0.38529565110715819 -0.1506768921957761 0.0081553515322672094
decision_type=2 2 2 2 2 2 2 2 2 2 2 2 2 2
left_child=11 2 3 -2 -3 13 7 8 -7 -8 -10 12 -1 -6
right_child=1 4 -4 -5 5 6 9 -9 10 -11 -12 -13 -14 -15
leaf_value=0.00059911035755289444 0.0007099374675188613 0.00018699003255414468 -0.00049994436454360006 -0.00013922343984269648 -0.00014878997577680745 -0.00014315801297020006 -7.5672677111756058e-05 -0.00015872759757792047 0.00060537528088030795 0.00054577967992419229 4.9376364102426638e-05 -0.00015091868459270525 -1.1192905292165968e-05 -0.00079110032075989487
leaf_weight=5796 3981 84518 13892 12883 26206 19339 10786 52669 16211 15662 11180 89007 11062 3788
leaf_count=5796 3981 84518 13892 12883 26206 19339 10786 52669 16211 15662 11180 89007 11062 3788
internal_value=-3.01981e-07 3.67579e-05 -0.000192156 6.15357e-05 6.60562e-05 4.61712e-07 5.54378e-05 -7.63775e-06 0.000162652 0.000292407 0.000378538 -9.52049e-05 0.000198868 -0.000230145
internal_weight=376980 271115 30756 16864 240359 155841 125847 99399 46730 26448 27391 105865 16858 29994
internal_count=376980 271115 30756 16864 240359 155841 125847 99399 46730 26448 27391 105865 16858 29994
is_linear=0
shrinkage=0.03


Tree=179
num_leaves=15
num_cat=0
split_feature=49 65 36 36 66 46 18 55 47 35 29 36 36 46
split_gain=1.67035 2.06893 1.55063 2.92491 2.87585 2.1372 2.04566 1.31947 1.27442 1.26201 1.31031 1.3271 3.21327 2.93696
threshold=-0.2336156191688441 0.23084135317528379 -0.11514544379325443 -0.15914726060348067 0.32313732614707613 -0.028021762050129125 -0.27567513629555845 0.11293194089229892 0.39513872153856922 -0.47571259309410963 0.21468847069745559 -0.061214439040295603 0.32972172260778859 0.10934466751070117
decision_type=2 2 2 2 2 2 2 2 2 2 2 2 2 2
left_child=1 2 3 4 -1 -5 7 -4 -8 -2 11 -11 13 -13
right_child=9 -3 6 5 -6 -7 8 -9 -10 10 -12 12 -14 -15
leaf_value=-0.00054291123046946446 -0.00044871021121131662 -0.00044880526248223125 -0.00054265530577500879 -0.00018520791432406381 0.00063991905166111286 -0.00097429143129134233 1.7731798289862311e-05 0.00018822793370412954 0.00037692404996509602 7.4080580438316628e-05 0.00017737180123089907 -0.00037403972298315192 0.0001446848191014641 6.46078772789435e-05
leaf_weight=3052 4808 13988 8408 6310 4665 6053 43152 3015 11187 123877 51460 37181 36973 21780
leaf_count=3052 4808 13988 8408 6310 4665 6053 43152 3015 11187 123877 51460 37181 36973 21780
internal_value=-5.45565e-06 -0.000110614 -5.54599e-05 -0.000286133 0.000172024 -0.000572023 1.50075e-05 -0.000349749 9.1736e-05 3.25722e-05 4.11187e-05 9.21383e-06 -7.45458e-05 -0.000212021
internal_weight=375909 99830 85842 20080 7717 12363 65762 11423 54339 276079 271271 219811 95934 58961
internal_count=375909 99830 85842 20080 7717 12363 65762 11423 54339 276079 271271 219811 95934 58961
is_linear=0
shrinkage=0.03


Tree=180
num_leaves=15
num_cat=0
split_feature=19 65 9 58 48 65 64 0 57 52 52 59 60 45
split_gain=1.9052 1.71825 1.46163 3.13707 3.75966 3.56333 2.4792 2.19438 1.39286 1.59601 1.36323 1.31998 1.30732 1.14735
threshold=-0.4917941481180072 -0.48404999736825172 -0.36467214483870491 -0.39806702178379855 -0.043389031416510647 -0.086356290213243078 -0.082660747476853022 0.27368009414750649 0.37441451669518677 -0.36121080905494313 -0.229513134505234 -0.19265811232307725 0.48066040041397229 -0.031544837561192689
decision_type=2 2 2 2 2 2 2 2 2 2 2 2 2 2
left_child=-1 -2 3 -3 6 8 13 10 9 -6 11 -8 -4 -5
right_child=1 2 12 4 5 -7 7 -9 -10 -11 -12 -13 -14 -15
leaf_value=0.00075059359798131152 0.0005028842270685946 -0.00082991829956748618 1.669097676925346e-05 6.6243337294764827e-05 0.00043822078624057266 -0.00082520966300175119 0.0013397894020370899 -0.00023670693185675684 -0.00060176743992930361 -0.00032557416559920007 0.00023100358461363061 0.00047256740667334855 -0.00044358647841185331 -0.00068642550987113159
leaf_weight=3003 5849 5676 313113 4587 5983 8753 3333 3271 3092 4170 4189 3026 5644 3013
leaf_count=3003 5849 5676 313113 4587 5983 8753 3333 3271 3092 4170 4189 3026 5644 3013
internal_value=-7.66871e-07 -6.82464e-06 -1.49427e-05 -0.000167304 -8.05076e-05 -0.0003559 0.000202363 0.000441607 -4.53659e-05 0.000124506 0.000651981 0.000928502 8.52752e-06 -0.00023266
internal_weight=376702 373699 367850 49093 43417 21998 21419 13819 13245 10153 10548 6359 318757 7600
internal_count=376702 373699 367850 49093 43417 21998 21419 13819 13245 10153 10548 6359 318757 7600
is_linear=0
shrinkage=0.03


Tree=181
num_leaves=15
num_cat=0
split_feature=23 34 47 9 48 65 63 53 53 1 1 42 61 57
split_gain=1.4749 1.91135 1.71797 1.71682 2.4111 2.95602 2.85165 1.7965 2.59003 3.06133 2.29833 2.09468 2.35037 1.96509
threshold=-0.11946429482925831 0.20527871445818244 0.047214119060014832 -0.2895851418262248 -0.16833902438342294 -0.27428868071696699 1.0000000180025095e-35 1.0000000180025095e-35 -0.27365961618616552 -0.27031928692084939 -0.22699863116767741 -0.11899726253212568 0.11375821031825857 -0.27625546087003156
decision_type=2 2 2 2 2 2 2 2 2 2 2 2 2 2
left_child=1 2 -1 4 6 -6 -2 8 9 -5 -11 12 13 -12
right_child=3 -3 -4 7 5 -7 -8 -9 -10 10 11 -13 -14 -15
leaf_value=-0.00011434399715692653 0.00034053380108513601 0.0002380763376988662 0.00013508928320180496 0.00065036671882672946 5.6353427735577413e-05 -0.00060456331409905169 -0.000351433473537841 9.432152531124457e-05 -0.00022338700230773017 -0.00076392779818808222 0.001309062441207099 -0.00011202438886314643 -0.00016771565893492025 0.00024907107102952418
leaf_weight=55580 11834 42024 44933 7094 8933 19120 9781 80483 59625 3466 3046 23084 3984 3258
leaf_count=55580 11834 42024 44933 7094 8933 19120 9781 80483 59625 3466 3046 23084 3984 3258
internal_value=-7.85067e-06 6.82037e-05 -2.83582e-06 -5.42367e-05 -0.000210736 -0.000394161 2.73941e-05 -1.19922e-05 -9.46188e-05 8.0158e-05 -2.97954e-05 4.66572e-05 0.000402467 0.000762505
internal_weight=376245 142537 100513 233708 49668 28053 21615 184040 103557 43932 36838 33372 10288 6304
internal_count=376245 142537 100513 233708 49668 28053 21615 184040 103557 43932 36838 33372 10288 6304
is_linear=0
shrinkage=0.03


Tree=182
num_leaves=15
num_cat=0
split_feature=29 53 62 61 58 9 49 57 47 28 6 60 17 53
split_gain=1.1923 2.14205 2.11969 1.91739 2.05739 1.83097 2.06487 1.80318 1.64778 1.99333 1.70635 1.64114 1.58343 1.82397
threshold=-0.11858722507289617 0.46929726907593272 -0.2195340632972636 0.28972464069606585 -0.40193702335922604 0.46889307780919476 -0.18606652592849196 -0.21704153141708851 -0.38989780335576957 0.23210393871950849 0.26049595178425139 0.22729589472708742 0.26731299681869281 0.046658812774493193
decision_type=2 2 2 2 2 2 2 2 2 2 2 2 2 2
left_child=2 3 -1 5 -5 6 7 -2 -8 10 12 -4 13 -10
right_child=1 -3 11 4 -6 -7 8 -9 9 -11 -12 -13 -14 -15
leaf_value=-0.00036101758464368941 -0.00062306873110255887 0.00059105250250134685 -9.042513958730305e-05 -0.00091912362670276888 -0.00010758176170654926 0.00064309079776515897 -0.00015041525743439521 -4.0091085880716119e-05 1.6032460688824628e-05 -4.6354376789530027e-05 0.00059880324292374706 0.00015483970238323405 0.00065050445604683668 0.00036814469778250202
leaf_weight=19375 5160 6185 90189 3078 31451 4759 17053 62534 37092 28308 10752 33728 6078 20581
leaf_count=19375 5160 6185 90189 3078 31451 4759 17053 62534 37092 28308 10752 33728 6078 20581
internal_value=-1.20383e-06 4.06691e-05 -6.92984e-05 2.56374e-05 -0.00018017 6.25959e-05 4.78332e-05 -8.46142e-05 0.000122635 0.000167935 0.000249351 -2.36613e-05 0.000190329 0.000141728
internal_weight=376323 233031 143292 226846 34529 192317 187558 67694 119864 102811 74503 123917 63751 57673
internal_count=376323 233031 143292 226846 34529 192317 187558 67694 119864 102811 74503 123917 63751 57673
is_linear=0
shrinkage=0.03


Tree=183
num_leaves=15
num_cat=0
split_feature=65 65 59 9 42 51 59 47 48 65 59 42 60 47
split_gain=1.65734 2.1391 2.04274 2.30099 2.02532 2.14299 1.95809 1.64931 2.09278 1.64348 1.99831 2.81978 1.7159 2.47835
threshold=0.25041006455508708 0.14121045621045628 0.059816757581963427 -0.075810697312356581 0.39129104314335889 -0.02757396330688788 -0.44110352568537903 -0.3616492508567985 -0.13335287372633803 0.047174284512914118 -0.14187903452634354 -0.13080474279668941 0.23496795879049562 0.39901111562068958
decision_type=2 2 2 2 2 2 2 2 2 2 2 2 2 2
left_child=1 9 4 -4 5 -2 -7 -3 -9 12 11 -11 -1 -14
right_child=2 7 3 -5 -6 6 -8 8 -10 10 -12 -13 13 -15
leaf_value=-2.6708174841629953e-05 -0.00024422503429783913 -0.00022801337972860904 -0.0010958270905060366 -0.00023788862304584174 0.00063153615847973425 0.00071666045082884088 3.9284434524842005e-06 0.000575949221085743 0.00010731405759682345 0.00084237609309993449 -0.00037681490259933138 -0.00015547697220099103 6.8692595257268375e-05 0.00056762508860891761
leaf_weight=149262 36928 6073 3485 14477 3730 3889 31468 14947 20117 3347 21404 10577 45263 11163
leaf_count=149262 36928 6073 3485 14477 3730 3889 31468 14947 20117 3347 21404 10577 45263 11163
internal_value=-8.11462e-06 2.82294e-05 -0.000117224 -0.000404864 -4.92117e-05 -8.44217e-05 8.2504e-05 0.000228142 0.00030719 -5.90011e-06 -0.000194898 8.48157e-05 2.65691e-05 0.000167482
internal_weight=376130 282153 93977 17962 76015 72285 35357 41137 35064 241016 35328 13924 205688 56426
internal_count=376130 282153 93977 17962 76015 72285 35357 41137 35064 241016 35328 13924 205688 56426
is_linear=0
shrinkage=0.03


Tree=184
num_leaves=15
num_cat=0
split_feature=65 36 36 0 49 9 52 52 28 7 28 51 21 26
split_gain=1.80735 3.44696 1.97272 1.89239 1.79873 2.05116 3.31284 2.8871 2.02009 1.82303 1.9685 1.72978 1.61655 1.5819
threshold=0.42279044897610746 -0.030103936289380014 -0.096680765815356715 -0.14284022467347901 -0.16647950377136908 -0.075810697312356581 -0.39710420782618777 -0.04720023773568887 -0.26757294087475847 0.34047593324901615 -0.067371604961274964 -0.039033070640770932 0.37744167548785673 0.30841254323558953
decision_type=2 2 2 2 2 2 2 2 2 2 2 2 2 2
left_child=4 2 -2 -4 5 7 -7 9 -6 10 -1 -8 13 -10
right_child=1 -3 3 -5 8 6 11 -9 12 -11 -12 -13 -14 -15
leaf_value=-4.771898592925674e-06 -8.5071892713003115e-05 0.00037543746465664216 -0.00013447445124291111 -0.00091391626134836631 0.00024951271013712951 0.00092336101937484497 0.00015004094958662414 -0.00093277523113543214 4.0991751568282158e-05 0.00041544786312260458 -0.00053682486386721993 -0.00013617748480732611 0.00034641206773557246 -0.00021035026477973757
leaf_weight=13453 9868 6632 4228 8333 45519 3392 29868 5015 142026 4301 11693 52205 13143 26777
leaf_count=13453 9868 6632 4228 8333 45519 3392 29868 5015 142026 4301 11693 52205 13143 26777
internal_value=2.21395e-06 -0.000225014 -0.000402649 -0.000651874 2.12286e-05 -7.27817e-05 6.00983e-06 -0.000268128 7.07949e-05 -0.000154656 -0.000252294 -3.20113e-05 2.60723e-05 1.1116e-06
internal_weight=376453 29061 22429 12561 347392 119927 85465 34462 227465 29447 25146 82073 181946 168803
internal_count=376453 29061 22429 12561 347392 119927 85465 34462 227465 29447 25146 82073 181946 168803
is_linear=0
shrinkage=0.03


Tree=185
num_leaves=15
num_cat=0
split_feature=7 53 7 9 66 9 53 1 58 33 33 33 29 50
split_gain=1.5501 2.1383 1.96578 1.86368 1.82233 1.82393 1.90612 1.93641 1.69578 2.05012 3.37013 4.36313 1.67281 1.52909
threshold=-0.18669040907412998 0.46929726907593272 0.33276058888364046 0.46495383186543499 0.32716642070138635 0.39102898318226792 0.25470637584422601 -0.2014751469623321 0.15031510177850635 -0.10950330548629074 1.0000000180025095e-35 -0.003930207499475479 -0.26874848814707303 0.11766467248389974
decision_type=2 2 2 2 2 2 2 2 2 2 2 2 2 2
left_child=3 4 -3 -1 8 6 7 -6 -2 -10 11 -11 -7 -9
right_child=1 2 -4 -5 5 12 -8 13 9 10 -12 -13 -14 -15
leaf_value=-0.00012226888774801109 3.5923914936804966e-06 0.00013477636594155475 0.001095043768544542 0.00061717175060649711 -0.00010254595434906297 -0.0004107333116439816 -7.5213834680633841e-05 -0.0012824428540174002 -6.2723246755933519e-05 0.00019369324402185626 0.00014124301232670583 0.0014180988474638216 0.00032456437717505557 -0.00042984797551314907
leaf_weight=107448 164136 4857 3165 3148 4593 3904 13825 4036 18057 5466 25193 5026 9643 3586
leaf_count=107448 164136 4857 3165 3148 4593 3904 13825 4036 18057 5466 25193 5026 9643 3586
internal_value=-6.80762e-06 3.2503e-05 0.000514532 -0.000101168 1.74647e-05 -0.000169753 -0.000316587 -0.00058949 5.14871e-05 0.000197737 0.000329513 0.000781014 0.000112518 -0.000882403
internal_weight=376083 265487 8022 110596 257465 39587 26040 12215 217878 53742 35685 10492 13547 7622
internal_count=376083 265487 8022 110596 257465 39587 26040 12215 217878 53742 35685 10492 13547 7622
is_linear=0
shrinkage=0.03


Tree=186
num_leaves=15
num_cat=0
split_feature=65 44 48 67 60 61 32 66 24 32 55 42 69 60
split_gain=1.88262 1.4307 1.43347 1.78609 1.58363 2.19536 1.5669 1.27049 1.9032 1.19068 1.14092 1.5745 1.20716 1.65033
threshold=-0.48798695408365217 0.090241313174099128 0.40529047032354837 0.23075842089332813 0.25826140173487316 0.19989395247991512 0.35822867889890597 0.45338202530302635 0.2853091257737797 -0.47959494394590957 -0.059454226717758567 -0.41575550020755497 0.21324592640186044 0.14939326464212407
decision_type=2 2 2 2 2 2 2 2 2 2 2 2 2 2
left_child=-1 2 3 9 -5 -6 -4 -3 -9 -2 11 -11 -13 -14
right_child=1 7 6 4 5 -7 -8 8 -10 10 -12 12 13 -15
leaf_value=0.00062513318165897383 -0.00048173412598280908 -4.9397378708647539e-05 -0.00047878835613503873 0.00016177272464921915 0.0011397243275395742 7.5906207300699963e-05 0.00011335199424846006 -3.7854094140486463e-05 -0.00099191461780652078 0.00052788743591089039 0.0001194316827696621 -1.616757817227732e-05 -0.00010638166567092372 -0.00088185247833730512
leaf_weight=4393 3884 145131 9192 20068 4053 3064 7139 4411 3273 4208 93568 62473 7822 3602
leaf_count=4393 3884 145131 9192 20068 4053 3064 7139 4411 3273 4208 93568 62473 7822 3602
internal_value=8.43502e-06 1.13354e-06 5.02775e-05 7.20605e-05 0.000298294 0.00068248 -0.000220027 -6.93172e-05 -0.000444997 3.70132e-05 4.8777e-05 -3.58702e-05 -6.804e-05 -0.000351446
internal_weight=376281 371888 219073 202742 27185 7117 16331 152815 7684 175557 171673 78105 73897 11424
internal_count=376281 371888 219073 202742 27185 7117 16331 152815 7684 175557 171673 78105 73897 11424
is_linear=0
shrinkage=0.03


Tree=187
num_leaves=15
num_cat=0
split_feature=23 34 22 24 65 8 34 2 12 58 30 18 1 12
split_gain=1.56337 1.92654 3.21956 1.79277 1.94656 1.85205 1.66911 1.44259 2.01734 1.68433 2.3108 1.77954 1.60495 1.37768
threshold=0.10595027307825368 0.26461082483200454 0.28834171852986862 0.44528698458304888 0.42666089116937939 -0.15677728851519349 0.047433340254969654 -0.031802542614908579 -0.023861550746055196 -0.25562505497512672 -0.21268650933020702 0.24747173943123921 -0.3315352182539682 -0.37662169349572144
decision_type=2 2 2 2 2 2 2 2 2 2 2 2 2 2
left_child=1 2 7 4 5 -2 -6 9 -9 11 -11 13 -12 -1
right_child=3 -3 -4 -5 6 -7 -8 8 -10 10 12 -13 -14 -15
leaf_value=0.00031913943630353743 0.00010545243143322238 0.00021284089712536946 0.00046597087395630773 0.00030825973010911262 -0.00088070721375266563 -0.00014412643428457354 -0.00012206793171748081 0.00067588863379574302 1.875173025403355e-05 0.0002759029410550631 0.00049728763481299721 -0.001039075743150285 -0.00021236640203375784 -0.00038906375887378698
leaf_weight=3096 38311 52135 12659 10337 5123 88695 5318 4416 84013 14784 3087 3041 38907 12133
leaf_count=3096 38311 52135 12659 10337 5123 88695 5318 4416 84013 14784 3087 3041 38907 12133
internal_value=3.45054e-06 5.26667e-05 5.24687e-06 -7.25684e-05 -0.00010123 -6.88393e-05 -0.00049479 -3.04561e-05 5.16408e-05 -0.000127185 -4.6539e-05 -0.000377646 -0.000160093 -0.000244974
internal_weight=376055 228271 176136 147784 137447 127006 10441 163477 88429 75048 56778 18270 41994 15229
internal_count=376055 228271 176136 147784 137447 127006 10441 163477 88429 75048 56778 18270 41994 15229
is_linear=0
shrinkage=0.03


Tree=188
num_leaves=15
num_cat=0
split_feature=9 48 58 16 36 52 55 57 57 25 24 17 18 58
split_gain=1.62101 2.97409 3.82375 2.73319 2.82224 2.10432 2.80811 2.45293 2.03487 1.90245 1.79056 1.67331 1.54469 2.35431
threshold=-0.39262342221821117 -0.1921031029434061 -0.34227191440121418 -0.32617263746803893 -0.13567844522417394 -0.11865636388176541 0.41398133174454566 -0.40984340592121354 -0.1026291798424417 0.13417836466459535 -0.071359103465007276 0.102909373167219 -0.17295301098406035 0.47291475495339386
decision_type=2 2 2 2 2 2 2 2 2 2 2 2 2 2
left_child=1 2 -1 -3 -5 6 7 -2 10 11 -4 -6 13 -7
right_child=5 3 8 4 9 12 -8 -9 -10 -11 -12 -13 -14 -15
leaf_value=-0.00055484047407573507 -0.00073622327909347418 -0.0010948269573257746 0.001248345900864577 -0.0010056612259420421 -0.00013451782440853684 -0.00018668603749752406 0.00055173017136901626 0.0001046245233265377 -0.00014508373813691444 -0.00047283107983496324 0.00027961827759303518 0.00062116666216544317 2.2639348606216791e-05 0.0006686638202595016
leaf_weight=4549 3220 3968 3552 3597 6815 64768 12649 93825 3093 7023 3330 4289 158494 3022
leaf_count=4549 3220 3968 3552 3597 6815 64768 12649 93825 3093 7023 3330 4289 158494 3022
internal_value=2.10399e-06 -0.000177868 0.000165186 -0.00037179 -0.000239281 2.3651e-05 0.000131479 7.66518e-05 0.000493774 -8.67348e-05 0.000780693 0.000157667 -2.86235e-05 -0.000148463
internal_weight=376194 40216 14524 25692 21724 335978 109694 97045 9975 18127 6882 11104 226284 67790
internal_count=376194 40216 14524 25692 21724 335978 109694 97045 9975 18127 6882 11104 226284 67790
is_linear=0
shrinkage=0.03


Tree=189
num_leaves=15
num_cat=0
split_feature=29 62 28 39 50 1 43 66 21 19 58 53 18 46
split_gain=1.3819 1.99552 1.72223 1.58334 1.53536 1.92876 2.16304 1.77233 3.31172 2.29468 2.26269 2.09071 1.94672 1.73552
threshold=-0.1224842142885509 -0.16083462581517052 -0.22805494253996988 -0.1636542441671647 -0.3716669732661797 -0.18025698342072616 -0.091409578751628903 -0.2003934919160841 0.33413577442326242 -0.1535658213374721 0.1423938600324646 0.16480602716336348 -0.094851313720006339 -0.24256005874835737
decision_type=2 2 2 2 2 2 2 2 2 2 2 2 2 2
left_child=1 2 -1 -4 5 6 -2 8 10 -10 11 13 -13 -6
right_child=4 -3 3 -5 7 -7 -8 -9 9 -11 -12 12 -14 -15
leaf_value=-0.00010699151151852981 0.00030775185142924681 -1.0112467227881294e-05 -0.0010975527060563691 -0.00030699345409715786 0.00057301868503820369 -0.00034493812497016994 -0.00037572233092537661 2.9739512841587012e-05 0.0013489310661883129 0.00029353522063069469 0.00087400614460209081 0.00097092121762432375 1.2634575073246723e-05 -5.473844360983258e-05
leaf_weight=14961 12999 117610 3795 5718 4406 17810 6122 135854 3677 3744 3545 4287 3432 38679
leaf_count=14961 12999 117610 3795 5718 4406 17810 6122 135854 3677 3744 3545 4287 3432 38679
internal_value=1.24207e-05 -6.1409e-05 -0.00030781 -0.000623191 5.71445e-05 -0.000120386 8.88409e-05 9.03249e-05 0.000223547 0.00081758 0.0001423 9.10814e-05 0.000545418 9.57593e-06
internal_weight=376639 142084 24474 9513 234555 36931 19121 197624 61770 7421 54349 50804 7719 43085
internal_count=376639 142084 24474 9513 234555 36931 19121 197624 61770 7421 54349 50804 7719 43085
is_linear=0
shrinkage=0.03


Tree=190
num_leaves=15
num_cat=0
split_feature=16 53 47 41 63 28 62 16 58 66 4 53 42 11
split_gain=1.70964 1.63807 1.5592 2.34985 1.97326 2.27824 1.9682 1.89924 1.88889 1.89567 1.74467 1.73756 1.66466 1.55122
threshold=-0.43257336382439665 -0.26564723769265491 0.39132955104415046 -0.33382237888517124 0.29366843083576694 0.17323617253929138 -0.37036037508670322 -0.0079192898607817735 0.14642957520276242 -0.44483719657935678 0.17595383577107335 0.3211107303328003 0.24242800210542151 -0.41340207831402648
decision_type=2 2 2 2 2 2 2 2 2 2 2 2 2 2
left_child=1 -1 4 -4 5 7 -5 10 9 -7 -2 12 -10 -6
right_child=2 -3 3 6 13 8 -8 -9 11 -11 -12 -13 -14 -15
leaf_value=0.00028367073866770792 0.00012598347905127031 -0.00035031650169031677 0.0010091979000908531 -0.00046066446871295387 0.0004122909067226335 0.0002977539489310462 0.00022604546576850137 5.2801015108582521e-06 0.00011132813322832638 -0.00023589563331102541 0.00046259359112740795 -0.00049096772860850331 0.00081289964661726284 -0.00021376253832221961
leaf_weight=4453 60328 20622 3005 4335 3829 6691 27737 98214 15844 56625 17986 3363 3759 49494
leaf_count=4453 60328 20622 3005 4335 3829 6691 27737 98214 15844 56625 17986 3363 3759 49494
internal_value=1.60869e-06 -0.00023766 1.86978e-05 0.000208431 -2.36025e-06 3.14022e-05 0.000133112 9.31531e-05 -9.49325e-05 -0.000179463 0.00020334 0.000138091 0.000246205 -0.000168738
internal_weight=376285 25075 351210 35077 316133 262810 32072 176528 86282 63316 78314 22966 19603 53323
internal_count=376285 25075 351210 35077 316133 262810 32072 176528 86282 63316 78314 22966 19603 53323
is_linear=0
shrinkage=0.03


Tree=191
num_leaves=15
num_cat=0
split_feature=43 65 25 23 60 36 22 45 47 34 24 32 23 42
split_gain=1.42451 1.82076 1.09065 1.19236 1.11114 1.83738 1.14635 1.8932 2.37447 1.7216 2.35402 1.5219 1.42197 1.68614
threshold=-0.45984150219445685 -0.21488369750401834 -0.43308786800438331 0.0040088576898376091 0.48066040041397229 -0.065312969362966281 -0.012124843129739852 -0.45935325297413282 -0.40162962645509254 0.16947960819166555 0.41048689639437291 0.32635821089163508 0.054999841281178304 -0.37261298439247331
decision_type=2 2 2 2 2 2 2 2 2 2 2 2 2 2
left_child=1 -1 3 -2 6 -6 7 -4 -9 11 12 -10 13 -11
right_child=2 -3 4 -5 5 -7 -8 8 9 10 -12 -13 -14 -15
leaf_value=-7.0104976734359373e-05 6.888828760203776e-06 -0.00079317920003832009 0.00061696735401374101 -0.00041668827478082994 0.00015127076803541061 -0.00086279002974399849 7.9692514689036937e-05 -0.00041863720459737092 -6.0856243336698645e-05 -0.00028199283609161251 -0.00047122613528851785 -0.00065481115145696561 -0.00013077542567391815 0.00037103126087692582
leaf_weight=9917 12817 4574 3936 11204 3112 3312 172004 14162 88957 4026 5158 4050 8928 30219
leaf_count=9917 12817 4574 3936 11204 3112 3312 172004 14162 88957 4026 5158 4050 8928 30219
internal_value=-7.17197e-06 -0.000298729 4.5108e-06 -0.000190769 1.83998e-05 -0.000372074 2.5979e-05 -3.197e-05 -4.84345e-05 -1.13133e-05 0.000133916 -8.67877e-05 0.000206306 0.000294199
internal_weight=376376 14491 361885 24021 337864 6424 331440 159436 155500 141338 48331 93007 43173 34245
internal_count=376376 14491 361885 24021 337864 6424 331440 159436 155500 141338 48331 93007 43173 34245
is_linear=0
shrinkage=0.03


Tree=192
num_leaves=15
num_cat=0
split_feature=48 58 41 51 49 55 32 36 56 44 36 49 25 9
split_gain=1.49869 1.23739 2.62108 1.33026 1.9795 1.76096 1.73124 1.68534 1.75553 1.4822 1.36874 2.23045 1.69057 1.40778
threshold=-0.49186602684600322 -0.48032435872911766 0.035733343497484367 0.46448479120396619 -0.46815095235178827 0.48467129976894741 0.35406051984999359 0.43802805708164894 -0.11891328962245697 -0.46426591725908944 0.32972172260778859 -0.09883039935706163 -0.18105223415980276 0.055085271053334946
decision_type=2 2 2 2 2 2 2 2 2 2 2 2 2 2
left_child=-1 2 -2 4 6 7 -3 9 -9 -6 -11 13 -13 -12
right_child=1 3 -4 -5 5 -7 -8 8 -10 10 11 12 -14 -15
leaf_value=0.00065924205006016542 0.00015097371277533967 -0.00099559986894873329 -0.0010546820526282979 0.00029674613518545698 0.00037849307308137026 0.00069416009414368122 -0.00013207186377825285 -0.0010092229727800344 -5.4788380388956592e-05 -3.7055443567315219e-05 -0.0005322859291819386 -1.6445923183111058e-05 0.00045299075396976516 6.1956277147062571e-05
leaf_weight=3002 3406 3347 3086 12654 8972 3204 5544 3061 3988 280018 5606 10605 19772 9931
leaf_count=3002 3406 3347 3086 12654 8972 3204 5544 3061 3988 280018 5606 10605 19772 9931
internal_value=-7.26434e-06 -1.26433e-05 -0.000422881 -5.36922e-06 -1.61752e-05 -4.78376e-06 -0.000457899 -1.13528e-05 -0.00047009 -1.68359e-06 -1.21601e-05 0.000139645 0.000289153 -0.00015266
internal_weight=376196 373194 6492 366702 354048 345157 8891 341953 7049 334904 325932 45914 30377 15537
internal_count=376196 373194 6492 366702 354048 345157 8891 341953 7049 334904 325932 45914 30377 15537
is_linear=0
shrinkage=0.03


Tree=193
num_leaves=15
num_cat=0
split_feature=19 34 36 36 18 57 36 36 32 12 36 36 65 14
split_gain=1.35439 1.38431 3.84344 4.13979 5.16014 6.71373 3.09079 2.11307 3.31998 3.02802 2.6915 4.32631 2.40961 2.49271
threshold=-0.4917941481180072 0.17348098569732026 -0.11514544379325443 -0.20313443362101813 0.37043688175304135 -0.007890059762918537 -0.10988091816203342 -0.085008674281173216 -1.0000000180025095e-35 0.33213224207379649 -0.099202177372816044 -0.096211177283418117 0.26606446631924346 -0.18817511345283491
decision_type=2 2 2 2 2 2 2 2 2 2 2 2 2 2
left_child=-1 7 3 -3 -5 -6 -4 8 10 12 -2 -12 13 -9
right_child=1 2 6 4 5 -7 -8 9 -10 -11 11 -13 -14 -15
leaf_value=0.00064052246252416548 0.00010463033675223267 0.00076814550335586103 0.0011036148016111962 -5.9141643037333757e-05 -0.0020590089149995798 -0.00028203865463373912 0.00015208257811473699 -0.00031699113141553213 -0.0001807090070019851 0.0001907017266585072 0.0012951836071424662 0.00015017482273428 -0.00039967726473423944 1.0621975786447958e-07
leaf_weight=3004 47775 3495 3177 19209 3090 5010 85660 31586 29644 26632 4881 7569 29365 75928
leaf_count=3004 47775 3495 3177 19209 3090 5010 85660 31586 29644 26632 4881 7569 29365 75928
internal_value=7.12731e-06 2.00944e-06 8.61094e-05 -0.000202604 -0.000327077 -0.000961623 0.000186232 -3.77027e-05 7.91501e-05 -0.000101928 0.000207067 0.000599753 -0.000158874 -9.3073e-05
internal_weight=376025 373021 119641 30804 27309 8100 88837 253380 89869 163511 60225 12450 136879 107514
internal_count=376025 373021 119641 30804 27309 8100 88837 253380 89869 163511 60225 12450 136879 107514
is_linear=0
shrinkage=0.03


Tree=194
num_leaves=15
num_cat=0
split_feature=48 47 41 47 39 42 57 40 9 28 66 41 51 55
split_gain=2.16456 1.6643 2.15212 2.19932 1.94424 1.8063 2.66004 1.96289 1.95999 1.75994 2.02429 2.1562 1.96287 2.05946
threshold=-0.49186602684600322 0.078887376570683357 -0.15773728162670206 0.44937014025365285 -0.42835452140163904 -0.23467779839821865 0.35462068025024174 0.39440831447467967 0.097800510786970621 -0.13763473486784625 -0.45291797766241287 0.11054596134352403 0.39011631267621921 -0.42053297150954694
decision_type=2 2 2 2 2 2 2 2 2 2 2 2 2 2
left_child=-1 4 3 -3 -2 8 7 -7 -4 -6 11 -11 13 -12
right_child=1 2 5 -5 9 6 -8 -9 -10 10 12 -13 -14 -15
leaf_value=0.00081431204084390484 -0.00040518623321579881 0.00022832956973255664 -6.7533837206245226e-05 0.0010873273916189271 8.2482350850119832e-05 -1.0931605551166335e-05 -0.00034684608163886829 0.00036919790000966525 0.00057572279073347184 0.000715127872753942 -0.0007087241704553035 -0.00023331101011613085 0.00026172241222232007 -0.00013623207086189271
leaf_weight=3001 12780 24767 7233 3000 83351 75310 18199 14585 10366 5406 5992 3579 10459 98164
leaf_count=3001 12780 24767 7233 3000 83351 75310 18199 14585 10366 5406 5992 3579 10459 98164
internal_value=1.31764e-05 6.71248e-06 8.25183e-05 0.000321495 -4.62316e-05 2.97042e-05 -1.61941e-05 5.07767e-05 0.000311463 -2.40463e-05 -9.58859e-05 0.000337496 -0.000129886 -0.000169232
internal_weight=376192 373191 153460 27767 219731 125693 108094 89895 17599 206951 123600 8985 114615 104156
internal_count=376192 373191 153460 27767 219731 125693 108094 89895 17599 206951 123600 8985 114615 104156
is_linear=0
shrinkage=0.03


Tree=195
num_leaves=15
num_cat=0
split_feature=47 1 1 1 42 57 63 53 52 66 57 29 58 4
split_gain=1.78153 1.62887 3.19162 4.67994 1.93434 2.19209 1.78491 1.9625 1.46103 3.11689 2.37723 2.26005 2.07872 2.20052
threshold=-0.38989780335576957 -0.34788211564320926 -0.31269413343809332 -0.28057577016502538 -0.14249488263095283 -0.26102056561467796 -0.11924689332239409 -0.27771173801198673 -0.11865636388176541 0.28794706306342899 0.16554216632416827 -0.253232003340012 -0.34640093105451891 0.35630903063398783
decision_type=2 2 2 2 2 2 2 2 2 2 2 2 2 2
left_child=1 -1 -3 -4 6 -6 7 -5 12 -10 -11 -12 -2 -14
right_child=8 2 3 4 5 -7 -8 -9 9 10 11 -13 13 -15
leaf_value=-0.00079185355646429925 -0.00022515455464571388 0.00067417857324477207 -0.0011923178483924642 0.00063136892085532156 -0.00014756094518338805 0.00089494841018984521 -0.00056298795075492361 -0.00023202906669060074 2.5896971937173218e-05 -0.00097652208292075247 -0.00055892778622899876 -2.8099298066345426e-05 9.3454053994825988e-05 0.00048574497636482431
leaf_weight=3680 15533 3946 3967 3214 3984 3321 8860 8928 170504 3900 10511 23001 98183 14802
leaf_count=3680 15533 3946 3967 3214 3984 3321 8860 8928 170504 3900 10511 23001 98183 14802
internal_value=-1.84601e-06 -0.000191357 -0.000130144 -0.000228664 -9.32419e-05 0.00032696 -0.000239484 -3.15523e-06 2.06344e-05 -2.85172e-05 -0.000276449 -0.00019471 0.000100148 0.000144886
internal_weight=376334 39900 36220 32274 28307 7305 21002 12142 336434 207916 37412 33512 128518 112985
internal_count=376334 39900 36220 32274 28307 7305 21002 12142 336434 207916 37412 33512 128518 112985
is_linear=0
shrinkage=0.03


Tree=196
num_leaves=15
num_cat=0
split_feature=63 50 9 60 20 52 6 58 42 8 60 32 40 60
split_gain=1.48769 2.0623 1.90349 1.87866 2.03581 1.75382 1.72323 1.65875 2.54262 1.5153 1.58194 1.48236 1.36987 1.35879
threshold=-0.023995031922929785 -0.3716669732661797 -0.17022682583824622 0.47673030112282067 0.020109485224736771 0.46875813378448727 0.03567314485993079 -0.35435743731871938 0.12910514045441587 -0.28697915522200318 -0.031597482669656028 -0.1610846968035759 -0.048474362998042662 -0.43256125157313879
decision_type=2 2 2 2 2 2 2 2 2 2 2 2 2 2
left_child=3 6 7 4 9 -4 -2 8 -3 10 -1 -6 -8 -13
right_child=1 2 5 -5 11 -7 12 -9 -10 -11 -12 13 -14 -15
leaf_value=0.00047411485005467838 -4.1508553476232192e-06 -0.00090822285072109392 4.93099955102118e-05 -0.00055797546227031344 0.00051328385895994463 -0.00065282915611201162 -0.0003463090278924229 -0.000100794773211084 1.9347789603251876e-05 -9.5574100458509584e-05 -4.8020079590130423e-05 0.00058555674471330111 -0.0011907715475026137 9.6090713596424677e-05
leaf_weight=9806 4707 6176 122004 4324 10462 3278 3656 50822 4665 67545 11156 5501 3290 69320
leaf_count=9806 4707 6176 122004 4324 10462 3278 3656 50822 4665 67545 11156 5501 3290 69320
internal_value=-3.96334e-06 -6.0421e-05 -3.62729e-05 5.89871e-05 7.43688e-05 3.08879e-05 -0.000447457 -0.000172708 -0.000509429 -2.64219e-05 0.000196344 0.000178961 -0.000747429 0.000132151
internal_weight=376712 198598 186945 178114 173790 125282 11653 61663 10841 88507 20962 85283 6946 74821
internal_count=376712 198598 186945 178114 173790 125282 11653 61663 10841 88507 20962 85283 6946 74821
is_linear=0
shrinkage=0.03


Tree=197
num_leaves=15
num_cat=0
split_feature=65 59 46 23 57 58 20 59 30 63 1 1 44 1
split_gain=1.54772 2.5495 1.65657 2.25249 1.45274 1.35131 2.32681 1.77202 1.73435 1.83707 1.70418 2.2317 2.33811 2.22338
threshold=0.46565939526692907 -0.059442235616732252 -0.019728356739706045 0.051105385171706603 0.48475814041031434 -0.24748028687113982 0.45283300478738392 0.47273015507004101 -0.25189964643762436 -0.31364291242604181 -0.29157994381961955 0.34298202269184597 0.22338142968867716 -0.34445874833019008
decision_type=2 2 2 2 2 2 2 2 2 2 2 2 2 2
left_child=4 2 -2 -4 5 6 10 8 9 -7 13 -12 -13 -1
right_child=1 -3 3 -5 -6 7 -8 -9 -10 -11 11 12 -14 -15
leaf_value=-0.00025306547711752411 0.00051068824972003157 -0.0010311356448891886 0.00017483352153040401 -0.00094050334914140305 -0.00046600787322089604 0.00075981904557521527 0.00067984957152612477 0.00058033745482352183 1.0875561185804502e-05 0.00014793762953589315 -0.0002440057812356342 0.00049648770802045291 -0.00032792222034942346 0.00059790030980900826
leaf_weight=4849 3017 3345 3541 3005 5564 5017 3467 5652 223269 36416 59294 8244 4946 6401
leaf_count=4849 3017 3345 3541 3005 5564 5017 3467 5652 223269 36416 59294 8244 4946 6401
internal_value=3.10146e-06 -0.000319584 -6.98768e-05 -0.000337825 1.45806e-05 2.2072e-05 -8.06132e-05 5.51943e-05 4.39597e-05 0.000222194 -0.000112178 -0.000165499 0.000187335 0.000231216
internal_weight=376027 12908 9563 6546 363119 357555 87201 270354 264702 41433 83734 72484 13190 11250
internal_count=376027 12908 9563 6546 363119 357555 87201 270354 264702 41433 83734 72484 13190 11250
is_linear=0
shrinkage=0.03


Tree=198
num_leaves=15
num_cat=0
split_feature=49 16 8 65 28 43 66 65 49 1 1 65 0 54
split_gain=1.24401 1.92633 1.52407 1.48458 1.29141 1.6397 1.38383 1.52969 1.50631 1.24299 1.855 1.23296 1.18296 1.14705
threshold=-0.46815095235178827 0.34192066759375012 0.44191698794192441 -0.48798695408365217 -0.42100217875525064 -0.45569431540561994 0.41050844638327394 -0.39642168579888054 -0.32485541403403201 -0.22699863116767741 -0.27105759239335331 -0.19470021244329722 -0.36130336558418746 -0.483813244047619
decision_type=2 2 2 2 2 2 2 2 2 2 2 2 2 2
left_child=1 -1 -3 -2 6 11 7 -5 -9 10 -10 -6 -11 -7
right_child=3 2 -4 4 5 13 -8 8 9 12 -12 -13 -14 -15
leaf_value=-0.00091856440293212969 0.0005943271643774142 0.0003074359188946553 -0.00049763021204331692 -0.00050585840326203312 -0.00016757519542871574 0.00053104219796435608 0.00079266085957010763 -0.00039579550894360742 0.00026082942622265609 -0.0004134599206984144 0.0011701289679140255 -0.00089615115871108505 0.00031768683694638993 -6.1337821159898902e-06
leaf_weight=3281 3872 4583 3915 3009 6708 3608 3160 3076 5949 3004 3053 3031 5862 320399
leaf_count=3281 3872 4583 3915 3009 6708 3608 3160 3076 5949 3004 3053 3031 5862 320399
internal_value=9.8232e-07 -0.000302328 -6.36043e-05 1.07857e-05 4.50808e-06 -1.16701e-05 0.000203584 0.000125571 0.000216486 0.000322054 0.000570172 -0.000395011 6.97712e-05 -1.35821e-07
internal_weight=376510 11779 8498 364731 360859 333746 27113 23953 20944 17868 9002 9739 8866 324007
internal_count=376510 11779 8498 364731 360859 333746 27113 23953 20944 17868 9002 9739 8866 324007
is_linear=0
shrinkage=0.03


Tree=199
num_leaves=15
num_cat=0
split_feature=8 61 34 40 52 65 36 60 34 36 16 57 36 42
split_gain=1.09905 1.81078 1.50229 1.61715 2.42057 2.33409 2.2992 2.44867 3.18059 2.12049 2.25977 2.05677 2.04815 2.60167
threshold=-0.10568887609476953 0.40273644743340781 0.24511395467277822 0.23763386172857062 -0.1506810375841113 -0.3808460481556582 -0.11897829513036882 -0.05130205253156072 -0.16567928791742048 -0.062936491491489763 0.079082674975550452 -0.36281521508794229 -0.15202657426408328 -0.047613408224492997
decision_type=2 2 2 2 2 2 2 2 2 2 2 2 2 2
left_child=1 2 3 4 5 -1 12 9 -9 10 -8 -5 -6 -14
right_child=-2 -3 -4 11 6 -7 7 8 -10 -11 -12 -13 13 -15
leaf_value=-0.00033906813216816854 -5.1159883098256653e-05 -0.00040051405274950483 0.00029727170419478662 0.00089573209336015641 -0.00016184812195086531 0.00036935154569669619 -5.0498145310496942e-05 -0.00081637591579509638 -0.0001214445865526645 0.00024300369077301999 -0.00090628060319601633 0.00013352765280422375 0.0012305351503846965 0.00011009096038177383
leaf_weight=5255 227906 7482 23446 3764 7029 20435 10380 10799 13134 13783 3782 20496 3028 4837
leaf_count=5255 227906 7482 23446 3764 7029 20435 10380 10799 13134 13783 3782 20496 3028 4837
internal_value=-9.85308e-06 5.39054e-05 7.81886e-05 3.41596e-05 -2.30458e-05 0.000224366 -0.000118255 -0.000212574 -0.00043522 -2.18044e-05 -0.000279515 0.000252106 0.000210194 0.000542473
internal_weight=375556 147650 140168 116722 92462 25690 66772 51878 23933 27945 14162 24260 14894 7865
internal_count=375556 147650 140168 116722 92462 25690 66772 51878 23933 27945 14162 24260 14894 7865
is_linear=0
shrinkage=0.03


Tree=200
num_leaves=15
num_cat=0
split_feature=48 47 36 1 1 40 36 1 49 9 43 33 45 64
split_gain=1.64008 1.56141 2.71007 2.23226 2.49457 1.68534 1.62846 1.68406 1.54035 1.55376 2.3331 2.65103 2.54289 2.4543
threshold=-0.49186602684600322 -0.3616492508567985 -0.14562966001539632 -0.34788211564320926 -0.29652259544206122 -0.27015540597721643 -0.027945603248189784 -0.18025698342072616 -0.46815095235178827 0.18809457265298521 -0.3169482224577011 -0.28650313667871746 -1.0000000180025095e-35 0.047220256025381775
decision_type=2 2 2 2 2 2 2 2 2 2 2 2 2 2
left_child=-1 2 -2 -4 -5 6 7 -6 -3 10 11 -10 -12 -14
right_child=1 8 3 4 5 -7 -8 -9 9 -11 12 -13 13 -15
leaf_value=0.00068307861630941772 -0.00082735717625558643 -0.0003678223741856496 -0.00080724341486989313 0.00059584079110475445 0.00057801427497257332 -0.00030492369160600437 -0.00038439575076238661 -0.00018145934394057573 -0.0010288459097916977 0.00011872912580996654 0.00014710964855363108 -0.0001650215125907991 -0.00025011345532390683 2.4882335403277563e-05
leaf_weight=3019 5125 9609 3665 4942 7165 20017 4316 4140 3928 95241 72363 17034 46154 79525
leaf_count=3019 5125 9609 3665 4942 7165 20017 4316 4140 3928 95241 72363 17034 46154 79525
internal_value=-1.21847e-05 -1.78269e-05 -0.000174968 -9.923e-05 -3.51023e-05 -0.000122739 0.000110761 0.000299973 6.13316e-06 1.75793e-05 -2.64124e-05 -0.000327304 5.45082e-06 -7.61182e-05
internal_weight=376243 373224 49370 44245 40580 35638 15621 11305 323854 314245 219004 20962 198042 125679
internal_count=376243 373224 49370 44245 40580 35638 15621 11305 323854 314245 219004 20962 198042 125679
is_linear=0
shrinkage=0.03


Tree=201
num_leaves=15
num_cat=0
split_feature=28 57 59 47 61 50 58 51 42 18 41 51 42 43
split_gain=1.30478 1.81113 1.83683 1.79914 1.73382 1.71336 2.40612 1.61196 1.41661 1.39834 1.56064 1.74382 1.82301 1.91468
threshold=-0.11839647304053959 -0.47245233829388356 -0.063355655065070501 -0.15260430206437764 0.050972263926422685 0.086152207024488239 -0.26735573923714495 0.46448479120396619 -0.30137655108264466 0.0080115453001539123 -0.098589636679391926 0.078577136768399461 0.25399739788004877 0.20422513854043181
decision_type=2 2 2 2 2 2 2 2 2 2 2 2 2 2
left_child=1 -1 3 8 7 6 -5 -4 -3 10 -2 -12 13 -13
right_child=9 2 4 5 -6 -7 -8 -9 -10 -11 11 12 -14 -15
leaf_value=-0.00060890320628809082 -0.00028641690283015135 0.00060814494557779599 9.348201813407673e-05 -5.5248888219373076e-05 -0.0001192507606789673 0.00011833713780230197 0.00086906594443604437 0.00078472852354435994 -1.6976775943726432e-05 3.8054933198648001e-05 -0.00012623954942785187 5.0357436592361079e-05 -0.00023177934002806304 0.00067936728457214087
leaf_weight=3382 32679 3790 41392 3345 45246 9330 10438 3267 23066 111090 64614 9648 7211 7932
leaf_count=3382 32679 3790 41392 3345 45246 9330 10438 3267 23066 111090 64614 9648 7211 7932
internal_value=4.81913e-06 7.60738e-05 9.26781e-05 0.000238482 1.1623e-05 0.000432466 0.000644866 0.000144214 7.14358e-05 -3.89593e-05 -0.000109035 -4.41749e-05 0.000169679 0.000334388
internal_weight=376430 143256 139874 49969 89905 23113 13783 44659 26856 233174 122084 89405 24791 17580
internal_count=376430 143256 139874 49969 89905 23113 13783 44659 26856 233174 122084 89405 24791 17580
is_linear=0
shrinkage=0.03


Tree=202
num_leaves=15
num_cat=0
split_feature=59 33 36 65 36 36 51 53 57 36 9 52 36 36
split_gain=1.30687 1.87513 2.94195 1.81532 2.50996 2.91394 2.63788 2.32763 2.19679 3.59719 2.08676 1.94911 1.93535 2.20369
threshold=-0.46072140011383034 -0.093978054300184702 -0.069805264816171483 0.26210788304987354 -0.11897829513036882 -0.10988091816203342 0.37824928713326222 -0.30594549120067904 -0.39426835069551786 -0.092178763539744871 -0.2933977706403309 -0.091196789430174827 -0.10104814599851066 -0.030103936289380014
decision_type=2 2 2 2 2 2 2 2 2 2 2 2 2 2
left_child=1 -1 -3 7 10 -6 12 -2 9 -9 -5 -11 -7 -14
right_child=3 2 -4 4 5 6 -8 8 -10 11 -12 -13 13 -15
leaf_value=0.00058325163520500363 0.00032760929979334962 -0.00077728614218859203 0.00054388857997264583 -0.00049433470835285947 -0.0010932093251852485 0.00043927782770793769 0.00036203774092492987 -0.0012852079903917827 2.0130729159691209e-05 -0.00053781131915136172 0.0003625971867636391 0.0005134126021943599 -0.00042905192794417892 -1.1695408983362485e-05
leaf_weight=8114 21544 3012 3036 3156 3231 3500 7370 3082 249450 3323 13312 3021 33943 17132
leaf_count=8114 21544 3012 3036 3156 3231 3500 7370 3082 249450 3323 13312 3021 33943 17132
internal_value=2.88892e-06 0.000285497 -0.000114274 -8.17277e-06 -0.000132657 -0.000216265 -0.000170356 2.80743e-05 3.13488e-06 -0.000446188 0.000198171 -3.72004e-05 -0.000242305 -0.000289088
internal_weight=376226 14162 6048 362064 81644 65176 61945 280420 258876 9426 16468 6344 54575 51075
internal_count=376226 14162 6048 362064 81644 65176 61945 280420 258876 9426 16468 6344 54575 51075
is_linear=0
shrinkage=0.03


Tree=203
num_leaves=15
num_cat=0
split_feature=65 51 3 36 16 9 43 43 44 36 36 42 36 36
split_gain=1.20955 1.97907 1.64345 1.49506 1.23245 1.69296 2.52545 1.38698 1.27148 1.83006 3.79112 1.39056 1.77132 1.98011
threshold=0.40703013725342946 0.39426817242558337 -0.30613659651169745 -0.11897829513036882 -0.43257336382439665 0.16434175934878273 -0.31308581563561566 0.094223625954470605 0.13267789745005984 -0.06942095350640716 -0.065447573916255816 -0.086781118836647284 -0.015108607923641075 -0.039496315252845991
decision_type=2 2 2 2 2 2 2 2 2 2 2 2 2 2
left_child=4 2 -2 -4 5 6 -1 -8 -6 -10 -11 12 13 -12
right_child=1 -3 3 -5 8 -7 7 -9 9 10 11 -13 -14 -15
leaf_value=-0.0010857065797418059 -0.00077140699676944127 0.00052254793797611447 0.00030811161574781734 -0.00026773973297983939 6.5890653208346389e-05 0.0001454100805856435 0.00011311914283128773 -0.00055279432574731661 6.0064946871904824e-05 -0.0011936086899978771 -0.00030622158057436541 3.185107628234742e-06 -3.7153513983666121e-06 -0.0011521289708030804
leaf_weight=3606 4673 3262 4953 22259 200448 7997 6479 4964 58749 3114 8998 33346 9932 3440
leaf_count=3606 4673 3262 4953 22259 200448 7997 6479 4964 58749 3114 8998 33346 9932 3440
internal_value=-1.26736e-05 -0.000180216 -0.000252254 -0.000162851 4.59613e-06 -0.000207199 -0.000394547 -0.000175986 1.995e-05 -5.83682e-05 -0.000176628 -0.000119585 -0.000302512 -0.000540913
internal_weight=376220 35147 31885 27212 341073 23046 15049 11443 318027 117579 58830 55716 22370 12438
internal_count=376220 35147 31885 27212 341073 23046 15049 11443 318027 117579 58830 55716 22370 12438
is_linear=0
shrinkage=0.03


Tree=204
num_leaves=15
num_cat=0
split_feature=59 51 18 65 51 36 67 28 42 36 59 45 28 33
split_gain=1.45767 2.45034 1.70983 1.63013 2.48743 1.87788 2.13737 1.95031 2.13283 2.41694 2.13246 2.13122 1.75987 1.75453
threshold=-0.46852826938948605 -0.34684940186925434 -0.17679969822459862 0.26210788304987354 0.38242389377055486 -0.09761980377033834 0.23075842089332813 0.3187083748773808 -0.17463400699850032 -0.062936491491489763 -0.22840625116832761 -0.13433606468766321 -0.079285351224649372 0.12180065371660566
decision_type=2 2 2 2 2 2 2 2 2 2 2 2 2 2
left_child=1 -1 -3 -2 5 6 12 8 10 13 -7 -11 -5 -10
right_child=3 2 -4 4 -6 7 -8 -9 9 11 -12 -13 -14 -15
leaf_value=-0.00039208397503453992 1.9566774593071215e-05 0.00022018624554369606 0.0010879220133587545 0.0002426062958270699 0.00032935297358363178 -0.00017448487283951158 0.00056465772728628077 6.1000432993955163e-05 -0.0008793570267103299 0.00052306026995366283 -0.0011549833781254936 -0.00023717817015316478 -0.00035962193879345006 -0.00010087690152127139
leaf_weight=3083 282330 4717 3605 7202 9338 3103 5239 10905 7658 4281 5608 14638 11064 3951
leaf_count=3083 282330 4717 3605 7202 9338 3103 5239 10905 7658 4281 5608 14638 11064 3951
internal_value=-4.36102e-06 0.000329474 0.000596935 -1.47919e-05 -0.000131672 -0.000190162 3.10913e-05 -0.00029386 -0.000392471 -0.000274157 -0.000806314 -6.49656e-05 -0.00012217 -0.000614724
internal_weight=376722 11405 8322 365317 82987 73649 23505 50144 39239 30528 8711 18919 18266 11609
internal_count=376722 11405 8322 365317 82987 73649 23505 50144 39239 30528 8711 18919 18266 11609
is_linear=0
shrinkage=0.03


Tree=205
num_leaves=15
num_cat=0
split_feature=63 8 21 23 53 69 12 9 66 53 12 36 64 34
split_gain=1.41015 1.95477 1.81049 1.50843 1.60171 2.20718 3.12041 2.12565 1.59646 1.46694 2.37566 2.00276 2.15145 1.74607
threshold=0.29366843083576694 -0.10167364342291592 0.14149897980184764 -0.4721126647898089 0.027430641821946215 -1.0000000180025095e-35 0.40202988099270687 0.14858558612505315 0.031720565397342089 0.058607001452957504 -0.047455883415735305 -0.12166673505490803 -0.13361667174416217 -0.13806599393885119
decision_type=2 2 2 2 2 2 2 2 2 2 2 2 2 2
left_child=1 2 9 -2 5 8 7 -7 -5 11 -11 12 -1 -13
right_child=3 -3 -4 4 -6 6 -8 -9 -10 10 -12 13 -14 -15
leaf_value=-0.00032218567560257443 0.00052562514727892142 -2.7439763741874369e-05 0.00029614289588428136 0.00066314078820202177 -2.0289365242234747e-05 -0.00099096621977260921 0.00027288989160767399 -0.00033033452142766428 -0.00022115642176438041 0.00054911366543490667 -1.3529209338462879e-05 -0.00034666245146097914 0.00054439608252326334 3.1752076540931799e-05
leaf_weight=3599 3244 174400 39447 3059 44298 8103 4230 9569 4570 11913 15578 19162 9034 25661
leaf_count=3599 3244 174400 39447 3059 44298 8103 4230 9569 4570 11913 15578 19162 9034 25661
internal_value=7.85292e-06 3.73655e-05 0.000128217 -0.000106551 -0.000134395 -0.000305496 -0.000458513 -0.000633638 0.000133824 5.02117e-05 0.000230398 -3.60275e-05 0.000297457 -0.000130063
internal_weight=375867 298794 124394 77073 73829 29531 21902 17672 7629 84947 27491 57456 12633 44823
internal_count=375867 298794 124394 77073 73829 29531 21902 17672 7629 84947 27491 57456 12633 44823
is_linear=0
shrinkage=0.03


Tree=206
num_leaves=15
num_cat=0
split_feature=47 29 42 63 15 49 9 49 49 60 32 22 21 53
split_gain=1.82666 1.62053 1.88067 2.2869 1.65103 2.7115 1.69039 1.77092 1.61267 1.88015 2.22426 2.6526 1.54991 1.51908
threshold=-0.26318912872178751 -0.11858722507289617 -0.43151439957891563 -0.17872833826620335 0.42518717601782069 -0.46815095235178827 0.46092431708265985 -0.16647950377136908 -0.39276278971101114 0.21552975840193819 -0.42435345829622712 -0.21925300543862544 0.35367734799788364 0.43024484060253404
decision_type=2 2 2 2 2 2 2 2 2 2 2 2 2 2
left_child=13 8 3 -3 5 -4 7 -7 -2 -10 -11 -12 -9 -1
right_child=1 2 4 -5 -6 6 -8 12 9 10 11 -13 -14 -15
leaf_value=-0.00014576438448721379 -0.00061216771494902397 -3.9199479886614831e-06 -0.0007597430980625146 0.001111983855633593 0.00043809251664450312 -8.0982416351395273e-05 0.00068297380568459762 0.00010458320474860209 -9.7498245198986407e-05 -0.0005670089928798541 -0.00012328585283834023 0.00047955235639380819 0.00062214044112904061 0.00047863561027269538
leaf_weight=82876 4352 3092 3604 3541 10669 53839 3956 84565 85848 3265 10358 17933 5540 3652
leaf_count=82876 4352 3092 3604 3541 10669 53839 3956 84565 85848 3265 10358 17933 5540 3652
internal_value=1.62851e-06 3.76608e-05 9.78286e-05 0.000592578 7.75577e-05 5.21413e-05 7.19752e-05 5.51369e-05 -4.57587e-05 -2.47124e-05 0.00017327 0.000258874 0.00013647 -0.000119359
internal_weight=377090 290562 168806 6633 162173 151504 147900 143944 121756 117404 31556 28291 90105 86528
internal_count=377090 290562 168806 6633 162173 151504 147900 143944 121756 117404 31556 28291 90105 86528
is_linear=0
shrinkage=0.03


Tree=207
num_leaves=15
num_cat=0
split_feature=63 47 53 65 23 65 52 54 25 43 69 65 8 52
split_gain=1.67411 2.1739 1.69263 3.73506 2.06075 1.75131 1.67013 1.88624 1.61354 2.40851 2.11411 2.31232 1.51408 1.76047
threshold=0.31685801040157097 0.074885147814352973 -0.26173706373194855 0.38358382708112526 -0.14719876350786162 -0.47181868326762638 -0.40893371126047467 -0.30509206039254116 -0.22813585891141197 -0.45569431540561994 -0.0079153760691460223 0.058766560757006654 0.16208079493700836 0.25041782937291612
decision_type=2 2 2 2 2 2 2 2 2 2 2 2 2 2
left_child=1 6 3 -3 -5 -4 -1 -8 10 -10 -2 -12 -11 -14
right_child=8 2 5 4 -6 -7 7 -9 9 12 11 -13 13 -15
leaf_value=0.00024702288685691718 9.1392640481972426e-05 0.00069350308568772855 0.00076820009038860407 0.00047557296448484996 -0.0004969093843014944 3.9956667802174238e-05 -0.0002837636651370763 -2.6511098068332769e-05 -0.00087978535189841352 -0.00016893325931792745 -0.00029762723546466091 -0.0011530581462050344 0.00027699791611631808 -0.00049042437819627621
leaf_weight=16256 5522 12492 3069 3155 5147 85604 30902 150766 3043 25418 7657 4524 19204 3119
leaf_count=16256 5522 12492 3069 3155 5147 85604 30902 150766 3043 25418 7657 4524 19204 3119
internal_value=-1.47654e-05 1.51206e-05 0.00012239 0.00036593 -0.00012721 6.52452e-05 -4.4211e-05 -7.02834e-05 -0.000148885 -6.28799e-05 -0.000395432 -0.000616018 -1.06372e-05 0.000169601
internal_weight=375878 307391 109467 20794 8302 88673 197924 181668 68487 50784 17703 12181 47741 22323
internal_count=375878 307391 109467 20794 8302 88673 197924 181668 68487 50784 17703 12181 47741 22323
is_linear=0
shrinkage=0.03


Tree=208
num_leaves=15
num_cat=0
split_feature=43 28 1 65 26 19 18 61 60 30 65 18 22 19
split_gain=1.24474 1.27899 2.19444 2.46616 1.68923 1.48584 1.32656 2.38762 3.09391 1.96805 1.63848 1.54789 1.48523 1.44515
threshold=-0.48397897724572037 -0.22409939082358976 0.41807218730940371 0.15662653775290156 -0.28215204606714034 0.39451845622731702 -0.07893434724862626 0.24633430580652846 -0.46421646933533794 -0.47244875080989773 0.26606446631924346 0.35440594754245824 0.35547314986448164 0.16493914399522072
decision_type=2 2 2 2 2 2 2 2 2 2 2 2 2 2
left_child=-1 4 5 -4 -2 6 9 8 -8 -3 12 13 -11 -9
right_child=1 2 3 -5 -6 -7 7 11 -10 10 -12 -13 -14 -15
leaf_value=-0.00043270350612017034 -0.00012458924322575069 0.00052985180430733831 1.7370816361075536e-05 0.00059912571281898249 0.00017111791272384595 -0.00031314063465058491 0.00090211427969630667 -0.0002882990825182508 6.6447663162331157e-05 -0.00012129297868716548 -0.00037068051726561811 -0.00066488346361491405 0.00030476763132275515 0.00024101711454805369
leaf_weight=5700 22373 4105 17975 10316 77898 17819 4148 13067 97232 63081 21422 5568 8327 7188
leaf_count=5700 22373 4105 17975 10316 77898 17819 4148 13067 97232 63081 21422 5568 8327 7188
internal_value=6.85974e-06 1.36334e-05 -2.03184e-05 0.000229638 0.000105132 -4.9553e-05 -2.85847e-05 3.51264e-05 0.000100725 -0.000112185 -0.00014063 -0.00022235 -7.15737e-05 -0.000100432
internal_weight=376219 370519 270248 28291 100271 241957 224138 127203 101380 96935 92830 25823 71408 20255
internal_count=376219 370519 270248 28291 100271 241957 224138 127203 101380 96935 92830 25823 71408 20255
is_linear=0
shrinkage=0.03


Tree=209
num_leaves=15
num_cat=0
split_feature=65 29 36 36 66 34 41 36 1 34 53 51 36 34
split_gain=1.34223 2.70132 1.94893 2.3681 2.61364 2.253 1.75359 2.17062 1.73884 1.7145 1.70456 2.02084 1.81745 1.87944
threshold=0.26210788304987354 -0.46392168804834105 -0.096680765815356715 -0.030103936289380014 -0.29501155282685027 -0.24387728800571237 0.094811529678395359 -0.075831915627502897 -0.11770493127970981 0.03175672382998785 -0.29792361169922005 -0.13016532955431101 -0.015938362076260423 0.090532255595888858
decision_type=2 2 2 2 2 2 2 2 2 2 2 2 2 2
left_child=10 -2 -3 5 -5 -4 -7 -8 -6 -10 12 -12 13 -1
right_child=1 2 3 4 8 6 7 -9 9 -11 11 -13 -14 -15
leaf_value=0.00014682587901736544 0.00073238853668864117 6.3417593691884302e-05 -0.00093035396166283029 0.00039990944312120991 -0.00067929537345301516 -9.9488931837913818e-05 -0.0012351287269633188 -0.00032614743632168705 -0.00045175389645525247 0.00053240068541024282 0.00011504580300819474 -5.8657236448766854e-05 -0.00021831953707923061 0.00073362125864936912
leaf_weight=11740 3325 28892 5699 9073 5303 18849 3168 9283 3079 3280 94571 166190 5591 8445
leaf_count=11740 3325 28892 5699 9073 5303 18849 3168 9283 3079 3280 94571 166190 5591 8445
internal_value=-4.38642e-06 -0.000105479 -0.00013772 -0.000238369 1.82893e-05 -0.000382171 -0.000282095 -0.000558232 -0.000278698 5.59162e-05 2.73515e-05 4.34218e-06 0.000260031 0.000392571
internal_weight=376488 89951 86626 57734 20735 36999 31300 12451 11662 6359 286537 260761 25776 20185
internal_count=376488 89951 86626 57734 20735 36999 31300 12451 11662 6359 286537 260761 25776 20185
is_linear=0
shrinkage=0.03


Tree=210
num_leaves=15
num_cat=0
split_feature=19 21 47 50 31 28 30 9 18 69 62 47 55 1
split_gain=1.20424 2.33323 1.50016 2.22358 1.70841 1.48838 1.31521 1.43918 2.1135 1.24584 2.13819 1.2424 1.30428 2.14195
threshold=0.45327567306441729 0.32594286203713407 0.37521937269921513 0.19961239400224792 -0.31416151442553436 0.24020677941944987 -0.37387923318916766 -0.25391015920684035 -0.16114553050807315 0.055581736307466774 0.24638404847103454 -0.44474533734523863 -0.10701106473371132 -0.17014720156514282
decision_type=2 2 2 2 2 2 2 2 2 2 2 2 2 2
left_child=2 -2 5 4 -4 11 9 8 -8 -7 -11 -1 13 -13
right_child=1 -3 3 -5 -6 6 7 -9 -10 10 -12 12 -14 -15
leaf_value=-0.00020159135291672123 -0.00059276263693782848 9.6782220432322741e-05 -3.1911045034365736e-05 -6.0340996783741947e-05 0.00057240204434201873 0.00050275205314560269 -0.00088719017961166489 -8.646569928673047e-05 -0.0001716158470223699 -0.00048137990771522383 0.00047761602484019071 -0.00020124007600535161 0.00011657552385886005 9.5214020074136377e-05
leaf_weight=18151 8462 9221 5827 16552 15155 5532 5520 50794 11337 4923 3624 38369 131722 51185
leaf_count=18151 8462 9221 5827 16552 15155 5532 5520 50794 11337 4923 3624 38369 131722 51185
internal_value=8.27358e-06 -0.00023334 2.0191e-05 0.000199628 0.00040464 -7.85614e-07 -0.000111317 -0.000166215 -0.000406325 0.000152407 -7.46746e-05 3.6948e-05 5.65233e-05 -3.18087e-05
internal_weight=376374 17683 358691 37534 20982 321157 81730 67651 16857 14079 8547 239427 221276 89554
internal_count=376374 17683 358691 37534 20982 321157 81730 67651 16857 14079 8547 239427 221276 89554
is_linear=0
shrinkage=0.03


Tree=211
num_leaves=15
num_cat=0
split_feature=63 60 16 51 35 7 36 50 46 51 9 23 36 30
split_gain=1.34248 1.76007 1.52843 1.2016 1.3782 1.30331 1.3056 1.26778 1.19907 1.16372 1.15605 1.43799 1.20196 1.13289
threshold=0.36773641814102337 0.39861360147746311 0.4487527474937778 -0.20131242564784321 -0.3841339462310453 1.0000000180025095e-35 -0.035395442390528213 0.078279967127062769 0.31288572635105905 0.20396811846083149 0.46889307780919476 0.10595027307825368 0.43802805708164894 -0.42093716937074616
decision_type=2 2 2 2 2 2 2 2 2 2 2 2 2 2
left_child=10 2 3 7 -5 6 -6 -2 -7 -3 12 -12 13 -1
right_child=1 9 -4 4 5 8 -8 -9 -10 -11 11 -13 -14 -15
leaf_value=0.00019099501311992435 0.00030014842946481064 -9.962741212389778e-05 0.00033833939395635137 0.00018986512265192372 -0.00049986723412486086 -7.8836707308622583e-06 -0.0012106094911725524 -0.00036816411588471516 -0.00059030439572874301 0.00073066111660393578 0.00073911470286386924 -8.113337848913608e-05 -0.00041249287361373022 -1.1371738950322763e-05
leaf_weight=27270 5598 3019 3902 3361 9713 7798 3063 4682 5364 3044 4247 3506 6282 285050
leaf_count=27270 5598 3019 3902 3361 9713 7798 3063 4682 5364 3044 4247 3506 6282 285050
internal_value=-1.52449e-05 -0.000160737 -0.000227515 -0.000283372 -0.000381256 -0.000455305 -0.000671079 -4.29481e-06 -0.00024551 0.000317745 6.8465e-06 0.000368562 -1.96694e-06 6.30332e-06
internal_weight=375899 49544 43481 39579 29299 25938 12776 10280 13162 6063 326355 7753 318602 312320
internal_count=375899 49544 43481 39579 29299 25938 12776 10280 13162 6063 326355 7753 318602 312320
is_linear=0
shrinkage=0.03


Tree=212
num_leaves=15
num_cat=0
split_feature=51 50 1 68 51 2 60 68 19 1 52 55 69 57
split_gain=1.49292 1.79119 1.5743 1.56548 2.01772 1.73199 1.38025 1.36363 2.36975 1.78304 1.55218 3.0499 2.00669 3.21971
threshold=0.46448479120396619 -0.3716669732661797 0.15771268579028655 0.25200342532296305 0.34617250774456021 0.18359489017805022 0.48839238950837349 0.30082323312686615 -0.30334494935956452 0.4766220860155847 -0.33362320243348881 0.43348761151344423 0.27228285009080133 -0.35101635677338172
decision_type=2 2 2 2 2 2 2 2 2 2 2 2 2 2
left_child=1 3 -2 4 -1 -6 7 10 -9 -10 11 -3 -12 -14
right_child=2 6 -4 -5 5 -7 -8 8 9 -11 12 -13 13 -15
leaf_value=-0.00036317935820974034 0.00052985520643950013 7.0121698485243225e-05 -0.00017049625096211479 -0.00052786595529947416 -2.0116295441115235e-05 0.00076745105527504306 -0.00056747463825829224 0.00045109900107852534 -2.5576711078783939e-05 0.00064950586981046723 -3.3116566484726989e-06 0.00096510271105596673 -0.0011684730471980824 -0.00016082028417142952
leaf_weight=13685 9105 40961 4223 10079 13004 3105 3695 16329 42283 3831 169711 3730 3067 39452
leaf_count=13685 9105 40961 4223 10079 13004 3105 3695 16329 42283 3831 169711 3730 3067 39452
internal_value=-3.72843e-06 -1.51837e-05 0.000307986 -0.000204863 -9.54545e-05 0.000132069 8.23276e-06 1.49112e-05 0.000140642 3.06356e-05 -1.56513e-05 0.000145018 -4.94899e-05 -0.000233762
internal_weight=376260 362932 13328 39873 29794 16109 323059 319364 62443 46114 256921 44691 212230 42519
internal_count=376260 362932 13328 39873 29794 16109 323059 319364 62443 46114 256921 44691 212230 42519
is_linear=0
shrinkage=0.03


Tree=213
num_leaves=15
num_cat=0
split_feature=7 47 60 41 42 9 24 60 36 65 36 36 47 36
split_gain=1.33579 1.6608 1.64814 2.79262 2.37939 1.38832 2.20674 1.87091 1.42017 2.39559 2.01893 1.29157 1.44987 1.22801
threshold=-0.23045395107479361 0.35938342624753267 -0.11864896642340346 0.13421662906725232 0.3401272199424763 -0.34899723183936776 -0.020341822784399329 -0.023735671368986435 -0.073100634096701353 0.0040131517997215602 -0.027945603248189784 -0.10311096309200525 -0.19204403961618877 -0.065312969362966281
decision_type=2 2 2 2 2 2 2 2 2 2 2 2 2 2
left_child=1 -1 -3 -4 -5 6 7 13 9 -8 -10 -9 -13 -2
right_child=5 2 3 4 -6 -7 8 11 10 -11 -12 12 -14 -15
leaf_value=-0.00016080593458186909 0.00011083735628940367 0.00067328251148227557 0.00059066700557116204 0.00023642371248114367 -0.00080606597826780261 5.3183753127137648e-05 0.00040106570954745886 -0.00067455030778107146 -0.00099063532184040363 -0.00057325786255658169 -0.00018487230932752127 -0.00046018004279397353 0.00035126973894385351 0.0009011279916190146
leaf_weight=78976 3812 4304 4488 3533 4435 242304 4618 3001 5515 4450 5683 3149 5308 3298
leaf_count=78976 3812 4304 4488 3533 4435 242304 4618 3001 5515 4450 5683 3149 5308 3298
internal_value=-6.46542e-06 -0.000103246 0.000167922 -7.09882e-06 -0.000344111 2.64937e-05 -0.000140009 9.62334e-05 -0.000356399 -7.71754e-05 -0.000582239 -0.000140977 4.89363e-05 0.000478167
internal_weight=376874 95736 16760 12456 7968 281138 38834 18568 20266 9068 11198 11458 8457 7110
internal_count=376874 95736 16760 12456 7968 281138 38834 18568 20266 9068 11198 11458 8457 7110
is_linear=0
shrinkage=0.03


Tree=214
num_leaves=15
num_cat=0
split_feature=44 36 36 36 36 27 60 38 43 38 38 51 46 53
split_gain=1.09004 2.75648 3.73672 1.92594 3.05483 1.77241 1.71412 1.53205 1.22567 1.21283 1.1757 1.93288 1.16993 1.21195
threshold=0.13267789745005984 -0.069222822631913525 -0.065447573916255816 -0.0904582016186425 -0.092548042268546529 0.32866799923853041 0.45736581583431762 0.085582463368544984 0.19638913750021705 -0.074839110201218847 -0.011297806524184493 0.047338148370453144 0.33253955412266167 0.27442144732264673
decision_type=2 2 2 2 2 2 2 2 2 2 2 2 2 2
left_child=-1 3 -3 4 5 8 9 -5 -2 12 11 -11 13 -4
right_child=1 2 6 7 -6 -7 -8 -9 -10 10 -12 -13 -14 -15
leaf_value=3.4738857840832981e-05 -9.1959980439803334e-06 -0.0012059920512302068 7.1344793561801313e-05 0.00011365308609773648 -0.00094017701991153764 -0.00034277369100345649 -0.00084609611038141067 0.00068009453266850946 0.00034265029230099635 -0.00090780921866545064 -0.00012807470567664203 -7.592859635296974e-06 -0.00037626357934802138 0.00075973721775223608
leaf_weight=237565 25053 3195 9567 11498 3123 9407 3085 6857 13819 4904 37716 3812 3589 3022
leaf_count=237565 25053 3195 9567 11498 3123 9407 3085 6857 13819 4904 37716 3812 3589 3022
internal_value=-4.27201e-06 -7.11129e-05 -0.000205704 6.18156e-05 -3.2394e-05 2.65098e-05 -0.00015688 0.000325517 0.000115941 -0.00012279 -0.000200718 -0.000514554 0.000100854 0.000237066
internal_weight=376212 138647 68890 69757 51402 48279 65695 18355 38872 62610 46432 8716 16178 12589
internal_count=376212 138647 68890 69757 51402 48279 65695 18355 38872 62610 46432 8716 16178 12589
is_linear=0
shrinkage=0.03


Tree=215
num_leaves=15
num_cat=0
split_feature=65 36 43 36 36 45 51 60 1 1 36 57 50 1
split_gain=1.50877 1.85896 3.64589 2.34792 3.10463 2.30905 2.07142 2.05116 2.14897 2.93758 1.94795 1.60814 1.82585 1.59842
threshold=0.25819440585347786 -0.11897829513036882 0.0039312124747900032 -0.10988091816203342 -0.10104814599851066 -0.031544837561192689 0.37824928713326222 0.3172346025919312 -0.06042356479037702 -0.11770493127970981 -0.030103936289380014 -0.3195094981449792 0.062316045215285228 -0.077879145053282708
decision_type=2 2 2 2 2 2 2 2 2 2 2 2 2 2
left_child=-1 2 -2 -3 -5 -4 7 8 9 -6 -10 -7 -13 -9
right_child=1 3 5 4 6 11 -8 13 10 -11 -12 12 -14 -15
leaf_value=4.166121969133919e-05 -0.00047942633247798479 -0.00090492880116954384 0.0011662255751027088 0.00063579505771239214 -0.00010525960525333838 -0.00025155933440689806 0.00030479829207745728 -0.0011025424179667595 -0.00053662971693916369 0.00080494531790308531 4.0468383212759037e-05 0.0010332528592048164 -1.3230097675477496e-06 -0.00029007906415632809
leaf_weight=284985 5485 3674 3028 4474 20132 3926 7040 4011 17163 3782 7589 3117 3016 4780
leaf_count=284985 5485 3674 3028 4474 20132 3926 7040 4011 17163 3782 7589 3117 3016 4780
internal_value=7.67118e-06 -9.85152e-05 0.000169271 -0.00016699 -0.000127555 0.00044131 -0.000180597 -0.000240114 -0.000163855 3.89656e-05 -0.000359746 0.000222151 0.00052531 -0.000661607
internal_weight=376202 91217 18572 72645 68971 13087 64497 57457 48666 23914 24752 10059 6133 8791
internal_count=376202 91217 18572 72645 68971 13087 64497 57457 48666 23914 24752 10059 6133 8791
is_linear=0
shrinkage=0.03


Tree=216
num_leaves=15
num_cat=0
split_feature=28 1 51 64 62 1 36 36 64 22 1 1 60 36
split_gain=1.35787 1.8328 1.49271 1.47599 1.23365 2.11112 1.63498 2.4494 2.12019 1.22298 1.51135 2.24562 6.021 4.18335
threshold=-0.42503581834482934 -0.24213019226574425 0.13688599925785758 -0.35779040901384856 -0.36632359887035543 -0.21848448621752214 -0.12394657986838371 -0.017483314707675775 -0.36572850721669042 -0.22310746120269928 -0.24213019226574425 -0.096678846748896527 -0.027701432572765052 -0.065312969362966281
decision_type=2 2 2 2 2 2 2 2 2 2 2 2 2 2
left_child=1 2 -1 -3 5 6 -2 8 -8 -6 -11 12 13 -12
right_child=4 3 -4 -5 9 -7 7 -9 -10 10 11 -13 -14 -15
leaf_value=0.00070936526476948303 -0.00051624581648709487 -0.00043036096853341912 5.8981072533238296e-05 0.00019840936392223179 -9.1158769704195071e-05 -0.00042782011358522205 0.00085644941821340121 -0.00049222083922353 8.5744754599496923e-06 -0.00011048346594213536 0.00011786400407721114 1.1801735316785043e-05 -0.00011579305225041684 0.00079900931030978735
leaf_weight=8271 3702 5206 5155 9433 81749 16310 5131 3533 5488 45857 14380 128310 24848 18628
leaf_count=8271 3702 5206 5155 9433 81749 16310 5131 3533 5488 45857 14380 128310 24848 18628
internal_value=6.16739e-06 0.000206864 0.000459876 -2.53385e-05 -1.00266e-05 -0.000181194 4.42178e-05 0.00019109 0.00041868 8.61559e-06 4.37717e-05 8.17722e-05 0.00023692 0.000502393
internal_weight=376001 28065 13426 14639 347936 34164 17854 14152 10619 313772 232023 186166 57856 33008
internal_count=376001 28065 13426 14639 347936 34164 17854 14152 10619 313772 232023 186166 57856 33008
is_linear=0
shrinkage=0.03


Tree=217
num_leaves=15
num_cat=0
split_feature=52 4 65 35 21 1 52 16 16 16 34 36 36 12
split_gain=1.34795 1.90785 1.55817 1.49208 1.28789 1.69277 1.33153 1.19775 1.45957 2.59982 1.78563 3.36773 2.99878 2.71392
threshold=-0.38529565110715819 0.41122717382740298 0.062728798412452394 -0.48399969291057759 -0.41294267512518007 -0.079574698237448435 0.023837568639060006 -0.47998821816572995 -0.0040669865769983873 1.0000000180025095e-35 -0.031412703073008412 -0.085008674281173216 -0.099202177372816044 0.2616215851333949
decision_type=2 2 2 2 2 2 2 2 2 2 2 2 2 2
left_child=1 2 -1 -2 5 6 -5 -6 -9 -10 13 12 -12 -11
right_child=3 -3 -4 4 7 -7 -8 8 9 10 11 -13 -14 -15
leaf_value=0.00016903196541481777 -0.00061230845551851765 0.00072463692937073333 -0.00040238364543774278 -0.00019844626495389155 -0.00057997525711067145 8.4567394775015932e-05 -0.00078782658854840125 9.1577980077161051e-05 -0.00081582232505322783 -0.00034041635751322835 -3.303453461379673e-05 0.00016407400839729743 -0.00060258332365958043 0.00019937591785251801
leaf_weight=33255 3670 4881 4922 9333 3034 10261 5472 134702 3800 30409 37683 72900 10668 11564
leaf_count=33255 3670 4881 4922 9333 3034 10261 5472 134702 3800 30409 37683 72900 10668 11564
internal_value=8.82532e-06 0.000166771 9.52757e-05 -1.15716e-05 -4.86878e-06 -0.000211531 -0.000416669 1.21352e-05 1.81082e-05 -4.11458e-05 -2.30618e-05 3.53212e-05 -0.000158796 -0.000191686
internal_weight=376554 43058 38177 333496 329826 25066 14805 304760 301726 167024 163224 121251 48351 41973
internal_count=376554 43058 38177 333496 329826 25066 14805 304760 301726 167024 163224 121251 48351 41973
is_linear=0
shrinkage=0.03


Tree=218
num_leaves=15
num_cat=0
split_feature=22 63 12 52 23 36 36 36 24 9 23 60 36 21
split_gain=1.36538 1.9575 1.79748 1.62296 1.77915 1.35433 1.8479 1.34041 1.29353 1.66515 1.27534 1.91344 1.78501 1.36189
threshold=-0.16724587708862973 -0.29809693305171181 -0.38065256570566436 0.37952098810785595 -0.12750323804730862 -0.05118731548302443 -0.060016486667154416 -0.15506340131212476 0.37939843475890711 -0.22570848996889595 -0.29689135355511709 0.38713931320848283 -0.080770505616507407 0.070431892340115612
decision_type=2 2 2 2 2 2 2 2 2 2 2 2 2 2
left_child=1 -1 -3 4 5 6 -4 -6 9 -9 11 12 13 -2
right_child=10 2 3 -5 7 -7 -8 8 -10 -11 -12 -13 -14 -15
leaf_value=-0.00030814331324702194 -0.00024126445370818391 0.0003473973174995979 0.00013881775980844813 -0.00052762775706563124 0.00035565276888665511 -0.00012272044329932172 0.00091858876398750436 -0.00050129881182805374 -0.00075972300643549115 -1.0038751506107897e-05 2.2779603384887461e-05 -0.00046998250980757476 0.00047988778566020537 0.00036085330053985132
leaf_weight=25066 7562 11137 27925 6123 3722 16275 3023 9314 3857 18593 215757 3300 18468 6098
leaf_count=25066 7562 11137 27925 6123 3722 16275 3023 9314 3857 18593 215757 3300 18468 6098
internal_value=9.85456e-06 -7.11461e-05 -1.16971e-05 -5.67513e-05 -2.18325e-05 9.87753e-05 0.000215258 -0.000182314 -0.000245443 -0.000174118 5.01764e-05 0.000216969 0.000287653 2.7596e-05
internal_weight=376220 125035 99969 88832 82709 47223 30948 35486 31764 27907 251185 35428 32128 13660
internal_count=376220 125035 99969 88832 82709 47223 30948 35486 31764 27907 251185 35428 32128 13660
is_linear=0
shrinkage=0.03


Tree=219
num_leaves=15
num_cat=0
split_feature=65 43 51 1 66 14 65 60 58 60 66 16 47 16
split_gain=1.38751 1.54402 1.16115 1.6173 1.59423 1.1784 1.58656 1.58344 1.55078 2.89836 2.20889 2.64739 2.12744 1.57359
threshold=-0.48798695408365217 -0.48797203887727125 0.46448479120396619 0.15771268579028655 0.0080198589901440149 -0.18421232423557493 0.26210788304987354 0.39861360147746311 -0.23598539044196398 0.19997528423133962 -0.17292387585393854 0.083153279698349916 -0.10538532437973776 -0.35385260419980696
decision_type=2 2 2 2 2 2 2 2 2 2 2 2 2 2
left_child=-1 -2 5 4 -4 -3 8 -8 9 -7 11 13 -13 -10
right_child=1 2 3 -5 -6 6 7 -9 10 -11 -12 12 -14 -15
leaf_value=0.00053781525842235434 -0.00058618477458583255 -7.7536231072180552e-05 0.0010431813259708155 -0.00019370606090635429 0.00020071676941195419 -0.00033592616415304127 -4.5784180605286478e-05 -0.00059222694640394822 6.8459268699252101e-05 0.00016257374999592707 7.5922758953435548e-05 -0.00067878695675293265 0.00040738600540183808 0.00071044671363236359
leaf_weight=4479 3895 111048 3333 4073 5130 20112 55261 5214 4487 21936 116294 3267 3206 14695
leaf_count=4479 3895 111048 3333 4073 5130 20112 55261 5214 4487 21936 116294 3267 3206 14695
internal_value=1.35405e-05 7.21297e-06 1.35084e-05 0.000297157 0.000533346 3.4986e-06 4.03092e-05 -9.29872e-05 8.41229e-05 -7.58872e-05 0.000131523 0.000383431 -0.00014102 0.000560389
internal_weight=376430 371951 368056 12536 8463 355520 244472 60475 183997 42048 141949 25655 6473 19182
internal_count=376430 371951 368056 12536 8463 355520 244472 60475 183997 42048 141949 25655 6473 19182
is_linear=0
shrinkage=0.03


Tree=220
num_leaves=15
num_cat=0
split_feature=52 9 51 38 36 17 51 60 17 9 69 62 1 29
split_gain=1.215 2.01623 2.18426 2.16287 1.83452 2.90604 1.83361 1.92957 1.73111 1.73075 2.12781 1.78676 2.34976 1.8977
threshold=-0.10317842984188209 0.20372477660270458 -0.11865542937191285 -0.17589645351397418 -0.13707718563428126 -0.15274928325311024 -0.46073348446001133 -0.1741348463969962 0.40546156868604699 -0.2856403992737756 0.023977646899961572 -0.14489906054164783 -0.20904280904280903 0.22636961052381041
decision_type=2 2 2 2 2 2 2 2 2 2 2 2 2 2
left_child=1 3 -3 -1 5 -5 -2 8 -8 10 -9 12 -11 -14
right_child=6 2 -4 4 -6 -7 7 9 -10 11 -12 -13 13 -15
leaf_value=0.0002175141598254165 -0.00046698182283174609 0.00078743062890225069 0.00012625530893009161 0.00036909201104663362 -8.8839288667995805e-06 -0.00066657210324366312 0.00011739282718260842 -5.2924805276709739e-05 -0.00045574525142326911 -1.533364380596514e-05 -0.0008441016572274311 1.517579134248839e-05 -0.00068344710307720108 -0.00010435982856974302
leaf_weight=34158 9196 6483 14644 3289 81194 9359 75736 6195 5050 23536 6037 79771 12670 8519
leaf_count=34158 9196 6483 14644 3289 81194 9359 75736 6195 5050 23536 6037 79771 12670 8519
internal_value=-8.53056e-06 5.7974e-05 0.000329419 1.31485e-05 -6.12548e-05 -0.000397178 -5.2277e-05 -3.47236e-05 8.15135e-05 -0.000103403 -0.000443774 -6.99284e-05 -0.000221689 -0.000450785
internal_weight=375837 149127 21127 128000 93842 12648 226710 217514 80786 136728 12232 124496 44725 21189
internal_count=375837 149127 21127 128000 93842 12648 226710 217514 80786 136728 12232 124496 44725 21189
is_linear=0
shrinkage=0.03


Tree=221
num_leaves=15
num_cat=0
split_feature=23 9 52 48 9 52 60 22 15 31 52 59 55 37
split_gain=0.993979 2.03028 2.37505 1.97714 2.17388 1.66407 1.60735 1.71263 1.47886 1.20426 1.45918 1.68109 1.43342 1.25622
threshold=0.10595027307825368 0.44899136385639593 0.23461630403870967 0.40529047032354837 0.10948136428730622 -0.38529565110715819 0.46890737444277092 0.36339284670296601 -0.44431208672701983 0.22083569271423178 0.2853091257737797 -0.26775969021391777 0.093183564700629676 0.05511921180529545
decision_type=2 2 2 2 2 2 2 2 2 2 2 2 2 2
left_child=1 3 -3 5 -5 -1 7 9 -2 -7 11 -11 13 -12
right_child=8 2 -4 4 -6 6 -8 -9 -10 10 12 -13 -14 -15
leaf_value=0.0002945963042074079 -0.00043839764074568615 0.00089093290900501556 -2.2333959114313125e-05 -0.00065951257455070498 5.0376034722540002e-05 -1.8615834797249211e-05 -0.00048415429361056022 0.00058300896431421505 -2.3828503534438632e-05 -0.00047037800441241908 0.00034030986423313515 0.00015618052919981715 6.3385524183233363e-05 0.0011885341293304515
leaf_weight=23732 8189 5481 4805 7498 8037 127592 5355 5121 139629 4546 3196 25006 4612 3103
leaf_count=23732 8189 5481 4805 7498 8037 127592 5355 5121 139629 4546 3196 25006 4612 3103
internal_value=1.37724e-05 5.3044e-05 0.000464702 3.35821e-05 -0.000292457 5.86371e-05 2.72564e-05 4.30975e-05 -4.68234e-05 2.66115e-05 0.000169196 5.96702e-05 0.000465517 0.000759382
internal_weight=375902 228084 10286 217798 15535 202263 178531 173176 147818 168055 40463 29552 10911 6299
internal_count=375902 228084 10286 217798 15535 202263 178531 173176 147818 168055 40463 29552 10911 6299
is_linear=0
shrinkage=0.03


Tree=222
num_leaves=15
num_cat=0
split_feature=60 36 7 60 36 36 36 1 1 36 52 58 42 1
split_gain=1.46484 2.8842 1.3063 1.48347 2.95481 3.80486 3.0678 2.62179 5.1477 2.47234 2.04312 2.32267 2.2051 1.79226
threshold=0.47673030112282067 -0.083367950117482367 -0.33365394219422234 0.24262979480246941 -0.064673457585796498 -0.073536181877609394 -0.069634064933238912 -0.079574698237448435 -0.12864981989530053 -0.033841315916787594 -0.24535599250036053 -0.45654798333041902 -0.098609128708917762 -0.058110101251694184
decision_type=2 2 2 2 2 2 2 2 2 2 2 2 2 2
left_child=2 -2 -1 13 5 10 -7 8 -6 -9 -5 -12 -13 -4
right_child=1 -3 3 4 7 6 -8 9 -10 -11 11 12 -14 -15
leaf_value=-0.00012887181630062764 0.0003410867930636242 -0.00079973280180117932 6.8079744303497792e-05 0.00060118694382638714 -7.106771774752247e-05 0.0016953635498906925 0.00037045964115733378 -0.00030248264724446616 -0.0014149964624290601 0.00045829742870221493 -0.00066406205649191259 0.00055659895109283833 -0.00010776137616783085 -9.6673792009197552e-05
leaf_weight=57239 3099 5563 127147 8142 15036 3019 3287 5660 3083 11938 3487 7915 10387 111554
leaf_count=57239 3099 5563 127147 8142 15036 3019 3287 5660 3083 11938 3487 7915 10387 111554
internal_value=-6.27247e-06 -0.00039166 2.81181e-06 2.70782e-05 0.000146473 0.000337296 0.00100644 -4.7169e-05 -0.000300395 0.000213577 0.000196029 4.44253e-05 0.000179699 -8.91664e-06
internal_weight=376556 8662 367894 310655 71954 36237 6306 35717 18119 17598 29931 21789 18302 238701
internal_count=376556 8662 367894 310655 71954 36237 6306 35717 18119 17598 29931 21789 18302 238701
is_linear=0
shrinkage=0.03


Tree=223
num_leaves=15
num_cat=0
split_feature=55 52 55 56 68 20 36 17 23 47 53 68 19 36
split_gain=1.23404 1.53888 2.13673 1.93053 1.83809 1.73986 1.70893 1.57287 1.45764 1.35033 1.72241 1.33678 1.32722 1.67896
threshold=-0.47199193752663104 -0.11865636388176541 0.41007509433054462 0.41001625509440937 -0.21451904139448819 -0.091191687576477456 -0.040251313285415445 0.13801411241602632 0.039322709413010644 0.2492572744735784 0.42246567303326243 0.47028416474139584 -0.41303267352407286 -0.069914555097230394
decision_type=2 2 2 2 2 2 2 2 2 2 2 2 2 2
left_child=-1 2 4 -4 6 7 8 11 -2 -6 -11 -3 13 -7
right_child=1 5 3 -5 9 12 -8 -9 -10 10 -12 -13 -14 -15
leaf_value=-0.00032412852274952512 0.00055259677301191807 -0.00013095216769545533 0.00065104562859673071 -4.0832394980685269e-05 -9.6683629587169978e-05 -3.9369400559300493e-05 -0.00010271270265791425 -0.00053031336636141487 0.00010017042956095534 0.00035016201760568942 -0.00028363525544851468 0.00047546080915128951 6.0440227242696164e-06 0.00094723237289797877
leaf_weight=10150 14655 69309 10623 5509 64183 3102 10227 8639 11394 14828 5207 3424 141893 3096
leaf_count=10150 14655 69309 10623 5509 64183 3102 10227 8639 11394 14828 5207 3424 141893 3096
internal_value=2.00444e-06 1.10553e-05 9.07629e-05 0.000414894 4.73368e-05 -3.64059e-05 0.000225837 -0.000147839 0.000354817 -2.95678e-05 0.000185382 -0.000102343 2.48293e-05 0.000454186
internal_weight=376239 366089 136626 16132 120494 229463 36276 81372 26049 84218 20035 72733 148091 6198
internal_count=376239 366089 136626 16132 120494 229463 36276 81372 26049 84218 20035 72733 148091 6198
is_linear=0
shrinkage=0.03


Tree=224
num_leaves=15
num_cat=0
split_feature=19 57 66 47 45 62 54 1 18 10 1 33 45 1
split_gain=1.96099 1.36206 1.32421 1.26307 3.50752 2.37113 1.71923 1.80768 1.82902 1.78989 1.66079 2.76727 3.04325 2.3117
threshold=-0.4917941481180072 -0.487846702566613 0.48852176695337945 0.090603718563376082 0.090522155236109861 -0.035377439942231491 -0.30509206039254116 -0.34788211564320926 -0.039032041233798491 0.078249532086354226 -0.31269413343809332 -0.042619379641408571 -0.25760886604500471 -0.28057577016502538
decision_type=2 2 2 2 2 2 2 2 2 2 2 2 2 2
left_child=-1 -2 3 6 -5 -6 9 8 -8 -3 11 -9 -13 -12
right_child=1 2 -4 4 5 -7 7 10 -10 -11 13 12 -14 -15
leaf_value=0.00075574186983064662 -0.00060936539727609923 -0.00039422696251995915 -0.0005200949213788722 0.00030807614557675243 -0.00022078155274870279 8.0609579684382242e-05 -0.00093277689058400689 -0.00027068917060810518 -2.9083874977209636e-05 1.6296206752964109e-05 -0.00041486393955322013 0.0013795331055927828 8.3998719224997583e-05 2.3670136382044142e-05
leaf_weight=3019 3379 23023 4431 40184 35528 69304 3705 3683 4408 16338 11646 3386 3144 150557
leaf_count=3019 3379 23023 4431 40184 35528 69304 3705 3683 4408 16338 11646 3386 3144 150557
internal_value=-4.49988e-06 -1.0678e-05 -5.18431e-06 1.08225e-06 6.98085e-05 -2.15444e-05 -4.42434e-05 -5.06982e-06 -0.000442418 -0.000223866 1.5534e-05 0.0003864 0.000756854 -7.83977e-06
internal_weight=375735 372716 369337 364906 145016 104832 219890 180529 8113 39361 172416 10213 6530 162203
internal_count=375735 372716 369337 364906 145016 104832 219890 180529 8113 39361 172416 10213 6530 162203
is_linear=0
shrinkage=0.03


Tree=225
num_leaves=15
num_cat=0
split_feature=8 53 61 24 43 18 36 55 43 0 61 65 55 36
split_gain=1.46162 1.6505 1.44521 1.83819 1.81328 1.72523 1.44834 1.4275 3.75209 1.46664 1.32322 1.21233 2.22649 1.33592
threshold=0.28845675230692658 0.47317116709022095 0.28972464069606585 0.42571149280826703 0.42224613550214846 -0.14567573083687163 0.43802805708164894 0.35554184098541564 -0.4001859959894975 0.32860418787672857 0.38733122247698082 -0.34537614062389471 0.26586857502476841 -0.025771724380091784
decision_type=2 2 2 2 2 2 2 2 2 2 2 2 2 2
left_child=1 2 6 4 5 -4 -1 10 -9 -10 -2 -7 13 -13
right_child=7 -3 3 -5 -6 11 -8 8 9 -11 -12 12 -14 -15
leaf_value=5.8926224176278585e-05 -0.00026451943943409578 0.00069883327908650916 0.00012841804512847489 0.00034968844234247061 -0.00084233122509455105 0.00015234599183491665 -0.00048409594255683009 -0.00064709974768224841 0.00051667330355714008 -8.9080017478161274e-05 9.6953593104458685e-05 -4.6309100192788575e-05 -0.00082076410811292408 -0.00074132340335264816
leaf_weight=236109 47559 3226 14572 6446 3539 4954 4495 4741 10656 5424 11269 13406 6794 3047
leaf_count=236109 47559 3226 14572 6446 3539 4954 4495 4741 10656 5424 11269 13406 6794 3047
internal_value=-5.62875e-06 2.50143e-05 1.75809e-05 -0.000124602 -0.000190678 -0.000136576 4.87617e-05 -0.000119723 9.3726e-05 0.000312416 -0.000195272 -0.000273501 -0.000364277 -0.000175394
internal_weight=376237 296588 293362 52758 46312 42773 240604 79649 20821 16080 58828 28201 23247 16453
internal_count=376237 296588 293362 52758 46312 42773 240604 79649 20821 16080 58828 28201 23247 16453
is_linear=0
shrinkage=0.03


Tree=226
num_leaves=15
num_cat=0
split_feature=28 1 1 62 21 19 22 19 40 45 36 66 47 15
split_gain=1.36994 1.47588 2.1733 1.71395 1.19981 1.90207 1.56434 1.47578 1.59453 2.25413 1.22519 1.439 1.19219 2.23391
threshold=-0.42100217875525064 -0.24213019226574425 -0.26796247242331789 -0.37821420700096781 0.38131926615162381 0.44145115464546797 0.13317618100392284 -0.16135903687801337 0.4451452682338759 -0.058830893398921912 0.43802805708164894 -0.090837693966988278 -0.11719401701622849 0.063609996248998671
decision_type=2 2 2 2 2 2 2 2 2 2 2 2 2 2
left_child=1 2 -1 -3 5 10 -7 -6 9 -9 12 -12 13 -2
right_child=4 3 -4 -5 7 6 -8 8 -10 -11 11 -13 -14 -15
leaf_value=0.00020494474240353097 1.5078288025102426e-05 -0.00034538738395075764 0.0010701483588817981 0.00028653762090448002 0.00075739987364893734 -0.00020362664611204648 -0.00099687522025938965 0.00025863113718879586 0.00059215211700065871 -0.00023264015145418204 -0.00088263378182212209 1.934593340927516e-05 3.2282378396243247e-05 -0.00026875509648276581
leaf_weight=10711 64607 7209 3449 8299 3146 8214 3069 16550 4821 17061 3197 3160 181981 40653
leaf_count=10711 64607 7209 3449 8299 3146 8214 3069 16550 4821 17061 3197 3160 181981 40653
internal_value=-6.46942e-07 0.000194971 0.000416292 -7.25032e-06 -1.74032e-05 -3.8021e-05 -0.000420084 0.000133754 8.25196e-05 9.26598e-06 -2.33245e-05 -0.000434943 -1.42e-05 -9.45576e-05
internal_weight=376127 29668 14160 15508 346459 304881 11283 41578 38432 33611 293598 6357 287241 105260
internal_count=376127 29668 14160 15508 346459 304881 11283 41578 38432 33611 293598 6357 287241 105260
is_linear=0
shrinkage=0.03


Tree=227
num_leaves=15
num_cat=0
split_feature=44 36 36 36 44 52 36 57 0 44 36 58 57 36
split_gain=1.23078 2.52536 3.92337 2.26844 1.92973 1.60315 1.84456 3.29791 1.67464 2.07469 1.53665 1.33255 1.30053 2.19516
threshold=0.13267789745005984 -0.069222822631913525 -0.065447573916255816 -0.0904582016186425 0.24679755881733442 -0.10701560891450913 -0.13567844522417394 -0.18532848751822012 -0.3215709407720842 -0.15422949989777934 -0.092548042268546529 -0.18450864641149856 -1.0000000180025095e-35 -0.11423989108123293
decision_type=2 2 2 2 2 2 2 2 2 2 2 2 2 2
left_child=5 3 -3 10 -5 6 7 -1 9 -7 -2 -11 13 -8
right_child=1 2 -4 4 -6 8 12 -9 -10 11 -12 -13 -14 -15
leaf_value=-0.0010642476994444719 -8.9127672373219336e-06 -0.0012316156140619377 -0.00015450642845593726 -0.00011932653979269748 0.00054262798127520915 -4.9226156138385362e-05 0.0010984188890489973 6.1023831412933747e-05 2.9138070059386679e-05 -0.0010227879289281577 -0.00069101384312501596 -0.00031316279600496352 8.6314549574661442e-05 0.00025473584483999215
leaf_weight=3005 48402 3182 65606 5751 12720 21802 3048 10529 112935 3672 3157 6784 46186 30223
leaf_count=3005 48402 3182 65606 5751 12720 21802 3048 10529 112935 3672 3157 6784 46186 30223
internal_value=-4.41146e-06 -7.54107e-05 -0.000204503 5.14033e-05 0.000336573 3.69697e-05 0.000134216 -0.000189425 -2.5318e-05 -0.000215918 -5.08043e-05 -0.000563112 0.000189359 0.000332334
internal_weight=377002 138818 68788 70030 18471 238184 92991 13534 145193 32258 51559 10456 79457 33271
internal_count=377002 138818 68788 70030 18471 238184 92991 13534 145193 32258 51559 10456 79457 33271
is_linear=0
shrinkage=0.03


Tree=228
num_leaves=15
num_cat=0
split_feature=34 36 36 18 47 24 36 43 49 36 58 41 36 36
split_gain=1.20897 3.73956 4.16609 3.6993 3.45657 2.14157 2.17909 2.84547 3.06126 2.96749 2.20122 6.13045 3.66157 7.92486
threshold=0.14583947161657831 -0.12166673505490803 -0.20313443362101813 0.38566296952546431 1.0000000180025095e-35 0.45694327579555349 -0.11514544379325443 -0.24540094237294016 -0.27728379449417206 -0.20313443362101813 -0.35435743731871938 0.01984573107925031 -0.011899747126864561 -0.054883359451003248
decision_type=2 2 2 2 2 2 2 2 2 2 2 2 2 2
left_child=5 2 -2 -4 -5 6 7 -1 -9 -10 11 -8 13 -13
right_child=1 -3 3 4 -6 -7 10 8 9 -11 -12 12 -14 -15
leaf_value=-0.00033045787866259606 0.00072381337620932597 0.00016303514833562291 -0.00014307339895923334 -0.0016098607594090609 -0.00024548322307932797 0.00041269712257777373 0.00010618882124572948 -0.00060070769932464628 -0.00050451017505344104 0.0004281461712541186 -6.0777541000097549e-05 -0.0011603657159102848 -0.0016131469329488783 0.00073774503726758175
leaf_weight=9672 3687 100205 19527 3500 3198 9131 12498 3469 3407 30381 165169 5623 3774 3044
leaf_count=9672 3687 100205 19527 3500 3198 9131 12498 3469 3407 30381 165169 5623 3774 3044
internal_value=1.20589e-06 7.51663e-05 -0.00021915 -0.000351948 -0.000959768 -3.78888e-05 -5.52627e-05 0.000127794 0.000246814 0.000333981 -0.000100455 -0.000363109 -0.000834263 -0.000493635
internal_weight=376285 130117 29912 26225 6698 246168 237037 46929 37257 33788 190108 24939 12441 8667
internal_count=376285 130117 29912 26225 6698 246168 237037 46929 37257 33788 190108 24939 12441 8667
is_linear=0
shrinkage=0.03


Tree=229
num_leaves=15
num_cat=0
split_feature=35 29 60 25 36 58 36 35 50 55 14 44 36 60
split_gain=1.46195 1.3393 1.58928 1.82456 1.72089 1.52026 1.77798 2.51023 1.47693 1.37918 1.72745 1.65893 1.45339 2.85927
threshold=-0.48802035638419161 -0.1224842142885509 0.21552975840193819 -0.37449391629091938 -0.19268828273087449 -0.23966019264715571 -0.10311096309200525 0.050774332201889046 0.28484534015488511 0.41398133174454566 0.3417838598315131 0.011696634152163212 -0.069689053811140642 0.023623090057353028
decision_type=2 2 2 2 2 2 2 2 2 2 2 2 2 2
left_child=-1 2 4 -4 -2 6 -6 -8 -7 10 11 12 -3 -14
right_child=1 9 3 -5 5 8 7 -9 -10 -11 -12 -13 13 -15
leaf_value=-0.00056096126841084174 0.00052525099889320925 2.5491709747195379e-05 -0.00042017797473636984 0.00016670007964085206 -0.0009671124831989521 -2.4065614700816968e-05 0.00017232952566402425 -0.00070745021646772708 -0.00029830604210310602 0.00028798312786007567 -0.00017447988242943809 -4.7539321219848606e-05 0.00045354355441994034 -7.9250825687936919e-06
leaf_weight=4275 3374 51344 5535 34009 4122 55879 6180 5516 25842 18653 34735 77488 27887 21318
leaf_count=4275 3374 51344 5535 34009 4122 55879 6180 5516 25842 18653 34735 77488 27887 21318
internal_value=-9.9957e-06 -3.64712e-06 -7.67229e-05 8.44689e-05 -0.00013989 -0.00016295 -0.000432067 -0.000242837 -0.000110812 4.07056e-05 1.90151e-05 5.67736e-05 0.000137159 0.000253652
internal_weight=376157 371882 140457 39544 100913 97539 15818 11696 81721 231425 212772 178037 100549 49205
internal_count=376157 371882 140457 39544 100913 97539 15818 11696 81721 231425 212772 178037 100549 49205
is_linear=0
shrinkage=0.03


Tree=230
num_leaves=15
num_cat=0
split_feature=47 50 18 2 50 55 5 14 33 21 62 29 45 50
split_gain=1.20268 1.50499 2.1554 1.48728 1.5371 1.99286 2.57258 1.52501 1.34888 1.8219 1.70372 1.33303 1.31593 1.96919
threshold=-0.3616492508567985 0.046949493021374474 -0.24113528821174995 -0.48782207501890679 0.086152207024488239 0.41398133174454566 0.091170047881472774 -0.17634391671606398 -0.40839582579091616 0.26693009807956719 0.14109756158848544 -0.13451472507018092 0.14519621355422888 -0.22489342435399459
decision_type=2 2 2 2 2 2 2 2 2 2 2 2 2 2
left_child=1 2 -1 -2 5 12 -7 -6 10 11 -9 -10 -5 -14
right_child=3 -3 -4 4 7 6 -8 8 9 -11 -12 -13 13 -15
leaf_value=-0.00076547569807295767 -0.00063013625302029319 0.00011282152819081575 -0.00014658934175402485 0.00010603601077009966 -0.00019718527718336207 0.00011675274385411932 0.0010053509523161763 5.6190303616593159e-05 -0.00024268109758442043 0.00021475621525504139 0.00093897837765554468 2.988728357150528e-05 -0.00030082744722409856 6.620596227087032e-05
leaf_weight=6079 3229 14295 30153 111705 47215 8178 4564 5538 31701 21522 3043 32901 21104 34897
leaf_count=6079 3229 14295 30153 111705 47215 8178 4564 5538 31701 21522 3043 32901 21104 34897
internal_value=-1.16223e-05 -0.000147786 -0.000250609 9.51174e-06 1.59381e-05 7.40319e-05 0.000435575 -5.79267e-05 1.15139e-05 -2.42402e-05 0.000369974 -0.000103882 4.65382e-05 -7.21397e-05
internal_weight=376124 50527 36232 325597 322368 180448 12742 141920 94705 86124 8581 64602 167706 56001
internal_count=376124 50527 36232 325597 322368 180448 12742 141920 94705 86124 8581 64602 167706 56001
is_linear=0
shrinkage=0.03


Tree=231
num_leaves=15
num_cat=0
split_feature=43 28 57 53 66 4 18 9 51 48 41 43 1 60
split_gain=1.39434 1.28434 3.30053 1.65145 1.70751 1.39455 1.37171 2.08812 2.19465 2.34883 1.94366 3.13126 1.78319 1.71556
threshold=-0.48797203887727125 -0.15712888134337746 -0.47245233829388356 0.47317116709022095 0.43795932017498312 0.015804069563228555 -0.071023518387869147 0.30522497878958327 -0.4645331784919885 -0.20396811846083143 0.22083569271423178 0.24290105606834236 -0.13774267132595611 0.082351432106962899
decision_type=2 2 2 2 2 2 2 2 2 2 2 2 2 2
left_child=-1 2 -2 4 6 -6 7 8 -3 10 11 -10 -13 -14
right_child=1 3 -4 -5 5 -7 -8 -9 9 -11 -12 12 13 -15
leaf_value=-0.00054154340605999467 -0.00090025758315267687 -0.00080874711440667431 0.00010361958149466152 0.00047400614403469624 -0.00094554360317614897 -0.0001798128157649551 2.9906497468889329e-05 0.00022250548919216181 -0.0001064985206034604 -0.00027203920519954894 -0.00034925338765149895 -4.5436431974034712e-05 0.00042951887975283855 0.0013295845946200984
leaf_weight=4291 3010 4620 123004 5526 3266 6194 130948 13930 14212 47608 8025 3055 4545 3291
leaf_count=4291 3010 4620 123004 5526 3266 6194 130948 13930 14212 47608 8025 3055 4545 3291
internal_value=-4.48778e-06 1.73433e-06 7.95712e-05 -3.82662e-05 -5.00956e-05 -0.000444895 -3.38552e-05 -0.000117945 -0.000173526 -0.00013708 5.68918e-05 0.000186817 0.00056932 0.000808746
internal_weight=375525 371234 126014 245220 239694 9460 230234 99286 85356 80736 33128 25103 10891 7836
internal_count=375525 371234 126014 245220 239694 9460 230234 99286 85356 80736 33128 25103 10891 7836
is_linear=0
shrinkage=0.03


Tree=232
num_leaves=15
num_cat=0
split_feature=35 20 19 2 25 53 47 60 1 1 41 58 7 41
split_gain=1.25019 1.1349 1.79048 1.39068 1.62189 1.43399 1.47237 2.06702 1.78288 2.84523 1.74049 1.99267 1.45316 1.29037
threshold=-0.48802035638419161 0.38546960658106338 -0.17725414966368466 0.46087564035835976 0.19270683754547199 0.46519043343100502 -0.30620352188759287 -0.17020258258610246 -0.34788211564320926 -0.29488320550922548 -0.090754806518596534 0.091407331550700757 0.13412631281738077 0.35104018574393142
decision_type=2 2 2 2 2 2 2 2 2 2 2 2 2 2
left_child=-1 3 -3 5 -5 6 7 10 -9 -10 11 -2 -7 -8
right_child=1 2 -4 4 -6 12 13 8 9 -11 -12 -13 -14 -15
leaf_value=-0.00049865472634040434 -0.00034694472022181623 0.000855419656754165 0.00010583033942116447 2.5547106832526242e-05 -0.00081210886400476592 6.5184702935445641e-05 5.717832888326091e-05 -0.00090185262015778111 0.00044568818959646393 -0.00029122352866462061 0.00073267192419881888 0.00038609810636575255 0.00086893213027608104 -0.00012714464245571413
leaf_weight=4307 7322 3080 39981 4223 4089 4968 211024 3438 5451 34569 3551 6116 3409 40779
leaf_count=4307 7322 3080 39981 4223 4089 4968 211024 3438 5451 34569 3551 6116 3409 40779
internal_value=8.93539e-06 1.48255e-05 0.000159632 -4.13522e-06 -0.00038701 5.80225e-06 -4.59537e-06 -0.000137543 -0.000247214 -0.000190765 0.000142978 -1.32779e-05 0.000392914 2.73237e-05
internal_weight=376307 372000 43061 328939 8312 320627 312250 60447 43458 40020 16989 13438 8377 251803
internal_count=376307 372000 43061 328939 8312 320627 312250 60447 43458 40020 16989 13438 8377 251803
is_linear=0
shrinkage=0.03


Tree=233
num_leaves=15
num_cat=0
split_feature=63 8 60 21 25 49 50 10 16 47 48 57 60 1
split_gain=1.28495 1.5008 1.7627 1.85431 1.46684 1.48487 1.78003 1.43991 1.61258 1.39958 1.84342 1.3914 1.40375 1.85638
threshold=-0.0080759060956842026 0.29262941300269668 0.46890737444277092 0.0548889681395845 -0.43308786800438331 -0.46815095235178827 -0.3716669732661797 -0.46386539226697415 -0.27491101950745117 -0.45246915062316134 -0.40077929457899003 -0.4763360330305233 0.30930881785450937 -0.081435627910382655
decision_type=2 2 2 2 2 2 2 2 2 2 2 2 2 2
left_child=1 2 3 7 -2 -6 -7 -1 -9 -5 -11 -8 -13 -14
right_child=4 -3 -4 9 5 6 11 8 -10 10 -12 12 13 -15
leaf_value=-0.00053790911581717794 -0.00038140694195789644 -0.00013134411296924283 -0.00049084164075479167 -0.00032724573071690288 -0.00058770022993431673 -0.00043675378650906134 -0.00059740754370034678 0.00022010256871542655 -6.6481498451355999e-05 0.00095877653263232447 0.0002215204794865185 -3.8243405629713601e-05 -9.5369498404095123e-05 0.00040821293369607822
leaf_weight=4123 12721 36532 4648 3852 4466 9353 3560 27641 48951 3224 54726 134860 11290 15799
leaf_count=4123 12721 36532 4648 3852 4466 9353 3560 27641 48951 3224 54726 134860 11290 15799
internal_value=-1.5985e-05 4.07386e-05 8.34622e-05 0.000102225 -7.02411e-05 -4.81479e-05 -3.43348e-05 7.53022e-06 3.6958e-05 0.000225879 0.000262695 -1.15689e-05 1.34525e-06 0.000198375
internal_weight=375746 183697 147165 142517 192049 179328 174862 80715 76592 61802 57950 165509 161949 27089
internal_count=375746 183697 147165 142517 192049 179328 174862 80715 76592 61802 57950 165509 161949 27089
is_linear=0
shrinkage=0.03


Tree=234
num_leaves=15
num_cat=0
split_feature=23 65 47 34 25 9 60 62 41 48 50 48 36 36
split_gain=1.09173 1.75536 2.01734 2.39083 2.37561 1.28991 1.30898 1.30578 1.7774 1.4717 2.19025 1.74015 1.35171 2.51879
threshold=-0.2300185959942381 0.44243008986648308 -0.070407798573324951 0.12597951142059358 0.055204119222761756 0.46495383186543499 -0.17804178552548577 -0.090392619280355233 -0.20092653196991317 0.067451056046606853 -0.20154843707185463 0.38926364084480347 -0.066425522578586235 -0.1058066039740601
decision_type=2 2 2 2 2 2 2 2 2 2 2 2 2 2
left_child=5 -2 4 -4 -3 6 -1 8 -8 10 -9 12 13 -11
right_child=1 2 3 -5 -6 -7 7 9 -10 11 -12 -13 -14 -15
leaf_value=0.00023943269006405557 -1.5695374733417753e-06 0.00054636228473826324 -0.0010568711214856688 -3.2537542880650831e-05 -0.00055438252145025187 0.0006672179148952609 8.0912782700359495e-05 -0.0004922033214504693 -0.00039531272185425106 0.00021108757457983691 0.00016278030889680764 -0.000162049633966545 0.00016212252745435678 0.0013206949808711088
leaf_weight=30135 259225 3858 5040 3454 3235 3417 14290 7033 13913 3754 13210 5263 6482 3612
leaf_count=30135 259225 3858 5040 3454 3235 3417 14290 7033 13913 3754 13210 5263 6482 3612
internal_value=1.08435e-05 -2.01673e-05 -0.000329265 -0.000640864 4.42571e-05 9.51239e-05 7.50474e-05 1.69586e-06 -0.000154074 0.000113339 -6.49105e-05 0.000302082 0.000478467 0.000756249
internal_weight=375921 274812 15587 8494 7093 101109 97692 67557 28203 39354 20243 19111 13848 7366
internal_count=375921 274812 15587 8494 7093 101109 97692 67557 28203 39354 20243 19111 13848 7366
is_linear=0
shrinkage=0.03


Tree=235
num_leaves=15
num_cat=0
split_feature=65 8 63 58 18 61 7 29 60 60 50 67 36 32
split_gain=1.39744 1.09707 1.98952 1.65851 1.91589 2.13317 1.52997 1.62178 1.53897 2.10651 1.98349 1.79595 2.28819 1.47095
threshold=-0.49182706340652921 -0.10167364342291592 0.37553285538955883 0.4690565945016521 -0.17679969822459862 0.28972464069606585 -0.33365394219422234 0.2972902132048974 0.21950274457326233 0.082351432106962899 -0.0082099414796430441 0.23855118766495345 -0.058522638522052771 -0.24780462618752577
decision_type=2 2 2 2 2 2 2 2 2 2 2 2 2 2
left_child=-1 2 3 4 13 6 -6 8 9 10 -8 12 -10 -2
right_child=1 -3 -4 -5 5 -7 7 -9 11 -11 -12 -13 -14 -15
leaf_value=0.00063599207877872838 8.9893036147553404e-05 -5.1750053123923274e-05 -0.00029862325850371738 0.00076985269893963936 -0.00018326783264915658 -0.00024407232476986892 0.00041417783152966316 0.00057502385295462037 0.00063818362559486396 -0.00038557768081037429 -2.2484671089949992e-05 0.0010920825851388712 -0.00033352511050333103 -0.0002519280892926791
leaf_weight=3029 21924 224769 13167 3122 7996 10638 18445 11794 5737 6672 19000 3217 3507 23430
leaf_count=3029 21924 224769 13167 3122 7996 10638 18445 11794 5737 6672 19000 3217 3507 23430
internal_value=-4.71973e-06 -9.93379e-06 5.32949e-05 8.75161e-05 7.13647e-05 0.000153765 0.000209208 0.000255128 0.000188354 0.000105146 0.000192664 0.000482622 0.000269574 -8.67093e-05
internal_weight=376447 373418 148649 135482 132360 87006 76368 68372 56578 44117 37445 12461 9244 45354
internal_count=376447 373418 148649 135482 132360 87006 76368 68372 56578 44117 37445 12461 9244 45354
is_linear=0
shrinkage=0.03


Tree=236
num_leaves=15
num_cat=0
split_feature=50 68 51 36 6 15 30 69 58 67 1 1 60 60
split_gain=1.20334 2.25983 1.74138 1.4242 1.34854 1.41673 1.17255 2.34447 4.47618 3.80151 1.91072 3.03622 1.46881 1.42655
threshold=-0.37557624059648204 0.24103317836045227 0.37042985238568726 0.3108333628579143 -0.23627236940009338 0.35856856334903492 -0.38952245478561259 0.11843182304267193 -0.42504267751438657 0.15224580062801504 -0.19896252012905211 -0.28888227560532825 0.48066040041397229 0.21950274457326233
decision_type=2 2 2 2 2 2 2 2 2 2 2 2 2 2
left_child=1 2 4 -4 -1 -6 7 9 -9 10 11 -2 -8 -12
right_child=6 -3 3 -5 5 -7 12 8 -10 -11 13 -13 -14 -15
leaf_value=0.00023533042890304468 0.00050341064941108018 -0.00049632598162657033 0.00028738384334697293 -0.00039127389969193692 -0.00062856918098105799 0.00011613036614146864 9.0853765250243655e-06 -0.0010356385792816077 0.00019546498171701368 0.001351533230969806 0.00025371654591043922 -0.00055102402116478293 -0.00054386497959448433 0.0010333727868183456
leaf_weight=3728 4470 12022 16010 3359 8244 3183 289652 3587 10174 3064 6145 5435 4379 3216
leaf_count=3728 4470 12022 16010 3359 8244 3183 289652 3587 10174 3064 6145 5435 4379 3216
internal_value=5.07314e-07 -0.000142277 -1.88815e-05 0.000169549 -0.00025966 -0.000421212 2.06431e-05 0.000181997 -0.000125959 0.000371748 0.000215306 -7.51433e-05 8.32078e-07 0.000522387
internal_weight=376668 46546 34524 19369 15155 11427 330122 36091 13761 22330 19266 9905 294031 9361
internal_count=376668 46546 34524 19369 15155 11427 330122 36091 13761 22330 19266 9905 294031 9361
is_linear=0
shrinkage=0.03


Tree=237
num_leaves=15
num_cat=0
split_feature=47 36 34 44 36 69 52 7 50 6 60 60 68 53
split_gain=1.13043 2.83443 1.45267 1.54513 2.15674 1.47684 1.26647 1.283 1.09515 1.88424 1.59443 1.19194 1.94953 2.1354
threshold=-0.38565634990007425 -0.14562966001539632 -0.16962067147364229 -0.22193355145225802 -0.027945603248189784 -0.25553078691612607 -0.4840484680926545 -0.48390563816095727 -0.3716669732661797 -0.24018909942295391 0.48066040041397229 0.22729589472708742 0.13730728226996883 0.062606241025191592
decision_type=2 2 2 2 2 2 2 2 2 2 2 2 2 2
left_child=1 -1 5 4 -4 -3 -2 -8 9 -9 11 -10 13 -13
right_child=6 2 3 -5 -6 -7 7 8 10 -11 -12 12 -14 -15
leaf_value=-0.00088543683953324389 0.00047620794888010007 -0.00074341956149158732 0.00049557569528703373 -0.0001744920812040578 -0.00034793314601073571 5.1815020614987193e-05 -0.00046916644151743484 0.00033232676100616729 1.1457811368927269e-05 -0.00023764085293561922 -0.00048092210023145671 -0.00021593118370175928 0.00035397158406205709 0.0002435889232600362
leaf_weight=4232 5269 4984 9979 15077 3745 3627 4988 6298 219703 30278 5286 17984 26709 18407
leaf_count=4232 5269 4984 9979 15077 3745 3627 4988 6298 219703 30278 5286 17984 26709 18407
internal_value=-3.11318e-06 -0.000150501 -6.71512e-05 3.50996e-05 0.000265314 -0.000408791 1.52168e-05 7.83437e-06 1.5177e-05 -0.000139434 3.48108e-05 4.44672e-05 0.00015938 1.65026e-05
internal_weight=376566 41644 37412 28801 13724 8611 334922 329653 324665 36576 288089 282803 63100 36391
internal_count=376566 41644 37412 28801 13724 8611 334922 329653 324665 36576 288089 282803 63100 36391
is_linear=0
shrinkage=0.03


Tree=238
num_leaves=15
num_cat=0
split_feature=49 9 53 36 36 36 36 2 36 43 58 43 29 36
split_gain=1.08161 1.96306 1.96913 1.94651 1.61147 1.58856 3.6313 2.86995 3.25699 3.81053 2.4843 2.69901 2.33001 3.35611
threshold=-0.18606652592849196 0.10948136428730622 0.3170419845216374 -0.12482401406701597 0.43802805708164894 0.32972172260778859 -0.015108607923641075 0.066753203305342748 0.29488841075409922 0.12543985083004441 -0.35832106539177239 -0.28129795624547632 0.21468847069745559 -0.050546709288082935
decision_type=2 2 2 2 2 2 2 2 2 2 2 2 2 2
left_child=1 2 3 -1 5 6 12 8 9 -8 -7 -12 -2 -14
right_child=4 -3 -4 -5 -6 10 7 -9 -10 -11 11 -13 13 -15
leaf_value=-0.00092517772388111706 2.3142688215760365e-06 3.1255877244341748e-05 -2.1074820530795648e-05 -0.00027019398068912339 -0.00045691003311451052 -0.00033991527028359969 -0.00042071366333453137 4.3979330918797336e-05 1.9493353905193574e-05 -0.0019041655670578592 -0.00049743622316272547 0.00042650858210440177 0.00013987943447117131 0.0009274640022234286
leaf_weight=5028 164126 66730 24404 21646 5876 5858 3163 7082 3228 3076 3158 28065 28865 5849
leaf_count=5028 164126 66730 24404 21646 5876 5858 3163 7082 3228 3076 3158 28065 28865 5849
internal_value=-5.57703e-07 -7.58871e-05 -0.000215841 -0.000393958 3.37948e-05 4.52331e-05 1.40053e-05 -0.000412836 -0.000754253 -0.00115397 0.000226571 0.000332928 4.95493e-05 0.000272809
internal_weight=376154 117808 51078 26674 258346 252470 215389 16549 9467 6239 37081 31223 198840 34714
internal_count=376154 117808 51078 26674 258346 252470 215389 16549 9467 6239 37081 31223 198840 34714
is_linear=0
shrinkage=0.03


Tree=239
num_leaves=15
num_cat=0
split_feature=58 34 62 60 61 34 22 46 38 16 64 43 38 36
split_gain=1.11458 1.64019 1.31173 1.49957 2.42326 2.42521 2.36903 2.33064 2.23497 1.97829 1.85827 2.19941 1.83454 2.52031
threshold=0.48069522705695233 -0.16177302185919545 -0.36632359887035543 0.23881715708435994 -0.24215134186454659 -0.3417142074127088 -0.21925300543862544 0.31696699134199141 -0.050118299067878895 0.35377983306458094 0.18574518453117136 -0.1541632680804785 -0.056745105376486325 -0.089864966523734283
decision_type=2 2 2 2 2 2 2 2 2 2 2 2 2 2
left_child=2 -2 -1 9 8 -6 7 -7 -5 -4 11 -8 13 -11
right_child=1 -3 3 4 5 6 10 -9 -10 12 -12 -13 -14 -15
leaf_value=-0.00015039554628597574 0.00085907791849356937 -5.0948456651873556e-05 1.2658603836012314e-05 0.00022132150872206688 -0.00017266231123831417 0.00023778369830617263 0.00016075959933356418 -0.00058650282178002123 -0.00039013834805905445 -0.0013098394098869932 0.00018840765456161788 0.00090313764499458014 -0.00010793139243671875 -0.00020445040347237715
leaf_weight=47846 3334 3815 211765 9205 10737 14481 5046 3913 12920 3085 10730 12495 21516 4650
leaf_count=47846 3334 3815 211765 9205 10737 14481 5046 3913 12920 3085 10730 12495 21516 4650
internal_value=3.31675e-06 0.000374058 -3.88785e-06 1.79847e-05 0.000130936 0.000233737 0.000327261 6.22078e-05 -0.000135758 -1.92894e-05 0.00049963 0.000689792 -0.000250505 -0.000646442
internal_weight=375538 7149 368389 320543 79527 57402 46665 18394 22125 241016 28271 17541 29251 7735
internal_count=375538 7149 368389 320543 79527 57402 46665 18394 22125 241016 28271 17541 29251 7735
is_linear=0
shrinkage=0.03


Tree=240
num_leaves=15
num_cat=0
split_feature=51 65 1 25 47 1 1 33 1 36 30 47 46 58
split_gain=1.4117 1.69679 1.58381 1.73042 1.55302 2.10669 3.61807 3.7142 2.73533 2.97923 1.59417 2.37011 1.90452 1.78376
threshold=0.37824928713326222 0.35620007766201062 -0.32973009374939405 -0.37025238395583665 -0.10927362690071273 -0.34788211564320926 -0.31269413343809332 -0.030940540128332219 -0.28057577016502538 -0.0700170556871927 0.29097072019587705 0.41438614885497538 -0.41575550020755497 0.4060391505383642
decision_type=2 2 2 2 2 2 2 2 2 2 2 2 2 2
left_child=4 2 -2 -4 5 -1 7 -7 9 -8 13 12 -12 -6
right_child=1 -3 3 -5 10 6 8 -9 -10 -11 11 -13 -14 -15
leaf_value=-0.00063653799567709498 0.00071856386158762218 0.00061556818823464644 -0.00066166461638880411 7.7066415896642561e-05 3.7817600675815268e-05 -0.00031773827260546134 -0.001103239955324257 0.0010089656988719708 -9.2662635888004444e-05 3.1194565165875569e-06 0.0001683987193094207 0.0001562938450653097 -0.00038270769059828568 0.00050752344997907067
leaf_weight=6755 3108 5868 3109 33553 145782 3009 5207 5121 100951 3776 7057 17376 28070 7649
leaf_count=6755 3108 5868 3109 33553 145782 3009 5207 5121 100951 3776 7057 17376 28070 7649
internal_value=-1.65895e-05 0.000139801 6.94653e-05 1.42574e-05 -3.81722e-05 -0.000121667 -9.21571e-05 0.000518151 -0.000137335 -0.000638696 1.24383e-05 -0.000130235 -0.000271974 6.12654e-05
internal_weight=376391 45638 39770 36662 330753 124819 118064 8130 109934 8983 205934 52503 35127 153431
internal_count=376391 45638 39770 36662 330753 124819 118064 8130 109934 8983 205934 52503 35127 153431
is_linear=0
shrinkage=0.03


Tree=241
num_leaves=15
num_cat=0
split_feature=30 8 61 29 3 1 62 50 65 53 68 57 28 39
split_gain=1.2702 1.20337 2.49179 1.6377 1.35632 1.27475 1.57664 2.08836 1.35409 1.84105 1.31274 2.04354 1.2683 1.25931
threshold=-0.49180775288138018 -0.11368992812866867 0.39501299125981854 0.2537077797030371 0.35167335077912498 -0.33683937891312182 -0.27094783330816846 0.28484534015488511 0.023698712448675222 -0.23003385286759298 -0.22248431178189121 0.063356124710920017 0.3187083748773808 0.06353583488847421
decision_type=2 2 2 2 2 2 2 2 2 2 2 2 2 2
left_child=-1 2 3 5 -3 -2 7 13 10 -10 -8 -12 -11 -7
right_child=1 4 -4 -5 -6 6 8 -9 9 12 11 -13 -14 -15
leaf_value=0.00060868988128084988 0.00051407948782428701 -8.6524146874067176e-05 -0.00045145354260481139 0.00030047397947653286 9.5165197502664628e-05 0.00013670436184128745 0.00056585440723244749 -0.00097560305778714434 0.00011432870781580208 -0.00010983881680451229 -0.00012696867005387107 0.0003739660151667583 -0.00063418654514004987 -0.00052531043680613388
leaf_weight=3029 4855 183003 8058 26967 46333 7595 7249 3005 31410 16142 15155 14177 5582 3909
leaf_count=3029 4855 183003 8058 26967 46333 7595 7249 3005 31410 16142 15155 14177 5582 3909
internal_value=-2.15604e-06 -7.12682e-06 6.0808e-05 9.11802e-05 -4.98147e-05 3.94149e-05 1.72567e-05 -0.00027278 6.41876e-05 -3.25207e-05 0.000204627 0.000115192 -0.0002448 -8.85057e-05
internal_weight=376469 373440 144104 136046 229336 109079 104224 14509 89715 53134 36581 29332 21724 11504
internal_count=376469 373440 144104 136046 229336 109079 104224 14509 89715 53134 36581 29332 21724 11504
is_linear=0
shrinkage=0.03


Tree=242
num_leaves=15
num_cat=0
split_feature=52 60 58 36 4 53 0 8 64 22 66 1 1 38
split_gain=1.13439 1.87278 1.67436 1.50859 1.34146 1.46324 1.53817 1.27322 1.20746 1.19773 1.90828 1.41526 3.83687 2.14148
threshold=-0.38529565110715819 -0.30508068705760105 -0.23966019264715571 -0.14432255261510149 0.3444226658098819 0.42246567303326243 0.063868824106418323 0.18975639124899799 -0.08640525420625482 -0.22698957272824474 0.47709511747547689 -0.20904280904280903 -0.08877264315003143 -0.02294631176225528
decision_type=2 2 2 2 2 2 2 2 2 2 2 2 2 2
left_child=1 -1 7 -4 5 8 -7 -3 -5 11 -11 -2 13 -13
right_child=9 2 3 4 -6 6 -8 -9 -10 10 -12 12 -14 -15
leaf_value=-0.00054367454088074467 5.7087881202289453e-05 -0.000391346171006642 0.00090983790012716089 4.2568772394269024e-05 0.00080099513724820866 0.00024089543238567802 -0.000452565737599942 0.00022086693984620245 0.00073274377742637859 1.7264896053926167e-05 -0.0006295985724391488 -0.00020970415825349894 -5.80017201901971e-05 -0.000907927248491238
leaf_weight=3353 26809 6380 3442 4056 3292 6319 5271 5853 5208 243015 4165 7059 43043 8998
leaf_count=3353 26809 6380 3442 4056 3292 6319 5271 5853 5208 243015 4165 7059 43043 8998
internal_value=-8.44389e-06 0.000136224 0.000193594 0.000323096 0.000239115 0.000150075 -7.46011e-05 -9.84856e-05 0.00043094 -2.71988e-05 6.34017e-06 -0.000123688 -0.000205687 -0.000601295
internal_weight=376263 43174 39821 27588 24146 20854 11590 12233 9264 333089 247180 85909 59100 16057
internal_count=376263 43174 39821 27588 24146 20854 11590 12233 9264 333089 247180 85909 59100 16057
is_linear=0
shrinkage=0.03


Tree=243
num_leaves=15
num_cat=0
split_feature=52 9 53 6 9 48 47 7 11 7 9 53 39 29
split_gain=1.34232 2.65093 1.82522 2.10486 1.65401 3.71513 1.37766 1.09487 2.01778 1.73355 1.60111 2.34071 1.74661 1.70498
threshold=-0.38529565110715819 0.066471032770569496 0.3170419845216374 -0.20831066603587306 -0.41661955853099303 -0.19617718305845236 1.0000000180025095e-35 -0.23045395107479361 -0.39778286153258285 -0.067466487029530578 -0.17431186171470942 0.058607001452957504 -0.39259190223114993 -0.067046916935585885
decision_type=2 2 2 2 2 2 2 2 2 2 2 2 2 2
left_child=1 2 -1 -4 5 -2 -7 8 -6 -9 12 -12 -11 -14
right_child=4 -3 3 -5 7 6 -8 9 -10 10 11 -13 13 -15
leaf_value=0.00076253238034207078 0.0002588880357476991 0.00092513684807665818 0.00034089910664264483 -0.00014433472016574275 -0.00086487195664360788 -0.0010154392964901832 -0.00029186969047467829 0.00017748367517967219 -7.9433212017410176e-05 -0.00084079375379135935 -5.8575409544359303e-05 0.0001928655711552357 -0.00037023738644522466 4.28680775645058e-05
leaf_weight=3224 5973 3639 12101 23959 3058 5321 4281 49624 72765 3383 102373 49388 15420 21545
leaf_count=3224 5973 3639 12101 23959 3058 5321 4281 49624 72765 3383 102373 49388 15420 21545
internal_value=-6.22854e-06 0.000151653 7.97857e-05 1.85492e-05 -2.65751e-05 -0.000328315 -0.000693479 -1.17659e-05 -0.00011122 1.94327e-05 -2.14008e-05 2.3259e-05 -0.000189344 -0.000129513
internal_weight=376054 42923 39284 36060 333131 15575 9602 317556 75823 241733 192109 151761 40348 36965
internal_count=376054 42923 39284 36060 333131 15575 9602 317556 75823 241733 192109 151761 40348 36965
is_linear=0
shrinkage=0.03


Tree=244
num_leaves=15
num_cat=0
split_feature=62 61 28 62 36 1 1 60 60 23 47 1 1 58
split_gain=1.13784 1.50803 1.03944 1.57083 1.76592 2.08253 1.01042 1.63 0.948231 1.03138 1.24982 1.77418 1.94451 1.18733
threshold=0.47271299268944705 -0.063899160286365733 -0.42100217875525064 -0.23133604528280033 -0.025771724380091784 -0.2014751469623321 -0.27105759239335331 0.10574610000496111 0.48453883014969346 -0.11946429482925831 -0.35381417628303208 -0.33683937891312182 -0.2613544573677003 0.2046426565296339
decision_type=2 2 2 2 2 2 2 2 2 2 2 2 2 2
left_child=2 -2 3 4 5 6 7 -1 9 10 -4 -12 13 -13
right_child=1 -3 8 -5 -6 -7 -8 -9 -10 -11 11 12 -14 -15
leaf_value=-0.00019194698928542587 -0.00067692649651587302 4.8232476497033842e-05 -0.0001692760517571774 0.00062355935322713166 -0.00036022779572910226 -0.00021071964771723323 0.00081436684564649832 0.00074639355479810159 -0.00040160696681530744 -3.3448153041355497e-05 0.00070885429520641354 -0.00046688627010105802 0.00013633811967559125 0.00013538460801370078
leaf_weight=3638 4992 5330 16298 5920 6134 6201 4611 3059 5162 206436 4300 8416 91699 4524
leaf_count=3638 4992 5330 16298 5920 6134 6201 4611 3059 5162 206436 4300 8416 91699 4524
internal_value=7.68841e-06 -0.00030279 1.64431e-05 0.000186972 7.74375e-05 0.000230885 0.000473021 0.000237134 1.47113e-06 7.75636e-06 7.56736e-05 0.000112332 8.77532e-05 -0.000256382
internal_weight=376720 10322 366398 29563 23643 17509 11308 6697 336835 331673 125237 108939 104639 12940
internal_count=376720 10322 366398 29563 23643 17509 11308 6697 336835 331673 125237 108939 104639 12940
is_linear=0
shrinkage=0.03


Tree=245
num_leaves=15
num_cat=0
split_feature=34 24 55 50 55 52 10 58 58 9 52 43 45 58
split_gain=1.10483 1.71024 1.65217 2.20611 1.50101 1.38951 1.60078 1.26308 1.19634 1.87235 1.99209 1.44691 1.03888 2.36906
threshold=0.27244397545119103 0.48449834904191036 0.0078626759718924983 0.24975049875348979 0.47261506245833701 -0.229513134505234 0.44148187837498065 -0.37445617052112989 0.38668461743028654 -0.18624328679722593 0.10214791630623406 -0.46777906820020504 -1.0000000180025095e-35 -0.35832106539177239
decision_type=2 2 2 2 2 2 2 2 2 2 2 2 2 2
left_child=1 8 7 4 -4 -5 -7 -2 11 -10 -11 -1 -13 -14
right_child=2 -3 3 5 -6 6 -8 -9 9 10 -12 12 13 -15
leaf_value=-0.00062654661870916242 0.0007854382583234598 0.00061348833741975179 7.6132534417917142e-05 0.00018600700651271812 0.0007560453046767632 -0.00020855449596092414 -0.00096486323737109082 0.00021273576310313028 -0.00041010059485234495 0.00046199525246175391 -5.2248355921222682e-05 2.6220673439020145e-05 -0.00040098075229509753 -4.4330797547860935e-05
leaf_weight=3824 4100 3798 39047 4003 3149 7462 3798 22220 4658 15663 11945 116896 19578 116223
leaf_count=3824 4100 3798 39047 4003 3149 7462 3798 22220 4658 15663 11945 116896 19578 116223
internal_value=9.37139e-06 -1.81339e-05 0.00010542 1.52392e-05 0.00012704 -0.000293726 -0.000464287 0.000302213 -2.64617e-05 0.000145677 0.000239562 -4.81187e-05 -3.9341e-05 -9.57736e-05
internal_weight=376364 292585 83779 57459 42196 15263 11260 26320 288787 32266 27608 256521 252697 135801
internal_count=376364 292585 83779 57459 42196 15263 11260 26320 288787 32266 27608 256521 252697 135801
is_linear=0
shrinkage=0.03


Tree=246
num_leaves=15
num_cat=0
split_feature=44 49 64 20 49 41 42 62 47 16 42 29 49 62
split_gain=1.23809 1.52033 2.15896 1.65996 1.51011 1.38225 2.09412 1.87503 2.19237 1.81347 1.59262 1.30812 1.34763 1.57585
threshold=-0.46426591725908944 -0.2336156191688441 -0.45631354523675788 0.38957921937058365 -0.46815095235178827 -0.29852439220400306 0.355984235986604 -0.45651111394449401 0.055160131081102522 -0.30613388214160503 0.011839249746504967 -0.25730287021974813 -0.31700654013517998 -0.18011529771398191
decision_type=2 2 2 2 2 2 2 2 2 2 2 2 2 2
left_child=4 5 -3 -4 -1 6 9 -7 -9 -2 -10 -12 13 -13
right_child=1 2 3 -5 -6 7 -8 8 10 -11 11 12 -14 -15
leaf_value=-0.00028622009608957137 -0.00076218525779478505 -0.00070553878593763671 -3.2998516504359603e-06 0.00028560970091459973 0.00044918914742052285 -0.00087732267049219826 0.0006265245559950041 -0.00044924775212328298 0.00024503163709352138 1.2028606061775714e-05 -0.00076216811264343952 -0.00068124165715202764 0.00022751256236538223 -1.0880580857106591e-05
leaf_weight=3340 3060 3761 251468 19260 10069 3689 4441 17868 11675 24080 3048 5250 7371 7891
leaf_count=3340 3060 3761 251468 19260 10069 3689 4441 17868 11675 24080 3048 5250 7371 7891
internal_value=-1.7046e-05 -2.751e-05 7.33435e-06 1.72634e-05 0.000265932 -0.000135726 2.33776e-05 -0.000224189 -0.00017866 -7.55116e-05 -4.13546e-05 -0.000183315 -9.69705e-05 -0.000279013
internal_weight=376271 362862 274489 270728 13409 88373 31581 56792 53103 27140 35235 23560 20512 13141
internal_count=376271 362862 274489 270728 13409 88373 31581 56792 53103 27140 35235 23560 20512 13141
is_linear=0
shrinkage=0.03


Tree=247
num_leaves=15
num_cat=0
split_feature=60 36 47 36 43 1 36 36 56 55 36 36 36 57
split_gain=0.957717 2.10814 3.95908 3.80922 7.64863 5.37045 3.05158 3.42602 2.80157 1.73953 1.69249 2.89532 2.26671 1.88364
threshold=0.21950274457326233 -0.064673457585796498 0.45712434180990347 -0.050546709288082935 -0.12280493395007706 0.20521316880763887 -0.073361152540708394 -0.080770505616507407 -0.35456663017084378 -0.13469477160525029 -0.09091889294508694 -0.098324087002620811 -0.1058066039740601 0.14181020989808926
decision_type=2 2 2 2 2 2 2 2 2 2 2 2 2 2
left_child=-1 6 3 4 -3 -5 7 10 -7 -8 11 12 13 -2
right_child=1 2 -4 5 -6 8 9 -9 -10 -11 -12 -13 -14 -15
leaf_value=-3.4406548749705827e-05 0.00039010465978631792 0.00026697546156640052 0.00085614916522527135 -0.00026383204146989905 -0.0014303503396247423 0.0012811359397103975 0.00014265651637699635 -0.00063180750359051398 0.00023662702976709701 0.0010178068274264256 0.00078468613723625647 -0.00048714790064056381 0.00085934331072688784 -0.00012394781281980686
leaf_weight=273498 13028 4295 3816 23577 5368 3185 3168 5076 8377 5771 3937 5737 4607 12623
leaf_count=273498 13028 4295 3816 23577 5368 3185 3168 5076 8377 5771 3937 5737 4607 12623
internal_value=-5.08873e-06 7.30854e-05 -7.01788e-05 -0.000149252 -0.000676429 -4.13059e-06 0.000202187 0.000101561 0.000525218 0.000708158 0.000194919 0.000130212 0.000247388 0.000137187
internal_weight=376063 102565 48618 44802 9663 35139 53947 45008 11562 8939 39932 35995 30258 25651
internal_count=376063 102565 48618 44802 9663 35139 53947 45008 11562 8939 39932 35995 30258 25651
is_linear=0
shrinkage=0.03


Tree=248
num_leaves=15
num_cat=0
split_feature=65 34 36 57 36 53 57 32 52 24 36 49 36 57
split_gain=1.11706 0.925853 3.45862 3.65415 2.94898 2.08217 3.38502 3.46465 2.28552 1.40908 1.62613 2.5868 2.41444 2.59479
threshold=-0.49182706340652921 0.23311406016734101 -0.085008674281173216 -0.4250744930478087 -0.20313443362101813 -0.34963083269675765 -0.14943629199454353 0.39816167164194571 -0.26921171943460198 0.46475874544954687 -0.085008674281173216 -0.074964289769231349 -0.20313443362101813 -0.39027425828477041
decision_type=2 2 2 2 2 2 2 2 2 2 2 2 2 2
left_child=-1 9 4 -4 -3 -6 7 -7 -8 10 11 -2 -13 -14
right_child=1 2 3 -5 5 6 8 -9 -10 -11 -12 12 13 -15
leaf_value=0.00057645998610248469 -0.00016081160904176243 0.00075310915250343606 0.0011349899965345132 0.0001723531501468981 0.00038077527568230026 -0.00034822777694540959 0.00035488710211779677 -0.0015747135882316261 -0.00026017979884440846 0.00034747636687999925 -9.9082930828778894e-05 -0.00061280090555663851 -0.0002447230475980547 0.00029697790144006151
leaf_weight=3001 32855 3257 3824 47846 5170 6285 7444 3089 20090 8538 171724 3370 9444 50358
leaf_count=3001 32855 3257 3824 47846 5170 6285 7444 3089 20090 8538 171724 3370 9444 50358
internal_value=9.41689e-07 -3.70036e-06 7.60304e-05 0.000243802 -0.000115197 -0.00018257 -0.000261564 -0.000753637 -9.38239e-05 -3.16956e-05 -4.3799e-05 5.50645e-05 0.000167347 0.000211405
internal_weight=376295 373294 97005 51670 45335 42078 36908 9374 27534 276289 267751 96027 63172 59802
internal_count=376295 373294 97005 51670 45335 42078 36908 9374 27534 276289 267751 96027 63172 59802
is_linear=0
shrinkage=0.03


Tree=249
num_leaves=15
num_cat=0
split_feature=1 42 48 25 43 42 61 5 1 36 42 50 51 59
split_gain=1.0942 3.07373 1.74584 1.7785 1.26787 2.0154 2.74423 1.6 1.57068 2.85819 1.59919 1.30631 1.27344 2.50339
threshold=-0.30681415314447774 -0.39596016036287446 -0.41274483881336771 -0.1614108852402672 0.10985789416528337 -0.1785899585922717 0.082093124611504489 -0.43277073541280914 -0.28244864078667087 -0.13567844522417394 -0.19467531530984433 -0.37557624059648204 0.15224496753728026 -0.29091745164706534
decision_type=2 2 2 2 2 2 2 2 2 2 2 2 2 2
left_child=1 -1 -3 -4 7 6 -6 -2 9 -9 -11 -7 -13 -14
right_child=4 2 3 -5 5 11 -8 8 -10 10 -12 12 13 -15
leaf_value=0.00093622358804723756 -0.0004216348413713735 0.0005820008013575058 0.00033060249796432975 -0.00020529809663919399 0.00091711188868408657 -0.00035960126543583615 -5.6647156977522183e-05 -0.0011581231828175535 -1.8628330983238201e-05 -0.00059969811353424946 0.00025352971278436902 -1.0849784666930492e-05 0.00072513704021234717 7.5234170580908805e-05
leaf_weight=4088 10387 4868 8120 17715 5530 7437 4914 3095 184168 3295 4911 85118 6720 25735
leaf_count=4088 10387 4868 8120 17715 5530 7437 4914 3095 184168 3295 4911 85118 6720 25735
internal_value=4.24579e-06 0.000164493 6.14687e-05 -3.68006e-05 -1.20932e-05 5.91845e-05 0.000459333 -5.89948e-05 -3.97039e-05 -0.000382845 -8.93844e-05 2.57199e-05 5.01217e-05 0.000209982
internal_weight=376101 34791 30703 25835 341310 135454 10444 205856 195469 11301 8206 125010 117573 32455
internal_count=376101 34791 30703 25835 341310 135454 10444 205856 195469 11301 8206 125010 117573 32455
is_linear=0
shrinkage=0.03


end of trees

feature_importances:
Column_36=354
Column_65=188
Column_1=181
Column_53=140
Column_52=132
Column_9=131
Column_60=117
Column_58=115
Column_66=113
Column_57=99
Column_42=97
Column_59=94
Column_47=93
Column_22=75
Column_63=74
Column_41=73
Column_43=61
Column_18=60
Column_49=59
Column_33=53
Column_28=52
Column_30=52
Column_21=51
Column_34=51
Column_51=50
Column_19=48
Column_29=43
Column_45=43
Column_48=41
Column_7=40
Column_56=39
Column_50=38
Column_62=36
Column_24=34
Column_46=34
Column_55=34
Column_69=34
Column_61=32
Column_64=32
Column_23=30
Column_10=29
Column_16=28
Column_8=22
Column_38=22
Column_20=21
Column_35=19
Column_44=18
Column_32=17
Column_25=15
Column_40=15
Column_68=15
Column_0=14
Column_31=13
Column_4=12
Column_6=12
Column_17=12
Column_67=12
Column_15=11
Column_3=10
Column_12=10
Column_11=9
Column_2=8
Column_5=8
Column_14=7
Column_39=5
Column_54=4
Column_26=3
Column_37=3
Column_27=2
Column_13=1

parameters:
[boosting: gbdt]
[objective: regression]
[metric: l2]
[tree_learner: serial]
[device_type: cpu]
[data_sample_strategy: bagging]
[data: ]
[valid: ]
[num_iterations: 250]
[learning_rate: 0.03]
[num_leaves: 15]
[num_threads: 4]
[seed: 0]
[deterministic: 0]
[force_col_wise: 0]
[force_row_wise: 0]
[histogram_pool_size: -1]
[max_depth: -1]
[min_data_in_leaf: 3000]
[min_sum_hessian_in_leaf: 0.001]
[bagging_fraction: 0.7]
[pos_bagging_fraction: 1]
[neg_bagging_fraction: 1]
[bagging_freq: 1]
[bagging_seed: 3]
[bagging_by_query: 0]
[feature_fraction: 0.6]
[feature_fraction_bynode: 1]
[feature_fraction_seed: 2]
[extra_trees: 0]
[extra_seed: 6]
[early_stopping_round: 0]
[early_stopping_min_delta: 0]
[first_metric_only: 0]
[max_delta_step: 0]
[lambda_l1: 0]
[lambda_l2: 10]
[linear_lambda: 0]
[min_gain_to_split: 0]
[drop_rate: 0.1]
[max_drop: 50]
[skip_drop: 0.5]
[xgboost_dart_mode: 0]
[uniform_drop: 0]
[drop_seed: 4]
[top_rate: 0.2]
[other_rate: 0.1]
[min_data_per_group: 100]
[max_cat_threshold: 32]
[cat_l2: 10]
[cat_smooth: 10]
[max_cat_to_onehot: 4]
[top_k: 20]
[monotone_constraints: ]
[monotone_constraints_method: basic]
[monotone_penalty: 0]
[feature_contri: ]
[forcedsplits_filename: ]
[refit_decay_rate: 0.9]
[cegb_tradeoff: 1]
[cegb_penalty_split: 0]
[cegb_penalty_feature_lazy: ]
[cegb_penalty_feature_coupled: ]
[path_smooth: 0]
[interaction_constraints: ]
[verbosity: -1]
[saved_feature_importance_type: 0]
[use_quantized_grad: 0]
[num_grad_quant_bins: 4]
[quant_train_renew_leaf: 0]
[stochastic_rounding: 1]
[linear_tree: 0]
[max_bin: 255]
[max_bin_by_feature: ]
[min_data_in_bin: 3]
[bin_construct_sample_cnt: 200000]
[data_random_seed: 1]
[is_enable_sparse: 1]
[enable_bundle: 1]
[use_missing: 1]
[zero_as_missing: 0]
[feature_pre_filter: 1]
[pre_partition: 0]
[two_round: 0]
[header: 0]
[label_column: ]
[weight_column: ]
[group_column: ]
[ignore_column: ]
[categorical_feature: ]
[forcedbins_filename: ]
[precise_float_parser: 0]
[parser_config_file: ]
[objective_seed: 5]
[num_class: 1]
[is_unbalance: 0]
[scale_pos_weight: 1]
[sigmoid: 1]
[boost_from_average: 1]
[reg_sqrt: 0]
[alpha: 0.9]
[fair_c: 1]
[poisson_max_delta_step: 0.7]
[tweedie_variance_power: 1.5]
[lambdarank_truncation_level: 30]
[lambdarank_norm: 1]
[label_gain: ]
[lambdarank_position_bias_regularization: 0]
[eval_at: ]
[multi_error_top_k: 1]
[auc_mu_weights: ]
[num_machines: 1]
[local_listen_port: 12400]
[time_out: 120]
[machine_list_filename: ]
[machines: ]
[gpu_platform_id: -1]
[gpu_device_id: -1]
[gpu_device_id_list: ]
[gpu_use_dp: 0]
[num_gpu: 1]

end of parameters

pandas_categorical:null
